method,auroc,auarc,prr,is_blackbox,language,accuracy
heat_t=0.1_kernel_entropy_s,0.5961317001675043,0.7293881168444718,0.7297538796198912,True,fr,0.6745762711864407
heat_t=0.1_kernel_entropy,0.5961317001675043,0.7293881168444718,0.7297538796198912,True,fr,0.6745762711864407
heatn_t=0.1_kernel_entropy_s,0.45741729480737015,0.63020950451759,0.6292165507246261,True,fr,0.6745762711864407
heatn_t=0.1_kernel_entropy,0.45741729480737015,0.63020950451759,0.6292165507246261,True,fr,0.6745762711864407
heat_t=0.2_kernel_entropy_s,0.5996126465661641,0.7306150533425366,0.730976657011183,True,fr,0.6745762711864407
heat_t=0.2_kernel_entropy,0.5996126465661641,0.7306150533425366,0.730976657011183,True,fr,0.6745762711864407
heatn_t=0.2_kernel_entropy_s,0.4594064070351759,0.6322745617137729,0.6312746077269237,True,fr,0.6745762711864407
heatn_t=0.2_kernel_entropy,0.4594064070351759,0.6322745617137729,0.6312746077269237,True,fr,0.6745762711864407
heat_t=0.3_kernel_entropy_s,0.5997958542713568,0.7299800142187467,0.730343770562389,True,fr,0.6745762711864407
heat_t=0.3_kernel_entropy,0.5997696817420435,0.7298009952427352,0.730165358430364,True,fr,0.6745762711864407
heatn_t=0.3_kernel_entropy_s,0.4595110971524288,0.6315494423461672,0.6305519463910724,True,fr,0.6745762711864407
heatn_t=0.3_kernel_entropy,0.4595110971524288,0.6315494423461672,0.6305519463910724,True,fr,0.6745762711864407
heat_t=0.4_kernel_entropy_s,0.6006333752093802,0.728498502344087,0.7288672807618807,True,fr,0.6745762711864407
heat_t=0.4_kernel_entropy,0.6006333752093802,0.728498502344087,0.7288672807618807,True,fr,0.6745762711864407
heatn_t=0.4_kernel_entropy_s,0.4613170016750419,0.6330721617503601,0.6320695040345733,True,fr,0.6745762711864407
heatn_t=0.4_kernel_entropy,0.4613170016750419,0.6330721617503601,0.6320695040345733,True,fr,0.6745762711864407
heat_t=0.5_kernel_entropy_s,0.6003716499162479,0.7299026322031894,0.7302666508587488,True,fr,0.6745762711864407
heat_t=0.5_kernel_entropy,0.6003716499162478,0.7299026322031894,0.7302666508587488,True,fr,0.6745762711864407
heatn_t=0.5_kernel_entropy_s,0.46327994137353434,0.6345127354612466,0.6335051944447448,True,fr,0.6745762711864407
heatn_t=0.5_kernel_entropy,0.46327994137353434,0.6345127354612466,0.6335051944447448,True,fr,0.6745762711864407
heat_t=0.6_kernel_entropy_s,0.6016279313232832,0.7300988975893146,0.7304622509384805,True,fr,0.6745762711864407
heat_t=0.6_kernel_entropy,0.6016279313232832,0.7300988975893146,0.7304622509384805,True,fr,0.6745762711864407
heatn_t=0.6_kernel_entropy_s,0.4670749581239531,0.6388402111753648,0.6378180007496627,True,fr,0.6745762711864407
heatn_t=0.6_kernel_entropy,0.4670749581239531,0.6388402111753648,0.6378180007496627,True,fr,0.6745762711864407
heat_t=0.7_kernel_entropy_s,0.5985657453936348,0.724103180554742,0.7244868583684319,True,fr,0.6745762711864407
heat_t=0.7_kernel_entropy,0.5985395728643216,0.724103180554742,0.7244868583684319,True,fr,0.6745762711864407
heatn_t=0.7_kernel_entropy_s,0.4694828308207705,0.6428071641589772,0.6417715064350255,True,fr,0.6745762711864407
heatn_t=0.7_kernel_entropy,0.4694828308207705,0.6428071641589772,0.6417715064350255,True,fr,0.6745762711864407
matern_kappa=1.0_nu=1.0_kernel_entropy_s,0.62240891959799,0.7355553921645777,0.7342053336677257,True,fr,0.6745762711864407
matern_kappa=1.0_nu=1.0_kernel_entropy,0.62240891959799,0.7355553921645777,0.7342053336677257,True,fr,0.6745762711864407
maternn_kappa=1.0_nu=1.0_kernel_entropy_s,0.46961369346733667,0.6414957891604476,0.6404645767754739,True,fr,0.6745762711864407
maternn_kappa=1.0_nu=1.0_kernel_entropy,0.46961369346733667,0.6414957891604476,0.6404645767754739,True,fr,0.6745762711864407
matern_kappa=1.0_nu=2.0_kernel_entropy_s,0.6140075376884422,0.7362783622608429,0.7349258530179017,True,fr,0.6745762711864407
matern_kappa=1.0_nu=2.0_kernel_entropy,0.6138505025125628,0.7351750136578622,0.7338262445796769,True,fr,0.6745762711864407
maternn_kappa=1.0_nu=2.0_kernel_entropy_s,0.4672581658291457,0.6388631303804533,0.6378408422625303,True,fr,0.6745762711864407
maternn_kappa=1.0_nu=2.0_kernel_entropy,0.4672581658291457,0.6388631303804533,0.6378408422625303,True,fr,0.6745762711864407
matern_kappa=1.0_nu=3.0_kernel_entropy_s,0.6094011725293131,0.7316263006710443,0.7302895611284076,True,fr,0.6745762711864407
matern_kappa=1.0_nu=3.0_kernel_entropy,0.609375,0.7316263006710443,0.7302895611284076,True,fr,0.6745762711864407
maternn_kappa=1.0_nu=3.0_kernel_entropy_s,0.4672058207705193,0.6386343022206911,0.6376127897914455,True,fr,0.6745762711864407
maternn_kappa=1.0_nu=3.0_kernel_entropy,0.4672058207705193,0.6386343022206911,0.6376127897914455,True,fr,0.6745762711864407
matern_kappa=2.0_nu=1.0_kernel_entropy_s,0.6147403685092128,0.7337581832420271,0.7341091322330482,True,fr,0.6745762711864407
matern_kappa=2.0_nu=1.0_kernel_entropy,0.6147403685092128,0.7337581832420271,0.7341091322330482,True,fr,0.6745762711864407
maternn_kappa=2.0_nu=1.0_kernel_entropy_s,0.5229533082077052,0.7038550592060613,0.7043073747192381,True,fr,0.6745762711864407
maternn_kappa=2.0_nu=1.0_kernel_entropy,0.5229533082077052,0.7038550592060613,0.7043073747192381,True,fr,0.6745762711864407
matern_kappa=2.0_nu=2.0_kernel_entropy_s,0.5961317001675042,0.7214758157495932,0.7218683998846563,True,fr,0.6745762711864407
matern_kappa=2.0_nu=2.0_kernel_entropy,0.5961317001675042,0.7214758157495932,0.7218683998846563,True,fr,0.6745762711864407
maternn_kappa=2.0_nu=2.0_kernel_entropy_s,0.535071189279732,0.7184659989131508,0.7188687858171511,True,fr,0.6745762711864407
maternn_kappa=2.0_nu=2.0_kernel_entropy,0.535071189279732,0.7184659989131508,0.7188687858171511,True,fr,0.6745762711864407
matern_kappa=2.0_nu=3.0_kernel_entropy_s,0.589248324958124,0.7160796274116298,0.7164905037105505,True,fr,0.6745762711864407
matern_kappa=2.0_nu=3.0_kernel_entropy,0.589248324958124,0.7160796274116298,0.7164905037105505,True,fr,0.6745762711864407
maternn_kappa=2.0_nu=3.0_kernel_entropy_s,0.544859715242881,0.72525070939143,0.7256304972768597,True,fr,0.6745762711864407
maternn_kappa=2.0_nu=3.0_kernel_entropy,0.544859715242881,0.72525070939143,0.7256304972768597,True,fr,0.6745762711864407
matern_kappa=3.0_nu=1.0_kernel_entropy_s,0.5994032663316583,0.7247383623627738,0.7251198870177922,True,fr,0.6745762711864407
matern_kappa=3.0_nu=1.0_kernel_entropy,0.5994032663316583,0.7247383623627738,0.7251198870177922,True,fr,0.6745762711864407
maternn_kappa=3.0_nu=1.0_kernel_entropy_s,0.5885416666666666,0.7523071588111545,0.7525952299188905,True,fr,0.6745762711864407
maternn_kappa=3.0_nu=1.0_kernel_entropy,0.5886201842546064,0.7523908705947547,0.7526786579337327,True,fr,0.6745762711864407
matern_kappa=3.0_nu=2.0_kernel_entropy_s,0.5665043969849246,0.7036750317727605,0.7024330422941857,True,fr,0.6745762711864407
matern_kappa=3.0_nu=2.0_kernel_entropy,0.5665043969849246,0.7036750317727605,0.7024330422941857,True,fr,0.6745762711864407
maternn_kappa=3.0_nu=2.0_kernel_entropy_s,0.637248743718593,0.7729968574463114,0.7732147939824027,True,fr,0.6745762711864407
maternn_kappa=3.0_nu=2.0_kernel_entropy,0.637248743718593,0.7729968574463114,0.7732147939824027,True,fr,0.6745762711864407
matern_kappa=3.0_nu=3.0_kernel_entropy_s,0.5501203936348409,0.6968483853602674,0.6956295370559722,True,fr,0.6745762711864407
matern_kappa=3.0_nu=3.0_kernel_entropy,0.5501203936348409,0.6968483853602674,0.6956295370559722,True,fr,0.6745762711864407
maternn_kappa=3.0_nu=3.0_kernel_entropy_s,0.6310458542713567,0.7669693049322801,0.7672076738497747,True,fr,0.6745762711864407
maternn_kappa=3.0_nu=3.0_kernel_entropy,0.6310196817420435,0.7669693049322801,0.7672076738497747,True,fr,0.6745762711864407
weighted_heat_t=0.1_kernel_entropy_s,0.6407558626465663,0.7477918050649448,0.7464002672023287,True,fr,0.6745762711864407
weighted_heat_t=0.1_kernel_entropy,0.6407558626465663,0.7477918050649448,0.7464002672023287,True,fr,0.6745762711864407
weighted_heatn_t=0.1_kernel_entropy_s,0.40716603852596317,0.6001068137366334,0.5992159029632659,True,fr,0.6745762711864407
weighted_heatn_t=0.1_kernel_entropy,0.40716603852596317,0.6001068137366334,0.5992159029632659,True,fr,0.6745762711864407
weighted_heat_t=0.2_kernel_entropy_s,0.6348408710217754,0.7455248538163544,0.7458359157884792,True,fr,0.6745762711864407
weighted_heat_t=0.2_kernel_entropy,0.6348408710217754,0.7455248538163544,0.7458359157884792,True,fr,0.6745762711864407
weighted_heatn_t=0.2_kernel_entropy_s,0.4081605946398659,0.6009397471065431,0.6000460128302268,True,fr,0.6745762711864407
weighted_heatn_t=0.2_kernel_entropy,0.4081605946398659,0.6009397471065431,0.6000460128302268,True,fr,0.6745762711864407
weighted_heat_t=0.3_kernel_entropy_s,0.6287164991624791,0.7439140889590423,0.7442306111510225,True,fr,0.6745762711864407
weighted_heat_t=0.3_kernel_entropy,0.6287164991624791,0.7439140889590423,0.7442306111510225,True,fr,0.6745762711864407
weighted_heatn_t=0.3_kernel_entropy_s,0.40857935510887766,0.6002693544837683,0.5993778927248173,True,fr,0.6745762711864407
weighted_heatn_t=0.3_kernel_entropy,0.40857935510887766,0.6002693544837683,0.5993778927248173,True,fr,0.6745762711864407
weighted_heat_t=0.4_kernel_entropy_s,0.6181166247906198,0.7362431476180029,0.7365856730009698,True,fr,0.6745762711864407
weighted_heat_t=0.4_kernel_entropy,0.6181166247906198,0.7362431476180029,0.7365856730009698,True,fr,0.6745762711864407
weighted_heatn_t=0.4_kernel_entropy_s,0.40884108040201,0.6003147426964759,0.5994231270791768,True,fr,0.6745762711864407
weighted_heatn_t=0.4_kernel_entropy,0.40884108040201,0.6003147426964759,0.5994231270791768,True,fr,0.6745762711864407
weighted_heat_t=0.5_kernel_entropy_s,0.6108144891122278,0.7340453665866824,0.7343953420748401,True,fr,0.6745762711864407
weighted_heat_t=0.5_kernel_entropy,0.6108144891122278,0.7340453665866824,0.7343953420748401,True,fr,0.6745762711864407
weighted_heatn_t=0.5_kernel_entropy_s,0.4091551507537688,0.6004424268724249,0.5995503784274107,True,fr,0.6745762711864407
weighted_heatn_t=0.5_kernel_entropy,0.4091551507537688,0.6004424268724249,0.5995503784274107,True,fr,0.6745762711864407
weighted_heat_t=0.6_kernel_entropy_s,0.6021252093802345,0.728948977863686,0.72931622924582,True,fr,0.6745762711864407
weighted_heat_t=0.6_kernel_entropy,0.6021252093802345,0.728948977863686,0.72931622924582,True,fr,0.6745762711864407
weighted_heatn_t=0.6_kernel_entropy_s,0.4108825376884422,0.6003731392422393,0.5994813256705478,True,fr,0.6745762711864407
weighted_heatn_t=0.6_kernel_entropy,0.4108825376884422,0.6003731392422393,0.5994813256705478,True,fr,0.6745762711864407
weighted_heat_t=0.7_kernel_entropy_s,0.5962887353433837,0.7248378122906245,0.7252189998272435,True,fr,0.6745762711864407
weighted_heat_t=0.7_kernel_entropy,0.5962887353433837,0.7248378122906245,0.7252189998272435,True,fr,0.6745762711864407
weighted_heatn_t=0.7_kernel_entropy_s,0.41161536850921276,0.5996476957926259,0.598758341351272,True,fr,0.6745762711864407
weighted_heatn_t=0.7_kernel_entropy,0.41161536850921276,0.5996476957926259,0.598758341351272,True,fr,0.6745762711864407
weighted_matern_kappa=1.0_nu=1.0_kernel_entropy_s,0.6299989530988275,0.7444882891628981,0.7448028649135093,True,fr,0.6745762711864407
weighted_matern_kappa=1.0_nu=1.0_kernel_entropy,0.6299989530988275,0.7444882891628981,0.7448028649135093,True,fr,0.6745762711864407
weighted_maternn_kappa=1.0_nu=1.0_kernel_entropy_s,0.412531407035176,0.5990459683694916,0.5981586536821146,True,fr,0.6745762711864407
weighted_maternn_kappa=1.0_nu=1.0_kernel_entropy,0.412531407035176,0.5990459683694916,0.5981586536821146,True,fr,0.6745762711864407
weighted_matern_kappa=1.0_nu=2.0_kernel_entropy_s,0.6285856365159128,0.7443515295688945,0.7446665689113497,True,fr,0.6745762711864407
weighted_matern_kappa=1.0_nu=2.0_kernel_entropy,0.6285856365159128,0.7443515295688945,0.7446665689113497,True,fr,0.6745762711864407
weighted_maternn_kappa=1.0_nu=2.0_kernel_entropy_s,0.4111966080402011,0.6003537313467954,0.5994619835645799,True,fr,0.6745762711864407
weighted_maternn_kappa=1.0_nu=2.0_kernel_entropy,0.4111966080402011,0.6003537313467954,0.5994619835645799,True,fr,0.6745762711864407
weighted_matern_kappa=1.0_nu=3.0_kernel_entropy_s,0.6254449329983249,0.7426160351293771,0.7429369575038307,True,fr,0.6745762711864407
weighted_matern_kappa=1.0_nu=3.0_kernel_entropy,0.6254449329983249,0.7426160351293771,0.7429369575038307,True,fr,0.6745762711864407
weighted_maternn_kappa=1.0_nu=3.0_kernel_entropy_s,0.41090871021775544,0.6004208077350236,0.5995288325752207,True,fr,0.6745762711864407
weighted_maternn_kappa=1.0_nu=3.0_kernel_entropy,0.41090871021775544,0.6004208077350236,0.5995288325752207,True,fr,0.6745762711864407
weighted_matern_kappa=2.0_nu=1.0_kernel_entropy_s,0.6176978643216081,0.7408031900036628,0.7411302576158306,True,fr,0.6745762711864407
weighted_matern_kappa=2.0_nu=1.0_kernel_entropy,0.6176978643216081,0.7408031900036628,0.7411302576158306,True,fr,0.6745762711864407
weighted_maternn_kappa=2.0_nu=1.0_kernel_entropy_s,0.42457077051926295,0.6021606842240592,0.601262811177853,True,fr,0.6745762711864407
weighted_maternn_kappa=2.0_nu=1.0_kernel_entropy,0.42457077051926295,0.6021606842240592,0.601262811177853,True,fr,0.6745762711864407
weighted_matern_kappa=2.0_nu=2.0_kernel_entropy_s,0.6074905778894473,0.7376060584131383,0.7379439637595114,True,fr,0.6745762711864407
weighted_matern_kappa=2.0_nu=2.0_kernel_entropy,0.6074905778894473,0.7376060584131383,0.7379439637595114,True,fr,0.6745762711864407
weighted_maternn_kappa=2.0_nu=2.0_kernel_entropy_s,0.4277899916247906,0.6022641758953529,0.6013659520299219,True,fr,0.6745762711864407
weighted_maternn_kappa=2.0_nu=2.0_kernel_entropy,0.4277899916247906,0.6022641758953529,0.6013659520299219,True,fr,0.6745762711864407
weighted_matern_kappa=2.0_nu=3.0_kernel_entropy_s,0.6010259631490787,0.7343539328262084,0.7347028623271135,True,fr,0.6745762711864407
weighted_matern_kappa=2.0_nu=3.0_kernel_entropy,0.6010259631490787,0.7343539328262084,0.7347028623271135,True,fr,0.6745762711864407
weighted_maternn_kappa=2.0_nu=3.0_kernel_entropy_s,0.43161118090452266,0.6048247417110189,0.603917837961467,True,fr,0.6745762711864407
weighted_maternn_kappa=2.0_nu=3.0_kernel_entropy,0.43161118090452266,0.6048247417110189,0.603917837961467,True,fr,0.6745762711864407
weighted_matern_kappa=3.0_nu=1.0_kernel_entropy_s,0.6125157035175879,0.7398506513801211,0.7401809479367757,True,fr,0.6745762711864407
weighted_matern_kappa=3.0_nu=1.0_kernel_entropy,0.6125157035175879,0.7398506513801211,0.7401809479367757,True,fr,0.6745762711864407
weighted_maternn_kappa=3.0_nu=1.0_kernel_entropy_s,0.526303391959799,0.6480368694462494,0.6469834839077645,True,fr,0.6745762711864407
weighted_maternn_kappa=3.0_nu=1.0_kernel_entropy,0.526303391959799,0.6480368694462494,0.6469834839077645,True,fr,0.6745762711864407
weighted_matern_kappa=3.0_nu=2.0_kernel_entropy_s,0.6005025125628141,0.7351290320925008,0.7354753341382659,True,fr,0.6745762711864407
weighted_matern_kappa=3.0_nu=2.0_kernel_entropy,0.6005025125628141,0.7351290320925008,0.7354753341382659,True,fr,0.6745762711864407
weighted_maternn_kappa=3.0_nu=2.0_kernel_entropy_s,0.5369294388609716,0.667453924232214,0.6663347181690309,True,fr,0.6745762711864407
weighted_maternn_kappa=3.0_nu=2.0_kernel_entropy,0.5369294388609716,0.667453924232214,0.6663347181690309,True,fr,0.6745762711864407
weighted_matern_kappa=3.0_nu=3.0_kernel_entropy_s,0.5958438023450586,0.7324871259069035,0.732842383566857,True,fr,0.6745762711864407
weighted_matern_kappa=3.0_nu=3.0_kernel_entropy,0.5958438023450586,0.7324871259069035,0.732842383566857,True,fr,0.6745762711864407
weighted_maternn_kappa=3.0_nu=3.0_kernel_entropy_s,0.5662426716917923,0.6991883098544746,0.6979615296027416,True,fr,0.6745762711864407
weighted_maternn_kappa=3.0_nu=3.0_kernel_entropy,0.5662426716917923,0.6991883098544746,0.6979615296027416,True,fr,0.6745762711864407
weighted_deberta_heat_t=0.1_kernel_entropy_s,0.6384526800670016,0.754370875730443,0.7529570359333676,True,fr,0.6745762711864407
weighted_deberta_heat_t=0.1_kernel_entropy,0.6384526800670016,0.754370875730443,0.7529570359333676,True,fr,0.6745762711864407
weighted_deberta_heatn_t=0.1_kernel_entropy_s,0.4329459798994975,0.6255224044266847,0.6245453391086051,True,fr,0.6745762711864407
weighted_deberta_heatn_t=0.1_kernel_entropy,0.4329459798994975,0.6255224044266847,0.6245453391086051,True,fr,0.6745762711864407
weighted_deberta_heat_t=0.2_kernel_entropy_s,0.6362541876046901,0.7540085554207852,0.7525959438281494,True,fr,0.6745762711864407
weighted_deberta_heat_t=0.2_kernel_entropy,0.6362541876046901,0.7540085554207852,0.7525959438281494,True,fr,0.6745762711864407
weighted_deberta_heatn_t=0.2_kernel_entropy_s,0.4345686767169179,0.6269962005135845,0.6260141392765664,True,fr,0.6745762711864407
weighted_deberta_heatn_t=0.2_kernel_entropy,0.4345686767169179,0.6269962005135845,0.6260141392765664,True,fr,0.6745762711864407
weighted_deberta_heat_t=0.3_kernel_entropy_s,0.6320665829145727,0.7506424063586966,0.7492412054408477,True,fr,0.6745762711864407
weighted_deberta_heat_t=0.3_kernel_entropy,0.6320665829145727,0.7506424063586966,0.7492412054408477,True,fr,0.6745762711864407
weighted_deberta_heatn_t=0.3_kernel_entropy_s,0.4366101340033501,0.6298321740722315,0.6288404993655228,True,fr,0.6745762711864407
weighted_deberta_heatn_t=0.3_kernel_entropy,0.4366101340033501,0.6298321740722315,0.6288404993655228,True,fr,0.6745762711864407
weighted_deberta_heat_t=0.4_kernel_entropy_s,0.6221733668341709,0.742190355340503,0.7408178054430546,True,fr,0.6745762711864407
weighted_deberta_heat_t=0.4_kernel_entropy,0.6221733668341709,0.742190355340503,0.7408178054430546,True,fr,0.6745762711864407
weighted_deberta_heatn_t=0.4_kernel_entropy_s,0.4383636934673367,0.6318482391896334,0.6308497303638828,True,fr,0.6745762711864407
weighted_deberta_heatn_t=0.4_kernel_entropy,0.4383636934673367,0.6318482391896334,0.6308497303638828,True,fr,0.6745762711864407
weighted_deberta_heat_t=0.5_kernel_entropy_s,0.6128036013400333,0.7336769136580543,0.7323332228849532,True,fr,0.6745762711864407
weighted_deberta_heat_t=0.5_kernel_entropy,0.6128036013400333,0.7336769136580543,0.7323332228849532,True,fr,0.6745762711864407
weighted_deberta_heatn_t=0.5_kernel_entropy_s,0.4396199748743718,0.6334959030640842,0.6324918089370644,True,fr,0.6745762711864407
weighted_deberta_heatn_t=0.5_kernel_entropy,0.4396199748743718,0.6334959030640842,0.6324918089370644,True,fr,0.6745762711864407
weighted_deberta_heat_t=0.6_kernel_entropy_s,0.599926716917923,0.7221804576024775,0.720875737866853,True,fr,0.6745762711864407
weighted_deberta_heat_t=0.6_kernel_entropy,0.599926716917923,0.7221804576024775,0.720875737866853,True,fr,0.6745762711864407
weighted_deberta_heatn_t=0.6_kernel_entropy_s,0.4412950167504188,0.6349286808362815,0.6339197298354575,True,fr,0.6745762711864407
weighted_deberta_heatn_t=0.6_kernel_entropy,0.4412950167504188,0.6349286808362815,0.6339197298354575,True,fr,0.6745762711864407
weighted_deberta_heat_t=0.7_kernel_entropy_s,0.5925984087102177,0.7148581778890105,0.7135782794405502,True,fr,0.6745762711864407
weighted_deberta_heat_t=0.7_kernel_entropy,0.5925984087102177,0.7148581778890105,0.7135782794405502,True,fr,0.6745762711864407
weighted_deberta_heatn_t=0.7_kernel_entropy_s,0.4442786850921273,0.6377424401264131,0.6367239509585039,True,fr,0.6745762711864407
weighted_deberta_heatn_t=0.7_kernel_entropy,0.4442786850921273,0.6377424401264131,0.6367239509585039,True,fr,0.6745762711864407
weighted_deberta_matern_kappa=1.0_nu=1.0_kernel_entropy_s,0.6335845896147404,0.7507490224519247,0.7493474601235901,True,fr,0.6745762711864407
weighted_deberta_matern_kappa=1.0_nu=1.0_kernel_entropy,0.6335845896147404,0.7507490224519247,0.7493474601235901,True,fr,0.6745762711864407
weighted_deberta_maternn_kappa=1.0_nu=1.0_kernel_entropy_s,0.4453255862646566,0.6396385655322733,0.6386136488206153,True,fr,0.6745762711864407
weighted_deberta_maternn_kappa=1.0_nu=1.0_kernel_entropy,0.4453255862646566,0.6396385655322733,0.6386136488206153,True,fr,0.6745762711864407
weighted_deberta_matern_kappa=1.0_nu=2.0_kernel_entropy_s,0.6298157453936348,0.7488432070634006,0.7474481051262135,True,fr,0.6745762711864407
weighted_deberta_matern_kappa=1.0_nu=2.0_kernel_entropy,0.6298157453936348,0.7488432070634006,0.7474481051262135,True,fr,0.6745762711864407
weighted_deberta_maternn_kappa=1.0_nu=2.0_kernel_entropy_s,0.4429962311557789,0.6360906280590236,0.6350777382540549,True,fr,0.6745762711864407
weighted_deberta_maternn_kappa=1.0_nu=2.0_kernel_entropy,0.4429962311557789,0.6360906280590236,0.6350777382540549,True,fr,0.6745762711864407
weighted_deberta_matern_kappa=1.0_nu=3.0_kernel_entropy_s,0.6274078726968174,0.7475890614637835,0.7461982108676121,True,fr,0.6745762711864407
weighted_deberta_matern_kappa=1.0_nu=3.0_kernel_entropy,0.6274078726968174,0.7475890614637835,0.7461982108676121,True,fr,0.6745762711864407
weighted_deberta_maternn_kappa=1.0_nu=3.0_kernel_entropy_s,0.44147822445561147,0.6351200423422019,0.6341104426583068,True,fr,0.6745762711864407
weighted_deberta_maternn_kappa=1.0_nu=3.0_kernel_entropy,0.44147822445561147,0.6351200423422019,0.6341104426583068,True,fr,0.6745762711864407
weighted_deberta_matern_kappa=2.0_nu=1.0_kernel_entropy_s,0.6160489949748744,0.7391486478548565,0.7377864088302408,True,fr,0.6745762711864407
weighted_deberta_matern_kappa=2.0_nu=1.0_kernel_entropy,0.6160489949748744,0.7391486478548565,0.7377864088302408,True,fr,0.6745762711864407
weighted_deberta_maternn_kappa=2.0_nu=1.0_kernel_entropy_s,0.4759736180904523,0.6728159330004794,0.671678550636387,True,fr,0.6745762711864407
weighted_deberta_maternn_kappa=2.0_nu=1.0_kernel_entropy,0.4759736180904523,0.6728159330004794,0.671678550636387,True,fr,0.6745762711864407
weighted_deberta_matern_kappa=2.0_nu=2.0_kernel_entropy_s,0.5979376046901173,0.7234933974956659,0.7221842271163356,True,fr,0.6745762711864407
weighted_deberta_matern_kappa=2.0_nu=2.0_kernel_entropy,0.5979376046901173,0.7234933974956659,0.7221842271163356,True,fr,0.6745762711864407
weighted_deberta_maternn_kappa=2.0_nu=2.0_kernel_entropy_s,0.4890337102177555,0.6830869967290409,0.6819147971997669,True,fr,0.6745762711864407
weighted_deberta_maternn_kappa=2.0_nu=2.0_kernel_entropy,0.4890337102177555,0.6830869967290409,0.6819147971997669,True,fr,0.6745762711864407
weighted_deberta_matern_kappa=2.0_nu=3.0_kernel_entropy_s,0.5826528475711893,0.7109525881970291,0.7096859290356602,True,fr,0.6745762711864407
weighted_deberta_matern_kappa=2.0_nu=3.0_kernel_entropy,0.5826528475711893,0.7109525881970291,0.7096859290356602,True,fr,0.6745762711864407
weighted_deberta_maternn_kappa=2.0_nu=3.0_kernel_entropy_s,0.4997906197654941,0.6904179717039067,0.689220921412006,True,fr,0.6745762711864407
weighted_deberta_maternn_kappa=2.0_nu=3.0_kernel_entropy,0.4997906197654941,0.6904179717039067,0.689220921412006,True,fr,0.6745762711864407
weighted_deberta_matern_kappa=3.0_nu=1.0_kernel_entropy_s,0.6042190117252931,0.7293833821405168,0.728054245711543,True,fr,0.6745762711864407
weighted_deberta_matern_kappa=3.0_nu=1.0_kernel_entropy,0.6042190117252931,0.7293833821405168,0.728054245711543,True,fr,0.6745762711864407
weighted_deberta_maternn_kappa=3.0_nu=1.0_kernel_entropy_s,0.5626046901172529,0.7152946168761645,0.7140132389735103,True,fr,0.6745762711864407
weighted_deberta_maternn_kappa=3.0_nu=1.0_kernel_entropy,0.5626046901172529,0.7152946168761645,0.7140132389735103,True,fr,0.6745762711864407
weighted_deberta_matern_kappa=3.0_nu=2.0_kernel_entropy_s,0.5743299832495812,0.7080444875103682,0.7067876863174287,True,fr,0.6745762711864407
weighted_deberta_matern_kappa=3.0_nu=2.0_kernel_entropy,0.5743299832495812,0.7080444875103682,0.7067876863174287,True,fr,0.6745762711864407
weighted_deberta_maternn_kappa=3.0_nu=2.0_kernel_entropy_s,0.5881490787269682,0.7190936757066153,0.7194943348926716,True,fr,0.6745762711864407
weighted_deberta_maternn_kappa=3.0_nu=2.0_kernel_entropy,0.5881490787269682,0.7190936757066153,0.7194943348926716,True,fr,0.6745762711864407
weighted_deberta_matern_kappa=3.0_nu=3.0_kernel_entropy_s,0.5545435510887772,0.6979578382090595,0.6967352290476498,True,fr,0.6745762711864407
weighted_deberta_matern_kappa=3.0_nu=3.0_kernel_entropy,0.5545435510887772,0.6979578382090595,0.6967352290476498,True,fr,0.6745762711864407
weighted_deberta_maternn_kappa=3.0_nu=3.0_kernel_entropy_s,0.5787269681742044,0.7067438551858367,0.7071863781702684,True,fr,0.6745762711864407
weighted_deberta_maternn_kappa=3.0_nu=3.0_kernel_entropy,0.5787269681742044,0.7067438551858367,0.7071863781702684,True,fr,0.6745762711864407
semantic_kernel_heat_t=0.1_alpha_0.0,0.6212311557788947,0.7279442132335103,0.7266199553432041,False,fr,0.6745762711864407
semantic_kernel_heat_t=0.1_alpha_0.1,0.6228015075376885,0.7314990377246959,0.7301627295818772,False,fr,0.6745762711864407
semantic_kernel_heat_t=0.1_alpha_0.2,0.6237437185929648,0.7316873638955141,0.7303504173588963,False,fr,0.6745762711864407
semantic_kernel_heat_t=0.1_alpha_0.3,0.6234296482412061,0.7304466627973832,0.7291139220271995,False,fr,0.6745762711864407
semantic_kernel_heat_t=0.1_alpha_0.4,0.6250523450586265,0.7316660596885399,0.7303291853695726,False,fr,0.6745762711864407
semantic_kernel_heat_t=0.1_alpha_0.5,0.6288735343383586,0.7304490074422225,0.7291162587240902,False,fr,0.6745762711864407
semantic_kernel_heat_t=0.1_alpha_0.6,0.631176716917923,0.7303234629222739,0.7289911397787856,False,fr,0.6745762711864407
semantic_kernel_heat_t=0.1_alpha_0.7,0.6312814070351759,0.7345977127872547,0.7332509006611732,False,fr,0.6745762711864407
semantic_kernel_heat_t=0.1_alpha_0.8,0.630286850921273,0.730600508881904,0.7292672465995693,False,fr,0.6745762711864407
semantic_kernel_heat_t=0.1_alpha_0.9,0.631176716917923,0.7380012785499883,0.738337844167084,False,fr,0.6745762711864407
semantic_kernel_heat_t=0.1_alpha_1.0,0.6335845896147403,0.7392133710411855,0.7395458278701754,False,fr,0.6745762711864407
semantic_kernel_heatn_t=0.1_alpha_0.0,0.6212311557788947,0.7279442132335103,0.7266199553432041,False,fr,0.6745762711864407
semantic_kernel_heatn_t=0.1_alpha_0.1,0.6226444723618091,0.7313292741372197,0.7299935414641892,False,fr,0.6745762711864407
semantic_kernel_heatn_t=0.1_alpha_0.2,0.623534338358459,0.7319687276521862,0.7306308273401219,False,fr,0.6745762711864407
semantic_kernel_heatn_t=0.1_alpha_0.3,0.6225397822445563,0.7315264479920792,0.7301900469331,False,fr,0.6745762711864407
semantic_kernel_heatn_t=0.1_alpha_0.4,0.6223304020100502,0.7330358903262972,0.7316943725136427,False,fr,0.6745762711864407
semantic_kernel_heatn_t=0.1_alpha_0.5,0.6223827470686768,0.7314954715485393,0.7301591754944536,False,fr,0.6745762711864407
semantic_kernel_heatn_t=0.1_alpha_0.6,0.6222257118927975,0.7314154772968713,0.7300794524097401,False,fr,0.6745762711864407
semantic_kernel_heatn_t=0.1_alpha_0.7,0.6222257118927973,0.7378697245671428,0.738206736129943,False,fr,0.6745762711864407
semantic_kernel_heatn_t=0.1_alpha_0.8,0.6220163316582915,0.7313908351887621,0.730054893834201,False,fr,0.6745762711864407
semantic_kernel_heatn_t=0.1_alpha_0.9,0.6218069514237856,0.7364437603936453,0.7367856057333049,False,fr,0.6745762711864407
semantic_kernel_heatn_t=0.1_alpha_1.0,0.6297895728643217,0.7335601799507208,0.7322168848851022,False,fr,0.6745762711864407
semantic_kernel_heat_t=0.2_alpha_0.0,0.6212311557788947,0.7279442132335103,0.7266199553432041,False,fr,0.6745762711864407
semantic_kernel_heat_t=0.2_alpha_0.1,0.6230108877721944,0.7315975167723293,0.7302608748022306,False,fr,0.6745762711864407
semantic_kernel_heat_t=0.2_alpha_0.2,0.6244765494137353,0.7320849365133888,0.7307466422729814,False,fr,0.6745762711864407
semantic_kernel_heat_t=0.2_alpha_0.3,0.625785175879397,0.7310062231599963,0.7296715855750243,False,fr,0.6745762711864407
semantic_kernel_heat_t=0.2_alpha_0.4,0.6289782244556115,0.734025641803564,0.7326807689011562,False,fr,0.6745762711864407
semantic_kernel_heat_t=0.2_alpha_0.5,0.6291352596314909,0.7328014560264283,0.7314607329063157,False,fr,0.6745762711864407
semantic_kernel_heat_t=0.2_alpha_0.6,0.6305485762144054,0.7336687510030581,0.7323250878999739,False,fr,0.6745762711864407
semantic_kernel_heat_t=0.2_alpha_0.7,0.631281407035176,0.7390314638805833,0.7393645373440159,False,fr,0.6745762711864407
semantic_kernel_heat_t=0.2_alpha_0.8,0.6314384422110553,0.7313056028637172,0.7299699504322918,False,fr,0.6745762711864407
semantic_kernel_heat_t=0.2_alpha_0.9,0.6331134840871022,0.7380282357150099,0.7366697946976479,False,fr,0.6745762711864407
semantic_kernel_heat_t=0.2_alpha_1.0,0.6326685510887772,0.7388491719426677,0.739182863344873,False,fr,0.6745762711864407
semantic_kernel_heatn_t=0.2_alpha_0.0,0.6212311557788947,0.7279442132335103,0.7266199553432041,False,fr,0.6745762711864407
semantic_kernel_heatn_t=0.2_alpha_0.1,0.6226444723618091,0.7313292741372197,0.7299935414641892,False,fr,0.6745762711864407
semantic_kernel_heatn_t=0.2_alpha_0.2,0.623534338358459,0.7319687276521862,0.7306308273401219,False,fr,0.6745762711864407
semantic_kernel_heatn_t=0.2_alpha_0.3,0.6225397822445563,0.7315264479920792,0.7301900469331,False,fr,0.6745762711864407
semantic_kernel_heatn_t=0.2_alpha_0.4,0.6222257118927974,0.7329663040800368,0.731625022152963,False,fr,0.6745762711864407
semantic_kernel_heatn_t=0.2_alpha_0.5,0.6222780569514238,0.7314050732709443,0.7300690836516978,False,fr,0.6745762711864407
semantic_kernel_heatn_t=0.2_alpha_0.6,0.6222780569514238,0.7316212763532717,0.7302845538422206,False,fr,0.6745762711864407
semantic_kernel_heatn_t=0.2_alpha_0.7,0.6225921273031826,0.7379100635523008,0.7382469383727784,False,fr,0.6745762711864407
semantic_kernel_heatn_t=0.2_alpha_0.8,0.6217022613065327,0.7301418951864043,0.7288101875267663,False,fr,0.6745762711864407
semantic_kernel_heatn_t=0.2_alpha_0.9,0.6239530988274707,0.7315851010974703,0.730248501214405,False,fr,0.6745762711864407
semantic_kernel_heatn_t=0.2_alpha_1.0,0.6297372278056952,0.7320901709317342,0.7307518589475359,False,fr,0.6745762711864407
semantic_kernel_heat_t=0.3_alpha_0.0,0.6212311557788947,0.7279442132335103,0.7266199553432041,False,fr,0.6745762711864407
semantic_kernel_heat_t=0.3_alpha_0.1,0.6227491624790621,0.7313814556895242,0.7300455461298757,False,fr,0.6745762711864407
semantic_kernel_heat_t=0.3_alpha_0.2,0.6251046901172529,0.7326602906252051,0.7313200460318764,False,fr,0.6745762711864407
semantic_kernel_heat_t=0.3_alpha_0.3,0.6257851758793971,0.7312038790056025,0.7298685714008146,False,fr,0.6745762711864407
semantic_kernel_heat_t=0.3_alpha_0.4,0.6286118090452262,0.7343045882273603,0.7329587697438548,False,fr,0.6745762711864407
semantic_kernel_heat_t=0.3_alpha_0.5,0.6287164991624791,0.7325079933769283,0.7311682650454581,False,fr,0.6745762711864407
semantic_kernel_heat_t=0.3_alpha_0.6,0.6302345058626465,0.7343283511401686,0.7329824521044163,False,fr,0.6745762711864407
semantic_kernel_heat_t=0.3_alpha_0.7,0.6335322445561139,0.7434226026678203,0.7437407909150251,False,fr,0.6745762711864407
semantic_kernel_heat_t=0.3_alpha_0.8,0.6316478224455612,0.7363414304020086,0.7366836226229959,False,fr,0.6745762711864407
semantic_kernel_heat_t=0.3_alpha_0.9,0.6272508375209381,0.739178663935446,0.7395112384156418,False,fr,0.6745762711864407
semantic_kernel_heat_t=0.3_alpha_1.0,0.6220425041876047,0.7381703996951158,0.7385063920201941,False,fr,0.6745762711864407
semantic_kernel_heatn_t=0.3_alpha_0.0,0.6212311557788947,0.7279442132335103,0.7266199553432041,False,fr,0.6745762711864407
semantic_kernel_heatn_t=0.3_alpha_0.1,0.6226444723618091,0.7313292741372197,0.7299935414641892,False,fr,0.6745762711864407
semantic_kernel_heatn_t=0.3_alpha_0.2,0.6235866834170855,0.7319901198568668,0.7306521470288544,False,fr,0.6745762711864407
semantic_kernel_heatn_t=0.3_alpha_0.3,0.6224350921273033,0.7314552133578747,0.7301190537722317,False,fr,0.6745762711864407
semantic_kernel_heatn_t=0.3_alpha_0.4,0.6222780569514239,0.7330026759063388,0.7316612706849385,False,fr,0.6745762711864407
semantic_kernel_heatn_t=0.3_alpha_0.5,0.6224350921273033,0.7316849082874926,0.7303479700749695,False,fr,0.6745762711864407
semantic_kernel_heatn_t=0.3_alpha_0.6,0.6225921273031826,0.7316105619799089,0.7302738757887677,False,fr,0.6745762711864407
semantic_kernel_heatn_t=0.3_alpha_0.7,0.6223304020100502,0.7372283915240809,0.7375675770971966,False,fr,0.6745762711864407
semantic_kernel_heatn_t=0.3_alpha_0.8,0.6223304020100503,0.7284079377082664,0.7270821078705881,False,fr,0.6745762711864407
semantic_kernel_heatn_t=0.3_alpha_0.9,0.6293446398659968,0.7329628211778815,0.7316215510572556,False,fr,0.6745762711864407
semantic_kernel_heatn_t=0.3_alpha_1.0,0.6298419179229482,0.7320676472797196,0.730729411646884,False,fr,0.6745762711864407
semantic_kernel_heat_t=0.4_alpha_0.0,0.6212311557788947,0.7279442132335103,0.7266199553432041,False,fr,0.6745762711864407
semantic_kernel_heat_t=0.4_alpha_0.1,0.6228538525963149,0.7314624849381639,0.7301263007030963,False,fr,0.6745762711864407
semantic_kernel_heat_t=0.4_alpha_0.2,0.6249476549413736,0.7325965768107021,0.7312565481964055,False,fr,0.6745762711864407
semantic_kernel_heat_t=0.4_alpha_0.3,0.6247906197654941,0.7308159416687237,0.7294819491057559,False,fr,0.6745762711864407
semantic_kernel_heat_t=0.4_alpha_0.4,0.627250837520938,0.7343412147120465,0.7329952720709657,False,fr,0.6745762711864407
semantic_kernel_heat_t=0.4_alpha_0.5,0.628140703517588,0.7306481831983813,0.7293147593081944,False,fr,0.6745762711864407
semantic_kernel_heat_t=0.4_alpha_0.6,0.628925879396985,0.7311828725552798,0.7298476361587982,False,fr,0.6745762711864407
semantic_kernel_heat_t=0.4_alpha_0.7,0.6299727805695142,0.7413428555111666,0.7416680937487329,False,fr,0.6745762711864407
semantic_kernel_heat_t=0.4_alpha_0.8,0.6301821608040201,0.7372543919713783,0.7375934894073843,False,fr,0.6745762711864407
semantic_kernel_heat_t=0.4_alpha_0.9,0.6241624790619765,0.7422928114022169,0.742614829450322,False,fr,0.6745762711864407
semantic_kernel_heat_t=0.4_alpha_1.0,0.6127250837520939,0.7309877313678608,0.7313480717211671,False,fr,0.6745762711864407
semantic_kernel_heatn_t=0.4_alpha_0.0,0.6212311557788947,0.7279442132335103,0.7266199553432041,False,fr,0.6745762711864407
semantic_kernel_heatn_t=0.4_alpha_0.1,0.6226444723618091,0.7313292741372197,0.7299935414641892,False,fr,0.6745762711864407
semantic_kernel_heatn_t=0.4_alpha_0.2,0.623639028475712,0.7320162841687454,0.7306782226481504,False,fr,0.6745762711864407
semantic_kernel_heatn_t=0.4_alpha_0.3,0.6224350921273033,0.7314694240859057,0.7301332163283033,False,fr,0.6745762711864407
semantic_kernel_heatn_t=0.4_alpha_0.4,0.6224874371859296,0.7332428010427832,0.7319005818378693,False,fr,0.6745762711864407
semantic_kernel_heatn_t=0.4_alpha_0.5,0.6224350921273031,0.7315079190090367,0.7301715807601695,False,fr,0.6745762711864407
semantic_kernel_heatn_t=0.4_alpha_0.6,0.6221733668341708,0.73087264109927,0.7295384563348426,False,fr,0.6745762711864407
semantic_kernel_heatn_t=0.4_alpha_0.7,0.6221210217755443,0.73608292315476,0.7364259916715005,False,fr,0.6745762711864407
semantic_kernel_heatn_t=0.4_alpha_0.8,0.6225397822445561,0.7263369584164727,0.7250181488475803,False,fr,0.6745762711864407
semantic_kernel_heatn_t=0.4_alpha_0.9,0.6335845896147404,0.7347707838604272,0.7334233850527417,False,fr,0.6745762711864407
semantic_kernel_heatn_t=0.4_alpha_1.0,0.6304177135678394,0.7325756959891506,0.7312357381572999,False,fr,0.6745762711864407
semantic_kernel_heat_t=0.5_alpha_0.0,0.6212311557788947,0.7279442132335103,0.7266199553432041,False,fr,0.6745762711864407
semantic_kernel_heat_t=0.5_alpha_0.1,0.6228538525963149,0.7296162473182322,0.7282863215157744,False,fr,0.6745762711864407
semantic_kernel_heat_t=0.5_alpha_0.2,0.6247382747068678,0.7326505582432192,0.7313103466410159,False,fr,0.6745762711864407
semantic_kernel_heat_t=0.5_alpha_0.3,0.6245812395309883,0.7307453722291749,0.7294116188846462,False,fr,0.6745762711864407
semantic_kernel_heat_t=0.5_alpha_0.4,0.6263609715242882,0.7343967162074901,0.7330505854257469,False,fr,0.6745762711864407
semantic_kernel_heat_t=0.5_alpha_0.5,0.6281407035175879,0.7332191542027131,0.7318770151565792,False,fr,0.6745762711864407
semantic_kernel_heat_t=0.5_alpha_0.6,0.626570351758794,0.7299676865695057,0.7286365694475522,False,fr,0.6745762711864407
semantic_kernel_heat_t=0.5_alpha_0.7,0.6267797319932997,0.739540351433815,0.7398716998546944,False,fr,0.6745762711864407
semantic_kernel_heat_t=0.5_alpha_0.8,0.626570351758794,0.7355985858439842,0.7359432961821171,False,fr,0.6745762711864407
semantic_kernel_heat_t=0.5_alpha_0.9,0.6212311557788944,0.7436125250275074,0.743930069470103,False,fr,0.6745762711864407
semantic_kernel_heat_t=0.5_alpha_1.0,0.605553810720268,0.7250604146027528,0.7237459323010257,False,fr,0.6745762711864407
semantic_kernel_heatn_t=0.5_alpha_0.0,0.6212311557788947,0.7279442132335103,0.7266199553432041,False,fr,0.6745762711864407
semantic_kernel_heatn_t=0.5_alpha_0.1,0.6226444723618091,0.7313292741372197,0.7299935414641892,False,fr,0.6745762711864407
semantic_kernel_heatn_t=0.5_alpha_0.2,0.623639028475712,0.7319842839030336,0.7306463308579156,False,fr,0.6745762711864407
semantic_kernel_heatn_t=0.5_alpha_0.3,0.6224350921273031,0.7314944560773989,0.7301581634655882,False,fr,0.6745762711864407
semantic_kernel_heatn_t=0.5_alpha_0.4,0.6225397822445561,0.7332637822380152,0.7319214919104057,False,fr,0.6745762711864407
semantic_kernel_heatn_t=0.5_alpha_0.5,0.6222257118927973,0.7312247761838437,0.7298893977411637,False,fr,0.6745762711864407
semantic_kernel_heatn_t=0.5_alpha_0.6,0.6220163316582915,0.7306661844797678,0.7293326995682881,False,fr,0.6745762711864407
semantic_kernel_heatn_t=0.5_alpha_0.7,0.6222780569514238,0.7348478283555271,0.7351950836342989,False,fr,0.6745762711864407
semantic_kernel_heatn_t=0.5_alpha_0.8,0.62411013400335,0.7256720698842174,0.7243555141747564,False,fr,0.6745762711864407
semantic_kernel_heatn_t=0.5_alpha_0.9,0.6332181742043552,0.7353817549411384,0.7340322850450439,False,fr,0.6745762711864407
semantic_kernel_heatn_t=0.5_alpha_1.0,0.6304700586264657,0.7353761388035305,0.7340266879451904,False,fr,0.6745762711864407
semantic_kernel_heat_t=0.6_alpha_0.0,0.6212311557788947,0.7279442132335103,0.7266199553432041,False,fr,0.6745762711864407
semantic_kernel_heat_t=0.6_alpha_0.1,0.6229061976549414,0.7296894781879513,0.7283593041452571,False,fr,0.6745762711864407
semantic_kernel_heat_t=0.6_alpha_0.2,0.6244242043551088,0.7325630381064996,0.7312231231827258,False,fr,0.6745762711864407
semantic_kernel_heat_t=0.6_alpha_0.3,0.6238484087102177,0.7306524306568513,0.7293189923684998,False,fr,0.6745762711864407
semantic_kernel_heat_t=0.6_alpha_0.4,0.6246335845896148,0.7333426214557459,0.7320000638765508,False,fr,0.6745762711864407
semantic_kernel_heat_t=0.6_alpha_0.5,0.6277742881072027,0.7334267449568945,0.7320839022132887,False,fr,0.6745762711864407
semantic_kernel_heat_t=0.6_alpha_0.6,0.6257851758793971,0.7305968768164863,0.7292636268462379,False,fr,0.6745762711864407
semantic_kernel_heat_t=0.6_alpha_0.7,0.6239530988274706,0.7377105943705103,0.7380481453577059,False,fr,0.6745762711864407
semantic_kernel_heat_t=0.6_alpha_0.8,0.6237437185929648,0.7334545735593251,0.7338065517357112,False,fr,0.6745762711864407
semantic_kernel_heat_t=0.6_alpha_0.9,0.6189803182579564,0.7435667239323835,0.7438844236329287,False,fr,0.6745762711864407
semantic_kernel_heat_t=0.6_alpha_1.0,0.6038264237855947,0.7246650966402539,0.7233519543994166,False,fr,0.6745762711864407
semantic_kernel_heatn_t=0.6_alpha_0.0,0.6212311557788947,0.7279442132335103,0.7266199553432041,False,fr,0.6745762711864407
semantic_kernel_heatn_t=0.6_alpha_0.1,0.6225921273031826,0.7312962512193146,0.7299606304883787,False,fr,0.6745762711864407
semantic_kernel_heatn_t=0.6_alpha_0.2,0.623639028475712,0.7319831357644533,0.7306451866113305,False,fr,0.6745762711864407
semantic_kernel_heatn_t=0.6_alpha_0.3,0.6225397822445561,0.731662698918798,0.7303258359922706,False,fr,0.6745762711864407
semantic_kernel_heatn_t=0.6_alpha_0.4,0.6223827470686767,0.7330500344209305,0.7317084686621924,False,fr,0.6745762711864407
semantic_kernel_heatn_t=0.6_alpha_0.5,0.6223304020100503,0.7309585048236935,0.7296240289957936,False,fr,0.6745762711864407
semantic_kernel_heatn_t=0.6_alpha_0.6,0.6218069514237856,0.7298044447918731,0.7284738810318776,False,fr,0.6745762711864407
semantic_kernel_heatn_t=0.6_alpha_0.7,0.6225397822445561,0.7339278159686152,0.7342781899334443,False,fr,0.6745762711864407
semantic_kernel_heatn_t=0.6_alpha_0.8,0.626360971524288,0.7266595353305861,0.7253396322806289,False,fr,0.6745762711864407
semantic_kernel_heatn_t=0.6_alpha_0.9,0.6333752093802345,0.7355630647232284,0.734212980217703,False,fr,0.6745762711864407
semantic_kernel_heatn_t=0.6_alpha_1.0,0.6302083333333334,0.7352411068854056,0.7338921137623812,False,fr,0.6745762711864407
semantic_kernel_heat_t=0.7_alpha_0.0,0.6212311557788947,0.7279442132335103,0.7266199553432041,False,fr,0.6745762711864407
semantic_kernel_heat_t=0.7_alpha_0.1,0.6226444723618091,0.731471800941502,0.7301355851267619,False,fr,0.6745762711864407
semantic_kernel_heat_t=0.7_alpha_0.2,0.624005443886097,0.7322838153155302,0.7309448469096917,False,fr,0.6745762711864407
semantic_kernel_heat_t=0.7_alpha_0.3,0.623534338358459,0.7306088147311647,0.7292755242934088,False,fr,0.6745762711864407
semantic_kernel_heat_t=0.7_alpha_0.4,0.6236390284757118,0.7329408492193384,0.7315996535799278,False,fr,0.6745762711864407
semantic_kernel_heat_t=0.7_alpha_0.5,0.6259422110552764,0.7331275855850463,0.7317857569410062,False,fr,0.6745762711864407
semantic_kernel_heat_t=0.7_alpha_0.6,0.6248953098827471,0.7306106949161121,0.7292773981048482,False,fr,0.6745762711864407
semantic_kernel_heat_t=0.7_alpha_0.7,0.6230108877721943,0.7382078873001361,0.7385437525485872,False,fr,0.6745762711864407
semantic_kernel_heat_t=0.7_alpha_0.8,0.6206553601340034,0.732988343795654,0.733341902411917,False,fr,0.6745762711864407
semantic_kernel_heat_t=0.7_alpha_0.9,0.6172005862646567,0.7410420246631283,0.7413682826662811,False,fr,0.6745762711864407
semantic_kernel_heat_t=0.7_alpha_1.0,0.6001099246231156,0.7235014366434754,0.7221922390127966,False,fr,0.6745762711864407
semantic_kernel_heatn_t=0.7_alpha_0.0,0.6212311557788947,0.7279442132335103,0.7266199553432041,False,fr,0.6745762711864407
semantic_kernel_heatn_t=0.7_alpha_0.1,0.6225921273031826,0.7312962512193146,0.7299606304883787,False,fr,0.6745762711864407
semantic_kernel_heatn_t=0.7_alpha_0.2,0.6237437185929648,0.7320441348229461,0.7307059788933538,False,fr,0.6745762711864407
semantic_kernel_heatn_t=0.7_alpha_0.3,0.6226968174204355,0.7317806039794381,0.730443341374739,False,fr,0.6745762711864407
semantic_kernel_heatn_t=0.7_alpha_0.4,0.6228015075376885,0.7332641451028722,0.7319218535452123,False,fr,0.6745762711864407
semantic_kernel_heatn_t=0.7_alpha_0.5,0.6225397822445561,0.7308428034098182,0.729508719790101,False,fr,0.6745762711864407
semantic_kernel_heatn_t=0.7_alpha_0.6,0.6220163316582915,0.7289120003479568,0.7275844618233643,False,fr,0.6745762711864407
semantic_kernel_heatn_t=0.7_alpha_0.7,0.6229061976549414,0.7330543692016669,0.7334077040029942,False,fr,0.6745762711864407
semantic_kernel_heatn_t=0.7_alpha_0.8,0.630391541038526,0.7284741583165144,0.7271481040021981,False,fr,0.6745762711864407
semantic_kernel_heatn_t=0.7_alpha_0.9,0.6325900335008376,0.735472684892217,0.734122906759,False,fr,0.6745762711864407
semantic_kernel_heatn_t=0.7_alpha_1.0,0.6298419179229482,0.7350574978210208,0.7337091271016045,False,fr,0.6745762711864407
semantic_kernel_matern_kappa=1.0_nu=1.0_alpha_0.0,0.6212311557788947,0.7279442132335103,0.7266199553432041,False,fr,0.6745762711864407
semantic_kernel_matern_kappa=1.0_nu=1.0_alpha_0.1,0.6227491624790621,0.7315095665448808,0.7301732227111462,False,fr,0.6745762711864407
semantic_kernel_matern_kappa=1.0_nu=1.0_alpha_0.2,0.6242671691792295,0.7322018203405731,0.7308631298838024,False,fr,0.6745762711864407
semantic_kernel_matern_kappa=1.0_nu=1.0_alpha_0.3,0.6232726130653267,0.730206026341262,0.7288741012878788,False,fr,0.6745762711864407
semantic_kernel_matern_kappa=1.0_nu=1.0_alpha_0.4,0.6267273869346734,0.7332736159142446,0.7319312922521394,False,fr,0.6745762711864407
semantic_kernel_matern_kappa=1.0_nu=1.0_alpha_0.5,0.628925879396985,0.7323975964837468,0.7310582423790333,False,fr,0.6745762711864407
semantic_kernel_matern_kappa=1.0_nu=1.0_alpha_0.6,0.6282977386934674,0.7309010332737398,0.7295667522646533,False,fr,0.6745762711864407
semantic_kernel_matern_kappa=1.0_nu=1.0_alpha_0.7,0.628716499162479,0.7367206508745399,0.7370615576023998,False,fr,0.6745762711864407
semantic_kernel_matern_kappa=1.0_nu=1.0_alpha_0.8,0.6282977386934674,0.7293307571522757,0.7280017991130924,False,fr,0.6745762711864407
semantic_kernel_matern_kappa=1.0_nu=1.0_alpha_0.9,0.6289258793969851,0.7367602887701374,0.7371010611322496,False,fr,0.6745762711864407
semantic_kernel_matern_kappa=1.0_nu=1.0_alpha_1.0,0.6310196817420436,0.7387209774432391,0.7390551034030695,False,fr,0.6745762711864407
semantic_kernel_maternn_kappa=1.0_nu=1.0_alpha_0.0,0.6212311557788947,0.7279442132335103,0.7266199553432041,False,fr,0.6745762711864407
semantic_kernel_maternn_kappa=1.0_nu=1.0_alpha_0.1,0.6226444723618091,0.7313292741372197,0.7299935414641892,False,fr,0.6745762711864407
semantic_kernel_maternn_kappa=1.0_nu=1.0_alpha_0.2,0.623639028475712,0.7320162841687454,0.7306782226481504,False,fr,0.6745762711864407
semantic_kernel_maternn_kappa=1.0_nu=1.0_alpha_0.3,0.6225397822445561,0.7315009465776219,0.7301646319641155,False,fr,0.6745762711864407
semantic_kernel_maternn_kappa=1.0_nu=1.0_alpha_0.4,0.6224874371859297,0.7332436354107328,0.731901413377453,False,fr,0.6745762711864407
semantic_kernel_maternn_kappa=1.0_nu=1.0_alpha_0.5,0.6224350921273031,0.7315301982506416,0.7301937844789215,False,fr,0.6745762711864407
semantic_kernel_maternn_kappa=1.0_nu=1.0_alpha_0.6,0.6226444723618091,0.7313054299414294,0.7299697780961812,False,fr,0.6745762711864407
semantic_kernel_maternn_kappa=1.0_nu=1.0_alpha_0.7,0.621963986599665,0.7362791312499387,0.7366215346544922,False,fr,0.6745762711864407
semantic_kernel_maternn_kappa=1.0_nu=1.0_alpha_0.8,0.6223304020100503,0.7266577361385644,0.7253378391875631,False,fr,0.6745762711864407
semantic_kernel_maternn_kappa=1.0_nu=1.0_alpha_0.9,0.63285175879397,0.7348167359120348,0.7334691813346829,False,fr,0.6745762711864407
semantic_kernel_maternn_kappa=1.0_nu=1.0_alpha_1.0,0.628271566164154,0.734784783100995,0.7334373368382568,False,fr,0.6745762711864407
semantic_kernel_matern_kappa=1.0_nu=2.0_alpha_0.0,0.6212311557788947,0.7279442132335103,0.7266199553432041,False,fr,0.6745762711864407
semantic_kernel_matern_kappa=1.0_nu=2.0_alpha_0.1,0.6226444723618091,0.7314232945544092,0.7300872431681,False,fr,0.6745762711864407
semantic_kernel_matern_kappa=1.0_nu=2.0_alpha_0.2,0.6245288944723618,0.73228746875644,0.7309484879660562,False,fr,0.6745762711864407
semantic_kernel_matern_kappa=1.0_nu=2.0_alpha_0.3,0.6245812395309883,0.7304216106452539,0.7290889547976199,False,fr,0.6745762711864407
semantic_kernel_matern_kappa=1.0_nu=2.0_alpha_0.4,0.6280360134003351,0.7339232897199905,0.732578763773798,False,fr,0.6745762711864407
semantic_kernel_matern_kappa=1.0_nu=2.0_alpha_0.5,0.6275649078726968,0.7317463867798991,0.730409240165707,False,fr,0.6745762711864407
semantic_kernel_matern_kappa=1.0_nu=2.0_alpha_0.6,0.6286118090452261,0.7323504030524989,0.7310112089255182,False,fr,0.6745762711864407
semantic_kernel_matern_kappa=1.0_nu=2.0_alpha_0.7,0.6296587102177557,0.7383831788574662,0.7387184498972484,False,fr,0.6745762711864407
semantic_kernel_matern_kappa=1.0_nu=2.0_alpha_0.8,0.6304962311557789,0.7292926899132729,0.7279638609155777,False,fr,0.6745762711864407
semantic_kernel_matern_kappa=1.0_nu=2.0_alpha_0.9,0.6318048576214407,0.7374090810912042,0.7377476541573126,False,fr,0.6745762711864407
semantic_kernel_matern_kappa=1.0_nu=2.0_alpha_1.0,0.6298942629815747,0.7374583205546859,0.7377967267073589,False,fr,0.6745762711864407
semantic_kernel_maternn_kappa=1.0_nu=2.0_alpha_0.0,0.6212311557788947,0.7279442132335103,0.7266199553432041,False,fr,0.6745762711864407
semantic_kernel_maternn_kappa=1.0_nu=2.0_alpha_0.1,0.6226444723618091,0.7313292741372197,0.7299935414641892,False,fr,0.6745762711864407
semantic_kernel_maternn_kappa=1.0_nu=2.0_alpha_0.2,0.623639028475712,0.7320162841687454,0.7306782226481504,False,fr,0.6745762711864407
semantic_kernel_maternn_kappa=1.0_nu=2.0_alpha_0.3,0.6224350921273033,0.7314511552646099,0.7301150094352155,False,fr,0.6745762711864407
semantic_kernel_maternn_kappa=1.0_nu=2.0_alpha_0.4,0.6224874371859297,0.7332782694542552,0.7319359300174381,False,fr,0.6745762711864407
semantic_kernel_maternn_kappa=1.0_nu=2.0_alpha_0.5,0.6223304020100503,0.7314772215918712,0.7301409874020452,False,fr,0.6745762711864407
semantic_kernel_maternn_kappa=1.0_nu=2.0_alpha_0.6,0.6224874371859296,0.731199942533757,0.7298646482729415,False,fr,0.6745762711864407
semantic_kernel_maternn_kappa=1.0_nu=2.0_alpha_0.7,0.6221733668341709,0.7354076800453391,0.7357530375217726,False,fr,0.6745762711864407
semantic_kernel_maternn_kappa=1.0_nu=2.0_alpha_0.8,0.6233249581239529,0.7271258872952722,0.7258044033911972,False,fr,0.6745762711864407
semantic_kernel_maternn_kappa=1.0_nu=2.0_alpha_0.9,0.6323806532663317,0.73472383823249,0.7333765985625263,False,fr,0.6745762711864407
semantic_kernel_maternn_kappa=1.0_nu=2.0_alpha_1.0,0.6288473618090453,0.7347629747008066,0.7334156023648487,False,fr,0.6745762711864407
semantic_kernel_matern_kappa=1.0_nu=3.0_alpha_0.0,0.6212311557788947,0.7279442132335103,0.7266199553432041,False,fr,0.6745762711864407
semantic_kernel_matern_kappa=1.0_nu=3.0_alpha_0.1,0.6225397822445561,0.7313430650564406,0.7300072856345313,False,fr,0.6745762711864407
semantic_kernel_matern_kappa=1.0_nu=3.0_alpha_0.2,0.6249476549413736,0.7325109289476008,0.7311711906650435,False,fr,0.6745762711864407
semantic_kernel_matern_kappa=1.0_nu=3.0_alpha_0.3,0.6246335845896148,0.7306950700411579,0.7293614872125208,False,fr,0.6745762711864407
semantic_kernel_matern_kappa=1.0_nu=3.0_alpha_0.4,0.6273031825795644,0.7320895347980196,0.7307512249702067,False,fr,0.6745762711864407
semantic_kernel_matern_kappa=1.0_nu=3.0_alpha_0.5,0.628140703517588,0.7332247047062448,0.733577462099082,False,fr,0.6745762711864407
semantic_kernel_matern_kappa=1.0_nu=3.0_alpha_0.6,0.6287164991624792,0.7332444657427284,0.7319022408947639,False,fr,0.6745762711864407
semantic_kernel_matern_kappa=1.0_nu=3.0_alpha_0.7,0.629501675041876,0.731369716837781,0.7300338470708502,False,fr,0.6745762711864407
semantic_kernel_matern_kappa=1.0_nu=3.0_alpha_0.8,0.6307056113902847,0.7386099611368473,0.7389444634231399,False,fr,0.6745762711864407
semantic_kernel_matern_kappa=1.0_nu=3.0_alpha_0.9,0.6294493299832495,0.737139686757615,0.7374791730248543,False,fr,0.6745762711864407
semantic_kernel_matern_kappa=1.0_nu=3.0_alpha_1.0,0.6253140703517588,0.7400877436827141,0.7404172365366479,False,fr,0.6745762711864407
semantic_kernel_maternn_kappa=1.0_nu=3.0_alpha_0.0,0.6212311557788947,0.7279442132335103,0.7266199553432041,False,fr,0.6745762711864407
semantic_kernel_maternn_kappa=1.0_nu=3.0_alpha_0.1,0.6226444723618091,0.7313292741372197,0.7299935414641892,False,fr,0.6745762711864407
semantic_kernel_maternn_kappa=1.0_nu=3.0_alpha_0.2,0.623639028475712,0.7320162841687454,0.7306782226481504,False,fr,0.6745762711864407
semantic_kernel_maternn_kappa=1.0_nu=3.0_alpha_0.3,0.6223827470686768,0.7314386960684773,0.730102592473646,False,fr,0.6745762711864407
semantic_kernel_maternn_kappa=1.0_nu=3.0_alpha_0.4,0.6223304020100501,0.7316386471688938,0.7303018657737219,False,fr,0.6745762711864407
semantic_kernel_maternn_kappa=1.0_nu=3.0_alpha_0.5,0.6224350921273031,0.7324060429411996,0.7327615754586639,False,fr,0.6745762711864407
semantic_kernel_maternn_kappa=1.0_nu=3.0_alpha_0.6,0.6223827470686766,0.7309010266243919,0.7295667456378456,False,fr,0.6745762711864407
semantic_kernel_maternn_kappa=1.0_nu=3.0_alpha_0.7,0.6220163316582914,0.728755533000911,0.7274285248741053,False,fr,0.6745762711864407
semantic_kernel_maternn_kappa=1.0_nu=3.0_alpha_0.8,0.6240054438860972,0.7331119267135373,0.7334650664046547,False,fr,0.6745762711864407
semantic_kernel_maternn_kappa=1.0_nu=3.0_alpha_0.9,0.6331134840871022,0.7350724403695391,0.733724018997416,False,fr,0.6745762711864407
semantic_kernel_maternn_kappa=1.0_nu=3.0_alpha_1.0,0.6288473618090454,0.7347202515357485,0.7333730240240788,False,fr,0.6745762711864407
semantic_kernel_matern_kappa=2.0_nu=1.0_alpha_0.0,0.6212311557788947,0.7279442132335103,0.7266199553432041,False,fr,0.6745762711864407
semantic_kernel_matern_kappa=2.0_nu=1.0_alpha_0.1,0.6226444723618091,0.7313679584185261,0.7300320946123386,False,fr,0.6745762711864407
semantic_kernel_matern_kappa=2.0_nu=1.0_alpha_0.2,0.6242671691792295,0.7322279193096113,0.7308891403817591,False,fr,0.6745762711864407
semantic_kernel_matern_kappa=2.0_nu=1.0_alpha_0.3,0.623534338358459,0.7308544273551509,0.7295203043322291,False,fr,0.6745762711864407
semantic_kernel_matern_kappa=2.0_nu=1.0_alpha_0.4,0.6252093802345058,0.7324024613418608,0.7310630907461027,False,fr,0.6745762711864407
semantic_kernel_matern_kappa=2.0_nu=1.0_alpha_0.5,0.6274078726968174,0.7329622322753488,0.7316209641510026,False,fr,0.6745762711864407
semantic_kernel_matern_kappa=2.0_nu=1.0_alpha_0.6,0.6268320770519263,0.7313357639843528,0.7300000093118406,False,fr,0.6745762711864407
semantic_kernel_matern_kappa=2.0_nu=1.0_alpha_0.7,0.6286641541038526,0.7385707901548522,0.7389054252241348,False,fr,0.6745762711864407
semantic_kernel_matern_kappa=2.0_nu=1.0_alpha_0.8,0.6277219430485761,0.7283675052060375,0.727041812427689,False,fr,0.6745762711864407
semantic_kernel_matern_kappa=2.0_nu=1.0_alpha_0.9,0.6279836683417086,0.7378181389643754,0.7381553253936258,False,fr,0.6745762711864407
semantic_kernel_matern_kappa=2.0_nu=1.0_alpha_1.0,0.62937081239531,0.7395542183332282,0.7398855197476687,False,fr,0.6745762711864407
semantic_kernel_maternn_kappa=2.0_nu=1.0_alpha_0.0,0.6212311557788947,0.7279442132335103,0.7266199553432041,False,fr,0.6745762711864407
semantic_kernel_maternn_kappa=2.0_nu=1.0_alpha_0.1,0.6225921273031826,0.7312962512193146,0.7299606304883787,False,fr,0.6745762711864407
semantic_kernel_maternn_kappa=2.0_nu=1.0_alpha_0.2,0.6235866834170855,0.7321028368726976,0.7307644819531061,False,fr,0.6745762711864407
semantic_kernel_maternn_kappa=2.0_nu=1.0_alpha_0.3,0.6225397822445561,0.7315676127985908,0.7302310721978945,False,fr,0.6745762711864407
semantic_kernel_maternn_kappa=2.0_nu=1.0_alpha_0.4,0.6232202680067,0.7331814303133204,0.7318394191447776,False,fr,0.6745762711864407
semantic_kernel_maternn_kappa=2.0_nu=1.0_alpha_0.5,0.6230108877721944,0.7303774357713162,0.7290449296690176,False,fr,0.6745762711864407
semantic_kernel_maternn_kappa=2.0_nu=1.0_alpha_0.6,0.6235866834170855,0.7287686401838273,0.7274415876258931,False,fr,0.6745762711864407
semantic_kernel_maternn_kappa=2.0_nu=1.0_alpha_0.7,0.6269367671691793,0.733671325628138,0.7340225690517485,False,fr,0.6745762711864407
semantic_kernel_maternn_kappa=2.0_nu=1.0_alpha_0.8,0.6294493299832495,0.7292505703933292,0.7279218841736679,False,fr,0.6745762711864407
semantic_kernel_maternn_kappa=2.0_nu=1.0_alpha_0.9,0.6266226968174204,0.7346647992117977,0.7333177596741075,False,fr,0.6745762711864407
semantic_kernel_maternn_kappa=2.0_nu=1.0_alpha_1.0,0.6264918341708543,0.7350264687967998,0.7336782032605166,False,fr,0.6745762711864407
semantic_kernel_matern_kappa=2.0_nu=2.0_alpha_0.0,0.6212311557788947,0.7279442132335103,0.7266199553432041,False,fr,0.6745762711864407
semantic_kernel_matern_kappa=2.0_nu=2.0_alpha_0.1,0.6228538525963149,0.7315143441044006,0.730177984075549,False,fr,0.6745762711864407
semantic_kernel_matern_kappa=2.0_nu=2.0_alpha_0.2,0.6241101340033501,0.732338000464368,0.730998848380059,False,fr,0.6745762711864407
semantic_kernel_matern_kappa=2.0_nu=2.0_alpha_0.3,0.6240054438860972,0.7314729184687367,0.7301366988657688,False,fr,0.6745762711864407
semantic_kernel_matern_kappa=2.0_nu=2.0_alpha_0.4,0.6232726130653266,0.7318044836620513,0.7304671401092756,False,fr,0.6745762711864407
semantic_kernel_matern_kappa=2.0_nu=2.0_alpha_0.5,0.6253664154103853,0.7323050986750872,0.7309660581222673,False,fr,0.6745762711864407
semantic_kernel_matern_kappa=2.0_nu=2.0_alpha_0.6,0.6274602177554439,0.732939918320466,0.7315987258366448,False,fr,0.6745762711864407
semantic_kernel_matern_kappa=2.0_nu=2.0_alpha_0.7,0.6257851758793971,0.738115403838041,0.7384515825897534,False,fr,0.6745762711864407
semantic_kernel_matern_kappa=2.0_nu=2.0_alpha_0.8,0.6225397822445561,0.7325439494587616,0.7328990144965054,False,fr,0.6745762711864407
semantic_kernel_matern_kappa=2.0_nu=2.0_alpha_0.9,0.6237960636515913,0.7391667395559525,0.7394993544577736,False,fr,0.6745762711864407
semantic_kernel_matern_kappa=2.0_nu=2.0_alpha_1.0,0.6137719849246231,0.7360697525738137,0.7364128657365913,False,fr,0.6745762711864407
semantic_kernel_maternn_kappa=2.0_nu=2.0_alpha_0.0,0.6212311557788947,0.7279442132335103,0.7266199553432041,False,fr,0.6745762711864407
semantic_kernel_maternn_kappa=2.0_nu=2.0_alpha_0.1,0.6225921273031826,0.7313094841403267,0.7299738185520314,False,fr,0.6745762711864407
semantic_kernel_maternn_kappa=2.0_nu=2.0_alpha_0.2,0.6237437185929648,0.7321665239128279,0.7308279531049648,False,fr,0.6745762711864407
semantic_kernel_maternn_kappa=2.0_nu=2.0_alpha_0.3,0.6225921273031826,0.7313437613902467,0.7300079796078839,False,fr,0.6745762711864407
semantic_kernel_maternn_kappa=2.0_nu=2.0_alpha_0.4,0.6228015075376885,0.7323453574416395,0.7310061804184246,False,fr,0.6745762711864407
semantic_kernel_maternn_kappa=2.0_nu=2.0_alpha_0.5,0.6232202680067002,0.7292298123286021,0.7279011964752617,False,fr,0.6745762711864407
semantic_kernel_maternn_kappa=2.0_nu=2.0_alpha_0.6,0.624895309882747,0.7282057700011914,0.7268806254777745,False,fr,0.6745762711864407
semantic_kernel_maternn_kappa=2.0_nu=2.0_alpha_0.7,0.6307056113902848,0.7356339135691308,0.7359785041522633,False,fr,0.6745762711864407
semantic_kernel_maternn_kappa=2.0_nu=2.0_alpha_0.8,0.6291352596314909,0.7290511505424888,0.7277231403223218,False,fr,0.6745762711864407
semantic_kernel_maternn_kappa=2.0_nu=2.0_alpha_0.9,0.6271461474036851,0.7343587765730195,0.7330127744002066,False,fr,0.6745762711864407
semantic_kernel_maternn_kappa=2.0_nu=2.0_alpha_1.0,0.6266488693467337,0.7340299908558576,0.7326851032108994,False,fr,0.6745762711864407
semantic_kernel_matern_kappa=2.0_nu=3.0_alpha_0.0,0.6212311557788947,0.7279442132335103,0.7266199553432041,False,fr,0.6745762711864407
semantic_kernel_matern_kappa=2.0_nu=3.0_alpha_0.1,0.6229061976549414,0.7315336554815107,0.730197229990364,False,fr,0.6745762711864407
semantic_kernel_matern_kappa=2.0_nu=3.0_alpha_0.2,0.62411013400335,0.7323164075809732,0.730977328692879,False,fr,0.6745762711864407
semantic_kernel_matern_kappa=2.0_nu=3.0_alpha_0.3,0.623639028475712,0.7312184617128086,0.729883104675115,False,fr,0.6745762711864407
semantic_kernel_matern_kappa=2.0_nu=3.0_alpha_0.4,0.6233773031825796,0.7319875710240162,0.7306496068361151,False,fr,0.6745762711864407
semantic_kernel_matern_kappa=2.0_nu=3.0_alpha_0.5,0.6246335845896146,0.7301979783900336,0.7288660806178411,False,fr,0.6745762711864407
semantic_kernel_matern_kappa=2.0_nu=3.0_alpha_0.6,0.6238484087102177,0.7321429849415074,0.7308044939267675,False,fr,0.6745762711864407
semantic_kernel_matern_kappa=2.0_nu=3.0_alpha_0.7,0.6254187604690117,0.7387268515997161,0.7390609576471516,False,fr,0.6745762711864407
semantic_kernel_matern_kappa=2.0_nu=3.0_alpha_0.8,0.6191373534338358,0.7305844106770887,0.7309461182191773,False,fr,0.6745762711864407
semantic_kernel_matern_kappa=2.0_nu=3.0_alpha_0.9,0.621074120603015,0.7417456655997403,0.7420695383793793,False,fr,0.6745762711864407
semantic_kernel_matern_kappa=2.0_nu=3.0_alpha_1.0,0.6057631909547739,0.7298083834207657,0.7301727215637231,False,fr,0.6745762711864407
semantic_kernel_maternn_kappa=2.0_nu=3.0_alpha_0.0,0.6212311557788947,0.7279442132335103,0.7266199553432041,False,fr,0.6745762711864407
semantic_kernel_maternn_kappa=2.0_nu=3.0_alpha_0.1,0.6225921273031826,0.7313094841403267,0.7299738185520314,False,fr,0.6745762711864407
semantic_kernel_maternn_kappa=2.0_nu=3.0_alpha_0.2,0.6240577889447235,0.7323000209813622,0.7309609976410634,False,fr,0.6745762711864407
semantic_kernel_maternn_kappa=2.0_nu=3.0_alpha_0.3,0.622749162479062,0.7311893300503061,0.7298540717640108,False,fr,0.6745762711864407
semantic_kernel_maternn_kappa=2.0_nu=3.0_alpha_0.4,0.6230632328308208,0.7320947631822337,0.7307564356310844,False,fr,0.6745762711864407
semantic_kernel_maternn_kappa=2.0_nu=3.0_alpha_0.5,0.6237437185929648,0.729153580713095,0.7278252232720106,False,fr,0.6745762711864407
semantic_kernel_maternn_kappa=2.0_nu=3.0_alpha_0.6,0.625785175879397,0.728537078720203,0.7272108111163827,False,fr,0.6745762711864407
semantic_kernel_maternn_kappa=2.0_nu=3.0_alpha_0.7,0.6317001675041876,0.7358065707033535,0.7361505760080649,False,fr,0.6745762711864407
semantic_kernel_maternn_kappa=2.0_nu=3.0_alpha_0.8,0.6290829145728644,0.728836945137186,0.727509661037037,False,fr,0.6745762711864407
semantic_kernel_maternn_kappa=2.0_nu=3.0_alpha_0.9,0.6275125628140703,0.7341044215011805,0.7327592815489501,False,fr,0.6745762711864407
semantic_kernel_maternn_kappa=2.0_nu=3.0_alpha_1.0,0.6269105946398661,0.7340278040990444,0.7326829238668212,False,fr,0.6745762711864407
semantic_kernel_matern_kappa=3.0_nu=1.0_alpha_0.0,0.6212311557788947,0.7279442132335103,0.7266199553432041,False,fr,0.6745762711864407
semantic_kernel_matern_kappa=3.0_nu=1.0_alpha_0.1,0.6229061976549414,0.7315614774784496,0.7302249576754488,False,fr,0.6745762711864407
semantic_kernel_matern_kappa=3.0_nu=1.0_alpha_0.2,0.6242671691792295,0.7323812520632871,0.7310419533633886,False,fr,0.6745762711864407
semantic_kernel_matern_kappa=3.0_nu=1.0_alpha_0.3,0.623534338358459,0.7311911703155111,0.7298559057910288,False,fr,0.6745762711864407
semantic_kernel_matern_kappa=3.0_nu=1.0_alpha_0.4,0.6233773031825796,0.7303500111624046,0.7290175980248819,False,fr,0.6745762711864407
semantic_kernel_matern_kappa=3.0_nu=1.0_alpha_0.5,0.6259422110552764,0.7328539407729916,0.7332079549927213,False,fr,0.6745762711864407
semantic_kernel_matern_kappa=3.0_nu=1.0_alpha_0.6,0.6279836683417086,0.732988811828378,0.7316474536038521,False,fr,0.6745762711864407
semantic_kernel_matern_kappa=3.0_nu=1.0_alpha_0.7,0.6273555276381909,0.7317728950383158,0.7304356585656206,False,fr,0.6745762711864407
semantic_kernel_matern_kappa=3.0_nu=1.0_alpha_0.8,0.6268844221105527,0.737635653092313,0.73797345811774,False,fr,0.6745762711864407
semantic_kernel_matern_kappa=3.0_nu=1.0_alpha_0.9,0.6253664154103854,0.7365457840729049,0.7368872835695839,False,fr,0.6745762711864407
semantic_kernel_matern_kappa=3.0_nu=1.0_alpha_1.0,0.6271723199329984,0.7379882327127255,0.7383248425529984,False,fr,0.6745762711864407
semantic_kernel_maternn_kappa=3.0_nu=1.0_alpha_0.0,0.6212311557788947,0.7279442132335103,0.7266199553432041,False,fr,0.6745762711864407
semantic_kernel_maternn_kappa=3.0_nu=1.0_alpha_0.1,0.6225921273031826,0.7312771590072606,0.7299416029956876,False,fr,0.6745762711864407
semantic_kernel_maternn_kappa=3.0_nu=1.0_alpha_0.2,0.6237437185929647,0.7321847361303018,0.7308461035861084,False,fr,0.6745762711864407
semantic_kernel_maternn_kappa=3.0_nu=1.0_alpha_0.3,0.6230108877721944,0.731271099802862,0.729935564330965,False,fr,0.6745762711864407
semantic_kernel_maternn_kappa=3.0_nu=1.0_alpha_0.4,0.6231679229480738,0.7306052655450108,0.7292719871383945,False,fr,0.6745762711864407
semantic_kernel_maternn_kappa=3.0_nu=1.0_alpha_0.5,0.6249476549413735,0.7312714331008188,0.7316308117533354,False,fr,0.6745762711864407
semantic_kernel_maternn_kappa=3.0_nu=1.0_alpha_0.6,0.6267273869346734,0.7292911866197372,0.7279623627179524,False,fr,0.6745762711864407
semantic_kernel_maternn_kappa=3.0_nu=1.0_alpha_0.7,0.6282977386934674,0.7284528002457415,0.7271268183316653,False,fr,0.6745762711864407
semantic_kernel_maternn_kappa=3.0_nu=1.0_alpha_0.8,0.6265180067001676,0.733961212064776,0.7326165575682622,False,fr,0.6745762711864407
semantic_kernel_maternn_kappa=3.0_nu=1.0_alpha_0.9,0.6258375209380235,0.7350833522745168,0.7337348939128853,False,fr,0.6745762711864407
semantic_kernel_maternn_kappa=3.0_nu=1.0_alpha_1.0,0.6264394891122278,0.7356568659758842,0.7343064635000106,False,fr,0.6745762711864407
semantic_kernel_matern_kappa=3.0_nu=2.0_alpha_0.0,0.6212311557788947,0.7279442132335103,0.7266199553432041,False,fr,0.6745762711864407
semantic_kernel_matern_kappa=3.0_nu=2.0_alpha_0.1,0.6228015075376884,0.7315423084174969,0.7302058535943636,False,fr,0.6745762711864407
semantic_kernel_matern_kappa=3.0_nu=2.0_alpha_0.2,0.6240577889447235,0.7322273049500363,0.7308885281047589,False,fr,0.6745762711864407
semantic_kernel_matern_kappa=3.0_nu=2.0_alpha_0.3,0.6237960636515912,0.7310913190078346,0.7297563929623613,False,fr,0.6745762711864407
semantic_kernel_matern_kappa=3.0_nu=2.0_alpha_0.4,0.6236913735343385,0.7315065762059285,0.7301702425089363,False,fr,0.6745762711864407
semantic_kernel_matern_kappa=3.0_nu=2.0_alpha_0.5,0.6255234505862647,0.732602975654415,0.7329578406033601,False,fr,0.6745762711864407
semantic_kernel_matern_kappa=3.0_nu=2.0_alpha_0.6,0.6247382747068676,0.7300649616116293,0.7287335147437703,False,fr,0.6745762711864407
semantic_kernel_matern_kappa=3.0_nu=2.0_alpha_0.7,0.6249476549413734,0.7324681047095343,0.7311285115938858,False,fr,0.6745762711864407
semantic_kernel_matern_kappa=3.0_nu=2.0_alpha_0.8,0.6228538525963149,0.7374261960761143,0.7377647111253248,False,fr,0.6745762711864407
semantic_kernel_matern_kappa=3.0_nu=2.0_alpha_0.9,0.6159966499162479,0.7373408520704451,0.7376796564213698,False,fr,0.6745762711864407
semantic_kernel_matern_kappa=3.0_nu=2.0_alpha_1.0,0.6095320351758794,0.7313229615455268,0.7316821655253495,False,fr,0.6745762711864407
semantic_kernel_maternn_kappa=3.0_nu=2.0_alpha_0.0,0.6212311557788947,0.7279442132335103,0.7266199553432041,False,fr,0.6745762711864407
semantic_kernel_maternn_kappa=3.0_nu=2.0_alpha_0.1,0.6226968174204356,0.7314279934471867,0.7300919261324273,False,fr,0.6745762711864407
semantic_kernel_maternn_kappa=3.0_nu=2.0_alpha_0.2,0.6239007537688442,0.732153677897053,0.730815150635006,False,fr,0.6745762711864407
semantic_kernel_maternn_kappa=3.0_nu=2.0_alpha_0.3,0.623429648241206,0.7312401062862558,0.7299046758771269,False,fr,0.6745762711864407
semantic_kernel_maternn_kappa=3.0_nu=2.0_alpha_0.4,0.623639028475712,0.7302017949712031,0.7288698842614474,False,fr,0.6745762711864407
semantic_kernel_maternn_kappa=3.0_nu=2.0_alpha_0.5,0.6260469011725293,0.731167520960353,0.7315272518574135,False,fr,0.6745762711864407
semantic_kernel_maternn_kappa=3.0_nu=2.0_alpha_0.6,0.6279313232830821,0.7299354433227538,0.7286044354999418,False,fr,0.6745762711864407
semantic_kernel_maternn_kappa=3.0_nu=2.0_alpha_0.7,0.6260469011725293,0.7274705753847288,0.7261479230464525,False,fr,0.6745762711864407
semantic_kernel_maternn_kappa=3.0_nu=2.0_alpha_0.8,0.6255234505862647,0.7328352096364121,0.7314943720972826,False,fr,0.6745762711864407
semantic_kernel_maternn_kappa=3.0_nu=2.0_alpha_0.9,0.6247906197654941,0.733633999562443,0.7322904542608523,False,fr,0.6745762711864407
semantic_kernel_maternn_kappa=3.0_nu=2.0_alpha_1.0,0.6251832077051928,0.7341809129221913,0.7328355136770084,False,fr,0.6745762711864407
semantic_kernel_matern_kappa=3.0_nu=3.0_alpha_0.0,0.6212311557788947,0.7279442132335103,0.7266199553432041,False,fr,0.6745762711864407
semantic_kernel_matern_kappa=3.0_nu=3.0_alpha_0.1,0.6228015075376884,0.7315152620862668,0.7301788989456124,False,fr,0.6745762711864407
semantic_kernel_matern_kappa=3.0_nu=3.0_alpha_0.2,0.6238484087102178,0.7321389202138919,0.7308004429778896,False,fr,0.6745762711864407
semantic_kernel_matern_kappa=3.0_nu=3.0_alpha_0.3,0.6235866834170855,0.7310494858911433,0.729714701652845,False,fr,0.6745762711864407
semantic_kernel_matern_kappa=3.0_nu=3.0_alpha_0.4,0.6232726130653267,0.7313218658000051,0.7299861582399821,False,fr,0.6745762711864407
semantic_kernel_matern_kappa=3.0_nu=3.0_alpha_0.5,0.6257328308207705,0.7334004985772956,0.7337526600587055,False,fr,0.6745762711864407
semantic_kernel_matern_kappa=3.0_nu=3.0_alpha_0.6,0.6252617252931324,0.7317856392360012,0.7304483595626359,False,fr,0.6745762711864407
semantic_kernel_matern_kappa=3.0_nu=3.0_alpha_0.7,0.6237437185929648,0.731842091173577,0.7305046201377114,False,fr,0.6745762711864407
semantic_kernel_matern_kappa=3.0_nu=3.0_alpha_0.8,0.6192943886097152,0.7388517966640649,0.7391854791689095,False,fr,0.6745762711864407
semantic_kernel_matern_kappa=3.0_nu=3.0_alpha_0.9,0.6167818257956449,0.73617454564055,0.7365173035725929,False,fr,0.6745762711864407
semantic_kernel_matern_kappa=3.0_nu=3.0_alpha_1.0,0.6048733249581241,0.7292185054291949,0.7295848431585643,False,fr,0.6745762711864407
semantic_kernel_maternn_kappa=3.0_nu=3.0_alpha_0.0,0.6212311557788947,0.7279442132335103,0.7266199553432041,False,fr,0.6745762711864407
semantic_kernel_maternn_kappa=3.0_nu=3.0_alpha_0.1,0.6226444723618091,0.7314488076088305,0.7301126697375909,False,fr,0.6745762711864407
semantic_kernel_maternn_kappa=3.0_nu=3.0_alpha_0.2,0.6241624790619765,0.7322136906999588,0.7308749600046818,False,fr,0.6745762711864407
semantic_kernel_maternn_kappa=3.0_nu=3.0_alpha_0.3,0.6230108877721944,0.7306215573652695,0.729288223732144,False,fr,0.6745762711864407
semantic_kernel_maternn_kappa=3.0_nu=3.0_alpha_0.4,0.6239007537688442,0.7303369256526876,0.729004556872825,False,fr,0.6745762711864407
semantic_kernel_maternn_kappa=3.0_nu=3.0_alpha_0.5,0.6253140703517588,0.7310180929153083,0.7313783303481147,False,fr,0.6745762711864407
semantic_kernel_maternn_kappa=3.0_nu=3.0_alpha_0.6,0.6265180067001674,0.7292187043319933,0.7278901261328788,False,fr,0.6745762711864407
semantic_kernel_maternn_kappa=3.0_nu=3.0_alpha_0.7,0.6264133165829145,0.7275390987104048,0.7262162140896685,False,fr,0.6745762711864407
semantic_kernel_maternn_kappa=3.0_nu=3.0_alpha_0.8,0.6241101340033501,0.7315569762471212,0.7302204717025317,False,fr,0.6745762711864407
semantic_kernel_maternn_kappa=3.0_nu=3.0_alpha_0.9,0.6249476549413735,0.7334945975116194,0.7321515247593534,False,fr,0.6745762711864407
semantic_kernel_maternn_kappa=3.0_nu=3.0_alpha_1.0,0.6228276800670017,0.733771050831683,0.7324270409495187,False,fr,0.6745762711864407
semantic_kernel_prod_heat_t=0.1,0.6338986599664991,0.739533151379665,0.7398645242075077,False,fr,0.6745762711864407
semantic_kernel_sum_heat_t=0.1,0.6310720268006701,0.7356208052249384,0.7342705249888988,False,fr,0.6745762711864407
semantic_kernel_prod_heatn_t=0.1,0.6298157453936348,0.7336046020911617,0.7322611564420162,False,fr,0.6745762711864407
semantic_kernel_sum_heatn_t=0.1,0.6221210217755444,0.7348507642346074,0.7335030943070093,False,fr,0.6745762711864407
semantic_kernel_prod_heat_t=0.2,0.6330087939698492,0.7392508109272742,0.739583140841396,False,fr,0.6745762711864407
semantic_kernel_sum_heat_t=0.2,0.6254885197850514,0.7288917541552052,0.7274562398066381,False,fr,0.6745762711864407
semantic_kernel_prod_heatn_t=0.2,0.6297634003350084,0.7321345930721751,0.7307961305044498,False,fr,0.6745762711864407
semantic_kernel_sum_heatn_t=0.2,0.6231679229480738,0.7360995065467595,0.7347476035943745,False,fr,0.6745762711864407
semantic_kernel_prod_heat_t=0.3,0.6224350921273032,0.7387648741909991,0.7390988513482948,False,fr,0.6745762711864407
semantic_kernel_sum_heat_t=0.3,0.6256666666666666,0.7349727556493357,0.7332938312930191,False,fr,0.6745762711864407
semantic_kernel_prod_heatn_t=0.3,0.6298680904522613,0.7321120694201605,0.730773683203798,False,fr,0.6745762711864407
semantic_kernel_sum_heatn_t=0.3,0.623324958123953,0.7343746462384737,0.7330285902701845,False,fr,0.6745762711864407
semantic_kernel_prod_heat_t=0.4,0.6131176716917923,0.7313498706840675,0.7317089834464714,False,fr,0.6745762711864407
semantic_kernel_sum_heat_t=0.4,0.6203676685147361,0.7271916026995116,0.7254234903901837,False,fr,0.6745762711864407
semantic_kernel_prod_heatn_t=0.4,0.6304438860971525,0.7326201181295915,0.731280009714214,False,fr,0.6745762711864407
semantic_kernel_sum_heatn_t=0.4,0.6235866834170853,0.7342216270348745,0.7328760897757501,False,fr,0.6745762711864407
semantic_kernel_prod_heat_t=0.5,0.6059463986599665,0.7251256919393705,0.7238109883585359,False,fr,0.6745762711864407
semantic_kernel_sum_heat_t=0.5,0.6155529953917052,0.7298789001552626,0.7279811563597679,False,fr,0.6745762711864407
semantic_kernel_prod_heatn_t=0.5,0.6304962311557789,0.7353522576437019,0.7340028877384461,False,fr,0.6745762711864407
semantic_kernel_sum_heatn_t=0.5,0.6237960636515912,0.7342323341428607,0.7328867605884551,False,fr,0.6745762711864407
semantic_kernel_prod_heat_t=0.6,0.6041666666666667,0.7244368996627013,0.7231245309709402,False,fr,0.6745762711864407
semantic_kernel_sum_heat_t=0.6,0.613660477453581,0.7289116772301194,0.7268735549089542,False,fr,0.6745762711864407
semantic_kernel_prod_heatn_t=0.6,0.6302345058626466,0.7352509025626486,0.7339018762339387,False,fr,0.6745762711864407
semantic_kernel_sum_heatn_t=0.6,0.6237960636515912,0.7334699031419094,0.7321269140993715,False,fr,0.6745762711864407
semantic_kernel_prod_heat_t=0.7,0.6005025125628142,0.7232971544387792,0.7219886492901502,False,fr,0.6745762711864407
semantic_kernel_sum_heat_t=0.7,0.6134701912260967,0.7289121806056376,0.726825198938498,False,fr,0.6745762711864407
semantic_kernel_prod_heatn_t=0.7,0.6298680904522613,0.7350238209839494,0.7336755644233028,False,fr,0.6745762711864407
semantic_kernel_sum_heatn_t=0.7,0.624424204355109,0.7335340390734368,0.7321908326209616,False,fr,0.6745762711864407
semantic_kernel_prod_matern_kappa=1.0_nu=1.0,0.6313860971524288,0.7386930417169204,0.7390272623741282,False,fr,0.6745762711864407
semantic_kernel_sum_matern_kappa=1.0_nu=1.0,0.6288735343383586,0.7355244329044786,0.7358693946085082,False,fr,0.6745762711864407
semantic_kernel_prod_maternn_kappa=1.0_nu=1.0,0.6282977386934674,0.7347411759145308,0.7333938774727635,False,fr,0.6745762711864407
semantic_kernel_sum_maternn_kappa=1.0_nu=1.0,0.623534338358459,0.7355679059276119,0.7359127202654614,False,fr,0.6745762711864407
semantic_kernel_prod_matern_kappa=1.0_nu=2.0,0.6303391959798995,0.7380380094526888,0.7383744505582499,False,fr,0.6745762711864407
semantic_kernel_sum_matern_kappa=1.0_nu=2.0,0.6246843434343433,0.7399700323512729,0.7402991638530629,False,fr,0.6745762711864407
semantic_kernel_prod_maternn_kappa=1.0_nu=2.0,0.6288735343383587,0.7347745611961671,0.7334271495839536,False,fr,0.6745762711864407
semantic_kernel_sum_maternn_kappa=1.0_nu=2.0,0.624214824120603,0.7404781007356409,0.7408062703453276,False,fr,0.6745762711864407
semantic_kernel_prod_matern_kappa=1.0_nu=3.0,0.6256804857621441,0.7406013520310756,0.7409291038397608,False,fr,0.6745762711864407
semantic_kernel_sum_matern_kappa=1.0_nu=3.0,0.6128146453089245,0.7348169018468742,0.7351788257148788,False,fr,0.6745762711864407
semantic_kernel_prod_maternn_kappa=1.0_nu=3.0,0.6288735343383586,0.7347318380311088,0.7333845712431837,False,fr,0.6745762711864407
semantic_kernel_sum_maternn_kappa=1.0_nu=3.0,0.6245288944723619,0.7423962636707766,0.7427179310332255,False,fr,0.6745762711864407
semantic_kernel_prod_matern_kappa=2.0_nu=1.0,0.6298680904522613,0.7372829882300745,0.7376219887296105,False,fr,0.6745762711864407
semantic_kernel_sum_matern_kappa=2.0_nu=1.0,0.6232726130653266,0.7331546581547378,0.7335076529935123,False,fr,0.6745762711864407
semantic_kernel_prod_maternn_kappa=2.0_nu=1.0,0.6266226968174204,0.7331521607358559,0.7318102487862197,False,fr,0.6745762711864407
semantic_kernel_sum_maternn_kappa=2.0_nu=1.0,0.6239007537688441,0.7346181132361549,0.7349661472102467,False,fr,0.6745762711864407
semantic_kernel_prod_matern_kappa=2.0_nu=2.0,0.6141645728643216,0.7367297805915634,0.73707065637123,False,fr,0.6745762711864407
semantic_kernel_sum_matern_kappa=2.0_nu=2.0,0.6052937754508434,0.7296200164639446,0.728232961783452,False,fr,0.6745762711864407
semantic_kernel_prod_maternn_kappa=2.0_nu=2.0,0.626675041876047,0.7341523514884223,0.7328070490616588,False,fr,0.6745762711864407
semantic_kernel_sum_maternn_kappa=2.0_nu=2.0,0.6223304020100503,0.7330249272652181,0.7316834466154825,False,fr,0.6745762711864407
semantic_kernel_prod_matern_kappa=2.0_nu=3.0,0.606103433835846,0.7302032400329419,0.7305662396789089,False,fr,0.6745762711864407
semantic_kernel_sum_matern_kappa=2.0_nu=3.0,0.6113639811864663,0.7312763534628504,0.7317250535021014,False,fr,0.6745762711864407
semantic_kernel_prod_maternn_kappa=2.0_nu=3.0,0.6269367671691792,0.734096174881701,0.7327510628841127,False,fr,0.6745762711864407
semantic_kernel_sum_maternn_kappa=2.0_nu=3.0,0.6214405360134003,0.7329754365420146,0.7333290389116797,False,fr,0.6745762711864407
semantic_kernel_prod_matern_kappa=3.0_nu=1.0,0.6276172529313233,0.7366915492318845,0.7370325546093804,False,fr,0.6745762711864407
semantic_kernel_sum_matern_kappa=3.0_nu=1.0,0.6215452261306532,0.7384653073003122,0.7388002999385933,False,fr,0.6745762711864407
semantic_kernel_prod_maternn_kappa=3.0_nu=1.0,0.6265703517587939,0.7337276972610012,0.7323838343400934,False,fr,0.6745762711864407
semantic_kernel_sum_maternn_kappa=3.0_nu=1.0,0.6214928810720268,0.7356918679571967,0.734341346830539,False,fr,0.6745762711864407
semantic_kernel_prod_matern_kappa=3.0_nu=2.0,0.6099769681742043,0.7310832221320319,0.7314432387878326,False,fr,0.6745762711864407
semantic_kernel_sum_matern_kappa=3.0_nu=2.0,0.6113214460185636,0.7356509960341691,0.7360222243893418,False,fr,0.6745762711864407
semantic_kernel_prod_maternn_kappa=3.0_nu=2.0,0.6253140703517588,0.7322643581995142,0.7309254557500013,False,fr,0.6745762711864407
semantic_kernel_sum_maternn_kappa=3.0_nu=2.0,0.6125942211055276,0.7347458812540697,0.7350934821162363,False,fr,0.6745762711864407
semantic_kernel_prod_matern_kappa=3.0_nu=3.0,0.6052659128978224,0.7301226943709396,0.7304859670530489,False,fr,0.6745762711864407
semantic_kernel_sum_matern_kappa=3.0_nu=3.0,0.6014931927975405,0.7357352387538043,0.7340977552658141,False,fr,0.6745762711864407
semantic_kernel_prod_maternn_kappa=3.0_nu=3.0,0.6229585427135678,0.7304827930266184,0.7291499297810815,False,fr,0.6745762711864407
semantic_kernel_sum_maternn_kappa=3.0_nu=3.0,0.6072026800670016,0.724420510566083,0.7231081974305819,False,fr,0.6745762711864407
full_klu_heat_t=0.1_alpha_0.0,0.6216499162479063,0.7355715443302292,0.7359163463345104,False,fr,0.6745762711864407
full_klu_heat_t=0.1_alpha_0.1,0.6226444723618091,0.7372360169508244,0.7375751766750358,False,fr,0.6745762711864407
full_klu_heat_t=0.1_alpha_0.2,0.6229061976549414,0.737533325977934,0.7378714778749349,False,fr,0.6745762711864407
full_klu_heat_t=0.1_alpha_0.3,0.6232202680067002,0.7377845424091515,0.7381218427250297,False,fr,0.6745762711864407
full_klu_heat_t=0.1_alpha_0.4,0.6236913735343385,0.7383391251045646,0.7386745454791023,False,fr,0.6745762711864407
full_klu_heat_t=0.1_alpha_0.5,0.6233773031825797,0.7381029116459741,0.7384391327441002,False,fr,0.6745762711864407
full_klu_heat_t=0.1_alpha_0.6,0.6245288944723618,0.7386801858024485,0.7390144500390273,False,fr,0.6745762711864407
full_klu_heat_t=0.1_alpha_0.7,0.6247906197654942,0.7357017967973541,0.7343512420136113,False,fr,0.6745762711864407
full_klu_heat_t=0.1_alpha_0.8,0.627250837520938,0.7397514602382044,0.7400820930360179,False,fr,0.6745762711864407
full_klu_heat_t=0.1_alpha_0.9,0.628821189279732,0.7386686408477477,0.737308028965529,False,fr,0.6745762711864407
full_klu_heat_t=0.1_alpha_1.0,0.6119137353433836,0.737020174226522,0.7373600656209854,False,fr,0.6745762711864407
full_klu_heatn_t=0.1_alpha_0.0,0.6216499162479063,0.7355715443302292,0.7359163463345104,False,fr,0.6745762711864407
full_klu_heatn_t=0.1_alpha_0.1,0.6219116415410385,0.7371172906791879,0.7374568528653371,False,fr,0.6745762711864407
full_klu_heatn_t=0.1_alpha_0.2,0.621859296482412,0.7371949664957524,0.737534265374049,False,fr,0.6745762711864407
full_klu_heatn_t=0.1_alpha_0.3,0.6219116415410385,0.7371897847466778,0.7375291011902254,False,fr,0.6745762711864407
full_klu_heatn_t=0.1_alpha_0.4,0.6214405360134003,0.7371622927532528,0.7375017023899987,False,fr,0.6745762711864407
full_klu_heatn_t=0.1_alpha_0.5,0.6207600502512564,0.7367501136411427,0.7370909204952176,False,fr,0.6745762711864407
full_klu_heatn_t=0.1_alpha_0.6,0.6181951423785594,0.7354845209775853,0.7358296179762823,False,fr,0.6745762711864407
full_klu_heatn_t=0.1_alpha_0.7,0.6172005862646565,0.7354273400426415,0.7357726308750164,False,fr,0.6745762711864407
full_klu_heatn_t=0.1_alpha_0.8,0.6161536850921273,0.7291814782206576,0.727853026211751,False,fr,0.6745762711864407
full_klu_heatn_t=0.1_alpha_0.9,0.6125418760469012,0.7278358981395152,0.7265120074190193,False,fr,0.6745762711864407
full_klu_heatn_t=0.1_alpha_1.0,0.39193362646566166,0.59203154731341,0.591168010324528,False,fr,0.6745762711864407
full_klu_heat_t=0.2_alpha_0.0,0.6216499162479063,0.7355715443302292,0.7359163463345104,False,fr,0.6745762711864407
full_klu_heat_t=0.2_alpha_0.1,0.6232726130653267,0.7379868454386773,0.7383234599815741,False,fr,0.6745762711864407
full_klu_heat_t=0.2_alpha_0.2,0.6244765494137353,0.7381761505665757,0.7385121233971745,False,fr,0.6745762711864407
full_klu_heat_t=0.2_alpha_0.3,0.6258375209380234,0.7380757708355549,0.7384120839364283,False,fr,0.6745762711864407
full_klu_heat_t=0.2_alpha_0.4,0.627355527638191,0.7380080097144078,0.738344552513997,False,fr,0.6745762711864407
full_klu_heat_t=0.2_alpha_0.5,0.6297110552763819,0.7410536965897326,0.7413799150270325,False,fr,0.6745762711864407
full_klu_heat_t=0.2_alpha_0.6,0.6306532663316583,0.7416096616761105,0.7419339954859989,False,fr,0.6745762711864407
full_klu_heat_t=0.2_alpha_0.7,0.6313860971524288,0.7394328246831227,0.7380696223472246,False,fr,0.6745762711864407
full_klu_heat_t=0.2_alpha_0.8,0.6281930485762145,0.7422855201242192,0.7426075628885208,False,fr,0.6745762711864407
full_klu_heat_t=0.2_alpha_0.9,0.6225921273031826,0.7417206615403509,0.7420446190795131,False,fr,0.6745762711864407
full_klu_heat_t=0.2_alpha_1.0,0.6135102596314908,0.7390794357232002,0.7394123465702173,False,fr,0.6745762711864407
full_klu_heatn_t=0.2_alpha_0.0,0.6216499162479063,0.7355715443302292,0.7359163463345104,False,fr,0.6745762711864407
full_klu_heatn_t=0.2_alpha_0.1,0.6220163316582915,0.7371292798908644,0.7374688014356181,False,fr,0.6745762711864407
full_klu_heatn_t=0.2_alpha_0.2,0.6220163316582915,0.7371861508030142,0.7375254795650148,False,fr,0.6745762711864407
full_klu_heatn_t=0.2_alpha_0.3,0.6215975711892797,0.7369584565372997,0.7372985571442691,False,fr,0.6745762711864407
full_klu_heatn_t=0.2_alpha_0.4,0.620498324958124,0.7363837812131842,0.7367258298720994,False,fr,0.6745762711864407
full_klu_heatn_t=0.2_alpha_0.5,0.619608458961474,0.7359018656775141,0.7362455479484147,False,fr,0.6745762711864407
full_klu_heatn_t=0.2_alpha_0.6,0.6170958961474037,0.7290407021639975,0.7277127273620628,False,fr,0.6745762711864407
full_klu_heatn_t=0.2_alpha_0.7,0.6164154103852595,0.7291400176473135,0.7278117061827234,False,fr,0.6745762711864407
full_klu_heatn_t=0.2_alpha_0.8,0.6141122278056952,0.7282387922803596,0.7269135358170133,False,fr,0.6745762711864407
full_klu_heatn_t=0.2_alpha_0.9,0.6056846733668342,0.7252245702953035,0.7239095315336016,False,fr,0.6745762711864407
full_klu_heatn_t=0.2_alpha_1.0,0.39172424623115576,0.5919417255984396,0.5910784930899473,False,fr,0.6745762711864407
full_klu_heat_t=0.3_alpha_0.0,0.6216499162479063,0.7355715443302292,0.7359163463345104,False,fr,0.6745762711864407
full_klu_heat_t=0.3_alpha_0.1,0.6242671691792295,0.737960226141275,0.7382969309190782,False,fr,0.6745762711864407
full_klu_heat_t=0.3_alpha_0.2,0.6268320770519263,0.7384334666314979,0.7387685672042494,False,fr,0.6745762711864407
full_klu_heat_t=0.3_alpha_0.3,0.6298680904522613,0.73988209154548,0.7402122815253028,False,fr,0.6745762711864407
full_klu_heat_t=0.3_alpha_0.4,0.6315954773869347,0.7395918246516906,0.7382280833328483,False,fr,0.6745762711864407
full_klu_heat_t=0.3_alpha_0.5,0.6324853433835846,0.7436741225029228,0.7439914581405169,False,fr,0.6745762711864407
full_klu_heat_t=0.3_alpha_0.6,0.632537688442211,0.744248482808636,0.744563871462143,False,fr,0.6745762711864407
full_klu_heat_t=0.3_alpha_0.7,0.6284547738693468,0.7429791414129798,0.7432988329186757,False,fr,0.6745762711864407
full_klu_heat_t=0.3_alpha_0.8,0.6244242043551089,0.7413862512340779,0.7417113423674987,False,fr,0.6745762711864407
full_klu_heat_t=0.3_alpha_0.9,0.6206553601340034,0.7453783928381936,0.7456899512882108,False,fr,0.6745762711864407
full_klu_heat_t=0.3_alpha_1.0,0.6134317420435511,0.7404717160699537,0.7407999073225748,False,fr,0.6745762711864407
full_klu_heatn_t=0.3_alpha_0.0,0.6216499162479063,0.7355715443302292,0.7359163463345104,False,fr,0.6745762711864407
full_klu_heatn_t=0.3_alpha_0.1,0.622068676716918,0.7371209039650342,0.7374604539027566,False,fr,0.6745762711864407
full_klu_heatn_t=0.3_alpha_0.2,0.6221210217755444,0.7371348727284326,0.737474375314415,False,fr,0.6745762711864407
full_klu_heatn_t=0.3_alpha_0.3,0.6210217755443886,0.7364931984197514,0.7368348761728818,False,fr,0.6745762711864407
full_klu_heatn_t=0.3_alpha_0.4,0.6196608040201004,0.7301985032873393,0.7288666037358337,False,fr,0.6745762711864407
full_klu_heatn_t=0.3_alpha_0.5,0.6186139028475712,0.7297623275198231,0.7284319065302415,False,fr,0.6745762711864407
full_klu_heatn_t=0.3_alpha_0.6,0.6168341708542713,0.7290401438687844,0.7277121709593757,False,fr,0.6745762711864407
full_klu_heatn_t=0.3_alpha_0.7,0.6148974036850922,0.7285361195412585,0.7272098551888924,False,fr,0.6745762711864407
full_klu_heatn_t=0.3_alpha_0.8,0.6110238693467336,0.7269451938843243,0.7256243225002867,False,fr,0.6745762711864407
full_klu_heatn_t=0.3_alpha_0.9,0.5979376046901173,0.7188857960156959,0.7175922446244334,False,fr,0.6745762711864407
full_klu_heatn_t=0.3_alpha_1.0,0.39243090452261314,0.5919360572260216,0.591072843932351,False,fr,0.6745762711864407
full_klu_heat_t=0.4_alpha_0.0,0.6216499162479063,0.7355715443302292,0.7359163463345104,False,fr,0.6745762711864407
full_klu_heat_t=0.4_alpha_0.1,0.624424204355109,0.7379354217263854,0.7382722105869509,False,fr,0.6745762711864407
full_klu_heat_t=0.4_alpha_0.2,0.6271984924623115,0.7385088540660254,0.7388436990881515,False,fr,0.6745762711864407
full_klu_heat_t=0.4_alpha_0.3,0.6309673366834172,0.7381311471878997,0.7367723573180872,False,fr,0.6745762711864407
full_klu_heat_t=0.4_alpha_0.4,0.6315431323283082,0.739597329648912,0.7382335696690622,False,fr,0.6745762711864407
full_klu_heat_t=0.4_alpha_0.5,0.6326947236180904,0.7436647103668206,0.7439820779099608,False,fr,0.6745762711864407
full_klu_heat_t=0.4_alpha_0.6,0.6307056113902848,0.7425352418739335,0.7428564381238294,False,fr,0.6745762711864407
full_klu_heat_t=0.4_alpha_0.7,0.6263086264656617,0.7424189848388258,0.7427405751803661,False,fr,0.6745762711864407
full_klu_heat_t=0.4_alpha_0.8,0.6215975711892798,0.7409881957325783,0.7413146362066823,False,fr,0.6745762711864407
full_klu_heat_t=0.4_alpha_0.9,0.6186139028475712,0.7451564169776911,0.7454687278882524,False,fr,0.6745762711864407
full_klu_heat_t=0.4_alpha_1.0,0.6130914991624791,0.7405045459860324,0.7408326259508027,False,fr,0.6745762711864407
full_klu_heatn_t=0.4_alpha_0.0,0.6216499162479063,0.7355715443302292,0.7359163463345104,False,fr,0.6745762711864407
full_klu_heatn_t=0.4_alpha_0.1,0.6218069514237856,0.7371057017506083,0.7374453032212612,False,fr,0.6745762711864407
full_klu_heatn_t=0.4_alpha_0.2,0.6215975711892797,0.7368359838934642,0.7371764996619379,False,fr,0.6745762711864407
full_klu_heatn_t=0.4_alpha_0.3,0.6210741206030151,0.7365236456150945,0.7368652201573932,False,fr,0.6745762711864407
full_klu_heatn_t=0.4_alpha_0.4,0.6195037688442211,0.7301928072332524,0.728860926990405,False,fr,0.6745762711864407
full_klu_heatn_t=0.4_alpha_0.5,0.6182474874371859,0.7296025748281845,0.7282726953731506,False,fr,0.6745762711864407
full_klu_heatn_t=0.4_alpha_0.6,0.615682579564489,0.7286378071993107,0.7273111981430189,False,fr,0.6745762711864407
full_klu_heatn_t=0.4_alpha_0.7,0.6137981574539363,0.7278563344036926,0.7265323744077248,False,fr,0.6745762711864407
full_klu_heatn_t=0.4_alpha_0.8,0.6077784757118929,0.7258089736096137,0.7244919538197278,False,fr,0.6745762711864407
full_klu_heatn_t=0.4_alpha_0.9,0.5887248743718593,0.7141279363000093,0.7128505132467658,False,fr,0.6745762711864407
full_klu_heatn_t=0.4_alpha_1.0,0.39211683417085424,0.5909044737221683,0.5900447573217312,False,fr,0.6745762711864407
full_klu_heat_t=0.5_alpha_0.0,0.6216499162479063,0.7355715443302292,0.7359163463345104,False,fr,0.6745762711864407
full_klu_heat_t=0.5_alpha_0.1,0.624005443886097,0.7377300296672933,0.738067514772127,False,fr,0.6745762711864407
full_klu_heat_t=0.5_alpha_0.2,0.6268844221105526,0.738100596603285,0.7384368255490134,False,fr,0.6745762711864407
full_klu_heat_t=0.5_alpha_0.3,0.6297110552763819,0.7371482230731328,0.735792765149472,False,fr,0.6745762711864407
full_klu_heat_t=0.5_alpha_0.4,0.6310196817420435,0.739111729394177,0.7377496155168856,False,fr,0.6745762711864407
full_klu_heat_t=0.5_alpha_0.5,0.6315431323283083,0.7423557722285259,0.742677576850101,False,fr,0.6745762711864407
full_klu_heat_t=0.5_alpha_0.6,0.6296063651591289,0.7410468367627137,0.7413730784536645,False,fr,0.6745762711864407
full_klu_heat_t=0.5_alpha_0.7,0.6260992462311559,0.7381483798560484,0.7367895315704118,False,fr,0.6745762711864407
full_klu_heat_t=0.5_alpha_0.8,0.6207077051926297,0.7398279692018339,0.7401583426472284,False,fr,0.6745762711864407
full_klu_heat_t=0.5_alpha_0.9,0.6153685092127303,0.7427546685966718,0.7430751210271686,False,fr,0.6745762711864407
full_klu_heat_t=0.5_alpha_1.0,0.6087206867671692,0.740288834835592,0.7406176460246009,False,fr,0.6745762711864407
full_klu_heatn_t=0.5_alpha_0.0,0.6216499162479063,0.7355715443302292,0.7359163463345104,False,fr,0.6745762711864407
full_klu_heatn_t=0.5_alpha_0.1,0.6217546063651591,0.7369269395435234,0.7372671469877597,False,fr,0.6745762711864407
full_klu_heatn_t=0.5_alpha_0.2,0.6217546063651591,0.7367288835306054,0.7370697623511565,False,fr,0.6745762711864407
full_klu_heatn_t=0.5_alpha_0.3,0.6204983249581238,0.7305087956932219,0.7291758443030525,False,fr,0.6745762711864407
full_klu_heatn_t=0.5_alpha_0.4,0.6191896984924623,0.7301976919476205,0.7288657951464191,False,fr,0.6745762711864407
full_klu_heatn_t=0.5_alpha_0.5,0.6176716917922948,0.7295240397007126,0.7281944264664499,False,fr,0.6745762711864407
full_klu_heatn_t=0.5_alpha_0.6,0.6147927135678393,0.7282979324394356,0.726972475500974,False,fr,0.6745762711864407
full_klu_heatn_t=0.5_alpha_0.7,0.6115996649916247,0.7269074071671969,0.7255866638737258,False,fr,0.6745762711864407
full_klu_heatn_t=0.5_alpha_0.8,0.6047948073701843,0.7241283559122123,0.7228170331314698,False,fr,0.6745762711864407
full_klu_heatn_t=0.5_alpha_0.9,0.5798785594639866,0.7080960640099534,0.7068390879814221,False,fr,0.6745762711864407
full_klu_heatn_t=0.5_alpha_1.0,0.39057265494137355,0.5896253031733445,0.5887699229442592,False,fr,0.6745762711864407
full_klu_heat_t=0.6_alpha_0.0,0.6216499162479063,0.7355715443302292,0.7359163463345104,False,fr,0.6745762711864407
full_klu_heat_t=0.6_alpha_0.1,0.6239007537688442,0.7378819181855341,0.7382188884140347,False,fr,0.6745762711864407
full_klu_heat_t=0.6_alpha_0.2,0.626570351758794,0.7383112876176126,0.7386468023565129,False,fr,0.6745762711864407
full_klu_heat_t=0.6_alpha_0.3,0.6274078726968175,0.7394601495369496,0.7397917698286657,False,fr,0.6745762711864407
full_klu_heat_t=0.6_alpha_0.4,0.6296587102177554,0.7379428849865417,0.7365847332936829,False,fr,0.6745762711864407
full_klu_heat_t=0.6_alpha_0.5,0.6299204355108878,0.741226927410221,0.7415525586244007,False,fr,0.6745762711864407
full_klu_heat_t=0.6_alpha_0.6,0.6298157453936349,0.7405010408896187,0.7408291327360715,False,fr,0.6745762711864407
full_klu_heat_t=0.6_alpha_0.7,0.6237960636515912,0.7399825896042673,0.7403124389127044,False,fr,0.6745762711864407
full_klu_heat_t=0.6_alpha_0.8,0.6176716917922949,0.7391408100672077,0.7394735128656009,False,fr,0.6745762711864407
full_klu_heat_t=0.6_alpha_0.9,0.6126989112227806,0.7414823069408509,0.7418070724617064,False,fr,0.6745762711864407
full_klu_heat_t=0.6_alpha_1.0,0.6092441373534339,0.7384093649431551,0.7387445472165453,False,fr,0.6745762711864407
full_klu_heatn_t=0.6_alpha_0.0,0.6216499162479063,0.7355715443302292,0.7359163463345104,False,fr,0.6745762711864407
full_klu_heatn_t=0.6_alpha_0.1,0.6214928810720267,0.7366771238773785,0.7370181781543813,False,fr,0.6745762711864407
full_klu_heatn_t=0.6_alpha_0.2,0.6219116415410384,0.7369338801905487,0.7372740641071681,False,fr,0.6745762711864407
full_klu_heatn_t=0.6_alpha_0.3,0.6200272194304857,0.7303757156353475,0.7290432153640183,False,fr,0.6745762711864407
full_klu_heatn_t=0.6_alpha_0.4,0.6181951423785594,0.7297995736830332,0.7284690264352711,False,fr,0.6745762711864407
full_klu_heatn_t=0.6_alpha_0.5,0.6161013400335008,0.7288121766142133,0.727484976475159,False,fr,0.6745762711864407
full_klu_heatn_t=0.6_alpha_0.6,0.6137458123953099,0.7278468172612009,0.7265228895267332,False,fr,0.6745762711864407
full_klu_heatn_t=0.6_alpha_0.7,0.6101863484087102,0.7265778110975472,0.7252581850788884,False,fr,0.6745762711864407
full_klu_heatn_t=0.6_alpha_0.8,0.6004501675041876,0.7192304752899129,0.717935755494331,False,fr,0.6745762711864407
full_klu_heatn_t=0.6_alpha_0.9,0.572497906197655,0.7019712615364662,0.700735047550218,False,fr,0.6745762711864407
full_klu_heatn_t=0.6_alpha_1.0,0.39227386934673364,0.5894439256932795,0.5885891603031098,False,fr,0.6745762711864407
full_klu_heat_t=0.7_alpha_0.0,0.6216499162479063,0.7355715443302292,0.7359163463345104,False,fr,0.6745762711864407
full_klu_heat_t=0.7_alpha_0.1,0.6231155778894472,0.7375636696562315,0.737901718693306,False,fr,0.6745762711864407
full_klu_heat_t=0.7_alpha_0.2,0.6250523450586266,0.7380146409313607,0.7383511612522484,False,fr,0.6745762711864407
full_klu_heat_t=0.7_alpha_0.3,0.6259422110552763,0.7372409244551043,0.737580067543708,False,fr,0.6745762711864407
full_klu_heat_t=0.7_alpha_0.4,0.6279313232830822,0.7388023986458652,0.7391362486016189,False,fr,0.6745762711864407
full_klu_heat_t=0.7_alpha_0.5,0.6276695979899497,0.7392071625709298,0.7395396404455815,False,fr,0.6745762711864407
full_klu_heat_t=0.7_alpha_0.6,0.6276172529313233,0.7399608481360103,0.7402907711443398,False,fr,0.6745762711864407
full_klu_heat_t=0.7_alpha_0.7,0.6233249581239532,0.7391248804931402,0.7394576372900897,False,fr,0.6745762711864407
full_klu_heat_t=0.7_alpha_0.8,0.6161536850921273,0.7336501258445134,0.7323065258775598,False,fr,0.6745762711864407
full_klu_heat_t=0.7_alpha_0.9,0.6084066164154104,0.7384102883975094,0.7387454675405457,False,fr,0.6745762711864407
full_klu_heat_t=0.7_alpha_1.0,0.6063913316582914,0.7342252285714748,0.7345745943579892,False,fr,0.6745762711864407
full_klu_heatn_t=0.7_alpha_0.0,0.6216499162479063,0.7355715443302292,0.7359163463345104,False,fr,0.6745762711864407
full_klu_heatn_t=0.7_alpha_0.1,0.6217022613065327,0.7368197328334354,0.7371603036902482,False,fr,0.6745762711864407
full_klu_heatn_t=0.7_alpha_0.2,0.6221733668341709,0.7370454864391883,0.7373852920295411,False,fr,0.6745762711864407
full_klu_heatn_t=0.7_alpha_0.3,0.620288944723618,0.7363393340897886,0.7366815334169188,False,fr,0.6745762711864407
full_klu_heatn_t=0.7_alpha_0.4,0.6179334170854272,0.729705232425854,0.7283750049789636,False,fr,0.6745762711864407
full_klu_heatn_t=0.7_alpha_0.5,0.6162060301507537,0.7287512583327618,0.7274242646963566,False,fr,0.6745762711864407
full_klu_heatn_t=0.7_alpha_0.6,0.6129606365159128,0.7274876800494026,0.7261649697292121,False,fr,0.6745762711864407
full_klu_heatn_t=0.7_alpha_0.7,0.6080925460636515,0.7254963444683128,0.7241803844382277,False,fr,0.6745762711864407
full_klu_heatn_t=0.7_alpha_0.8,0.5967860134003351,0.7176187839094863,0.7163295274745161,False,fr,0.6745762711864407
full_klu_heatn_t=0.7_alpha_0.9,0.5652219430485762,0.6936057497942986,0.6923978934749729,False,fr,0.6745762711864407
full_klu_heatn_t=0.7_alpha_1.0,0.391410175879397,0.5889926520289499,0.5881394163800153,False,fr,0.6745762711864407
full_klu_matern_kappa=1.0_nu=1.0_alpha_0.0,0.6216499162479063,0.7355715443302292,0.7359163463345104,False,fr,0.6745762711864407
full_klu_matern_kappa=1.0_nu=1.0_alpha_0.1,0.6226444723618091,0.7371673561871694,0.7375067486597323,False,fr,0.6745762711864407
full_klu_matern_kappa=1.0_nu=1.0_alpha_0.2,0.6230108877721944,0.7378297357262887,0.7381668828444816,False,fr,0.6745762711864407
full_klu_matern_kappa=1.0_nu=1.0_alpha_0.3,0.6230632328308209,0.7379840825918049,0.7383207065002843,False,fr,0.6745762711864407
full_klu_matern_kappa=1.0_nu=1.0_alpha_0.4,0.6239530988274706,0.7380353732524376,0.7383718232942706,False,fr,0.6745762711864407
full_klu_matern_kappa=1.0_nu=1.0_alpha_0.5,0.6242671691792295,0.7378884428541335,0.7382253909651134,False,fr,0.6745762711864407
full_klu_matern_kappa=1.0_nu=1.0_alpha_0.6,0.6247906197654942,0.7352242014880817,0.7338752656714889,False,fr,0.6745762711864407
full_klu_matern_kappa=1.0_nu=1.0_alpha_0.7,0.6276172529313233,0.7400396801778586,0.7403693359589276,False,fr,0.6745762711864407
full_klu_matern_kappa=1.0_nu=1.0_alpha_0.8,0.6274602177554439,0.736693119234229,0.735339204035446,False,fr,0.6745762711864407
full_klu_matern_kappa=1.0_nu=1.0_alpha_0.9,0.6215452261306532,0.7368358003530943,0.7354814014895015,False,fr,0.6745762711864407
full_klu_matern_kappa=1.0_nu=1.0_alpha_1.0,0.6129606365159129,0.7399709189346704,0.7403008078046993,False,fr,0.6745762711864407
full_klu_maternn_kappa=1.0_nu=1.0_alpha_0.0,0.6216499162479063,0.7355715443302292,0.7359163463345104,False,fr,0.6745762711864407
full_klu_maternn_kappa=1.0_nu=1.0_alpha_0.1,0.621963986599665,0.7371683428311941,0.737507731959201,False,fr,0.6745762711864407
full_klu_maternn_kappa=1.0_nu=1.0_alpha_0.2,0.6215452261306532,0.7367858325636042,0.7371265183365858,False,fr,0.6745762711864407
full_klu_maternn_kappa=1.0_nu=1.0_alpha_0.3,0.6209170854271356,0.7363949558822969,0.7367369666609779,False,fr,0.6745762711864407
full_klu_maternn_kappa=1.0_nu=1.0_alpha_0.4,0.6202889447236182,0.7362701187196669,0.7366125526751705,False,fr,0.6745762711864407
full_klu_maternn_kappa=1.0_nu=1.0_alpha_0.5,0.6186139028475711,0.7355859428209823,0.7359306960168204,False,fr,0.6745762711864407
full_klu_maternn_kappa=1.0_nu=1.0_alpha_0.6,0.6163107202680067,0.7348697330452029,0.7352169140707894,False,fr,0.6745762711864407
full_klu_maternn_kappa=1.0_nu=1.0_alpha_0.7,0.6140075376884422,0.7278149020495785,0.7264910825022688,False,fr,0.6745762711864407
full_klu_maternn_kappa=1.0_nu=1.0_alpha_0.8,0.6092441373534339,0.7260837577470843,0.7247658064855458,False,fr,0.6745762711864407
full_klu_maternn_kappa=1.0_nu=1.0_alpha_0.9,0.593854690117253,0.7159945169669178,0.7147107665215833,False,fr,0.6745762711864407
full_klu_maternn_kappa=1.0_nu=1.0_alpha_1.0,0.39250942211055273,0.5908825844868422,0.5900229422872028,False,fr,0.6745762711864407
full_klu_matern_kappa=1.0_nu=2.0_alpha_0.0,0.6216499162479063,0.7355715443302292,0.7359163463345104,False,fr,0.6745762711864407
full_klu_matern_kappa=1.0_nu=2.0_alpha_0.1,0.6229061976549414,0.737841525181244,0.738178632335183,False,fr,0.6745762711864407
full_klu_matern_kappa=1.0_nu=2.0_alpha_0.2,0.624319514237856,0.7382004516729723,0.7385363421269394,False,fr,0.6745762711864407
full_klu_matern_kappa=1.0_nu=2.0_alpha_0.3,0.6261515912897823,0.7381568962355531,0.7384929343350706,False,fr,0.6745762711864407
full_klu_matern_kappa=1.0_nu=2.0_alpha_0.4,0.627041457286432,0.7379853366656228,0.7383219563230045,False,fr,0.6745762711864407
full_klu_matern_kappa=1.0_nu=2.0_alpha_0.5,0.6288735343383586,0.7404255799541325,0.7407539276003666,False,fr,0.6745762711864407
full_klu_matern_kappa=1.0_nu=2.0_alpha_0.6,0.6295540201005025,0.7410207299298422,0.7413470601185316,False,fr,0.6745762711864407
full_klu_matern_kappa=1.0_nu=2.0_alpha_0.7,0.6290829145728644,0.7378297779600858,0.7364720096808761,False,fr,0.6745762711864407
full_klu_matern_kappa=1.0_nu=2.0_alpha_0.8,0.6257328308207705,0.7370352252892286,0.7356801504089031,False,fr,0.6745762711864407
full_klu_matern_kappa=1.0_nu=2.0_alpha_0.9,0.61981783919598,0.7396640443226683,0.7399949734456192,False,fr,0.6745762711864407
full_klu_matern_kappa=1.0_nu=2.0_alpha_1.0,0.6101078308207706,0.7379510766187714,0.7382878124119051,False,fr,0.6745762711864407
full_klu_maternn_kappa=1.0_nu=2.0_alpha_0.0,0.6216499162479063,0.7355715443302292,0.7359163463345104,False,fr,0.6745762711864407
full_klu_maternn_kappa=1.0_nu=2.0_alpha_0.1,0.6218069514237856,0.7371057017506083,0.7374453032212612,False,fr,0.6745762711864407
full_klu_maternn_kappa=1.0_nu=2.0_alpha_0.2,0.6215452261306533,0.7366880986524112,0.7370291157267869,False,fr,0.6745762711864407
full_klu_maternn_kappa=1.0_nu=2.0_alpha_0.3,0.6209170854271356,0.7364318302944518,0.7367737160751255,False,fr,0.6745762711864407
full_klu_maternn_kappa=1.0_nu=2.0_alpha_0.4,0.6199225293132327,0.7361893304323164,0.7365320382464211,False,fr,0.6745762711864407
full_klu_maternn_kappa=1.0_nu=2.0_alpha_0.5,0.6185615577889447,0.7356020474472903,0.7359467460511748,False,fr,0.6745762711864407
full_klu_maternn_kappa=1.0_nu=2.0_alpha_0.6,0.6154208542713567,0.7284285736819985,0.7271026738918672,False,fr,0.6745762711864407
full_klu_maternn_kappa=1.0_nu=2.0_alpha_0.7,0.6134840871021776,0.7277330388530201,0.7264094968080717,False,fr,0.6745762711864407
full_klu_maternn_kappa=1.0_nu=2.0_alpha_0.8,0.6075167504187604,0.7251405097555439,0.7238257559448241,False,fr,0.6745762711864407
full_klu_maternn_kappa=1.0_nu=2.0_alpha_0.9,0.5889865996649917,0.7139598993777936,0.7126830459412359,False,fr,0.6745762711864407
full_klu_maternn_kappa=1.0_nu=2.0_alpha_1.0,0.3925617671691792,0.591032951884859,0.5901727999652264,False,fr,0.6745762711864407
full_klu_matern_kappa=1.0_nu=3.0_alpha_0.0,0.6216499162479063,0.7355715443302292,0.7359163463345104,False,fr,0.6745762711864407
full_klu_matern_kappa=1.0_nu=3.0_alpha_0.1,0.6234819932998324,0.7379404986311938,0.7382772702819125,False,fr,0.6745762711864407
full_klu_matern_kappa=1.0_nu=3.0_alpha_0.2,0.625104690117253,0.7380064150642405,0.7383429632694235,False,fr,0.6745762711864407
full_klu_matern_kappa=1.0_nu=3.0_alpha_0.3,0.6267273869346734,0.7376982384821369,0.7380358313536999,False,fr,0.6745762711864407
full_klu_matern_kappa=1.0_nu=3.0_alpha_0.4,0.6292399497487438,0.7415642041911732,0.741888692094231,False,fr,0.6745762711864407
full_klu_matern_kappa=1.0_nu=3.0_alpha_0.5,0.6312814070351759,0.7429900987279823,0.7433097530902375,False,fr,0.6745762711864407
full_klu_matern_kappa=1.0_nu=3.0_alpha_0.6,0.6312290619765495,0.7428721860399927,0.7431922401062747,False,fr,0.6745762711864407
full_klu_matern_kappa=1.0_nu=3.0_alpha_0.7,0.6289782244556115,0.7376190007346429,0.7362619469545025,False,fr,0.6745762711864407
full_klu_matern_kappa=1.0_nu=3.0_alpha_0.8,0.623324958123953,0.7377685861995094,0.7364110253499965,False,fr,0.6745762711864407
full_klu_matern_kappa=1.0_nu=3.0_alpha_0.9,0.6177763819095478,0.7421112190422295,0.7424338526576566,False,fr,0.6745762711864407
full_klu_matern_kappa=1.0_nu=3.0_alpha_1.0,0.6116781825795645,0.7398068307202529,0.7401372758215171,False,fr,0.6745762711864407
full_klu_maternn_kappa=1.0_nu=3.0_alpha_0.0,0.6216499162479063,0.7355715443302292,0.7359163463345104,False,fr,0.6745762711864407
full_klu_maternn_kappa=1.0_nu=3.0_alpha_0.1,0.6216499162479062,0.7369195306638161,0.7372597632228988,False,fr,0.6745762711864407
full_klu_maternn_kappa=1.0_nu=3.0_alpha_0.2,0.6216499162479062,0.7367328220564323,0.7370736875260484,False,fr,0.6745762711864407
full_klu_maternn_kappa=1.0_nu=3.0_alpha_0.3,0.621178810720268,0.7365508258199613,0.7368923082259723,False,fr,0.6745762711864407
full_klu_maternn_kappa=1.0_nu=3.0_alpha_0.4,0.6199225293132327,0.7362713343075289,0.7366137641423955,False,fr,0.6745762711864407
full_klu_maternn_kappa=1.0_nu=3.0_alpha_0.5,0.618142797319933,0.7296813977876875,0.7283512511361808,False,fr,0.6745762711864407
full_klu_maternn_kappa=1.0_nu=3.0_alpha_0.6,0.6153685092127303,0.7284284874582365,0.7271025879603888,False,fr,0.6745762711864407
full_klu_maternn_kappa=1.0_nu=3.0_alpha_0.7,0.6124895309882745,0.7272145704253017,0.725892785900447,False,fr,0.6745762711864407
full_klu_maternn_kappa=1.0_nu=3.0_alpha_0.8,0.606888609715243,0.7249821924390158,0.7236679752971656,False,fr,0.6745762711864407
full_klu_maternn_kappa=1.0_nu=3.0_alpha_0.9,0.5874685929648242,0.713160768324669,0.7118866238069352,False,fr,0.6745762711864407
full_klu_maternn_kappa=1.0_nu=3.0_alpha_1.0,0.39253559463986604,0.5898906039050942,0.5890343243514945,False,fr,0.6745762711864407
full_klu_matern_kappa=2.0_nu=1.0_alpha_0.0,0.6216499162479063,0.7355715443302292,0.7359163463345104,False,fr,0.6745762711864407
full_klu_matern_kappa=2.0_nu=1.0_alpha_0.1,0.621963986599665,0.7368248185505735,0.7371653721676673,False,fr,0.6745762711864407
full_klu_matern_kappa=2.0_nu=1.0_alpha_0.2,0.6225397822445561,0.7375405765881904,0.7378787039068515,False,fr,0.6745762711864407
full_klu_matern_kappa=2.0_nu=1.0_alpha_0.3,0.6229061976549414,0.7375460918104209,0.7378842004334133,False,fr,0.6745762711864407
full_klu_matern_kappa=2.0_nu=1.0_alpha_0.4,0.6247906197654941,0.7372575058888696,0.7375965927692234,False,fr,0.6745762711864407
full_klu_matern_kappa=2.0_nu=1.0_alpha_0.5,0.6260469011725293,0.7390241391586918,0.7393572374516901,False,fr,0.6745762711864407
full_klu_matern_kappa=2.0_nu=1.0_alpha_0.6,0.6273555276381909,0.739702489522631,0.7400332883228702,False,fr,0.6745762711864407
full_klu_matern_kappa=2.0_nu=1.0_alpha_0.7,0.6264133165829147,0.7384817113562018,0.7388166483875136,False,fr,0.6745762711864407
full_klu_matern_kappa=2.0_nu=1.0_alpha_0.8,0.6223827470686767,0.7378976954686918,0.7382346122148766,False,fr,0.6745762711864407
full_klu_matern_kappa=2.0_nu=1.0_alpha_0.9,0.6140598827470686,0.737192534616352,0.7375318417383075,False,fr,0.6745762711864407
full_klu_matern_kappa=2.0_nu=1.0_alpha_1.0,0.6061034338358459,0.7374707737543127,0.7378091376927497,False,fr,0.6745762711864407
full_klu_maternn_kappa=2.0_nu=1.0_alpha_0.0,0.6216499162479063,0.7355715443302292,0.7359163463345104,False,fr,0.6745762711864407
full_klu_maternn_kappa=2.0_nu=1.0_alpha_0.1,0.6212311557788944,0.7363609944693874,0.7367031203715022,False,fr,0.6745762711864407
full_klu_maternn_kappa=2.0_nu=1.0_alpha_0.2,0.6214928810720267,0.7366684463304504,0.7370095300228664,False,fr,0.6745762711864407
full_klu_maternn_kappa=2.0_nu=1.0_alpha_0.3,0.6195561139028475,0.7358180508007423,0.7361620171898693,False,fr,0.6745762711864407
full_klu_maternn_kappa=2.0_nu=1.0_alpha_0.4,0.6175146566164154,0.7349871142293187,0.7353338973525863,False,fr,0.6745762711864407
full_klu_maternn_kappa=2.0_nu=1.0_alpha_0.5,0.6156302345058625,0.7344215518503734,0.7347702521342475,False,fr,0.6745762711864407
full_klu_maternn_kappa=2.0_nu=1.0_alpha_0.6,0.6123848408710219,0.7331339644544598,0.7334870294413708,False,fr,0.6745762711864407
full_klu_maternn_kappa=2.0_nu=1.0_alpha_0.7,0.6078831658291456,0.7304360214212715,0.7307982319777867,False,fr,0.6745762711864407
full_klu_maternn_kappa=2.0_nu=1.0_alpha_0.8,0.6000314070351759,0.7248825581581695,0.7235686787596443,False,fr,0.6745762711864407
full_klu_maternn_kappa=2.0_nu=1.0_alpha_0.9,0.5771042713567839,0.7032069921367838,0.7019665892332463,False,fr,0.6745762711864407
full_klu_maternn_kappa=2.0_nu=1.0_alpha_1.0,0.3973513400335008,0.5883185604105204,0.5874676098179193,False,fr,0.6745762711864407
full_klu_matern_kappa=2.0_nu=2.0_alpha_0.0,0.6216499162479063,0.7355715443302292,0.7359163463345104,False,fr,0.6745762711864407
full_klu_matern_kappa=2.0_nu=2.0_alpha_0.1,0.6222780569514238,0.736849954100597,0.7371904225124363,False,fr,0.6745762711864407
full_klu_matern_kappa=2.0_nu=2.0_alpha_0.2,0.6224874371859297,0.7370055013883634,0.7373454425212612,False,fr,0.6745762711864407
full_klu_matern_kappa=2.0_nu=2.0_alpha_0.3,0.6243195142378558,0.7373400021098715,0.7376788093420185,False,fr,0.6745762711864407
full_klu_matern_kappa=2.0_nu=2.0_alpha_0.4,0.6248953098827471,0.7360795398569215,0.7364226198424684,False,fr,0.6745762711864407
full_klu_matern_kappa=2.0_nu=2.0_alpha_0.5,0.6265703517587939,0.7386388351862254,0.7389732395943845,False,fr,0.6745762711864407
full_klu_matern_kappa=2.0_nu=2.0_alpha_0.6,0.6268844221105527,0.7391080504104044,0.7394408642584818,False,fr,0.6745762711864407
full_klu_matern_kappa=2.0_nu=2.0_alpha_0.7,0.6265180067001674,0.7390622779407725,0.7393952469497638,False,fr,0.6745762711864407
full_klu_matern_kappa=2.0_nu=2.0_alpha_0.8,0.6192420435510889,0.7366495939393878,0.7369907415382143,False,fr,0.6745762711864407
full_klu_matern_kappa=2.0_nu=2.0_alpha_0.9,0.6092964824120604,0.7377544888931877,0.7380918910853914,False,fr,0.6745762711864407
full_klu_matern_kappa=2.0_nu=2.0_alpha_1.0,0.6042451842546064,0.7371712016785187,0.7375105811155176,False,fr,0.6745762711864407
full_klu_maternn_kappa=2.0_nu=2.0_alpha_0.0,0.6216499162479063,0.7355715443302292,0.7359163463345104,False,fr,0.6745762711864407
full_klu_maternn_kappa=2.0_nu=2.0_alpha_0.1,0.6213881909547738,0.7363952470105561,0.7367372568023618,False,fr,0.6745762711864407
full_klu_maternn_kappa=2.0_nu=2.0_alpha_0.2,0.6208123953098827,0.7364088751098643,0.736750838704723,False,fr,0.6745762711864407
full_klu_maternn_kappa=2.0_nu=2.0_alpha_0.3,0.6180904522613064,0.735104731305849,0.7354511157271622,False,fr,0.6745762711864407
full_klu_maternn_kappa=2.0_nu=2.0_alpha_0.4,0.6157349246231155,0.7342995916644768,0.7346487053727099,False,fr,0.6745762711864407
full_klu_maternn_kappa=2.0_nu=2.0_alpha_0.5,0.6133270519262982,0.7332506653383212,0.7336033347290156,False,fr,0.6745762711864407
full_klu_maternn_kappa=2.0_nu=2.0_alpha_0.6,0.6104480737018426,0.7317697839972003,0.7321274733246443,False,fr,0.6745762711864407
full_klu_maternn_kappa=2.0_nu=2.0_alpha_0.7,0.6047948073701843,0.7286013261440496,0.7289697560065892,False,fr,0.6745762711864407
full_klu_maternn_kappa=2.0_nu=2.0_alpha_0.8,0.5942734505862647,0.7206293112595106,0.7193298496470825,False,fr,0.6745762711864407
full_klu_maternn_kappa=2.0_nu=2.0_alpha_0.9,0.5699329983249581,0.6983141654432361,0.697090348392897,False,fr,0.6745762711864407
full_klu_maternn_kappa=2.0_nu=2.0_alpha_1.0,0.39436767169179227,0.5860605586975769,0.5852172623480705,False,fr,0.6745762711864407
full_klu_matern_kappa=2.0_nu=3.0_alpha_0.0,0.6216499162479063,0.7355715443302292,0.7359163463345104,False,fr,0.6745762711864407
full_klu_matern_kappa=2.0_nu=3.0_alpha_0.1,0.6214928810720268,0.7364946804157059,0.7368363531451212,False,fr,0.6745762711864407
full_klu_matern_kappa=2.0_nu=3.0_alpha_0.2,0.6220686767169179,0.7363881035706528,0.7367301375775089,False,fr,0.6745762711864407
full_klu_matern_kappa=2.0_nu=3.0_alpha_0.3,0.6237960636515912,0.7372401978391638,0.7375793433908724,False,fr,0.6745762711864407
full_klu_matern_kappa=2.0_nu=3.0_alpha_0.4,0.6233249581239532,0.7364757290201795,0.7368174659916135,False,fr,0.6745762711864407
full_klu_matern_kappa=2.0_nu=3.0_alpha_0.5,0.6251570351758794,0.7374763970703395,0.7378147419466883,False,fr,0.6745762711864407
full_klu_matern_kappa=2.0_nu=3.0_alpha_0.6,0.6251570351758794,0.7375885715287284,0.7379265361526758,False,fr,0.6745762711864407
full_klu_matern_kappa=2.0_nu=3.0_alpha_0.7,0.6245812395309883,0.7369850573324441,0.7373250677672265,False,fr,0.6745762711864407
full_klu_matern_kappa=2.0_nu=3.0_alpha_0.8,0.6199748743718593,0.7375418435348811,0.7378799665588076,False,fr,0.6745762711864407
full_klu_matern_kappa=2.0_nu=3.0_alpha_0.9,0.6077784757118927,0.7358389018534051,0.7361827975609976,False,fr,0.6745762711864407
full_klu_matern_kappa=2.0_nu=3.0_alpha_1.0,0.6015494137353434,0.7361868609785029,0.7365295771636375,False,fr,0.6745762711864407
full_klu_maternn_kappa=2.0_nu=3.0_alpha_0.0,0.6216499162479063,0.7355715443302292,0.7359163463345104,False,fr,0.6745762711864407
full_klu_maternn_kappa=2.0_nu=3.0_alpha_0.1,0.6215452261306533,0.7365071080076186,0.7368487386096038,False,fr,0.6745762711864407
full_klu_maternn_kappa=2.0_nu=3.0_alpha_0.2,0.6206030150753769,0.7363129156105284,0.7366552044918256,False,fr,0.6745762711864407
full_klu_maternn_kappa=2.0_nu=3.0_alpha_0.3,0.6176716917922948,0.734902561816306,0.7352496315579226,False,fr,0.6745762711864407
full_klu_maternn_kappa=2.0_nu=3.0_alpha_0.4,0.6155778894472362,0.7342727641644049,0.7346219688133162,False,fr,0.6745762711864407
full_klu_maternn_kappa=2.0_nu=3.0_alpha_0.5,0.6125418760469011,0.7327349464854984,0.7330893640756941,False,fr,0.6745762711864407
full_klu_maternn_kappa=2.0_nu=3.0_alpha_0.6,0.609610552763819,0.7308569836553055,0.7312177672211968,False,fr,0.6745762711864407
full_klu_maternn_kappa=2.0_nu=3.0_alpha_0.7,0.6048471524288108,0.7270197382885251,0.7256986142115919,False,fr,0.6745762711864407
full_klu_maternn_kappa=2.0_nu=3.0_alpha_0.8,0.5933835845896147,0.7202537645970849,0.7189555760241904,False,fr,0.6745762711864407
full_klu_maternn_kappa=2.0_nu=3.0_alpha_0.9,0.5684673366834171,0.6935885309852587,0.6923807330347773,False,fr,0.6745762711864407
full_klu_maternn_kappa=2.0_nu=3.0_alpha_1.0,0.3821189279731994,0.5804147394127877,0.5795905814337383,False,fr,0.6745762711864407
full_klu_matern_kappa=3.0_nu=1.0_alpha_0.0,0.6216499162479063,0.7355715443302292,0.7359163463345104,False,fr,0.6745762711864407
full_klu_matern_kappa=3.0_nu=1.0_alpha_0.1,0.6215452261306532,0.7364975796451239,0.7368392425466428,False,fr,0.6745762711864407
full_klu_matern_kappa=3.0_nu=1.0_alpha_0.2,0.6220163316582914,0.7371179940477487,0.7374575538495978,False,fr,0.6745762711864407
full_klu_matern_kappa=3.0_nu=1.0_alpha_0.3,0.6223827470686768,0.7369982111239995,0.737338176969658,False,fr,0.6745762711864407
full_klu_matern_kappa=3.0_nu=1.0_alpha_0.4,0.62411013400335,0.7367163856072065,0.7370573067935997,False,fr,0.6745762711864407
full_klu_matern_kappa=3.0_nu=1.0_alpha_0.5,0.6252617252931323,0.736491656625611,0.7368333396051621,False,fr,0.6745762711864407
full_klu_matern_kappa=3.0_nu=1.0_alpha_0.6,0.6270938023450586,0.7393115547097272,0.7396436787127221,False,fr,0.6745762711864407
full_klu_matern_kappa=3.0_nu=1.0_alpha_0.7,0.6267797319932998,0.7394654209137792,0.7397970233364215,False,fr,0.6745762711864407
full_klu_matern_kappa=3.0_nu=1.0_alpha_0.8,0.6212311557788945,0.736926535353233,0.7372667441676058,False,fr,0.6745762711864407
full_klu_matern_kappa=3.0_nu=1.0_alpha_0.9,0.612646566164154,0.7338892821875043,0.7325448715210829,False,fr,0.6745762711864407
full_klu_matern_kappa=3.0_nu=1.0_alpha_1.0,0.6040619765494137,0.7368403179899895,0.7371808190666106,False,fr,0.6745762711864407
full_klu_maternn_kappa=3.0_nu=1.0_alpha_0.0,0.6216499162479063,0.7355715443302292,0.7359163463345104,False,fr,0.6745762711864407
full_klu_maternn_kappa=3.0_nu=1.0_alpha_0.1,0.6210741206030151,0.7362161070151673,0.7365587240611945,False,fr,0.6745762711864407
full_klu_maternn_kappa=3.0_nu=1.0_alpha_0.2,0.6208123953098827,0.7363454751718129,0.736687653681716,False,fr,0.6745762711864407
full_klu_maternn_kappa=3.0_nu=1.0_alpha_0.3,0.6187709380234506,0.7352327611315865,0.7355787115534903,False,fr,0.6745762711864407
full_klu_maternn_kappa=3.0_nu=1.0_alpha_0.4,0.6164677554438861,0.7342976741186278,0.7346467943270163,False,fr,0.6745762711864407
full_klu_maternn_kappa=3.0_nu=1.0_alpha_0.5,0.6134840871021777,0.7328322565671211,0.7331863442926334,False,fr,0.6745762711864407
full_klu_maternn_kappa=3.0_nu=1.0_alpha_0.6,0.6116520100502513,0.7323099462557183,0.732665804524659,False,fr,0.6745762711864407
full_klu_maternn_kappa=3.0_nu=1.0_alpha_0.7,0.6081972361809046,0.7299814597207799,0.7303452111644152,False,fr,0.6745762711864407
full_klu_maternn_kappa=3.0_nu=1.0_alpha_0.8,0.6021252093802345,0.725435609812227,0.7258147709165693,False,fr,0.6745762711864407
full_klu_maternn_kappa=3.0_nu=1.0_alpha_0.9,0.5900335008375209,0.711062412682242,0.7097953812344826,False,fr,0.6745762711864407
full_klu_maternn_kappa=3.0_nu=1.0_alpha_1.0,0.5400701423785595,0.676537706031686,0.6753877074878267,False,fr,0.6745762711864407
full_klu_matern_kappa=3.0_nu=2.0_alpha_0.0,0.6216499162479063,0.7355715443302292,0.7359163463345104,False,fr,0.6745762711864407
full_klu_matern_kappa=3.0_nu=2.0_alpha_0.1,0.6215452261306532,0.7363973583857538,0.7367393610203554,False,fr,0.6745762711864407
full_klu_matern_kappa=3.0_nu=2.0_alpha_0.2,0.6215452261306532,0.7364756800991925,0.7368174172364603,False,fr,0.6745762711864407
full_klu_matern_kappa=3.0_nu=2.0_alpha_0.3,0.6214928810720268,0.7365920812729998,0.7369334238300175,False,fr,0.6745762711864407
full_klu_matern_kappa=3.0_nu=2.0_alpha_0.4,0.6229585427135679,0.7368995022578428,0.7372398027098271,False,fr,0.6745762711864407
full_klu_matern_kappa=3.0_nu=2.0_alpha_0.5,0.6233249581239529,0.736321059179327,0.7366633204553062,False,fr,0.6745762711864407
full_klu_matern_kappa=3.0_nu=2.0_alpha_0.6,0.6239530988274706,0.7361212041189072,0.7364641428696677,False,fr,0.6745762711864407
full_klu_matern_kappa=3.0_nu=2.0_alpha_0.7,0.6256281407035177,0.7378039175522904,0.7381411521897172,False,fr,0.6745762711864407
full_klu_matern_kappa=3.0_nu=2.0_alpha_0.8,0.6231679229480737,0.7365941119826533,0.7369354476559093,False,fr,0.6745762711864407
full_klu_matern_kappa=3.0_nu=2.0_alpha_0.9,0.6153685092127303,0.7363740139331814,0.7367160957015204,False,fr,0.6745762711864407
full_klu_matern_kappa=3.0_nu=2.0_alpha_1.0,0.6012615159128978,0.7362726588627637,0.7366150842076127,False,fr,0.6745762711864407
full_klu_maternn_kappa=3.0_nu=2.0_alpha_0.0,0.6216499162479063,0.7355715443302292,0.7359163463345104,False,fr,0.6745762711864407
full_klu_maternn_kappa=3.0_nu=2.0_alpha_0.1,0.6210741206030151,0.7363411268003562,0.7366833200505015,False,fr,0.6745762711864407
full_klu_maternn_kappa=3.0_nu=2.0_alpha_0.2,0.6206553601340034,0.7362599291491917,0.7366023976456121,False,fr,0.6745762711864407
full_klu_maternn_kappa=3.0_nu=2.0_alpha_0.3,0.6196608040201005,0.7357169981430084,0.7360613070835176,False,fr,0.6745762711864407
full_klu_maternn_kappa=3.0_nu=2.0_alpha_0.4,0.6173052763819095,0.7346001078926057,0.7349482029017603,False,fr,0.6745762711864407
full_klu_maternn_kappa=3.0_nu=2.0_alpha_0.5,0.6165201005025126,0.7340362066693564,0.7343862132080814,False,fr,0.6745762711864407
full_klu_maternn_kappa=3.0_nu=2.0_alpha_0.6,0.614426298157454,0.732916513010541,0.7332703151209908,False,fr,0.6745762711864407
full_klu_maternn_kappa=3.0_nu=2.0_alpha_0.7,0.6122278056951425,0.7316105942933986,0.7319688232469572,False,fr,0.6745762711864407
full_klu_maternn_kappa=3.0_nu=2.0_alpha_0.8,0.6097152428810722,0.7301563088099773,0.7305194675448357,False,fr,0.6745762711864407
full_klu_maternn_kappa=3.0_nu=2.0_alpha_0.9,0.6053706030150754,0.7197080099767413,0.7184116714195089,False,fr,0.6745762711864407
full_klu_maternn_kappa=3.0_nu=2.0_alpha_1.0,0.5694357202680067,0.7222016431962326,0.7208968516450359,False,fr,0.6745762711864407
full_klu_matern_kappa=3.0_nu=3.0_alpha_0.0,0.6216499162479063,0.7355715443302292,0.7359163463345104,False,fr,0.6745762711864407
full_klu_matern_kappa=3.0_nu=3.0_alpha_0.1,0.6213358458961474,0.7362746008809091,0.7366170196426458,False,fr,0.6745762711864407
full_klu_matern_kappa=3.0_nu=3.0_alpha_0.2,0.621178810720268,0.7363292062266942,0.7366714398855639,False,fr,0.6745762711864407
full_klu_matern_kappa=3.0_nu=3.0_alpha_0.3,0.6206030150753769,0.736037194061681,0.7363804175922962,False,fr,0.6745762711864407
full_klu_matern_kappa=3.0_nu=3.0_alpha_0.4,0.6215452261306533,0.7363041127464711,0.7366464314679854,False,fr,0.6745762711864407
full_klu_matern_kappa=3.0_nu=3.0_alpha_0.5,0.6218592964824121,0.7359280281370458,0.736271621721643,False,fr,0.6745762711864407
full_klu_matern_kappa=3.0_nu=3.0_alpha_0.6,0.6217022613065327,0.7356583156039265,0.736002823468297,False,fr,0.6745762711864407
full_klu_matern_kappa=3.0_nu=3.0_alpha_0.7,0.6233773031825796,0.7365466785164927,0.7368881749811595,False,fr,0.6745762711864407
full_klu_matern_kappa=3.0_nu=3.0_alpha_0.8,0.6213881909547738,0.7364718520898262,0.7368136022033971,False,fr,0.6745762711864407
full_klu_matern_kappa=3.0_nu=3.0_alpha_0.9,0.6177240368509213,0.735229183136459,0.7355751456871599,False,fr,0.6745762711864407
full_klu_matern_kappa=3.0_nu=3.0_alpha_1.0,0.597675879396985,0.7370462017751634,0.7373860049406484,False,fr,0.6745762711864407
full_klu_maternn_kappa=3.0_nu=3.0_alpha_0.0,0.6216499162479063,0.7355715443302292,0.7359163463345104,False,fr,0.6745762711864407
full_klu_maternn_kappa=3.0_nu=3.0_alpha_0.1,0.621074120603015,0.736271762290156,0.7366141906742342,False,fr,0.6745762711864407
full_klu_maternn_kappa=3.0_nu=3.0_alpha_0.2,0.6201319095477387,0.7358101512083046,0.7361541443757111,False,fr,0.6745762711864407
full_klu_maternn_kappa=3.0_nu=3.0_alpha_0.3,0.61981783919598,0.7358393216073773,0.736183215892075,False,fr,0.6745762711864407
full_klu_maternn_kappa=3.0_nu=3.0_alpha_0.4,0.6187709380234506,0.7351548797562617,0.7355010941828276,False,fr,0.6745762711864407
full_klu_maternn_kappa=3.0_nu=3.0_alpha_0.5,0.6173052763819096,0.7346017090822605,0.7349497986636535,False,fr,0.6745762711864407
full_klu_maternn_kappa=3.0_nu=3.0_alpha_0.6,0.6167294807370184,0.7338265219103861,0.7341772392449042,False,fr,0.6745762711864407
full_klu_maternn_kappa=3.0_nu=3.0_alpha_0.7,0.6153685092127302,0.7335726738503312,0.7339242516867478,False,fr,0.6745762711864407
full_klu_maternn_kappa=3.0_nu=3.0_alpha_0.8,0.6145833333333334,0.7304637224320872,0.7291309238326332,False,fr,0.6745762711864407
full_klu_maternn_kappa=3.0_nu=3.0_alpha_0.9,0.6133270519262982,0.7318013567932187,0.7321589390942356,False,fr,0.6745762711864407
full_klu_maternn_kappa=3.0_nu=3.0_alpha_1.0,0.5862384840871022,0.7258222153452067,0.7245051506680813,False,fr,0.6745762711864407
deberta_full_klu_heat_t=0.1_alpha_0.0,0.6216499162479063,0.7355715443302292,0.7359163463345104,False,fr,0.6745762711864407
deberta_full_klu_heat_t=0.1_alpha_0.1,0.6216499162479062,0.7356894822941727,0.7360338845087457,False,fr,0.6745762711864407
deberta_full_klu_heat_t=0.1_alpha_0.2,0.6220163316582914,0.7360035830800522,0.7363469205461985,False,fr,0.6745762711864407
deberta_full_klu_heat_t=0.1_alpha_0.3,0.6212835008375209,0.7357275642440326,0.7360718373672502,False,fr,0.6745762711864407
deberta_full_klu_heat_t=0.1_alpha_0.4,0.621074120603015,0.7355611225267686,0.7359059598591972,False,fr,0.6745762711864407
deberta_full_klu_heat_t=0.1_alpha_0.5,0.6199225293132329,0.7350203024710809,0.7353669730918337,False,fr,0.6745762711864407
deberta_full_klu_heat_t=0.1_alpha_0.6,0.61892797319933,0.7345838360664807,0.734931986234368,False,fr,0.6745762711864407
deberta_full_klu_heat_t=0.1_alpha_0.7,0.618142797319933,0.7341983678780192,0.7345478247177317,False,fr,0.6745762711864407
deberta_full_klu_heat_t=0.1_alpha_0.8,0.6162060301507538,0.7349640750858768,0.7353109363079356,False,fr,0.6745762711864407
deberta_full_klu_heat_t=0.1_alpha_0.9,0.614897403685092,0.7344199121163926,0.7347686179586869,False,fr,0.6745762711864407
deberta_full_klu_heat_t=0.1_alpha_1.0,0.5,0.6675790829546375,0.6681543678788363,False,fr,0.6745762711864407
deberta_full_klu_heatn_t=0.1_alpha_0.0,0.6216499162479063,0.7355715443302292,0.7359163463345104,False,fr,0.6745762711864407
deberta_full_klu_heatn_t=0.1_alpha_0.1,0.6216499162479063,0.735764508960273,0.7361086568471643,False,fr,0.6745762711864407
deberta_full_klu_heatn_t=0.1_alpha_0.2,0.6219116415410386,0.7360614525319829,0.7364045938304954,False,fr,0.6745762711864407
deberta_full_klu_heatn_t=0.1_alpha_0.3,0.6218592964824121,0.7359705075006842,0.7363139570874384,False,fr,0.6745762711864407
deberta_full_klu_heatn_t=0.1_alpha_0.4,0.621283500837521,0.73578029339798,0.7361243877783027,False,fr,0.6745762711864407
deberta_full_klu_heatn_t=0.1_alpha_0.5,0.6201842546063651,0.7353038463787642,0.7356495558337284,False,fr,0.6745762711864407
deberta_full_klu_heatn_t=0.1_alpha_0.6,0.6185615577889448,0.7346597455800081,0.7350076384275106,False,fr,0.6745762711864407
deberta_full_klu_heatn_t=0.1_alpha_0.7,0.6176193467336685,0.7344293013537605,0.7347779753681315,False,fr,0.6745762711864407
deberta_full_klu_heatn_t=0.1_alpha_0.8,0.6164677554438861,0.7339725475378136,0.7343227698702048,False,fr,0.6745762711864407
deberta_full_klu_heatn_t=0.1_alpha_0.9,0.6146880234505864,0.7348563225586717,0.7352035490435348,False,fr,0.6745762711864407
deberta_full_klu_heatn_t=0.1_alpha_1.0,0.5,0.6675790829546375,0.6681543678788363,False,fr,0.6745762711864407
deberta_full_klu_heat_t=0.2_alpha_0.0,0.6216499162479063,0.7355715443302292,0.7359163463345104,False,fr,0.6745762711864407
deberta_full_klu_heat_t=0.2_alpha_0.1,0.6213881909547739,0.7355005625975135,0.7358456052178378,False,fr,0.6745762711864407
deberta_full_klu_heat_t=0.2_alpha_0.2,0.6216499162479063,0.7357133666376463,0.736057687888343,False,fr,0.6745762711864407
deberta_full_klu_heat_t=0.2_alpha_0.3,0.6215975711892798,0.735737008942287,0.7360812500495783,False,fr,0.6745762711864407
deberta_full_klu_heat_t=0.2_alpha_0.4,0.6208123953098827,0.7354519105783301,0.7357971181207534,False,fr,0.6745762711864407
deberta_full_klu_heat_t=0.2_alpha_0.5,0.6192943886097153,0.7347156752737122,0.7350633785290326,False,fr,0.6745762711864407
deberta_full_klu_heat_t=0.2_alpha_0.6,0.6176716917922949,0.7339039714501157,0.7342544262438211,False,fr,0.6745762711864407
deberta_full_klu_heat_t=0.2_alpha_0.7,0.616572445561139,0.7334164272645493,0.7337685347504092,False,fr,0.6745762711864407
deberta_full_klu_heat_t=0.2_alpha_0.8,0.6161013400335009,0.7348696323254712,0.7352168136924805,False,fr,0.6745762711864407
deberta_full_klu_heat_t=0.2_alpha_0.9,0.6146880234505863,0.7330182662011038,0.7333717233854838,False,fr,0.6745762711864407
deberta_full_klu_heat_t=0.2_alpha_1.0,0.5,0.6675790829546375,0.6681543678788363,False,fr,0.6745762711864407
deberta_full_klu_heatn_t=0.2_alpha_0.0,0.6216499162479063,0.7355715443302292,0.7359163463345104,False,fr,0.6745762711864407
deberta_full_klu_heatn_t=0.2_alpha_0.1,0.6215975711892798,0.7357235287127524,0.7360678155157369,False,fr,0.6745762711864407
deberta_full_klu_heatn_t=0.2_alpha_0.2,0.6217022613065327,0.7358911312980798,0.7362348499567074,False,fr,0.6745762711864407
deberta_full_klu_heatn_t=0.2_alpha_0.3,0.6218069514237856,0.7359043579590244,0.7362480317815132,False,fr,0.6745762711864407
deberta_full_klu_heatn_t=0.2_alpha_0.4,0.6213881909547739,0.73581111468747,0.7361551045888454,False,fr,0.6745762711864407
deberta_full_klu_heatn_t=0.2_alpha_0.5,0.6202365996649917,0.7352426971022298,0.7355886138428771,False,fr,0.6745762711864407
deberta_full_klu_heatn_t=0.2_alpha_0.6,0.6186139028475712,0.7345329911171642,0.7348813136408118,False,fr,0.6745762711864407
deberta_full_klu_heatn_t=0.2_alpha_0.7,0.617462311557789,0.7342048135385908,0.7345542485286064,False,fr,0.6745762711864407
deberta_full_klu_heatn_t=0.2_alpha_0.8,0.6162060301507538,0.7337437780347527,0.7340947758569848,False,fr,0.6745762711864407
deberta_full_klu_heatn_t=0.2_alpha_0.9,0.6144786432160805,0.734665878627538,0.7350137506850487,False,fr,0.6745762711864407
deberta_full_klu_heatn_t=0.2_alpha_1.0,0.5,0.6675790829546375,0.6681543678788363,False,fr,0.6745762711864407
deberta_full_klu_heat_t=0.3_alpha_0.0,0.6216499162479063,0.7355715443302292,0.7359163463345104,False,fr,0.6745762711864407
deberta_full_klu_heat_t=0.3_alpha_0.1,0.6207077051926299,0.7350380826820138,0.7353846930308653,False,fr,0.6745762711864407
deberta_full_klu_heat_t=0.3_alpha_0.2,0.6206553601340035,0.7350411216707102,0.7353877217179052,False,fr,0.6745762711864407
deberta_full_klu_heat_t=0.3_alpha_0.3,0.6204459798994976,0.7350885990666927,0.7354350381735624,False,fr,0.6745762711864407
deberta_full_klu_heat_t=0.3_alpha_0.4,0.6200272194304857,0.7349196198645274,0.7352666317822517,False,fr,0.6745762711864407
deberta_full_klu_heat_t=0.3_alpha_0.5,0.6195037688442212,0.7347326469879949,0.7350802927120803,False,fr,0.6745762711864407
deberta_full_klu_heat_t=0.3_alpha_0.6,0.6185092127303182,0.734283483184293,0.7346326514975435,False,fr,0.6745762711864407
deberta_full_klu_heat_t=0.3_alpha_0.7,0.6170435510887772,0.733681551002814,0.7340327597641373,False,fr,0.6745762711864407
deberta_full_klu_heat_t=0.3_alpha_0.8,0.6162583752093803,0.7349116865703371,0.7352587253805842,False,fr,0.6745762711864407
deberta_full_klu_heat_t=0.3_alpha_0.9,0.6146880234505863,0.7343258144405895,0.7346748392580561,False,fr,0.6745762711864407
deberta_full_klu_heat_t=0.3_alpha_1.0,0.5,0.6675790829546375,0.6681543678788363,False,fr,0.6745762711864407
deberta_full_klu_heatn_t=0.3_alpha_0.0,0.6216499162479063,0.7355715443302292,0.7359163463345104,False,fr,0.6745762711864407
deberta_full_klu_heatn_t=0.3_alpha_0.1,0.6215452261306533,0.7356865574024891,0.7360309695319491,False,fr,0.6745762711864407
deberta_full_klu_heatn_t=0.3_alpha_0.2,0.6218069514237856,0.7359015936669797,0.7362452768599499,False,fr,0.6745762711864407
deberta_full_klu_heatn_t=0.3_alpha_0.3,0.6217546063651591,0.7358228608962033,0.736166810979922,False,fr,0.6745762711864407
deberta_full_klu_heatn_t=0.3_alpha_0.4,0.621283500837521,0.7356949074619588,0.7360392912861324,False,fr,0.6745762711864407
deberta_full_klu_heatn_t=0.3_alpha_0.5,0.6203936348408712,0.7353606292450972,0.7357061462157687,False,fr,0.6745762711864407
deberta_full_klu_heatn_t=0.3_alpha_0.6,0.6190850083752095,0.734713058257513,0.7350607703840747,False,fr,0.6745762711864407
deberta_full_klu_heatn_t=0.3_alpha_0.7,0.6176193467336685,0.7342169610889522,0.734566354900831,False,fr,0.6745762711864407
deberta_full_klu_heatn_t=0.3_alpha_0.8,0.6165724455611391,0.7338643597517545,0.7342149488224036,False,fr,0.6745762711864407
deberta_full_klu_heatn_t=0.3_alpha_0.9,0.6147927135678392,0.7347481046466258,0.7350956979718684,False,fr,0.6745762711864407
deberta_full_klu_heatn_t=0.3_alpha_1.0,0.5,0.6675790829546375,0.6681543678788363,False,fr,0.6745762711864407
deberta_full_klu_heat_t=0.4_alpha_0.0,0.6216499162479063,0.7355715443302292,0.7359163463345104,False,fr,0.6745762711864407
deberta_full_klu_heat_t=0.4_alpha_0.1,0.6207600502512562,0.735040226012303,0.735386829095628,False,fr,0.6745762711864407
deberta_full_klu_heat_t=0.4_alpha_0.2,0.6200272194304858,0.734689048105077,0.735036841621986,False,fr,0.6745762711864407
deberta_full_klu_heat_t=0.4_alpha_0.3,0.6196608040201005,0.7345076667788346,0.7348560751476969,False,fr,0.6745762711864407
deberta_full_klu_heat_t=0.4_alpha_0.4,0.6191896984924624,0.7343843778690893,0.7347332041664593,False,fr,0.6745762711864407
deberta_full_klu_heat_t=0.4_alpha_0.5,0.6189803182579565,0.7343733447023826,0.7347222084003175,False,fr,0.6745762711864407
deberta_full_klu_heat_t=0.4_alpha_0.6,0.6184568676716918,0.7341972131969154,0.7345466739508012,False,fr,0.6745762711864407
deberta_full_klu_heat_t=0.4_alpha_0.7,0.6178287269681743,0.73395618865454,0.7343064664407728,False,fr,0.6745762711864407
deberta_full_klu_heat_t=0.4_alpha_0.8,0.6167294807370185,0.7335529044678402,0.7339045493191125,False,fr,0.6745762711864407
deberta_full_klu_heat_t=0.4_alpha_0.9,0.6154208542713568,0.7345517881348171,0.7349000469397609,False,fr,0.6745762711864407
deberta_full_klu_heat_t=0.4_alpha_1.0,0.5,0.6675790829546375,0.6681543678788363,False,fr,0.6745762711864407
deberta_full_klu_heatn_t=0.4_alpha_0.0,0.6216499162479063,0.7355715443302292,0.7359163463345104,False,fr,0.6745762711864407
deberta_full_klu_heatn_t=0.4_alpha_0.1,0.6214928810720268,0.7356492538983317,0.7359937924803481,False,fr,0.6745762711864407
deberta_full_klu_heatn_t=0.4_alpha_0.2,0.6219116415410385,0.7359764055745853,0.7363198351678688,False,fr,0.6745762711864407
deberta_full_klu_heatn_t=0.4_alpha_0.3,0.6216499162479062,0.7358107244331282,0.7361547156573996,False,fr,0.6745762711864407
deberta_full_klu_heatn_t=0.4_alpha_0.4,0.621074120603015,0.7355540201190458,0.7358988815274329,False,fr,0.6745762711864407
deberta_full_klu_heatn_t=0.4_alpha_0.5,0.6203412897822446,0.7353427326207386,0.7356883102579334,False,fr,0.6745762711864407
deberta_full_klu_heatn_t=0.4_alpha_0.6,0.6190850083752094,0.7347342701180006,0.7350819103399506,False,fr,0.6745762711864407
deberta_full_klu_heatn_t=0.4_alpha_0.7,0.618247487437186,0.7344635637029948,0.734812121573809,False,fr,0.6745762711864407
deberta_full_klu_heatn_t=0.4_alpha_0.8,0.6167294807370185,0.7338077734315318,0.7341585543202155,False,fr,0.6745762711864407
deberta_full_klu_heatn_t=0.4_alpha_0.9,0.6143739530988275,0.7343648687459643,0.734713761175955,False,fr,0.6745762711864407
deberta_full_klu_heatn_t=0.4_alpha_1.0,0.5,0.6675790829546375,0.6681543678788363,False,fr,0.6745762711864407
deberta_full_klu_heat_t=0.5_alpha_0.0,0.6216499162479063,0.7355715443302292,0.7359163463345104,False,fr,0.6745762711864407
deberta_full_klu_heat_t=0.5_alpha_0.1,0.6208647403685092,0.7350396298407276,0.7353862349449733,False,fr,0.6745762711864407
deberta_full_klu_heat_t=0.5_alpha_0.2,0.6202889447236181,0.7348636965474317,0.7352108980357224,False,fr,0.6745762711864407
deberta_full_klu_heat_t=0.5_alpha_0.3,0.61981783919598,0.7346342758883866,0.7349822550738266,False,fr,0.6745762711864407
deberta_full_klu_heat_t=0.5_alpha_0.4,0.6186139028475712,0.7340862233312295,0.7344360603219481,False,fr,0.6745762711864407
deberta_full_klu_heat_t=0.5_alpha_0.5,0.6186662479061977,0.734173471420038,0.7345230126545232,False,fr,0.6745762711864407
deberta_full_klu_heat_t=0.5_alpha_0.6,0.6185092127303183,0.7341886466034434,0.7345381363966291,False,fr,0.6745762711864407
deberta_full_klu_heat_t=0.5_alpha_0.7,0.6180381072026802,0.7339898459484024,0.7343400096421137,False,fr,0.6745762711864407
deberta_full_klu_heat_t=0.5_alpha_0.8,0.6179857621440537,0.7341042262672139,0.734454002231031,False,fr,0.6745762711864407
deberta_full_klu_heat_t=0.5_alpha_0.9,0.6162583752093802,0.7336816982414291,0.7340329065036386,False,fr,0.6745762711864407
deberta_full_klu_heat_t=0.5_alpha_1.0,0.5,0.6675790829546375,0.6681543678788363,False,fr,0.6745762711864407
deberta_full_klu_heatn_t=0.5_alpha_0.0,0.6216499162479063,0.7355715443302292,0.7359163463345104,False,fr,0.6745762711864407
deberta_full_klu_heatn_t=0.5_alpha_0.1,0.6214928810720268,0.7356181058607525,0.7359627500293371,False,fr,0.6745762711864407
deberta_full_klu_heatn_t=0.5_alpha_0.2,0.621963986599665,0.7359743574332815,0.736317793969417,False,fr,0.6745762711864407
deberta_full_klu_heatn_t=0.5_alpha_0.3,0.6215452261306532,0.7357422593563967,0.7360864826656739,False,fr,0.6745762711864407
deberta_full_klu_heatn_t=0.5_alpha_0.4,0.6212311557788945,0.7356454905627828,0.735990041901869,False,fr,0.6745762711864407
deberta_full_klu_heatn_t=0.5_alpha_0.5,0.6203936348408711,0.7353844850445495,0.7357299211481042,False,fr,0.6745762711864407
deberta_full_klu_heatn_t=0.5_alpha_0.6,0.6188756281407035,0.7346625542747676,0.7350104376012707,False,fr,0.6745762711864407
deberta_full_klu_heatn_t=0.5_alpha_0.7,0.6180381072026802,0.7343239743132801,0.7346730053684664,False,fr,0.6745762711864407
deberta_full_klu_heatn_t=0.5_alpha_0.8,0.6169912060301508,0.7337860435349828,0.7341368980843327,False,fr,0.6745762711864407
deberta_full_klu_heatn_t=0.5_alpha_0.9,0.6147403685092129,0.7344487681944191,0.7347973762194997,False,fr,0.6745762711864407
deberta_full_klu_heatn_t=0.5_alpha_1.0,0.5,0.6675790829546375,0.6681543678788363,False,fr,0.6745762711864407
deberta_full_klu_heat_t=0.6_alpha_0.0,0.6216499162479063,0.7355715443302292,0.7359163463345104,False,fr,0.6745762711864407
deberta_full_klu_heat_t=0.6_alpha_0.1,0.6211264656616416,0.7352571980135876,0.7356030655986032,False,fr,0.6745762711864407
deberta_full_klu_heat_t=0.6_alpha_0.2,0.6202365996649917,0.7348703253635727,0.7352175043813003,False,fr,0.6745762711864407
deberta_full_klu_heat_t=0.6_alpha_0.3,0.6199748743718594,0.7346911117022031,0.7350388982238675,False,fr,0.6745762711864407
deberta_full_klu_heat_t=0.6_alpha_0.4,0.6187709380234506,0.7341010528300105,0.7344508395512417,False,fr,0.6745762711864407
deberta_full_klu_heat_t=0.6_alpha_0.5,0.6182998324958124,0.7339013816913151,0.734251845263864,False,fr,0.6745762711864407
deberta_full_klu_heat_t=0.6_alpha_0.6,0.6184568676716918,0.7342409260166849,0.7345902385915206,False,fr,0.6745762711864407
deberta_full_klu_heat_t=0.6_alpha_0.7,0.6178810720268006,0.7339780262091773,0.7343282299698013,False,fr,0.6745762711864407
deberta_full_klu_heat_t=0.6_alpha_0.8,0.6179334170854272,0.7339373589057101,0.7342877005215999,False,fr,0.6745762711864407
deberta_full_klu_heat_t=0.6_alpha_0.9,0.6167294807370184,0.7335008068691201,0.733852628322422,False,fr,0.6745762711864407
deberta_full_klu_heat_t=0.6_alpha_1.0,0.5,0.6675790829546375,0.6681543678788363,False,fr,0.6745762711864407
deberta_full_klu_heatn_t=0.6_alpha_0.0,0.6216499162479063,0.7355715443302292,0.7359163463345104,False,fr,0.6745762711864407
deberta_full_klu_heatn_t=0.6_alpha_0.1,0.6214928810720268,0.7356734375934606,0.7360178941968496,False,fr,0.6745762711864407
deberta_full_klu_heatn_t=0.6_alpha_0.2,0.6222257118927974,0.7361325404936047,0.7364754408159763,False,fr,0.6745762711864407
deberta_full_klu_heatn_t=0.6_alpha_0.3,0.6212835008375209,0.7355715765737698,0.735916378468751,False,fr,0.6745762711864407
deberta_full_klu_heatn_t=0.6_alpha_0.4,0.6211788107202679,0.7355886178436403,0.735933361971605,False,fr,0.6745762711864407
deberta_full_klu_heatn_t=0.6_alpha_0.5,0.6202365996649918,0.7351525235725213,0.7354987459861507,False,fr,0.6745762711864407
deberta_full_klu_heatn_t=0.6_alpha_0.6,0.6189279731993301,0.7347153592879487,0.7350630636144072,False,fr,0.6745762711864407
deberta_full_klu_heatn_t=0.6_alpha_0.7,0.6184568676716918,0.7344220945090199,0.734770792953373,False,fr,0.6745762711864407
deberta_full_klu_heatn_t=0.6_alpha_0.8,0.6168341708542715,0.7339953238409013,0.7343454689654854,False,fr,0.6745762711864407
deberta_full_klu_heatn_t=0.6_alpha_0.9,0.6149497487437185,0.7345047222219396,0.7348531405723506,False,fr,0.6745762711864407
deberta_full_klu_heatn_t=0.6_alpha_1.0,0.5,0.6675790829546375,0.6681543678788363,False,fr,0.6745762711864407
deberta_full_klu_heat_t=0.7_alpha_0.0,0.6216499162479063,0.7355715443302292,0.7359163463345104,False,fr,0.6745762711864407
deberta_full_klu_heat_t=0.7_alpha_0.1,0.6209170854271358,0.7351464874836754,0.7354927303586231,False,fr,0.6745762711864407
deberta_full_klu_heat_t=0.7_alpha_0.2,0.6203936348408711,0.7349325959499761,0.73527956388097,False,fr,0.6745762711864407
deberta_full_klu_heat_t=0.7_alpha_0.3,0.61981783919598,0.7345869428992351,0.7349350825354858,False,fr,0.6745762711864407
deberta_full_klu_heat_t=0.7_alpha_0.4,0.6191896984924624,0.7343259479466078,0.7346749723115114,False,fr,0.6745762711864407
deberta_full_klu_heat_t=0.7_alpha_0.5,0.6184045226130653,0.7340317293198563,0.7343817510360371,False,fr,0.6745762711864407
deberta_full_klu_heat_t=0.7_alpha_0.6,0.6182998324958124,0.7341313714300415,0.7344810553763574,False,fr,0.6745762711864407
deberta_full_klu_heat_t=0.7_alpha_0.7,0.6181951423785594,0.7341997495082897,0.7345492016645097,False,fr,0.6745762711864407
deberta_full_klu_heat_t=0.7_alpha_0.8,0.6180904522613065,0.7341575780440048,0.7345071731543411,False,fr,0.6745762711864407
deberta_full_klu_heat_t=0.7_alpha_0.9,0.6176193467336684,0.7338645726193271,0.734215160968391,False,fr,0.6745762711864407
deberta_full_klu_heat_t=0.7_alpha_1.0,0.5,0.6675790829546375,0.6681543678788363,False,fr,0.6745762711864407
deberta_full_klu_heatn_t=0.7_alpha_0.0,0.6216499162479063,0.7355715443302292,0.7359163463345104,False,fr,0.6745762711864407
deberta_full_klu_heatn_t=0.7_alpha_0.1,0.6214405360134004,0.7356356446985248,0.7359802294134221,False,fr,0.6745762711864407
deberta_full_klu_heatn_t=0.7_alpha_0.2,0.6222780569514239,0.736163962202649,0.7365067560107526,False,fr,0.6745762711864407
deberta_full_klu_heatn_t=0.7_alpha_0.3,0.6214928810720268,0.7357881112303684,0.7361321791095643,False,fr,0.6745762711864407
deberta_full_klu_heatn_t=0.7_alpha_0.4,0.6209694304857621,0.7355009573564222,0.7358459986385807,False,fr,0.6745762711864407
deberta_full_klu_heatn_t=0.7_alpha_0.5,0.6202365996649917,0.7351460016310032,0.7354922461529089,False,fr,0.6745762711864407
deberta_full_klu_heatn_t=0.7_alpha_0.6,0.6188756281407035,0.7347510407015703,0.7350986240740843,False,fr,0.6745762711864407
deberta_full_klu_heatn_t=0.7_alpha_0.7,0.6181951423785595,0.7342044054795805,0.7345538418528471,False,fr,0.6745762711864407
deberta_full_klu_heatn_t=0.7_alpha_0.8,0.6165201005025126,0.7338138846880835,0.7341646448606433,False,fr,0.6745762711864407
deberta_full_klu_heatn_t=0.7_alpha_0.9,0.6150544388609717,0.7345078094234179,0.7348562173087392,False,fr,0.6745762711864407
deberta_full_klu_heatn_t=0.7_alpha_1.0,0.5,0.6675790829546375,0.6681543678788363,False,fr,0.6745762711864407
deberta_full_klu_matern_kappa=1.0_nu=1.0_alpha_0.0,0.6216499162479063,0.7355715443302292,0.7359163463345104,False,fr,0.6745762711864407
deberta_full_klu_matern_kappa=1.0_nu=1.0_alpha_0.1,0.6213358458961474,0.7355121455314017,0.7358571488875433,False,fr,0.6745762711864407
deberta_full_klu_matern_kappa=1.0_nu=1.0_alpha_0.2,0.6218069514237856,0.735766215456729,0.7361103575588868,False,fr,0.6745762711864407
deberta_full_klu_matern_kappa=1.0_nu=1.0_alpha_0.3,0.6213358458961474,0.7356049797075399,0.7359496683715591,False,fr,0.6745762711864407
deberta_full_klu_matern_kappa=1.0_nu=1.0_alpha_0.4,0.6202889447236182,0.7351968202662302,0.7355428925215759,False,fr,0.6745762711864407
deberta_full_klu_matern_kappa=1.0_nu=1.0_alpha_0.5,0.6190850083752094,0.7346122955773475,0.7349603492723167,False,fr,0.6745762711864407
deberta_full_klu_matern_kappa=1.0_nu=1.0_alpha_0.6,0.6179857621440537,0.7341221091256163,0.7344718244695743,False,fr,0.6745762711864407
deberta_full_klu_matern_kappa=1.0_nu=1.0_alpha_0.7,0.6170958961474037,0.7338094792230294,0.7341602543293689,False,fr,0.6745762711864407
deberta_full_klu_matern_kappa=1.0_nu=1.0_alpha_0.8,0.6159966499162479,0.7347693687499148,0.7351168899934515,False,fr,0.6745762711864407
deberta_full_klu_matern_kappa=1.0_nu=1.0_alpha_0.9,0.6147927135678393,0.7330835809392346,0.7334368167177227,False,fr,0.6745762711864407
deberta_full_klu_matern_kappa=1.0_nu=1.0_alpha_1.0,0.5,0.6675790829546375,0.6681543678788363,False,fr,0.6745762711864407
deberta_full_klu_maternn_kappa=1.0_nu=1.0_alpha_0.0,0.6216499162479063,0.7355715443302292,0.7359163463345104,False,fr,0.6745762711864407
deberta_full_klu_maternn_kappa=1.0_nu=1.0_alpha_0.1,0.6214928810720268,0.7356492538983317,0.7359937924803481,False,fr,0.6745762711864407
deberta_full_klu_maternn_kappa=1.0_nu=1.0_alpha_0.2,0.6219116415410385,0.7359764055745853,0.7363198351678688,False,fr,0.6745762711864407
deberta_full_klu_maternn_kappa=1.0_nu=1.0_alpha_0.3,0.6215975711892797,0.735796610903899,0.7361406499706425,False,fr,0.6745762711864407
deberta_full_klu_maternn_kappa=1.0_nu=1.0_alpha_0.4,0.621074120603015,0.7355540201190458,0.7358988815274329,False,fr,0.6745762711864407
deberta_full_klu_maternn_kappa=1.0_nu=1.0_alpha_0.5,0.6203412897822446,0.7353427326207386,0.7356883102579334,False,fr,0.6745762711864407
deberta_full_klu_maternn_kappa=1.0_nu=1.0_alpha_0.6,0.6191373534338359,0.7347729219423667,0.7351204311411832,False,fr,0.6745762711864407
deberta_full_klu_maternn_kappa=1.0_nu=1.0_alpha_0.7,0.618247487437186,0.7344635637029948,0.734812121573809,False,fr,0.6745762711864407
deberta_full_klu_maternn_kappa=1.0_nu=1.0_alpha_0.8,0.6167294807370185,0.7338077734315318,0.7341585543202155,False,fr,0.6745762711864407
deberta_full_klu_maternn_kappa=1.0_nu=1.0_alpha_0.9,0.614426298157454,0.7343910330578429,0.734739836795251,False,fr,0.6745762711864407
deberta_full_klu_maternn_kappa=1.0_nu=1.0_alpha_1.0,0.5,0.6675790829546375,0.6681543678788363,False,fr,0.6745762711864407
deberta_full_klu_matern_kappa=1.0_nu=2.0_alpha_0.0,0.6216499162479063,0.7355715443302292,0.7359163463345104,False,fr,0.6745762711864407
deberta_full_klu_matern_kappa=1.0_nu=2.0_alpha_0.1,0.621074120603015,0.7353998733434837,0.7357452572833133,False,fr,0.6745762711864407
deberta_full_klu_matern_kappa=1.0_nu=2.0_alpha_0.2,0.6211264656616416,0.7354487597172155,0.735793977940524,False,fr,0.6745762711864407
deberta_full_klu_matern_kappa=1.0_nu=2.0_alpha_0.3,0.6211264656616415,0.7355365869071481,0.7358815074111686,False,fr,0.6745762711864407
deberta_full_klu_matern_kappa=1.0_nu=2.0_alpha_0.4,0.6211264656616415,0.7354736735706493,0.7358188073402172,False,fr,0.6745762711864407
deberta_full_klu_matern_kappa=1.0_nu=2.0_alpha_0.5,0.6195561139028477,0.7348043055650962,0.7351517083787508,False,fr,0.6745762711864407
deberta_full_klu_matern_kappa=1.0_nu=2.0_alpha_0.6,0.6178287269681743,0.73397629336086,0.7343265029955458,False,fr,0.6745762711864407
deberta_full_klu_matern_kappa=1.0_nu=2.0_alpha_0.7,0.6167294807370185,0.7334410815134518,0.7337931054255867,False,fr,0.6745762711864407
deberta_full_klu_matern_kappa=1.0_nu=2.0_alpha_0.8,0.6160489949748744,0.7347342774873858,0.7350819176843547,False,fr,0.6745762711864407
deberta_full_klu_matern_kappa=1.0_nu=2.0_alpha_0.9,0.6146356783919599,0.7330730438327309,0.7334263153302241,False,fr,0.6745762711864407
deberta_full_klu_matern_kappa=1.0_nu=2.0_alpha_1.0,0.5,0.6675790829546375,0.6681543678788363,False,fr,0.6745762711864407
deberta_full_klu_maternn_kappa=1.0_nu=2.0_alpha_0.0,0.6216499162479063,0.7355715443302292,0.7359163463345104,False,fr,0.6745762711864407
deberta_full_klu_maternn_kappa=1.0_nu=2.0_alpha_0.1,0.6214405360134003,0.7356206710366155,0.7359653065096886,False,fr,0.6745762711864407
deberta_full_klu_maternn_kappa=1.0_nu=2.0_alpha_0.2,0.6219639865996651,0.7359917270184781,0.7363351046746637,False,fr,0.6745762711864407
deberta_full_klu_maternn_kappa=1.0_nu=2.0_alpha_0.3,0.6215975711892798,0.7357703074662861,0.7361144356972249,False,fr,0.6745762711864407
deberta_full_klu_maternn_kappa=1.0_nu=2.0_alpha_0.4,0.6212311557788945,0.7356323284247472,0.7359769243812505,False,fr,0.6745762711864407
deberta_full_klu_maternn_kappa=1.0_nu=2.0_alpha_0.5,0.6204459798994976,0.7354377714299931,0.7357830269017328,False,fr,0.6745762711864407
deberta_full_klu_maternn_kappa=1.0_nu=2.0_alpha_0.6,0.61892797319933,0.734654191167636,0.7350021028436549,False,fr,0.6745762711864407
deberta_full_klu_maternn_kappa=1.0_nu=2.0_alpha_0.7,0.6179334170854272,0.7343020293595826,0.7346511348044423,False,fr,0.6745762711864407
deberta_full_klu_maternn_kappa=1.0_nu=2.0_alpha_0.8,0.616781825795645,0.7337975834971403,0.7341483989279745,False,fr,0.6745762711864407
deberta_full_klu_maternn_kappa=1.0_nu=2.0_alpha_0.9,0.6142692629815745,0.7342634246714805,0.7346126609796897,False,fr,0.6745762711864407
deberta_full_klu_maternn_kappa=1.0_nu=2.0_alpha_1.0,0.5,0.6675790829546375,0.6681543678788363,False,fr,0.6745762711864407
deberta_full_klu_matern_kappa=1.0_nu=3.0_alpha_0.0,0.6216499162479063,0.7355715443302292,0.7359163463345104,False,fr,0.6745762711864407
deberta_full_klu_matern_kappa=1.0_nu=3.0_alpha_0.1,0.6207077051926299,0.7350651466476967,0.7354116652542917,False,fr,0.6745762711864407
deberta_full_klu_matern_kappa=1.0_nu=3.0_alpha_0.2,0.620603015075377,0.7350251528418642,0.7353718070206824,False,fr,0.6745762711864407
deberta_full_klu_matern_kappa=1.0_nu=3.0_alpha_0.3,0.6202889447236182,0.7349263121392571,0.7352733013713043,False,fr,0.6745762711864407
deberta_full_klu_matern_kappa=1.0_nu=3.0_alpha_0.4,0.6199748743718593,0.734858774749779,0.7352059929221295,False,fr,0.6745762711864407
deberta_full_klu_matern_kappa=1.0_nu=3.0_alpha_0.5,0.6195561139028476,0.7347836040167692,0.735131077005164,False,fr,0.6745762711864407
deberta_full_klu_matern_kappa=1.0_nu=3.0_alpha_0.6,0.6185092127303182,0.7342909008311086,0.7346400439997937,False,fr,0.6745762711864407
deberta_full_klu_matern_kappa=1.0_nu=3.0_alpha_0.7,0.6169388609715244,0.7336563242041351,0.7340076184800302,False,fr,0.6745762711864407
deberta_full_klu_matern_kappa=1.0_nu=3.0_alpha_0.8,0.6162583752093803,0.7349116865703371,0.7352587253805842,False,fr,0.6745762711864407
deberta_full_klu_matern_kappa=1.0_nu=3.0_alpha_0.9,0.6145833333333334,0.7342743578228723,0.7346235570695514,False,fr,0.6745762711864407
deberta_full_klu_matern_kappa=1.0_nu=3.0_alpha_1.0,0.5,0.6675790829546375,0.6681543678788363,False,fr,0.6745762711864407
deberta_full_klu_maternn_kappa=1.0_nu=3.0_alpha_0.0,0.6216499162479063,0.7355715443302292,0.7359163463345104,False,fr,0.6745762711864407
deberta_full_klu_maternn_kappa=1.0_nu=3.0_alpha_0.1,0.6214928810720268,0.735648101363585,0.735992643852499,False,fr,0.6745762711864407
deberta_full_klu_maternn_kappa=1.0_nu=3.0_alpha_0.2,0.6219639865996651,0.7359917270184781,0.7363351046746637,False,fr,0.6745762711864407
deberta_full_klu_maternn_kappa=1.0_nu=3.0_alpha_0.3,0.6215975711892798,0.7357703074662861,0.7361144356972249,False,fr,0.6745762711864407
deberta_full_klu_maternn_kappa=1.0_nu=3.0_alpha_0.4,0.6212311557788945,0.7356882531710105,0.7360326595521027,False,fr,0.6745762711864407
deberta_full_klu_maternn_kappa=1.0_nu=3.0_alpha_0.5,0.6205506700167503,0.7354641421315304,0.7358093082110617,False,fr,0.6745762711864407
deberta_full_klu_maternn_kappa=1.0_nu=3.0_alpha_0.6,0.6188756281407035,0.7346396554388146,0.7349876163884905,False,fr,0.6745762711864407
deberta_full_klu_maternn_kappa=1.0_nu=3.0_alpha_0.7,0.6178810720268008,0.7342536676650642,0.7346029370478715,False,fr,0.6745762711864407
deberta_full_klu_maternn_kappa=1.0_nu=3.0_alpha_0.8,0.6167294807370185,0.7337246180386496,0.7340756808100211,False,fr,0.6745762711864407
deberta_full_klu_maternn_kappa=1.0_nu=3.0_alpha_0.9,0.6145833333333335,0.7344237012485143,0.7347723942462929,False,fr,0.6745762711864407
deberta_full_klu_maternn_kappa=1.0_nu=3.0_alpha_1.0,0.5,0.6675790829546375,0.6681543678788363,False,fr,0.6745762711864407
deberta_full_klu_matern_kappa=2.0_nu=1.0_alpha_0.0,0.6216499162479063,0.7355715443302292,0.7359163463345104,False,fr,0.6745762711864407
deberta_full_klu_matern_kappa=2.0_nu=1.0_alpha_0.1,0.6208123953098827,0.7350815294636934,0.7354279925353189,False,fr,0.6745762711864407
deberta_full_klu_matern_kappa=2.0_nu=1.0_alpha_0.2,0.620498324958124,0.7349687788396428,0.7353156241167736,False,fr,0.6745762711864407
deberta_full_klu_matern_kappa=2.0_nu=1.0_alpha_0.3,0.6204459798994976,0.7350594468939936,0.7354059848217875,False,fr,0.6745762711864407
deberta_full_klu_matern_kappa=2.0_nu=1.0_alpha_0.4,0.6198701842546064,0.7348607814994701,0.7352079928692793,False,fr,0.6745762711864407
deberta_full_klu_matern_kappa=2.0_nu=1.0_alpha_0.5,0.6195037688442211,0.7348453561686967,0.7351926198277628,False,fr,0.6745762711864407
deberta_full_klu_matern_kappa=2.0_nu=1.0_alpha_0.6,0.6187185929648242,0.7343660523852706,0.7347149408029247,False,fr,0.6745762711864407
deberta_full_klu_matern_kappa=2.0_nu=1.0_alpha_0.7,0.6169912060301508,0.7336382576155374,0.7339896131341057,False,fr,0.6745762711864407
deberta_full_klu_matern_kappa=2.0_nu=1.0_alpha_0.8,0.6163107202680067,0.7349324989984033,0.7352794672580467,False,fr,0.6745762711864407
deberta_full_klu_matern_kappa=2.0_nu=1.0_alpha_0.9,0.6147403685092127,0.7343333535922306,0.7346823528532509,False,fr,0.6745762711864407
deberta_full_klu_matern_kappa=2.0_nu=1.0_alpha_1.0,0.5,0.6675790829546375,0.6681543678788363,False,fr,0.6745762711864407
deberta_full_klu_maternn_kappa=2.0_nu=1.0_alpha_0.0,0.6216499162479063,0.7355715443302292,0.7359163463345104,False,fr,0.6745762711864407
deberta_full_klu_maternn_kappa=2.0_nu=1.0_alpha_0.1,0.6214405360134004,0.7355601444458927,0.7359049850938496,False,fr,0.6745762711864407
deberta_full_klu_maternn_kappa=2.0_nu=1.0_alpha_0.2,0.6221733668341709,0.7360348921356286,0.7363781234693833,False,fr,0.6745762711864407
deberta_full_klu_maternn_kappa=2.0_nu=1.0_alpha_0.3,0.6212311557788945,0.7356102198208279,0.7359548907217512,False,fr,0.6745762711864407
deberta_full_klu_maternn_kappa=2.0_nu=1.0_alpha_0.4,0.6210217755443886,0.7355697650756062,0.7359145731112591,False,fr,0.6745762711864407
deberta_full_klu_maternn_kappa=2.0_nu=1.0_alpha_0.5,0.6199748743718594,0.7351140634395928,0.7354604162265544,False,fr,0.6745762711864407
deberta_full_klu_maternn_kappa=2.0_nu=1.0_alpha_0.6,0.6185092127303182,0.7343430477572823,0.7346920141567261,False,fr,0.6745762711864407
deberta_full_klu_maternn_kappa=2.0_nu=1.0_alpha_0.7,0.6176193467336684,0.7339104797342527,0.734260912465978,False,fr,0.6745762711864407
deberta_full_klu_maternn_kappa=2.0_nu=1.0_alpha_0.8,0.6163630653266332,0.7349817879040644,0.7353285890826717,False,fr,0.6745762711864407
deberta_full_klu_maternn_kappa=2.0_nu=1.0_alpha_0.9,0.6152638190954774,0.7345303242033653,0.7348786557673986,False,fr,0.6745762711864407
deberta_full_klu_maternn_kappa=2.0_nu=1.0_alpha_1.0,0.5,0.6675790829546375,0.6681543678788363,False,fr,0.6745762711864407
deberta_full_klu_matern_kappa=2.0_nu=2.0_alpha_0.0,0.6216499162479063,0.7355715443302292,0.7359163463345104,False,fr,0.6745762711864407
deberta_full_klu_matern_kappa=2.0_nu=2.0_alpha_0.1,0.6207600502512564,0.734959240542151,0.7353061181524936,False,fr,0.6745762711864407
deberta_full_klu_matern_kappa=2.0_nu=2.0_alpha_0.2,0.6201842546063652,0.7348351381334223,0.7351824364298962,False,fr,0.6745762711864407
deberta_full_klu_matern_kappa=2.0_nu=2.0_alpha_0.3,0.6197654941373535,0.7346278575937092,0.7349758585360804,False,fr,0.6745762711864407
deberta_full_klu_matern_kappa=2.0_nu=2.0_alpha_0.4,0.6185615577889447,0.7339829504038236,0.7343331374722621,False,fr,0.6745762711864407
deberta_full_klu_matern_kappa=2.0_nu=2.0_alpha_0.5,0.6189803182579565,0.7344040788464832,0.7347528383608789,False,fr,0.6745762711864407
deberta_full_klu_matern_kappa=2.0_nu=2.0_alpha_0.6,0.6184045226130653,0.734189618295071,0.7345391047943867,False,fr,0.6745762711864407
deberta_full_klu_matern_kappa=2.0_nu=2.0_alpha_0.7,0.6180904522613065,0.7340486947349933,0.7343986589412922,False,fr,0.6745762711864407
deberta_full_klu_matern_kappa=2.0_nu=2.0_alpha_0.8,0.6174099664991625,0.7338025439781228,0.7341533425937671,False,fr,0.6745762711864407
deberta_full_klu_matern_kappa=2.0_nu=2.0_alpha_0.9,0.6161536850921273,0.7349685358168263,0.7353153819177632,False,fr,0.6745762711864407
deberta_full_klu_matern_kappa=2.0_nu=2.0_alpha_1.0,0.5,0.6675790829546375,0.6681543678788363,False,fr,0.6745762711864407
deberta_full_klu_maternn_kappa=2.0_nu=2.0_alpha_0.0,0.6216499162479063,0.7355715443302292,0.7359163463345104,False,fr,0.6745762711864407
deberta_full_klu_maternn_kappa=2.0_nu=2.0_alpha_0.1,0.6213881909547739,0.7355464767155193,0.7358913636947656,False,fr,0.6745762711864407
deberta_full_klu_maternn_kappa=2.0_nu=2.0_alpha_0.2,0.6220163316582915,0.7359567423212541,0.7363002385696336,False,fr,0.6745762711864407
deberta_full_klu_maternn_kappa=2.0_nu=2.0_alpha_0.3,0.6211788107202681,0.7356253387029023,0.7359699583533779,False,fr,0.6745762711864407
deberta_full_klu_maternn_kappa=2.0_nu=2.0_alpha_0.4,0.6205506700167505,0.7354394455988493,0.7357846953954403,False,fr,0.6745762711864407
deberta_full_klu_maternn_kappa=2.0_nu=2.0_alpha_0.5,0.6195561139028476,0.7348293976644744,0.735176715420165,False,fr,0.6745762711864407
deberta_full_klu_maternn_kappa=2.0_nu=2.0_alpha_0.6,0.6186139028475712,0.7345108972211298,0.7348592946393402,False,fr,0.6745762711864407
deberta_full_klu_maternn_kappa=2.0_nu=2.0_alpha_0.7,0.6169388609715244,0.7336389722796727,0.7339903253756507,False,fr,0.6745762711864407
deberta_full_klu_maternn_kappa=2.0_nu=2.0_alpha_0.8,0.615891959798995,0.7347578105067691,0.735105370930791,False,fr,0.6745762711864407
deberta_full_klu_maternn_kappa=2.0_nu=2.0_alpha_0.9,0.6149497487437187,0.7330875917983557,0.7334408139807111,False,fr,0.6745762711864407
deberta_full_klu_maternn_kappa=2.0_nu=2.0_alpha_1.0,0.5,0.6675790829546375,0.6681543678788363,False,fr,0.6745762711864407
deberta_full_klu_matern_kappa=2.0_nu=3.0_alpha_0.0,0.6216499162479063,0.7355715443302292,0.7359163463345104,False,fr,0.6745762711864407
deberta_full_klu_matern_kappa=2.0_nu=3.0_alpha_0.1,0.6211264656616416,0.7352667907055743,0.73561262577299,False,fr,0.6745762711864407
deberta_full_klu_matern_kappa=2.0_nu=3.0_alpha_0.2,0.6202889447236182,0.7348897617095398,0.7352368748413487,False,fr,0.6745762711864407
deberta_full_klu_matern_kappa=2.0_nu=3.0_alpha_0.3,0.6200272194304859,0.7347039956436585,0.735051738490945,False,fr,0.6745762711864407
deberta_full_klu_matern_kappa=2.0_nu=3.0_alpha_0.4,0.6188756281407036,0.7341452177828133,0.73449485479234,False,fr,0.6745762711864407
deberta_full_klu_matern_kappa=2.0_nu=3.0_alpha_0.5,0.6182998324958124,0.7339192835889163,0.7342696864770664,False,fr,0.6745762711864407
deberta_full_klu_matern_kappa=2.0_nu=3.0_alpha_0.6,0.6185092127303183,0.7343016645978316,0.7346507712791719,False,fr,0.6745762711864407
deberta_full_klu_matern_kappa=2.0_nu=3.0_alpha_0.7,0.6179857621440537,0.7340579181614975,0.7344078511019438,False,fr,0.6745762711864407
deberta_full_klu_matern_kappa=2.0_nu=3.0_alpha_0.8,0.6179334170854272,0.7339330480691956,0.7342834042980905,False,fr,0.6745762711864407
deberta_full_klu_matern_kappa=2.0_nu=3.0_alpha_0.9,0.6168341708542715,0.7336197794327726,0.7339711975892486,False,fr,0.6745762711864407
deberta_full_klu_matern_kappa=2.0_nu=3.0_alpha_1.0,0.5,0.6675790829546375,0.6681543678788363,False,fr,0.6745762711864407
deberta_full_klu_maternn_kappa=2.0_nu=3.0_alpha_0.0,0.6216499162479063,0.7355715443302292,0.7359163463345104,False,fr,0.6745762711864407
deberta_full_klu_maternn_kappa=2.0_nu=3.0_alpha_0.1,0.621283500837521,0.7354989106654708,0.7358439588855649,False,fr,0.6745762711864407
deberta_full_klu_maternn_kappa=2.0_nu=3.0_alpha_0.2,0.621963986599665,0.7359087470248179,0.7362524059691176,False,fr,0.6745762711864407
deberta_full_klu_maternn_kappa=2.0_nu=3.0_alpha_0.3,0.621178810720268,0.7355715457889132,0.7359163477882497,False,fr,0.6745762711864407
deberta_full_klu_maternn_kappa=2.0_nu=3.0_alpha_0.4,0.6206553601340035,0.7354122704978548,0.7357576124134323,False,fr,0.6745762711864407
deberta_full_klu_maternn_kappa=2.0_nu=3.0_alpha_0.5,0.6191896984924624,0.7347392912176103,0.7350869144188835,False,fr,0.6745762711864407
deberta_full_klu_maternn_kappa=2.0_nu=3.0_alpha_0.6,0.6182998324958124,0.734254759609249,0.7346040252905507,False,fr,0.6745762711864407
deberta_full_klu_maternn_kappa=2.0_nu=3.0_alpha_0.7,0.6172529313232832,0.7338885432781971,0.7342390503707904,False,fr,0.6745762711864407
deberta_full_klu_maternn_kappa=2.0_nu=3.0_alpha_0.8,0.6159443048576214,0.7347286639244374,0.735076323150433,False,fr,0.6745762711864407
deberta_full_klu_maternn_kappa=2.0_nu=3.0_alpha_0.9,0.6148450586264658,0.7331301253954774,0.7334832033961476,False,fr,0.6745762711864407
deberta_full_klu_maternn_kappa=2.0_nu=3.0_alpha_1.0,0.5,0.6675790829546375,0.6681543678788363,False,fr,0.6745762711864407
deberta_full_klu_matern_kappa=3.0_nu=1.0_alpha_0.0,0.6216499162479063,0.7355715443302292,0.7359163463345104,False,fr,0.6745762711864407
deberta_full_klu_matern_kappa=3.0_nu=1.0_alpha_0.1,0.6206553601340032,0.735028323526098,0.7353749669568339,False,fr,0.6745762711864407
deberta_full_klu_matern_kappa=3.0_nu=1.0_alpha_0.2,0.6201842546063652,0.7347154374253264,0.7350631414869125,False,fr,0.6745762711864407
deberta_full_klu_matern_kappa=3.0_nu=1.0_alpha_0.3,0.6195561139028476,0.7344300916943054,0.7347787630295559,False,fr,0.6745762711864407
deberta_full_klu_matern_kappa=3.0_nu=1.0_alpha_0.4,0.6195561139028476,0.7345783413466318,0.734926510140688,False,fr,0.6745762711864407
deberta_full_klu_matern_kappa=3.0_nu=1.0_alpha_0.5,0.61892797319933,0.7343309642578075,0.7346799716182667,False,fr,0.6745762711864407
deberta_full_klu_matern_kappa=3.0_nu=1.0_alpha_0.6,0.6185092127303182,0.734243188295598,0.7345924932016916,False,fr,0.6745762711864407
deberta_full_klu_matern_kappa=3.0_nu=1.0_alpha_0.7,0.6176193467336684,0.7338761609115997,0.734226709978317,False,fr,0.6745762711864407
deberta_full_klu_matern_kappa=3.0_nu=1.0_alpha_0.8,0.6165724455611391,0.7335020060037394,0.7338538233921781,False,fr,0.6745762711864407
deberta_full_klu_matern_kappa=3.0_nu=1.0_alpha_0.9,0.615316164154104,0.7345392086482206,0.7348875100954917,False,fr,0.6745762711864407
deberta_full_klu_matern_kappa=3.0_nu=1.0_alpha_1.0,0.5,0.6675790829546375,0.6681543678788363,False,fr,0.6745762711864407
deberta_full_klu_maternn_kappa=3.0_nu=1.0_alpha_0.0,0.6216499162479063,0.7355715443302292,0.7359163463345104,False,fr,0.6745762711864407
deberta_full_klu_maternn_kappa=3.0_nu=1.0_alpha_0.1,0.6213358458961474,0.7355121455314017,0.7358571488875433,False,fr,0.6745762711864407
deberta_full_klu_maternn_kappa=3.0_nu=1.0_alpha_0.2,0.6218069514237856,0.735766215456729,0.7361103575588868,False,fr,0.6745762711864407
deberta_full_klu_maternn_kappa=3.0_nu=1.0_alpha_0.3,0.6213358458961474,0.7356049797075399,0.7359496683715591,False,fr,0.6745762711864407
deberta_full_klu_maternn_kappa=3.0_nu=1.0_alpha_0.4,0.6202889447236182,0.7351968202662302,0.7355428925215759,False,fr,0.6745762711864407
deberta_full_klu_maternn_kappa=3.0_nu=1.0_alpha_0.5,0.6190850083752094,0.7346122955773475,0.7349603492723167,False,fr,0.6745762711864407
deberta_full_klu_maternn_kappa=3.0_nu=1.0_alpha_0.6,0.6179857621440537,0.7341221091256163,0.7344718244695743,False,fr,0.6745762711864407
deberta_full_klu_maternn_kappa=3.0_nu=1.0_alpha_0.7,0.6170958961474037,0.7338094792230294,0.7341602543293689,False,fr,0.6745762711864407
deberta_full_klu_maternn_kappa=3.0_nu=1.0_alpha_0.8,0.6159966499162479,0.7347693687499148,0.7351168899934515,False,fr,0.6745762711864407
deberta_full_klu_maternn_kappa=3.0_nu=1.0_alpha_0.9,0.6147927135678393,0.7330835809392346,0.7334368167177227,False,fr,0.6745762711864407
deberta_full_klu_maternn_kappa=3.0_nu=1.0_alpha_1.0,0.5,0.6675790829546375,0.6681543678788363,False,fr,0.6745762711864407
deberta_full_klu_matern_kappa=3.0_nu=2.0_alpha_0.0,0.6216499162479063,0.7355715443302292,0.7359163463345104,False,fr,0.6745762711864407
deberta_full_klu_matern_kappa=3.0_nu=2.0_alpha_0.1,0.6211264656616416,0.7352595655933072,0.7356054251526288,False,fr,0.6745762711864407
deberta_full_klu_matern_kappa=3.0_nu=2.0_alpha_0.2,0.6203936348408711,0.73493078611374,0.7352777601797721,False,fr,0.6745762711864407
deberta_full_klu_matern_kappa=3.0_nu=2.0_alpha_0.3,0.6199748743718594,0.7346736263530851,0.7350214721471194,False,fr,0.6745762711864407
deberta_full_klu_matern_kappa=3.0_nu=2.0_alpha_0.4,0.6188756281407035,0.734187163282187,0.7345366581035804,False,fr,0.6745762711864407
deberta_full_klu_matern_kappa=3.0_nu=2.0_alpha_0.5,0.6184045226130654,0.7339921526220219,0.7343423084965005,False,fr,0.6745762711864407
deberta_full_klu_matern_kappa=3.0_nu=2.0_alpha_0.6,0.6186662479061977,0.7343511552608708,0.7347000941772516,False,fr,0.6745762711864407
deberta_full_klu_matern_kappa=3.0_nu=2.0_alpha_0.7,0.6180381072026802,0.7341207367038403,0.7344704567000756,False,fr,0.6745762711864407
deberta_full_klu_matern_kappa=3.0_nu=2.0_alpha_0.8,0.6179334170854272,0.7339318989564341,0.7342822590806266,False,fr,0.6745762711864407
deberta_full_klu_matern_kappa=3.0_nu=2.0_alpha_0.9,0.6170435510887773,0.7336210025576624,0.7339724165679523,False,fr,0.6745762711864407
deberta_full_klu_matern_kappa=3.0_nu=2.0_alpha_1.0,0.5,0.6675790829546375,0.6681543678788363,False,fr,0.6745762711864407
deberta_full_klu_maternn_kappa=3.0_nu=2.0_alpha_0.0,0.6216499162479063,0.7355715443302292,0.7359163463345104,False,fr,0.6745762711864407
deberta_full_klu_maternn_kappa=3.0_nu=2.0_alpha_0.1,0.621074120603015,0.7353998733434837,0.7357452572833133,False,fr,0.6745762711864407
deberta_full_klu_maternn_kappa=3.0_nu=2.0_alpha_0.2,0.6211264656616416,0.7354487597172155,0.735793977940524,False,fr,0.6745762711864407
deberta_full_klu_maternn_kappa=3.0_nu=2.0_alpha_0.3,0.6211264656616415,0.7355365869071481,0.7358815074111686,False,fr,0.6745762711864407
deberta_full_klu_maternn_kappa=3.0_nu=2.0_alpha_0.4,0.6211264656616415,0.7354736735706493,0.7358188073402172,False,fr,0.6745762711864407
deberta_full_klu_maternn_kappa=3.0_nu=2.0_alpha_0.5,0.6195561139028477,0.7348043055650962,0.7351517083787508,False,fr,0.6745762711864407
deberta_full_klu_maternn_kappa=3.0_nu=2.0_alpha_0.6,0.6178287269681743,0.73397629336086,0.7343265029955458,False,fr,0.6745762711864407
deberta_full_klu_maternn_kappa=3.0_nu=2.0_alpha_0.7,0.6167294807370185,0.7334410815134518,0.7337931054255867,False,fr,0.6745762711864407
deberta_full_klu_maternn_kappa=3.0_nu=2.0_alpha_0.8,0.6160489949748744,0.7347342774873858,0.7350819176843547,False,fr,0.6745762711864407
deberta_full_klu_maternn_kappa=3.0_nu=2.0_alpha_0.9,0.6146356783919599,0.7330730438327309,0.7334263153302241,False,fr,0.6745762711864407
deberta_full_klu_maternn_kappa=3.0_nu=2.0_alpha_1.0,0.5,0.6675790829546375,0.6681543678788363,False,fr,0.6745762711864407
deberta_full_klu_matern_kappa=3.0_nu=3.0_alpha_0.0,0.6216499162479063,0.7355715443302292,0.7359163463345104,False,fr,0.6745762711864407
deberta_full_klu_matern_kappa=3.0_nu=3.0_alpha_0.1,0.6209694304857621,0.7352072260648221,0.7355532630462743,False,fr,0.6745762711864407
deberta_full_klu_matern_kappa=3.0_nu=3.0_alpha_0.2,0.6205506700167505,0.7350047046447608,0.7353514281395013,False,fr,0.6745762711864407
deberta_full_klu_matern_kappa=3.0_nu=3.0_alpha_0.3,0.6200272194304858,0.7346829168819746,0.7350307311826906,False,fr,0.6745762711864407
deberta_full_klu_matern_kappa=3.0_nu=3.0_alpha_0.4,0.6192420435510889,0.7343851747191827,0.7347339983153658,False,fr,0.6745762711864407
deberta_full_klu_matern_kappa=3.0_nu=3.0_alpha_0.5,0.6186139028475712,0.7341025701912758,0.7344523517689094,False,fr,0.6745762711864407
deberta_full_klu_matern_kappa=3.0_nu=3.0_alpha_0.6,0.61803810720268,0.7339163147003251,0.7342667276525044,False,fr,0.6745762711864407
deberta_full_klu_matern_kappa=3.0_nu=3.0_alpha_0.7,0.6182998324958124,0.7342106313499721,0.7345600466185933,False,fr,0.6745762711864407
deberta_full_klu_matern_kappa=3.0_nu=3.0_alpha_0.8,0.6179334170854272,0.7341100482089489,0.7344598044373701,False,fr,0.6745762711864407
deberta_full_klu_matern_kappa=3.0_nu=3.0_alpha_0.9,0.6177240368509213,0.7338896640352703,0.7342401673286871,False,fr,0.6745762711864407
deberta_full_klu_matern_kappa=3.0_nu=3.0_alpha_1.0,0.5,0.6675790829546375,0.6681543678788363,False,fr,0.6745762711864407
deberta_full_klu_maternn_kappa=3.0_nu=3.0_alpha_0.0,0.6216499162479063,0.7355715443302292,0.7359163463345104,False,fr,0.6745762711864407
deberta_full_klu_maternn_kappa=3.0_nu=3.0_alpha_0.1,0.6207077051926299,0.7350651466476967,0.7354116652542917,False,fr,0.6745762711864407
deberta_full_klu_maternn_kappa=3.0_nu=3.0_alpha_0.2,0.620603015075377,0.7350251528418642,0.7353718070206824,False,fr,0.6745762711864407
deberta_full_klu_maternn_kappa=3.0_nu=3.0_alpha_0.3,0.6202889447236182,0.7349263121392571,0.7352733013713043,False,fr,0.6745762711864407
deberta_full_klu_maternn_kappa=3.0_nu=3.0_alpha_0.4,0.6199748743718593,0.734858774749779,0.7352059929221295,False,fr,0.6745762711864407
deberta_full_klu_maternn_kappa=3.0_nu=3.0_alpha_0.5,0.6195561139028476,0.7347836040167692,0.735131077005164,False,fr,0.6745762711864407
deberta_full_klu_maternn_kappa=3.0_nu=3.0_alpha_0.6,0.6185092127303182,0.7342909008311086,0.7346400439997937,False,fr,0.6745762711864407
deberta_full_klu_maternn_kappa=3.0_nu=3.0_alpha_0.7,0.6169388609715244,0.7336563242041351,0.7340076184800302,False,fr,0.6745762711864407
deberta_full_klu_maternn_kappa=3.0_nu=3.0_alpha_0.8,0.6162583752093803,0.7349116865703371,0.7352587253805842,False,fr,0.6745762711864407
deberta_full_klu_maternn_kappa=3.0_nu=3.0_alpha_0.9,0.6145833333333334,0.7342743578228723,0.7346235570695514,False,fr,0.6745762711864407
deberta_full_klu_maternn_kappa=3.0_nu=3.0_alpha_1.0,0.5,0.6675790829546375,0.6681543678788363,False,fr,0.6745762711864407
