method,auroc,auarc,prr,is_blackbox,language,accuracy
heat_t=0.1_kernel_entropy_s,0.5961617405582923,0.8441355664663691,0.8443019555257477,True,en,0.7864406779661017
heat_t=0.1_kernel_entropy,0.5961617405582923,0.8441355664663691,0.8443019555257477,True,en,0.7864406779661017
heatn_t=0.1_kernel_entropy_s,0.3827312534209086,0.733855214849424,0.734395435609199,True,en,0.7864406779661017
heatn_t=0.1_kernel_entropy,0.3827312534209086,0.733855214849424,0.734395435609199,True,en,0.7864406779661017
heat_t=0.2_kernel_entropy_s,0.5977011494252874,0.8463899263573409,0.846548673518784,True,en,0.7864406779661017
heat_t=0.2_kernel_entropy,0.5977011494252874,0.8463899263573409,0.846548673518784,True,en,0.7864406779661017
heatn_t=0.2_kernel_entropy_s,0.38013136288998356,0.7324304795793004,0.7329755299501606,True,en,0.7864406779661017
heatn_t=0.2_kernel_entropy,0.38013136288998356,0.7324304795793004,0.7329755299501606,True,en,0.7864406779661017
heat_t=0.3_kernel_entropy_s,0.6000273672687465,0.8453833276359817,0.8455454869964802,True,en,0.7864406779661017
heat_t=0.3_kernel_entropy,0.6002668308702791,0.8462109029497653,0.8463702569702171,True,en,0.7864406779661017
heatn_t=0.3_kernel_entropy_s,0.37996031746031744,0.7331205663663954,0.7336632774600111,True,en,0.7864406779661017
heatn_t=0.3_kernel_entropy,0.37996031746031744,0.7331205663663954,0.7336632774600111,True,en,0.7864406779661017
heat_t=0.4_kernel_entropy_s,0.6002668308702792,0.8459399318713978,0.846100204437878,True,en,0.7864406779661017
heat_t=0.4_kernel_entropy,0.6002668308702792,0.8459399318713978,0.846100204437878,True,en,0.7864406779661017
heatn_t=0.4_kernel_entropy_s,0.38098659003831414,0.7323817139820148,0.7329269296599844,True,en,0.7864406779661017
heatn_t=0.4_kernel_entropy,0.38098659003831414,0.7323817139820148,0.7329269296599844,True,en,0.7864406779661017
heat_t=0.5_kernel_entropy_s,0.5996510673234811,0.8452144148949496,0.8453771468410108,True,en,0.7864406779661017
heat_t=0.5_kernel_entropy,0.5996510673234811,0.8452144148949496,0.8453771468410108,True,en,0.7864406779661017
heatn_t=0.5_kernel_entropy_s,0.3774630541871921,0.7311035058865026,0.7316530544732706,True,en,0.7864406779661017
heatn_t=0.5_kernel_entropy,0.3774630541871921,0.7311035058865026,0.7316530544732706,True,en,0.7864406779661017
heat_t=0.6_kernel_entropy_s,0.5996852764094144,0.8465542653128143,0.8467124553930524,True,en,0.7864406779661017
heat_t=0.6_kernel_entropy,0.5997536945812808,0.8466292953248191,0.8467872310660336,True,en,0.7864406779661017
heatn_t=0.6_kernel_entropy_s,0.37934455391351946,0.7309078140184416,0.7314580259674741,True,en,0.7864406779661017
heatn_t=0.6_kernel_entropy,0.37934455391351946,0.7309078140184416,0.7314580259674741,True,en,0.7864406779661017
heat_t=0.7_kernel_entropy_s,0.600711548987411,0.8480648278403438,0.848217897369641,True,en,0.7864406779661017
heat_t=0.7_kernel_entropy,0.6007457580733442,0.8480648278403438,0.848217897369641,True,en,0.7864406779661017
heatn_t=0.7_kernel_entropy_s,0.3772235905856595,0.731599819517146,0.7321476856848269,True,en,0.7864406779661017
heatn_t=0.7_kernel_entropy,0.3772235905856595,0.731599819517146,0.7321476856848269,True,en,0.7864406779661017
matern_kappa=1.0_nu=1.0_kernel_entropy_s,0.6016694033935414,0.8467202982792827,0.8468779255359058,True,en,0.7864406779661017
matern_kappa=1.0_nu=1.0_kernel_entropy,0.6016694033935414,0.8467202982792827,0.8468779255359058,True,en,0.7864406779661017
maternn_kappa=1.0_nu=1.0_kernel_entropy_s,0.3783524904214559,0.731228393378714,0.7317775186180506,True,en,0.7864406779661017
maternn_kappa=1.0_nu=1.0_kernel_entropy,0.3783524904214559,0.731228393378714,0.7317775186180506,True,en,0.7864406779661017
matern_kappa=1.0_nu=2.0_kernel_entropy_s,0.5995484400656814,0.8441616039299036,0.8443279047266941,True,en,0.7864406779661017
matern_kappa=1.0_nu=2.0_kernel_entropy,0.5997194854953475,0.8445778360597007,0.8447427259001188,True,en,0.7864406779661017
maternn_kappa=1.0_nu=2.0_kernel_entropy_s,0.3794813902572523,0.7315723675733721,0.7321203267984896,True,en,0.7864406779661017
maternn_kappa=1.0_nu=2.0_kernel_entropy,0.3794813902572523,0.7315723675733721,0.7321203267984896,True,en,0.7864406779661017
matern_kappa=1.0_nu=3.0_kernel_entropy_s,0.6016694033935412,0.8441862580933182,0.8443524753166731,True,en,0.7864406779661017
matern_kappa=1.0_nu=3.0_kernel_entropy,0.6014983579638752,0.844219284772003,0.844385390040515,True,en,0.7864406779661017
maternn_kappa=1.0_nu=3.0_kernel_entropy_s,0.37821565407772306,0.7323400637023809,0.7328854205677391,True,en,0.7864406779661017
maternn_kappa=1.0_nu=3.0_kernel_entropy,0.37821565407772306,0.7323400637023809,0.7328854205677391,True,en,0.7864406779661017
matern_kappa=2.0_nu=1.0_kernel_entropy_s,0.5980432402846195,0.8459225079165507,0.8460828395472846,True,en,0.7864406779661017
matern_kappa=2.0_nu=1.0_kernel_entropy,0.5979748221127531,0.8459225079165507,0.8460828395472846,True,en,0.7864406779661017
maternn_kappa=2.0_nu=1.0_kernel_entropy_s,0.396551724137931,0.7364736423495031,0.737004987083854,True,en,0.7864406779661017
maternn_kappa=2.0_nu=1.0_kernel_entropy,0.396551724137931,0.7364736423495031,0.737004987083854,True,en,0.7864406779661017
matern_kappa=2.0_nu=2.0_kernel_entropy_s,0.5962301587301587,0.8448709388249755,0.8450348350966977,True,en,0.7864406779661017
matern_kappa=2.0_nu=2.0_kernel_entropy,0.5963669950738917,0.8450007448130266,0.8451642010644502,True,en,0.7864406779661017
maternn_kappa=2.0_nu=2.0_kernel_entropy_s,0.3938492063492063,0.7370595186526059,0.7375888773655904,True,en,0.7864406779661017
maternn_kappa=2.0_nu=2.0_kernel_entropy,0.3938492063492063,0.7370595186526059,0.7375888773655904,True,en,0.7864406779661017
matern_kappa=2.0_nu=3.0_kernel_entropy_s,0.5939381499726327,0.8454441804792604,0.8456061335589343,True,en,0.7864406779661017
matern_kappa=2.0_nu=3.0_kernel_entropy,0.5941776135741652,0.8455547248936504,0.8457163032464957,True,en,0.7864406779661017
maternn_kappa=2.0_nu=3.0_kernel_entropy_s,0.3920703338806787,0.7367776567117761,0.7373079708889668,True,en,0.7864406779661017
maternn_kappa=2.0_nu=3.0_kernel_entropy,0.39207033388067863,0.7367776567117761,0.7373079708889668,True,en,0.7864406779661017
matern_kappa=3.0_nu=1.0_kernel_entropy_s,0.5896278051450465,0.8450636350041153,0.8452268780684508,True,en,0.7864406779661017
matern_kappa=3.0_nu=1.0_kernel_entropy,0.5894225506294472,0.8450994387993176,0.8452625604948557,True,en,0.7864406779661017
maternn_kappa=3.0_nu=1.0_kernel_entropy_s,0.4490968801313628,0.7666215174232489,0.7670506659709093,True,en,0.7864406779661017
maternn_kappa=3.0_nu=1.0_kernel_entropy,0.4492337164750957,0.7674919916896814,0.7679181894771165,True,en,0.7864406779661017
matern_kappa=3.0_nu=2.0_kernel_entropy_s,0.5769704433497537,0.8416190268069135,0.8417939465092055,True,en,0.7864406779661017
matern_kappa=3.0_nu=2.0_kernel_entropy,0.5769704433497537,0.8416190268069135,0.8417939465092055,True,en,0.7864406779661017
maternn_kappa=3.0_nu=2.0_kernel_entropy_s,0.525212096332786,0.8132610309311687,0.8135320794330395,True,en,0.7864406779661017
maternn_kappa=3.0_nu=2.0_kernel_entropy,0.525212096332786,0.8132610309311687,0.8135320794330395,True,en,0.7864406779661017
matern_kappa=3.0_nu=3.0_kernel_entropy_s,0.5681787082649151,0.8380168606561261,0.8382039910911326,True,en,0.7864406779661017
matern_kappa=3.0_nu=3.0_kernel_entropy,0.5683155446086481,0.838118781229401,0.8383055661709388,True,en,0.7864406779661017
maternn_kappa=3.0_nu=3.0_kernel_entropy_s,0.5510741652983032,0.8341699257325466,0.8343700966249212,True,en,0.7864406779661017
maternn_kappa=3.0_nu=3.0_kernel_entropy,0.5510741652983032,0.8341699257325466,0.8343700966249212,True,en,0.7864406779661017
weighted_heat_t=0.1_kernel_entropy_s,0.6299603174603174,0.8529012767403705,0.8530379515276337,True,en,0.7864406779661017
weighted_heat_t=0.1_kernel_entropy,0.6299603174603174,0.8529012767403705,0.8530379515276337,True,en,0.7864406779661017
weighted_heatn_t=0.1_kernel_entropy_s,0.3432539682539682,0.7045964869797784,0.7035409746136878,True,en,0.7864406779661017
weighted_heatn_t=0.1_kernel_entropy,0.3432539682539682,0.7045964869797784,0.7035409746136878,True,en,0.7864406779661017
weighted_heat_t=0.2_kernel_entropy_s,0.634475916803503,0.854995159368299,0.855124736248349,True,en,0.7864406779661017
weighted_heat_t=0.2_kernel_entropy,0.634475916803503,0.854995159368299,0.855124736248349,True,en,0.7864406779661017
weighted_heatn_t=0.2_kernel_entropy_s,0.34304871373836887,0.7052884139423261,0.7042305560611082,True,en,0.7864406779661017
weighted_heatn_t=0.2_kernel_entropy,0.34304871373836887,0.7052884139423261,0.7042305560611082,True,en,0.7864406779661017
weighted_heat_t=0.3_kernel_entropy_s,0.6444991789819376,0.8582056454721333,0.8583243393484415,True,en,0.7864406779661017
weighted_heat_t=0.3_kernel_entropy,0.6444991789819376,0.8582056454721333,0.8583243393484415,True,en,0.7864406779661017
weighted_heatn_t=0.3_kernel_entropy_s,0.342296113847838,0.7038012125835912,0.7027483960629114,True,en,0.7864406779661017
weighted_heatn_t=0.3_kernel_entropy,0.342296113847838,0.7038012125835912,0.7027483960629114,True,en,0.7864406779661017
weighted_heat_t=0.4_kernel_entropy_s,0.6548303229337712,0.8604541757894338,0.8605652475290733,True,en,0.7864406779661017
weighted_heat_t=0.4_kernel_entropy,0.6548303229337712,0.8604541757894338,0.8605652475290733,True,en,0.7864406779661017
weighted_heatn_t=0.4_kernel_entropy_s,0.34339080459770116,0.7046724082784024,0.7036166385519775,True,en,0.7864406779661017
weighted_heatn_t=0.4_kernel_entropy,0.34339080459770116,0.7046724082784024,0.7036166385519775,True,en,0.7864406779661017
weighted_heat_t=0.5_kernel_entropy_s,0.6544198139025724,0.8613183071144659,0.8614264495953763,True,en,0.7864406779661017
weighted_heat_t=0.5_kernel_entropy,0.6544198139025724,0.8613183071144659,0.8614264495953763,True,en,0.7864406779661017
weighted_heatn_t=0.5_kernel_entropy_s,0.34359605911330054,0.7044751012055952,0.7034200003167053,True,en,0.7864406779661017
weighted_heatn_t=0.5_kernel_entropy,0.34359605911330054,0.7044751012055952,0.7034200003167053,True,en,0.7864406779661017
weighted_heat_t=0.6_kernel_entropy_s,0.6521620142309797,0.8607412023156239,0.8608513010839881,True,en,0.7864406779661017
weighted_heat_t=0.6_kernel_entropy,0.6521620142309797,0.8607412023156239,0.8608513010839881,True,en,0.7864406779661017
weighted_heatn_t=0.6_kernel_entropy_s,0.344588122605364,0.7044847960309547,0.70342966227825,True,en,0.7864406779661017
weighted_heatn_t=0.6_kernel_entropy,0.344588122605364,0.7044847960309547,0.70342966227825,True,en,0.7864406779661017
weighted_heat_t=0.7_kernel_entropy_s,0.6521620142309797,0.8588848269539691,0.8590012185201693,True,en,0.7864406779661017
weighted_heat_t=0.7_kernel_entropy,0.6521620142309797,0.8588848269539691,0.8590012185201693,True,en,0.7864406779661017
weighted_heatn_t=0.7_kernel_entropy_s,0.3448275862068966,0.7021682581456351,0.701120977063728,True,en,0.7864406779661017
weighted_heatn_t=0.7_kernel_entropy,0.3448275862068966,0.7021682581456351,0.701120977063728,True,en,0.7864406779661017
weighted_matern_kappa=1.0_nu=1.0_kernel_entropy_s,0.6369731800766283,0.8550287881584657,0.8551582510426169,True,en,0.7864406779661017
weighted_matern_kappa=1.0_nu=1.0_kernel_entropy,0.6369731800766283,0.8550287881584657,0.8551582510426169,True,en,0.7864406779661017
weighted_maternn_kappa=1.0_nu=1.0_kernel_entropy_s,0.34363026819923376,0.7025462179113509,0.701497655609899,True,en,0.7864406779661017
weighted_maternn_kappa=1.0_nu=1.0_kernel_entropy,0.34363026819923376,0.7025462179113509,0.701497655609899,True,en,0.7864406779661017
weighted_matern_kappa=1.0_nu=2.0_kernel_entropy_s,0.643199233716475,0.8575660463905678,0.8576869083993558,True,en,0.7864406779661017
weighted_matern_kappa=1.0_nu=2.0_kernel_entropy,0.643199233716475,0.8575660463905678,0.8576869083993558,True,en,0.7864406779661017
weighted_maternn_kappa=1.0_nu=2.0_kernel_entropy_s,0.3434250136836343,0.7035221670535048,0.7024702964498761,True,en,0.7864406779661017
weighted_maternn_kappa=1.0_nu=2.0_kernel_entropy,0.3434250136836343,0.7035221670535048,0.7024702964498761,True,en,0.7864406779661017
weighted_matern_kappa=1.0_nu=3.0_kernel_entropy_s,0.6475779967159278,0.8597469990172292,0.8598604679662658,True,en,0.7864406779661017
weighted_matern_kappa=1.0_nu=3.0_kernel_entropy,0.6475779967159278,0.8597469990172292,0.8598604679662658,True,en,0.7864406779661017
weighted_maternn_kappa=1.0_nu=3.0_kernel_entropy_s,0.3438697318007663,0.7038429755653615,0.7027900174752519,True,en,0.7864406779661017
weighted_maternn_kappa=1.0_nu=3.0_kernel_entropy,0.3438697318007663,0.7038429755653615,0.7027900174752519,True,en,0.7864406779661017
weighted_matern_kappa=2.0_nu=1.0_kernel_entropy_s,0.6539408866995073,0.8580241851210864,0.8581434941172287,True,en,0.7864406779661017
weighted_matern_kappa=2.0_nu=1.0_kernel_entropy,0.6539408866995073,0.8580241851210864,0.8581434941172287,True,en,0.7864406779661017
weighted_maternn_kappa=2.0_nu=1.0_kernel_entropy_s,0.4094485495347564,0.7133139415965845,0.7122288785368776,True,en,0.7864406779661017
weighted_maternn_kappa=2.0_nu=1.0_kernel_entropy,0.4094485495347564,0.7133139415965845,0.7122288785368776,True,en,0.7864406779661017
weighted_matern_kappa=2.0_nu=2.0_kernel_entropy_s,0.6581828133552271,0.8637444499001866,0.8638443681682642,True,en,0.7864406779661017
weighted_matern_kappa=2.0_nu=2.0_kernel_entropy,0.6581828133552271,0.8637444499001866,0.8638443681682642,True,en,0.7864406779661017
weighted_maternn_kappa=2.0_nu=2.0_kernel_entropy_s,0.42203749315818273,0.7161954075014368,0.7151005767606965,True,en,0.7864406779661017
weighted_maternn_kappa=2.0_nu=2.0_kernel_entropy,0.42203749315818273,0.7161954075014368,0.7151005767606965,True,en,0.7864406779661017
weighted_matern_kappa=2.0_nu=3.0_kernel_entropy_s,0.6581143951833607,0.8616900474376772,0.8617969297818987,True,en,0.7864406779661017
weighted_matern_kappa=2.0_nu=3.0_kernel_entropy,0.6581143951833607,0.8616900474376772,0.8617969297818987,True,en,0.7864406779661017
weighted_maternn_kappa=2.0_nu=3.0_kernel_entropy_s,0.4243295019157088,0.7164660595505163,0.715370311345203,True,en,0.7864406779661017
weighted_maternn_kappa=2.0_nu=3.0_kernel_entropy,0.4243295019157088,0.7164660595505163,0.715370311345203,True,en,0.7864406779661017
weighted_matern_kappa=3.0_nu=1.0_kernel_entropy_s,0.657703886152162,0.8600702368517879,0.8601826100793515,True,en,0.7864406779661017
weighted_matern_kappa=3.0_nu=1.0_kernel_entropy,0.657703886152162,0.8600702368517879,0.8601826100793515,True,en,0.7864406779661017
weighted_maternn_kappa=3.0_nu=1.0_kernel_entropy_s,0.5192255062944716,0.7609954467865414,0.7597487515058516,True,en,0.7864406779661017
weighted_maternn_kappa=3.0_nu=1.0_kernel_entropy,0.5191570881226053,0.7608865962826943,0.7596402699867633,True,en,0.7864406779661017
weighted_matern_kappa=3.0_nu=2.0_kernel_entropy_s,0.6553092501368364,0.8592791267706918,0.859394181727344,True,en,0.7864406779661017
weighted_matern_kappa=3.0_nu=2.0_kernel_entropy,0.6553092501368364,0.8592791267706918,0.859394181727344,True,en,0.7864406779661017
weighted_maternn_kappa=3.0_nu=2.0_kernel_entropy_s,0.5852490421455938,0.8035162091012683,0.8021253756432405,True,en,0.7864406779661017
weighted_maternn_kappa=3.0_nu=2.0_kernel_entropy,0.5853858784893268,0.8034406233113968,0.8020500460763855,True,en,0.7864406779661017
weighted_matern_kappa=3.0_nu=3.0_kernel_entropy_s,0.6539408866995073,0.8594838130799087,0.8595981741846651,True,en,0.7864406779661017
weighted_matern_kappa=3.0_nu=3.0_kernel_entropy,0.6539408866995073,0.8594838130799087,0.8595981741846651,True,en,0.7864406779661017
weighted_maternn_kappa=3.0_nu=3.0_kernel_entropy_s,0.6281472359058565,0.8510298132064265,0.8511728319378727,True,en,0.7864406779661017
weighted_maternn_kappa=3.0_nu=3.0_kernel_entropy,0.6281472359058565,0.8510298132064265,0.8511728319378727,True,en,0.7864406779661017
weighted_deberta_heat_t=0.1_kernel_entropy_s,0.5971538040503558,0.8419868975240727,0.8421605702069844,True,en,0.7864406779661017
weighted_deberta_heat_t=0.1_kernel_entropy,0.5971538040503558,0.8419868975240727,0.8421605702069844,True,en,0.7864406779661017
weighted_deberta_heatn_t=0.1_kernel_entropy_s,0.3754789272030651,0.7315291819359291,0.7320772875530379,True,en,0.7864406779661017
weighted_deberta_heatn_t=0.1_kernel_entropy,0.3754789272030651,0.7315291819359291,0.7320772875530379,True,en,0.7864406779661017
weighted_deberta_heat_t=0.2_kernel_entropy_s,0.6001642036124795,0.8430141821422317,0.8431843725044039,True,en,0.7864406779661017
weighted_deberta_heat_t=0.2_kernel_entropy,0.6001642036124795,0.8430141821422317,0.8431843725044039,True,en,0.7864406779661017
weighted_deberta_heatn_t=0.2_kernel_entropy_s,0.37575259989053095,0.731193366125601,0.731742610101389,True,en,0.7864406779661017
weighted_deberta_heatn_t=0.2_kernel_entropy,0.37575259989053095,0.731193366125601,0.731742610101389,True,en,0.7864406779661017
weighted_deberta_heat_t=0.3_kernel_entropy_s,0.603448275862069,0.8461694375198912,0.8463289321011223,True,en,0.7864406779661017
weighted_deberta_heat_t=0.3_kernel_entropy,0.603448275862069,0.8461694375198912,0.8463289321011223,True,en,0.7864406779661017
weighted_deberta_heatn_t=0.3_kernel_entropy_s,0.37602627257799665,0.730294939295878,0.730847228786343,True,en,0.7864406779661017
weighted_deberta_heatn_t=0.3_kernel_entropy,0.37602627257799665,0.730294939295878,0.730847228786343,True,en,0.7864406779661017
weighted_deberta_heat_t=0.4_kernel_entropy_s,0.6054324028461959,0.8486081049332268,0.8487593328452601,True,en,0.7864406779661017
weighted_deberta_heat_t=0.4_kernel_entropy,0.6054324028461959,0.8486081049332268,0.8487593328452601,True,en,0.7864406779661017
weighted_deberta_heatn_t=0.4_kernel_entropy_s,0.37616310892172966,0.7300480267576728,0.7306011532397927,True,en,0.7864406779661017
weighted_deberta_heatn_t=0.4_kernel_entropy,0.37616310892172966,0.7300480267576728,0.7306011532397927,True,en,0.7864406779661017
weighted_deberta_heat_t=0.5_kernel_entropy_s,0.6061850027367268,0.8509718226101302,0.8511150379198689,True,en,0.7864406779661017
weighted_deberta_heat_t=0.5_kernel_entropy,0.6061850027367268,0.8509718226101302,0.8511150379198689,True,en,0.7864406779661017
weighted_deberta_heatn_t=0.5_kernel_entropy_s,0.3771893814997263,0.7296075656096965,0.7301621851804536,True,en,0.7864406779661017
weighted_deberta_heatn_t=0.5_kernel_entropy,0.3771893814997263,0.7296075656096965,0.7301621851804536,True,en,0.7864406779661017
weighted_deberta_heat_t=0.6_kernel_entropy_s,0.6019430760810072,0.8485416136929843,0.8486930669990522,True,en,0.7864406779661017
weighted_deberta_heat_t=0.6_kernel_entropy,0.6019430760810072,0.8485416136929843,0.8486930669990522,True,en,0.7864406779661017
weighted_deberta_heatn_t=0.6_kernel_entropy_s,0.3787629994526546,0.7301525657225845,0.730705337835332,True,en,0.7864406779661017
weighted_deberta_heatn_t=0.6_kernel_entropy,0.3787629994526546,0.7301525657225845,0.730705337835332,True,en,0.7864406779661017
weighted_deberta_heat_t=0.7_kernel_entropy_s,0.6001642036124795,0.849797480180301,0.8499446763118357,True,en,0.7864406779661017
weighted_deberta_heat_t=0.7_kernel_entropy,0.6001642036124795,0.849797480180301,0.8499446763118357,True,en,0.7864406779661017
weighted_deberta_heatn_t=0.7_kernel_entropy_s,0.3805418719211822,0.7287017119236323,0.7292594021848506,True,en,0.7864406779661017
weighted_deberta_heatn_t=0.7_kernel_entropy,0.3805418719211822,0.7287017119236323,0.7292594021848506,True,en,0.7864406779661017
weighted_deberta_matern_kappa=1.0_nu=1.0_kernel_entropy_s,0.5984537493158183,0.8434974158371135,0.8436659681189642,True,en,0.7864406779661017
weighted_deberta_matern_kappa=1.0_nu=1.0_kernel_entropy,0.5984537493158183,0.8434974158371135,0.8436659681189642,True,en,0.7864406779661017
weighted_deberta_maternn_kappa=1.0_nu=1.0_kernel_entropy_s,0.3797892720306513,0.7289786216065395,0.7295353731908667,True,en,0.7864406779661017
weighted_deberta_maternn_kappa=1.0_nu=1.0_kernel_entropy,0.3797892720306513,0.7289786216065395,0.7295353731908667,True,en,0.7864406779661017
weighted_deberta_matern_kappa=1.0_nu=2.0_kernel_entropy_s,0.6005062944718117,0.8451816789387256,0.8453445218541302,True,en,0.7864406779661017
weighted_deberta_matern_kappa=1.0_nu=2.0_kernel_entropy,0.6005062944718117,0.8451816789387256,0.8453445218541302,True,en,0.7864406779661017
weighted_deberta_maternn_kappa=1.0_nu=2.0_kernel_entropy_s,0.37848932676518887,0.7301287487987307,0.7306816016468131,True,en,0.7864406779661017
weighted_deberta_maternn_kappa=1.0_nu=2.0_kernel_entropy,0.37848932676518887,0.7301287487987307,0.7306816016468131,True,en,0.7864406779661017
weighted_deberta_matern_kappa=1.0_nu=3.0_kernel_entropy_s,0.601327312534209,0.8457289906173346,0.8458899782389135,True,en,0.7864406779661017
weighted_deberta_matern_kappa=1.0_nu=3.0_kernel_entropy,0.601327312534209,0.8457289906173346,0.8458899782389135,True,en,0.7864406779661017
weighted_deberta_maternn_kappa=1.0_nu=3.0_kernel_entropy_s,0.378215654077723,0.7302953088686481,0.730847597106324,True,en,0.7864406779661017
weighted_deberta_maternn_kappa=1.0_nu=3.0_kernel_entropy,0.378215654077723,0.7302953088686481,0.730847597106324,True,en,0.7864406779661017
weighted_deberta_matern_kappa=2.0_nu=1.0_kernel_entropy_s,0.597495894909688,0.8458488742173425,0.8460094554538365,True,en,0.7864406779661017
weighted_deberta_matern_kappa=2.0_nu=1.0_kernel_entropy,0.597495894909688,0.8458488742173425,0.8460094554538365,True,en,0.7864406779661017
weighted_deberta_maternn_kappa=2.0_nu=1.0_kernel_entropy_s,0.39812534209085937,0.732266203287437,0.7328118105270831,True,en,0.7864406779661017
weighted_deberta_maternn_kappa=2.0_nu=1.0_kernel_entropy,0.39812534209085937,0.732266203287437,0.7328118105270831,True,en,0.7864406779661017
weighted_deberta_matern_kappa=2.0_nu=2.0_kernel_entropy_s,0.5935276409414341,0.8478858621939589,0.8480395383864642,True,en,0.7864406779661017
weighted_deberta_matern_kappa=2.0_nu=2.0_kernel_entropy,0.5935276409414341,0.8478858621939589,0.8480395383864642,True,en,0.7864406779661017
weighted_deberta_maternn_kappa=2.0_nu=2.0_kernel_entropy_s,0.4109195402298851,0.7343755999672836,0.7332191414554726,True,en,0.7864406779661017
weighted_deberta_maternn_kappa=2.0_nu=2.0_kernel_entropy,0.4109195402298851,0.7343755999672836,0.7332191414554726,True,en,0.7864406779661017
weighted_deberta_matern_kappa=2.0_nu=3.0_kernel_entropy_s,0.5861384783798577,0.8482234418162916,0.8483759736710943,True,en,0.7864406779661017
weighted_deberta_matern_kappa=2.0_nu=3.0_kernel_entropy,0.5861384783798577,0.8482234418162916,0.8483759736710943,True,en,0.7864406779661017
weighted_deberta_maternn_kappa=2.0_nu=3.0_kernel_entropy_s,0.42302955665024633,0.7385528191998109,0.7373822006228048,True,en,0.7864406779661017
weighted_deberta_maternn_kappa=2.0_nu=3.0_kernel_entropy,0.42302955665024633,0.7385528191998109,0.7373822006228048,True,en,0.7864406779661017
weighted_deberta_matern_kappa=3.0_nu=1.0_kernel_entropy_s,0.5923645320197044,0.8468665046311202,0.8470236362729912,True,en,0.7864406779661017
weighted_deberta_matern_kappa=3.0_nu=1.0_kernel_entropy,0.5923645320197044,0.8468665046311202,0.8470236362729912,True,en,0.7864406779661017
weighted_deberta_maternn_kappa=3.0_nu=1.0_kernel_entropy_s,0.5150519978106185,0.7839321642349162,0.784302632623893,True,en,0.7864406779661017
weighted_deberta_maternn_kappa=3.0_nu=1.0_kernel_entropy,0.5150519978106185,0.7839321642349162,0.784302632623893,True,en,0.7864406779661017
weighted_deberta_matern_kappa=3.0_nu=2.0_kernel_entropy_s,0.5712917350848385,0.843627365147241,0.8437954769229558,True,en,0.7864406779661017
weighted_deberta_matern_kappa=3.0_nu=2.0_kernel_entropy,0.5712917350848385,0.843627365147241,0.8437954769229558,True,en,0.7864406779661017
weighted_deberta_maternn_kappa=3.0_nu=2.0_kernel_entropy_s,0.5376299945265463,0.8166831167140923,0.8152476496709362,True,en,0.7864406779661017
weighted_deberta_maternn_kappa=3.0_nu=2.0_kernel_entropy,0.5376299945265463,0.8166831167140923,0.8152476496709362,True,en,0.7864406779661017
weighted_deberta_matern_kappa=3.0_nu=3.0_kernel_entropy_s,0.5567870826491517,0.838264118190833,0.838450410464705,True,en,0.7864406779661017
weighted_deberta_matern_kappa=3.0_nu=3.0_kernel_entropy,0.5567870826491517,0.838264118190833,0.838450410464705,True,en,0.7864406779661017
weighted_deberta_maternn_kappa=3.0_nu=3.0_kernel_entropy_s,0.5548713738368911,0.8379804992540447,0.8381677529480414,True,en,0.7864406779661017
weighted_deberta_maternn_kappa=3.0_nu=3.0_kernel_entropy,0.5548713738368911,0.8379804992540447,0.8381677529480414,True,en,0.7864406779661017
semantic_kernel_heat_t=0.1_alpha_0.0,0.5902435686918446,0.8382760859515084,0.8384623376567,False,en,0.7864406779661017
semantic_kernel_heat_t=0.1_alpha_0.1,0.5859332238642583,0.836846365467538,0.8370374636828447,False,en,0.7864406779661017
semantic_kernel_heat_t=0.1_alpha_0.2,0.5807334428024084,0.8351717567804224,0.8353685316353466,False,en,0.7864406779661017
semantic_kernel_heat_t=0.1_alpha_0.3,0.577175697865353,0.8335171073104629,0.8337194911466411,False,en,0.7864406779661017
semantic_kernel_heat_t=0.1_alpha_0.4,0.5786124794745484,0.8347392732408792,0.8349375141417001,False,en,0.7864406779661017
semantic_kernel_heat_t=0.1_alpha_0.5,0.576423097974822,0.8343589392823871,0.8345584694508639,False,en,0.7864406779661017
semantic_kernel_heat_t=0.1_alpha_0.6,0.578680897646415,0.835007463911378,0.835204795691282,False,en,0.7864406779661017
semantic_kernel_heat_t=0.1_alpha_0.7,0.5762862616310892,0.833712745862341,0.8339144665169874,False,en,0.7864406779661017
semantic_kernel_heat_t=0.1_alpha_0.8,0.5731390257252326,0.8326665919346352,0.8328718588737823,False,en,0.7864406779661017
semantic_kernel_heat_t=0.1_alpha_0.9,0.5717022441160371,0.8325808915960794,0.8327864490448488,False,en,0.7864406779661017
semantic_kernel_heat_t=0.1_alpha_1.0,0.5688628899835797,0.8320817680817011,0.8322890174745871,False,en,0.7864406779661017
semantic_kernel_heatn_t=0.1_alpha_0.0,0.5902435686918446,0.8382760859515084,0.8384623376567,False,en,0.7864406779661017
semantic_kernel_heatn_t=0.1_alpha_0.1,0.585864805692392,0.836735903083788,0.8369273757478533,False,en,0.7864406779661017
semantic_kernel_heatn_t=0.1_alpha_0.2,0.5805966064586754,0.8351362910556797,0.8353331861333996,False,en,0.7864406779661017
semantic_kernel_heatn_t=0.1_alpha_0.3,0.5762862616310892,0.8337986629344314,0.8340000923447658,False,en,0.7864406779661017
semantic_kernel_heatn_t=0.1_alpha_0.4,0.5740284619594964,0.8332697168697394,0.8334729393175812,False,en,0.7864406779661017
semantic_kernel_heatn_t=0.1_alpha_0.5,0.5719759168035029,0.8328087161686228,0.8330135013307056,False,en,0.7864406779661017
semantic_kernel_heatn_t=0.1_alpha_0.6,0.5719074986316366,0.8327932735340393,0.832998111044036,False,en,0.7864406779661017
semantic_kernel_heatn_t=0.1_alpha_0.7,0.5721127531472359,0.8328881602320592,0.833092676092232,False,en,0.7864406779661017
semantic_kernel_heatn_t=0.1_alpha_0.8,0.5717022441160372,0.8325848802873781,0.8327904242151601,False,en,0.7864406779661017
semantic_kernel_heatn_t=0.1_alpha_0.9,0.5714969896004378,0.8322357110514881,0.8324424386037984,False,en,0.7864406779661017
semantic_kernel_heatn_t=0.1_alpha_1.0,0.5402298850574713,0.82038250887233,0.8206294167710103,False,en,0.7864406779661017
semantic_kernel_heat_t=0.2_alpha_0.0,0.5902435686918446,0.8382760859515084,0.8384623376567,False,en,0.7864406779661017
semantic_kernel_heat_t=0.2_alpha_0.1,0.5865489874110563,0.8369385796258736,0.8371293652508132,False,en,0.7864406779661017
semantic_kernel_heat_t=0.2_alpha_0.2,0.5821702244116037,0.8352189145516176,0.8354155295496902,False,en,0.7864406779661017
semantic_kernel_heat_t=0.2_alpha_0.3,0.5800492610837439,0.8341520910625848,0.8343523224114678,False,en,0.7864406779661017
semantic_kernel_heat_t=0.2_alpha_0.4,0.5813492063492063,0.8345829697423659,0.8347817404855548,False,en,0.7864406779661017
semantic_kernel_heat_t=0.2_alpha_0.5,0.5843596059113301,0.8355256295807859,0.8357212048668953,False,en,0.7864406779661017
semantic_kernel_heat_t=0.2_alpha_0.6,0.5831280788177339,0.8351627257407584,0.8353595312093762,False,en,0.7864406779661017
semantic_kernel_heat_t=0.2_alpha_0.7,0.581143951833607,0.835984320341072,0.836178340743248,False,en,0.7864406779661017
semantic_kernel_heat_t=0.2_alpha_0.8,0.5795019157088123,0.8352598090542613,0.8354562854269012,False,en,0.7864406779661017
semantic_kernel_heat_t=0.2_alpha_0.9,0.5842227695675971,0.8377776743626935,0.8379656155986945,False,en,0.7864406779661017
semantic_kernel_heat_t=0.2_alpha_1.0,0.5902777777777778,0.8401627302225682,0.8403425865234512,False,en,0.7864406779661017
semantic_kernel_heatn_t=0.2_alpha_0.0,0.5902435686918446,0.8382760859515084,0.8384623376567,False,en,0.7864406779661017
semantic_kernel_heatn_t=0.2_alpha_0.1,0.585864805692392,0.836735903083788,0.8369273757478533,False,en,0.7864406779661017
semantic_kernel_heatn_t=0.2_alpha_0.2,0.580528188286809,0.8351171822885772,0.835314142141779,False,en,0.7864406779661017
semantic_kernel_heatn_t=0.2_alpha_0.3,0.5762178434592228,0.8337713347930704,0.8339728568411721,False,en,0.7864406779661017
semantic_kernel_heatn_t=0.2_alpha_0.4,0.573823207443897,0.8332046783176106,0.8334081212351206,False,en,0.7864406779661017
semantic_kernel_heatn_t=0.2_alpha_0.5,0.5719074986316365,0.83277765001523,0.8329825404863074,False,en,0.7864406779661017
semantic_kernel_heatn_t=0.2_alpha_0.6,0.5717022441160372,0.8327433648162967,0.8329483715083874,False,en,0.7864406779661017
semantic_kernel_heatn_t=0.2_alpha_0.7,0.5715654077723044,0.8325570670611258,0.8327627052710306,False,en,0.7864406779661017
semantic_kernel_heatn_t=0.2_alpha_0.8,0.5710180623973727,0.8321397702840743,0.8323468230593251,False,en,0.7864406779661017
semantic_kernel_heatn_t=0.2_alpha_0.9,0.5680760810071155,0.8312244428805063,0.8314345984605149,False,en,0.7864406779661017
semantic_kernel_heatn_t=0.2_alpha_1.0,0.5406403940886699,0.8204199973598048,0.8206667781788666,False,en,0.7864406779661017
semantic_kernel_heat_t=0.3_alpha_0.0,0.5902435686918446,0.8382760859515084,0.8384623376567,False,en,0.7864406779661017
semantic_kernel_heat_t=0.3_alpha_0.1,0.5868226600985221,0.8370172639766285,0.8372077828749553,False,en,0.7864406779661017
semantic_kernel_heat_t=0.3_alpha_0.2,0.5839490968801313,0.8363956111646361,0.8365882373606307,False,en,0.7864406779661017
semantic_kernel_heat_t=0.3_alpha_0.3,0.583128078817734,0.8352241136168019,0.8354207109909246,False,en,0.7864406779661017
semantic_kernel_heat_t=0.3_alpha_0.4,0.5846332785987959,0.835742846352608,0.8359376853106774,False,en,0.7864406779661017
semantic_kernel_heat_t=0.3_alpha_0.5,0.5905172413793104,0.837167092423023,0.8373571034283112,False,en,0.7864406779661017
semantic_kernel_heat_t=0.3_alpha_0.6,0.5901067323481116,0.8364404071770214,0.8366328815221266,False,en,0.7864406779661017
semantic_kernel_heat_t=0.3_alpha_0.7,0.588464696223317,0.8361672878648028,0.836360688038085,False,en,0.7864406779661017
semantic_kernel_heat_t=0.3_alpha_0.8,0.5935276409414341,0.8406189398597772,0.8407972496873137,False,en,0.7864406779661017
semantic_kernel_heat_t=0.3_alpha_0.9,0.6000273672687466,0.8433458187397641,0.8435148849100802,False,en,0.7864406779661017
semantic_kernel_heat_t=0.3_alpha_1.0,0.6092980295566502,0.8474034512438964,0.8475587627277579,False,en,0.7864406779661017
semantic_kernel_heatn_t=0.3_alpha_0.0,0.5902435686918446,0.8382760859515084,0.8384623376567,False,en,0.7864406779661017
semantic_kernel_heatn_t=0.3_alpha_0.1,0.585864805692392,0.836735903083788,0.8369273757478533,False,en,0.7864406779661017
semantic_kernel_heatn_t=0.3_alpha_0.2,0.5804597701149425,0.835081378493375,0.8352784597153741,False,en,0.7864406779661017
semantic_kernel_heatn_t=0.3_alpha_0.3,0.5762178434592228,0.8337713347930704,0.8339728568411721,False,en,0.7864406779661017
semantic_kernel_heatn_t=0.3_alpha_0.4,0.5737547892720306,0.8331827340560349,0.8333862513608724,False,en,0.7864406779661017
semantic_kernel_heatn_t=0.3_alpha_0.5,0.5719074986316365,0.8328071525278868,0.8330119429904467,False,en,0.7864406779661017
semantic_kernel_heatn_t=0.3_alpha_0.6,0.5714285714285714,0.832535012075733,0.8327407250483002,False,en,0.7864406779661017
semantic_kernel_heatn_t=0.3_alpha_0.7,0.5709496442255063,0.8319610073223662,0.8321686660737583,False,en,0.7864406779661017
semantic_kernel_heatn_t=0.3_alpha_0.8,0.569512862616311,0.8317380470496823,0.8319464615986091,False,en,0.7864406779661017
semantic_kernel_heatn_t=0.3_alpha_0.9,0.5609605911330049,0.8258428922085582,0.8260712903332176,False,en,0.7864406779661017
semantic_kernel_heatn_t=0.3_alpha_1.0,0.5410509031198687,0.8205937812557452,0.8208399729768547,False,en,0.7864406779661017
semantic_kernel_heat_t=0.4_alpha_0.0,0.5902435686918446,0.8382760859515084,0.8384623376567,False,en,0.7864406779661017
semantic_kernel_heat_t=0.4_alpha_0.1,0.5870963327859879,0.8369939289637045,0.8371845269637701,False,en,0.7864406779661017
semantic_kernel_heat_t=0.4_alpha_0.2,0.5852490421455938,0.836865062155944,0.837056096992646,False,en,0.7864406779661017
semantic_kernel_heat_t=0.4_alpha_0.3,0.5871647509578544,0.8370862787679385,0.8372765637178202,False,en,0.7864406779661017
semantic_kernel_heat_t=0.4_alpha_0.4,0.5902435686918446,0.838359873155747,0.8385458408365175,False,en,0.7864406779661017
semantic_kernel_heat_t=0.4_alpha_0.5,0.5955801860974275,0.8397433565120163,0.8399246344186977,False,en,0.7864406779661017
semantic_kernel_heat_t=0.4_alpha_0.6,0.5949644225506294,0.8379172251353484,0.838104693317883,False,en,0.7864406779661017
semantic_kernel_heat_t=0.4_alpha_0.7,0.5975643130815544,0.8378662372777356,0.8380538783004654,False,en,0.7864406779661017
semantic_kernel_heat_t=0.4_alpha_0.8,0.6050903119868637,0.8422014215284219,0.8423743670113191,False,en,0.7864406779661017
semantic_kernel_heat_t=0.4_alpha_0.9,0.6107690202517788,0.8467580089769068,0.8469155084006563,False,en,0.7864406779661017
semantic_kernel_heat_t=0.4_alpha_1.0,0.6122400109469074,0.8485476097445082,0.8486990427249779,False,en,0.7864406779661017
semantic_kernel_heatn_t=0.4_alpha_0.0,0.5902435686918446,0.8382760859515084,0.8384623376567,False,en,0.7864406779661017
semantic_kernel_heatn_t=0.4_alpha_0.1,0.5857963875205255,0.8366976855495833,0.836889287764612,False,en,0.7864406779661017
semantic_kernel_heatn_t=0.4_alpha_0.2,0.580391351943076,0.8350558043539449,0.8352529722679418,False,en,0.7864406779661017
semantic_kernel_heatn_t=0.4_alpha_0.3,0.5761494252873564,0.8337562176350961,0.8339577909278011,False,en,0.7864406779661017
semantic_kernel_heatn_t=0.4_alpha_0.4,0.573823207443897,0.8332368451164033,0.8334401789939173,False,en,0.7864406779661017
semantic_kernel_heatn_t=0.4_alpha_0.5,0.5716338259441708,0.8325894788699237,0.8327950072092903,False,en,0.7864406779661017
semantic_kernel_heatn_t=0.4_alpha_0.6,0.5711548987411057,0.8324027611702876,0.8326089224510087,False,en,0.7864406779661017
semantic_kernel_heatn_t=0.4_alpha_0.7,0.5703338806787082,0.8320821893798123,0.8322894373445691,False,en,0.7864406779661017
semantic_kernel_heatn_t=0.4_alpha_0.8,0.5700602079912424,0.8324915380441822,0.8326973983863479,False,en,0.7864406779661017
semantic_kernel_heatn_t=0.4_alpha_0.9,0.5564449917898193,0.8241244916545628,0.8243587148658459,False,en,0.7864406779661017
semantic_kernel_heatn_t=0.4_alpha_1.0,0.5413929939792008,0.8207305772856326,0.8209763052913867,False,en,0.7864406779661017
semantic_kernel_heat_t=0.5_alpha_0.0,0.5902435686918446,0.8382760859515084,0.8384623376567,False,en,0.7864406779661017
semantic_kernel_heat_t=0.5_alpha_0.1,0.5873700054734537,0.8367956961469816,0.836986966122697,False,en,0.7864406779661017
semantic_kernel_heat_t=0.5_alpha_0.2,0.5862068965517242,0.837009360409679,0.8371999060997583,False,en,0.7864406779661017
semantic_kernel_heat_t=0.5_alpha_0.3,0.5880541871921182,0.837426968677259,0.837616098746092,False,en,0.7864406779661017
semantic_kernel_heat_t=0.5_alpha_0.4,0.5916119321291735,0.8382863601272328,0.83847257700471,False,en,0.7864406779661017
semantic_kernel_heat_t=0.5_alpha_0.5,0.5991379310344828,0.8415665726054511,0.8417416701185954,False,en,0.7864406779661017
semantic_kernel_heat_t=0.5_alpha_0.6,0.6022851669403393,0.8415667441130465,0.8417418410448093,False,en,0.7864406779661017
semantic_kernel_heat_t=0.5_alpha_0.7,0.6082375478927203,0.8421662971610682,0.8423393617096172,False,en,0.7864406779661017
semantic_kernel_heat_t=0.5_alpha_0.8,0.6120689655172414,0.8431724423512412,0.8433420962381288,False,en,0.7864406779661017
semantic_kernel_heat_t=0.5_alpha_0.9,0.6152846195949645,0.8460551361572926,0.8462150182007698,False,en,0.7864406779661017
semantic_kernel_heat_t=0.5_alpha_1.0,0.6160714285714286,0.8492782589763075,0.8494272151797204,False,en,0.7864406779661017
semantic_kernel_heatn_t=0.5_alpha_0.0,0.5902435686918446,0.8382760859515084,0.8384623376567,False,en,0.7864406779661017
semantic_kernel_heatn_t=0.5_alpha_0.1,0.585864805692392,0.8367152183358937,0.8369067611177484,False,en,0.7864406779661017
semantic_kernel_heatn_t=0.5_alpha_0.2,0.5804597701149424,0.8350753524030495,0.8352724540524733,False,en,0.7864406779661017
semantic_kernel_heatn_t=0.5_alpha_0.3,0.5762178434592228,0.8338391776483698,0.8340404697206907,False,en,0.7864406779661017
semantic_kernel_heatn_t=0.5_alpha_0.4,0.5737547892720307,0.8332073544423789,0.8334107882882794,False,en,0.7864406779661017
semantic_kernel_heatn_t=0.5_alpha_0.5,0.5715654077723042,0.8325516118054772,0.8327572685077742,False,en,0.7864406779661017
semantic_kernel_heatn_t=0.5_alpha_0.6,0.5706759715380404,0.8317322961966714,0.8319407302400151,False,en,0.7864406779661017
semantic_kernel_heatn_t=0.5_alpha_0.7,0.5696496989600437,0.8317444567460672,0.8319528495672096,False,en,0.7864406779661017
semantic_kernel_heatn_t=0.5_alpha_0.8,0.5658866995073891,0.8295617142920703,0.8297775062401753,False,en,0.7864406779661017
semantic_kernel_heatn_t=0.5_alpha_0.9,0.5519978106185002,0.8228617016431294,0.8231002054985191,False,en,0.7864406779661017
semantic_kernel_heatn_t=0.5_alpha_1.0,0.5421455938697317,0.8209276131854177,0.8211726732728672,False,en,0.7864406779661017
semantic_kernel_heat_t=0.6_alpha_0.0,0.5902435686918446,0.8382760859515084,0.8384623376567,False,en,0.7864406779661017
semantic_kernel_heat_t=0.6_alpha_0.1,0.5881226053639846,0.8370770316302893,0.8372673479264003,False,en,0.7864406779661017
semantic_kernel_heat_t=0.6_alpha_0.2,0.5868910782703886,0.837092519650097,0.837282783444446,False,en,0.7864406779661017
semantic_kernel_heat_t=0.6_alpha_0.3,0.5888752052545155,0.8376777107098434,0.8378659908056849,False,en,0.7864406779661017
semantic_kernel_heat_t=0.6_alpha_0.4,0.5929802955665024,0.8384801469850206,0.8386657069578952,False,en,0.7864406779661017
semantic_kernel_heat_t=0.6_alpha_0.5,0.6013957307060755,0.8421560180906855,0.842329117483541,False,en,0.7864406779661017
semantic_kernel_heat_t=0.6_alpha_0.6,0.6093322386425835,0.8453785907781987,0.8455407661958423,False,en,0.7864406779661017
semantic_kernel_heat_t=0.6_alpha_0.7,0.6147372742200328,0.8452098487979554,0.8453725962223115,False,en,0.7864406779661017
semantic_kernel_heat_t=0.6_alpha_0.8,0.6182266009852218,0.8455833036752693,0.8457447851508889,False,en,0.7864406779661017
semantic_kernel_heat_t=0.6_alpha_0.9,0.6187739463601533,0.8459491843541325,0.8461094255562643,False,en,0.7864406779661017
semantic_kernel_heat_t=0.6_alpha_1.0,0.6215448823207443,0.8509373209333111,0.8510806531978866,False,en,0.7864406779661017
semantic_kernel_heatn_t=0.6_alpha_0.0,0.5902435686918446,0.8382760859515084,0.8384623376567,False,en,0.7864406779661017
semantic_kernel_heatn_t=0.6_alpha_0.1,0.585864805692392,0.8367152183358937,0.8369067611177484,False,en,0.7864406779661017
semantic_kernel_heatn_t=0.6_alpha_0.2,0.5804597701149424,0.8350753524030495,0.8352724540524733,False,en,0.7864406779661017
semantic_kernel_heatn_t=0.6_alpha_0.3,0.5761494252873564,0.8338169347607112,0.8340183022326514,False,en,0.7864406779661017
semantic_kernel_heatn_t=0.6_alpha_0.4,0.5734811165845648,0.832903529086827,0.8331079928491872,False,en,0.7864406779661017
semantic_kernel_heatn_t=0.6_alpha_0.5,0.5711548987411056,0.832464000396649,0.8326699540867726,False,en,0.7864406779661017
semantic_kernel_heatn_t=0.6_alpha_0.6,0.5705391351943075,0.8319077173786822,0.8321155567739513,False,en,0.7864406779661017
semantic_kernel_heatn_t=0.6_alpha_0.7,0.5698549534756431,0.8320437230462736,0.8322511014053814,False,en,0.7864406779661017
semantic_kernel_heatn_t=0.6_alpha_0.8,0.5623289545703339,0.8269007519909659,0.8271255641502612,False,en,0.7864406779661017
semantic_kernel_heatn_t=0.6_alpha_0.9,0.5503557744937055,0.8224539083003392,0.8226937945060433,False,en,0.7864406779661017
semantic_kernel_heatn_t=0.6_alpha_1.0,0.5428981937602627,0.821163241382157,0.8214075027299566,False,en,0.7864406779661017
semantic_kernel_heat_t=0.7_alpha_0.0,0.5902435686918446,0.8382760859515084,0.8384623376567,False,en,0.7864406779661017
semantic_kernel_heat_t=0.7_alpha_0.1,0.5882594417077176,0.837055457642238,0.8372458470705119,False,en,0.7864406779661017
semantic_kernel_heat_t=0.7_alpha_0.2,0.5866858237547893,0.8367069260872128,0.836898496978385,False,en,0.7864406779661017
semantic_kernel_heat_t=0.7_alpha_0.3,0.589696223316913,0.8380430322961641,0.8382300740137467,False,en,0.7864406779661017
semantic_kernel_heat_t=0.7_alpha_0.4,0.593048713738369,0.8377572777521936,0.8379452881292473,False,en,0.7864406779661017
semantic_kernel_heat_t=0.7_alpha_0.5,0.6029693486590039,0.8426247053011487,0.8427962159237993,False,en,0.7864406779661017
semantic_kernel_heat_t=0.7_alpha_0.6,0.6122058018609743,0.8460999382835791,0.8462596684554416,False,en,0.7864406779661017
semantic_kernel_heat_t=0.7_alpha_0.7,0.6198686371100164,0.8481378300591267,0.8482906521232755,False,en,0.7864406779661017
semantic_kernel_heat_t=0.7_alpha_0.8,0.6223316912972086,0.847627989899984,0.8477825402358589,False,en,0.7864406779661017
semantic_kernel_heat_t=0.7_alpha_0.9,0.6226737821565408,0.8468132427801438,0.8469705549706621,False,en,0.7864406779661017
semantic_kernel_heat_t=0.7_alpha_1.0,0.6234605911330049,0.8512062462131404,0.8513486668665978,False,en,0.7864406779661017
semantic_kernel_heatn_t=0.7_alpha_0.0,0.5902435686918446,0.8382760859515084,0.8384623376567,False,en,0.7864406779661017
semantic_kernel_heatn_t=0.7_alpha_0.1,0.5857963875205254,0.836702526692072,0.8368941124964482,False,en,0.7864406779661017
semantic_kernel_heatn_t=0.7_alpha_0.2,0.5804597701149424,0.835077797870268,0.8352748912299724,False,en,0.7864406779661017
semantic_kernel_heatn_t=0.7_alpha_0.3,0.5758757525998905,0.8336907448971772,0.8338925401313667,False,en,0.7864406779661017
semantic_kernel_heatn_t=0.7_alpha_0.4,0.5732758620689655,0.832894251205962,0.8330987464187657,False,en,0.7864406779661017
semantic_kernel_heatn_t=0.7_alpha_0.5,0.5708812260536398,0.8319625497080848,0.8321702032310508,False,en,0.7864406779661017
semantic_kernel_heatn_t=0.7_alpha_0.6,0.5697865353037767,0.8315759218501966,0.8317848859760708,False,en,0.7864406779661017
semantic_kernel_heatn_t=0.7_alpha_0.7,0.5701970443349753,0.8325895214411394,0.8327950496361967,False,en,0.7864406779661017
semantic_kernel_heatn_t=0.7_alpha_0.8,0.5604816639299397,0.8259291298457117,0.8261572356393975,False,en,0.7864406779661017
semantic_kernel_heatn_t=0.7_alpha_0.9,0.5486453201970443,0.8221369990643109,0.8223779595386117,False,en,0.7864406779661017
semantic_kernel_heatn_t=0.7_alpha_1.0,0.543856048166393,0.821431244916724,0.8216745977779657,False,en,0.7864406779661017
semantic_kernel_matern_kappa=1.0_nu=1.0_alpha_0.0,0.5902435686918446,0.8382760859515084,0.8384623376567,False,en,0.7864406779661017
semantic_kernel_matern_kappa=1.0_nu=1.0_alpha_0.1,0.5866174055829227,0.8370012535013633,0.8371918266724878,False,en,0.7864406779661017
semantic_kernel_matern_kappa=1.0_nu=1.0_alpha_0.2,0.581759715380405,0.8353176928576141,0.8355139730139715,False,en,0.7864406779661017
semantic_kernel_matern_kappa=1.0_nu=1.0_alpha_0.3,0.5795019157088123,0.8349334933421384,0.8351310758697347,False,en,0.7864406779661017
semantic_kernel_matern_kappa=1.0_nu=1.0_alpha_0.4,0.5787493158182813,0.8338953157773201,0.8340964175508989,False,en,0.7864406779661017
semantic_kernel_matern_kappa=1.0_nu=1.0_alpha_0.5,0.5823754789272031,0.8358989249393766,0.8360932348174908,False,en,0.7864406779661017
semantic_kernel_matern_kappa=1.0_nu=1.0_alpha_0.6,0.5874384236453202,0.8377778600693422,0.8379658006758293,False,en,0.7864406779661017
semantic_kernel_matern_kappa=1.0_nu=1.0_alpha_0.7,0.5827175697865352,0.8363690609933808,0.8365617771899561,False,en,0.7864406779661017
semantic_kernel_matern_kappa=1.0_nu=1.0_alpha_0.8,0.5782703886152162,0.8346633741040073,0.8348618722900377,False,en,0.7864406779661017
semantic_kernel_matern_kappa=1.0_nu=1.0_alpha_0.9,0.5768336070060207,0.834116350632276,0.8343167031351599,False,en,0.7864406779661017
semantic_kernel_matern_kappa=1.0_nu=1.0_alpha_1.0,0.5798782156540777,0.8360831100064978,0.8362767955284521,False,en,0.7864406779661017
semantic_kernel_maternn_kappa=1.0_nu=1.0_alpha_0.0,0.5902435686918446,0.8382760859515084,0.8384623376567,False,en,0.7864406779661017
semantic_kernel_maternn_kappa=1.0_nu=1.0_alpha_0.1,0.5857963875205255,0.8366976855495833,0.836889287764612,False,en,0.7864406779661017
semantic_kernel_maternn_kappa=1.0_nu=1.0_alpha_0.2,0.5804597701149425,0.835081378493375,0.8352784597153741,False,en,0.7864406779661017
semantic_kernel_maternn_kappa=1.0_nu=1.0_alpha_0.3,0.5762862616310892,0.8338067656320727,0.8340081675756355,False,en,0.7864406779661017
semantic_kernel_maternn_kappa=1.0_nu=1.0_alpha_0.4,0.57396004378763,0.8332871985911265,0.8334903617788957,False,en,0.7864406779661017
semantic_kernel_maternn_kappa=1.0_nu=1.0_alpha_0.5,0.5714969896004378,0.8325353282000201,0.8327410401009796,False,en,0.7864406779661017
semantic_kernel_maternn_kappa=1.0_nu=1.0_alpha_0.6,0.5714969896004379,0.8325406381163212,0.8327463320175644,False,en,0.7864406779661017
semantic_kernel_maternn_kappa=1.0_nu=1.0_alpha_0.7,0.571360153256705,0.8322575779956193,0.8324642314226953,False,en,0.7864406779661017
semantic_kernel_maternn_kappa=1.0_nu=1.0_alpha_0.8,0.5706075533661741,0.8323291314161945,0.8325355422893024,False,en,0.7864406779661017
semantic_kernel_maternn_kappa=1.0_nu=1.0_alpha_0.9,0.5613711001642036,0.825500036344021,0.8257295966919499,False,en,0.7864406779661017
semantic_kernel_maternn_kappa=1.0_nu=1.0_alpha_1.0,0.543856048166393,0.8220477783512394,0.8222890412686354,False,en,0.7864406779661017
semantic_kernel_matern_kappa=1.0_nu=2.0_alpha_0.0,0.5902435686918446,0.8382760859515084,0.8384623376567,False,en,0.7864406779661017
semantic_kernel_matern_kappa=1.0_nu=2.0_alpha_0.1,0.5868226600985221,0.8370327177495562,0.837223184262212,False,en,0.7864406779661017
semantic_kernel_matern_kappa=1.0_nu=2.0_alpha_0.2,0.5834017515051998,0.8359737447473522,0.8361678009989987,False,en,0.7864406779661017
semantic_kernel_matern_kappa=1.0_nu=2.0_alpha_0.3,0.5816228790366722,0.8348552073180466,0.8350530552219959,False,en,0.7864406779661017
semantic_kernel_matern_kappa=1.0_nu=2.0_alpha_0.4,0.583264915161467,0.8356480026743547,0.8358431631364179,False,en,0.7864406779661017
semantic_kernel_matern_kappa=1.0_nu=2.0_alpha_0.5,0.5885331143951833,0.8374159188837434,0.8376050864095038,False,en,0.7864406779661017
semantic_kernel_matern_kappa=1.0_nu=2.0_alpha_0.6,0.5889436234263821,0.8374144526358022,0.8376036251318946,False,en,0.7864406779661017
semantic_kernel_matern_kappa=1.0_nu=2.0_alpha_0.7,0.5844964422550629,0.8363883500872498,0.836581000897066,False,en,0.7864406779661017
semantic_kernel_matern_kappa=1.0_nu=2.0_alpha_0.8,0.5857963875205255,0.8371459769041534,0.8373360594874718,False,en,0.7864406779661017
semantic_kernel_matern_kappa=1.0_nu=2.0_alpha_0.9,0.5929802955665024,0.8400600319747238,0.8402402364052607,False,en,0.7864406779661017
semantic_kernel_matern_kappa=1.0_nu=2.0_alpha_1.0,0.6001299945265463,0.84358645624486,0.8437547066948201,False,en,0.7864406779661017
semantic_kernel_maternn_kappa=1.0_nu=2.0_alpha_0.0,0.5902435686918446,0.8382760859515084,0.8384623376567,False,en,0.7864406779661017
semantic_kernel_maternn_kappa=1.0_nu=2.0_alpha_0.1,0.5857963875205255,0.8366976855495833,0.836889287764612,False,en,0.7864406779661017
semantic_kernel_maternn_kappa=1.0_nu=2.0_alpha_0.2,0.580391351943076,0.8350558043539449,0.8352529722679418,False,en,0.7864406779661017
semantic_kernel_maternn_kappa=1.0_nu=2.0_alpha_0.3,0.5762178434592228,0.8337916484740984,0.8339931016622644,False,en,0.7864406779661017
semantic_kernel_maternn_kappa=1.0_nu=2.0_alpha_0.4,0.5738916256157635,0.8332759382654689,0.8334791396238336,False,en,0.7864406779661017
semantic_kernel_maternn_kappa=1.0_nu=2.0_alpha_0.5,0.5714969896004379,0.8324823580995377,0.83268824956016,False,en,0.7864406779661017
semantic_kernel_maternn_kappa=1.0_nu=2.0_alpha_0.6,0.5710864805692392,0.8320495878863169,0.8322569463646109,False,en,0.7864406779661017
semantic_kernel_maternn_kappa=1.0_nu=2.0_alpha_0.7,0.5705391351943077,0.8319712674846641,0.8321788914558451,False,en,0.7864406779661017
semantic_kernel_maternn_kappa=1.0_nu=2.0_alpha_0.8,0.5697181171319102,0.8317644041237059,0.8319727293266189,False,en,0.7864406779661017
semantic_kernel_maternn_kappa=1.0_nu=2.0_alpha_0.9,0.558223864258347,0.8247371338014424,0.8249692802596853,False,en,0.7864406779661017
semantic_kernel_maternn_kappa=1.0_nu=2.0_alpha_1.0,0.5430350301039957,0.8215898478298755,0.8218326630541236,False,en,0.7864406779661017
semantic_kernel_matern_kappa=1.0_nu=3.0_alpha_0.0,0.5902435686918446,0.8382760859515084,0.8384623376567,False,en,0.7864406779661017
semantic_kernel_matern_kappa=1.0_nu=3.0_alpha_0.1,0.5868226600985221,0.8369603075710039,0.8371510195418923,False,en,0.7864406779661017
semantic_kernel_matern_kappa=1.0_nu=3.0_alpha_0.2,0.5842227695675971,0.8361142208426797,0.8363078009041726,False,en,0.7864406779661017
semantic_kernel_matern_kappa=1.0_nu=3.0_alpha_0.3,0.5836070060207991,0.8356306958784148,0.835825915007583,False,en,0.7864406779661017
semantic_kernel_matern_kappa=1.0_nu=3.0_alpha_0.4,0.58435960591133,0.8359002612027737,0.8360945665511813,False,en,0.7864406779661017
semantic_kernel_matern_kappa=1.0_nu=3.0_alpha_0.5,0.590927750410509,0.8377724135196812,0.8379603725890485,False,en,0.7864406779661017
semantic_kernel_matern_kappa=1.0_nu=3.0_alpha_0.6,0.5914750957854407,0.8375678443156874,0.8377564968399835,False,en,0.7864406779661017
semantic_kernel_matern_kappa=1.0_nu=3.0_alpha_0.7,0.5886015325670497,0.8366186208938318,0.8368104911246427,False,en,0.7864406779661017
semantic_kernel_matern_kappa=1.0_nu=3.0_alpha_0.8,0.5935960591133005,0.8400596493321622,0.8402398550597924,False,en,0.7864406779661017
semantic_kernel_matern_kappa=1.0_nu=3.0_alpha_0.9,0.6008483853311439,0.8429924529971121,0.8431627170174034,False,en,0.7864406779661017
semantic_kernel_matern_kappa=1.0_nu=3.0_alpha_1.0,0.6104611384783799,0.8471882258515584,0.8473442669130211,False,en,0.7864406779661017
semantic_kernel_maternn_kappa=1.0_nu=3.0_alpha_0.0,0.5902435686918446,0.8382760859515084,0.8384623376567,False,en,0.7864406779661017
semantic_kernel_maternn_kappa=1.0_nu=3.0_alpha_0.1,0.5857963875205255,0.8366976855495833,0.836889287764612,False,en,0.7864406779661017
semantic_kernel_maternn_kappa=1.0_nu=3.0_alpha_0.2,0.580391351943076,0.8350558043539449,0.8352529722679418,False,en,0.7864406779661017
semantic_kernel_maternn_kappa=1.0_nu=3.0_alpha_0.3,0.5762178434592228,0.8337916484740984,0.8339931016622644,False,en,0.7864406779661017
semantic_kernel_maternn_kappa=1.0_nu=3.0_alpha_0.4,0.5737547892720306,0.8331615341092331,0.833365123278297,False,en,0.7864406779661017
semantic_kernel_maternn_kappa=1.0_nu=3.0_alpha_0.5,0.5714969896004379,0.8325574483443592,0.8327630852617786,False,en,0.7864406779661017
semantic_kernel_maternn_kappa=1.0_nu=3.0_alpha_0.6,0.5707443897099069,0.8318468262536127,0.8320548720594753,False,en,0.7864406779661017
semantic_kernel_maternn_kappa=1.0_nu=3.0_alpha_0.7,0.5703338806787083,0.8319254044561659,0.8321331838952402,False,en,0.7864406779661017
semantic_kernel_maternn_kappa=1.0_nu=3.0_alpha_0.8,0.5688970990695129,0.8311648665897209,0.8313752241232577,False,en,0.7864406779661017
semantic_kernel_maternn_kappa=1.0_nu=3.0_alpha_0.9,0.5555555555555555,0.8238518099407025,0.8240869574967782,False,en,0.7864406779661017
semantic_kernel_maternn_kappa=1.0_nu=3.0_alpha_1.0,0.5430350301039957,0.8215484240195746,0.8217913796635186,False,en,0.7864406779661017
semantic_kernel_matern_kappa=2.0_nu=1.0_alpha_0.0,0.5902435686918446,0.8382760859515084,0.8384623376567,False,en,0.7864406779661017
semantic_kernel_matern_kappa=2.0_nu=1.0_alpha_0.1,0.5870279146141215,0.8369249807364926,0.8371158124593623,False,en,0.7864406779661017
semantic_kernel_matern_kappa=2.0_nu=1.0_alpha_0.2,0.5838122605363985,0.8356176217981497,0.8358128852462341,False,en,0.7864406779661017
semantic_kernel_matern_kappa=2.0_nu=1.0_alpha_0.3,0.5827859879584018,0.8353185464997799,0.8355148237624351,False,en,0.7864406779661017
semantic_kernel_matern_kappa=2.0_nu=1.0_alpha_0.4,0.5825123152709359,0.834217153748334,0.83441716454574,False,en,0.7864406779661017
semantic_kernel_matern_kappa=2.0_nu=1.0_alpha_0.5,0.5882594417077176,0.837358981140031,0.8375483416750923,False,en,0.7864406779661017
semantic_kernel_matern_kappa=2.0_nu=1.0_alpha_0.6,0.5939381499726327,0.8389039769312259,0.8390881001924184,False,en,0.7864406779661017
semantic_kernel_matern_kappa=2.0_nu=1.0_alpha_0.7,0.5918856048166393,0.8382914367911405,0.8384776364595876,False,en,0.7864406779661017
semantic_kernel_matern_kappa=2.0_nu=1.0_alpha_0.8,0.592296113847838,0.8387025505011517,0.8388873565638022,False,en,0.7864406779661017
semantic_kernel_matern_kappa=2.0_nu=1.0_alpha_0.9,0.5938013136288999,0.838829678004371,0.8390140531263326,False,en,0.7864406779661017
semantic_kernel_matern_kappa=2.0_nu=1.0_alpha_1.0,0.6023877941981391,0.843010305985601,0.8431805094872872,False,en,0.7864406779661017
semantic_kernel_maternn_kappa=2.0_nu=1.0_alpha_0.0,0.5902435686918446,0.8382760859515084,0.8384623376567,False,en,0.7864406779661017
semantic_kernel_maternn_kappa=2.0_nu=1.0_alpha_0.1,0.5859332238642584,0.8367638827333802,0.8369552605511756,False,en,0.7864406779661017
semantic_kernel_maternn_kappa=2.0_nu=1.0_alpha_0.2,0.5808018609742747,0.8352655766248677,0.8354620334464208,False,en,0.7864406779661017
semantic_kernel_maternn_kappa=2.0_nu=1.0_alpha_0.3,0.5758073344280241,0.8335046056801478,0.8337070318947339,False,en,0.7864406779661017
semantic_kernel_maternn_kappa=2.0_nu=1.0_alpha_0.4,0.5734811165845649,0.8325423454630481,0.8327480335766752,False,en,0.7864406779661017
semantic_kernel_maternn_kappa=2.0_nu=1.0_alpha_0.5,0.5721127531472359,0.8323389410885794,0.8325453187085606,False,en,0.7864406779661017
semantic_kernel_maternn_kappa=2.0_nu=1.0_alpha_0.6,0.5731390257252326,0.832641903773254,0.8328472544010839,False,en,0.7864406779661017
semantic_kernel_maternn_kappa=2.0_nu=1.0_alpha_0.7,0.5720443349753694,0.8307011908398629,0.8309131201556025,False,en,0.7864406779661017
semantic_kernel_maternn_kappa=2.0_nu=1.0_alpha_0.8,0.5636973180076628,0.8273144712101153,0.8275378809313795,False,en,0.7864406779661017
semantic_kernel_maternn_kappa=2.0_nu=1.0_alpha_0.9,0.5524083196496989,0.8248612606809507,0.8250929863701103,False,en,0.7864406779661017
semantic_kernel_maternn_kappa=2.0_nu=1.0_alpha_1.0,0.5506294471811713,0.8248206033418135,0.8250524668524618,False,en,0.7864406779661017
semantic_kernel_matern_kappa=2.0_nu=2.0_alpha_0.0,0.5902435686918446,0.8382760859515084,0.8384623376567,False,en,0.7864406779661017
semantic_kernel_matern_kappa=2.0_nu=2.0_alpha_0.1,0.5878489326765188,0.8371145773270334,0.8373047663495962,False,en,0.7864406779661017
semantic_kernel_matern_kappa=2.0_nu=2.0_alpha_0.2,0.5852490421455939,0.8354795438480535,0.8356752753569856,False,en,0.7864406779661017
semantic_kernel_matern_kappa=2.0_nu=2.0_alpha_0.3,0.5857963875205254,0.835362314036844,0.8355584429349667,False,en,0.7864406779661017
semantic_kernel_matern_kappa=2.0_nu=2.0_alpha_0.4,0.5883962780514504,0.8369969006332937,0.837187488559903,False,en,0.7864406779661017
semantic_kernel_matern_kappa=2.0_nu=2.0_alpha_0.5,0.5932539682539683,0.837423634200748,0.8376127755728913,False,en,0.7864406779661017
semantic_kernel_matern_kappa=2.0_nu=2.0_alpha_0.6,0.6012588943623426,0.8411830741509168,0.8413594716588222,False,en,0.7864406779661017
semantic_kernel_matern_kappa=2.0_nu=2.0_alpha_0.7,0.6070060207991241,0.8425852045621386,0.8427568490855993,False,en,0.7864406779661017
semantic_kernel_matern_kappa=2.0_nu=2.0_alpha_0.8,0.6096059113300492,0.8422624418721664,0.8424351805064406,False,en,0.7864406779661017
semantic_kernel_matern_kappa=2.0_nu=2.0_alpha_0.9,0.609263820470717,0.8444464696396698,0.8446118047899862,False,en,0.7864406779661017
semantic_kernel_matern_kappa=2.0_nu=2.0_alpha_1.0,0.6227764094143404,0.8510463131410145,0.851189275940479,False,en,0.7864406779661017
semantic_kernel_maternn_kappa=2.0_nu=2.0_alpha_0.0,0.5902435686918446,0.8382760859515084,0.8384623376567,False,en,0.7864406779661017
semantic_kernel_maternn_kappa=2.0_nu=2.0_alpha_0.1,0.5859332238642584,0.836774118309092,0.8369654614300205,False,en,0.7864406779661017
semantic_kernel_maternn_kappa=2.0_nu=2.0_alpha_0.2,0.580391351943076,0.8350689740941861,0.8352660973649958,False,en,0.7864406779661017
semantic_kernel_maternn_kappa=2.0_nu=2.0_alpha_0.3,0.5762178434592228,0.8336264508637262,0.8338284640437919,False,en,0.7864406779661017
semantic_kernel_maternn_kappa=2.0_nu=2.0_alpha_0.4,0.5736179529282976,0.8325967199939355,0.832802223787119,False,en,0.7864406779661017
semantic_kernel_maternn_kappa=2.0_nu=2.0_alpha_0.5,0.5724548440065681,0.8322228232986764,0.8324295945382844,False,en,0.7864406779661017
semantic_kernel_maternn_kappa=2.0_nu=2.0_alpha_0.6,0.5722495894909687,0.8320454748304065,0.8322528472512628,False,en,0.7864406779661017
semantic_kernel_maternn_kappa=2.0_nu=2.0_alpha_0.7,0.5725232621784346,0.8310588622637665,0.8312695791340012,False,en,0.7864406779661017
semantic_kernel_maternn_kappa=2.0_nu=2.0_alpha_0.8,0.5607553366174055,0.8264878527909248,0.8267140646085253,False,en,0.7864406779661017
semantic_kernel_maternn_kappa=2.0_nu=2.0_alpha_0.9,0.5531609195402298,0.8249174174706955,0.8251489527978559,False,en,0.7864406779661017
semantic_kernel_maternn_kappa=2.0_nu=2.0_alpha_1.0,0.5528188286808977,0.8250787579770962,0.8253097463872859,False,en,0.7864406779661017
semantic_kernel_matern_kappa=2.0_nu=3.0_alpha_0.0,0.5902435686918446,0.8382760859515084,0.8384623376567,False,en,0.7864406779661017
semantic_kernel_matern_kappa=2.0_nu=3.0_alpha_0.1,0.5879173508483854,0.837120945470544,0.8373111129061797,False,en,0.7864406779661017
semantic_kernel_matern_kappa=2.0_nu=3.0_alpha_0.2,0.5851806239737274,0.8354769393047363,0.8356726796426289,False,en,0.7864406779661017
semantic_kernel_matern_kappa=2.0_nu=3.0_alpha_0.3,0.5853858784893268,0.8345449486772973,0.8347438483054523,False,en,0.7864406779661017
semantic_kernel_matern_kappa=2.0_nu=3.0_alpha_0.4,0.589696223316913,0.8371671250536643,0.83735713594834,False,en,0.7864406779661017
semantic_kernel_matern_kappa=2.0_nu=3.0_alpha_0.5,0.5936644772851669,0.8374736274152881,0.8376625993189075,False,en,0.7864406779661017
semantic_kernel_matern_kappa=2.0_nu=3.0_alpha_0.6,0.6015325670498084,0.8410281271516122,0.8412050499035832,False,en,0.7864406779661017
semantic_kernel_matern_kappa=2.0_nu=3.0_alpha_0.7,0.6094006568144499,0.8439371424391529,0.8441042041223523,False,en,0.7864406779661017
semantic_kernel_matern_kappa=2.0_nu=3.0_alpha_0.8,0.6124110563765736,0.8433626103200877,0.8435316195697926,False,en,0.7864406779661017
semantic_kernel_matern_kappa=2.0_nu=3.0_alpha_0.9,0.6145320197044335,0.8439628238658208,0.8441297984933368,False,en,0.7864406779661017
semantic_kernel_matern_kappa=2.0_nu=3.0_alpha_1.0,0.6259236453201971,0.8511024074944764,0.8512451801435902,False,en,0.7864406779661017
semantic_kernel_maternn_kappa=2.0_nu=3.0_alpha_0.0,0.5902435686918446,0.8382760859515084,0.8384623376567,False,en,0.7864406779661017
semantic_kernel_maternn_kappa=2.0_nu=3.0_alpha_0.1,0.5859332238642584,0.836774118309092,0.8369654614300205,False,en,0.7864406779661017
semantic_kernel_maternn_kappa=2.0_nu=3.0_alpha_0.2,0.5803229337712096,0.8349061727961158,0.8351038479357326,False,en,0.7864406779661017
semantic_kernel_maternn_kappa=2.0_nu=3.0_alpha_0.3,0.5760810071154898,0.833645828481426,0.8338477759746519,False,en,0.7864406779661017
semantic_kernel_maternn_kappa=2.0_nu=3.0_alpha_0.4,0.5738232074438971,0.8329288426053445,0.8331332205591673,False,en,0.7864406779661017
semantic_kernel_maternn_kappa=2.0_nu=3.0_alpha_0.5,0.5723864258347017,0.8319304588414045,0.8321382211469693,False,en,0.7864406779661017
semantic_kernel_maternn_kappa=2.0_nu=3.0_alpha_0.6,0.5719074986316366,0.8313843755582861,0.8315939889936244,False,en,0.7864406779661017
semantic_kernel_maternn_kappa=2.0_nu=3.0_alpha_0.7,0.571975916803503,0.8303475282891914,0.8305606564610349,False,en,0.7864406779661017
semantic_kernel_maternn_kappa=2.0_nu=3.0_alpha_0.8,0.560207991242474,0.8261940556614641,0.8264212634015372,False,en,0.7864406779661017
semantic_kernel_maternn_kappa=2.0_nu=3.0_alpha_0.9,0.5550766283524904,0.8252601602480542,0.8254905337352914,False,en,0.7864406779661017
semantic_kernel_maternn_kappa=2.0_nu=3.0_alpha_1.0,0.5541187739463601,0.8252633643307135,0.8254937269566536,False,en,0.7864406779661017
semantic_kernel_matern_kappa=3.0_nu=1.0_alpha_0.0,0.5902435686918446,0.8382760859515084,0.8384623376567,False,en,0.7864406779661017
semantic_kernel_matern_kappa=3.0_nu=1.0_alpha_0.1,0.587096332785988,0.8368466686920432,0.8370377658794703,False,en,0.7864406779661017
semantic_kernel_matern_kappa=3.0_nu=1.0_alpha_0.2,0.5839490968801314,0.8351858745369232,0.8353826015350456,False,en,0.7864406779661017
semantic_kernel_matern_kappa=3.0_nu=1.0_alpha_0.3,0.5825807334428025,0.8339648058163907,0.8341656720305148,False,en,0.7864406779661017
semantic_kernel_matern_kappa=3.0_nu=1.0_alpha_0.4,0.5849069512862616,0.8357933679189015,0.835988035617424,False,en,0.7864406779661017
semantic_kernel_matern_kappa=3.0_nu=1.0_alpha_0.5,0.5871647509578545,0.835138266570469,0.8353351549515285,False,en,0.7864406779661017
semantic_kernel_matern_kappa=3.0_nu=1.0_alpha_0.6,0.5951012588943623,0.8391671218728598,0.8393503531173011,False,en,0.7864406779661017
semantic_kernel_matern_kappa=3.0_nu=1.0_alpha_0.7,0.5994116037219486,0.8404980822932195,0.8406768018074224,False,en,0.7864406779661017
semantic_kernel_matern_kappa=3.0_nu=1.0_alpha_0.8,0.5963327859879584,0.8390803538915007,0.8392638792646924,False,en,0.7864406779661017
semantic_kernel_matern_kappa=3.0_nu=1.0_alpha_0.9,0.5959222769567597,0.8394599215204286,0.8396421602236916,False,en,0.7864406779661017
semantic_kernel_matern_kappa=3.0_nu=1.0_alpha_1.0,0.6069033935413246,0.8455956863412483,0.8457571258417289,False,en,0.7864406779661017
semantic_kernel_maternn_kappa=3.0_nu=1.0_alpha_0.0,0.5902435686918446,0.8382760859515084,0.8384623376567,False,en,0.7864406779661017
semantic_kernel_maternn_kappa=3.0_nu=1.0_alpha_0.1,0.5859332238642584,0.836774118309092,0.8369654614300205,False,en,0.7864406779661017
semantic_kernel_maternn_kappa=3.0_nu=1.0_alpha_0.2,0.580528188286809,0.83484949950289,0.8350473667553652,False,en,0.7864406779661017
semantic_kernel_maternn_kappa=3.0_nu=1.0_alpha_0.3,0.5758757525998905,0.8333235866359726,0.8335266264744373,False,en,0.7864406779661017
semantic_kernel_maternn_kappa=3.0_nu=1.0_alpha_0.4,0.574575807334428,0.832923895213744,0.8331282899383857,False,en,0.7864406779661017
semantic_kernel_maternn_kappa=3.0_nu=1.0_alpha_0.5,0.5742337164750958,0.8319501805381743,0.8321578759905297,False,en,0.7864406779661017
semantic_kernel_maternn_kappa=3.0_nu=1.0_alpha_0.6,0.5762178434592228,0.8326228769613113,0.8328282920868089,False,en,0.7864406779661017
semantic_kernel_maternn_kappa=3.0_nu=1.0_alpha_0.7,0.5730021893814997,0.830650633456754,0.8308627341534535,False,en,0.7864406779661017
semantic_kernel_maternn_kappa=3.0_nu=1.0_alpha_0.8,0.5604816639299397,0.8269224899301122,0.8271472284014781,False,en,0.7864406779661017
semantic_kernel_maternn_kappa=3.0_nu=1.0_alpha_0.9,0.5567186644772852,0.8267626855245607,0.8269879657057759,False,en,0.7864406779661017
semantic_kernel_maternn_kappa=3.0_nu=1.0_alpha_1.0,0.5567186644772852,0.8268827970579608,0.8271076700814356,False,en,0.7864406779661017
semantic_kernel_matern_kappa=3.0_nu=2.0_alpha_0.0,0.5902435686918446,0.8382760859515084,0.8384623376567,False,en,0.7864406779661017
semantic_kernel_matern_kappa=3.0_nu=2.0_alpha_0.1,0.587712096332786,0.837065909628666,0.8372562636264774,False,en,0.7864406779661017
semantic_kernel_matern_kappa=3.0_nu=2.0_alpha_0.2,0.5846332785987959,0.8354972991006936,0.8356929704223287,False,en,0.7864406779661017
semantic_kernel_matern_kappa=3.0_nu=2.0_alpha_0.3,0.5836070060207992,0.833008779242897,0.833212886225067,False,en,0.7864406779661017
semantic_kernel_matern_kappa=3.0_nu=2.0_alpha_0.4,0.5854542966611932,0.8338060122196292,0.8340074167171325,False,en,0.7864406779661017
semantic_kernel_matern_kappa=3.0_nu=2.0_alpha_0.5,0.5897646414887794,0.8365810209694073,0.8367730186575891,False,en,0.7864406779661017
semantic_kernel_matern_kappa=3.0_nu=2.0_alpha_0.6,0.594896004378763,0.8380016803103996,0.8381888622042051,False,en,0.7864406779661017
semantic_kernel_matern_kappa=3.0_nu=2.0_alpha_0.7,0.599343185550082,0.8400915485447459,0.8402716461394519,False,en,0.7864406779661017
semantic_kernel_matern_kappa=3.0_nu=2.0_alpha_0.8,0.6033798576902025,0.8414577877388223,0.8416332540142264,False,en,0.7864406779661017
semantic_kernel_matern_kappa=3.0_nu=2.0_alpha_0.9,0.6057060755336616,0.8409410902873741,0.8411183080795627,False,en,0.7864406779661017
semantic_kernel_matern_kappa=3.0_nu=2.0_alpha_1.0,0.6257183908045977,0.8515695022374445,0.8517106915145484,False,en,0.7864406779661017
semantic_kernel_maternn_kappa=3.0_nu=2.0_alpha_0.0,0.5902435686918446,0.8382760859515084,0.8384623376567,False,en,0.7864406779661017
semantic_kernel_maternn_kappa=3.0_nu=2.0_alpha_0.1,0.5862068965517242,0.836846549785476,0.8370376473759762,False,en,0.7864406779661017
semantic_kernel_maternn_kappa=3.0_nu=2.0_alpha_0.2,0.5814860426929394,0.8351474495299678,0.8353443067823509,False,en,0.7864406779661017
semantic_kernel_maternn_kappa=3.0_nu=2.0_alpha_0.3,0.5771756978653532,0.8338437566602319,0.8340450332104788,False,en,0.7864406779661017
semantic_kernel_maternn_kappa=3.0_nu=2.0_alpha_0.4,0.5758757525998905,0.8322351330129063,0.8324418625246696,False,en,0.7864406779661017
semantic_kernel_maternn_kappa=3.0_nu=2.0_alpha_0.5,0.5776546250684181,0.8333858869804365,0.8335887156312929,False,en,0.7864406779661017
semantic_kernel_maternn_kappa=3.0_nu=2.0_alpha_0.6,0.5824438970990695,0.8344942380573539,0.8346933095859156,False,en,0.7864406779661017
semantic_kernel_maternn_kappa=3.0_nu=2.0_alpha_0.7,0.5764915161466885,0.8316754958870607,0.8318841224738266,False,en,0.7864406779661017
semantic_kernel_maternn_kappa=3.0_nu=2.0_alpha_0.8,0.5684865900383141,0.8291758018646088,0.829392901990434,False,en,0.7864406779661017
semantic_kernel_maternn_kappa=3.0_nu=2.0_alpha_0.9,0.5667761357416529,0.8288014515720269,0.8290198206818948,False,en,0.7864406779661017
semantic_kernel_maternn_kappa=3.0_nu=2.0_alpha_1.0,0.569991789819376,0.8299643041895828,0.8301787314261708,False,en,0.7864406779661017
semantic_kernel_matern_kappa=3.0_nu=3.0_alpha_0.0,0.5902435686918446,0.8382760859515084,0.8384623376567,False,en,0.7864406779661017
semantic_kernel_matern_kappa=3.0_nu=3.0_alpha_0.1,0.5877120963327859,0.8369685103041473,0.8371591944691605,False,en,0.7864406779661017
semantic_kernel_matern_kappa=3.0_nu=3.0_alpha_0.2,0.5847016967706623,0.8355084313915571,0.8357040649766129,False,en,0.7864406779661017
semantic_kernel_matern_kappa=3.0_nu=3.0_alpha_0.3,0.5840175150519977,0.833108522802559,0.8333122916709675,False,en,0.7864406779661017
semantic_kernel_matern_kappa=3.0_nu=3.0_alpha_0.4,0.5849753694581281,0.8328761789625814,0.8330807354372272,False,en,0.7864406779661017
semantic_kernel_matern_kappa=3.0_nu=3.0_alpha_0.5,0.5876436781609196,0.8340448310331432,0.8342454259753463,False,en,0.7864406779661017
semantic_kernel_matern_kappa=3.0_nu=3.0_alpha_0.6,0.5927750410509031,0.8375038109162221,0.8376926805028894,False,en,0.7864406779661017
semantic_kernel_matern_kappa=3.0_nu=3.0_alpha_0.7,0.5949644225506294,0.8380499510037979,0.8382369692681343,False,en,0.7864406779661017
semantic_kernel_matern_kappa=3.0_nu=3.0_alpha_0.8,0.5965380405035577,0.8397680794244904,0.839949273524689,False,en,0.7864406779661017
semantic_kernel_matern_kappa=3.0_nu=3.0_alpha_0.9,0.6055008210180624,0.8425183157049232,0.842690186970273,False,en,0.7864406779661017
semantic_kernel_matern_kappa=3.0_nu=3.0_alpha_1.0,0.6294129720853859,0.8520170406120791,0.8521567128099466,False,en,0.7864406779661017
semantic_kernel_maternn_kappa=3.0_nu=3.0_alpha_0.0,0.5902435686918446,0.8382760859515084,0.8384623376567,False,en,0.7864406779661017
semantic_kernel_maternn_kappa=3.0_nu=3.0_alpha_0.1,0.5868226600985221,0.8370550704350956,0.8372454611759361,False,en,0.7864406779661017
semantic_kernel_maternn_kappa=3.0_nu=3.0_alpha_0.2,0.5823754789272031,0.8353768260175465,0.8355729057225141,False,en,0.7864406779661017
semantic_kernel_maternn_kappa=3.0_nu=3.0_alpha_0.3,0.5797755883962781,0.8346330214054407,0.834831622481975,False,en,0.7864406779661017
semantic_kernel_maternn_kappa=3.0_nu=3.0_alpha_0.4,0.5782019704433498,0.8331976749884794,0.8334011416460881,False,en,0.7864406779661017
semantic_kernel_maternn_kappa=3.0_nu=3.0_alpha_0.5,0.5805966064586754,0.8342175466077097,0.8344175560733889,False,en,0.7864406779661017
semantic_kernel_maternn_kappa=3.0_nu=3.0_alpha_0.6,0.5853858784893268,0.8354710102291485,0.8356667706656024,False,en,0.7864406779661017
semantic_kernel_maternn_kappa=3.0_nu=3.0_alpha_0.7,0.5825123152709359,0.8341841298893378,0.8343842526320283,False,en,0.7864406779661017
semantic_kernel_maternn_kappa=3.0_nu=3.0_alpha_0.8,0.5789545703338806,0.8320097298985605,0.8322172234886774,False,en,0.7864406779661017
semantic_kernel_maternn_kappa=3.0_nu=3.0_alpha_0.9,0.5787493158182813,0.8317662764675735,0.8319745953235582,False,en,0.7864406779661017
semantic_kernel_maternn_kappa=3.0_nu=3.0_alpha_1.0,0.5871647509578544,0.8350362149223858,0.8352334492412354,False,en,0.7864406779661017
semantic_kernel_prod_heat_t=0.1,0.5686234263820471,0.8317043982513295,0.8319129268639794,False,en,0.7864406779661017
semantic_kernel_sum_heat_t=0.1,0.5703842940685047,0.8319124836407734,0.8321181197015253,False,en,0.7864406779661017
semantic_kernel_prod_heatn_t=0.1,0.5399562123700055,0.8202576623673963,0.820504993474568,False,en,0.7864406779661017
semantic_kernel_sum_heatn_t=0.1,0.5272304324028462,0.8199808055603653,0.8202290751651881,False,en,0.7864406779661017
semantic_kernel_prod_heat_t=0.2,0.5902435686918446,0.8402900029028408,0.8404694277709094,False,en,0.7864406779661017
semantic_kernel_sum_heat_t=0.2,0.6130319148936171,0.8306247049728035,0.8308198967191411,False,en,0.7864406779661017
semantic_kernel_prod_heatn_t=0.2,0.5403667214012041,0.8202951508548711,0.8205423548824242,False,en,0.7864406779661017
semantic_kernel_sum_heatn_t=0.2,0.5285303776683087,0.8206125499362144,0.8208586780346783,False,en,0.7864406779661017
semantic_kernel_prod_heat_t=0.3,0.6089901477832512,0.8472738986145711,0.847429649259888,False,en,0.7864406779661017
semantic_kernel_sum_heat_t=0.3,0.6276003870343493,0.8357122237634615,0.8359068447465011,False,en,0.7864406779661017
semantic_kernel_prod_heatn_t=0.3,0.5407772304324029,0.8204689347508116,0.8207155496804125,False,en,0.7864406779661017
semantic_kernel_sum_heatn_t=0.3,0.5309934318555009,0.8214644157518087,0.8217076561695419,False,en,0.7864406779661017
semantic_kernel_prod_heat_t=0.4,0.6119321291735085,0.8486579859456098,0.8488090447694656,False,en,0.7864406779661017
semantic_kernel_sum_heat_t=0.4,0.6179463459759482,0.8289598452741151,0.8291977540724874,False,en,0.7864406779661017
semantic_kernel_prod_heatn_t=0.4,0.5411193212917351,0.8206057307806991,0.8208518819949443,False,en,0.7864406779661017
semantic_kernel_sum_heatn_t=0.4,0.5320197044334976,0.8217082883529887,0.8219507020839382,False,en,0.7864406779661017
semantic_kernel_prod_heat_t=0.5,0.6156951286261632,0.8496171097262614,0.8497649172830641,False,en,0.7864406779661017
semantic_kernel_sum_heat_t=0.5,0.6153971089816469,0.822682690241685,0.8229371556228547,False,en,0.7864406779661017
semantic_kernel_prod_heatn_t=0.5,0.541871921182266,0.8208027666804842,0.821048249976425,False,en,0.7864406779661017
semantic_kernel_sum_heatn_t=0.5,0.5342775041050903,0.8226430271909193,0.8228822723156385,False,en,0.7864406779661017
semantic_kernel_prod_heat_t=0.6,0.6212370005473453,0.8508540729375079,0.8509976873986792,False,en,0.7864406779661017
semantic_kernel_sum_heat_t=0.6,0.611023622047244,0.8228841521239703,0.8231533491843636,False,en,0.7864406779661017
semantic_kernel_prod_heatn_t=0.6,0.5426245210727969,0.8210383948772233,0.8212830794335142,False,en,0.7864406779661017
semantic_kernel_sum_heatn_t=0.6,0.5357827038861521,0.8232010726088836,0.8234384260542198,False,en,0.7864406779661017
semantic_kernel_prod_heat_t=0.7,0.6232895457033388,0.8512216257492784,0.8513639942687148,False,en,0.7864406779661017
semantic_kernel_sum_heat_t=0.7,0.6112914862914862,0.8247976619223871,0.8250670182363384,False,en,0.7864406779661017
semantic_kernel_prod_heatn_t=0.7,0.5435823754789272,0.8213063984117903,0.8215501744815235,False,en,0.7864406779661017
semantic_kernel_sum_heatn_t=0.7,0.5361932129173509,0.8228908664699899,0.8231292714615596,False,en,0.7864406779661017
semantic_kernel_prod_matern_kappa=1.0_nu=1.0,0.5795703338806787,0.83503285116532,0.8352300968867361,False,en,0.7864406779661017
semantic_kernel_sum_matern_kappa=1.0_nu=1.0,0.575944170771757,0.8340153506593726,0.834216045535046,False,en,0.7864406779661017
semantic_kernel_prod_maternn_kappa=1.0_nu=1.0,0.5435823754789272,0.8218743409813885,0.8221161918220721,False,en,0.7864406779661017
semantic_kernel_sum_maternn_kappa=1.0_nu=1.0,0.5329091406677613,0.8221534610992542,0.8223943657700468,False,en,0.7864406779661017
semantic_kernel_prod_matern_kappa=1.0_nu=2.0,0.5998221127531472,0.8430829840658542,0.8432529412011668,False,en,0.7864406779661017
semantic_kernel_sum_matern_kappa=1.0_nu=2.0,0.6013071895424836,0.8384130232850658,0.8385914440025208,False,en,0.7864406779661017
semantic_kernel_prod_maternn_kappa=1.0_nu=2.0,0.5427613574165299,0.8214164104600246,0.8216598136075602,False,en,0.7864406779661017
semantic_kernel_sum_maternn_kappa=1.0_nu=2.0,0.53331964969896,0.8221996663538822,0.8224404143966928,False,en,0.7864406779661017
semantic_kernel_prod_matern_kappa=1.0_nu=3.0,0.6102900930487136,0.8470601597016876,0.8472166348856923,False,en,0.7864406779661017
semantic_kernel_sum_matern_kappa=1.0_nu=3.0,0.6237746107587115,0.8383942936866672,0.838564670663612,False,en,0.7864406779661017
semantic_kernel_prod_maternn_kappa=1.0_nu=3.0,0.5427613574165298,0.821423577514641,0.8216669563670762,False,en,0.7864406779661017
semantic_kernel_sum_maternn_kappa=1.0_nu=3.0,0.5336617405582922,0.8224580710730449,0.822697943167655,False,en,0.7864406779661017
semantic_kernel_prod_matern_kappa=2.0_nu=1.0,0.6020114942528736,0.8429774447024918,0.8431477595983581,False,en,0.7864406779661017
semantic_kernel_sum_matern_kappa=2.0_nu=1.0,0.5906540777230431,0.8392102778907305,0.839393362843586,False,en,0.7864406779661017
semantic_kernel_prod_maternn_kappa=2.0_nu=1.0,0.5503557744937055,0.8247709401303587,0.8250029719908762,False,en,0.7864406779661017
semantic_kernel_sum_maternn_kappa=2.0_nu=1.0,0.5402298850574713,0.8233370506642983,0.8235739431670738,False,en,0.7864406779661017
semantic_kernel_prod_matern_kappa=2.0_nu=2.0,0.622400109469075,0.8506431058398637,0.850787435443739,False,en,0.7864406779661017
semantic_kernel_sum_matern_kappa=2.0_nu=2.0,0.6304857621440535,0.8423330046932459,0.8424945370464376,False,en,0.7864406779661017
semantic_kernel_prod_maternn_kappa=2.0_nu=2.0,0.5525451559934319,0.8249053206072452,0.8251368969407225,False,en,0.7864406779661017
semantic_kernel_sum_maternn_kappa=2.0_nu=2.0,0.5444033935413246,0.8238516288586412,0.8240867770285545,False,en,0.7864406779661017
semantic_kernel_prod_matern_kappa=2.0_nu=3.0,0.6257525998905309,0.8515039109638797,0.8516453225842836,False,en,0.7864406779661017
semantic_kernel_sum_matern_kappa=2.0_nu=3.0,0.6340474811812391,0.8291766228368498,0.829370520931336,False,en,0.7864406779661017
semantic_kernel_prod_maternn_kappa=2.0_nu=3.0,0.5538451012588944,0.8250899269608625,0.8253208775100902,False,en,0.7864406779661017
semantic_kernel_sum_maternn_kappa=2.0_nu=3.0,0.548576902025178,0.8248446931042768,0.8250764749547133,False,en,0.7864406779661017
semantic_kernel_prod_matern_kappa=3.0_nu=1.0,0.606663929939792,0.844850749361848,0.8450147140724282,False,en,0.7864406779661017
semantic_kernel_sum_matern_kappa=3.0_nu=1.0,0.5987958401751504,0.8415565142815248,0.8417316458906826,False,en,0.7864406779661017
semantic_kernel_prod_maternn_kappa=3.0_nu=1.0,0.5564449917898194,0.8267950132083077,0.8270201838041543,False,en,0.7864406779661017
semantic_kernel_sum_maternn_kappa=3.0_nu=1.0,0.5482348111658456,0.8248020563069567,0.8250339826889097,False,en,0.7864406779661017
semantic_kernel_prod_matern_kappa=3.0_nu=2.0,0.6254105090311987,0.8513512821832299,0.8514932111893309,False,en,0.7864406779661017
semantic_kernel_sum_matern_kappa=3.0_nu=2.0,0.6389742689031351,0.8434295438063673,0.8435863174735503,False,en,0.7864406779661017
semantic_kernel_prod_maternn_kappa=3.0_nu=2.0,0.5697181171319102,0.8296992282775575,0.8299145540765592,False,en,0.7864406779661017
semantic_kernel_sum_maternn_kappa=3.0_nu=2.0,0.5631499726327313,0.8288213828594073,0.8290396844055892,False,en,0.7864406779661017
semantic_kernel_prod_matern_kappa=3.0_nu=3.0,0.6291050903119868,0.8521710090776641,0.8523101593485298,False,en,0.7864406779661017
semantic_kernel_sum_matern_kappa=3.0_nu=3.0,0.6219607843137255,0.8339873999806062,0.8341985324469104,False,en,0.7864406779661017
semantic_kernel_prod_maternn_kappa=3.0_nu=3.0,0.5868910782703886,0.8349554342032921,0.8351529423550877,False,en,0.7864406779661017
semantic_kernel_sum_maternn_kappa=3.0_nu=3.0,0.5710180623973727,0.8317113726225285,0.831919877593242,False,en,0.7864406779661017
full_klu_heat_t=0.1_alpha_0.0,0.5902435686918446,0.8382760859515084,0.8384623376567,False,en,0.7864406779661017
full_klu_heat_t=0.1_alpha_0.1,0.592296113847838,0.8388021247776256,0.8389865933003559,False,en,0.7864406779661017
full_klu_heat_t=0.1_alpha_0.2,0.5931855500821018,0.8389934006993257,0.8391772208291011,False,en,0.7864406779661017
full_klu_heat_t=0.1_alpha_0.3,0.5947591680350302,0.839046753908952,0.8392303931803896,False,en,0.7864406779661017
full_klu_heat_t=0.1_alpha_0.4,0.5957854406130269,0.8392305587864268,0.8394135749904831,False,en,0.7864406779661017
full_klu_heat_t=0.1_alpha_0.5,0.5985221674876847,0.8401781575649547,0.8403579615697618,False,en,0.7864406779661017
full_klu_heat_t=0.1_alpha_0.6,0.6022167487684729,0.8414015150857144,0.8415771721158748,False,en,0.7864406779661017
full_klu_heat_t=0.1_alpha_0.7,0.6059797482211275,0.842270579182637,0.842443290232808,False,en,0.7864406779661017
full_klu_heat_t=0.1_alpha_0.8,0.6115216201423097,0.8434339026931729,0.8436026702738164,False,en,0.7864406779661017
full_klu_heat_t=0.1_alpha_0.9,0.6274630541871921,0.847507566959879,0.8476625255091101,False,en,0.7864406779661017
full_klu_heat_t=0.1_alpha_1.0,0.6497673782156541,0.8669222214787803,0.8670113676398117,False,en,0.7864406779661017
full_klu_heatn_t=0.1_alpha_0.0,0.5902435686918446,0.8382760859515084,0.8384623376567,False,en,0.7864406779661017
full_klu_heatn_t=0.1_alpha_0.1,0.5916803503010399,0.8386757928950982,0.838860689661498,False,en,0.7864406779661017
full_klu_heatn_t=0.1_alpha_0.2,0.5918171866447728,0.8387829553703716,0.8389674888741434,False,en,0.7864406779661017
full_klu_heatn_t=0.1_alpha_0.3,0.5923645320197045,0.8389800420520117,0.8391639074653372,False,en,0.7864406779661017
full_klu_heatn_t=0.1_alpha_0.4,0.5928434592227696,0.8391125013156484,0.839295917714521,False,en,0.7864406779661017
full_klu_heatn_t=0.1_alpha_0.5,0.5938013136288998,0.8393619868600315,0.8395445575451943,False,en,0.7864406779661017
full_klu_heatn_t=0.1_alpha_0.6,0.5936644772851669,0.839491350813685,0.839673482976971,False,en,0.7864406779661017
full_klu_heatn_t=0.1_alpha_0.7,0.5933908045977012,0.8393677610606509,0.8395503121722523,False,en,0.7864406779661017
full_klu_heatn_t=0.1_alpha_0.8,0.5925013683634373,0.8391431657449063,0.839326478196561,False,en,0.7864406779661017
full_klu_heatn_t=0.1_alpha_0.9,0.5893541324575807,0.837923740905091,0.8381111870002705,False,en,0.7864406779661017
full_klu_heatn_t=0.1_alpha_1.0,0.34534072249589487,0.7004611936249112,0.6994196992023964,False,en,0.7864406779661017
full_klu_heat_t=0.2_alpha_0.0,0.5902435686918446,0.8382760859515084,0.8384623376567,False,en,0.7864406779661017
full_klu_heat_t=0.2_alpha_0.1,0.5933908045977011,0.8384638025976734,0.838649417975251,False,en,0.7864406779661017
full_klu_heat_t=0.2_alpha_0.2,0.5969485495347564,0.8398253386837923,0.8400063386848068,False,en,0.7864406779661017
full_klu_heat_t=0.2_alpha_0.3,0.6009168035030104,0.8411183176059673,0.8412949346275845,False,en,0.7864406779661017
full_klu_heat_t=0.2_alpha_0.4,0.6044745484400657,0.8418161850422529,0.8419904364115437,False,en,0.7864406779661017
full_klu_heat_t=0.2_alpha_0.5,0.6091269841269841,0.8430136540304374,0.843183846182819,False,en,0.7864406779661017
full_klu_heat_t=0.2_alpha_0.6,0.6157635467980295,0.8443835001376491,0.8445490487439046,False,en,0.7864406779661017
full_klu_heat_t=0.2_alpha_0.7,0.6249315818281335,0.8468625304290874,0.8470196755428298,False,en,0.7864406779661017
full_klu_heat_t=0.2_alpha_0.8,0.6339627805145046,0.8493210049191349,0.8494698162210463,False,en,0.7864406779661017
full_klu_heat_t=0.2_alpha_0.9,0.6444307608100711,0.85337894578496,0.8535140013551228,False,en,0.7864406779661017
full_klu_heat_t=0.2_alpha_1.0,0.6525725232621784,0.8696730728513414,0.8697528940924658,False,en,0.7864406779661017
full_klu_heatn_t=0.2_alpha_0.0,0.5902435686918446,0.8382760859515084,0.8384623376567,False,en,0.7864406779661017
full_klu_heatn_t=0.2_alpha_0.1,0.5913382594417077,0.8385842643681956,0.8387694714007883,False,en,0.7864406779661017
full_klu_heatn_t=0.2_alpha_0.2,0.5914066776135741,0.8386235233247676,0.8388085972761515,False,en,0.7864406779661017
full_klu_heatn_t=0.2_alpha_0.3,0.591543513957307,0.8387183137959128,0.8389030664236657,False,en,0.7864406779661017
full_klu_heatn_t=0.2_alpha_0.4,0.5918171866447729,0.8388037450251065,0.8389882080554725,False,en,0.7864406779661017
full_klu_heatn_t=0.2_alpha_0.5,0.5920908593322386,0.8390395740270125,0.839223237637033,False,en,0.7864406779661017
full_klu_heatn_t=0.2_alpha_0.6,0.5915435139573071,0.8387102980000771,0.8388950778000195,False,en,0.7864406779661017
full_klu_heatn_t=0.2_alpha_0.7,0.5901067323481116,0.8381698214682947,0.8383564333920734,False,en,0.7864406779661017
full_klu_heatn_t=0.2_alpha_0.8,0.5875752599890531,0.8374033786367362,0.8375925886718084,False,en,0.7864406779661017
full_klu_heatn_t=0.2_alpha_0.9,0.5788861521620142,0.8327513305065442,0.832956310196295,False,en,0.7864406779661017
full_klu_heatn_t=0.2_alpha_1.0,0.3453407224958949,0.7007701608588741,0.6997276190898035,False,en,0.7864406779661017
full_klu_heat_t=0.3_alpha_0.0,0.5902435686918446,0.8382760859515084,0.8384623376567,False,en,0.7864406779661017
full_klu_heat_t=0.3_alpha_0.1,0.5953749315818281,0.83933220732115,0.8395148789539022,False,en,0.7864406779661017
full_klu_heat_t=0.3_alpha_0.2,0.6012588943623427,0.841267710241451,0.8414438208473548,False,en,0.7864406779661017
full_klu_heat_t=0.3_alpha_0.3,0.6061165845648604,0.8422216388951616,0.8423945158446121,False,en,0.7864406779661017
full_klu_heat_t=0.3_alpha_0.4,0.6124110563765736,0.8435379927089461,0.8437064074420787,False,en,0.7864406779661017
full_klu_heat_t=0.3_alpha_0.5,0.6191844553913519,0.8455093167366746,0.8456710490154759,False,en,0.7864406779661017
full_klu_heat_t=0.3_alpha_0.6,0.6280103995621237,0.8481120377724706,0.8482649472680998,False,en,0.7864406779661017
full_klu_heat_t=0.3_alpha_0.7,0.6327996715927751,0.8491204779083703,0.8492699689628607,False,en,0.7864406779661017
full_klu_heat_t=0.3_alpha_0.8,0.6418992884510126,0.8517952471515788,0.8519356711916856,False,en,0.7864406779661017
full_klu_heat_t=0.3_alpha_0.9,0.6490831964969896,0.8559296292114156,0.8560560383970821,False,en,0.7864406779661017
full_klu_heat_t=0.3_alpha_1.0,0.650519978106185,0.8690765337817299,0.8691583771891921,False,en,0.7864406779661017
full_klu_heatn_t=0.3_alpha_0.0,0.5902435686918446,0.8382760859515084,0.8384623376567,False,en,0.7864406779661017
full_klu_heatn_t=0.3_alpha_0.1,0.5912014230979749,0.8385614369828907,0.8387467213964505,False,en,0.7864406779661017
full_klu_heatn_t=0.3_alpha_0.2,0.5909961685823755,0.8385080454143019,0.8386935108162298,False,en,0.7864406779661017
full_klu_heatn_t=0.3_alpha_0.3,0.5909961685823754,0.8388767792338087,0.8390609946905857,False,en,0.7864406779661017
full_klu_heatn_t=0.3_alpha_0.4,0.5910645867542419,0.8386758232209993,0.8388607198845995,False,en,0.7864406779661017
full_klu_heatn_t=0.3_alpha_0.5,0.5905172413793104,0.8384248484995136,0.8386105959248815,False,en,0.7864406779661017
full_klu_heatn_t=0.3_alpha_0.6,0.5898330596606458,0.8382081544183306,0.8383946363999059,False,en,0.7864406779661017
full_klu_heatn_t=0.3_alpha_0.7,0.5872331691297209,0.8372853649252823,0.8374749750068341,False,en,0.7864406779661017
full_klu_heatn_t=0.3_alpha_0.8,0.5827175697865352,0.8352727683948244,0.8354692008374964,False,en,0.7864406779661017
full_klu_heatn_t=0.3_alpha_0.9,0.5664340448823207,0.8180993630673877,0.8183540104433731,False,en,0.7864406779661017
full_klu_heatn_t=0.3_alpha_1.0,0.34581964969896,0.7012689587414402,0.7002247261320896,False,en,0.7864406779661017
full_klu_heat_t=0.4_alpha_0.0,0.5902435686918446,0.8382760859515084,0.8384623376567,False,en,0.7864406779661017
full_klu_heat_t=0.4_alpha_0.1,0.5969485495347564,0.8397584331208756,0.8399396599204082,False,en,0.7864406779661017
full_klu_heat_t=0.4_alpha_0.2,0.6029693486590039,0.8418070677248324,0.841981350000284,False,en,0.7864406779661017
full_klu_heat_t=0.4_alpha_0.3,0.6085796387520526,0.8429061254866828,0.8430766821426027,False,en,0.7864406779661017
full_klu_heat_t=0.4_alpha_0.4,0.6135741652983032,0.8436307881320949,0.8437988883044709,False,en,0.7864406779661017
full_klu_heat_t=0.4_alpha_0.5,0.6221948549534757,0.8463157109560011,0.846474709695076,False,en,0.7864406779661017
full_klu_heat_t=0.4_alpha_0.6,0.6293103448275863,0.848607552453457,0.8487587822383031,False,en,0.7864406779661017
full_klu_heat_t=0.4_alpha_0.7,0.6359469074986317,0.8500121875237185,0.85015865583375,False,en,0.7864406779661017
full_klu_heat_t=0.4_alpha_0.8,0.6416940339354132,0.8516644881881623,0.8518053554789924,False,en,0.7864406779661017
full_klu_heat_t=0.4_alpha_0.9,0.6498357963875205,0.8558714472119044,0.855998053624688,False,en,0.7864406779661017
full_klu_heat_t=0.4_alpha_1.0,0.6499384236453202,0.870308639802648,0.8703863065795308,False,en,0.7864406779661017
full_klu_heatn_t=0.4_alpha_0.0,0.5902435686918446,0.8382760859515084,0.8384623376567,False,en,0.7864406779661017
full_klu_heatn_t=0.4_alpha_0.1,0.5912014230979749,0.8385486812242775,0.8387340088776972,False,en,0.7864406779661017
full_klu_heatn_t=0.4_alpha_0.2,0.5905856595511768,0.8384624739667625,0.8386480938481737,False,en,0.7864406779661017
full_klu_heatn_t=0.4_alpha_0.3,0.590311986863711,0.8386660668594803,0.8388509965954924,False,en,0.7864406779661017
full_klu_heatn_t=0.4_alpha_0.4,0.5898330596606458,0.8382434751834069,0.8384298374335752,False,en,0.7864406779661017
full_klu_heatn_t=0.4_alpha_0.5,0.5894909688013137,0.8381800230200486,0.838366600362296,False,en,0.7864406779661017
full_klu_heatn_t=0.4_alpha_0.6,0.5870279146141215,0.8371671640875811,0.8373571748499387,False,en,0.7864406779661017
full_klu_heatn_t=0.4_alpha_0.7,0.5844280240831965,0.835967177988312,0.8361612565001585,False,en,0.7864406779661017
full_klu_heatn_t=0.4_alpha_0.8,0.5771072796934865,0.8320698095292759,0.8322770994596276,False,en,0.7864406779661017
full_klu_heatn_t=0.4_alpha_0.9,0.5569923371647509,0.8082538497882937,0.8085418717855641,False,en,0.7864406779661017
full_klu_heatn_t=0.4_alpha_1.0,0.34547755883962783,0.7000643942159829,0.6990242448762103,False,en,0.7864406779661017
full_klu_heat_t=0.5_alpha_0.0,0.5902435686918446,0.8382760859515084,0.8384623376567,False,en,0.7864406779661017
full_klu_heat_t=0.5_alpha_0.1,0.5963327859879584,0.8395006007376645,0.8396827015452759,False,en,0.7864406779661017
full_klu_heat_t=0.5_alpha_0.2,0.6016009852216749,0.8412446031144529,0.8414207920496006,False,en,0.7864406779661017
full_klu_heat_t=0.5_alpha_0.3,0.6075533661740559,0.8425102736936201,0.8426821722200248,False,en,0.7864406779661017
full_klu_heat_t=0.5_alpha_0.4,0.6115900383141762,0.8429240146578794,0.8430945106725409,False,en,0.7864406779661017
full_klu_heat_t=0.5_alpha_0.5,0.6190476190476191,0.8451430113004659,0.8453059852926101,False,en,0.7864406779661017
full_klu_heat_t=0.5_alpha_0.6,0.6278735632183908,0.8484854904475594,0.8486371340019171,False,en,0.7864406779661017
full_klu_heat_t=0.5_alpha_0.7,0.6345785440613027,0.8499801472573626,0.8501267241784664,False,en,0.7864406779661017
full_klu_heat_t=0.5_alpha_0.8,0.640736179529283,0.8513649734464838,0.851506856041523,False,en,0.7864406779661017
full_klu_heat_t=0.5_alpha_0.9,0.6469622331691297,0.8534986692370014,0.853633318964954,False,en,0.7864406779661017
full_klu_heat_t=0.5_alpha_1.0,0.65311986863711,0.8672530414075643,0.8673410661451082,False,en,0.7864406779661017
full_klu_heatn_t=0.5_alpha_0.0,0.5902435686918446,0.8382760859515084,0.8384623376567,False,en,0.7864406779661017
full_klu_heatn_t=0.5_alpha_0.1,0.5907224958949097,0.8384187581203278,0.838604526191049,False,en,0.7864406779661017
full_klu_heatn_t=0.5_alpha_0.2,0.5904488232074439,0.8385398584567232,0.8387252160178293,False,en,0.7864406779661017
full_klu_heatn_t=0.5_alpha_0.3,0.5893541324575807,0.8382433745611335,0.8384297371523943,False,en,0.7864406779661017
full_klu_heatn_t=0.5_alpha_0.4,0.5886699507389163,0.8378667174960408,0.8380543568909121,False,en,0.7864406779661017
full_klu_heatn_t=0.5_alpha_0.5,0.5873700054734536,0.8374774129379212,0.8376663720092606,False,en,0.7864406779661017
full_klu_heatn_t=0.5_alpha_0.6,0.5849069512862616,0.8361469025078595,0.8363403717840466,False,en,0.7864406779661017
full_klu_heatn_t=0.5_alpha_0.7,0.5814176245210728,0.8345979173771143,0.8347966374503548,False,en,0.7864406779661017
full_klu_heatn_t=0.5_alpha_0.8,0.5710864805692392,0.8296727779086055,0.8298881933698748,False,en,0.7864406779661017
full_klu_heatn_t=0.5_alpha_0.9,0.5519978106185004,0.8048411982654494,0.8034458733187294,False,en,0.7864406779661017
full_klu_heatn_t=0.5_alpha_1.0,0.34660645867542417,0.7012116405019353,0.7001676021917017,False,en,0.7864406779661017
full_klu_heat_t=0.6_alpha_0.0,0.5902435686918446,0.8382760859515084,0.8384623376567,False,en,0.7864406779661017
full_klu_heat_t=0.6_alpha_0.1,0.5939381499726327,0.8384025008186449,0.8385883239988633,False,en,0.7864406779661017
full_klu_heat_t=0.6_alpha_0.2,0.5990010946907498,0.8401104826906517,0.8402905161018123,False,en,0.7864406779661017
full_klu_heat_t=0.6_alpha_0.3,0.6048850574712643,0.8416828963189016,0.8418575995143733,False,en,0.7864406779661017
full_klu_heat_t=0.6_alpha_0.4,0.6107690202517789,0.8429113824527139,0.84308192128841,False,en,0.7864406779661017
full_klu_heat_t=0.6_alpha_0.5,0.6148741105637657,0.8436391615611154,0.8438072333489864,False,en,0.7864406779661017
full_klu_heat_t=0.6_alpha_0.6,0.6242474001094691,0.8469556348843785,0.8471124643897977,False,en,0.7864406779661017
full_klu_heat_t=0.6_alpha_0.7,0.6336206896551724,0.8501232044685637,0.8502692964499688,False,en,0.7864406779661017
full_klu_heat_t=0.6_alpha_0.8,0.6397099069512863,0.8515867543898757,0.8517278851851069,False,en,0.7864406779661017
full_klu_heat_t=0.6_alpha_0.9,0.6448412698412699,0.85234703043338,0.852485584021684,False,en,0.7864406779661017
full_klu_heat_t=0.6_alpha_1.0,0.6539066776135741,0.8698226347107331,0.8699019489625035,False,en,0.7864406779661017
full_klu_heatn_t=0.6_alpha_0.0,0.5902435686918446,0.8382760859515084,0.8384623376567,False,en,0.7864406779661017
full_klu_heatn_t=0.6_alpha_0.1,0.5905172413793103,0.8383806052115351,0.8385665026141504,False,en,0.7864406779661017
full_klu_heatn_t=0.6_alpha_0.2,0.5902435686918445,0.8386551407570034,0.838840107530651,False,en,0.7864406779661017
full_klu_heatn_t=0.6_alpha_0.3,0.5886015325670498,0.8378288914513868,0.8380166590701382,False,en,0.7864406779661017
full_klu_heatn_t=0.6_alpha_0.4,0.5876436781609196,0.8376664299529206,0.8378547482886161,False,en,0.7864406779661017
full_klu_heatn_t=0.6_alpha_0.5,0.5859332238642584,0.8369685801758773,0.8371592641040372,False,en,0.7864406779661017
full_klu_heatn_t=0.6_alpha_0.6,0.583128078817734,0.8355367462058684,0.835732283808503,False,en,0.7864406779661017
full_klu_heatn_t=0.6_alpha_0.7,0.5773125342090859,0.8325101134988546,0.8327159108733774,False,en,0.7864406779661017
full_klu_heatn_t=0.6_alpha_0.8,0.5654761904761905,0.8185407228742063,0.8187938741152532,False,en,0.7864406779661017
full_klu_heatn_t=0.6_alpha_0.9,0.5459770114942529,0.799987694450816,0.7986088220593999,False,en,0.7864406779661017
full_klu_heatn_t=0.6_alpha_1.0,0.3467090859332238,0.7035429465155582,0.702491005473075,False,en,0.7864406779661017
full_klu_heat_t=0.7_alpha_0.0,0.5902435686918446,0.8382760859515084,0.8384623376567,False,en,0.7864406779661017
full_klu_heat_t=0.7_alpha_0.1,0.592911877394636,0.8381473248261123,0.8383340130096951,False,en,0.7864406779661017
full_klu_heat_t=0.7_alpha_0.2,0.5972906403940887,0.8394679969332612,0.8396502082622437,False,en,0.7864406779661017
full_klu_heat_t=0.7_alpha_0.3,0.6025588396278051,0.841279767313803,0.8414558370482752,False,en,0.7864406779661017
full_klu_heat_t=0.7_alpha_0.4,0.608784893267652,0.8422928696497793,0.8424655051390446,False,en,0.7864406779661017
full_klu_heat_t=0.7_alpha_0.5,0.6120689655172413,0.8427277266688379,0.8428988880665133,False,en,0.7864406779661017
full_klu_heat_t=0.7_alpha_0.6,0.6192528735632183,0.8449784993753104,0.8451420310349977,False,en,0.7864406779661017
full_klu_heat_t=0.7_alpha_0.7,0.6301997810618499,0.8488578218418181,0.8490082032558562,False,en,0.7864406779661017
full_klu_heat_t=0.7_alpha_0.8,0.6379310344827587,0.8514912177532367,0.8516326724014733,False,en,0.7864406779661017
full_klu_heat_t=0.7_alpha_0.9,0.6438149972632731,0.8522688023374119,0.8524076211057022,False,en,0.7864406779661017
full_klu_heat_t=0.7_alpha_1.0,0.6527777777777777,0.8703365130520164,0.8704140853433079,False,en,0.7864406779661017
full_klu_heatn_t=0.7_alpha_0.0,0.5902435686918446,0.8382760859515084,0.8384623376567,False,en,0.7864406779661017
full_klu_heatn_t=0.7_alpha_0.1,0.5900383141762452,0.8382115701425402,0.8383980405453895,False,en,0.7864406779661017
full_klu_heatn_t=0.7_alpha_0.2,0.5894909688013137,0.8383291829347905,0.8385152546502085,False,en,0.7864406779661017
full_klu_heatn_t=0.7_alpha_0.3,0.5878489326765188,0.8376716396040387,0.8378599402798997,False,en,0.7864406779661017
full_klu_heatn_t=0.7_alpha_0.4,0.5866174055829227,0.8373141444902826,0.837503657013987,False,en,0.7864406779661017
full_klu_heatn_t=0.7_alpha_0.5,0.5842911877394635,0.8360879506570914,0.8362816197700607,False,en,0.7864406779661017
full_klu_heatn_t=0.7_alpha_0.6,0.5809386973180076,0.8347453252755261,0.8349435456609754,False,en,0.7864406779661017
full_klu_heatn_t=0.7_alpha_0.7,0.5736863711001642,0.8309576293483751,0.831168689381035,False,en,0.7864406779661017
full_klu_heatn_t=0.7_alpha_0.8,0.5616447728516695,0.81611389159932,0.8163752693870615,False,en,0.7864406779661017
full_klu_heatn_t=0.7_alpha_0.9,0.5413245758073343,0.792757233844388,0.7914028714889259,False,en,0.7864406779661017
full_klu_heatn_t=0.7_alpha_1.0,0.34646962233169126,0.7008869214442912,0.6998439838766259,False,en,0.7864406779661017
full_klu_matern_kappa=1.0_nu=1.0_alpha_0.0,0.5902435686918446,0.8382760859515084,0.8384623376567,False,en,0.7864406779661017
full_klu_matern_kappa=1.0_nu=1.0_alpha_0.1,0.5923645320197043,0.8388243896469296,0.8390087826955267,False,en,0.7864406779661017
full_klu_matern_kappa=1.0_nu=1.0_alpha_0.2,0.5935960591133005,0.8390192631481573,0.8392029956086147,False,en,0.7864406779661017
full_klu_matern_kappa=1.0_nu=1.0_alpha_0.3,0.5953749315818281,0.8394578052068024,0.8396400510840099,False,en,0.7864406779661017
full_klu_matern_kappa=1.0_nu=1.0_alpha_0.4,0.5964696223316913,0.839725116378168,0.8399064561158117,False,en,0.7864406779661017
full_klu_matern_kappa=1.0_nu=1.0_alpha_0.5,0.6003694581280788,0.8409877308093602,0.8411647904980845,False,en,0.7864406779661017
full_klu_matern_kappa=1.0_nu=1.0_alpha_0.6,0.6051587301587301,0.8425906843922446,0.8427623103400101,False,en,0.7864406779661017
full_klu_matern_kappa=1.0_nu=1.0_alpha_0.7,0.6098111658456485,0.8436101668722247,0.8437783369471765,False,en,0.7864406779661017
full_klu_matern_kappa=1.0_nu=1.0_alpha_0.8,0.6189107827038861,0.8454712385093259,0.8456330998668639,False,en,0.7864406779661017
full_klu_matern_kappa=1.0_nu=1.0_alpha_0.9,0.6358784893267652,0.8503521003320852,0.8504974163953088,False,en,0.7864406779661017
full_klu_matern_kappa=1.0_nu=1.0_alpha_1.0,0.6530172413793103,0.8706464092856232,0.8707229310812077,False,en,0.7864406779661017
full_klu_maternn_kappa=1.0_nu=1.0_alpha_0.0,0.5902435686918446,0.8382760859515084,0.8384623376567,False,en,0.7864406779661017
full_klu_maternn_kappa=1.0_nu=1.0_alpha_0.1,0.5911330049261084,0.8385107737334695,0.838696229886858,False,en,0.7864406779661017
full_klu_maternn_kappa=1.0_nu=1.0_alpha_0.2,0.5906540777230431,0.8384675473366991,0.8386531500202461,False,en,0.7864406779661017
full_klu_maternn_kappa=1.0_nu=1.0_alpha_0.3,0.5905172413793104,0.8386694137508176,0.8388543321414355,False,en,0.7864406779661017
full_klu_maternn_kappa=1.0_nu=1.0_alpha_0.4,0.5901751505199782,0.8383673130555132,0.8385532555162846,False,en,0.7864406779661017
full_klu_maternn_kappa=1.0_nu=1.0_alpha_0.5,0.5898330596606458,0.8382279646318684,0.8384143794601775,False,en,0.7864406779661017
full_klu_maternn_kappa=1.0_nu=1.0_alpha_0.6,0.5883962780514504,0.8379359145854979,0.8381233194139642,False,en,0.7864406779661017
full_klu_maternn_kappa=1.0_nu=1.0_alpha_0.7,0.5860016420361248,0.8367452235355414,0.836936664604855,False,en,0.7864406779661017
full_klu_maternn_kappa=1.0_nu=1.0_alpha_0.8,0.5804597701149425,0.8339558414520449,0.8341567380538449,False,en,0.7864406779661017
full_klu_maternn_kappa=1.0_nu=1.0_alpha_0.9,0.5626710454296662,0.8163083083041494,0.8165690270522135,False,en,0.7864406779661017
full_klu_maternn_kappa=1.0_nu=1.0_alpha_1.0,0.34581964969896006,0.7007203154208803,0.6996779426193962,False,en,0.7864406779661017
full_klu_matern_kappa=1.0_nu=2.0_alpha_0.0,0.5902435686918446,0.8382760859515084,0.8384623376567,False,en,0.7864406779661017
full_klu_matern_kappa=1.0_nu=2.0_alpha_0.1,0.5932539682539683,0.8386682361640113,0.8388531585464487,False,en,0.7864406779661017
full_klu_matern_kappa=1.0_nu=2.0_alpha_0.2,0.5961959496442255,0.8398011836566479,0.8399822655391103,False,en,0.7864406779661017
full_klu_matern_kappa=1.0_nu=2.0_alpha_0.3,0.5995484400656814,0.8406303275429641,0.8408085987681847,False,en,0.7864406779661017
full_klu_matern_kappa=1.0_nu=2.0_alpha_0.4,0.6042008757525998,0.8421875384472444,0.8423605309914335,False,en,0.7864406779661017
full_klu_matern_kappa=1.0_nu=2.0_alpha_0.5,0.6095374931581827,0.8433006090550788,0.8434698284785634,False,en,0.7864406779661017
full_klu_matern_kappa=1.0_nu=2.0_alpha_0.6,0.6148741105637657,0.844251167820854,0.8444171650112342,False,en,0.7864406779661017
full_klu_matern_kappa=1.0_nu=2.0_alpha_0.7,0.6243158182813354,0.8471432438424806,0.8472994373853299,False,en,0.7864406779661017
full_klu_matern_kappa=1.0_nu=2.0_alpha_0.8,0.6340996168582376,0.8498676387352979,0.8500145970412225,False,en,0.7864406779661017
full_klu_matern_kappa=1.0_nu=2.0_alpha_0.9,0.6441570881226053,0.8527957132616448,0.8529327458912088,False,en,0.7864406779661017
full_klu_matern_kappa=1.0_nu=2.0_alpha_1.0,0.6519567597153804,0.8683033294528384,0.8683877938919238,False,en,0.7864406779661017
full_klu_maternn_kappa=1.0_nu=2.0_alpha_0.0,0.5902435686918446,0.8382760859515084,0.8384623376567,False,en,0.7864406779661017
full_klu_maternn_kappa=1.0_nu=2.0_alpha_0.1,0.5910645867542419,0.8385263413604032,0.8387117447421749,False,en,0.7864406779661017
full_klu_maternn_kappa=1.0_nu=2.0_alpha_0.2,0.5906540777230432,0.838481582733865,0.8386671378397944,False,en,0.7864406779661017
full_klu_maternn_kappa=1.0_nu=2.0_alpha_0.3,0.5901067323481116,0.8384494087676722,0.8386350729378939,False,en,0.7864406779661017
full_klu_maternn_kappa=1.0_nu=2.0_alpha_0.4,0.5893541324575807,0.838054854586497,0.8382418562285192,False,en,0.7864406779661017
full_klu_maternn_kappa=1.0_nu=2.0_alpha_0.5,0.5891488779419813,0.8381764300268334,0.8383630195487188,False,en,0.7864406779661017
full_klu_maternn_kappa=1.0_nu=2.0_alpha_0.6,0.5870279146141215,0.8373793712785331,0.8375686626944805,False,en,0.7864406779661017
full_klu_maternn_kappa=1.0_nu=2.0_alpha_0.7,0.58435960591133,0.8359019623347042,0.8360962619165628,False,en,0.7864406779661017
full_klu_maternn_kappa=1.0_nu=2.0_alpha_0.8,0.5762862616310892,0.831746871201509,0.8319552558380565,False,en,0.7864406779661017
full_klu_maternn_kappa=1.0_nu=2.0_alpha_0.9,0.556855500821018,0.8080251636264304,0.808313960831029,False,en,0.7864406779661017
full_klu_maternn_kappa=1.0_nu=2.0_alpha_1.0,0.34619594964422545,0.7020572983493432,0.7010103934023387,False,en,0.7864406779661017
full_klu_matern_kappa=1.0_nu=3.0_alpha_0.0,0.5902435686918446,0.8382760859515084,0.8384623376567,False,en,0.7864406779661017
full_klu_matern_kappa=1.0_nu=3.0_alpha_0.1,0.5934592227695676,0.8384438764881614,0.8386295594118731,False,en,0.7864406779661017
full_klu_matern_kappa=1.0_nu=3.0_alpha_0.2,0.5977695675971538,0.8400016504739759,0.840182052807905,False,en,0.7864406779661017
full_klu_matern_kappa=1.0_nu=3.0_alpha_0.3,0.6029009304871373,0.8419056598677437,0.8420796079325412,False,en,0.7864406779661017
full_klu_matern_kappa=1.0_nu=3.0_alpha_0.4,0.6077586206896551,0.8430314688597469,0.8432016006228767,False,en,0.7864406779661017
full_klu_matern_kappa=1.0_nu=3.0_alpha_0.5,0.6122742200328407,0.8434928363301349,0.8436614041357379,False,en,0.7864406779661017
full_klu_matern_kappa=1.0_nu=3.0_alpha_0.6,0.621031746031746,0.8460695819580757,0.8462294150327366,False,en,0.7864406779661017
full_klu_matern_kappa=1.0_nu=3.0_alpha_0.7,0.6301313628899835,0.8490462868444609,0.8491960293940832,False,en,0.7864406779661017
full_klu_matern_kappa=1.0_nu=3.0_alpha_0.8,0.6383415435139572,0.8509692454188904,0.8511124694648706,False,en,0.7864406779661017
full_klu_matern_kappa=1.0_nu=3.0_alpha_0.9,0.6453886152162014,0.8534398566421058,0.8535747057347869,False,en,0.7864406779661017
full_klu_matern_kappa=1.0_nu=3.0_alpha_1.0,0.6520935960591132,0.8667580652043475,0.8668477678273261,False,en,0.7864406779661017
full_klu_maternn_kappa=1.0_nu=3.0_alpha_0.0,0.5902435686918446,0.8382760859515084,0.8384623376567,False,en,0.7864406779661017
full_klu_maternn_kappa=1.0_nu=3.0_alpha_0.1,0.590927750410509,0.8384732055781976,0.8386587890812649,False,en,0.7864406779661017
full_klu_maternn_kappa=1.0_nu=3.0_alpha_0.2,0.5905856595511768,0.838553656768237,0.8387389675554059,False,en,0.7864406779661017
full_klu_maternn_kappa=1.0_nu=3.0_alpha_0.3,0.5897646414887794,0.8382833589888841,0.8384695860397118,False,en,0.7864406779661017
full_klu_maternn_kappa=1.0_nu=3.0_alpha_0.4,0.5893541324575807,0.8380177461380445,0.8382048735714174,False,en,0.7864406779661017
full_klu_maternn_kappa=1.0_nu=3.0_alpha_0.5,0.5888067870826491,0.8380575407419087,0.8382445332783194,False,en,0.7864406779661017
full_klu_maternn_kappa=1.0_nu=3.0_alpha_0.6,0.5864121510673235,0.8371526487202243,0.8373427086872169,False,en,0.7864406779661017
full_klu_maternn_kappa=1.0_nu=3.0_alpha_0.7,0.5834701696770662,0.8353524067520717,0.8355485692342106,False,en,0.7864406779661017
full_klu_maternn_kappa=1.0_nu=3.0_alpha_0.8,0.5745073891625616,0.8310495135188655,0.831260262079761,False,en,0.7864406779661017
full_klu_maternn_kappa=1.0_nu=3.0_alpha_0.9,0.555008210180624,0.8072536493833391,0.8075450618904568,False,en,0.7864406779661017
full_klu_maternn_kappa=1.0_nu=3.0_alpha_1.0,0.34431444991789817,0.7015368576293028,0.7004917168881292,False,en,0.7864406779661017
full_klu_matern_kappa=2.0_nu=1.0_alpha_0.0,0.5902435686918446,0.8382760859515084,0.8384623376567,False,en,0.7864406779661017
full_klu_matern_kappa=2.0_nu=1.0_alpha_0.1,0.5922276956759716,0.8385895155810668,0.8387747048129378,False,en,0.7864406779661017
full_klu_matern_kappa=2.0_nu=1.0_alpha_0.2,0.5940749863163656,0.8388867284780847,0.83907091020861,False,en,0.7864406779661017
full_klu_matern_kappa=2.0_nu=1.0_alpha_0.3,0.5970169677066228,0.8397734853093481,0.8399546610845133,False,en,0.7864406779661017
full_klu_matern_kappa=2.0_nu=1.0_alpha_0.4,0.6016694033935414,0.8414335554582034,0.8416091038769317,False,en,0.7864406779661017
full_klu_matern_kappa=2.0_nu=1.0_alpha_0.5,0.6054324028461959,0.8422974967713509,0.8424701165754584,False,en,0.7864406779661017
full_klu_matern_kappa=2.0_nu=1.0_alpha_0.6,0.611111111111111,0.8431256083428909,0.8432954209891287,False,en,0.7864406779661017
full_klu_matern_kappa=2.0_nu=1.0_alpha_0.7,0.6207580733442802,0.8459433590644776,0.8461036200133542,False,en,0.7864406779661017
full_klu_matern_kappa=2.0_nu=1.0_alpha_0.8,0.6326628352490421,0.850054910272892,0.8502012337600451,False,en,0.7864406779661017
full_klu_matern_kappa=2.0_nu=1.0_alpha_0.9,0.643951833607006,0.852353087320523,0.8524916203770061,False,en,0.7864406779661017
full_klu_matern_kappa=2.0_nu=1.0_alpha_1.0,0.6548645320197044,0.8700356608303035,0.8701142529596348,False,en,0.7864406779661017
full_klu_maternn_kappa=2.0_nu=1.0_alpha_0.0,0.5902435686918446,0.8382760859515084,0.8384623376567,False,en,0.7864406779661017
full_klu_maternn_kappa=2.0_nu=1.0_alpha_0.1,0.5901067323481116,0.83844627064283,0.8386319454507628,False,en,0.7864406779661017
full_klu_maternn_kappa=2.0_nu=1.0_alpha_0.2,0.5889436234263821,0.8381022216499745,0.8382890627256799,False,en,0.7864406779661017
full_klu_maternn_kappa=2.0_nu=1.0_alpha_0.3,0.5870279146141215,0.8374989080758669,0.8376877942823319,False,en,0.7864406779661017
full_klu_maternn_kappa=2.0_nu=1.0_alpha_0.4,0.5852490421455938,0.8369399441933831,0.8371307251926702,False,en,0.7864406779661017
full_klu_maternn_kappa=2.0_nu=1.0_alpha_0.5,0.5833333333333334,0.8358403562037532,0.8360348646199542,False,en,0.7864406779661017
full_klu_maternn_kappa=2.0_nu=1.0_alpha_0.6,0.5796387520525451,0.834002409489748,0.8342031482337932,False,en,0.7864406779661017
full_klu_maternn_kappa=2.0_nu=1.0_alpha_0.7,0.57183908045977,0.8301856498597717,0.830399326772054,False,en,0.7864406779661017
full_klu_maternn_kappa=2.0_nu=1.0_alpha_0.8,0.5606185002736727,0.8154374002788537,0.815701071257512,False,en,0.7864406779661017
full_klu_maternn_kappa=2.0_nu=1.0_alpha_0.9,0.5493295019157087,0.788893067850849,0.7875518043631615,False,en,0.7864406779661017
full_klu_maternn_kappa=2.0_nu=1.0_alpha_1.0,0.36049534756431306,0.6993529039310417,0.6983151664227434,False,en,0.7864406779661017
full_klu_matern_kappa=2.0_nu=2.0_alpha_0.0,0.5902435686918446,0.8382760859515084,0.8384623376567,False,en,0.7864406779661017
full_klu_matern_kappa=2.0_nu=2.0_alpha_0.1,0.5918856048166392,0.837993000445131,0.8381802117622088,False,en,0.7864406779661017
full_klu_matern_kappa=2.0_nu=2.0_alpha_0.2,0.5952380952380952,0.8389645472883546,0.8391484652263026,False,en,0.7864406779661017
full_klu_matern_kappa=2.0_nu=2.0_alpha_0.3,0.5998221127531472,0.8404840806301584,0.8406628476076259,False,en,0.7864406779661017
full_klu_matern_kappa=2.0_nu=2.0_alpha_0.4,0.603311439518336,0.8410588764968935,0.8412356950137957,False,en,0.7864406779661017
full_klu_matern_kappa=2.0_nu=2.0_alpha_0.5,0.6089901477832512,0.8419802811003037,0.8421539762117706,False,en,0.7864406779661017
full_klu_matern_kappa=2.0_nu=2.0_alpha_0.6,0.6154214559386972,0.8437951959569889,0.8439627388147043,False,en,0.7864406779661017
full_klu_matern_kappa=2.0_nu=2.0_alpha_0.7,0.6256841817186645,0.8473938820938437,0.8475492260155019,False,en,0.7864406779661017
full_klu_matern_kappa=2.0_nu=2.0_alpha_0.8,0.6358784893267652,0.8507878635297521,0.8509317024295937,False,en,0.7864406779661017
full_klu_matern_kappa=2.0_nu=2.0_alpha_0.9,0.6436097427476737,0.852292650074072,0.852431388002577,False,en,0.7864406779661017
full_klu_matern_kappa=2.0_nu=2.0_alpha_1.0,0.6512041598248495,0.8704121142884464,0.8704894303043605,False,en,0.7864406779661017
full_klu_maternn_kappa=2.0_nu=2.0_alpha_0.0,0.5902435686918446,0.8382760859515084,0.8384623376567,False,en,0.7864406779661017
full_klu_maternn_kappa=2.0_nu=2.0_alpha_0.1,0.5890120415982484,0.837980330487025,0.8381675847531133,False,en,0.7864406779661017
full_klu_maternn_kappa=2.0_nu=2.0_alpha_0.2,0.587712096332786,0.8377289933885371,0.8379170996447897,False,en,0.7864406779661017
full_klu_maternn_kappa=2.0_nu=2.0_alpha_0.3,0.5856595511767926,0.8370375901767165,0.8372280401726702,False,en,0.7864406779661017
full_klu_maternn_kappa=2.0_nu=2.0_alpha_0.4,0.5831964969896004,0.8357650975154701,0.8359598610458686,False,en,0.7864406779661017
full_klu_maternn_kappa=2.0_nu=2.0_alpha_0.5,0.579775588396278,0.8346118043528353,0.8348104773515819,False,en,0.7864406779661017
full_klu_maternn_kappa=2.0_nu=2.0_alpha_0.6,0.5742337164750958,0.8316387472161592,0.8318474983746909,False,en,0.7864406779661017
full_klu_maternn_kappa=2.0_nu=2.0_alpha_0.7,0.5678708264915161,0.8283261419593217,0.8285461222882158,False,en,0.7864406779661017
full_klu_maternn_kappa=2.0_nu=2.0_alpha_0.8,0.5567186644772852,0.8131543214983508,0.8134257317271126,False,en,0.7864406779661017
full_klu_maternn_kappa=2.0_nu=2.0_alpha_0.9,0.547824302134647,0.7897923298052352,0.7884480179719398,False,en,0.7864406779661017
full_klu_maternn_kappa=2.0_nu=2.0_alpha_1.0,0.37797619047619047,0.7069237995172457,0.7058603979561129,False,en,0.7864406779661017
full_klu_matern_kappa=2.0_nu=3.0_alpha_0.0,0.5902435686918446,0.8382760859515084,0.8384623376567,False,en,0.7864406779661017
full_klu_matern_kappa=2.0_nu=3.0_alpha_0.1,0.5918171866447729,0.8384508281114775,0.8386364874703643,False,en,0.7864406779661017
full_klu_matern_kappa=2.0_nu=3.0_alpha_0.2,0.5941434044882321,0.8385033937143567,0.838688874884759,False,en,0.7864406779661017
full_klu_matern_kappa=2.0_nu=3.0_alpha_0.3,0.5977695675971538,0.8395364734230438,0.839718452628332,False,en,0.7864406779661017
full_klu_matern_kappa=2.0_nu=3.0_alpha_0.4,0.6016009852216748,0.8402023013055818,0.8403820234672004,False,en,0.7864406779661017
full_klu_matern_kappa=2.0_nu=3.0_alpha_0.5,0.6073481116584565,0.8410360452986329,0.8412129412094275,False,en,0.7864406779661017
full_klu_matern_kappa=2.0_nu=3.0_alpha_0.6,0.6130268199233716,0.8427775331578085,0.8429485257199278,False,en,0.7864406779661017
full_klu_matern_kappa=2.0_nu=3.0_alpha_0.7,0.6226053639846743,0.8462522853816735,0.8464114991226951,False,en,0.7864406779661017
full_klu_matern_kappa=2.0_nu=3.0_alpha_0.8,0.6323891625615763,0.8490951307725937,0.8492447077495783,False,en,0.7864406779661017
full_klu_matern_kappa=2.0_nu=3.0_alpha_0.9,0.6414887794198139,0.851952399904199,0.8520922912231105,False,en,0.7864406779661017
full_klu_matern_kappa=2.0_nu=3.0_alpha_1.0,0.6479885057471264,0.8710234959850335,0.8710987395206199,False,en,0.7864406779661017
full_klu_maternn_kappa=2.0_nu=3.0_alpha_0.0,0.5902435686918446,0.8382760859515084,0.8384623376567,False,en,0.7864406779661017
full_klu_maternn_kappa=2.0_nu=3.0_alpha_0.1,0.5888752052545155,0.8379426457665298,0.8381300277774333,False,en,0.7864406779661017
full_klu_maternn_kappa=2.0_nu=3.0_alpha_0.2,0.5874384236453202,0.837799939785413,0.8379878055454051,False,en,0.7864406779661017
full_klu_maternn_kappa=2.0_nu=3.0_alpha_0.3,0.5848385331143952,0.8368587534379859,0.8370498096601726,False,en,0.7864406779661017
full_klu_maternn_kappa=2.0_nu=3.0_alpha_0.4,0.5818281335522715,0.8352113566321537,0.8354079972502925,False,en,0.7864406779661017
full_klu_maternn_kappa=2.0_nu=3.0_alpha_0.5,0.577928297755884,0.8336633499994108,0.8338652380976606,False,en,0.7864406779661017
full_klu_maternn_kappa=2.0_nu=3.0_alpha_0.6,0.5720443349753694,0.8306227603285965,0.8308349555104761,False,en,0.7864406779661017
full_klu_maternn_kappa=2.0_nu=3.0_alpha_0.7,0.5661603721948549,0.8276385114829256,0.8278608227625871,False,en,0.7864406779661017
full_klu_maternn_kappa=2.0_nu=3.0_alpha_0.8,0.5550766283524905,0.8121296289522829,0.8124045127150991,False,en,0.7864406779661017
full_klu_maternn_kappa=2.0_nu=3.0_alpha_0.9,0.5468664477285168,0.7896824138278706,0.7883384745911086,False,en,0.7864406779661017
full_klu_maternn_kappa=2.0_nu=3.0_alpha_1.0,0.4374315818281336,0.7201110108152049,0.7190029068428927,False,en,0.7864406779661017
full_klu_matern_kappa=3.0_nu=1.0_alpha_0.0,0.5902435686918446,0.8382760859515084,0.8384623376567,False,en,0.7864406779661017
full_klu_matern_kappa=3.0_nu=1.0_alpha_0.1,0.5916119321291735,0.8383234902321299,0.8385095812448449,False,en,0.7864406779661017
full_klu_matern_kappa=3.0_nu=1.0_alpha_0.2,0.5934592227695676,0.8384950241026943,0.8386805336446617,False,en,0.7864406779661017
full_klu_matern_kappa=3.0_nu=1.0_alpha_0.3,0.5970169677066228,0.8395629897936848,0.8397448791129708,False,en,0.7864406779661017
full_klu_matern_kappa=3.0_nu=1.0_alpha_0.4,0.6016009852216749,0.8410823204940031,0.8412590595397287,False,en,0.7864406779661017
full_klu_matern_kappa=3.0_nu=1.0_alpha_0.5,0.6058429118773947,0.8417968466518392,0.8419711635749957,False,en,0.7864406779661017
full_klu_matern_kappa=3.0_nu=1.0_alpha_0.6,0.6111111111111112,0.8426720940899841,0.8428434440726725,False,en,0.7864406779661017
full_klu_matern_kappa=3.0_nu=1.0_alpha_0.7,0.6213738368910783,0.8456697721328023,0.8458309604950065,False,en,0.7864406779661017
full_klu_matern_kappa=3.0_nu=1.0_alpha_0.8,0.6324575807334427,0.8497650968901779,0.8499124027955774,False,en,0.7864406779661017
full_klu_matern_kappa=3.0_nu=1.0_alpha_0.9,0.641351943076081,0.8518802097734604,0.8520203458046792,False,en,0.7864406779661017
full_klu_matern_kappa=3.0_nu=1.0_alpha_1.0,0.6526067323481116,0.8700787570621682,0.8701572031025782,False,en,0.7864406779661017
full_klu_maternn_kappa=3.0_nu=1.0_alpha_0.0,0.5902435686918446,0.8382760859515084,0.8384623376567,False,en,0.7864406779661017
full_klu_maternn_kappa=3.0_nu=1.0_alpha_0.1,0.5893541324575807,0.838014436011841,0.8382015746659807,False,en,0.7864406779661017
full_klu_maternn_kappa=3.0_nu=1.0_alpha_0.2,0.5879173508483854,0.8377664864345613,0.8379544655957427,False,en,0.7864406779661017
full_klu_maternn_kappa=3.0_nu=1.0_alpha_0.3,0.5865489874110563,0.8374727450022981,0.8376617198971481,False,en,0.7864406779661017
full_klu_maternn_kappa=3.0_nu=1.0_alpha_0.4,0.5838806787082649,0.8361315601365431,0.8363250814207686,False,en,0.7864406779661017
full_klu_maternn_kappa=3.0_nu=1.0_alpha_0.5,0.5814860426929392,0.8350733785966208,0.8352704869369139,False,en,0.7864406779661017
full_klu_maternn_kappa=3.0_nu=1.0_alpha_0.6,0.5784756431308155,0.8330134739502828,0.8332175650181904,False,en,0.7864406779661017
full_klu_maternn_kappa=3.0_nu=1.0_alpha_0.7,0.5732074438970991,0.8305096044202173,0.8307221831814471,False,en,0.7864406779661017
full_klu_maternn_kappa=3.0_nu=1.0_alpha_0.8,0.5670498084291188,0.8184673410159945,0.8187207410091032,False,en,0.7864406779661017
full_klu_maternn_kappa=3.0_nu=1.0_alpha_0.9,0.5602764094143404,0.7917006849265624,0.7920448193470928,False,en,0.7864406779661017
full_klu_maternn_kappa=3.0_nu=1.0_alpha_1.0,0.5903461959496441,0.8051265736863349,0.8037302813653068,False,en,0.7864406779661017
full_klu_matern_kappa=3.0_nu=2.0_alpha_0.0,0.5902435686918446,0.8382760859515084,0.8384623376567,False,en,0.7864406779661017
full_klu_matern_kappa=3.0_nu=2.0_alpha_0.1,0.5915435139573071,0.8386064731382472,0.8387916048868737,False,en,0.7864406779661017
full_klu_matern_kappa=3.0_nu=2.0_alpha_0.2,0.5928434592227696,0.8381366911712709,0.8383234154011414,False,en,0.7864406779661017
full_klu_matern_kappa=3.0_nu=2.0_alpha_0.3,0.5958538587848933,0.8391091855897724,0.8392926132283937,False,en,0.7864406779661017
full_klu_matern_kappa=3.0_nu=2.0_alpha_0.4,0.5983853311439519,0.8391205814804954,0.8393039704889785,False,en,0.7864406779661017
full_klu_matern_kappa=3.0_nu=2.0_alpha_0.5,0.6035166940339354,0.8398477313440641,0.8400286554377556,False,en,0.7864406779661017
full_klu_matern_kappa=3.0_nu=2.0_alpha_0.6,0.608648056923919,0.8410652397625129,0.8412420367090232,False,en,0.7864406779661017
full_klu_matern_kappa=3.0_nu=2.0_alpha_0.7,0.6162424740010947,0.8433728394646682,0.8435418140393068,False,en,0.7864406779661017
full_klu_matern_kappa=3.0_nu=2.0_alpha_0.8,0.6240421455938697,0.8464154297110558,0.8465740904204525,False,en,0.7864406779661017
full_klu_matern_kappa=3.0_nu=2.0_alpha_0.9,0.6349890530925013,0.8497726258345848,0.8499199062181388,False,en,0.7864406779661017
full_klu_matern_kappa=3.0_nu=2.0_alpha_1.0,0.6476806239737274,0.8686642650552246,0.8687475059837934,False,en,0.7864406779661017
full_klu_maternn_kappa=3.0_nu=2.0_alpha_0.0,0.5902435686918446,0.8382760859515084,0.8384623376567,False,en,0.7864406779661017
full_klu_maternn_kappa=3.0_nu=2.0_alpha_0.1,0.5890804597701149,0.8379072036452342,0.8380947057989216,False,en,0.7864406779661017
full_klu_maternn_kappa=3.0_nu=2.0_alpha_0.2,0.5875752599890531,0.8379202270121332,0.8381076850188142,False,en,0.7864406779661017
full_klu_maternn_kappa=3.0_nu=2.0_alpha_0.3,0.5866174055829229,0.8375338405843843,0.8377226083755662,False,en,0.7864406779661017
full_klu_maternn_kappa=3.0_nu=2.0_alpha_0.4,0.586343732895457,0.8375670889644125,0.8377557440492214,False,en,0.7864406779661017
full_klu_maternn_kappa=3.0_nu=2.0_alpha_0.5,0.5841543513957307,0.8361335865256674,0.8363271009407772,False,en,0.7864406779661017
full_klu_maternn_kappa=3.0_nu=2.0_alpha_0.6,0.5834017515051998,0.8355722912013905,0.8357677083125148,False,en,0.7864406779661017
full_klu_maternn_kappa=3.0_nu=2.0_alpha_0.7,0.5823070607553367,0.8336174171885908,0.8338194609912839,False,en,0.7864406779661017
full_klu_maternn_kappa=3.0_nu=2.0_alpha_0.8,0.5828544061302683,0.8330083091593936,0.8332124177350669,False,en,0.7864406779661017
full_klu_maternn_kappa=3.0_nu=2.0_alpha_0.9,0.5845648604269293,0.8307939692555548,0.8310055840681903,False,en,0.7864406779661017
full_klu_maternn_kappa=3.0_nu=2.0_alpha_1.0,0.6058429118773946,0.8208530295989875,0.8194034272579165,False,en,0.7864406779661017
full_klu_matern_kappa=3.0_nu=3.0_alpha_0.0,0.5902435686918446,0.8382760859515084,0.8384623376567,False,en,0.7864406779661017
full_klu_matern_kappa=3.0_nu=3.0_alpha_0.1,0.5914066776135742,0.838435038514092,0.8386207513970375,False,en,0.7864406779661017
full_klu_matern_kappa=3.0_nu=3.0_alpha_0.2,0.5925697865353038,0.8384469746797707,0.8386326471011378,False,en,0.7864406779661017
full_klu_matern_kappa=3.0_nu=3.0_alpha_0.3,0.5940749863163656,0.838749166770618,0.8389338148120159,False,en,0.7864406779661017
full_klu_matern_kappa=3.0_nu=3.0_alpha_0.4,0.5970169677066229,0.8388536721192927,0.8390379659052717,False,en,0.7864406779661017
full_klu_matern_kappa=3.0_nu=3.0_alpha_0.5,0.6008483853311439,0.8388480986870668,0.8390324113660362,False,en,0.7864406779661017
full_klu_matern_kappa=3.0_nu=3.0_alpha_0.6,0.6056376573617953,0.8399900043434853,0.8401704461558227,False,en,0.7864406779661017
full_klu_matern_kappa=3.0_nu=3.0_alpha_0.7,0.610016420361248,0.8410708763721471,0.841247654211506,False,en,0.7864406779661017
full_klu_matern_kappa=3.0_nu=3.0_alpha_0.8,0.6173371647509579,0.8435349582556998,0.8437033832751144,False,en,0.7864406779661017
full_klu_matern_kappa=3.0_nu=3.0_alpha_0.9,0.6238368910782703,0.845740475757262,0.845901424446163,False,en,0.7864406779661017
full_klu_matern_kappa=3.0_nu=3.0_alpha_1.0,0.6456622879036671,0.8720477598294457,0.8721195312842038,False,en,0.7864406779661017
full_klu_maternn_kappa=3.0_nu=3.0_alpha_0.0,0.5902435686918446,0.8382760859515084,0.8384623376567,False,en,0.7864406779661017
full_klu_maternn_kappa=3.0_nu=3.0_alpha_0.1,0.5888752052545155,0.837799938923755,0.8379878046866679,False,en,0.7864406779661017
full_klu_maternn_kappa=3.0_nu=3.0_alpha_0.2,0.5881910235358511,0.8379729527901504,0.8381602320653805,False,en,0.7864406779661017
full_klu_maternn_kappa=3.0_nu=3.0_alpha_0.3,0.5881910235358512,0.8380342525141118,0.8382213239936676,False,en,0.7864406779661017
full_klu_maternn_kappa=3.0_nu=3.0_alpha_0.4,0.5878489326765189,0.8377714890633272,0.8379594512664449,False,en,0.7864406779661017
full_klu_maternn_kappa=3.0_nu=3.0_alpha_0.5,0.587575259989053,0.8375821149650109,0.8377707191142247,False,en,0.7864406779661017
full_klu_maternn_kappa=3.0_nu=3.0_alpha_0.6,0.5888067870826491,0.8375347289222611,0.8377234937021282,False,en,0.7864406779661017
full_klu_maternn_kappa=3.0_nu=3.0_alpha_0.7,0.5916803503010399,0.8381839636840841,0.8383705276681483,False,en,0.7864406779661017
full_klu_maternn_kappa=3.0_nu=3.0_alpha_0.8,0.5972222222222222,0.8386968459513623,0.8388816713514697,False,en,0.7864406779661017
full_klu_maternn_kappa=3.0_nu=3.0_alpha_0.9,0.610016420361248,0.8419156568317064,0.8420895710084907,False,en,0.7864406779661017
full_klu_maternn_kappa=3.0_nu=3.0_alpha_1.0,0.6402230432402846,0.8695399271428237,0.869620199725333,False,en,0.7864406779661017
deberta_full_klu_heat_t=0.1_alpha_0.0,0.5902435686918446,0.8382760859515084,0.8384623376567,False,en,0.7864406779661017
deberta_full_klu_heat_t=0.1_alpha_0.1,0.5914066776135741,0.838446480604803,0.8386321547010003,False,en,0.7864406779661017
deberta_full_klu_heat_t=0.1_alpha_0.2,0.5927066228790366,0.839060810470285,0.8392444020923623,False,en,0.7864406779661017
deberta_full_klu_heat_t=0.1_alpha_0.3,0.5925697865353037,0.8390301710765751,0.8392138665610037,False,en,0.7864406779661017
deberta_full_klu_heat_t=0.1_alpha_0.4,0.5929802955665024,0.8391286160549715,0.839311977827609,False,en,0.7864406779661017
deberta_full_klu_heat_t=0.1_alpha_0.5,0.5942118226600984,0.8394314608420324,0.8396137960221713,False,en,0.7864406779661017
deberta_full_klu_heat_t=0.1_alpha_0.6,0.5951012588943623,0.8396462708827732,0.8398278778932826,False,en,0.7864406779661017
deberta_full_klu_heat_t=0.1_alpha_0.7,0.5954433497536945,0.839759747117772,0.8399409694630781,False,en,0.7864406779661017
deberta_full_klu_heat_t=0.1_alpha_0.8,0.5960591133004925,0.8398746295289614,0.8400554624423651,False,en,0.7864406779661017
deberta_full_klu_heat_t=0.1_alpha_0.9,0.5961959496442255,0.8398852687161331,0.8400660655644955,False,en,0.7864406779661017
deberta_full_klu_heat_t=0.1_alpha_1.0,0.5,0.7646167252782636,0.7650526697315003,False,en,0.7864406779661017
deberta_full_klu_heatn_t=0.1_alpha_0.0,0.5902435686918446,0.8382760859515084,0.8384623376567,False,en,0.7864406779661017
deberta_full_klu_heatn_t=0.1_alpha_0.1,0.5918856048166392,0.8387214141271397,0.8389061562452954,False,en,0.7864406779661017
deberta_full_klu_heatn_t=0.1_alpha_0.2,0.5924329501915709,0.8388878959297864,0.8390720737028483,False,en,0.7864406779661017
deberta_full_klu_heatn_t=0.1_alpha_0.3,0.5930487137383689,0.8391029455290901,0.8392863943204595,False,en,0.7864406779661017
deberta_full_klu_heatn_t=0.1_alpha_0.4,0.5938697318007662,0.8393323775942358,0.8395150486497911,False,en,0.7864406779661017
deberta_full_klu_heatn_t=0.1_alpha_0.5,0.5951696770662288,0.8396414993988306,0.8398231225838618,False,en,0.7864406779661017
deberta_full_klu_heatn_t=0.1_alpha_0.6,0.5952380952380951,0.8397939821420513,0.8399750884364275,False,en,0.7864406779661017
deberta_full_klu_heatn_t=0.1_alpha_0.7,0.5959222769567597,0.8400046591047552,0.840185051239936,False,en,0.7864406779661017
deberta_full_klu_heatn_t=0.1_alpha_0.8,0.596127531472359,0.8400673962526061,0.840247575719489,False,en,0.7864406779661017
deberta_full_klu_heatn_t=0.1_alpha_0.9,0.5964012041598248,0.8400721642739952,0.8402523275780936,False,en,0.7864406779661017
deberta_full_klu_heatn_t=0.1_alpha_1.0,0.5,0.7646167252782636,0.7650526697315003,False,en,0.7864406779661017
deberta_full_klu_heat_t=0.2_alpha_0.0,0.5902435686918446,0.8382760859515084,0.8384623376567,False,en,0.7864406779661017
deberta_full_klu_heat_t=0.2_alpha_0.1,0.5912698412698412,0.8385434769556253,0.8387288222506335,False,en,0.7864406779661017
deberta_full_klu_heat_t=0.2_alpha_0.2,0.5918856048166392,0.8387589770470953,0.8389435918333191,False,en,0.7864406779661017
deberta_full_klu_heat_t=0.2_alpha_0.3,0.5919540229885057,0.8387520441293734,0.838936682417013,False,en,0.7864406779661017
deberta_full_klu_heat_t=0.2_alpha_0.4,0.5925013683634373,0.8388151202629399,0.8389995447331776,False,en,0.7864406779661017
deberta_full_klu_heat_t=0.2_alpha_0.5,0.5927066228790366,0.8388437293287625,0.8390280568191161,False,en,0.7864406779661017
deberta_full_klu_heat_t=0.2_alpha_0.6,0.5935960591133005,0.8391451103156068,0.8393284161754965,False,en,0.7864406779661017
deberta_full_klu_heat_t=0.2_alpha_0.7,0.594280240831965,0.8392918243770329,0.839474632901121,False,en,0.7864406779661017
deberta_full_klu_heat_t=0.2_alpha_0.8,0.5953749315818282,0.8395664727953248,0.8397483503078255,False,en,0.7864406779661017
deberta_full_klu_heat_t=0.2_alpha_0.9,0.596127531472359,0.8397684838947407,0.8399496766238536,False,en,0.7864406779661017
deberta_full_klu_heat_t=0.2_alpha_1.0,0.5,0.7646167252782636,0.7650526697315003,False,en,0.7864406779661017
deberta_full_klu_heatn_t=0.2_alpha_0.0,0.5902435686918446,0.8382760859515084,0.8384623376567,False,en,0.7864406779661017
deberta_full_klu_heatn_t=0.2_alpha_0.1,0.5918171866447728,0.8386806989443928,0.838865579080117,False,en,0.7864406779661017
deberta_full_klu_heatn_t=0.2_alpha_0.2,0.592296113847838,0.8388652562716652,0.8390495107893309,False,en,0.7864406779661017
deberta_full_klu_heatn_t=0.2_alpha_0.3,0.592911877394636,0.8390877927872511,0.8392712929438471,False,en,0.7864406779661017
deberta_full_klu_heatn_t=0.2_alpha_0.4,0.5938013136288999,0.8393498712898171,0.8395324830447094,False,en,0.7864406779661017
deberta_full_klu_heatn_t=0.2_alpha_0.5,0.5949644225506294,0.8395629355952001,0.8397448250982097,False,en,0.7864406779661017
deberta_full_klu_heatn_t=0.2_alpha_0.6,0.5954433497536946,0.8398370138138525,0.8400179742381548,False,en,0.7864406779661017
deberta_full_klu_heatn_t=0.2_alpha_0.7,0.5952380952380952,0.8397636884138091,0.8399448973987896,False,en,0.7864406779661017
deberta_full_klu_heatn_t=0.2_alpha_0.8,0.5958538587848933,0.8399325885157913,0.8401132249580532,False,en,0.7864406779661017
deberta_full_klu_heatn_t=0.2_alpha_0.9,0.5967432950191571,0.8401112860900415,0.8402913167778143,False,en,0.7864406779661017
deberta_full_klu_heatn_t=0.2_alpha_1.0,0.5,0.7646167252782636,0.7650526697315003,False,en,0.7864406779661017
deberta_full_klu_heat_t=0.3_alpha_0.0,0.5902435686918446,0.8382760859515084,0.8384623376567,False,en,0.7864406779661017
deberta_full_klu_heat_t=0.3_alpha_0.1,0.590927750410509,0.838469040211582,0.8386546378345361,False,en,0.7864406779661017
deberta_full_klu_heat_t=0.3_alpha_0.2,0.5917487684729064,0.8387547609727044,0.8389393900507054,False,en,0.7864406779661017
deberta_full_klu_heat_t=0.3_alpha_0.3,0.5920908593322386,0.83882951810874,0.8390138937727206,False,en,0.7864406779661017
deberta_full_klu_heat_t=0.3_alpha_0.4,0.5923645320197044,0.838881240538601,0.8390654408723109,False,en,0.7864406779661017
deberta_full_klu_heat_t=0.3_alpha_0.5,0.5927066228790367,0.8389649768428258,0.8391488933246569,False,en,0.7864406779661017
deberta_full_klu_heat_t=0.3_alpha_0.6,0.5931171319102354,0.8391201385113001,0.8393035290213737,False,en,0.7864406779661017
deberta_full_klu_heat_t=0.3_alpha_0.7,0.5940749863163656,0.8393730748762884,0.8395556079749553,False,en,0.7864406779661017
deberta_full_klu_heat_t=0.3_alpha_0.8,0.5950328407224958,0.8395803477607211,0.839762178239441,False,en,0.7864406779661017
deberta_full_klu_heat_t=0.3_alpha_0.9,0.5956486042692939,0.83964512626169,0.8398267371522709,False,en,0.7864406779661017
deberta_full_klu_heat_t=0.3_alpha_1.0,0.5,0.7646167252782636,0.7650526697315003,False,en,0.7864406779661017
deberta_full_klu_heatn_t=0.3_alpha_0.0,0.5902435686918446,0.8382760859515084,0.8384623376567,False,en,0.7864406779661017
deberta_full_klu_heatn_t=0.3_alpha_0.1,0.5918856048166393,0.8387029029026217,0.838887707770691,False,en,0.7864406779661017
deberta_full_klu_heatn_t=0.3_alpha_0.2,0.592296113847838,0.838870972539091,0.8390552076795791,False,en,0.7864406779661017
deberta_full_klu_heatn_t=0.3_alpha_0.3,0.5927750410509031,0.838975051244945,0.8391589335762606,False,en,0.7864406779661017
deberta_full_klu_heatn_t=0.3_alpha_0.4,0.5936644772851669,0.8393085138117158,0.8394912657614491,False,en,0.7864406779661017
deberta_full_klu_heatn_t=0.3_alpha_0.5,0.5950328407224958,0.839640799895114,0.8398224254513442,False,en,0.7864406779661017
deberta_full_klu_heatn_t=0.3_alpha_0.6,0.5953065134099617,0.8397511965774349,0.8399324479076234,False,en,0.7864406779661017
deberta_full_klu_heatn_t=0.3_alpha_0.7,0.5953749315818282,0.8398129324489523,0.839993974505,False,en,0.7864406779661017
deberta_full_klu_heatn_t=0.3_alpha_0.8,0.5957170224411603,0.8398931808199772,0.8400739508476486,False,en,0.7864406779661017
deberta_full_klu_heatn_t=0.3_alpha_0.9,0.5965380405035577,0.8400233044124688,0.8402036333432163,False,en,0.7864406779661017
deberta_full_klu_heatn_t=0.3_alpha_1.0,0.5,0.7646167252782636,0.7650526697315003,False,en,0.7864406779661017
deberta_full_klu_heat_t=0.4_alpha_0.0,0.5902435686918446,0.8382760859515084,0.8384623376567,False,en,0.7864406779661017
deberta_full_klu_heat_t=0.4_alpha_0.1,0.5907909140667762,0.838408284094931,0.8385940876708229,False,en,0.7864406779661017
deberta_full_klu_heat_t=0.4_alpha_0.2,0.5912014230979747,0.8386061728289453,0.8387913055955694,False,en,0.7864406779661017
deberta_full_klu_heat_t=0.4_alpha_0.3,0.5916119321291735,0.8386979722660851,0.8388827938481764,False,en,0.7864406779661017
deberta_full_klu_heat_t=0.4_alpha_0.4,0.5915435139573071,0.8386212002008466,0.838806282027227,False,en,0.7864406779661017
deberta_full_klu_heat_t=0.4_alpha_0.5,0.5915435139573071,0.8386719825271782,0.8388568922100796,False,en,0.7864406779661017
deberta_full_klu_heat_t=0.4_alpha_0.6,0.5919540229885057,0.8387312824981362,0.8389159911641868,False,en,0.7864406779661017
deberta_full_klu_heat_t=0.4_alpha_0.7,0.5929802955665024,0.8390257819043035,0.8392094922672824,False,en,0.7864406779661017
deberta_full_klu_heat_t=0.4_alpha_0.8,0.5936644772851669,0.8392404588879395,0.8394234415323297,False,en,0.7864406779661017
deberta_full_klu_heat_t=0.4_alpha_0.9,0.5949644225506294,0.8395848193982595,0.8397666347188859,False,en,0.7864406779661017
deberta_full_klu_heat_t=0.4_alpha_1.0,0.5,0.7646167252782636,0.7650526697315003,False,en,0.7864406779661017
deberta_full_klu_heatn_t=0.4_alpha_0.0,0.5902435686918446,0.8382760859515084,0.8384623376567,False,en,0.7864406779661017
deberta_full_klu_heatn_t=0.4_alpha_0.1,0.5916803503010399,0.8386455332541788,0.8388305325956327,False,en,0.7864406779661017
deberta_full_klu_heatn_t=0.4_alpha_0.2,0.5925013683634373,0.8389355700798115,0.8391195862455851,False,en,0.7864406779661017
deberta_full_klu_heatn_t=0.4_alpha_0.3,0.5926382047071702,0.8389881931179447,0.8391720309005383,False,en,0.7864406779661017
deberta_full_klu_heatn_t=0.4_alpha_0.4,0.5936644772851669,0.8393523181763014,0.8395349216366632,False,en,0.7864406779661017
deberta_full_klu_heatn_t=0.4_alpha_0.5,0.5945539135194308,0.839506453331395,0.8396885342997056,False,en,0.7864406779661017
deberta_full_klu_heatn_t=0.4_alpha_0.6,0.5951696770662288,0.8396965093606257,0.8398779460712102,False,en,0.7864406779661017
deberta_full_klu_heatn_t=0.4_alpha_0.7,0.5959906951286262,0.8399981472361522,0.8401785614454637,False,en,0.7864406779661017
deberta_full_klu_heatn_t=0.4_alpha_0.8,0.5960591133004927,0.839988590389891,0.8401690369952917,False,en,0.7864406779661017
deberta_full_klu_heatn_t=0.4_alpha_0.9,0.5959906951286261,0.8398736076646751,0.8400544440420256,False,en,0.7864406779661017
deberta_full_klu_heatn_t=0.4_alpha_1.0,0.5,0.7646167252782636,0.7650526697315003,False,en,0.7864406779661017
deberta_full_klu_heat_t=0.5_alpha_0.0,0.5902435686918446,0.8382760859515084,0.8384623376567,False,en,0.7864406779661017
deberta_full_klu_heat_t=0.5_alpha_0.1,0.5908593322386426,0.8384384454915685,0.8386241468254378,False,en,0.7864406779661017
deberta_full_klu_heat_t=0.5_alpha_0.2,0.590927750410509,0.83845070579106,0.8386363655645922,False,en,0.7864406779661017
deberta_full_klu_heat_t=0.5_alpha_0.3,0.5909961685823755,0.8385064579854958,0.8386919287685385,False,en,0.7864406779661017
deberta_full_klu_heat_t=0.5_alpha_0.4,0.5909961685823755,0.8384504400143898,0.8386361006888599,False,en,0.7864406779661017
deberta_full_klu_heat_t=0.5_alpha_0.5,0.5908593322386425,0.838412313331846,0.8385981032493077,False,en,0.7864406779661017
deberta_full_klu_heat_t=0.5_alpha_0.6,0.5910645867542419,0.8384746778261087,0.838660256338505,False,en,0.7864406779661017
deberta_full_klu_heat_t=0.5_alpha_0.7,0.591543513957307,0.8386186465684521,0.8388037370512135,False,en,0.7864406779661017
deberta_full_klu_heat_t=0.5_alpha_0.8,0.5927750410509032,0.8389498937074094,0.8391338613185132,False,en,0.7864406779661017
deberta_full_klu_heat_t=0.5_alpha_0.9,0.5940065681444993,0.8392973430419088,0.8394801328586585,False,en,0.7864406779661017
deberta_full_klu_heat_t=0.5_alpha_1.0,0.5,0.7646167252782636,0.7650526697315003,False,en,0.7864406779661017
deberta_full_klu_heatn_t=0.5_alpha_0.0,0.5902435686918446,0.8382760859515084,0.8384623376567,False,en,0.7864406779661017
deberta_full_klu_heatn_t=0.5_alpha_0.1,0.5914750957854406,0.8385727971477419,0.8387580430522683,False,en,0.7864406779661017
deberta_full_klu_heatn_t=0.5_alpha_0.2,0.5923645320197044,0.8388961445166598,0.8390802943284102,False,en,0.7864406779661017
deberta_full_klu_heatn_t=0.5_alpha_0.3,0.5926382047071702,0.8389787897629943,0.8391626594213673,False,en,0.7864406779661017
deberta_full_klu_heatn_t=0.5_alpha_0.4,0.5933908045977011,0.8392982174687991,0.8394810043213898,False,en,0.7864406779661017
deberta_full_klu_heatn_t=0.5_alpha_0.5,0.5947591680350302,0.8396358876093131,0.8398175298173595,False,en,0.7864406779661017
deberta_full_klu_heatn_t=0.5_alpha_0.6,0.5953065134099617,0.8397250784739144,0.8399064183400471,False,en,0.7864406779661017
deberta_full_klu_heatn_t=0.5_alpha_0.7,0.5957854406130267,0.8398821063940712,0.8400629139621694,False,en,0.7864406779661017
deberta_full_klu_heatn_t=0.5_alpha_0.8,0.5958538587848932,0.8398443752154925,0.8400253106858909,False,en,0.7864406779661017
deberta_full_klu_heatn_t=0.5_alpha_0.9,0.5965380405035577,0.8399648161332324,0.8401453433293335,False,en,0.7864406779661017
deberta_full_klu_heatn_t=0.5_alpha_1.0,0.5,0.7646167252782636,0.7650526697315003,False,en,0.7864406779661017
deberta_full_klu_heat_t=0.6_alpha_0.0,0.5902435686918446,0.8382760859515084,0.8384623376567,False,en,0.7864406779661017
deberta_full_klu_heat_t=0.6_alpha_0.1,0.5906540777230432,0.8383834523931694,0.8385693401443215,False,en,0.7864406779661017
deberta_full_klu_heat_t=0.6_alpha_0.2,0.5905856595511768,0.8383419490279969,0.8385279774685226,False,en,0.7864406779661017
deberta_full_klu_heat_t=0.6_alpha_0.3,0.5912698412698413,0.8385503571583013,0.8387356791305886,False,en,0.7864406779661017
deberta_full_klu_heat_t=0.6_alpha_0.4,0.5907224958949097,0.8383547214125435,0.8385407065568504,False,en,0.7864406779661017
deberta_full_klu_heat_t=0.6_alpha_0.5,0.590927750410509,0.8384188175548122,0.8386045854240604,False,en,0.7864406779661017
deberta_full_klu_heat_t=0.6_alpha_0.6,0.5906540777230432,0.8383343761384501,0.8385204302497876,False,en,0.7864406779661017
deberta_full_klu_heat_t=0.6_alpha_0.7,0.5912698412698413,0.8385196786084049,0.8387051045757765,False,en,0.7864406779661017
deberta_full_klu_heat_t=0.6_alpha_0.8,0.5916119321291734,0.8386689578919757,0.8388538778278777,False,en,0.7864406779661017
deberta_full_klu_heat_t=0.6_alpha_0.9,0.5928434592227696,0.8389986182209888,0.8391824206642501,False,en,0.7864406779661017
deberta_full_klu_heat_t=0.6_alpha_1.0,0.5,0.7646167252782636,0.7650526697315003,False,en,0.7864406779661017
deberta_full_klu_heatn_t=0.6_alpha_0.0,0.5902435686918446,0.8382760859515084,0.8384623376567,False,en,0.7864406779661017
deberta_full_klu_heatn_t=0.6_alpha_0.1,0.5914066776135741,0.8385345796135372,0.838719955069027,False,en,0.7864406779661017
deberta_full_klu_heatn_t=0.6_alpha_0.2,0.5923645320197044,0.8389371317968406,0.8391211426686583,False,en,0.7864406779661017
deberta_full_klu_heatn_t=0.6_alpha_0.3,0.5929118773946361,0.8391524725917737,0.8393357534947951,False,en,0.7864406779661017
deberta_full_klu_heatn_t=0.6_alpha_0.4,0.5933223864258347,0.839281226696064,0.8394640711444944,False,en,0.7864406779661017
deberta_full_klu_heatn_t=0.6_alpha_0.5,0.5944854953475643,0.8395383007120293,0.8397202737231175,False,en,0.7864406779661017
deberta_full_klu_heatn_t=0.6_alpha_0.6,0.5952380952380952,0.8396498673608325,0.8398314621798908,False,en,0.7864406779661017
deberta_full_klu_heatn_t=0.6_alpha_0.7,0.5953749315818281,0.8397495063887066,0.8399307634483484,False,en,0.7864406779661017
deberta_full_klu_heatn_t=0.6_alpha_0.8,0.5955801860974275,0.8397528193656552,0.8399340651948666,False,en,0.7864406779661017
deberta_full_klu_heatn_t=0.6_alpha_0.9,0.59688013136289,0.840015397302522,0.8401957530370322,False,en,0.7864406779661017
deberta_full_klu_heatn_t=0.6_alpha_1.0,0.5,0.7646167252782636,0.7650526697315003,False,en,0.7864406779661017
deberta_full_klu_heat_t=0.7_alpha_0.0,0.5902435686918446,0.8382760859515084,0.8384623376567,False,en,0.7864406779661017
deberta_full_klu_heat_t=0.7_alpha_0.1,0.5908593322386426,0.8384571515346999,0.8386427894582537,False,en,0.7864406779661017
deberta_full_klu_heat_t=0.7_alpha_0.2,0.5907224958949095,0.8383719005399698,0.8385578274499463,False,en,0.7864406779661017
deberta_full_klu_heat_t=0.7_alpha_0.3,0.5909961685823755,0.8384738434659805,0.8386594248067163,False,en,0.7864406779661017
deberta_full_klu_heat_t=0.7_alpha_0.4,0.5908593322386426,0.8383986031719752,0.8385844395645551,False,en,0.7864406779661017
deberta_full_klu_heat_t=0.7_alpha_0.5,0.5905856595511768,0.838268370556156,0.8384546484152302,False,en,0.7864406779661017
deberta_full_klu_heat_t=0.7_alpha_0.6,0.590311986863711,0.838160430508168,0.83834707426571,False,en,0.7864406779661017
deberta_full_klu_heat_t=0.7_alpha_0.7,0.5908593322386426,0.8383416472780633,0.83852767674147,False,en,0.7864406779661017
deberta_full_klu_heat_t=0.7_alpha_0.8,0.5912014230979749,0.8384730700154767,0.8386586539780786,False,en,0.7864406779661017
deberta_full_klu_heat_t=0.7_alpha_0.9,0.5916803503010399,0.8386745791087773,0.838859479989707,False,en,0.7864406779661017
deberta_full_klu_heat_t=0.7_alpha_1.0,0.5,0.7646167252782636,0.7650526697315003,False,en,0.7864406779661017
deberta_full_klu_heatn_t=0.7_alpha_0.0,0.5902435686918446,0.8382760859515084,0.8384623376567,False,en,0.7864406779661017
deberta_full_klu_heatn_t=0.7_alpha_0.1,0.5913382594417077,0.8384727029656487,0.8386582881724873,False,en,0.7864406779661017
deberta_full_klu_heatn_t=0.7_alpha_0.2,0.5925013683634373,0.8389609022800875,0.8391448325739959,False,en,0.7864406779661017
deberta_full_klu_heatn_t=0.7_alpha_0.3,0.5928434592227695,0.8391205589998907,0.8393039480845794,False,en,0.7864406779661017
deberta_full_klu_heatn_t=0.7_alpha_0.4,0.5930487137383689,0.8391658419267459,0.8393490775099876,False,en,0.7864406779661017
deberta_full_klu_heatn_t=0.7_alpha_0.5,0.5938697318007663,0.8393649701585804,0.8395475307308669,False,en,0.7864406779661017
deberta_full_klu_heatn_t=0.7_alpha_0.6,0.5952380952380952,0.8397262262920228,0.8399075622672466,False,en,0.7864406779661017
deberta_full_klu_heatn_t=0.7_alpha_0.7,0.5953749315818282,0.839637705481245,0.8398193415270138,False,en,0.7864406779661017
deberta_full_klu_heatn_t=0.7_alpha_0.8,0.5956486042692939,0.8397486026912891,0.8399298628143121,False,en,0.7864406779661017
deberta_full_klu_heatn_t=0.7_alpha_0.9,0.5966064586754242,0.839952013124668,0.840132583720798,False,en,0.7864406779661017
deberta_full_klu_heatn_t=0.7_alpha_1.0,0.5,0.7646167252782636,0.7650526697315003,False,en,0.7864406779661017
deberta_full_klu_matern_kappa=1.0_nu=1.0_alpha_0.0,0.5902435686918446,0.8382760859515084,0.8384623376567,False,en,0.7864406779661017
deberta_full_klu_matern_kappa=1.0_nu=1.0_alpha_0.1,0.5913382594417076,0.8385689478906233,0.838754206843479,False,en,0.7864406779661017
deberta_full_klu_matern_kappa=1.0_nu=1.0_alpha_0.2,0.5920224411603723,0.8387263023239016,0.8389110278718988,False,en,0.7864406779661017
deberta_full_klu_matern_kappa=1.0_nu=1.0_alpha_0.3,0.592296113847838,0.8388060713117085,0.8389905264563572,False,en,0.7864406779661017
deberta_full_klu_matern_kappa=1.0_nu=1.0_alpha_0.4,0.5923645320197045,0.8388144627586538,0.8389988894577196,False,en,0.7864406779661017
deberta_full_klu_matern_kappa=1.0_nu=1.0_alpha_0.5,0.5927750410509032,0.8389437206728403,0.839127709209485,False,en,0.7864406779661017
deberta_full_klu_matern_kappa=1.0_nu=1.0_alpha_0.6,0.5938697318007663,0.8392110518274686,0.8393941341568096,False,en,0.7864406779661017
deberta_full_klu_matern_kappa=1.0_nu=1.0_alpha_0.7,0.5944170771756978,0.8393640505708727,0.8395466142604054,False,en,0.7864406779661017
deberta_full_klu_matern_kappa=1.0_nu=1.0_alpha_0.8,0.5952380952380952,0.839577960321634,0.8397597988933676,False,en,0.7864406779661017
deberta_full_klu_matern_kappa=1.0_nu=1.0_alpha_0.9,0.596264367816092,0.8398508885763071,0.8400318019675165,False,en,0.7864406779661017
deberta_full_klu_matern_kappa=1.0_nu=1.0_alpha_1.0,0.5,0.7646167252782636,0.7650526697315003,False,en,0.7864406779661017
deberta_full_klu_maternn_kappa=1.0_nu=1.0_alpha_0.0,0.5902435686918446,0.8382760859515084,0.8384623376567,False,en,0.7864406779661017
deberta_full_klu_maternn_kappa=1.0_nu=1.0_alpha_0.1,0.5916803503010399,0.8386455332541788,0.8388305325956327,False,en,0.7864406779661017
deberta_full_klu_maternn_kappa=1.0_nu=1.0_alpha_0.2,0.5925013683634373,0.8389355700798115,0.8391195862455851,False,en,0.7864406779661017
deberta_full_klu_maternn_kappa=1.0_nu=1.0_alpha_0.3,0.5926382047071702,0.8389881931179447,0.8391720309005383,False,en,0.7864406779661017
deberta_full_klu_maternn_kappa=1.0_nu=1.0_alpha_0.4,0.5936644772851669,0.8393523181763014,0.8395349216366632,False,en,0.7864406779661017
deberta_full_klu_maternn_kappa=1.0_nu=1.0_alpha_0.5,0.5945539135194308,0.839506453331395,0.8396885342997056,False,en,0.7864406779661017
deberta_full_klu_maternn_kappa=1.0_nu=1.0_alpha_0.6,0.5951696770662288,0.8396965093606257,0.8398779460712102,False,en,0.7864406779661017
deberta_full_klu_maternn_kappa=1.0_nu=1.0_alpha_0.7,0.5959222769567597,0.8399702672316913,0.8401507759494925,False,en,0.7864406779661017
deberta_full_klu_maternn_kappa=1.0_nu=1.0_alpha_0.8,0.5959906951286262,0.8399568019735899,0.840137356336334,False,en,0.7864406779661017
deberta_full_klu_maternn_kappa=1.0_nu=1.0_alpha_0.9,0.5959906951286261,0.8398736076646751,0.8400544440420256,False,en,0.7864406779661017
deberta_full_klu_maternn_kappa=1.0_nu=1.0_alpha_1.0,0.5,0.7646167252782636,0.7650526697315003,False,en,0.7864406779661017
deberta_full_klu_matern_kappa=1.0_nu=2.0_alpha_0.0,0.5902435686918446,0.8382760859515084,0.8384623376567,False,en,0.7864406779661017
deberta_full_klu_matern_kappa=1.0_nu=2.0_alpha_0.1,0.5913382594417077,0.8386052024531115,0.8387903385091452,False,en,0.7864406779661017
deberta_full_klu_matern_kappa=1.0_nu=2.0_alpha_0.2,0.5916119321291735,0.8386383080899975,0.8388233319235333,False,en,0.7864406779661017
deberta_full_klu_matern_kappa=1.0_nu=2.0_alpha_0.3,0.5921592775041051,0.8387812819851967,0.8389658211614607,False,en,0.7864406779661017
deberta_full_klu_matern_kappa=1.0_nu=2.0_alpha_0.4,0.5927066228790366,0.8390224939974189,0.8392062155058447,False,en,0.7864406779661017
deberta_full_klu_matern_kappa=1.0_nu=2.0_alpha_0.5,0.5931171319102353,0.839054712943596,0.8392383252352551,False,en,0.7864406779661017
deberta_full_klu_matern_kappa=1.0_nu=2.0_alpha_0.6,0.5939381499726328,0.8393307989027221,0.839513475309774,False,en,0.7864406779661017
deberta_full_klu_matern_kappa=1.0_nu=2.0_alpha_0.7,0.5945539135194308,0.839437075835957,0.8396193919822181,False,en,0.7864406779661017
deberta_full_klu_matern_kappa=1.0_nu=2.0_alpha_0.8,0.5954433497536945,0.8395968534389826,0.8397786279662506,False,en,0.7864406779661017
deberta_full_klu_matern_kappa=1.0_nu=2.0_alpha_0.9,0.5956486042692939,0.8396052906556407,0.8397870365821742,False,en,0.7864406779661017
deberta_full_klu_matern_kappa=1.0_nu=2.0_alpha_1.0,0.5,0.7646167252782636,0.7650526697315003,False,en,0.7864406779661017
deberta_full_klu_maternn_kappa=1.0_nu=2.0_alpha_0.0,0.5902435686918446,0.8382760859515084,0.8384623376567,False,en,0.7864406779661017
deberta_full_klu_maternn_kappa=1.0_nu=2.0_alpha_0.1,0.5915435139573071,0.8385959356548454,0.8387811031237544,False,en,0.7864406779661017
deberta_full_klu_maternn_kappa=1.0_nu=2.0_alpha_0.2,0.5924329501915708,0.8389209719658878,0.8391050376167933,False,en,0.7864406779661017
deberta_full_klu_maternn_kappa=1.0_nu=2.0_alpha_0.3,0.5927066228790366,0.8390245793886811,0.8392082938279841,False,en,0.7864406779661017
deberta_full_klu_maternn_kappa=1.0_nu=2.0_alpha_0.4,0.5934592227695675,0.8393036222686734,0.8394863907999086,False,en,0.7864406779661017
deberta_full_klu_maternn_kappa=1.0_nu=2.0_alpha_0.5,0.5945539135194308,0.8395197688873697,0.8397018047182024,False,en,0.7864406779661017
deberta_full_klu_maternn_kappa=1.0_nu=2.0_alpha_0.6,0.5953065134099617,0.8397741240415719,0.8399552976515431,False,en,0.7864406779661017
deberta_full_klu_maternn_kappa=1.0_nu=2.0_alpha_0.7,0.5957854406130267,0.8398783717323407,0.8400591919603092,False,en,0.7864406779661017
deberta_full_klu_maternn_kappa=1.0_nu=2.0_alpha_0.8,0.5957854406130269,0.8398260901638064,0.8400070876174309,False,en,0.7864406779661017
deberta_full_klu_maternn_kappa=1.0_nu=2.0_alpha_0.9,0.5961275314723591,0.8398481205647321,0.8400290433390315,False,en,0.7864406779661017
deberta_full_klu_maternn_kappa=1.0_nu=2.0_alpha_1.0,0.5,0.7646167252782636,0.7650526697315003,False,en,0.7864406779661017
deberta_full_klu_matern_kappa=1.0_nu=3.0_alpha_0.0,0.5902435686918446,0.8382760859515084,0.8384623376567,False,en,0.7864406779661017
deberta_full_klu_matern_kappa=1.0_nu=3.0_alpha_0.1,0.591064586754242,0.8384975632765164,0.8386830642111146,False,en,0.7864406779661017
deberta_full_klu_matern_kappa=1.0_nu=3.0_alpha_0.2,0.5917487684729064,0.8387446232943699,0.8389292867373824,False,en,0.7864406779661017
deberta_full_klu_matern_kappa=1.0_nu=3.0_alpha_0.3,0.5922276956759714,0.8388685964762925,0.8390528396712307,False,en,0.7864406779661017
deberta_full_klu_matern_kappa=1.0_nu=3.0_alpha_0.4,0.5924329501915708,0.8389431608386165,0.8391271512730044,False,en,0.7864406779661017
deberta_full_klu_matern_kappa=1.0_nu=3.0_alpha_0.5,0.5928434592227695,0.8390288885398917,0.8392125883719024,False,en,0.7864406779661017
deberta_full_klu_matern_kappa=1.0_nu=3.0_alpha_0.6,0.5933908045977012,0.83921997798684,0.8394030300580135,False,en,0.7864406779661017
deberta_full_klu_matern_kappa=1.0_nu=3.0_alpha_0.7,0.5941434044882321,0.8393934151006957,0.8395758792494493,False,en,0.7864406779661017
deberta_full_klu_matern_kappa=1.0_nu=3.0_alpha_0.8,0.5951696770662287,0.8396214418972026,0.8398031330737646,False,en,0.7864406779661017
deberta_full_klu_matern_kappa=1.0_nu=3.0_alpha_0.9,0.5956486042692939,0.8395995985530229,0.8397813637748197,False,en,0.7864406779661017
deberta_full_klu_matern_kappa=1.0_nu=3.0_alpha_1.0,0.5,0.7646167252782636,0.7650526697315003,False,en,0.7864406779661017
deberta_full_klu_maternn_kappa=1.0_nu=3.0_alpha_0.0,0.5902435686918446,0.8382760859515084,0.8384623376567,False,en,0.7864406779661017
deberta_full_klu_maternn_kappa=1.0_nu=3.0_alpha_0.1,0.5915435139573071,0.8385959356548454,0.8387811031237544,False,en,0.7864406779661017
deberta_full_klu_maternn_kappa=1.0_nu=3.0_alpha_0.2,0.5923645320197044,0.8388961445166598,0.8390802943284102,False,en,0.7864406779661017
deberta_full_klu_maternn_kappa=1.0_nu=3.0_alpha_0.3,0.5927750410509031,0.8390386929179102,0.8392223595147412,False,en,0.7864406779661017
deberta_full_klu_maternn_kappa=1.0_nu=3.0_alpha_0.4,0.5934592227695675,0.8392975193490366,0.839480308568135,False,en,0.7864406779661017
deberta_full_klu_maternn_kappa=1.0_nu=3.0_alpha_0.5,0.5945539135194308,0.8395197688873697,0.8397018047182024,False,en,0.7864406779661017
deberta_full_klu_maternn_kappa=1.0_nu=3.0_alpha_0.6,0.5952380952380951,0.8397532567989694,0.8399345011453561,False,en,0.7864406779661017
deberta_full_klu_maternn_kappa=1.0_nu=3.0_alpha_0.7,0.5958538587848932,0.8398875625571782,0.8400683516298084,False,en,0.7864406779661017
deberta_full_klu_maternn_kappa=1.0_nu=3.0_alpha_0.8,0.5959222769567597,0.8398538647053582,0.8400347680079943,False,en,0.7864406779661017
deberta_full_klu_maternn_kappa=1.0_nu=3.0_alpha_0.9,0.5961275314723591,0.8398642519366899,0.8400451200283724,False,en,0.7864406779661017
deberta_full_klu_maternn_kappa=1.0_nu=3.0_alpha_1.0,0.5,0.7646167252782636,0.7650526697315003,False,en,0.7864406779661017
deberta_full_klu_matern_kappa=2.0_nu=1.0_alpha_0.0,0.5902435686918446,0.8382760859515084,0.8384623376567,False,en,0.7864406779661017
deberta_full_klu_matern_kappa=2.0_nu=1.0_alpha_0.1,0.590927750410509,0.838469040211582,0.8386546378345361,False,en,0.7864406779661017
deberta_full_klu_matern_kappa=2.0_nu=1.0_alpha_0.2,0.5918171866447728,0.838771035425069,0.838955609335435,False,en,0.7864406779661017
deberta_full_klu_matern_kappa=2.0_nu=1.0_alpha_0.3,0.5919540229885056,0.8387986861692955,0.8389831663483253,False,en,0.7864406779661017
deberta_full_klu_matern_kappa=2.0_nu=1.0_alpha_0.4,0.5923645320197044,0.8388812934810705,0.8390654936353145,False,en,0.7864406779661017
deberta_full_klu_matern_kappa=2.0_nu=1.0_alpha_0.5,0.5925013683634373,0.8389176748206464,0.8391017516483156,False,en,0.7864406779661017
deberta_full_klu_matern_kappa=2.0_nu=1.0_alpha_0.6,0.5932539682539683,0.8391559118584727,0.8393391811029628,False,en,0.7864406779661017
deberta_full_klu_matern_kappa=2.0_nu=1.0_alpha_0.7,0.5940065681444991,0.8393583503717679,0.8395409333840095,False,en,0.7864406779661017
deberta_full_klu_matern_kappa=2.0_nu=1.0_alpha_0.8,0.5950328407224958,0.8395803477607211,0.839762178239441,False,en,0.7864406779661017
deberta_full_klu_matern_kappa=2.0_nu=1.0_alpha_0.9,0.5956486042692939,0.83964512626169,0.8398267371522709,False,en,0.7864406779661017
deberta_full_klu_matern_kappa=2.0_nu=1.0_alpha_1.0,0.5,0.7646167252782636,0.7650526697315003,False,en,0.7864406779661017
deberta_full_klu_maternn_kappa=2.0_nu=1.0_alpha_0.0,0.5902435686918446,0.8382760859515084,0.8384623376567,False,en,0.7864406779661017
deberta_full_klu_maternn_kappa=2.0_nu=1.0_alpha_0.1,0.5914066776135742,0.8384541223047668,0.8386397704968966,False,en,0.7864406779661017
deberta_full_klu_maternn_kappa=2.0_nu=1.0_alpha_0.2,0.5927066228790367,0.8390275634005091,0.8392112677245178,False,en,0.7864406779661017
deberta_full_klu_maternn_kappa=2.0_nu=1.0_alpha_0.3,0.5924329501915709,0.8389343950925909,0.8391184152413722,False,en,0.7864406779661017
deberta_full_klu_maternn_kappa=2.0_nu=1.0_alpha_0.4,0.5930487137383689,0.8391383083653887,0.8393216372827368,False,en,0.7864406779661017
deberta_full_klu_maternn_kappa=2.0_nu=1.0_alpha_0.5,0.5938697318007663,0.8393343550472661,0.8395170193995908,False,en,0.7864406779661017
deberta_full_klu_maternn_kappa=2.0_nu=1.0_alpha_0.6,0.5947591680350302,0.8395072075113575,0.8396892859231261,False,en,0.7864406779661017
deberta_full_klu_maternn_kappa=2.0_nu=1.0_alpha_0.7,0.5949644225506294,0.8395976692174203,0.8397794409793378,False,en,0.7864406779661017
deberta_full_klu_maternn_kappa=2.0_nu=1.0_alpha_0.8,0.5958538587848934,0.8398665523513449,0.8400474126450117,False,en,0.7864406779661017
deberta_full_klu_maternn_kappa=2.0_nu=1.0_alpha_0.9,0.5961959496442255,0.8399199266096273,0.8401006059736049,False,en,0.7864406779661017
deberta_full_klu_maternn_kappa=2.0_nu=1.0_alpha_1.0,0.5,0.7646167252782636,0.7650526697315003,False,en,0.7864406779661017
deberta_full_klu_matern_kappa=2.0_nu=2.0_alpha_0.0,0.5902435686918446,0.8382760859515084,0.8384623376567,False,en,0.7864406779661017
deberta_full_klu_matern_kappa=2.0_nu=2.0_alpha_0.1,0.5908593322386426,0.8384384454915685,0.8386241468254378,False,en,0.7864406779661017
deberta_full_klu_matern_kappa=2.0_nu=2.0_alpha_0.2,0.5907224958949097,0.8384006112505247,0.8385864408360587,False,en,0.7864406779661017
deberta_full_klu_matern_kappa=2.0_nu=2.0_alpha_0.3,0.5912014230979747,0.8385751195499109,0.8387603575818876,False,en,0.7864406779661017
deberta_full_klu_matern_kappa=2.0_nu=2.0_alpha_0.4,0.5912698412698413,0.8385626579640065,0.8387479382386472,False,en,0.7864406779661017
deberta_full_klu_matern_kappa=2.0_nu=2.0_alpha_0.5,0.5911330049261083,0.8384835604015033,0.8386691088034747,False,en,0.7864406779661017
deberta_full_klu_matern_kappa=2.0_nu=2.0_alpha_0.6,0.5913382594417077,0.8385681808667838,0.8387534424197203,False,en,0.7864406779661017
deberta_full_klu_matern_kappa=2.0_nu=2.0_alpha_0.7,0.5918171866447728,0.8387070341335199,0.8388918249974167,False,en,0.7864406779661017
deberta_full_klu_matern_kappa=2.0_nu=2.0_alpha_0.8,0.592911877394636,0.8390117493510016,0.8391955072819578,False,en,0.7864406779661017
deberta_full_klu_matern_kappa=2.0_nu=2.0_alpha_0.9,0.5940749863163656,0.8393441510494157,0.8395267821949535,False,en,0.7864406779661017
deberta_full_klu_matern_kappa=2.0_nu=2.0_alpha_1.0,0.5,0.7646167252782636,0.7650526697315003,False,en,0.7864406779661017
deberta_full_klu_maternn_kappa=2.0_nu=2.0_alpha_0.0,0.5902435686918446,0.8382760859515084,0.8384623376567,False,en,0.7864406779661017
deberta_full_klu_maternn_kappa=2.0_nu=2.0_alpha_0.1,0.5914066776135741,0.8385166718741641,0.8387021080338553,False,en,0.7864406779661017
deberta_full_klu_maternn_kappa=2.0_nu=2.0_alpha_0.2,0.5924329501915708,0.8388706844842073,0.8390549206011527,False,en,0.7864406779661017
deberta_full_klu_maternn_kappa=2.0_nu=2.0_alpha_0.3,0.5924329501915709,0.8389127555484464,0.8390968490516146,False,en,0.7864406779661017
deberta_full_klu_maternn_kappa=2.0_nu=2.0_alpha_0.4,0.5925697865353037,0.8389404286378049,0.8391244283338906,False,en,0.7864406779661017
deberta_full_klu_maternn_kappa=2.0_nu=2.0_alpha_0.5,0.5931171319102354,0.839012294532872,0.839196050615754,False,en,0.7864406779661017
deberta_full_klu_maternn_kappa=2.0_nu=2.0_alpha_0.6,0.5940065681444991,0.8392887063168075,0.8394715254105913,False,en,0.7864406779661017
deberta_full_klu_maternn_kappa=2.0_nu=2.0_alpha_0.7,0.5944854953475643,0.8393771544051327,0.8395596736748884,False,en,0.7864406779661017
deberta_full_klu_maternn_kappa=2.0_nu=2.0_alpha_0.8,0.5953065134099617,0.8396229817394585,0.8398046676962165,False,en,0.7864406779661017
deberta_full_klu_maternn_kappa=2.0_nu=2.0_alpha_0.9,0.5959222769567597,0.8398209086314632,0.840001923649604,False,en,0.7864406779661017
deberta_full_klu_maternn_kappa=2.0_nu=2.0_alpha_1.0,0.5,0.7646167252782636,0.7650526697315003,False,en,0.7864406779661017
deberta_full_klu_matern_kappa=2.0_nu=3.0_alpha_0.0,0.5902435686918446,0.8382760859515084,0.8384623376567,False,en,0.7864406779661017
deberta_full_klu_matern_kappa=2.0_nu=3.0_alpha_0.1,0.5907909140667761,0.8384228073539873,0.8386085616984925,False,en,0.7864406779661017
deberta_full_klu_matern_kappa=2.0_nu=3.0_alpha_0.2,0.5905856595511768,0.8383419490279969,0.8385279774685226,False,en,0.7864406779661017
deberta_full_klu_matern_kappa=2.0_nu=3.0_alpha_0.3,0.5912014230979747,0.838536125524225,0.8387214957393397,False,en,0.7864406779661017
deberta_full_klu_matern_kappa=2.0_nu=3.0_alpha_0.4,0.5907224958949097,0.838346256174143,0.8385322700141732,False,en,0.7864406779661017
deberta_full_klu_matern_kappa=2.0_nu=3.0_alpha_0.5,0.5905856595511767,0.8382751762296873,0.8384614310186818,False,en,0.7864406779661017
deberta_full_klu_matern_kappa=2.0_nu=3.0_alpha_0.6,0.590448823207444,0.8382463177554608,0.8384326703697916,False,en,0.7864406779661017
deberta_full_klu_matern_kappa=2.0_nu=3.0_alpha_0.7,0.5912698412698413,0.8384957324655488,0.838681239606286,False,en,0.7864406779661017
deberta_full_klu_matern_kappa=2.0_nu=3.0_alpha_0.8,0.5914066776135741,0.8385628955646505,0.8387481750338655,False,en,0.7864406779661017
deberta_full_klu_matern_kappa=2.0_nu=3.0_alpha_0.9,0.5927066228790365,0.8389476032016803,0.8391315785772103,False,en,0.7864406779661017
deberta_full_klu_matern_kappa=2.0_nu=3.0_alpha_1.0,0.5,0.7646167252782636,0.7650526697315003,False,en,0.7864406779661017
deberta_full_klu_maternn_kappa=2.0_nu=3.0_alpha_0.0,0.5902435686918446,0.8382760859515084,0.8384623376567,False,en,0.7864406779661017
deberta_full_klu_maternn_kappa=2.0_nu=3.0_alpha_0.1,0.5914750957854407,0.8385534753663844,0.8387387867684748,False,en,0.7864406779661017
deberta_full_klu_maternn_kappa=2.0_nu=3.0_alpha_0.2,0.5919540229885057,0.838683124924948,0.8388679968370094,False,en,0.7864406779661017
deberta_full_klu_maternn_kappa=2.0_nu=3.0_alpha_0.3,0.5925013683634374,0.8388553972889672,0.8390396852269132,False,en,0.7864406779661017
deberta_full_klu_maternn_kappa=2.0_nu=3.0_alpha_0.4,0.5923645320197044,0.8388726976770616,0.8390569269696243,False,en,0.7864406779661017
deberta_full_klu_maternn_kappa=2.0_nu=3.0_alpha_0.5,0.5928434592227696,0.8389416092585262,0.8391256049525077,False,en,0.7864406779661017
deberta_full_klu_maternn_kappa=2.0_nu=3.0_alpha_0.6,0.5939381499726327,0.8392568001856169,0.8394397274357777,False,en,0.7864406779661017
deberta_full_klu_maternn_kappa=2.0_nu=3.0_alpha_0.7,0.5946223316912972,0.8394246502215013,0.8396070084884896,False,en,0.7864406779661017
deberta_full_klu_maternn_kappa=2.0_nu=3.0_alpha_0.8,0.5951012588943624,0.8395598223286429,0.8397417223850985,False,en,0.7864406779661017
deberta_full_klu_maternn_kappa=2.0_nu=3.0_alpha_0.9,0.5962643678160919,0.8398921121880404,0.8400728858381928,False,en,0.7864406779661017
deberta_full_klu_maternn_kappa=2.0_nu=3.0_alpha_1.0,0.5,0.7646167252782636,0.7650526697315003,False,en,0.7864406779661017
deberta_full_klu_matern_kappa=3.0_nu=1.0_alpha_0.0,0.5902435686918446,0.8382760859515084,0.8384623376567,False,en,0.7864406779661017
deberta_full_klu_matern_kappa=3.0_nu=1.0_alpha_0.1,0.5909961685823755,0.8385135863231854,0.8386990329423714,False,en,0.7864406779661017
deberta_full_klu_matern_kappa=3.0_nu=1.0_alpha_0.2,0.5912698412698412,0.8386304626041237,0.8388155130325269,False,en,0.7864406779661017
deberta_full_klu_matern_kappa=3.0_nu=1.0_alpha_0.3,0.5914066776135742,0.83864435977216,0.8388293630915189,False,en,0.7864406779661017
deberta_full_klu_matern_kappa=3.0_nu=1.0_alpha_0.4,0.5917487684729064,0.838693865604387,0.8388787011073654,False,en,0.7864406779661017
deberta_full_klu_matern_kappa=3.0_nu=1.0_alpha_0.5,0.5914066776135741,0.8386359985632097,0.8388210302256499,False,en,0.7864406779661017
deberta_full_klu_matern_kappa=3.0_nu=1.0_alpha_0.6,0.5922276956759716,0.8388436162427886,0.8390279441164843,False,en,0.7864406779661017
deberta_full_klu_matern_kappa=3.0_nu=1.0_alpha_0.7,0.5933908045977011,0.8391450491969947,0.8393283552640661,False,en,0.7864406779661017
deberta_full_klu_matern_kappa=3.0_nu=1.0_alpha_0.8,0.5941434044882321,0.839349271388527,0.839531885176983,False,en,0.7864406779661017
deberta_full_klu_matern_kappa=3.0_nu=1.0_alpha_0.9,0.5951696770662287,0.8395931799619947,0.8397749669417272,False,en,0.7864406779661017
deberta_full_klu_matern_kappa=3.0_nu=1.0_alpha_1.0,0.5,0.7646167252782636,0.7650526697315003,False,en,0.7864406779661017
deberta_full_klu_maternn_kappa=3.0_nu=1.0_alpha_0.0,0.5902435686918446,0.8382760859515084,0.8384623376567,False,en,0.7864406779661017
deberta_full_klu_maternn_kappa=3.0_nu=1.0_alpha_0.1,0.5913382594417076,0.8385689478906233,0.838754206843479,False,en,0.7864406779661017
deberta_full_klu_maternn_kappa=3.0_nu=1.0_alpha_0.2,0.5920224411603723,0.8387263023239016,0.8389110278718988,False,en,0.7864406779661017
deberta_full_klu_maternn_kappa=3.0_nu=1.0_alpha_0.3,0.592296113847838,0.8388060713117085,0.8389905264563572,False,en,0.7864406779661017
deberta_full_klu_maternn_kappa=3.0_nu=1.0_alpha_0.4,0.5923645320197045,0.8388144627586538,0.8389988894577196,False,en,0.7864406779661017
deberta_full_klu_maternn_kappa=3.0_nu=1.0_alpha_0.5,0.5927750410509032,0.8389437206728403,0.839127709209485,False,en,0.7864406779661017
deberta_full_klu_maternn_kappa=3.0_nu=1.0_alpha_0.6,0.5938697318007663,0.8392110518274686,0.8393941341568096,False,en,0.7864406779661017
deberta_full_klu_maternn_kappa=3.0_nu=1.0_alpha_0.7,0.5944170771756978,0.8393640505708727,0.8395466142604054,False,en,0.7864406779661017
deberta_full_klu_maternn_kappa=3.0_nu=1.0_alpha_0.8,0.5952380952380952,0.839577960321634,0.8397597988933676,False,en,0.7864406779661017
deberta_full_klu_maternn_kappa=3.0_nu=1.0_alpha_0.9,0.596264367816092,0.8398508885763071,0.8400318019675165,False,en,0.7864406779661017
deberta_full_klu_maternn_kappa=3.0_nu=1.0_alpha_1.0,0.5,0.7646167252782636,0.7650526697315003,False,en,0.7864406779661017
deberta_full_klu_matern_kappa=3.0_nu=2.0_alpha_0.0,0.5902435686918446,0.8382760859515084,0.8384623376567,False,en,0.7864406779661017
deberta_full_klu_matern_kappa=3.0_nu=2.0_alpha_0.1,0.5908593322386425,0.8384429337477401,0.8386286198671817,False,en,0.7864406779661017
deberta_full_klu_matern_kappa=3.0_nu=2.0_alpha_0.2,0.5905856595511768,0.8383419490279969,0.8385279774685226,False,en,0.7864406779661017
deberta_full_klu_matern_kappa=3.0_nu=2.0_alpha_0.3,0.5909961685823755,0.8384684324981315,0.8386540321811313,False,en,0.7864406779661017
deberta_full_klu_matern_kappa=3.0_nu=2.0_alpha_0.4,0.5906540777230432,0.8383280670803237,0.838514142578299,False,en,0.7864406779661017
deberta_full_klu_matern_kappa=3.0_nu=2.0_alpha_0.5,0.5905856595511768,0.838279315855117,0.8384655566114828,False,en,0.7864406779661017
deberta_full_klu_matern_kappa=3.0_nu=2.0_alpha_0.6,0.5905856595511768,0.8382799239162801,0.8384661626114216,False,en,0.7864406779661017
deberta_full_klu_matern_kappa=3.0_nu=2.0_alpha_0.7,0.5909961685823755,0.838394114448378,0.8385799660569702,False,en,0.7864406779661017
deberta_full_klu_matern_kappa=3.0_nu=2.0_alpha_0.8,0.5912698412698412,0.8385326079880713,0.8387179901270373,False,en,0.7864406779661017
deberta_full_klu_matern_kappa=3.0_nu=2.0_alpha_0.9,0.5925013683634373,0.838887965192046,0.8390721427303207,False,en,0.7864406779661017
deberta_full_klu_matern_kappa=3.0_nu=2.0_alpha_1.0,0.5,0.7646167252782636,0.7650526697315003,False,en,0.7864406779661017
deberta_full_klu_maternn_kappa=3.0_nu=2.0_alpha_0.0,0.5902435686918446,0.8382760859515084,0.8384623376567,False,en,0.7864406779661017
deberta_full_klu_maternn_kappa=3.0_nu=2.0_alpha_0.1,0.5913382594417077,0.8386052024531115,0.8387903385091452,False,en,0.7864406779661017
deberta_full_klu_maternn_kappa=3.0_nu=2.0_alpha_0.2,0.5916119321291735,0.8386383080899975,0.8388233319235333,False,en,0.7864406779661017
deberta_full_klu_maternn_kappa=3.0_nu=2.0_alpha_0.3,0.5921592775041051,0.8387812819851967,0.8389658211614607,False,en,0.7864406779661017
deberta_full_klu_maternn_kappa=3.0_nu=2.0_alpha_0.4,0.5927066228790366,0.8390224939974189,0.8392062155058447,False,en,0.7864406779661017
deberta_full_klu_maternn_kappa=3.0_nu=2.0_alpha_0.5,0.5931171319102353,0.839054712943596,0.8392383252352551,False,en,0.7864406779661017
deberta_full_klu_maternn_kappa=3.0_nu=2.0_alpha_0.6,0.5939381499726328,0.8393307989027221,0.839513475309774,False,en,0.7864406779661017
deberta_full_klu_maternn_kappa=3.0_nu=2.0_alpha_0.7,0.5945539135194308,0.839437075835957,0.8396193919822181,False,en,0.7864406779661017
deberta_full_klu_maternn_kappa=3.0_nu=2.0_alpha_0.8,0.5954433497536945,0.8395968534389826,0.8397786279662506,False,en,0.7864406779661017
deberta_full_klu_maternn_kappa=3.0_nu=2.0_alpha_0.9,0.5956486042692939,0.8396052906556407,0.8397870365821742,False,en,0.7864406779661017
deberta_full_klu_maternn_kappa=3.0_nu=2.0_alpha_1.0,0.5,0.7646167252782636,0.7650526697315003,False,en,0.7864406779661017
deberta_full_klu_matern_kappa=3.0_nu=3.0_alpha_0.0,0.5902435686918446,0.8382760859515084,0.8384623376567,False,en,0.7864406779661017
deberta_full_klu_matern_kappa=3.0_nu=3.0_alpha_0.1,0.590927750410509,0.8384720046375131,0.8386575922115657,False,en,0.7864406779661017
deberta_full_klu_matern_kappa=3.0_nu=3.0_alpha_0.2,0.5905856595511768,0.838316088965644,0.8385022050673979,False,en,0.7864406779661017
deberta_full_klu_matern_kappa=3.0_nu=3.0_alpha_0.3,0.5907224958949097,0.8383844640610925,0.8385703483828618,False,en,0.7864406779661017
deberta_full_klu_matern_kappa=3.0_nu=3.0_alpha_0.4,0.5908593322386426,0.838386182156037,0.8385720606537558,False,en,0.7864406779661017
deberta_full_klu_matern_kappa=3.0_nu=3.0_alpha_0.5,0.590311986863711,0.8381941049572115,0.8383806345640786,False,en,0.7864406779661017
deberta_full_klu_matern_kappa=3.0_nu=3.0_alpha_0.6,0.5899014778325122,0.8380594808647983,0.8382464668245211,False,en,0.7864406779661017
deberta_full_klu_matern_kappa=3.0_nu=3.0_alpha_0.7,0.5903119868637109,0.8382447836753582,0.8384311414899603,False,en,0.7864406779661017
deberta_full_klu_matern_kappa=3.0_nu=3.0_alpha_0.8,0.5905172413793104,0.8382616027819592,0.8384479035826409,False,en,0.7864406779661017
deberta_full_klu_matern_kappa=3.0_nu=3.0_alpha_0.9,0.5912698412698413,0.8384970960959433,0.8386825986142045,False,en,0.7864406779661017
deberta_full_klu_matern_kappa=3.0_nu=3.0_alpha_1.0,0.5,0.7646167252782636,0.7650526697315003,False,en,0.7864406779661017
deberta_full_klu_maternn_kappa=3.0_nu=3.0_alpha_0.0,0.5902435686918446,0.8382760859515084,0.8384623376567,False,en,0.7864406779661017
deberta_full_klu_maternn_kappa=3.0_nu=3.0_alpha_0.1,0.591064586754242,0.8384975632765164,0.8386830642111146,False,en,0.7864406779661017
deberta_full_klu_maternn_kappa=3.0_nu=3.0_alpha_0.2,0.5917487684729064,0.8387446232943699,0.8389292867373824,False,en,0.7864406779661017
deberta_full_klu_maternn_kappa=3.0_nu=3.0_alpha_0.3,0.5922276956759714,0.8388685964762925,0.8390528396712307,False,en,0.7864406779661017
deberta_full_klu_maternn_kappa=3.0_nu=3.0_alpha_0.4,0.5924329501915708,0.8389431608386165,0.8391271512730044,False,en,0.7864406779661017
deberta_full_klu_maternn_kappa=3.0_nu=3.0_alpha_0.5,0.5928434592227695,0.8390288885398917,0.8392125883719024,False,en,0.7864406779661017
deberta_full_klu_maternn_kappa=3.0_nu=3.0_alpha_0.6,0.5933908045977012,0.83921997798684,0.8394030300580135,False,en,0.7864406779661017
deberta_full_klu_maternn_kappa=3.0_nu=3.0_alpha_0.7,0.5941434044882321,0.8393934151006957,0.8395758792494493,False,en,0.7864406779661017
deberta_full_klu_maternn_kappa=3.0_nu=3.0_alpha_0.8,0.5951696770662287,0.8396214418972026,0.8398031330737646,False,en,0.7864406779661017
deberta_full_klu_maternn_kappa=3.0_nu=3.0_alpha_0.9,0.5956486042692939,0.8395995985530229,0.8397813637748197,False,en,0.7864406779661017
deberta_full_klu_maternn_kappa=3.0_nu=3.0_alpha_1.0,0.5,0.7646167252782636,0.7650526697315003,False,en,0.7864406779661017
