method,auroc,auarc,prr,is_blackbox,language,accuracy
heat_t=0.1_kernel_entropy_s,0.5846681323283083,0.7443925470674682,0.7447074473675556,True,fr,0.6745762711864407
heat_t=0.1_kernel_entropy,0.5846681323283083,0.7443925470674682,0.7447074473675556,True,fr,0.6745762711864407
heatn_t=0.1_kernel_entropy_s,0.4545644891122278,0.6231389299039589,0.6221699441605327,True,fr,0.6745762711864407
heatn_t=0.1_kernel_entropy,0.4545644891122278,0.6231389299039589,0.6221699441605327,True,fr,0.6745762711864407
heat_t=0.2_kernel_entropy_s,0.5836735762144053,0.7432108979154763,0.7435298038059094,True,fr,0.6745762711864407
heat_t=0.2_kernel_entropy,0.5836735762144053,0.7432108979154763,0.7435298038059094,True,fr,0.6745762711864407
heatn_t=0.2_kernel_entropy_s,0.4565797738693467,0.6237162551841562,0.6227453124058817,True,fr,0.6745762711864407
heatn_t=0.2_kernel_entropy,0.4565797738693467,0.6237162551841562,0.6227453124058817,True,fr,0.6745762711864407
heat_t=0.3_kernel_entropy_s,0.5856103433835846,0.7446386770376359,0.7449527429988413,True,fr,0.6745762711864407
heat_t=0.3_kernel_entropy,0.5855579983249581,0.7446726906430781,0.744986641303926,True,fr,0.6745762711864407
heatn_t=0.3_kernel_entropy_s,0.459301716917923,0.6251785407852899,0.6242026411066727,True,fr,0.6745762711864407
heatn_t=0.3_kernel_entropy,0.459301716917923,0.6251785407852899,0.6242026411066727,True,fr,0.6745762711864407
heat_t=0.4_kernel_entropy_s,0.5875994556113903,0.7447806346694976,0.7450942194183916,True,fr,0.6745762711864407
heat_t=0.4_kernel_entropy,0.58767797319933,0.7453429409870771,0.7456546196128605,True,fr,0.6745762711864407
heatn_t=0.4_kernel_entropy_s,0.45948492462311563,0.6241845409584772,0.6232120107707982,True,fr,0.6745762711864407
heatn_t=0.4_kernel_entropy,0.45948492462311563,0.6241845409584772,0.6232120107707982,True,fr,0.6745762711864407
heat_t=0.5_kernel_entropy_s,0.5886463567839196,0.7461822636008681,0.7464910970652491,True,fr,0.6745762711864407
heat_t=0.5_kernel_entropy,0.5886201842546064,0.7461822636008681,0.7464910970652491,True,fr,0.6745762711864407
heatn_t=0.5_kernel_entropy_s,0.45995603015075376,0.6229660695751432,0.6219976697989332,True,fr,0.6745762711864407
heatn_t=0.5_kernel_entropy,0.45995603015075376,0.6229660695751432,0.6219976697989332,True,fr,0.6745762711864407
heat_t=0.6_kernel_entropy_s,0.5908448492462312,0.7484945381898136,0.748795533435249,True,fr,0.6745762711864407
heat_t=0.6_kernel_entropy,0.5908448492462312,0.7484945381898136,0.748795533435249,True,fr,0.6745762711864407
heatn_t=0.6_kernel_entropy_s,0.4608982412060301,0.6224455714711706,0.6214789360953131,True,fr,0.6745762711864407
heatn_t=0.6_kernel_entropy,0.4608982412060301,0.6224455714711706,0.6214789360953131,True,fr,0.6745762711864407
heat_t=0.7_kernel_entropy_s,0.5913421273031826,0.7485689697900989,0.7488697127250248,True,fr,0.6745762711864407
heat_t=0.7_kernel_entropy,0.5913421273031826,0.7485689697900989,0.7488697127250248,True,fr,0.6745762711864407
heatn_t=0.7_kernel_entropy_s,0.4676769262981575,0.6254061076678841,0.6244294365761055,True,fr,0.6745762711864407
heatn_t=0.7_kernel_entropy,0.4676769262981575,0.6254061076678841,0.6244294365761055,True,fr,0.6745762711864407
matern_kappa=1.0_nu=1.0_kernel_entropy_s,0.6075952680067002,0.7580528055727864,0.7583213999118388,True,fr,0.6745762711864407
matern_kappa=1.0_nu=1.0_kernel_entropy,0.6075952680067002,0.7580528055727864,0.7583213999118388,True,fr,0.6745762711864407
maternn_kappa=1.0_nu=1.0_kernel_entropy_s,0.47029417922948075,0.6291977431970811,0.6282082191035087,True,fr,0.6745762711864407
maternn_kappa=1.0_nu=1.0_kernel_entropy,0.47029417922948075,0.6291977431970811,0.6282082191035087,True,fr,0.6745762711864407
matern_kappa=1.0_nu=2.0_kernel_entropy_s,0.5961055276381909,0.7512228121766056,0.751514559035645,True,fr,0.6745762711864407
matern_kappa=1.0_nu=2.0_kernel_entropy,0.5960270100502513,0.7505405154483906,0.750834575177695,True,fr,0.6745762711864407
maternn_kappa=1.0_nu=2.0_kernel_entropy_s,0.46244242043551087,0.6242896624167138,0.6233167758851088,True,fr,0.6745762711864407
maternn_kappa=1.0_nu=2.0_kernel_entropy,0.46244242043551087,0.6242896624167138,0.6233167758851088,True,fr,0.6745762711864407
matern_kappa=1.0_nu=3.0_kernel_entropy_s,0.594090242881072,0.7499821478746769,0.7502781003754176,True,fr,0.6745762711864407
matern_kappa=1.0_nu=3.0_kernel_entropy,0.5942996231155779,0.7500889090280677,0.7503844996265937,True,fr,0.6745762711864407
maternn_kappa=1.0_nu=3.0_kernel_entropy_s,0.4622068676716918,0.6236628106067255,0.6226920489965102,True,fr,0.6745762711864407
maternn_kappa=1.0_nu=3.0_kernel_entropy,0.4622068676716918,0.6236628106067255,0.6226920489965102,True,fr,0.6745762711864407
matern_kappa=2.0_nu=1.0_kernel_entropy_s,0.6027795226130653,0.7549632928014265,0.7552423600651275,True,fr,0.6745762711864407
matern_kappa=2.0_nu=1.0_kernel_entropy,0.6030150753768844,0.755246885431958,0.755524991364708,True,fr,0.6745762711864407
maternn_kappa=2.0_nu=1.0_kernel_entropy_s,0.5246283500837521,0.6829553879059775,0.6817836345083073,True,fr,0.6745762711864407
maternn_kappa=2.0_nu=1.0_kernel_entropy,0.5246283500837521,0.6829553879059775,0.6817836345083073,True,fr,0.6745762711864407
matern_kappa=2.0_nu=2.0_kernel_entropy_s,0.5911850921273032,0.7453596268459881,0.745671248909538,True,fr,0.6745762711864407
matern_kappa=2.0_nu=2.0_kernel_entropy,0.5911850921273032,0.7453596268459881,0.745671248909538,True,fr,0.6745762711864407
maternn_kappa=2.0_nu=2.0_kernel_entropy_s,0.532925041876047,0.6953172346918383,0.6941035767287922,True,fr,0.6745762711864407
maternn_kappa=2.0_nu=2.0_kernel_entropy,0.532925041876047,0.6953172346918383,0.6941035767287922,True,fr,0.6745762711864407
matern_kappa=2.0_nu=3.0_kernel_entropy_s,0.5900858458961474,0.743667772807258,0.7439851299692445,True,fr,0.6745762711864407
matern_kappa=2.0_nu=3.0_kernel_entropy,0.5900073283082077,0.7437170686545851,0.7440342587120042,True,fr,0.6745762711864407
maternn_kappa=2.0_nu=3.0_kernel_entropy_s,0.5394943467336684,0.6993585180486768,0.6981311608200143,True,fr,0.6745762711864407
maternn_kappa=2.0_nu=3.0_kernel_entropy,0.5394420016750419,0.6993585180486768,0.6981311608200143,True,fr,0.6745762711864407
matern_kappa=3.0_nu=1.0_kernel_entropy_s,0.5959223199329983,0.748492834944813,0.7487938359639602,True,fr,0.6745762711864407
matern_kappa=3.0_nu=1.0_kernel_entropy,0.595896147403685,0.748492834944813,0.7487938359639602,True,fr,0.6745762711864407
maternn_kappa=3.0_nu=1.0_kernel_entropy_s,0.5782296901172529,0.7353673332135373,0.7357128274588921,True,fr,0.6745762711864407
maternn_kappa=3.0_nu=1.0_kernel_entropy,0.5783082077051926,0.7354645208203514,0.7358096856161915,True,fr,0.6745762711864407
matern_kappa=3.0_nu=2.0_kernel_entropy_s,0.5787531407035176,0.7355170553655728,0.7358620420782088,True,fr,0.6745762711864407
matern_kappa=3.0_nu=2.0_kernel_entropy,0.5787531407035176,0.7355170553655728,0.7358620420782088,True,fr,0.6745762711864407
maternn_kappa=3.0_nu=2.0_kernel_entropy_s,0.6217807788944724,0.7598656143040834,0.7601280635287924,True,fr,0.6745762711864407
maternn_kappa=3.0_nu=2.0_kernel_entropy,0.6217022613065327,0.7598231870185621,0.7600857800645778,True,fr,0.6745762711864407
matern_kappa=3.0_nu=3.0_kernel_entropy_s,0.571712730318258,0.7305109706113626,0.7308729271028265,True,fr,0.6745762711864407
matern_kappa=3.0_nu=3.0_kernel_entropy,0.571712730318258,0.7305109706113626,0.7308729271028265,True,fr,0.6745762711864407
maternn_kappa=3.0_nu=3.0_kernel_entropy_s,0.6291876046901173,0.7720812096190418,0.7723022500460729,True,fr,0.6745762711864407
maternn_kappa=3.0_nu=3.0_kernel_entropy,0.6291876046901173,0.7720812096190418,0.7723022500460729,True,fr,0.6745762711864407
weighted_heat_t=0.1_kernel_entropy_s,0.6318833752093802,0.765812849490213,0.766055138595647,True,fr,0.6745762711864407
weighted_heat_t=0.1_kernel_entropy,0.6318833752093802,0.765812849490213,0.766055138595647,True,fr,0.6745762711864407
weighted_heatn_t=0.1_kernel_entropy_s,0.4506124371859297,0.6295516010744127,0.6285608774626119,True,fr,0.6745762711864407
weighted_heatn_t=0.1_kernel_entropy,0.4506124371859297,0.6295516010744127,0.6285608774626119,True,fr,0.6745762711864407
weighted_heat_t=0.2_kernel_entropy_s,0.6248691373534337,0.762362856091092,0.7626168400894042,True,fr,0.6745762711864407
weighted_heat_t=0.2_kernel_entropy,0.6248691373534337,0.762362856091092,0.7626168400894042,True,fr,0.6745762711864407
weighted_heatn_t=0.2_kernel_entropy_s,0.4507171273031826,0.6298890446121657,0.628897177123966,True,fr,0.6745762711864407
weighted_heatn_t=0.2_kernel_entropy,0.4507171273031826,0.6298890446121657,0.628897177123966,True,fr,0.6745762711864407
weighted_heat_t=0.3_kernel_entropy_s,0.6172791038525963,0.7605805661141585,0.7608405917734096,True,fr,0.6745762711864407
weighted_heat_t=0.3_kernel_entropy,0.6172791038525963,0.7605805661141585,0.7608405917734096,True,fr,0.6745762711864407
weighted_heatn_t=0.3_kernel_entropy_s,0.4517378559463987,0.6308820546847408,0.6298868210607017,True,fr,0.6745762711864407
weighted_heatn_t=0.3_kernel_entropy,0.4517378559463987,0.6308820546847408,0.6298868210607017,True,fr,0.6745762711864407
weighted_heat_t=0.4_kernel_entropy_s,0.6039311139028476,0.7532238656057103,0.7535088292327866,True,fr,0.6745762711864407
weighted_heat_t=0.4_kernel_entropy,0.6039311139028476,0.7532238656057103,0.7535088292327866,True,fr,0.6745762711864407
weighted_heatn_t=0.4_kernel_entropy_s,0.4526538944723618,0.632024314753136,0.6310252090610685,True,fr,0.6745762711864407
weighted_heatn_t=0.4_kernel_entropy,0.4526538944723618,0.632024314753136,0.6310252090610685,True,fr,0.6745762711864407
weighted_heat_t=0.5_kernel_entropy_s,0.5959223199329984,0.7513267044625255,0.7516180991443243,True,fr,0.6745762711864407
weighted_heat_t=0.5_kernel_entropy,0.5959223199329984,0.7513267044625255,0.7516180991443243,True,fr,0.6745762711864407
weighted_heatn_t=0.5_kernel_entropy_s,0.453125,0.6327642339924198,0.6317626200995411,True,fr,0.6745762711864407
weighted_heatn_t=0.5_kernel_entropy,0.453125,0.6327642339924198,0.6317626200995411,True,fr,0.6745762711864407
weighted_heat_t=0.6_kernel_entropy_s,0.5923105108877722,0.7515670026450725,0.7518575827567611,True,fr,0.6745762711864407
weighted_heat_t=0.6_kernel_entropy,0.5923105108877722,0.7515670026450725,0.7518575827567611,True,fr,0.6745762711864407
weighted_heatn_t=0.6_kernel_entropy_s,0.45367462311557794,0.6330078606653273,0.6320054209193202,True,fr,0.6745762711864407
weighted_heatn_t=0.6_kernel_entropy,0.45367462311557794,0.6330078606653273,0.6320054209193202,True,fr,0.6745762711864407
weighted_heat_t=0.7_kernel_entropy_s,0.584301716917923,0.7481083850249851,0.7484106892641995,True,fr,0.6745762711864407
weighted_heat_t=0.7_kernel_entropy,0.584301716917923,0.7481083850249851,0.7484106892641995,True,fr,0.6745762711864407
weighted_heatn_t=0.7_kernel_entropy_s,0.4551141122278056,0.6358524125765197,0.634840330281661,True,fr,0.6745762711864407
weighted_heatn_t=0.7_kernel_entropy,0.4551141122278056,0.6358524125765197,0.634840330281661,True,fr,0.6745762711864407
weighted_matern_kappa=1.0_nu=1.0_kernel_entropy_s,0.6210479480737019,0.7601236867838106,0.7603852611865544,True,fr,0.6745762711864407
weighted_matern_kappa=1.0_nu=1.0_kernel_entropy,0.621047948073702,0.7601236867838106,0.7603852611865544,True,fr,0.6745762711864407
weighted_maternn_kappa=1.0_nu=1.0_kernel_entropy_s,0.45503559463986604,0.635345200681612,0.634334837749109,True,fr,0.6745762711864407
weighted_maternn_kappa=1.0_nu=1.0_kernel_entropy,0.45503559463986604,0.635345200681612,0.634334837749109,True,fr,0.6745762711864407
weighted_matern_kappa=1.0_nu=2.0_kernel_entropy_s,0.6172267587939698,0.7588125638377669,0.7590785827250734,True,fr,0.6745762711864407
weighted_matern_kappa=1.0_nu=2.0_kernel_entropy,0.6172267587939698,0.7588125638377669,0.7590785827250734,True,fr,0.6745762711864407
weighted_maternn_kappa=1.0_nu=2.0_kernel_entropy_s,0.4542504187604691,0.6346479113696479,0.6336399121297277,True,fr,0.6745762711864407
weighted_maternn_kappa=1.0_nu=2.0_kernel_entropy,0.4542504187604691,0.6346479113696479,0.6336399121297277,True,fr,0.6745762711864407
weighted_matern_kappa=1.0_nu=3.0_kernel_entropy_s,0.6134579145728642,0.7573042554858551,0.7575753872828292,True,fr,0.6745762711864407
weighted_matern_kappa=1.0_nu=3.0_kernel_entropy,0.6134579145728642,0.7573042554858551,0.7575753872828292,True,fr,0.6745762711864407
weighted_maternn_kappa=1.0_nu=3.0_kernel_entropy_s,0.4537269681742043,0.6332243006293856,0.632221127188585,True,fr,0.6745762711864407
weighted_maternn_kappa=1.0_nu=3.0_kernel_entropy,0.4537269681742043,0.6332243006293856,0.632221127188585,True,fr,0.6745762711864407
weighted_matern_kappa=2.0_nu=1.0_kernel_entropy_s,0.6064436767169179,0.7538092975786306,0.7540922766905445,True,fr,0.6745762711864407
weighted_matern_kappa=2.0_nu=1.0_kernel_entropy,0.6064436767169179,0.7538092975786306,0.7540922766905445,True,fr,0.6745762711864407
weighted_maternn_kappa=2.0_nu=1.0_kernel_entropy_s,0.4869660804020101,0.6504509394735776,0.6493893706468644,True,fr,0.6745762711864407
weighted_maternn_kappa=2.0_nu=1.0_kernel_entropy,0.4869660804020101,0.6504509394735776,0.6493893706468644,True,fr,0.6745762711864407
weighted_matern_kappa=2.0_nu=2.0_kernel_entropy_s,0.588908082077052,0.7473414758462796,0.7476463797776253,True,fr,0.6745762711864407
weighted_matern_kappa=2.0_nu=2.0_kernel_entropy,0.588908082077052,0.7473414758462796,0.7476463797776253,True,fr,0.6745762711864407
weighted_maternn_kappa=2.0_nu=2.0_kernel_entropy_s,0.501360971524288,0.6564934085647012,0.6554113567919164,True,fr,0.6745762711864407
weighted_maternn_kappa=2.0_nu=2.0_kernel_entropy,0.501360971524288,0.6564934085647012,0.6554113567919164,True,fr,0.6745762711864407
weighted_matern_kappa=2.0_nu=3.0_kernel_entropy_s,0.5784390703517588,0.745191683218093,0.7455038745820766,True,fr,0.6745762711864407
weighted_matern_kappa=2.0_nu=3.0_kernel_entropy,0.5784390703517588,0.745191683218093,0.7455038745820766,True,fr,0.6745762711864407
weighted_maternn_kappa=2.0_nu=3.0_kernel_entropy_s,0.504501675041876,0.6593460058411096,0.6582542842470489,True,fr,0.6745762711864407
weighted_maternn_kappa=2.0_nu=3.0_kernel_entropy,0.504501675041876,0.6593460058411096,0.6582542842470489,True,fr,0.6745762711864407
weighted_matern_kappa=3.0_nu=1.0_kernel_entropy_s,0.5968121859296482,0.7495669553901065,0.7498643153229986,True,fr,0.6745762711864407
weighted_matern_kappa=3.0_nu=1.0_kernel_entropy,0.5968121859296482,0.7495669553901065,0.7498643153229986,True,fr,0.6745762711864407
weighted_maternn_kappa=3.0_nu=1.0_kernel_entropy_s,0.572393216080402,0.7054277446714052,0.7041798137931742,True,fr,0.6745762711864407
weighted_maternn_kappa=3.0_nu=1.0_kernel_entropy,0.572393216080402,0.7054277446714052,0.7041798137931742,True,fr,0.6745762711864407
weighted_matern_kappa=3.0_nu=2.0_kernel_entropy_s,0.5772874790619765,0.744661542845908,0.744975531295899,True,fr,0.6745762711864407
weighted_matern_kappa=3.0_nu=2.0_kernel_entropy,0.5772874790619765,0.744661542845908,0.744975531295899,True,fr,0.6745762711864407
weighted_maternn_kappa=3.0_nu=2.0_kernel_entropy_s,0.5654051507537688,0.7118911406489001,0.7106212999537962,True,fr,0.6745762711864407
weighted_maternn_kappa=3.0_nu=2.0_kernel_entropy,0.5654051507537688,0.7118911406489001,0.7106212999537962,True,fr,0.6745762711864407
weighted_matern_kappa=3.0_nu=3.0_kernel_entropy_s,0.5703255862646566,0.7426280196439973,0.7429489013929778,True,fr,0.6745762711864407
weighted_matern_kappa=3.0_nu=3.0_kernel_entropy,0.5703255862646566,0.7426280196439973,0.7429489013929778,True,fr,0.6745762711864407
weighted_maternn_kappa=3.0_nu=3.0_kernel_entropy_s,0.5558783500837521,0.7199414234317273,0.7186442936424442,True,fr,0.6745762711864407
weighted_maternn_kappa=3.0_nu=3.0_kernel_entropy,0.5558783500837521,0.7199414234317273,0.7186442936424442,True,fr,0.6745762711864407
weighted_deberta_heat_t=0.1_kernel_entropy_s,0.6427973199329984,0.7652592982952868,0.7655034638454492,True,fr,0.6745762711864407
weighted_deberta_heat_t=0.1_kernel_entropy,0.6427973199329984,0.7652592982952868,0.7655034638454492,True,fr,0.6745762711864407
weighted_deberta_heatn_t=0.1_kernel_entropy_s,0.41028056951423786,0.606160201506029,0.6052487707741211,True,fr,0.6745762711864407
weighted_deberta_heatn_t=0.1_kernel_entropy,0.41028056951423786,0.606160201506029,0.6052487707741211,True,fr,0.6745762711864407
weighted_deberta_heat_t=0.2_kernel_entropy_s,0.6424832495812396,0.766884251335709,0.7671229085704803,True,fr,0.6745762711864407
weighted_deberta_heat_t=0.2_kernel_entropy,0.6424832495812396,0.766884251335709,0.7671229085704803,True,fr,0.6745762711864407
weighted_deberta_heatn_t=0.2_kernel_entropy_s,0.413892378559464,0.6091634585842682,0.608241847319892,True,fr,0.6745762711864407
weighted_deberta_heatn_t=0.2_kernel_entropy,0.413892378559464,0.6091634585842682,0.608241847319892,True,fr,0.6745762711864407
weighted_deberta_heat_t=0.3_kernel_entropy_s,0.6418551088777219,0.7694285024182003,0.7696585350730307,True,fr,0.6745762711864407
weighted_deberta_heat_t=0.3_kernel_entropy,0.6418551088777219,0.7694285024182003,0.7696585350730307,True,fr,0.6745762711864407
weighted_deberta_heatn_t=0.3_kernel_entropy_s,0.41619556113902845,0.6098758636527534,0.6089518374559413,True,fr,0.6745762711864407
weighted_deberta_heatn_t=0.3_kernel_entropy,0.41619556113902845,0.6098758636527534,0.6089518374559413,True,fr,0.6745762711864407
weighted_deberta_heat_t=0.4_kernel_entropy_s,0.6437918760469011,0.7735524992746561,0.7737685522791259,True,fr,0.6745762711864407
weighted_deberta_heat_t=0.4_kernel_entropy,0.6437918760469011,0.7735524992746561,0.7737685522791259,True,fr,0.6745762711864407
weighted_deberta_heatn_t=0.4_kernel_entropy_s,0.42001675041876047,0.6133597946847573,0.6124239585522436,True,fr,0.6745762711864407
weighted_deberta_heatn_t=0.4_kernel_entropy,0.42001675041876047,0.6133597946847573,0.6124239585522436,True,fr,0.6745762711864407
weighted_deberta_heat_t=0.5_kernel_entropy_s,0.6448911222780569,0.7766719005533527,0.7768773793161996,True,fr,0.6745762711864407
weighted_deberta_heat_t=0.5_kernel_entropy,0.6448911222780569,0.7766719005533527,0.7768773793161996,True,fr,0.6745762711864407
weighted_deberta_heatn_t=0.5_kernel_entropy_s,0.4228433835845896,0.6153050813839245,0.6143626510592102,True,fr,0.6745762711864407
weighted_deberta_heatn_t=0.5_kernel_entropy,0.4228433835845896,0.6153050813839245,0.6143626510592102,True,fr,0.6745762711864407
weighted_deberta_heat_t=0.6_kernel_entropy_s,0.6433731155778895,0.7745475189401334,0.7747601989965844,True,fr,0.6745762711864407
weighted_deberta_heat_t=0.6_kernel_entropy,0.6433731155778895,0.7745475189401334,0.7747601989965844,True,fr,0.6745762711864407
weighted_deberta_heatn_t=0.6_kernel_entropy_s,0.42572236180904527,0.617540875496089,0.6165908662082826,True,fr,0.6745762711864407
weighted_deberta_heatn_t=0.6_kernel_entropy,0.42572236180904527,0.617540875496089,0.6165908662082826,True,fr,0.6745762711864407
weighted_deberta_heat_t=0.7_kernel_entropy_s,0.6438442211055276,0.7743519803980322,0.7745653232969989,True,fr,0.6745762711864407
weighted_deberta_heat_t=0.7_kernel_entropy,0.6438442211055276,0.7743519803980322,0.7745653232969989,True,fr,0.6745762711864407
weighted_deberta_heatn_t=0.7_kernel_entropy_s,0.42881072026800676,0.6208502926862385,0.6198890650350757,True,fr,0.6745762711864407
weighted_deberta_heatn_t=0.7_kernel_entropy,0.42881072026800676,0.6208502926862385,0.6198890650350757,True,fr,0.6745762711864407
weighted_deberta_matern_kappa=1.0_nu=1.0_kernel_entropy_s,0.6398659966499163,0.7667619405814936,0.767001012428991,True,fr,0.6745762711864407
weighted_deberta_matern_kappa=1.0_nu=1.0_kernel_entropy,0.6398659966499163,0.7667619405814936,0.767001012428991,True,fr,0.6745762711864407
weighted_deberta_maternn_kappa=1.0_nu=1.0_kernel_entropy_s,0.43127093802345057,0.622660904009677,0.621693538693011,True,fr,0.6745762711864407
weighted_deberta_maternn_kappa=1.0_nu=1.0_kernel_entropy,0.43127093802345057,0.622660904009677,0.621693538693011,True,fr,0.6745762711864407
weighted_deberta_matern_kappa=1.0_nu=2.0_kernel_entropy_s,0.640965242881072,0.7682005221264477,0.7684347174263352,True,fr,0.6745762711864407
weighted_deberta_matern_kappa=1.0_nu=2.0_kernel_entropy,0.640965242881072,0.7682005221264477,0.7684347174263352,True,fr,0.6745762711864407
weighted_deberta_maternn_kappa=1.0_nu=2.0_kernel_entropy_s,0.42870603015075387,0.6213794084034538,0.6204163871396903,True,fr,0.6745762711864407
weighted_deberta_maternn_kappa=1.0_nu=2.0_kernel_entropy,0.42870603015075387,0.6213794084034538,0.6204163871396903,True,fr,0.6745762711864407
weighted_deberta_matern_kappa=1.0_nu=3.0_kernel_entropy_s,0.6422215242881073,0.7701636097655615,0.770391150531079,True,fr,0.6745762711864407
weighted_deberta_matern_kappa=1.0_nu=3.0_kernel_entropy,0.6422215242881073,0.7701636097655615,0.770391150531079,True,fr,0.6745762711864407
weighted_deberta_maternn_kappa=1.0_nu=3.0_kernel_entropy_s,0.4269786432160804,0.6193469262747597,0.6183907947809241,True,fr,0.6745762711864407
weighted_deberta_maternn_kappa=1.0_nu=3.0_kernel_entropy,0.4269786432160804,0.6193469262747597,0.6183907947809241,True,fr,0.6745762711864407
weighted_deberta_matern_kappa=2.0_nu=1.0_kernel_entropy_s,0.6423785594639866,0.7749194018893385,0.7751308213256227,True,fr,0.6745762711864407
weighted_deberta_matern_kappa=2.0_nu=1.0_kernel_entropy,0.6423785594639866,0.7749194018893385,0.7751308213256227,True,fr,0.6745762711864407
weighted_deberta_maternn_kappa=2.0_nu=1.0_kernel_entropy_s,0.4758165829145729,0.6475473709723738,0.6464956447507496,True,fr,0.6745762711864407
weighted_deberta_maternn_kappa=2.0_nu=1.0_kernel_entropy,0.4758165829145729,0.6475473709723738,0.6464956447507496,True,fr,0.6745762711864407
weighted_deberta_matern_kappa=2.0_nu=2.0_kernel_entropy_s,0.643791876046901,0.7783449664036691,0.778544773756854,True,fr,0.6745762711864407
weighted_deberta_matern_kappa=2.0_nu=2.0_kernel_entropy,0.643791876046901,0.7783449664036691,0.778544773756854,True,fr,0.6745762711864407
weighted_deberta_maternn_kappa=2.0_nu=2.0_kernel_entropy_s,0.4892692629815746,0.6542342927337828,0.6531598989807639,True,fr,0.6745762711864407
weighted_deberta_maternn_kappa=2.0_nu=2.0_kernel_entropy,0.4892692629815746,0.6542342927337828,0.6531598989807639,True,fr,0.6745762711864407
weighted_deberta_matern_kappa=2.0_nu=3.0_kernel_entropy_s,0.6358354271356783,0.7741637110863924,0.7743776921864156,True,fr,0.6745762711864407
weighted_deberta_matern_kappa=2.0_nu=3.0_kernel_entropy,0.6358354271356783,0.7741637110863924,0.7743776921864156,True,fr,0.6745762711864407
weighted_deberta_maternn_kappa=2.0_nu=3.0_kernel_entropy_s,0.49832495812395305,0.6596258504967853,0.6585331802767732,True,fr,0.6745762711864407
weighted_deberta_maternn_kappa=2.0_nu=3.0_kernel_entropy,0.49832495812395305,0.6596258504967853,0.6585331802767732,True,fr,0.6745762711864407
weighted_deberta_matern_kappa=3.0_nu=1.0_kernel_entropy_s,0.644001256281407,0.7787600720695182,0.7789584722848528,True,fr,0.6745762711864407
weighted_deberta_matern_kappa=3.0_nu=1.0_kernel_entropy,0.644001256281407,0.7787600720695182,0.7789584722848528,True,fr,0.6745762711864407
weighted_deberta_maternn_kappa=3.0_nu=1.0_kernel_entropy_s,0.5692001675041877,0.694674346362272,0.6934628676816991,True,fr,0.6745762711864407
weighted_deberta_maternn_kappa=3.0_nu=1.0_kernel_entropy,0.5692001675041877,0.694674346362272,0.6934628676816991,True,fr,0.6745762711864407
weighted_deberta_matern_kappa=3.0_nu=2.0_kernel_entropy_s,0.6299727805695141,0.7727943744596247,0.7730129973787216,True,fr,0.6745762711864407
weighted_deberta_matern_kappa=3.0_nu=2.0_kernel_entropy,0.6299727805695141,0.7727943744596247,0.7730129973787216,True,fr,0.6745762711864407
weighted_deberta_maternn_kappa=3.0_nu=2.0_kernel_entropy_s,0.5858458961474037,0.722605682834693,0.7212995216576034,True,fr,0.6745762711864407
weighted_deberta_maternn_kappa=3.0_nu=2.0_kernel_entropy,0.5858458961474037,0.722605682834693,0.7212995216576034,True,fr,0.6745762711864407
weighted_deberta_matern_kappa=3.0_nu=3.0_kernel_entropy_s,0.6124371859296482,0.7642792996721095,0.7645267872515032,True,fr,0.6745762711864407
weighted_deberta_matern_kappa=3.0_nu=3.0_kernel_entropy,0.6124371859296482,0.7642792996721095,0.7645267872515032,True,fr,0.6745762711864407
weighted_deberta_maternn_kappa=3.0_nu=3.0_kernel_entropy_s,0.5852701005025125,0.7450845642733451,0.7453971187523956,True,fr,0.6745762711864407
weighted_deberta_maternn_kappa=3.0_nu=3.0_kernel_entropy,0.5852701005025125,0.7450845642733451,0.7453971187523956,True,fr,0.6745762711864407
semantic_kernel_heat_t=0.1_alpha_0.0,0.6253140703517589,0.7668147214690384,0.7670536143982728,False,fr,0.6745762711864407
semantic_kernel_heat_t=0.1_alpha_0.1,0.6301821608040201,0.7695560993284818,0.7697856994514132,False,fr,0.6745762711864407
semantic_kernel_heat_t=0.1_alpha_0.2,0.6308103015075377,0.7692553700232747,0.7694859895675796,False,fr,0.6745762711864407
semantic_kernel_heat_t=0.1_alpha_0.3,0.6329564489112228,0.7702216032106517,0.7704489473882198,False,fr,0.6745762711864407
semantic_kernel_heat_t=0.1_alpha_0.4,0.6352072864321608,0.7707457816985164,0.7709713489998543,False,fr,0.6745762711864407
semantic_kernel_heat_t=0.1_alpha_0.5,0.6410175879396984,0.7716382531625636,0.7718607951369049,False,fr,0.6745762711864407
semantic_kernel_heat_t=0.1_alpha_0.6,0.6440536013400334,0.7764221057141776,0.7766284312391911,False,fr,0.6745762711864407
semantic_kernel_heat_t=0.1_alpha_0.7,0.6445247068676717,0.777643465582964,0.7778456509050328,False,fr,0.6745762711864407
semantic_kernel_heat_t=0.1_alpha_0.8,0.6453622278056952,0.7785168703429188,0.778716094970886,False,fr,0.6745762711864407
semantic_kernel_heat_t=0.1_alpha_0.9,0.6461474036850922,0.778460571834448,0.7786599873048164,False,fr,0.6745762711864407
semantic_kernel_heat_t=0.1_alpha_1.0,0.647141959798995,0.7787640229511532,0.7789624097736688,False,fr,0.6745762711864407
semantic_kernel_heatn_t=0.1_alpha_0.0,0.6253140703517589,0.7668147214690384,0.7670536143982728,False,fr,0.6745762711864407
semantic_kernel_heatn_t=0.1_alpha_0.1,0.6300774706867672,0.7694211498013377,0.7696512073802932,False,fr,0.6745762711864407
semantic_kernel_heatn_t=0.1_alpha_0.2,0.6297634003350084,0.7689922446786048,0.7692237561732307,False,fr,0.6745762711864407
semantic_kernel_heatn_t=0.1_alpha_0.3,0.6309673366834172,0.7693436835009744,0.7695740036775583,False,fr,0.6745762711864407
semantic_kernel_heatn_t=0.1_alpha_0.4,0.6319095477386936,0.77027594724453,0.770503107205034,False,fr,0.6745762711864407
semantic_kernel_heatn_t=0.1_alpha_0.5,0.6317001675041877,0.7695988711893185,0.7698283263228909,False,fr,0.6745762711864407
semantic_kernel_heatn_t=0.1_alpha_0.6,0.6312290619765494,0.7699930508060194,0.7702211697375014,False,fr,0.6745762711864407
semantic_kernel_heatn_t=0.1_alpha_0.7,0.6312290619765494,0.7704328536879332,0.7706594817621883,False,fr,0.6745762711864407
semantic_kernel_heatn_t=0.1_alpha_0.8,0.6311243718592965,0.7697372491465051,0.7699662352022567,False,fr,0.6745762711864407
semantic_kernel_heatn_t=0.1_alpha_0.9,0.6315954773869347,0.7706159784216022,0.7708419857340483,False,fr,0.6745762711864407
semantic_kernel_heatn_t=0.1_alpha_1.0,0.6348932160804021,0.7746363191636634,0.7748486982024076,False,fr,0.6745762711864407
semantic_kernel_heat_t=0.2_alpha_0.0,0.6253140703517589,0.7668147214690384,0.7670536143982728,False,fr,0.6745762711864407
semantic_kernel_heat_t=0.2_alpha_0.1,0.6301821608040201,0.7695214679997628,0.7697511855170288,False,fr,0.6745762711864407
semantic_kernel_heat_t=0.2_alpha_0.2,0.6316478224455612,0.7695886244591795,0.7698181143274304,False,fr,0.6745762711864407
semantic_kernel_heat_t=0.2_alpha_0.3,0.6360448073701842,0.7719033733463969,0.7721250166082504,False,fr,0.6745762711864407
semantic_kernel_heat_t=0.2_alpha_0.4,0.6402324120603017,0.771470254502473,0.7716933659637973,False,fr,0.6745762711864407
semantic_kernel_heat_t=0.2_alpha_0.5,0.6461997487437185,0.7738276564307001,0.7740427766990475,False,fr,0.6745762711864407
semantic_kernel_heat_t=0.2_alpha_0.6,0.6485029313232831,0.7778631265599603,0.7780645672685476,False,fr,0.6745762711864407
semantic_kernel_heat_t=0.2_alpha_0.7,0.6505443886097152,0.7795950797230954,0.779790649404011,False,fr,0.6745762711864407
semantic_kernel_heat_t=0.2_alpha_0.8,0.6528475711892798,0.7811998855267701,0.7813900151880124,False,fr,0.6745762711864407
semantic_kernel_heat_t=0.2_alpha_0.9,0.6549413735343383,0.7828357766929274,0.783020360960386,False,fr,0.6745762711864407
semantic_kernel_heat_t=0.2_alpha_1.0,0.6541300251256281,0.7834189665737499,0.7836015739263583,False,fr,0.6745762711864407
semantic_kernel_heatn_t=0.2_alpha_0.0,0.6253140703517589,0.7668147214690384,0.7670536143982728,False,fr,0.6745762711864407
semantic_kernel_heatn_t=0.2_alpha_0.1,0.6300774706867672,0.7694211498013377,0.7696512073802932,False,fr,0.6745762711864407
semantic_kernel_heatn_t=0.2_alpha_0.2,0.6298157453936348,0.7690296222670029,0.7692610070579391,False,fr,0.6745762711864407
semantic_kernel_heatn_t=0.2_alpha_0.3,0.6309673366834171,0.7693727671127016,0.7696029887007713,False,fr,0.6745762711864407
semantic_kernel_heatn_t=0.2_alpha_0.4,0.6318048576214406,0.7701991213469772,0.7704265417342526,False,fr,0.6745762711864407
semantic_kernel_heatn_t=0.2_alpha_0.5,0.6317001675041877,0.7695631429260769,0.7697927191724061,False,fr,0.6745762711864407
semantic_kernel_heatn_t=0.2_alpha_0.6,0.6313860971524289,0.770119330992701,0.7703470218557537,False,fr,0.6745762711864407
semantic_kernel_heatn_t=0.2_alpha_0.7,0.6314907872696817,0.770193143852175,0.7704205845021446,False,fr,0.6745762711864407
semantic_kernel_heatn_t=0.2_alpha_0.8,0.6317001675041877,0.7699674390776283,0.7701956448285286,False,fr,0.6745762711864407
semantic_kernel_heatn_t=0.2_alpha_0.9,0.6336369346733668,0.7687328127593962,0.7689652036842566,False,fr,0.6745762711864407
semantic_kernel_heatn_t=0.2_alpha_1.0,0.6351025963149078,0.7746872168669859,0.7748994233711426,False,fr,0.6745762711864407
semantic_kernel_heat_t=0.3_alpha_0.0,0.6253140703517589,0.7668147214690384,0.7670536143982728,False,fr,0.6745762711864407
semantic_kernel_heat_t=0.3_alpha_0.1,0.6304438860971525,0.7696538509383621,0.7698831196999041,False,fr,0.6745762711864407
semantic_kernel_heat_t=0.3_alpha_0.2,0.6314907872696818,0.7698960256823129,0.7701244735125193,False,fr,0.6745762711864407
semantic_kernel_heat_t=0.3_alpha_0.3,0.6362541876046901,0.7721388514951377,0.7723596965259787,False,fr,0.6745762711864407
semantic_kernel_heat_t=0.3_alpha_0.4,0.641750418760469,0.7722403894486274,0.7724608902830159,False,fr,0.6745762711864407
semantic_kernel_heat_t=0.3_alpha_0.5,0.6465138190954774,0.7739302766403668,0.7741450490435967,False,fr,0.6745762711864407
semantic_kernel_heat_t=0.3_alpha_0.6,0.6495498324958124,0.7776531532934365,0.7778553057758086,False,fr,0.6745762711864407
semantic_kernel_heat_t=0.3_alpha_0.7,0.6536327470686767,0.7795932646970352,0.7797888405305815,False,fr,0.6745762711864407
semantic_kernel_heat_t=0.3_alpha_0.8,0.6573492462311556,0.7822134104956522,0.7824001044790337,False,fr,0.6745762711864407
semantic_kernel_heat_t=0.3_alpha_0.9,0.6557788944723617,0.7818127006066186,0.7820007529286069,False,fr,0.6745762711864407
semantic_kernel_heat_t=0.3_alpha_1.0,0.6519053601340034,0.7826945185860179,0.782879581694517,False,fr,0.6745762711864407
semantic_kernel_heatn_t=0.3_alpha_0.0,0.6253140703517589,0.7668147214690384,0.7670536143982728,False,fr,0.6745762711864407
semantic_kernel_heatn_t=0.3_alpha_0.1,0.6301298157453936,0.7694360680493387,0.7696660750579621,False,fr,0.6745762711864407
semantic_kernel_heatn_t=0.3_alpha_0.2,0.6298157453936348,0.7690296222670029,0.7692610070579391,False,fr,0.6745762711864407
semantic_kernel_heatn_t=0.3_alpha_0.3,0.6309673366834172,0.7693244009454255,0.7695547864866045,False,fr,0.6745762711864407
semantic_kernel_heatn_t=0.3_alpha_0.4,0.63196189279732,0.7702870969117457,0.7705142190767676,False,fr,0.6745762711864407
semantic_kernel_heatn_t=0.3_alpha_0.5,0.6315431323283082,0.7695761325010432,0.769805664714915,False,fr,0.6745762711864407
semantic_kernel_heatn_t=0.3_alpha_0.6,0.6318048576214406,0.7700697017858198,0.7702975608834721,False,fr,0.6745762711864407
semantic_kernel_heatn_t=0.3_alpha_0.7,0.6320142378559463,0.7704910334931223,0.7707174643476989,False,fr,0.6745762711864407
semantic_kernel_heatn_t=0.3_alpha_0.8,0.6317525125628142,0.7704202655862961,0.7706469363320823,False,fr,0.6745762711864407
semantic_kernel_heatn_t=0.3_alpha_0.9,0.6368299832495812,0.7721049781877547,0.7723259380433664,False,fr,0.6745762711864407
semantic_kernel_heatn_t=0.3_alpha_1.0,0.6359924623115578,0.774935952592717,0.7751473159249219,False,fr,0.6745762711864407
semantic_kernel_heat_t=0.4_alpha_0.0,0.6253140703517589,0.7668147214690384,0.7670536143982728,False,fr,0.6745762711864407
semantic_kernel_heat_t=0.4_alpha_0.1,0.6304438860971524,0.7696994801957691,0.7699285942818621,False,fr,0.6745762711864407
semantic_kernel_heat_t=0.4_alpha_0.2,0.6316478224455611,0.7699968561876573,0.7702249622195405,False,fr,0.6745762711864407
semantic_kernel_heat_t=0.4_alpha_0.3,0.6358354271356784,0.7718316279077451,0.7720535143744756,False,fr,0.6745762711864407
semantic_kernel_heat_t=0.4_alpha_0.4,0.6399183417085427,0.7716821389988083,0.7719045322076029,False,fr,0.6745762711864407
semantic_kernel_heat_t=0.4_alpha_0.5,0.6451528475711893,0.7735133866892443,0.7737295722787493,False,fr,0.6745762711864407
semantic_kernel_heat_t=0.4_alpha_0.6,0.6490787269681741,0.7760895644749921,0.7762970172584437,False,fr,0.6745762711864407
semantic_kernel_heat_t=0.4_alpha_0.7,0.6549937185929648,0.7801003552975647,0.7802942121799229,False,fr,0.6745762711864407
semantic_kernel_heat_t=0.4_alpha_0.8,0.6565117252931323,0.7812459095186437,0.7814358831663542,False,fr,0.6745762711864407
semantic_kernel_heat_t=0.4_alpha_0.9,0.6546273031825796,0.7811639419467158,0.7813541934506021,False,fr,0.6745762711864407
semantic_kernel_heat_t=0.4_alpha_1.0,0.6492619346733668,0.7811563905417633,0.7813466676436327,False,fr,0.6745762711864407
semantic_kernel_heatn_t=0.4_alpha_0.0,0.6253140703517589,0.7668147214690384,0.7670536143982728,False,fr,0.6745762711864407
semantic_kernel_heatn_t=0.4_alpha_0.1,0.6300774706867672,0.7694217766184807,0.7696518320726323,False,fr,0.6745762711864407
semantic_kernel_heatn_t=0.4_alpha_0.2,0.6297110552763819,0.7689852409673625,0.7692167762033825,False,fr,0.6745762711864407
semantic_kernel_heatn_t=0.4_alpha_0.3,0.6311243718592965,0.7694047960394962,0.7696349090549325,False,fr,0.6745762711864407
semantic_kernel_heatn_t=0.4_alpha_0.4,0.6322759631490787,0.7705563586592303,0.770782568072566,False,fr,0.6745762711864407
semantic_kernel_heatn_t=0.4_alpha_0.5,0.6317525125628142,0.7693975416748827,0.7696276792813855,False,fr,0.6745762711864407
semantic_kernel_heatn_t=0.4_alpha_0.6,0.6319095477386935,0.7702212456817581,0.7704485910712884,False,fr,0.6745762711864407
semantic_kernel_heatn_t=0.4_alpha_0.7,0.632537688442211,0.7709284065415106,0.7711533547755842,False,fr,0.6745762711864407
semantic_kernel_heatn_t=0.4_alpha_0.8,0.633322864321608,0.7688147346580956,0.7690468478816044,False,fr,0.6745762711864407
semantic_kernel_heatn_t=0.4_alpha_0.9,0.6389237855946399,0.774521762134802,0.7747345295024575,False,fr,0.6745762711864407
semantic_kernel_heatn_t=0.4_alpha_1.0,0.6359924623115578,0.7749632383224621,0.775174509160668,False,fr,0.6745762711864407
semantic_kernel_heat_t=0.5_alpha_0.0,0.6253140703517589,0.7668147214690384,0.7670536143982728,False,fr,0.6745762711864407
semantic_kernel_heat_t=0.5_alpha_0.1,0.6303391959798995,0.7696780948645959,0.7699072814433371,False,fr,0.6745762711864407
semantic_kernel_heat_t=0.5_alpha_0.2,0.6314907872696818,0.7698872380535686,0.7701157156723472,False,fr,0.6745762711864407
semantic_kernel_heat_t=0.5_alpha_0.3,0.634997906197655,0.7719893389195568,0.7722106907726879,False,fr,0.6745762711864407
semantic_kernel_heat_t=0.5_alpha_0.4,0.6386620603015074,0.7716303302397032,0.7718528990714101,False,fr,0.6745762711864407
semantic_kernel_heat_t=0.5_alpha_0.5,0.6443153266331658,0.7730129800417551,0.7732308619249804,False,fr,0.6745762711864407
semantic_kernel_heat_t=0.5_alpha_0.6,0.6491310720268008,0.7753150190962157,0.7755250974572224,False,fr,0.6745762711864407
semantic_kernel_heat_t=0.5_alpha_0.7,0.6534757118927973,0.7779157540609041,0.778117016371183,False,fr,0.6745762711864407
semantic_kernel_heat_t=0.5_alpha_0.8,0.6565640703517588,0.780915460147691,0.7811065539627605,False,fr,0.6745762711864407
semantic_kernel_heat_t=0.5_alpha_0.9,0.6519577051926297,0.779623810362666,0.7798192826515833,False,fr,0.6745762711864407
semantic_kernel_heat_t=0.5_alpha_1.0,0.6474298576214406,0.7802846411715518,0.7804778733560322,False,fr,0.6745762711864407
semantic_kernel_heatn_t=0.5_alpha_0.0,0.6253140703517589,0.7668147214690384,0.7670536143982728,False,fr,0.6745762711864407
semantic_kernel_heatn_t=0.5_alpha_0.1,0.6301298157453936,0.7694557902239227,0.769685730377717,False,fr,0.6745762711864407
semantic_kernel_heatn_t=0.5_alpha_0.2,0.6297110552763819,0.7689347465427887,0.7691664529463494,False,fr,0.6745762711864407
semantic_kernel_heatn_t=0.5_alpha_0.3,0.6312290619765494,0.7694401643702019,0.7696701574929917,False,fr,0.6745762711864407
semantic_kernel_heatn_t=0.5_alpha_0.4,0.6321189279731994,0.7703822551939239,0.7706090547884978,False,fr,0.6745762711864407
semantic_kernel_heatn_t=0.5_alpha_0.5,0.6319095477386935,0.7694005047322611,0.7696306322945016,False,fr,0.6745762711864407
semantic_kernel_heatn_t=0.5_alpha_0.6,0.6322236180904522,0.7702485492476784,0.7704758020827479,False,fr,0.6745762711864407
semantic_kernel_heatn_t=0.5_alpha_0.7,0.6320142378559463,0.7706987199336536,0.7709244467663978,False,fr,0.6745762711864407
semantic_kernel_heatn_t=0.5_alpha_0.8,0.6354166666666666,0.7702818083912313,0.7705089484834413,False,fr,0.6745762711864407
semantic_kernel_heatn_t=0.5_alpha_0.9,0.639394891122278,0.7748436132000152,0.7750552895471106,False,fr,0.6745762711864407
semantic_kernel_heatn_t=0.5_alpha_1.0,0.6365159128978224,0.7751512614982871,0.7753618949697954,False,fr,0.6745762711864407
semantic_kernel_heat_t=0.6_alpha_0.0,0.6253140703517589,0.7668147214690384,0.7670536143982728,False,fr,0.6745762711864407
semantic_kernel_heat_t=0.6_alpha_0.1,0.630391541038526,0.7697551771110247,0.7699841023940153,False,fr,0.6745762711864407
semantic_kernel_heat_t=0.6_alpha_0.2,0.6317525125628141,0.7700398397814374,0.7702678001062231,False,fr,0.6745762711864407
semantic_kernel_heat_t=0.6_alpha_0.3,0.634893216080402,0.7718596734729686,0.7720814648699863,False,fr,0.6745762711864407
semantic_kernel_heat_t=0.6_alpha_0.4,0.6379815745393637,0.771588349136581,0.7718110602771121,False,fr,0.6745762711864407
semantic_kernel_heat_t=0.6_alpha_0.5,0.6435301507537687,0.7734718222672288,0.7736881487530796,False,fr,0.6745762711864407
semantic_kernel_heat_t=0.6_alpha_0.6,0.6481888609715244,0.7746522775534483,0.774864602495956,False,fr,0.6745762711864407
semantic_kernel_heat_t=0.6_alpha_0.7,0.6519577051926297,0.7765675882288385,0.7767734205927855,False,fr,0.6745762711864407
semantic_kernel_heat_t=0.6_alpha_0.8,0.6533186767169179,0.7775686283154661,0.7777710673231875,False,fr,0.6745762711864407
semantic_kernel_heat_t=0.6_alpha_0.9,0.6486076214405359,0.7780117495579891,0.7782126864598033,False,fr,0.6745762711864407
semantic_kernel_heat_t=0.6_alpha_1.0,0.644550879396985,0.7788595314522594,0.7790575945171441,False,fr,0.6745762711864407
semantic_kernel_heatn_t=0.6_alpha_0.0,0.6253140703517589,0.7668147214690384,0.7670536143982728,False,fr,0.6745762711864407
semantic_kernel_heatn_t=0.6_alpha_0.1,0.6301298157453936,0.7694557902239227,0.769685730377717,False,fr,0.6745762711864407
semantic_kernel_heatn_t=0.6_alpha_0.2,0.6298157453936348,0.7689867029596837,0.7692182332397973,False,fr,0.6745762711864407
semantic_kernel_heatn_t=0.6_alpha_0.3,0.6314907872696817,0.7696669423457501,0.7698961667296398,False,fr,0.6745762711864407
semantic_kernel_heatn_t=0.6_alpha_0.4,0.6320665829145728,0.7701274488235312,0.7703551121685133,False,fr,0.6745762711864407
semantic_kernel_heatn_t=0.6_alpha_0.5,0.6322236180904522,0.769728020098155,0.7699570374388163,False,fr,0.6745762711864407
semantic_kernel_heatn_t=0.6_alpha_0.6,0.6329041038525963,0.770750257060625,0.770975809191244,False,fr,0.6745762711864407
semantic_kernel_heatn_t=0.6_alpha_0.7,0.6328517587939698,0.7704799432663183,0.7707064117148841,False,fr,0.6745762711864407
semantic_kernel_heatn_t=0.6_alpha_0.8,0.6382956448911222,0.7718132906873836,0.7720352393141829,False,fr,0.6745762711864407
semantic_kernel_heatn_t=0.6_alpha_0.9,0.6395519262981574,0.7752788337823756,0.7754890348054632,False,fr,0.6745762711864407
semantic_kernel_heatn_t=0.6_alpha_1.0,0.6367776381909547,0.7752762388139622,0.7754864486335529,False,fr,0.6745762711864407
semantic_kernel_heat_t=0.7_alpha_0.0,0.6253140703517589,0.7668147214690384,0.7670536143982728,False,fr,0.6745762711864407
semantic_kernel_heat_t=0.7_alpha_0.1,0.6303391959798995,0.7697210273408677,0.7699500683857908,False,fr,0.6745762711864407
semantic_kernel_heat_t=0.7_alpha_0.2,0.6317525125628141,0.7701971672950831,0.7704245943062632,False,fr,0.6745762711864407
semantic_kernel_heat_t=0.7_alpha_0.3,0.6343697654941374,0.7719464265809064,0.7721679238995922,False,fr,0.6745762711864407
semantic_kernel_heat_t=0.7_alpha_0.4,0.6381386097152429,0.7726715584914722,0.7728905977358848,False,fr,0.6745762711864407
semantic_kernel_heat_t=0.7_alpha_0.5,0.6430590452261307,0.7744445794119069,0.7746576084159114,False,fr,0.6745762711864407
semantic_kernel_heat_t=0.7_alpha_0.6,0.6483982412060301,0.7750429863133443,0.7752539868193778,False,fr,0.6745762711864407
semantic_kernel_heat_t=0.7_alpha_0.7,0.649968592964824,0.7748034203312528,0.7750152329253612,False,fr,0.6745762711864407
semantic_kernel_heat_t=0.7_alpha_0.8,0.6521147403685092,0.7762731675315832,0.7764799979317921,False,fr,0.6745762711864407
semantic_kernel_heat_t=0.7_alpha_0.9,0.647927135678392,0.776536935099795,0.7767428713726541,False,fr,0.6745762711864407
semantic_kernel_heat_t=0.7_alpha_1.0,0.6433992881072027,0.778859329059324,0.7790573928102864,False,fr,0.6745762711864407
semantic_kernel_heatn_t=0.7_alpha_0.0,0.6253140703517589,0.7668147214690384,0.7670536143982728,False,fr,0.6745762711864407
semantic_kernel_heatn_t=0.7_alpha_0.1,0.6300774706867672,0.7694419071196607,0.7696718943348253,False,fr,0.6745762711864407
semantic_kernel_heatn_t=0.7_alpha_0.2,0.6300251256281407,0.7690835393923959,0.7693147414134156,False,fr,0.6745762711864407
semantic_kernel_heatn_t=0.7_alpha_0.3,0.6313860971524289,0.7695461890774387,0.7697758227944413,False,fr,0.6745762711864407
semantic_kernel_heatn_t=0.7_alpha_0.4,0.6321189279731995,0.7701157745729492,0.7703434774916619,False,fr,0.6745762711864407
semantic_kernel_heatn_t=0.7_alpha_0.5,0.6321189279731992,0.7696441392458424,0.769873440928376,False,fr,0.6745762711864407
semantic_kernel_heatn_t=0.7_alpha_0.6,0.6329041038525964,0.7710728027397802,0.7712972614952156,False,fr,0.6745762711864407
semantic_kernel_heatn_t=0.7_alpha_0.7,0.6334798994974874,0.7685388366943466,0.7687718851651901,False,fr,0.6745762711864407
semantic_kernel_heatn_t=0.7_alpha_0.8,0.638243299832496,0.7725121789134364,0.7727317584276052,False,fr,0.6745762711864407
semantic_kernel_heatn_t=0.7_alpha_0.9,0.639499581239531,0.7753883776886232,0.7755982073764354,False,fr,0.6745762711864407
semantic_kernel_heatn_t=0.7_alpha_1.0,0.6369346733668342,0.7752560963404824,0.7754663744396443,False,fr,0.6745762711864407
semantic_kernel_matern_kappa=1.0_nu=1.0_alpha_0.0,0.6253140703517589,0.7668147214690384,0.7670536143982728,False,fr,0.6745762711864407
semantic_kernel_matern_kappa=1.0_nu=1.0_alpha_0.1,0.6298157453936348,0.7694287342386512,0.7696587661076497,False,fr,0.6745762711864407
semantic_kernel_matern_kappa=1.0_nu=1.0_alpha_0.2,0.6312290619765494,0.7697256648889262,0.7699546902133476,False,fr,0.6745762711864407
semantic_kernel_matern_kappa=1.0_nu=1.0_alpha_0.3,0.6339510050251257,0.770876984338669,0.7711021068852947,False,fr,0.6745762711864407
semantic_kernel_matern_kappa=1.0_nu=1.0_alpha_0.4,0.6370917085427136,0.7719395373768051,0.7721610580487251,False,fr,0.6745762711864407
semantic_kernel_matern_kappa=1.0_nu=1.0_alpha_0.5,0.6421691792294808,0.7721116844172741,0.7723326215399045,False,fr,0.6745762711864407
semantic_kernel_matern_kappa=1.0_nu=1.0_alpha_0.6,0.6467755443886097,0.7763054443909801,0.7765121653781064,False,fr,0.6745762711864407
semantic_kernel_matern_kappa=1.0_nu=1.0_alpha_0.7,0.6485029313232831,0.779270836816054,0.7794675056254681,False,fr,0.6745762711864407
semantic_kernel_matern_kappa=1.0_nu=1.0_alpha_0.8,0.6494451423785595,0.7807762756056014,0.7809678412326782,False,fr,0.6745762711864407
semantic_kernel_matern_kappa=1.0_nu=1.0_alpha_0.9,0.6508061139028476,0.781052076515871,0.7812427072246079,False,fr,0.6745762711864407
semantic_kernel_matern_kappa=1.0_nu=1.0_alpha_1.0,0.6522979480737018,0.7822355045683143,0.7824221236565342,False,fr,0.6745762711864407
semantic_kernel_maternn_kappa=1.0_nu=1.0_alpha_0.0,0.6253140703517589,0.7668147214690384,0.7670536143982728,False,fr,0.6745762711864407
semantic_kernel_maternn_kappa=1.0_nu=1.0_alpha_0.1,0.6301298157453936,0.7694557902239227,0.769685730377717,False,fr,0.6745762711864407
semantic_kernel_maternn_kappa=1.0_nu=1.0_alpha_0.2,0.6297634003350083,0.7690118140966142,0.7692432592542299,False,fr,0.6745762711864407
semantic_kernel_maternn_kappa=1.0_nu=1.0_alpha_0.3,0.6310196817420436,0.7693685744589868,0.7695988102594418,False,fr,0.6745762711864407
semantic_kernel_maternn_kappa=1.0_nu=1.0_alpha_0.4,0.6321189279731995,0.7704053245081962,0.7706320459017049,False,fr,0.6745762711864407
semantic_kernel_maternn_kappa=1.0_nu=1.0_alpha_0.5,0.6319095477386935,0.769484178460035,0.7697140223825205,False,fr,0.6745762711864407
semantic_kernel_maternn_kappa=1.0_nu=1.0_alpha_0.6,0.6321189279731992,0.7703512285638638,0.7705781333334548,False,fr,0.6745762711864407
semantic_kernel_maternn_kappa=1.0_nu=1.0_alpha_0.7,0.632642378559464,0.7711134184381156,0.7713377395132177,False,fr,0.6745762711864407
semantic_kernel_maternn_kappa=1.0_nu=1.0_alpha_0.8,0.6332705192629816,0.7688498651721039,0.7690818593091246,False,fr,0.6745762711864407
semantic_kernel_maternn_kappa=1.0_nu=1.0_alpha_0.9,0.6388714405360135,0.7747960641067215,0.7750079016371842,False,fr,0.6745762711864407
semantic_kernel_maternn_kappa=1.0_nu=1.0_alpha_1.0,0.636123324958124,0.7756481512812285,0.7758571003805911,False,fr,0.6745762711864407
semantic_kernel_matern_kappa=1.0_nu=2.0_alpha_0.0,0.6253140703517589,0.7668147214690384,0.7670536143982728,False,fr,0.6745762711864407
semantic_kernel_matern_kappa=1.0_nu=2.0_alpha_0.1,0.6300774706867672,0.7694606556783714,0.7696905793390997,False,fr,0.6745762711864407
semantic_kernel_matern_kappa=1.0_nu=2.0_alpha_0.2,0.6317001675041877,0.7700425859432671,0.7702705369590297,False,fr,0.6745762711864407
semantic_kernel_matern_kappa=1.0_nu=2.0_alpha_0.3,0.634997906197655,0.7717848624011197,0.7720069073949911,False,fr,0.6745762711864407
semantic_kernel_matern_kappa=1.0_nu=2.0_alpha_0.4,0.6395519262981575,0.7709293772389769,0.7711543221825508,False,fr,0.6745762711864407
semantic_kernel_matern_kappa=1.0_nu=2.0_alpha_0.5,0.6444723618090453,0.7729206040028131,0.7731387990251535,False,fr,0.6745762711864407
semantic_kernel_matern_kappa=1.0_nu=2.0_alpha_0.6,0.6478747906197654,0.7768147553125155,0.7770197498219417,False,fr,0.6745762711864407
semantic_kernel_matern_kappa=1.0_nu=2.0_alpha_0.7,0.6513819095477387,0.7791801870019297,0.7793771630988493,False,fr,0.6745762711864407
semantic_kernel_matern_kappa=1.0_nu=2.0_alpha_0.8,0.6554124790619765,0.7826286413924552,0.7828139278134748,False,fr,0.6745762711864407
semantic_kernel_matern_kappa=1.0_nu=2.0_alpha_0.9,0.6564070351758793,0.7833161943215092,0.7834991500546338,False,fr,0.6745762711864407
semantic_kernel_matern_kappa=1.0_nu=2.0_alpha_1.0,0.6555956867671692,0.7831187097896947,0.7833023349619099,False,fr,0.6745762711864407
semantic_kernel_maternn_kappa=1.0_nu=2.0_alpha_0.0,0.6253140703517589,0.7668147214690384,0.7670536143982728,False,fr,0.6745762711864407
semantic_kernel_maternn_kappa=1.0_nu=2.0_alpha_0.1,0.6301298157453936,0.7694557902239227,0.769685730377717,False,fr,0.6745762711864407
semantic_kernel_maternn_kappa=1.0_nu=2.0_alpha_0.2,0.6297634003350083,0.7690118140966142,0.7692432592542299,False,fr,0.6745762711864407
semantic_kernel_maternn_kappa=1.0_nu=2.0_alpha_0.3,0.6311243718592965,0.7694047960394962,0.7696349090549325,False,fr,0.6745762711864407
semantic_kernel_maternn_kappa=1.0_nu=2.0_alpha_0.4,0.6323283082077052,0.7705205211013466,0.7707468519979292,False,fr,0.6745762711864407
semantic_kernel_maternn_kappa=1.0_nu=2.0_alpha_0.5,0.6318048576214406,0.7694531736011854,0.7696831226248873,False,fr,0.6745762711864407
semantic_kernel_maternn_kappa=1.0_nu=2.0_alpha_0.6,0.6321189279731992,0.7702999187809285,0.7705269974819872,False,fr,0.6745762711864407
semantic_kernel_maternn_kappa=1.0_nu=2.0_alpha_0.7,0.6323283082077052,0.7711071715522437,0.7713315138032302,False,fr,0.6745762711864407
semantic_kernel_maternn_kappa=1.0_nu=2.0_alpha_0.8,0.6348408710217757,0.769804972634989,0.7700337291195931,False,fr,0.6745762711864407
semantic_kernel_maternn_kappa=1.0_nu=2.0_alpha_0.9,0.6389237855946398,0.7744566190713995,0.7746696072629989,False,fr,0.6745762711864407
semantic_kernel_maternn_kappa=1.0_nu=2.0_alpha_1.0,0.636358877721943,0.7753950468564275,0.775604853936891,False,fr,0.6745762711864407
semantic_kernel_matern_kappa=1.0_nu=3.0_alpha_0.0,0.6253140703517589,0.7668147214690384,0.7670536143982728,False,fr,0.6745762711864407
semantic_kernel_matern_kappa=1.0_nu=3.0_alpha_0.1,0.63018216080402,0.7695430822705642,0.7697727265191155,False,fr,0.6745762711864407
semantic_kernel_matern_kappa=1.0_nu=3.0_alpha_0.2,0.6315954773869347,0.769800781782439,0.770029552473323,False,fr,0.6745762711864407
semantic_kernel_matern_kappa=1.0_nu=3.0_alpha_0.3,0.6352596314907873,0.7718380391906484,0.7720599039242164,False,fr,0.6745762711864407
semantic_kernel_matern_kappa=1.0_nu=3.0_alpha_0.4,0.6398659966499163,0.7709281726971121,0.7711531217238785,False,fr,0.6745762711864407
semantic_kernel_matern_kappa=1.0_nu=3.0_alpha_0.5,0.6448387772194305,0.7728106814533793,0.7730292490945314,False,fr,0.6745762711864407
semantic_kernel_matern_kappa=1.0_nu=3.0_alpha_0.6,0.6477701005025126,0.7762759908882649,0.7764828117177732,False,fr,0.6745762711864407
semantic_kernel_matern_kappa=1.0_nu=3.0_alpha_0.7,0.6516436348408711,0.7785072951850849,0.7787065522712142,False,fr,0.6745762711864407
semantic_kernel_matern_kappa=1.0_nu=3.0_alpha_0.8,0.657035175879397,0.7832261901569496,0.7834094509889369,False,fr,0.6745762711864407
semantic_kernel_matern_kappa=1.0_nu=3.0_alpha_0.9,0.6570875209380234,0.7834712207910643,0.7836536510107327,False,fr,0.6745762711864407
semantic_kernel_matern_kappa=1.0_nu=3.0_alpha_1.0,0.6537374371859297,0.7819872580773803,0.7821747186791289,False,fr,0.6745762711864407
semantic_kernel_maternn_kappa=1.0_nu=3.0_alpha_0.0,0.6253140703517589,0.7668147214690384,0.7670536143982728,False,fr,0.6745762711864407
semantic_kernel_maternn_kappa=1.0_nu=3.0_alpha_0.1,0.6301298157453936,0.7694557902239227,0.769685730377717,False,fr,0.6745762711864407
semantic_kernel_maternn_kappa=1.0_nu=3.0_alpha_0.2,0.6297110552763819,0.7689852409673625,0.7692167762033825,False,fr,0.6745762711864407
semantic_kernel_maternn_kappa=1.0_nu=3.0_alpha_0.3,0.6312290619765494,0.7694401643702019,0.7696701574929917,False,fr,0.6745762711864407
semantic_kernel_maternn_kappa=1.0_nu=3.0_alpha_0.4,0.6321189279731992,0.7697778050259727,0.7700066536041666,False,fr,0.6745762711864407
semantic_kernel_maternn_kappa=1.0_nu=3.0_alpha_0.5,0.6317525125628141,0.7691103102244488,0.7693414214968852,False,fr,0.6745762711864407
semantic_kernel_maternn_kappa=1.0_nu=3.0_alpha_0.6,0.6321712730318257,0.7703562481455153,0.7705831358995754,False,fr,0.6745762711864407
semantic_kernel_maternn_kappa=1.0_nu=3.0_alpha_0.7,0.6320142378559463,0.7698332061077201,0.7700618668856369,False,fr,0.6745762711864407
semantic_kernel_maternn_kappa=1.0_nu=3.0_alpha_0.8,0.6346838358458962,0.7693445325226782,0.7695748498212224,False,fr,0.6745762711864407
semantic_kernel_maternn_kappa=1.0_nu=3.0_alpha_0.9,0.6391331658291457,0.7747915168000814,0.7750033697451428,False,fr,0.6745762711864407
semantic_kernel_maternn_kappa=1.0_nu=3.0_alpha_1.0,0.6363065326633166,0.775256651340922,0.7754669275587264,False,fr,0.6745762711864407
semantic_kernel_matern_kappa=2.0_nu=1.0_alpha_0.0,0.6253140703517589,0.7668147214690384,0.7670536143982728,False,fr,0.6745762711864407
semantic_kernel_matern_kappa=2.0_nu=1.0_alpha_0.1,0.6300251256281406,0.7694535468491952,0.7696834946076496,False,fr,0.6745762711864407
semantic_kernel_matern_kappa=2.0_nu=1.0_alpha_0.2,0.6317001675041876,0.7701160223431471,0.7703437244219611,False,fr,0.6745762711864407
semantic_kernel_matern_kappa=2.0_nu=1.0_alpha_0.3,0.6333752093802344,0.7706187871123311,0.7708447849037917,False,fr,0.6745762711864407
semantic_kernel_matern_kappa=2.0_nu=1.0_alpha_0.4,0.6374581239530989,0.7719618127968249,0.7721832579588466,False,fr,0.6745762711864407
semantic_kernel_matern_kappa=2.0_nu=1.0_alpha_0.5,0.6426402847571188,0.7727485063986574,0.7729672848027067,False,fr,0.6745762711864407
semantic_kernel_matern_kappa=2.0_nu=1.0_alpha_0.6,0.6459903685092127,0.774646890964438,0.7748592341665695,False,fr,0.6745762711864407
semantic_kernel_matern_kappa=2.0_nu=1.0_alpha_0.7,0.6499162479061976,0.7773349888662229,0.777538219872077,False,fr,0.6745762711864407
semantic_kernel_matern_kappa=2.0_nu=1.0_alpha_0.8,0.653213986599665,0.7807798407106382,0.7809713942526131,False,fr,0.6745762711864407
semantic_kernel_matern_kappa=2.0_nu=1.0_alpha_0.9,0.6564070351758793,0.7831819818827265,0.7833653925732704,False,fr,0.6745762711864407
semantic_kernel_matern_kappa=2.0_nu=1.0_alpha_1.0,0.656590242881072,0.7840880609380008,0.7842684001741201,False,fr,0.6745762711864407
semantic_kernel_maternn_kappa=2.0_nu=1.0_alpha_0.0,0.6253140703517589,0.7668147214690384,0.7670536143982728,False,fr,0.6745762711864407
semantic_kernel_maternn_kappa=2.0_nu=1.0_alpha_0.1,0.6301821608040201,0.7694721876645645,0.7697020722338143,False,fr,0.6745762711864407
semantic_kernel_maternn_kappa=2.0_nu=1.0_alpha_0.2,0.6300774706867672,0.7692329793899711,0.7694636748347278,False,fr,0.6745762711864407
semantic_kernel_maternn_kappa=2.0_nu=1.0_alpha_0.3,0.6313860971524288,0.7694225880487711,0.7696526407523115,False,fr,0.6745762711864407
semantic_kernel_maternn_kappa=2.0_nu=1.0_alpha_0.4,0.632642378559464,0.7705373811458945,0.7707636548897838,False,fr,0.6745762711864407
semantic_kernel_maternn_kappa=2.0_nu=1.0_alpha_0.5,0.6335845896147403,0.7708464324973017,0.7710716586094912,False,fr,0.6745762711864407
semantic_kernel_maternn_kappa=2.0_nu=1.0_alpha_0.6,0.6353643216080401,0.7708058288102244,0.771031192562031,False,fr,0.6745762711864407
semantic_kernel_maternn_kappa=2.0_nu=1.0_alpha_0.7,0.6419074539363484,0.7740998161259567,0.774314013819066,False,fr,0.6745762711864407
semantic_kernel_maternn_kappa=2.0_nu=1.0_alpha_0.8,0.6424832495812396,0.777485187492282,0.7776879093502512,False,fr,0.6745762711864407
semantic_kernel_maternn_kappa=2.0_nu=1.0_alpha_0.9,0.6407035175879396,0.7775631413190776,0.7777655989267864,False,fr,0.6745762711864407
semantic_kernel_maternn_kappa=2.0_nu=1.0_alpha_1.0,0.6399968592964823,0.7774626297013699,0.777665428026427,False,fr,0.6745762711864407
semantic_kernel_matern_kappa=2.0_nu=2.0_alpha_0.0,0.6253140703517589,0.7668147214690384,0.7670536143982728,False,fr,0.6745762711864407
semantic_kernel_matern_kappa=2.0_nu=2.0_alpha_0.1,0.6301298157453937,0.7695116117231889,0.7697413626515619,False,fr,0.6745762711864407
semantic_kernel_matern_kappa=2.0_nu=2.0_alpha_0.2,0.6319095477386935,0.7704585497618981,0.7706850907308178,False,fr,0.6745762711864407
semantic_kernel_matern_kappa=2.0_nu=2.0_alpha_0.3,0.6330611390284757,0.7709980774277561,0.771222789489334,False,fr,0.6745762711864407
semantic_kernel_matern_kappa=2.0_nu=2.0_alpha_0.4,0.6365682579564489,0.7722442301210339,0.772464717936194,False,fr,0.6745762711864407
semantic_kernel_matern_kappa=2.0_nu=2.0_alpha_0.5,0.6410699329983249,0.7725170151951897,0.772736578315183,False,fr,0.6745762711864407
semantic_kernel_matern_kappa=2.0_nu=2.0_alpha_0.6,0.6472989949748744,0.7759535825287031,0.7761614962679048,False,fr,0.6745762711864407
semantic_kernel_matern_kappa=2.0_nu=2.0_alpha_0.7,0.647927135678392,0.7737251202674549,0.7739405881160167,False,fr,0.6745762711864407
semantic_kernel_matern_kappa=2.0_nu=2.0_alpha_0.8,0.6534233668341708,0.7776443532395323,0.7778465355525955,False,fr,0.6745762711864407
semantic_kernel_matern_kappa=2.0_nu=2.0_alpha_0.9,0.6573492462311558,0.7830103386953612,0.7831943312272182,False,fr,0.6745762711864407
semantic_kernel_matern_kappa=2.0_nu=2.0_alpha_1.0,0.6493666247906198,0.7823855260788526,0.7825716366195793,False,fr,0.6745762711864407
semantic_kernel_maternn_kappa=2.0_nu=2.0_alpha_0.0,0.6253140703517589,0.7668147214690384,0.7670536143982728,False,fr,0.6745762711864407
semantic_kernel_maternn_kappa=2.0_nu=2.0_alpha_0.1,0.6302345058626466,0.7694422521066787,0.7696722381523957,False,fr,0.6745762711864407
semantic_kernel_maternn_kappa=2.0_nu=2.0_alpha_0.2,0.6300774706867672,0.769271279541166,0.7695018451549017,False,fr,0.6745762711864407
semantic_kernel_maternn_kappa=2.0_nu=2.0_alpha_0.3,0.6313860971524288,0.769594438340516,0.7698239085006946,False,fr,0.6745762711864407
semantic_kernel_maternn_kappa=2.0_nu=2.0_alpha_0.4,0.6327994137353434,0.7708294799294514,0.7710547635079725,False,fr,0.6745762711864407
semantic_kernel_maternn_kappa=2.0_nu=2.0_alpha_0.5,0.6340556951423786,0.7707515157293141,0.7709770635932595,False,fr,0.6745762711864407
semantic_kernel_maternn_kappa=2.0_nu=2.0_alpha_0.6,0.6381386097152429,0.7697909025625138,0.7700197067422789,False,fr,0.6745762711864407
semantic_kernel_maternn_kappa=2.0_nu=2.0_alpha_0.7,0.644001256281407,0.774994503412303,0.7752056682671534,False,fr,0.6745762711864407
semantic_kernel_maternn_kappa=2.0_nu=2.0_alpha_0.8,0.641959798994975,0.7769420611872393,0.7771466241513274,False,fr,0.6745762711864407
semantic_kernel_maternn_kappa=2.0_nu=2.0_alpha_0.9,0.6410699329983249,0.7774526174400471,0.7776554497049732,False,fr,0.6745762711864407
semantic_kernel_maternn_kappa=2.0_nu=2.0_alpha_1.0,0.640755862646566,0.7776766811631851,0.7778787538900666,False,fr,0.6745762711864407
semantic_kernel_matern_kappa=2.0_nu=3.0_alpha_0.0,0.6253140703517589,0.7668147214690384,0.7670536143982728,False,fr,0.6745762711864407
semantic_kernel_matern_kappa=2.0_nu=3.0_alpha_0.1,0.6299727805695142,0.7694540041656177,0.7696839503738468,False,fr,0.6745762711864407
semantic_kernel_matern_kappa=2.0_nu=3.0_alpha_0.2,0.6317001675041877,0.7703016313350808,0.7705287042308712,False,fr,0.6745762711864407
semantic_kernel_matern_kappa=2.0_nu=3.0_alpha_0.3,0.6331658291457286,0.7707929843272561,0.771018391619683,False,fr,0.6745762711864407
semantic_kernel_matern_kappa=2.0_nu=3.0_alpha_0.4,0.6358877721943049,0.772557297595649,0.7727767241651323,False,fr,0.6745762711864407
semantic_kernel_matern_kappa=2.0_nu=3.0_alpha_0.5,0.641069932998325,0.7734081467307481,0.773624689065875,False,fr,0.6745762711864407
semantic_kernel_matern_kappa=2.0_nu=3.0_alpha_0.6,0.6451528475711893,0.7754619989346849,0.7756715790589512,False,fr,0.6745762711864407
semantic_kernel_matern_kappa=2.0_nu=3.0_alpha_0.7,0.6478747906197654,0.7752834099529167,0.7754935954635618,False,fr,0.6745762711864407
semantic_kernel_matern_kappa=2.0_nu=3.0_alpha_0.8,0.6490787269681743,0.7749881965948505,0.7751993828287433,False,fr,0.6745762711864407
semantic_kernel_matern_kappa=2.0_nu=3.0_alpha_0.9,0.6539468174204355,0.7810653125865707,0.7812558984272711,False,fr,0.6745762711864407
semantic_kernel_matern_kappa=2.0_nu=3.0_alpha_1.0,0.6455977805695142,0.7800695408473483,0.7802635021854699,False,fr,0.6745762711864407
semantic_kernel_maternn_kappa=2.0_nu=3.0_alpha_0.0,0.6253140703517589,0.7668147214690384,0.7670536143982728,False,fr,0.6745762711864407
semantic_kernel_maternn_kappa=2.0_nu=3.0_alpha_0.1,0.6301298157453936,0.7693972983010364,0.7696274367325353,False,fr,0.6745762711864407
semantic_kernel_maternn_kappa=2.0_nu=3.0_alpha_0.2,0.6297634003350084,0.769032602808623,0.7692639774960284,False,fr,0.6745762711864407
semantic_kernel_maternn_kappa=2.0_nu=3.0_alpha_0.3,0.6318048576214405,0.769643509076293,0.7698728128949943,False,fr,0.6745762711864407
semantic_kernel_maternn_kappa=2.0_nu=3.0_alpha_0.4,0.6336369346733668,0.7715851217129799,0.7718078437939299,False,fr,0.6745762711864407
semantic_kernel_maternn_kappa=2.0_nu=3.0_alpha_0.5,0.6352596314907872,0.7709071820425528,0.7711322022240805,False,fr,0.6745762711864407
semantic_kernel_maternn_kappa=2.0_nu=3.0_alpha_0.6,0.6394995812395309,0.770248719465362,0.7704759717234225,False,fr,0.6745762711864407
semantic_kernel_maternn_kappa=2.0_nu=3.0_alpha_0.7,0.6433207705192631,0.7747224096321721,0.7749344968388198,False,fr,0.6745762711864407
semantic_kernel_maternn_kappa=2.0_nu=3.0_alpha_0.8,0.6427973199329983,0.7771765497934215,0.7773803178808785,False,fr,0.6745762711864407
semantic_kernel_maternn_kappa=2.0_nu=3.0_alpha_0.9,0.6412793132328308,0.7770727637458552,0.7772768836504225,False,fr,0.6745762711864407
semantic_kernel_maternn_kappa=2.0_nu=3.0_alpha_1.0,0.6408082077051926,0.7771944396657569,0.7773981471095787,False,fr,0.6745762711864407
semantic_kernel_matern_kappa=3.0_nu=1.0_alpha_0.0,0.6253140703517589,0.7668147214690384,0.7670536143982728,False,fr,0.6745762711864407
semantic_kernel_matern_kappa=3.0_nu=1.0_alpha_0.1,0.6300774706867672,0.7694749344793822,0.7697048097373952,False,fr,0.6745762711864407
semantic_kernel_matern_kappa=3.0_nu=1.0_alpha_0.2,0.6316478224455612,0.7700582329382495,0.7702861309133511,False,fr,0.6745762711864407
semantic_kernel_matern_kappa=3.0_nu=1.0_alpha_0.3,0.6329564489112227,0.7702893877550218,0.7705165021544733,False,fr,0.6745762711864407
semantic_kernel_matern_kappa=3.0_nu=1.0_alpha_0.4,0.6359401172529313,0.7712874829759553,0.7715112140017764,False,fr,0.6745762711864407
semantic_kernel_matern_kappa=3.0_nu=1.0_alpha_0.5,0.6392902010050252,0.7716980412964582,0.7719203805991591,False,fr,0.6745762711864407
semantic_kernel_matern_kappa=3.0_nu=1.0_alpha_0.6,0.6466708542713567,0.7752293331521037,0.7754397019739381,False,fr,0.6745762711864407
semantic_kernel_matern_kappa=3.0_nu=1.0_alpha_0.7,0.6480841708542714,0.7745200573071043,0.774732830453837,False,fr,0.6745762711864407
semantic_kernel_matern_kappa=3.0_nu=1.0_alpha_0.8,0.6522194304857621,0.7779632775468671,0.7781643787605835,False,fr,0.6745762711864407
semantic_kernel_matern_kappa=3.0_nu=1.0_alpha_0.9,0.6550460636515913,0.7831925276048448,0.7833759025471785,False,fr,0.6745762711864407
semantic_kernel_matern_kappa=3.0_nu=1.0_alpha_1.0,0.6551769262981575,0.7827307191225151,0.782915659517331,False,fr,0.6745762711864407
semantic_kernel_maternn_kappa=3.0_nu=1.0_alpha_0.0,0.6253140703517589,0.7668147214690384,0.7670536143982728,False,fr,0.6745762711864407
semantic_kernel_maternn_kappa=3.0_nu=1.0_alpha_0.1,0.6301821608040201,0.769415884970677,0.769645960396516,False,fr,0.6745762711864407
semantic_kernel_maternn_kappa=3.0_nu=1.0_alpha_0.2,0.6300251256281407,0.7689686110661168,0.7692002026746831,False,fr,0.6745762711864407
semantic_kernel_maternn_kappa=3.0_nu=1.0_alpha_0.3,0.6320142378559465,0.7696959269781201,0.7699250531090186,False,fr,0.6745762711864407
semantic_kernel_maternn_kappa=3.0_nu=1.0_alpha_0.4,0.6339510050251257,0.770859203840778,0.7710843866602776,False,fr,0.6745762711864407
semantic_kernel_maternn_kappa=3.0_nu=1.0_alpha_0.5,0.6363065326633166,0.7707077022143602,0.7709333985986955,False,fr,0.6745762711864407
semantic_kernel_maternn_kappa=3.0_nu=1.0_alpha_0.6,0.643006700167504,0.7737827091680161,0.7739979817999658,False,fr,0.6745762711864407
semantic_kernel_maternn_kappa=3.0_nu=1.0_alpha_0.7,0.6446293969849246,0.7775917284751563,0.7777940891772516,False,fr,0.6745762711864407
semantic_kernel_maternn_kappa=3.0_nu=1.0_alpha_0.8,0.6436871859296481,0.7787863002226881,0.7789846115290289,False,fr,0.6745762711864407
semantic_kernel_maternn_kappa=3.0_nu=1.0_alpha_0.9,0.6420121440536013,0.7782916194509805,0.7784916076412931,False,fr,0.6745762711864407
semantic_kernel_maternn_kappa=3.0_nu=1.0_alpha_1.0,0.6420121440536013,0.7783008134392396,0.7785007704634904,False,fr,0.6745762711864407
semantic_kernel_matern_kappa=3.0_nu=2.0_alpha_0.0,0.6253140703517589,0.7668147214690384,0.7670536143982728,False,fr,0.6745762711864407
semantic_kernel_matern_kappa=3.0_nu=2.0_alpha_0.1,0.6299727805695142,0.7694744890246532,0.7697043657926822,False,fr,0.6745762711864407
semantic_kernel_matern_kappa=3.0_nu=2.0_alpha_0.2,0.6317001675041877,0.7701478142394036,0.7703754085490775,False,fr,0.6745762711864407
semantic_kernel_matern_kappa=3.0_nu=2.0_alpha_0.3,0.6324853433835845,0.7699797690530132,0.7702079330073867,False,fr,0.6745762711864407
semantic_kernel_matern_kappa=3.0_nu=2.0_alpha_0.4,0.6340556951423785,0.7699576247669431,0.7701858637866932,False,fr,0.6745762711864407
semantic_kernel_matern_kappa=3.0_nu=2.0_alpha_0.5,0.6376675041876048,0.7720085238114323,0.7722298106310315,False,fr,0.6745762711864407
semantic_kernel_matern_kappa=3.0_nu=2.0_alpha_0.6,0.6451528475711893,0.7755533009357646,0.775762571561722,False,fr,0.6745762711864407
semantic_kernel_matern_kappa=3.0_nu=2.0_alpha_0.7,0.6433207705192631,0.7735057875028322,0.7737219988522912,False,fr,0.6745762711864407
semantic_kernel_matern_kappa=3.0_nu=2.0_alpha_0.8,0.6434254606365158,0.7731611037344339,0.7733784835034467,False,fr,0.6745762711864407
semantic_kernel_matern_kappa=3.0_nu=2.0_alpha_0.9,0.6536327470686767,0.779449838838614,0.7796459008615108,False,fr,0.6745762711864407
semantic_kernel_matern_kappa=3.0_nu=2.0_alpha_1.0,0.6470634422110553,0.7812599066600415,0.7814498328598151,False,fr,0.6745762711864407
semantic_kernel_maternn_kappa=3.0_nu=2.0_alpha_0.0,0.6253140703517589,0.7668147214690384,0.7670536143982728,False,fr,0.6745762711864407
semantic_kernel_maternn_kappa=3.0_nu=2.0_alpha_0.1,0.6300251256281407,0.769405531967788,0.7696356424885522,False,fr,0.6745762711864407
semantic_kernel_maternn_kappa=3.0_nu=2.0_alpha_0.2,0.63107202680067,0.769654955133871,0.7698842201523775,False,fr,0.6745762711864407
semantic_kernel_maternn_kappa=3.0_nu=2.0_alpha_0.3,0.6327470686767168,0.7701917970184037,0.7704192422339116,False,fr,0.6745762711864407
semantic_kernel_maternn_kappa=3.0_nu=2.0_alpha_0.4,0.6352072864321608,0.7715468916011514,0.7717697432757007,False,fr,0.6745762711864407
semantic_kernel_maternn_kappa=3.0_nu=2.0_alpha_0.5,0.6387667504187606,0.7700479801157889,0.7702759128462209,False,fr,0.6745762711864407
semantic_kernel_maternn_kappa=3.0_nu=2.0_alpha_0.6,0.6451005025125629,0.7746698987224849,0.7748821639322161,False,fr,0.6745762711864407
semantic_kernel_maternn_kappa=3.0_nu=2.0_alpha_0.7,0.6451005025125627,0.7772225628029175,0.777426174914071,False,fr,0.6745762711864407
semantic_kernel_maternn_kappa=3.0_nu=2.0_alpha_0.8,0.6466708542713567,0.7794667204187364,0.779662725215938,False,fr,0.6745762711864407
semantic_kernel_maternn_kappa=3.0_nu=2.0_alpha_0.9,0.6465138190954773,0.7800083305500713,0.7802024993807261,False,fr,0.6745762711864407
semantic_kernel_maternn_kappa=3.0_nu=2.0_alpha_1.0,0.6453098827470687,0.7795101297710704,0.7797059874179252,False,fr,0.6745762711864407
semantic_kernel_matern_kappa=3.0_nu=3.0_alpha_0.0,0.6253140703517589,0.7668147214690384,0.7670536143982728,False,fr,0.6745762711864407
semantic_kernel_matern_kappa=3.0_nu=3.0_alpha_0.1,0.6300251256281407,0.7694668804761124,0.7696967830358314,False,fr,0.6745762711864407
semantic_kernel_matern_kappa=3.0_nu=3.0_alpha_0.2,0.6317001675041876,0.7696888683783184,0.7699180184366741,False,fr,0.6745762711864407
semantic_kernel_matern_kappa=3.0_nu=3.0_alpha_0.3,0.6329041038525962,0.7701556856010919,0.7703832532281838,False,fr,0.6745762711864407
semantic_kernel_matern_kappa=3.0_nu=3.0_alpha_0.4,0.6331658291457286,0.7696204065821903,0.7698497887144311,False,fr,0.6745762711864407
semantic_kernel_matern_kappa=3.0_nu=3.0_alpha_0.5,0.6366206030150755,0.7710484501440578,0.771272991450665,False,fr,0.6745762711864407
semantic_kernel_matern_kappa=3.0_nu=3.0_alpha_0.6,0.6438965661641541,0.7762266988079645,0.7764336867292705,False,fr,0.6745762711864407
semantic_kernel_matern_kappa=3.0_nu=3.0_alpha_0.7,0.6425879396984926,0.7728282575961838,0.7730467656571907,False,fr,0.6745762711864407
semantic_kernel_matern_kappa=3.0_nu=3.0_alpha_0.8,0.6387667504187604,0.772648603349938,0.7728677204083898,False,fr,0.6745762711864407
semantic_kernel_matern_kappa=3.0_nu=3.0_alpha_0.9,0.6466708542713567,0.7756699713785273,0.7758788465114586,False,fr,0.6745762711864407
semantic_kernel_matern_kappa=3.0_nu=3.0_alpha_1.0,0.6442891541038526,0.7794537164198874,0.7796497652984411,False,fr,0.6745762711864407
semantic_kernel_maternn_kappa=3.0_nu=3.0_alpha_0.0,0.6253140703517589,0.7668147214690384,0.7670536143982728,False,fr,0.6745762711864407
semantic_kernel_maternn_kappa=3.0_nu=3.0_alpha_0.1,0.6299727805695142,0.7694297063773937,0.7696597349510067,False,fr,0.6745762711864407
semantic_kernel_maternn_kappa=3.0_nu=3.0_alpha_0.2,0.6309149916247906,0.7696376885531765,0.7698670121024648,False,fr,0.6745762711864407
semantic_kernel_maternn_kappa=3.0_nu=3.0_alpha_0.3,0.6323806532663316,0.7703359378450387,0.770562894447575,False,fr,0.6745762711864407
semantic_kernel_maternn_kappa=3.0_nu=3.0_alpha_0.4,0.6360448073701842,0.7711968022922523,0.7714208407102218,False,fr,0.6745762711864407
semantic_kernel_maternn_kappa=3.0_nu=3.0_alpha_0.5,0.6389237855946399,0.7704582878755092,0.7706848297321794,False,fr,0.6745762711864407
semantic_kernel_maternn_kappa=3.0_nu=3.0_alpha_0.6,0.6451005025125629,0.7743162800524008,0.7745297439694885,False,fr,0.6745762711864407
semantic_kernel_maternn_kappa=3.0_nu=3.0_alpha_0.7,0.6465138190954773,0.7767619401662884,0.7769671137101085,False,fr,0.6745762711864407
semantic_kernel_maternn_kappa=3.0_nu=3.0_alpha_0.8,0.647037269681742,0.7789187678645546,0.7791166301280416,False,fr,0.6745762711864407
semantic_kernel_maternn_kappa=3.0_nu=3.0_alpha_0.9,0.648607621440536,0.7802099578620574,0.7804034432102985,False,fr,0.6745762711864407
semantic_kernel_maternn_kappa=3.0_nu=3.0_alpha_1.0,0.6457809882747068,0.7782491325804309,0.7784492647940336,False,fr,0.6745762711864407
semantic_kernel_prod_heat_t=0.1,0.6475083752093803,0.7793770642340445,0.7795733729505163,False,fr,0.6745762711864407
semantic_kernel_sum_heat_t=0.1,0.6480318257956449,0.7802531251978988,0.780446464216188,False,fr,0.6745762711864407
semantic_kernel_prod_heatn_t=0.1,0.6349455611390286,0.774587728298746,0.7748002720522865,False,fr,0.6745762711864407
semantic_kernel_sum_heatn_t=0.1,0.6289258793969849,0.7790530488667231,0.7792504559403722,False,fr,0.6745762711864407
semantic_kernel_prod_heat_t=0.2,0.6543132328308208,0.7833497095456766,0.7835325516678716,False,fr,0.6745762711864407
semantic_kernel_sum_heat_t=0.2,0.6503339404978749,0.778376715015866,0.7785847301079868,False,fr,0.6745762711864407
semantic_kernel_prod_heatn_t=0.2,0.6351549413735343,0.7746386260020686,0.7748509972210217,False,fr,0.6745762711864407
semantic_kernel_sum_heatn_t=0.2,0.6297110552763818,0.778831781185261,0.7790299383188473,False,fr,0.6745762711864407
semantic_kernel_prod_heat_t=0.3,0.6522194304857621,0.7829384727908479,0.7831227089359407,False,fr,0.6745762711864407
semantic_kernel_sum_heat_t=0.3,0.6408777969018933,0.7977087468032713,0.7979375017543349,False,fr,0.6745762711864407
semantic_kernel_prod_heatn_t=0.3,0.6360448073701842,0.7748873617277996,0.775098889774801,False,fr,0.6745762711864407
semantic_kernel_sum_heatn_t=0.3,0.6299204355108878,0.7785709128538216,0.7787699542868365,False,fr,0.6745762711864407
semantic_kernel_prod_heat_t=0.4,0.6494974874371859,0.7821003758983345,0.7822874530498425,False,fr,0.6745762711864407
semantic_kernel_sum_heat_t=0.4,0.6543010752688172,0.8067638611068992,0.8069856050870822,False,fr,0.6745762711864407
semantic_kernel_prod_heatn_t=0.4,0.6360448073701842,0.7749146474575446,0.7751260830105469,False,fr,0.6745762711864407
semantic_kernel_sum_heatn_t=0.4,0.6301298157453936,0.7780102063083464,0.7782111484415155,False,fr,0.6745762711864407
semantic_kernel_prod_heat_t=0.5,0.6476654103852597,0.7812362710915857,0.7814262774119303,False,fr,0.6745762711864407
semantic_kernel_sum_heat_t=0.5,0.6683155080213904,0.8171664063453152,0.8173698332356979,False,fr,0.6745762711864407
semantic_kernel_prod_heatn_t=0.5,0.6365682579564489,0.7751026706333697,0.7753134688196742,False,fr,0.6745762711864407
semantic_kernel_sum_heatn_t=0.5,0.6308103015075377,0.7775861088418913,0.7777884885935907,False,fr,0.6745762711864407
semantic_kernel_prod_heat_t=0.6,0.6448387772194305,0.7794594101545471,0.7796554397323053,False,fr,0.6745762711864407
semantic_kernel_sum_heat_t=0.6,0.6664775145410697,0.8194549885912117,0.8196596761886806,False,fr,0.6745762711864407
semantic_kernel_prod_heatn_t=0.6,0.6368299832495812,0.7752276479490448,0.7754380224834319,False,fr,0.6745762711864407
semantic_kernel_sum_heatn_t=0.6,0.6315954773869347,0.7771953039610112,0.7773990084750187,False,fr,0.6745762711864407
semantic_kernel_prod_heat_t=0.7,0.6436348408710219,0.7790037938354654,0.7792013678753221,False,fr,0.6745762711864407
semantic_kernel_sum_heat_t=0.7,0.6705264783078585,0.8213535863771728,0.8215523952909733,False,fr,0.6745762711864407
semantic_kernel_prod_heatn_t=0.7,0.6369870184254607,0.7752560963404824,0.7754663744396443,False,fr,0.6745762711864407
semantic_kernel_sum_heatn_t=0.7,0.6322236180904522,0.7771098918384717,0.7773138858850979,False,fr,0.6745762711864407
semantic_kernel_prod_matern_kappa=1.0_nu=1.0,0.6526381909547739,0.7825913637728662,0.7827767765586978,False,fr,0.6745762711864407
semantic_kernel_sum_matern_kappa=1.0_nu=1.0,0.6510678391959799,0.7820298310808196,0.7822171473673023,False,fr,0.6745762711864407
semantic_kernel_prod_maternn_kappa=1.0_nu=1.0,0.6362018425460637,0.7756960577677668,0.7759048444722598,False,fr,0.6745762711864407
semantic_kernel_sum_maternn_kappa=1.0_nu=1.0,0.6304962311557789,0.778448388036961,0.778647844808338,False,fr,0.6745762711864407
semantic_kernel_prod_matern_kappa=1.0_nu=2.0,0.6558835845896147,0.7832000281594402,0.7833833776761648,False,fr,0.6745762711864407
semantic_kernel_sum_matern_kappa=1.0_nu=2.0,0.6541811381244991,0.7828407778748189,0.7830273805777246,False,fr,0.6745762711864407
semantic_kernel_prod_maternn_kappa=1.0_nu=2.0,0.6364112227805695,0.77534645599151,0.77555642778677,False,fr,0.6745762711864407
semantic_kernel_sum_maternn_kappa=1.0_nu=2.0,0.6309149916247906,0.7783725362187407,0.7785722501149254,False,fr,0.6745762711864407
semantic_kernel_prod_matern_kappa=1.0_nu=3.0,0.653894472361809,0.7821215568249071,0.7823085621766641,False,fr,0.6745762711864407
semantic_kernel_sum_matern_kappa=1.0_nu=3.0,0.6477266111660942,0.7828485285586773,0.783058989739534,False,fr,0.6745762711864407
semantic_kernel_prod_maternn_kappa=1.0_nu=3.0,0.63625418760469,0.7744899954722253,0.7747028705234831,False,fr,0.6745762711864407
semantic_kernel_sum_maternn_kappa=1.0_nu=3.0,0.6302345058626465,0.7773108325655668,0.7775141454571859,False,fr,0.6745762711864407
semantic_kernel_prod_matern_kappa=2.0_nu=1.0,0.6569828308207705,0.7842362170502992,0.7844160540623091,False,fr,0.6745762711864407
semantic_kernel_sum_matern_kappa=2.0_nu=1.0,0.6523764656616415,0.7796799456827066,0.779875227682403,False,fr,0.6745762711864407
semantic_kernel_prod_maternn_kappa=2.0_nu=1.0,0.6401800670016751,0.7777718442962988,0.7779735944362883,False,fr,0.6745762711864407
semantic_kernel_sum_maternn_kappa=2.0_nu=1.0,0.6360448073701843,0.7756380617484988,0.7758470450496673,False,fr,0.6745762711864407
semantic_kernel_prod_matern_kappa=2.0_nu=2.0,0.6496021775544389,0.7820382012365659,0.7822254891496393,False,fr,0.6745762711864407
semantic_kernel_sum_matern_kappa=2.0_nu=2.0,0.6393667414609823,0.7908081161930471,0.7910134420515187,False,fr,0.6745762711864407
semantic_kernel_prod_maternn_kappa=2.0_nu=2.0,0.6408082077051926,0.7776294400445154,0.7778316729107823,False,fr,0.6745762711864407
semantic_kernel_sum_maternn_kappa=2.0_nu=2.0,0.6373534338358459,0.7778707622850588,0.7780721771098322,False,fr,0.6745762711864407
semantic_kernel_prod_matern_kappa=2.0_nu=3.0,0.6458856783919598,0.7806679011329696,0.7808598341311399,False,fr,0.6745762711864407
semantic_kernel_sum_matern_kappa=2.0_nu=3.0,0.6420565302144249,0.7958559610991265,0.7960863968635409,False,fr,0.6745762711864407
semantic_kernel_prod_maternn_kappa=2.0_nu=3.0,0.6408605527638191,0.7771458488008394,0.7773497209594576,False,fr,0.6745762711864407
semantic_kernel_sum_maternn_kappa=2.0_nu=3.0,0.6380862646566163,0.7749936757253253,0.7752048433858942,False,fr,0.6745762711864407
semantic_kernel_prod_matern_kappa=3.0_nu=1.0,0.655464824120603,0.7833232061743669,0.7835061381384987,False,fr,0.6745762711864407
semantic_kernel_sum_matern_kappa=3.0_nu=1.0,0.6523764656616415,0.782936442506763,0.7831206855341747,False,fr,0.6745762711864407
semantic_kernel_prod_maternn_kappa=3.0_nu=1.0,0.6421168341708543,0.778683970654695,0.7788826288409273,False,fr,0.6745762711864407
semantic_kernel_sum_maternn_kappa=3.0_nu=1.0,0.6388714405360134,0.7784582868998635,0.7786577101157731,False,fr,0.6745762711864407
semantic_kernel_prod_matern_kappa=3.0_nu=2.0,0.6474036850921274,0.7807432506704541,0.7809349282464635,False,fr,0.6745762711864407
semantic_kernel_sum_matern_kappa=3.0_nu=2.0,0.6493650276782806,0.792847185516151,0.7930423424871033,False,fr,0.6745762711864407
semantic_kernel_prod_maternn_kappa=3.0_nu=2.0,0.6454145728643216,0.7794635357910127,0.7796595513835624,False,fr,0.6745762711864407
semantic_kernel_sum_maternn_kappa=3.0_nu=2.0,0.6387667504187604,0.7766898125211253,0.7768952305654376,False,fr,0.6745762711864407
semantic_kernel_prod_matern_kappa=3.0_nu=3.0,0.6446293969849246,0.7794199436633764,0.7796161070258504,False,fr,0.6745762711864407
semantic_kernel_sum_matern_kappa=3.0_nu=3.0,0.6423472698618709,0.8009276985113213,0.8011563935855637,False,fr,0.6745762711864407
semantic_kernel_prod_maternn_kappa=3.0_nu=3.0,0.6458856783919599,0.7782867411197817,0.7784867458468103,False,fr,0.6745762711864407
semantic_kernel_sum_maternn_kappa=3.0_nu=3.0,0.6373010887772195,0.7753544477516161,0.7755643924561639,False,fr,0.6745762711864407
full_klu_heat_t=0.1_alpha_0.0,0.6253140703517589,0.7682521162737801,0.7684861366782528,False,fr,0.6745762711864407
full_klu_heat_t=0.1_alpha_0.1,0.6237960636515913,0.7665905850905019,0.7668302378040703,False,fr,0.6745762711864407
full_klu_heat_t=0.1_alpha_0.2,0.6221733668341708,0.7646948510399443,0.7649409299706333,False,fr,0.6745762711864407
full_klu_heat_t=0.1_alpha_0.3,0.6201842546063652,0.7632165706208847,0.7634676606716383,False,fr,0.6745762711864407
full_klu_heat_t=0.1_alpha_0.4,0.6186662479061976,0.7618421560243327,0.762097905107617,False,fr,0.6745762711864407
full_klu_heat_t=0.1_alpha_0.5,0.616572445561139,0.7604158304377471,0.7606764145230199,False,fr,0.6745762711864407
full_klu_heat_t=0.1_alpha_0.6,0.6157349246231156,0.7597076870509869,0.7599706716223166,False,fr,0.6745762711864407
full_klu_heat_t=0.1_alpha_0.7,0.6140598827470687,0.7582441679335234,0.7585121135866071,False,fr,0.6745762711864407
full_klu_heat_t=0.1_alpha_0.8,0.6109191792294808,0.7554722228987636,0.755749564975694,False,fr,0.6745762711864407
full_klu_heat_t=0.1_alpha_0.9,0.6051088777219431,0.7519709505060765,0.7522601613029821,False,fr,0.6745762711864407
full_klu_heat_t=0.1_alpha_1.0,0.5587311557788945,0.7191257974113259,0.7195263477102476,False,fr,0.6745762711864407
full_klu_heatn_t=0.1_alpha_0.0,0.6253140703517589,0.7682521162737801,0.7684861366782528,False,fr,0.6745762711864407
full_klu_heatn_t=0.1_alpha_0.1,0.623534338358459,0.7658325962121206,0.7660748183795141,False,fr,0.6745762711864407
full_klu_heatn_t=0.1_alpha_0.2,0.621963986599665,0.7651428308779971,0.765387391232964,False,fr,0.6745762711864407
full_klu_heatn_t=0.1_alpha_0.3,0.6199748743718594,0.7641343208949789,0.7643822999278544,False,fr,0.6745762711864407
full_klu_heatn_t=0.1_alpha_0.4,0.6176716917922948,0.7636894227290586,0.76393890989131,False,fr,0.6745762711864407
full_klu_heatn_t=0.1_alpha_0.5,0.6158396147403686,0.7629994990310314,0.7632513249176829,False,fr,0.6745762711864407
full_klu_heatn_t=0.1_alpha_0.6,0.614897403685092,0.7627964571674453,0.7630489713316004,False,fr,0.6745762711864407
full_klu_heatn_t=0.1_alpha_0.7,0.6139028475711892,0.7627079699546055,0.7629607840754143,False,fr,0.6745762711864407
full_klu_heatn_t=0.1_alpha_0.8,0.612175460636516,0.7624510774876566,0.7627047624303873,False,fr,0.6745762711864407
full_klu_heatn_t=0.1_alpha_0.9,0.6084589614740369,0.7617881684908843,0.7620441005827566,False,fr,0.6745762711864407
full_klu_heatn_t=0.1_alpha_1.0,0.4447236180904523,0.6252183058962066,0.6242422714206033,False,fr,0.6745762711864407
full_klu_heat_t=0.2_alpha_0.0,0.6253140703517589,0.7682521162737801,0.7684861366782528,False,fr,0.6745762711864407
full_klu_heat_t=0.2_alpha_0.1,0.6233773031825796,0.7645888229055898,0.7648352612536834,False,fr,0.6745762711864407
full_klu_heat_t=0.2_alpha_0.2,0.6208123953098827,0.7626773809477183,0.7629302987600758,False,fr,0.6745762711864407
full_klu_heat_t=0.2_alpha_0.3,0.6193990787269682,0.762162810431052,0.7624174725502458,False,fr,0.6745762711864407
full_klu_heat_t=0.2_alpha_0.4,0.6188756281407035,0.7607777238196128,0.7610370811476589,False,fr,0.6745762711864407
full_klu_heat_t=0.2_alpha_0.5,0.6160489949748744,0.7586338423309748,0.7589004670538977,False,fr,0.6745762711864407
full_klu_heat_t=0.2_alpha_0.6,0.6139551926298157,0.7578531913796389,0.7581224623769731,False,fr,0.6745762711864407
full_klu_heat_t=0.2_alpha_0.7,0.6098199329983249,0.754797768865336,0.7550773972271255,False,fr,0.6745762711864407
full_klu_heat_t=0.2_alpha_0.8,0.5992985762144053,0.749438756802659,0.7497365513070339,False,fr,0.6745762711864407
full_klu_heat_t=0.2_alpha_0.9,0.5865787269681741,0.7411769534092261,0.7415027540267989,False,fr,0.6745762711864407
full_klu_heat_t=0.2_alpha_1.0,0.5614792713567839,0.7184191504037778,0.7188220961162842,False,fr,0.6745762711864407
full_klu_heatn_t=0.2_alpha_0.0,0.6253140703517589,0.7682521162737801,0.7684861366782528,False,fr,0.6745762711864407
full_klu_heatn_t=0.2_alpha_0.1,0.6236390284757118,0.7658891651048445,0.7661311955132797,False,fr,0.6745762711864407
full_klu_heatn_t=0.2_alpha_0.2,0.6221733668341708,0.765304520624934,0.7655485328790638,False,fr,0.6745762711864407
full_klu_heatn_t=0.2_alpha_0.3,0.6198178391959799,0.7642159760787826,0.7644636783144247,False,fr,0.6745762711864407
full_klu_heatn_t=0.2_alpha_0.4,0.6176193467336684,0.7640341265532729,0.7642824452279845,False,fr,0.6745762711864407
full_klu_heatn_t=0.2_alpha_0.5,0.6155778894472361,0.7631453735501104,0.7633967049468667,False,fr,0.6745762711864407
full_klu_heatn_t=0.2_alpha_0.6,0.6140075376884422,0.7627151023019447,0.762967892245305,False,fr,0.6745762711864407
full_klu_heatn_t=0.2_alpha_0.7,0.6119137353433836,0.7624539593495516,0.7627076345232591,False,fr,0.6745762711864407
full_klu_heatn_t=0.2_alpha_0.8,0.610500418760469,0.7627041304876194,0.7629569576235706,False,fr,0.6745762711864407
full_klu_heatn_t=0.2_alpha_0.9,0.6027010050251257,0.7617693271416834,0.7620253231025361,False,fr,0.6745762711864407
full_klu_heatn_t=0.2_alpha_1.0,0.44485448073701844,0.6260522119251133,0.6250733506494119,False,fr,0.6745762711864407
full_klu_heat_t=0.3_alpha_0.0,0.6253140703517589,0.7682521162737801,0.7684861366782528,False,fr,0.6745762711864407
full_klu_heat_t=0.3_alpha_0.1,0.6228015075376885,0.7636052641896971,0.7638550366351328,False,fr,0.6745762711864407
full_klu_heat_t=0.3_alpha_0.2,0.6207077051926299,0.7626351951604291,0.7628882559754556,False,fr,0.6745762711864407
full_klu_heat_t=0.3_alpha_0.3,0.6198178391959799,0.761308590812711,0.7615661485916279,False,fr,0.6745762711864407
full_klu_heat_t=0.3_alpha_0.4,0.6177763819095478,0.7591398855051992,0.7594047948275314,False,fr,0.6745762711864407
full_klu_heat_t=0.3_alpha_0.5,0.6142692629815746,0.7577180338248926,0.7579877629834292,False,fr,0.6745762711864407
full_klu_heat_t=0.3_alpha_0.6,0.6074120603015075,0.7538565901750369,0.7541394089730646,False,fr,0.6745762711864407
full_klu_heat_t=0.3_alpha_0.7,0.6005548576214406,0.750291852785106,0.7505867554386929,False,fr,0.6745762711864407
full_klu_heat_t=0.3_alpha_0.8,0.5917608877721944,0.7444509325910549,0.7447656349741131,False,fr,0.6745762711864407
full_klu_heat_t=0.3_alpha_0.9,0.5797738693467337,0.7388109425175206,0.7391447635109976,False,fr,0.6745762711864407
full_klu_heat_t=0.3_alpha_1.0,0.5622121021775544,0.7183787811802813,0.7187818637376132,False,fr,0.6745762711864407
full_klu_heatn_t=0.3_alpha_0.0,0.6253140703517589,0.7682521162737801,0.7684861366782528,False,fr,0.6745762711864407
full_klu_heatn_t=0.3_alpha_0.1,0.623324958123953,0.7658552723780805,0.7660974176771149,False,fr,0.6745762711864407
full_klu_heatn_t=0.3_alpha_0.2,0.621963986599665,0.7652679482670331,0.7655120844952575,False,fr,0.6745762711864407
full_klu_heatn_t=0.3_alpha_0.3,0.6200795644891122,0.7644837716784945,0.7647305661324426,False,fr,0.6745762711864407
full_klu_heatn_t=0.3_alpha_0.4,0.6172529313232831,0.7639750256926433,0.7642235447092555,False,fr,0.6745762711864407
full_klu_heatn_t=0.3_alpha_0.5,0.615002093802345,0.7631949947589121,0.7634461579481808,False,fr,0.6745762711864407
full_klu_heatn_t=0.3_alpha_0.6,0.6128559463986599,0.7628045794349521,0.763057066065997,False,fr,0.6745762711864407
full_klu_heatn_t=0.3_alpha_0.7,0.6114949748743719,0.7627793903351826,0.7630319623530065,False,fr,0.6745762711864407
full_klu_heatn_t=0.3_alpha_0.8,0.6079878559463986,0.7624381400710287,0.7626918688694091,False,fr,0.6745762711864407
full_klu_heatn_t=0.3_alpha_0.9,0.5969953936348409,0.7595650123145616,0.7598284805290656,False,fr,0.6745762711864407
full_klu_heatn_t=0.3_alpha_1.0,0.44569200167504186,0.6267200747220141,0.6257389495046282,False,fr,0.6745762711864407
full_klu_heat_t=0.4_alpha_0.0,0.6253140703517589,0.7682521162737801,0.7684861366782528,False,fr,0.6745762711864407
full_klu_heat_t=0.4_alpha_0.1,0.6221210217755444,0.7629749099600002,0.7632268191994347,False,fr,0.6745762711864407
full_klu_heat_t=0.4_alpha_0.2,0.6220163316582915,0.7627236886451768,0.7629764494822888,False,fr,0.6745762711864407
full_klu_heat_t=0.4_alpha_0.3,0.6193467336683417,0.760899133759158,0.7611580795280869,False,fr,0.6745762711864407
full_klu_heat_t=0.4_alpha_0.4,0.6172529313232832,0.7586408351734771,0.7589074361918492,False,fr,0.6745762711864407
full_klu_heat_t=0.4_alpha_0.5,0.6135364321608041,0.7566387001037416,0.756912088020655,False,fr,0.6745762711864407
full_klu_heat_t=0.4_alpha_0.6,0.6048471524288108,0.7519347069817625,0.7522240406380726,False,fr,0.6745762711864407
full_klu_heat_t=0.4_alpha_0.7,0.5978852596314908,0.7491260197750292,0.7494248744049213,False,fr,0.6745762711864407
full_klu_heat_t=0.4_alpha_0.8,0.5894577051926299,0.7431528133774454,0.7434719161646175,False,fr,0.6745762711864407
full_klu_heat_t=0.4_alpha_0.9,0.5783082077051926,0.7381965163361037,0.7385324201301957,False,fr,0.6745762711864407
full_klu_heat_t=0.4_alpha_1.0,0.5592807788944725,0.7196632473782036,0.7200619758128308,False,fr,0.6745762711864407
full_klu_heatn_t=0.4_alpha_0.0,0.6253140703517589,0.7682521162737801,0.7684861366782528,False,fr,0.6745762711864407
full_klu_heatn_t=0.4_alpha_0.1,0.6236913735343382,0.7660076341518124,0.7662492629702579,False,fr,0.6745762711864407
full_klu_heatn_t=0.4_alpha_0.2,0.6220163316582915,0.765319627500131,0.7655635885445145,False,fr,0.6745762711864407
full_klu_heatn_t=0.4_alpha_0.3,0.6198701842546064,0.7644892742301239,0.7647360500313548,False,fr,0.6745762711864407
full_klu_heatn_t=0.4_alpha_0.4,0.6169912060301508,0.7640286248912588,0.7642769622156722,False,fr,0.6745762711864407
full_klu_heatn_t=0.4_alpha_0.5,0.6147403685092128,0.7635221451399756,0.7637721993449019,False,fr,0.6745762711864407
full_klu_heatn_t=0.4_alpha_0.6,0.613641122278057,0.7636798935305806,0.7639294129951998,False,fr,0.6745762711864407
full_klu_heatn_t=0.4_alpha_0.7,0.6111285594639866,0.7632068867504124,0.7634580096278456,False,fr,0.6745762711864407
full_klu_heatn_t=0.4_alpha_0.8,0.6053182579564489,0.7627622662389305,0.7630148963045383,False,fr,0.6745762711864407
full_klu_heatn_t=0.4_alpha_0.9,0.5896147403685091,0.7561604881358615,0.7564354971102935,False,fr,0.6745762711864407
full_klu_heatn_t=0.4_alpha_1.0,0.44553496649916247,0.6274241339379785,0.6264406220791828,False,fr,0.6745762711864407
full_klu_heat_t=0.5_alpha_0.0,0.6253140703517589,0.7682521162737801,0.7684861366782528,False,fr,0.6745762711864407
full_klu_heat_t=0.5_alpha_0.1,0.6222780569514238,0.7630555365134599,0.763307172442544,False,fr,0.6745762711864407
full_klu_heat_t=0.5_alpha_0.2,0.6219116415410386,0.7627294606201057,0.762982201891201,False,fr,0.6745762711864407
full_klu_heat_t=0.5_alpha_0.3,0.6201842546063652,0.7611973883866405,0.7614553231229341,False,fr,0.6745762711864407
full_klu_heat_t=0.5_alpha_0.4,0.6185615577889447,0.759070864727844,0.7593360080189131,False,fr,0.6745762711864407
full_klu_heat_t=0.5_alpha_0.5,0.6136934673366834,0.7567080750558308,0.7569812278034151,False,fr,0.6745762711864407
full_klu_heat_t=0.5_alpha_0.6,0.6057370184254607,0.7523068792431745,0.7525949512985985,False,fr,0.6745762711864407
full_klu_heat_t=0.5_alpha_0.7,0.5985657453936348,0.7497072929275446,0.7500041771399705,False,fr,0.6745762711864407
full_klu_heat_t=0.5_alpha_0.8,0.589928810720268,0.7439549852727889,0.7442713688331971,False,fr,0.6745762711864407
full_klu_heat_t=0.5_alpha_0.9,0.5790410385259631,0.7387484551816084,0.739082487996563,False,fr,0.6745762711864407
full_klu_heat_t=0.5_alpha_1.0,0.5539154103852596,0.7174585320931817,0.7178647341389446,False,fr,0.6745762711864407
full_klu_heatn_t=0.5_alpha_0.0,0.6253140703517589,0.7682521162737801,0.7684861366782528,False,fr,0.6745762711864407
full_klu_heatn_t=0.5_alpha_0.1,0.623534338358459,0.7660304763825794,0.7662720277697341,False,fr,0.6745762711864407
full_klu_heatn_t=0.5_alpha_0.2,0.6217546063651591,0.7652795967181568,0.7655236934601063,False,fr,0.6745762711864407
full_klu_heatn_t=0.5_alpha_0.3,0.6197654941373535,0.7659356494232396,0.7661775222577141,False,fr,0.6745762711864407
full_klu_heatn_t=0.5_alpha_0.4,0.616572445561139,0.7642324326866035,0.7644800791371343,False,fr,0.6745762711864407
full_klu_heatn_t=0.5_alpha_0.5,0.6148450586264657,0.7639109167222831,0.7641596530574388,False,fr,0.6745762711864407
full_klu_heatn_t=0.5_alpha_0.6,0.6133793969849247,0.7638485360331004,0.7640974838282194,False,fr,0.6745762711864407
full_klu_heatn_t=0.5_alpha_0.7,0.6103433835845897,0.7638428320025906,0.7640917991334063,False,fr,0.6745762711864407
full_klu_heatn_t=0.5_alpha_0.8,0.6013923785594639,0.7613896601509571,0.7616469431185581,False,fr,0.6745762711864407
full_klu_heatn_t=0.5_alpha_0.9,0.5853747906197655,0.7515612790756939,0.7518518785893126,False,fr,0.6745762711864407
full_klu_heatn_t=0.5_alpha_1.0,0.44597989949748745,0.6286695918961608,0.6276818581459813,False,fr,0.6745762711864407
full_klu_heat_t=0.6_alpha_0.0,0.6253140703517589,0.7682521162737801,0.7684861366782528,False,fr,0.6745762711864407
full_klu_heat_t=0.6_alpha_0.1,0.6230108877721944,0.7632801057139877,0.7635309803915444,False,fr,0.6745762711864407
full_klu_heat_t=0.6_alpha_0.2,0.6214928810720268,0.7628263525756875,0.7630787653994757,False,fr,0.6745762711864407
full_klu_heat_t=0.6_alpha_0.3,0.6210217755443885,0.7618145732958908,0.7620704158799495,False,fr,0.6745762711864407
full_klu_heat_t=0.6_alpha_0.4,0.6193990787269682,0.7596305623170772,0.7598938083281828,False,fr,0.6745762711864407
full_klu_heat_t=0.6_alpha_0.5,0.6154208542713568,0.7582121682257446,0.758480222352414,False,fr,0.6745762711864407
full_klu_heat_t=0.6_alpha_0.6,0.6068362646566163,0.7523553130241862,0.7526432208973015,False,fr,0.6745762711864407
full_klu_heat_t=0.6_alpha_0.7,0.5998743718592965,0.7490079736629861,0.7493072284491904,False,fr,0.6745762711864407
full_klu_heat_t=0.6_alpha_0.8,0.5896147403685092,0.7451689113935833,0.7454811799501923,False,fr,0.6745762711864407
full_klu_heat_t=0.6_alpha_0.9,0.5787269681742043,0.7391260307479736,0.739458783645754,False,fr,0.6745762711864407
full_klu_heat_t=0.6_alpha_1.0,0.551376675041876,0.7183283017594969,0.7187315554335094,False,fr,0.6745762711864407
full_klu_heatn_t=0.6_alpha_0.0,0.6253140703517589,0.7682521162737801,0.7684861366782528,False,fr,0.6745762711864407
full_klu_heatn_t=0.6_alpha_0.1,0.623534338358459,0.7660292578422364,0.7662708133600363,False,fr,0.6745762711864407
full_klu_heatn_t=0.6_alpha_0.2,0.6217022613065326,0.7653709408816373,0.7656147279823546,False,fr,0.6745762711864407
full_klu_heatn_t=0.6_alpha_0.3,0.6189803182579565,0.7656639256346786,0.7659067195667415,False,fr,0.6745762711864407
full_klu_heatn_t=0.6_alpha_0.4,0.616572445561139,0.7645231781055819,0.7647698389784213,False,fr,0.6745762711864407
full_klu_heatn_t=0.6_alpha_0.5,0.614530988274707,0.7641617661165087,0.7644096521147349,False,fr,0.6745762711864407
full_klu_heatn_t=0.6_alpha_0.6,0.6119660804020101,0.7638990963649323,0.7641478727690958,False,fr,0.6745762711864407
full_klu_heatn_t=0.6_alpha_0.7,0.6081972361809045,0.7635810148405728,0.763830869487192,False,fr,0.6745762711864407
full_klu_heatn_t=0.6_alpha_0.8,0.5989845058626466,0.7606080694017068,0.7608680018294748,False,fr,0.6745762711864407
full_klu_heatn_t=0.6_alpha_0.9,0.5813442211055276,0.7464698453795767,0.7467777039904704,False,fr,0.6745762711864407
full_klu_heatn_t=0.6_alpha_1.0,0.4473670435510888,0.6308873484685535,0.6298920968994847,False,fr,0.6745762711864407
full_klu_heat_t=0.7_alpha_0.0,0.6253140703517589,0.7682521162737801,0.7684861366782528,False,fr,0.6745762711864407
full_klu_heat_t=0.7_alpha_0.1,0.6234296482412061,0.7645271557146278,0.7647738031040467,False,fr,0.6745762711864407
full_klu_heat_t=0.7_alpha_0.2,0.6215452261306532,0.762875920388888,0.7631281651861906,False,fr,0.6745762711864407
full_klu_heat_t=0.7_alpha_0.3,0.6211264656616416,0.7620518633065605,0.7623069015177016,False,fr,0.6745762711864407
full_klu_heat_t=0.7_alpha_0.4,0.6202889447236182,0.7600178112213114,0.7602797445242669,False,fr,0.6745762711864407
full_klu_heat_t=0.7_alpha_0.5,0.617462311557789,0.759085766208959,0.7593508589865328,False,fr,0.6745762711864407
full_klu_heat_t=0.7_alpha_0.6,0.612070770519263,0.7556740252526382,0.7559506832537927,False,fr,0.6745762711864407
full_klu_heat_t=0.7_alpha_0.7,0.6010259631490787,0.7483142848190093,0.7486158910928202,False,fr,0.6745762711864407
full_klu_heat_t=0.7_alpha_0.8,0.5909233668341709,0.7459245624970456,0.7462342695244903,False,fr,0.6745762711864407
full_klu_heat_t=0.7_alpha_0.9,0.576999581239531,0.7386572930303692,0.7389916348695654,False,fr,0.6745762711864407
full_klu_heat_t=0.7_alpha_1.0,0.5468226549413735,0.7157577581209218,0.7161697255021837,False,fr,0.6745762711864407
full_klu_heatn_t=0.7_alpha_0.0,0.6253140703517589,0.7682521162737801,0.7684861366782528,False,fr,0.6745762711864407
full_klu_heatn_t=0.7_alpha_0.1,0.623639028475712,0.7661023400421071,0.7663436478236363,False,fr,0.6745762711864407
full_klu_heatn_t=0.7_alpha_0.2,0.621283500837521,0.7652834747655751,0.7655275583616011,False,fr,0.6745762711864407
full_klu_heatn_t=0.7_alpha_0.3,0.6190326633165829,0.7647388604513216,0.7649847901975653,False,fr,0.6745762711864407
full_klu_heatn_t=0.7_alpha_0.4,0.6167294807370184,0.7648634461978842,0.7651089536195632,False,fr,0.6745762711864407
full_klu_heatn_t=0.7_alpha_0.5,0.6147927135678393,0.7646819634183963,0.7649280860359381,False,fr,0.6745762711864407
full_klu_heatn_t=0.7_alpha_0.6,0.6118090452261307,0.7643337137254504,0.7645810168504259,False,fr,0.6745762711864407
full_klu_heatn_t=0.7_alpha_0.7,0.6063651591289783,0.7633278641313319,0.7635785769159485,False,fr,0.6745762711864407
full_klu_heatn_t=0.7_alpha_0.8,0.5974141541038526,0.7593785183803332,0.7596426187776651,False,fr,0.6745762711864407
full_klu_heatn_t=0.7_alpha_0.9,0.5783082077051926,0.7347764625632097,0.7351239597599216,False,fr,0.6745762711864407
full_klu_heatn_t=0.7_alpha_1.0,0.44577051926298156,0.6278931573310963,0.6269080555624933,False,fr,0.6745762711864407
full_klu_matern_kappa=1.0_nu=1.0_alpha_0.0,0.6253140703517589,0.7682521162737801,0.7684861366782528,False,fr,0.6745762711864407
full_klu_matern_kappa=1.0_nu=1.0_alpha_0.1,0.6240054438860971,0.7656264823112291,0.7658694031698121,False,fr,0.6745762711864407
full_klu_matern_kappa=1.0_nu=1.0_alpha_0.2,0.6222257118927974,0.7643371674602092,0.7645844588776093,False,fr,0.6745762711864407
full_klu_matern_kappa=1.0_nu=1.0_alpha_0.3,0.6195561139028476,0.7625084365639854,0.7627619270691692,False,fr,0.6745762711864407
full_klu_matern_kappa=1.0_nu=1.0_alpha_0.4,0.6182474874371859,0.761345699455023,0.761603131441932,False,fr,0.6745762711864407
full_klu_matern_kappa=1.0_nu=1.0_alpha_0.5,0.6163630653266332,0.760057289327364,0.7603190888062312,False,fr,0.6745762711864407
full_klu_matern_kappa=1.0_nu=1.0_alpha_0.6,0.615002093802345,0.7588382199526504,0.7591041518700761,False,fr,0.6745762711864407
full_klu_matern_kappa=1.0_nu=1.0_alpha_0.7,0.6128036013400334,0.7566759634177147,0.7569492250183097,False,fr,0.6745762711864407
full_klu_matern_kappa=1.0_nu=1.0_alpha_0.8,0.6096105527638191,0.7543525780130034,0.7546337154963261,False,fr,0.6745762711864407
full_klu_matern_kappa=1.0_nu=1.0_alpha_0.9,0.596105527638191,0.74784855824487,0.7481517432528304,False,fr,0.6745762711864407
full_klu_matern_kappa=1.0_nu=1.0_alpha_1.0,0.559123743718593,0.719238374903842,0.7196385435841451,False,fr,0.6745762711864407
full_klu_maternn_kappa=1.0_nu=1.0_alpha_0.0,0.6253140703517589,0.7682521162737801,0.7684861366782528,False,fr,0.6745762711864407
full_klu_maternn_kappa=1.0_nu=1.0_alpha_0.1,0.6233773031825796,0.7658737580332121,0.7661158406690087,False,fr,0.6745762711864407
full_klu_maternn_kappa=1.0_nu=1.0_alpha_0.2,0.6221210217755443,0.7653427467683936,0.765586629442376,False,fr,0.6745762711864407
full_klu_maternn_kappa=1.0_nu=1.0_alpha_0.3,0.6198701842546063,0.7644027377102203,0.7646498068555863,False,fr,0.6745762711864407
full_klu_maternn_kappa=1.0_nu=1.0_alpha_0.4,0.616781825795645,0.7639718696008844,0.7642203993161125,False,fr,0.6745762711864407
full_klu_maternn_kappa=1.0_nu=1.0_alpha_0.5,0.6147403685092128,0.7634589816027486,0.7637092499213604,False,fr,0.6745762711864407
full_klu_maternn_kappa=1.0_nu=1.0_alpha_0.6,0.6130129815745393,0.7630700584467316,0.763321645148923,False,fr,0.6745762711864407
full_klu_maternn_kappa=1.0_nu=1.0_alpha_0.7,0.6111809045226131,0.7626923847333098,0.7629452516853774,False,fr,0.6745762711864407
full_klu_maternn_kappa=1.0_nu=1.0_alpha_0.8,0.6067315745393635,0.7624756271000743,0.76272922882378,False,fr,0.6745762711864407
full_klu_maternn_kappa=1.0_nu=1.0_alpha_0.9,0.5939593802345059,0.7578990609307217,0.7581681764380522,False,fr,0.6745762711864407
full_klu_maternn_kappa=1.0_nu=1.0_alpha_1.0,0.44652952261306533,0.6282532565956125,0.6272669341515366,False,fr,0.6745762711864407
full_klu_matern_kappa=1.0_nu=2.0_alpha_0.0,0.6253140703517589,0.7682521162737801,0.7684861366782528,False,fr,0.6745762711864407
full_klu_matern_kappa=1.0_nu=2.0_alpha_0.1,0.6234296482412061,0.7646579161959555,0.7649041203295055,False,fr,0.6745762711864407
full_klu_matern_kappa=1.0_nu=2.0_alpha_0.2,0.6207077051926297,0.7626100538232995,0.7628631998631976,False,fr,0.6745762711864407
full_klu_matern_kappa=1.0_nu=2.0_alpha_0.3,0.6187185929648241,0.7618941376741358,0.7621497105484378,False,fr,0.6745762711864407
full_klu_matern_kappa=1.0_nu=2.0_alpha_0.4,0.6187709380234506,0.7614011455503428,0.7616583895843864,False,fr,0.6745762711864407
full_klu_matern_kappa=1.0_nu=2.0_alpha_0.5,0.616677135678392,0.7586497849164786,0.7589163555967388,False,fr,0.6745762711864407
full_klu_matern_kappa=1.0_nu=2.0_alpha_0.6,0.6147403685092128,0.7582190368162072,0.7584870676595191,False,fr,0.6745762711864407
full_klu_matern_kappa=1.0_nu=2.0_alpha_0.7,0.6091917922948074,0.7551086076477749,0.7553871823187763,False,fr,0.6745762711864407
full_klu_matern_kappa=1.0_nu=2.0_alpha_0.8,0.5992985762144054,0.7494252150332049,0.749723055441883,False,fr,0.6745762711864407
full_klu_matern_kappa=1.0_nu=2.0_alpha_0.9,0.5855841708542714,0.7410991533233319,0.7414252176700095,False,fr,0.6745762711864407
full_klu_matern_kappa=1.0_nu=2.0_alpha_1.0,0.5584170854271358,0.7174994946921638,0.717905557881659,False,fr,0.6745762711864407
full_klu_maternn_kappa=1.0_nu=2.0_alpha_0.0,0.6253140703517589,0.7682521162737801,0.7684861366782528,False,fr,0.6745762711864407
full_klu_maternn_kappa=1.0_nu=2.0_alpha_0.1,0.623534338358459,0.7659602756441155,0.7662020649998752,False,fr,0.6745762711864407
full_klu_maternn_kappa=1.0_nu=2.0_alpha_0.2,0.6219639865996649,0.7653745216026442,0.7656182965653241,False,fr,0.6745762711864407
full_klu_maternn_kappa=1.0_nu=2.0_alpha_0.3,0.6198701842546064,0.7645756440027695,0.7648221270251099,False,fr,0.6745762711864407
full_klu_maternn_kappa=1.0_nu=2.0_alpha_0.4,0.6168341708542713,0.7639955446880559,0.7642439941487513,False,fr,0.6745762711864407
full_klu_maternn_kappa=1.0_nu=2.0_alpha_0.5,0.6145833333333334,0.7635082020145588,0.763758303484317,False,fr,0.6745762711864407
full_klu_maternn_kappa=1.0_nu=2.0_alpha_0.6,0.6134317420435512,0.7636754734421929,0.7639250078901625,False,fr,0.6745762711864407
full_klu_maternn_kappa=1.0_nu=2.0_alpha_0.7,0.6106574539363484,0.762935242709936,0.7631872864146251,False,fr,0.6745762711864407
full_klu_maternn_kappa=1.0_nu=2.0_alpha_0.8,0.6053182579564489,0.7627226197442503,0.7629753842047552,False,fr,0.6745762711864407
full_klu_maternn_kappa=1.0_nu=2.0_alpha_0.9,0.5908186767169179,0.7562698203207354,0.7565444586775913,False,fr,0.6745762711864407
full_klu_maternn_kappa=1.0_nu=2.0_alpha_1.0,0.44558731155778897,0.6269202463188666,0.6259384425536948,False,fr,0.6745762711864407
full_klu_matern_kappa=1.0_nu=3.0_alpha_0.0,0.6253140703517589,0.7682521162737801,0.7684861366782528,False,fr,0.6745762711864407
full_klu_matern_kappa=1.0_nu=3.0_alpha_0.1,0.6229061976549414,0.7638007633532816,0.7640498730896882,False,fr,0.6745762711864407
full_klu_matern_kappa=1.0_nu=3.0_alpha_0.2,0.6203936348408711,0.7621411491973882,0.7623958847444927,False,fr,0.6745762711864407
full_klu_matern_kappa=1.0_nu=3.0_alpha_0.3,0.61981783919598,0.7617806039261736,0.7620365616606383,False,fr,0.6745762711864407
full_klu_matern_kappa=1.0_nu=3.0_alpha_0.4,0.6180904522613064,0.7602541859568639,0.7605153179895294,False,fr,0.6745762711864407
full_klu_matern_kappa=1.0_nu=3.0_alpha_0.5,0.6161536850921274,0.7587591686730049,0.7590253685608701,False,fr,0.6745762711864407
full_klu_matern_kappa=1.0_nu=3.0_alpha_0.6,0.612751256281407,0.756984747756186,0.7572569626302097,False,fr,0.6745762711864407
full_klu_matern_kappa=1.0_nu=3.0_alpha_0.7,0.6036432160804021,0.7514702604523468,0.7517611685036718,False,fr,0.6745762711864407
full_klu_matern_kappa=1.0_nu=3.0_alpha_0.8,0.5960531825795645,0.7468751466634997,0.7471816313717361,False,fr,0.6745762711864407
full_klu_matern_kappa=1.0_nu=3.0_alpha_0.9,0.58160594639866,0.7393770840320983,0.739708985901797,False,fr,0.6745762711864407
full_klu_matern_kappa=1.0_nu=3.0_alpha_1.0,0.5589143634840872,0.7182986741447842,0.7187020282513892,False,fr,0.6745762711864407
full_klu_maternn_kappa=1.0_nu=3.0_alpha_0.0,0.6253140703517589,0.7682521162737801,0.7684861366782528,False,fr,0.6745762711864407
full_klu_maternn_kappa=1.0_nu=3.0_alpha_0.1,0.623639028475712,0.7659881925410965,0.7662298872633071,False,fr,0.6745762711864407
full_klu_maternn_kappa=1.0_nu=3.0_alpha_0.2,0.6219116415410385,0.7653602331726255,0.7656040565706614,False,fr,0.6745762711864407
full_klu_maternn_kappa=1.0_nu=3.0_alpha_0.3,0.6197131490787269,0.7645660543040425,0.7648125698338362,False,fr,0.6745762711864407
full_klu_maternn_kappa=1.0_nu=3.0_alpha_0.4,0.6168341708542713,0.7640526748707712,0.7643009306698304,False,fr,0.6745762711864407
full_klu_maternn_kappa=1.0_nu=3.0_alpha_0.5,0.6150544388609716,0.7637220017563231,0.7639713784811938,False,fr,0.6745762711864407
full_klu_maternn_kappa=1.0_nu=3.0_alpha_0.6,0.6131700167504188,0.7636529456727554,0.7639025564860451,False,fr,0.6745762711864407
full_klu_maternn_kappa=1.0_nu=3.0_alpha_0.7,0.610605108877722,0.7631377652979953,0.7633891224854367,False,fr,0.6745762711864407
full_klu_maternn_kappa=1.0_nu=3.0_alpha_0.8,0.6046377721943049,0.7625026384359175,0.7627561485957728,False,fr,0.6745762711864407
full_klu_maternn_kappa=1.0_nu=3.0_alpha_0.9,0.5879396984924622,0.7545641480748764,0.7548445683715488,False,fr,0.6745762711864407
full_klu_maternn_kappa=1.0_nu=3.0_alpha_1.0,0.44689593802345057,0.6286803179178836,0.6276925478083085,False,fr,0.6745762711864407
full_klu_matern_kappa=2.0_nu=1.0_alpha_0.0,0.6253140703517589,0.7682521162737801,0.7684861366782528,False,fr,0.6745762711864407
full_klu_matern_kappa=2.0_nu=1.0_alpha_0.1,0.6232726130653267,0.7648415047017229,0.765087086501355,False,fr,0.6745762711864407
full_klu_matern_kappa=2.0_nu=1.0_alpha_0.2,0.6206030150753769,0.7626292995719121,0.7628823803719843,False,fr,0.6745762711864407
full_klu_matern_kappa=2.0_nu=1.0_alpha_0.3,0.618823283082077,0.7613391939703659,0.7615966480097655,False,fr,0.6745762711864407
full_klu_matern_kappa=2.0_nu=1.0_alpha_0.4,0.6180381072026802,0.7604484292755332,0.760708902856271,False,fr,0.6745762711864407
full_klu_matern_kappa=2.0_nu=1.0_alpha_0.5,0.6160489949748744,0.7587877640346778,0.7590538669891135,False,fr,0.6745762711864407
full_klu_matern_kappa=2.0_nu=1.0_alpha_0.6,0.6144262981574539,0.7585097405308723,0.7587767859378632,False,fr,0.6745762711864407
full_klu_matern_kappa=2.0_nu=1.0_alpha_0.7,0.6096628978224456,0.7554843733008213,0.7557616741899482,False,fr,0.6745762711864407
full_klu_matern_kappa=2.0_nu=1.0_alpha_0.8,0.598356365159129,0.7475081841797995,0.7478125229981502,False,fr,0.6745762711864407
full_klu_matern_kappa=2.0_nu=1.0_alpha_0.9,0.5824434673366834,0.7403811624680867,0.7407096606820702,False,fr,0.6745762711864407
full_klu_matern_kappa=2.0_nu=1.0_alpha_1.0,0.5499633584589615,0.71729936387564,0.7177061054746827,False,fr,0.6745762711864407
full_klu_maternn_kappa=2.0_nu=1.0_alpha_0.0,0.6253140703517589,0.7682521162737801,0.7684861366782528,False,fr,0.6745762711864407
full_klu_maternn_kappa=2.0_nu=1.0_alpha_0.1,0.6230108877721944,0.7658018162568905,0.7660441427631153,False,fr,0.6745762711864407
full_klu_maternn_kappa=2.0_nu=1.0_alpha_0.2,0.6207600502512564,0.7652711501139602,0.7655152754884662,False,fr,0.6745762711864407
full_klu_maternn_kappa=2.0_nu=1.0_alpha_0.3,0.618142797319933,0.7643375967250772,0.7645848866873418,False,fr,0.6745762711864407
full_klu_maternn_kappa=2.0_nu=1.0_alpha_0.4,0.6161013400335009,0.764312419213349,0.7645597945231113,False,fr,0.6745762711864407
full_klu_maternn_kappa=2.0_nu=1.0_alpha_0.5,0.6134840871021776,0.7638254385880658,0.7640744646796087,False,fr,0.6745762711864407
full_klu_maternn_kappa=2.0_nu=1.0_alpha_0.6,0.6109715242881072,0.7635705493206525,0.7638204394436104,False,fr,0.6745762711864407
full_klu_maternn_kappa=2.0_nu=1.0_alpha_0.7,0.6053706030150754,0.7608126580440071,0.7610718969509537,False,fr,0.6745762711864407
full_klu_maternn_kappa=2.0_nu=1.0_alpha_0.8,0.5977282244556115,0.7576132093766,0.7578832938722496,False,fr,0.6745762711864407
full_klu_maternn_kappa=2.0_nu=1.0_alpha_0.9,0.5836997487437187,0.7307322464929897,0.7310934528967192,False,fr,0.6745762711864407
full_klu_maternn_kappa=2.0_nu=1.0_alpha_1.0,0.44707914572864327,0.6303955386049742,0.6294019541879852,False,fr,0.6745762711864407
full_klu_matern_kappa=2.0_nu=2.0_alpha_0.0,0.6253140703517589,0.7682521162737801,0.7684861366782528,False,fr,0.6745762711864407
full_klu_matern_kappa=2.0_nu=2.0_alpha_0.1,0.6236390284757118,0.7653295803051334,0.7655735076111948,False,fr,0.6745762711864407
full_klu_matern_kappa=2.0_nu=2.0_alpha_0.2,0.6211264656616415,0.7623142887016808,0.7625684373352114,False,fr,0.6745762711864407
full_klu_matern_kappa=2.0_nu=2.0_alpha_0.3,0.6204983249581238,0.7616720088404265,0.7619283346938257,False,fr,0.6745762711864407
full_klu_matern_kappa=2.0_nu=2.0_alpha_0.4,0.6195561139028476,0.7604145577896357,0.76067514618897,False,fr,0.6745762711864407
full_klu_matern_kappa=2.0_nu=2.0_alpha_0.5,0.6184045226130653,0.7598362226844417,0.7600987715417596,False,fr,0.6745762711864407
full_klu_matern_kappa=2.0_nu=2.0_alpha_0.6,0.6144786432160804,0.758033476158791,0.7583021360212806,False,fr,0.6745762711864407
full_klu_matern_kappa=2.0_nu=2.0_alpha_0.7,0.6064175041876048,0.7518031169699849,0.7520928966941315,False,fr,0.6745762711864407
full_klu_matern_kappa=2.0_nu=2.0_alpha_0.8,0.5933312395309882,0.7456615603117969,0.7459721588720729,False,fr,0.6745762711864407
full_klu_matern_kappa=2.0_nu=2.0_alpha_0.9,0.5777324120603015,0.7388554480203493,0.7391891181477152,False,fr,0.6745762711864407
full_klu_matern_kappa=2.0_nu=2.0_alpha_1.0,0.5469273450586265,0.7154407114292121,0.7158537535450223,False,fr,0.6745762711864407
full_klu_maternn_kappa=2.0_nu=2.0_alpha_0.0,0.6253140703517589,0.7682521162737801,0.7684861366782528,False,fr,0.6745762711864407
full_klu_maternn_kappa=2.0_nu=2.0_alpha_0.1,0.6228538525963149,0.7658894080261235,0.7661314376110967,False,fr,0.6745762711864407
full_klu_maternn_kappa=2.0_nu=2.0_alpha_0.2,0.6206030150753769,0.7653855900033038,0.7656293274459814,False,fr,0.6745762711864407
full_klu_maternn_kappa=2.0_nu=2.0_alpha_0.3,0.618823283082077,0.7648913491312395,0.7651367619667037,False,fr,0.6745762711864407
full_klu_maternn_kappa=2.0_nu=2.0_alpha_0.4,0.6165201005025126,0.76508381086359,0.7653285712864023,False,fr,0.6745762711864407
full_klu_maternn_kappa=2.0_nu=2.0_alpha_0.5,0.6130653266331658,0.764494372250792,0.7647411307705969,False,fr,0.6745762711864407
full_klu_maternn_kappa=2.0_nu=2.0_alpha_0.6,0.610395728643216,0.7637550467942185,0.7640043115020118,False,fr,0.6745762711864407
full_klu_maternn_kappa=2.0_nu=2.0_alpha_0.7,0.6032244556113903,0.7608175295306212,0.7610767519240539,False,fr,0.6745762711864407
full_klu_maternn_kappa=2.0_nu=2.0_alpha_0.8,0.5960531825795645,0.7553449508064496,0.7556227243142013,False,fr,0.6745762711864407
full_klu_maternn_kappa=2.0_nu=2.0_alpha_0.9,0.5861076214405361,0.7255677890224956,0.7259465020617184,False,fr,0.6745762711864407
full_klu_maternn_kappa=2.0_nu=2.0_alpha_1.0,0.4556113902847571,0.6358796815839747,0.6348675068518025,False,fr,0.6745762711864407
full_klu_matern_kappa=2.0_nu=3.0_alpha_0.0,0.6253140703517589,0.7682521162737801,0.7684861366782528,False,fr,0.6745762711864407
full_klu_matern_kappa=2.0_nu=3.0_alpha_0.1,0.6239007537688442,0.7653857270514783,0.7656294640295859,False,fr,0.6745762711864407
full_klu_matern_kappa=2.0_nu=3.0_alpha_0.2,0.6220686767169179,0.762926623746494,0.7631786966680083,False,fr,0.6745762711864407
full_klu_matern_kappa=2.0_nu=3.0_alpha_0.3,0.6209170854271358,0.7618348300527954,0.7620906039698816,False,fr,0.6745762711864407
full_klu_matern_kappa=2.0_nu=3.0_alpha_0.4,0.6199225293132329,0.7608057553241372,0.7610650176301341,False,fr,0.6745762711864407
full_klu_matern_kappa=2.0_nu=3.0_alpha_0.5,0.6190850083752094,0.760203553090862,0.7604648567603615,False,fr,0.6745762711864407
full_klu_matern_kappa=2.0_nu=3.0_alpha_0.6,0.6168341708542714,0.7586036758456066,0.7588704028278018,False,fr,0.6745762711864407
full_klu_matern_kappa=2.0_nu=3.0_alpha_0.7,0.6092441373534339,0.7532962148326606,0.7535809332081203,False,fr,0.6745762711864407
full_klu_matern_kappa=2.0_nu=3.0_alpha_0.8,0.5962102177554439,0.7465530629576109,0.7468606394750197,False,fr,0.6745762711864407
full_klu_matern_kappa=2.0_nu=3.0_alpha_0.9,0.5757432998324958,0.7363742016891404,0.7367162828210185,False,fr,0.6745762711864407
full_klu_matern_kappa=2.0_nu=3.0_alpha_1.0,0.5408291457286432,0.7121299795275449,0.7125542444633607,False,fr,0.6745762711864407
full_klu_maternn_kappa=2.0_nu=3.0_alpha_0.0,0.6253140703517589,0.7682521162737801,0.7684861366782528,False,fr,0.6745762711864407
full_klu_maternn_kappa=2.0_nu=3.0_alpha_0.1,0.6229585427135678,0.7659872081327354,0.7662289061919234,False,fr,0.6745762711864407
full_klu_maternn_kappa=2.0_nu=3.0_alpha_0.2,0.6206553601340034,0.7655760152167757,0.7658191071502551,False,fr,0.6745762711864407
full_klu_maternn_kappa=2.0_nu=3.0_alpha_0.3,0.6185092127303182,0.7648478635543225,0.7650934237985222,False,fr,0.6745762711864407
full_klu_maternn_kappa=2.0_nu=3.0_alpha_0.4,0.6164154103852596,0.7653130368208726,0.7655570202065415,False,fr,0.6745762711864407
full_klu_maternn_kappa=2.0_nu=3.0_alpha_0.5,0.6133793969849246,0.7647043717663978,0.7649504184234378,False,fr,0.6745762711864407
full_klu_maternn_kappa=2.0_nu=3.0_alpha_0.6,0.6096628978224455,0.7636717684236776,0.763921315431032,False,fr,0.6745762711864407
full_klu_maternn_kappa=2.0_nu=3.0_alpha_0.7,0.6031197654941374,0.7609588343801152,0.7612175777740579,False,fr,0.6745762711864407
full_klu_maternn_kappa=2.0_nu=3.0_alpha_0.8,0.595896147403685,0.7548246695497154,0.7551042067227443,False,fr,0.6745762711864407
full_klu_maternn_kappa=2.0_nu=3.0_alpha_0.9,0.5881490787269682,0.7265939505954425,0.7269691851208586,False,fr,0.6745762711864407
full_klu_maternn_kappa=2.0_nu=3.0_alpha_1.0,0.4622853852596315,0.6395174758430279,0.6384929696048929,False,fr,0.6745762711864407
full_klu_matern_kappa=3.0_nu=1.0_alpha_0.0,0.6253140703517589,0.7682521162737801,0.7684861366782528,False,fr,0.6745762711864407
full_klu_matern_kappa=3.0_nu=1.0_alpha_0.1,0.623639028475712,0.7656076682377696,0.7658506528728729,False,fr,0.6745762711864407
full_klu_matern_kappa=3.0_nu=1.0_alpha_0.2,0.6211264656616415,0.7628559237392352,0.763108236321791,False,fr,0.6745762711864407
full_klu_matern_kappa=3.0_nu=1.0_alpha_0.3,0.619608458961474,0.7615376887296271,0.7617944699054359,False,fr,0.6745762711864407
full_klu_matern_kappa=3.0_nu=1.0_alpha_0.4,0.6185092127303183,0.7604782198033069,0.7607385923992048,False,fr,0.6745762711864407
full_klu_matern_kappa=3.0_nu=1.0_alpha_0.5,0.6182474874371859,0.7594259847165385,0.7596899242110356,False,fr,0.6745762711864407
full_klu_matern_kappa=3.0_nu=1.0_alpha_0.6,0.6153685092127303,0.7586711122476373,0.7589376106318596,False,fr,0.6745762711864407
full_klu_matern_kappa=3.0_nu=1.0_alpha_0.7,0.6108144891122279,0.7554222437340683,0.7556997552318959,False,fr,0.6745762711864407
full_klu_matern_kappa=3.0_nu=1.0_alpha_0.8,0.5986180904522613,0.7477126197839764,0.748016265600279,False,fr,0.6745762711864407
full_klu_matern_kappa=3.0_nu=1.0_alpha_0.9,0.5816582914572864,0.7401935558990511,0.7405226900675059,False,fr,0.6745762711864407
full_klu_matern_kappa=3.0_nu=1.0_alpha_1.0,0.5469011725293133,0.7093276603097405,0.7097614246327353,False,fr,0.6745762711864407
full_klu_maternn_kappa=3.0_nu=1.0_alpha_0.0,0.6253140703517589,0.7682521162737801,0.7684861366782528,False,fr,0.6745762711864407
full_klu_maternn_kappa=3.0_nu=1.0_alpha_0.1,0.6230108877721943,0.7658599873344001,0.7661021166505316,False,fr,0.6745762711864407
full_klu_maternn_kappa=3.0_nu=1.0_alpha_0.2,0.6202889447236182,0.7650590704675113,0.7653039147560732,False,fr,0.6745762711864407
full_klu_maternn_kappa=3.0_nu=1.0_alpha_0.3,0.618142797319933,0.7643761600782037,0.7646233193172377,False,fr,0.6745762711864407
full_klu_maternn_kappa=3.0_nu=1.0_alpha_0.4,0.615787269681742,0.7634716555932233,0.7637218809491554,False,fr,0.6745762711864407
full_klu_maternn_kappa=3.0_nu=1.0_alpha_0.5,0.6124895309882747,0.7634274565269228,0.7636778317101984,False,fr,0.6745762711864407
full_klu_maternn_kappa=3.0_nu=1.0_alpha_0.6,0.6094011725293131,0.7621565103435399,0.7624111938189625,False,fr,0.6745762711864407
full_klu_maternn_kappa=3.0_nu=1.0_alpha_0.7,0.6045330820770519,0.759360095403375,0.7596242582514762,False,fr,0.6745762711864407
full_klu_maternn_kappa=3.0_nu=1.0_alpha_0.8,0.5979376046901173,0.7552436911581523,0.7555218079189491,False,fr,0.6745762711864407
full_klu_maternn_kappa=3.0_nu=1.0_alpha_0.9,0.5903999162479062,0.7328236584861609,0.7331777753577103,False,fr,0.6745762711864407
full_klu_maternn_kappa=3.0_nu=1.0_alpha_1.0,0.5282401591289783,0.6852664580285783,0.6840868704948991,False,fr,0.6745762711864407
full_klu_matern_kappa=3.0_nu=2.0_alpha_0.0,0.6253140703517589,0.7682521162737801,0.7684861366782528,False,fr,0.6745762711864407
full_klu_matern_kappa=3.0_nu=2.0_alpha_0.1,0.6239530988274706,0.7657384408547994,0.7659809821928957,False,fr,0.6745762711864407
full_klu_matern_kappa=3.0_nu=2.0_alpha_0.2,0.6236913735343383,0.7642732816547502,0.7645207896342027,False,fr,0.6745762711864407
full_klu_matern_kappa=3.0_nu=2.0_alpha_0.3,0.6218069514237856,0.7627297787325439,0.7629825189252919,False,fr,0.6745762711864407
full_klu_matern_kappa=3.0_nu=2.0_alpha_0.4,0.6210217755443886,0.7617152199012303,0.7619713992764574,False,fr,0.6745762711864407
full_klu_matern_kappa=3.0_nu=2.0_alpha_0.5,0.6215452261306533,0.7617543919633492,0.7620104385519251,False,fr,0.6745762711864407
full_klu_matern_kappa=3.0_nu=2.0_alpha_0.6,0.6195037688442211,0.7603128222626312,0.7605737555281586,False,fr,0.6745762711864407
full_klu_matern_kappa=3.0_nu=2.0_alpha_0.7,0.6169912060301508,0.7575042740419318,0.7577747278099022,False,fr,0.6745762711864407
full_klu_matern_kappa=3.0_nu=2.0_alpha_0.8,0.6054229480737019,0.7512562468689392,0.7515478803900384,False,fr,0.6745762711864407
full_klu_matern_kappa=3.0_nu=2.0_alpha_0.9,0.584641959798995,0.7425012230189916,0.7428225345870398,False,fr,0.6745762711864407
full_klu_matern_kappa=3.0_nu=2.0_alpha_1.0,0.5390232412060302,0.7124373125755183,0.7128605357043918,False,fr,0.6745762711864407
full_klu_maternn_kappa=3.0_nu=2.0_alpha_0.0,0.6253140703517589,0.7682521162737801,0.7684861366782528,False,fr,0.6745762711864407
full_klu_maternn_kappa=3.0_nu=2.0_alpha_0.1,0.6229061976549415,0.7657641031213891,0.7660065574687512,False,fr,0.6745762711864407
full_klu_maternn_kappa=3.0_nu=2.0_alpha_0.2,0.621388190954774,0.7654747225009093,0.7657181577995273,False,fr,0.6745762711864407
full_klu_maternn_kappa=3.0_nu=2.0_alpha_0.3,0.6190850083752095,0.7646080531441154,0.7648544263049599,False,fr,0.6745762711864407
full_klu_maternn_kappa=3.0_nu=2.0_alpha_0.4,0.6168865159128978,0.7638562218879473,0.764105143629321,False,fr,0.6745762711864407
full_klu_maternn_kappa=3.0_nu=2.0_alpha_0.5,0.6136934673366835,0.7633346759980839,0.7635853656916266,False,fr,0.6745762711864407
full_klu_maternn_kappa=3.0_nu=2.0_alpha_0.6,0.6114949748743719,0.7623291268365384,0.7625832251713067,False,fr,0.6745762711864407
full_klu_maternn_kappa=3.0_nu=2.0_alpha_0.7,0.6088777219430486,0.7604244906236456,0.7606850453523559,False,fr,0.6745762711864407
full_klu_maternn_kappa=3.0_nu=2.0_alpha_0.8,0.6046377721943049,0.7561597588871183,0.7564347703335794,False,fr,0.6745762711864407
full_klu_maternn_kappa=3.0_nu=2.0_alpha_0.9,0.5992462311557789,0.7476200814033851,0.7479240409091134,False,fr,0.6745762711864407
full_klu_maternn_kappa=3.0_nu=2.0_alpha_1.0,0.5216446817420435,0.6737051845488767,0.6725647877727559,False,fr,0.6745762711864407
full_klu_matern_kappa=3.0_nu=3.0_alpha_0.0,0.6253140703517589,0.7682521162737801,0.7684861366782528,False,fr,0.6745762711864407
full_klu_matern_kappa=3.0_nu=3.0_alpha_0.1,0.624319514237856,0.7661876494481286,0.7664286680452305,False,fr,0.6745762711864407
full_klu_matern_kappa=3.0_nu=3.0_alpha_0.2,0.6239007537688442,0.7653780945527788,0.7656218574037633,False,fr,0.6745762711864407
full_klu_matern_kappa=3.0_nu=3.0_alpha_0.3,0.6237437185929648,0.7643110596973426,0.7645584396156336,False,fr,0.6745762711864407
full_klu_matern_kappa=3.0_nu=3.0_alpha_0.4,0.6230108877721944,0.763001148789048,0.7632529690832993,False,fr,0.6745762711864407
full_klu_matern_kappa=3.0_nu=3.0_alpha_0.5,0.6224874371859297,0.7625809363236327,0.7628341810669195,False,fr,0.6745762711864407
full_klu_matern_kappa=3.0_nu=3.0_alpha_0.6,0.6224874371859297,0.7618417847228312,0.7620975350647646,False,fr,0.6745762711864407
full_klu_matern_kappa=3.0_nu=3.0_alpha_0.7,0.6196084589614741,0.7594081449434584,0.7596721449117626,False,fr,0.6745762711864407
full_klu_matern_kappa=3.0_nu=3.0_alpha_0.8,0.6129606365159128,0.7557730237090399,0.7560493461222064,False,fr,0.6745762711864407
full_klu_matern_kappa=3.0_nu=3.0_alpha_0.9,0.5931742043551089,0.7459827804672883,0.7462922901456812,False,fr,0.6745762711864407
full_klu_matern_kappa=3.0_nu=3.0_alpha_1.0,0.5351235343383585,0.7105566637036064,0.7109862619134016,False,fr,0.6745762711864407
full_klu_maternn_kappa=3.0_nu=3.0_alpha_0.0,0.6253140703517589,0.7682521162737801,0.7684861366782528,False,fr,0.6745762711864407
full_klu_maternn_kappa=3.0_nu=3.0_alpha_0.1,0.623429648241206,0.7658642241511222,0.7661063391051631,False,fr,0.6745762711864407
full_klu_maternn_kappa=3.0_nu=3.0_alpha_0.2,0.6216499162479061,0.7653686826633799,0.7656124774190741,False,fr,0.6745762711864407
full_klu_maternn_kappa=3.0_nu=3.0_alpha_0.3,0.6196084589614741,0.7646641928788166,0.7649103757354756,False,fr,0.6745762711864407
full_klu_maternn_kappa=3.0_nu=3.0_alpha_0.4,0.6181951423785595,0.7639674844481579,0.7642160290283108,False,fr,0.6745762711864407
full_klu_maternn_kappa=3.0_nu=3.0_alpha_0.5,0.6166247906197655,0.7639024959184781,0.7641512607987315,False,fr,0.6745762711864407
full_klu_maternn_kappa=3.0_nu=3.0_alpha_0.6,0.6141122278056952,0.7621704809073262,0.7624251170249055,False,fr,0.6745762711864407
full_klu_maternn_kappa=3.0_nu=3.0_alpha_0.7,0.6126989112227805,0.7607898460469282,0.7610491622826785,False,fr,0.6745762711864407
full_klu_maternn_kappa=3.0_nu=3.0_alpha_0.8,0.6100293132328308,0.757708954517359,0.7579787144532093,False,fr,0.6745762711864407
full_klu_maternn_kappa=3.0_nu=3.0_alpha_0.9,0.599926716917923,0.7495870163826743,0.7498843083122015,False,fr,0.6745762711864407
full_klu_maternn_kappa=3.0_nu=3.0_alpha_1.0,0.5263557370184255,0.6909435806529858,0.6897447486358341,False,fr,0.6745762711864407
deberta_full_klu_heat_t=0.1_alpha_0.0,0.6253140703517589,0.7682521162737801,0.7684861366782528,False,fr,0.6745762711864407
deberta_full_klu_heat_t=0.1_alpha_0.1,0.6239007537688442,0.7679512638817451,0.7681863041248349,False,fr,0.6745762711864407
deberta_full_klu_heat_t=0.1_alpha_0.2,0.6226444723618091,0.7667453311323769,0.7669844592830914,False,fr,0.6745762711864407
deberta_full_klu_heat_t=0.1_alpha_0.3,0.6213881909547739,0.7659332659364124,0.7661751468505031,False,fr,0.6745762711864407
deberta_full_klu_heat_t=0.1_alpha_0.4,0.6197654941373535,0.7644302351861867,0.7646772111197699,False,fr,0.6745762711864407
deberta_full_klu_heat_t=0.1_alpha_0.5,0.6177763819095479,0.7633307099427198,0.7635814130805181,False,fr,0.6745762711864407
deberta_full_klu_heat_t=0.1_alpha_0.6,0.6164154103852597,0.7624859866449853,0.7627395532515896,False,fr,0.6745762711864407
deberta_full_klu_heat_t=0.1_alpha_0.7,0.6146356783919598,0.7614044058287935,0.7616616388110458,False,fr,0.6745762711864407
deberta_full_klu_heat_t=0.1_alpha_0.8,0.6126465661641541,0.7605213640124616,0.7607815903568032,False,fr,0.6745762711864407
deberta_full_klu_heat_t=0.1_alpha_0.9,0.6102386934673367,0.7593729112687173,0.759637030673207,False,fr,0.6745762711864407
deberta_full_klu_heat_t=0.1_alpha_1.0,0.5,0.6675790829546375,0.6681543678788363,False,fr,0.6745762711864407
deberta_full_klu_heatn_t=0.1_alpha_0.0,0.6253140703517589,0.7682521162737801,0.7684861366782528,False,fr,0.6745762711864407
deberta_full_klu_heatn_t=0.1_alpha_0.1,0.6235866834170855,0.7676404817391692,0.7678765754810474,False,fr,0.6745762711864407
deberta_full_klu_heatn_t=0.1_alpha_0.2,0.6222257118927973,0.7664824359893954,0.7667224553100862,False,fr,0.6745762711864407
deberta_full_klu_heatn_t=0.1_alpha_0.3,0.6203412897822446,0.7653868339453115,0.7656305671712366,False,fr,0.6745762711864407
deberta_full_klu_heatn_t=0.1_alpha_0.4,0.6181951423785594,0.7635943393947653,0.7638441488734041,False,fr,0.6745762711864407
deberta_full_klu_heatn_t=0.1_alpha_0.5,0.6169388609715243,0.7631806912474112,0.7634319029231598,False,fr,0.6745762711864407
deberta_full_klu_heatn_t=0.1_alpha_0.6,0.6162583752093802,0.7629821286996232,0.763234013468754,False,fr,0.6745762711864407
deberta_full_klu_heatn_t=0.1_alpha_0.7,0.615211474036851,0.7626531939267747,0.762906193729034,False,fr,0.6745762711864407
deberta_full_klu_heatn_t=0.1_alpha_0.8,0.6145309882747069,0.7623408181234999,0.762594876826787,False,fr,0.6745762711864407
deberta_full_klu_heatn_t=0.1_alpha_0.9,0.6129606365159129,0.7615388554679652,0.7617956326887287,False,fr,0.6745762711864407
deberta_full_klu_heatn_t=0.1_alpha_1.0,0.5,0.6675790829546375,0.6681543678788363,False,fr,0.6745762711864407
deberta_full_klu_heat_t=0.2_alpha_0.0,0.6253140703517589,0.7682521162737801,0.7684861366782528,False,fr,0.6745762711864407
deberta_full_klu_heat_t=0.2_alpha_0.1,0.6240054438860971,0.7676800879967557,0.7679160474801334,False,fr,0.6745762711864407
deberta_full_klu_heat_t=0.2_alpha_0.2,0.6230108877721943,0.7667437138995881,0.7669828475324479,False,fr,0.6745762711864407
deberta_full_klu_heat_t=0.2_alpha_0.3,0.6219116415410385,0.7661098104666973,0.7663510929247533,False,fr,0.6745762711864407
deberta_full_klu_heat_t=0.2_alpha_0.4,0.6211264656616415,0.7655467598223644,0.7657899509266725,False,fr,0.6745762711864407
deberta_full_klu_heat_t=0.2_alpha_0.5,0.6194514237855945,0.7641124025032484,0.7643604558357568,False,fr,0.6745762711864407
deberta_full_klu_heat_t=0.2_alpha_0.6,0.6173052763819096,0.7630197542630796,0.7632715114879275,False,fr,0.6745762711864407
deberta_full_klu_heat_t=0.2_alpha_0.7,0.6153685092127303,0.7618409781505047,0.7620967312265816,False,fr,0.6745762711864407
deberta_full_klu_heat_t=0.2_alpha_0.8,0.6124371859296482,0.7603899019726619,0.7606505739510367,False,fr,0.6745762711864407
deberta_full_klu_heat_t=0.2_alpha_0.9,0.610605108877722,0.7594986337256935,0.7597623269523632,False,fr,0.6745762711864407
deberta_full_klu_heat_t=0.2_alpha_1.0,0.5,0.6675790829546375,0.6681543678788363,False,fr,0.6745762711864407
deberta_full_klu_heatn_t=0.2_alpha_0.0,0.6253140703517589,0.7682521162737801,0.7684861366782528,False,fr,0.6745762711864407
deberta_full_klu_heatn_t=0.2_alpha_0.1,0.623534338358459,0.7676151507911481,0.7678513304006467,False,fr,0.6745762711864407
deberta_full_klu_heatn_t=0.2_alpha_0.2,0.6223304020100503,0.7665172933796472,0.7667571945396933,False,fr,0.6745762711864407
deberta_full_klu_heatn_t=0.2_alpha_0.3,0.6207077051926299,0.7656241951310141,0.7658671237427503,False,fr,0.6745762711864407
deberta_full_klu_heatn_t=0.2_alpha_0.4,0.6185092127303182,0.7639102598470294,0.7641589984088809,False,fr,0.6745762711864407
deberta_full_klu_heatn_t=0.2_alpha_0.5,0.6169912060301508,0.7631643025044863,0.7634155697352957,False,fr,0.6745762711864407
deberta_full_klu_heatn_t=0.2_alpha_0.6,0.6161536850921272,0.7627745649078702,0.7630271532830747,False,fr,0.6745762711864407
deberta_full_klu_heatn_t=0.2_alpha_0.7,0.6145309882747069,0.7620273894384784,0.7622825106118843,False,fr,0.6745762711864407
deberta_full_klu_heatn_t=0.2_alpha_0.8,0.6137458123953099,0.7617274048573549,0.7619835429276459,False,fr,0.6745762711864407
deberta_full_klu_heatn_t=0.2_alpha_0.9,0.6119137353433836,0.7608028604662842,0.7610621325853584,False,fr,0.6745762711864407
deberta_full_klu_heatn_t=0.2_alpha_1.0,0.5,0.6675790829546375,0.6681543678788363,False,fr,0.6745762711864407
deberta_full_klu_heat_t=0.3_alpha_0.0,0.6253140703517589,0.7682521162737801,0.7684861366782528,False,fr,0.6745762711864407
deberta_full_klu_heat_t=0.3_alpha_0.1,0.6246859296482412,0.7678554187479307,0.7680907838897791,False,fr,0.6745762711864407
deberta_full_klu_heat_t=0.3_alpha_0.2,0.6231679229480737,0.766479810037692,0.7667198382599142,False,fr,0.6745762711864407
deberta_full_klu_heat_t=0.3_alpha_0.3,0.6222780569514238,0.7659095875311182,0.7661515487109897,False,fr,0.6745762711864407
deberta_full_klu_heat_t=0.3_alpha_0.4,0.6208123953098827,0.7651926623138335,0.7654370537486789,False,fr,0.6745762711864407
deberta_full_klu_heat_t=0.3_alpha_0.5,0.6199225293132329,0.7641064897389307,0.764354563114708,False,fr,0.6745762711864407
deberta_full_klu_heat_t=0.3_alpha_0.6,0.618718592964824,0.7634525205418206,0.7637028107623338,False,fr,0.6745762711864407
deberta_full_klu_heat_t=0.3_alpha_0.7,0.6162060301507538,0.7622792049053617,0.7625334724670154,False,fr,0.6745762711864407
deberta_full_klu_heat_t=0.3_alpha_0.8,0.6140598827470687,0.7612521717217948,0.7615099207518674,False,fr,0.6745762711864407
deberta_full_klu_heat_t=0.3_alpha_0.9,0.6114949748743719,0.7599194973148247,0.76018176388526,False,fr,0.6745762711864407
deberta_full_klu_heat_t=0.3_alpha_1.0,0.5,0.6675790829546375,0.6681543678788363,False,fr,0.6745762711864407
deberta_full_klu_heatn_t=0.3_alpha_0.0,0.6253140703517589,0.7682521162737801,0.7684861366782528,False,fr,0.6745762711864407
deberta_full_klu_heatn_t=0.3_alpha_0.1,0.6235866834170855,0.7676346988402527,0.767870812185178,False,fr,0.6745762711864407
deberta_full_klu_heatn_t=0.3_alpha_0.2,0.6224874371859297,0.7666837751551128,0.7669231119701573,False,fr,0.6745762711864407
deberta_full_klu_heatn_t=0.3_alpha_0.3,0.6208123953098827,0.7657481958259198,0.7659907040963174,False,fr,0.6745762711864407
deberta_full_klu_heatn_t=0.3_alpha_0.4,0.6187709380234506,0.7639586892817783,0.7642072636760545,False,fr,0.6745762711864407
deberta_full_klu_heatn_t=0.3_alpha_0.5,0.6167294807370185,0.7629831438219815,0.7632350251500196,False,fr,0.6745762711864407
deberta_full_klu_heatn_t=0.3_alpha_0.6,0.6161013400335008,0.7626588716797732,0.762911852235412,False,fr,0.6745762711864407
deberta_full_klu_heatn_t=0.3_alpha_0.7,0.6147927135678392,0.7620777415046749,0.7623326919931106,False,fr,0.6745762711864407
deberta_full_klu_heatn_t=0.3_alpha_0.8,0.6135887772194305,0.7615114265062775,0.7617682967065721,False,fr,0.6745762711864407
deberta_full_klu_heatn_t=0.3_alpha_0.9,0.612175460636516,0.7606635684595733,0.7609233127549416,False,fr,0.6745762711864407
deberta_full_klu_heatn_t=0.3_alpha_1.0,0.5,0.6675790829546375,0.6681543678788363,False,fr,0.6745762711864407
deberta_full_klu_heat_t=0.4_alpha_0.0,0.6253140703517589,0.7682521162737801,0.7684861366782528,False,fr,0.6745762711864407
deberta_full_klu_heat_t=0.4_alpha_0.1,0.6247382747068676,0.7678594579175888,0.7680948093673367,False,fr,0.6745762711864407
deberta_full_klu_heat_t=0.4_alpha_0.2,0.6239007537688442,0.7672157121399268,0.7674532457787515,False,fr,0.6745762711864407
deberta_full_klu_heat_t=0.4_alpha_0.3,0.6229585427135679,0.7661984096713339,0.766439391793103,False,fr,0.6745762711864407
deberta_full_klu_heat_t=0.4_alpha_0.4,0.6218069514237856,0.7656263587193372,0.7658692799968758,False,fr,0.6745762711864407
deberta_full_klu_heat_t=0.4_alpha_0.5,0.6208647403685092,0.7650576853325568,0.7653025343164912,False,fr,0.6745762711864407
deberta_full_klu_heat_t=0.4_alpha_0.6,0.6196608040201005,0.7643950342914634,0.7646421295501135,False,fr,0.6745762711864407
deberta_full_klu_heat_t=0.4_alpha_0.7,0.6175670016750419,0.763392933307376,0.7636434255185145,False,fr,0.6745762711864407
deberta_full_klu_heat_t=0.4_alpha_0.8,0.6152638190954773,0.7615671082669551,0.7618237897155186,False,fr,0.6745762711864407
deberta_full_klu_heat_t=0.4_alpha_0.9,0.6126989112227805,0.7604727600719141,0.7607331511753761,False,fr,0.6745762711864407
deberta_full_klu_heat_t=0.4_alpha_1.0,0.5,0.6675790829546375,0.6681543678788363,False,fr,0.6745762711864407
deberta_full_klu_heatn_t=0.4_alpha_0.0,0.6253140703517589,0.7682521162737801,0.7684861366782528,False,fr,0.6745762711864407
deberta_full_klu_heatn_t=0.4_alpha_0.1,0.6235343383584591,0.7676042149592976,0.7678404316394127,False,fr,0.6745762711864407
deberta_full_klu_heatn_t=0.4_alpha_0.2,0.6223827470686767,0.7666139166145683,0.7668534902382248,False,fr,0.6745762711864407
deberta_full_klu_heatn_t=0.4_alpha_0.3,0.6207600502512562,0.7657238780667728,0.7659664687702522,False,fr,0.6745762711864407
deberta_full_klu_heatn_t=0.4_alpha_0.4,0.6187709380234506,0.7639187458673813,0.7641674556630619,False,fr,0.6745762711864407
deberta_full_klu_heatn_t=0.4_alpha_0.5,0.6169912060301508,0.7629930424711406,0.7632448902444359,False,fr,0.6745762711864407
deberta_full_klu_heatn_t=0.4_alpha_0.6,0.6162060301507538,0.7626697097949375,0.7629226536112029,False,fr,0.6745762711864407
deberta_full_klu_heatn_t=0.4_alpha_0.7,0.6147927135678393,0.7619748819185951,0.7622301810835939,False,fr,0.6745762711864407
deberta_full_klu_heatn_t=0.4_alpha_0.8,0.6130653266331658,0.7611231961306679,0.7613813823661342,False,fr,0.6745762711864407
deberta_full_klu_heatn_t=0.4_alpha_0.9,0.6117567001675042,0.7603657596522526,0.7606265134690017,False,fr,0.6745762711864407
deberta_full_klu_heatn_t=0.4_alpha_1.0,0.5,0.6675790829546375,0.6681543678788363,False,fr,0.6745762711864407
deberta_full_klu_heat_t=0.5_alpha_0.0,0.6253140703517589,0.7682521162737801,0.7684861366782528,False,fr,0.6745762711864407
deberta_full_klu_heat_t=0.5_alpha_0.1,0.6245288944723618,0.7677107638627669,0.7679466193601584,False,fr,0.6745762711864407
deberta_full_klu_heat_t=0.5_alpha_0.2,0.6239530988274707,0.7673233266531416,0.7675604954970063,False,fr,0.6745762711864407
deberta_full_klu_heat_t=0.5_alpha_0.3,0.6231155778894472,0.766827094186616,0.767065945174435,False,fr,0.6745762711864407
deberta_full_klu_heat_t=0.5_alpha_0.4,0.621963986599665,0.7657370674200656,0.7659796134138729,False,fr,0.6745762711864407
deberta_full_klu_heat_t=0.5_alpha_0.5,0.6215452261306532,0.7654138077515844,0.7656574495408781,False,fr,0.6745762711864407
deberta_full_klu_heat_t=0.5_alpha_0.6,0.6203412897822447,0.7648373538139586,0.7650829496843967,False,fr,0.6745762711864407
deberta_full_klu_heat_t=0.5_alpha_0.7,0.6190326633165829,0.7641947236409147,0.7644424979187191,False,fr,0.6745762711864407
deberta_full_klu_heat_t=0.5_alpha_0.8,0.6172529313232831,0.7632495728662603,0.7635005510449957,False,fr,0.6745762711864407
deberta_full_klu_heat_t=0.5_alpha_0.9,0.6142169179229481,0.7609552794477954,0.7612140348923561,False,fr,0.6745762711864407
deberta_full_klu_heat_t=0.5_alpha_1.0,0.5,0.6675790829546375,0.6681543678788363,False,fr,0.6745762711864407
deberta_full_klu_heatn_t=0.5_alpha_0.0,0.6253140703517589,0.7682521162737801,0.7684861366782528,False,fr,0.6745762711864407
deberta_full_klu_heatn_t=0.5_alpha_0.1,0.623534338358459,0.7676178740794203,0.7678540444574331,False,fr,0.6745762711864407
deberta_full_klu_heatn_t=0.5_alpha_0.2,0.6226968174204355,0.7667327673450637,0.7669719380848881,False,fr,0.6745762711864407
deberta_full_klu_heatn_t=0.5_alpha_0.3,0.6206553601340034,0.7656431256851202,0.7658859901254865,False,fr,0.6745762711864407
deberta_full_klu_heatn_t=0.5_alpha_0.4,0.619032663316583,0.7641011830475368,0.7643492744120985,False,fr,0.6745762711864407
deberta_full_klu_heatn_t=0.5_alpha_0.5,0.6171482412060302,0.7630849457092115,0.7633364819461065,False,fr,0.6745762711864407
deberta_full_klu_heatn_t=0.5_alpha_0.6,0.6159443048576214,0.7625101399744787,0.7627636247053896,False,fr,0.6745762711864407
deberta_full_klu_heatn_t=0.5_alpha_0.7,0.6147403685092127,0.761850067311033,0.7621057895763964,False,fr,0.6745762711864407
deberta_full_klu_heatn_t=0.5_alpha_0.8,0.6128036013400335,0.7609102678588032,0.7611691758850216,False,fr,0.6745762711864407
deberta_full_klu_heatn_t=0.5_alpha_0.9,0.6109191792294808,0.7599726534798885,0.7602347398599336,False,fr,0.6745762711864407
deberta_full_klu_heatn_t=0.5_alpha_1.0,0.5,0.6675790829546375,0.6681543678788363,False,fr,0.6745762711864407
deberta_full_klu_heat_t=0.6_alpha_0.0,0.6253140703517589,0.7682521162737801,0.7684861366782528,False,fr,0.6745762711864407
deberta_full_klu_heat_t=0.6_alpha_0.1,0.6247906197654942,0.767798841054636,0.7680343979852753,False,fr,0.6745762711864407
deberta_full_klu_heat_t=0.6_alpha_0.2,0.6241624790619765,0.7674119037109729,0.7676487722936247,False,fr,0.6745762711864407
deberta_full_klu_heat_t=0.6_alpha_0.3,0.6230108877721944,0.766807404898656,0.7670463226298239,False,fr,0.6745762711864407
deberta_full_klu_heat_t=0.6_alpha_0.4,0.6223304020100503,0.7664759082997339,0.7667159497481864,False,fr,0.6745762711864407
deberta_full_klu_heat_t=0.6_alpha_0.5,0.6218069514237856,0.7655556865712072,0.7657988474153498,False,fr,0.6745762711864407
deberta_full_klu_heat_t=0.6_alpha_0.6,0.6210217755443885,0.7651948566664941,0.7654392406628557,False,fr,0.6745762711864407
deberta_full_klu_heat_t=0.6_alpha_0.7,0.6192420435510888,0.7643639783983653,0.7646111789312293,False,fr,0.6745762711864407
deberta_full_klu_heat_t=0.6_alpha_0.8,0.6182998324958123,0.7638651969013683,0.7641140882189678,False,fr,0.6745762711864407
deberta_full_klu_heat_t=0.6_alpha_0.9,0.6152638190954774,0.7621594845898645,0.7624141579830962,False,fr,0.6745762711864407
deberta_full_klu_heat_t=0.6_alpha_1.0,0.5,0.6675790829546375,0.6681543678788363,False,fr,0.6745762711864407
deberta_full_klu_heatn_t=0.6_alpha_0.0,0.6253140703517589,0.7682521162737801,0.7684861366782528,False,fr,0.6745762711864407
deberta_full_klu_heatn_t=0.6_alpha_0.1,0.6237437185929648,0.7677869916697216,0.7680225887677674,False,fr,0.6745762711864407
deberta_full_klu_heatn_t=0.6_alpha_0.2,0.6230108877721943,0.7668967134343787,0.7671353284247477,False,fr,0.6745762711864407
deberta_full_klu_heatn_t=0.6_alpha_0.3,0.6206553601340034,0.76559426232222,0.7658372924011048,False,fr,0.6745762711864407
deberta_full_klu_heatn_t=0.6_alpha_0.4,0.6191896984924622,0.7641299314901352,0.764377925402349,False,fr,0.6745762711864407
deberta_full_klu_heatn_t=0.6_alpha_0.5,0.6175670016750417,0.763181654127781,0.7634328625395282,False,fr,0.6745762711864407
deberta_full_klu_heatn_t=0.6_alpha_0.6,0.6158396147403684,0.7622946265062525,0.7625488417912932,False,fr,0.6745762711864407
deberta_full_klu_heatn_t=0.6_alpha_0.7,0.6148974036850922,0.7618126565624577,0.7620685056439179,False,fr,0.6745762711864407
deberta_full_klu_heatn_t=0.6_alpha_0.8,0.6126989112227806,0.7607237231959328,0.7609832635769407,False,fr,0.6745762711864407
deberta_full_klu_heatn_t=0.6_alpha_0.9,0.6105527638190955,0.7598009783931923,0.7600636467226839,False,fr,0.6745762711864407
deberta_full_klu_heatn_t=0.6_alpha_1.0,0.5,0.6675790829546375,0.6681543678788363,False,fr,0.6745762711864407
deberta_full_klu_heat_t=0.7_alpha_0.0,0.6253140703517589,0.7682521162737801,0.7684861366782528,False,fr,0.6745762711864407
deberta_full_klu_heat_t=0.7_alpha_0.1,0.6247382747068676,0.7677682295469748,0.7680038902454366,False,fr,0.6745762711864407
deberta_full_klu_heat_t=0.7_alpha_0.2,0.6242671691792294,0.7674761423382062,0.7677127931627994,False,fr,0.6745762711864407
deberta_full_klu_heat_t=0.7_alpha_0.3,0.623324958123953,0.7669485335444002,0.7671869728733793,False,fr,0.6745762711864407
deberta_full_klu_heat_t=0.7_alpha_0.4,0.6225921273031826,0.7666194991607795,0.7668590538605505,False,fr,0.6745762711864407
deberta_full_klu_heat_t=0.7_alpha_0.5,0.6218592964824121,0.7661617865136752,0.7664028927817415,False,fr,0.6745762711864407
deberta_full_klu_heat_t=0.7_alpha_0.6,0.621074120603015,0.7652438462555615,0.7654880641855197,False,fr,0.6745762711864407
deberta_full_klu_heat_t=0.7_alpha_0.7,0.6196084589614741,0.7645645800690284,0.7648111005962289,False,fr,0.6745762711864407
deberta_full_klu_heat_t=0.7_alpha_0.8,0.6184568676716918,0.7640005302342248,0.7642489627947638,False,fr,0.6745762711864407
deberta_full_klu_heat_t=0.7_alpha_0.9,0.6169912060301508,0.7630757865802278,0.7633273538650176,False,fr,0.6745762711864407
deberta_full_klu_heat_t=0.7_alpha_1.0,0.5,0.6675790829546375,0.6681543678788363,False,fr,0.6745762711864407
deberta_full_klu_heatn_t=0.7_alpha_0.0,0.6253140703517589,0.7682521162737801,0.7684861366782528,False,fr,0.6745762711864407
deberta_full_klu_heatn_t=0.7_alpha_0.1,0.6239007537688442,0.7678774242464232,0.7681127147933616,False,fr,0.6745762711864407
deberta_full_klu_heatn_t=0.7_alpha_0.2,0.6229061976549414,0.7668722486796586,0.7671109466013994,False,fr,0.6745762711864407
deberta_full_klu_heatn_t=0.7_alpha_0.3,0.6209170854271356,0.765741888277452,0.7659844179293699,False,fr,0.6745762711864407
deberta_full_klu_heatn_t=0.7_alpha_0.4,0.6193467336683417,0.7641538268989152,0.7644017398097432,False,fr,0.6745762711864407
deberta_full_klu_heatn_t=0.7_alpha_0.5,0.6174099664991625,0.763190596748417,0.7634417748461959,False,fr,0.6745762711864407
deberta_full_klu_heatn_t=0.7_alpha_0.6,0.6158396147403685,0.7623028238267944,0.7625570113243078,False,fr,0.6745762711864407
deberta_full_klu_heatn_t=0.7_alpha_0.7,0.6148450586264657,0.7616888239497493,0.7619450928027782,False,fr,0.6745762711864407
deberta_full_klu_heatn_t=0.7_alpha_0.8,0.6128036013400335,0.7607150646104281,0.7609746343425733,False,fr,0.6745762711864407
deberta_full_klu_heatn_t=0.7_alpha_0.9,0.6102910385259632,0.7595198124830439,0.7597834339173157,False,fr,0.6745762711864407
deberta_full_klu_heatn_t=0.7_alpha_1.0,0.5,0.6675790829546375,0.6681543678788363,False,fr,0.6745762711864407
deberta_full_klu_matern_kappa=1.0_nu=1.0_alpha_0.0,0.6253140703517589,0.7682521162737801,0.7684861366782528,False,fr,0.6745762711864407
deberta_full_klu_matern_kappa=1.0_nu=1.0_alpha_0.1,0.6239007537688442,0.7677325685353029,0.76796835011855,False,fr,0.6745762711864407
deberta_full_klu_matern_kappa=1.0_nu=1.0_alpha_0.2,0.6233773031825794,0.7669136870600282,0.767152244512683,False,fr,0.6745762711864407
deberta_full_klu_matern_kappa=1.0_nu=1.0_alpha_0.3,0.6218069514237856,0.7660882330286277,0.7663295886305416,False,fr,0.6745762711864407
deberta_full_klu_matern_kappa=1.0_nu=1.0_alpha_0.4,0.6212835008375209,0.7649850343551154,0.7652301296135497,False,fr,0.6745762711864407
deberta_full_klu_matern_kappa=1.0_nu=1.0_alpha_0.5,0.6188756281407035,0.7638624051521232,0.7641113059332795,False,fr,0.6745762711864407
deberta_full_klu_matern_kappa=1.0_nu=1.0_alpha_0.6,0.6172529313232831,0.7629092767687657,0.7631614084935943,False,fr,0.6745762711864407
deberta_full_klu_matern_kappa=1.0_nu=1.0_alpha_0.7,0.614897403685092,0.7616281115544805,0.761884586212239,False,fr,0.6745762711864407
deberta_full_klu_matern_kappa=1.0_nu=1.0_alpha_0.8,0.6121231155778895,0.7602057636949742,0.7604670598709005,False,fr,0.6745762711864407
deberta_full_klu_matern_kappa=1.0_nu=1.0_alpha_0.9,0.6104480737018426,0.7594103588726306,0.7596743513360902,False,fr,0.6745762711864407
deberta_full_klu_matern_kappa=1.0_nu=1.0_alpha_1.0,0.5,0.6675790829546375,0.6681543678788363,False,fr,0.6745762711864407
deberta_full_klu_maternn_kappa=1.0_nu=1.0_alpha_0.0,0.6253140703517589,0.7682521162737801,0.7684861366782528,False,fr,0.6745762711864407
deberta_full_klu_maternn_kappa=1.0_nu=1.0_alpha_0.1,0.6235343383584591,0.7676042149592976,0.7678404316394127,False,fr,0.6745762711864407
deberta_full_klu_maternn_kappa=1.0_nu=1.0_alpha_0.2,0.6223827470686767,0.7666139166145683,0.7668534902382248,False,fr,0.6745762711864407
deberta_full_klu_maternn_kappa=1.0_nu=1.0_alpha_0.3,0.6207600502512562,0.7657238780667728,0.7659664687702522,False,fr,0.6745762711864407
deberta_full_klu_maternn_kappa=1.0_nu=1.0_alpha_0.4,0.6187709380234506,0.7639187458673813,0.7641674556630619,False,fr,0.6745762711864407
deberta_full_klu_maternn_kappa=1.0_nu=1.0_alpha_0.5,0.6169388609715244,0.7629737165589576,0.7632256298438196,False,fr,0.6745762711864407
deberta_full_klu_maternn_kappa=1.0_nu=1.0_alpha_0.6,0.6161536850921273,0.762650493068699,0.7629035020264093,False,fr,0.6745762711864407
deberta_full_klu_maternn_kappa=1.0_nu=1.0_alpha_0.7,0.6147927135678393,0.7619748819185951,0.7622301810835939,False,fr,0.6745762711864407
deberta_full_klu_maternn_kappa=1.0_nu=1.0_alpha_0.8,0.6131176716917922,0.7611697901107257,0.7614278184004969,False,fr,0.6745762711864407
deberta_full_klu_maternn_kappa=1.0_nu=1.0_alpha_0.9,0.6117567001675042,0.7603657596522526,0.7606265134690017,False,fr,0.6745762711864407
deberta_full_klu_maternn_kappa=1.0_nu=1.0_alpha_1.0,0.5,0.6675790829546375,0.6681543678788363,False,fr,0.6745762711864407
deberta_full_klu_matern_kappa=1.0_nu=2.0_alpha_0.0,0.6253140703517589,0.7682521162737801,0.7684861366782528,False,fr,0.6745762711864407
deberta_full_klu_matern_kappa=1.0_nu=2.0_alpha_0.1,0.6241624790619766,0.767624205525885,0.7678603544413674,False,fr,0.6745762711864407
deberta_full_klu_matern_kappa=1.0_nu=2.0_alpha_0.2,0.6228538525963149,0.7663838220062339,0.7666241756116134,False,fr,0.6745762711864407
deberta_full_klu_matern_kappa=1.0_nu=2.0_alpha_0.3,0.6216499162479062,0.7657131135175472,0.7659557407110241,False,fr,0.6745762711864407
deberta_full_klu_matern_kappa=1.0_nu=2.0_alpha_0.4,0.6209170854271356,0.7652922570184049,0.7655363108440822,False,fr,0.6745762711864407
deberta_full_klu_matern_kappa=1.0_nu=2.0_alpha_0.5,0.6202889447236181,0.764377858780243,0.7646250122609649,False,fr,0.6745762711864407
deberta_full_klu_matern_kappa=1.0_nu=2.0_alpha_0.6,0.6183521775544389,0.7634861865858673,0.7637363626841973,False,fr,0.6745762711864407
deberta_full_klu_matern_kappa=1.0_nu=2.0_alpha_0.7,0.6155778894472361,0.7620426063079273,0.762297675898725,False,fr,0.6745762711864407
deberta_full_klu_matern_kappa=1.0_nu=2.0_alpha_0.8,0.6130129815745394,0.7606500001817774,0.7609097904713078,False,fr,0.6745762711864407
deberta_full_klu_matern_kappa=1.0_nu=2.0_alpha_0.9,0.6109715242881072,0.7597073519798772,0.7599703376870413,False,fr,0.6745762711864407
deberta_full_klu_matern_kappa=1.0_nu=2.0_alpha_1.0,0.5,0.6675790829546375,0.6681543678788363,False,fr,0.6745762711864407
deberta_full_klu_maternn_kappa=1.0_nu=2.0_alpha_0.0,0.6253140703517589,0.7682521162737801,0.7684861366782528,False,fr,0.6745762711864407
deberta_full_klu_maternn_kappa=1.0_nu=2.0_alpha_0.1,0.6234819932998326,0.7675816893927797,0.7678179824307472,False,fr,0.6745762711864407
deberta_full_klu_maternn_kappa=1.0_nu=2.0_alpha_0.2,0.6225397822445561,0.7667192228250495,0.7669584394785008,False,fr,0.6745762711864407
deberta_full_klu_maternn_kappa=1.0_nu=2.0_alpha_0.3,0.6207077051926299,0.7657202793086186,0.7659628822112784,False,fr,0.6745762711864407
deberta_full_klu_maternn_kappa=1.0_nu=2.0_alpha_0.4,0.6187709380234506,0.7639389217678182,0.7641875631706161,False,fr,0.6745762711864407
deberta_full_klu_maternn_kappa=1.0_nu=2.0_alpha_0.5,0.6172005862646566,0.7631089065119706,0.7633603615258054,False,fr,0.6745762711864407
deberta_full_klu_maternn_kappa=1.0_nu=2.0_alpha_0.6,0.6160489949748744,0.7625461582857808,0.7627995209207213,False,fr,0.6745762711864407
deberta_full_klu_maternn_kappa=1.0_nu=2.0_alpha_0.7,0.6146880234505863,0.7618901246590173,0.7621457111367603,False,fr,0.6745762711864407
deberta_full_klu_maternn_kappa=1.0_nu=2.0_alpha_0.8,0.6131176716917923,0.7611542982691707,0.7614123790736591,False,fr,0.6745762711864407
deberta_full_klu_maternn_kappa=1.0_nu=2.0_alpha_0.9,0.6113379396984925,0.7601581574625333,0.7604196150155188,False,fr,0.6745762711864407
deberta_full_klu_maternn_kappa=1.0_nu=2.0_alpha_1.0,0.5,0.6675790829546375,0.6681543678788363,False,fr,0.6745762711864407
deberta_full_klu_matern_kappa=1.0_nu=3.0_alpha_0.0,0.6253140703517589,0.7682521162737801,0.7684861366782528,False,fr,0.6745762711864407
deberta_full_klu_matern_kappa=1.0_nu=3.0_alpha_0.1,0.6245812395309883,0.767818536097884,0.7680540262656648,False,fr,0.6745762711864407
deberta_full_klu_matern_kappa=1.0_nu=3.0_alpha_0.2,0.6230632328308208,0.7664240983611563,0.7666643154365193,False,fr,0.6745762711864407
deberta_full_klu_matern_kappa=1.0_nu=3.0_alpha_0.3,0.6222780569514238,0.7659213635780908,0.7661632848391592,False,fr,0.6745762711864407
deberta_full_klu_matern_kappa=1.0_nu=3.0_alpha_0.4,0.6206553601340034,0.7651055834859954,0.7653502701033079,False,fr,0.6745762711864407
deberta_full_klu_matern_kappa=1.0_nu=3.0_alpha_0.5,0.6201319095477388,0.764246663148505,0.764494261360182,False,fr,0.6745762711864407
deberta_full_klu_matern_kappa=1.0_nu=3.0_alpha_0.6,0.6186139028475712,0.7634110130417505,0.7636614439656538,False,fr,0.6745762711864407
deberta_full_klu_matern_kappa=1.0_nu=3.0_alpha_0.7,0.6163630653266332,0.7623532716529641,0.7626072881408971,False,fr,0.6745762711864407
deberta_full_klu_matern_kappa=1.0_nu=3.0_alpha_0.8,0.6139551926298158,0.7612149109566037,0.761472786294355,False,fr,0.6745762711864407
deberta_full_klu_matern_kappa=1.0_nu=3.0_alpha_0.9,0.6114426298157454,0.7599070735141356,0.7601693821991495,False,fr,0.6745762711864407
deberta_full_klu_matern_kappa=1.0_nu=3.0_alpha_1.0,0.5,0.6675790829546375,0.6681543678788363,False,fr,0.6745762711864407
deberta_full_klu_maternn_kappa=1.0_nu=3.0_alpha_0.0,0.6253140703517589,0.7682521162737801,0.7684861366782528,False,fr,0.6745762711864407
deberta_full_klu_maternn_kappa=1.0_nu=3.0_alpha_0.1,0.623534338358459,0.7676178740794203,0.7678540444574331,False,fr,0.6745762711864407
deberta_full_klu_maternn_kappa=1.0_nu=3.0_alpha_0.2,0.6226444723618091,0.7667810100798416,0.7670200172849717,False,fr,0.6745762711864407
deberta_full_klu_maternn_kappa=1.0_nu=3.0_alpha_0.3,0.6206553601340034,0.7656988748140399,0.7659415502743084,False,fr,0.6745762711864407
deberta_full_klu_maternn_kappa=1.0_nu=3.0_alpha_0.4,0.6189803182579565,0.7640574050495127,0.7643056448140676,False,fr,0.6745762711864407
deberta_full_klu_maternn_kappa=1.0_nu=3.0_alpha_0.5,0.6172005862646567,0.7630933889884546,0.7633448966040638,False,fr,0.6745762711864407
deberta_full_klu_maternn_kappa=1.0_nu=3.0_alpha_0.6,0.6160489949748744,0.7625387227534284,0.7627921105935632,False,fr,0.6745762711864407
deberta_full_klu_maternn_kappa=1.0_nu=3.0_alpha_0.7,0.6146356783919598,0.76187806178899,0.7621336891578179,False,fr,0.6745762711864407
deberta_full_klu_maternn_kappa=1.0_nu=3.0_alpha_0.8,0.6132223618090452,0.7612145813512529,0.7614724578063103,False,fr,0.6745762711864407
deberta_full_klu_maternn_kappa=1.0_nu=3.0_alpha_0.9,0.6110762144053602,0.7600215307851064,0.7602834514793712,False,fr,0.6745762711864407
deberta_full_klu_maternn_kappa=1.0_nu=3.0_alpha_1.0,0.5,0.6675790829546375,0.6681543678788363,False,fr,0.6745762711864407
deberta_full_klu_matern_kappa=2.0_nu=1.0_alpha_0.0,0.6253140703517589,0.7682521162737801,0.7684861366782528,False,fr,0.6745762711864407
deberta_full_klu_matern_kappa=2.0_nu=1.0_alpha_0.1,0.6246335845896148,0.7678302234846401,0.7680656740341608,False,fr,0.6745762711864407
deberta_full_klu_matern_kappa=2.0_nu=1.0_alpha_0.2,0.6232726130653267,0.766469506819725,0.7667095699681098,False,fr,0.6745762711864407
deberta_full_klu_matern_kappa=2.0_nu=1.0_alpha_0.3,0.6223304020100503,0.7659635790497382,0.7662053572075128,False,fr,0.6745762711864407
deberta_full_klu_matern_kappa=2.0_nu=1.0_alpha_0.4,0.6208647403685092,0.7652316648917632,0.7654759241144801,False,fr,0.6745762711864407
deberta_full_klu_matern_kappa=2.0_nu=1.0_alpha_0.5,0.6200272194304858,0.7647468336703294,0.764992736388712,False,fr,0.6745762711864407
deberta_full_klu_matern_kappa=2.0_nu=1.0_alpha_0.6,0.6186139028475712,0.7633439492375971,0.7635946074964297,False,fr,0.6745762711864407
deberta_full_klu_matern_kappa=2.0_nu=1.0_alpha_0.7,0.6162583752093802,0.7622349118479508,0.7624893295555619,False,fr,0.6745762711864407
deberta_full_klu_matern_kappa=2.0_nu=1.0_alpha_0.8,0.6141645728643217,0.7613134564922008,0.7615709977772891,False,fr,0.6745762711864407
deberta_full_klu_matern_kappa=2.0_nu=1.0_alpha_0.9,0.6114949748743719,0.7599194973148247,0.76018176388526,False,fr,0.6745762711864407
deberta_full_klu_matern_kappa=2.0_nu=1.0_alpha_1.0,0.5,0.6675790829546375,0.6681543678788363,False,fr,0.6745762711864407
deberta_full_klu_maternn_kappa=2.0_nu=1.0_alpha_0.0,0.6253140703517589,0.7682521162737801,0.7684861366782528,False,fr,0.6745762711864407
deberta_full_klu_maternn_kappa=2.0_nu=1.0_alpha_0.1,0.6238484087102176,0.7678888524690907,0.7681241042762911,False,fr,0.6745762711864407
deberta_full_klu_maternn_kappa=2.0_nu=1.0_alpha_0.2,0.6228015075376884,0.766779864380247,0.7670188754691046,False,fr,0.6745762711864407
deberta_full_klu_maternn_kappa=2.0_nu=1.0_alpha_0.3,0.6217546063651591,0.7661324588528415,0.7663736645367073,False,fr,0.6745762711864407
deberta_full_klu_maternn_kappa=2.0_nu=1.0_alpha_0.4,0.6200795644891123,0.7645423651565761,0.7647889609885647,False,fr,0.6745762711864407
deberta_full_klu_maternn_kappa=2.0_nu=1.0_alpha_0.5,0.6183521775544388,0.7636186480923746,0.7638683751686486,False,fr,0.6745762711864407
deberta_full_klu_maternn_kappa=2.0_nu=1.0_alpha_0.6,0.616677135678392,0.7625770791775544,0.7628303369959125,False,fr,0.6745762711864407
deberta_full_klu_maternn_kappa=2.0_nu=1.0_alpha_0.7,0.6146356783919598,0.7614769381216184,0.7617339252316916,False,fr,0.6745762711864407
deberta_full_klu_maternn_kappa=2.0_nu=1.0_alpha_0.8,0.6123324958123952,0.7603298409620741,0.760590716537095,False,fr,0.6745762711864407
deberta_full_klu_maternn_kappa=2.0_nu=1.0_alpha_0.9,0.6102386934673367,0.7593237549696291,0.7595880410056411,False,fr,0.6745762711864407
deberta_full_klu_maternn_kappa=2.0_nu=1.0_alpha_1.0,0.5,0.6675790829546375,0.6681543678788363,False,fr,0.6745762711864407
deberta_full_klu_matern_kappa=2.0_nu=2.0_alpha_0.0,0.6253140703517589,0.7682521162737801,0.7684861366782528,False,fr,0.6745762711864407
deberta_full_klu_matern_kappa=2.0_nu=2.0_alpha_0.1,0.6245812395309883,0.7677399900721174,0.7679757464976127,False,fr,0.6745762711864407
deberta_full_klu_matern_kappa=2.0_nu=2.0_alpha_0.2,0.6240577889447236,0.7673346940515353,0.7675718243618461,False,fr,0.6745762711864407
deberta_full_klu_matern_kappa=2.0_nu=2.0_alpha_0.3,0.6231155778894473,0.766868603464564,0.7671073137429663,False,fr,0.6745762711864407
deberta_full_klu_matern_kappa=2.0_nu=2.0_alpha_0.4,0.6219639865996651,0.7657447319374617,0.7659872519498542,False,fr,0.6745762711864407
deberta_full_klu_matern_kappa=2.0_nu=2.0_alpha_0.5,0.6212835008375209,0.7653233394493086,0.7655672879108134,False,fr,0.6745762711864407
deberta_full_klu_matern_kappa=2.0_nu=2.0_alpha_0.6,0.6203412897822446,0.7648089416471969,0.7650546338300648,False,fr,0.6745762711864407
deberta_full_klu_matern_kappa=2.0_nu=2.0_alpha_0.7,0.6190326633165828,0.7641893692866211,0.764437161714779,False,fr,0.6745762711864407
deberta_full_klu_matern_kappa=2.0_nu=2.0_alpha_0.8,0.6165201005025125,0.7629099787177718,0.7631621080631124,False,fr,0.6745762711864407
deberta_full_klu_matern_kappa=2.0_nu=2.0_alpha_0.9,0.6137458123953099,0.7607598523014917,0.7610192702109552,False,fr,0.6745762711864407
deberta_full_klu_matern_kappa=2.0_nu=2.0_alpha_1.0,0.5,0.6675790829546375,0.6681543678788363,False,fr,0.6745762711864407
deberta_full_klu_maternn_kappa=2.0_nu=2.0_alpha_0.0,0.6253140703517589,0.7682521162737801,0.7684861366782528,False,fr,0.6745762711864407
deberta_full_klu_maternn_kappa=2.0_nu=2.0_alpha_0.1,0.6240054438860971,0.7678429130331857,0.7680783205672875,False,fr,0.6745762711864407
deberta_full_klu_maternn_kappa=2.0_nu=2.0_alpha_0.2,0.6229061976549414,0.7667004774178766,0.7669397576150812,False,fr,0.6745762711864407
deberta_full_klu_maternn_kappa=2.0_nu=2.0_alpha_0.3,0.6218069514237855,0.7661002062289863,0.7663415212437803,False,fr,0.6745762711864407
deberta_full_klu_maternn_kappa=2.0_nu=2.0_alpha_0.4,0.6209170854271356,0.7648551764285685,0.7651007118833639,False,fr,0.6745762711864407
deberta_full_klu_maternn_kappa=2.0_nu=2.0_alpha_0.5,0.6190850083752094,0.7639267269986101,0.7641754097396087,False,fr,0.6745762711864407
deberta_full_klu_maternn_kappa=2.0_nu=2.0_alpha_0.6,0.6171482412060302,0.762822215385898,0.7630746422340584,False,fr,0.6745762711864407
deberta_full_klu_maternn_kappa=2.0_nu=2.0_alpha_0.7,0.6146880234505863,0.7615378949765081,0.7617946754531749,False,fr,0.6745762711864407
deberta_full_klu_maternn_kappa=2.0_nu=2.0_alpha_0.8,0.612751256281407,0.7604585175775944,0.7607189569606982,False,fr,0.6745762711864407
deberta_full_klu_maternn_kappa=2.0_nu=2.0_alpha_0.9,0.6104480737018425,0.7594413406002232,0.7597052280408774,False,fr,0.6745762711864407
deberta_full_klu_maternn_kappa=2.0_nu=2.0_alpha_1.0,0.5,0.6675790829546375,0.6681543678788363,False,fr,0.6745762711864407
deberta_full_klu_matern_kappa=2.0_nu=3.0_alpha_0.0,0.6253140703517589,0.7682521162737801,0.7684861366782528,False,fr,0.6745762711864407
deberta_full_klu_matern_kappa=2.0_nu=3.0_alpha_0.1,0.6247906197654942,0.767798841054636,0.7680343979852753,False,fr,0.6745762711864407
deberta_full_klu_matern_kappa=2.0_nu=3.0_alpha_0.2,0.624214824120603,0.7674342810829744,0.7676710738101279,False,fr,0.6745762711864407
deberta_full_klu_matern_kappa=2.0_nu=3.0_alpha_0.3,0.6230632328308209,0.7668281449019743,0.7670669923280462,False,fr,0.6745762711864407
deberta_full_klu_matern_kappa=2.0_nu=3.0_alpha_0.4,0.6223304020100503,0.7664759082997339,0.7667159497481864,False,fr,0.6745762711864407
deberta_full_klu_matern_kappa=2.0_nu=3.0_alpha_0.5,0.6217546063651592,0.7655363606590242,0.7657795870147334,False,fr,0.6745762711864407
deberta_full_klu_matern_kappa=2.0_nu=3.0_alpha_0.6,0.6210217755443885,0.7652195897919024,0.7654638899471611,False,fr,0.6745762711864407
deberta_full_klu_matern_kappa=2.0_nu=3.0_alpha_0.7,0.6193990787269682,0.7644383545730675,0.7646853029833054,False,fr,0.6745762711864407
deberta_full_klu_matern_kappa=2.0_nu=3.0_alpha_0.8,0.6184568676716918,0.7639329023030332,0.7641815641107966,False,fr,0.6745762711864407
deberta_full_klu_matern_kappa=2.0_nu=3.0_alpha_0.9,0.6154208542713567,0.7622193392179198,0.7624738097141073,False,fr,0.6745762711864407
deberta_full_klu_matern_kappa=2.0_nu=3.0_alpha_1.0,0.5,0.6675790829546375,0.6681543678788363,False,fr,0.6745762711864407
deberta_full_klu_maternn_kappa=2.0_nu=3.0_alpha_0.0,0.6253140703517589,0.7682521162737801,0.7684861366782528,False,fr,0.6745762711864407
deberta_full_klu_maternn_kappa=2.0_nu=3.0_alpha_0.1,0.6238484087102178,0.7677190345347088,0.767954861995924,False,fr,0.6745762711864407
deberta_full_klu_maternn_kappa=2.0_nu=3.0_alpha_0.2,0.6231679229480737,0.766799367524283,0.7670383125007879,False,fr,0.6745762711864407
deberta_full_klu_maternn_kappa=2.0_nu=3.0_alpha_0.3,0.6217022613065326,0.7660306454945636,0.7662721963084573,False,fr,0.6745762711864407
deberta_full_klu_maternn_kappa=2.0_nu=3.0_alpha_0.4,0.621178810720268,0.7649676971345569,0.7652128511632303,False,fr,0.6745762711864407
deberta_full_klu_maternn_kappa=2.0_nu=3.0_alpha_0.5,0.61892797319933,0.763912686136851,0.7641614164739912,False,fr,0.6745762711864407
deberta_full_klu_maternn_kappa=2.0_nu=3.0_alpha_0.6,0.6173576214405361,0.7629437934560678,0.7631958081751767,False,fr,0.6745762711864407
deberta_full_klu_maternn_kappa=2.0_nu=3.0_alpha_0.7,0.6147927135678392,0.7615773482520704,0.7618339949888199,False,fr,0.6745762711864407
deberta_full_klu_maternn_kappa=2.0_nu=3.0_alpha_0.8,0.6123848408710219,0.760330898545968,0.7605917705359587,False,fr,0.6745762711864407
deberta_full_klu_maternn_kappa=2.0_nu=3.0_alpha_0.9,0.6103957286432161,0.7594365094930848,0.7597004133103734,False,fr,0.6745762711864407
deberta_full_klu_maternn_kappa=2.0_nu=3.0_alpha_1.0,0.5,0.6675790829546375,0.6681543678788363,False,fr,0.6745762711864407
deberta_full_klu_matern_kappa=3.0_nu=1.0_alpha_0.0,0.6253140703517589,0.7682521162737801,0.7684861366782528,False,fr,0.6745762711864407
deberta_full_klu_matern_kappa=3.0_nu=1.0_alpha_0.1,0.6247906197654941,0.767874727442305,0.7681100271309521,False,fr,0.6745762711864407
deberta_full_klu_matern_kappa=3.0_nu=1.0_alpha_0.2,0.6239007537688442,0.7672355678569723,0.7674730341882817,False,fr,0.6745762711864407
deberta_full_klu_matern_kappa=3.0_nu=1.0_alpha_0.3,0.6231679229480738,0.7663089500378595,0.7665495574465218,False,fr,0.6745762711864407
deberta_full_klu_matern_kappa=3.0_nu=1.0_alpha_0.4,0.6218069514237856,0.765621845999902,0.7658647825747945,False,fr,0.6745762711864407
deberta_full_klu_matern_kappa=3.0_nu=1.0_alpha_0.5,0.6208647403685091,0.7651381312668053,0.7653827075526575,False,fr,0.6745762711864407
deberta_full_klu_matern_kappa=3.0_nu=1.0_alpha_0.6,0.6189803182579564,0.7640916870873184,0.7643398106415759,False,fr,0.6745762711864407
deberta_full_klu_matern_kappa=3.0_nu=1.0_alpha_0.7,0.617462311557789,0.7633582391256606,0.7636088489441947,False,fr,0.6745762711864407
deberta_full_klu_matern_kappa=3.0_nu=1.0_alpha_0.8,0.6151591289782244,0.7615375296779712,0.7617943113929383,False,fr,0.6745762711864407
deberta_full_klu_matern_kappa=3.0_nu=1.0_alpha_0.9,0.612751256281407,0.7605443411858908,0.7608044896415088,False,fr,0.6745762711864407
deberta_full_klu_matern_kappa=3.0_nu=1.0_alpha_1.0,0.5,0.6675790829546375,0.6681543678788363,False,fr,0.6745762711864407
deberta_full_klu_maternn_kappa=3.0_nu=1.0_alpha_0.0,0.6253140703517589,0.7682521162737801,0.7684861366782528,False,fr,0.6745762711864407
deberta_full_klu_maternn_kappa=3.0_nu=1.0_alpha_0.1,0.6239007537688442,0.7677325685353029,0.76796835011855,False,fr,0.6745762711864407
deberta_full_klu_maternn_kappa=3.0_nu=1.0_alpha_0.2,0.6233773031825794,0.7669136870600282,0.767152244512683,False,fr,0.6745762711864407
deberta_full_klu_maternn_kappa=3.0_nu=1.0_alpha_0.3,0.6218069514237856,0.7660882330286277,0.7663295886305416,False,fr,0.6745762711864407
deberta_full_klu_maternn_kappa=3.0_nu=1.0_alpha_0.4,0.6212835008375209,0.7649850343551154,0.7652301296135497,False,fr,0.6745762711864407
deberta_full_klu_maternn_kappa=3.0_nu=1.0_alpha_0.5,0.6188756281407035,0.7638624051521232,0.7641113059332795,False,fr,0.6745762711864407
deberta_full_klu_maternn_kappa=3.0_nu=1.0_alpha_0.6,0.6172529313232831,0.7629092767687657,0.7631614084935943,False,fr,0.6745762711864407
deberta_full_klu_maternn_kappa=3.0_nu=1.0_alpha_0.7,0.614897403685092,0.7616281115544805,0.761884586212239,False,fr,0.6745762711864407
deberta_full_klu_maternn_kappa=3.0_nu=1.0_alpha_0.8,0.6121231155778895,0.7602057636949742,0.7604670598709005,False,fr,0.6745762711864407
deberta_full_klu_maternn_kappa=3.0_nu=1.0_alpha_0.9,0.6104480737018426,0.7594103588726306,0.7596743513360902,False,fr,0.6745762711864407
deberta_full_klu_maternn_kappa=3.0_nu=1.0_alpha_1.0,0.5,0.6675790829546375,0.6681543678788363,False,fr,0.6745762711864407
deberta_full_klu_matern_kappa=3.0_nu=2.0_alpha_0.0,0.6253140703517589,0.7682521162737801,0.7684861366782528,False,fr,0.6745762711864407
deberta_full_klu_matern_kappa=3.0_nu=2.0_alpha_0.1,0.6246859296482412,0.76773893789972,0.7679746978919014,False,fr,0.6745762711864407
deberta_full_klu_matern_kappa=3.0_nu=2.0_alpha_0.2,0.6242148241206031,0.7674454951481753,0.7676822498615483,False,fr,0.6745762711864407
deberta_full_klu_matern_kappa=3.0_nu=2.0_alpha_0.3,0.6232202680067002,0.766898230576221,0.7671368404237363,False,fr,0.6745762711864407
deberta_full_klu_matern_kappa=3.0_nu=2.0_alpha_0.4,0.6223827470686768,0.7664961544934494,0.7667361273107368,False,fr,0.6745762711864407
deberta_full_klu_matern_kappa=3.0_nu=2.0_alpha_0.5,0.6217546063651591,0.7655434039350795,0.7657866064152765,False,fr,0.6745762711864407
deberta_full_klu_matern_kappa=3.0_nu=2.0_alpha_0.6,0.6208647403685092,0.765140995263045,0.7653855618404354,False,fr,0.6745762711864407
deberta_full_klu_matern_kappa=3.0_nu=2.0_alpha_0.7,0.6194514237855946,0.764475466205048,0.7647222888131434,False,fr,0.6745762711864407
deberta_full_klu_matern_kappa=3.0_nu=2.0_alpha_0.8,0.6183521775544388,0.7639375078829204,0.7641861540785485,False,fr,0.6745762711864407
deberta_full_klu_matern_kappa=3.0_nu=2.0_alpha_0.9,0.6160489949748743,0.762572158907429,0.7628254334046691,False,fr,0.6745762711864407
deberta_full_klu_matern_kappa=3.0_nu=2.0_alpha_1.0,0.5,0.6675790829546375,0.6681543678788363,False,fr,0.6745762711864407
deberta_full_klu_maternn_kappa=3.0_nu=2.0_alpha_0.0,0.6253140703517589,0.7682521162737801,0.7684861366782528,False,fr,0.6745762711864407
deberta_full_klu_maternn_kappa=3.0_nu=2.0_alpha_0.1,0.6241624790619766,0.767624205525885,0.7678603544413674,False,fr,0.6745762711864407
deberta_full_klu_maternn_kappa=3.0_nu=2.0_alpha_0.2,0.6228538525963149,0.7663838220062339,0.7666241756116134,False,fr,0.6745762711864407
deberta_full_klu_maternn_kappa=3.0_nu=2.0_alpha_0.3,0.6216499162479062,0.7657131135175472,0.7659557407110241,False,fr,0.6745762711864407
deberta_full_klu_maternn_kappa=3.0_nu=2.0_alpha_0.4,0.6209170854271356,0.7652922570184049,0.7655363108440822,False,fr,0.6745762711864407
deberta_full_klu_maternn_kappa=3.0_nu=2.0_alpha_0.5,0.6202889447236181,0.764377858780243,0.7646250122609649,False,fr,0.6745762711864407
deberta_full_klu_maternn_kappa=3.0_nu=2.0_alpha_0.6,0.6183521775544389,0.7634861865858673,0.7637363626841973,False,fr,0.6745762711864407
deberta_full_klu_maternn_kappa=3.0_nu=2.0_alpha_0.7,0.6155778894472361,0.7620426063079273,0.762297675898725,False,fr,0.6745762711864407
deberta_full_klu_maternn_kappa=3.0_nu=2.0_alpha_0.8,0.6130129815745394,0.7606500001817774,0.7609097904713078,False,fr,0.6745762711864407
deberta_full_klu_maternn_kappa=3.0_nu=2.0_alpha_0.9,0.6109715242881072,0.7597073519798772,0.7599703376870413,False,fr,0.6745762711864407
deberta_full_klu_maternn_kappa=3.0_nu=2.0_alpha_1.0,0.5,0.6675790829546375,0.6681543678788363,False,fr,0.6745762711864407
deberta_full_klu_matern_kappa=3.0_nu=3.0_alpha_0.0,0.6253140703517589,0.7682521162737801,0.7684861366782528,False,fr,0.6745762711864407
deberta_full_klu_matern_kappa=3.0_nu=3.0_alpha_0.1,0.6247382747068676,0.767766262365362,0.768001929732236,False,fr,0.6745762711864407
deberta_full_klu_matern_kappa=3.0_nu=3.0_alpha_0.2,0.624214824120603,0.7674549581800026,0.7676916808153017,False,fr,0.6745762711864407
deberta_full_klu_matern_kappa=3.0_nu=3.0_alpha_0.3,0.6233773031825794,0.7669902338984398,0.7672285318702865,False,fr,0.6745762711864407
deberta_full_klu_matern_kappa=3.0_nu=3.0_alpha_0.4,0.6226968174204355,0.7666455313766395,0.766884997831611,False,fr,0.6745762711864407
deberta_full_klu_matern_kappa=3.0_nu=3.0_alpha_0.5,0.6219116415410385,0.7662017643620007,0.7664427351119372,False,fr,0.6745762711864407
deberta_full_klu_matern_kappa=3.0_nu=3.0_alpha_0.6,0.6211264656616415,0.7652386188460527,0.765482854496043,False,fr,0.6745762711864407
deberta_full_klu_matern_kappa=3.0_nu=3.0_alpha_0.7,0.619608458961474,0.7645474110260355,0.7647939897533819,False,fr,0.6745762711864407
deberta_full_klu_matern_kappa=3.0_nu=3.0_alpha_0.8,0.6188756281407035,0.764122537813543,0.7643705567890672,False,fr,0.6745762711864407
deberta_full_klu_matern_kappa=3.0_nu=3.0_alpha_0.9,0.6175146566164154,0.7634839628556088,0.7637341464920075,False,fr,0.6745762711864407
deberta_full_klu_matern_kappa=3.0_nu=3.0_alpha_1.0,0.5,0.6675790829546375,0.6681543678788363,False,fr,0.6745762711864407
deberta_full_klu_maternn_kappa=3.0_nu=3.0_alpha_0.0,0.6253140703517589,0.7682521162737801,0.7684861366782528,False,fr,0.6745762711864407
deberta_full_klu_maternn_kappa=3.0_nu=3.0_alpha_0.1,0.6245812395309883,0.767818536097884,0.7680540262656648,False,fr,0.6745762711864407
deberta_full_klu_maternn_kappa=3.0_nu=3.0_alpha_0.2,0.6230632328308208,0.7664240983611563,0.7666643154365193,False,fr,0.6745762711864407
deberta_full_klu_maternn_kappa=3.0_nu=3.0_alpha_0.3,0.6222780569514238,0.7659213635780908,0.7661632848391592,False,fr,0.6745762711864407
deberta_full_klu_maternn_kappa=3.0_nu=3.0_alpha_0.4,0.6206553601340034,0.7651055834859954,0.7653502701033079,False,fr,0.6745762711864407
deberta_full_klu_maternn_kappa=3.0_nu=3.0_alpha_0.5,0.6201319095477388,0.764246663148505,0.764494261360182,False,fr,0.6745762711864407
deberta_full_klu_maternn_kappa=3.0_nu=3.0_alpha_0.6,0.6186139028475712,0.7634110130417505,0.7636614439656538,False,fr,0.6745762711864407
deberta_full_klu_maternn_kappa=3.0_nu=3.0_alpha_0.7,0.6163630653266332,0.7623532716529641,0.7626072881408971,False,fr,0.6745762711864407
deberta_full_klu_maternn_kappa=3.0_nu=3.0_alpha_0.8,0.6139551926298158,0.7612149109566037,0.761472786294355,False,fr,0.6745762711864407
deberta_full_klu_maternn_kappa=3.0_nu=3.0_alpha_0.9,0.6114426298157454,0.7599070735141356,0.7601693821991495,False,fr,0.6745762711864407
deberta_full_klu_maternn_kappa=3.0_nu=3.0_alpha_1.0,0.5,0.6675790829546375,0.6681543678788363,False,fr,0.6745762711864407
