question_id,language,confidence,uncertainty,m,n,accuracy,W_mean,weights_mean
1000_r1,en,0.4134251101092648,0.5865748898907353,3,10,0.0,0.27815884351730347,0.3000000000028235
1000_r1,fr,0.13607975042913376,0.8639202495708662,3,10,0.0,0.12056031078100204,0.5245112497857819
1000_r1,ja,0.543461873080446,0.456538126919554,3,10,0.0,0.3993343710899353,1.0
1000_r1,zh,0.4854496506471383,0.5145503493528617,3,10,0.0,0.30181485414505005,1.0
1000_r2,en,0.00023400332810923394,0.9997659966718908,3,10,0.0,0.0004938838537782431,0.8000000000008656
1000_r2,fr,0.17078018745821946,0.8292198125417806,3,10,0.0,0.27878129482269287,0.5245112497857819
1000_r2,ja,0.6740923103423637,0.3259076896576363,3,10,0.0,0.6277243494987488,1.0
1000_r2,zh,0.34115007863064944,0.6588499213693506,3,10,0.0,0.24877430498600006,0.7245112497849162
1000_r3,en,0.662157686771458,0.33784231322854197,3,10,0.0,0.5302122831344604,0.7000000000010924
1000_r3,fr,0.15774352458368746,0.8422564754163125,3,10,0.0,0.18012399971485138,0.5245112497857819
1000_r3,ja,0.41656234765459077,0.5834376523454092,3,10,0.0,0.40125739574432373,0.5245112497857819
1000_r3,zh,0.33104153407340564,0.6689584659265944,3,10,0.0,0.1747976392507553,1.0
1000_r4,en,0.42286370669079604,0.5771362933092039,3,10,0.0,0.43798568844795227,0.3245112497866474
1000_r4,fr,0.5207094903978249,0.4792905096021751,3,10,0.0,0.6090030670166016,0.5245112497857818
1000_r4,ja,0.5880987639638993,0.41190123603610074,3,10,0.0,0.6044749021530151,0.7245112497849162
1000_r4,zh,0.30980536162355704,0.690194638376443,3,10,0.0,0.14112494885921478,1.0
1000_r5,en,0.3256480697837979,0.6743519302162021,3,10,0.0,0.4154670536518097,0.32451124978664747
1000_r5,fr,0.18836203947931654,0.8116379605206835,3,10,0.0,0.19367212057113647,0.8000000000008656
1000_r5,ja,0.34102789960715957,0.6589721003928404,3,10,0.0,0.18802404403686523,1.0
1000_r5,zh,0.3102839692694629,0.6897160307305371,3,10,0.0,0.21311591565608978,0.7245112497849162
107_r1,en,0.08229078623455445,0.9177092137654456,3,10,1.0,0.3301352858543396,0.12451124978751298
107_r1,fr,0.02768756641894414,0.9723124335810559,3,10,0.0,0.07872816175222397,0.12451124978751298
107_r1,ja,0.4563195247701087,0.5436804752298914,3,10,1.0,0.3838191330432892,1.0
107_r1,zh,0.3415796661179081,0.658420333882092,3,10,0.0,0.13974852859973907,1.0
107_r2,en,0.3972592151877086,0.6027407848122914,3,10,1.0,0.437071293592453,0.3245112497866474
107_r2,fr,0.09695020688676534,0.9030497931132346,3,10,0.0,0.08807291090488434,0.40000000000259683
107_r2,ja,0.3176035932820345,0.6823964067179655,3,10,1.0,0.3514252007007599,0.5245112497857819
107_r2,zh,0.4132276020335076,0.5867723979664924,3,10,0.0,0.2569342255592346,1.0
107_r3,en,0.4061288587303143,0.5938711412696858,3,10,1.0,0.5435091257095337,0.32451124978664747
107_r3,fr,0.09289381923509425,0.9071061807649058,3,10,0.0,0.12176372110843658,0.6000000000017313
107_r3,ja,0.42208092504976874,0.5779190749502312,3,10,1.0,0.2876603901386261,0.8000000000008656
107_r3,zh,0.290883065303718,0.709116934696282,3,10,0.0,0.18305519223213196,0.5245112497857819
107_r4,en,0.1094492561195026,0.8905507438804974,3,10,1.0,0.43192538619041443,0.12451124978751298
107_r4,fr,0.09557607774443742,0.9044239222555626,3,10,0.0,0.16349847614765167,0.10000000000368914
107_r4,ja,0.5973900940520442,0.40260990594795576,3,10,1.0,0.5277484059333801,1.0
107_r4,zh,0.37139458757495264,0.6286054124250473,3,10,0.0,0.19127875566482544,1.0
107_r5,en,0.6026673963280161,0.39733260367198386,3,10,1.0,0.5459045767784119,0.5000000000019581
107_r5,fr,0.03174973862739078,0.9682502613726092,3,10,0.0,0.08978942036628723,0.10000000000368914
107_r5,ja,0.37123379860008077,0.6287662013999192,3,10,1.0,0.2726042568683624,1.0
107_r5,zh,0.47875515790416284,0.5212448420958371,3,10,0.0,0.2659992277622223,1.0
111_r1,en,0.6801342181514097,0.31986578184859027,3,10,1.0,0.6812922358512878,0.6000000000017313
111_r1,fr,0.5378917467494745,0.4621082532505255,3,10,1.0,0.6931515336036682,0.32451124978664747
111_r1,ja,0.6288421476846151,0.3711578523153849,3,10,1.0,0.4880335032939911,0.8000000000008656
111_r1,zh,0.5229448769677374,0.4770551230322626,3,10,1.0,0.34705474972724915,1.0
111_r2,en,0.33044023731180294,0.6695597626881971,3,10,1.0,0.5023787617683411,0.3245112497866474
111_r2,fr,0.6871221021607135,0.31287789783928655,3,10,1.0,0.7758645415306091,0.5245112497857819
111_r2,ja,0.8010961330470387,0.19890386695296125,3,10,1.0,0.7489111423492432,1.0
111_r2,zh,0.4555999553676435,0.5444000446323565,3,10,1.0,0.2775639295578003,1.0
111_r3,en,0.7445842395352626,0.25541576046473735,3,10,1.0,0.7816139459609985,0.6000000000017313
111_r3,fr,0.5605051821172573,0.4394948178827427,3,10,1.0,0.5627686977386475,0.5000000000019581
111_r3,ja,0.687460576245829,0.312539423754171,3,10,1.0,0.6352221369743347,0.8000000000008656
111_r3,zh,0.45205290127142644,0.5479470987285735,3,10,1.0,0.2586173415184021,1.0
111_r4,en,0.6084255917398629,0.3915744082601371,3,10,1.0,0.5966049432754517,0.5000000000019581
111_r4,fr,0.9075996640447528,0.09240033595524721,3,10,1.0,0.8694915175437927,1.0
111_r4,ja,0.688090642159366,0.311909357840634,3,10,1.0,0.5483309626579285,1.0
111_r4,zh,0.5841450585499595,0.41585494145004054,3,10,1.0,0.4249682128429413,1.0
111_r5,en,0.813623121578219,0.18637687842178097,3,10,1.0,0.8748277425765991,0.7245112497849162
111_r5,fr,0.30238843213383454,0.6976115678661654,3,10,1.0,0.34897148609161377,0.10000000000368914
111_r5,ja,0.4860474599164258,0.5139525400835743,3,10,1.0,0.3677675426006317,0.6000000000017313
111_r5,zh,0.5852925855305915,0.4147074144694085,3,10,1.0,0.43332013487815857,1.0
113_r1,en,0.39431587229278925,0.6056841277072107,3,10,1.0,0.4204624593257904,0.32451124978664747
113_r1,fr,0.6789720107994738,0.3210279892005262,3,10,1.0,0.7633606195449829,0.5245112497857819
113_r1,ja,0.5952439064526025,0.4047560935473975,3,10,1.0,0.6125449538230896,0.8000000000008656
113_r1,zh,0.45783913497242285,0.5421608650275771,3,10,1.0,0.26723772287368774,1.0
113_r2,en,0.7986672923502237,0.2013327076497763,3,10,1.0,0.8141008615493774,0.8000000000008656
113_r2,fr,0.7909019910700354,0.20909800892996455,3,10,1.0,0.8439925312995911,0.7245112497849162
113_r2,ja,0.44694966692779653,0.5530503330722034,3,10,1.0,0.31981149315834045,1.0
113_r2,zh,0.29920170663063794,0.7007982933693621,3,10,1.0,0.13395683467388153,1.0
113_r3,en,0.5009507373494371,0.49904926265056293,3,10,1.0,0.6483811140060425,0.3245112497866474
113_r3,fr,0.7921319814731713,0.20786801852682868,3,10,1.0,0.6768774390220642,0.8000000000008656
113_r3,ja,0.6280686217253784,0.37193137827462164,3,10,1.0,0.5304263234138489,1.0
113_r3,zh,0.17588496340016135,0.8241150365998386,3,10,1.0,0.12526974081993103,0.5245112497857819
113_r4,en,0.6734791017437407,0.3265208982562593,3,10,1.0,0.7289741635322571,0.7000000000010924
113_r4,fr,0.531146356556361,0.468853643443639,3,10,1.0,0.6125268936157227,0.5245112497857819
113_r4,ja,0.5195064137292098,0.4804935862707902,3,10,1.0,0.4285115897655487,1.0
113_r4,zh,0.2951743593946443,0.7048256406053557,3,10,1.0,0.128339022397995,1.0
113_r5,en,0.8168572938748703,0.18314270612512973,3,10,1.0,0.7955777049064636,1.0
113_r5,fr,0.6675672311625067,0.3324327688374933,3,10,1.0,0.6786984801292419,0.5245112497857819
113_r5,ja,0.4444449471252127,0.5555550528747872,3,10,1.0,0.36564016342163086,1.0
113_r5,zh,0.31455141518547197,0.685448584814528,3,10,1.0,0.16692930459976196,0.7245112497849162
117_r1,en,0.7795134606410107,0.22048653935898932,3,10,1.0,0.8498607277870178,0.8000000000008656
117_r1,fr,0.21745130927450845,0.7825486907254915,3,10,1.0,0.3236932158470154,0.3245112497866474
117_r1,ja,0.4892726674004834,0.5107273325995165,3,10,1.0,0.3643842339515686,1.0
117_r1,zh,0.33926564430105216,0.6607343556989478,3,10,1.0,0.1657218188047409,1.0
117_r2,en,0.27660623950935864,0.7233937604906413,3,10,1.0,0.6373425126075745,0.10000000000368914
117_r2,fr,0.4490068259037642,0.5509931740962358,3,10,1.0,0.4724465012550354,0.3245112497866474
117_r2,ja,0.4812899342590618,0.5187100657409383,3,10,1.0,0.42606863379478455,0.8000000000008656
117_r2,zh,0.27896687406191817,0.7210331259380818,3,10,1.0,0.14112438261508942,1.0
117_r3,en,0.392594764003361,0.607405235996639,3,10,1.0,0.41425731778144836,0.30000000000282356
117_r3,fr,0.42953968421295785,0.5704603157870421,3,10,1.0,0.52581387758255,0.3000000000028235
117_r3,ja,0.5156102219290496,0.4843897780709504,3,10,1.0,0.3940291106700897,1.0
117_r3,zh,0.25597843909188656,0.7440215609081134,3,10,1.0,0.20448042452335358,0.6000000000017313
117_r4,en,0.5571331847031341,0.4428668152968659,3,10,1.0,0.5966250896453857,0.5000000000019581
117_r4,fr,0.015257978258927107,0.984742021741073,3,10,1.0,0.36113664507865906,0.10000000000368914
117_r4,ja,0.5976348139830163,0.4023651860169837,3,10,1.0,0.5308421850204468,0.8000000000008656
117_r4,zh,0.03876620910880039,0.9612337908911996,3,10,1.0,0.024906715378165245,1.0
117_r5,en,0.48916169685909805,0.510838303140902,3,10,1.0,0.5020636916160583,0.3000000000028235
117_r5,fr,0.46938618447796154,0.5306138155220385,3,10,1.0,0.408866286277771,0.3000000000028235
117_r5,ja,0.5702351776296853,0.42976482237031466,3,10,1.0,0.5304162502288818,0.7245112497849162
117_r5,zh,0.4384159222200397,0.5615840777799603,3,10,1.0,0.32372885942459106,1.0
124_r1,en,0.7052769048706353,0.2947230951293647,3,10,1.0,0.6768049597740173,0.8000000000008656
124_r1,fr,0.1868384837051766,0.8131615162948234,3,10,1.0,0.17715707421302795,0.3245112497866474
124_r1,ja,0.6311254893961349,0.3688745106038651,3,10,1.0,0.5525206327438354,0.5245112497857818
124_r1,zh,0.3286681392820073,0.6713318607179928,3,10,1.0,0.14516903460025787,1.0
124_r2,en,0.5653142394094571,0.43468576059054287,3,10,1.0,0.5791258215904236,0.5245112497857818
124_r2,fr,0.3005942556087818,0.6994057443912183,3,10,1.0,0.3271286189556122,0.3000000000028235
124_r2,ja,0.626806299908775,0.373193700091225,3,10,1.0,0.48219603300094604,1.0
124_r2,zh,0.396951636236713,0.6030483637632871,3,10,1.0,0.2654034197330475,0.7245112497849162
124_r3,en,0.7602446348810078,0.2397553651189922,3,10,1.0,0.7642583250999451,0.8000000000008656
124_r3,fr,0.09604333281094446,0.9039566671890555,3,10,1.0,0.24606651067733765,0.12451124978751298
124_r3,ja,0.7415984172025826,0.25840158279741743,3,10,1.0,0.6350812315940857,1.0
124_r3,zh,0.36682801244195395,0.633171987558046,3,10,1.0,0.1755356639623642,1.0
124_r4,en,0.5074068583489664,0.49259314165103363,3,10,1.0,0.5189235210418701,0.5000000000019581
124_r4,fr,0.30201289090465494,0.6979871090953451,3,10,1.0,0.20066598057746887,0.40000000000259683
124_r4,ja,0.4979499116464146,0.5020500883535854,3,10,1.0,0.5917322039604187,0.5245112497857818
124_r4,zh,0.3805505942259357,0.6194494057740643,3,10,1.0,0.1780267208814621,1.0
124_r5,en,0.6965918896996919,0.3034081103003081,3,10,1.0,0.7645922303199768,0.7245112497849162
124_r5,fr,0.012434419048417645,0.9875655809515823,3,10,1.0,0.23155203461647034,0.10000000000368914
124_r5,ja,0.6863188367997873,0.31368116320021266,3,10,1.0,0.6789730787277222,0.8000000000008656
124_r5,zh,0.4302090432852539,0.5697909567147461,3,10,1.0,0.21637415885925293,1.0
126_r1,en,0.9109459602684179,0.0890540397315821,3,10,1.0,0.8887783288955688,1.0
126_r1,fr,0.06794704633660686,0.9320529536633931,3,10,1.0,0.04022931307554245,0.40000000000259683
126_r1,ja,0.6728913046616931,0.3271086953383069,3,10,1.0,0.5036936402320862,0.8000000000008656
126_r1,zh,0.45635017336996275,0.5436498266300372,3,10,1.0,0.35759437084198,0.7245112497849162
126_r2,en,0.9553580283944231,0.044641971605576924,3,10,1.0,0.9553581476211548,1.0
126_r2,fr,0.019858972646400904,0.9801410273535991,3,10,1.0,0.029001981019973755,0.3245112497866474
126_r2,ja,0.7365139352906805,0.26348606470931946,3,10,1.0,0.5865410566329956,1.0
126_r2,zh,0.619355009040758,0.380644990959242,3,10,1.0,0.4441823363304138,0.7245112497849162
126_r3,en,0.9553580283944231,0.044641971605576924,3,10,1.0,0.9553581476211548,1.0
126_r3,fr,0.04400834153568835,0.9559916584643117,3,10,1.0,0.21142269670963287,0.6000000000017313
126_r3,ja,0.7453307744952553,0.2546692255047447,3,10,1.0,0.6266147494316101,1.0
126_r3,zh,0.32530169033197087,0.6746983096680291,3,10,1.0,0.14879809319972992,0.7245112497849162
126_r4,en,0.8045376681284009,0.19546233187159912,3,10,1.0,0.7947320342063904,0.8000000000008656
126_r4,fr,0.061772449173354234,0.9382275508266458,3,10,1.0,0.04099143296480179,1.0
126_r4,ja,0.8015080601389676,0.19849193986103242,3,10,1.0,0.7969580888748169,0.8000000000008656
126_r4,zh,0.3372417418805285,0.6627582581194715,3,10,1.0,0.15030537545681,0.8000000000008656
126_r5,en,0.8085856170625698,0.19141438293743018,3,10,1.0,0.8598654270172119,0.7245112497849162
126_r5,fr,0.02801822132488303,0.9719817786751169,3,10,1.0,0.21289777755737305,0.3245112497866474
126_r5,ja,0.6718998992795913,0.32810010072040874,3,10,1.0,0.7087582945823669,0.6000000000017313
126_r5,zh,0.43703678634698856,0.5629632136530114,3,10,1.0,0.20241808891296387,0.8000000000008656
134_r1,en,0.5033440863780985,0.49665591362190153,3,10,1.0,0.772519052028656,0.3245112497866474
134_r1,fr,0.32150485338680385,0.6784951466131961,3,10,0.0,0.43093258142471313,0.3245112497866474
134_r1,ja,0.5156320017795737,0.4843679982204263,3,10,0.0,0.37225088477134705,0.6000000000017313
134_r1,zh,0.4054873547100536,0.5945126452899464,3,10,1.0,0.1892223358154297,0.5245112497857819
134_r2,en,0.3725126987028671,0.6274873012971329,3,10,1.0,0.5775092840194702,0.3245112497866474
134_r2,fr,0.004755312561310034,0.99524468743869,3,10,0.0,0.12867839634418488,0.3000000000028235
134_r2,ja,0.6975647367259021,0.30243526327409787,3,10,0.0,0.5482427477836609,1.0
134_r2,zh,0.42292254057344536,0.5770774594265546,3,10,1.0,0.24382378160953522,1.0
134_r3,en,0.4993971688479477,0.5006028311520523,3,10,1.0,0.599425733089447,0.3245112497866474
134_r3,fr,0.12894342628626823,0.8710565737137318,3,10,0.0,0.23740346729755402,0.3000000000028235
134_r3,ja,0.3893898562408711,0.6106101437591289,3,10,0.0,0.491154283285141,0.5245112497857819
134_r3,zh,0.2891872994797131,0.7108127005202869,3,10,1.0,0.10900584608316422,1.0
134_r4,en,0.252415927931896,0.747584072068104,3,10,1.0,0.5896751284599304,0.10000000000368914
134_r4,fr,0.43691632461359325,0.5630836753864068,3,10,0.0,0.4231984317302704,0.3000000000028235
134_r4,ja,0.5547099436626031,0.44529005633739693,3,10,0.0,0.5203584432601929,0.7245112497849162
134_r4,zh,0.2951802460854264,0.7048197539145735,3,10,1.0,0.11119826138019562,1.0
134_r5,en,0.43719721181303234,0.5628027881869677,3,10,1.0,0.6047095060348511,0.3000000000028235
134_r5,fr,0.42881184024260605,0.571188159757394,3,10,0.0,0.2873196303844452,0.7245112497849162
134_r5,ja,0.6610832609506931,0.33891673904930686,3,10,0.0,0.5603613257408142,1.0
134_r5,zh,0.40438480710724256,0.5956151928927574,3,10,1.0,0.20663675665855408,1.0
136_r1,en,0.3729268688859908,0.6270731311140092,3,10,1.0,0.4745689034461975,0.32451124978664747
136_r1,fr,0.3722954379458328,0.6277045620541672,3,10,1.0,0.2923947870731354,0.6000000000017313
136_r1,ja,0.0699351772754951,0.9300648227245049,3,10,1.0,0.13898669183254242,0.5245112497857819
136_r1,zh,0.3911929425365682,0.6088070574634318,3,10,0.0,0.17987722158432007,1.0
136_r2,en,0.36810469489243325,0.6318953051075668,3,10,1.0,0.4080154597759247,0.32451124978664747
136_r2,fr,0.3241033753398556,0.6758966246601443,3,10,1.0,0.26014527678489685,0.40000000000259683
136_r2,ja,0.06690159828176336,0.9330984017182367,3,10,1.0,0.06765046715736389,0.5245112497857819
136_r2,zh,0.3671354907770261,0.6328645092229739,3,10,0.0,0.17419284582138062,0.7245112497849162
136_r3,en,0.36184948784399096,0.638150512156009,3,10,1.0,0.5043924450874329,0.3000000000028235
136_r3,fr,0.3623585894983184,0.6376414105016817,3,10,1.0,0.28113120794296265,0.5000000000019581
136_r3,ja,0.07534631349116618,0.9246536865088338,3,10,1.0,0.14242340624332428,0.6000000000017313
136_r3,zh,0.35815807614279,0.64184192385721,3,10,0.0,0.18685640394687653,0.8000000000008656
136_r4,en,0.3132969469858432,0.6867030530141568,3,10,1.0,0.43436485528945923,0.3245112497866474
136_r4,fr,0.16286606231329273,0.8371339376867073,3,10,1.0,0.2560565173625946,0.12451124978751298
136_r4,ja,0.2261190587637133,0.7738809412362867,3,10,1.0,0.13418379426002502,1.0
136_r4,zh,0.4268432955112701,0.5731567044887299,3,10,0.0,0.22369804978370667,1.0
136_r5,en,0.308778179781192,0.6912218202188081,3,10,1.0,0.3185132145881653,0.3245112497866474
136_r5,fr,0.3645739762893371,0.6354260237106629,3,10,1.0,0.25818735361099243,0.6000000000017313
136_r5,ja,0.20627615644654557,0.7937238435534544,3,10,1.0,0.12409792840480804,1.0
136_r5,zh,0.3054614751466895,0.6945385248533105,3,10,0.0,0.13555289804935455,0.7245112497849162
137_r1,en,0.021203444767184387,0.9787965552328156,3,10,1.0,0.016976220533251762,0.10000000000368914
137_r1,fr,0.044649531732382015,0.9553504682676179,3,10,0.0,0.0943278819322586,0.3000000000028235
137_r1,ja,0.24120550500841556,0.7587944949915845,3,10,0.0,0.16479450464248657,1.0
137_r1,zh,0.07797738216364357,0.9220226178363564,3,10,0.0,0.04304024204611778,1.0
137_r2,en,0.5407222368039035,0.4592777631960965,3,10,1.0,0.517317533493042,0.40000000000259683
137_r2,fr,0.0005632017149717573,0.9994367982850283,3,10,0.0,0.012728205882012844,0.3000000000028235
137_r2,ja,0.14870029078313485,0.8512997092168652,3,10,0.0,0.1742756962776184,0.7245112497849162
137_r2,zh,0.07667716699592286,0.9233228330040771,3,10,0.0,0.06412022560834885,0.5245112497857819
137_r3,en,0.2401436891338279,0.7598563108661721,3,10,1.0,0.28491824865341187,0.10000000000368914
137_r3,fr,0.02372860740448308,0.9762713925955169,3,10,0.0,0.039496589452028275,0.32451124978664747
137_r3,ja,0.3620646622025968,0.6379353377974032,3,10,0.0,0.25766441226005554,0.8000000000008656
137_r3,zh,0.17587697476153913,0.8241230252384608,3,10,0.0,0.10237132012844086,0.5245112497857819
137_r4,en,0.7646967207641753,0.23530327923582472,3,10,1.0,0.7701426148414612,0.8000000000008656
137_r4,fr,0.13947105636266421,0.8605289436373358,3,10,0.0,0.12564191222190857,0.5000000000019581
137_r4,ja,0.15862734152367422,0.8413726584763258,3,10,0.0,0.1319902390241623,1.0
137_r4,zh,0.11129423554010483,0.8887057644598951,3,10,0.0,0.0512537844479084,0.8000000000008656
137_r5,en,0.0032281935212187733,0.9967718064787813,3,10,1.0,0.00596236577257514,0.3245112497866474
137_r5,fr,0.03454171787769799,0.965458282122302,3,10,0.0,0.038818713277578354,0.3000000000028235
137_r5,ja,0.09617273299263648,0.9038272670073635,3,10,0.0,0.1030004471540451,0.8000000000008656
137_r5,zh,0.14164466519588673,0.8583553348041133,3,10,0.0,0.07709040492773056,1.0
138_r1,en,0.6504707733771753,0.3495292266228247,3,10,1.0,0.7526752352714539,0.5000000000019581
138_r1,fr,0.6151274398468948,0.3848725601531052,3,10,1.0,0.4486393928527832,1.0
138_r1,ja,0.7897017881787646,0.21029821182123543,3,10,1.0,0.7633852362632751,0.8000000000008656
138_r1,zh,0.11081246888695337,0.8891875311130466,3,10,1.0,0.08570186793804169,0.8000000000008656
138_r2,en,0.4114070486010481,0.5885929513989518,3,10,1.0,0.5690937638282776,0.30000000000282356
138_r2,fr,0.6102125491811401,0.3897874508188599,3,10,1.0,0.4500502943992615,0.5000000000019581
138_r2,ja,0.6703067424703726,0.3296932575296274,3,10,1.0,0.510978102684021,1.0
138_r2,zh,0.510597696000779,0.489402303999221,3,10,1.0,0.2889941334724426,0.8000000000008656
138_r3,en,0.7027967630778966,0.2972032369221034,3,10,1.0,0.6767746806144714,0.8000000000008656
138_r3,fr,0.47362042718901903,0.526379572810981,3,10,1.0,0.6107190251350403,0.5245112497857818
138_r3,ja,0.7608086221070592,0.23919137789294076,3,10,1.0,0.6496875882148743,1.0
138_r3,zh,0.5122683882841377,0.4877316117158623,3,10,1.0,0.3039151430130005,1.0
138_r4,en,0.3147203004044613,0.6852796995955387,3,10,1.0,0.5428508520126343,0.12451124978751298
138_r4,fr,0.4323483166668521,0.567651683333148,3,10,1.0,0.5018903613090515,0.3000000000028235
138_r4,ja,0.84708892578834,0.15291107421165995,3,10,1.0,0.7682754993438721,1.0
138_r4,zh,0.5106270693002227,0.4893729306997773,3,10,1.0,0.28730902075767517,1.0
138_r5,en,0.5229438492509835,0.4770561507490165,3,10,1.0,0.7409723997116089,0.3245112497866474
138_r5,fr,0.6156099898298755,0.38439001017012453,3,10,1.0,0.5401692986488342,0.8000000000008656
138_r5,ja,0.7872244136809459,0.21277558631905413,3,10,1.0,0.7654696702957153,0.8000000000008656
138_r5,zh,0.5113825287922393,0.48861747120776067,3,10,1.0,0.29701492190361023,1.0
139_r1,en,0.8695037173491496,0.13049628265085045,3,10,1.0,0.8815609216690063,0.8000000000008656
139_r1,fr,0.06164539275293694,0.9383546072470631,3,10,1.0,0.19240979850292206,0.32451124978664747
139_r1,ja,0.3203145417585609,0.6796854582414391,3,10,1.0,0.21215395629405975,0.8000000000008656
139_r1,zh,0.7256814646348534,0.2743185353651466,3,10,1.0,0.6211085915565491,1.0
139_r2,en,0.8227869190482108,0.17721308095178923,3,10,1.0,0.8769468069076538,0.7245112497849162
139_r2,fr,0.013854281885529163,0.9861457181144708,3,10,1.0,0.043701086193323135,0.12451124978751298
139_r2,ja,0.5352787499867177,0.46472125001328235,3,10,1.0,0.49917876720428467,0.8000000000008656
139_r2,zh,0.5928977883407928,0.40710221165920724,3,10,1.0,0.4214235842227936,1.0
139_r3,en,0.5467695996304888,0.45323040036951123,3,10,1.0,0.6835233569145203,0.3245112497866474
139_r3,fr,0.040404369010414644,0.9595956309895853,3,10,1.0,0.14792963862419128,0.5245112497857819
139_r3,ja,0.5180313093504616,0.4819686906495384,3,10,1.0,0.42618677020072937,0.7245112497849162
139_r3,zh,0.4862707920351576,0.5137292079648423,3,10,1.0,0.29936033487319946,0.8000000000008656
139_r4,en,0.5285238174713823,0.47147618252861767,3,10,1.0,0.5797669291496277,0.3245112497866474
139_r4,fr,0.12748273306438831,0.8725172669356117,3,10,1.0,0.15662428736686707,0.12451124978751298
139_r4,ja,0.6204677495775934,0.37953225042240657,3,10,1.0,0.539298951625824,1.0
139_r4,zh,0.5423888049761867,0.4576111950238133,3,10,1.0,0.36105668544769287,1.0
139_r5,en,0.9627535963755957,0.037246403624404345,3,10,1.0,0.9625632166862488,1.0
139_r5,fr,0.046189822898019844,0.9538101771019801,3,10,1.0,0.05565731227397919,0.7000000000010924
139_r5,ja,0.5992644397605158,0.4007355602394842,3,10,1.0,0.46670225262641907,1.0
139_r5,zh,0.4870222697914496,0.5129777302085504,3,10,1.0,0.29914528131484985,1.0
141_r1,en,0.3397621088683788,0.6602378911316211,3,10,1.0,0.44976407289505005,0.5245112497857819
141_r1,fr,0.36248148050178414,0.6375185194982158,3,10,1.0,0.34796327352523804,0.30000000000282356
141_r1,ja,0.04139466263311053,0.9586053373668895,3,10,0.0,0.05336452275514603,0.3000000000028235
141_r1,zh,0.2829649301982589,0.7170350698017411,3,10,1.0,0.1681881994009018,0.5245112497857819
141_r2,en,0.14817646339925256,0.8518235366007474,3,10,1.0,0.37382078170776367,0.10000000000368914
141_r2,fr,0.0401887288334561,0.9598112711665439,3,10,1.0,0.18365205824375153,0.10000000000368914
141_r2,ja,0.017807483649058545,0.9821925163509414,3,10,0.0,0.12414658814668655,0.3000000000028235
141_r2,zh,0.2869957581426511,0.7130042418573489,3,10,1.0,0.20487719774246216,0.7000000000010924
141_r3,en,0.3313318229584046,0.6686681770415954,3,10,1.0,0.3890555799007416,0.5000000000019581
141_r3,fr,0.19039769308297824,0.8096023069170217,3,10,1.0,0.261783242225647,0.10000000000368914
141_r3,ja,0.033611987916798,0.966388012083202,3,10,0.0,0.03869454562664032,0.32451124978664747
141_r3,zh,0.06619410525467048,0.9338058947453295,3,10,1.0,0.1466066539287567,0.32451124978664747
141_r4,en,0.21036247967332064,0.7896375203266793,3,10,1.0,0.25786858797073364,0.3000000000028235
141_r4,fr,0.22791175024378965,0.7720882497562104,3,10,1.0,0.21358837187290192,0.5245112497857818
141_r4,ja,0.09707724881114843,0.9029227511888516,3,10,0.0,0.14678877592086792,0.7245112497849162
141_r4,zh,0.32616001528978616,0.6738399847102139,3,10,1.0,0.27417895197868347,0.5000000000019581
141_r5,en,0.06360915196863394,0.9363908480313661,3,10,1.0,0.37995612621307373,0.12451124978751298
141_r5,fr,0.2165884541543777,0.7834115458456223,3,10,1.0,0.25036799907684326,0.10000000000368914
141_r5,ja,0.27032968906524685,0.7296703109347531,3,10,0.0,0.11832798272371292,0.8000000000008656
141_r5,zh,0.3532608402358489,0.6467391597641511,3,10,1.0,0.20554570853710175,1.0
142_r1,en,0.0794502431451167,0.9205497568548833,3,10,1.0,0.11780891567468643,0.12451124978751298
142_r1,fr,0.0026014705578462816,0.9973985294421537,3,10,1.0,0.1456489861011505,0.10000000000368914
142_r1,ja,0.5550841716016516,0.4449158283983484,3,10,0.0,0.4008374512195587,1.0
142_r1,zh,0.27833210872395614,0.7216678912760439,3,10,0.0,0.12383316457271576,0.7245112497849162
142_r2,en,0.48423288938195136,0.5157671106180486,3,10,1.0,0.5373384952545166,0.5000000000019581
142_r2,fr,0.09490778928179092,0.9050922107182091,3,10,1.0,0.10011883825063705,0.3000000000028235
142_r2,ja,0.4807330676868767,0.5192669323131234,3,10,0.0,0.3063753545284271,0.8000000000008656
142_r2,zh,0.17640879980532068,0.8235912001946794,3,10,0.0,0.058513883501291275,0.7245112497849162
142_r3,en,0.6061682213614127,0.3938317786385873,3,10,1.0,0.45088252425193787,0.8000000000008656
142_r3,fr,0.10785373127470738,0.8921462687252926,3,10,1.0,0.20483849942684174,0.5245112497857819
142_r3,ja,0.2770781676858508,0.7229218323141492,3,10,0.0,0.17522969841957092,0.3245112497866474
142_r3,zh,0.07811786004283622,0.9218821399571637,3,10,0.0,0.03575759753584862,1.0
142_r4,en,0.04229993291071915,0.9577000670892808,3,10,1.0,0.16931651532649994,0.10000000000368914
142_r4,fr,0.013908961761477568,0.9860910382385224,3,10,1.0,0.08540777862071991,0.12451124978751298
142_r4,ja,0.1197865210407074,0.8802134789592926,3,10,0.0,0.11561183631420135,0.8000000000008656
142_r4,zh,0.18214031703442668,0.8178596829655733,3,10,0.0,0.08291605114936829,0.5245112497857819
142_r5,en,0.14694408253005897,0.853055917469941,3,10,1.0,0.2253548949956894,0.10000000000368914
142_r5,fr,0.0023430489876424296,0.9976569510123575,3,10,1.0,0.004921363666653633,0.6000000000017313
142_r5,ja,0.2865818823426289,0.7134181176573711,3,10,0.0,0.21031537652015686,0.5245112497857818
142_r5,zh,0.18431902332058445,0.8156809766794155,3,10,0.0,0.05905120447278023,0.8000000000008656
146_r1,en,0.9079804420305421,0.09201955796945793,3,10,1.0,0.9079803228378296,1.0
146_r1,fr,0.4147092216942497,0.5852907783057504,3,10,1.0,0.3363749086856842,0.3245112497866474
146_r1,ja,0.2432855885660487,0.7567144114339512,3,10,0.0,0.2204652726650238,0.8000000000008656
146_r1,zh,0.3644401119160668,0.6355598880839333,3,10,1.0,0.17357894778251648,1.0
146_r2,en,0.4223334246637361,0.577666575336264,3,10,1.0,0.5522085428237915,0.3245112497866474
146_r2,fr,0.09959672416900643,0.9004032758309936,3,10,1.0,0.36507683992385864,0.12451124978751298
146_r2,ja,0.39902824533871556,0.6009717546612845,3,10,0.0,0.36535027623176575,0.8000000000008656
146_r2,zh,0.42765311756937324,0.5723468824306268,3,10,1.0,0.25962984561920166,0.8000000000008656
146_r3,en,0.6484950310463464,0.3515049689536536,3,10,1.0,0.6877647638320923,0.5245112497857818
146_r3,fr,0.5402914120059515,0.45970858799404846,3,10,1.0,0.4627329409122467,0.7245112497849162
146_r3,ja,0.34973024026541466,0.6502697597345853,3,10,0.0,0.38948339223861694,0.8000000000008656
146_r3,zh,0.3658994301877816,0.6341005698122184,3,10,1.0,0.19657264649868011,0.8000000000008656
146_r4,en,0.7033190878293686,0.2966809121706314,3,10,1.0,0.7306863069534302,0.6000000000017313
146_r4,fr,0.4980004270559508,0.5019995729440492,3,10,1.0,0.44609352946281433,0.5245112497857818
146_r4,ja,0.461669332177678,0.538330667822322,3,10,0.0,0.3322431743144989,1.0
146_r4,zh,0.28536391923830584,0.7146360807616942,3,10,1.0,0.211867555975914,0.5245112497857818
146_r5,en,0.7033190878291415,0.29668091217085846,3,10,1.0,0.6689030528068542,0.6000000000017313
146_r5,fr,0.009151354507625258,0.9908486454923747,3,10,1.0,0.29150307178497314,0.10000000000368914
146_r5,ja,0.42364076481206675,0.5763592351879332,3,10,0.0,0.3335484266281128,0.7245112497849162
146_r5,zh,0.17102552816994832,0.8289744718300517,3,10,1.0,0.11030129343271255,0.6000000000017313
158_r1,en,0.7873304031991273,0.21266959680087272,3,10,1.0,0.6623319983482361,0.8000000000008656
158_r1,fr,0.030977197640682817,0.9690228023593171,3,10,0.0,0.14788834750652313,0.12451124978751298
158_r1,ja,0.4194090899593357,0.5805909100406643,3,10,1.0,0.3279646635055542,0.5245112497857819
158_r1,zh,0.4389044821310047,0.5610955178689954,3,10,0.0,0.2511307895183563,1.0
158_r2,en,0.7288962388065552,0.2711037611934448,3,10,1.0,0.7547093033790588,0.6000000000017313
158_r2,fr,0.02015232427526021,0.9798476757247397,3,10,0.0,0.1833106130361557,0.12451124978751298
158_r2,ja,0.7779915639996187,0.22200843600038134,3,10,1.0,0.6539603471755981,1.0
158_r2,zh,0.30161192488023136,0.6983880751197686,3,10,0.0,0.13482387363910675,1.0
158_r3,en,0.5292605090923971,0.4707394909076029,3,10,1.0,0.6639134287834167,0.3245112497866474
158_r3,fr,0.27024980652061364,0.7297501934793864,3,10,0.0,0.19053179025650024,0.5000000000019581
158_r3,ja,0.29839390441583097,0.701606095584169,3,10,1.0,0.2320830374956131,0.5245112497857819
158_r3,zh,0.10261771074690965,0.8973822892530904,3,10,0.0,0.09666765481233597,0.8000000000008656
158_r4,en,0.6802950652595467,0.31970493474045325,3,10,1.0,0.6131103038787842,0.7000000000010924
158_r4,fr,0.030998554767503676,0.9690014452324963,3,10,0.0,0.21102243661880493,0.32451124978664747
158_r4,ja,0.5959192864220481,0.40408071357795194,3,10,1.0,0.4299115538597107,1.0
158_r4,zh,0.425683750264478,0.574316249735522,3,10,0.0,0.21987757086753845,1.0
158_r5,en,0.8930537899109989,0.10694621008900107,3,10,1.0,0.8547143936157227,1.0
158_r5,fr,0.009383466288731141,0.9906165337112689,3,10,0.0,0.21544504165649414,0.12451124978751298
158_r5,ja,0.5925026792384226,0.4074973207615774,3,10,1.0,0.4229542911052704,0.8000000000008656
158_r5,zh,0.42374292314496687,0.5762570768550331,3,10,0.0,0.3310488164424896,0.8000000000008656
159_r1,en,0.5926664334820936,0.4073335665179064,3,10,1.0,0.6131163239479065,0.6000000000017313
159_r1,fr,0.05751177122584196,0.942488228774158,3,10,1.0,0.08253931999206543,0.3245112497866474
159_r1,ja,0.6664918234154052,0.33350817658459475,3,10,1.0,0.5464802384376526,1.0
159_r1,zh,0.3735310031881539,0.6264689968118461,3,10,1.0,0.18088595569133759,1.0
159_r2,en,0.45676082249359534,0.5432391775064047,3,10,1.0,0.44234713912010193,0.5000000000019581
159_r2,fr,0.08564330262918715,0.9143566973708128,3,10,1.0,0.23959317803382874,0.30000000000282356
159_r2,ja,0.6117529895311478,0.38824701046885224,3,10,1.0,0.4783742129802704,1.0
159_r2,zh,0.2808044348248057,0.7191955651751942,3,10,1.0,0.09865915030241013,1.0
159_r3,en,0.7428141111528556,0.25718588884714444,3,10,1.0,0.7491816282272339,0.8000000000008656
159_r3,fr,0.24900918004201109,0.7509908199579889,3,10,1.0,0.21670803427696228,0.30000000000282356
159_r3,ja,0.7384461541683274,0.2615538458316726,3,10,1.0,0.6583846211433411,1.0
159_r3,zh,0.284054178822689,0.715945821177311,3,10,1.0,0.11036885529756546,1.0
159_r4,en,0.6432962137351987,0.35670378626480126,3,10,1.0,0.7124431729316711,0.6000000000017313
159_r4,fr,0.07584429777552197,0.9241557022244781,3,10,1.0,0.1452675759792328,0.32451124978664747
159_r4,ja,0.718462927959519,0.28153707204048095,3,10,1.0,0.6148431897163391,1.0
159_r4,zh,0.38656663102516337,0.6134333689748366,3,10,1.0,0.19286534190177917,1.0
159_r5,en,0.6432957982088715,0.3567042017911285,3,10,1.0,0.5887974500656128,0.6000000000017313
159_r5,fr,0.05248113565566118,0.9475188643443389,3,10,1.0,0.09834954142570496,0.12451124978751298
159_r5,ja,0.6148246067589221,0.38517539324107786,3,10,1.0,0.567217230796814,0.7245112497849162
159_r5,zh,0.40233609252401253,0.5976639074759875,3,10,1.0,0.21859844028949738,1.0
15_r1,en,0.7657130177835136,0.23428698221648636,3,10,1.0,0.733121931552887,0.8000000000008656
15_r1,fr,0.47703447277284244,0.5229655272271576,3,10,1.0,0.5928881764411926,0.32451124978664747
15_r1,ja,0.5326881403493631,0.46731185965063693,3,10,1.0,0.5817174315452576,0.5245112497857819
15_r1,zh,0.2273520855370089,0.7726479144629911,3,10,1.0,0.06635210663080215,0.7245112497849162
15_r2,en,0.6475918859671594,0.35240811403284056,3,10,1.0,0.6487106680870056,0.6000000000017313
15_r2,fr,0.43941601260023694,0.5605839873997631,3,10,1.0,0.5900569558143616,0.3245112497866474
15_r2,ja,0.7352179923742503,0.26478200762574966,3,10,1.0,0.5983931422233582,1.0
15_r2,zh,0.03391421771770783,0.9660857822822921,3,10,1.0,0.014472081325948238,0.8000000000008656
15_r3,en,0.8185802405607544,0.1814197594392456,3,10,1.0,0.7398549914360046,0.8000000000008656
15_r3,fr,0.6680220276486216,0.3319779723513784,3,10,1.0,0.6322699785232544,0.5000000000019581
15_r3,ja,0.5990053543600748,0.40099464563992515,3,10,1.0,0.3889807164669037,0.7245112497849162
15_r3,zh,0.278682467089409,0.721317532910591,3,10,1.0,0.12415273487567902,0.5245112497857819
15_r4,en,0.6524547003488902,0.3475452996511098,3,10,1.0,0.6541783809661865,0.5245112497857818
15_r4,fr,0.8449884538132937,0.15501154618670632,3,10,1.0,0.8506184816360474,0.8000000000008656
15_r4,ja,0.5989883235780159,0.4010116764219841,3,10,1.0,0.48249003291130066,0.8000000000008656
15_r4,zh,0.2342251463279961,0.7657748536720039,3,10,1.0,0.08992936462163925,0.7245112497849162
15_r5,en,0.9152004122566981,0.08479958774330187,3,10,1.0,0.9152005314826965,1.0
15_r5,fr,0.6680219012084554,0.3319780987915446,3,10,1.0,0.7410802841186523,0.5000000000019581
15_r5,ja,0.6696688892236552,0.3303311107763448,3,10,1.0,0.5309956073760986,0.8000000000008656
15_r5,zh,0.2555110538203922,0.7444889461796078,3,10,1.0,0.09656069427728653,1.0
160_r1,en,0.46702693675970247,0.5329730632402976,3,10,1.0,0.5122076272964478,0.3245112497866474
160_r1,fr,0.1714689863499873,0.8285310136500127,3,10,1.0,0.06365883350372314,1.0
160_r1,ja,0.6936237876391778,0.30637621236082224,3,10,1.0,0.5551389455795288,1.0
160_r1,zh,0.1396303299830232,0.8603696700169768,3,10,1.0,0.09852461516857147,0.7245112497849162
160_r2,en,0.6516475021324456,0.3483524978675544,3,10,1.0,0.6795358061790466,0.6000000000017313
160_r2,fr,0.020746880485484682,0.9792531195145153,3,10,1.0,0.03192073479294777,0.3245112497866474
160_r2,ja,0.568060760377954,0.43193923962204595,3,10,1.0,0.38481390476226807,0.8000000000008656
160_r2,zh,0.3035388676839712,0.6964611323160288,3,10,1.0,0.1456543654203415,1.0
160_r3,en,0.6698338871039228,0.3301661128960772,3,10,1.0,0.6351152658462524,0.7245112497849162
160_r3,fr,0.013347500758093406,0.9866524992419066,3,10,1.0,0.04867396131157875,0.6000000000017313
160_r3,ja,0.6913125950209197,0.3086874049790803,3,10,1.0,0.555919885635376,0.8000000000008656
160_r3,zh,0.4607286072155334,0.5392713927844666,3,10,1.0,0.24941976368427277,1.0
160_r4,en,0.37625881565742136,0.6237411843425786,3,10,1.0,0.43570616841316223,0.3000000000028235
160_r4,fr,0.03708214461584527,0.9629178553841548,3,10,1.0,0.06014430522918701,0.5000000000019581
160_r4,ja,0.5590471906053175,0.4409528093946825,3,10,1.0,0.4366514980792999,1.0
160_r4,zh,0.25026444193653097,0.749735558063469,3,10,1.0,0.132343590259552,0.7245112497849162
160_r5,en,0.752458787785789,0.247541212214211,3,10,1.0,0.7573781609535217,0.8000000000008656
160_r5,fr,0.00022194210160309894,0.9997780578983969,3,10,1.0,0.08270809799432755,0.10000000000368914
160_r5,ja,0.6371931300849113,0.3628068699150887,3,10,1.0,0.571330726146698,0.8000000000008656
160_r5,zh,0.31960605659898905,0.6803939434010109,3,10,1.0,0.22206412255764008,0.8000000000008656
162_r1,en,0.49078994254190583,0.5092100574580942,3,10,1.0,0.5275184512138367,0.6000000000017313
162_r1,fr,0.40561766268551036,0.5943823373144896,3,10,1.0,0.4390527606010437,0.5245112497857818
162_r1,ja,0.3778743002996147,0.6221256997003852,3,10,0.0,0.29627862572669983,0.7245112497849162
162_r1,zh,0.6250113242037103,0.3749886757962897,3,10,1.0,0.45285704731941223,1.0
162_r2,en,0.3219402130281917,0.6780597869718084,3,10,1.0,0.3979049324989319,0.3245112497866474
162_r2,fr,0.5260772062834129,0.4739227937165871,3,10,1.0,0.5773799419403076,0.8000000000008656
162_r2,ja,0.29582846969844,0.70417153030156,3,10,0.0,0.13603739440441132,1.0
162_r2,zh,0.47754461012161803,0.5224553898783819,3,10,1.0,0.5145911574363708,0.5245112497857819
162_r3,en,0.48930071891185756,0.5106992810881424,3,10,1.0,0.4826969504356384,0.5000000000019581
162_r3,fr,0.41590038065131685,0.5840996193486832,3,10,1.0,0.47685927152633667,0.5000000000019581
162_r3,ja,0.5797126535408103,0.42028734645918975,3,10,0.0,0.45510178804397583,1.0
162_r3,zh,0.603437698002175,0.39656230199782505,3,10,1.0,0.43029865622520447,1.0
162_r4,en,0.3790104459527233,0.6209895540472767,3,10,1.0,0.4648623466491699,0.3000000000028235
162_r4,fr,0.4978598198611632,0.5021401801388368,3,10,1.0,0.4475669860839844,0.6000000000017313
162_r4,ja,0.3554435231341327,0.6445564768658674,3,10,0.0,0.1866912543773651,1.0
162_r4,zh,0.7355964288434278,0.2644035711565722,3,10,1.0,0.6209566593170166,1.0
162_r5,en,0.4429755383968456,0.5570244616031543,3,10,1.0,0.43005526065826416,0.5245112497857819
162_r5,fr,0.3520400485797367,0.6479599514202633,3,10,1.0,0.44879963994026184,0.3000000000028235
162_r5,ja,0.3746316540702065,0.6253683459297935,3,10,0.0,0.2136789709329605,0.8000000000008656
162_r5,zh,0.5710743569086572,0.42892564309134285,3,10,1.0,0.4032146632671356,0.8000000000008656
163_r1,en,0.5583701015000665,0.4416298984999335,3,10,1.0,0.5804683566093445,0.5245112497857818
163_r1,fr,0.19059743757696593,0.8094025624230341,3,10,1.0,0.28126704692840576,0.32451124978664747
163_r1,ja,0.37370945995970506,0.6262905400402949,3,10,1.0,0.189845472574234,1.0
163_r1,zh,0.3972992051329345,0.6027007948670655,3,10,1.0,0.29538044333457947,0.7245112497849162
163_r2,en,0.34693079301934504,0.653069206980655,3,10,1.0,0.3742835223674774,0.3000000000028235
163_r2,fr,0.1853451731700617,0.8146548268299383,3,10,1.0,0.31290489435195923,0.30000000000282356
163_r2,ja,0.4567225705451955,0.5432774294548045,3,10,1.0,0.2934848368167877,0.8000000000008656
163_r2,zh,0.039080469072026155,0.9609195309279739,3,10,1.0,0.031364455819129944,1.0
163_r3,en,0.7757194042064183,0.22428059579358173,3,10,1.0,0.7757192850112915,1.0
163_r3,fr,0.023379225986902848,0.9766207740130971,3,10,1.0,0.21403254568576813,0.10000000000368914
163_r3,ja,0.5990625233110399,0.40093747668896007,3,10,1.0,0.6033697724342346,0.7245112497849162
163_r3,zh,0.4086161991760693,0.5913838008239307,3,10,1.0,0.26721128821372986,1.0
163_r4,en,0.6008690665604629,0.3991309334395371,3,10,1.0,0.652866542339325,0.6000000000017313
163_r4,fr,0.1853451731686157,0.8146548268313842,3,10,1.0,0.18492406606674194,0.30000000000282356
163_r4,ja,0.39926506591304944,0.6007349340869506,3,10,1.0,0.2327064573764801,1.0
163_r4,zh,0.20709703258567724,0.7929029674143228,3,10,1.0,0.12305685132741928,1.0
163_r5,en,0.2453035241855064,0.7546964758144936,3,10,1.0,0.4229537844657898,0.10000000000368914
163_r5,fr,0.15847115465365427,0.8415288453463458,3,10,1.0,0.21961896121501923,0.3245112497866474
163_r5,ja,0.6470600093830935,0.3529399906169065,3,10,1.0,0.5250610113143921,1.0
163_r5,zh,0.507634938671892,0.492365061328108,3,10,1.0,0.3768848776817322,1.0
166_r1,en,0.6816664298924459,0.31833357010755414,3,10,0.0,0.6759510636329651,0.5245112497857818
166_r1,fr,0.12609849678882684,0.8739015032111732,3,10,0.0,0.16656748950481415,0.6000000000017313
166_r1,ja,0.5456354126288735,0.4543645873711265,3,10,0.0,0.4827935993671417,0.8000000000008656
166_r1,zh,0.1124238664002071,0.8875761335997929,3,10,0.0,0.08932243287563324,1.0
166_r2,en,0.4240552567672194,0.5759447432327807,3,10,0.0,0.2887129783630371,0.3000000000028235
166_r2,fr,0.11719910303095919,0.8828008969690408,3,10,0.0,0.19927793741226196,0.3245112497866474
166_r2,ja,0.5302127773096722,0.4697872226903278,3,10,0.0,0.4879336953163147,0.7245112497849162
166_r2,zh,0.5644129859375498,0.43558701406245015,3,10,0.0,0.4362974166870117,0.7245112497849162
166_r3,en,0.03185209675890486,0.9681479032410951,3,10,0.0,0.399620920419693,0.10000000000368914
166_r3,fr,0.3186925557349204,0.6813074442650796,3,10,0.0,0.37489214539527893,0.12451124978751298
166_r3,ja,0.7203007728646769,0.27969922713532314,3,10,0.0,0.6638008952140808,1.0
166_r3,zh,0.27936376384640627,0.7206362361535937,3,10,0.0,0.11289355903863907,1.0
166_r4,en,0.6917104911424812,0.3082895088575188,3,10,0.0,0.6777629256248474,0.5245112497857819
166_r4,fr,0.5400505088482612,0.4599494911517388,3,10,0.0,0.6382802128791809,0.3245112497866474
166_r4,ja,0.7824045226229437,0.2175954773770563,3,10,0.0,0.7495564818382263,1.0
166_r4,zh,0.11028313783798682,0.8897168621620132,3,10,0.0,0.062325503677129745,1.0
166_r5,en,0.533330025347661,0.46666997465233895,3,10,0.0,0.47682270407676697,0.5245112497857818
166_r5,fr,0.14668136364077808,0.8533186363592219,3,10,0.0,0.2668275237083435,0.3000000000028235
166_r5,ja,0.5753746857766989,0.4246253142233011,3,10,0.0,0.4584237337112427,1.0
166_r5,zh,0.2940260718463397,0.7059739281536603,3,10,0.0,0.23348776996135712,0.7245112497849162
168_r1,en,0.31817586740037634,0.6818241325996237,3,10,0.0,0.22806690633296967,0.3245112497866474
168_r1,fr,0.5337994195058599,0.46620058049414015,3,10,0.0,0.5961158871650696,0.40000000000259683
168_r1,ja,0.320459902837634,0.679540097162366,3,10,0.0,0.16299930214881897,1.0
168_r1,zh,0.28548952964302254,0.7145104703569775,3,10,0.0,0.10640568286180496,1.0
168_r2,en,0.809833913769378,0.19016608623062203,3,10,0.0,0.7051671743392944,1.0
168_r2,fr,0.31440857032040415,0.6855914296795959,3,10,0.0,0.3251437544822693,0.10000000000368914
168_r2,ja,0.5352350839864524,0.46476491601354764,3,10,0.0,0.3165336549282074,0.8000000000008656
168_r2,zh,0.28498649808285875,0.7150135019171413,3,10,0.0,0.10503304749727249,1.0
168_r3,en,0.4495391541379155,0.5504608458620845,3,10,0.0,0.4038398861885071,0.3245112497866474
168_r3,fr,0.29981573478091494,0.7001842652190851,3,10,0.0,0.30361998081207275,0.5245112497857819
168_r3,ja,0.3110531466940203,0.6889468533059797,3,10,0.0,0.13741448521614075,0.7245112497849162
168_r3,zh,0.021257954696184894,0.9787420453038151,3,10,0.0,0.01757972128689289,1.0
168_r4,en,0.5292751563866044,0.4707248436133956,3,10,0.0,0.3960643708705902,0.6000000000017313
168_r4,fr,0.233058901763122,0.7669410982368781,3,10,0.0,0.22429151833057404,0.5245112497857819
168_r4,ja,0.31318473079759596,0.6868152692024041,3,10,0.0,0.13969342410564423,1.0
168_r4,zh,0.2839696781800122,0.7160303218199878,3,10,0.0,0.11639127135276794,1.0
168_r5,en,0.3070374357636635,0.6929625642363365,3,10,0.0,0.12918786704540253,0.5245112497857818
168_r5,fr,0.13573173123963683,0.8642682687603631,3,10,0.0,0.19438929855823517,0.10000000000368914
168_r5,ja,0.6157829944520189,0.3842170055479811,3,10,0.0,0.4003297984600067,0.8000000000008656
168_r5,zh,0.05183593240131186,0.9481640675986881,3,10,0.0,0.051367588341236115,0.8000000000008656
169_r1,en,0.9273530111427976,0.07264698885720244,3,10,1.0,0.881432294845581,1.0
169_r1,fr,0.4289856450937411,0.571014354906259,3,10,0.0,0.41239288449287415,0.6000000000017313
169_r1,ja,0.7343172275028471,0.2656827724971529,3,10,1.0,0.5905184149742126,1.0
169_r1,zh,0.3261633159136564,0.6738366840863437,3,10,0.0,0.16407360136508942,0.7245112497849162
169_r2,en,0.8198483797326785,0.18015162026732146,3,10,1.0,0.7933921217918396,0.8000000000008656
169_r2,fr,0.26673808176838265,0.7332619182316173,3,10,0.0,0.12232276797294617,0.6000000000017313
169_r2,ja,0.42625970191877843,0.5737402980812216,3,10,1.0,0.3974092900753021,0.6000000000017313
169_r2,zh,0.2796180079937853,0.7203819920062147,3,10,0.0,0.1350971907377243,1.0
169_r3,en,0.6959307553534592,0.30406924464654084,3,10,1.0,0.5945020914077759,0.6000000000017313
169_r3,fr,0.029692599549347453,0.9703074004506526,3,10,0.0,0.029692597687244415,1.0
169_r3,ja,0.3946260999669277,0.6053739000330722,3,10,1.0,0.4402378797531128,0.5245112497857819
169_r3,zh,0.3239723072076316,0.6760276927923684,3,10,0.0,0.20843584835529327,1.0
169_r4,en,0.3145664268064191,0.6854335731935809,3,10,1.0,0.3020628094673157,0.32451124978664747
169_r4,fr,0.44006856862296917,0.5599314313770308,3,10,0.0,0.5799568891525269,0.3245112497866474
169_r4,ja,0.7335109871459253,0.26648901285407467,3,10,1.0,0.6768378019332886,0.8000000000008656
169_r4,zh,0.2579890991408975,0.7420109008591025,3,10,0.0,0.11654237657785416,1.0
169_r5,en,0.5463703920382178,0.4536296079617822,3,10,1.0,0.4961664080619812,0.5245112497857819
169_r5,fr,0.506001844941522,0.493998155058478,3,10,0.0,0.6076717376708984,0.5245112497857819
169_r5,ja,0.527038771448278,0.47296122855172196,3,10,1.0,0.411354124546051,0.5245112497857819
169_r5,zh,0.26681781957934864,0.7331821804206513,3,10,0.0,0.12070882320404053,0.7245112497849162
170_r1,en,0.902595221979828,0.097404778020172,3,10,1.0,0.9025952816009521,1.0
170_r1,fr,0.031065083416634897,0.9689349165833651,3,10,1.0,0.2399851530790329,0.10000000000368914
170_r1,ja,0.5382070886337166,0.4617929113662834,3,10,1.0,0.5421220064163208,0.5245112497857819
170_r1,zh,0.5425294566714937,0.45747054332850634,3,10,1.0,0.38665854930877686,1.0
170_r2,en,0.04941139423341528,0.9505886057665848,3,10,1.0,0.4519626796245575,0.10000000000368914
170_r2,fr,0.04499037719280887,0.9550096228071911,3,10,1.0,0.16373273730278015,0.3000000000028235
170_r2,ja,0.3834409953979041,0.6165590046020959,3,10,1.0,0.2190304547548294,1.0
170_r2,zh,0.2777588817882563,0.7222411182117436,3,10,1.0,0.1271129995584488,0.8000000000008656
170_r3,en,0.7856170303013464,0.21438296969865356,3,10,1.0,0.8301154971122742,0.7245112497849162
170_r3,fr,0.018970952466171944,0.981029047533828,3,10,1.0,0.06807079911231995,0.3000000000028235
170_r3,ja,0.6297793526393649,0.3702206473606351,3,10,1.0,0.5349828600883484,1.0
170_r3,zh,0.268698058676834,0.7313019413231661,3,10,1.0,0.09618469327688217,0.7245112497849162
170_r4,en,0.8073057090055821,0.19269429099441793,3,10,1.0,0.814867377281189,0.8000000000008656
170_r4,fr,0.07609360315613616,0.9239063968438639,3,10,1.0,0.09840353578329086,0.6000000000017313
170_r4,ja,0.48795588170593024,0.5120441182940698,3,10,1.0,0.43398773670196533,0.6000000000017313
170_r4,zh,0.6552741763637278,0.34472582363627224,3,10,1.0,0.5110916495323181,1.0
170_r5,en,0.07432664820177683,0.9256733517982232,3,10,1.0,0.4460175633430481,0.10000000000368914
170_r5,fr,0.031065083412343424,0.9689349165876566,3,10,1.0,0.20576812326908112,0.10000000000368914
170_r5,ja,0.2896799873326543,0.7103200126673457,3,10,1.0,0.32317957282066345,0.5245112497857819
170_r5,zh,0.49040280591078944,0.5095971940892106,3,10,1.0,0.28444603085517883,1.0
171_r1,en,0.1998386643704006,0.8001613356295993,3,10,1.0,0.41172295808792114,0.10000000000368914
171_r1,fr,0.12323716767291208,0.876762832327088,3,10,1.0,0.24924182891845703,0.10000000000368914
171_r1,ja,0.2466160631687796,0.7533839368312204,3,10,1.0,0.28859665989875793,0.5245112497857818
171_r1,zh,0.3142344193535401,0.68576558064646,3,10,1.0,0.37072741985321045,0.3245112497866474
171_r2,en,0.16679269162539473,0.8332073083746052,3,10,1.0,0.39334461092948914,0.12451124978751298
171_r2,fr,0.2802417372182065,0.7197582627817936,3,10,1.0,0.43458765745162964,0.3245112497866474
171_r2,ja,0.45256654815945135,0.5474334518405486,3,10,1.0,0.4705042541027069,0.8000000000008656
171_r2,zh,0.2783245293428321,0.721675470657168,3,10,1.0,0.3189309239387512,0.3000000000028235
171_r3,en,0.2947995309535415,0.7052004690464585,3,10,1.0,0.429904043674469,0.3245112497866474
171_r3,fr,0.32254134734733286,0.6774586526526671,3,10,1.0,0.2898256182670593,0.3245112497866474
171_r3,ja,0.5677336315414927,0.4322663684585073,3,10,1.0,0.5503572225570679,1.0
171_r3,zh,0.2353542645193148,0.7646457354806853,3,10,1.0,0.338619589805603,0.30000000000282356
171_r4,en,0.19983839362269934,0.8001616063773007,3,10,1.0,0.360596626996994,0.10000000000368914
171_r4,fr,0.05903567506491254,0.9409643249350874,3,10,1.0,0.2638595998287201,0.12451124978751298
171_r4,ja,0.5094826697795862,0.49051733022041377,3,10,1.0,0.5787134170532227,0.7000000000010924
171_r4,zh,0.19101616767365853,0.8089838323263414,3,10,1.0,0.27347657084465027,0.12451124978751298
171_r5,en,0.19983866437078648,0.8001613356292135,3,10,1.0,0.4520106017589569,0.10000000000368914
171_r5,fr,0.13222925056304977,0.8677707494369502,3,10,1.0,0.30902403593063354,0.12451124978751298
171_r5,ja,0.3410495181702644,0.6589504818297356,3,10,1.0,0.32395172119140625,0.6000000000017313
171_r5,zh,0.39130065052581736,0.6086993494741826,3,10,1.0,0.3563176393508911,1.0
177_r1,en,0.42445388923892663,0.5755461107610733,3,10,1.0,0.3942256569862366,0.3000000000028235
177_r1,fr,0.08207968562038402,0.917920314379616,3,10,1.0,0.21407191455364227,0.12451124978751298
177_r1,ja,0.38618755343632544,0.6138124465636745,3,10,0.0,0.21178346872329712,1.0
177_r1,zh,0.21370274236177675,0.7862972576382232,3,10,1.0,0.07803232222795486,1.0
177_r2,en,0.5568748054786886,0.4431251945213114,3,10,1.0,0.5520246624946594,0.5245112497857819
177_r2,fr,0.02439539189845762,0.9756046081015424,3,10,1.0,0.1644119918346405,0.10000000000368914
177_r2,ja,0.4804762040460761,0.5195237959539238,3,10,0.0,0.42478296160697937,0.7245112497849162
177_r2,zh,0.37259894641607466,0.6274010535839254,3,10,1.0,0.1916295439004898,1.0
177_r3,en,0.4244536933584135,0.5755463066415865,3,10,1.0,0.5067548751831055,0.3000000000028235
177_r3,fr,0.005572875428875939,0.994427124571124,3,10,1.0,0.1259838193655014,0.10000000000368914
177_r3,ja,0.4899197174119556,0.5100802825880444,3,10,0.0,0.3878972828388214,0.7245112497849162
177_r3,zh,0.405547648397784,0.594452351602216,3,10,1.0,0.22335928678512573,1.0
177_r4,en,0.004315374113844115,0.9956846258861559,3,10,1.0,0.3536161482334137,0.10000000000368914
177_r4,fr,0.009790082726555108,0.9902099172734449,3,10,1.0,0.13263553380966187,0.10000000000368914
177_r4,ja,0.6759200192832653,0.3240799807167347,3,10,0.0,0.5557907223701477,1.0
177_r4,zh,0.4021993482401866,0.5978006517598133,3,10,1.0,0.21860136091709137,1.0
177_r5,en,0.5000305599716262,0.49996944002837385,3,10,1.0,0.5454570055007935,0.5245112497857819
177_r5,fr,0.022168913778685843,0.9778310862213142,3,10,1.0,0.19996555149555206,0.12451124978751298
177_r5,ja,0.40400375686290924,0.5959962431370908,3,10,0.0,0.24943390488624573,1.0
177_r5,zh,0.3175583555257906,0.6824416444742094,3,10,1.0,0.15565034747123718,1.0
178_r1,en,0.010603701493189815,0.9893962985068102,3,10,1.0,0.07496848702430725,0.10000000000368914
178_r1,fr,0.006193326748718917,0.9938066732512811,3,10,0.0,0.08336690068244934,0.10000000000368914
178_r1,ja,0.010959465619833176,0.9890405343801668,3,10,0.0,0.011572749353945255,0.5245112497857818
178_r1,zh,0.013996474362299206,0.9860035256377008,3,10,0.0,0.10244432091712952,0.30000000000282356
178_r2,en,0.008241333245360869,0.9917586667546391,3,10,1.0,0.05572567880153656,0.10000000000368914
178_r2,fr,0.030056203624855546,0.9699437963751445,3,10,0.0,0.05583218112587929,0.3000000000028235
178_r2,ja,0.008401498171498267,0.9915985018285017,3,10,0.0,0.006663930136710405,1.0
178_r2,zh,0.003672491560893457,0.9963275084391066,3,10,0.0,0.09304124861955643,0.10000000000368914
178_r3,en,0.009232476223272074,0.9907675237767279,3,10,1.0,0.15895609557628632,0.10000000000368914
178_r3,fr,0.051342798589194265,0.9486572014108058,3,10,0.0,0.14771361649036407,0.3000000000028235
178_r3,ja,0.034203982517389785,0.9657960174826102,3,10,0.0,0.02606446109712124,1.0
178_r3,zh,0.01468097233440565,0.9853190276655943,3,10,0.0,0.01653621345758438,0.12451124978751298
178_r4,en,0.012258586509610774,0.9877414134903892,3,10,1.0,0.19490864872932434,0.10000000000368914
178_r4,fr,0.09075272641776422,0.9092472735822358,3,10,0.0,0.13191407918930054,0.12451124978751298
178_r4,ja,0.045598063598923176,0.9544019364010768,3,10,0.0,0.11333571374416351,0.6000000000017313
178_r4,zh,0.015791157591114283,0.9842088424088857,3,10,0.0,0.01880575902760029,0.7245112497849162
178_r5,en,0.023100687106246562,0.9768993128937534,3,10,1.0,0.03658326715230942,0.32451124978664747
178_r5,fr,0.013173830912738169,0.9868261690872618,3,10,0.0,0.06630899012088776,0.10000000000368914
178_r5,ja,0.0766168214847959,0.9233831785152041,3,10,0.0,0.03602413088083267,1.0
178_r5,zh,0.009467440852403081,0.990532559147597,3,10,0.0,0.0880322977900505,0.30000000000282356
17_r1,en,0.41956818273358604,0.580431817266414,3,10,1.0,0.5333268046379089,0.3245112497866474
17_r1,fr,0.03998338747837068,0.9600166125216293,3,10,0.0,0.04247116670012474,0.10000000000368914
17_r1,ja,0.5613632054194287,0.43863679458057125,3,10,0.0,0.3868742287158966,1.0
17_r1,zh,0.2635770844673229,0.7364229155326771,3,10,1.0,0.19015216827392578,0.8000000000008656
17_r2,en,0.006860112952602112,0.9931398870473979,3,10,1.0,0.3703378736972809,0.10000000000368914
17_r2,fr,0.3174463803661677,0.6825536196338323,3,10,0.0,0.18492309749126434,0.3000000000028235
17_r2,ja,0.3143199156835168,0.6856800843164832,3,10,0.0,0.1467086225748062,1.0
17_r2,zh,0.3091620851014147,0.6908379148985853,3,10,1.0,0.14254586398601532,0.7245112497849162
17_r3,en,0.2358764127566117,0.7641235872433882,3,10,1.0,0.5413216352462769,0.10000000000368914
17_r3,fr,0.04166791275773387,0.9583320872422662,3,10,0.0,0.05876269191503525,0.40000000000259683
17_r3,ja,0.6112148449170721,0.3887851550829279,3,10,0.0,0.40490469336509705,0.8000000000008656
17_r3,zh,0.28393751207865064,0.7160624879213493,3,10,1.0,0.12631145119667053,0.8000000000008656
17_r4,en,0.47208575046148016,0.5279142495385198,3,10,1.0,0.4924713969230652,0.5000000000019581
17_r4,fr,0.031005479287343717,0.9689945207126562,3,10,0.0,0.16735698282718658,0.10000000000368914
17_r4,ja,0.7610511559878794,0.23894884401212058,3,10,0.0,0.628279447555542,1.0
17_r4,zh,0.5351082347002613,0.46489176529973875,3,10,1.0,0.3450227379798889,1.0
17_r5,en,0.4096990449969002,0.5903009550030998,3,10,1.0,0.3898283541202545,0.40000000000259683
17_r5,fr,0.008647955644645006,0.991352044355355,3,10,0.0,0.1325102150440216,0.10000000000368914
17_r5,ja,0.46643498766303276,0.5335650123369673,3,10,0.0,0.40267857909202576,0.8000000000008656
17_r5,zh,0.40652968397966033,0.5934703160203396,3,10,1.0,0.20644260942935944,1.0
182_r1,en,0.021764057719848646,0.9782359422801513,3,10,1.0,0.04285091161727905,0.3000000000028235
182_r1,fr,0.020988447052650832,0.9790115529473492,3,10,1.0,0.06358303874731064,0.40000000000259683
182_r1,ja,0.04319653978931853,0.9568034602106814,3,10,0.0,0.0612955167889595,0.3245112497866474
182_r1,zh,0.2175322861661474,0.7824677138338526,3,10,1.0,0.13345497846603394,1.0
182_r2,en,0.3147432656863864,0.6852567343136136,3,10,1.0,0.3757721781730652,0.10000000000368914
182_r2,fr,0.03063672603917784,0.9693632739608221,3,10,1.0,0.23515549302101135,0.10000000000368914
182_r2,ja,0.14018466899697557,0.8598153310030244,3,10,0.0,0.11410637944936752,1.0
182_r2,zh,0.2543529216677125,0.7456470783322875,3,10,1.0,0.1561126410961151,1.0
182_r3,en,0.7620856658206849,0.23791433417931507,3,10,1.0,0.7865170836448669,0.6000000000017313
182_r3,fr,0.06451055256118547,0.9354894474388146,3,10,1.0,0.08714675903320312,0.3000000000028235
182_r3,ja,0.5534237152535919,0.4465762847464081,3,10,0.0,0.5167282223701477,0.8000000000008656
182_r3,zh,0.4351356509101762,0.5648643490898237,3,10,1.0,0.23511166870594025,1.0
182_r4,en,0.0077827240468504935,0.9922172759531495,3,10,1.0,0.45006677508354187,0.10000000000368914
182_r4,fr,0.04645004132120575,0.9535499586787942,3,10,1.0,0.16392990946769714,0.3245112497866474
182_r4,ja,0.7266018867390215,0.2733981132609785,3,10,0.0,0.5890268087387085,1.0
182_r4,zh,0.18612300671111365,0.8138769932888863,3,10,1.0,0.06278833001852036,0.8000000000008656
182_r5,en,0.3351870368947674,0.6648129631052326,3,10,1.0,0.6358610391616821,0.30000000000282356
182_r5,fr,0.035627465436533834,0.9643725345634662,3,10,1.0,0.13968737423419952,0.3245112497866474
182_r5,ja,0.30713020878198244,0.6928697912180175,3,10,0.0,0.1539728343486786,0.5245112497857818
182_r5,zh,0.20322647496426877,0.7967735250357313,3,10,1.0,0.12818001210689545,1.0
183_r1,en,0.9167656367218058,0.08323436327819422,3,10,1.0,0.916500449180603,1.0
183_r1,fr,0.12503112005211675,0.8749688799478832,3,10,0.0,0.37130269408226013,0.32451124978664747
183_r1,ja,0.523708384815356,0.476291615184644,3,10,1.0,0.4030715525150299,1.0
183_r1,zh,0.3852397350499366,0.6147602649500634,3,10,0.0,0.2365151196718216,0.7245112497849162
183_r2,en,0.5145110503556397,0.4854889496443603,3,10,1.0,0.7276058793067932,0.3245112497866474
183_r2,fr,0.039812082662503724,0.9601879173374963,3,10,0.0,0.14047202467918396,0.12451124978751298
183_r2,ja,0.5397138281821278,0.46028617181787224,3,10,1.0,0.40993085503578186,0.8000000000008656
183_r2,zh,0.39816550271586143,0.6018344972841385,3,10,0.0,0.18683552742004395,1.0
183_r3,en,0.6552345252452538,0.34476547475474617,3,10,1.0,0.736344575881958,0.5245112497857818
183_r3,fr,0.08826574701898143,0.9117342529810186,3,10,0.0,0.39449405670166016,0.12451124978751298
183_r3,ja,0.43598344573388176,0.5640165542661182,3,10,1.0,0.5506613850593567,0.5245112497857818
183_r3,zh,0.36348667819465735,0.6365133218053427,3,10,0.0,0.20050440728664398,1.0
183_r4,en,0.6721715345183827,0.32782846548161726,3,10,1.0,0.7210193872451782,0.6000000000017313
183_r4,fr,0.44474109218466,0.55525890781534,3,10,0.0,0.5011824369430542,0.3245112497866474
183_r4,ja,0.4618756438290412,0.5381243561709588,3,10,1.0,0.3865676820278168,0.7245112497849162
183_r4,zh,0.4162149144849358,0.5837850855150641,3,10,0.0,0.25675052404403687,1.0
183_r5,en,0.5583527564413779,0.44164724355862206,3,10,1.0,0.3798202574253082,0.5000000000019581
183_r5,fr,0.3071846768485131,0.6928153231514869,3,10,0.0,0.3290713131427765,0.10000000000368914
183_r5,ja,0.5884384785584088,0.4115615214415912,3,10,1.0,0.4922584891319275,0.8000000000008656
183_r5,zh,0.26995227841809005,0.7300477215819099,3,10,0.0,0.10820981860160828,0.7245112497849162
185_r1,en,0.01787999108469856,0.9821200089153015,3,10,1.0,0.01201268844306469,0.10000000000368914
185_r1,fr,0.005494327301781162,0.9945056726982189,3,10,0.0,0.14791284501552582,0.10000000000368914
185_r1,ja,0.008505280279384391,0.9914947197206156,3,10,0.0,0.11174997687339783,0.12451124978751298
185_r1,zh,0.0348352992346487,0.9651647007653513,3,10,0.0,0.08112823963165283,0.12451124978751298
185_r2,en,0.2484065311771704,0.7515934688228296,3,10,1.0,0.10431604832410812,0.3000000000028235
185_r2,fr,0.022626625897227165,0.9773733741027728,3,10,0.0,0.09466138482093811,0.10000000000368914
185_r2,ja,0.35176950531371054,0.6482304946862895,3,10,0.0,0.29596078395843506,0.7245112497849162
185_r2,zh,0.2317329240569649,0.7682670759430351,3,10,0.0,0.1430702656507492,0.8000000000008656
185_r3,en,0.0010049043126189158,0.9989950956873811,3,10,1.0,0.07832150906324387,0.10000000000368914
185_r3,fr,0.2647832096617648,0.7352167903382352,3,10,0.0,0.30459025502204895,0.40000000000259683
185_r3,ja,0.21967898959668167,0.7803210104033184,3,10,0.0,0.17821000516414642,1.0
185_r3,zh,0.24318058609293022,0.7568194139070697,3,10,0.0,0.27490612864494324,0.3245112497866474
185_r4,en,0.01134012114235082,0.9886598788576492,3,10,1.0,0.06057194992899895,0.10000000000368914
185_r4,fr,0.18860074628976756,0.8113992537102325,3,10,0.0,0.14822891354560852,0.5000000000019581
185_r4,ja,0.3866647274400762,0.6133352725599238,3,10,0.0,0.3446921706199646,1.0
185_r4,zh,0.3433271332867869,0.6566728667132131,3,10,0.0,0.2909952998161316,1.0
185_r5,en,0.005342091670513397,0.9946579083294866,3,10,1.0,0.05448290333151817,0.10000000000368914
185_r5,fr,0.37278800743864526,0.6272119925613547,3,10,0.0,0.3473500609397888,0.5000000000019581
185_r5,ja,0.3050572147538837,0.6949427852461163,3,10,0.0,0.28583958745002747,1.0
185_r5,zh,0.11438628626942389,0.8856137137305761,3,10,0.0,0.09892181307077408,0.7245112497849162
186_r1,en,0.10998785254461048,0.8900121474553895,3,10,1.0,0.41385260224342346,0.12451124978751298
186_r1,fr,0.5632220504214901,0.4367779495785099,3,10,1.0,0.45634856820106506,0.5000000000019581
186_r1,ja,0.02339390430638165,0.9766060956936183,3,10,0.0,0.15667933225631714,0.12451124978751298
186_r1,zh,0.36086782849458193,0.6391321715054181,3,10,1.0,0.17772889137268066,1.0
186_r2,en,0.3754096019594038,0.6245903980405962,3,10,1.0,0.5435084104537964,0.32451124978664747
186_r2,fr,0.1279355400607085,0.8720644599392915,3,10,1.0,0.35262319445610046,0.3245112497866474
186_r2,ja,0.4163197791612667,0.5836802208387333,3,10,0.0,0.2408570796251297,0.7245112497849162
186_r2,zh,0.43753445705508587,0.5624655429449141,3,10,1.0,0.27391940355300903,0.8000000000008656
186_r3,en,0.034275680181964294,0.9657243198180357,3,10,1.0,0.2241494059562683,0.12451124978751298
186_r3,fr,0.6408743189440474,0.35912568105595255,3,10,1.0,0.7323930859565735,0.6000000000017313
186_r3,ja,0.3242700813572588,0.6757299186427412,3,10,0.0,0.34681543707847595,0.6000000000017313
186_r3,zh,0.21784265491503446,0.7821573450849655,3,10,1.0,0.08084320276975632,0.8000000000008656
186_r4,en,0.4364015967565551,0.5635984032434449,3,10,1.0,0.585684597492218,0.30000000000282356
186_r4,fr,0.11386220067059459,0.8861377993294054,3,10,1.0,0.30447569489479065,0.12451124978751298
186_r4,ja,0.15436368886001356,0.8456363111399865,3,10,0.0,0.1368865817785263,0.5245112497857819
186_r4,zh,0.22435352483289572,0.7756464751671043,3,10,1.0,0.10042194277048111,0.8000000000008656
186_r5,en,0.5619434748592765,0.43805652514072346,3,10,1.0,0.49034589529037476,0.5000000000019581
186_r5,fr,0.004913336731204804,0.9950866632687952,3,10,1.0,0.34636086225509644,0.10000000000368914
186_r5,ja,0.6922746810864997,0.3077253189135003,3,10,0.0,0.5556021928787231,1.0
186_r5,zh,0.018843315977989085,0.981156684022011,3,10,1.0,0.08281929790973663,0.8000000000008656
188_r1,en,0.652476836925489,0.34752316307451103,3,10,1.0,0.6932401657104492,0.5000000000019581
188_r1,fr,7.709369947947925e-05,0.9999229063005205,3,10,0.0,0.21046295762062073,0.10000000000368914
188_r1,ja,0.5612359653565483,0.4387640346434517,3,10,1.0,0.43331098556518555,1.0
188_r1,zh,0.39267831730577485,0.6073216826942252,3,10,1.0,0.18606461584568024,1.0
188_r2,en,0.2917967761046167,0.7082032238953833,3,10,1.0,0.4597921669483185,0.10000000000368914
188_r2,fr,0.026213233863263834,0.9737867661367362,3,10,0.0,0.1397477239370346,0.32451124978664747
188_r2,ja,0.6587163600631357,0.3412836399368643,3,10,1.0,0.5740786790847778,0.8000000000008656
188_r2,zh,0.2779755227104122,0.7220244772895879,3,10,1.0,0.10065528005361557,1.0
188_r3,en,0.5054090414856269,0.49459095851437307,3,10,1.0,0.5770450234413147,0.40000000000259683
188_r3,fr,0.023548038820053557,0.9764519611799465,3,10,0.0,0.2065615952014923,0.3000000000028235
188_r3,ja,0.5575201370545707,0.4424798629454293,3,10,1.0,0.4171679615974426,1.0
188_r3,zh,0.5557232831381613,0.44427671686183867,3,10,1.0,0.36550280451774597,1.0
188_r4,en,0.5192788452599297,0.48072115474007027,3,10,1.0,0.6660725474357605,0.32451124978664747
188_r4,fr,0.002411119021624808,0.9975888809783752,3,10,0.0,0.1232200339436531,0.10000000000368914
188_r4,ja,0.6127698746565557,0.38723012534344425,3,10,1.0,0.5034083127975464,1.0
188_r4,zh,0.2805940353436314,0.7194059646563686,3,10,1.0,0.1109648197889328,1.0
188_r5,en,0.5965354860483565,0.4034645139516435,3,10,1.0,0.6626096367835999,0.5245112497857818
188_r5,fr,0.008125350433259742,0.9918746495667402,3,10,0.0,0.1056157648563385,0.32451124978664747
188_r5,ja,0.5563344438136021,0.4436655561863979,3,10,1.0,0.4023727774620056,1.0
188_r5,zh,0.39420466731834813,0.6057953326816519,3,10,1.0,0.19948747754096985,1.0
198_r1,en,0.6854197801478626,0.31458021985213735,3,10,1.0,0.7301234006881714,0.7245112497849162
198_r1,fr,0.5149692612066324,0.48503073879336756,3,10,1.0,0.5090171098709106,0.3245112497866474
198_r1,ja,0.3834573828494644,0.6165426171505356,3,10,0.0,0.44408315420150757,0.5245112497857818
198_r1,zh,0.09242592372237164,0.9075740762776283,3,10,0.0,0.05446259304881096,1.0
198_r2,en,0.5726389963612734,0.42736100363872664,3,10,1.0,0.5672430396080017,0.6000000000017313
198_r2,fr,0.31228879692028233,0.6877112030797177,3,10,1.0,0.3773481249809265,0.12451124978751298
198_r2,ja,0.5192460338717719,0.48075396612822807,3,10,0.0,0.48134341835975647,0.6000000000017313
198_r2,zh,0.028022368663532065,0.971977631336468,3,10,0.0,0.01767297275364399,1.0
198_r3,en,0.02290778826392757,0.9770922117360724,3,10,1.0,0.18531471490859985,0.3245112497866474
198_r3,fr,0.0006152429590709268,0.9993847570409291,3,10,1.0,0.30839574337005615,0.10000000000368914
198_r3,ja,0.3321430468313677,0.6678569531686323,3,10,0.0,0.2016400247812271,0.8000000000008656
198_r3,zh,0.10320834994840718,0.8967916500515928,3,10,0.0,0.04750215262174606,1.0
198_r4,en,0.37667771544757905,0.6233222845524209,3,10,1.0,0.4137536883354187,0.3245112497866474
198_r4,fr,0.9045977764310719,0.09540222356892814,3,10,1.0,0.9039247035980225,1.0
198_r4,ja,0.38618127206245906,0.6138187279375409,3,10,0.0,0.30550798773765564,0.8000000000008656
198_r4,zh,0.05693738911375591,0.9430626108862441,3,10,0.0,0.036584194749593735,0.7245112497849162
198_r5,en,0.36226310357805963,0.6377368964219403,3,10,1.0,0.3093155324459076,0.30000000000282356
198_r5,fr,0.3137737619882644,0.6862262380117357,3,10,1.0,0.5040331482887268,0.12451124978751298
198_r5,ja,0.5249459642472817,0.4750540357527183,3,10,0.0,0.3718152344226837,1.0
198_r5,zh,0.061440904741449004,0.938559095258551,3,10,0.0,0.027839869260787964,1.0
202_r1,en,0.6844798867422505,0.31552011325774953,3,10,1.0,0.6184784770011902,0.8000000000008656
202_r1,fr,0.006391731837676582,0.9936082681623234,3,10,1.0,0.040944721549749374,0.3000000000028235
202_r1,ja,0.6730490123629426,0.32695098763705743,3,10,0.0,0.6065906286239624,0.8000000000008656
202_r1,zh,0.19944752844255398,0.800552471557446,3,10,1.0,0.06989777833223343,0.8000000000008656
202_r2,en,0.27431727327120553,0.7256827267287944,3,10,1.0,0.2758353054523468,0.30000000000282356
202_r2,fr,0.32533177275592257,0.6746682272440774,3,10,1.0,0.35337257385253906,0.12451124978751298
202_r2,ja,0.08276612465495153,0.9172338753450484,3,10,0.0,0.06631453335285187,0.8000000000008656
202_r2,zh,0.019511071735892737,0.9804889282641073,3,10,1.0,0.014685887843370438,1.0
202_r3,en,0.5274401707665742,0.47255982923342577,3,10,1.0,0.4985693395137787,0.6000000000017313
202_r3,fr,0.002683447235564147,0.9973165527644359,3,10,1.0,0.023165475577116013,0.10000000000368914
202_r3,ja,0.1073665295090203,0.8926334704909797,3,10,0.0,0.09223786741495132,1.0
202_r3,zh,0.046458636547129645,0.9535413634528703,3,10,1.0,0.03601568564772606,0.5245112497857818
202_r4,en,0.2985221741318145,0.7014778258681855,3,10,1.0,0.36482900381088257,0.12451124978751298
202_r4,fr,0.0071561900510727795,0.9928438099489272,3,10,1.0,0.006725544575601816,1.0
202_r4,ja,0.7773763324638138,0.22262366753618623,3,10,0.0,0.7710738778114319,1.0
202_r4,zh,0.04421085520108581,0.9557891447989142,3,10,1.0,0.03561120107769966,1.0
202_r5,en,0.34956813500678374,0.6504318649932163,3,10,1.0,0.4004170000553131,0.3000000000028235
202_r5,fr,0.33089963682341395,0.669100363176586,3,10,1.0,0.1807241439819336,0.30000000000282356
202_r5,ja,0.08325354055486832,0.9167464594451317,3,10,0.0,0.12337665259838104,0.7245112497849162
202_r5,zh,0.05653948513834022,0.9434605148616598,3,10,1.0,0.04755103215575218,1.0
203_r1,en,0.48275188508928624,0.5172481149107138,3,10,1.0,0.503792405128479,0.6000000000017313
203_r1,fr,0.07006291096558899,0.929937089034411,3,10,0.0,0.1045495793223381,0.3000000000028235
203_r1,ja,0.33289976097317636,0.6671002390268237,3,10,1.0,0.24391485750675201,0.8000000000008656
203_r1,zh,0.3169576555955142,0.6830423444044857,3,10,1.0,0.30109530687332153,0.8000000000008656
203_r2,en,0.6106365661328759,0.38936343386712413,3,10,1.0,0.6276598572731018,0.8000000000008656
203_r2,fr,0.1707250615230817,0.8292749384769182,3,10,0.0,0.10961475223302841,0.32451124978664747
203_r2,ja,0.14559029700774914,0.8544097029922508,3,10,1.0,0.1470710188150406,0.8000000000008656
203_r2,zh,0.5022957238415214,0.49770427615847856,3,10,1.0,0.34507161378860474,1.0
203_r3,en,0.3739920108470827,0.6260079891529173,3,10,1.0,0.4595845639705658,0.40000000000259683
203_r3,fr,0.008574473593528262,0.9914255264064717,3,10,0.0,0.19484128057956696,0.10000000000368914
203_r3,ja,0.3241456125289225,0.6758543874710775,3,10,1.0,0.2566293478012085,0.7245112497849162
203_r3,zh,0.3517273796173806,0.6482726203826195,3,10,1.0,0.16574496030807495,1.0
203_r4,en,0.4905932213725119,0.5094067786274881,3,10,1.0,0.5507716536521912,0.5245112497857819
203_r4,fr,0.0034381068187032764,0.9965618931812967,3,10,0.0,0.08229637891054153,0.10000000000368914
203_r4,ja,0.29851445619061134,0.7014855438093887,3,10,1.0,0.2224017083644867,1.0
203_r4,zh,0.2574746288670517,0.7425253711329483,3,10,1.0,0.10416220873594284,1.0
203_r5,en,0.5711982045763474,0.4288017954236526,3,10,1.0,0.5772092342376709,0.7000000000010924
203_r5,fr,0.021942029166202894,0.9780579708337971,3,10,0.0,0.09005076438188553,0.32451124978664747
203_r5,ja,0.30162295018920526,0.6983770498107947,3,10,1.0,0.23281876742839813,0.7245112497849162
203_r5,zh,0.2758446171316555,0.7241553828683445,3,10,1.0,0.13835352659225464,1.0
205_r1,en,0.7011514248704152,0.29884857512958485,3,10,1.0,0.7000213265419006,0.8000000000008656
205_r1,fr,0.08979929895733245,0.9102007010426676,3,10,1.0,0.09619402140378952,0.3000000000028235
205_r1,ja,0.6326085714236007,0.3673914285763993,3,10,1.0,0.5395103693008423,1.0
205_r1,zh,0.41431539014895846,0.5856846098510415,3,10,1.0,0.2585122883319855,1.0
205_r2,en,0.7038135814766727,0.2961864185233273,3,10,1.0,0.6901074051856995,0.8000000000008656
205_r2,fr,0.0933146587525664,0.9066853412474336,3,10,1.0,0.1126377210021019,0.5245112497857819
205_r2,ja,0.7633412737109351,0.23665872628906492,3,10,1.0,0.7327974438667297,1.0
205_r2,zh,0.5307602101311839,0.4692397898688161,3,10,1.0,0.37288692593574524,1.0
205_r3,en,0.540983946872064,0.45901605312793603,3,10,1.0,0.5122698545455933,0.5245112497857819
205_r3,fr,0.1407295552225614,0.8592704447774386,3,10,1.0,0.2116512656211853,0.5245112497857819
205_r3,ja,0.5107731494708826,0.4892268505291174,3,10,1.0,0.4357752799987793,0.8000000000008656
205_r3,zh,0.4303009675880245,0.5696990324119755,3,10,1.0,0.31391677260398865,0.7245112497849162
205_r4,en,0.3797393037828733,0.6202606962171267,3,10,1.0,0.40660756826400757,0.3000000000028235
205_r4,fr,0.11593039645421065,0.8840696035457893,3,10,1.0,0.12371066957712173,0.5000000000019581
205_r4,ja,0.6230411049218539,0.37695889507814606,3,10,1.0,0.510496973991394,0.8000000000008656
205_r4,zh,0.47452031671289274,0.5254796832871073,3,10,1.0,0.3047061264514923,1.0
205_r5,en,0.593230199440342,0.40676980055965795,3,10,1.0,0.6045564413070679,0.5245112497857819
205_r5,fr,0.11782063575064748,0.8821793642493525,3,10,1.0,0.13649624586105347,0.5245112497857818
205_r5,ja,0.7637934526364237,0.23620654736357627,3,10,1.0,0.73599773645401,1.0
205_r5,zh,0.32993532801511805,0.670064671984882,3,10,1.0,0.22373278439044952,0.7245112497849162
208_r1,en,0.45214047982528666,0.5478595201747134,3,10,1.0,0.5161932706832886,0.3245112497866474
208_r1,fr,0.5356260660514064,0.4643739339485936,3,10,1.0,0.5065636038780212,0.5245112497857818
208_r1,ja,0.6863148857178849,0.3136851142821151,3,10,1.0,0.5932545065879822,1.0
208_r1,zh,0.4084114513508023,0.5915885486491976,3,10,1.0,0.20416226983070374,1.0
208_r2,en,0.6226962702358649,0.37730372976413507,3,10,1.0,0.5690727233886719,0.7000000000010924
208_r2,fr,0.10553040884144083,0.8944695911585592,3,10,1.0,0.3535279333591461,0.12451124978751298
208_r2,ja,0.4568075745765399,0.5431924254234601,3,10,1.0,0.3660190999507904,0.7245112497849162
208_r2,zh,0.39758096174290397,0.602419038257096,3,10,1.0,0.23757992684841156,1.0
208_r3,en,0.3739187145456302,0.6260812854543698,3,10,1.0,0.4870191216468811,0.3245112497866474
208_r3,fr,0.41962523272493,0.58037476727507,3,10,1.0,0.4521808922290802,0.3245112497866474
208_r3,ja,0.6348779232916182,0.3651220767083818,3,10,1.0,0.5033817291259766,1.0
208_r3,zh,0.01939484409037776,0.9806051559096223,3,10,1.0,0.017048226669430733,1.0
208_r4,en,0.5776568375933941,0.42234316240660585,3,10,1.0,0.6567115783691406,0.5245112497857818
208_r4,fr,0.23590906343612336,0.7640909365638766,3,10,1.0,0.24870894849300385,0.10000000000368914
208_r4,ja,0.6352006087929231,0.36479939120707694,3,10,1.0,0.5090565085411072,1.0
208_r4,zh,0.2522559970036086,0.7477440029963913,3,10,1.0,0.09790336340665817,1.0
208_r5,en,0.4521352889829158,0.5478647110170842,3,10,1.0,0.6389055252075195,0.3245112497866474
208_r5,fr,0.47181812687046754,0.5281818731295325,3,10,1.0,0.44577744603157043,0.40000000000259683
208_r5,ja,0.4605029002132917,0.5394970997867083,3,10,1.0,0.46163758635520935,0.6000000000017313
208_r5,zh,0.019778516659849452,0.9802214833401506,3,10,1.0,0.015890084207057953,1.0
209_r1,en,0.0034398839380578626,0.9965601160619422,3,10,1.0,0.009783406741917133,0.10000000000368914
209_r1,fr,0.0010450916154728749,0.9989549083845272,3,10,1.0,0.008318094536662102,0.10000000000368914
209_r1,ja,0.47944910993251405,0.520550890067486,3,10,1.0,0.3669355511665344,1.0
209_r1,zh,0.3243344892416595,0.6756655107583405,3,10,1.0,0.1457468718290329,1.0
209_r2,en,0.0001592171800039707,0.999840782819996,3,10,1.0,0.03512932360172272,0.12451124978751298
209_r2,fr,0.0019118559196389334,0.9980881440803611,3,10,1.0,0.02236260659992695,0.10000000000368914
209_r2,ja,0.38386319761887217,0.6161368023811278,3,10,1.0,0.29129359126091003,1.0
209_r2,zh,0.38291029152405076,0.6170897084759492,3,10,1.0,0.1707836240530014,1.0
209_r3,en,0.044463072438893865,0.9555369275611061,3,10,1.0,0.0288662388920784,0.3000000000028235
209_r3,fr,0.0015699980683069681,0.9984300019316931,3,10,1.0,0.004693920258432627,0.10000000000368914
209_r3,ja,0.02044411979564795,0.979555880204352,3,10,1.0,0.017599593847990036,1.0
209_r3,zh,0.012510900224074858,0.9874890997759251,3,10,1.0,0.004083971027284861,0.8000000000008656
209_r4,en,0.002814537187661765,0.9971854628123382,3,10,1.0,0.00382046471349895,0.12451124978751298
209_r4,fr,0.0009605511179378583,0.9990394488820621,3,10,1.0,0.09926174581050873,0.10000000000368914
209_r4,ja,0.07110593154093506,0.928894068459065,3,10,1.0,0.030688541010022163,1.0
209_r4,zh,0.483777482644172,0.516222517355828,3,10,1.0,0.30079159140586853,1.0
209_r5,en,0.00011765242548939788,0.9998823475745106,3,10,1.0,0.04682944342494011,0.10000000000368914
209_r5,fr,0.002559302717523614,0.9974406972824764,3,10,1.0,0.004102167673408985,0.3000000000028235
209_r5,ja,0.36351257576559826,0.6364874242344017,3,10,1.0,0.19589729607105255,1.0
209_r5,zh,0.1840307103311338,0.8159692896688662,3,10,1.0,0.0641649067401886,1.0
20_r1,en,0.59307398298294,0.40692601701706,3,10,1.0,0.5475127100944519,0.7000000000010924
20_r1,fr,0.06379500529861526,0.9362049947013847,3,10,1.0,0.1510312855243683,0.12451124978751298
20_r1,ja,0.5369872236187636,0.4630127763812364,3,10,1.0,0.34448671340942383,1.0
20_r1,zh,0.6416087866849403,0.35839121331505974,3,10,0.0,0.46222934126853943,1.0
20_r2,en,0.031350124380434684,0.9686498756195653,3,10,1.0,0.1661827713251114,0.10000000000368914
20_r2,fr,0.23484329195701392,0.7651567080429861,3,10,1.0,0.16669386625289917,0.12451124978751298
20_r2,ja,0.3623780548743285,0.6376219451256715,3,10,1.0,0.3476342558860779,0.8000000000008656
20_r2,zh,0.31963200863945035,0.6803679913605496,3,10,0.0,0.17416289448738098,0.7245112497849162
20_r3,en,0.5407741199594055,0.4592258800405945,3,10,1.0,0.572715699672699,0.5245112497857818
20_r3,fr,0.09039316608381485,0.9096068339161851,3,10,1.0,0.36896970868110657,0.10000000000368914
20_r3,ja,0.33667743766785074,0.6633225623321493,3,10,1.0,0.31398525834083557,0.5245112497857819
20_r3,zh,0.14466527133703053,0.8553347286629694,3,10,0.0,0.11315213888883591,0.8000000000008656
20_r4,en,0.2756308759580485,0.7243691240419514,3,10,1.0,0.6563487648963928,0.12451124978751298
20_r4,fr,0.1966822038490804,0.8033177961509196,3,10,1.0,0.18508417904376984,0.10000000000368914
20_r4,ja,0.48877065704287237,0.5112293429571276,3,10,1.0,0.33390048146247864,1.0
20_r4,zh,0.2823935115272099,0.7176064884727902,3,10,0.0,0.2915704548358917,0.5245112497857819
20_r5,en,0.004227583521807208,0.9957724164781928,3,10,1.0,0.09485602378845215,0.10000000000368914
20_r5,fr,0.24073926857560943,0.7592607314243905,3,10,1.0,0.27708521485328674,0.10000000000368914
20_r5,ja,0.46428540904019666,0.5357145909598033,3,10,1.0,0.2879936099052429,1.0
20_r5,zh,0.4080474417814266,0.5919525582185734,3,10,0.0,0.20243477821350098,1.0
219_r1,en,0.6116726946041052,0.3883273053958948,3,10,1.0,0.7155126333236694,0.5245112497857819
219_r1,fr,0.02354212912230911,0.9764578708776909,3,10,1.0,0.15876241028308868,0.12451124978751298
219_r1,ja,0.6584090481439483,0.3415909518560517,3,10,0.0,0.6887244582176208,0.5245112497857818
219_r1,zh,0.299812796513658,0.700187203486342,3,10,1.0,0.14055447280406952,1.0
219_r2,en,0.4733618751014618,0.5266381248985381,3,10,1.0,0.530850887298584,0.3245112497866474
219_r2,fr,0.0010696776854552195,0.9989303223145448,3,10,1.0,0.028749383985996246,0.10000000000368914
219_r2,ja,0.5845874430515735,0.4154125569484265,3,10,0.0,0.3942006826400757,0.8000000000008656
219_r2,zh,0.2787577013128651,0.721242298687135,3,10,1.0,0.10225125402212143,1.0
219_r3,en,0.691100039371764,0.308899960628236,3,10,1.0,0.75807785987854,0.5245112497857819
219_r3,fr,0.4091973089306059,0.5908026910693941,3,10,1.0,0.44756990671157837,0.5000000000019581
219_r3,ja,0.6652963486972026,0.33470365130279744,3,10,0.0,0.5297311544418335,1.0
219_r3,zh,0.28756833106490665,0.7124316689350934,3,10,1.0,0.09616155177354813,1.0
219_r4,en,0.6593660367199721,0.34063396328002793,3,10,1.0,0.8737708926200867,0.6000000000017313
219_r4,fr,0.5771309732841584,0.4228690267158416,3,10,1.0,0.5958865284919739,0.5245112497857818
219_r4,ja,0.6545484611144021,0.3454515388855979,3,10,0.0,0.4866667687892914,1.0
219_r4,zh,0.009341064716005784,0.9906589352839942,3,10,1.0,0.006035625468939543,1.0
219_r5,en,0.3048129331704929,0.695187066829507,3,10,1.0,0.7312515377998352,0.10000000000368914
219_r5,fr,0.2895494358585579,0.710450564141442,3,10,1.0,0.1768445074558258,0.3245112497866474
219_r5,ja,0.5180658751360712,0.48193412486392884,3,10,0.0,0.5364421606063843,0.5245112497857819
219_r5,zh,0.19498327811010382,0.8050167218898961,3,10,1.0,0.08969736099243164,0.7245112497849162
225_r1,en,0.749701981559721,0.250298018440279,3,10,1.0,0.6751127243041992,0.8000000000008656
225_r1,fr,0.9315151572057406,0.06848484279425937,3,10,1.0,0.9315150380134583,1.0
225_r1,ja,0.23062733302519495,0.7693726669748051,3,10,0.0,0.19097046554088593,1.0
225_r1,zh,0.35457369441614983,0.6454263055838502,3,10,1.0,0.19767527282238007,1.0
225_r2,en,0.4876069855448609,0.5123930144551391,3,10,1.0,0.5648806095123291,0.3000000000028235
225_r2,fr,0.6694017973142479,0.33059820268575213,3,10,1.0,0.7670648097991943,0.5245112497857819
225_r2,ja,0.6409958778781845,0.35900412212181554,3,10,0.0,0.5509947538375854,0.8000000000008656
225_r2,zh,0.2180230313426566,0.7819769686573435,3,10,1.0,0.1311338096857071,0.8000000000008656
225_r3,en,0.11507209800250752,0.8849279019974925,3,10,1.0,0.4684408903121948,0.12451124978751298
225_r3,fr,0.8837358329991286,0.11626416700087139,3,10,1.0,0.8403682708740234,1.0
225_r3,ja,0.6070794767673545,0.3929205232326455,3,10,0.0,0.5264666676521301,1.0
225_r3,zh,0.2673762643617637,0.7326237356382364,3,10,1.0,0.12966443598270416,1.0
225_r4,en,0.7534758162252926,0.24652418377470742,3,10,1.0,0.8020786643028259,0.7245112497849162
225_r4,fr,0.7215484457809427,0.2784515542190573,3,10,1.0,0.7789680361747742,0.6000000000017313
225_r4,ja,0.2974831598331297,0.7025168401668703,3,10,0.0,0.3658476173877716,0.5245112497857818
225_r4,zh,0.278991291803677,0.721008708196323,3,10,1.0,0.18287986516952515,0.8000000000008656
225_r5,en,0.42706598423080355,0.5729340157691964,3,10,1.0,0.6420313715934753,0.3245112497866474
225_r5,fr,0.833172485433601,0.166827514566399,3,10,1.0,0.8394477367401123,0.8000000000008656
225_r5,ja,0.31580571260233936,0.6841942873976606,3,10,0.0,0.23456810414791107,1.0
225_r5,zh,0.1705826566318355,0.8294173433681645,3,10,1.0,0.10053937137126923,0.6000000000017313
226_r1,en,0.15718161844678166,0.8428183815532183,3,10,1.0,0.1849173605442047,0.10000000000368914
226_r1,fr,0.3262528677347774,0.6737471322652226,3,10,1.0,0.42563867568969727,0.3245112497866474
226_r1,ja,0.13930838641091434,0.8606916135890856,3,10,1.0,0.08605322986841202,1.0
226_r1,zh,0.3733878029000272,0.6266121970999727,3,10,1.0,0.1900385320186615,0.7245112497849162
226_r2,en,0.1609360333256149,0.8390639666743851,3,10,1.0,0.10040029883384705,0.3245112497866474
226_r2,fr,0.05701605397419371,0.9429839460258063,3,10,1.0,0.053573355078697205,0.3000000000028235
226_r2,ja,0.32235307840372324,0.6776469215962768,3,10,1.0,0.16778379678726196,0.5245112497857819
226_r2,zh,0.2775435399093943,0.7224564600906057,3,10,1.0,0.09785253554582596,0.7245112497849162
226_r3,en,0.004999421521194763,0.9950005784788052,3,10,1.0,0.1194157749414444,0.10000000000368914
226_r3,fr,0.021278315777357785,0.9787216842226422,3,10,1.0,0.17969971895217896,0.12451124978751298
226_r3,ja,0.3483779998231376,0.6516220001768624,3,10,1.0,0.28882166743278503,0.6000000000017313
226_r3,zh,0.38115592655421504,0.618844073445785,3,10,1.0,0.20833851397037506,1.0
226_r4,en,0.010509184453868694,0.9894908155461313,3,10,1.0,0.09812559187412262,0.10000000000368914
226_r4,fr,0.06910144551795479,0.9308985544820452,3,10,1.0,0.07255790382623672,0.5000000000019581
226_r4,ja,0.04096744505806697,0.9590325549419331,3,10,1.0,0.035202302038669586,1.0
226_r4,zh,0.250854012661341,0.749145987338659,3,10,1.0,0.10296734422445297,1.0
226_r5,en,0.3512026179760798,0.6487973820239201,3,10,1.0,0.2366013079881668,0.5000000000019581
226_r5,fr,0.5481399049560879,0.4518600950439121,3,10,1.0,0.42818862199783325,0.5245112497857818
226_r5,ja,0.1823825837763612,0.8176174162236388,3,10,1.0,0.09348425269126892,1.0
226_r5,zh,0.015821617284339874,0.9841783827156602,3,10,1.0,0.02006286196410656,0.6000000000017313
231_r1,en,0.6629746494750689,0.3370253505249311,3,10,1.0,0.6022993326187134,0.6000000000017313
231_r1,fr,0.5092576942818017,0.4907423057181983,3,10,1.0,0.32591870427131653,0.6000000000017313
231_r1,ja,0.4910065096452382,0.5089934903547618,3,10,1.0,0.3283224105834961,1.0
231_r1,zh,0.32479784815588003,0.67520215184412,3,10,0.0,0.1613508015871048,1.0
231_r2,en,0.7655371846806006,0.2344628153193994,3,10,1.0,0.7913568019866943,0.8000000000008656
231_r2,fr,0.7298203319416507,0.27017966805834925,3,10,1.0,0.7227752208709717,0.7245112497849162
231_r2,ja,0.3145860599435708,0.6854139400564292,3,10,1.0,0.26054394245147705,0.8000000000008656
231_r2,zh,0.13181274519108324,0.8681872548089168,3,10,0.0,0.08569923043251038,0.8000000000008656
231_r3,en,0.7244201436199541,0.2755798563800459,3,10,1.0,0.7756210565567017,0.7245112497849162
231_r3,fr,0.505949218717342,0.494050781282658,3,10,1.0,0.5665400624275208,0.40000000000259683
231_r3,ja,0.6263558874756034,0.37364411252439655,3,10,1.0,0.4976564347743988,0.8000000000008656
231_r3,zh,0.3901087608844145,0.6098912391155855,3,10,0.0,0.2278161197900772,1.0
231_r4,en,0.765537184680588,0.23446281531941204,3,10,1.0,0.7706292867660522,0.8000000000008656
231_r4,fr,0.6628758459389128,0.3371241540610872,3,10,1.0,0.7395737767219543,0.5245112497857818
231_r4,ja,0.4926580934182876,0.5073419065817124,3,10,1.0,0.30648380517959595,1.0
231_r4,zh,0.3465426768148826,0.6534573231851174,3,10,0.0,0.16229039430618286,1.0
231_r5,en,0.765537184680588,0.23446281531941204,3,10,1.0,0.771004855632782,0.8000000000008656
231_r5,fr,0.06537800875149158,0.9346219912485084,3,10,1.0,0.20448876917362213,0.3245112497866474
231_r5,ja,0.5615961512641017,0.4384038487358983,3,10,1.0,0.4810968041419983,0.8000000000008656
231_r5,zh,0.2450405024970028,0.7549594975029972,3,10,0.0,0.10423315316438675,0.7245112497849162
240_r1,en,0.8224354751856864,0.17756452481431362,3,10,0.0,0.798122227191925,0.8000000000008656
240_r1,fr,0.014747950837252695,0.9852520491627473,3,10,0.0,0.12153405696153641,0.40000000000259683
240_r1,ja,0.6800386225099573,0.3199613774900427,3,10,0.0,0.5067225694656372,1.0
240_r1,zh,0.18080217950126765,0.8191978204987324,3,10,0.0,0.07088617235422134,0.8000000000008656
240_r2,en,0.6953788359086992,0.3046211640913008,3,10,0.0,0.6072841286659241,0.6000000000017313
240_r2,fr,0.9903022646723191,0.009697735327680923,3,10,0.0,0.9903023838996887,1.0
240_r2,ja,0.5256321561827119,0.47436784381728814,3,10,0.0,0.31704485416412354,0.6000000000017313
240_r2,zh,0.28573454663556896,0.714265453364431,3,10,0.0,0.11602497100830078,1.0
240_r3,en,0.7657848928739754,0.23421510712602456,3,10,0.0,0.6897575855255127,0.7245112497849162
240_r3,fr,0.8334080789129032,0.16659192108709675,3,10,0.0,0.802723228931427,0.7245112497849162
240_r3,ja,0.30415386065858857,0.6958461393414115,3,10,0.0,0.12154679000377655,0.8000000000008656
240_r3,zh,0.024090128598182145,0.9759098714018178,3,10,0.0,0.017771219834685326,0.7245112497849162
240_r4,en,0.4586393355898836,0.5413606644101163,3,10,0.0,0.5088045001029968,0.5245112497857819
240_r4,fr,0.9394921333880718,0.060507866611928196,3,10,0.0,0.892566442489624,1.0
240_r4,ja,0.8060303934132517,0.19396960658674833,3,10,0.0,0.6836377382278442,1.0
240_r4,zh,0.3943783931297948,0.6056216068702052,3,10,0.0,0.19910232722759247,1.0
240_r5,en,0.8782901238524236,0.12170987614757645,3,10,0.0,0.786969006061554,0.8000000000008656
240_r5,fr,0.7670848357580294,0.23291516424197056,3,10,0.0,0.7938320636749268,0.6000000000017313
240_r5,ja,0.30533132719043254,0.6946686728095675,3,10,0.0,0.15048278868198395,0.8000000000008656
240_r5,zh,0.3578430234814046,0.6421569765185954,3,10,0.0,0.25994089245796204,0.6000000000017313
252_r1,en,0.5743197430013056,0.4256802569986944,3,10,1.0,0.6296795606613159,0.5245112497857818
252_r1,fr,0.2474071330607122,0.7525928669392878,3,10,0.0,0.2065146416425705,0.10000000000368914
252_r1,ja,0.1276448315359097,0.8723551684640903,3,10,0.0,0.09532638639211655,1.0
252_r1,zh,0.2370847362920175,0.7629152637079825,3,10,0.0,0.07826437801122665,1.0
252_r2,en,0.8841197641535612,0.1158802358464388,3,10,1.0,0.8768629431724548,1.0
252_r2,fr,0.3886811963247167,0.6113188036752832,3,10,0.0,0.43065351247787476,0.3245112497866474
252_r2,ja,0.3369256260955013,0.6630743739044986,3,10,0.0,0.3994337022304535,0.6000000000017313
252_r2,zh,0.23654041839216886,0.7634595816078311,3,10,0.0,0.09864075481891632,0.8000000000008656
252_r3,en,0.9504539101721637,0.04954608982783626,3,10,1.0,0.950447678565979,1.0
252_r3,fr,0.008112201649464372,0.9918877983505356,3,10,0.0,0.32384803891181946,0.10000000000368914
252_r3,ja,0.1610468699111423,0.8389531300888577,3,10,0.0,0.1244296208024025,0.7245112497849162
252_r3,zh,0.03206125928793311,0.9679387407120669,3,10,0.0,0.024490008130669594,1.0
252_r4,en,0.7326827936979957,0.2673172063020043,3,10,1.0,0.7422316074371338,0.6000000000017313
252_r4,fr,0.05338990836367225,0.9466100916363277,3,10,0.0,0.0982636958360672,0.3245112497866474
252_r4,ja,0.463444523455492,0.536555476544508,3,10,0.0,0.35832634568214417,1.0
252_r4,zh,0.21911680316402812,0.7808831968359718,3,10,0.0,0.11558371037244797,0.8000000000008656
252_r5,en,0.680620672015559,0.319379327984441,3,10,1.0,0.7656988501548767,0.5245112497857819
252_r5,fr,0.015012770371885245,0.9849872296281148,3,10,0.0,0.20678338408470154,0.10000000000368914
252_r5,ja,0.17349860381777674,0.8265013961822233,3,10,0.0,0.10511039942502975,1.0
252_r5,zh,0.2798408379787378,0.7201591620212622,3,10,0.0,0.10854000598192215,1.0
253_r1,en,0.13569300891136563,0.8643069910886344,3,10,1.0,0.12531030178070068,1.0
253_r1,fr,0.09734488466871491,0.9026551153312851,3,10,0.0,0.09924111515283585,0.6000000000017313
253_r1,ja,0.24939930305116256,0.7506006969488375,3,10,1.0,0.22099004685878754,0.6000000000017313
253_r1,zh,0.3965505088004942,0.6034494911995059,3,10,0.0,0.23872923851013184,1.0
253_r2,en,0.10292045041054382,0.8970795495894561,3,10,1.0,0.09493939578533173,0.5000000000019581
253_r2,fr,0.028301216417727655,0.9716987835822724,3,10,0.0,0.07487595081329346,0.12451124978751298
253_r2,ja,0.15232571914256723,0.8476742808574328,3,10,1.0,0.18615174293518066,0.3245112497866474
253_r2,zh,0.29994131426019915,0.7000586857398008,3,10,0.0,0.19871695339679718,1.0
253_r3,en,0.08351069397662055,0.9164893060233794,3,10,1.0,0.09176519513130188,0.3000000000028235
253_r3,fr,0.025903524350065227,0.9740964756499347,3,10,0.0,0.15301886200904846,0.12451124978751298
253_r3,ja,0.369410821362175,0.630589178637825,3,10,1.0,0.3088243901729584,1.0
253_r3,zh,0.25187066693008253,0.7481293330699175,3,10,0.0,0.16467370092868805,1.0
253_r4,en,0.04774354140246047,0.9522564585975395,3,10,1.0,0.07797205448150635,0.32451124978664747
253_r4,fr,0.042679440223433826,0.9573205597765662,3,10,0.0,0.0642426460981369,0.30000000000282356
253_r4,ja,0.20488580827015293,0.7951141917298471,3,10,1.0,0.16462796926498413,0.7245112497849162
253_r4,zh,0.13369194157522668,0.8663080584247733,3,10,0.0,0.08647789806127548,1.0
253_r5,en,0.12565496762985198,0.874345032370148,3,10,1.0,0.16355867683887482,0.6000000000017313
253_r5,fr,0.04050807132468673,0.9594919286753133,3,10,0.0,0.10616716742515564,0.10000000000368914
253_r5,ja,0.10592222128630387,0.8940777787136961,3,10,1.0,0.0801287591457367,1.0
253_r5,zh,0.2884595308680782,0.7115404691319218,3,10,0.0,0.11594542115926743,1.0
258_r1,en,0.5908340815275789,0.4091659184724211,3,10,1.0,0.5505959391593933,0.5245112497857818
258_r1,fr,0.9156724214386655,0.08432757856133455,3,10,1.0,0.9156724214553833,1.0
258_r1,ja,0.3458174020617618,0.6541825979382382,3,10,1.0,0.22404195368289948,1.0
258_r1,zh,0.1699882619878602,0.8300117380121398,3,10,0.0,0.1074066162109375,1.0
258_r2,en,0.6474781363982783,0.35252186360172166,3,10,1.0,0.6303205490112305,0.5000000000019581
258_r2,fr,0.7092765769151359,0.2907234230848641,3,10,1.0,0.6533207297325134,0.6000000000017313
258_r2,ja,0.4283155233419985,0.5716844766580015,3,10,1.0,0.27783408761024475,1.0
258_r2,zh,0.16473728313675462,0.8352627168632454,3,10,0.0,0.068534255027771,1.0
258_r3,en,0.6478748298387812,0.3521251701612188,3,10,1.0,0.6501907706260681,0.6000000000017313
258_r3,fr,0.8190022584716833,0.1809977415283167,3,10,1.0,0.8264904022216797,0.8000000000008656
258_r3,ja,0.4954088232432597,0.5045911767567404,3,10,1.0,0.4423494338989258,0.8000000000008656
258_r3,zh,0.19775951536781475,0.8022404846321852,3,10,0.0,0.08854991942644119,1.0
258_r4,en,0.31233386222701987,0.6876661377729801,3,10,1.0,0.5564667582511902,0.12451124978751298
258_r4,fr,0.8190020452236283,0.1809979547763717,3,10,1.0,0.837792694568634,0.8000000000008656
258_r4,ja,0.41191933783624096,0.5880806621637591,3,10,1.0,0.36119920015335083,0.8000000000008656
258_r4,zh,0.025730600555693147,0.9742693994443069,3,10,0.0,0.019853489473462105,1.0
258_r5,en,0.5908506430322805,0.4091493569677195,3,10,1.0,0.6430709362030029,0.5245112497857818
258_r5,fr,0.819002578343775,0.180997421656225,3,10,1.0,0.832082211971283,0.8000000000008656
258_r5,ja,0.35278970097758194,0.647210299022418,3,10,1.0,0.2704252004623413,0.5245112497857819
258_r5,zh,0.09830340404758389,0.9016965959524161,3,10,0.0,0.06378846615552902,0.8000000000008656
261_r1,en,0.4521393643571022,0.5478606356428978,3,10,1.0,0.4405503571033478,0.5245112497857818
261_r1,fr,0.14087031196803046,0.8591296880319695,3,10,1.0,0.1347348988056183,0.5245112497857819
261_r1,ja,0.23567336220549864,0.7643266377945014,3,10,1.0,0.11154408752918243,0.8000000000008656
261_r1,zh,0.183417724210376,0.816582275789624,3,10,1.0,0.1034986674785614,1.0
261_r2,en,0.32702017072113526,0.6729798292788647,3,10,1.0,0.5075723528862,0.12451124978751298
261_r2,fr,0.2542982434191779,0.7457017565808222,3,10,1.0,0.40755245089530945,0.3245112497866474
261_r2,ja,0.05770375652396105,0.9422962434760389,3,10,1.0,0.04503997787833214,0.7245112497849162
261_r2,zh,0.26335694082067046,0.7366430591793296,3,10,1.0,0.14684747159481049,1.0
261_r3,en,0.009966239808328193,0.9900337601916718,3,10,1.0,0.016902651637792587,0.8000000000008656
261_r3,fr,0.19148356630401892,0.8085164336959811,3,10,1.0,0.22767019271850586,0.32451124978664747
261_r3,ja,0.2383351041301189,0.7616648958698811,3,10,1.0,0.11075552552938461,0.7245112497849162
261_r3,zh,0.262483305177971,0.737516694822029,3,10,1.0,0.16049501299858093,0.8000000000008656
261_r4,en,0.08138551236796886,0.9186144876320311,3,10,1.0,0.19528940320014954,0.10000000000368914
261_r4,fr,0.43063946788546764,0.5693605321145323,3,10,1.0,0.5370903015136719,0.3000000000028235
261_r4,ja,0.06242701831938186,0.9375729816806181,3,10,1.0,0.06483270972967148,0.7245112497849162
261_r4,zh,0.40101689072724006,0.59898310927276,3,10,1.0,0.24750934541225433,0.6000000000017313
261_r5,en,0.4275853785113641,0.5724146214886359,3,10,1.0,0.41789865493774414,0.3000000000028235
261_r5,fr,0.2917045496922948,0.7082954503077052,3,10,1.0,0.6597176194190979,0.10000000000368914
261_r5,ja,0.01458492219034548,0.9854150778096545,3,10,1.0,0.023026740178465843,0.5245112497857819
261_r5,zh,0.15134455748343434,0.8486554425165657,3,10,1.0,0.08649344742298126,1.0
266_r1,en,0.7297776242400446,0.27022237575995545,3,10,1.0,0.7547875046730042,0.7000000000010924
266_r1,fr,0.29955286577003515,0.7004471342299649,3,10,1.0,0.3294075131416321,0.5245112497857819
266_r1,ja,0.679900947759349,0.32009905224065105,3,10,1.0,0.6050534844398499,1.0
266_r1,zh,0.3512401236125872,0.6487598763874127,3,10,1.0,0.2894582152366638,1.0
266_r2,en,0.5937722037988132,0.40622779620118676,3,10,1.0,0.6087422966957092,0.5245112497857818
266_r2,fr,0.5072984238256898,0.4927015761743102,3,10,1.0,0.340035617351532,1.0
266_r2,ja,0.5874805841644154,0.4125194158355846,3,10,1.0,0.54384446144104,0.7245112497849162
266_r2,zh,0.3068693851728105,0.6931306148271895,3,10,1.0,0.3294627070426941,0.7245112497849162
266_r3,en,0.6635069289238273,0.33649307107617266,3,10,1.0,0.65757817029953,0.7245112497849162
266_r3,fr,0.65673439969648,0.34326560030352005,3,10,1.0,0.6674320101737976,0.6000000000017313
266_r3,ja,0.811774839815109,0.188225160184891,3,10,1.0,0.8116937279701233,1.0
266_r3,zh,0.22393773926650834,0.7760622607334917,3,10,1.0,0.12468919157981873,1.0
266_r4,en,0.5145137954403061,0.48548620455969393,3,10,1.0,0.6571389436721802,0.5245112497857818
266_r4,fr,0.05617024665729719,0.9438297533427028,3,10,1.0,0.1837618350982666,0.5245112497857819
266_r4,ja,0.3876111292316845,0.6123888707683155,3,10,1.0,0.5237487554550171,0.6000000000017313
266_r4,zh,0.2846035471629503,0.7153964528370498,3,10,1.0,0.33035555481910706,0.8000000000008656
266_r5,en,0.7277865762506837,0.27221342374931634,3,10,1.0,0.7653763890266418,0.8000000000008656
266_r5,fr,0.6434190241538256,0.35658097584617443,3,10,1.0,0.6665270924568176,0.5245112497857819
266_r5,ja,0.6429861179189971,0.35701388208100293,3,10,1.0,0.6176700592041016,0.8000000000008656
266_r5,zh,0.38177587035056015,0.6182241296494398,3,10,1.0,0.28682172298431396,1.0
268_r1,en,0.024261476994175833,0.9757385230058242,3,10,0.0,0.1691940575838089,0.10000000000368914
268_r1,fr,0.509085459335881,0.490914540664119,3,10,0.0,0.39434680342674255,0.8000000000008656
268_r1,ja,0.06577315921942249,0.9342268407805775,3,10,0.0,0.06054902821779251,0.8000000000008656
268_r1,zh,0.04825431723552082,0.9517456827644791,3,10,0.0,0.08195766806602478,0.5245112497857818
268_r2,en,0.006688454772358353,0.9933115452276416,3,10,0.0,0.10649271309375763,0.10000000000368914
268_r2,fr,0.428853990771892,0.571146009228108,3,10,0.0,0.41137105226516724,0.5245112497857819
268_r2,ja,0.31404595103970345,0.6859540489602965,3,10,0.0,0.15531077980995178,1.0
268_r2,zh,0.22454263570786395,0.7754573642921361,3,10,0.0,0.16686338186264038,1.0
268_r3,en,0.3577823358088475,0.6422176641911526,3,10,0.0,0.25159740447998047,0.3000000000028235
268_r3,fr,0.5227079442668712,0.47729205573312883,3,10,0.0,0.5652611255645752,0.3245112497866474
268_r3,ja,0.253215216247076,0.746784783752924,3,10,0.0,0.12300877273082733,0.8000000000008656
268_r3,zh,0.0894889684026188,0.9105110315973812,3,10,0.0,0.12171328067779541,0.5245112497857819
268_r4,en,0.0021250450407376102,0.9978749549592624,3,10,0.0,0.10797210782766342,0.10000000000368914
268_r4,fr,0.6536912635781108,0.3463087364218892,3,10,0.0,0.5727164149284363,0.5000000000019581
268_r4,ja,0.0753154085903611,0.9246845914096389,3,10,0.0,0.06958731263875961,1.0
268_r4,zh,0.23200030922641313,0.7679996907735869,3,10,0.0,0.1594737321138382,1.0
268_r5,en,0.000748685303718625,0.9992513146962814,3,10,0.0,0.04458054155111313,0.10000000000368914
268_r5,fr,0.831237899033205,0.168762100966795,3,10,0.0,0.758771538734436,0.8000000000008656
268_r5,ja,0.03861538726460729,0.9613846127353927,3,10,0.0,0.04416278377175331,0.5245112497857819
268_r5,zh,0.20502336869206675,0.7949766313079333,3,10,0.0,0.1258038878440857,1.0
269_r1,en,0.004112847179877743,0.9958871528201223,3,10,0.0,0.2963351011276245,0.10000000000368914
269_r1,fr,0.17455740303381712,0.8254425969661829,3,10,0.0,0.19852136075496674,0.12451124978751298
269_r1,ja,0.15818549497004264,0.8418145050299574,3,10,0.0,0.12671419978141785,0.8000000000008656
269_r1,zh,0.16096188001757103,0.8390381199824289,3,10,0.0,0.09587088227272034,1.0
269_r2,en,0.44399119397601106,0.5560088060239889,3,10,0.0,0.48078453540802,0.3245112497866474
269_r2,fr,0.1863793235987352,0.8136206764012648,3,10,0.0,0.24917687475681305,0.5000000000019581
269_r2,ja,0.16398172997175497,0.836018270028245,3,10,0.0,0.13390178978443146,1.0
269_r2,zh,0.2886280926878406,0.7113719073121594,3,10,0.0,0.18144717812538147,0.8000000000008656
269_r3,en,0.360835188015945,0.639164811984055,3,10,0.0,0.4103294610977173,0.3245112497866474
269_r3,fr,0.30252110430972745,0.6974788956902725,3,10,0.0,0.5325074791908264,0.12451124978751298
269_r3,ja,0.062478159279183924,0.9375218407208161,3,10,0.0,0.09634927660226822,0.7245112497849162
269_r3,zh,0.2089794228235612,0.7910205771764388,3,10,0.0,0.1640506386756897,0.8000000000008656
269_r4,en,0.11277759650133816,0.8872224034986619,3,10,0.0,0.35970333218574524,0.12451124978751298
269_r4,fr,0.4382969420692952,0.5617030579307047,3,10,0.0,0.26478415727615356,0.6000000000017313
269_r4,ja,0.05204161302356164,0.9479583869764383,3,10,0.0,0.10246635228395462,0.8000000000008656
269_r4,zh,0.28667761764745925,0.7133223823525408,3,10,0.0,0.14048345386981964,1.0
269_r5,en,0.009521341728129384,0.9904786582718706,3,10,0.0,0.24875231087207794,0.10000000000368914
269_r5,fr,0.12879294235255254,0.8712070576474474,3,10,0.0,0.265071302652359,0.10000000000368914
269_r5,ja,0.2932840145717252,0.7067159854282747,3,10,0.0,0.125475212931633,1.0
269_r5,zh,0.3714487911442382,0.6285512088557619,3,10,0.0,0.20198732614517212,1.0
270_r1,en,0.001633744097396588,0.9983662559026034,3,10,0.0,0.32873526215553284,0.10000000000368914
270_r1,fr,0.05941933529684852,0.9405806647031515,3,10,0.0,0.16040489077568054,0.12451124978751298
270_r1,ja,0.4737747856974133,0.5262252143025867,3,10,0.0,0.35520222783088684,1.0
270_r1,zh,0.08833204285535348,0.9116679571446465,3,10,0.0,0.05900293216109276,1.0
270_r2,en,0.3782665138281134,0.6217334861718866,3,10,0.0,0.4869649112224579,0.3000000000028235
270_r2,fr,0.034385463320246154,0.9656145366797538,3,10,0.0,0.04031377285718918,0.8000000000008656
270_r2,ja,0.21889972424600238,0.7811002757539977,3,10,0.0,0.14421844482421875,1.0
270_r2,zh,0.2899155931479118,0.7100844068520882,3,10,0.0,0.1503429412841797,1.0
270_r3,en,0.29657575373507833,0.7034242462649216,3,10,0.0,0.4571473002433777,0.12451124978751298
270_r3,fr,0.028018361865724765,0.9719816381342752,3,10,0.0,0.06192047521471977,0.30000000000282356
270_r3,ja,0.33406214017173086,0.6659378598282691,3,10,0.0,0.1840026080608368,1.0
270_r3,zh,0.09717770013001047,0.9028222998699895,3,10,0.0,0.07707609981298447,1.0
270_r4,en,0.13239981406654563,0.8676001859334543,3,10,0.0,0.366066575050354,0.12451124978751298
270_r4,fr,0.3087234532485112,0.6912765467514888,3,10,0.0,0.12765784561634064,0.8000000000008656
270_r4,ja,0.1700262418767494,0.8299737581232506,3,10,0.0,0.0766836479306221,0.8000000000008656
270_r4,zh,0.10342822040759755,0.8965717795924024,3,10,0.0,0.0738968476653099,1.0
270_r5,en,0.3264745605945516,0.6735254394054484,3,10,0.0,0.6515130400657654,0.12451124978751298
270_r5,fr,0.08656751843797844,0.9134324815620216,3,10,0.0,0.15110626816749573,0.3245112497866474
270_r5,ja,0.3227662390527193,0.6772337609472807,3,10,0.0,0.23531953990459442,0.5245112497857819
270_r5,zh,0.13535761837927615,0.8646423816207238,3,10,0.0,0.08624473959207535,1.0
272_r1,en,0.26823386682245487,0.7317661331775451,3,10,0.0,0.3510814607143402,0.32451124978664747
272_r1,fr,0.08434035369982994,0.91565964630017,3,10,0.0,0.1012507751584053,0.10000000000368914
272_r1,ja,0.5893117807811611,0.4106882192188389,3,10,0.0,0.4527883529663086,0.8000000000008656
272_r1,zh,0.043152823321404424,0.9568471766785955,3,10,0.0,0.023304814472794533,0.7245112497849162
272_r2,en,0.0023258578617498505,0.9976741421382501,3,10,0.0,0.06736990809440613,0.10000000000368914
272_r2,fr,0.24213008181182966,0.7578699181881703,3,10,0.0,0.14836692810058594,0.5000000000019581
272_r2,ja,0.2968731001313427,0.7031268998686573,3,10,0.0,0.16332942247390747,1.0
272_r2,zh,0.01134911891448457,0.9886508810855155,3,10,0.0,0.04250000789761543,0.12451124978751298
272_r3,en,0.0036906420538469,0.996309357946153,3,10,0.0,0.12432397156953812,0.3000000000028235
272_r3,fr,0.024387288896103625,0.9756127111038964,3,10,0.0,0.03217174857854843,0.10000000000368914
272_r3,ja,0.27102949286673894,0.7289705071332611,3,10,0.0,0.1309230476617813,0.8000000000008656
272_r3,zh,0.052610441209684784,0.9473895587903152,3,10,0.0,0.1947367638349533,0.12451124978751298
272_r4,en,0.0006011594002586425,0.9993988405997414,3,10,0.0,0.11770226806402206,0.10000000000368914
272_r4,fr,0.03438807926204656,0.9656119207379534,3,10,0.0,0.041998639702796936,0.3000000000028235
272_r4,ja,0.3772806772814949,0.622719322718505,3,10,0.0,0.2089603841304779,1.0
272_r4,zh,0.09512416644821561,0.9048758335517844,3,10,0.0,0.12177345901727676,0.5245112497857818
272_r5,en,0.40772638888619434,0.5922736111138056,3,10,0.0,0.31681573390960693,0.6000000000017313
272_r5,fr,0.0038202321913437414,0.9961797678086562,3,10,0.0,0.031329620629549026,0.10000000000368914
272_r5,ja,0.5932246902323779,0.4067753097676221,3,10,0.0,0.4542594254016876,1.0
272_r5,zh,0.30468228615218196,0.695317713847818,3,10,0.0,0.2420499622821808,0.8000000000008656
279_r1,en,0.28376847279595124,0.7162315272040487,3,10,1.0,0.4160120189189911,0.12451124978751298
279_r1,fr,0.8106607668354032,0.18933923316459678,3,10,1.0,0.7762089967727661,1.0
279_r1,ja,0.6228524120780338,0.37714758792196623,3,10,1.0,0.5599536299705505,0.8000000000008656
279_r1,zh,0.19557739237143687,0.8044226076285631,3,10,1.0,0.07205501198768616,1.0
279_r2,en,0.5205072935118923,0.4794927064881077,3,10,1.0,0.6153467893600464,0.3245112497866474
279_r2,fr,0.6520147981979948,0.3479852018020052,3,10,1.0,0.5482358932495117,1.0
279_r2,ja,0.5233989569508043,0.4766010430491957,3,10,1.0,0.37323254346847534,0.8000000000008656
279_r2,zh,0.14830270513146823,0.8516972948685317,3,10,1.0,0.0711527019739151,0.8000000000008656
279_r3,en,0.4166263239975866,0.5833736760024134,3,10,1.0,0.3354334831237793,0.3000000000028235
279_r3,fr,0.8086755697152157,0.1913244302847843,3,10,1.0,0.7666338086128235,1.0
279_r3,ja,0.5097577955552386,0.4902422044447614,3,10,1.0,0.6712945699691772,0.5245112497857819
279_r3,zh,0.29481547423006105,0.705184525769939,3,10,1.0,0.14581677317619324,0.7245112497849162
279_r4,en,0.4312749545021364,0.5687250454978636,3,10,1.0,0.569213330745697,0.32451124978664747
279_r4,fr,0.5080077385255135,0.4919922614744865,3,10,1.0,0.3777601420879364,0.5245112497857819
279_r4,ja,0.6512217419316539,0.34877825806834606,3,10,1.0,0.6169320344924927,0.7245112497849162
279_r4,zh,0.11869098178591153,0.8813090182140885,3,10,1.0,0.05700734630227089,1.0
279_r5,en,0.038428336683471086,0.9615716633165289,3,10,1.0,0.15065698325634003,0.10000000000368914
279_r5,fr,0.812355987342753,0.18764401265724695,3,10,1.0,0.7603597044944763,1.0
279_r5,ja,0.45008173159278314,0.5499182684072168,3,10,1.0,0.4306217432022095,0.5245112497857819
279_r5,zh,0.10481436222115184,0.8951856377788482,3,10,1.0,0.05191506817936897,0.8000000000008656
283_r1,en,0.2906027710751064,0.7093972289248935,3,10,1.0,0.5061838626861572,0.10000000000368914
283_r1,fr,0.8063393754217699,0.19366062457823008,3,10,1.0,0.826841413974762,0.8000000000008656
283_r1,ja,0.5860918479603654,0.4139081520396346,3,10,1.0,0.448164165019989,0.8000000000008656
283_r1,zh,0.5403064417893957,0.4596935582106043,3,10,1.0,0.34745585918426514,1.0
283_r2,en,0.7777974602460691,0.2222025397539309,3,10,1.0,0.8319259285926819,0.7245112497849162
283_r2,fr,0.5819645332612476,0.41803546673875236,3,10,1.0,0.6687508225440979,0.5245112497857819
283_r2,ja,0.3833321467767555,0.6166678532232446,3,10,1.0,0.31154271960258484,0.8000000000008656
283_r2,zh,0.33369635258550817,0.6663036474144919,3,10,1.0,0.18263976275920868,1.0
283_r3,en,0.5169870211208247,0.48301297887917527,3,10,1.0,0.5917377471923828,0.3245112497866474
283_r3,fr,0.6468425988012255,0.3531574011987745,3,10,1.0,0.6814631223678589,0.6000000000017313
283_r3,ja,0.548881569095309,0.45111843090469095,3,10,1.0,0.44938522577285767,1.0
283_r3,zh,0.3948656016281971,0.6051343983718029,3,10,1.0,0.322855681180954,0.8000000000008656
283_r4,en,0.7118285069673268,0.2881714930326732,3,10,1.0,0.7424962520599365,0.6000000000017313
283_r4,fr,0.5839920293368537,0.4160079706631463,3,10,1.0,0.6842831373214722,0.5245112497857819
283_r4,ja,0.7489751529592463,0.2510248470407537,3,10,1.0,0.7099992632865906,1.0
283_r4,zh,0.4031601752856746,0.5968398247143254,3,10,1.0,0.20646724104881287,1.0
283_r5,en,0.5935730372656413,0.40642696273435874,3,10,1.0,0.6706225872039795,0.5245112497857819
283_r5,fr,0.650099841409993,0.349900158590007,3,10,1.0,0.5973947048187256,0.8000000000008656
283_r5,ja,0.5383692148771663,0.46163078512283373,3,10,1.0,0.5091874003410339,0.8000000000008656
283_r5,zh,0.2785853405635038,0.7214146594364962,3,10,1.0,0.09990652650594711,1.0
296_r1,en,0.10183768422810348,0.8981623157718965,3,10,1.0,0.5869757533073425,0.12451124978751298
296_r1,fr,0.4082514460237967,0.5917485539762033,3,10,0.0,0.33731138706207275,0.5245112497857818
296_r1,ja,0.5011994754136898,0.4988005245863102,3,10,0.0,0.4050261676311493,0.7245112497849162
296_r1,zh,0.12176400035683911,0.8782359996431609,3,10,0.0,0.05220114812254906,1.0
296_r2,en,0.43587416725237627,0.5641258327476237,3,10,1.0,0.5297284722328186,0.30000000000282356
296_r2,fr,0.5355536480778592,0.4644463519221408,3,10,0.0,0.34256047010421753,1.0
296_r2,ja,0.5856967757928485,0.4143032242071515,3,10,0.0,0.44337671995162964,1.0
296_r2,zh,0.017951896174903025,0.982048103825097,3,10,0.0,0.012172938324511051,0.8000000000008656
296_r3,en,0.43174687905749437,0.5682531209425057,3,10,1.0,0.42797836661338806,0.3000000000028235
296_r3,fr,0.4048985620053218,0.5951014379946782,3,10,0.0,0.3366616368293762,0.5245112497857819
296_r3,ja,0.24262013017405365,0.7573798698259464,3,10,0.0,0.1851244568824768,0.8000000000008656
296_r3,zh,0.056208253071808524,0.9437917469281915,3,10,0.0,0.03970911353826523,0.8000000000008656
296_r4,en,0.22784977439930176,0.7721502256006982,3,10,1.0,0.4770212769508362,0.10000000000368914
296_r4,fr,0.46314829094604876,0.5368517090539513,3,10,0.0,0.300930917263031,0.8000000000008656
296_r4,ja,0.313343965899274,0.686656034100726,3,10,0.0,0.27080613374710083,0.8000000000008656
296_r4,zh,0.08784075807628591,0.9121592419237141,3,10,0.0,0.09284211695194244,0.8000000000008656
296_r5,en,0.5033041355918582,0.49669586440814184,3,10,1.0,0.6298865079879761,0.40000000000259683
296_r5,fr,0.5535810906340054,0.4464189093659946,3,10,0.0,0.3697859048843384,1.0
296_r5,ja,0.34319812955382284,0.6568018704461771,3,10,0.0,0.27123457193374634,1.0
296_r5,zh,0.0982716062488274,0.9017283937511726,3,10,0.0,0.07154308259487152,0.8000000000008656
297_r1,en,0.8469300773992205,0.15306992260077945,3,10,1.0,0.7582178115844727,0.8000000000008656
297_r1,fr,0.6988656983819623,0.30113430161803767,3,10,1.0,0.6106678247451782,0.8000000000008656
297_r1,ja,0.6323287183550378,0.3676712816449622,3,10,1.0,0.4746150076389313,1.0
297_r1,zh,0.24770152021346123,0.7522984797865387,3,10,1.0,0.1492680162191391,1.0
297_r2,en,0.7334627775792633,0.26653722242073674,3,10,1.0,0.8339601159095764,0.6000000000017313
297_r2,fr,0.29201112839920024,0.7079888716007998,3,10,1.0,0.3826349973678589,0.3245112497866474
297_r2,ja,0.5716993419659501,0.42830065803404993,3,10,1.0,0.4146325886249542,1.0
297_r2,zh,0.18807683200965086,0.8119231679903491,3,10,1.0,0.17916880548000336,0.5245112497857819
297_r3,en,0.5325898689402067,0.46741013105979334,3,10,1.0,0.6692008972167969,0.32451124978664747
297_r3,fr,0.4796265385067485,0.5203734614932515,3,10,1.0,0.567114531993866,0.3000000000028235
297_r3,ja,0.49391692481701743,0.5060830751829826,3,10,1.0,0.32187116146087646,1.0
297_r3,zh,0.181905389175654,0.818094610824346,3,10,1.0,0.12154331058263779,0.5245112497857819
297_r4,en,0.5336102917786489,0.46638970822135106,3,10,1.0,0.6157928109169006,0.3245112497866474
297_r4,fr,0.5565868930485797,0.44341310695142033,3,10,1.0,0.487274169921875,0.6000000000017313
297_r4,ja,0.5681489347213434,0.4318510652786566,3,10,1.0,0.5059366822242737,0.8000000000008656
297_r4,zh,0.3702305138968232,0.6297694861031768,3,10,1.0,0.20683273673057556,0.7245112497849162
297_r5,en,0.6695570158716148,0.33044298412838524,3,10,1.0,0.7036031484603882,0.5000000000019581
297_r5,fr,0.014346634521010548,0.9856533654789894,3,10,1.0,0.04040924459695816,0.10000000000368914
297_r5,ja,0.489238568791549,0.510761431208451,3,10,1.0,0.40359243750572205,0.8000000000008656
297_r5,zh,0.2033656736797849,0.7966343263202151,3,10,1.0,0.09449443966150284,1.0
29_r1,en,0.08381821256185032,0.9161817874381497,3,10,0.0,0.2001381516456604,0.10000000000368914
29_r1,fr,0.05736961315953865,0.9426303868404613,3,10,0.0,0.12141158431768417,0.12451124978751298
29_r1,ja,0.275473940297796,0.7245260597022041,3,10,0.0,0.2770402133464813,0.8000000000008656
29_r1,zh,0.08252285465425627,0.9174771453457438,3,10,0.0,0.050813939422369,1.0
29_r2,en,0.0017473347967021675,0.9982526652032978,3,10,0.0,0.016732219606637955,0.10000000000368914
29_r2,fr,0.2253880262013408,0.7746119737986592,3,10,0.0,0.1532904952764511,0.6000000000017313
29_r2,ja,0.29628795728577084,0.7037120427142292,3,10,0.0,0.16411982476711273,1.0
29_r2,zh,0.06440302193933863,0.9355969780606613,3,10,0.0,0.07589304447174072,0.8000000000008656
29_r3,en,0.12063691409932996,0.87936308590067,3,10,0.0,0.257066547870636,0.12451124978751298
29_r3,fr,0.19189180402649816,0.8081081959735018,3,10,0.0,0.17961792647838593,0.5000000000019581
29_r3,ja,0.060576956589240574,0.9394230434107594,3,10,0.0,0.2367815375328064,0.5245112497857819
29_r3,zh,0.05043879897019793,0.949561201029802,3,10,0.0,0.033716652542352676,1.0
29_r4,en,0.5880979210475867,0.41190207895241326,3,10,0.0,0.5083586573600769,0.5245112497857818
29_r4,fr,0.040428663961053504,0.9595713360389465,3,10,0.0,0.19365458190441132,0.10000000000368914
29_r4,ja,0.10730708056625836,0.8926929194337416,3,10,0.0,0.06483510136604309,1.0
29_r4,zh,0.5039618253224574,0.49603817467754263,3,10,0.0,0.31004080176353455,1.0
29_r5,en,0.020061136854791252,0.9799388631452087,3,10,0.0,0.04323221743106842,0.10000000000368914
29_r5,fr,0.13319651185054804,0.866803488149452,3,10,0.0,0.20368078351020813,0.5000000000019581
29_r5,ja,0.22922356524314114,0.7707764347568589,3,10,0.0,0.2709077298641205,0.6000000000017313
29_r5,zh,0.024125125368523372,0.9758748746314766,3,10,0.0,0.08230838924646378,0.6000000000017313
302_r1,en,0.6810221360425043,0.3189778639574957,3,10,1.0,0.7602294683456421,0.5245112497857819
302_r1,fr,0.02922046557536602,0.9707795344246339,3,10,1.0,0.2459803968667984,0.40000000000259683
302_r1,ja,0.49974505933730684,0.5002549406626932,3,10,0.0,0.32509011030197144,1.0
302_r1,zh,0.34611700970371945,0.6538829902962806,3,10,1.0,0.1732056736946106,1.0
302_r2,en,0.8310437818778184,0.16895621812218165,3,10,1.0,0.8380951285362244,0.8000000000008656
302_r2,fr,0.042920999019937775,0.9570790009800623,3,10,1.0,0.23044033348560333,0.6000000000017313
302_r2,ja,0.48923830943661095,0.510761690563389,3,10,0.0,0.3137163519859314,1.0
302_r2,zh,0.3946604667411434,0.6053395332588566,3,10,1.0,0.20699715614318848,1.0
302_r3,en,0.6810220885038151,0.31897791149618493,3,10,1.0,0.759860098361969,0.5245112497857818
302_r3,fr,0.036353739550294084,0.9636462604497059,3,10,1.0,0.1380174309015274,0.6000000000017313
302_r3,ja,0.2800832953857444,0.7199167046142556,3,10,0.0,0.1577765941619873,0.7245112497849162
302_r3,zh,0.3984897954899753,0.6015102045100247,3,10,1.0,0.21037977933883667,1.0
302_r4,en,0.6003165791448427,0.3996834208551573,3,10,1.0,0.6171133518218994,0.5245112497857819
302_r4,fr,0.0626227704805195,0.9373772295194805,3,10,1.0,0.18726959824562073,0.32451124978664747
302_r4,ja,0.4708683309486561,0.5291316690513439,3,10,0.0,0.37505680322647095,0.8000000000008656
302_r4,zh,0.45883951443524346,0.5411604855647565,3,10,1.0,0.24665682017803192,1.0
302_r5,en,0.9144300954344131,0.08556990456558689,3,10,1.0,0.9114106297492981,1.0
302_r5,fr,0.31132243361955414,0.6886775663804459,3,10,1.0,0.1542682647705078,0.8000000000008656
302_r5,ja,0.39713482576556447,0.6028651742344355,3,10,0.0,0.3853083550930023,0.6000000000017313
302_r5,zh,0.2492306666959443,0.7507693333040557,3,10,1.0,0.18439143896102905,0.8000000000008656
311_r1,en,0.00046534153871146403,0.9995346584612885,3,10,0.0,0.0457383468747139,0.40000000000259683
311_r1,fr,0.06826004920811161,0.9317399507918884,3,10,0.0,0.05315709486603737,0.3245112497866474
311_r1,ja,0.1821549784962668,0.8178450215037332,3,10,1.0,0.1443975418806076,0.8000000000008656
311_r1,zh,0.3977101655794317,0.6022898344205683,3,10,1.0,0.22346147894859314,0.7245112497849162
311_r2,en,0.0057790407176217485,0.9942209592823783,3,10,0.0,0.10114756226539612,0.3245112497866474
311_r2,fr,0.02773617026312573,0.9722638297368743,3,10,0.0,0.14987656474113464,0.10000000000368914
311_r2,ja,0.2630873878459013,0.7369126121540988,3,10,1.0,0.1296534538269043,0.8000000000008656
311_r2,zh,0.30178113582056837,0.6982188641794316,3,10,1.0,0.10407239943742752,1.0
311_r3,en,0.3962484541203858,0.6037515458796142,3,10,0.0,0.38634201884269714,0.3000000000028235
311_r3,fr,0.5309358110846683,0.46906418891533175,3,10,0.0,0.44632717967033386,0.6000000000017313
311_r3,ja,0.13518836307791907,0.864811636922081,3,10,1.0,0.09406806528568268,0.5245112497857818
311_r3,zh,0.3376875752085551,0.6623124247914449,3,10,1.0,0.1581031233072281,0.8000000000008656
311_r4,en,0.0005202612617510176,0.999479738738249,3,10,0.0,0.09429243952035904,0.5000000000019581
311_r4,fr,0.010448645593777681,0.9895513544062223,3,10,0.0,0.13357800245285034,0.12451124978751298
311_r4,ja,0.14038498703291943,0.8596150129670805,3,10,1.0,0.06876495480537415,1.0
311_r4,zh,0.14798929514769302,0.852010704852307,3,10,1.0,0.06919975578784943,0.8000000000008656
311_r5,en,0.0002326711076419693,0.999767328892358,3,10,0.0,0.18625150620937347,0.10000000000368914
311_r5,fr,0.6067115120082844,0.39328848799171556,3,10,0.0,0.5026938319206238,0.8000000000008656
311_r5,ja,0.1387905359400964,0.8612094640599036,3,10,1.0,0.1121225357055664,0.7245112497849162
311_r5,zh,0.421148773491487,0.5788512265085131,3,10,1.0,0.3087030053138733,1.0
315_r1,en,0.026906179657805587,0.9730938203421944,3,10,1.0,0.05877292528748512,0.10000000000368914
315_r1,fr,0.20751786612616327,0.7924821338738367,3,10,1.0,0.10157390683889389,0.40000000000259683
315_r1,ja,0.21412615797513443,0.7858738420248655,3,10,1.0,0.18683189153671265,0.5245112497857819
315_r1,zh,0.012556905826695402,0.9874430941733046,3,10,0.0,0.007511164527386427,1.0
315_r2,en,0.07326712581479354,0.9267328741852064,3,10,1.0,0.07088246941566467,0.7000000000010924
315_r2,fr,0.03464054014084735,0.9653594598591526,3,10,1.0,0.053568772971630096,0.40000000000259683
315_r2,ja,0.19747197203485478,0.8025280279651452,3,10,1.0,0.09928049892187119,0.6000000000017313
315_r2,zh,0.0599070911481701,0.94009290885183,3,10,0.0,0.04373326525092125,1.0
315_r3,en,0.03730046849652387,0.9626995315034761,3,10,1.0,0.18132217228412628,0.32451124978664747
315_r3,fr,0.010931297665512135,0.9890687023344878,3,10,1.0,0.05415605753660202,0.10000000000368914
315_r3,ja,0.12480123349476975,0.8751987665052302,3,10,1.0,0.17028596997261047,0.6000000000017313
315_r3,zh,0.16896855785028755,0.8310314421497125,3,10,0.0,0.06731896847486496,1.0
315_r4,en,0.10483927917180802,0.895160720828192,3,10,1.0,0.09695887565612793,1.0
315_r4,fr,0.023029256864889106,0.9769707431351109,3,10,1.0,0.0523957721889019,0.10000000000368914
315_r4,ja,0.09767340320654,0.90232659679346,3,10,1.0,0.062396179884672165,0.8000000000008656
315_r4,zh,0.027588254679496854,0.9724117453205031,3,10,0.0,0.025756819173693657,0.6000000000017313
315_r5,en,0.06530201188831511,0.9346979881116849,3,10,1.0,0.11649110168218613,0.3245112497866474
315_r5,fr,0.0709946426863721,0.9290053573136279,3,10,1.0,0.22722667455673218,0.10000000000368914
315_r5,ja,0.2057572247224226,0.7942427752775774,3,10,1.0,0.19883327186107635,0.6000000000017313
315_r5,zh,0.05122923749989154,0.9487707625001085,3,10,0.0,0.04311221092939377,0.7245112497849162
318_r1,en,0.5828107076073942,0.4171892923926058,3,10,1.0,0.6540129780769348,0.6000000000017313
318_r1,fr,0.31256492176548867,0.6874350782345113,3,10,1.0,0.371537983417511,0.30000000000282356
318_r1,ja,0.7514905644860831,0.2485094355139169,3,10,1.0,0.6420015096664429,1.0
318_r1,zh,0.2834577288787503,0.7165422711212497,3,10,1.0,0.1079861968755722,1.0
318_r2,en,0.6402311763080648,0.3597688236919352,3,10,1.0,0.6915613412857056,0.7245112497849162
318_r2,fr,0.37591569174329387,0.6240843082567061,3,10,1.0,0.47915977239608765,0.3000000000028235
318_r2,ja,0.5799280657530387,0.4200719342469613,3,10,1.0,0.53829026222229,0.7245112497849162
318_r2,zh,0.2844934424841671,0.7155065575158329,3,10,1.0,0.11212790757417679,1.0
318_r3,en,0.6401554828004317,0.35984451719956834,3,10,1.0,0.6808634996414185,0.7245112497849162
318_r3,fr,0.4924645985217353,0.5075354014782647,3,10,1.0,0.5296981334686279,0.6000000000017313
318_r3,ja,0.6351752345921011,0.3648247654078989,3,10,1.0,0.5792655348777771,0.6000000000017313
318_r3,zh,0.4190278164609806,0.5809721835390194,3,10,1.0,0.2115698903799057,1.0
318_r4,en,0.6411793493091037,0.3588206506908963,3,10,1.0,0.6478108763694763,0.8000000000008656
318_r4,fr,0.5317946946767442,0.46820530532325577,3,10,1.0,0.4616788923740387,0.7000000000010924
318_r4,ja,0.7001224793692044,0.29987752063079565,3,10,1.0,0.6518049836158752,0.7245112497849162
318_r4,zh,0.06055876199907784,0.9394412380009222,3,10,1.0,0.16188177466392517,0.8000000000008656
318_r5,en,0.42118710753687016,0.5788128924631298,3,10,1.0,0.5322645306587219,0.3245112497866474
318_r5,fr,0.3759159202706596,0.6240840797293403,3,10,1.0,0.3911586403846741,0.3000000000028235
318_r5,ja,0.6351147443707617,0.36488525562923835,3,10,1.0,0.4743023216724396,0.7245112497849162
318_r5,zh,0.28552935121512824,0.7144706487848718,3,10,1.0,0.12450648844242096,1.0
323_r1,en,0.6187447034287494,0.38125529657125057,3,10,1.0,0.6723440289497375,0.5245112497857819
323_r1,fr,0.42008509332911065,0.5799149066708893,3,10,1.0,0.4822816550731659,0.3000000000028235
323_r1,ja,0.5630568110052552,0.4369431889947448,3,10,1.0,0.4542554020881653,0.7245112497849162
323_r1,zh,0.2719033877505147,0.7280966122494853,3,10,1.0,0.09966050088405609,0.8000000000008656
323_r2,en,0.6859966179227838,0.31400338207721623,3,10,1.0,0.7152111530303955,0.8000000000008656
323_r2,fr,0.20720909594139775,0.7927909040586023,3,10,1.0,0.39271876215934753,0.10000000000368914
323_r2,ja,0.542067290143667,0.45793270985633305,3,10,1.0,0.3566151261329651,0.8000000000008656
323_r2,zh,0.4050737328674232,0.5949262671325768,3,10,1.0,0.1933031678199768,0.8000000000008656
323_r3,en,0.6416908043631386,0.35830919563686137,3,10,1.0,0.645968496799469,0.8000000000008656
323_r3,fr,0.11708974411293209,0.882910255887068,3,10,1.0,0.5173864364624023,0.10000000000368914
323_r3,ja,0.4921808574421351,0.5078191425578649,3,10,1.0,0.308991938829422,1.0
323_r3,zh,0.050268777683912656,0.9497312223160873,3,10,1.0,0.03235499933362007,1.0
323_r4,en,0.6462322696217953,0.35376773037820475,3,10,1.0,0.6912100911140442,0.7245112497849162
323_r4,fr,0.35265544139420174,0.6473445586057982,3,10,1.0,0.19615060091018677,0.3000000000028235
323_r4,ja,0.6728378141659096,0.3271621858340904,3,10,1.0,0.6875080466270447,0.7245112497849162
323_r4,zh,0.4020420297500842,0.5979579702499158,3,10,1.0,0.20489662885665894,1.0
323_r5,en,0.420085093329167,0.579914906670833,3,10,1.0,0.5170621275901794,0.30000000000282356
323_r5,fr,0.3578119161713686,0.6421880838286314,3,10,1.0,0.41268089413642883,0.5245112497857819
323_r5,ja,0.5546717412799137,0.4453282587200863,3,10,1.0,0.5364039540290833,0.7245112497849162
323_r5,zh,0.03180238361323581,0.9681976163867642,3,10,1.0,0.01845821738243103,1.0
328_r1,en,0.06954448812915572,0.9304555118708443,3,10,1.0,0.23973745107650757,0.10000000000368914
328_r1,fr,0.1364738117657035,0.8635261882342965,3,10,1.0,0.2459506094455719,0.10000000000368914
328_r1,ja,0.7379157071687209,0.2620842928312791,3,10,1.0,0.5789499878883362,1.0
328_r1,zh,0.08164420595118962,0.9183557940488104,3,10,1.0,0.05512202903628349,1.0
328_r2,en,0.26517242001097174,0.7348275799890283,3,10,1.0,0.36977827548980713,0.12451124978751298
328_r2,fr,0.023304299969351384,0.9766957000306487,3,10,1.0,0.04368136450648308,0.5000000000019581
328_r2,ja,0.6153087474790705,0.3846912525209295,3,10,1.0,0.40028107166290283,1.0
328_r2,zh,0.03707979256464333,0.9629202074353567,3,10,1.0,0.02548401616513729,1.0
328_r3,en,0.011852730434282708,0.9881472695657173,3,10,1.0,0.13502153754234314,0.10000000000368914
328_r3,fr,0.007765171741762326,0.9922348282582377,3,10,1.0,0.061599474400281906,0.10000000000368914
328_r3,ja,0.5303682662009923,0.4696317337990077,3,10,1.0,0.30222049355506897,1.0
328_r3,zh,0.31317733949290627,0.6868226605070937,3,10,1.0,0.1530129760503769,1.0
328_r4,en,0.005681259806013042,0.9943187401939869,3,10,1.0,0.006049459800124168,0.10000000000368914
328_r4,fr,0.0042318504370234405,0.9957681495629765,3,10,1.0,0.018782971426844597,0.3000000000028235
328_r4,ja,0.7577833704425866,0.2422166295574134,3,10,1.0,0.6167010068893433,1.0
328_r4,zh,0.4246317634639812,0.5753682365360189,3,10,1.0,0.2180301547050476,1.0
328_r5,en,0.24505845412007832,0.7549415458799217,3,10,1.0,0.366565078496933,0.10000000000368914
328_r5,fr,0.02321684732108153,0.9767831526789185,3,10,1.0,0.1215919479727745,0.3000000000028235
328_r5,ja,0.5394969987089495,0.4605030012910505,3,10,1.0,0.3482346534729004,1.0
328_r5,zh,0.04775888219648303,0.952241117803517,3,10,1.0,0.038584113121032715,0.7245112497849162
329_r1,en,0.6707751871621395,0.32922481283786054,3,10,1.0,0.6296794414520264,0.5245112497857819
329_r1,fr,0.7169852312166815,0.28301476878331855,3,10,1.0,0.805992841720581,0.6000000000017313
329_r1,ja,0.7063231809004149,0.2936768190995851,3,10,1.0,0.6043826937675476,1.0
329_r1,zh,0.3043472509513578,0.6956527490486422,3,10,1.0,0.22460420429706573,0.7245112497849162
329_r2,en,0.6059482268916921,0.39405177310830786,3,10,1.0,0.6289206147193909,0.6000000000017313
329_r2,fr,0.778997194965136,0.22100280503486402,3,10,1.0,0.7522202134132385,0.7245112497849162
329_r2,ja,0.32540570180754597,0.674594298192454,3,10,1.0,0.2645011842250824,0.7245112497849162
329_r2,zh,0.2404241707318422,0.7595758292681578,3,10,1.0,0.24262617528438568,0.6000000000017313
329_r3,en,0.8929920402242679,0.10700795977573208,3,10,1.0,0.8545005321502686,1.0
329_r3,fr,0.8286562187989212,0.17134378120107885,3,10,1.0,0.7555460333824158,1.0
329_r3,ja,0.691399808558586,0.30860019144141404,3,10,1.0,0.5737947821617126,1.0
329_r3,zh,0.2697903057225138,0.7302096942774863,3,10,1.0,0.16887468099594116,0.7245112497849162
329_r4,en,0.15136889007885299,0.848631109921147,3,10,1.0,0.5581540465354919,0.12451124978751298
329_r4,fr,0.9256236553023145,0.0743763446976855,3,10,1.0,0.9256235361099243,1.0
329_r4,ja,0.8032104788539453,0.19678952114605475,3,10,1.0,0.7245234847068787,1.0
329_r4,zh,0.04990029411379818,0.9500997058862019,3,10,1.0,0.08813293278217316,0.6000000000017313
329_r5,en,0.43005605681113546,0.5699439431888645,3,10,1.0,0.5200157761573792,0.3245112497866474
329_r5,fr,0.9256236553023145,0.0743763446976855,3,10,1.0,0.9256235361099243,1.0
329_r5,ja,0.7393164224844915,0.2606835775155085,3,10,1.0,0.6515125632286072,0.8000000000008656
329_r5,zh,0.4147919372053603,0.5852080627946397,3,10,1.0,0.25325700640678406,1.0
330_r1,en,0.6886729343875819,0.3113270656124181,3,10,1.0,0.7003654837608337,0.8000000000008656
330_r1,fr,0.5444437588942647,0.45555624110573534,3,10,1.0,0.5269823670387268,0.5000000000019581
330_r1,ja,0.28450764502932785,0.7154923549706722,3,10,1.0,0.12326814234256744,1.0
330_r1,zh,0.2726142049239941,0.7273857950760059,3,10,0.0,0.1208692267537117,1.0
330_r2,en,0.48698654795149804,0.5130134520485019,3,10,1.0,0.400579035282135,0.5000000000019581
330_r2,fr,0.6868328513645611,0.31316714863543893,3,10,1.0,0.6972874402999878,0.8000000000008656
330_r2,ja,0.398221637978334,0.601778362021666,3,10,1.0,0.20635215938091278,1.0
330_r2,zh,0.11703214114507936,0.8829678588549207,3,10,0.0,0.07610782980918884,1.0
330_r3,en,0.6517328947510636,0.34826710524893645,3,10,1.0,0.7030498385429382,0.7245112497849162
330_r3,fr,0.6128703714794309,0.3871296285205691,3,10,1.0,0.661803662776947,0.7245112497849162
330_r3,ja,0.0875770528613995,0.9124229471386005,3,10,1.0,0.08426713198423386,0.7245112497849162
330_r3,zh,0.18952373143319742,0.8104762685668025,3,10,0.0,0.09004870802164078,1.0
330_r4,en,0.3581267522914218,0.6418732477085782,3,10,1.0,0.4673877954483032,0.3245112497866474
330_r4,fr,0.3337297123828993,0.6662702876171007,3,10,1.0,0.40474122762680054,0.30000000000282356
330_r4,ja,0.28336287642050745,0.7166371235794926,3,10,1.0,0.16569924354553223,0.8000000000008656
330_r4,zh,0.06888618098927145,0.9311138190107285,3,10,0.0,0.04879869893193245,0.8000000000008656
330_r5,en,0.688672934387587,0.31132706561241297,3,10,1.0,0.707560122013092,0.8000000000008656
330_r5,fr,0.5467230931744473,0.45327690682555266,3,10,1.0,0.6401256918907166,0.5245112497857819
330_r5,ja,0.5040423977514613,0.4959576022485387,3,10,1.0,0.3611220419406891,0.7245112497849162
330_r5,zh,0.26988599073928876,0.7301140092607112,3,10,0.0,0.11034402996301651,0.8000000000008656
331_r1,en,0.426218497101439,0.573781502898561,3,10,1.0,0.4868759512901306,0.3245112497866474
331_r1,fr,0.35488898881091,0.64511101118909,3,10,1.0,0.19341756403446198,0.7245112497849162
331_r1,ja,0.6072902802636612,0.39270971973633884,3,10,1.0,0.5632427930831909,0.8000000000008656
331_r1,zh,0.10844552274210056,0.8915544772578994,3,10,1.0,0.14372184872627258,0.5245112497857819
331_r2,en,0.7097906749583549,0.2902093250416451,3,10,1.0,0.752815306186676,0.6000000000017313
331_r2,fr,0.09548800499235141,0.9045119950076486,3,10,1.0,0.19673851132392883,0.3245112497866474
331_r2,ja,0.6049788705902232,0.39502112940977685,3,10,1.0,0.4564143419265747,1.0
331_r2,zh,0.41288201128699936,0.5871179887130007,3,10,1.0,0.3251573443412781,0.7245112497849162
331_r3,en,0.5088674836592928,0.4911325163407072,3,10,1.0,0.6020536422729492,0.3245112497866474
331_r3,fr,0.3044559099966744,0.6955440900033256,3,10,1.0,0.17890432476997375,0.5245112497857818
331_r3,ja,0.6039374038077316,0.39606259619226836,3,10,1.0,0.5423979163169861,0.8000000000008656
331_r3,zh,0.7194249542583844,0.2805750457416156,3,10,1.0,0.6141210794448853,1.0
331_r4,en,0.7672956895108245,0.2327043104891755,3,10,1.0,0.7498854398727417,0.8000000000008656
331_r4,fr,0.2023239526956406,0.7976760473043594,3,10,1.0,0.12621206045150757,1.0
331_r4,ja,0.7237782701896098,0.27622172981039017,3,10,1.0,0.6147093176841736,1.0
331_r4,zh,0.11036973146023901,0.889630268539761,3,10,1.0,0.13972610235214233,0.7245112497849162
331_r5,en,0.6939264246572973,0.30607357534270274,3,10,1.0,0.631874144077301,0.6000000000017313
331_r5,fr,0.09232050443650328,0.9076794955634967,3,10,1.0,0.11029838770627975,0.5245112497857819
331_r5,ja,0.6593399618738554,0.34066003812614465,3,10,1.0,0.530010461807251,1.0
331_r5,zh,0.4703305550849133,0.5296694449150867,3,10,1.0,0.2909589409828186,0.5245112497857819
333_r1,en,0.00028215227618607556,0.9997178477238139,3,10,1.0,0.05139115825295448,0.3000000000028235
333_r1,fr,0.835928857161688,0.16407114283831203,3,10,1.0,0.7701820731163025,0.8000000000008656
333_r1,ja,0.44568712533544336,0.5543128746645567,3,10,0.0,0.44244250655174255,0.6000000000017313
333_r1,zh,0.4505171911060663,0.5494828088939336,3,10,0.0,0.3392920196056366,1.0
333_r2,en,0.41430863233070975,0.5856913676692903,3,10,1.0,0.41181862354278564,0.3000000000028235
333_r2,fr,0.5917561323528199,0.4082438676471801,3,10,1.0,0.5939728617668152,0.6000000000017313
333_r2,ja,0.47891248288355603,0.521087517116444,3,10,0.0,0.3989695906639099,0.8000000000008656
333_r2,zh,0.4452089593787662,0.5547910406212337,3,10,0.0,0.2734990119934082,1.0
333_r3,en,0.17491757954379905,0.825082420456201,3,10,1.0,0.33513060212135315,0.12451124978751298
333_r3,fr,0.8332668981791607,0.16673310182083934,3,10,1.0,0.7606689929962158,1.0
333_r3,ja,0.3945077487424215,0.6054922512575784,3,10,0.0,0.3198027014732361,0.6000000000017313
333_r3,zh,0.27885548161666496,0.721144518383335,3,10,0.0,0.17376987636089325,1.0
333_r4,en,0.0003642571428586333,0.9996357428571414,3,10,1.0,0.00046755513176321983,0.5000000000019581
333_r4,fr,0.9324413869076528,0.06755861309234723,3,10,1.0,0.9324363470077515,1.0
333_r4,ja,0.5303995081708457,0.4696004918291543,3,10,0.0,0.44480791687965393,1.0
333_r4,zh,0.32995432250125284,0.6700456774987471,3,10,0.0,0.18895241618156433,1.0
333_r5,en,0.00028215236960615924,0.9997178476303938,3,10,1.0,0.0004348355869296938,0.3000000000028235
333_r5,fr,0.8498417562955018,0.15015824370449815,3,10,1.0,0.8191788792610168,1.0
333_r5,ja,0.45076283029183195,0.549237169708168,3,10,0.0,0.3480904996395111,1.0
333_r5,zh,0.5810917284770224,0.4189082715229776,3,10,0.0,0.49697133898735046,1.0
335_r1,en,0.12214569556154573,0.8778543044384542,3,10,1.0,0.41146713495254517,0.12451124978751298
335_r1,fr,0.7751194442866611,0.22488055571333887,3,10,1.0,0.7076612710952759,1.0
335_r1,ja,0.7242105732367053,0.27578942676329465,3,10,0.0,0.6133652925491333,1.0
335_r1,zh,0.49355800440610864,0.5064419955938914,3,10,0.0,0.27577584981918335,1.0
335_r2,en,0.852817163279187,0.147182836720813,3,10,1.0,0.7634609937667847,0.8000000000008656
335_r2,fr,0.8058773797897641,0.19412262021023585,3,10,1.0,0.8815224170684814,0.7245112497849162
335_r2,ja,0.41806101844485466,0.5819389815551453,3,10,0.0,0.5968170762062073,0.32451124978664747
335_r2,zh,0.2664303903845134,0.7335696096154867,3,10,0.0,0.09831853955984116,1.0
335_r3,en,0.06896991409785769,0.9310300859021423,3,10,1.0,0.10701215267181396,0.5245112497857819
335_r3,fr,0.38933390327618556,0.6106660967238144,3,10,1.0,0.43655136227607727,0.5245112497857819
335_r3,ja,0.5728976404722633,0.4271023595277367,3,10,0.0,0.5432722568511963,0.8000000000008656
335_r3,zh,0.37511680321252,0.6248831967874799,3,10,0.0,0.18605634570121765,1.0
335_r4,en,0.7977374595068241,0.20226254049317594,3,10,1.0,0.770150899887085,0.7000000000010924
335_r4,fr,0.44956122137085186,0.5504387786291481,3,10,1.0,0.5993943810462952,0.32451124978664747
335_r4,ja,0.7130141934180821,0.28698580658191786,3,10,0.0,0.6118794679641724,1.0
335_r4,zh,0.037500576380611744,0.9624994236193882,3,10,0.0,0.03011571429669857,1.0
335_r5,en,0.6810944587045025,0.31890554129549753,3,10,1.0,0.6013147234916687,0.7245112497849162
335_r5,fr,0.607918483073497,0.39208151692650295,3,10,1.0,0.5323312282562256,0.8000000000008656
335_r5,ja,0.7195460046521217,0.2804539953478783,3,10,0.0,0.6943833231925964,0.8000000000008656
335_r5,zh,0.4600835749008646,0.5399164250991354,3,10,0.0,0.2638446092605591,1.0
340_r1,en,0.1509892234844979,0.8490107765155022,3,10,1.0,0.24619868397712708,0.12451124978751298
340_r1,fr,0.08743866611474563,0.9125613338852544,3,10,1.0,0.22857923805713654,0.12451124978751298
340_r1,ja,0.6538019397108765,0.3461980602891235,3,10,1.0,0.496955931186676,1.0
340_r1,zh,0.24410176843663772,0.7558982315633622,3,10,1.0,0.09583296626806259,1.0
340_r2,en,0.6421504706741273,0.35784952932587266,3,10,1.0,0.7197824120521545,0.5245112497857818
340_r2,fr,0.5325928963301412,0.4674071036698588,3,10,1.0,0.6943560838699341,0.3245112497866474
340_r2,ja,0.5040778128034881,0.49592218719651193,3,10,1.0,0.3240702450275421,1.0
340_r2,zh,0.10338897814425055,0.8966110218557495,3,10,1.0,0.07073290646076202,1.0
340_r3,en,0.188371885302916,0.8116281146970841,3,10,1.0,0.2511961758136749,0.5000000000019581
340_r3,fr,0.5081519929030326,0.4918480070969674,3,10,1.0,0.5746973752975464,0.5245112497857819
340_r3,ja,0.7931721269664838,0.20682787303351624,3,10,1.0,0.7198503017425537,1.0
340_r3,zh,0.18615140069478026,0.8138485993052198,3,10,1.0,0.12790682911872864,1.0
340_r4,en,0.6535956197678481,0.3464043802321519,3,10,1.0,0.7293903827667236,0.5245112497857818
340_r4,fr,0.6564354626245822,0.3435645373754178,3,10,1.0,0.6727311015129089,0.7245112497849162
340_r4,ja,0.5152814609553311,0.4847185390446689,3,10,1.0,0.4163108468055725,0.8000000000008656
340_r4,zh,0.08156771042126092,0.9184322895787391,3,10,1.0,0.07599668949842453,0.7245112497849162
340_r5,en,0.09132538230099492,0.908674617699005,3,10,1.0,0.33144310116767883,0.10000000000368914
340_r5,fr,0.42803906461602637,0.5719609353839736,3,10,1.0,0.40391188859939575,0.3245112497866474
340_r5,ja,0.09339613078692208,0.9066038692130779,3,10,1.0,0.07790923863649368,1.0
340_r5,zh,0.04865171874091428,0.9513482812590858,3,10,1.0,0.039399683475494385,1.0
342_r1,en,0.31523020855817796,0.684769791441822,3,10,1.0,0.10499341785907745,0.3000000000028235
342_r1,fr,0.5410471512395629,0.45895284876043707,3,10,1.0,0.5139800906181335,0.40000000000259683
342_r1,ja,0.6244967302566053,0.37550326974339465,3,10,1.0,0.4708457887172699,1.0
342_r1,zh,0.021473037583353748,0.9785269624166463,3,10,1.0,0.10218583792448044,0.8000000000008656
342_r2,en,0.0011028107271229722,0.9988971892728771,3,10,1.0,0.004631966818124056,0.10000000000368914
342_r2,fr,0.3105912487639099,0.68940875123609,3,10,1.0,0.4302504360675812,0.10000000000368914
342_r2,ja,0.3137809849276022,0.6862190150723978,3,10,1.0,0.3132660686969757,0.5245112497857819
342_r2,zh,0.28687944134027493,0.7131205586597251,3,10,1.0,0.11373686790466309,0.5245112497857818
342_r3,en,0.0005832553176193157,0.9994167446823807,3,10,1.0,0.20316098630428314,0.10000000000368914
342_r3,fr,0.009186293585875631,0.9908137064141244,3,10,1.0,0.4113665819168091,0.10000000000368914
342_r3,ja,0.4604311636879612,0.5395688363120388,3,10,1.0,0.2609690725803375,0.8000000000008656
342_r3,zh,0.034544000174914324,0.9654559998250857,3,10,1.0,0.10991992801427841,0.8000000000008656
342_r4,en,0.53151064234396,0.46848935765604005,3,10,1.0,0.4843169152736664,0.40000000000259683
342_r4,fr,0.3238764473056904,0.6761235526943097,3,10,1.0,0.21307754516601562,0.5245112497857819
342_r4,ja,0.3665457130828953,0.6334542869171047,3,10,1.0,0.1907043159008026,0.8000000000008656
342_r4,zh,0.28673138738974935,0.7132686126102507,3,10,1.0,0.10907931625843048,0.8000000000008656
342_r5,en,0.44305972340609434,0.5569402765939057,3,10,1.0,0.2029089331626892,0.8000000000008656
342_r5,fr,0.41933042005304455,0.5806695799469554,3,10,1.0,0.4861507713794708,0.40000000000259683
342_r5,ja,0.5617998506398559,0.43820014936014406,3,10,1.0,0.40461766719818115,1.0
342_r5,zh,0.5842532502034121,0.4157467497965879,3,10,1.0,0.4647410809993744,0.8000000000008656
343_r1,en,0.0861512252203916,0.9138487747796084,3,10,0.0,0.215302973985672,0.3245112497866474
343_r1,fr,0.005447751487802082,0.9945522485121979,3,10,1.0,0.10800627619028091,0.12451124978751298
343_r1,ja,0.6413362223415622,0.3586637776584378,3,10,0.0,0.5707160234451294,0.8000000000008656
343_r1,zh,0.24885964975894587,0.7511403502410541,3,10,0.0,0.1506648063659668,1.0
343_r2,en,0.10308661286063639,0.8969133871393636,3,10,0.0,0.33562931418418884,0.12451124978751298
343_r2,fr,0.013612014545597276,0.9863879854544028,3,10,1.0,0.10475121438503265,0.8000000000008656
343_r2,ja,0.7006424091857849,0.2993575908142151,3,10,0.0,0.562027633190155,1.0
343_r2,zh,0.43438658303706684,0.5656134169629332,3,10,0.0,0.25542348623275757,0.7245112497849162
343_r3,en,0.5221148209811017,0.47788517901889827,3,10,0.0,0.6430462598800659,0.3000000000028235
343_r3,fr,0.03493032293101069,0.9650696770689893,3,10,1.0,0.1301504522562027,0.10000000000368914
343_r3,ja,0.4207756733021662,0.5792243266978339,3,10,0.0,0.3388132154941559,0.7245112497849162
343_r3,zh,0.22945123493986633,0.7705487650601337,3,10,0.0,0.13363415002822876,1.0
343_r4,en,0.03328164149536759,0.9667183585046324,3,10,0.0,0.17361381649971008,0.10000000000368914
343_r4,fr,0.007824704828143167,0.9921752951718569,3,10,1.0,0.017128514125943184,0.3000000000028235
343_r4,ja,0.42107869713748985,0.5789213028625102,3,10,0.0,0.3498457968235016,0.7245112497849162
343_r4,zh,0.34765587583519797,0.652344124164802,3,10,0.0,0.20297296345233917,1.0
343_r5,en,0.03537949790151168,0.9646205020984884,3,10,0.0,0.3441365957260132,0.10000000000368914
343_r5,fr,0.18903005124732217,0.8109699487526778,3,10,1.0,0.13417759537696838,0.5000000000019581
343_r5,ja,0.8583413532188504,0.1416586467811496,3,10,0.0,0.8301088809967041,1.0
343_r5,zh,0.25584698302594894,0.7441530169740511,3,10,0.0,0.13196620345115662,0.5245112497857819
349_r1,en,0.4678341195235497,0.5321658804764503,3,10,1.0,0.49505752325057983,0.30000000000282356
349_r1,fr,0.0663759769460343,0.9336240230539657,3,10,1.0,0.05972317233681679,0.6000000000017313
349_r1,ja,0.6916374372774844,0.3083625627225156,3,10,1.0,0.5746049880981445,0.8000000000008656
349_r1,zh,0.2766267738987285,0.7233732261012715,3,10,1.0,0.11333049088716507,0.7245112497849162
349_r2,en,0.6048036572744862,0.39519634272551385,3,10,1.0,0.561419665813446,0.6000000000017313
349_r2,fr,0.25940665471512386,0.7405933452848761,3,10,1.0,0.19093210995197296,0.6000000000017313
349_r2,ja,0.17697094583556555,0.8230290541644345,3,10,1.0,0.24375034868717194,0.5245112497857818
349_r2,zh,0.06651546534415528,0.9334845346558447,3,10,1.0,0.048528917133808136,0.8000000000008656
349_r3,en,0.6039706611778536,0.3960293388221464,3,10,1.0,0.6174280047416687,0.5000000000019581
349_r3,fr,0.02636005046441115,0.9736399495355889,3,10,1.0,0.05553846061229706,0.32451124978664747
349_r3,ja,0.28283379678769616,0.7171662032123038,3,10,1.0,0.13041561841964722,0.7245112497849162
349_r3,zh,0.4016263836169854,0.5983736163830147,3,10,1.0,0.19321200251579285,0.7245112497849162
349_r4,en,0.3966134315868444,0.6033865684131556,3,10,1.0,0.5568340420722961,0.32451124978664747
349_r4,fr,0.04233186659186231,0.9576681334081377,3,10,1.0,0.08301935344934464,0.12451124978751298
349_r4,ja,0.39732400243769683,0.6026759975623032,3,10,1.0,0.37503835558891296,0.6000000000017313
349_r4,zh,0.4070480082598464,0.5929519917401536,3,10,1.0,0.2193019837141037,1.0
349_r5,en,0.3840929289933872,0.6159070710066128,3,10,1.0,0.4988931119441986,0.3000000000028235
349_r5,fr,0.03247426988145564,0.9675257301185444,3,10,1.0,0.08951293677091599,0.12451124978751298
349_r5,ja,0.4879476150562568,0.5120523849437433,3,10,1.0,0.3771905303001404,0.8000000000008656
349_r5,zh,0.421069451995429,0.578930548004571,3,10,1.0,0.24113936722278595,1.0
352_r1,en,0.006989102404518729,0.9930108975954812,3,10,0.0,0.09636761248111725,0.10000000000368914
352_r1,fr,0.02486814301750244,0.9751318569824976,3,10,0.0,0.026764031499624252,0.3000000000028235
352_r1,ja,0.004637465101461673,0.9953625348985383,3,10,0.0,0.006715027149766684,0.8000000000008656
352_r1,zh,0.29780653165134713,0.7021934683486528,3,10,1.0,0.11646033823490143,1.0
352_r2,en,0.016382551234717102,0.9836174487652829,3,10,0.0,0.20655441284179688,0.3000000000028235
352_r2,fr,0.0034197031168756355,0.9965802968831243,3,10,0.0,0.00933521706610918,0.12451124978751298
352_r2,ja,0.0032161375811964473,0.9967838624188036,3,10,0.0,0.003851331304758787,0.7245112497849162
352_r2,zh,0.29529971759787405,0.704700282402126,3,10,1.0,0.11165005713701248,0.8000000000008656
352_r3,en,0.00046783440367726456,0.9995321655963227,3,10,0.0,0.11232943832874298,0.10000000000368914
352_r3,fr,0.0006538512772758389,0.9993461487227242,3,10,0.0,0.11593981087207794,0.10000000000368914
352_r3,ja,0.02344635627247487,0.9765536437275252,3,10,0.0,0.010921581648290157,1.0
352_r3,zh,0.0052839023409545225,0.9947160976590455,3,10,1.0,0.004998900927603245,1.0
352_r4,en,0.04419139833559237,0.9558086016644076,3,10,0.0,0.041155409067869186,0.40000000000259683
352_r4,fr,0.0012777972669488168,0.9987222027330512,3,10,0.0,0.0988939106464386,0.10000000000368914
352_r4,ja,0.029444238764477913,0.9705557612355221,3,10,0.0,0.01785346306860447,0.8000000000008656
352_r4,zh,0.021006794416305076,0.978993205583695,3,10,1.0,0.010670211166143417,0.8000000000008656
352_r5,en,0.0009088941209393015,0.9990911058790607,3,10,0.0,0.03196199610829353,0.10000000000368914
352_r5,fr,0.29921608053427406,0.7007839194657259,3,10,0.0,0.13200409710407257,0.3000000000028235
352_r5,ja,0.0034590168544167714,0.9965409831455833,3,10,0.0,0.0029653192032128572,1.0
352_r5,zh,0.0049651364764022946,0.9950348635235977,3,10,1.0,0.004116436932235956,1.0
353_r1,en,0.26249282750231917,0.7375071724976808,3,10,1.0,0.48556336760520935,0.10000000000368914
353_r1,fr,0.009237281740931401,0.9907627182590686,3,10,1.0,0.028193265199661255,0.12451124978751298
353_r1,ja,0.19261844063048753,0.8073815593695125,3,10,0.0,0.1210850402712822,1.0
353_r1,zh,0.251565588076255,0.7484344119237449,3,10,0.0,0.13258685171604156,1.0
353_r2,en,0.4389921239812606,0.5610078760187394,3,10,1.0,0.5824552178382874,0.3245112497866474
353_r2,fr,0.009218360676179487,0.9907816393238205,3,10,1.0,0.11172613501548767,0.10000000000368914
353_r2,ja,0.031063254369965772,0.9689367456300342,3,10,0.0,0.057334885001182556,0.6000000000017313
353_r2,zh,0.2208481391770011,0.7791518608229989,3,10,0.0,0.10531807690858841,1.0
353_r3,en,0.3146977956893288,0.6853022043106711,3,10,1.0,0.4122357964515686,0.12451124978751298
353_r3,fr,0.11041610280726177,0.8895838971927382,3,10,1.0,0.05946722999215126,0.10000000000368914
353_r3,ja,0.05359132807880116,0.9464086719211988,3,10,0.0,0.09785816073417664,0.6000000000017313
353_r3,zh,0.0721324903931358,0.9278675096068643,3,10,0.0,0.05499937757849693,1.0
353_r4,en,0.14750531992038574,0.8524946800796143,3,10,1.0,0.2536391615867615,0.12451124978751298
353_r4,fr,0.020726886621432444,0.9792731133785676,3,10,1.0,0.03141738101840019,0.5245112497857818
353_r4,ja,0.06376567790282169,0.9362343220971783,3,10,0.0,0.04243138059973717,0.8000000000008656
353_r4,zh,0.06357618572216611,0.9364238142778338,3,10,0.0,0.05184829980134964,0.7245112497849162
353_r5,en,0.08568444068062497,0.914315559319375,3,10,1.0,0.40769529342651367,0.12451124978751298
353_r5,fr,0.018436721312509778,0.9815632786874903,3,10,1.0,0.0446496345102787,0.40000000000259683
353_r5,ja,0.047002147720847424,0.9529978522791526,3,10,0.0,0.04724087193608284,0.5245112497857819
353_r5,zh,0.19082228573168672,0.8091777142683133,3,10,0.0,0.096586212515831,1.0
354_r1,en,0.3654089727945463,0.6345910272054537,3,10,1.0,0.3215286135673523,0.6000000000017313
354_r1,fr,0.005833816638188489,0.9941661833618115,3,10,1.0,0.12310303002595901,0.10000000000368914
354_r1,ja,0.23182274111799894,0.7681772588820011,3,10,1.0,0.2205321490764618,0.6000000000017313
354_r1,zh,0.4640421925640791,0.5359578074359209,3,10,1.0,0.3215595781803131,0.8000000000008656
354_r2,en,0.24125872027005685,0.7587412797299431,3,10,1.0,0.2024940848350525,0.3000000000028235
354_r2,fr,0.010487386122102076,0.9895126138778979,3,10,1.0,0.024406250566244125,0.3245112497866474
354_r2,ja,0.08943518022882997,0.91056481977117,3,10,1.0,0.14381694793701172,0.6000000000017313
354_r2,zh,0.5468711187140914,0.45312888128590856,3,10,1.0,0.35382822155952454,1.0
354_r3,en,0.24754401163459316,0.7524559883654068,3,10,1.0,0.20335528254508972,0.3245112497866474
354_r3,fr,0.022895413380436935,0.9771045866195631,3,10,1.0,0.11397266387939453,0.3000000000028235
354_r3,ja,0.09698798121622043,0.9030120187837796,3,10,1.0,0.23824933171272278,0.6000000000017313
354_r3,zh,0.2878372279605563,0.7121627720394437,3,10,1.0,0.13566352427005768,1.0
354_r4,en,0.11110764841362906,0.8888923515863709,3,10,1.0,0.1675012707710266,0.12451124978751298
354_r4,fr,0.005166040451030502,0.9948339595489695,3,10,1.0,0.19512493908405304,0.10000000000368914
354_r4,ja,0.12021739173742702,0.879782608262573,3,10,1.0,0.17093525826931,0.8000000000008656
354_r4,zh,0.00902588732812594,0.9909741126718741,3,10,1.0,0.19060000777244568,0.6000000000017313
354_r5,en,0.3761602463416084,0.6238397536583916,3,10,1.0,0.29349997639656067,0.5000000000019581
354_r5,fr,0.00826730013688081,0.9917326998631192,3,10,1.0,0.10430204123258591,0.30000000000282356
354_r5,ja,0.12185155109975108,0.8781484489002489,3,10,1.0,0.24073176085948944,0.32451124978664747
354_r5,zh,0.27389090562352747,0.7261090943764725,3,10,1.0,0.10689034312963486,1.0
355_r1,en,0.14144677793427193,0.858553222065728,3,10,0.0,0.3678828179836273,0.32451124978664747
355_r1,fr,0.10452069787874178,0.8954793021212583,3,10,1.0,0.2445094734430313,0.32451124978664747
355_r1,ja,0.5369362843058022,0.4630637156941978,3,10,1.0,0.48611652851104736,0.8000000000008656
355_r1,zh,0.1194406866588264,0.8805593133411735,3,10,0.0,0.06426064670085907,1.0
355_r2,en,0.5349566379562635,0.46504336204373653,3,10,0.0,0.6029320359230042,0.3245112497866474
355_r2,fr,0.025462333500127995,0.9745376664998721,3,10,1.0,0.07674986869096756,0.10000000000368914
355_r2,ja,0.5908258205235214,0.4091741794764786,3,10,1.0,0.5033293962478638,1.0
355_r2,zh,0.25685400825431054,0.7431459917456895,3,10,0.0,0.10022620111703873,0.5245112497857818
355_r3,en,0.42369446049168197,0.5763055395083181,3,10,0.0,0.4929499626159668,0.32451124978664747
355_r3,fr,0.023918151301734213,0.9760818486982658,3,10,1.0,0.11056731641292572,0.10000000000368914
355_r3,ja,0.4827400430290372,0.5172599569709628,3,10,1.0,0.35369226336479187,1.0
355_r3,zh,0.25672588878684865,0.7432741112131513,3,10,0.0,0.168761745095253,0.3245112497866474
355_r4,en,0.0340006310198575,0.9659993689801425,3,10,0.0,0.10924578458070755,0.12451124978751298
355_r4,fr,0.045383162255129034,0.9546168377448709,3,10,1.0,0.14634718000888824,0.5000000000019581
355_r4,ja,0.5494368492775688,0.45056315072243125,3,10,1.0,0.4486437439918518,1.0
355_r4,zh,0.25726263318073495,0.742737366819265,3,10,0.0,0.10103991627693176,0.5245112497857818
355_r5,en,0.1435520238371633,0.8564479761628367,3,10,0.0,0.15752656757831573,0.5245112497857818
355_r5,fr,0.012877413392464223,0.9871225866075358,3,10,1.0,0.17315174639225006,0.10000000000368914
355_r5,ja,0.5974718205021682,0.4025281794978318,3,10,1.0,0.5171034932136536,1.0
355_r5,zh,0.16915544330590823,0.8308445566940917,3,10,0.0,0.11365266144275665,1.0
358_r1,en,0.10091908145711269,0.8990809185428873,3,10,1.0,0.45971354842185974,0.12451124978751298
358_r1,fr,0.525978041143217,0.474021958856783,3,10,1.0,0.4450722634792328,0.5245112497857819
358_r1,ja,0.30519433957358416,0.6948056604264159,3,10,1.0,0.14198750257492065,0.8000000000008656
358_r1,zh,0.5220221159102474,0.4779778840897526,3,10,0.0,0.410988450050354,1.0
358_r2,en,0.48520407755149253,0.5147959224485075,3,10,1.0,0.5458551049232483,0.5000000000019581
358_r2,fr,0.5258995350440194,0.47410046495598057,3,10,1.0,0.37128746509552,1.0
358_r2,ja,0.12289314039630687,0.8771068596036932,3,10,1.0,0.08309518545866013,1.0
358_r2,zh,0.2026452376184539,0.7973547623815461,3,10,0.0,0.12816235423088074,0.8000000000008656
358_r3,en,0.25698267155868443,0.7430173284413155,3,10,1.0,0.27739372849464417,0.10000000000368914
358_r3,fr,0.18497153087853552,0.8150284691214644,3,10,1.0,0.4888896644115448,0.12451124978751298
358_r3,ja,0.3007134826704178,0.6992865173295821,3,10,1.0,0.2018980234861374,0.5245112497857818
358_r3,zh,0.3489037265400713,0.6510962734599287,3,10,0.0,0.16492725908756256,1.0
358_r4,en,0.11876222196042911,0.8812377780395709,3,10,1.0,0.4279915988445282,0.10000000000368914
358_r4,fr,0.2743809461078204,0.7256190538921796,3,10,1.0,0.2413967251777649,0.3000000000028235
358_r4,ja,0.521606380086502,0.47839361991349805,3,10,1.0,0.34263575077056885,0.8000000000008656
358_r4,zh,0.5073035774125454,0.4926964225874546,3,10,0.0,0.3632771074771881,1.0
358_r5,en,0.07986793442859025,0.9201320655714098,3,10,1.0,0.31521791219711304,0.12451124978751298
358_r5,fr,0.31117082936473395,0.688829170635266,3,10,1.0,0.4582976996898651,0.3000000000028235
358_r5,ja,0.5038181658699216,0.49618183413007844,3,10,1.0,0.35666802525520325,1.0
358_r5,zh,0.3273321715012325,0.6726678284987675,3,10,0.0,0.14874018728733063,1.0
359_r1,en,0.8562384391631837,0.14376156083681635,3,10,1.0,0.764645516872406,0.8000000000008656
359_r1,fr,0.374188673920517,0.625811326079483,3,10,1.0,0.4329090118408203,0.32451124978664747
359_r1,ja,0.6158630156176167,0.3841369843823833,3,10,1.0,0.5094082951545715,0.8000000000008656
359_r1,zh,0.27768962153267807,0.7223103784673219,3,10,1.0,0.0975160077214241,1.0
359_r2,en,0.6134759247305923,0.3865240752694077,3,10,1.0,0.5874432921409607,0.6000000000017313
359_r2,fr,0.7089118560531371,0.2910881439468629,3,10,1.0,0.6254425048828125,0.8000000000008656
359_r2,ja,0.4484987787513657,0.5515012212486343,3,10,1.0,0.3369985818862915,0.7245112497849162
359_r2,zh,0.29162678391055546,0.7083732160894445,3,10,1.0,0.11938084661960602,0.8000000000008656
359_r3,en,0.8148351315411942,0.18516486845880575,3,10,1.0,0.7798606753349304,0.8000000000008656
359_r3,fr,0.5720392909828508,0.4279607090171492,3,10,1.0,0.5224922299385071,0.8000000000008656
359_r3,ja,0.639579234704109,0.36042076529589095,3,10,1.0,0.4820207953453064,1.0
359_r3,zh,0.37854446696443733,0.6214555330355627,3,10,1.0,0.21972380578517914,0.8000000000008656
359_r4,en,0.33084346150524857,0.6691565384947514,3,10,1.0,0.40888118743896484,0.12451124978751298
359_r4,fr,0.433167889734761,0.5668321102652389,3,10,1.0,0.45660561323165894,0.40000000000259683
359_r4,ja,0.043914243118537324,0.9560857568814627,3,10,1.0,0.03302650526165962,1.0
359_r4,zh,0.29448732695298285,0.7055126730470171,3,10,1.0,0.12301924079656601,0.8000000000008656
359_r5,en,0.7892884626672659,0.21071153733273407,3,10,1.0,0.7592355012893677,0.8000000000008656
359_r5,fr,0.5599645928586974,0.4400354071413026,3,10,1.0,0.5200197100639343,0.6000000000017313
359_r5,ja,0.3281144847156191,0.6718855152843809,3,10,1.0,0.32891809940338135,0.32451124978664747
359_r5,zh,0.2369517400458106,0.7630482599541895,3,10,1.0,0.0921306163072586,0.5000000000019581
364_r1,en,0.460385655756076,0.5396143442439241,3,10,1.0,0.3758128881454468,0.8000000000008656
364_r1,fr,0.006802857077042103,0.9931971429229579,3,10,0.0,0.08421308547258377,0.10000000000368914
364_r1,ja,0.3041795799855228,0.6958204200144772,3,10,0.0,0.21500346064567566,0.5245112497857818
364_r1,zh,0.16393548223646817,0.8360645177635319,3,10,0.0,0.08264415711164474,0.5245112497857818
364_r2,en,0.0079810545618725,0.9920189454381275,3,10,1.0,0.04810323938727379,0.12451124978751298
364_r2,fr,0.05229928489127956,0.9477007151087204,3,10,0.0,0.06024195998907089,0.3000000000028235
364_r2,ja,0.3027205028798654,0.6972794971201346,3,10,0.0,0.17229004204273224,0.7245112497849162
364_r2,zh,0.16048325479577832,0.8395167452042217,3,10,0.0,0.05942713841795921,1.0
364_r3,en,0.3755745791305171,0.6244254208694828,3,10,1.0,0.20936575531959534,0.5000000000019581
364_r3,fr,0.040047473590700856,0.9599525264092992,3,10,0.0,0.03490573540329933,0.3000000000028235
364_r3,ja,0.1749628257372679,0.825037174262732,3,10,0.0,0.21986456215381622,0.8000000000008656
364_r3,zh,0.23337564953923529,0.7666243504607647,3,10,0.0,0.11919660866260529,1.0
364_r4,en,0.26782229369410443,0.7321777063058956,3,10,1.0,0.15989764034748077,0.5245112497857819
364_r4,fr,0.025575674525893932,0.9744243254741061,3,10,0.0,0.07498825341463089,0.12451124978751298
364_r4,ja,0.22397166218356343,0.7760283378164365,3,10,0.0,0.16607308387756348,1.0
364_r4,zh,0.18420998328802046,0.8157900167119796,3,10,0.0,0.10914850234985352,1.0
364_r5,en,0.09153987531088639,0.9084601246891136,3,10,1.0,0.14563745260238647,0.3245112497866474
364_r5,fr,0.009315562826085085,0.990684437173915,3,10,0.0,0.03532154858112335,0.30000000000282356
364_r5,ja,0.32451549592732787,0.6754845040726721,3,10,0.0,0.20889227092266083,1.0
364_r5,zh,0.22004415304720984,0.7799558469527902,3,10,0.0,0.1165790930390358,1.0
365_r1,en,0.10862696872858889,0.8913730312714111,3,10,0.0,0.2732723355293274,0.12451124978751298
365_r1,fr,0.08050362530704143,0.9194963746929585,3,10,0.0,0.08109468966722488,0.5245112497857819
365_r1,ja,0.48736601348195197,0.512633986518048,3,10,0.0,0.395182728767395,0.8000000000008656
365_r1,zh,0.1515911365401197,0.8484088634598803,3,10,0.0,0.09327509254217148,1.0
365_r2,en,0.038423452535976205,0.9615765474640238,3,10,0.0,0.298432856798172,0.10000000000368914
365_r2,fr,0.09310564348082898,0.906894356519171,3,10,0.0,0.1226801648736,0.6000000000017313
365_r2,ja,0.5906508556307569,0.4093491443692431,3,10,0.0,0.5370684266090393,0.7245112497849162
365_r2,zh,0.1574175659906899,0.8425824340093101,3,10,0.0,0.08487061411142349,1.0
365_r3,en,0.1839085911331801,0.8160914088668199,3,10,0.0,0.3408525288105011,0.10000000000368914
365_r3,fr,0.06763376471786148,0.9323662352821385,3,10,0.0,0.12135989964008331,0.3245112497866474
365_r3,ja,0.32964329235215506,0.6703567076478449,3,10,0.0,0.24994125962257385,1.0
365_r3,zh,0.03755498021722841,0.9624450197827716,3,10,0.0,0.03644130006432533,0.6000000000017313
365_r4,en,0.09773540288775197,0.902264597112248,3,10,0.0,0.45120516419410706,0.12451124978751298
365_r4,fr,0.04110897880088334,0.9588910211991166,3,10,0.0,0.11780520528554916,0.40000000000259683
365_r4,ja,0.521903749359379,0.478096250640621,3,10,0.0,0.3772055506706238,1.0
365_r4,zh,0.058774127123365945,0.9412258728766341,3,10,0.0,0.0495450496673584,0.8000000000008656
365_r5,en,0.10521983817850883,0.8947801618214912,3,10,0.0,0.35913604497909546,0.12451124978751298
365_r5,fr,0.09962404734084834,0.9003759526591517,3,10,0.0,0.08768027275800705,0.10000000000368914
365_r5,ja,0.5111013368554606,0.48889866314453945,3,10,0.0,0.40097346901893616,0.8000000000008656
365_r5,zh,0.051801583568273094,0.9481984164317269,3,10,0.0,0.0528227835893631,0.6000000000017313
367_r1,en,0.016166534714377036,0.983833465285623,3,10,1.0,0.3203431963920593,0.10000000000368914
367_r1,fr,0.3104901081274617,0.6895098918725383,3,10,1.0,0.2097214162349701,0.5000000000019581
367_r1,ja,0.34487273906382954,0.6551272609361705,3,10,1.0,0.1816246509552002,1.0
367_r1,zh,0.32564037732530127,0.6743596226746987,3,10,1.0,0.14537443220615387,1.0
367_r2,en,0.0003360008553089473,0.9996639991446911,3,10,1.0,0.31056758761405945,0.10000000000368914
367_r2,fr,0.25737171168703354,0.7426282883129665,3,10,1.0,0.23336414992809296,0.3000000000028235
367_r2,ja,0.20166235357054738,0.7983376464294526,3,10,1.0,0.1285838484764099,0.8000000000008656
367_r2,zh,0.5154905029084725,0.48450949709152746,3,10,1.0,0.32353150844573975,1.0
367_r3,en,0.6879364086783162,0.3120635913216838,3,10,1.0,0.7010829448699951,0.5245112497857819
367_r3,fr,0.4680349348495381,0.5319650651504619,3,10,1.0,0.3703405261039734,0.8000000000008656
367_r3,ja,0.11464424831020507,0.885355751689795,3,10,1.0,0.11755111068487167,0.8000000000008656
367_r3,zh,0.3415720311768075,0.6584279688231924,3,10,1.0,0.14354971051216125,1.0
367_r4,en,0.12432370736224707,0.8756762926377529,3,10,1.0,0.40134865045547485,0.12451124978751298
367_r4,fr,0.49858454959951704,0.501415450400483,3,10,1.0,0.3022553324699402,1.0
367_r4,ja,0.11065001499294065,0.8893499850070593,3,10,1.0,0.13909365236759186,0.7245112497849162
367_r4,zh,0.35771094779694096,0.6422890522030591,3,10,1.0,0.18190501630306244,1.0
367_r5,en,0.5261413143946245,0.4738586856053755,3,10,1.0,0.5355614423751831,0.3245112497866474
367_r5,fr,0.03628324480283148,0.9637167551971685,3,10,1.0,0.26877689361572266,0.10000000000368914
367_r5,ja,0.3401606901507491,0.6598393098492509,3,10,1.0,0.1995602548122406,1.0
367_r5,zh,0.3422971661793622,0.6577028338206379,3,10,1.0,0.15478123724460602,0.7245112497849162
368_r1,en,0.46429474245120067,0.5357052575487993,3,10,0.0,0.6366573572158813,0.40000000000259683
368_r1,fr,0.42000344330406497,0.5799965566959351,3,10,1.0,0.41718828678131104,0.5000000000019581
368_r1,ja,0.061707331435278547,0.9382926685647215,3,10,1.0,0.04554807022213936,1.0
368_r1,zh,0.26619991161014933,0.7338000883898507,3,10,0.0,0.11389761418104172,1.0
368_r2,en,0.5305081072615708,0.4694918927384292,3,10,0.0,0.5199037790298462,0.5000000000019581
368_r2,fr,0.23345618742604343,0.7665438125739565,3,10,1.0,0.32451775670051575,0.6000000000017313
368_r2,ja,0.2566844770667909,0.7433155229332091,3,10,1.0,0.18843510746955872,0.5245112497857818
368_r2,zh,0.03133965404464885,0.9686603459553511,3,10,0.0,0.02607298083603382,0.8000000000008656
368_r3,en,0.4507022615868982,0.5492977384131018,3,10,0.0,0.5920168161392212,0.3245112497866474
368_r3,fr,0.15787431094093113,0.8421256890590689,3,10,1.0,0.34372273087501526,0.12451124978751298
368_r3,ja,0.27778901214775364,0.7222109878522464,3,10,1.0,0.13893365859985352,1.0
368_r3,zh,0.274575155044692,0.725424844955308,3,10,0.0,0.13041304051876068,1.0
368_r4,en,0.007328080017049263,0.9926719199829508,3,10,0.0,0.3869894742965698,0.10000000000368914
368_r4,fr,0.32177389099879833,0.6782261090012016,3,10,1.0,0.40761798620224,0.12451124978751298
368_r4,ja,0.2689294294836199,0.73107057051638,3,10,1.0,0.1331293284893036,1.0
368_r4,zh,0.26318929357301485,0.7368107064269851,3,10,0.0,0.10864008218050003,0.6000000000017313
368_r5,en,0.44861615130646393,0.5513838486935361,3,10,0.0,0.5618986487388611,0.3000000000028235
368_r5,fr,0.13591841287479275,0.8640815871252072,3,10,1.0,0.3382560908794403,0.12451124978751298
368_r5,ja,0.22326460172026236,0.7767353982797376,3,10,1.0,0.12039590626955032,1.0
368_r5,zh,0.04251997036742503,0.957480029632575,3,10,0.0,0.034821461886167526,0.8000000000008656
371_r1,en,0.8040626403783346,0.19593735962166536,3,10,1.0,0.704279899597168,0.8000000000008656
371_r1,fr,0.5462723548455002,0.4537276451544998,3,10,1.0,0.38657844066619873,1.0
371_r1,ja,0.6453763696671667,0.3546236303328333,3,10,1.0,0.5218943357467651,1.0
371_r1,zh,0.2507512377276446,0.7492487622723554,3,10,1.0,0.09768819063901901,0.8000000000008656
371_r2,en,0.9392934543998885,0.06070654560011146,3,10,1.0,0.9391389489173889,1.0
371_r2,fr,0.45078451145985204,0.5492154885401479,3,10,1.0,0.35721054673194885,0.8000000000008656
371_r2,ja,0.7029021661997528,0.29709783380024724,3,10,1.0,0.581877589225769,1.0
371_r2,zh,0.2618222836570687,0.7381777163429313,3,10,1.0,0.12510642409324646,1.0
371_r3,en,0.7897840995245342,0.2102159004754658,3,10,1.0,0.6764265298843384,1.0
371_r3,fr,0.5289167509145158,0.47108324908548416,3,10,1.0,0.45095106959342957,0.8000000000008656
371_r3,ja,0.319514175407151,0.680485824592849,3,10,1.0,0.15690883994102478,0.8000000000008656
371_r3,zh,0.04407995793061815,0.9559200420693819,3,10,1.0,0.03706096112728119,1.0
371_r4,en,0.7336216466828154,0.2663783533171846,3,10,1.0,0.6843879222869873,0.8000000000008656
371_r4,fr,0.5339849788164355,0.4660150211835645,3,10,1.0,0.37023112177848816,1.0
371_r4,ja,0.7914031315628205,0.2085968684371795,3,10,1.0,0.7173221707344055,1.0
371_r4,zh,0.0185157618750302,0.9814842381249698,3,10,1.0,0.03540778532624245,0.8000000000008656
371_r5,en,0.9025283813344122,0.09747161866558784,3,10,1.0,0.8591945767402649,1.0
371_r5,fr,0.4619933043444782,0.5380066956555218,3,10,1.0,0.2949551045894623,1.0
371_r5,ja,0.7829950316824742,0.2170049683175258,3,10,1.0,0.7139450907707214,0.8000000000008656
371_r5,zh,0.03471072342816243,0.9652892765718376,3,10,1.0,0.03540138527750969,0.7245112497849162
374_r1,en,0.7060596351502719,0.2939403648497281,3,10,1.0,0.7344127893447876,0.8000000000008656
374_r1,fr,0.33756091546367073,0.6624390845363293,3,10,1.0,0.18446794152259827,0.3000000000028235
374_r1,ja,0.37840111026462525,0.6215988897353748,3,10,1.0,0.2582639455795288,1.0
374_r1,zh,0.2893198061737092,0.7106801938262908,3,10,1.0,0.13792434334754944,1.0
374_r2,en,0.4331833436494999,0.5668166563505002,3,10,1.0,0.41061514616012573,0.32451124978664747
374_r2,fr,0.21597305472758663,0.7840269452724133,3,10,1.0,0.16762955486774445,0.32451124978664747
374_r2,ja,0.3030591583068058,0.6969408416931941,3,10,1.0,0.17998936772346497,0.8000000000008656
374_r2,zh,0.17938524499100297,0.820614755008997,3,10,1.0,0.08606529980897903,0.7245112497849162
374_r3,en,0.39441448436037174,0.6055855156396283,3,10,1.0,0.4040984809398651,0.5000000000019581
374_r3,fr,0.1699794232612242,0.8300205767387758,3,10,1.0,0.13839977979660034,0.3245112497866474
374_r3,ja,0.47430735764426657,0.5256926423557334,3,10,1.0,0.3704974055290222,1.0
374_r3,zh,0.3359654740258537,0.6640345259741463,3,10,1.0,0.21282294392585754,0.8000000000008656
374_r4,en,0.35316818499110325,0.6468318150088967,3,10,1.0,0.4521316885948181,0.3000000000028235
374_r4,fr,0.05481966152731723,0.9451803384726828,3,10,1.0,0.15281431376934052,0.12451124978751298
374_r4,ja,0.5169932097653757,0.48300679023462434,3,10,1.0,0.43064484000205994,0.8000000000008656
374_r4,zh,0.2651229257593024,0.7348770742406976,3,10,1.0,0.15008464455604553,1.0
374_r5,en,0.3610652997662622,0.6389347002337378,3,10,1.0,0.38504454493522644,0.3000000000028235
374_r5,fr,0.031898222507681234,0.9681017774923187,3,10,1.0,0.21348053216934204,0.10000000000368914
374_r5,ja,0.21587838593013078,0.7841216140698692,3,10,1.0,0.13545344769954681,0.5245112497857819
374_r5,zh,0.4758098103598516,0.5241901896401484,3,10,1.0,0.33385616540908813,1.0
376_r1,en,0.7443438768250942,0.2556561231749058,3,10,1.0,0.7443440556526184,1.0
376_r1,fr,0.7292298898598,0.2707701101402,3,10,1.0,0.7633309960365295,0.8000000000008656
376_r1,ja,0.5659969650560494,0.43400303494395065,3,10,1.0,0.5577373504638672,0.5245112497857819
376_r1,zh,0.1577301541543623,0.8422698458456377,3,10,1.0,0.058712441474199295,1.0
376_r2,en,0.7443438768250942,0.2556561231749058,3,10,1.0,0.7443440556526184,1.0
376_r2,fr,0.6833294726173919,0.31667052738260815,3,10,1.0,0.6679466366767883,0.8000000000008656
376_r2,ja,0.485568111784839,0.5144318882151611,3,10,1.0,0.29633650183677673,1.0
376_r2,zh,0.17208663080147307,0.827913369198527,3,10,1.0,0.052197154611349106,0.7245112497849162
376_r3,en,0.4076939971725397,0.5923060028274603,3,10,1.0,0.5235434770584106,0.3000000000028235
376_r3,fr,0.5781531154742701,0.42184688452572994,3,10,1.0,0.6027739644050598,0.6000000000017313
376_r3,ja,0.6848263191437753,0.31517368085622466,3,10,1.0,0.5454860329627991,1.0
376_r3,zh,0.33449911486339573,0.6655008851366042,3,10,1.0,0.14698438346385956,1.0
376_r4,en,0.6227623687845326,0.3772376312154674,3,10,1.0,0.5964896082878113,0.7000000000010924
376_r4,fr,0.8153035044521251,0.18469649554787493,3,10,1.0,0.8153035640716553,1.0
376_r4,ja,0.48952470189969494,0.5104752981003051,3,10,1.0,0.34974682331085205,0.7245112497849162
376_r4,zh,0.33054862369647,0.66945137630353,3,10,1.0,0.1729857474565506,0.8000000000008656
376_r5,en,0.2538963861121095,0.7461036138878905,3,10,1.0,0.49057844281196594,0.12451124978751298
376_r5,fr,0.7292300497958192,0.2707699502041808,3,10,1.0,0.7375417351722717,0.8000000000008656
376_r5,ja,0.7943411896493006,0.20565881035069944,3,10,1.0,0.7342709898948669,1.0
376_r5,zh,0.2707725204053108,0.7292274795946891,3,10,1.0,0.12270613014698029,1.0
380_r1,en,0.3276485869823723,0.6723514130176277,3,10,1.0,0.45186397433280945,0.3245112497866474
380_r1,fr,0.4560741386031116,0.5439258613968885,3,10,1.0,0.436367928981781,0.6000000000017313
380_r1,ja,0.6794322395158082,0.3205677604841918,3,10,1.0,0.5939624905586243,1.0
380_r1,zh,0.5280354103910643,0.4719645896089357,3,10,1.0,0.37945377826690674,1.0
380_r2,en,0.43454349375217155,0.5654565062478285,3,10,1.0,0.5094870924949646,0.5245112497857819
380_r2,fr,0.28752394654822094,0.7124760534517791,3,10,1.0,0.5097789168357849,0.12451124978751298
380_r2,ja,0.6274351692598499,0.3725648307401501,3,10,1.0,0.5046384334564209,1.0
380_r2,zh,0.5753230895285169,0.42467691047148315,3,10,1.0,0.4502733051776886,1.0
380_r3,en,0.5188687457180261,0.4811312542819739,3,10,1.0,0.5238769054412842,0.6000000000017313
380_r3,fr,0.7028770969908799,0.29712290300912014,3,10,1.0,0.6970167756080627,1.0
380_r3,ja,0.8083530068249942,0.19164699317500578,3,10,1.0,0.8083531260490417,1.0
380_r3,zh,0.7799499979742656,0.22005000202573444,3,10,1.0,0.7428388595581055,1.0
380_r4,en,0.1586991195427547,0.8413008804572453,3,10,1.0,0.39173561334609985,0.3245112497866474
380_r4,fr,0.41602078552846494,0.583979214471535,3,10,1.0,0.6729123592376709,0.5245112497857819
380_r4,ja,0.5426958348079267,0.4573041651920733,3,10,1.0,0.42892733216285706,1.0
380_r4,zh,0.629749181957945,0.37025081804205495,3,10,1.0,0.5236690044403076,1.0
380_r5,en,0.2754072896455332,0.7245927103544668,3,10,1.0,0.2937913239002228,0.8000000000008656
380_r5,fr,0.41985155189669376,0.5801484481033062,3,10,1.0,0.46905702352523804,0.40000000000259683
380_r5,ja,0.6308468899200834,0.3691531100799166,3,10,1.0,0.5886884331703186,0.7245112497849162
380_r5,zh,0.44583832331276896,0.554161676687231,3,10,1.0,0.2955363988876343,0.8000000000008656
381_r1,en,0.09615547917658855,0.9038445208234115,3,10,1.0,0.18884840607643127,0.10000000000368914
381_r1,fr,0.034590318851964647,0.9654096811480354,3,10,1.0,0.052510593086481094,0.40000000000259683
381_r1,ja,0.6765558888906821,0.3234441111093179,3,10,1.0,0.49833396077156067,1.0
381_r1,zh,0.24574850558721398,0.754251494412786,3,10,1.0,0.0969599187374115,0.8000000000008656
381_r2,en,0.21516814906346046,0.7848318509365395,3,10,1.0,0.11208265274763107,0.5000000000019581
381_r2,fr,0.29724666850044906,0.7027533314995509,3,10,1.0,0.16373583674430847,0.3000000000028235
381_r2,ja,0.88513286933609,0.11486713066390997,3,10,1.0,0.8388675451278687,1.0
381_r2,zh,0.25762025117174037,0.7423797488282596,3,10,1.0,0.086692675948143,0.8000000000008656
381_r3,en,0.02187148311016051,0.9781285168898395,3,10,1.0,0.10022997111082077,0.10000000000368914
381_r3,fr,0.004259162632829664,0.9957408373671703,3,10,1.0,0.08207406848669052,0.12451124978751298
381_r3,ja,0.440913184419386,0.559086815580614,3,10,1.0,0.2464999407529831,1.0
381_r3,zh,0.18322763061443545,0.8167723693855645,3,10,1.0,0.08226314932107925,1.0
381_r4,en,0.3166078955317742,0.6833921044682258,3,10,1.0,0.3746073544025421,0.3245112497866474
381_r4,fr,0.01707264315983207,0.982927356840168,3,10,1.0,0.13012900948524475,0.12451124978751298
381_r4,ja,0.6011813003707364,0.39881869962926364,3,10,1.0,0.542343258857727,0.8000000000008656
381_r4,zh,0.31144623113147485,0.6885537688685252,3,10,1.0,0.16791419684886932,0.7245112497849162
381_r5,en,0.040162044111741034,0.9598379558882589,3,10,1.0,0.02392939291894436,0.6000000000017313
381_r5,fr,0.062410583358279585,0.9375894166417205,3,10,1.0,0.08291281759738922,0.6000000000017313
381_r5,ja,0.6128567796026881,0.38714322039731186,3,10,1.0,0.4171232283115387,1.0
381_r5,zh,0.3203364233705486,0.6796635766294514,3,10,1.0,0.15665046870708466,1.0
385_r1,en,0.4693412215237985,0.5306587784762016,3,10,1.0,0.6181178689002991,0.32451124978664747
385_r1,fr,0.8606740832171661,0.1393259167828339,3,10,1.0,0.8606740236282349,1.0
385_r1,ja,0.2884275976329427,0.7115724023670573,3,10,1.0,0.14738020300865173,1.0
385_r1,zh,0.5780327049337298,0.4219672950662702,3,10,1.0,0.41119489073753357,1.0
385_r2,en,0.6862339747049693,0.3137660252950307,3,10,1.0,0.7307488918304443,0.7245112497849162
385_r2,fr,0.555159375842687,0.44484062415731296,3,10,1.0,0.5677870512008667,0.5000000000019581
385_r2,ja,0.6470239865525993,0.3529760134474007,3,10,1.0,0.5106402635574341,1.0
385_r2,zh,0.2804701659760101,0.71952983402399,3,10,1.0,0.11668819934129715,1.0
385_r3,en,0.5964042855217659,0.40359571447823406,3,10,1.0,0.6328257322311401,0.5000000000019581
385_r3,fr,0.6086137913476231,0.39138620865237694,3,10,1.0,0.6215534806251526,0.6000000000017313
385_r3,ja,0.4879025540765855,0.5120974459234144,3,10,1.0,0.42111489176750183,0.5245112497857818
385_r3,zh,0.36633696944647604,0.633663030553524,3,10,1.0,0.1810319721698761,1.0
385_r4,en,0.8107978105397011,0.18920218946029888,3,10,1.0,0.8107979893684387,1.0
385_r4,fr,0.4840914883984024,0.5159085116015976,3,10,1.0,0.616217315196991,0.32451124978664747
385_r4,ja,0.29811067871407826,0.7018893212859217,3,10,1.0,0.5507949590682983,0.3245112497866474
385_r4,zh,0.5383523855874023,0.4616476144125977,3,10,1.0,0.3463723957538605,1.0
385_r5,en,0.674934263971242,0.325065736028758,3,10,1.0,0.719671368598938,0.7245112497849162
385_r5,fr,0.40044843758017545,0.5995515624198245,3,10,1.0,0.5610044002532959,0.3245112497866474
385_r5,ja,0.0821220033628051,0.9178779966371949,3,10,1.0,0.14120522141456604,0.3245112497866474
385_r5,zh,0.35671608984202624,0.6432839101579737,3,10,1.0,0.16833655536174774,1.0
388_r1,en,0.4422322428143318,0.5577677571856682,3,10,1.0,0.5387164950370789,0.30000000000282356
388_r1,fr,0.0002192467809335428,0.9997807532190665,3,10,1.0,0.5237535834312439,0.10000000000368914
388_r1,ja,0.6708414195201906,0.3291585804798094,3,10,1.0,0.540976345539093,1.0
388_r1,zh,0.6032199430253762,0.3967800569746238,3,10,0.0,0.4142746925354004,1.0
388_r2,en,0.3066408934798369,0.6933591065201631,3,10,1.0,0.4824787378311157,0.10000000000368914
388_r2,fr,0.5364340731039083,0.46356592689609166,3,10,1.0,0.39306944608688354,0.7245112497849162
388_r2,ja,0.2863273596291725,0.7136726403708276,3,10,1.0,0.13863685727119446,0.8000000000008656
388_r2,zh,0.4451092679474646,0.5548907320525354,3,10,0.0,0.26157116889953613,1.0
388_r3,en,0.4336582780800559,0.566341721919944,3,10,1.0,0.5038310885429382,0.3000000000028235
388_r3,fr,0.5660831484005443,0.4339168515994557,3,10,1.0,0.567622721195221,0.5000000000019581
388_r3,ja,0.35071679418417445,0.6492832058158255,3,10,1.0,0.17393559217453003,1.0
388_r3,zh,0.15623513402287922,0.8437648659771207,3,10,0.0,0.06727414578199387,1.0
388_r4,en,0.0005614939191280773,0.9994385060808719,3,10,1.0,0.390443354845047,0.10000000000368914
388_r4,fr,0.004056410632730813,0.9959435893672692,3,10,1.0,0.00955924205482006,0.6000000000017313
388_r4,ja,0.7110640448337239,0.2889359551662761,3,10,1.0,0.6739286780357361,0.8000000000008656
388_r4,zh,0.4721856656681916,0.5278143343318085,3,10,0.0,0.3268366754055023,0.7245112497849162
388_r5,en,0.6753043677626114,0.3246956322373886,3,10,1.0,0.7469268441200256,0.5000000000019581
388_r5,fr,0.30665007276914197,0.6933499272308581,3,10,1.0,0.45951348543167114,0.10000000000368914
388_r5,ja,0.5784448008968601,0.4215551991031399,3,10,1.0,0.4570564925670624,1.0
388_r5,zh,0.5294213992369765,0.4705786007630235,3,10,0.0,0.3364996314048767,1.0
389_r1,en,0.6957078296819328,0.3042921703180672,3,10,0.0,0.6327658295631409,0.8000000000008656
389_r1,fr,0.21681277536851104,0.7831872246314889,3,10,0.0,0.20509640872478485,0.30000000000282356
389_r1,ja,0.6879293081770009,0.31207069182299907,3,10,0.0,0.5356534123420715,1.0
389_r1,zh,0.011867770361554201,0.9881322296384458,3,10,0.0,0.007326019927859306,0.7245112497849162
389_r2,en,0.1365654805653525,0.8634345194346476,3,10,0.0,0.45112332701683044,0.12451124978751298
389_r2,fr,0.07322165134343503,0.9267783486565649,3,10,0.0,0.18471243977546692,0.40000000000259683
389_r2,ja,0.27195443744209674,0.7280455625579032,3,10,0.0,0.13401225209236145,0.6000000000017313
389_r2,zh,0.027772867499525587,0.9722271325004744,3,10,0.0,0.01463233307003975,1.0
389_r3,en,0.30762990066098556,0.6923700993390145,3,10,0.0,0.42662563920021057,0.10000000000368914
389_r3,fr,0.007107947808989273,0.9928920521910107,3,10,0.0,0.040472038090229034,0.10000000000368914
389_r3,ja,0.8086778191415259,0.19132218085847408,3,10,0.0,0.7274604439735413,1.0
389_r3,zh,0.14766544713869478,0.8523345528613052,3,10,0.0,0.09942254424095154,1.0
389_r4,en,0.7655437911402684,0.23445620885973162,3,10,0.0,0.7523444890975952,0.8000000000008656
389_r4,fr,0.00742833473086911,0.9925716652691309,3,10,0.0,0.20642490684986115,0.10000000000368914
389_r4,ja,0.6004104546400479,0.39958954535995206,3,10,0.0,0.395330011844635,1.0
389_r4,zh,0.0789965997636818,0.9210034002363182,3,10,0.0,0.030340315774083138,1.0
389_r5,en,0.050401689570378494,0.9495983104296215,3,10,0.0,0.15735584497451782,0.3000000000028235
389_r5,fr,0.04179855899009974,0.9582014410099002,3,10,0.0,0.20732831954956055,0.10000000000368914
389_r5,ja,0.5232389327660292,0.4767610672339708,3,10,0.0,0.32173097133636475,1.0
389_r5,zh,0.1149836316742521,0.8850163683257479,3,10,0.0,0.03915700688958168,1.0
391_r1,en,0.015947980559321492,0.9840520194406785,3,10,1.0,0.18515780568122864,0.6000000000017313
391_r1,fr,0.004357717177931739,0.9956422828220682,3,10,0.0,0.005739582236856222,0.40000000000259683
391_r1,ja,0.4300331954374618,0.5699668045625381,3,10,1.0,0.3398667275905609,0.8000000000008656
391_r1,zh,0.32995507534723495,0.6700449246527651,3,10,1.0,0.18128538131713867,1.0
391_r2,en,0.09638363916571402,0.903616360834286,3,10,1.0,0.134953573346138,0.3000000000028235
391_r2,fr,0.0038480841417626818,0.9961519158582374,3,10,0.0,0.15033775568008423,0.12451124978751298
391_r2,ja,0.6723040656918697,0.32769593430813027,3,10,1.0,0.6645051836967468,0.7245112497849162
391_r2,zh,0.3271345157393105,0.6728654842606895,3,10,1.0,0.28095102310180664,0.8000000000008656
391_r3,en,0.12243855039902667,0.8775614496009734,3,10,1.0,0.4345281720161438,0.12451124978751298
391_r3,fr,0.3145615740449894,0.6854384259550106,3,10,0.0,0.2813129127025604,0.5245112497857818
391_r3,ja,0.9399805068798112,0.06001949312018884,3,10,1.0,0.9399803280830383,1.0
391_r3,zh,0.3780016450736986,0.6219983549263014,3,10,1.0,0.2746201157569885,1.0
391_r4,en,0.3448892229956649,0.6551107770043352,3,10,1.0,0.3485836684703827,0.3000000000028235
391_r4,fr,0.0037738937785974855,0.9962261062214025,3,10,0.0,0.005121603608131409,0.3000000000028235
391_r4,ja,0.4718814585267851,0.5281185414732149,3,10,1.0,0.4338361918926239,0.6000000000017313
391_r4,zh,0.32145192955637847,0.6785480704436215,3,10,1.0,0.17757059633731842,1.0
391_r5,en,0.03550533378706203,0.964494666212938,3,10,1.0,0.12720923125743866,0.10000000000368914
391_r5,fr,0.3000150605002883,0.6999849394997117,3,10,0.0,0.15630456805229187,1.0
391_r5,ja,0.6421277940827158,0.3578722059172842,3,10,1.0,0.6337563991546631,0.7245112497849162
391_r5,zh,0.3089245575349461,0.6910754424650539,3,10,1.0,0.13285823166370392,1.0
395_r1,en,0.3542548119324083,0.6457451880675917,3,10,1.0,0.4333520829677582,0.3245112497866474
395_r1,fr,0.22650721144393032,0.7734927885560696,3,10,1.0,0.29296237230300903,0.32451124978664747
395_r1,ja,0.5657836531993774,0.4342163468006226,3,10,1.0,0.42130687832832336,0.8000000000008656
395_r1,zh,0.4590290091474042,0.5409709908525958,3,10,1.0,0.254593163728714,1.0
395_r2,en,0.35365124531383485,0.6463487546861652,3,10,1.0,0.421688437461853,0.3000000000028235
395_r2,fr,0.2268855694353204,0.7731144305646795,3,10,1.0,0.3359571397304535,0.32451124978664747
395_r2,ja,0.5469915399278235,0.45300846007217654,3,10,1.0,0.44870683550834656,0.8000000000008656
395_r2,zh,0.42118497210326244,0.5788150278967376,3,10,1.0,0.22668220102787018,0.8000000000008656
395_r3,en,0.33510104204726643,0.6648989579527336,3,10,1.0,0.40809911489486694,0.3000000000028235
395_r3,fr,0.2105788341999818,0.7894211658000182,3,10,1.0,0.3446769118309021,0.32451124978664747
395_r3,ja,0.4760775962084156,0.5239224037915844,3,10,1.0,0.28796085715293884,1.0
395_r3,zh,0.2858845381656612,0.7141154618343388,3,10,1.0,0.15097676217556,0.7245112497849162
395_r4,en,0.30066341799061025,0.6993365820093898,3,10,1.0,0.4153953492641449,0.3245112497866474
395_r4,fr,0.2888837080499368,0.7111162919500632,3,10,1.0,0.331662118434906,0.40000000000259683
395_r4,ja,0.48734525579346766,0.5126547442065323,3,10,1.0,0.4616833031177521,0.7245112497849162
395_r4,zh,0.25539952269772853,0.7446004773022714,3,10,1.0,0.10272583365440369,0.8000000000008656
395_r5,en,0.3536512453135775,0.6463487546864225,3,10,1.0,0.3604806959629059,0.3000000000028235
395_r5,fr,0.19777124645845587,0.8022287535415441,3,10,1.0,0.2794918119907379,0.3245112497866474
395_r5,ja,0.5986480931117675,0.4013519068882325,3,10,1.0,0.49491578340530396,1.0
395_r5,zh,0.40465704420587273,0.5953429557941272,3,10,1.0,0.21223337948322296,0.7245112497849162
401_r1,en,0.05166409267978269,0.9483359073202173,3,10,0.0,0.05292757600545883,0.3000000000028235
401_r1,fr,0.0022004430461569826,0.997799556953843,3,10,1.0,0.1867339015007019,0.10000000000368914
401_r1,ja,0.11503229276971733,0.8849677072302826,3,10,0.0,0.08531113713979721,1.0
401_r1,zh,0.2534805937739914,0.7465194062260085,3,10,0.0,0.1344446837902069,1.0
401_r2,en,0.08679226058906993,0.91320773941093,3,10,0.0,0.09561845660209656,0.5000000000019581
401_r2,fr,0.03240250541357946,0.9675974945864205,3,10,1.0,0.16827243566513062,0.10000000000368914
401_r2,ja,0.5973892980685799,0.4026107019314201,3,10,0.0,0.508111834526062,1.0
401_r2,zh,0.2126804854782175,0.7873195145217825,3,10,0.0,0.07444354146718979,1.0
401_r3,en,0.24389487080027555,0.7561051291997245,3,10,0.0,0.27906492352485657,0.10000000000368914
401_r3,fr,0.03240250541163585,0.9675974945883642,3,10,1.0,0.15712125599384308,0.10000000000368914
401_r3,ja,0.08685680354519601,0.913143196454804,3,10,0.0,0.07684876024723053,1.0
401_r3,zh,0.04920187058210368,0.9507981294178963,3,10,0.0,0.04717132821679115,0.6000000000017313
401_r4,en,0.0033444485538295897,0.9966555514461705,3,10,0.0,0.03599201887845993,0.10000000000368914
401_r4,fr,0.04463967116792105,0.955360328832079,3,10,1.0,0.06727004051208496,0.3245112497866474
401_r4,ja,0.10426610423264925,0.8957338957673507,3,10,0.0,0.08915858715772629,0.8000000000008656
401_r4,zh,0.19354597547436134,0.8064540245256386,3,10,0.0,0.08411319553852081,1.0
401_r5,en,0.0003747216950206815,0.9996252783049793,3,10,0.0,0.008364011533558369,0.30000000000282356
401_r5,fr,0.009155078971535969,0.990844921028464,3,10,1.0,0.0892471894621849,0.10000000000368914
401_r5,ja,0.05393670136316894,0.946063298636831,3,10,0.0,0.033018071204423904,0.8000000000008656
401_r5,zh,0.26162484235724925,0.7383751576427507,3,10,0.0,0.1290844827890396,0.8000000000008656
408_r1,en,0.6181626221144668,0.3818373778855332,3,10,1.0,0.6956017017364502,0.40000000000259683
408_r1,fr,0.7233004551979947,0.2766995448020053,3,10,1.0,0.6660434007644653,0.8000000000008656
408_r1,ja,0.543256033932803,0.456743966067197,3,10,1.0,0.3916010856628418,0.7245112497849162
408_r1,zh,0.49396733131255255,0.5060326686874475,3,10,1.0,0.3088538944721222,1.0
408_r2,en,0.30992212191526247,0.6900778780847375,3,10,1.0,0.6218007802963257,0.10000000000368914
408_r2,fr,0.5759101635057129,0.4240898364942871,3,10,1.0,0.5745729804039001,0.5245112497857819
408_r2,ja,0.28289791123027724,0.7171020887697228,3,10,1.0,0.1728287786245346,1.0
408_r2,zh,0.4179778907053307,0.5820221092946694,3,10,1.0,0.1928439885377884,1.0
408_r3,en,0.3135888694621354,0.6864111305378646,3,10,1.0,0.3255396783351898,0.3000000000028235
408_r3,fr,0.7133691759463064,0.28663082405369356,3,10,1.0,0.630761981010437,0.8000000000008656
408_r3,ja,0.3727949768339369,0.6272050231660631,3,10,1.0,0.24844154715538025,1.0
408_r3,zh,0.3284063108625148,0.6715936891374852,3,10,1.0,0.19449304044246674,1.0
408_r4,en,0.00553291761732029,0.9944670823826797,3,10,1.0,0.5017397403717041,0.10000000000368914
408_r4,fr,0.22377612498702132,0.7762238750129786,3,10,1.0,0.1715150773525238,0.40000000000259683
408_r4,ja,0.5719460693067338,0.42805393069326625,3,10,1.0,0.42148908972740173,1.0
408_r4,zh,0.3883199128838382,0.6116800871161618,3,10,1.0,0.2101326286792755,1.0
408_r5,en,0.4479006878166629,0.5520993121833371,3,10,1.0,0.45535707473754883,0.3245112497866474
408_r5,fr,0.5500727896067675,0.44992721039323247,3,10,1.0,0.4339766800403595,0.8000000000008656
408_r5,ja,0.3206511497452524,0.6793488502547476,3,10,1.0,0.2452917844057083,0.7245112497849162
408_r5,zh,0.24598942820270472,0.7540105717972952,3,10,1.0,0.14199265837669373,1.0
412_r1,en,0.0004808939609075196,0.9995191060390924,3,10,1.0,0.28953325748443604,0.10000000000368914
412_r1,fr,0.07822195933349889,0.9217780406665012,3,10,1.0,0.09235695749521255,0.3245112497866474
412_r1,ja,0.05047119665737788,0.9495288033426221,3,10,0.0,0.07122038304805756,0.6000000000017313
412_r1,zh,0.3699495359226648,0.6300504640773352,3,10,1.0,0.18848399817943573,1.0
412_r2,en,0.6483110031661042,0.35168899683389576,3,10,1.0,0.56182461977005,0.6000000000017313
412_r2,fr,0.1414687999897167,0.8585312000102833,3,10,1.0,0.0666898638010025,0.3000000000028235
412_r2,ja,0.07614357678366489,0.9238564232163351,3,10,0.0,0.05561814457178116,1.0
412_r2,zh,0.2586463435703413,0.7413536564296588,3,10,1.0,0.09767042100429535,1.0
412_r3,en,0.5990957522958321,0.4009042477041679,3,10,1.0,0.6790499091148376,0.5245112497857819
412_r3,fr,0.6235778418472544,0.3764221581527456,3,10,1.0,0.6216328144073486,0.5245112497857819
412_r3,ja,0.1691598449124387,0.8308401550875613,3,10,0.0,0.08953115344047546,0.5245112497857818
412_r3,zh,0.4290206739749518,0.5709793260250482,3,10,1.0,0.2616685926914215,1.0
412_r4,en,0.5073666530582627,0.4926333469417373,3,10,1.0,0.568183183670044,0.32451124978664747
412_r4,fr,0.6943298370418391,0.30567016295816085,3,10,1.0,0.7600236535072327,0.5245112497857819
412_r4,ja,0.06485288309892683,0.9351471169010732,3,10,0.0,0.0461987741291523,0.7245112497849162
412_r4,zh,0.4530337912274318,0.5469662087725682,3,10,1.0,0.3019106090068817,1.0
412_r5,en,0.7464963700651857,0.25350362993481435,3,10,1.0,0.7293309569358826,0.7245112497849162
412_r5,fr,0.32765571461648496,0.6723442853835151,3,10,1.0,0.46925076842308044,0.3245112497866474
412_r5,ja,0.14540139347351788,0.8545986065264821,3,10,0.0,0.08107957243919373,0.3245112497866474
412_r5,zh,0.40200054532822216,0.5979994546717778,3,10,1.0,0.23695561289787292,1.0
413_r1,en,0.590379909253247,0.409620090746753,3,10,1.0,0.5847599506378174,0.5245112497857818
413_r1,fr,0.9602138995948956,0.03978610040510444,3,10,1.0,0.9602140188217163,1.0
413_r1,ja,0.07146851405011496,0.928531485949885,3,10,1.0,0.11985515803098679,0.6000000000017313
413_r1,zh,0.30150844590885545,0.6984915540911445,3,10,1.0,0.10714007914066315,1.0
413_r2,en,0.6424498500242791,0.3575501499757209,3,10,1.0,0.5199947953224182,0.7000000000010924
413_r2,fr,0.8588414209739701,0.1411585790260299,3,10,1.0,0.864486575126648,0.8000000000008656
413_r2,ja,0.8415929855858477,0.15840701441415228,3,10,1.0,0.7877734899520874,1.0
413_r2,zh,0.30153170809729923,0.6984682919027008,3,10,1.0,0.10822662711143494,1.0
413_r3,en,0.4536091215476174,0.5463908784523825,3,10,1.0,0.4660443365573883,0.3000000000028235
413_r3,fr,0.8035184880959271,0.19648151190407293,3,10,1.0,0.6805347204208374,1.0
413_r3,ja,0.023801590963307313,0.9761984090366926,3,10,1.0,0.14691242575645447,0.3000000000028235
413_r3,zh,0.30702034951647744,0.6929796504835226,3,10,1.0,0.18443284928798676,0.5245112497857819
413_r4,en,0.693779060369489,0.306220939630511,3,10,1.0,0.6810452342033386,0.8000000000008656
413_r4,fr,0.743778488386119,0.25622151161388096,3,10,1.0,0.7686110734939575,0.6000000000017313
413_r4,ja,0.7237427918310685,0.2762572081689315,3,10,1.0,0.5645628571510315,1.0
413_r4,zh,0.011121212458335776,0.9888787875416643,3,10,1.0,0.010069185867905617,1.0
413_r5,en,0.641548097105118,0.35845190289488205,3,10,1.0,0.5833507180213928,0.8000000000008656
413_r5,fr,0.9602138995948956,0.03978610040510444,3,10,1.0,0.9602140188217163,1.0
413_r5,ja,0.5856080477440367,0.41439195225596326,3,10,1.0,0.5044190287590027,0.8000000000008656
413_r5,zh,0.42082714317236997,0.57917285682763,3,10,1.0,0.21509414911270142,0.5245112497857819
419_r1,en,0.0039048899749727765,0.9960951100250273,3,10,1.0,0.1418066769838333,0.10000000000368914
419_r1,fr,0.006262280108708227,0.9937377198912918,3,10,0.0,0.12317952513694763,0.12451124978751298
419_r1,ja,0.6302193184892657,0.3697806815107343,3,10,1.0,0.5736679434776306,1.0
419_r1,zh,0.24121331030422388,0.7587866896957761,3,10,0.0,0.14362648129463196,1.0
419_r2,en,0.004134331368953693,0.9958656686310463,3,10,1.0,0.2913718521595001,0.10000000000368914
419_r2,fr,0.016040407348745008,0.983959592651255,3,10,0.0,0.11740651726722717,0.40000000000259683
419_r2,ja,0.5798411313770647,0.4201588686229353,3,10,1.0,0.48696252703666687,0.8000000000008656
419_r2,zh,0.34041596669560514,0.6595840333043949,3,10,0.0,0.18965214490890503,1.0
419_r3,en,0.03423818454160277,0.9657618154583972,3,10,1.0,0.2502956688404083,0.10000000000368914
419_r3,fr,0.009050131488761137,0.9909498685112389,3,10,0.0,0.03416096046566963,0.10000000000368914
419_r3,ja,0.2406727376787566,0.7593272623212434,3,10,1.0,0.11050129681825638,0.8000000000008656
419_r3,zh,0.2839185952396901,0.7160814047603099,3,10,0.0,0.13902048766613007,1.0
419_r4,en,0.1718750458029616,0.8281249541970384,3,10,1.0,0.3877338171005249,0.10000000000368914
419_r4,fr,0.0021184953503834373,0.9978815046496166,3,10,0.0,0.1915908306837082,0.10000000000368914
419_r4,ja,0.4212575700424146,0.5787424299575854,3,10,1.0,0.3539041578769684,0.8000000000008656
419_r4,zh,0.3635672891684719,0.6364327108315281,3,10,0.0,0.22928683459758759,1.0
419_r5,en,0.19309068152418593,0.806909318475814,3,10,1.0,0.4509068429470062,0.12451124978751298
419_r5,fr,0.002644264807317081,0.997355735192683,3,10,0.0,0.1373005360364914,0.10000000000368914
419_r5,ja,0.43798795111205424,0.5620120488879458,3,10,1.0,0.3758672773838043,0.8000000000008656
419_r5,zh,0.05577341244841466,0.9442265875515854,3,10,0.0,0.03361886739730835,0.8000000000008656
420_r1,en,0.014893540913128566,0.9851064590868714,3,10,0.0,0.36877113580703735,0.10000000000368914
420_r1,fr,0.06605762906660974,0.9339423709333903,3,10,0.0,0.11898687481880188,0.3000000000028235
420_r1,ja,0.5356763770212947,0.46432362297870533,3,10,0.0,0.3489166498184204,0.8000000000008656
420_r1,zh,0.03755367279384823,0.9624463272061518,3,10,0.0,0.022410238161683083,1.0
420_r2,en,0.659941425828868,0.34005857417113206,3,10,0.0,0.7361370325088501,0.5245112497857819
420_r2,fr,0.1502908075650136,0.8497091924349864,3,10,0.0,0.10183440893888474,0.7000000000010924
420_r2,ja,0.3127918965529508,0.6872081034470492,3,10,0.0,0.14458826184272766,1.0
420_r2,zh,0.28658668880210647,0.7134133111978935,3,10,0.0,0.12033380568027496,1.0
420_r3,en,0.3133772849231004,0.6866227150768995,3,10,0.0,0.5735451579093933,0.12451124978751298
420_r3,fr,0.09475984982016229,0.9052401501798377,3,10,0.0,0.09570837020874023,0.40000000000259683
420_r3,ja,0.6304954593194001,0.3695045406805999,3,10,0.0,0.4910125732421875,1.0
420_r3,zh,0.3531789323220066,0.6468210676779934,3,10,0.0,0.1712931990623474,1.0
420_r4,en,0.7730871793405124,0.2269128206594876,3,10,0.0,0.7635406851768494,0.7245112497849162
420_r4,fr,0.1675162990756227,0.8324837009243773,3,10,0.0,0.08635096997022629,0.3245112497866474
420_r4,ja,0.6302786321795701,0.36972136782042986,3,10,0.0,0.563859224319458,0.8000000000008656
420_r4,zh,0.397657671476295,0.6023423285237051,3,10,0.0,0.19302143156528473,1.0
420_r5,en,0.045556658112481066,0.9544433418875189,3,10,0.0,0.29768696427345276,0.10000000000368914
420_r5,fr,0.2814691131688793,0.7185308868311207,3,10,0.0,0.17794989049434662,0.8000000000008656
420_r5,ja,0.5311627556590004,0.4688372443409996,3,10,0.0,0.4268258810043335,0.8000000000008656
420_r5,zh,0.33961387325133624,0.6603861267486637,3,10,0.0,0.17121294140815735,1.0
422_r1,en,0.010446942649471012,0.989553057350529,3,10,1.0,0.10924690216779709,0.5000000000019581
422_r1,fr,0.5511813421781305,0.44881865782186947,3,10,1.0,0.6279630661010742,0.5000000000019581
422_r1,ja,0.3267808811536077,0.6732191188463923,3,10,1.0,0.18514031171798706,0.7245112497849162
422_r1,zh,0.29538605780253313,0.7046139421974669,3,10,0.0,0.11396363377571106,1.0
422_r2,en,0.08843466911935922,0.9115653308806407,3,10,1.0,0.3014303743839264,0.32451124978664747
422_r2,fr,0.8852816819983024,0.11471831800169763,3,10,1.0,0.8852818608283997,1.0
422_r2,ja,0.5812307080232095,0.41876929197679047,3,10,1.0,0.4599500000476837,0.8000000000008656
422_r2,zh,0.2952189565443118,0.7047810434556883,3,10,0.0,0.11048705130815506,1.0
422_r3,en,0.013214382517050169,0.9867856174829498,3,10,1.0,0.013545304536819458,0.8000000000008656
422_r3,fr,0.29832069436891173,0.7016793056310883,3,10,1.0,0.6676734089851379,0.12451124978751298
422_r3,ja,0.5965806354085457,0.40341936459145433,3,10,1.0,0.44432753324508667,1.0
422_r3,zh,0.29726460044338826,0.7027353995566117,3,10,0.0,0.11995349824428558,1.0
422_r4,en,0.01044725432557292,0.9895527456744271,3,10,1.0,0.010576870292425156,0.6000000000017313
422_r4,fr,0.5236957416853668,0.4763042583146332,3,10,1.0,0.6199324131011963,0.3245112497866474
422_r4,ja,0.443573679702942,0.5564263202970581,3,10,1.0,0.2934250831604004,1.0
422_r4,zh,0.23808908222593125,0.7619109177740687,3,10,0.0,0.11442553997039795,0.7245112497849162
422_r5,en,0.0038116526402152914,0.9961883473597847,3,10,1.0,0.0030730674043297768,0.5000000000019581
422_r5,fr,0.7140435072979943,0.28595649270200574,3,10,1.0,0.734165608882904,0.8000000000008656
422_r5,ja,0.49925465852612966,0.5007453414738703,3,10,1.0,0.4145011603832245,0.8000000000008656
422_r5,zh,0.29485513834776195,0.705144861652238,3,10,0.0,0.11076671630144119,1.0
423_r1,en,0.8433049670037487,0.15669503299625132,3,10,1.0,0.8487478494644165,0.8000000000008656
423_r1,fr,0.42503120034632874,0.5749687996536712,3,10,1.0,0.5106313824653625,0.3000000000028235
423_r1,ja,0.7038675864525967,0.2961324135474033,3,10,0.0,0.6232678890228271,1.0
423_r1,zh,0.2801342924567304,0.7198657075432696,3,10,0.0,0.15938372910022736,1.0
423_r2,en,0.31014299871343226,0.6898570012865677,3,10,1.0,0.45547935366630554,0.12451124978751298
423_r2,fr,0.12419053270325901,0.875809467296741,3,10,1.0,0.3034912943840027,0.5245112497857818
423_r2,ja,0.6681575051247649,0.3318424948752351,3,10,0.0,0.5499098896980286,1.0
423_r2,zh,0.22862066805981957,0.7713793319401805,3,10,0.0,0.09084887057542801,1.0
423_r3,en,0.6775027839218305,0.3224972160781695,3,10,1.0,0.7576769590377808,0.5245112497857819
423_r3,fr,0.5190564362435736,0.48094356375642644,3,10,1.0,0.40367645025253296,0.6000000000017313
423_r3,ja,0.7189456691706608,0.28105433082933917,3,10,0.0,0.6250127553939819,1.0
423_r3,zh,0.0761886999404709,0.9238113000595292,3,10,0.0,0.036910589784383774,1.0
423_r4,en,0.04286592276511963,0.9571340772348804,3,10,1.0,0.12185259908437729,0.12451124978751298
423_r4,fr,0.42379756661931056,0.5762024333806894,3,10,1.0,0.4157664477825165,0.3000000000028235
423_r4,ja,0.7294318904170355,0.2705681095829645,3,10,0.0,0.6455647945404053,1.0
423_r4,zh,0.16018459346312564,0.8398154065368744,3,10,0.0,0.06232897564768791,0.8000000000008656
423_r5,en,0.7980032469683785,0.20199675303162146,3,10,1.0,0.8528545498847961,0.7245112497849162
423_r5,fr,0.6058374900168912,0.39416250998310876,3,10,1.0,0.6283121109008789,0.5245112497857818
423_r5,ja,0.5456878717971037,0.45431212820289635,3,10,0.0,0.3759227395057678,1.0
423_r5,zh,0.25021348691586204,0.7497865130841379,3,10,0.0,0.11529269814491272,1.0
425_r1,en,0.42647598400983977,0.5735240159901602,3,10,1.0,0.4027569591999054,0.30000000000282356
425_r1,fr,0.17616150699544442,0.8238384930045556,3,10,1.0,0.17795585095882416,0.10000000000368914
425_r1,ja,0.7100797079959759,0.28992029200402414,3,10,0.0,0.6001370549201965,1.0
425_r1,zh,0.4060791905259454,0.5939208094740547,3,10,1.0,0.19200153648853302,1.0
425_r2,en,0.00022370675976556803,0.9997762932402344,3,10,1.0,0.20373454689979553,0.10000000000368914
425_r2,fr,0.1764304683432532,0.8235695316567468,3,10,1.0,0.09576118737459183,0.6000000000017313
425_r2,ja,0.858935031071286,0.141064968928714,3,10,0.0,0.8420450091362,1.0
425_r2,zh,0.6970027644337122,0.30299723556628777,3,10,1.0,0.5456570386886597,1.0
425_r3,en,6.248484557313696e-05,0.9999375151544269,3,10,1.0,0.2802742123603821,0.10000000000368914
425_r3,fr,0.004037081347391608,0.9959629186526084,3,10,1.0,0.12335039675235748,0.10000000000368914
425_r3,ja,0.7421189161683494,0.25788108383165065,3,10,0.0,0.6396462321281433,1.0
425_r3,zh,0.5695750057000057,0.43042499429999426,3,10,1.0,0.37480786442756653,1.0
425_r4,en,0.4264758679772132,0.5735241320227868,3,10,1.0,0.4970806837081909,0.3000000000028235
425_r4,fr,0.3537907631169013,0.6462092368830987,3,10,1.0,0.18174481391906738,0.5000000000019581
425_r4,ja,0.6469206293200651,0.3530793706799349,3,10,0.0,0.5006535649299622,1.0
425_r4,zh,0.6105835276004363,0.3894164723995637,3,10,1.0,0.46211040019989014,1.0
425_r5,en,0.12089669302292479,0.8791033069770752,3,10,1.0,0.44316816329956055,0.12451124978751298
425_r5,fr,0.16152791908628095,0.838472080913719,3,10,1.0,0.11571021378040314,0.10000000000368914
425_r5,ja,0.5077648631571214,0.49223513684287856,3,10,0.0,0.33739104866981506,1.0
425_r5,zh,0.4929834779853117,0.5070165220146883,3,10,1.0,0.27882683277130127,1.0
427_r1,en,0.08867150540472217,0.9113284945952779,3,10,1.0,0.41920411586761475,0.12451124978751298
427_r1,fr,0.05622989286476737,0.9437701071352327,3,10,1.0,0.12271832674741745,0.12451124978751298
427_r1,ja,0.6485914781910037,0.3514085218089963,3,10,0.0,0.508439302444458,1.0
427_r1,zh,0.059770971019233794,0.9402290289807662,3,10,0.0,0.1014924868941307,0.5245112497857819
427_r2,en,0.0357098557144979,0.9642901442855021,3,10,1.0,0.25417429208755493,0.10000000000368914
427_r2,fr,0.34174133373024085,0.6582586662697592,3,10,1.0,0.26175591349601746,0.3245112497866474
427_r2,ja,0.5867865703958931,0.4132134296041069,3,10,0.0,0.513793408870697,0.7245112497849162
427_r2,zh,0.238531454057053,0.761468545942947,3,10,0.0,0.10082384198904037,0.5245112497857818
427_r3,en,0.02832585952258824,0.9716741404774117,3,10,1.0,0.45172664523124695,0.10000000000368914
427_r3,fr,0.15387912858644204,0.846120871413558,3,10,1.0,0.1561601310968399,0.5000000000019581
427_r3,ja,0.584390532939976,0.415609467060024,3,10,0.0,0.4449194371700287,0.8000000000008656
427_r3,zh,0.22633566805104047,0.7736643319489596,3,10,0.0,0.08687091618776321,1.0
427_r4,en,0.028502439624121557,0.9714975603758784,3,10,1.0,0.30246177315711975,0.3000000000028235
427_r4,fr,0.07063746838899479,0.9293625316110052,3,10,1.0,0.18884381651878357,0.12451124978751298
427_r4,ja,0.5131281910236593,0.48687180897634075,3,10,0.0,0.3550448715686798,1.0
427_r4,zh,0.2145451732909631,0.7854548267090369,3,10,0.0,0.10346820205450058,1.0
427_r5,en,0.09211983378187219,0.9078801662181278,3,10,1.0,0.2198246270418167,0.10000000000368914
427_r5,fr,0.23084851253730598,0.769151487462694,3,10,1.0,0.15942300856113434,0.7245112497849162
427_r5,ja,0.5762903753825045,0.4237096246174955,3,10,0.0,0.3957158625125885,0.7245112497849162
427_r5,zh,0.3341922764764882,0.6658077235235118,3,10,0.0,0.18073584139347076,1.0
42_r1,en,0.8214522121208303,0.1785477878791697,3,10,1.0,0.8385279178619385,0.8000000000008656
42_r1,fr,0.27233885003739616,0.7276611499626038,3,10,1.0,0.4658186137676239,0.10000000000368914
42_r1,ja,0.4260606812781728,0.5739393187218271,3,10,0.0,0.24738709628582,1.0
42_r1,zh,0.31200499685147465,0.6879950031485254,3,10,0.0,0.15273915231227875,1.0
42_r2,en,0.5165653494890569,0.48343465051094314,3,10,1.0,0.6683444380760193,0.32451124978664747
42_r2,fr,0.4015447735050837,0.5984552264949163,3,10,1.0,0.5552439093589783,0.3245112497866474
42_r2,ja,0.5240262932743476,0.4759737067256524,3,10,0.0,0.46163317561149597,0.8000000000008656
42_r2,zh,0.3987191434428736,0.6012808565571264,3,10,0.0,0.21001753211021423,1.0
42_r3,en,0.5165555403654257,0.4834444596345743,3,10,1.0,0.5670896172523499,0.32451124978664747
42_r3,fr,0.559225882252065,0.44077411774793496,3,10,1.0,0.580835223197937,0.5245112497857818
42_r3,ja,0.5872232860117348,0.4127767139882652,3,10,0.0,0.39669889211654663,1.0
42_r3,zh,0.3797209580876061,0.6202790419123939,3,10,0.0,0.19789475202560425,0.6000000000017313
42_r4,en,0.5165614599596805,0.4834385400403195,3,10,1.0,0.6597322821617126,0.3245112497866474
42_r4,fr,0.2723388500363392,0.7276611499636608,3,10,1.0,0.31483694911003113,0.10000000000368914
42_r4,ja,0.42488930785731205,0.575110692142688,3,10,0.0,0.24237090349197388,1.0
42_r4,zh,0.3808568410057954,0.6191431589942046,3,10,0.0,0.19087575376033783,1.0
42_r5,en,0.7690164894634858,0.23098351053651422,3,10,1.0,0.7446103692054749,0.8000000000008656
42_r5,fr,0.026809092661457475,0.9731909073385425,3,10,1.0,0.2207508087158203,0.10000000000368914
42_r5,ja,0.43180225172212966,0.5681977482778704,3,10,0.0,0.3325563073158264,0.7245112497849162
42_r5,zh,0.29621102616455935,0.7037889738354406,3,10,0.0,0.14502006769180298,1.0
430_r1,en,0.21695412771674144,0.7830458722832585,3,10,1.0,0.10654089599847794,0.12451124978751298
430_r1,fr,0.11864633183018083,0.8813536681698192,3,10,1.0,0.1467563956975937,0.12451124978751298
430_r1,ja,0.387804643783867,0.6121953562161331,3,10,0.0,0.272480309009552,1.0
430_r1,zh,0.4925141478315298,0.5074858521684702,3,10,0.0,0.3668845295906067,1.0
430_r2,en,0.5102040797199712,0.48979592028002883,3,10,1.0,0.5552043318748474,0.5000000000019581
430_r2,fr,0.41950304030328034,0.5804969596967197,3,10,1.0,0.5043100714683533,0.3245112497866474
430_r2,ja,0.23328236522250487,0.7667176347774951,3,10,0.0,0.21427397429943085,0.7245112497849162
430_r2,zh,0.5011310476947971,0.4988689523052029,3,10,0.0,0.5162476897239685,0.7245112497849162
430_r3,en,0.518225909497905,0.48177409050209496,3,10,1.0,0.4873414933681488,0.5245112497857818
430_r3,fr,0.11714266849008863,0.8828573315099114,3,10,1.0,0.4695696532726288,0.12451124978751298
430_r3,ja,0.41586765874750115,0.5841323412524988,3,10,0.0,0.2972375452518463,0.7245112497849162
430_r3,zh,0.4352392097264975,0.5647607902735026,3,10,0.0,0.25225499272346497,1.0
430_r4,en,0.015699853175284953,0.984300146824715,3,10,1.0,0.06328081339597702,0.3000000000028235
430_r4,fr,0.020947449558028308,0.9790525504419717,3,10,1.0,0.0655728206038475,0.10000000000368914
430_r4,ja,0.257045052642799,0.742954947357201,3,10,0.0,0.2853943407535553,0.3245112497866474
430_r4,zh,0.3305173712250701,0.6694826287749299,3,10,0.0,0.27363428473472595,1.0
430_r5,en,0.25387715018181517,0.7461228498181849,3,10,1.0,0.42990562319755554,0.10000000000368914
430_r5,fr,0.4932947778103113,0.5067052221896887,3,10,1.0,0.37124112248420715,0.30000000000282356
430_r5,ja,0.3279272630980104,0.6720727369019897,3,10,0.0,0.2815873324871063,0.5245112497857818
430_r5,zh,0.4718665495325601,0.52813345046744,3,10,0.0,0.3138168752193451,1.0
433_r1,en,0.5753896800520752,0.42461031994792475,3,10,0.0,0.45762044191360474,0.40000000000259683
433_r1,fr,0.03987443761132196,0.9601255623886781,3,10,0.0,0.19901353120803833,0.10000000000368914
433_r1,ja,0.39246407020014384,0.6075359297998562,3,10,0.0,0.2679641544818878,0.7245112497849162
433_r1,zh,0.371893050729726,0.628106949270274,3,10,0.0,0.18701209127902985,1.0
433_r2,en,0.11646139475587783,0.8835386052441222,3,10,0.0,0.18654188513755798,0.3245112497866474
433_r2,fr,0.05351871593922439,0.9464812840607756,3,10,0.0,0.20533691346645355,0.12451124978751298
433_r2,ja,0.3763401845648247,0.6236598154351753,3,10,0.0,0.25748178362846375,0.5245112497857819
433_r2,zh,0.35614962334191447,0.6438503766580855,3,10,0.0,0.1810121387243271,1.0
433_r3,en,0.28770240571816924,0.7122975942818308,3,10,0.0,0.0936867967247963,0.3245112497866474
433_r3,fr,0.0690650280643068,0.9309349719356932,3,10,0.0,0.16763371229171753,0.40000000000259683
433_r3,ja,0.2769235480736476,0.7230764519263524,3,10,0.0,0.23659558594226837,0.6000000000017313
433_r3,zh,0.4522461373300785,0.5477538626699214,3,10,0.0,0.2569139301776886,1.0
433_r4,en,0.4068620691949132,0.5931379308050868,3,10,0.0,0.22356432676315308,0.5000000000019581
433_r4,fr,0.0298319093140661,0.9701680906859339,3,10,0.0,0.16486336290836334,0.3245112497866474
433_r4,ja,0.36757980381059374,0.6324201961894063,3,10,0.0,0.28889429569244385,0.8000000000008656
433_r4,zh,0.08862640921159456,0.9113735907884054,3,10,0.0,0.09677170217037201,0.5245112497857819
433_r5,en,0.5812466289176705,0.41875337108232946,3,10,0.0,0.5503054261207581,0.5245112497857819
433_r5,fr,0.08624094669957917,0.9137590533004208,3,10,0.0,0.21462206542491913,0.5245112497857819
433_r5,ja,0.39536560130655146,0.6046343986934486,3,10,0.0,0.3295137286186218,0.5245112497857819
433_r5,zh,0.30665295595820447,0.6933470440417955,3,10,0.0,0.16948552429676056,1.0
438_r1,en,0.2717094623078499,0.72829053769215,3,10,0.0,0.3090592920780182,0.3000000000028235
438_r1,fr,0.0017936251152407235,0.9982063748847593,3,10,0.0,0.15459318459033966,0.10000000000368914
438_r1,ja,0.2824767715038565,0.7175232284961435,3,10,1.0,0.2511036992073059,0.7245112497849162
438_r1,zh,0.3486681076915316,0.6513318923084683,3,10,0.0,0.18992653489112854,1.0
438_r2,en,0.31757969037913875,0.6824203096208612,3,10,0.0,0.34338268637657166,0.5245112497857819
438_r2,fr,0.028920763306612626,0.9710792366933874,3,10,0.0,0.029210517182946205,0.8000000000008656
438_r2,ja,0.5287864222519819,0.4712135777480181,3,10,1.0,0.3489443063735962,0.8000000000008656
438_r2,zh,0.24691334732187753,0.7530866526781225,3,10,0.0,0.11311176419258118,1.0
438_r3,en,0.30369620757613197,0.696303792423868,3,10,0.0,0.2613155245780945,0.10000000000368914
438_r3,fr,0.3028177287131353,0.6971822712868647,3,10,0.0,0.286322683095932,0.5000000000019581
438_r3,ja,0.16138843779603054,0.8386115622039695,3,10,1.0,0.15765832364559174,0.8000000000008656
438_r3,zh,0.3158395393064312,0.6841604606935687,3,10,0.0,0.15345171093940735,1.0
438_r4,en,0.008922254707310737,0.9910777452926892,3,10,0.0,0.39474114775657654,0.10000000000368914
438_r4,fr,0.015491861033506483,0.9845081389664935,3,10,0.0,0.02852969989180565,0.32451124978664747
438_r4,ja,0.6426399081759877,0.3573600918240123,3,10,1.0,0.6060094833374023,0.7245112497849162
438_r4,zh,0.25242765190199906,0.747572348098001,3,10,0.0,0.16341599822044373,0.8000000000008656
438_r5,en,0.12813941071663948,0.8718605892833605,3,10,0.0,0.15723994374275208,0.3245112497866474
438_r5,fr,0.012060489629291418,0.9879395103707086,3,10,0.0,0.22026662528514862,0.10000000000368914
438_r5,ja,0.30779084814034524,0.6922091518596547,3,10,1.0,0.1651727855205536,0.8000000000008656
438_r5,zh,0.1992024841195214,0.8007975158804785,3,10,0.0,0.15741640329360962,0.8000000000008656
441_r1,en,0.40100402876259883,0.5989959712374011,3,10,1.0,0.4672442376613617,0.3000000000028235
441_r1,fr,0.5518396787481381,0.4481603212518619,3,10,1.0,0.4005616307258606,0.8000000000008656
441_r1,ja,0.49389341107048007,0.50610658892952,3,10,1.0,0.33192887902259827,1.0
441_r1,zh,0.1960097861240503,0.8039902138759497,3,10,0.0,0.10401498526334763,1.0
441_r2,en,0.3103124584752388,0.6896875415247612,3,10,1.0,0.44018566608428955,0.10000000000368914
441_r2,fr,0.13249933713274456,0.8675006628672555,3,10,1.0,0.16795232892036438,0.5245112497857819
441_r2,ja,0.3844726194514963,0.6155273805485038,3,10,1.0,0.27666959166526794,1.0
441_r2,zh,0.1758933095139122,0.8241066904860879,3,10,0.0,0.12210604548454285,0.8000000000008656
441_r3,en,0.23255315184565165,0.7674468481543484,3,10,1.0,0.3824918568134308,0.10000000000368914
441_r3,fr,0.2799634485718188,0.7200365514281812,3,10,1.0,0.5853380560874939,0.12451124978751298
441_r3,ja,0.15439336932297926,0.8456066306770207,3,10,1.0,0.08215288817882538,0.7245112497849162
441_r3,zh,0.5043002169316961,0.49569978306830387,3,10,0.0,0.3050335645675659,1.0
441_r4,en,0.6082616644716877,0.3917383355283123,3,10,1.0,0.75942063331604,0.5000000000019581
441_r4,fr,0.42893258671630713,0.5710674132836928,3,10,1.0,0.6248968243598938,0.30000000000282356
441_r4,ja,0.3088152284717596,0.6911847715282404,3,10,1.0,0.23283283412456512,1.0
441_r4,zh,0.32275911091185866,0.6772408890881414,3,10,0.0,0.1394641250371933,1.0
441_r5,en,0.32614095831115586,0.6738590416888441,3,10,1.0,0.5884297490119934,0.3000000000028235
441_r5,fr,0.2937862964090395,0.7062137035909605,3,10,1.0,0.47783491015434265,0.3245112497866474
441_r5,ja,0.41860958444485963,0.5813904155551404,3,10,1.0,0.2997545301914215,1.0
441_r5,zh,0.23110980622242594,0.7688901937775741,3,10,0.0,0.13914227485656738,1.0
442_r1,en,0.44798411404467176,0.5520158859553282,3,10,1.0,0.47108179330825806,0.8000000000008656
442_r1,fr,0.12147588123950115,0.8785241187604989,3,10,0.0,0.27158457040786743,0.6000000000017313
442_r1,ja,0.47145120472841884,0.5285487952715812,3,10,0.0,0.3590344488620758,1.0
442_r1,zh,0.30218570812800594,0.6978142918719941,3,10,0.0,0.14313116669654846,1.0
442_r2,en,0.2241512878827759,0.7758487121172241,3,10,1.0,0.23068027198314667,0.3000000000028235
442_r2,fr,0.008885365571435757,0.9911146344285643,3,10,0.0,0.5180841088294983,0.10000000000368914
442_r2,ja,0.42131703304280016,0.5786829669571998,3,10,0.0,0.31444281339645386,1.0
442_r2,zh,0.250220967239438,0.749779032760562,3,10,0.0,0.16735415160655975,1.0
442_r3,en,0.4190512161875528,0.5809487838124472,3,10,1.0,0.4166499078273773,0.7000000000010924
442_r3,fr,0.08989197426275641,0.9101080257372436,3,10,0.0,0.3043956458568573,0.12451124978751298
442_r3,ja,0.39023986228272745,0.6097601377172726,3,10,0.0,0.28847330808639526,1.0
442_r3,zh,0.3028270823889985,0.6971729176110015,3,10,0.0,0.18586574494838715,0.8000000000008656
442_r4,en,0.2743693394119,0.7256306605881,3,10,1.0,0.31379908323287964,0.3245112497866474
442_r4,fr,0.31787477154811666,0.6821252284518833,3,10,0.0,0.3868527114391327,0.30000000000282356
442_r4,ja,0.5130122639671534,0.4869877360328466,3,10,0.0,0.41816794872283936,1.0
442_r4,zh,0.4357933844455439,0.5642066155544561,3,10,0.0,0.2723911702632904,1.0
442_r5,en,0.28172003532573575,0.7182799646742642,3,10,1.0,0.3812562823295593,0.3245112497866474
442_r5,fr,0.08247070219697811,0.9175292978030218,3,10,0.0,0.19044068455696106,0.5245112497857819
442_r5,ja,0.5016480176312501,0.4983519823687499,3,10,0.0,0.34960123896598816,0.8000000000008656
442_r5,zh,0.13946559358329386,0.8605344064167062,3,10,0.0,0.07361767441034317,1.0
44_r1,en,0.6424965283773523,0.35750347162264773,3,10,1.0,0.724091649055481,0.5245112497857818
44_r1,fr,0.024649561055166167,0.9753504389448339,3,10,1.0,0.18672490119934082,0.10000000000368914
44_r1,ja,0.0944039152736388,0.9055960847263612,3,10,0.0,0.08634475618600845,0.5245112497857818
44_r1,zh,0.5046268992666367,0.49537310073336327,3,10,1.0,0.3246723413467407,0.5245112497857819
44_r2,en,0.6130996775107559,0.3869003224892441,3,10,1.0,0.6518808007240295,0.5000000000019581
44_r2,fr,0.00931230614035567,0.9906876938596443,3,10,1.0,0.20556005835533142,0.10000000000368914
44_r2,ja,0.6330432724116837,0.3669567275883163,3,10,0.0,0.5186492800712585,0.8000000000008656
44_r2,zh,0.2701313692731141,0.7298686307268859,3,10,1.0,0.17034251987934113,0.8000000000008656
44_r3,en,0.5214846272108775,0.4785153727891225,3,10,1.0,0.6061431765556335,0.3245112497866474
44_r3,fr,0.17543170633760152,0.8245682936623985,3,10,1.0,0.20186740159988403,0.3245112497866474
44_r3,ja,0.1449403408625001,0.8550596591374999,3,10,0.0,0.08255934715270996,1.0
44_r3,zh,0.3842346757906657,0.6157653242093343,3,10,1.0,0.1984693706035614,0.7245112497849162
44_r4,en,0.2842967620895744,0.7157032379104256,3,10,1.0,0.12068390846252441,0.12451124978751298
44_r4,fr,0.1987641879530756,0.8012358120469244,3,10,1.0,0.209214985370636,0.10000000000368914
44_r4,ja,0.3630527560094569,0.636947243990543,3,10,0.0,0.17051400244235992,1.0
44_r4,zh,0.3831153313544948,0.6168846686455052,3,10,1.0,0.19608455896377563,1.0
44_r5,en,0.6415926595508097,0.3584073404491903,3,10,1.0,0.6723045706748962,0.5245112497857819
44_r5,fr,0.07733038321359623,0.9226696167864038,3,10,1.0,0.28167834877967834,0.10000000000368914
44_r5,ja,0.2907256436716193,0.7092743563283808,3,10,0.0,0.11906296759843826,0.7245112497849162
44_r5,zh,0.2704018323108265,0.7295981676891735,3,10,1.0,0.187220498919487,0.5245112497857819
453_r1,en,0.34197694996396677,0.6580230500360332,3,10,1.0,0.4026881158351898,0.3000000000028235
453_r1,fr,0.13246699185917293,0.867533008140827,3,10,1.0,0.13219617307186127,0.3245112497866474
453_r1,ja,0.4904601112117203,0.5095398887882797,3,10,0.0,0.2834361791610718,1.0
453_r1,zh,0.2718414581022256,0.7281585418977744,3,10,0.0,0.09738997370004654,1.0
453_r2,en,0.6514684668697801,0.3485315331302199,3,10,1.0,0.7705333828926086,0.7245112497849162
453_r2,fr,0.12688712820023482,0.8731128717997652,3,10,1.0,0.09252037107944489,0.3245112497866474
453_r2,ja,0.40008938650674963,0.5999106134932504,3,10,0.0,0.1878817081451416,1.0
453_r2,zh,0.2715475135160002,0.7284524864839999,3,10,0.0,0.09317965060472488,1.0
453_r3,en,0.34889547643679497,0.651104523563205,3,10,1.0,0.31034672260284424,0.3245112497866474
453_r3,fr,0.13210773157547676,0.8678922684245233,3,10,1.0,0.11048231273889542,0.3000000000028235
453_r3,ja,0.031038258024617328,0.9689617419753827,3,10,0.0,0.01817522570490837,1.0
453_r3,zh,0.025921423444941527,0.9740785765550585,3,10,0.0,0.019618632271885872,1.0
453_r4,en,0.4934254014063787,0.5065745985936213,3,10,1.0,0.536713719367981,0.5245112497857818
453_r4,fr,0.08480376199980273,0.9151962380001972,3,10,1.0,0.08074995875358582,0.10000000000368914
453_r4,ja,0.4084666053221464,0.5915333946778536,3,10,0.0,0.3026820123195648,0.8000000000008656
453_r4,zh,0.4723942813973297,0.5276057186026704,3,10,0.0,0.2664746940135956,1.0
453_r5,en,0.6629289577649217,0.33707104223507833,3,10,1.0,0.6693956255912781,0.8000000000008656
453_r5,fr,0.08941713762731501,0.910582862372685,3,10,1.0,0.09521879255771637,0.12451124978751298
453_r5,ja,0.4019775263340946,0.5980224736659054,3,10,0.0,0.20582431554794312,1.0
453_r5,zh,0.27410100562325473,0.7258989943767453,3,10,0.0,0.10609035193920135,1.0
457_r1,en,0.27212254784580303,0.727877452154197,3,10,1.0,0.5094346404075623,0.12451124978751298
457_r1,fr,0.015354104345158368,0.9846458956548416,3,10,0.0,0.04143480584025383,0.6000000000017313
457_r1,ja,0.7118413568636499,0.2881586431363501,3,10,1.0,0.6515419483184814,0.8000000000008656
457_r1,zh,0.25458346872559046,0.7454165312744095,3,10,1.0,0.09706641733646393,0.7245112497849162
457_r2,en,0.5755303237212851,0.4244696762787149,3,10,1.0,0.710570752620697,0.5245112497857819
457_r2,fr,0.052641018101643566,0.9473589818983564,3,10,0.0,0.08471009880304337,0.10000000000368914
457_r2,ja,0.6550129567890216,0.3449870432109784,3,10,1.0,0.5619154572486877,0.7245112497849162
457_r2,zh,0.5214072927049072,0.47859270729509285,3,10,1.0,0.33704981207847595,1.0
457_r3,en,0.4358745263676516,0.5641254736323484,3,10,1.0,0.6006966829299927,0.30000000000282356
457_r3,fr,0.02022206547866402,0.979777934521336,3,10,0.0,0.047283824533224106,0.3245112497866474
457_r3,ja,0.5834275444700864,0.4165724555299136,3,10,1.0,0.39698126912117004,0.7245112497849162
457_r3,zh,0.2732999017534936,0.7267000982465064,3,10,1.0,0.10792864114046097,1.0
457_r4,en,0.2516520677975687,0.7483479322024313,3,10,1.0,0.4058227837085724,0.10000000000368914
457_r4,fr,0.01022144404215824,0.9897785559578418,3,10,0.0,0.049074720591306686,0.3000000000028235
457_r4,ja,0.5169482379315434,0.48305176206845657,3,10,1.0,0.5710155963897705,0.5245112497857818
457_r4,zh,0.25047743388733457,0.7495225661126654,3,10,1.0,0.1039489358663559,1.0
457_r5,en,0.5718334678632588,0.42816653213674116,3,10,1.0,0.7287673950195312,0.5245112497857818
457_r5,fr,0.007129248494078645,0.9928707515059213,3,10,0.0,0.19360414147377014,0.10000000000368914
457_r5,ja,0.5358228529718383,0.4641771470281617,3,10,1.0,0.35600629448890686,1.0
457_r5,zh,0.37355186753323255,0.6264481324667674,3,10,1.0,0.21453547477722168,1.0
463_r1,en,0.7622478442014037,0.23775215579859632,3,10,1.0,0.8139867782592773,0.7245112497849162
463_r1,fr,0.06534854563208659,0.9346514543679134,3,10,1.0,0.14834584295749664,0.32451124978664747
463_r1,ja,0.4962028269164727,0.5037971730835273,3,10,1.0,0.3942996859550476,0.8000000000008656
463_r1,zh,0.30999551229597067,0.6900044877040293,3,10,1.0,0.12199477851390839,1.0
463_r2,en,0.671093939414368,0.328906060585632,3,10,1.0,0.7014874219894409,0.6000000000017313
463_r2,fr,0.058088522118768124,0.9419114778812319,3,10,1.0,0.10822203010320663,0.3245112497866474
463_r2,ja,0.6736453665422223,0.3263546334577777,3,10,1.0,0.5527116656303406,1.0
463_r2,zh,0.233557257485896,0.766442742514104,3,10,1.0,0.08103635162115097,1.0
463_r3,en,0.5864883766801573,0.4135116233198427,3,10,1.0,0.6455336213111877,0.5245112497857819
463_r3,fr,0.22338950932299043,0.7766104906770096,3,10,1.0,0.15450018644332886,0.5000000000019581
463_r3,ja,0.577732717529582,0.422267282470418,3,10,1.0,0.6100531220436096,0.5245112497857818
463_r3,zh,0.3307248453045199,0.66927515469548,3,10,1.0,0.1463901847600937,0.7245112497849162
463_r4,en,0.646048182049663,0.35395181795033703,3,10,1.0,0.6768046617507935,0.5000000000019581
463_r4,fr,0.07714193763896507,0.922858062361035,3,10,1.0,0.25564828515052795,0.12451124978751298
463_r4,ja,0.5728312738592566,0.4271687261407434,3,10,1.0,0.47352224588394165,0.8000000000008656
463_r4,zh,0.23081570257569384,0.7691842974243062,3,10,1.0,0.08326124399900436,0.8000000000008656
463_r5,en,0.6460473503443435,0.35395264965565654,3,10,1.0,0.6519039869308472,0.5000000000019581
463_r5,fr,0.18220970632574365,0.8177902936742564,3,10,1.0,0.12059776484966278,0.40000000000259683
463_r5,ja,0.11861373831941387,0.8813862616805861,3,10,1.0,0.25073206424713135,0.5245112497857819
463_r5,zh,0.3143045047148693,0.6856954952851306,3,10,1.0,0.1280975192785263,1.0
464_r1,en,0.0007398218564321339,0.9992601781435678,3,10,1.0,0.04810234531760216,0.3000000000028235
464_r1,fr,0.3512982400100963,0.6487017599899036,3,10,0.0,0.2851869463920593,0.3245112497866474
464_r1,ja,0.3041323494941229,0.6958676505058772,3,10,1.0,0.12366949021816254,1.0
464_r1,zh,0.33451278800906464,0.6654872119909354,3,10,1.0,0.18266083300113678,1.0
464_r2,en,0.12113584798722699,0.878864152012773,3,10,1.0,0.3717464506626129,0.12451124978751298
464_r2,fr,0.019783350130282307,0.9802166498697177,3,10,0.0,0.12673693895339966,0.10000000000368914
464_r2,ja,0.45135518678894104,0.548644813211059,3,10,1.0,0.295484334230423,1.0
464_r2,zh,0.3914898849511131,0.608510115048887,3,10,1.0,0.2321462333202362,1.0
464_r3,en,4.207804975325849e-05,0.9999579219502467,3,10,1.0,0.28821995854377747,0.10000000000368914
464_r3,fr,0.1561207969571451,0.8438792030428549,3,10,0.0,0.2474539428949356,0.12451124978751298
464_r3,ja,0.30308764035102176,0.6969123596489782,3,10,1.0,0.12911829352378845,0.7245112497849162
464_r3,zh,0.3430767521191649,0.6569232478808351,3,10,1.0,0.19348201155662537,0.7245112497849162
464_r4,en,0.0006610204860764258,0.9993389795139236,3,10,1.0,0.2745007872581482,0.3000000000028235
464_r4,fr,0.24719787299539028,0.7528021270046097,3,10,0.0,0.2077350616455078,0.10000000000368914
464_r4,ja,0.07210947877010435,0.9278905212298957,3,10,1.0,0.08779075741767883,0.8000000000008656
464_r4,zh,0.31404492927898275,0.6859550707210172,3,10,1.0,0.20008103549480438,1.0
464_r5,en,0.48269933168092816,0.5173006683190718,3,10,1.0,0.27585288882255554,0.6000000000017313
464_r5,fr,0.23690403553718214,0.7630959644628179,3,10,0.0,0.2650720775127411,0.10000000000368914
464_r5,ja,0.09718290556015974,0.9028170944398403,3,10,1.0,0.07356538623571396,1.0
464_r5,zh,0.3124723005012108,0.6875276994987892,3,10,1.0,0.139698788523674,0.8000000000008656
46_r1,en,0.4632854506585322,0.5367145493414678,3,10,1.0,0.5431732535362244,0.40000000000259683
46_r1,fr,0.028849487507468716,0.9711505124925313,3,10,1.0,0.14463819563388824,0.12451124978751298
46_r1,ja,0.7019088037564146,0.2980911962435854,3,10,1.0,0.6144537329673767,1.0
46_r1,zh,0.08826921622072031,0.9117307837792796,3,10,0.0,0.07009657472372055,1.0
46_r2,en,0.3818842737702122,0.6181157262297878,3,10,1.0,0.46557673811912537,0.30000000000282356
46_r2,fr,0.023125250270185856,0.9768747497298141,3,10,1.0,0.07048405706882477,0.30000000000282356
46_r2,ja,0.4638243653027697,0.5361756346972303,3,10,1.0,0.3987446129322052,0.5245112497857818
46_r2,zh,0.351963625233554,0.6480363747664459,3,10,0.0,0.1947704404592514,1.0
46_r3,en,0.4638773619773874,0.5361226380226126,3,10,1.0,0.5058552622795105,0.3245112497866474
46_r3,fr,0.03965296651012255,0.9603470334898775,3,10,1.0,0.16556815803050995,0.12451124978751298
46_r3,ja,0.5282121634766684,0.47178783652333156,3,10,1.0,0.4410172700881958,0.8000000000008656
46_r3,zh,0.24802229504834736,0.7519777049516526,3,10,0.0,0.14665940403938293,1.0
46_r4,en,0.2822344068084173,0.7177655931915827,3,10,1.0,0.5204994678497314,0.10000000000368914
46_r4,fr,0.06337500536003032,0.9366249946399696,3,10,1.0,0.14961197972297668,0.3000000000028235
46_r4,ja,0.5365950523392894,0.4634049476607106,3,10,1.0,0.3982367217540741,1.0
46_r4,zh,0.2512094912812957,0.7487905087187043,3,10,0.0,0.1471891701221466,1.0
46_r5,en,0.3083907139898853,0.6916092860101146,3,10,1.0,0.5902286767959595,0.12451124978751298
46_r5,fr,0.0365895764075218,0.9634104235924782,3,10,1.0,0.13697756826877594,0.10000000000368914
46_r5,ja,0.5391167545678757,0.46088324543212433,3,10,1.0,0.395345538854599,1.0
46_r5,zh,0.14450254917746627,0.8554974508225337,3,10,0.0,0.0802774652838707,0.7245112497849162
471_r1,en,0.7564228994257561,0.24357710057424387,3,10,1.0,0.7846710681915283,0.6000000000017313
471_r1,fr,0.009183750479428907,0.9908162495205711,3,10,0.0,0.11628421396017075,0.32451124978664747
471_r1,ja,0.6888321580734074,0.31116784192659264,3,10,1.0,0.5562852621078491,1.0
471_r1,zh,0.2788767820188732,0.7211232179811268,3,10,1.0,0.10252983868122101,1.0
471_r2,en,0.6939134670373052,0.30608653296269484,3,10,1.0,0.7109067440032959,0.6000000000017313
471_r2,fr,0.0056620447325123275,0.9943379552674877,3,10,0.0,0.11247406899929047,0.12451124978751298
471_r2,ja,0.602583062361829,0.397416937638171,3,10,1.0,0.46939924359321594,1.0
471_r2,zh,0.32935809861408555,0.6706419013859144,3,10,1.0,0.17067302763462067,0.8000000000008656
471_r3,en,0.5531545906348828,0.4468454093651172,3,10,1.0,0.7591015696525574,0.32451124978664747
471_r3,fr,0.021850056693481078,0.9781499433065189,3,10,0.0,0.10856769979000092,0.6000000000017313
471_r3,ja,0.5979491744613286,0.40205082553867144,3,10,1.0,0.4429284930229187,1.0
471_r3,zh,0.36876299409356106,0.6312370059064389,3,10,1.0,0.17354217171669006,1.0
471_r4,en,0.7017100366406976,0.29828996335930236,3,10,1.0,0.7824472188949585,0.5245112497857819
471_r4,fr,0.11340894455124495,0.886591055448755,3,10,0.0,0.06267371028661728,0.5245112497857819
471_r4,ja,0.6282108062985935,0.3717891937014065,3,10,1.0,0.47003018856048584,1.0
471_r4,zh,0.3238412856944254,0.6761587143055746,3,10,1.0,0.1651974469423294,0.7245112497849162
471_r5,en,0.7017094675339473,0.29829053246605275,3,10,1.0,0.7822344899177551,0.5245112497857819
471_r5,fr,0.2979180142435438,0.7020819857564562,3,10,0.0,0.10337411612272263,0.6000000000017313
471_r5,ja,0.6972781321899557,0.3027218678100443,3,10,1.0,0.5812459588050842,1.0
471_r5,zh,0.18385874811396494,0.816141251886035,3,10,1.0,0.14075495302677155,1.0
472_r1,en,0.31416244473224486,0.6858375552677551,3,10,1.0,0.4843842685222626,0.10000000000368914
472_r1,fr,0.00209680105530811,0.9979031989446919,3,10,0.0,0.12786313891410828,0.10000000000368914
472_r1,ja,0.41104709107733095,0.588952908922669,3,10,0.0,0.3263605237007141,1.0
472_r1,zh,0.4516347927931517,0.5483652072068483,3,10,0.0,0.260653555393219,1.0
472_r2,en,0.018972595910860448,0.9810274040891396,3,10,1.0,0.39003849029541016,0.10000000000368914
472_r2,fr,0.040173683386964094,0.9598263166130359,3,10,0.0,0.16764265298843384,0.10000000000368914
472_r2,ja,0.3495461114648023,0.6504538885351977,3,10,0.0,0.29978036880493164,0.8000000000008656
472_r2,zh,0.20886326401681807,0.7911367359831819,3,10,0.0,0.09227847307920456,0.8000000000008656
472_r3,en,0.5960321911982783,0.4039678088017217,3,10,1.0,0.7205526828765869,0.6000000000017313
472_r3,fr,0.21210027078576435,0.7878997292142357,3,10,0.0,0.4227466881275177,0.12451124978751298
472_r3,ja,0.6516239331237287,0.3483760668762713,3,10,0.0,0.6028048992156982,0.7245112497849162
472_r3,zh,0.2904989509420409,0.7095010490579591,3,10,0.0,0.1516095995903015,1.0
472_r4,en,0.11663696199941066,0.8833630380005894,3,10,1.0,0.7147771120071411,0.10000000000368914
472_r4,fr,0.0042539271503338845,0.9957460728496661,3,10,0.0,0.11146847903728485,0.10000000000368914
472_r4,ja,0.2880326507524229,0.7119673492475771,3,10,0.0,0.3532100021839142,0.40000000000259683
472_r4,zh,0.04738243207412595,0.952617567925874,3,10,0.0,0.023601200431585312,0.7245112497849162
472_r5,en,0.2524060700900493,0.7475939299099508,3,10,1.0,0.5090585350990295,0.10000000000368914
472_r5,fr,0.0035539541280867224,0.9964460458719133,3,10,0.0,0.07352225482463837,0.3245112497866474
472_r5,ja,0.6014657549220441,0.3985342450779559,3,10,0.0,0.45722177624702454,1.0
472_r5,zh,0.18156235313945962,0.8184376468605403,3,10,0.0,0.07871513813734055,0.8000000000008656
478_r1,en,0.6767522705980231,0.3232477294019769,3,10,0.0,0.6617816686630249,0.5245112497857818
478_r1,fr,0.8426013017178161,0.1573986982821839,3,10,0.0,0.8482210636138916,0.8000000000008656
478_r1,ja,0.3185046371653239,0.681495362834676,3,10,0.0,0.31068098545074463,0.7245112497849162
478_r1,zh,0.2584772852332576,0.7415227147667425,3,10,0.0,0.1036701500415802,1.0
478_r2,en,0.7879672094405678,0.21203279055943225,3,10,0.0,0.7563945055007935,0.7000000000010924
478_r2,fr,0.5958094335573544,0.4041905664426456,3,10,0.0,0.5880281329154968,0.40000000000259683
478_r2,ja,0.7216385091174179,0.2783614908825821,3,10,0.0,0.5701916813850403,0.8000000000008656
478_r2,zh,0.21148838841103132,0.7885116115889687,3,10,0.0,0.09624019265174866,0.8000000000008656
478_r3,en,0.3212366824302152,0.6787633175697848,3,10,0.0,0.5739383101463318,0.12451124978751298
478_r3,fr,0.6707709493282958,0.32922905067170416,3,10,0.0,0.7563117146492004,0.5245112497857819
478_r3,ja,0.6656465392986077,0.33435346070139227,3,10,0.0,0.5939862132072449,0.7245112497849162
478_r3,zh,0.3241718524068493,0.6758281475931507,3,10,0.0,0.14229606091976166,1.0
478_r4,en,0.9418004154987046,0.058199584501295365,3,10,0.0,0.9418005347251892,1.0
478_r4,fr,0.730437621590489,0.269562378409511,3,10,0.0,0.6804173588752747,0.8000000000008656
478_r4,ja,0.6025003105466936,0.3974996894533064,3,10,0.0,0.593048095703125,0.7245112497849162
478_r4,zh,0.26729035500198084,0.7327096449980192,3,10,0.0,0.11432746052742004,1.0
478_r5,en,0.7298613654475886,0.2701386345524114,3,10,0.0,0.6682673692703247,0.8000000000008656
478_r5,fr,0.5230369581533918,0.4769630418466082,3,10,0.0,0.584377110004425,0.32451124978664747
478_r5,ja,0.6514372194333621,0.3485627805666379,3,10,0.0,0.47807708382606506,0.8000000000008656
478_r5,zh,0.35617342457617723,0.6438265754238228,3,10,0.0,0.19645024836063385,1.0
479_r1,en,0.30429060168203087,0.6957093983179692,3,10,1.0,0.5514101386070251,0.12451124978751298
479_r1,fr,0.8979462325110706,0.10205376748892936,3,10,1.0,0.8608778119087219,1.0
479_r1,ja,0.9207452460307961,0.0792547539692039,3,10,1.0,0.8824502229690552,1.0
479_r1,zh,0.716689303959385,0.283310696040615,3,10,1.0,0.5493754148483276,1.0
479_r2,en,0.49660896198055166,0.5033910380194484,3,10,1.0,0.6445006728172302,0.32451124978664747
479_r2,fr,0.6305436430734166,0.3694563569265834,3,10,1.0,0.6955417394638062,0.5245112497857818
479_r2,ja,0.9202727906719804,0.07972720932801958,3,10,1.0,0.8742952942848206,1.0
479_r2,zh,0.7322771792310587,0.26772282076894127,3,10,1.0,0.5640104413032532,1.0
479_r3,en,0.48185046325615866,0.5181495367438413,3,10,1.0,0.6120729446411133,0.3000000000028235
479_r3,fr,0.4377501236443658,0.5622498763556343,3,10,1.0,0.5007949471473694,0.3000000000028235
479_r3,ja,0.7515199895201065,0.24848001047989354,3,10,1.0,0.5934436917304993,1.0
479_r3,zh,0.5063303536996586,0.4936696463003414,3,10,1.0,0.3690289855003357,0.8000000000008656
479_r4,en,0.3921651473857632,0.6078348526142368,3,10,1.0,0.4543648660182953,0.3000000000028235
479_r4,fr,0.34350288671022633,0.6564971132897737,3,10,1.0,0.7636524438858032,0.12451124978751298
479_r4,ja,0.5416344696592701,0.4583655303407299,3,10,1.0,0.5464290976524353,0.6000000000017313
479_r4,zh,0.6870821786601352,0.3129178213398648,3,10,1.0,0.5006695985794067,1.0
479_r5,en,0.7217177874580595,0.2782822125419405,3,10,1.0,0.8573047518730164,0.7245112497849162
479_r5,fr,0.8162854204416617,0.18371457955833825,3,10,1.0,0.7835541367530823,0.7000000000010924
479_r5,ja,0.751416673547296,0.24858332645270398,3,10,1.0,0.6894744038581848,0.8000000000008656
479_r5,zh,0.5314933513906118,0.4685066486093882,3,10,1.0,0.31489408016204834,1.0
47_r1,en,0.3717820219966378,0.6282179780033622,3,10,1.0,0.35064560174942017,0.30000000000282356
47_r1,fr,0.347917611064141,0.652082388935859,3,10,1.0,0.3956429362297058,0.7245112497849162
47_r1,ja,0.5934190981393284,0.40658090186067164,3,10,1.0,0.5758264660835266,0.6000000000017313
47_r1,zh,0.23801896565719038,0.7619810343428096,3,10,0.0,0.11069675534963608,0.8000000000008656
47_r2,en,0.30604344126906086,0.6939565587309391,3,10,1.0,0.4254489541053772,0.3000000000028235
47_r2,fr,0.4818832577943356,0.5181167422056644,3,10,1.0,0.48130470514297485,0.5000000000019581
47_r2,ja,0.5412732673562766,0.45872673264372343,3,10,1.0,0.3618633449077606,1.0
47_r2,zh,0.08975133243724168,0.9102486675627584,3,10,0.0,0.09785385429859161,0.7245112497849162
47_r3,en,0.5040972830813107,0.49590271691868926,3,10,1.0,0.3906955122947693,0.6000000000017313
47_r3,fr,0.6150638999447623,0.3849361000552377,3,10,1.0,0.5292916893959045,0.8000000000008656
47_r3,ja,0.05857663715603207,0.9414233628439679,3,10,1.0,0.039734937250614166,1.0
47_r3,zh,0.2786164005040107,0.7213835994959893,3,10,0.0,0.122483029961586,1.0
47_r4,en,0.03578332597681168,0.9642166740231883,3,10,1.0,0.07794181257486343,0.12451124978751298
47_r4,fr,0.04458350920771169,0.9554164907922883,3,10,1.0,0.19405746459960938,0.3000000000028235
47_r4,ja,0.3908671904628773,0.6091328095371227,3,10,1.0,0.261200875043869,0.7245112497849162
47_r4,zh,0.13976484758231628,0.8602351524176837,3,10,0.0,0.06317047029733658,1.0
47_r5,en,0.34050096122368306,0.6594990387763169,3,10,1.0,0.37543195486068726,0.3000000000028235
47_r5,fr,0.4437141956082243,0.5562858043917758,3,10,1.0,0.49165865778923035,0.5245112497857819
47_r5,ja,0.03618604190545954,0.9638139580945404,3,10,1.0,0.22304733097553253,0.6000000000017313
47_r5,zh,0.32910435063652765,0.6708956493634723,3,10,0.0,0.17171610891819,1.0
485_r1,en,0.33731536294611403,0.6626846370538859,3,10,1.0,0.40000075101852417,0.3000000000028235
485_r1,fr,0.5920054050408684,0.4079945949591316,3,10,0.0,0.4329583942890167,1.0
485_r1,ja,0.4434645725406151,0.5565354274593849,3,10,0.0,0.26121219992637634,0.8000000000008656
485_r1,zh,0.2729492921873277,0.7270507078126722,3,10,0.0,0.14302624762058258,1.0
485_r2,en,0.0016440147315455805,0.9983559852684544,3,10,1.0,0.3799345791339874,0.10000000000368914
485_r2,fr,0.4888967611633906,0.5111032388366095,3,10,0.0,0.4134921431541443,0.5245112497857818
485_r2,ja,0.6641322583626335,0.33586774163736655,3,10,0.0,0.5765778422355652,0.8000000000008656
485_r2,zh,0.5858839186901004,0.41411608130989963,3,10,0.0,0.46941280364990234,1.0
485_r3,en,0.4999379429188915,0.5000620570811085,3,10,1.0,0.7430477142333984,0.3245112497866474
485_r3,fr,0.3104649942466755,0.6895350057533245,3,10,0.0,0.21443520486354828,0.3000000000028235
485_r3,ja,0.20467272910749615,0.7953272708925039,3,10,0.0,0.20839864015579224,0.8000000000008656
485_r3,zh,0.20370747141858359,0.7962925285814164,3,10,0.0,0.13903848826885223,0.5245112497857819
485_r4,en,0.454332769776441,0.545667230223559,3,10,1.0,0.5971814393997192,0.32451124978664747
485_r4,fr,0.2920606303725542,0.7079393696274459,3,10,0.0,0.37348195910453796,0.3245112497866474
485_r4,ja,0.608707473688744,0.391292526311256,3,10,0.0,0.5396639108657837,0.8000000000008656
485_r4,zh,0.45055501391041136,0.5494449860895887,3,10,0.0,0.32355788350105286,1.0
485_r5,en,0.19762863791122717,0.8023713620887728,3,10,1.0,0.1599005162715912,0.12451124978751298
485_r5,fr,0.004598319254733276,0.9954016807452667,3,10,0.0,0.12245361506938934,0.10000000000368914
485_r5,ja,0.5187372891516088,0.48126271084839123,3,10,0.0,0.42875024676322937,0.6000000000017313
485_r5,zh,0.22556290442427418,0.7744370955757258,3,10,0.0,0.1414874643087387,1.0
487_r1,en,0.7344482470130527,0.26555175298694733,3,10,1.0,0.6020088791847229,0.8000000000008656
487_r1,fr,0.6891736343080662,0.3108263656919338,3,10,1.0,0.7655836939811707,0.5000000000019581
487_r1,ja,0.1871338393699993,0.8128661606300007,3,10,1.0,0.09190753102302551,1.0
487_r1,zh,0.34871520019613744,0.6512847998038626,3,10,0.0,0.2410023808479309,0.5245112497857819
487_r2,en,0.762045896140344,0.23795410385965599,3,10,1.0,0.8462527394294739,0.7245112497849162
487_r2,fr,0.4019579266330228,0.5980420733669771,3,10,1.0,0.3969821631908417,0.32451124978664747
487_r2,ja,0.28808478215780714,0.7119152178421928,3,10,1.0,0.11617764830589294,1.0
487_r2,zh,0.2675482122754142,0.7324517877245857,3,10,0.0,0.08976157009601593,0.7245112497849162
487_r3,en,0.6985542554251233,0.3014457445748767,3,10,1.0,0.7308215498924255,0.7245112497849162
487_r3,fr,0.6850671413727555,0.3149328586272445,3,10,1.0,0.7565159201622009,0.5245112497857818
487_r3,ja,0.05059299810777936,0.9494070018922206,3,10,1.0,0.04194219410419464,0.6000000000017313
487_r3,zh,0.4171188664979808,0.5828811335020192,3,10,0.0,0.2406146079301834,1.0
487_r4,en,0.7735495056449548,0.22645049435504516,3,10,1.0,0.8231804370880127,0.7245112497849162
487_r4,fr,0.31670495496670686,0.6832950450332931,3,10,1.0,0.5026286840438843,0.12451124978751298
487_r4,ja,0.044740811072549354,0.9552591889274507,3,10,1.0,0.05580395087599754,0.8000000000008656
487_r4,zh,0.3009007623572759,0.6990992376427241,3,10,0.0,0.13808809220790863,1.0
487_r5,en,0.7749488878079999,0.22505111219200014,3,10,1.0,0.7994322180747986,0.8000000000008656
487_r5,fr,0.7600502713216175,0.2399497286783825,3,10,1.0,0.7312753796577454,0.7245112497849162
487_r5,ja,0.021378649917936445,0.9786213500820635,3,10,1.0,0.11635085195302963,0.6000000000017313
487_r5,zh,0.35457810326097844,0.6454218967390215,3,10,0.0,0.16194899380207062,1.0
48_r1,en,0.0032163461299877273,0.9967836538700122,3,10,1.0,0.09759390354156494,0.10000000000368914
48_r1,fr,0.002258668449234128,0.9977413315507658,3,10,1.0,0.07017527520656586,0.10000000000368914
48_r1,ja,0.019543897352985066,0.9804561026470149,3,10,0.0,0.05594933032989502,0.40000000000259683
48_r1,zh,0.034455675502152255,0.9655443244978478,3,10,0.0,0.034027766436338425,0.5000000000019581
48_r2,en,0.09282870220525663,0.9071712977947434,3,10,1.0,0.3054191470146179,0.12451124978751298
48_r2,fr,0.010404528872650087,0.9895954711273499,3,10,1.0,0.16052456200122833,0.10000000000368914
48_r2,ja,0.12907158097078322,0.8709284190292168,3,10,0.0,0.0537230558693409,1.0
48_r2,zh,0.2960546508435246,0.7039453491564753,3,10,0.0,0.14011350274085999,0.30000000000282356
48_r3,en,0.3786831733788474,0.6213168266211526,3,10,1.0,0.5392617583274841,0.3245112497866474
48_r3,fr,0.0368646447269065,0.9631353552730935,3,10,1.0,0.07429517805576324,0.32451124978664747
48_r3,ja,0.006546444155077338,0.9934535558449227,3,10,0.0,0.014680014923214912,0.32451124978664747
48_r3,zh,0.37694723770917726,0.6230527622908227,3,10,0.0,0.24784374237060547,0.5245112497857819
48_r4,en,0.3614022590679076,0.6385977409320924,3,10,1.0,0.31657370924949646,0.3000000000028235
48_r4,fr,0.01991298708062695,0.9800870129193731,3,10,1.0,0.0766163244843483,0.6000000000017313
48_r4,ja,0.09705962833740632,0.9029403716625937,3,10,0.0,0.076175756752491,0.5000000000019581
48_r4,zh,0.27437854402256895,0.725621455977431,3,10,0.0,0.2175309956073761,0.5245112497857819
48_r5,en,0.6215443129419643,0.3784556870580357,3,10,1.0,0.5186291933059692,0.8000000000008656
48_r5,fr,0.02153565516785502,0.978464344832145,3,10,1.0,0.04561556875705719,0.3245112497866474
48_r5,ja,0.06885695025553153,0.9311430497444685,3,10,0.0,0.09666536003351212,0.3245112497866474
48_r5,zh,0.00415106212599954,0.9958489378740004,3,10,0.0,0.05887928232550621,0.10000000000368914
49_r1,en,0.4333574543007206,0.5666425456992794,3,10,1.0,0.47225502133369446,0.7245112497849162
49_r1,fr,0.7406503917461433,0.25934960825385667,3,10,0.0,0.8434687852859497,0.7245112497849162
49_r1,ja,0.49565171206195086,0.5043482879380492,3,10,1.0,0.4376872479915619,0.7245112497849162
49_r1,zh,0.3925630953063687,0.6074369046936313,3,10,1.0,0.29430559277534485,0.8000000000008656
49_r2,en,0.40030063152482087,0.5996993684751791,3,10,1.0,0.5145061612129211,0.5245112497857818
49_r2,fr,0.7259942511561547,0.2740057488438453,3,10,0.0,0.8424142003059387,0.6000000000017313
49_r2,ja,0.3683881698226454,0.6316118301773546,3,10,1.0,0.3676169216632843,0.5245112497857818
49_r2,zh,0.563686807582125,0.43631319241787503,3,10,1.0,0.3613396883010864,1.0
49_r3,en,0.43958751784329286,0.5604124821567071,3,10,1.0,0.46973270177841187,0.7245112497849162
49_r3,fr,0.7246295929312037,0.27537040706879634,3,10,0.0,0.84324711561203,0.6000000000017313
49_r3,ja,0.6775118341624677,0.32248816583753226,3,10,1.0,0.6152839660644531,0.8000000000008656
49_r3,zh,0.2919316902272209,0.7080683097727791,3,10,1.0,0.13914966583251953,1.0
49_r4,en,0.18801343362668343,0.8119865663733166,3,10,1.0,0.35981762409210205,0.12451124978751298
49_r4,fr,0.8371240021829862,0.16287599781701378,3,10,0.0,0.8617745637893677,0.8000000000008656
49_r4,ja,0.3809680140120801,0.6190319859879199,3,10,1.0,0.5044239163398743,0.5245112497857819
49_r4,zh,0.2852180290614538,0.7147819709385461,3,10,1.0,0.12110000103712082,0.8000000000008656
49_r5,en,0.38947687759322935,0.6105231224067706,3,10,1.0,0.41347602009773254,0.5000000000019581
49_r5,fr,0.6734842917326982,0.3265157082673018,3,10,0.0,0.75357586145401,0.5245112497857819
49_r5,ja,0.08797890323338804,0.9120210967666119,3,10,1.0,0.403852641582489,0.12451124978751298
49_r5,zh,0.41850364961984715,0.5814963503801529,3,10,1.0,0.2267351746559143,1.0
503_r1,en,0.3562241872191785,0.6437758127808215,3,10,1.0,0.5482661724090576,0.3245112497866474
503_r1,fr,0.22552587337963004,0.77447412662037,3,10,1.0,0.3493204116821289,0.12451124978751298
503_r1,ja,0.5536529995791258,0.44634700042087416,3,10,1.0,0.6314992904663086,0.7245112497849162
503_r1,zh,0.5519719575493945,0.44802804245060546,3,10,1.0,0.4586000442504883,1.0
503_r2,en,0.12757870858193596,0.872421291418064,3,10,1.0,0.31031736731529236,0.10000000000368914
503_r2,fr,0.6489919697441001,0.3510080302558999,3,10,1.0,0.6484662294387817,1.0
503_r2,ja,0.3964799623227273,0.6035200376772727,3,10,1.0,0.4315181076526642,0.5245112497857819
503_r2,zh,0.3170351247395465,0.6829648752604536,3,10,1.0,0.37995192408561707,0.40000000000259683
503_r3,en,0.38009850009589174,0.6199014999041083,3,10,1.0,0.4737530052661896,0.6000000000017313
503_r3,fr,0.6356793493275187,0.3643206506724813,3,10,1.0,0.7259413599967957,0.7245112497849162
503_r3,ja,0.47427063451695595,0.525729365483044,3,10,1.0,0.5002726316452026,0.7245112497849162
503_r3,zh,0.42619302372900786,0.5738069762709921,3,10,1.0,0.3402535021305084,0.7245112497849162
503_r4,en,0.5399443024940588,0.4600556975059412,3,10,1.0,0.4791269898414612,0.7000000000010924
503_r4,fr,0.23003988546354867,0.7699601145364513,3,10,1.0,0.4051959812641144,0.12451124978751298
503_r4,ja,0.5678475895173672,0.43215241048263275,3,10,1.0,0.6448260545730591,0.7245112497849162
503_r4,zh,0.45466063143841906,0.5453393685615809,3,10,1.0,0.37157362699508667,1.0
503_r5,en,0.4182171179012881,0.5817828820987119,3,10,1.0,0.6354345679283142,0.3000000000028235
503_r5,fr,0.5348042070057837,0.4651957929942163,3,10,1.0,0.5945777893066406,0.7245112497849162
503_r5,ja,0.491055957614787,0.508944042385213,3,10,1.0,0.6044940948486328,0.6000000000017313
503_r5,zh,0.23262487802012793,0.7673751219798721,3,10,1.0,0.17997632920742035,1.0
507_r1,en,0.8507348318976713,0.1492651681023287,3,10,1.0,0.8541324734687805,0.8000000000008656
507_r1,fr,0.6787749266146891,0.3212250733853109,3,10,1.0,0.540131151676178,1.0
507_r1,ja,0.044150994454864236,0.9558490055451357,3,10,0.0,0.04630984738469124,0.8000000000008656
507_r1,zh,0.18865991125581716,0.8113400887441828,3,10,1.0,0.10306837409734726,0.8000000000008656
507_r2,en,0.6154383666562399,0.38456163334376015,3,10,1.0,0.7038556933403015,0.40000000000259683
507_r2,fr,0.42528415869161845,0.5747158413083815,3,10,1.0,0.4908444583415985,0.3245112497866474
507_r2,ja,0.3857123623753876,0.6142876376246125,3,10,0.0,0.2491433322429657,1.0
507_r2,zh,0.16585704422948727,0.8341429557705127,3,10,1.0,0.059241537004709244,1.0
507_r3,en,0.5262227034204551,0.4737772965795449,3,10,1.0,0.6746625900268555,0.32451124978664747
507_r3,fr,0.33873138958339816,0.6612686104166019,3,10,1.0,0.3987165689468384,0.3000000000028235
507_r3,ja,0.3687257970221017,0.6312742029778984,3,10,0.0,0.335151731967926,1.0
507_r3,zh,0.2903054380241754,0.7096945619758246,3,10,1.0,0.121635302901268,0.8000000000008656
507_r4,en,0.013140976351336644,0.9868590236486634,3,10,1.0,0.2513402998447418,0.10000000000368914
507_r4,fr,0.5364351246665725,0.4635648753334275,3,10,1.0,0.4875747263431549,0.6000000000017313
507_r4,ja,0.4692242905647732,0.5307757094352268,3,10,0.0,0.3423452079296112,1.0
507_r4,zh,0.2981481817810268,0.7018518182189732,3,10,1.0,0.1571069210767746,1.0
507_r5,en,0.29421950536705427,0.7057804946329458,3,10,1.0,0.532101571559906,0.10000000000368914
507_r5,fr,0.03718487191376814,0.9628151280862318,3,10,1.0,0.13183994591236115,0.12451124978751298
507_r5,ja,0.2268431641460411,0.7731568358539589,3,10,0.0,0.14288610219955444,1.0
507_r5,zh,0.3441521307312728,0.6558478692687272,3,10,1.0,0.16512645781040192,1.0
512_r1,en,0.31997770032739287,0.6800222996726071,3,10,0.0,0.2580576539039612,0.6000000000017313
512_r1,fr,0.31628106616700186,0.6837189338329981,3,10,0.0,0.3581412732601166,0.8000000000008656
512_r1,ja,0.4856186762954067,0.5143813237045933,3,10,0.0,0.47627291083335876,1.0
512_r1,zh,0.3031643944493484,0.6968356055506516,3,10,0.0,0.31094205379486084,0.8000000000008656
512_r2,en,0.37676135037003483,0.6232386496299651,3,10,0.0,0.2943980097770691,0.8000000000008656
512_r2,fr,0.34575452447420074,0.6542454755257993,3,10,0.0,0.4934956431388855,0.5245112497857818
512_r2,ja,0.3566314736209207,0.6433685263790794,3,10,0.0,0.2460508942604065,0.8000000000008656
512_r2,zh,0.2114351267576219,0.7885648732423781,3,10,0.0,0.262521892786026,0.8000000000008656
512_r3,en,0.20200701159479423,0.7979929884052057,3,10,0.0,0.2787199318408966,0.5245112497857818
512_r3,fr,0.3672690625723201,0.6327309374276799,3,10,0.0,0.3969331979751587,0.8000000000008656
512_r3,ja,0.08972658675792125,0.9102734132420788,3,10,0.0,0.1273045390844345,0.6000000000017313
512_r3,zh,0.2103250395304592,0.7896749604695408,3,10,0.0,0.24831461906433105,0.6000000000017313
512_r4,en,0.3239425456128067,0.6760574543871933,3,10,0.0,0.24369581043720245,0.6000000000017313
512_r4,fr,0.3352307421780662,0.6647692578219337,3,10,0.0,0.45837634801864624,0.5245112497857819
512_r4,ja,0.3139337058670687,0.6860662941329313,3,10,0.0,0.46425506472587585,0.6000000000017313
512_r4,zh,0.3963158857684422,0.6036841142315579,3,10,0.0,0.41848504543304443,0.8000000000008656
512_r5,en,0.29640352762611294,0.703596472373887,3,10,0.0,0.2281133085489273,0.7245112497849162
512_r5,fr,0.4125747377308949,0.5874252622691051,3,10,0.0,0.4253682792186737,0.8000000000008656
512_r5,ja,0.4808574525016492,0.5191425474983509,3,10,0.0,0.5088952779769897,0.8000000000008656
512_r5,zh,0.2547298447486772,0.7452701552513228,3,10,0.0,0.2573900520801544,0.5000000000019581
516_r1,en,0.40916145955090794,0.5908385404490921,3,10,0.0,0.44402679800987244,0.32451124978664747
516_r1,fr,0.5566482955327985,0.4433517044672015,3,10,0.0,0.46489039063453674,0.5000000000019581
516_r1,ja,0.40723063428422546,0.5927693657157745,3,10,0.0,0.3089599907398224,0.5245112497857819
516_r1,zh,0.3762748825345742,0.6237251174654258,3,10,0.0,0.17828240990638733,1.0
516_r2,en,0.6321207633204596,0.36787923667954037,3,10,0.0,0.7118369936943054,0.5245112497857819
516_r2,fr,0.48181789023165056,0.5181821097683494,3,10,0.0,0.461419016122818,0.3000000000028235
516_r2,ja,0.5344742756575479,0.4655257243424521,3,10,0.0,0.4337204396724701,1.0
516_r2,zh,0.3503743118905994,0.6496256881094006,3,10,0.0,0.16378866136074066,1.0
516_r3,en,0.5733360677990796,0.42666393220092036,3,10,0.0,0.7088066935539246,0.5245112497857819
516_r3,fr,0.7380932206807702,0.2619067793192298,3,10,0.0,0.7270601987838745,0.8000000000008656
516_r3,ja,0.33911767602480225,0.6608823239751977,3,10,0.0,0.2872237265110016,0.5245112497857818
516_r3,zh,0.26589890244416114,0.7341010975558389,3,10,0.0,0.09297911077737808,0.7245112497849162
516_r4,en,0.49477056032444355,0.5052294396755564,3,10,0.0,0.6279066801071167,0.3245112497866474
516_r4,fr,0.40352283316817494,0.5964771668318251,3,10,0.0,0.532060980796814,0.3245112497866474
516_r4,ja,0.4754339212708328,0.5245660787291673,3,10,0.0,0.41250690817832947,0.7245112497849162
516_r4,zh,0.5448291023855081,0.4551708976144919,3,10,0.0,0.4352685511112213,0.5245112497857818
516_r5,en,0.4818178902324916,0.5181821097675083,3,10,0.0,0.6882854104042053,0.3000000000028235
516_r5,fr,0.3936658585324071,0.6063341414675929,3,10,0.0,0.31911975145339966,0.3000000000028235
516_r5,ja,0.552378567381846,0.447621432618154,3,10,0.0,0.44402509927749634,1.0
516_r5,zh,0.2676386629113945,0.7323613370886055,3,10,0.0,0.10174304991960526,1.0
519_r1,en,0.4272309723558114,0.5727690276441886,3,10,0.0,0.42101410031318665,0.3245112497866474
519_r1,fr,0.10154084743597418,0.8984591525640259,3,10,0.0,0.08882215619087219,1.0
519_r1,ja,0.09883957902157528,0.9011604209784247,3,10,0.0,0.10578446090221405,0.5245112497857819
519_r1,zh,0.23215105570849634,0.7678489442915036,3,10,0.0,0.1482410579919815,1.0
519_r2,en,0.5223363720204561,0.47766362797954387,3,10,0.0,0.6135229468345642,0.40000000000259683
519_r2,fr,0.08371883991816184,0.9162811600818381,3,10,0.0,0.11420745402574539,0.40000000000259683
519_r2,ja,0.15240113725414203,0.8475988627458579,3,10,0.0,0.16175849735736847,0.8000000000008656
519_r2,zh,0.17497842010753453,0.8250215798924655,3,10,0.0,0.11225616186857224,1.0
519_r3,en,0.19771567960365027,0.8022843203963497,3,10,0.0,0.3833048939704895,0.3245112497866474
519_r3,fr,0.06770262241870809,0.9322973775812919,3,10,0.0,0.14781536161899567,0.3245112497866474
519_r3,ja,0.11850726767645658,0.8814927323235434,3,10,0.0,0.12205477058887482,0.7245112497849162
519_r3,zh,0.1224115725060288,0.8775884274939711,3,10,0.0,0.09086449444293976,0.7245112497849162
519_r4,en,0.6587647274924887,0.3412352725075113,3,10,0.0,0.5805235505104065,0.7000000000010924
519_r4,fr,0.17219395919883543,0.8278060408011646,3,10,0.0,0.14983025193214417,1.0
519_r4,ja,0.1930947041758235,0.8069052958241765,3,10,0.0,0.15752720832824707,1.0
519_r4,zh,0.1971112964051724,0.8028887035948276,3,10,0.0,0.08836198598146439,1.0
519_r5,en,0.5341250334176729,0.4658749665823271,3,10,0.0,0.4622803032398224,0.5000000000019581
519_r5,fr,0.04637330793945556,0.9536266920605444,3,10,0.0,0.11028274893760681,0.10000000000368914
519_r5,ja,0.36952211123061557,0.6304778887693845,3,10,0.0,0.2711634337902069,1.0
519_r5,zh,0.16134644917018962,0.8386535508298104,3,10,0.0,0.09760207682847977,1.0
51_r1,en,0.7478200932415078,0.2521799067584922,3,10,1.0,0.7652290463447571,0.7245112497849162
51_r1,fr,0.06756677553504674,0.9324332244649532,3,10,1.0,0.22810319066047668,0.3245112497866474
51_r1,ja,0.1751758264868582,0.8248241735131419,3,10,1.0,0.1331716924905777,0.3245112497866474
51_r1,zh,0.3436657772700692,0.6563342227299308,3,10,1.0,0.15197068452835083,1.0
51_r2,en,0.5217164363328511,0.47828356366714886,3,10,1.0,0.496905654668808,0.3000000000028235
51_r2,fr,0.03135593828555532,0.9686440617144447,3,10,1.0,0.040130577981472015,0.5245112497857818
51_r2,ja,0.3570436349786667,0.6429563650213332,3,10,1.0,0.19900989532470703,0.7245112497849162
51_r2,zh,0.415855059610805,0.584144940389195,3,10,1.0,0.19079507887363434,1.0
51_r3,en,0.6096243192742552,0.3903756807257448,3,10,1.0,0.5920684337615967,0.5245112497857818
51_r3,fr,0.04672126289528299,0.953278737104717,3,10,1.0,0.16879351437091827,0.10000000000368914
51_r3,ja,0.3012701244514648,0.6987298755485352,3,10,1.0,0.18820376694202423,0.5245112497857819
51_r3,zh,0.39003820891273644,0.6099617910872636,3,10,1.0,0.17902302742004395,1.0
51_r4,en,0.3294528666537673,0.6705471333462327,3,10,1.0,0.4354313611984253,0.3245112497866474
51_r4,fr,0.01410741288760865,0.9858925871123914,3,10,1.0,0.043974004685878754,0.3000000000028235
51_r4,ja,0.2416263012362311,0.7583736987637689,3,10,1.0,0.11072241514921188,0.6000000000017313
51_r4,zh,0.43664381037569033,0.5633561896243097,3,10,1.0,0.25333666801452637,0.8000000000008656
51_r5,en,0.45240222833040444,0.5475977716695956,3,10,1.0,0.615851104259491,0.3245112497866474
51_r5,fr,0.05570971969843388,0.9442902803015661,3,10,1.0,0.1308477371931076,0.5245112497857819
51_r5,ja,0.3857742270804781,0.614225772919522,3,10,1.0,0.18394014239311218,0.8000000000008656
51_r5,zh,0.4190278121853622,0.5809721878146378,3,10,1.0,0.20616868138313293,1.0
520_r1,en,0.42545143536885766,0.5745485646311423,3,10,1.0,0.5088731646537781,0.3245112497866474
520_r1,fr,0.04938696458051936,0.9506130354194806,3,10,1.0,0.11109369248151779,0.6000000000017313
520_r1,ja,0.5676461505912886,0.43235384940871135,3,10,1.0,0.3795974552631378,1.0
520_r1,zh,0.6740558769304206,0.32594412306957943,3,10,1.0,0.5295862555503845,1.0
520_r2,en,0.5891856952400086,0.41081430475999137,3,10,1.0,0.5929263234138489,0.5245112497857818
520_r2,fr,0.03228754684565523,0.9677124531543447,3,10,1.0,0.047843001782894135,0.3245112497866474
520_r2,ja,0.5003393701783313,0.4996606298216687,3,10,1.0,0.4093678891658783,0.7245112497849162
520_r2,zh,0.3393629205554138,0.6606370794445862,3,10,1.0,0.19315335154533386,1.0
520_r3,en,0.40071888493776936,0.5992811150622306,3,10,1.0,0.5195859670639038,0.40000000000259683
520_r3,fr,0.01689283081683278,0.9831071691831672,3,10,1.0,0.1169777363538742,0.12451124978751298
520_r3,ja,0.49131642254686586,0.5086835774531342,3,10,1.0,0.46491092443466187,0.6000000000017313
520_r3,zh,0.4111304422858612,0.5888695577141387,3,10,1.0,0.22765026986598969,1.0
520_r4,en,0.591372642384849,0.408627357615151,3,10,1.0,0.5303996801376343,0.8000000000008656
520_r4,fr,0.28610816267806227,0.7138918373219377,3,10,1.0,0.20535804331302643,0.6000000000017313
520_r4,ja,0.6944644304478269,0.3055355695521731,3,10,1.0,0.5545679926872253,0.8000000000008656
520_r4,zh,0.26969532392030005,0.7303046760797,3,10,1.0,0.09615467488765717,1.0
520_r5,en,0.5382385710858486,0.4617614289141514,3,10,1.0,0.567539632320404,0.5245112497857819
520_r5,fr,0.3070886268781832,0.6929113731218168,3,10,1.0,0.21822157502174377,0.5245112497857818
520_r5,ja,0.5675078532985637,0.4324921467014363,3,10,1.0,0.463434100151062,0.8000000000008656
520_r5,zh,0.39424470178153853,0.6057552982184615,3,10,1.0,0.19784018397331238,1.0
521_r1,en,0.3091005828476535,0.6908994171523465,3,10,0.0,0.2179149091243744,0.3000000000028235
521_r1,fr,0.009035725235073665,0.9909642747649263,3,10,0.0,0.04694044962525368,0.10000000000368914
521_r1,ja,0.41378302825215135,0.5862169717478487,3,10,0.0,0.24429692327976227,0.7245112497849162
521_r1,zh,0.2512483055474201,0.7487516944525798,3,10,0.0,0.15719705820083618,1.0
521_r2,en,0.30935073869408586,0.6906492613059141,3,10,0.0,0.25793835520744324,0.3000000000028235
521_r2,fr,0.0036600859419857845,0.9963399140580143,3,10,0.0,0.16426919400691986,0.10000000000368914
521_r2,ja,0.4925066727201491,0.507493327279851,3,10,0.0,0.30641376972198486,1.0
521_r2,zh,0.34183972079753816,0.6581602792024619,3,10,0.0,0.25265568494796753,1.0
521_r3,en,0.0023563590250384463,0.9976436409749615,3,10,0.0,0.34712082147598267,0.10000000000368914
521_r3,fr,0.016588630041540247,0.9834113699584598,3,10,0.0,0.17177394032478333,0.10000000000368914
521_r3,ja,0.5687224284628315,0.4312775715371685,3,10,0.0,0.40309828519821167,1.0
521_r3,zh,0.32256184092073925,0.6774381590792607,3,10,0.0,0.20197463035583496,1.0
521_r4,en,0.3388056361205979,0.6611943638794021,3,10,0.0,0.5630961656570435,0.30000000000282356
521_r4,fr,0.015055050203199138,0.9849449497968008,3,10,0.0,0.13882695138454437,0.10000000000368914
521_r4,ja,0.5641873037098442,0.43581269629015584,3,10,0.0,0.37146031856536865,0.8000000000008656
521_r4,zh,0.3696978725014844,0.6303021274985157,3,10,0.0,0.288299560546875,0.8000000000008656
521_r5,en,0.30880835556029596,0.691191644439704,3,10,0.0,0.5179938077926636,0.10000000000368914
521_r5,fr,0.05919449056051255,0.9408055094394875,3,10,0.0,0.161343514919281,0.10000000000368914
521_r5,ja,0.5732102526697244,0.42678974733027564,3,10,0.0,0.4207088351249695,1.0
521_r5,zh,0.24267140179301716,0.7573285982069828,3,10,0.0,0.14023740589618683,1.0
525_r1,en,0.7468648128054667,0.2531351871945333,3,10,1.0,0.7189904451370239,0.8000000000008656
525_r1,fr,0.5132760937036079,0.48672390629639206,3,10,1.0,0.48915135860443115,0.3000000000028235
525_r1,ja,0.6293794577315933,0.3706205422684067,3,10,1.0,0.4535579979419708,1.0
525_r1,zh,0.30339691221155424,0.6966030877884457,3,10,1.0,0.1766999512910843,1.0
525_r2,en,0.11423640763698002,0.8857635923630199,3,10,1.0,0.393364280462265,0.12451124978751298
525_r2,fr,0.8071182380237195,0.19288176197628049,3,10,1.0,0.7251858115196228,1.0
525_r2,ja,0.7962131641790281,0.2037868358209719,3,10,1.0,0.7204393148422241,1.0
525_r2,zh,0.32122015947619065,0.6787798405238094,3,10,1.0,0.19312462210655212,0.7245112497849162
525_r3,en,0.700815256062628,0.29918474393737204,3,10,1.0,0.7149614691734314,0.7245112497849162
525_r3,fr,0.6629001386868912,0.33709986131310876,3,10,1.0,0.5786773562431335,0.6000000000017313
525_r3,ja,0.7445984891002915,0.25540151089970853,3,10,1.0,0.6288692355155945,1.0
525_r3,zh,0.29364003509579195,0.706359964904208,3,10,1.0,0.1507721245288849,1.0
525_r4,en,0.48893750622387494,0.511062493776125,3,10,1.0,0.4482244551181793,0.30000000000282356
525_r4,fr,0.5132760937041159,0.48672390629588413,3,10,1.0,0.604190468788147,0.3000000000028235
525_r4,ja,0.6895488516283504,0.31045114837164955,3,10,1.0,0.6535280346870422,0.8000000000008656
525_r4,zh,0.2810204873059632,0.7189795126940368,3,10,1.0,0.2019643783569336,0.8000000000008656
525_r5,en,0.6914618216064673,0.3085381783935327,3,10,1.0,0.7149047255516052,0.6000000000017313
525_r5,fr,0.2963400908704996,0.7036599091295004,3,10,1.0,0.4746896028518677,0.10000000000368914
525_r5,ja,0.634429009124382,0.36557099087561795,3,10,1.0,0.5451909303665161,0.7245112497849162
525_r5,zh,0.3740591323991154,0.6259408676008846,3,10,1.0,0.21474048495292664,0.8000000000008656
528_r1,en,0.0005550343134256766,0.9994449656865744,3,10,1.0,0.003353652311488986,0.12451124978751298
528_r1,fr,0.7155749820274212,0.2844250179725788,3,10,1.0,0.7755070924758911,0.6000000000017313
528_r1,ja,0.4851211019184737,0.5148788980815263,3,10,1.0,0.3793376684188843,0.5245112497857819
528_r1,zh,0.28337688641064906,0.7166231135893509,3,10,1.0,0.0921177938580513,1.0
528_r2,en,0.002490341702531661,0.9975096582974683,3,10,1.0,0.0020126337185502052,0.10000000000368914
528_r2,fr,0.31510468716291157,0.6848953128370885,3,10,1.0,0.6153599619865417,0.12451124978751298
528_r2,ja,0.4961431325993135,0.5038568674006865,3,10,1.0,0.3456967771053314,1.0
528_r2,zh,0.018911259376976335,0.9810887406230236,3,10,1.0,0.00942421518266201,1.0
528_r3,en,8.936832845165916e-05,0.9999106316715484,3,10,1.0,0.006614858750253916,0.10000000000368914
528_r3,fr,0.87640025428933,0.12359974571067,3,10,1.0,0.8322023153305054,1.0
528_r3,ja,0.7012708619886294,0.2987291380113706,3,10,1.0,0.6142978072166443,0.8000000000008656
528_r3,zh,0.2834133111767418,0.7165866888232582,3,10,1.0,0.09591902792453766,0.7245112497849162
528_r4,en,0.0008494734704054192,0.9991505265295946,3,10,1.0,0.002981646917760372,0.10000000000368914
528_r4,fr,0.7819105602770194,0.21808943972298056,3,10,1.0,0.8391899466514587,0.7245112497849162
528_r4,ja,0.49386635198045703,0.506133648019543,3,10,1.0,0.4188154339790344,0.8000000000008656
528_r4,zh,0.2921536253109673,0.7078463746890327,3,10,1.0,0.12866273522377014,0.8000000000008656
528_r5,en,0.0004234534077434036,0.9995765465922566,3,10,1.0,0.0036794955376535654,0.10000000000368914
528_r5,fr,0.06495167099182489,0.9350483290081751,3,10,1.0,0.2152395397424698,0.12451124978751298
528_r5,ja,0.6195645916857698,0.3804354083142302,3,10,1.0,0.4656611680984497,0.7245112497849162
528_r5,zh,0.0036445834713551323,0.9963554165286449,3,10,1.0,0.0031626203563064337,0.7245112497849162
52_r1,en,0.0021582787745059806,0.997841721225494,3,10,1.0,0.1551346629858017,0.10000000000368914
52_r1,fr,0.17008433444886287,0.8299156655511372,3,10,1.0,0.17958950996398926,0.40000000000259683
52_r1,ja,0.05260443414016804,0.947395565859832,3,10,0.0,0.03764386847615242,0.7245112497849162
52_r1,zh,0.16730820890514927,0.8326917910948507,3,10,0.0,0.15297898650169373,1.0
52_r2,en,0.4133602789926976,0.5866397210073024,3,10,1.0,0.5039422512054443,0.3245112497866474
52_r2,fr,0.2389032722039477,0.7610967277960523,3,10,1.0,0.5673370361328125,0.10000000000368914
52_r2,ja,0.028662406045565376,0.9713375939544346,3,10,0.0,0.030695773661136627,0.8000000000008656
52_r2,zh,0.1118104561908579,0.8881895438091421,3,10,0.0,0.07303845882415771,1.0
52_r3,en,0.008653696286163194,0.9913463037138368,3,10,1.0,0.46906715631484985,0.10000000000368914
52_r3,fr,0.36634278628903577,0.6336572137109642,3,10,1.0,0.5219019651412964,0.3245112497866474
52_r3,ja,0.039880837047618904,0.9601191629523811,3,10,0.0,0.03961413726210594,0.8000000000008656
52_r3,zh,0.24146430245747852,0.7585356975425215,3,10,0.0,0.09473337233066559,1.0
52_r4,en,0.4040803179698151,0.5959196820301849,3,10,1.0,0.5689879655838013,0.3000000000028235
52_r4,fr,0.46503427232789174,0.5349657276721083,3,10,1.0,0.5810605883598328,0.5245112497857818
52_r4,ja,0.03782690640145903,0.962173093598541,3,10,0.0,0.03684435784816742,0.5000000000019581
52_r4,zh,0.13905527382342894,0.860944726176571,3,10,0.0,0.10459017008543015,1.0
52_r5,en,0.23912111820921347,0.7608788817907866,3,10,1.0,0.20477230846881866,0.3000000000028235
52_r5,fr,0.3352861026725224,0.6647138973274775,3,10,1.0,0.37260448932647705,0.3245112497866474
52_r5,ja,0.07932494692200885,0.9206750530779911,3,10,0.0,0.05995316430926323,1.0
52_r5,zh,0.15654466049846263,0.8434553395015374,3,10,0.0,0.13428543508052826,1.0
533_r1,en,0.0065696563537418025,0.9934303436462582,3,10,1.0,0.02152416855096817,0.32451124978664747
533_r1,fr,0.04819314311604468,0.9518068568839553,3,10,0.0,0.056602124124765396,0.5245112497857819
533_r1,ja,0.12718188257746954,0.8728181174225305,3,10,0.0,0.09963809698820114,1.0
533_r1,zh,0.14386269369124358,0.8561373063087564,3,10,0.0,0.07925815880298615,0.8000000000008656
533_r2,en,0.01274344794387513,0.9872565520561248,3,10,1.0,0.019428512081503868,0.3000000000028235
533_r2,fr,0.03360476185656972,0.9663952381434303,3,10,0.0,0.07046152651309967,0.3245112497866474
533_r2,ja,0.47876295314530937,0.5212370468546906,3,10,0.0,0.43629366159439087,1.0
533_r2,zh,0.05079662807144773,0.9492033719285523,3,10,0.0,0.03980392590165138,1.0
533_r3,en,0.003967029786628806,0.9960329702133712,3,10,1.0,0.008202897384762764,0.12451124978751298
533_r3,fr,0.02621482662379477,0.9737851733762052,3,10,0.0,0.03066185675561428,0.7245112497849162
533_r3,ja,0.29099426486497737,0.7090057351350226,3,10,0.0,0.2517530024051666,0.5000000000019581
533_r3,zh,0.17711905675800532,0.8228809432419947,3,10,0.0,0.12092164903879166,1.0
533_r4,en,0.0023377530948802856,0.9976622469051197,3,10,1.0,0.010456970892846584,0.10000000000368914
533_r4,fr,0.08274535180822055,0.9172546481917795,3,10,0.0,0.1391860544681549,0.5245112497857819
533_r4,ja,0.19629852538042963,0.8037014746195703,3,10,0.0,0.33564600348472595,0.5245112497857819
533_r4,zh,0.06659134479631942,0.9334086552036805,3,10,0.0,0.05370137840509415,1.0
533_r5,en,0.0011460413306383975,0.9988539586693616,3,10,1.0,0.016852237284183502,0.10000000000368914
533_r5,fr,0.05399393187757368,0.9460060681224263,3,10,0.0,0.06160106509923935,0.6000000000017313
533_r5,ja,0.22001770610447996,0.7799822938955201,3,10,0.0,0.2538743019104004,0.32451124978664747
533_r5,zh,0.1684111301375991,0.8315888698624009,3,10,0.0,0.1313261240720749,0.8000000000008656
535_r1,en,0.6626637436624149,0.3373362563375851,3,10,0.0,0.5231730937957764,0.6000000000017313
535_r1,fr,0.005724047511910429,0.9942759524880895,3,10,0.0,0.34142476320266724,0.10000000000368914
535_r1,ja,0.15283889940349132,0.8471611005965087,3,10,0.0,0.13861846923828125,0.5000000000019581
535_r1,zh,0.07453407187461661,0.9254659281253834,3,10,0.0,0.05013479292392731,1.0
535_r2,en,0.7651794610599645,0.23482053894003552,3,10,0.0,0.7700918912887573,0.8000000000008656
535_r2,fr,0.43442702309288383,0.5655729769071162,3,10,0.0,0.4948056936264038,0.3000000000028235
535_r2,ja,0.14388773829626472,0.8561122617037353,3,10,0.0,0.11113501340150833,0.8000000000008656
535_r2,zh,0.06793228259541875,0.9320677174045813,3,10,0.0,0.0462031252682209,1.0
535_r3,en,0.7240665734417687,0.2759334265582313,3,10,0.0,0.770846426486969,0.7245112497849162
535_r3,fr,0.646056032878667,0.353943967121333,3,10,0.0,0.6643922328948975,0.5245112497857819
535_r3,ja,0.10944016522783745,0.8905598347721626,3,10,0.0,0.15951797366142273,0.40000000000259683
535_r3,zh,0.14284600055363642,0.8571539994463636,3,10,0.0,0.07786606252193451,1.0
535_r4,en,0.7651795676839946,0.23482043231600536,3,10,0.0,0.7708625793457031,0.8000000000008656
535_r4,fr,0.07579367112176087,0.9242063288782392,3,10,0.0,0.4134266972541809,0.10000000000368914
535_r4,ja,0.16545163956224213,0.8345483604377579,3,10,0.0,0.14165693521499634,0.7245112497849162
535_r4,zh,0.024584909349706675,0.9754150906502933,3,10,0.0,0.06698121875524521,0.8000000000008656
535_r5,en,0.468574875607498,0.531425124392502,3,10,0.0,0.37951844930648804,0.3000000000028235
535_r5,fr,0.07523368262553355,0.9247663173744665,3,10,0.0,0.18757590651512146,0.10000000000368914
535_r5,ja,0.18354518944851467,0.8164548105514853,3,10,0.0,0.13320548832416534,0.5245112497857819
535_r5,zh,0.1516584080261852,0.8483415919738149,3,10,0.0,0.06314392387866974,0.7245112497849162
536_r1,en,0.44546921847045867,0.5545307815295413,3,10,0.0,0.5609225034713745,0.3245112497866474
536_r1,fr,0.2180529403477193,0.7819470596522807,3,10,0.0,0.3693059980869293,0.3245112497866474
536_r1,ja,0.12360124272928896,0.876398757270711,3,10,0.0,0.08488771319389343,0.8000000000008656
536_r1,zh,0.35143131565710156,0.6485686843428984,3,10,0.0,0.22088077664375305,0.8000000000008656
536_r2,en,0.02516349473778543,0.9748365052622145,3,10,0.0,0.1387680321931839,0.3245112497866474
536_r2,fr,0.0709835858351863,0.9290164141648137,3,10,0.0,0.13024276494979858,0.12451124978751298
536_r2,ja,0.09965592452874097,0.900344075471259,3,10,0.0,0.07326050102710724,1.0
536_r2,zh,0.21010874864852072,0.7898912513514793,3,10,0.0,0.14273026585578918,0.7245112497849162
536_r3,en,0.42883568592990357,0.5711643140700964,3,10,0.0,0.41938695311546326,0.30000000000282356
536_r3,fr,7.978042849781626e-05,0.9999202195715022,3,10,0.0,0.09135207533836365,0.10000000000368914
536_r3,ja,0.36178327488810175,0.6382167251118982,3,10,0.0,0.23963147401809692,1.0
536_r3,zh,0.38462274987873923,0.6153772501212608,3,10,0.0,0.2898242771625519,1.0
536_r4,en,0.30303429975805685,0.6969657002419432,3,10,0.0,0.42732036113739014,0.10000000000368914
536_r4,fr,0.02173297619974367,0.9782670238002563,3,10,0.0,0.18038754165172577,0.12451124978751298
536_r4,ja,0.14971514829705113,0.8502848517029489,3,10,0.0,0.1369408816099167,0.5245112497857819
536_r4,zh,0.39349946857107976,0.6065005314289202,3,10,0.0,0.2780388593673706,1.0
536_r5,en,0.33032623588771326,0.6696737641122867,3,10,0.0,0.5930665731430054,0.3245112497866474
536_r5,fr,0.0020049124204207284,0.9979950875795792,3,10,0.0,0.10102540999650955,0.10000000000368914
536_r5,ja,0.25138496841667113,0.7486150315833289,3,10,0.0,0.17135487496852875,0.7245112497849162
536_r5,zh,0.053750725526370356,0.9462492744736296,3,10,0.0,0.05718686431646347,0.8000000000008656
541_r1,en,0.5369046510178614,0.46309534898213855,3,10,0.0,0.4896809756755829,0.6000000000017313
541_r1,fr,0.021941334507901564,0.9780586654920984,3,10,0.0,0.11213593184947968,0.10000000000368914
541_r1,ja,0.4965088131217498,0.5034911868782501,3,10,0.0,0.4956572949886322,0.7245112497849162
541_r1,zh,0.44753353649124866,0.5524664635087513,3,10,0.0,0.2655227780342102,1.0
541_r2,en,0.6575729311248729,0.3424270688751271,3,10,0.0,0.6240609884262085,1.0
541_r2,fr,0.004809257576474692,0.9951907424235253,3,10,0.0,0.10157475620508194,0.10000000000368914
541_r2,ja,0.4857020800041863,0.5142979199958138,3,10,0.0,0.46833181381225586,0.5245112497857819
541_r2,zh,0.3673316925102216,0.6326683074897784,3,10,0.0,0.17451423406600952,1.0
541_r3,en,0.4472471125919951,0.5527528874080049,3,10,0.0,0.49078986048698425,0.5245112497857819
541_r3,fr,0.008568732957629095,0.991431267042371,3,10,0.0,0.10482171177864075,0.32451124978664747
541_r3,ja,0.40064944003972186,0.5993505599602782,3,10,0.0,0.3066297769546509,0.8000000000008656
541_r3,zh,0.2520231155170962,0.7479768844829038,3,10,0.0,0.09822512418031693,1.0
541_r4,en,0.43838093742815243,0.5616190625718476,3,10,0.0,0.47239404916763306,0.5000000000019581
541_r4,fr,0.0065317703002887514,0.9934682296997113,3,10,0.0,0.20227773487567902,0.12451124978751298
541_r4,ja,0.2736973596198806,0.7263026403801194,3,10,0.0,0.18997670710086823,0.8000000000008656
541_r4,zh,0.36234273669677763,0.6376572633032224,3,10,0.0,0.17041455209255219,1.0
541_r5,en,0.5369044201702653,0.4630955798297347,3,10,0.0,0.5691884756088257,0.6000000000017313
541_r5,fr,0.0017730210530117329,0.9982269789469883,3,10,0.0,0.11279008537530899,0.10000000000368914
541_r5,ja,0.5357812897613714,0.4642187102386286,3,10,0.0,0.45213812589645386,1.0
541_r5,zh,0.26589560375644816,0.7341043962435518,3,10,0.0,0.0961284190416336,1.0
548_r1,en,0.6366792162963855,0.36332078370361454,3,10,1.0,0.7535613179206848,0.5245112497857818
548_r1,fr,0.01744036458806211,0.9825596354119379,3,10,1.0,0.06407766044139862,0.10000000000368914
548_r1,ja,0.3837236164436438,0.6162763835563563,3,10,0.0,0.29117000102996826,0.5245112497857819
548_r1,zh,0.04194792145154234,0.9580520785484576,3,10,0.0,0.025452397763729095,0.7245112497849162
548_r2,en,0.006085548611706453,0.9939144513882936,3,10,1.0,0.4917411208152771,0.10000000000368914
548_r2,fr,0.002759168876830118,0.9972408311231699,3,10,1.0,0.11866908520460129,0.10000000000368914
548_r2,ja,0.3060665299267536,0.6939334700732465,3,10,0.0,0.20659585297107697,0.7245112497849162
548_r2,zh,0.2487983935828739,0.7512016064171261,3,10,0.0,0.12102174758911133,1.0
548_r3,en,0.7924930189509465,0.20750698104905352,3,10,1.0,0.7975670099258423,0.8000000000008656
548_r3,fr,0.005025819091962498,0.9949741809080375,3,10,1.0,0.11208000034093857,0.10000000000368914
548_r3,ja,0.6129417215218864,0.3870582784781136,3,10,0.0,0.47792431712150574,1.0
548_r3,zh,0.09378867785518367,0.9062113221448164,3,10,0.0,0.0525679774582386,1.0
548_r4,en,0.3023288312991431,0.6976711687008569,3,10,1.0,0.6129858493804932,0.12451124978751298
548_r4,fr,0.014075436657016622,0.9859245633429834,3,10,1.0,0.1323525756597519,0.10000000000368914
548_r4,ja,0.09441222923304433,0.9055877707669556,3,10,0.0,0.19823910295963287,0.6000000000017313
548_r4,zh,0.17668081407362307,0.8233191859263769,3,10,0.0,0.0975080206990242,1.0
548_r5,en,0.32769443991467295,0.672305560085327,3,10,1.0,0.5753214359283447,0.12451124978751298
548_r5,fr,0.015691675707803682,0.9843083242921963,3,10,1.0,0.12822376191616058,0.10000000000368914
548_r5,ja,0.5810317272428057,0.4189682727571943,3,10,0.0,0.41471898555755615,1.0
548_r5,zh,0.3785229817676833,0.6214770182323167,3,10,0.0,0.19480347633361816,0.8000000000008656
54_r1,en,0.2683678177911463,0.7316321822088536,3,10,0.0,0.5354201793670654,0.10000000000368914
54_r1,fr,0.14254974078041097,0.8574502592195891,3,10,0.0,0.11235927045345306,0.6000000000017313
54_r1,ja,0.15296900201945826,0.8470309979805417,3,10,0.0,0.08032601326704025,1.0
54_r1,zh,0.43737196765409336,0.5626280323459066,3,10,0.0,0.25832226872444153,1.0
54_r2,en,0.573155789558845,0.42684421044115495,3,10,0.0,0.7266159057617188,0.5245112497857819
54_r2,fr,0.14578670603177313,0.8542132939682269,3,10,0.0,0.1312303990125656,0.6000000000017313
54_r2,ja,0.2346552516380521,0.7653447483619479,3,10,0.0,0.1116519346833229,1.0
54_r2,zh,0.26933316280196323,0.7306668371980367,3,10,0.0,0.09901101142168045,1.0
54_r3,en,0.6098158835741603,0.3901841164258397,3,10,0.0,0.6970854997634888,0.5245112497857819
54_r3,fr,0.11259952399361323,0.8874004760063867,3,10,0.0,0.2638627886772156,0.3245112497866474
54_r3,ja,0.034433592851677144,0.9655664071483229,3,10,0.0,0.02704823575913906,1.0
54_r3,zh,0.015240202667748906,0.984759797332251,3,10,0.0,0.1177888885140419,0.8000000000008656
54_r4,en,0.5479383973834495,0.4520616026165505,3,10,0.0,0.6170151233673096,0.5245112497857819
54_r4,fr,0.04255680807362044,0.9574431919263796,3,10,0.0,0.2251100242137909,0.40000000000259683
54_r4,ja,0.035493584357436915,0.9645064156425631,3,10,0.0,0.030276261270046234,1.0
54_r4,zh,0.28995390203957044,0.7100460979604295,3,10,0.0,0.15545958280563354,0.8000000000008656
54_r5,en,0.7590584420581945,0.2409415579418055,3,10,0.0,0.7674583792686462,0.8000000000008656
54_r5,fr,0.052568737504790686,0.9474312624952093,3,10,0.0,0.19748613238334656,0.12451124978751298
54_r5,ja,0.617578991690292,0.38242100830970804,3,10,0.0,0.5177969932556152,0.7245112497849162
54_r5,zh,0.03223098587550558,0.9677690141244945,3,10,0.0,0.09873759746551514,0.8000000000008656
550_r1,en,0.3543015861277356,0.6456984138722643,3,10,1.0,0.19807833433151245,0.5000000000019581
550_r1,fr,0.06973390486653805,0.9302660951334619,3,10,0.0,0.03762267529964447,0.5245112497857819
550_r1,ja,0.7370001666074334,0.2629998333925666,3,10,1.0,0.5790126323699951,1.0
550_r1,zh,0.01907905256220692,0.9809209474377931,3,10,1.0,0.01705848053097725,0.7245112497849162
550_r2,en,0.10056839678601795,0.8994316032139821,3,10,1.0,0.1726372092962265,0.6000000000017313
550_r2,fr,0.012026777624405606,0.9879732223755944,3,10,0.0,0.19791702926158905,0.3000000000028235
550_r2,ja,0.5704715678070335,0.42952843219296655,3,10,1.0,0.4159124195575714,1.0
550_r2,zh,0.3632636703055285,0.6367363296944715,3,10,1.0,0.17420221865177155,1.0
550_r3,en,0.38864024176678386,0.6113597582332162,3,10,1.0,0.24141880869865417,0.7245112497849162
550_r3,fr,0.02131606335629974,0.9786839366437002,3,10,0.0,0.04491597041487694,0.3000000000028235
550_r3,ja,0.39287603973037005,0.6071239602696299,3,10,1.0,0.2058507353067398,0.8000000000008656
550_r3,zh,0.2552760769084885,0.7447239230915115,3,10,1.0,0.09560275822877884,1.0
550_r4,en,0.16309893682722867,0.8369010631727714,3,10,1.0,0.17126604914665222,0.10000000000368914
550_r4,fr,0.01957675025815554,0.9804232497418445,3,10,0.0,0.08205316215753555,0.12451124978751298
550_r4,ja,0.3261620859198761,0.6738379140801238,3,10,1.0,0.26593977212905884,0.8000000000008656
550_r4,zh,0.2816616307119436,0.7183383692880564,3,10,1.0,0.1173338070511818,1.0
550_r5,en,0.016833596164245342,0.9831664038357547,3,10,1.0,0.12622086703777313,0.12451124978751298
550_r5,fr,0.06360251279873089,0.9363974872012691,3,10,0.0,0.06199932098388672,0.3000000000028235
550_r5,ja,0.6010032017459951,0.3989967982540049,3,10,1.0,0.4118978679180145,0.7245112497849162
550_r5,zh,0.053491912439517175,0.9465080875604828,3,10,1.0,0.03641548380255699,1.0
563_r1,en,0.006083725957643277,0.9939162740423567,3,10,0.0,0.11281625181436539,0.12451124978751298
563_r1,fr,0.16145153637288315,0.8385484636271169,3,10,0.0,0.12249601632356644,0.10000000000368914
563_r1,ja,0.49338087215277115,0.5066191278472288,3,10,0.0,0.3349536061286926,1.0
563_r1,zh,0.3026846031359317,0.6973153968640683,3,10,0.0,0.18043237924575806,0.8000000000008656
563_r2,en,0.0056362515462773195,0.9943637484537227,3,10,0.0,0.007344615645706654,0.10000000000368914
563_r2,fr,0.09175557159851544,0.9082444284014846,3,10,0.0,0.10633528232574463,0.40000000000259683
563_r2,ja,0.4809457506698571,0.5190542493301429,3,10,0.0,0.3581257462501526,0.7245112497849162
563_r2,zh,0.21858603098400783,0.7814139690159921,3,10,0.0,0.13737106323242188,0.7245112497849162
563_r3,en,0.2977075088017896,0.7022924911982105,3,10,0.0,0.4418562948703766,0.32451124978664747
563_r3,fr,0.036036688573988014,0.963963311426012,3,10,0.0,0.15643763542175293,0.10000000000368914
563_r3,ja,0.4883591236070444,0.5116408763929556,3,10,0.0,0.3653121888637543,0.7000000000010924
563_r3,zh,0.11198058693948482,0.8880194130605152,3,10,0.0,0.09411994367837906,1.0
563_r4,en,0.011500565393095455,0.9884994346069046,3,10,0.0,0.010713720694184303,0.5245112497857818
563_r4,fr,0.004339111190901477,0.9956608888090985,3,10,0.0,0.007092870771884918,0.12451124978751298
563_r4,ja,0.594200403818715,0.405799596181285,3,10,0.0,0.521913468837738,0.7245112497849162
563_r4,zh,0.10642254882467532,0.8935774511753247,3,10,0.0,0.08030278235673904,0.8000000000008656
563_r5,en,0.011467755709169969,0.98853224429083,3,10,0.0,0.010186378844082355,0.5245112497857819
563_r5,fr,0.06580907984113894,0.9341909201588611,3,10,0.0,0.042269349098205566,0.8000000000008656
563_r5,ja,0.09004299999166722,0.9099570000083328,3,10,0.0,0.08698038011789322,0.8000000000008656
563_r5,zh,0.09083902070169064,0.9091609792983093,3,10,0.0,0.06344876438379288,1.0
564_r1,en,0.4429954186098178,0.5570045813901823,3,10,0.0,0.5676714181900024,0.3245112497866474
564_r1,fr,0.647295518685791,0.35270448131420895,3,10,1.0,0.7272077202796936,0.5245112497857818
564_r1,ja,0.45464934468472384,0.5453506553152762,3,10,1.0,0.29694345593452454,1.0
564_r1,zh,0.18073337670014503,0.819266623299855,3,10,1.0,0.11012175679206848,0.8000000000008656
564_r2,en,0.7102172655363274,0.28978273446367264,3,10,0.0,0.6052917838096619,0.8000000000008656
564_r2,fr,0.4814084513420195,0.5185915486579805,3,10,1.0,0.5262551307678223,0.3245112497866474
564_r2,ja,0.5386123147822737,0.46138768521772633,3,10,1.0,0.438069611787796,1.0
564_r2,zh,0.49366976489924475,0.5063302351007553,3,10,1.0,0.28788700699806213,0.8000000000008656
564_r3,en,0.0983756531262742,0.9016243468737258,3,10,0.0,0.6391233205795288,0.12451124978751298
564_r3,fr,0.4577781757789383,0.5422218242210617,3,10,1.0,0.43806779384613037,0.3245112497866474
564_r3,ja,0.5108782235027232,0.48912177649727684,3,10,1.0,0.3885910212993622,1.0
564_r3,zh,0.344821995672969,0.655178004327031,3,10,1.0,0.258264422416687,0.7245112497849162
564_r4,en,0.7508119825370722,0.24918801746292785,3,10,0.0,0.7162782549858093,1.0
564_r4,fr,0.11608922006105604,0.883910779938944,3,10,1.0,0.6796649694442749,0.12451124978751298
564_r4,ja,0.3456442791135772,0.6543557208864228,3,10,1.0,0.18546342849731445,1.0
564_r4,zh,0.24897645000351643,0.7510235499964836,3,10,1.0,0.14374804496765137,0.8000000000008656
564_r5,en,0.6181480580313758,0.38185194196862415,3,10,0.0,0.765689492225647,0.5245112497857819
564_r5,fr,0.5212938236421266,0.4787061763578734,3,10,1.0,0.725776731967926,0.3245112497866474
564_r5,ja,0.44374425876451723,0.5562557412354827,3,10,1.0,0.25562331080436707,1.0
564_r5,zh,0.6718819911831692,0.32811800881683084,3,10,1.0,0.5314313769340515,1.0
567_r1,en,0.7541838792468225,0.2458161207531775,3,10,1.0,0.7410795092582703,0.8000000000008656
567_r1,fr,0.07448937791071647,0.9255106220892835,3,10,1.0,0.2702348530292511,0.3245112497866474
567_r1,ja,0.6679522720667767,0.33204772793322335,3,10,1.0,0.5261170864105225,1.0
567_r1,zh,0.07200845901599814,0.9279915409840018,3,10,1.0,0.03939845785498619,1.0
567_r2,en,0.18228889747865915,0.8177111025213408,3,10,1.0,0.19701972603797913,0.6000000000017313
567_r2,fr,0.24487423975141076,0.7551257602485892,3,10,1.0,0.21346040070056915,1.0
567_r2,ja,0.6787745584548185,0.3212254415451815,3,10,1.0,0.6801325678825378,0.7245112497849162
567_r2,zh,0.2689051238295272,0.7310948761704728,3,10,1.0,0.12271197140216827,1.0
567_r3,en,0.28505276910051347,0.7149472308994865,3,10,1.0,0.5222132205963135,0.10000000000368914
567_r3,fr,0.36066207148850576,0.6393379285114942,3,10,1.0,0.3535355031490326,0.5000000000019581
567_r3,ja,0.610344836532157,0.389655163467843,3,10,1.0,0.4904441833496094,0.5245112497857819
567_r3,zh,0.38896631374025814,0.6110336862597419,3,10,1.0,0.21759575605392456,1.0
567_r4,en,0.2855129920790633,0.7144870079209367,3,10,1.0,0.2753783166408539,0.30000000000282356
567_r4,fr,0.01308140681963986,0.9869185931803601,3,10,1.0,0.0439554862678051,0.40000000000259683
567_r4,ja,0.6838546406754974,0.3161453593245026,3,10,1.0,0.5443427562713623,1.0
567_r4,zh,0.3304198536778431,0.6695801463221569,3,10,1.0,0.17694850265979767,1.0
567_r5,en,0.493725976856651,0.506274023143349,3,10,1.0,0.37587928771972656,0.3000000000028235
567_r5,fr,0.129212834730099,0.870787165269901,3,10,1.0,0.5447958707809448,0.12451124978751298
567_r5,ja,0.4616768286085466,0.5383231713914534,3,10,1.0,0.460665225982666,0.7245112497849162
567_r5,zh,0.1214332385542856,0.8785667614457144,3,10,1.0,0.05274391919374466,0.7245112497849162
569_r1,en,0.0822929499214371,0.9177070500785629,3,10,0.0,0.3051004111766815,0.12451124978751298
569_r1,fr,0.6643384007558304,0.3356615992441696,3,10,0.0,0.5365068316459656,0.8000000000008656
569_r1,ja,0.3292885208969489,0.6707114791030511,3,10,0.0,0.4661486744880676,0.32451124978664747
569_r1,zh,0.056979615801163314,0.9430203841988367,3,10,0.0,0.08190106600522995,0.3245112497866474
569_r2,en,0.29117612575699253,0.7088238742430075,3,10,0.0,0.40495961904525757,0.12451124978751298
569_r2,fr,0.6731312382287383,0.3268687617712617,3,10,0.0,0.6958348751068115,0.7245112497849162
569_r2,ja,0.44129514276008813,0.5587048572399118,3,10,0.0,0.5265834927558899,0.3245112497866474
569_r2,zh,0.23190651444909105,0.768093485550909,3,10,0.0,0.25514018535614014,0.32451124978664747
569_r3,en,0.44787115537106476,0.5521288446289352,3,10,0.0,0.626835286617279,0.3245112497866474
569_r3,fr,0.05136396493888829,0.9486360350611117,3,10,0.0,0.09429912269115448,0.12451124978751298
569_r3,ja,0.6789878211581621,0.32101217884183786,3,10,0.0,0.532078206539154,0.7245112497849162
569_r3,zh,0.029725979823060578,0.9702740201769394,3,10,0.0,0.16335701942443848,0.12451124978751298
569_r4,en,0.20935002528397934,0.7906499747160207,3,10,0.0,0.35498902201652527,0.3000000000028235
569_r4,fr,0.006633387852689331,0.9933666121473107,3,10,0.0,0.04384976252913475,0.10000000000368914
569_r4,ja,0.6678097484399366,0.33219025156006343,3,10,0.0,0.672144889831543,0.6000000000017313
569_r4,zh,0.027973823488517742,0.9720261765114823,3,10,0.0,0.19359436631202698,0.5000000000019581
569_r5,en,0.009439294834471606,0.9905607051655284,3,10,0.0,0.24974127113819122,0.10000000000368914
569_r5,fr,0.3606128218866938,0.6393871781133063,3,10,0.0,0.4004316031932831,0.30000000000282356
569_r5,ja,0.5928328977029542,0.4071671022970458,3,10,0.0,0.5953801870346069,0.5000000000019581
569_r5,zh,0.0008266639618934161,0.9991733360381065,3,10,0.0,0.19233468174934387,0.10000000000368914
574_r1,en,0.4416011030415536,0.5583988969584464,3,10,1.0,0.43708544969558716,0.3000000000028235
574_r1,fr,0.9474472403353325,0.05255275966466755,3,10,1.0,0.9474471211433411,1.0
574_r1,ja,0.6403133660245479,0.3596866339754521,3,10,1.0,0.7995685935020447,0.5245112497857819
574_r1,zh,0.5286618465198449,0.47133815348015506,3,10,1.0,0.3410049378871918,1.0
574_r2,en,0.6329702781065665,0.3670297218934335,3,10,1.0,0.6473246216773987,0.7245112497849162
574_r2,fr,0.8474226804180239,0.15257731958197607,3,10,1.0,0.8733351230621338,0.8000000000008656
574_r2,ja,0.8428653496911026,0.1571346503088974,3,10,1.0,0.8018134832382202,1.0
574_r2,zh,0.4321811969671262,0.5678188030328738,3,10,1.0,0.22538191080093384,1.0
574_r3,en,0.46892128026939206,0.5310787197306079,3,10,1.0,0.5871478319168091,0.3245112497866474
574_r3,fr,0.847422787042043,0.152577212957957,3,10,1.0,0.8540289402008057,0.8000000000008656
574_r3,ja,0.6123800247129288,0.38761997528707115,3,10,1.0,0.7043182849884033,0.7245112497849162
574_r3,zh,0.3385711893252231,0.6614288106747769,3,10,1.0,0.197047159075737,0.7245112497849162
574_r4,en,0.579365352623826,0.42063464737617395,3,10,1.0,0.6507856845855713,0.5245112497857819
574_r4,fr,0.8018905415782933,0.19810945842170669,3,10,1.0,0.8530738949775696,0.7245112497849162
574_r4,ja,0.842857686344358,0.15714231365564202,3,10,1.0,0.801504373550415,1.0
574_r4,zh,0.49471622542056704,0.505283774579433,3,10,1.0,0.30565130710601807,1.0
574_r5,en,0.5099170314307556,0.4900829685692444,3,10,1.0,0.49091416597366333,0.40000000000259683
574_r5,fr,0.847422787042043,0.152577212957957,3,10,1.0,0.8540289402008057,0.8000000000008656
574_r5,ja,0.8478532954877331,0.15214670451226686,3,10,1.0,0.8287102580070496,1.0
574_r5,zh,0.44785764114669585,0.5521423588533041,3,10,1.0,0.29321160912513733,0.8000000000008656
577_r1,en,0.3964378842816625,0.6035621157183375,3,10,1.0,0.42606931924819946,0.5245112497857819
577_r1,fr,0.7188850374993752,0.28111496250062484,3,10,1.0,0.6787921786308289,0.8000000000008656
577_r1,ja,0.5145690265302867,0.4854309734697133,3,10,0.0,0.510194718837738,0.6000000000017313
577_r1,zh,0.2696238096264546,0.7303761903735454,3,10,1.0,0.20452991127967834,0.8000000000008656
577_r2,en,0.4841708161383141,0.515829183861686,3,10,1.0,0.4660581648349762,0.8000000000008656
577_r2,fr,0.6368313180771447,0.36316868192285534,3,10,1.0,0.6409888863563538,0.8000000000008656
577_r2,ja,0.15124080878388735,0.8487591912161127,3,10,0.0,0.292989581823349,0.3245112497866474
577_r2,zh,0.3025138190201566,0.6974861809798434,3,10,1.0,0.16842293739318848,1.0
577_r3,en,0.5282539357990803,0.4717460642009197,3,10,1.0,0.5078140497207642,0.7245112497849162
577_r3,fr,0.24977860345634084,0.7502213965436592,3,10,1.0,0.6804847717285156,0.12451124978751298
577_r3,ja,0.41832264178885814,0.5816773582111419,3,10,0.0,0.30982038378715515,0.40000000000259683
577_r3,zh,0.5522034812642008,0.4477965187357992,3,10,1.0,0.3757595717906952,1.0
577_r4,en,0.5332203682895065,0.4667796317104935,3,10,1.0,0.5669979453086853,0.7245112497849162
577_r4,fr,0.602119190395114,0.39788080960488603,3,10,1.0,0.5900878310203552,0.8000000000008656
577_r4,ja,0.5130316211522119,0.4869683788477881,3,10,0.0,0.29875117540359497,0.6000000000017313
577_r4,zh,0.07995278232880365,0.9200472176711963,3,10,1.0,0.05942273885011673,1.0
577_r5,en,0.6820370362902894,0.31796296370971056,3,10,1.0,0.6448389291763306,1.0
577_r5,fr,0.7163237672175379,0.2836762327824621,3,10,1.0,0.7162123918533325,1.0
577_r5,ja,0.3085565846726424,0.6914434153273576,3,10,0.0,0.20036980509757996,0.6000000000017313
577_r5,zh,0.2823174620468916,0.7176825379531084,3,10,1.0,0.22135883569717407,0.7245112497849162
578_r1,en,0.773843336825894,0.226156663174106,3,10,0.0,0.8252620697021484,0.7245112497849162
578_r1,fr,0.011556861022596166,0.9884431389774039,3,10,0.0,0.11700751632452011,0.12451124978751298
578_r1,ja,0.6923783185110884,0.30762168148891156,3,10,0.0,0.6491187810897827,0.8000000000008656
578_r1,zh,0.31800693266150587,0.6819930673384942,3,10,1.0,0.15722166001796722,1.0
578_r2,en,0.6902314031906155,0.3097685968093845,3,10,0.0,0.7190921902656555,0.6000000000017313
578_r2,fr,0.013644643087070824,0.9863553569129292,3,10,0.0,0.12617717683315277,0.40000000000259683
578_r2,ja,0.3126138925000396,0.6873861074999603,3,10,0.0,0.35808148980140686,0.7245112497849162
578_r2,zh,0.3363584299124396,0.6636415700875604,3,10,1.0,0.18541574478149414,1.0
578_r3,en,0.6569915304907747,0.34300846950922526,3,10,0.0,0.7323594689369202,0.5245112497857818
578_r3,fr,0.0167112066366642,0.9832887933633359,3,10,0.0,0.11761348694562912,0.6000000000017313
578_r3,ja,0.7316397504486666,0.2683602495513334,3,10,0.0,0.6143692135810852,1.0
578_r3,zh,0.45842216229989036,0.5415778377001097,3,10,1.0,0.25676071643829346,1.0
578_r4,en,0.8673942694348914,0.1326057305651086,3,10,0.0,0.8240082263946533,1.0
578_r4,fr,0.4330413455158509,0.5669586544841492,3,10,0.0,0.29829666018486023,0.5000000000019581
578_r4,ja,0.4947508097754482,0.5052491902245517,3,10,0.0,0.3111819624900818,1.0
578_r4,zh,0.08020668253002765,0.9197933174699724,3,10,1.0,0.0468195304274559,0.8000000000008656
578_r5,en,0.7117134863844419,0.2882865136155581,3,10,0.0,0.5728552341461182,0.8000000000008656
578_r5,fr,0.012377681431540615,0.9876223185684594,3,10,0.0,0.12186238914728165,0.12451124978751298
578_r5,ja,0.561713436613543,0.438286563386457,3,10,0.0,0.4517419934272766,0.8000000000008656
578_r5,zh,0.43849367165772524,0.5615063283422748,3,10,1.0,0.26036402583122253,0.8000000000008656
580_r1,en,0.2097810645221626,0.7902189354778374,3,10,0.0,0.24269603192806244,0.3000000000028235
580_r1,fr,0.29041713794458346,0.7095828620554165,3,10,1.0,0.33588820695877075,0.3000000000028235
580_r1,ja,0.4309859559375052,0.5690140440624948,3,10,0.0,0.3398592174053192,0.3245112497866474
580_r1,zh,0.24025670374778893,0.759743296252211,3,10,1.0,0.07069338113069534,1.0
580_r2,en,0.2377799824556702,0.7622200175443298,3,10,0.0,0.18253089487552643,0.5000000000019581
580_r2,fr,0.5608938140295876,0.4391061859704124,3,10,1.0,0.5795032978057861,0.5245112497857818
580_r2,ja,0.6232980186156346,0.3767019813843654,3,10,0.0,0.48953792452812195,0.8000000000008656
580_r2,zh,0.2342201450977818,0.7657798549022182,3,10,1.0,0.09799595177173615,0.8000000000008656
580_r3,en,0.24112747359997927,0.7588725264000207,3,10,0.0,0.15711688995361328,0.40000000000259683
580_r3,fr,0.26469749525528774,0.7353025047447123,3,10,1.0,0.4111398160457611,0.12451124978751298
580_r3,ja,0.6876177489996621,0.3123822510003379,3,10,0.0,0.5382335782051086,1.0
580_r3,zh,0.04568534552983573,0.9543146544701643,3,10,1.0,0.045817334204912186,0.7245112497849162
580_r4,en,0.3515150393476851,0.6484849606523149,3,10,0.0,0.3919436037540436,0.30000000000282356
580_r4,fr,0.7744800548674284,0.22551994513257156,3,10,1.0,0.6394437551498413,1.0
580_r4,ja,0.5634432056214334,0.43655679437856665,3,10,0.0,0.42386701703071594,0.7245112497849162
580_r4,zh,0.1674225094094751,0.8325774905905249,3,10,1.0,0.03463347256183624,0.8000000000008656
580_r5,en,0.11888741496342294,0.8811125850365771,3,10,0.0,0.19797424972057343,0.10000000000368914
580_r5,fr,0.6925389846988256,0.3074610153011744,3,10,1.0,0.5790694952011108,0.8000000000008656
580_r5,ja,0.5394529064898163,0.46054709351018375,3,10,0.0,0.35614776611328125,0.7245112497849162
580_r5,zh,0.0477126157170364,0.9522873842829636,3,10,1.0,0.05290956050157547,0.6000000000017313
585_r1,en,0.3466249530906165,0.6533750469093835,3,10,1.0,0.3150254487991333,0.7245112497849162
585_r1,fr,0.013863639029481335,0.9861363609705187,3,10,0.0,0.09865752607584,0.10000000000368914
585_r1,ja,0.3352078917894297,0.6647921082105703,3,10,0.0,0.2438216656446457,1.0
585_r1,zh,0.06803699660923225,0.9319630033907678,3,10,0.0,0.04229402169585228,1.0
585_r2,en,0.24962987221319646,0.7503701277868036,3,10,1.0,0.32746627926826477,0.10000000000368914
585_r2,fr,0.02779513259484054,0.9722048674051594,3,10,0.0,0.13563108444213867,0.3000000000028235
585_r2,ja,0.21812062948943944,0.7818793705105606,3,10,0.0,0.1986827254295349,1.0
585_r2,zh,0.11527325130053054,0.8847267486994694,3,10,0.0,0.049756214022636414,1.0
585_r3,en,0.21332459023340408,0.7866754097665959,3,10,1.0,0.2558184862136841,0.5000000000019581
585_r3,fr,0.027679063029429997,0.97232093697057,3,10,0.0,0.038094475865364075,0.5245112497857818
585_r3,ja,0.28046719643345835,0.7195328035665416,3,10,0.0,0.2572793662548065,1.0
585_r3,zh,0.05668277827096959,0.9433172217290304,3,10,0.0,0.043269697576761246,0.8000000000008656
585_r4,en,0.1759693457954131,0.8240306542045869,3,10,1.0,0.13498972356319427,0.3000000000028235
585_r4,fr,0.0019887200692168205,0.9980112799307832,3,10,0.0,0.10050033777952194,0.10000000000368914
585_r4,ja,0.19672513668956132,0.8032748633104387,3,10,0.0,0.16600067913532257,0.8000000000008656
585_r4,zh,0.16662854656206794,0.8333714534379321,3,10,0.0,0.09857301414012909,1.0
585_r5,en,0.43236718701757193,0.5676328129824281,3,10,1.0,0.5107229948043823,0.3245112497866474
585_r5,fr,0.022029755337804203,0.9779702446621958,3,10,0.0,0.031081171706318855,0.3000000000028235
585_r5,ja,0.2290965632725296,0.7709034367274704,3,10,0.0,0.22744083404541016,1.0
585_r5,zh,0.1252977781090446,0.8747022218909554,3,10,0.0,0.0592094324529171,1.0
587_r1,en,0.4285726248596646,0.5714273751403354,3,10,1.0,0.6367103457450867,0.32451124978664747
587_r1,fr,0.001521692905295768,0.9984783070947042,3,10,1.0,0.0037692261394113302,0.8000000000008656
587_r1,ja,0.533427224399095,0.46657277560090504,3,10,0.0,0.4083731770515442,1.0
587_r1,zh,0.4625566825611579,0.5374433174388421,3,10,0.0,0.31372150778770447,1.0
587_r2,en,0.7157768402655755,0.28422315973442447,3,10,1.0,0.7760422825813293,0.7245112497849162
587_r2,fr,0.25523640256382885,0.7447635974361712,3,10,1.0,0.28840935230255127,0.3000000000028235
587_r2,ja,0.07524059365848053,0.9247594063415194,3,10,0.0,0.12436986714601517,0.5245112497857819
587_r2,zh,0.03475304083650547,0.9652469591634946,3,10,0.0,0.015395697206258774,1.0
587_r3,en,0.14159765137558128,0.8584023486244188,3,10,1.0,0.5200344920158386,0.12451124978751298
587_r3,fr,0.6093067866834045,0.39069321331659546,3,10,1.0,0.7462562918663025,0.40000000000259683
587_r3,ja,0.19413481883570166,0.8058651811642983,3,10,0.0,0.10967957228422165,0.7245112497849162
587_r3,zh,0.3074957285045737,0.6925042714954264,3,10,0.0,0.17005133628845215,1.0
587_r4,en,0.00021126816787889503,0.9997887318321211,3,10,1.0,0.3865833878517151,0.10000000000368914
587_r4,fr,0.6614067907264116,0.3385932092735884,3,10,1.0,0.6632498502731323,0.5245112497857818
587_r4,ja,0.5177378101426275,0.48226218985737246,3,10,0.0,0.37341582775115967,1.0
587_r4,zh,0.27799080315762287,0.7220091968423772,3,10,0.0,0.11463096737861633,1.0
587_r5,en,0.8118396118330496,0.18816038816695035,3,10,1.0,0.7851473689079285,1.0
587_r5,fr,0.3145796097142488,0.6854203902857512,3,10,1.0,0.42883947491645813,0.5000000000019581
587_r5,ja,0.40653174033188955,0.5934682596681105,3,10,0.0,0.27821043133735657,1.0
587_r5,zh,0.2624101294006277,0.7375898705993723,3,10,0.0,0.08806297183036804,0.8000000000008656
594_r1,en,0.6419495380767267,0.3580504619232733,3,10,0.0,0.6215049028396606,0.8000000000008656
594_r1,fr,0.004377310330211789,0.9956226896697882,3,10,0.0,0.1181384027004242,0.10000000000368914
594_r1,ja,0.06712700160363232,0.9328729983963677,3,10,0.0,0.04817771911621094,1.0
594_r1,zh,0.5083644644756201,0.4916355355243799,3,10,0.0,0.298135906457901,1.0
594_r2,en,0.22696353002114286,0.7730364699788571,3,10,0.0,0.26327264308929443,0.10000000000368914
594_r2,fr,0.0043773103295180376,0.995622689670482,3,10,0.0,0.10318062454462051,0.10000000000368914
594_r2,ja,0.08360732935656762,0.9163926706434324,3,10,0.0,0.08641037344932556,0.8000000000008656
594_r2,zh,0.415615373866496,0.584384626133504,3,10,0.0,0.2153346985578537,0.8000000000008656
594_r3,en,0.32233859356268874,0.6776614064373112,3,10,0.0,0.30667027831077576,0.3000000000028235
594_r3,fr,0.004926882053328958,0.9950731179466711,3,10,0.0,0.10560842603445053,0.12451124978751298
594_r3,ja,0.7677289561373704,0.23227104386262964,3,10,0.0,0.6759487390518188,1.0
594_r3,zh,0.5893155596202896,0.4106844403797104,3,10,0.0,0.40894871950149536,1.0
594_r4,en,0.7177222967016789,0.28227770329832114,3,10,0.0,0.7177221775054932,1.0
594_r4,fr,0.0043773103295186985,0.9956226896704813,3,10,0.0,0.10318288952112198,0.10000000000368914
594_r4,ja,0.5886358256663371,0.4113641743336629,3,10,0.0,0.48711177706718445,0.6000000000017313
594_r4,zh,0.609460163538425,0.390539836461575,3,10,0.0,0.42073389887809753,1.0
594_r5,en,0.6419493781407956,0.35805062185920444,3,10,0.0,0.6507770419120789,0.8000000000008656
594_r5,fr,0.008301807743090557,0.9916981922569095,3,10,0.0,0.01025662012398243,0.5245112497857819
594_r5,ja,0.6504987052147847,0.3495012947852153,3,10,0.0,0.5010340213775635,1.0
594_r5,zh,0.513517228027734,0.48648277197226597,3,10,0.0,0.32541367411613464,1.0
598_r1,en,0.7634503245214312,0.23654967547856875,3,10,1.0,0.7634503841400146,1.0
598_r1,fr,0.038284013814756476,0.9617159861852436,3,10,1.0,0.29750287532806396,0.10000000000368914
598_r1,ja,0.6685169028297439,0.33148309717025615,3,10,1.0,0.5143913626670837,1.0
598_r1,zh,0.210529083528933,0.789470916471067,3,10,1.0,0.087400883436203,0.5245112497857819
598_r2,en,0.5481446478960779,0.45185535210392214,3,10,1.0,0.6076047420501709,0.5245112497857819
598_r2,fr,0.45978924664459947,0.5402107533554006,3,10,1.0,0.49322405457496643,0.5000000000019581
598_r2,ja,0.6949892488798148,0.30501075112018516,3,10,1.0,0.5545766949653625,1.0
598_r2,zh,0.23451629082995512,0.7654837091700448,3,10,1.0,0.08293204009532928,1.0
598_r3,en,0.5862837794832966,0.4137162205167034,3,10,1.0,0.607250988483429,0.6000000000017313
598_r3,fr,0.20454127318830362,0.7954587268116964,3,10,1.0,0.2481081336736679,0.6000000000017313
598_r3,ja,0.636881799036512,0.363118200963488,3,10,1.0,0.5014054775238037,1.0
598_r3,zh,0.2390552766658855,0.7609447233341144,3,10,1.0,0.09214016050100327,0.7245112497849162
598_r4,en,0.4293957472583336,0.5706042527416664,3,10,1.0,0.5370543003082275,0.3245112497866474
598_r4,fr,0.16700712765367529,0.8329928723463247,3,10,1.0,0.24780158698558807,0.40000000000259683
598_r4,ja,0.4965421363161417,0.5034578636838583,3,10,1.0,0.38682442903518677,0.8000000000008656
598_r4,zh,0.3377439358818526,0.6622560641181474,3,10,1.0,0.15631103515625,0.8000000000008656
598_r5,en,0.595287234927552,0.404712765072448,3,10,1.0,0.5329976677894592,0.7000000000010924
598_r5,fr,0.3720466574653652,0.6279533425346349,3,10,1.0,0.44937145709991455,0.3245112497866474
598_r5,ja,0.3214872521113863,0.6785127478886137,3,10,1.0,0.31131649017333984,0.3245112497866474
598_r5,zh,0.27784244547849796,0.722157554521502,3,10,1.0,0.10781070590019226,0.8000000000008656
59_r1,en,0.6935263678046354,0.3064736321953646,3,10,1.0,0.6498774886131287,0.8000000000008656
59_r1,fr,0.43079993142217715,0.5692000685778229,3,10,1.0,0.5051819086074829,0.3245112497866474
59_r1,ja,0.6267350343935748,0.3732649656064252,3,10,1.0,0.5479053854942322,0.7245112497849162
59_r1,zh,0.4686227798431453,0.5313772201568547,3,10,1.0,0.29288116097450256,1.0
59_r2,en,0.6294979318046575,0.3705020681953425,3,10,1.0,0.6236671209335327,0.6000000000017313
59_r2,fr,0.542208756758625,0.457791243241375,3,10,1.0,0.4905955195426941,0.6000000000017313
59_r2,ja,0.7310537007394597,0.26894629926054026,3,10,1.0,0.6629292368888855,0.7245112497849162
59_r2,zh,0.3299183143349794,0.6700816856650206,3,10,1.0,0.1652296632528305,1.0
59_r3,en,0.6965929915526702,0.3034070084473298,3,10,1.0,0.6576404571533203,0.7000000000010924
59_r3,fr,0.7644764914741972,0.23552350852580284,3,10,1.0,0.665522038936615,1.0
59_r3,ja,0.7834562638073945,0.21654373619260547,3,10,1.0,0.7195821404457092,1.0
59_r3,zh,0.5262368410932238,0.4737631589067762,3,10,1.0,0.3680656850337982,1.0
59_r4,en,0.7962582866340918,0.20374171336590818,3,10,1.0,0.8282507658004761,0.8000000000008656
59_r4,fr,0.48660382085287107,0.5133961791471289,3,10,1.0,0.4729347229003906,0.6000000000017313
59_r4,ja,0.7808593243504114,0.2191406756495886,3,10,1.0,0.7615357041358948,0.8000000000008656
59_r4,zh,0.4403069156010236,0.5596930843989765,3,10,1.0,0.24976126849651337,0.8000000000008656
59_r5,en,0.6935184196437021,0.3064815803562979,3,10,1.0,0.6614301204681396,0.8000000000008656
59_r5,fr,0.6409953483385207,0.3590046516614793,3,10,1.0,0.5632122755050659,0.8000000000008656
59_r5,ja,0.5631536227951738,0.4368463772048262,3,10,1.0,0.41341665387153625,1.0
59_r5,zh,0.2494795608858744,0.7505204391141256,3,10,1.0,0.08702361583709717,1.0
602_r1,en,0.27821284134762964,0.7217871586523703,3,10,0.0,0.4155868887901306,0.10000000000368914
602_r1,fr,0.009433449100122376,0.9905665508998777,3,10,0.0,0.13146580755710602,0.12451124978751298
602_r1,ja,0.12825200565496372,0.8717479943450362,3,10,1.0,0.10181859135627747,1.0
602_r1,zh,0.2879605652919553,0.7120394347080448,3,10,1.0,0.11994016170501709,0.7245112497849162
602_r2,en,0.41482431259029534,0.5851756874097047,3,10,0.0,0.48958179354667664,0.3245112497866474
602_r2,fr,0.022579504137693943,0.9774204958623061,3,10,0.0,0.11573391407728195,0.10000000000368914
602_r2,ja,0.20538711427493286,0.7946128857250672,3,10,1.0,0.1988798975944519,0.8000000000008656
602_r2,zh,0.05036475206220864,0.9496352479377914,3,10,1.0,0.03724459931254387,1.0
602_r3,en,0.4973799932487316,0.5026200067512684,3,10,0.0,0.5797655582427979,0.5245112497857819
602_r3,fr,0.30443234135447106,0.6955676586455289,3,10,0.0,0.223700612783432,0.10000000000368914
602_r3,ja,0.10127812910906255,0.8987218708909375,3,10,1.0,0.06911248713731766,1.0
602_r3,zh,0.2925332892928741,0.707466710707126,3,10,1.0,0.1254185140132904,1.0
602_r4,en,0.6221035419588479,0.37789645804115213,3,10,0.0,0.5204291343688965,0.5000000000019581
602_r4,fr,0.006455334755491997,0.993544665244508,3,10,0.0,0.199625164270401,0.10000000000368914
602_r4,ja,0.03761442673071781,0.9623855732692822,3,10,1.0,0.06437138468027115,0.5245112497857818
602_r4,zh,0.03224997597625106,0.967750024023749,3,10,1.0,0.021983569487929344,1.0
602_r5,en,0.48187933152520734,0.5181206684747927,3,10,0.0,0.4998232126235962,0.3000000000028235
602_r5,fr,0.002650489351293801,0.9973495106487063,3,10,0.0,0.21572765707969666,0.10000000000368914
602_r5,ja,0.6288871665562096,0.3711128334437904,3,10,1.0,0.580849826335907,0.8000000000008656
602_r5,zh,0.06803083540643597,0.931969164593564,3,10,1.0,0.05013309791684151,1.0
605_r1,en,0.594681702117151,0.405318297882849,3,10,1.0,0.653195321559906,0.5245112497857818
605_r1,fr,0.006192985825819371,0.9938070141741806,3,10,1.0,0.285227507352829,0.10000000000368914
605_r1,ja,0.5068881997435158,0.49311180025648416,3,10,0.0,0.29779496788978577,1.0
605_r1,zh,0.22212892385465047,0.7778710761453496,3,10,0.0,0.09222519397735596,1.0
605_r2,en,0.4371448193557974,0.5628551806442026,3,10,1.0,0.6900908946990967,0.3245112497866474
605_r2,fr,0.5233893829134003,0.4766106170865997,3,10,1.0,0.6818651556968689,0.3245112497866474
605_r2,ja,0.0020203192526643643,0.9979796807473357,3,10,0.0,0.0016289115883409977,1.0
605_r2,zh,0.28396126428334034,0.7160387357166597,3,10,0.0,0.13855701684951782,1.0
605_r3,en,0.5956636882031568,0.40433631179684315,3,10,1.0,0.6605440974235535,0.5245112497857818
605_r3,fr,0.5901416732220094,0.4098583267779906,3,10,1.0,0.5496938228607178,0.5245112497857819
605_r3,ja,0.004227279057548297,0.9957727209424517,3,10,0.0,0.0062554641626775265,0.6000000000017313
605_r3,zh,0.04076420513553878,0.9592357948644612,3,10,0.0,0.024487346410751343,1.0
605_r4,en,0.9212173819373741,0.07878261806262588,3,10,1.0,0.9212172627449036,1.0
605_r4,fr,0.5095616051290468,0.4904383948709532,3,10,1.0,0.5045523047447205,0.3000000000028235
605_r4,ja,0.5077657197033629,0.4922342802966371,3,10,0.0,0.31952306628227234,0.7245112497849162
605_r4,zh,0.26470925509545595,0.735290744904544,3,10,0.0,0.10877227038145065,0.6000000000017313
605_r5,en,0.7708057417453534,0.22919425825464657,3,10,1.0,0.743172824382782,0.8000000000008656
605_r5,fr,0.7212184760735959,0.2787815239264041,3,10,1.0,0.5766296982765198,1.0
605_r5,ja,0.007196218190086605,0.9928037818099134,3,10,0.0,0.0064817192032933235,0.8000000000008656
605_r5,zh,0.23432663404804766,0.7656733659519523,3,10,0.0,0.08547462522983551,0.8000000000008656
607_r1,en,0.0007395457895468287,0.9992604542104532,3,10,1.0,0.26401031017303467,0.10000000000368914
607_r1,fr,0.024484292424768166,0.9755157075752319,3,10,1.0,0.14448653161525726,0.10000000000368914
607_r1,ja,0.6171242943452245,0.38287570565477547,3,10,0.0,0.5694455504417419,0.8000000000008656
607_r1,zh,0.274618972318852,0.725381027681148,3,10,1.0,0.09777522832155228,0.7245112497849162
607_r2,en,0.37936598092820795,0.620634019071792,3,10,1.0,0.3754597306251526,0.3000000000028235
607_r2,fr,0.09896368680932675,0.9010363131906732,3,10,1.0,0.3026024103164673,0.10000000000368914
607_r2,ja,0.6030672468379666,0.39693275316203336,3,10,0.0,0.5191125273704529,1.0
607_r2,zh,0.4805729524237254,0.5194270475762746,3,10,1.0,0.28318461775779724,1.0
607_r3,en,0.1045309149630677,0.8954690850369323,3,10,1.0,0.3443504273891449,0.12451124978751298
607_r3,fr,0.07435218389215259,0.9256478161078474,3,10,1.0,0.21411989629268646,0.12451124978751298
607_r3,ja,0.609140744388607,0.390859255611393,3,10,0.0,0.4348149001598358,1.0
607_r3,zh,0.6097624051909578,0.3902375948090422,3,10,1.0,0.43405765295028687,1.0
607_r4,en,0.00035421086607824806,0.9996457891339218,3,10,1.0,0.09100855141878128,0.10000000000368914
607_r4,fr,0.1436191160924737,0.8563808839075263,3,10,1.0,0.22218550741672516,0.32451124978664747
607_r4,ja,0.6406463873881751,0.35935361261182486,3,10,0.0,0.463449090719223,1.0
607_r4,zh,0.3819919089864443,0.6180080910135557,3,10,1.0,0.1799391359090805,1.0
607_r5,en,0.07104842105921333,0.9289515789407867,3,10,1.0,0.19375400245189667,0.10000000000368914
607_r5,fr,0.03193211109891271,0.9680678889010873,3,10,1.0,0.17098532617092133,0.12451124978751298
607_r5,ja,0.508352624745555,0.491647375254445,3,10,0.0,0.35218489170074463,0.7245112497849162
607_r5,zh,0.26521904932497203,0.734780950675028,3,10,1.0,0.08979838341474533,1.0
609_r1,en,0.45723786975579434,0.5427621302442056,3,10,0.0,0.5760537385940552,0.32451124978664747
609_r1,fr,0.8510700219239702,0.1489299780760298,3,10,1.0,0.8669624328613281,0.8000000000008656
609_r1,ja,0.08609011409365054,0.9139098859063495,3,10,0.0,0.10375967621803284,0.7245112497849162
609_r1,zh,0.0729789999876284,0.9270210000123716,3,10,0.0,0.04539996013045311,0.7245112497849162
609_r2,en,0.5297289005204575,0.4702710994795425,3,10,0.0,0.6292467713356018,0.5245112497857819
609_r2,fr,0.9041820843120754,0.09581791568792464,3,10,1.0,0.872758686542511,1.0
609_r2,ja,0.2736634884191363,0.7263365115808638,3,10,0.0,0.1017918512225151,0.7245112497849162
609_r2,zh,0.08174421470144613,0.9182557852985539,3,10,0.0,0.07180827111005783,0.6000000000017313
609_r3,en,0.44526528288466255,0.5547347171153374,3,10,0.0,0.5345973968505859,0.3000000000028235
609_r3,fr,0.6837361436769483,0.31626385632305165,3,10,1.0,0.7842699289321899,0.5245112497857819
609_r3,ja,0.13980125386401313,0.8601987461359869,3,10,0.0,0.11570408940315247,1.0
609_r3,zh,0.22651973638836445,0.7734802636116356,3,10,0.0,0.14827369153499603,0.8000000000008656
609_r4,en,0.45738095606608686,0.5426190439339131,3,10,0.0,0.5848771333694458,0.3245112497866474
609_r4,fr,0.9515252113168563,0.0484747886831437,3,10,1.0,0.951525092124939,1.0
609_r4,ja,0.29102730675013133,0.7089726932498687,3,10,0.0,0.1815786510705948,0.6000000000017313
609_r4,zh,0.13824581045160447,0.8617541895483956,3,10,0.0,0.0884472206234932,0.8000000000008656
609_r5,en,0.6192362681181417,0.3807637318818583,3,10,0.0,0.6425691246986389,0.8000000000008656
609_r5,fr,0.9027199495741792,0.09728005042582077,3,10,1.0,0.8584631681442261,1.0
609_r5,ja,0.16074378076565798,0.839256219234342,3,10,0.0,0.13443294167518616,1.0
609_r5,zh,0.09398075403369104,0.906019245966309,3,10,0.0,0.08636973053216934,0.5245112497857819
610_r1,en,0.1846080643004315,0.8153919356995685,3,10,1.0,0.36471378803253174,0.10000000000368914
610_r1,fr,0.2994233138497251,0.7005766861502749,3,10,0.0,0.16509340703487396,0.6000000000017313
610_r1,ja,0.02712638299845702,0.972873617001543,3,10,0.0,0.02138392999768257,0.8000000000008656
610_r1,zh,0.2886077685004519,0.7113922314995481,3,10,1.0,0.10323356091976166,1.0
610_r2,en,0.032654239750164855,0.9673457602498351,3,10,1.0,0.1619170755147934,0.12451124978751298
610_r2,fr,0.00605942087973401,0.993940579120266,3,10,0.0,0.11580369621515274,0.12451124978751298
610_r2,ja,0.036871122920269915,0.96312887707973,3,10,0.0,0.11769389361143112,0.5245112497857819
610_r2,zh,0.4064343264204314,0.5935656735795686,3,10,1.0,0.23804470896720886,0.8000000000008656
610_r3,en,0.0016637693716198762,0.9983362306283802,3,10,1.0,0.29659557342529297,0.10000000000368914
610_r3,fr,0.018620823069294166,0.9813791769307059,3,10,0.0,0.11720605939626694,0.3245112497866474
610_r3,ja,0.055274597105800176,0.9447254028941998,3,10,0.0,0.03654049336910248,0.7245112497849162
610_r3,zh,0.2870460720693745,0.7129539279306255,3,10,1.0,0.11271624267101288,1.0
610_r4,en,0.495045598414602,0.504954401585398,3,10,1.0,0.45965319871902466,0.5245112497857819
610_r4,fr,0.4134930251854995,0.5865069748145004,3,10,0.0,0.20174767076969147,0.8000000000008656
610_r4,ja,0.25869080952774537,0.7413091904722546,3,10,0.0,0.1573578268289566,1.0
610_r4,zh,0.3090297420338652,0.6909702579661348,3,10,1.0,0.13971397280693054,0.7245112497849162
610_r5,en,0.46169711917476625,0.5383028808252337,3,10,1.0,0.5092024207115173,0.3000000000028235
610_r5,fr,0.08774905938512689,0.9122509406148731,3,10,0.0,0.23501262068748474,0.12451124978751298
610_r5,ja,0.02678608474671384,0.9732139152532862,3,10,0.0,0.057044029235839844,0.3245112497866474
610_r5,zh,0.18066166459084046,0.8193383354091596,3,10,1.0,0.1484960913658142,0.8000000000008656
611_r1,en,0.07864258576871047,0.9213574142312895,3,10,1.0,0.18085244297981262,0.3000000000028235
611_r1,fr,0.0831526810927234,0.9168473189072766,3,10,0.0,0.0747794657945633,0.8000000000008656
611_r1,ja,0.1560188971803342,0.8439811028196658,3,10,1.0,0.12068387120962143,1.0
611_r1,zh,0.2751472241548709,0.7248527758451291,3,10,0.0,0.15401962399482727,1.0
611_r2,en,0.1865909131953585,0.8134090868046415,3,10,1.0,0.2149662971496582,0.32451124978664747
611_r2,fr,0.3233315671894339,0.6766684328105661,3,10,0.0,0.17806972563266754,0.7245112497849162
611_r2,ja,0.38171355529436224,0.6182864447056378,3,10,1.0,0.26837489008903503,0.8000000000008656
611_r2,zh,0.1875058629921593,0.8124941370078407,3,10,0.0,0.12705382704734802,1.0
611_r3,en,0.46912866313154555,0.5308713368684544,3,10,1.0,0.4184269905090332,0.5000000000019581
611_r3,fr,0.045842188371847226,0.9541578116281528,3,10,0.0,0.1280873715877533,0.3245112497866474
611_r3,ja,0.09392810702834203,0.906071892971658,3,10,1.0,0.09009799361228943,1.0
611_r3,zh,0.18597302544074437,0.8140269745592557,3,10,0.0,0.13531288504600525,1.0
611_r4,en,0.23366316117548425,0.7663368388245158,3,10,1.0,0.29215049743652344,0.12451124978751298
611_r4,fr,0.060373421637521345,0.9396265783624786,3,10,0.0,0.08396735042333603,0.6000000000017313
611_r4,ja,0.28565307815134555,0.7143469218486544,3,10,1.0,0.3343487083911896,0.5245112497857819
611_r4,zh,0.2593970112736236,0.7406029887263764,3,10,0.0,0.14589761197566986,1.0
611_r5,en,0.3899653582886459,0.610034641711354,3,10,1.0,0.6313121914863586,0.32451124978664747
611_r5,fr,0.01658541251079052,0.9834145874892095,3,10,0.0,0.09981029480695724,0.30000000000282356
611_r5,ja,0.2450035437185612,0.7549964562814389,3,10,1.0,0.29525670409202576,0.5245112497857818
611_r5,zh,0.2785261604228754,0.7214738395771245,3,10,0.0,0.16670142114162445,1.0
613_r1,en,0.5356017754205942,0.4643982245794058,3,10,0.0,0.5289440751075745,0.5245112497857818
613_r1,fr,0.6091024888466264,0.39089751115337357,3,10,0.0,0.5302408337593079,0.8000000000008656
613_r1,ja,0.7234819495632717,0.2765180504367283,3,10,0.0,0.5687249302864075,1.0
613_r1,zh,0.27311735659457553,0.7268826434054245,3,10,0.0,0.09738406538963318,0.7245112497849162
613_r2,en,0.5039041786385143,0.49609582136148567,3,10,0.0,0.41243359446525574,0.5245112497857818
613_r2,fr,0.33927113018218596,0.660728869817814,3,10,0.0,0.5188532471656799,0.3245112497866474
613_r2,ja,0.04675969759222807,0.9532403024077719,3,10,0.0,0.037931933999061584,1.0
613_r2,zh,0.3389157107729243,0.6610842892270756,3,10,0.0,0.16033627092838287,1.0
613_r3,en,0.12697950495125263,0.8730204950487473,3,10,0.0,0.2722287178039551,0.10000000000368914
613_r3,fr,0.6390879734773864,0.36091202652261356,3,10,0.0,0.5716751217842102,0.7245112497849162
613_r3,ja,0.8350735259132328,0.1649264740867672,3,10,0.0,0.7525676488876343,1.0
613_r3,zh,0.2790264034241501,0.7209735965758499,3,10,0.0,0.11645185947418213,1.0
613_r4,en,0.0006401149443006989,0.9993598850556993,3,10,0.0,0.17097406089305878,0.10000000000368914
613_r4,fr,0.3259938867315074,0.6740061132684926,3,10,0.0,0.2176463007926941,0.5245112497857819
613_r4,ja,0.511442680264065,0.48855731973593497,3,10,0.0,0.28848394751548767,1.0
613_r4,zh,0.043391240953580185,0.9566087590464198,3,10,0.0,0.025625446811318398,1.0
613_r5,en,0.38629968103750184,0.6137003189624981,3,10,0.0,0.2960979640483856,0.7245112497849162
613_r5,fr,0.5776278441626302,0.42237215583736976,3,10,0.0,0.5421291589736938,0.7245112497849162
613_r5,ja,0.05714967981848354,0.9428503201815165,3,10,0.0,0.054573677480220795,1.0
613_r5,zh,0.17686805616086412,0.8231319438391359,3,10,0.0,0.08989153802394867,1.0
617_r1,en,0.7706475580142261,0.22935244198577387,3,10,1.0,0.8195462822914124,0.7245112497849162
617_r1,fr,0.7778216842208394,0.22217831577916058,3,10,1.0,0.7547349333763123,0.8000000000008656
617_r1,ja,0.5234869602141132,0.47651303978588677,3,10,1.0,0.48796436190605164,0.5245112497857819
617_r1,zh,0.3890678736356389,0.6109321263643611,3,10,1.0,0.21417443454265594,0.7245112497849162
617_r2,en,0.5876053872905699,0.4123946127094301,3,10,1.0,0.6498863101005554,0.5245112497857818
617_r2,fr,0.9265249812702692,0.07347501872973083,3,10,1.0,0.9265088438987732,1.0
617_r2,ja,0.5165848701575823,0.48341512984241775,3,10,1.0,0.48005756735801697,0.6000000000017313
617_r2,zh,0.4566558306079848,0.5433441693920151,3,10,1.0,0.23734185099601746,1.0
617_r3,en,0.768288996084447,0.231711003915553,3,10,1.0,0.8187450170516968,0.7245112497849162
617_r3,fr,0.8354566816470831,0.1645433183529169,3,10,1.0,0.8583962321281433,0.8000000000008656
617_r3,ja,0.8435231528406165,0.15647684715938348,3,10,1.0,0.7619045972824097,1.0
617_r3,zh,0.4858494661073569,0.5141505338926431,3,10,1.0,0.2633686065673828,1.0
617_r4,en,0.7001296161666429,0.29987038383335707,3,10,1.0,0.7387937903404236,0.6000000000017313
617_r4,fr,0.7551157390427354,0.24488426095726457,3,10,1.0,0.7262822985649109,0.7000000000010924
617_r4,ja,0.8491921505141324,0.15080784948586756,3,10,1.0,0.7872321009635925,1.0
617_r4,zh,0.4376798842775119,0.5623201157224881,3,10,1.0,0.251358300447464,1.0
617_r5,en,0.7594201838088736,0.24057981619112645,3,10,1.0,0.7282124161720276,0.7000000000010924
617_r5,fr,0.829325098362395,0.17067490163760501,3,10,1.0,0.836628258228302,0.8000000000008656
617_r5,ja,0.6674292240205902,0.33257077597940976,3,10,1.0,0.4857856035232544,1.0
617_r5,zh,0.38537623901095297,0.614623760989047,3,10,1.0,0.17163008451461792,1.0
621_r1,en,0.5109306636006761,0.48906933639932393,3,10,1.0,0.5785961747169495,0.5245112497857819
621_r1,fr,0.27354926673545826,0.7264507332645418,3,10,1.0,0.20278264582157135,0.3245112497866474
621_r1,ja,0.4389011206917124,0.5610988793082876,3,10,0.0,0.3249269127845764,0.8000000000008656
621_r1,zh,0.2718433228762019,0.7281566771237982,3,10,1.0,0.13273978233337402,1.0
621_r2,en,0.30058418699726625,0.6994158130027337,3,10,1.0,0.2670636475086212,0.12451124978751298
621_r2,fr,0.008274209021217456,0.9917257909787826,3,10,1.0,0.017038555815815926,0.40000000000259683
621_r2,ja,0.5567952691782372,0.4432047308217628,3,10,0.0,0.5844408273696899,0.7245112497849162
621_r2,zh,0.1541333943254967,0.8458666056745033,3,10,1.0,0.10824668407440186,0.7245112497849162
621_r3,en,0.5108828228570816,0.48911717714291836,3,10,1.0,0.5710185170173645,0.5245112497857818
621_r3,fr,0.013348748973815461,0.9866512510261846,3,10,1.0,0.014874295331537724,0.6000000000017313
621_r3,ja,0.5374685961079937,0.4625314038920063,3,10,0.0,0.359089732170105,1.0
621_r3,zh,0.20992723514740305,0.7900727648525969,3,10,1.0,0.06966091692447662,1.0
621_r4,en,0.22482985370055106,0.7751701462994489,3,10,1.0,0.22795718908309937,0.30000000000282356
621_r4,fr,0.2371330418034576,0.7628669581965424,3,10,1.0,0.08543529361486435,0.7245112497849162
621_r4,ja,0.18890011602807455,0.8110998839719255,3,10,0.0,0.14659033715724945,0.7245112497849162
621_r4,zh,0.1862330964192473,0.8137669035807527,3,10,1.0,0.06674119830131531,1.0
621_r5,en,0.3894134820604247,0.6105865179395753,3,10,1.0,0.4277907609939575,0.3000000000028235
621_r5,fr,0.2805539206988152,0.7194460793011848,3,10,1.0,0.23943458497524261,0.10000000000368914
621_r5,ja,0.2523820755419483,0.7476179244580516,3,10,0.0,0.1797344982624054,1.0
621_r5,zh,0.17058792343475743,0.8294120765652426,3,10,1.0,0.06683190912008286,1.0
622_r1,en,0.5401804497756719,0.4598195502243281,3,10,0.0,0.6014366745948792,0.3245112497866474
622_r1,fr,0.005595695233057366,0.9944043047669426,3,10,1.0,0.1596878170967102,0.10000000000368914
622_r1,ja,0.516006680790045,0.48399331920995503,3,10,0.0,0.3917900323867798,0.7245112497849162
622_r1,zh,0.34443852197932334,0.6555614780206767,3,10,0.0,0.19629274308681488,1.0
622_r2,en,0.013319950096694344,0.9866800499033057,3,10,0.0,0.16758887469768524,0.10000000000368914
622_r2,fr,0.0020792434909846676,0.9979207565090153,3,10,1.0,0.14874540269374847,0.3000000000028235
622_r2,ja,0.5614082874302978,0.4385917125697022,3,10,0.0,0.43951278924942017,1.0
622_r2,zh,0.2787200769967418,0.7212799230032583,3,10,0.0,0.10288702696561813,1.0
622_r3,en,0.00784651252479583,0.9921534874752042,3,10,0.0,0.2346581667661667,0.10000000000368914
622_r3,fr,0.006421581265812739,0.9935784187341873,3,10,1.0,0.08911989629268646,0.30000000000282356
622_r3,ja,0.5819204114278822,0.4180795885721178,3,10,0.0,0.4146915376186371,0.8000000000008656
622_r3,zh,0.295029772921732,0.7049702270782681,3,10,0.0,0.13634997606277466,1.0
622_r4,en,0.009896199867689488,0.9901038001323105,3,10,0.0,0.12855960428714752,0.30000000000282356
622_r4,fr,0.021147156962209358,0.9788528430377906,3,10,1.0,0.18161433935165405,0.12451124978751298
622_r4,ja,0.29634679195488745,0.7036532080451126,3,10,0.0,0.16953229904174805,0.5245112497857819
622_r4,zh,0.2984259525644312,0.7015740474355687,3,10,0.0,0.1441574990749359,1.0
622_r5,en,0.4325430905620227,0.5674569094379773,3,10,0.0,0.24125248193740845,0.5000000000019581
622_r5,fr,0.00812778792072299,0.991872212079277,3,10,1.0,0.09763430804014206,0.5245112497857819
622_r5,ja,0.6572264945136677,0.34277350548633234,3,10,0.0,0.5184910893440247,1.0
622_r5,zh,0.31451134743658193,0.6854886525634181,3,10,0.0,0.16637803614139557,1.0
630_r1,en,0.7217040992628599,0.27829590073714006,3,10,1.0,0.7346190810203552,0.8000000000008656
630_r1,fr,0.00895045523048802,0.991049544769512,3,10,1.0,0.17379382252693176,0.12451124978751298
630_r1,ja,0.20012454962089055,0.7998754503791095,3,10,1.0,0.11947507411241531,0.8000000000008656
630_r1,zh,0.25953960264030806,0.7404603973596919,3,10,1.0,0.19654133915901184,0.5245112497857819
630_r2,en,0.7656736827588486,0.23432631724115138,3,10,1.0,0.7316056489944458,1.0
630_r2,fr,0.02905070345817309,0.9709492965418269,3,10,1.0,0.12039469182491302,0.40000000000259683
630_r2,ja,0.2687933819514937,0.7312066180485063,3,10,1.0,0.3475290834903717,0.5245112497857819
630_r2,zh,0.3457731981995973,0.6542268018004027,3,10,1.0,0.1585797369480133,1.0
630_r3,en,0.4538286226318953,0.5461713773681047,3,10,1.0,0.5038283467292786,0.3245112497866474
630_r3,fr,0.002430243468950598,0.9975697565310494,3,10,1.0,0.1366840898990631,0.10000000000368914
630_r3,ja,0.37627951666939957,0.6237204833306005,3,10,1.0,0.24320745468139648,1.0
630_r3,zh,0.13700185858009073,0.8629981414199093,3,10,1.0,0.05830497667193413,0.7245112497849162
630_r4,en,0.6750924682556612,0.32490753174433884,3,10,1.0,0.6868104934692383,0.7000000000010924
630_r4,fr,0.009725812591405588,0.9902741874085944,3,10,1.0,0.12098599970340729,0.12451124978751298
630_r4,ja,0.4315026459534665,0.5684973540465335,3,10,1.0,0.33180373907089233,1.0
630_r4,zh,0.2748296459843146,0.7251703540156854,3,10,1.0,0.13866643607616425,0.8000000000008656
630_r5,en,0.36331111439045494,0.6366888856095451,3,10,1.0,0.3578855097293854,0.30000000000282356
630_r5,fr,0.021427504846340237,0.9785724951536597,3,10,1.0,0.10724596679210663,0.32451124978664747
630_r5,ja,0.6073363866888474,0.3926636133111526,3,10,1.0,0.4855254590511322,1.0
630_r5,zh,0.1935490680794087,0.8064509319205913,3,10,1.0,0.07080386579036713,1.0
631_r1,en,0.04571182956293981,0.9542881704370602,3,10,0.0,0.08126126229763031,0.10000000000368914
631_r1,fr,0.3287683651459004,0.6712316348540996,3,10,0.0,0.30409854650497437,0.30000000000282356
631_r1,ja,0.6469870120005728,0.35301298799942715,3,10,0.0,0.48523908853530884,1.0
631_r1,zh,0.2576858795240646,0.7423141204759354,3,10,0.0,0.10876385122537613,1.0
631_r2,en,0.6662359503378854,0.3337640496621146,3,10,0.0,0.7669579386711121,0.5245112497857819
631_r2,fr,0.1903729793582444,0.8096270206417556,3,10,0.0,0.4087510108947754,0.10000000000368914
631_r2,ja,0.6462466641944379,0.3537533358055621,3,10,0.0,0.4852668046951294,1.0
631_r2,zh,0.13347876983566365,0.8665212301643364,3,10,0.0,0.04709038510918617,0.7245112497849162
631_r3,en,0.0914243663117594,0.9085756336882406,3,10,0.0,0.08751615136861801,0.5000000000019581
631_r3,fr,0.3030013172257889,0.6969986827742112,3,10,0.0,0.31541216373443604,0.3000000000028235
631_r3,ja,0.4306026442134044,0.5693973557865957,3,10,0.0,0.5354014039039612,0.5245112497857818
631_r3,zh,0.29772771496388695,0.702272285036113,3,10,0.0,0.17607909440994263,1.0
631_r4,en,0.10960032205346497,0.8903996779465351,3,10,0.0,0.09069933742284775,0.7000000000010924
631_r4,fr,0.20803080595946474,0.7919691940405352,3,10,0.0,0.23513533174991608,0.5000000000019581
631_r4,ja,0.41602569001066747,0.5839743099893325,3,10,0.0,0.2459208071231842,0.7245112497849162
631_r4,zh,0.13502630405182223,0.8649736959481777,3,10,0.0,0.08381525427103043,0.7245112497849162
631_r5,en,0.010141369310779238,0.9898586306892208,3,10,0.0,0.018734704703092575,0.3245112497866474
631_r5,fr,0.04384750040526857,0.9561524995947315,3,10,0.0,0.03936171159148216,0.6000000000017313
631_r5,ja,0.7168067869559854,0.28319321304401457,3,10,0.0,0.7583418488502502,0.7245112497849162
631_r5,zh,0.13358365343965417,0.8664163465603458,3,10,0.0,0.0466965027153492,1.0
632_r1,en,0.711196907395917,0.288803092604083,3,10,1.0,0.7371723055839539,0.6000000000017313
632_r1,fr,0.0033718904650941925,0.9966281095349058,3,10,1.0,0.11207940429449081,0.10000000000368914
632_r1,ja,0.40694234126720874,0.5930576587327913,3,10,0.0,0.24109046161174774,1.0
632_r1,zh,0.21175130120877347,0.7882486987912265,3,10,1.0,0.10142254084348679,1.0
632_r2,en,0.8212194518633537,0.17878054813664634,3,10,1.0,0.8265370726585388,0.8000000000008656
632_r2,fr,0.007256932226346302,0.9927430677736537,3,10,1.0,0.12398388236761093,0.40000000000259683
632_r2,ja,0.3753178887568903,0.6246821112431097,3,10,0.0,0.20525594055652618,0.8000000000008656
632_r2,zh,0.24496320314513936,0.7550367968548606,3,10,1.0,0.10063834488391876,1.0
632_r3,en,0.9181513190101838,0.08184868098981624,3,10,1.0,0.9181514382362366,1.0
632_r3,fr,0.008035465628908273,0.9919645343710918,3,10,1.0,0.12917320430278778,0.6000000000017313
632_r3,ja,0.5133989472856012,0.4866010527143988,3,10,0.0,0.36281296610832214,0.8000000000008656
632_r3,zh,0.34395724372231135,0.6560427562776887,3,10,1.0,0.16642378270626068,1.0
632_r4,en,0.8710349552276192,0.1289650447723808,3,10,1.0,0.8265182971954346,1.0
632_r4,fr,0.012057118006533491,0.9879428819934665,3,10,1.0,0.018254440277814865,0.7245112497849162
632_r4,ja,0.39778044418945274,0.6022195558105472,3,10,0.0,0.2543714940547943,0.8000000000008656
632_r4,zh,0.22921472098598114,0.7707852790140188,3,10,1.0,0.08419646322727203,1.0
632_r5,en,0.8212194518633589,0.17878054813664113,3,10,1.0,0.8404315710067749,0.8000000000008656
632_r5,fr,0.014187168505531866,0.9858128314944681,3,10,1.0,0.1160179004073143,0.12451124978751298
632_r5,ja,0.3978305191938549,0.6021694808061451,3,10,0.0,0.29152217507362366,0.6000000000017313
632_r5,zh,0.2568710418715394,0.7431289581284606,3,10,1.0,0.11841250956058502,1.0
633_r1,en,0.6556332740184266,0.34436672598157336,3,10,1.0,0.6889669895172119,0.6000000000017313
633_r1,fr,0.05844384502892648,0.9415561549710735,3,10,1.0,0.19133038818836212,0.3000000000028235
633_r1,ja,0.5688421797738122,0.43115782022618776,3,10,1.0,0.4596635103225708,0.5245112497857819
633_r1,zh,0.33704580759428077,0.6629541924057192,3,10,1.0,0.15653862059116364,0.7245112497849162
633_r2,en,0.6082128379285072,0.3917871620714928,3,10,1.0,0.6875128149986267,0.5245112497857819
633_r2,fr,0.07044603691342938,0.9295539630865706,3,10,1.0,0.1847846806049347,0.5245112497857819
633_r2,ja,0.509882366562171,0.490117633437829,3,10,1.0,0.3686029314994812,1.0
633_r2,zh,0.34718654056155773,0.6528134594384423,3,10,1.0,0.2246457040309906,0.5245112497857819
633_r3,en,0.6647371258185728,0.3352628741814272,3,10,1.0,0.6827606558799744,0.7245112497849162
633_r3,fr,0.06830601724406662,0.9316939827559334,3,10,1.0,0.10535632073879242,0.5245112497857819
633_r3,ja,0.5108699081389279,0.48913009186107215,3,10,1.0,0.32855117321014404,1.0
633_r3,zh,0.3385436680057126,0.6614563319942874,3,10,1.0,0.16227847337722778,0.8000000000008656
633_r4,en,0.7570597746159942,0.24294022538400584,3,10,1.0,0.7699259519577026,0.8000000000008656
633_r4,fr,0.30004451951454614,0.6999554804854539,3,10,1.0,0.23913876712322235,0.3000000000028235
633_r4,ja,0.7400844476081729,0.25991555239182706,3,10,1.0,0.6302608251571655,0.8000000000008656
633_r4,zh,0.32277182232885077,0.6772281776711493,3,10,1.0,0.15583300590515137,1.0
633_r5,en,0.70843937963388,0.29156062036611996,3,10,1.0,0.6834650635719299,0.8000000000008656
633_r5,fr,0.07867187833221312,0.9213281216677869,3,10,1.0,0.10756727308034897,0.5245112497857819
633_r5,ja,0.37317936575377614,0.6268206342462239,3,10,1.0,0.37218478322029114,0.7245112497849162
633_r5,zh,0.4526836884885457,0.5473163115114543,3,10,1.0,0.25268980860710144,1.0
637_r1,en,0.4652870808203181,0.5347129191796819,3,10,1.0,0.5893236398696899,0.30000000000282356
637_r1,fr,0.5599905073906494,0.4400094926093506,3,10,1.0,0.47683653235435486,0.8000000000008656
637_r1,ja,0.49796540128561223,0.5020345987143877,3,10,0.0,0.42566540837287903,0.5245112497857819
637_r1,zh,0.5100324040155777,0.4899675959844223,3,10,1.0,0.3332901895046234,1.0
637_r2,en,0.6006835020219901,0.39931649797800994,3,10,1.0,0.5995614528656006,0.5000000000019581
637_r2,fr,0.44988745075576264,0.5501125492442374,3,10,1.0,0.4238010048866272,0.5245112497857819
637_r2,ja,0.593032739935775,0.406967260064225,3,10,0.0,0.44098779559135437,1.0
637_r2,zh,0.679477868363053,0.320522131636947,3,10,1.0,0.5947187542915344,1.0
637_r3,en,0.5403030345156755,0.4596969654843245,3,10,1.0,0.6316357254981995,0.40000000000259683
637_r3,fr,0.3959730544015644,0.6040269455984356,3,10,1.0,0.30857521295547485,0.40000000000259683
637_r3,ja,0.6460333921945933,0.3539666078054067,3,10,0.0,0.49205830693244934,0.8000000000008656
637_r3,zh,0.36110977137600875,0.6388902286239913,3,10,1.0,0.17706486582756042,1.0
637_r4,en,0.851415777334167,0.14858422266583304,3,10,1.0,0.8513966798782349,1.0
637_r4,fr,0.3429227509777584,0.6570772490222416,3,10,1.0,0.3132202923297882,0.3000000000028235
637_r4,ja,0.6414112877870942,0.3585887122129058,3,10,0.0,0.5715826749801636,0.8000000000008656
637_r4,zh,0.27824977165071074,0.7217502283492893,3,10,1.0,0.1277051717042923,1.0
637_r5,en,0.7252945678534961,0.2747054321465039,3,10,1.0,0.725439727306366,0.8000000000008656
637_r5,fr,0.2843858476598367,0.7156141523401633,3,10,1.0,0.27338477969169617,0.3000000000028235
637_r5,ja,0.6455609652311575,0.35443903476884253,3,10,0.0,0.5026147961616516,1.0
637_r5,zh,0.5715135242576819,0.42848647574231813,3,10,1.0,0.4194989502429962,1.0
638_r1,en,0.07410481379327782,0.9258951862067222,3,10,0.0,0.11744938045740128,0.10000000000368914
638_r1,fr,0.009352545303011987,0.990647454696988,3,10,0.0,0.10503212362527847,0.10000000000368914
638_r1,ja,0.09010725421987015,0.9098927457801298,3,10,0.0,0.15912625193595886,0.5245112497857819
638_r1,zh,0.16216668400678458,0.8378333159932154,3,10,0.0,0.04740976169705391,0.7245112497849162
638_r2,en,0.04831874629439548,0.9516812537056045,3,10,0.0,0.08414763957262039,0.3000000000028235
638_r2,fr,0.005566332309317705,0.9944336676906823,3,10,0.0,0.18719181418418884,0.12451124978751298
638_r2,ja,0.32319713366461567,0.6768028663353843,3,10,0.0,0.18147067725658417,0.5245112497857819
638_r2,zh,0.2025823815560968,0.7974176184439032,3,10,0.0,0.06908147037029266,1.0
638_r3,en,0.07927876025634746,0.9207212397436525,3,10,0.0,0.07578887790441513,0.6000000000017313
638_r3,fr,0.008671447210953946,0.9913285527890461,3,10,0.0,0.11085930466651917,0.12451124978751298
638_r3,ja,0.2728828155395147,0.7271171844604853,3,10,0.0,0.1500667929649353,1.0
638_r3,zh,0.1499044572390267,0.8500955427609733,3,10,0.0,0.06632480025291443,1.0
638_r4,en,0.07927876025643188,0.9207212397435681,3,10,0.0,0.10257874429225922,0.6000000000017313
638_r4,fr,0.003777705384576302,0.9962222946154237,3,10,0.0,0.10838443785905838,0.3000000000028235
638_r4,ja,0.23357665038272876,0.7664233496172712,3,10,0.0,0.12696890532970428,1.0
638_r4,zh,0.2537638180057839,0.746236181994216,3,10,0.0,0.08669105172157288,0.8000000000008656
638_r5,en,0.08607522228644782,0.9139247777135522,3,10,0.0,0.12251218408346176,0.7000000000010924
638_r5,fr,0.16787396749313385,0.8321260325068661,3,10,0.0,0.1567588895559311,0.10000000000368914
638_r5,ja,0.3263758874419703,0.6736241125580297,3,10,0.0,0.1817246824502945,0.8000000000008656
638_r5,zh,0.17196757714476196,0.828032422855238,3,10,0.0,0.05128764361143112,1.0
644_r1,en,0.6183275957175128,0.38167240428248717,3,10,1.0,0.4970248341560364,0.6000000000017313
644_r1,fr,0.45068928665726377,0.5493107133427362,3,10,1.0,0.4184776246547699,0.5245112497857818
644_r1,ja,0.5289522893873804,0.47104771061261963,3,10,1.0,0.3234902620315552,0.8000000000008656
644_r1,zh,0.39559914070381963,0.6044008592961804,3,10,1.0,0.20425577461719513,1.0
644_r2,en,0.3286252263155631,0.6713747736844369,3,10,1.0,0.48619145154953003,0.3245112497866474
644_r2,fr,0.01752766528765964,0.9824723347123404,3,10,1.0,0.2076234072446823,0.40000000000259683
644_r2,ja,0.39115062538215767,0.6088493746178423,3,10,1.0,0.2260909378528595,0.8000000000008656
644_r2,zh,0.29133786039183085,0.7086621396081692,3,10,1.0,0.1323169320821762,1.0
644_r3,en,0.4374803436509467,0.5625196563490533,3,10,1.0,0.21007224917411804,0.6000000000017313
644_r3,fr,0.5397988510476049,0.46020114895239506,3,10,1.0,0.5050334334373474,0.6000000000017313
644_r3,ja,0.5450796162052419,0.4549203837947581,3,10,1.0,0.36724090576171875,1.0
644_r3,zh,0.24585041504103533,0.7541495849589647,3,10,1.0,0.09811340272426605,1.0
644_r4,en,0.44885796830275987,0.5511420316972402,3,10,1.0,0.4093819856643677,0.3000000000028235
644_r4,fr,0.1274538241903306,0.8725461758096694,3,10,1.0,0.21248678863048553,0.3245112497866474
644_r4,ja,0.09665231932575252,0.9033476806742475,3,10,1.0,0.13953739404678345,0.7245112497849162
644_r4,zh,0.5113270714066415,0.48867292859335854,3,10,1.0,0.29932186007499695,1.0
644_r5,en,0.2923692028855395,0.7076307971144604,3,10,1.0,0.10547451674938202,0.6000000000017313
644_r5,fr,0.5397223580354495,0.46027764196455045,3,10,1.0,0.40186014771461487,0.6000000000017313
644_r5,ja,0.30249403163617566,0.6975059683638243,3,10,1.0,0.19412870705127716,0.7245112497849162
644_r5,zh,0.4028631426072747,0.5971368573927254,3,10,1.0,0.21398085355758667,1.0
648_r1,en,0.1784073694488747,0.8215926305511253,3,10,1.0,0.3615646958351135,0.10000000000368914
648_r1,fr,0.001431728216365886,0.9985682717836342,3,10,1.0,0.16354171931743622,0.10000000000368914
648_r1,ja,0.6392116934151804,0.36078830658481964,3,10,1.0,0.507999837398529,0.7245112497849162
648_r1,zh,0.2301481617382359,0.7698518382617641,3,10,0.0,0.101705402135849,1.0
648_r2,en,0.3880467123401531,0.6119532876598469,3,10,1.0,0.42591995000839233,0.3000000000028235
648_r2,fr,0.005875441442767596,0.9941245585572324,3,10,1.0,0.10733052343130112,0.12451124978751298
648_r2,ja,0.4095229979709185,0.5904770020290815,3,10,1.0,0.2607613205909729,0.6000000000017313
648_r2,zh,0.20104032856809076,0.7989596714319093,3,10,0.0,0.17374174296855927,0.5245112497857819
648_r3,en,0.2686800590441041,0.7313199409558959,3,10,1.0,0.5431617498397827,0.12451124978751298
648_r3,fr,0.010471446801484877,0.9895285531985151,3,10,1.0,0.10640191286802292,0.32451124978664747
648_r3,ja,0.42382870855482574,0.5761712914451742,3,10,1.0,0.27207842469215393,1.0
648_r3,zh,0.15223325650555067,0.8477667434944494,3,10,0.0,0.057896777987480164,1.0
648_r4,en,0.20476060104178048,0.7952393989582195,3,10,1.0,0.5660445094108582,0.12451124978751298
648_r4,fr,0.0016995468794267351,0.9983004531205733,3,10,1.0,0.12364217638969421,0.10000000000368914
648_r4,ja,0.3626854520427996,0.6373145479572004,3,10,1.0,0.2640238106250763,0.6000000000017313
648_r4,zh,0.0704123571667093,0.9295876428332908,3,10,0.0,0.055822718888521194,1.0
648_r5,en,0.453595848324381,0.5464041516756191,3,10,1.0,0.47670871019363403,0.3000000000028235
648_r5,fr,0.005628543638125165,0.9943714563618749,3,10,1.0,0.10818006843328476,0.3000000000028235
648_r5,ja,0.08370036720213614,0.9162996327978639,3,10,1.0,0.18166851997375488,0.40000000000259683
648_r5,zh,0.4473793437282451,0.5526206562717548,3,10,0.0,0.27889612317085266,1.0
649_r1,en,0.19679324121169064,0.8032067587883094,3,10,0.0,0.4358364939689636,0.10000000000368914
649_r1,fr,0.010611596589950005,0.98938840341005,3,10,0.0,0.16561822593212128,0.10000000000368914
649_r1,ja,0.44436340340519653,0.5556365965948035,3,10,0.0,0.43912968039512634,0.5245112497857818
649_r1,zh,0.17105912185490565,0.8289408781450943,3,10,0.0,0.09427406638860703,1.0
649_r2,en,0.23585620238194377,0.7641437976180563,3,10,0.0,0.6725045442581177,0.12451124978751298
649_r2,fr,0.123970091749093,0.876029908250907,3,10,0.0,0.09352533519268036,0.3000000000028235
649_r2,ja,0.8119563240718923,0.18804367592810767,3,10,0.0,0.6851842999458313,1.0
649_r2,zh,0.15706968086796258,0.8429303191320374,3,10,0.0,0.08059721440076828,1.0
649_r3,en,0.6230321056617069,0.37696789433829314,3,10,0.0,0.622543454170227,0.40000000000259683
649_r3,fr,0.00865458347919427,0.9913454165208058,3,10,0.0,0.1377870887517929,0.10000000000368914
649_r3,ja,0.7518086039832221,0.24819139601677787,3,10,0.0,0.7176769375801086,0.8000000000008656
649_r3,zh,0.049094431741550044,0.95090556825845,3,10,0.0,0.026578892022371292,1.0
649_r4,en,0.5427501809845637,0.45724981901543627,3,10,0.0,0.8055993318557739,0.3245112497866474
649_r4,fr,0.022999861000767192,0.9770001389992328,3,10,0.0,0.11057767271995544,0.10000000000368914
649_r4,ja,0.12260282475022614,0.8773971752497739,3,10,0.0,0.06778989732265472,0.7245112497849162
649_r4,zh,0.05238040326724315,0.9476195967327569,3,10,0.0,0.031439345329999924,1.0
649_r5,en,0.5273049444347461,0.47269505556525393,3,10,0.0,0.6386626958847046,0.40000000000259683
649_r5,fr,0.0743589876096258,0.9256410123903742,3,10,0.0,0.18516166508197784,0.12451124978751298
649_r5,ja,0.6888854585604599,0.3111145414395401,3,10,0.0,0.6424675583839417,0.7245112497849162
649_r5,zh,0.27616997244153985,0.7238300275584602,3,10,0.0,0.10002589970827103,1.0
652_r1,en,0.0008348997168952086,0.9991651002831048,3,10,1.0,0.08277565985918045,0.12451124978751298
652_r1,fr,0.0013023709687952903,0.9986976290312047,3,10,0.0,0.0021507067140191793,0.30000000000282356
652_r1,ja,0.608894609851555,0.39110539014844503,3,10,0.0,0.45465558767318726,0.8000000000008656
652_r1,zh,0.0014552239118672203,0.9985447760881327,3,10,1.0,0.28691843152046204,0.10000000000368914
652_r2,en,0.0009619577239711704,0.9990380422760289,3,10,1.0,0.03145351633429527,0.12451124978751298
652_r2,fr,0.0230621990590975,0.9769378009409025,3,10,0.0,0.15728430449962616,0.10000000000368914
652_r2,ja,0.03179299778076793,0.9682070022192321,3,10,0.0,0.03773389384150505,0.7245112497849162
652_r2,zh,0.23981836285854896,0.760181637141451,3,10,1.0,0.2036610245704651,0.30000000000282356
652_r3,en,0.0039431216823764235,0.9960568783176236,3,10,1.0,0.004793621599674225,0.3000000000028235
652_r3,fr,4.9264464330643936e-05,0.9999507355356694,3,10,0.0,0.00018143403576686978,0.10000000000368914
652_r3,ja,0.13298035623265542,0.8670196437673445,3,10,0.0,0.4082835018634796,0.32451124978664747
652_r3,zh,0.22677478863556128,0.7732252113644387,3,10,1.0,0.273790568113327,0.5000000000019581
652_r4,en,0.002992272182398076,0.9970077278176019,3,10,1.0,0.039700232446193695,0.3000000000028235
652_r4,fr,0.0016950875867642536,0.9983049124132357,3,10,0.0,0.0022381122689694166,0.6000000000017313
652_r4,ja,0.12563343586774398,0.874366564132256,3,10,0.0,0.17115944623947144,0.3000000000028235
652_r4,zh,0.17623171982967611,0.8237682801703239,3,10,1.0,0.06950978189706802,0.3000000000028235
652_r5,en,0.0022306641315996316,0.9977693358684003,3,10,1.0,0.13552537560462952,0.12451124978751298
652_r5,fr,0.008431241010826658,0.9915687589891733,3,10,0.0,0.13409735262393951,0.10000000000368914
652_r5,ja,0.44918231360992283,0.5508176863900771,3,10,0.0,0.45866766571998596,0.7245112497849162
652_r5,zh,0.06829521887685638,0.9317047811231436,3,10,1.0,0.24557048082351685,0.10000000000368914
654_r1,en,0.7745094974760807,0.22549050252391933,3,10,1.0,0.8252398371696472,0.7245112497849162
654_r1,fr,0.4182347335481083,0.5817652664518917,3,10,1.0,0.4027102291584015,0.32451124978664747
654_r1,ja,0.1354915862729604,0.8645084137270396,3,10,1.0,0.18293318152427673,0.8000000000008656
654_r1,zh,0.022207419312856164,0.9777925806871438,3,10,0.0,0.014418561942875385,0.7245112497849162
654_r2,en,0.765623233647328,0.23437676635267202,3,10,1.0,0.7394713759422302,0.7000000000010924
654_r2,fr,0.5897346147436728,0.41026538525632716,3,10,1.0,0.6626033186912537,0.5245112497857819
654_r2,ja,0.2377302099739291,0.7622697900260709,3,10,1.0,0.10767538100481033,1.0
654_r2,zh,0.012133570936511517,0.9878664290634884,3,10,0.0,0.009201391600072384,1.0
654_r3,en,0.7088293785638783,0.2911706214361217,3,10,1.0,0.7324342727661133,0.6000000000017313
654_r3,fr,0.6455424288279031,0.35445757117209686,3,10,1.0,0.5619611144065857,0.5245112497857819
654_r3,ja,0.23048700034248232,0.7695129996575176,3,10,1.0,0.11218927800655365,0.7245112497849162
654_r3,zh,0.01199669681659124,0.9880033031834088,3,10,0.0,0.012848926708102226,0.5245112497857819
654_r4,en,0.7088295170725568,0.2911704829274432,3,10,1.0,0.73703932762146,0.6000000000017313
654_r4,fr,0.5000056557611305,0.49999434423886946,3,10,1.0,0.5950360894203186,0.3000000000028235
654_r4,ja,0.23429850892765694,0.7657014910723431,3,10,1.0,0.09288713335990906,1.0
654_r4,zh,0.182832036469578,0.817167963530422,3,10,0.0,0.15856437385082245,0.8000000000008656
654_r5,en,0.5149299666445122,0.4850700333554878,3,10,1.0,0.6636778712272644,0.3245112497866474
654_r5,fr,0.4119963744479345,0.5880036255520655,3,10,1.0,0.4389287531375885,0.32451124978664747
654_r5,ja,0.23320021122211204,0.7667997887778879,3,10,1.0,0.0918034017086029,0.3245112497866474
654_r5,zh,0.23858715493096347,0.7614128450690365,3,10,0.0,0.11003095656633377,1.0
655_r1,en,0.6042540020233252,0.39574599797667476,3,10,1.0,0.48643672466278076,0.5000000000019581
655_r1,fr,0.003389719696390411,0.9966102803036095,3,10,1.0,0.014050334692001343,0.3245112497866474
655_r1,ja,0.1239644709831047,0.8760355290168953,3,10,1.0,0.10976105183362961,1.0
655_r1,zh,0.3823822890989902,0.6176177109010098,3,10,1.0,0.20132042467594147,1.0
655_r2,en,0.6423382254811351,0.35766177451886494,3,10,1.0,0.7302754521369934,0.5245112497857819
655_r2,fr,0.020824428656818127,0.9791755713431819,3,10,1.0,0.11290676146745682,0.5000000000019581
655_r2,ja,0.4208799901464176,0.5791200098535825,3,10,1.0,0.28402745723724365,1.0
655_r2,zh,0.37483660480916936,0.6251633951908306,3,10,1.0,0.19739191234111786,0.8000000000008656
655_r3,en,0.6041013888506503,0.39589861114934966,3,10,1.0,0.5791777968406677,0.5000000000019581
655_r3,fr,0.028548246702542055,0.9714517532974579,3,10,1.0,0.026821736246347427,0.7245112497849162
655_r3,ja,0.5787127028135763,0.42128729718642366,3,10,1.0,0.4262697100639343,1.0
655_r3,zh,0.4929366973508176,0.5070633026491824,3,10,1.0,0.33539265394210815,1.0
655_r4,en,0.9596006743618095,0.040399325638190486,3,10,1.0,0.9595577120780945,1.0
655_r4,fr,0.026624473346018154,0.9733755266539819,3,10,1.0,0.11700256168842316,0.32451124978664747
655_r4,ja,0.6765412062099655,0.3234587937900345,3,10,1.0,0.5684970617294312,1.0
655_r4,zh,0.2923526224031446,0.7076473775968555,3,10,1.0,0.16089516878128052,1.0
655_r5,en,0.6088229062235347,0.39117709377646526,3,10,1.0,0.5040848851203918,0.6000000000017313
655_r5,fr,0.012020283161616326,0.9879797168383837,3,10,1.0,0.024254048243165016,0.12451124978751298
655_r5,ja,0.11037236945963921,0.8896276305403608,3,10,1.0,0.10366997867822647,0.7245112497849162
655_r5,zh,0.2627588494257123,0.7372411505742877,3,10,1.0,0.0993708074092865,0.8000000000008656
662_r1,en,0.4221938644523731,0.5778061355476269,3,10,1.0,0.4924928843975067,0.3000000000028235
662_r1,fr,0.23058653991804925,0.7694134600819508,3,10,1.0,0.39445507526397705,0.10000000000368914
662_r1,ja,0.09931203883267316,0.9006879611673269,3,10,0.0,0.11476849019527435,0.7245112497849162
662_r1,zh,0.06366393639458667,0.9363360636054133,3,10,1.0,0.03796003386378288,1.0
662_r2,en,0.43698648802649787,0.5630135119735021,3,10,1.0,0.47965124249458313,0.3245112497866474
662_r2,fr,0.011962445576695454,0.9880375544233045,3,10,1.0,0.06204438954591751,0.12451124978751298
662_r2,ja,0.09748287138454086,0.9025171286154592,3,10,0.0,0.08020853251218796,1.0
662_r2,zh,0.34579270347861635,0.6542072965213837,3,10,1.0,0.17119459807872772,1.0
662_r3,en,0.05032623815567466,0.9496737618443254,3,10,1.0,0.31531083583831787,0.12451124978751298
662_r3,fr,0.006200536987374863,0.9937994630126251,3,10,1.0,0.03675389289855957,0.10000000000368914
662_r3,ja,0.0902248099629308,0.9097751900370692,3,10,0.0,0.06523006409406662,0.8000000000008656
662_r3,zh,0.03763034553742283,0.9623696544625772,3,10,1.0,0.024269456043839455,0.8000000000008656
662_r4,en,0.5106504609295868,0.48934953907041323,3,10,1.0,0.7314633727073669,0.3245112497866474
662_r4,fr,0.03535742267380251,0.9646425773261975,3,10,1.0,0.07472451776266098,0.40000000000259683
662_r4,ja,0.23839164675770882,0.7616083532422911,3,10,0.0,0.2621348798274994,0.7245112497849162
662_r4,zh,0.47466036804752343,0.5253396319524766,3,10,1.0,0.2842172086238861,1.0
662_r5,en,0.0005961749914715552,0.9994038250085284,3,10,1.0,0.2453639656305313,0.10000000000368914
662_r5,fr,0.05581056576347066,0.9441894342365293,3,10,1.0,0.19977718591690063,0.30000000000282356
662_r5,ja,0.04687843717316999,0.95312156282683,3,10,0.0,0.06494077295064926,0.7245112497849162
662_r5,zh,0.4244218895324617,0.5755781104675384,3,10,1.0,0.24321064352989197,0.8000000000008656
665_r1,en,0.5441880020741353,0.4558119979258647,3,10,1.0,0.714244544506073,0.3245112497866474
665_r1,fr,0.007132048498040788,0.9928679515019592,3,10,1.0,0.11858813464641571,0.12451124978751298
665_r1,ja,0.4077568840660594,0.5922431159339405,3,10,0.0,0.26458030939102173,0.8000000000008656
665_r1,zh,0.4829071510781887,0.5170928489218113,3,10,1.0,0.2824264466762543,1.0
665_r2,en,0.30434352129778436,0.6956564787022157,3,10,1.0,0.6120495200157166,0.10000000000368914
665_r2,fr,0.02563310856190614,0.9743668914380939,3,10,1.0,0.028862398117780685,0.7245112497849162
665_r2,ja,0.1190947620599309,0.8809052379400691,3,10,0.0,0.09761093556880951,0.8000000000008656
665_r2,zh,0.13962446852082955,0.8603755314791705,3,10,1.0,0.053846076130867004,1.0
665_r3,en,0.12450071706538014,0.8754992829346199,3,10,1.0,0.5003424882888794,0.12451124978751298
665_r3,fr,0.020870498184621163,0.9791295018153788,3,10,1.0,0.1014266386628151,0.10000000000368914
665_r3,ja,0.12376332011041875,0.8762366798895812,3,10,0.0,0.10010748356580734,0.5245112497857818
665_r3,zh,0.26197430308907405,0.738025696910926,3,10,1.0,0.10809389501810074,1.0
665_r4,en,0.5271382350516386,0.4728617649483614,3,10,1.0,0.7529232501983643,0.3000000000028235
665_r4,fr,0.014701576936409352,0.9852984230635906,3,10,1.0,0.021930396556854248,0.40000000000259683
665_r4,ja,0.11539684726666366,0.8846031527333363,3,10,0.0,0.12084946781396866,0.5245112497857819
665_r4,zh,0.3203981395536979,0.6796018604463021,3,10,1.0,0.18583491444587708,1.0
665_r5,en,0.6793153274450153,0.3206846725549847,3,10,1.0,0.5936800837516785,0.8000000000008656
665_r5,fr,0.22412988507918932,0.7758701149208107,3,10,1.0,0.1028718650341034,0.5245112497857819
665_r5,ja,0.03535119000365894,0.9646488099963411,3,10,0.0,0.061801258474588394,0.5245112497857818
665_r5,zh,0.308181793409954,0.691818206590046,3,10,1.0,0.14470115303993225,0.8000000000008656
666_r1,en,0.36668944817780474,0.6333105518221953,3,10,1.0,0.43622928857803345,0.30000000000282356
666_r1,fr,0.7426618810591156,0.25733811894088443,3,10,1.0,0.7982324361801147,0.7245112497849162
666_r1,ja,0.0849437395582412,0.9150562604417588,3,10,0.0,0.05947967618703842,1.0
666_r1,zh,0.057135055405439054,0.9428649445945609,3,10,1.0,0.038332127034664154,1.0
666_r2,en,0.004477848959810378,0.9955221510401896,3,10,1.0,0.006172372493892908,0.3245112497866474
666_r2,fr,0.7847883665437185,0.21521163345628147,3,10,1.0,0.7898699641227722,0.8000000000008656
666_r2,ja,0.3318985782616041,0.6681014217383958,3,10,0.0,0.25268763303756714,0.5245112497857819
666_r2,zh,0.03430272020656711,0.9656972797934329,3,10,1.0,0.024077335372567177,1.0
666_r3,en,0.6824396800602205,0.3175603199397795,3,10,1.0,0.6609501242637634,0.8000000000008656
666_r3,fr,0.010760809042066485,0.9892391909579336,3,10,1.0,0.09412597864866257,0.5000000000019581
666_r3,ja,0.033403229554882945,0.966596770445117,3,10,0.0,0.13603565096855164,0.32451124978664747
666_r3,zh,0.19818084978038786,0.8018191502196121,3,10,1.0,0.08479861170053482,0.7245112497849162
666_r4,en,0.4491012175868787,0.5508987824131213,3,10,1.0,0.5363188982009888,0.3000000000028235
666_r4,fr,0.0006064727246519938,0.999393527275348,3,10,1.0,0.0952695682644844,0.10000000000368914
666_r4,ja,0.6100427128049258,0.38995728719507416,3,10,0.0,0.43312326073646545,1.0
666_r4,zh,0.18976203963287136,0.8102379603671286,3,10,1.0,0.06743652373552322,1.0
666_r5,en,0.4491009237652204,0.5508990762347796,3,10,1.0,0.4133092761039734,0.3000000000028235
666_r5,fr,0.6945370201768292,0.30546297982317083,3,10,1.0,0.7485663890838623,0.7245112497849162
666_r5,ja,0.6101582055953506,0.3898417944046494,3,10,0.0,0.45575836300849915,0.8000000000008656
666_r5,zh,0.02050875008670541,0.9794912499132946,3,10,1.0,0.01708088256418705,1.0
667_r1,en,0.7531517888777147,0.24684821112228528,3,10,1.0,0.7460120916366577,0.7000000000010924
667_r1,fr,0.04170083820314531,0.9582991617968547,3,10,1.0,0.3204336166381836,0.10000000000368914
667_r1,ja,0.4569553056069142,0.5430446943930858,3,10,1.0,0.3800452649593353,0.8000000000008656
667_r1,zh,0.4015129465953255,0.5984870534046745,3,10,1.0,0.2390434592962265,1.0
667_r2,en,0.7535500632732668,0.2464499367267332,3,10,1.0,0.7222744226455688,0.8000000000008656
667_r2,fr,0.04964297575139789,0.9503570242486021,3,10,1.0,0.17860504984855652,0.12451124978751298
667_r2,ja,0.3858442039082894,0.6141557960917106,3,10,1.0,0.320292204618454,0.7245112497849162
667_r2,zh,0.36513612169545795,0.634863878304542,3,10,1.0,0.20482654869556427,1.0
667_r3,en,0.5063047419297627,0.4936952580702373,3,10,1.0,0.5554971098899841,0.3245112497866474
667_r3,fr,0.396116091136938,0.603883908863062,3,10,1.0,0.22333958745002747,0.5245112497857818
667_r3,ja,0.5789841755284608,0.4210158244715392,3,10,1.0,0.46296411752700806,1.0
667_r3,zh,0.3814337255339072,0.6185662744660928,3,10,1.0,0.20196399092674255,1.0
667_r4,en,0.752313838994618,0.247686161005382,3,10,1.0,0.8076110482215881,0.7245112497849162
667_r4,fr,0.03811766886242733,0.9618823311375727,3,10,1.0,0.16089914739131927,0.40000000000259683
667_r4,ja,0.3746192748801545,0.6253807251198455,3,10,1.0,0.2323697954416275,0.7245112497849162
667_r4,zh,0.37697574279512897,0.623024257204871,3,10,1.0,0.2738038897514343,0.7000000000010924
667_r5,en,0.6365305346447895,0.3634694653552105,3,10,1.0,0.6342867612838745,0.5000000000019581
667_r5,fr,0.3047496560561594,0.6952503439438407,3,10,1.0,0.3391157388687134,0.12451124978751298
667_r5,ja,0.5747919419404431,0.42520805805955686,3,10,1.0,0.4170073866844177,1.0
667_r5,zh,0.03453357720327341,0.9654664227967266,3,10,1.0,0.027661506086587906,1.0
668_r1,en,0.6787376916470158,0.3212623083529842,3,10,1.0,0.6511628031730652,0.8000000000008656
668_r1,fr,0.025416003151878253,0.9745839968481218,3,10,1.0,0.24668961763381958,0.3000000000028235
668_r1,ja,0.6062834965916362,0.39371650340836384,3,10,1.0,0.49453839659690857,1.0
668_r1,zh,0.028360567844633398,0.9716394321553666,3,10,1.0,0.025749104097485542,0.8000000000008656
668_r2,en,0.6784962573287019,0.3215037426712981,3,10,1.0,0.668092668056488,0.8000000000008656
668_r2,fr,0.32549833992091487,0.6745016600790852,3,10,1.0,0.4155861437320709,0.40000000000259683
668_r2,ja,0.5769155259621442,0.42308447403785576,3,10,1.0,0.4336646497249603,1.0
668_r2,zh,0.024253771731396163,0.9757462282686038,3,10,1.0,0.019819144159555435,1.0
668_r3,en,0.6813426455646959,0.3186573544353041,3,10,1.0,0.6814412474632263,0.8000000000008656
668_r3,fr,0.01208399857156431,0.9879160014284357,3,10,1.0,0.07378306239843369,0.10000000000368914
668_r3,ja,0.6306979452623989,0.36930205473760114,3,10,1.0,0.6039924621582031,0.8000000000008656
668_r3,zh,0.023410719744364678,0.9765892802556353,3,10,1.0,0.017286386340856552,1.0
668_r4,en,0.4563589606953578,0.5436410393046422,3,10,1.0,0.5838084816932678,0.3245112497866474
668_r4,fr,0.10429474000432455,0.8957052599956754,3,10,1.0,0.2095753699541092,0.5245112497857819
668_r4,ja,0.7148669829559879,0.28513301704401206,3,10,1.0,0.668349027633667,1.0
668_r4,zh,0.27493348328676237,0.7250665167132376,3,10,1.0,0.11217192560434341,1.0
668_r5,en,0.5829392646973117,0.4170607353026883,3,10,1.0,0.6561861038208008,0.5245112497857819
668_r5,fr,0.053405082542203386,0.9465949174577966,3,10,1.0,0.263824999332428,0.10000000000368914
668_r5,ja,0.6309346864258446,0.3690653135741554,3,10,1.0,0.5987840294837952,0.8000000000008656
668_r5,zh,0.28065031055795414,0.7193496894420459,3,10,1.0,0.12285305559635162,1.0
669_r1,en,0.7421650906821184,0.25783490931788156,3,10,1.0,0.7032079100608826,0.8000000000008656
669_r1,fr,0.5256278025136867,0.4743721974863133,3,10,1.0,0.34967702627182007,0.6000000000017313
669_r1,ja,0.6986770647735953,0.30132293522640474,3,10,1.0,0.572378396987915,0.8000000000008656
669_r1,zh,0.375556035579975,0.624443964420025,3,10,1.0,0.20482498407363892,0.8000000000008656
669_r2,en,0.8297667503205439,0.17023324967945608,3,10,1.0,0.8297668695449829,1.0
669_r2,fr,0.5354411490035212,0.46455885099647876,3,10,1.0,0.5890311002731323,0.5245112497857819
669_r2,ja,0.6390412730877599,0.36095872691224007,3,10,1.0,0.5329286456108093,0.7245112497849162
669_r2,zh,0.264588614051964,0.735411385948036,3,10,1.0,0.09831837564706802,1.0
669_r3,en,0.7421673830989381,0.25783261690106185,3,10,1.0,0.7475262880325317,0.8000000000008656
669_r3,fr,0.7421673830989381,0.25783261690106185,3,10,1.0,0.7469226717948914,0.8000000000008656
669_r3,ja,0.6908448993477889,0.3091551006522111,3,10,1.0,0.5835796594619751,1.0
669_r3,zh,0.02280073896335982,0.9771992610366402,3,10,1.0,0.019280163571238518,1.0
669_r4,en,0.8297667503205439,0.17023324967945608,3,10,1.0,0.8297668695449829,1.0
669_r4,fr,0.5247899683820896,0.4752100316179104,3,10,1.0,0.5879678130149841,0.40000000000259683
669_r4,ja,0.5153373894875211,0.48466261051247894,3,10,1.0,0.5246123671531677,0.5245112497857819
669_r4,zh,0.03546167308340686,0.9645383269165931,3,10,1.0,0.027427909895777702,1.0
669_r5,en,0.6942336443752123,0.3057663556247877,3,10,1.0,0.6727793216705322,0.8000000000008656
669_r5,fr,0.45535931922897155,0.5446406807710285,3,10,1.0,0.3663729131221771,0.5000000000019581
669_r5,ja,0.29738467701949545,0.7026153229805046,3,10,1.0,0.3185429573059082,0.5245112497857819
669_r5,zh,0.2645442545009974,0.7354557454990026,3,10,1.0,0.13235381245613098,0.8000000000008656
66_r1,en,0.27283119545844664,0.7271688045415534,3,10,0.0,0.44642558693885803,0.10000000000368914
66_r1,fr,0.00547313611948294,0.994526863880517,3,10,1.0,0.01937914825975895,0.5000000000019581
66_r1,ja,0.4259043854216015,0.5740956145783985,3,10,0.0,0.4430374205112457,0.7245112497849162
66_r1,zh,0.08296548196452024,0.9170345180354798,3,10,1.0,0.05190374702215195,0.8000000000008656
66_r2,en,0.011236239792203697,0.9887637602077963,3,10,0.0,0.032440077513456345,0.3000000000028235
66_r2,fr,0.029260388593085825,0.9707396114069142,3,10,1.0,0.10752112418413162,0.30000000000282356
66_r2,ja,0.23670125844890028,0.7632987415510997,3,10,0.0,0.3432341516017914,0.5245112497857819
66_r2,zh,0.31115455964544103,0.688845440354559,3,10,1.0,0.1734420359134674,1.0
66_r3,en,0.012974575779426163,0.9870254242205738,3,10,0.0,0.054961029440164566,0.40000000000259683
66_r3,fr,0.004403388691338499,0.9955966113086615,3,10,1.0,0.09345981478691101,0.32451124978664747
66_r3,ja,0.3610249773014708,0.6389750226985291,3,10,0.0,0.28811997175216675,0.5245112497857818
66_r3,zh,0.21723478748234973,0.7827652125176503,3,10,1.0,0.10280128568410873,1.0
66_r4,en,0.4725571985996009,0.5274428014003991,3,10,0.0,0.568442165851593,0.30000000000282356
66_r4,fr,0.006505544874372351,0.9934944551256276,3,10,1.0,0.02067132480442524,0.3000000000028235
66_r4,ja,0.4678670986700058,0.5321329013299942,3,10,0.0,0.36881110072135925,1.0
66_r4,zh,0.07160337146724217,0.9283966285327578,3,10,1.0,0.04333389922976494,1.0
66_r5,en,0.054546706815443394,0.9454532931845566,3,10,0.0,0.29579785466194153,0.3000000000028235
66_r5,fr,0.006436639736698377,0.9935633602633016,3,10,1.0,0.00905670691281557,0.6000000000017313
66_r5,ja,0.5735670163628985,0.42643298363710147,3,10,0.0,0.4806798994541168,1.0
66_r5,zh,0.2621330100890114,0.7378669899109886,3,10,1.0,0.09691447764635086,1.0
674_r1,en,7.167874556587999e-05,0.9999283212544341,3,10,1.0,0.09471908956766129,0.10000000000368914
674_r1,fr,0.27135836313952966,0.7286416368604703,3,10,1.0,0.284405380487442,0.40000000000259683
674_r1,ja,0.10634664647793532,0.8936533535220647,3,10,0.0,0.10147024691104889,0.5245112497857819
674_r1,zh,0.1919398676148941,0.8080601323851059,3,10,1.0,0.09006190299987793,1.0
674_r2,en,0.0008940499844386434,0.9991059500155614,3,10,1.0,0.1002870574593544,0.10000000000368914
674_r2,fr,0.00021129196618220765,0.9997887080338178,3,10,1.0,0.1869216114282608,0.10000000000368914
674_r2,ja,0.22453435806508734,0.7754656419349126,3,10,0.0,0.1180439442396164,1.0
674_r2,zh,0.19216836689009031,0.8078316331099097,3,10,1.0,0.07173184305429459,1.0
674_r3,en,0.0005577146548796184,0.9994422853451204,3,10,1.0,0.09830432385206223,0.10000000000368914
674_r3,fr,0.1927747813693937,0.8072252186306064,3,10,1.0,0.07120070606470108,0.3000000000028235
674_r3,ja,0.24576704306250907,0.7542329569374909,3,10,0.0,0.10715995728969574,0.5245112497857819
674_r3,zh,0.13488936059731524,0.8651106394026847,3,10,1.0,0.09423751384019852,1.0
674_r4,en,0.02611834405687711,0.9738816559431229,3,10,1.0,0.10245443880558014,0.10000000000368914
674_r4,fr,0.0006837658086504408,0.9993162341913495,3,10,1.0,0.26763755083084106,0.10000000000368914
674_r4,ja,0.06291736759997589,0.9370826324000241,3,10,0.0,0.053453851491212845,0.8000000000008656
674_r4,zh,0.09549627891707445,0.9045037210829255,3,10,1.0,0.038393206894397736,1.0
674_r5,en,0.0002618559272862122,0.9997381440727138,3,10,1.0,0.10544786602258682,0.3000000000028235
674_r5,fr,0.3201981221560057,0.6798018778439943,3,10,1.0,0.20307557284832,0.5000000000019581
674_r5,ja,0.3016446239544332,0.6983553760455667,3,10,0.0,0.1634194701910019,1.0
674_r5,zh,0.07324580209207532,0.9267541979079247,3,10,1.0,0.04461288079619408,0.7245112497849162
678_r1,en,0.3960629539490824,0.6039370460509176,3,10,1.0,0.5227951407432556,0.32451124978664747
678_r1,fr,0.7037228400430177,0.29627715995698234,3,10,1.0,0.599773645401001,1.0
678_r1,ja,0.4639113568435958,0.5360886431564043,3,10,1.0,0.42743733525276184,0.8000000000008656
678_r1,zh,0.2207312779611423,0.7792687220388577,3,10,1.0,0.18212418258190155,0.8000000000008656
678_r2,en,0.4636414205785812,0.5363585794214187,3,10,1.0,0.3221878409385681,1.0
678_r2,fr,0.7037424078323419,0.2962575921676581,3,10,1.0,0.6013743281364441,1.0
678_r2,ja,0.5543716065937663,0.4456283934062337,3,10,1.0,0.5143201947212219,1.0
678_r2,zh,0.21006958287839123,0.7899304171216088,3,10,1.0,0.17139197885990143,1.0
678_r3,en,0.5452002896718116,0.45479971032818844,3,10,1.0,0.4672618508338928,0.7245112497849162
678_r3,fr,0.4618152755910039,0.5381847244089961,3,10,1.0,0.29221948981285095,0.8000000000008656
678_r3,ja,0.4180913030898189,0.5819086969101811,3,10,1.0,0.37086883187294006,0.7245112497849162
678_r3,zh,0.29990264870052163,0.7000973512994784,3,10,1.0,0.16939660906791687,1.0
678_r4,en,0.6019931396081499,0.39800686039185007,3,10,1.0,0.5426429510116577,0.8000000000008656
678_r4,fr,0.5421932040259146,0.45780679597408536,3,10,1.0,0.4256051182746887,0.6000000000017313
678_r4,ja,0.4705551967273726,0.5294448032726273,3,10,1.0,0.3833729922771454,1.0
678_r4,zh,0.19595540675981166,0.8040445932401883,3,10,1.0,0.13875651359558105,1.0
678_r5,en,0.4580276857344429,0.541972314265557,3,10,1.0,0.38541489839553833,0.5245112497857819
678_r5,fr,0.6510988230895663,0.34890117691043365,3,10,1.0,0.6868341565132141,0.6000000000017313
678_r5,ja,0.4599279824990252,0.5400720175009748,3,10,1.0,0.41276997327804565,0.8000000000008656
678_r5,zh,0.4831533898004523,0.5168466101995477,3,10,1.0,0.36470112204551697,0.8000000000008656
679_r1,en,0.23171509437441468,0.7682849056255854,3,10,1.0,0.30828800797462463,0.10000000000368914
679_r1,fr,0.12888150483851668,0.8711184951614833,3,10,1.0,0.29714637994766235,0.8000000000008656
679_r1,ja,0.236846125178963,0.763153874821037,3,10,1.0,0.11830458790063858,1.0
679_r1,zh,0.09724826856446878,0.9027517314355312,3,10,1.0,0.06403066962957382,1.0
679_r2,en,0.043113276137709454,0.9568867238622906,3,10,1.0,0.19094569981098175,0.10000000000368914
679_r2,fr,0.28900489963484133,0.7109951003651587,3,10,1.0,0.22106027603149414,0.6000000000017313
679_r2,ja,0.16017301233679843,0.8398269876632016,3,10,1.0,0.08211033046245575,1.0
679_r2,zh,0.10638287260587118,0.8936171273941288,3,10,1.0,0.0791468471288681,0.8000000000008656
679_r3,en,0.057118965910145446,0.9428810340898546,3,10,1.0,0.05539529398083687,0.5245112497857819
679_r3,fr,0.07987841501899685,0.9201215849810032,3,10,1.0,0.052662596106529236,0.40000000000259683
679_r3,ja,0.06365031370062624,0.9363496862993738,3,10,1.0,0.07580292224884033,0.8000000000008656
679_r3,zh,0.12804221019967266,0.8719577898003273,3,10,1.0,0.10079474747180939,1.0
679_r4,en,0.2513849827392347,0.7486150172607653,3,10,1.0,0.598814845085144,0.10000000000368914
679_r4,fr,0.22501125728527585,0.7749887427147242,3,10,1.0,0.19673696160316467,0.7000000000010924
679_r4,ja,0.3788452504720023,0.6211547495279977,3,10,1.0,0.2667539715766907,1.0
679_r4,zh,0.16120630322687637,0.8387936967731237,3,10,1.0,0.14310982823371887,1.0
679_r5,en,0.03583541023274209,0.9641645897672579,3,10,1.0,0.0383884571492672,0.30000000000282356
679_r5,fr,0.2702775794876185,0.7297224205123816,3,10,1.0,0.33424055576324463,0.3245112497866474
679_r5,ja,0.12777156200587902,0.872228437994121,3,10,1.0,0.18473291397094727,0.8000000000008656
679_r5,zh,0.3035772997182437,0.6964227002817562,3,10,1.0,0.14688895642757416,1.0
680_r1,en,0.0022473583169636624,0.9977526416830363,3,10,1.0,0.4826103150844574,0.10000000000368914
680_r1,fr,0.001291108232547067,0.9987088917674529,3,10,1.0,0.24323640763759613,0.10000000000368914
680_r1,ja,0.4735920540749857,0.5264079459250143,3,10,1.0,0.2804250717163086,0.5245112497857819
680_r1,zh,0.533232586039792,0.46676741396020804,3,10,1.0,0.3424047827720642,1.0
680_r2,en,0.646183601635111,0.353816398364889,3,10,1.0,0.7761494517326355,0.6000000000017313
680_r2,fr,0.029380281034733887,0.9706197189652661,3,10,1.0,0.17788025736808777,0.12451124978751298
680_r2,ja,0.3710781801205604,0.6289218198794396,3,10,1.0,0.2364075481891632,0.6000000000017313
680_r2,zh,0.3885071536177165,0.6114928463822835,3,10,1.0,0.19036917388439178,1.0
680_r3,en,0.0034448296117631453,0.9965551703882368,3,10,1.0,0.4899907112121582,0.10000000000368914
680_r3,fr,0.11754962669118554,0.8824503733088145,3,10,1.0,0.09639734774827957,0.3245112497866474
680_r3,ja,0.49266019694940155,0.5073398030505984,3,10,1.0,0.3895115852355957,0.8000000000008656
680_r3,zh,0.3850505913746629,0.6149494086253371,3,10,1.0,0.1790127456188202,1.0
680_r4,en,0.4296960525703264,0.5703039474296736,3,10,1.0,0.6334692239761353,0.3000000000028235
680_r4,fr,0.20309046791952268,0.7969095320804773,3,10,1.0,0.2646222710609436,0.10000000000368914
680_r4,ja,0.5386951882533713,0.46130481174662874,3,10,1.0,0.36068621277809143,1.0
680_r4,zh,0.42792832773284595,0.572071672267154,3,10,1.0,0.23931626975536346,1.0
680_r5,en,0.5656173205334082,0.4343826794665918,3,10,1.0,0.5507800579071045,0.5000000000019581
680_r5,fr,0.08526503113608731,0.9147349688639127,3,10,1.0,0.1767004132270813,0.5000000000019581
680_r5,ja,0.6271503867459723,0.37284961325402766,3,10,1.0,0.4625978469848633,1.0
680_r5,zh,0.389383056923762,0.610616943076238,3,10,1.0,0.17763027548789978,0.8000000000008656
690_r1,en,0.626521543207445,0.373478456792555,3,10,1.0,0.6208867430686951,0.5000000000019581
690_r1,fr,0.004144517897173995,0.995855482102826,3,10,1.0,0.10462480038404465,0.12451124978751298
690_r1,ja,0.20487488884155303,0.795125111158447,3,10,1.0,0.2697114050388336,0.5245112497857819
690_r1,zh,0.22288954405135758,0.7771104559486424,3,10,1.0,0.07605322450399399,1.0
690_r2,en,0.6265207424173255,0.37347925758267453,3,10,1.0,0.6312093138694763,0.5000000000019581
690_r2,fr,0.008623316778836125,0.9913766832211639,3,10,1.0,0.10359612852334976,0.32451124978664747
690_r2,ja,0.553393876995249,0.446606123004751,3,10,1.0,0.46150538325309753,0.8000000000008656
690_r2,zh,0.230138048174489,0.769861951825511,3,10,1.0,0.07885115593671799,0.8000000000008656
690_r3,en,0.7413096830842983,0.25869031691570166,3,10,1.0,0.7096006274223328,0.8000000000008656
690_r3,fr,0.2958836525391466,0.7041163474608534,3,10,1.0,0.1995842605829239,0.6000000000017313
690_r3,ja,0.29062649062193463,0.7093735093780653,3,10,1.0,0.26491668820381165,0.3245112497866474
690_r3,zh,0.030012358367435533,0.9699876416325645,3,10,1.0,0.09555061906576157,0.3245112497866474
690_r4,en,0.6265211638855945,0.37347883611440547,3,10,1.0,0.5603653192520142,0.5000000000019581
690_r4,fr,0.009051538150129443,0.9909484618498705,3,10,1.0,0.01456158235669136,0.3245112497866474
690_r4,ja,0.39669822235262253,0.6033017776473775,3,10,1.0,0.2282191812992096,0.7000000000010924
690_r4,zh,0.12758632758978825,0.8724136724102117,3,10,1.0,0.0924459770321846,0.5245112497857819
690_r5,en,0.6287182516947488,0.3712817483052512,3,10,1.0,0.6579647064208984,0.6000000000017313
690_r5,fr,0.004721106021936781,0.9952788939780632,3,10,1.0,0.188754141330719,0.40000000000259683
690_r5,ja,0.10218281602366472,0.8978171839763353,3,10,1.0,0.2221778780221939,0.40000000000259683
690_r5,zh,0.2273220733081468,0.7726779266918532,3,10,1.0,0.0763678103685379,0.5245112497857818
691_r1,en,0.08070223345142734,0.9192977665485726,3,10,0.0,0.24595478177070618,0.12451124978751298
691_r1,fr,0.3135412620268213,0.6864587379731787,3,10,0.0,0.35866880416870117,0.3000000000028235
691_r1,ja,0.19212426993892084,0.8078757300610792,3,10,0.0,0.16364379227161407,0.8000000000008656
691_r1,zh,0.2739942701855814,0.7260057298144186,3,10,0.0,0.10450289398431778,1.0
691_r2,en,0.0701147016288532,0.9298852983711468,3,10,0.0,0.2744213044643402,0.10000000000368914
691_r2,fr,0.11789401045116349,0.8821059895488366,3,10,0.0,0.30373135209083557,0.12451124978751298
691_r2,ja,0.5169088791968094,0.4830911208031906,3,10,0.0,0.43231555819511414,0.8000000000008656
691_r2,zh,0.03333568572250524,0.9666643142774948,3,10,0.0,0.028661461547017097,1.0
691_r3,en,0.03209150079206507,0.967908499207935,3,10,0.0,0.030777493491768837,0.30000000000282356
691_r3,fr,0.07345046264399255,0.9265495373560074,3,10,0.0,0.13448280096054077,0.12451124978751298
691_r3,ja,0.5383217324226777,0.46167826757732233,3,10,0.0,0.35269805788993835,1.0
691_r3,zh,0.02206349467019138,0.9779365053298086,3,10,0.0,0.023727310821413994,0.7245112497849162
691_r4,en,0.005009385210412043,0.994990614789588,3,10,0.0,0.10456240922212601,0.10000000000368914
691_r4,fr,0.04227711194369016,0.9577228880563098,3,10,0.0,0.05533844977617264,0.3000000000028235
691_r4,ja,0.20468129454526426,0.7953187054547357,3,10,0.0,0.14522385597229004,1.0
691_r4,zh,0.04504050860875767,0.9549594913912424,3,10,0.0,0.03312524035573006,1.0
691_r5,en,0.35314561983309994,0.6468543801669,3,10,0.0,0.24341616034507751,0.5000000000019581
691_r5,fr,0.2927956183417388,0.7072043816582612,3,10,0.0,0.18878865242004395,0.3000000000028235
691_r5,ja,0.10027826281055596,0.899721737189444,3,10,0.0,0.08503544330596924,1.0
691_r5,zh,0.05308937093943974,0.9469106290605602,3,10,0.0,0.033428922295570374,1.0
696_r1,en,0.5483126728710487,0.4516873271289513,3,10,1.0,0.6684885025024414,0.5000000000019581
696_r1,fr,0.6470351184186431,0.35296488158135686,3,10,1.0,0.6768694519996643,0.5000000000019581
696_r1,ja,0.47261121713906806,0.5273887828609319,3,10,1.0,0.26439914107322693,1.0
696_r1,zh,0.23032000394631616,0.7696799960536839,3,10,1.0,0.09691228717565536,0.8000000000008656
696_r2,en,0.8637215494951866,0.13627845050481335,3,10,1.0,0.8637216091156006,1.0
696_r2,fr,0.5018003174943512,0.49819968250564883,3,10,1.0,0.5271720290184021,0.3000000000028235
696_r2,ja,0.4747882702641564,0.5252117297358436,3,10,1.0,0.3139529526233673,0.7245112497849162
696_r2,zh,0.33537584980632795,0.664624150193672,3,10,1.0,0.17801056802272797,1.0
696_r3,en,0.4859481160074401,0.5140518839925599,3,10,1.0,0.6301529407501221,0.3245112497866474
696_r3,fr,0.5018007657714868,0.4981992342285132,3,10,1.0,0.6287395358085632,0.3000000000028235
696_r3,ja,0.5458126797048357,0.4541873202951643,3,10,1.0,0.3726198971271515,0.8000000000008656
696_r3,zh,0.3622708480662434,0.6377291519337567,3,10,1.0,0.19199804961681366,0.7245112497849162
696_r4,en,0.7226406546830764,0.27735934531692363,3,10,1.0,0.7479114532470703,0.8000000000008656
696_r4,fr,0.315718778199553,0.684281221800447,3,10,1.0,0.5581019520759583,0.12451124978751298
696_r4,ja,0.3861873380820592,0.6138126619179408,3,10,1.0,0.2188047617673874,0.6000000000017313
696_r4,zh,0.3213490101537781,0.6786509898462219,3,10,1.0,0.15813174843788147,1.0
696_r5,en,0.6126590515779432,0.3873409484220568,3,10,1.0,0.5445478558540344,0.8000000000008656
696_r5,fr,0.43041918966315323,0.5695808103368467,3,10,1.0,0.6633138060569763,0.32451124978664747
696_r5,ja,0.48738904225859114,0.5126109577414089,3,10,1.0,0.46509549021720886,0.5245112497857818
696_r5,zh,0.41698833268065266,0.5830116673193473,3,10,1.0,0.2411131113767624,1.0
703_r1,en,0.0065243731873458,0.9934756268126542,3,10,1.0,0.04941364377737045,0.10000000000368914
703_r1,fr,0.5624745227191229,0.4375254772808771,3,10,1.0,0.4368944764137268,1.0
703_r1,ja,0.6193396372427491,0.3806603627572509,3,10,0.0,0.5153957605361938,0.7245112497849162
703_r1,zh,0.4938845719901052,0.5061154280098947,3,10,0.0,0.2775762379169464,1.0
703_r2,en,0.22045095709918894,0.7795490429008111,3,10,1.0,0.1785522997379303,0.40000000000259683
703_r2,fr,0.16196685738403183,0.8380331426159682,3,10,1.0,0.10409344732761383,0.6000000000017313
703_r2,ja,0.03860602662932581,0.9613939733706742,3,10,0.0,0.029044346883893013,0.8000000000008656
703_r2,zh,0.055928149844668144,0.9440718501553319,3,10,0.0,0.03541335090994835,1.0
703_r3,en,0.04040906275318235,0.9595909372468177,3,10,1.0,0.031666502356529236,0.5000000000019581
703_r3,fr,0.03769677596322121,0.9623032240367788,3,10,1.0,0.057964716106653214,0.3000000000028235
703_r3,ja,0.43394124688631586,0.5660587531136841,3,10,0.0,0.22254520654678345,1.0
703_r3,zh,0.4488329595773848,0.5511670404226152,3,10,0.0,0.24652227759361267,1.0
703_r4,en,0.049449793621134934,0.9505502063788651,3,10,1.0,0.15320688486099243,0.10000000000368914
703_r4,fr,0.020569211036599016,0.979430788963401,3,10,1.0,0.03058130294084549,0.5245112497857819
703_r4,ja,0.8118517534982094,0.18814824650179063,3,10,0.0,0.7820855379104614,0.7245112497849162
703_r4,zh,0.3312331355315098,0.6687668644684902,3,10,0.0,0.15626150369644165,1.0
703_r5,en,0.7258382049859481,0.2741617950140519,3,10,1.0,0.7192798256874084,0.8000000000008656
703_r5,fr,0.3950269199828431,0.6049730800171569,3,10,1.0,0.5420228242874146,0.30000000000282356
703_r5,ja,0.3695273994586058,0.6304726005413942,3,10,0.0,0.1773330122232437,0.8000000000008656
703_r5,zh,0.06115981347511798,0.938840186524882,3,10,0.0,0.04540157690644264,1.0
704_r1,en,0.5014079969082011,0.49859200309179885,3,10,1.0,0.839576005935669,0.3000000000028235
704_r1,fr,0.0971741389594595,0.9028258610405405,3,10,1.0,0.14336422085762024,0.12451124978751298
704_r1,ja,0.3241596484568583,0.6758403515431417,3,10,1.0,0.25673481822013855,0.6000000000017313
704_r1,zh,0.06606857767561923,0.9339314223243808,3,10,1.0,0.07976173609495163,0.7245112497849162
704_r2,en,0.8478897469813936,0.15211025301860637,3,10,1.0,0.856185257434845,0.8000000000008656
704_r2,fr,0.13644301253640317,0.8635569874635969,3,10,1.0,0.13653384149074554,0.30000000000282356
704_r2,ja,0.2846127922844951,0.7153872077155049,3,10,1.0,0.17617778480052948,1.0
704_r2,zh,0.30573919053824805,0.694260809461752,3,10,1.0,0.12137822061777115,1.0
704_r3,en,0.7554157442924727,0.2445842557075273,3,10,1.0,0.8062905669212341,0.7245112497849162
704_r3,fr,0.10578996045271681,0.8942100395472832,3,10,1.0,0.11989036947488785,0.3000000000028235
704_r3,ja,0.44085404954524454,0.5591459504547555,3,10,1.0,0.38156330585479736,1.0
704_r3,zh,0.5838923824553055,0.4161076175446945,3,10,1.0,0.3807184100151062,1.0
704_r4,en,0.2822430960338063,0.7177569039661937,3,10,1.0,0.566167414188385,0.10000000000368914
704_r4,fr,0.09466326046403906,0.9053367395359609,3,10,1.0,0.20080171525478363,0.3000000000028235
704_r4,ja,0.17441483595845095,0.825585164041549,3,10,1.0,0.13013292849063873,0.8000000000008656
704_r4,zh,0.032197077016301236,0.9678029229836987,3,10,1.0,0.02716580592095852,0.8000000000008656
704_r5,en,0.44203524979553355,0.5579647502044665,3,10,1.0,0.6175349354743958,0.3245112497866474
704_r5,fr,0.03161391626812062,0.9683860837318794,3,10,1.0,0.142873153090477,0.30000000000282356
704_r5,ja,0.11772334808583441,0.8822766519141656,3,10,1.0,0.22058171033859253,0.8000000000008656
704_r5,zh,0.5575383937073951,0.4424616062926049,3,10,1.0,0.384647399187088,1.0
705_r1,en,0.604293875772747,0.39570612422725304,3,10,1.0,0.6140192151069641,0.8000000000008656
705_r1,fr,0.012818847490588238,0.9871811525094117,3,10,1.0,0.11072433739900589,0.3245112497866474
705_r1,ja,0.5176335658441032,0.48236643415589675,3,10,1.0,0.4278503358364105,1.0
705_r1,zh,0.2578222008679864,0.7421777991320135,3,10,1.0,0.15199050307273865,0.8000000000008656
705_r2,en,0.30235411024598613,0.6976458897540139,3,10,1.0,0.3754262626171112,0.3000000000028235
705_r2,fr,0.008044382058888263,0.9919556179411118,3,10,1.0,0.21203818917274475,0.3000000000028235
705_r2,ja,0.6348814803547522,0.3651185196452478,3,10,1.0,0.5791665315628052,1.0
705_r2,zh,0.24894848042938156,0.7510515195706184,3,10,1.0,0.10912445187568665,1.0
705_r3,en,0.39663331920919564,0.6033666807908044,3,10,1.0,0.427931010723114,0.3000000000028235
705_r3,fr,0.014130688172372723,0.9858693118276273,3,10,1.0,0.1162964329123497,0.30000000000282356
705_r3,ja,0.5031687492321102,0.4968312507678898,3,10,1.0,0.45480531454086304,0.8000000000008656
705_r3,zh,0.4152919730009851,0.5847080269990149,3,10,1.0,0.2541079819202423,1.0
705_r4,en,0.003816238154760812,0.9961837618452392,3,10,1.0,0.28574419021606445,0.10000000000368914
705_r4,fr,0.07014403915739473,0.9298559608426052,3,10,1.0,0.09488563239574432,0.7245112497849162
705_r4,ja,0.5085217827925859,0.49147821720741414,3,10,1.0,0.4011649787425995,0.8000000000008656
705_r4,zh,0.45163972577113565,0.5483602742288644,3,10,1.0,0.2860121428966522,1.0
705_r5,en,0.4318132594064899,0.5681867405935102,3,10,1.0,0.3829704225063324,0.5000000000019581
705_r5,fr,0.014853217307821654,0.9851467826921784,3,10,1.0,0.10978539288043976,0.5000000000019581
705_r5,ja,0.5707763024781345,0.4292236975218655,3,10,1.0,0.4804695248603821,1.0
705_r5,zh,0.3265693860072107,0.6734306139927893,3,10,1.0,0.19708065688610077,0.8000000000008656
707_r1,en,0.30752950567442344,0.6924704943255766,3,10,0.0,0.10838890820741653,0.12451124978751298
707_r1,fr,0.028884971807306415,0.9711150281926936,3,10,0.0,0.06640223413705826,0.3245112497866474
707_r1,ja,0.3003095655205686,0.6996904344794315,3,10,0.0,0.20431968569755554,0.5245112497857819
707_r1,zh,0.0753954979434707,0.9246045020565293,3,10,0.0,0.03180534020066261,1.0
707_r2,en,0.30752943738908994,0.69247056261091,3,10,0.0,0.23943692445755005,0.10000000000368914
707_r2,fr,0.027884542698960922,0.9721154573010391,3,10,0.0,0.05677367001771927,0.5245112497857819
707_r2,ja,0.4244182580154991,0.5755817419845008,3,10,0.0,0.2958531081676483,0.3245112497866474
707_r2,zh,0.20926263123478597,0.790737368765214,3,10,0.0,0.073087677359581,0.7245112497849162
707_r3,en,0.00015821463213599372,0.999841785367864,3,10,0.0,0.10346632450819016,0.3000000000028235
707_r3,fr,0.3200409933061736,0.6799590066938264,3,10,0.0,0.19584116339683533,0.3000000000028235
707_r3,ja,0.4252145933162667,0.5747854066837332,3,10,0.0,0.2033507078886032,1.0
707_r3,zh,0.18861776907358127,0.8113822309264187,3,10,0.0,0.06762339174747467,0.7245112497849162
707_r4,en,0.011163936106588241,0.9888360638934117,3,10,0.0,0.005292647052556276,0.5000000000019581
707_r4,fr,0.29813276651947684,0.7018672334805232,3,10,0.0,0.3660987317562103,0.10000000000368914
707_r4,ja,0.43473504019523557,0.5652649598047644,3,10,0.0,0.22880901396274567,1.0
707_r4,zh,0.11628923877278544,0.8837107612272146,3,10,0.0,0.05500129982829094,0.8000000000008656
707_r5,en,0.027981857235453714,0.9720181427645462,3,10,0.0,0.01753176935017109,0.8000000000008656
707_r5,fr,0.007643302325724917,0.992356697674275,3,10,0.0,0.14714415371418,0.10000000000368914
707_r5,ja,0.6206202308813539,0.3793797691186461,3,10,0.0,0.43975263833999634,0.8000000000008656
707_r5,zh,0.286986499585952,0.713013500414048,3,10,0.0,0.13037125766277313,0.8000000000008656
713_r1,en,0.7635279244883862,0.23647207551161376,3,10,1.0,0.7461458444595337,0.8000000000008656
713_r1,fr,0.02728523784355324,0.9727147621564468,3,10,1.0,0.13543513417243958,0.32451124978664747
713_r1,ja,0.27687768595581547,0.7231223140441845,3,10,1.0,0.20756854116916656,1.0
713_r1,zh,0.4158602485418617,0.5841397514581383,3,10,1.0,0.3109053671360016,0.8000000000008656
713_r2,en,0.49945184878549936,0.5005481512145007,3,10,1.0,0.5655905604362488,0.40000000000259683
713_r2,fr,0.04758055949384447,0.9524194405061556,3,10,1.0,0.1451525241136551,0.40000000000259683
713_r2,ja,0.4257650272403387,0.5742349727596613,3,10,1.0,0.2482377588748932,1.0
713_r2,zh,0.3688279833940516,0.6311720166059485,3,10,1.0,0.1813247799873352,1.0
713_r3,en,0.5767434406581421,0.4232565593418579,3,10,1.0,0.5748427510261536,0.6000000000017313
713_r3,fr,0.006192687712325317,0.9938073122876747,3,10,1.0,0.03327145427465439,0.10000000000368914
713_r3,ja,0.3062799277448947,0.6937200722551053,3,10,1.0,0.15086370706558228,1.0
713_r3,zh,0.5081364845259977,0.4918635154740023,3,10,1.0,0.30639171600341797,1.0
713_r4,en,0.8154674731358356,0.18453252686416444,3,10,1.0,0.7358775734901428,1.0
713_r4,fr,0.0389663818085367,0.9610336181914633,3,10,1.0,0.14366592466831207,0.5245112497857819
713_r4,ja,0.13096534886822014,0.8690346511317799,3,10,1.0,0.1901901662349701,0.5245112497857818
713_r4,zh,0.42183531556327736,0.5781646844367226,3,10,1.0,0.2015632838010788,1.0
713_r5,en,0.6115065983805699,0.38849340161943013,3,10,1.0,0.6396251916885376,0.6000000000017313
713_r5,fr,0.04595578047463288,0.9540442195253671,3,10,1.0,0.21915386617183685,0.6000000000017313
713_r5,ja,0.5914098967093521,0.40859010329064793,3,10,1.0,0.5153617262840271,0.8000000000008656
713_r5,zh,0.2914876578138551,0.7085123421861449,3,10,1.0,0.11432192474603653,0.7245112497849162
717_r1,en,0.24898056563785284,0.7510194343621471,3,10,1.0,0.4178231656551361,0.3000000000028235
717_r1,fr,0.5961875005341135,0.4038124994658865,3,10,1.0,0.5604423880577087,0.7245112497849162
717_r1,ja,0.5186948068877077,0.48130519311229225,3,10,1.0,0.36788973212242126,0.8000000000008656
717_r1,zh,0.32806016836948426,0.6719398316305157,3,10,1.0,0.297650009393692,0.7245112497849162
717_r2,en,0.18071240025873203,0.819287599741268,3,10,1.0,0.42709141969680786,0.12451124978751298
717_r2,fr,0.5940585937098961,0.4059414062901039,3,10,1.0,0.5881301760673523,0.8000000000008656
717_r2,ja,0.454888895264978,0.545111104735022,3,10,1.0,0.3435588777065277,1.0
717_r2,zh,0.28895253898828754,0.7110474610117125,3,10,1.0,0.1738898605108261,0.3245112497866474
717_r3,en,0.1528214462585117,0.8471785537414883,3,10,1.0,0.3864808976650238,0.12451124978751298
717_r3,fr,0.7552518362964564,0.24474816370354358,3,10,1.0,0.7090408205986023,1.0
717_r3,ja,0.13526790018388726,0.8647320998161128,3,10,1.0,0.12900778651237488,0.6000000000017313
717_r3,zh,0.3969970872866389,0.6030029127133611,3,10,1.0,0.3014993965625763,1.0
717_r4,en,0.18450409328664194,0.815495906713358,3,10,1.0,0.3648470938205719,0.12451124978751298
717_r4,fr,0.07899873906515621,0.9210012609348438,3,10,1.0,0.2495524287223816,0.3000000000028235
717_r4,ja,0.4101691205733031,0.5898308794266969,3,10,1.0,0.29946988821029663,0.6000000000017313
717_r4,zh,0.012936654927973438,0.9870633450720265,3,10,1.0,0.2665850520133972,0.12451124978751298
717_r5,en,0.2555626524438214,0.7444373475561785,3,10,1.0,0.5192779898643494,0.40000000000259683
717_r5,fr,0.6292299389141396,0.3707700610858604,3,10,1.0,0.6489121913909912,0.5245112497857818
717_r5,ja,0.1042587885400479,0.8957412114599521,3,10,1.0,0.1740422546863556,0.5245112497857819
717_r5,zh,0.33729362194561174,0.6627063780543883,3,10,1.0,0.29789096117019653,0.7245112497849162
718_r1,en,0.1793097057724795,0.8206902942275205,3,10,1.0,0.19786596298217773,0.30000000000282356
718_r1,fr,0.027194800969773045,0.972805199030227,3,10,1.0,0.1068451851606369,0.30000000000282356
718_r1,ja,0.29344000143549615,0.7065599985645039,3,10,1.0,0.28279945254325867,0.6000000000017313
718_r1,zh,0.3656705572169097,0.6343294427830903,3,10,1.0,0.1963258534669876,0.8000000000008656
718_r2,en,0.0891397307690206,0.9108602692309794,3,10,1.0,0.2948231101036072,0.12451124978751298
718_r2,fr,0.06518754270534223,0.9348124572946578,3,10,1.0,0.199769526720047,0.30000000000282356
718_r2,ja,0.06826104758516022,0.9317389524148398,3,10,1.0,0.035854239016771317,1.0
718_r2,zh,0.3061331979776813,0.6938668020223187,3,10,1.0,0.16474777460098267,1.0
718_r3,en,0.18848579144244731,0.8115142085575526,3,10,1.0,0.19625240564346313,0.3000000000028235
718_r3,fr,0.23811555129821615,0.7618844487017838,3,10,1.0,0.1349591761827469,0.3000000000028235
718_r3,ja,0.3459614470002664,0.6540385529997337,3,10,1.0,0.296373575925827,0.8000000000008656
718_r3,zh,0.04012987528332425,0.9598701247166758,3,10,1.0,0.03450470045208931,1.0
718_r4,en,0.05579333118450933,0.9442066688154906,3,10,1.0,0.15807810425758362,0.12451124978751298
718_r4,fr,0.05221137699381618,0.9477886230061838,3,10,1.0,0.10022661089897156,0.10000000000368914
718_r4,ja,0.23916664603334792,0.7608333539666521,3,10,1.0,0.13793130218982697,0.7245112497849162
718_r4,zh,0.6917707683737057,0.30822923162629434,3,10,1.0,0.57567298412323,1.0
718_r5,en,0.15414318622764195,0.8458568137723581,3,10,1.0,0.29647693037986755,0.10000000000368914
718_r5,fr,0.00877126881846824,0.9912287311815318,3,10,1.0,0.10167840868234634,0.10000000000368914
718_r5,ja,0.25712050121868785,0.7428794987813121,3,10,1.0,0.2530783712863922,0.6000000000017313
718_r5,zh,0.4149716833967293,0.5850283166032707,3,10,1.0,0.21527542173862457,1.0
720_r1,en,0.7386538519803196,0.26134614801968037,3,10,1.0,0.7156561613082886,0.6000000000017313
720_r1,fr,0.28969512251305823,0.7103048774869418,3,10,1.0,0.21622547507286072,0.3000000000028235
720_r1,ja,0.6794895078108263,0.3205104921891737,3,10,0.0,0.5334104299545288,1.0
720_r1,zh,0.16783618189998922,0.8321638181000108,3,10,0.0,0.15450352430343628,0.8000000000008656
720_r2,en,0.5198607544058933,0.4801392455941067,3,10,1.0,0.5886535048484802,0.32451124978664747
720_r2,fr,0.3085379135987932,0.6914620864012069,3,10,1.0,0.2763885259628296,0.40000000000259683
720_r2,ja,0.7488839134137638,0.2511160865862362,3,10,0.0,0.684034526348114,1.0
720_r2,zh,0.33891731527090974,0.6610826847290903,3,10,0.0,0.17404308915138245,1.0
720_r3,en,0.5175997651086914,0.48240023489130857,3,10,1.0,0.6013138294219971,0.3245112497866474
720_r3,fr,0.05531818263973073,0.9446818173602692,3,10,1.0,0.15491637587547302,0.5000000000019581
720_r3,ja,0.5639554267444997,0.4360445732555003,3,10,0.0,0.46987923979759216,0.7245112497849162
720_r3,zh,0.2353552550432719,0.7646447449567281,3,10,0.0,0.08451651781797409,0.8000000000008656
720_r4,en,0.5953668927090109,0.4046331072909891,3,10,1.0,0.48927587270736694,0.6000000000017313
720_r4,fr,0.050939053585117154,0.9490609464148828,3,10,1.0,0.19408828020095825,0.12451124978751298
720_r4,ja,0.7827819839225882,0.21721801607741176,3,10,0.0,0.7131242156028748,1.0
720_r4,zh,0.24489858634268882,0.7551014136573112,3,10,0.0,0.11355256289243698,1.0
720_r5,en,0.5223070170982372,0.47769298290176276,3,10,1.0,0.5387417078018188,0.30000000000282356
720_r5,fr,0.03694741887176243,0.9630525811282376,3,10,1.0,0.13898515701293945,0.12451124978751298
720_r5,ja,0.08968829969776863,0.9103117003022314,3,10,0.0,0.12370964884757996,0.5245112497857818
720_r5,zh,0.24812744671010276,0.7518725532898972,3,10,0.0,0.11289499700069427,1.0
722_r1,en,0.9091272625973339,0.0908727374026661,3,10,1.0,0.8727719783782959,1.0
722_r1,fr,0.9556661549222603,0.04433384507773974,3,10,1.0,0.9556264877319336,1.0
722_r1,ja,0.8384551220214168,0.1615448779785832,3,10,1.0,0.7982738614082336,1.0
722_r1,zh,0.3098665200240276,0.6901334799759724,3,10,1.0,0.28398358821868896,0.7245112497849162
722_r2,en,0.9094631442742194,0.09053685572578063,3,10,1.0,0.8692474365234375,1.0
722_r2,fr,0.647086084949852,0.352913915050148,3,10,1.0,0.7142103910446167,0.5000000000019581
722_r2,ja,0.8837566971617521,0.11624330283824791,3,10,1.0,0.883756697177887,1.0
722_r2,zh,0.28387582336077327,0.7161241766392268,3,10,1.0,0.38717415928840637,0.32451124978664747
722_r3,en,0.9583988189522289,0.04160118104777111,3,10,1.0,0.9583988189697266,1.0
722_r3,fr,0.591050540921587,0.40894945907841296,3,10,1.0,0.6297780275344849,0.5000000000019581
722_r3,ja,0.8837566971617521,0.11624330283824791,3,10,1.0,0.883756697177887,1.0
722_r3,zh,0.3769861446517548,0.6230138553482452,3,10,1.0,0.3362354338169098,0.7245112497849162
722_r4,en,0.8597476332544322,0.14025236674556785,3,10,1.0,0.7921355962753296,1.0
722_r4,fr,0.9006756320780815,0.09932436792191845,3,10,1.0,0.8970156311988831,1.0
722_r4,ja,0.8397425368368716,0.1602574631631284,3,10,1.0,0.8103617429733276,1.0
722_r4,zh,0.2987940753083828,0.7012059246916171,3,10,1.0,0.21164093911647797,0.8000000000008656
722_r5,en,0.9583988189522289,0.04160118104777111,3,10,1.0,0.9583988189697266,1.0
722_r5,fr,0.9562740202197417,0.04372597978025827,3,10,1.0,0.9562684893608093,1.0
722_r5,ja,0.6938706410283638,0.3061293589716362,3,10,1.0,0.6424936056137085,0.7245112497849162
722_r5,zh,0.2608339999421226,0.7391660000578775,3,10,1.0,0.21990953385829926,0.5245112497857819
723_r1,en,0.26407899741215124,0.7359210025878488,3,10,1.0,0.46966880559921265,0.10000000000368914
723_r1,fr,0.006576311827847654,0.9934236881721523,3,10,1.0,0.10643269866704941,0.10000000000368914
723_r1,ja,0.0896345758755797,0.9103654241244203,3,10,1.0,0.08253595232963562,0.7245112497849162
723_r1,zh,0.23505753009697913,0.7649424699030208,3,10,1.0,0.151480033993721,1.0
723_r2,en,0.2699439979192156,0.7300560020807845,3,10,1.0,0.4048660695552826,0.10000000000368914
723_r2,fr,0.010432805554487175,0.9895671944455128,3,10,1.0,0.07855772972106934,0.10000000000368914
723_r2,ja,0.12565491655155964,0.8743450834484403,3,10,1.0,0.10569164156913757,1.0
723_r2,zh,0.23255801278793853,0.7674419872120615,3,10,1.0,0.09126623719930649,1.0
723_r3,en,0.4731659639470274,0.5268340360529726,3,10,1.0,0.7017975449562073,0.3245112497866474
723_r3,fr,0.011390506180196311,0.9886094938198037,3,10,1.0,0.10884866118431091,0.30000000000282356
723_r3,ja,0.12655097393950887,0.8734490260604911,3,10,1.0,0.11512265354394913,0.8000000000008656
723_r3,zh,0.15700484532267542,0.8429951546773246,3,10,1.0,0.07351160794496536,1.0
723_r4,en,0.3818629486761479,0.6181370513238521,3,10,1.0,0.5213168859481812,0.3000000000028235
723_r4,fr,0.007298392290444183,0.9927016077095558,3,10,1.0,0.18919004499912262,0.12451124978751298
723_r4,ja,0.12808186960182155,0.8719181303981784,3,10,1.0,0.11415042728185654,0.7245112497849162
723_r4,zh,0.20936599260819758,0.7906340073918025,3,10,1.0,0.07506129145622253,0.7245112497849162
723_r5,en,0.00636405223349427,0.9936359477665058,3,10,1.0,0.06558585166931152,0.30000000000282356
723_r5,fr,0.01160343904080338,0.9883965609591966,3,10,1.0,0.15465539693832397,0.40000000000259683
723_r5,ja,0.25340913823044,0.74659086176956,3,10,1.0,0.2245474010705948,0.6000000000017313
723_r5,zh,0.1815555990107932,0.8184444009892068,3,10,1.0,0.10223326832056046,1.0
727_r1,en,0.6210448790063205,0.37895512099367945,3,10,0.0,0.5905223488807678,0.5000000000019581
727_r1,fr,0.0006634856809527712,0.9993365143190472,3,10,0.0,0.01526964083313942,0.10000000000368914
727_r1,ja,0.7457625797684428,0.25423742023155715,3,10,0.0,0.6055757403373718,1.0
727_r1,zh,0.4201649185287297,0.5798350814712703,3,10,0.0,0.21202202141284943,1.0
727_r2,en,0.7606226841494863,0.2393773158505137,3,10,0.0,0.6880629658699036,0.8000000000008656
727_r2,fr,0.37187876895984384,0.6281212310401562,3,10,0.0,0.36050179600715637,0.3245112497866474
727_r2,ja,0.8038857104837439,0.1961142895162561,3,10,0.0,0.6912559270858765,1.0
727_r2,zh,0.4899574444640062,0.5100425555359938,3,10,0.0,0.2695668339729309,1.0
727_r3,en,0.45673285923129053,0.5432671407687095,3,10,0.0,0.5920200943946838,0.3245112497866474
727_r3,fr,0.7731094541241761,0.2268905458758239,3,10,0.0,0.6078927516937256,1.0
727_r3,ja,0.7434710701741647,0.2565289298258353,3,10,0.0,0.595470666885376,0.8000000000008656
727_r3,zh,0.44520546060597616,0.5547945393940239,3,10,0.0,0.23935800790786743,1.0
727_r4,en,0.9324651090745046,0.06753489092549536,3,10,0.0,0.8847243189811707,1.0
727_r4,fr,0.7280348609612483,0.27196513903875175,3,10,0.0,0.6030632257461548,0.8000000000008656
727_r4,ja,0.7459390868122271,0.2540609131877729,3,10,0.0,0.605209469795227,1.0
727_r4,zh,0.42146910119138437,0.5785308988086156,3,10,0.0,0.203643798828125,1.0
727_r5,en,0.9324651580225622,0.06753484197743775,3,10,0.0,0.8846860527992249,1.0
727_r5,fr,0.27615435721136905,0.723845642788631,3,10,0.0,0.3782045245170593,0.12451124978751298
727_r5,ja,0.6044391960651935,0.3955608039348065,3,10,0.0,0.4277535080909729,1.0
727_r5,zh,0.48730657394670096,0.512693426053299,3,10,0.0,0.2641156017780304,1.0
728_r1,en,0.47951885900965885,0.5204811409903412,3,10,1.0,0.5661671757698059,0.3000000000028235
728_r1,fr,0.03892500072039432,0.9610749992796057,3,10,1.0,0.13745351135730743,0.40000000000259683
728_r1,ja,0.260926888492725,0.7390731115072751,3,10,1.0,0.22484484314918518,0.32451124978664747
728_r1,zh,0.021497717904581003,0.978502282095419,3,10,1.0,0.06601690500974655,0.8000000000008656
728_r2,en,0.0074242251923457465,0.9925757748076542,3,10,1.0,0.41660013794898987,0.10000000000368914
728_r2,fr,0.019176900414811772,0.9808230995851882,3,10,1.0,0.1376051902770996,0.10000000000368914
728_r2,ja,0.1564014743059476,0.8435985256940524,3,10,1.0,0.32695189118385315,0.10000000000368914
728_r2,zh,0.0386874795333525,0.9613125204666475,3,10,1.0,0.02333785966038704,0.8000000000008656
728_r3,en,0.27894639286057665,0.7210536071394233,3,10,1.0,0.3245147168636322,0.10000000000368914
728_r3,fr,0.01246327326849633,0.9875367267315037,3,10,1.0,0.04908095672726631,0.10000000000368914
728_r3,ja,0.2052494200703318,0.7947505799296681,3,10,1.0,0.24673505127429962,0.5245112497857819
728_r3,zh,0.1885136306102109,0.8114863693897891,3,10,1.0,0.12393021583557129,0.6000000000017313
728_r4,en,0.48684356056566885,0.5131564394343311,3,10,1.0,0.6106989979743958,0.3245112497866474
728_r4,fr,0.017243658022524526,0.9827563419774755,3,10,1.0,0.061161890625953674,0.12451124978751298
728_r4,ja,0.1402836929438933,0.8597163070561067,3,10,1.0,0.2081523984670639,0.12451124978751298
728_r4,zh,0.17171542320098762,0.8282845767990124,3,10,1.0,0.07751372456550598,1.0
728_r5,en,0.12647608111647352,0.8735239188835264,3,10,1.0,0.44774845242500305,0.12451124978751298
728_r5,fr,0.04042327591918111,0.9595767240808188,3,10,1.0,0.15027545392513275,0.30000000000282356
728_r5,ja,0.20633680561163362,0.7936631943883664,3,10,1.0,0.2527412474155426,0.3000000000028235
728_r5,zh,0.04588318962769737,0.9541168103723027,3,10,1.0,0.06178247556090355,0.5000000000019581
731_r1,en,0.6340371455355635,0.36596285446443655,3,10,0.0,0.7194243669509888,0.5245112497857819
731_r1,fr,0.7737575452032555,0.22624245479674454,3,10,0.0,0.8254706859588623,0.7245112497849162
731_r1,ja,0.8365956238893165,0.16340437611068348,3,10,0.0,0.7580662965774536,1.0
731_r1,zh,0.398880995559218,0.6011190044407819,3,10,0.0,0.1836482584476471,1.0
731_r2,en,0.3812365059965281,0.6187634940034719,3,10,0.0,0.4531833827495575,0.30000000000282356
731_r2,fr,0.622331015118985,0.37766898488101497,3,10,0.0,0.6875632405281067,0.5000000000019581
731_r2,ja,0.5266800896308038,0.4733199103691962,3,10,0.0,0.588250458240509,0.5245112497857819
731_r2,zh,0.49887683301585956,0.5011231669841405,3,10,0.0,0.29832372069358826,1.0
731_r3,en,0.7547502841518939,0.24524971584810606,3,10,0.0,0.7250291705131531,0.7000000000010924
731_r3,fr,0.8019314141439361,0.1980685858560639,3,10,0.0,0.7896134853363037,0.8000000000008656
731_r3,ja,0.5975701317226926,0.4024298682773074,3,10,0.0,0.4902191460132599,0.7245112497849162
731_r3,zh,0.419001766392137,0.580998233607863,3,10,0.0,0.19222040474414825,1.0
731_r4,en,0.49059379338618353,0.5094062066138165,3,10,0.0,0.6396445631980896,0.32451124978664747
731_r4,fr,0.571437988835576,0.42856201116442405,3,10,0.0,0.6548080444335938,0.5245112497857819
731_r4,ja,0.8361405318880676,0.16385946811193242,3,10,0.0,0.7534295916557312,1.0
731_r4,zh,0.39605683657759005,0.60394316342241,3,10,0.0,0.19598421454429626,0.8000000000008656
731_r5,en,0.6240783812230567,0.3759216187769433,3,10,0.0,0.4477543532848358,0.5000000000019581
731_r5,fr,0.776042915685229,0.22395708431477102,3,10,0.0,0.8300174474716187,0.7245112497849162
731_r5,ja,0.6620496779590919,0.33795032204090814,3,10,0.0,0.48533302545547485,1.0
731_r5,zh,0.40746272358308927,0.5925372764169108,3,10,0.0,0.1921343058347702,1.0
732_r1,en,0.00899760798122782,0.9910023920187722,3,10,0.0,0.1131507158279419,0.10000000000368914
732_r1,fr,0.007086659695837271,0.9929133403041628,3,10,0.0,0.013878703117370605,0.30000000000282356
732_r1,ja,0.18836689351098002,0.81163310648902,3,10,0.0,0.1482129842042923,1.0
732_r1,zh,0.29956319478202087,0.7004368052179791,3,10,0.0,0.14298947155475616,1.0
732_r2,en,0.034216015673832166,0.9657839843261679,3,10,0.0,0.09406573325395584,0.5000000000019581
732_r2,fr,0.0015731726793609356,0.998426827320639,3,10,0.0,0.003112892620265484,0.3245112497866474
732_r2,ja,0.3589830055142712,0.6410169944857288,3,10,0.0,0.2797638475894928,1.0
732_r2,zh,0.049745567799266165,0.9502544322007338,3,10,0.0,0.03162575885653496,0.6000000000017313
732_r3,en,0.2254089308967102,0.7745910691032898,3,10,0.0,0.21083368360996246,0.32451124978664747
732_r3,fr,0.0028811251647136984,0.9971188748352863,3,10,0.0,0.10107757151126862,0.10000000000368914
732_r3,ja,0.21760237191391307,0.7823976280860869,3,10,0.0,0.21508637070655823,0.7245112497849162
732_r3,zh,0.08996933509034763,0.9100306649096523,3,10,0.0,0.04444397985935211,1.0
732_r4,en,0.010504993504511168,0.9894950064954888,3,10,0.0,0.0781155452132225,0.10000000000368914
732_r4,fr,0.002319505202813673,0.9976804947971863,3,10,0.0,0.033822931349277496,0.10000000000368914
732_r4,ja,0.3330405302960443,0.6669594697039557,3,10,0.0,0.33266517519950867,0.5245112497857819
732_r4,zh,0.1980720241238737,0.8019279758761263,3,10,0.0,0.09098648279905319,1.0
732_r5,en,0.045488859817696715,0.9545111401823033,3,10,0.0,0.22429150342941284,0.12451124978751298
732_r5,fr,0.002881125111952465,0.9971188748880475,3,10,0.0,0.010075659491121769,0.10000000000368914
732_r5,ja,0.4868867656357719,0.5131132343642282,3,10,0.0,0.4402185082435608,0.7245112497849162
732_r5,zh,0.20056628301667792,0.7994337169833221,3,10,0.0,0.06484957784414291,1.0
741_r1,en,0.6769452741214798,0.32305472587852024,3,10,1.0,0.5841566324234009,0.5000000000019581
741_r1,fr,0.03287799496513025,0.9671220050348698,3,10,1.0,0.17553459107875824,0.12451124978751298
741_r1,ja,0.6171429558355722,0.3828570441644278,3,10,0.0,0.49597111344337463,0.7245112497849162
741_r1,zh,0.40695127265253994,0.5930487273474601,3,10,1.0,0.28245165944099426,0.5245112497857819
741_r2,en,0.4285551572562659,0.5714448427437341,3,10,1.0,0.3219146430492401,0.3245112497866474
741_r2,fr,0.0073756639608509224,0.9926243360391491,3,10,1.0,0.1690840870141983,0.10000000000368914
741_r2,ja,0.5916914380094371,0.40830856199056287,3,10,0.0,0.3992612659931183,1.0
741_r2,zh,0.6125687255769549,0.38743127442304515,3,10,1.0,0.4278816878795624,1.0
741_r3,en,0.6783361048519567,0.3216638951480433,3,10,1.0,0.6854100823402405,0.6000000000017313
741_r3,fr,0.014611605610247345,0.9853883943897527,3,10,1.0,0.2048502266407013,0.12451124978751298
741_r3,ja,0.43634712006278487,0.5636528799372151,3,10,0.0,0.34600499272346497,0.5245112497857819
741_r3,zh,0.42291851228513905,0.5770814877148609,3,10,1.0,0.19444090127944946,1.0
741_r4,en,0.6880857347524656,0.3119142652475344,3,10,1.0,0.7892242074012756,0.5245112497857818
741_r4,fr,0.04824355073762975,0.9517564492623702,3,10,1.0,0.1667633354663849,0.32451124978664747
741_r4,ja,0.31211773886290767,0.6878822611370923,3,10,0.0,0.3522990345954895,0.5245112497857819
741_r4,zh,0.5194443727485535,0.4805556272514465,3,10,1.0,0.38714444637298584,0.7245112497849162
741_r5,en,0.524359685180726,0.47564031481927405,3,10,1.0,0.4491347074508667,0.30000000000282356
741_r5,fr,0.08537624648419467,0.9146237535158053,3,10,1.0,0.1604837030172348,0.3245112497866474
741_r5,ja,0.7230389865190403,0.2769610134809597,3,10,0.0,0.5848941802978516,1.0
741_r5,zh,0.44668529888901476,0.5533147011109852,3,10,1.0,0.24913746118545532,1.0
745_r1,en,0.7180185330421515,0.28198146695784854,3,10,1.0,0.7227872014045715,0.8000000000008656
745_r1,fr,0.2938374215404908,0.7061625784595091,3,10,1.0,0.3207472562789917,0.3000000000028235
745_r1,ja,0.47232159540612223,0.5276784045938778,3,10,1.0,0.40139901638031006,0.8000000000008656
745_r1,zh,0.3957182939187111,0.6042817060812888,3,10,1.0,0.3789183497428894,0.3245112497866474
745_r2,en,0.5768439152345397,0.4231560847654603,3,10,1.0,0.6510143876075745,0.5245112497857819
745_r2,fr,0.46360227600951814,0.5363977239904818,3,10,1.0,0.3387136161327362,0.5245112497857818
745_r2,ja,0.38152803935627727,0.6184719606437228,3,10,1.0,0.2803039848804474,0.8000000000008656
745_r2,zh,0.2767354594653456,0.7232645405346544,3,10,1.0,0.13963903486728668,0.8000000000008656
745_r3,en,0.5180796456718392,0.4819203543281608,3,10,1.0,0.5724601745605469,0.5245112497857819
745_r3,fr,0.4635833818156638,0.5364166181843362,3,10,1.0,0.3400505483150482,0.5000000000019581
745_r3,ja,0.6596324908184473,0.3403675091815527,3,10,1.0,0.5355806350708008,1.0
745_r3,zh,0.36883249251277045,0.6311675074872296,3,10,1.0,0.18016093969345093,0.7245112497849162
745_r4,en,0.8027667999121011,0.1972332000878989,3,10,1.0,0.8027667999267578,1.0
745_r4,fr,0.3689198469186138,0.6310801530813862,3,10,1.0,0.35507118701934814,0.3245112497866474
745_r4,ja,0.848823845371008,0.15117615462899203,3,10,1.0,0.8488237857818604,1.0
745_r4,zh,0.2679981398541806,0.7320018601458194,3,10,1.0,0.11710510402917862,1.0
745_r5,en,0.6218203508813325,0.3781796491186675,3,10,1.0,0.6531792283058167,0.6000000000017313
745_r5,fr,0.20732079099724898,0.792679209002751,3,10,1.0,0.2590494155883789,0.10000000000368914
745_r5,ja,0.5478265591758056,0.4521734408241944,3,10,1.0,0.618315577507019,0.5245112497857818
745_r5,zh,0.3706537711646637,0.6293462288353363,3,10,1.0,0.1809357851743698,0.8000000000008656
74_r1,en,0.7923732770548625,0.2076267229451375,3,10,1.0,0.8984851837158203,0.8000000000008656
74_r1,fr,0.6261449957643866,0.37385500423561335,3,10,1.0,0.6302363872528076,0.6000000000017313
74_r1,ja,0.716235914047955,0.28376408595204505,3,10,1.0,0.6812125444412231,1.0
74_r1,zh,0.5155596845840347,0.48444031541596533,3,10,1.0,0.30131956934928894,1.0
74_r2,en,0.0749708333571462,0.9250291666428538,3,10,1.0,0.3634744882583618,0.12451124978751298
74_r2,fr,0.5840227282020615,0.41597727179793853,3,10,1.0,0.6722463965415955,0.5245112497857819
74_r2,ja,0.48796220593503886,0.5120377940649612,3,10,1.0,0.43131646513938904,0.7245112497849162
74_r2,zh,0.42705856572067785,0.5729414342793222,3,10,1.0,0.2400335967540741,1.0
74_r3,en,0.6310907209486926,0.36890927905130744,3,10,1.0,0.6860673427581787,0.5000000000019581
74_r3,fr,0.7403178798630686,0.25968212013693137,3,10,1.0,0.5910468697547913,1.0
74_r3,ja,0.6635763728578976,0.3364236271421024,3,10,1.0,0.6072081327438354,1.0
74_r3,zh,0.3964580589845884,0.6035419410154116,3,10,1.0,0.24993088841438293,0.8000000000008656
74_r4,en,0.6067810545683109,0.3932189454316891,3,10,1.0,0.6850395798683167,0.5245112497857819
74_r4,fr,0.7199915667475639,0.2800084332524361,3,10,1.0,0.693330705165863,0.8000000000008656
74_r4,ja,0.7162168992052672,0.2837831007947328,3,10,1.0,0.680047869682312,1.0
74_r4,zh,0.46036740804074994,0.5396325919592501,3,10,1.0,0.2537303864955902,1.0
74_r5,en,0.5860255002054213,0.4139744997945787,3,10,1.0,0.6467429995536804,0.5245112497857819
74_r5,fr,0.5319575817364843,0.46804241826351567,3,10,1.0,0.4654451608657837,0.6000000000017313
74_r5,ja,0.5350171204083524,0.46498287959164764,3,10,1.0,0.4737664759159088,0.8000000000008656
74_r5,zh,0.40199633124566,0.59800366875434,3,10,1.0,0.20626182854175568,1.0
753_r1,en,0.1438251974657073,0.8561748025342927,3,10,1.0,0.4593108594417572,0.10000000000368914
753_r1,fr,0.0951837008037471,0.904816299196253,3,10,1.0,0.17445197701454163,0.3245112497866474
753_r1,ja,0.33876940316532206,0.6612305968346779,3,10,0.0,0.43390223383903503,0.3245112497866474
753_r1,zh,0.25816284985384375,0.7418371501461563,3,10,1.0,0.18405671417713165,0.8000000000008656
753_r2,en,0.06613474986400902,0.933865250135991,3,10,1.0,0.2977460026741028,0.12451124978751298
753_r2,fr,0.2768094565018367,0.7231905434981634,3,10,1.0,0.4109276533126831,0.32451124978664747
753_r2,ja,0.6059253178124397,0.39407468218756025,3,10,0.0,0.4681500792503357,1.0
753_r2,zh,0.27763606155795634,0.7223639384420437,3,10,1.0,0.13690966367721558,1.0
753_r3,en,0.20341186293662705,0.796588137063373,3,10,1.0,0.3592953085899353,0.12451124978751298
753_r3,fr,0.18373886034092632,0.8162611396590737,3,10,1.0,0.21807847917079926,0.5000000000019581
753_r3,ja,0.58071113601213,0.41928886398787,3,10,0.0,0.44446101784706116,0.8000000000008656
753_r3,zh,0.15695958872091853,0.8430404112790815,3,10,1.0,0.15554796159267426,0.8000000000008656
753_r4,en,0.1629687715628048,0.8370312284371952,3,10,1.0,0.34956949949264526,0.12451124978751298
753_r4,fr,0.3093031013323224,0.6906968986676776,3,10,1.0,0.4153353273868561,0.3245112497866474
753_r4,ja,0.7820228938109839,0.2179771061890161,3,10,0.0,0.7176082730293274,1.0
753_r4,zh,0.3120372063680685,0.6879627936319315,3,10,1.0,0.1641956865787506,0.8000000000008656
753_r5,en,0.002943785654993967,0.997056214345006,3,10,1.0,0.20811133086681366,0.10000000000368914
753_r5,fr,0.2986380268655446,0.7013619731344554,3,10,1.0,0.22517862915992737,0.5000000000019581
753_r5,ja,0.6858149341559875,0.3141850658440125,3,10,0.0,0.5876564383506775,1.0
753_r5,zh,0.34508158336205774,0.6549184166379423,3,10,1.0,0.1600741446018219,0.7245112497849162
754_r1,en,0.5286865173956768,0.47131348260432315,3,10,1.0,0.5978614091873169,0.5245112497857818
754_r1,fr,0.13439109790604103,0.865608902093959,3,10,1.0,0.42696699500083923,0.12451124978751298
754_r1,ja,0.5159469462332535,0.48405305376674646,3,10,1.0,0.5104916095733643,0.7245112497849162
754_r1,zh,0.3578858587249611,0.6421141412750389,3,10,1.0,0.2248888611793518,0.8000000000008656
754_r2,en,0.5114706570382637,0.48852934296173633,3,10,1.0,0.5915064215660095,0.5245112497857818
754_r2,fr,0.5973751818549765,0.4026248181450235,3,10,1.0,0.6260145902633667,0.5000000000019581
754_r2,ja,0.5053211216345385,0.49467887836546154,3,10,1.0,0.4703298509120941,0.8000000000008656
754_r2,zh,0.2828311878304295,0.7171688121695705,3,10,1.0,0.1622224748134613,0.8000000000008656
754_r3,en,0.08830200834635173,0.9116979916536483,3,10,1.0,0.3108013868331909,0.12451124978751298
754_r3,fr,0.734028451531623,0.265971548468377,3,10,1.0,0.6782445311546326,0.7245112497849162
754_r3,ja,0.5565031309279121,0.44349686907208785,3,10,1.0,0.4884926974773407,0.8000000000008656
754_r3,zh,0.38963826063192525,0.6103617393680747,3,10,1.0,0.1947365552186966,1.0
754_r4,en,0.618847972907647,0.38115202709235296,3,10,1.0,0.5867027044296265,0.8000000000008656
754_r4,fr,0.4915805864691759,0.5084194135308241,3,10,1.0,0.6219093799591064,0.40000000000259683
754_r4,ja,0.6387616029242467,0.36123839707575334,3,10,1.0,0.5887831449508667,0.7245112497849162
754_r4,zh,0.3365275239454118,0.6634724760545883,3,10,1.0,0.1821577548980713,0.7245112497849162
754_r5,en,0.42539311083120857,0.5746068891687914,3,10,1.0,0.46180447936058044,0.3245112497866474
754_r5,fr,0.5228012893205125,0.4771987106794875,3,10,1.0,0.5164149403572083,0.6000000000017313
754_r5,ja,0.5592115490271882,0.44078845097281183,3,10,1.0,0.5626384615898132,0.7245112497849162
754_r5,zh,0.5119558495604213,0.4880441504395787,3,10,1.0,0.3371802568435669,0.8000000000008656
755_r1,en,0.4754775535578438,0.5245224464421562,3,10,1.0,0.5116217136383057,0.3000000000028235
755_r1,fr,0.0031479007880623883,0.9968520992119376,3,10,1.0,0.023839294910430908,0.10000000000368914
755_r1,ja,0.39186957251232285,0.6081304274876771,3,10,1.0,0.20175907015800476,0.7245112497849162
755_r1,zh,0.08723399403836292,0.912766005961637,3,10,0.0,0.05066380649805069,1.0
755_r2,en,0.6235114015636101,0.37648859843638993,3,10,1.0,0.6010024547576904,0.7000000000010924
755_r2,fr,0.03149488431321259,0.9685051156867874,3,10,1.0,0.05631280690431595,0.10000000000368914
755_r2,ja,0.02916567299896371,0.9708343270010363,3,10,1.0,0.025585714727640152,1.0
755_r2,zh,0.07013581663012423,0.9298641833698758,3,10,0.0,0.04224086552858353,0.7245112497849162
755_r3,en,0.021178003199597024,0.9788219968004029,3,10,1.0,0.04770386219024658,0.12451124978751298
755_r3,fr,0.003965073141100668,0.9960349268588994,3,10,1.0,0.049166951328516006,0.12451124978751298
755_r3,ja,0.10634556755085958,0.8936544324491404,3,10,1.0,0.06325045228004456,0.7245112497849162
755_r3,zh,0.058506242514611444,0.9414937574853885,3,10,0.0,0.02995937131345272,1.0
755_r4,en,0.006901215647284586,0.9930987843527154,3,10,1.0,0.06288386136293411,0.12451124978751298
755_r4,fr,0.01158875482952385,0.9884112451704762,3,10,1.0,0.036884572356939316,0.3000000000028235
755_r4,ja,0.29406256264619296,0.705937437353807,3,10,1.0,0.18384501338005066,0.6000000000017313
755_r4,zh,0.0394396127126504,0.9605603872873496,3,10,0.0,0.024175653234124184,1.0
755_r5,en,0.3667519174108117,0.6332480825891883,3,10,1.0,0.3088567852973938,0.30000000000282356
755_r5,fr,0.0050509412342135945,0.9949490587657864,3,10,1.0,0.006188031751662493,0.12451124978751298
755_r5,ja,0.631248008650586,0.36875199134941405,3,10,1.0,0.6361030340194702,0.7245112497849162
755_r5,zh,0.06654557142344271,0.9334544285765572,3,10,0.0,0.04090408608317375,1.0
75_r1,en,0.056785930777770686,0.9432140692222293,3,10,1.0,0.4414977729320526,0.10000000000368914
75_r1,fr,0.4435524219866437,0.5564475780133563,3,10,1.0,0.39332884550094604,0.6000000000017313
75_r1,ja,0.3979104271117276,0.6020895728882725,3,10,1.0,0.2755972146987915,1.0
75_r1,zh,0.44597211903934075,0.5540278809606592,3,10,1.0,0.24126288294792175,1.0
75_r2,en,0.4301078701761095,0.5698921298238905,3,10,1.0,0.5939227938652039,0.30000000000282356
75_r2,fr,0.31014831541418225,0.6898516845858178,3,10,1.0,0.23785752058029175,0.3245112497866474
75_r2,ja,0.6007651241637727,0.3992348758362273,3,10,1.0,0.459778755903244,1.0
75_r2,zh,0.4839118596542471,0.5160881403457529,3,10,1.0,0.3295423686504364,1.0
75_r3,en,0.017375598643740952,0.9826244013562591,3,10,1.0,0.13369987905025482,0.3000000000028235
75_r3,fr,0.49331436749430796,0.5066856325056921,3,10,1.0,0.40236762166023254,0.5245112497857818
75_r3,ja,0.3834840217676873,0.6165159782323126,3,10,1.0,0.2243623435497284,1.0
75_r3,zh,0.3210544771612042,0.6789455228387957,3,10,1.0,0.1871645450592041,1.0
75_r4,en,0.30618656577384146,0.6938134342261586,3,10,1.0,0.5918588042259216,0.10000000000368914
75_r4,fr,0.04086047567227396,0.9591395243277261,3,10,1.0,0.2887260615825653,0.30000000000282356
75_r4,ja,0.4063954379305583,0.5936045620694417,3,10,1.0,0.24581435322761536,1.0
75_r4,zh,0.2753409050109108,0.7246590949890892,3,10,1.0,0.13532467186450958,1.0
75_r5,en,0.11426761753733013,0.8857323824626698,3,10,1.0,0.2728496193885803,0.3245112497866474
75_r5,fr,0.4082546776137643,0.5917453223862357,3,10,1.0,0.6669448018074036,0.32451124978664747
75_r5,ja,0.5217187008703169,0.4782812991296831,3,10,1.0,0.35350415110588074,1.0
75_r5,zh,0.2865335326452962,0.7134664673547038,3,10,1.0,0.15415987372398376,1.0
763_r1,en,0.14908843836400495,0.850911561635995,3,10,1.0,0.177289679646492,0.3245112497866474
763_r1,fr,0.021075787553958874,0.9789242124460411,3,10,1.0,0.02122611552476883,0.6000000000017313
763_r1,ja,0.48469569504518345,0.5153043049548165,3,10,1.0,0.3977222144603729,0.8000000000008656
763_r1,zh,0.34417594856550926,0.6558240514344907,3,10,1.0,0.19455163180828094,1.0
763_r2,en,0.2581340613054438,0.7418659386945562,3,10,1.0,0.2789999544620514,0.7245112497849162
763_r2,fr,0.03770582204455757,0.9622941779554425,3,10,1.0,0.11947201192378998,0.10000000000368914
763_r2,ja,0.662946186202674,0.337053813797326,3,10,1.0,0.5477479100227356,1.0
763_r2,zh,0.404141894244724,0.595858105755276,3,10,1.0,0.2410878837108612,1.0
763_r3,en,0.4250718264972654,0.5749281735027346,3,10,1.0,0.3804159462451935,0.3000000000028235
763_r3,fr,0.05093104286030988,0.9490689571396901,3,10,1.0,0.38988858461380005,0.10000000000368914
763_r3,ja,0.5245826458598919,0.4754173541401081,3,10,1.0,0.41122132539749146,0.8000000000008656
763_r3,zh,0.12395939900878167,0.8760406009912183,3,10,1.0,0.11445941030979156,0.8000000000008656
763_r4,en,0.0009354998795318942,0.9990645001204681,3,10,1.0,0.06637406349182129,0.10000000000368914
763_r4,fr,0.008860321171483986,0.9911396788285161,3,10,1.0,0.1259177178144455,0.10000000000368914
763_r4,ja,0.5459310450216919,0.4540689549783081,3,10,1.0,0.47304028272628784,0.8000000000008656
763_r4,zh,0.27153805552841404,0.728461944471586,3,10,1.0,0.14225751161575317,1.0
763_r5,en,0.27348920371721197,0.726510796282788,3,10,1.0,0.28549373149871826,0.8000000000008656
763_r5,fr,0.3059277654427988,0.6940722345572012,3,10,1.0,0.1675056517124176,0.6000000000017313
763_r5,ja,0.5871396883671454,0.41286031163285464,3,10,1.0,0.4592011570930481,1.0
763_r5,zh,0.24553481248586165,0.7544651875141384,3,10,1.0,0.11393434554338455,1.0
772_r1,en,0.34856704577868675,0.6514329542213133,3,10,1.0,0.3193369507789612,0.3245112497866474
772_r1,fr,0.004415202361491377,0.9955847976385086,3,10,0.0,0.18577291071414948,0.10000000000368914
772_r1,ja,0.39919632067650346,0.6008036793234965,3,10,0.0,0.21262507140636444,1.0
772_r1,zh,0.4079411962640541,0.5920588037359459,3,10,0.0,0.2027805894613266,1.0
772_r2,en,0.0668467456883064,0.9331532543116936,3,10,1.0,0.17610670626163483,0.12451124978751298
772_r2,fr,0.013970879888322844,0.9860291201116772,3,10,0.0,0.02112548239529133,0.7245112497849162
772_r2,ja,0.05888215249658946,0.9411178475034105,3,10,0.0,0.04797246679663658,0.8000000000008656
772_r2,zh,0.3848204607420905,0.6151795392579096,3,10,0.0,0.218064546585083,1.0
772_r3,en,0.03404464299502389,0.9659553570049761,3,10,1.0,0.09641716629266739,0.10000000000368914
772_r3,fr,0.007600826433970219,0.9923991735660298,3,10,0.0,0.20887354016304016,0.3000000000028235
772_r3,ja,0.2876401242601223,0.7123598757398777,3,10,0.0,0.15161599218845367,0.7245112497849162
772_r3,zh,0.5803539440586295,0.4196460559413705,3,10,0.0,0.40060803294181824,1.0
772_r4,en,0.002755800096870975,0.9972441999031291,3,10,1.0,0.1430523842573166,0.10000000000368914
772_r4,fr,0.007778779398583703,0.9922212206014163,3,10,0.0,0.18703170120716095,0.3245112497866474
772_r4,ja,0.6265601197235984,0.3734398802764016,3,10,0.0,0.45770829916000366,0.7245112497849162
772_r4,zh,0.4228286966498227,0.5771713033501773,3,10,0.0,0.2878798246383667,0.7245112497849162
772_r5,en,0.32839265730160677,0.6716073426983933,3,10,1.0,0.3170374631881714,0.5245112497857818
772_r5,fr,0.019461757064184033,0.9805382429358159,3,10,0.0,0.11545217782258987,0.10000000000368914
772_r5,ja,0.2839426060515807,0.7160573939484193,3,10,0.0,0.24603340029716492,0.5245112497857819
772_r5,zh,0.33299350889851775,0.6670064911014822,3,10,0.0,0.16177138686180115,0.8000000000008656
779_r1,en,0.6939792644222915,0.3060207355777085,3,10,1.0,0.7351480722427368,0.7245112497849162
779_r1,fr,0.5183901144169173,0.4816098855830827,3,10,0.0,0.7063601613044739,0.32451124978664747
779_r1,ja,0.48091026101294854,0.5190897389870515,3,10,1.0,0.36789003014564514,0.7245112497849162
779_r1,zh,0.33968141652086453,0.6603185834791354,3,10,1.0,0.15153661370277405,1.0
779_r2,en,0.6737914238974054,0.32620857610259457,3,10,1.0,0.6781896948814392,0.6000000000017313
779_r2,fr,0.48541112671090125,0.5145888732890987,3,10,0.0,0.6193883419036865,0.5245112497857819
779_r2,ja,0.4656177722188646,0.5343822277811354,3,10,1.0,0.3018650710582733,1.0
779_r2,zh,0.37056114987330124,0.6294388501266988,3,10,1.0,0.1731312870979309,1.0
779_r3,en,0.6415468298180815,0.35845317018191847,3,10,1.0,0.7293297648429871,0.5245112497857819
779_r3,fr,0.6622599898515723,0.3377400101484277,3,10,0.0,0.7414937615394592,0.5245112497857819
779_r3,ja,0.40756563373612675,0.5924343662638732,3,10,1.0,0.29200825095176697,0.8000000000008656
779_r3,zh,0.3998947405104093,0.6001052594895907,3,10,1.0,0.1902785450220108,0.8000000000008656
779_r4,en,0.6920580906296965,0.3079419093703035,3,10,1.0,0.739164412021637,0.5245112497857819
779_r4,fr,0.6622905782127595,0.3377094217872405,3,10,0.0,0.7465420961380005,0.5245112497857819
779_r4,ja,0.5444760834635781,0.4555239165364219,3,10,1.0,0.40288245677948,0.7245112497849162
779_r4,zh,0.5615029234835698,0.4384970765164302,3,10,1.0,0.3613896071910858,1.0
779_r5,en,0.7553882989104068,0.24461170108959318,3,10,1.0,0.7866119742393494,0.7245112497849162
779_r5,fr,0.5949566640135533,0.4050433359864467,3,10,0.0,0.5625759959220886,0.5245112497857818
779_r5,ja,0.5171895557210637,0.48281044427893627,3,10,1.0,0.4086968004703522,0.7245112497849162
779_r5,zh,0.4040218091969119,0.5959781908030881,3,10,1.0,0.19358345866203308,1.0
780_r1,en,0.46337986869880343,0.5366201313011966,3,10,1.0,0.5253034234046936,0.32451124978664747
780_r1,fr,0.0024526878800385124,0.9975473121199615,3,10,1.0,0.10745590180158615,0.10000000000368914
780_r1,ja,0.2504409570656739,0.7495590429343262,3,10,0.0,0.172383114695549,1.0
780_r1,zh,0.6182392795013799,0.3817607204986201,3,10,1.0,0.4490092396736145,1.0
780_r2,en,0.520329208147392,0.47967079185260797,3,10,1.0,0.5935320258140564,0.3000000000028235
780_r2,fr,0.502924881409006,0.49707511859099396,3,10,1.0,0.7263542413711548,0.3245112497866474
780_r2,ja,0.3708132391065755,0.6291867608934245,3,10,0.0,0.2309526801109314,1.0
780_r2,zh,0.43289843017981156,0.5671015698201884,3,10,1.0,0.246504545211792,1.0
780_r3,en,0.3004122083928178,0.6995877916071822,3,10,1.0,0.5379599928855896,0.10000000000368914
780_r3,fr,0.9245452284644128,0.07545477153558722,3,10,1.0,0.9245452284812927,1.0
780_r3,ja,0.1371569517362295,0.8628430482637706,3,10,0.0,0.1532270461320877,0.7245112497849162
780_r3,zh,0.5153032428451733,0.48469675715482674,3,10,1.0,0.32492974400520325,1.0
780_r4,en,0.7103330196483072,0.2896669803516928,3,10,1.0,0.7170413732528687,0.8000000000008656
780_r4,fr,0.2923666836937764,0.7076333163062236,3,10,1.0,0.3410249948501587,0.10000000000368914
780_r4,ja,0.10061839850185449,0.8993816014981455,3,10,0.0,0.065339595079422,0.7245112497849162
780_r4,zh,0.143227184594129,0.856772815405871,3,10,1.0,0.08605082333087921,1.0
780_r5,en,0.2511405344577377,0.7488594655422622,3,10,1.0,0.5209440588951111,0.10000000000368914
780_r5,fr,0.118203570466604,0.881796429533396,3,10,1.0,0.36714065074920654,0.12451124978751298
780_r5,ja,0.24280657963093644,0.7571934203690636,3,10,0.0,0.13508503139019012,1.0
780_r5,zh,0.5033532713301363,0.4966467286698637,3,10,1.0,0.29180267453193665,1.0
789_r1,en,0.5996825926914322,0.4003174073085678,3,10,1.0,0.6695898771286011,0.5245112497857818
789_r1,fr,0.8569649007530233,0.14303509924697666,3,10,1.0,0.8558744788169861,1.0
789_r1,ja,0.4125250778904077,0.5874749221095923,3,10,0.0,0.2690924108028412,0.5245112497857818
789_r1,zh,0.38554749702536667,0.6144525029746333,3,10,0.0,0.242658331990242,0.8000000000008656
789_r2,en,0.7047279064277575,0.2952720935722425,3,10,1.0,0.7001453638076782,0.8000000000008656
789_r2,fr,0.5340610224241156,0.4659389775758844,3,10,1.0,0.5405052304267883,0.5245112497857819
789_r2,ja,0.7705995283156214,0.2294004716843786,3,10,0.0,0.7084521055221558,1.0
789_r2,zh,0.5005156505820543,0.4994843494179457,3,10,0.0,0.33585914969444275,1.0
789_r3,en,0.7092396580876466,0.29076034191235345,3,10,1.0,0.7715583443641663,0.7245112497849162
789_r3,fr,0.274623636643794,0.725376363356206,3,10,1.0,0.3592680096626282,0.12451124978751298
789_r3,ja,0.642823177481588,0.357176822518412,3,10,0.0,0.5621389746665955,0.7245112497849162
789_r3,zh,0.12495038093554309,0.8750496190644569,3,10,0.0,0.08103626221418381,0.5245112497857819
789_r4,en,0.6492177949592611,0.35078220504073887,3,10,1.0,0.6022142171859741,0.6000000000017313
789_r4,fr,0.6600769165041575,0.33992308349584255,3,10,1.0,0.7109783291816711,0.6000000000017313
789_r4,ja,0.629570827623767,0.37042917237623296,3,10,0.0,0.4737085700035095,1.0
789_r4,zh,0.4318513820364815,0.5681486179635185,3,10,0.0,0.29865342378616333,1.0
789_r5,en,0.6464408224199807,0.3535591775800193,3,10,1.0,0.672283411026001,0.6000000000017313
789_r5,fr,0.010344691717838845,0.9896553082821612,3,10,1.0,0.26808589696884155,0.10000000000368914
789_r5,ja,0.32715194562257194,0.672848054377428,3,10,0.0,0.16063633561134338,1.0
789_r5,zh,0.41721958927969227,0.5827804107203077,3,10,0.0,0.23902247846126556,1.0
791_r1,en,0.5393015520473764,0.4606984479526236,3,10,1.0,0.6112330555915833,0.5245112497857819
791_r1,fr,0.6469495984717987,0.35305040152820133,3,10,1.0,0.6114704608917236,0.5245112497857818
791_r1,ja,0.6218857607182896,0.3781142392817104,3,10,1.0,0.5024263858795166,1.0
791_r1,zh,0.174560480459175,0.8254395195408251,3,10,1.0,0.08900857716798782,1.0
791_r2,en,0.6734127058158383,0.32658729418416166,3,10,1.0,0.5863412618637085,0.6000000000017313
791_r2,fr,0.7047714635884856,0.29522853641151436,3,10,1.0,0.6780332326889038,0.8000000000008656
791_r2,ja,0.4019163935654759,0.5980836064345241,3,10,1.0,0.3812755048274994,0.7245112497849162
791_r2,zh,0.03206301750791117,0.9679369824920888,3,10,1.0,0.04078168049454689,0.8000000000008656
791_r3,en,0.4454997912747866,0.5545002087252133,3,10,1.0,0.5868173837661743,0.3245112497866474
791_r3,fr,0.4842233846350355,0.5157766153649646,3,10,1.0,0.40203946828842163,0.8000000000008656
791_r3,ja,0.3878859364984175,0.6121140635015825,3,10,1.0,0.22774824500083923,0.7245112497849162
791_r3,zh,0.1122687866494001,0.8877312133505999,3,10,1.0,0.07145358622074127,1.0
791_r4,en,0.43357186788821767,0.5664281321117823,3,10,1.0,0.4099807143211365,0.5245112497857818
791_r4,fr,0.6472331379502883,0.35276686204971175,3,10,1.0,0.6018869280815125,0.5245112497857818
791_r4,ja,0.606116173231252,0.393883826768748,3,10,1.0,0.5351327061653137,0.8000000000008656
791_r4,zh,0.2856104454071713,0.7143895545928287,3,10,1.0,0.1460128128528595,1.0
791_r5,en,0.5215499702564019,0.47845002974359807,3,10,1.0,0.5198162198066711,0.30000000000282356
791_r5,fr,0.30064760403325014,0.6993523959667498,3,10,1.0,0.5484658479690552,0.12451124978751298
791_r5,ja,0.08919632680715549,0.9108036731928445,3,10,1.0,0.08013851940631866,1.0
791_r5,zh,0.322630677951608,0.6773693220483921,3,10,1.0,0.18122124671936035,1.0
793_r1,en,0.6294977007679666,0.37050229923203337,3,10,1.0,0.626716673374176,0.5000000000019581
793_r1,fr,0.5915377217721629,0.4084622782278371,3,10,1.0,0.645064651966095,0.6000000000017313
793_r1,ja,0.5578070261520663,0.44219297384793366,3,10,1.0,0.5501236319541931,0.5245112497857818
793_r1,zh,0.7094772347068847,0.29052276529311527,3,10,1.0,0.5567235350608826,1.0
793_r2,en,0.6397019865037259,0.3602980134962741,3,10,1.0,0.628487765789032,0.5245112497857819
793_r2,fr,0.8859714936490908,0.11402850635090922,3,10,1.0,0.8583543300628662,1.0
793_r2,ja,0.6176518221892686,0.3823481778107314,3,10,1.0,0.5370034575462341,0.8000000000008656
793_r2,zh,0.5792450678545166,0.42075493214548343,3,10,1.0,0.386669784784317,0.5245112497857819
793_r3,en,0.579227238256435,0.42077276174356504,3,10,1.0,0.5815687775611877,0.5245112497857818
793_r3,fr,0.7244805647033606,0.27551943529663936,3,10,1.0,0.6920809149742126,0.8000000000008656
793_r3,ja,0.5585052671496745,0.4414947328503255,3,10,1.0,0.5808229446411133,0.5245112497857818
793_r3,zh,0.6478137506779832,0.3521862493220168,3,10,1.0,0.46978726983070374,1.0
793_r4,en,0.41015555619626876,0.5898444438037312,3,10,1.0,0.40950050950050354,0.30000000000282356
793_r4,fr,0.5239235374679624,0.4760764625320376,3,10,1.0,0.6538726687431335,0.3245112497866474
793_r4,ja,0.48535450897129984,0.5146454910287002,3,10,1.0,0.48247596621513367,0.5245112497857819
793_r4,zh,0.4172414252291686,0.5827585747708314,3,10,1.0,0.3213115334510803,0.8000000000008656
793_r5,en,0.7450026490844287,0.2549973509155713,3,10,1.0,0.7173060178756714,0.8000000000008656
793_r5,fr,0.41840020199700834,0.5815997980029917,3,10,1.0,0.5257502198219299,0.3000000000028235
793_r5,ja,0.6859216244470446,0.31407837555295537,3,10,1.0,0.7258861660957336,0.7245112497849162
793_r5,zh,0.6507524076713662,0.3492475923286338,3,10,1.0,0.4924531579017639,1.0
795_r1,en,0.6085394053932012,0.39146059460679883,3,10,1.0,0.6449586153030396,0.6000000000017313
795_r1,fr,0.050887503814530145,0.9491124961854699,3,10,0.0,0.03440045565366745,0.5000000000019581
795_r1,ja,0.514242958692259,0.485757041307741,3,10,0.0,0.33082857728004456,1.0
795_r1,zh,0.24408104640519723,0.7559189535948028,3,10,0.0,0.16565608978271484,0.7245112497849162
795_r2,en,0.46201951124738677,0.5379804887526132,3,10,1.0,0.637008786201477,0.3245112497866474
795_r2,fr,0.10098572273649307,0.8990142772635069,3,10,0.0,0.13194331526756287,0.10000000000368914
795_r2,ja,0.5788068106288211,0.4211931893711789,3,10,0.0,0.4444808065891266,1.0
795_r2,zh,0.37806041079442615,0.6219395892055739,3,10,0.0,0.2285211980342865,1.0
795_r3,en,0.30841941996072014,0.6915805800392798,3,10,1.0,0.5660439133644104,0.12451124978751298
795_r3,fr,0.005463659578822913,0.9945363404211771,3,10,0.0,0.03895025700330734,0.10000000000368914
795_r3,ja,0.21115020746594426,0.7888497925340557,3,10,0.0,0.09399393200874329,1.0
795_r3,zh,0.33250313771658124,0.6674968622834188,3,10,0.0,0.17106053233146667,0.8000000000008656
795_r4,en,0.4998752992643792,0.5001247007356209,3,10,1.0,0.7096995711326599,0.40000000000259683
795_r4,fr,0.24278319250926794,0.7572168074907321,3,10,0.0,0.13026373088359833,0.3000000000028235
795_r4,ja,0.3029999569619633,0.6970000430380368,3,10,0.0,0.17719124257564545,0.5245112497857818
795_r4,zh,0.3546194683694785,0.6453805316305214,3,10,0.0,0.24397042393684387,0.5245112497857818
795_r5,en,0.14133208281066775,0.8586679171893322,3,10,1.0,0.6740729212760925,0.12451124978751298
795_r5,fr,0.05886853901008447,0.9411314609899155,3,10,0.0,0.07411130517721176,0.5000000000019581
795_r5,ja,0.46789707734804886,0.5321029226519511,3,10,0.0,0.39315423369407654,0.8000000000008656
795_r5,zh,0.26017643380174066,0.7398235661982593,3,10,0.0,0.214079812169075,0.7245112497849162
799_r1,en,0.2700474392762222,0.7299525607237778,3,10,1.0,0.44508859515190125,0.10000000000368914
799_r1,fr,0.0008906389835302465,0.9991093610164697,3,10,1.0,0.037311989814043045,0.10000000000368914
799_r1,ja,0.6377676528654335,0.36223234713456653,3,10,0.0,0.56581711769104,0.7245112497849162
799_r1,zh,0.268121048141941,0.7318789518580591,3,10,0.0,0.11190170794725418,0.8000000000008656
799_r2,en,0.20218204696106007,0.79781795303894,3,10,1.0,0.20349927246570587,0.3245112497866474
799_r2,fr,0.014180779753855838,0.9858192202461442,3,10,1.0,0.016505751758813858,0.3245112497866474
799_r2,ja,0.634008026629724,0.365991973370276,3,10,0.0,0.49248868227005005,0.8000000000008656
799_r2,zh,0.16905708140471726,0.8309429185952828,3,10,0.0,0.11367063969373703,1.0
799_r3,en,0.42278189676412525,0.5772181032358747,3,10,1.0,0.5722090005874634,0.3245112497866474
799_r3,fr,0.021986587234220315,0.9780134127657797,3,10,1.0,0.021013468503952026,0.3000000000028235
799_r3,ja,0.009948897537776781,0.9900511024622232,3,10,0.0,0.00704107666388154,1.0
799_r3,zh,0.041731072013305344,0.9582689279866946,3,10,0.0,0.0262735728174448,0.8000000000008656
799_r4,en,0.3212468202515363,0.6787531797484637,3,10,1.0,0.41697391867637634,0.8000000000008656
799_r4,fr,0.023997177620004636,0.9760028223799954,3,10,1.0,0.11576411128044128,0.3000000000028235
799_r4,ja,0.49004921129207274,0.5099507887079273,3,10,0.0,0.4654366672039032,0.6000000000017313
799_r4,zh,0.42054044741648383,0.5794595525835162,3,10,0.0,0.21429131925106049,0.7245112497849162
799_r5,en,0.5019840327262124,0.4980159672737876,3,10,1.0,0.37972062826156616,0.7000000000010924
799_r5,fr,0.008014332169601214,0.9919856678303988,3,10,1.0,0.1439642608165741,0.10000000000368914
799_r5,ja,0.05296540730265093,0.947034592697349,3,10,0.0,0.04938722401857376,0.7245112497849162
799_r5,zh,0.37529522296660695,0.6247047770333931,3,10,0.0,0.19779333472251892,1.0
79_r1,en,0.4198177975282786,0.5801822024717214,3,10,0.0,0.5842675566673279,0.3245112497866474
79_r1,fr,0.756772166928348,0.24322783307165197,3,10,0.0,0.6985429525375366,0.7245112497849162
79_r1,ja,0.6694568531451662,0.33054314685483377,3,10,0.0,0.4895695447921753,0.8000000000008656
79_r1,zh,0.40262626253319733,0.5973737374668027,3,10,0.0,0.3095589578151703,0.7245112497849162
79_r2,en,0.4191219942262387,0.5808780057737613,3,10,0.0,0.5326051115989685,0.3245112497866474
79_r2,fr,0.7979812824754269,0.20201871752457312,3,10,0.0,0.8045821785926819,0.8000000000008656
79_r2,ja,0.6235389755121451,0.3764610244878549,3,10,0.0,0.6522287130355835,0.5245112497857819
79_r2,zh,0.5570245640161171,0.4429754359838829,3,10,0.0,0.33958700299263,1.0
79_r3,en,0.9008150696589989,0.09918493034100107,3,10,0.0,0.9008152484893799,1.0
79_r3,fr,0.6864259864929367,0.31357401350706327,3,10,0.0,0.6097394227981567,0.8000000000008656
79_r3,ja,0.2853688718041319,0.7146311281958682,3,10,0.0,0.340277761220932,0.7245112497849162
79_r3,zh,0.46480225989478935,0.5351977401052106,3,10,0.0,0.25397035479545593,0.8000000000008656
79_r4,en,0.5066574208275723,0.49334257917242774,3,10,0.0,0.5601846575737,0.3245112497866474
79_r4,fr,0.5457509411343937,0.4542490588656063,3,10,0.0,0.522938072681427,0.5245112497857818
79_r4,ja,0.5379487022908764,0.46205129770912357,3,10,0.0,0.3958670198917389,0.7245112497849162
79_r4,zh,0.5261177437204828,0.4738822562795172,3,10,0.0,0.3684042990207672,0.7245112497849162
79_r5,en,0.5895680686047692,0.4104319313952308,3,10,0.0,0.5585466027259827,0.5000000000019581
79_r5,fr,0.6507647209333799,0.3492352790666201,3,10,0.0,0.5972232222557068,0.8000000000008656
79_r5,ja,0.4634316440069649,0.5365683559930351,3,10,0.0,0.6844868063926697,0.3245112497866474
79_r5,zh,0.6333153553275134,0.3666846446724866,3,10,0.0,0.48420870304107666,0.7245112497849162
807_r1,en,0.45448284808231104,0.5455171519176889,3,10,1.0,0.33719828724861145,0.3000000000028235
807_r1,fr,0.005254550548067861,0.9947454494519321,3,10,1.0,0.102007657289505,0.6000000000017313
807_r1,ja,0.306152549794189,0.693847450205811,3,10,1.0,0.1802975982427597,1.0
807_r1,zh,0.5162407439850902,0.48375925601490977,3,10,0.0,0.3046644926071167,1.0
807_r2,en,0.6427332221288664,0.3572667778711336,3,10,1.0,0.6643517017364502,0.6000000000017313
807_r2,fr,0.009816052194324024,0.990183947805676,3,10,1.0,0.11154930293560028,0.32451124978664747
807_r2,ja,0.09962882020391371,0.9003711797960863,3,10,1.0,0.2792169451713562,0.32451124978664747
807_r2,zh,0.6142822260829196,0.3857177739170804,3,10,0.0,0.4416923224925995,1.0
807_r3,en,0.4666965879385958,0.5333034120614042,3,10,1.0,0.5171464681625366,0.3245112497866474
807_r3,fr,0.003625484138210402,0.9963745158617896,3,10,1.0,0.15827961266040802,0.6000000000017313
807_r3,ja,0.4070678820133779,0.592932117986622,3,10,1.0,0.2399684488773346,0.8000000000008656
807_r3,zh,0.4390319413437229,0.5609680586562771,3,10,0.0,0.3958244323730469,0.7245112497849162
807_r4,en,0.6427332221288675,0.3572667778711325,3,10,1.0,0.6690459847450256,0.6000000000017313
807_r4,fr,0.003933136208344202,0.9960668637916558,3,10,1.0,0.004980829078704119,0.5245112497857819
807_r4,ja,0.495134726357667,0.504865273642333,3,10,1.0,0.3012920916080475,1.0
807_r4,zh,0.4316817848531382,0.5683182151468618,3,10,0.0,0.24291831254959106,1.0
807_r5,en,0.2830242469924974,0.7169757530075026,3,10,1.0,0.5048497915267944,0.12451124978751298
807_r5,fr,0.004229311982961306,0.9957706880170387,3,10,1.0,0.004942766856402159,0.6000000000017313
807_r5,ja,0.4995895884160634,0.5004104115839366,3,10,1.0,0.423555850982666,0.7245112497849162
807_r5,zh,0.44795665236959725,0.5520433476304027,3,10,0.0,0.3524349629878998,0.8000000000008656
80_r1,en,0.5268297100634705,0.47317028993652954,3,10,1.0,0.537064790725708,0.3000000000028235
80_r1,fr,0.6894714458350067,0.31052855416499325,3,10,1.0,0.6368383169174194,0.8000000000008656
80_r1,ja,0.4530971364458969,0.5469028635541031,3,10,0.0,0.3331993818283081,0.7245112497849162
80_r1,zh,0.6012748940928256,0.39872510590717436,3,10,1.0,0.41036131978034973,1.0
80_r2,en,0.5268295794762049,0.4731704205237951,3,10,1.0,0.4965573251247406,0.30000000000282356
80_r2,fr,0.2961101369899918,0.7038898630100082,3,10,1.0,0.14404331147670746,0.7000000000010924
80_r2,ja,0.38939711506182895,0.610602884938171,3,10,0.0,0.2719762623310089,0.6000000000017313
80_r2,zh,0.4215658759588523,0.5784341240411477,3,10,1.0,0.20622947812080383,0.8000000000008656
80_r3,en,0.056455810930175106,0.9435441890698248,3,10,1.0,0.24887186288833618,0.12451124978751298
80_r3,fr,0.7811889512952889,0.21881104870471113,3,10,1.0,0.7776380777359009,0.8000000000008656
80_r3,ja,0.3704752206675486,0.6295247793324514,3,10,0.0,0.43958044052124023,0.5245112497857819
80_r3,zh,0.4211847698503982,0.5788152301496018,3,10,1.0,0.29330211877822876,0.8000000000008656
80_r4,en,0.3530860669440371,0.6469139330559629,3,10,1.0,0.4174078702926636,0.5245112497857819
80_r4,fr,0.5099913938467894,0.4900086061532106,3,10,1.0,0.3396264612674713,1.0
80_r4,ja,0.5647828623583621,0.43521713764163794,3,10,0.0,0.4129593074321747,0.8000000000008656
80_r4,zh,0.7868037956217259,0.21319620437827413,3,10,1.0,0.6612579226493835,1.0
80_r5,en,0.31676360764481354,0.6832363923551865,3,10,1.0,0.43270084261894226,0.6000000000017313
80_r5,fr,0.8570121643456142,0.14298783565438578,3,10,1.0,0.8200985193252563,1.0
80_r5,ja,0.6821575786194194,0.3178424213805806,3,10,0.0,0.5680687427520752,1.0
80_r5,zh,0.5270076485472103,0.4729923514527897,3,10,1.0,0.39374294877052307,0.7245112497849162
813_r1,en,0.37326301357838715,0.6267369864216128,3,10,1.0,0.4482187032699585,0.5245112497857819
813_r1,fr,0.013160831822564334,0.9868391681774357,3,10,1.0,0.1022915318608284,0.10000000000368914
813_r1,ja,0.5622939717923734,0.4377060282076266,3,10,0.0,0.5055509805679321,0.8000000000008656
813_r1,zh,0.02059556598511735,0.9794044340148826,3,10,1.0,0.015463410876691341,1.0
813_r2,en,0.09513676384205903,0.904863236157941,3,10,1.0,0.23554092645645142,0.12451124978751298
813_r2,fr,0.01743952974008048,0.9825604702599195,3,10,1.0,0.12646764516830444,0.3000000000028235
813_r2,ja,0.41403499883115474,0.5859650011688453,3,10,0.0,0.307821124792099,1.0
813_r2,zh,0.28966456031716464,0.7103354396828354,3,10,1.0,0.11180908232927322,1.0
813_r3,en,0.294974186208818,0.705025813791182,3,10,1.0,0.3035881221294403,0.10000000000368914
813_r3,fr,0.19735165179521075,0.8026483482047893,3,10,1.0,0.22339417040348053,0.6000000000017313
813_r3,ja,0.30379508115823095,0.696204918841769,3,10,0.0,0.27621695399284363,0.7245112497849162
813_r3,zh,0.2870551694642881,0.7129448305357119,3,10,1.0,0.1289454847574234,1.0
813_r4,en,0.493236846886231,0.5067631531137691,3,10,1.0,0.38659700751304626,0.6000000000017313
813_r4,fr,0.19594771949539722,0.8040522805046028,3,10,1.0,0.13416460156440735,0.3245112497866474
813_r4,ja,0.6890736031844488,0.31092639681555123,3,10,0.0,0.5735515356063843,1.0
813_r4,zh,0.0986281362018989,0.9013718637981011,3,10,1.0,0.11093159019947052,0.7245112497849162
813_r5,en,0.4843440689144554,0.5156559310855446,3,10,1.0,0.4224511384963989,0.30000000000282356
813_r5,fr,0.03447894445938306,0.965521055540617,3,10,1.0,0.19935242831707,0.10000000000368914
813_r5,ja,0.370675198111605,0.629324801888395,3,10,0.0,0.3751884400844574,0.7245112497849162
813_r5,zh,0.1507085035141691,0.8492914964858309,3,10,1.0,0.06352027505636215,1.0
819_r1,en,0.41601465677793253,0.5839853432220674,3,10,1.0,0.48225274682044983,0.3245112497866474
819_r1,fr,0.477746582361946,0.522253417638054,3,10,1.0,0.5646564364433289,0.5245112497857819
819_r1,ja,0.7970230303718189,0.20297696962818113,3,10,1.0,0.7253707051277161,1.0
819_r1,zh,0.21322964424158755,0.7867703557584125,3,10,0.0,0.12753555178642273,0.8000000000008656
819_r2,en,0.531563011690381,0.468436988309619,3,10,1.0,0.6013409495353699,0.5245112497857818
819_r2,fr,0.5729352365977034,0.4270647634022966,3,10,1.0,0.6283237338066101,0.6000000000017313
819_r2,ja,0.6925917080160258,0.30740829198397424,3,10,1.0,0.6675919890403748,0.8000000000008656
819_r2,zh,0.0785908244659394,0.9214091755340605,3,10,0.0,0.14004774391651154,0.6000000000017313
819_r3,en,0.25486872077815803,0.745131279221842,3,10,1.0,0.35077688097953796,0.10000000000368914
819_r3,fr,0.6615701188919358,0.33842988110806416,3,10,1.0,0.7042761445045471,0.8000000000008656
819_r3,ja,0.7976594301214981,0.2023405698785019,3,10,1.0,0.7461938261985779,1.0
819_r3,zh,0.23387482288668765,0.7661251771133124,3,10,0.0,0.10669483244419098,1.0
819_r4,en,0.5410498894341641,0.4589501105658359,3,10,1.0,0.6014639139175415,0.5245112497857818
819_r4,fr,0.739659786210861,0.26034021378913896,3,10,1.0,0.7396599054336548,1.0
819_r4,ja,0.74484980576555,0.25515019423444996,3,10,1.0,0.6559482216835022,1.0
819_r4,zh,0.0503157272049067,0.9496842727950933,3,10,0.0,0.097200408577919,0.8000000000008656
819_r5,en,0.618841177633098,0.381158822366902,3,10,1.0,0.5929808020591736,0.8000000000008656
819_r5,fr,0.5729379144322837,0.4270620855677163,3,10,1.0,0.6738062500953674,0.6000000000017313
819_r5,ja,0.7071345261482932,0.2928654738517068,3,10,1.0,0.5714505910873413,1.0
819_r5,zh,0.4111609213267654,0.5888390786732346,3,10,0.0,0.213121235370636,1.0
81_r1,en,0.7413794174781821,0.25862058252181785,3,10,1.0,0.6473270654678345,1.0
81_r1,fr,0.5643453175367654,0.4356546824632346,3,10,1.0,0.6038482785224915,0.6000000000017313
81_r1,ja,0.3821272593304515,0.6178727406695486,3,10,0.0,0.2561008632183075,0.8000000000008656
81_r1,zh,0.3119827482397331,0.688017251760267,3,10,0.0,0.1349402815103531,1.0
81_r2,en,0.4953668455081207,0.5046331544918793,3,10,1.0,0.6486436724662781,0.32451124978664747
81_r2,fr,0.8359139700156518,0.16408602998434818,3,10,1.0,0.8510667085647583,0.8000000000008656
81_r2,ja,0.5377077867948458,0.46229221320515423,3,10,0.0,0.38084179162979126,0.8000000000008656
81_r2,zh,0.21065315346019953,0.7893468465398005,3,10,0.0,0.0917278528213501,1.0
81_r3,en,0.7022734396500394,0.2977265603499606,3,10,1.0,0.7373809814453125,0.6000000000017313
81_r3,fr,0.506986581153103,0.493013418846897,3,10,1.0,0.48994097113609314,0.5245112497857818
81_r3,ja,0.6575742765799921,0.3424257234200079,3,10,0.0,0.5621456503868103,1.0
81_r3,zh,0.37867201096281183,0.6213279890371881,3,10,0.0,0.174509197473526,1.0
81_r4,en,0.8569489991640081,0.14305100083599187,3,10,1.0,0.8250094056129456,1.0
81_r4,fr,0.710323003292265,0.28967699670773495,3,10,1.0,0.8220242857933044,0.6000000000017313
81_r4,ja,0.4159023011867623,0.5840976988132377,3,10,0.0,0.4036649465560913,0.5245112497857819
81_r4,zh,0.3966875924085667,0.6033124075914333,3,10,0.0,0.18909023702144623,1.0
81_r5,en,0.7491666665290793,0.25083333347092074,3,10,1.0,0.7222802639007568,0.8000000000008656
81_r5,fr,0.8886294281014103,0.11137057189858968,3,10,1.0,0.8433600068092346,1.0
81_r5,ja,0.09803473240013386,0.9019652675998662,3,10,0.0,0.21395207941532135,0.3245112497866474
81_r5,zh,0.4853754036359838,0.5146245963640161,3,10,0.0,0.2717627286911011,1.0
821_r1,en,0.0022687786448575375,0.9977312213551425,3,10,1.0,0.17540554702281952,0.10000000000368914
821_r1,fr,0.04567431425622957,0.9543256857437704,3,10,1.0,0.06258496642112732,0.10000000000368914
821_r1,ja,0.4549310873139825,0.5450689126860175,3,10,1.0,0.41360029578208923,0.8000000000008656
821_r1,zh,0.2557372680498473,0.7442627319501527,3,10,1.0,0.16032561659812927,1.0
821_r2,en,0.056199859127054816,0.9438001408729452,3,10,1.0,0.13593439757823944,0.12451124978751298
821_r2,fr,0.036336639013211845,0.9636633609867882,3,10,1.0,0.03069058433175087,0.6000000000017313
821_r2,ja,0.11586632775726118,0.8841336722427389,3,10,1.0,0.10383773595094681,1.0
821_r2,zh,0.41786554496149664,0.5821344550385034,3,10,1.0,0.20710398256778717,1.0
821_r3,en,0.04504137147599651,0.9549586285240035,3,10,1.0,0.1652415543794632,0.10000000000368914
821_r3,fr,0.042155919773623284,0.9578440802263767,3,10,1.0,0.06495106220245361,0.12451124978751298
821_r3,ja,0.6368913414343149,0.3631086585656851,3,10,1.0,0.545721709728241,0.7245112497849162
821_r3,zh,0.48122205663904594,0.5187779433609541,3,10,1.0,0.28274983167648315,1.0
821_r4,en,0.056493680419458514,0.9435063195805415,3,10,1.0,0.1441068798303604,0.10000000000368914
821_r4,fr,0.015060898661239339,0.9849391013387606,3,10,1.0,0.02463672123849392,0.10000000000368914
821_r4,ja,0.10941407414984715,0.8905859258501528,3,10,1.0,0.10802207887172699,0.8000000000008656
821_r4,zh,0.45935491191718414,0.5406450880828159,3,10,1.0,0.2632638216018677,1.0
821_r5,en,0.17256891226881918,0.8274310877311808,3,10,1.0,0.1304176300764084,0.32451124978664747
821_r5,fr,0.0018448280807294016,0.9981551719192706,3,10,1.0,0.10353220999240875,0.10000000000368914
821_r5,ja,0.28485550231936374,0.7151444976806363,3,10,1.0,0.16640397906303406,0.7245112497849162
821_r5,zh,0.16805175775833794,0.8319482422416621,3,10,1.0,0.06443151086568832,0.8000000000008656
825_r1,en,0.003694820394994028,0.996305179605006,3,10,1.0,0.030270280316472054,0.10000000000368914
825_r1,fr,0.05785114201156163,0.9421488579884384,3,10,1.0,0.11439701914787292,0.32451124978664747
825_r1,ja,0.48689303149367263,0.5131069685063274,3,10,1.0,0.3443097472190857,1.0
825_r1,zh,0.08511698762325545,0.9148830123767445,3,10,1.0,0.05546693131327629,1.0
825_r2,en,0.0009947037841588674,0.9990052962158411,3,10,1.0,0.12047164142131805,0.10000000000368914
825_r2,fr,0.11317425616521136,0.8868257438347886,3,10,1.0,0.10504721105098724,0.3000000000028235
825_r2,ja,0.43698175045441173,0.5630182495455882,3,10,1.0,0.36414390802383423,0.5245112497857819
825_r2,zh,0.11657925115149295,0.8834207488485071,3,10,1.0,0.07242210954427719,1.0
825_r3,en,0.01325780495057738,0.9867421950494226,3,10,1.0,0.19735309481620789,0.10000000000368914
825_r3,fr,0.0643270103147237,0.9356729896852763,3,10,1.0,0.1553315669298172,0.40000000000259683
825_r3,ja,0.4775821627602311,0.522417837239769,3,10,1.0,0.3190845847129822,1.0
825_r3,zh,0.12757911651389559,0.8724208834861045,3,10,1.0,0.059457357972860336,1.0
825_r4,en,0.29331312418069105,0.706686875819309,3,10,1.0,0.20459690690040588,0.3000000000028235
825_r4,fr,0.02598686913053263,0.9740131308694674,3,10,1.0,0.1124952882528305,0.10000000000368914
825_r4,ja,0.4747767969554029,0.5252232030445971,3,10,1.0,0.39496850967407227,0.8000000000008656
825_r4,zh,0.09042529371127449,0.9095747062887255,3,10,1.0,0.07651493698358536,0.8000000000008656
825_r5,en,0.20399272569016846,0.7960072743098315,3,10,1.0,0.3683737516403198,0.10000000000368914
825_r5,fr,0.04322298925986062,0.9567770107401394,3,10,1.0,0.1437186896800995,0.10000000000368914
825_r5,ja,0.43360077451209383,0.5663992254879062,3,10,1.0,0.299758642911911,1.0
825_r5,zh,0.08707342146488094,0.912926578535119,3,10,1.0,0.06377693265676498,0.8000000000008656
826_r1,en,0.0018702606324636829,0.9981297393675364,3,10,0.0,0.10623110830783844,0.3000000000028235
826_r1,fr,0.06366007321130301,0.9363399267886969,3,10,0.0,0.07365366071462631,0.5000000000019581
826_r1,ja,0.09530749263305172,0.9046925073669483,3,10,0.0,0.05783000960946083,1.0
826_r1,zh,0.031870100366215785,0.9681298996337843,3,10,0.0,0.1530432254076004,0.12451124978751298
826_r2,en,0.00022474941097669522,0.9997752505890233,3,10,0.0,0.02038368210196495,0.10000000000368914
826_r2,fr,0.05371203921808216,0.9462879607819178,3,10,0.0,0.06594128906726837,0.30000000000282356
826_r2,ja,0.13538585565667055,0.8646141443433295,3,10,0.0,0.09896589815616608,0.6000000000017313
826_r2,zh,0.27192494225382463,0.7280750577461754,3,10,0.0,0.14779776334762573,1.0
826_r3,en,0.043543600833960486,0.9564563991660395,3,10,0.0,0.04394257813692093,0.30000000000282356
826_r3,fr,0.003531652692518864,0.9964683473074811,3,10,0.0,0.017615007236599922,0.10000000000368914
826_r3,ja,0.11927677056469255,0.8807232294353075,3,10,0.0,0.09720854461193085,0.8000000000008656
826_r3,zh,0.1592904337068545,0.8407095662931455,3,10,0.0,0.0836501270532608,1.0
826_r4,en,0.008125736304124038,0.991874263695876,3,10,0.0,0.13872258365154266,0.10000000000368914
826_r4,fr,0.043938729641872,0.956061270358128,3,10,0.0,0.13191501796245575,0.12451124978751298
826_r4,ja,0.08277862429885642,0.9172213757011436,3,10,0.0,0.057683613151311874,1.0
826_r4,zh,0.1664176275561091,0.8335823724438909,3,10,0.0,0.06744175404310226,1.0
826_r5,en,0.0010797889776801984,0.9989202110223198,3,10,0.0,0.10190370678901672,0.10000000000368914
826_r5,fr,0.08022275337804287,0.9197772466219571,3,10,0.0,0.23744772374629974,0.12451124978751298
826_r5,ja,0.23756303614760807,0.7624369638523919,3,10,0.0,0.12715443968772888,0.8000000000008656
826_r5,zh,0.08578291256335784,0.9142170874366422,3,10,0.0,0.07187975198030472,0.8000000000008656
828_r1,en,0.18764009141861962,0.8123599085813804,3,10,1.0,0.14999127388000488,0.32451124978664747
828_r1,fr,0.32512477136329554,0.6748752286367045,3,10,1.0,0.3408322036266327,0.3245112497866474
828_r1,ja,0.71393494430541,0.28606505569458995,3,10,0.0,0.6284219622612,1.0
828_r1,zh,0.2792528105877596,0.7207471894122404,3,10,0.0,0.09826018661260605,0.8000000000008656
828_r2,en,0.5323982202920503,0.4676017797079497,3,10,1.0,0.49333080649375916,0.6000000000017313
828_r2,fr,0.3244297911362599,0.6755702088637401,3,10,1.0,0.21803373098373413,0.3245112497866474
828_r2,ja,0.2910166128578689,0.7089833871421312,3,10,0.0,0.2396247237920761,0.8000000000008656
828_r2,zh,0.46345666537174396,0.536543334628256,3,10,0.0,0.26093971729278564,1.0
828_r3,en,0.0635693915402459,0.9364306084597541,3,10,1.0,0.08555767685174942,0.40000000000259683
828_r3,fr,0.7747290794317445,0.22527092056825548,3,10,1.0,0.7940384745597839,0.7245112497849162
828_r3,ja,0.4009102418575373,0.5990897581424627,3,10,0.0,0.24833600223064423,1.0
828_r3,zh,0.4050310539186909,0.5949689460813091,3,10,0.0,0.19804130494594574,1.0
828_r4,en,0.04355471331360572,0.9564452866863943,3,10,1.0,0.11717245727777481,0.10000000000368914
828_r4,fr,0.6972994874439469,0.3027005125560531,3,10,1.0,0.6968214511871338,0.6000000000017313
828_r4,ja,0.4755686767897693,0.5244313232102307,3,10,0.0,0.31509220600128174,0.8000000000008656
828_r4,zh,0.2905706364727603,0.7094293635272397,3,10,0.0,0.2027701437473297,0.7245112497849162
828_r5,en,0.07339813800925911,0.9266018619907409,3,10,1.0,0.13211113214492798,0.32451124978664747
828_r5,fr,0.882019565861709,0.11798043413829096,3,10,1.0,0.8884957432746887,0.8000000000008656
828_r5,ja,0.5360004812051204,0.46399951879487955,3,10,0.0,0.5205435156822205,0.6000000000017313
828_r5,zh,0.2543903276587469,0.7456096723412531,3,10,0.0,0.10873157531023026,0.5245112497857818
834_r1,en,0.02776719631673047,0.9722328036832695,3,10,1.0,0.16809973120689392,0.5000000000019581
834_r1,fr,0.5524108830666516,0.44758911693334835,3,10,1.0,0.600805401802063,0.6000000000017313
834_r1,ja,0.28539965536543443,0.7146003446345656,3,10,1.0,0.313391774892807,0.3000000000028235
834_r1,zh,0.2034203128903581,0.7965796871096419,3,10,1.0,0.17362052202224731,0.32451124978664747
834_r2,en,0.25943430576805226,0.7405656942319477,3,10,1.0,0.33457085490226746,0.40000000000259683
834_r2,fr,0.021744586985026817,0.9782554130149732,3,10,1.0,0.25344792008399963,0.10000000000368914
834_r2,ja,0.40206120365170706,0.597938796348293,3,10,1.0,0.3478175699710846,1.0
834_r2,zh,0.0866098437574539,0.9133901562425462,3,10,1.0,0.16353604197502136,0.30000000000282356
834_r3,en,0.40645625144918845,0.5935437485508115,3,10,1.0,0.47326698899269104,0.5245112497857819
834_r3,fr,0.09806252840052576,0.9019374715994742,3,10,1.0,0.4206506907939911,0.10000000000368914
834_r3,ja,0.3826949814524495,0.6173050185475505,3,10,1.0,0.3110683560371399,0.8000000000008656
834_r3,zh,0.14675352349765408,0.853246476502346,3,10,1.0,0.0743585154414177,1.0
834_r4,en,0.2812435636451105,0.7187564363548895,3,10,1.0,0.3020099699497223,0.3000000000028235
834_r4,fr,0.017080311048350193,0.9829196889516498,3,10,1.0,0.23483790457248688,0.10000000000368914
834_r4,ja,0.3563433645891219,0.6436566354108781,3,10,1.0,0.34530454874038696,0.8000000000008656
834_r4,zh,0.21204721003762644,0.7879527899623735,3,10,1.0,0.14204740524291992,0.8000000000008656
834_r5,en,0.2889262419546579,0.7110737580453421,3,10,1.0,0.3100769817829132,0.3000000000028235
834_r5,fr,0.4122349508053981,0.5877650491946018,3,10,1.0,0.47957274317741394,0.6000000000017313
834_r5,ja,0.21848811935667758,0.7815118806433224,3,10,1.0,0.18489156663417816,0.5245112497857819
834_r5,zh,0.13917157206498978,0.8608284279350102,3,10,1.0,0.14745831489562988,0.12451124978751298
836_r1,en,0.8201448321192735,0.17985516788072653,3,10,1.0,0.820144772529602,1.0
836_r1,fr,0.6787097141843955,0.3212902858156045,3,10,1.0,0.7164267301559448,0.7245112497849162
836_r1,ja,0.7387118713935686,0.26128812860643136,3,10,1.0,0.6977099180221558,0.8000000000008656
836_r1,zh,0.28398981953656427,0.7160101804634358,3,10,1.0,0.14621759951114655,1.0
836_r2,en,0.5309135175908458,0.4690864824091542,3,10,1.0,0.5198736190795898,0.5000000000019581
836_r2,fr,0.49414678985331956,0.5058532101466804,3,10,1.0,0.5718510150909424,0.5245112497857819
836_r2,ja,0.6849627772747452,0.3150372227252548,3,10,1.0,0.5436179637908936,1.0
836_r2,zh,0.27067592922087064,0.7293240707791293,3,10,1.0,0.16863059997558594,0.7245112497849162
836_r3,en,0.8201445937006938,0.1798554062993062,3,10,1.0,0.8201445937156677,1.0
836_r3,fr,0.8596184253535684,0.14038157464643164,3,10,1.0,0.8596185445785522,1.0
836_r3,ja,0.7388937210769964,0.26110627892300364,3,10,1.0,0.6264584064483643,1.0
836_r3,zh,0.26459007860483436,0.7354099213951657,3,10,1.0,0.10985362529754639,1.0
836_r4,en,0.7364159849917591,0.2635840150082409,3,10,1.0,0.741464376449585,0.8000000000008656
836_r4,fr,0.14616810449994538,0.8538318955000546,3,10,1.0,0.5022743344306946,0.12451124978751298
836_r4,ja,0.7390955294812138,0.2609044705187862,3,10,1.0,0.7592957615852356,0.8000000000008656
836_r4,zh,0.26428207045612356,0.7357179295438765,3,10,1.0,0.11024369299411774,0.7245112497849162
836_r5,en,0.46129130434298166,0.5387086956570184,3,10,1.0,0.5875322818756104,0.3245112497866474
836_r5,fr,0.6697772861055231,0.3302227138944769,3,10,1.0,0.632763147354126,0.8000000000008656
836_r5,ja,0.40286371666757415,0.5971362833324259,3,10,1.0,0.23363558948040009,1.0
836_r5,zh,0.40904476413604435,0.5909552358639556,3,10,1.0,0.24657829105854034,1.0
841_r1,en,0.056998387176970734,0.9430016128230293,3,10,1.0,0.0870152935385704,0.3000000000028235
841_r1,fr,0.4278791502831831,0.5721208497168169,3,10,0.0,0.3960030972957611,0.3000000000028235
841_r1,ja,0.5364568335147879,0.4635431664852121,3,10,0.0,0.3899339437484741,1.0
841_r1,zh,0.2996260372019086,0.7003739627980914,3,10,0.0,0.1353990137577057,1.0
841_r2,en,0.00031523748339748155,0.9996847625166025,3,10,1.0,0.08996819704771042,0.30000000000282356
841_r2,fr,0.005495745137416572,0.9945042548625834,3,10,0.0,0.48915183544158936,0.10000000000368914
841_r2,ja,0.3437145889883412,0.6562854110116588,3,10,0.0,0.2566203474998474,0.7245112497849162
841_r2,zh,0.03910169526146831,0.9608983047385317,3,10,0.0,0.026494605466723442,1.0
841_r3,en,0.15449784840847905,0.845502151591521,3,10,1.0,0.13728266954421997,0.3000000000028235
841_r3,fr,0.23160120109641052,0.7683987989035894,3,10,0.0,0.22248373925685883,0.10000000000368914
841_r3,ja,0.6354930931839083,0.36450690681609166,3,10,0.0,0.5578795075416565,0.8000000000008656
841_r3,zh,0.2691772623006828,0.7308227376993173,3,10,0.0,0.10376996546983719,1.0
841_r4,en,0.06940668563274555,0.9305933143672545,3,10,1.0,0.30673840641975403,0.12451124978751298
841_r4,fr,0.44251856505454995,0.55748143494545,3,10,0.0,0.46642419695854187,0.3000000000028235
841_r4,ja,0.3386440897437359,0.6613559102562641,3,10,0.0,0.22961707413196564,0.7245112497849162
841_r4,zh,0.2887519481322732,0.7112480518677269,3,10,0.0,0.10484593361616135,1.0
841_r5,en,0.07836973086201103,0.921630269137989,3,10,1.0,0.1312725841999054,0.3245112497866474
841_r5,fr,0.12254990291304695,0.8774500970869531,3,10,0.0,0.4034882187843323,0.12451124978751298
841_r5,ja,0.40364046269810927,0.5963595373018907,3,10,0.0,0.20068588852882385,0.7245112497849162
841_r5,zh,0.020094789740424494,0.9799052102595756,3,10,0.0,0.015601402148604393,1.0
848_r1,en,0.5914201506390163,0.4085798493609837,3,10,1.0,0.6126403212547302,0.7245112497849162
848_r1,fr,0.5981903469994806,0.4018096530005194,3,10,1.0,0.7525084018707275,0.5000000000019581
848_r1,ja,0.5810521165247434,0.4189478834752566,3,10,1.0,0.5808202624320984,0.8000000000008656
848_r1,zh,0.23442169706727028,0.7655783029327297,3,10,1.0,0.0915558785200119,1.0
848_r2,en,0.6097864810574406,0.3902135189425594,3,10,1.0,0.6996992826461792,0.6000000000017313
848_r2,fr,0.6425832012539903,0.35741679874600973,3,10,1.0,0.5915423631668091,0.7000000000010924
848_r2,ja,0.6631474881150788,0.33685251188492116,3,10,1.0,0.595592200756073,1.0
848_r2,zh,0.43023765981057954,0.5697623401894205,3,10,1.0,0.3061983287334442,0.8000000000008656
848_r3,en,0.4274077959400773,0.5725922040599227,3,10,1.0,0.5626667737960815,0.5245112497857818
848_r3,fr,0.6787777121468663,0.32122228785313367,3,10,1.0,0.800276517868042,0.7245112497849162
848_r3,ja,0.6624913651780127,0.33750863482198734,3,10,1.0,0.6010144352912903,1.0
848_r3,zh,0.41834491431519577,0.5816550856848042,3,10,1.0,0.20315290987491608,1.0
848_r4,en,0.6815629679176707,0.3184370320823293,3,10,1.0,0.6835357546806335,0.8000000000008656
848_r4,fr,0.5718538567992284,0.4281461432007716,3,10,1.0,0.6361047029495239,0.5000000000019581
848_r4,ja,0.30869208186614183,0.6913079181338582,3,10,1.0,0.3744785487651825,0.40000000000259683
848_r4,zh,0.41473444325927344,0.5852655567407266,3,10,1.0,0.2118430733680725,1.0
848_r5,en,0.394894132742418,0.605105867257582,3,10,1.0,0.4999726116657257,0.3245112497866474
848_r5,fr,0.3212951939618779,0.6787048060381221,3,10,1.0,0.5490037798881531,0.3000000000028235
848_r5,ja,0.4889412267473781,0.511058773252622,3,10,1.0,0.5222770571708679,0.8000000000008656
848_r5,zh,0.3081585986535318,0.6918414013464682,3,10,1.0,0.22472943365573883,0.7245112497849162
853_r1,en,0.6650246752320935,0.3349753247679065,3,10,1.0,0.5430583953857422,0.8000000000008656
853_r1,fr,0.4480579235285643,0.5519420764714358,3,10,1.0,0.5578643679618835,0.3000000000028235
853_r1,ja,0.5133937979866413,0.4866062020133587,3,10,1.0,0.3737025558948517,0.6000000000017313
853_r1,zh,0.2842326729214471,0.715767327078553,3,10,1.0,0.11138750612735748,1.0
853_r2,en,0.2596932352326884,0.7403067647673116,3,10,1.0,0.3181838095188141,0.3000000000028235
853_r2,fr,0.5784410506299026,0.4215589493700974,3,10,1.0,0.6357783079147339,0.5000000000019581
853_r2,ja,0.6746930125057115,0.32530698749428855,3,10,1.0,0.725378155708313,0.5245112497857818
853_r2,zh,0.28353475173939885,0.7164652482606011,3,10,1.0,0.09996733069419861,1.0
853_r3,en,0.33697086891749395,0.663029131082506,3,10,1.0,0.30826619267463684,0.30000000000282356
853_r3,fr,0.4134618461523549,0.5865381538476451,3,10,1.0,0.42165812849998474,0.5000000000019581
853_r3,ja,0.5186400599825696,0.48135994001743043,3,10,1.0,0.43145275115966797,0.5245112497857819
853_r3,zh,0.3066466511871418,0.6933533488128583,3,10,1.0,0.1403164118528366,1.0
853_r4,en,0.42337430411979465,0.5766256958802054,3,10,1.0,0.500809907913208,0.3245112497866474
853_r4,fr,0.8604256626759004,0.13957433732409963,3,10,1.0,0.8300601840019226,1.0
853_r4,ja,0.7771626135122137,0.22283738648778628,3,10,1.0,0.6689874529838562,1.0
853_r4,zh,0.486194766558537,0.513805233441463,3,10,1.0,0.2777755856513977,1.0
853_r5,en,0.381701964740438,0.618298035259562,3,10,1.0,0.2743460237979889,0.3000000000028235
853_r5,fr,0.5594125297905175,0.4405874702094825,3,10,1.0,0.7075583934783936,0.40000000000259683
853_r5,ja,0.8353260791622633,0.1646739208377367,3,10,1.0,0.7555601000785828,1.0
853_r5,zh,0.49383570810668614,0.5061642918933138,3,10,1.0,0.2864537537097931,1.0
856_r1,en,0.11898036674156034,0.8810196332584397,3,10,1.0,0.5632603168487549,0.10000000000368914
856_r1,fr,0.05010189437621397,0.9498981056237861,3,10,1.0,0.1591079831123352,0.12451124978751298
856_r1,ja,0.5478126515386145,0.45218734846138553,3,10,1.0,0.3659916818141937,1.0
856_r1,zh,0.4026692713412041,0.5973307286587959,3,10,1.0,0.2253044694662094,1.0
856_r2,en,0.1452890879861001,0.8547109120138999,3,10,1.0,0.48895445466041565,0.12451124978751298
856_r2,fr,0.037129584425583,0.962870415574417,3,10,1.0,0.1428278237581253,0.10000000000368914
856_r2,ja,0.01570237609351478,0.9842976239064852,3,10,1.0,0.018588624894618988,0.7245112497849162
856_r2,zh,0.49248175012888923,0.5075182498711108,3,10,1.0,0.47716134786605835,0.5245112497857819
856_r3,en,0.2692310364219339,0.7307689635780661,3,10,1.0,0.18569326400756836,0.5000000000019581
856_r3,fr,0.04665968336431081,0.9533403166356892,3,10,1.0,0.12126442790031433,0.12451124978751298
856_r3,ja,0.5454408090218171,0.45455919097818287,3,10,1.0,0.357704222202301,1.0
856_r3,zh,0.6237659956519744,0.37623400434802556,3,10,1.0,0.4665820896625519,1.0
856_r4,en,0.21423901866571854,0.7857609813342814,3,10,1.0,0.2709028422832489,0.40000000000259683
856_r4,fr,0.013639663422523273,0.9863603365774767,3,10,1.0,0.18586407601833344,0.3000000000028235
856_r4,ja,0.7285525680251561,0.2714474319748439,3,10,1.0,0.7775743007659912,0.7245112497849162
856_r4,zh,0.5597065726267273,0.4402934273732727,3,10,1.0,0.3822355270385742,1.0
856_r5,en,0.3048128389264416,0.6951871610735584,3,10,1.0,0.5889231562614441,0.10000000000368914
856_r5,fr,0.2301526596884844,0.7698473403115156,3,10,1.0,0.13064062595367432,1.0
856_r5,ja,0.3934631187715223,0.6065368812284777,3,10,1.0,0.27750805020332336,0.5245112497857818
856_r5,zh,0.7396704000325306,0.2603295999674694,3,10,1.0,0.6451496481895447,1.0
858_r1,en,0.626719438184277,0.373280561815723,3,10,1.0,0.5713240504264832,0.8000000000008656
858_r1,fr,0.5567833653258166,0.4432166346741834,3,10,1.0,0.4113864600658417,0.8000000000008656
858_r1,ja,0.5702796439237203,0.4297203560762797,3,10,1.0,0.3844464421272278,1.0
858_r1,zh,0.28679345643298176,0.7132065435670183,3,10,1.0,0.13361085951328278,1.0
858_r2,en,0.6391783757014308,0.36082162429856923,3,10,1.0,0.6418038010597229,0.6000000000017313
858_r2,fr,0.4696499971308698,0.5303500028691301,3,10,1.0,0.3784841001033783,0.5245112497857819
858_r2,ja,0.3300891405574716,0.6699108594425284,3,10,1.0,0.19867533445358276,1.0
858_r2,zh,0.2548741286493531,0.7451258713506469,3,10,1.0,0.12104333192110062,1.0
858_r3,en,0.7820669839973688,0.21793301600263115,3,10,1.0,0.6929769515991211,0.8000000000008656
858_r3,fr,0.7133123718912726,0.2866876281087274,3,10,1.0,0.5335868000984192,1.0
858_r3,ja,0.6568563431227414,0.34314365687725856,3,10,1.0,0.48890793323516846,1.0
858_r3,zh,0.2869287358964475,0.7130712641035525,3,10,1.0,0.1752738505601883,1.0
858_r4,en,0.530373083195567,0.469626916804433,3,10,1.0,0.3916698396205902,0.5000000000019581
858_r4,fr,0.3524447924182771,0.6475552075817229,3,10,1.0,0.41038528084754944,0.3000000000028235
858_r4,ja,0.2918133537994311,0.7081866462005689,3,10,1.0,0.10988877713680267,1.0
858_r4,zh,0.3731439165303036,0.6268560834696963,3,10,1.0,0.21862642467021942,1.0
858_r5,en,0.31297722316960613,0.6870227768303938,3,10,1.0,0.3334204852581024,0.10000000000368914
858_r5,fr,0.44587778285878354,0.5541222171412165,3,10,1.0,0.38117745518684387,0.3245112497866474
858_r5,ja,0.6435052110786103,0.35649478892138975,3,10,1.0,0.5024436712265015,1.0
858_r5,zh,0.17526840676874406,0.824731593231256,3,10,1.0,0.08784456551074982,1.0
85_r1,en,0.013135282674627638,0.9868647173253724,3,10,1.0,0.04091792181134224,0.5245112497857819
85_r1,fr,0.053828738574902536,0.9461712614250974,3,10,0.0,0.07825588434934616,0.10000000000368914
85_r1,ja,0.3182673584860622,0.6817326415139378,3,10,0.0,0.14874817430973053,1.0
85_r1,zh,0.19074289969878805,0.8092571003012119,3,10,1.0,0.1715596467256546,1.0
85_r2,en,0.17089548754778364,0.8291045124522164,3,10,1.0,0.06533226370811462,0.10000000000368914
85_r2,fr,0.0371459046998406,0.9628540953001594,3,10,0.0,0.053796861320734024,0.3000000000028235
85_r2,ja,0.26179529362975806,0.7382047063702419,3,10,0.0,0.20200255513191223,1.0
85_r2,zh,0.18529022769462086,0.8147097723053791,3,10,1.0,0.17569443583488464,1.0
85_r3,en,0.033111796360969864,0.9668882036390302,3,10,1.0,0.04824693500995636,0.10000000000368914
85_r3,fr,0.04606113867145753,0.9539388613285424,3,10,0.0,0.09876790642738342,0.3000000000028235
85_r3,ja,0.30374281431143624,0.6962571856885638,3,10,0.0,0.17834362387657166,1.0
85_r3,zh,0.2410039501578025,0.7589960498421975,3,10,1.0,0.1691153198480606,1.0
85_r4,en,0.01162980486768885,0.9883701951323112,3,10,1.0,0.02092658169567585,0.32451124978664747
85_r4,fr,0.03719434555354214,0.9628056544464578,3,10,0.0,0.04434096813201904,0.3000000000028235
85_r4,ja,0.3395338124759225,0.6604661875240775,3,10,0.0,0.20088648796081543,1.0
85_r4,zh,0.22282252294700747,0.7771774770529926,3,10,1.0,0.14072580635547638,1.0
85_r5,en,0.005698974950479497,0.9943010250495204,3,10,1.0,0.01512608490884304,0.12451124978751298
85_r5,fr,0.03181964224142523,0.9681803577585748,3,10,0.0,0.057943299412727356,0.32451124978664747
85_r5,ja,0.20134498830278377,0.7986550116972162,3,10,0.0,0.13792356848716736,1.0
85_r5,zh,0.12036628216466283,0.8796337178353372,3,10,1.0,0.08400005847215652,1.0
864_r1,en,0.3029601123432688,0.6970398876567312,3,10,1.0,0.10186906158924103,1.0
864_r1,fr,0.06715850821096177,0.9328414917890382,3,10,1.0,0.07819779217243195,0.5245112497857819
864_r1,ja,0.3475638243423278,0.6524361756576722,3,10,0.0,0.1405201107263565,0.8000000000008656
864_r1,zh,0.5060008646188027,0.49399913538119733,3,10,0.0,0.30449947714805603,1.0
864_r2,en,0.7406727544702233,0.2593272455297767,3,10,1.0,0.7664989233016968,0.6000000000017313
864_r2,fr,0.050709947965272825,0.9492900520347272,3,10,1.0,0.13832233846187592,0.10000000000368914
864_r2,ja,0.5540584974180132,0.44594150258198684,3,10,0.0,0.339740127325058,1.0
864_r2,zh,0.5054008782163236,0.4945991217836764,3,10,0.0,0.30361953377723694,1.0
864_r3,en,0.42764194896447,0.57235805103553,3,10,1.0,0.290296733379364,0.32451124978664747
864_r3,fr,0.04404058690578303,0.955959413094217,3,10,1.0,0.04381050169467926,0.6000000000017313
864_r3,ja,0.41757201012657535,0.5824279898734246,3,10,0.0,0.2808479964733124,0.8000000000008656
864_r3,zh,0.019886369721647708,0.9801136302783523,3,10,0.0,0.11024535447359085,0.8000000000008656
864_r4,en,0.5237367566626158,0.47626324333738423,3,10,1.0,0.38454577326774597,0.7000000000010924
864_r4,fr,0.00652085208136193,0.9934791479186381,3,10,1.0,0.27818968892097473,0.10000000000368914
864_r4,ja,0.35706659878083374,0.6429334012191663,3,10,0.0,0.16806748509407043,0.7245112497849162
864_r4,zh,0.5820923805564385,0.4179076194435615,3,10,0.0,0.38533633947372437,1.0
864_r5,en,0.5382079634035438,0.4617920365964562,3,10,1.0,0.5924584269523621,0.3245112497866474
864_r5,fr,0.08392272435654051,0.9160772756434595,3,10,1.0,0.17254509031772614,0.12451124978751298
864_r5,ja,0.38380176030757546,0.6161982396924246,3,10,0.0,0.16527898609638214,0.8000000000008656
864_r5,zh,0.41263596778998474,0.5873640322100153,3,10,0.0,0.20857805013656616,0.8000000000008656
868_r1,en,0.5025418057632928,0.49745819423670723,3,10,1.0,0.6470557451248169,0.3245112497866474
868_r1,fr,0.8250900107761188,0.17490998922388123,3,10,1.0,0.8595854640007019,0.8000000000008656
868_r1,ja,0.49936166461954123,0.5006383353804588,3,10,1.0,0.3517807424068451,1.0
868_r1,zh,0.27043711006156096,0.729562889938439,3,10,1.0,0.08739673346281052,0.8000000000008656
868_r2,en,0.6639781169642218,0.3360218830357782,3,10,1.0,0.7618210911750793,0.5245112497857819
868_r2,fr,0.7246101400048831,0.2753898599951169,3,10,1.0,0.7375317811965942,0.7245112497849162
868_r2,ja,0.6165780148588432,0.3834219851411568,3,10,1.0,0.6258236765861511,0.8000000000008656
868_r2,zh,0.2756344835459314,0.7243655164540685,3,10,1.0,0.09387266635894775,1.0
868_r3,en,0.8764585908574387,0.12354140914256129,3,10,1.0,0.8330326676368713,1.0
868_r3,fr,0.8250897442160215,0.17491025578397845,3,10,1.0,0.8322146534919739,0.8000000000008656
868_r3,ja,0.7128745653531913,0.28712543464680873,3,10,1.0,0.6742481589317322,1.0
868_r3,zh,0.4266775956383971,0.573322404361603,3,10,1.0,0.2288936823606491,1.0
868_r4,en,0.8263199189620547,0.1736800810379453,3,10,1.0,0.8314979076385498,0.8000000000008656
868_r4,fr,0.5834637284881928,0.41653627151180717,3,10,1.0,0.5743780732154846,0.5000000000019581
868_r4,ja,0.6557655768390721,0.3442344231609279,3,10,1.0,0.5686302185058594,1.0
868_r4,zh,0.2705373915563568,0.7294626084436432,3,10,1.0,0.09043682366609573,0.7245112497849162
868_r5,en,0.5197889077733335,0.48021109222666647,3,10,1.0,0.6851673126220703,0.3245112497866474
868_r5,fr,0.6522906280622693,0.34770937193773066,3,10,1.0,0.6750597357749939,0.6000000000017313
868_r5,ja,0.5542571724653134,0.44574282753468664,3,10,1.0,0.4934372305870056,0.8000000000008656
868_r5,zh,0.5068469464245243,0.4931530535754757,3,10,1.0,0.2818181812763214,1.0
869_r1,en,0.13097594557227932,0.8690240544277207,3,10,0.0,0.5464107990264893,0.12451124978751298
869_r1,fr,0.034699572611127924,0.9653004273888721,3,10,0.0,0.16773729026317596,0.10000000000368914
869_r1,ja,0.4817583593048982,0.5182416406951018,3,10,1.0,0.313769668340683,1.0
869_r1,zh,0.5642364355291974,0.43576356447080256,3,10,0.0,0.4449947774410248,0.7245112497849162
869_r2,en,0.26303955126039497,0.7369604487396051,3,10,0.0,0.5486311316490173,0.10000000000368914
869_r2,fr,0.019297981112790664,0.9807020188872093,3,10,0.0,0.027771901339292526,0.6000000000017313
869_r2,ja,0.4836827241620449,0.5163172758379551,3,10,1.0,0.3653465509414673,0.8000000000008656
869_r2,zh,0.30834438180352325,0.6916556181964768,3,10,0.0,0.14224925637245178,0.8000000000008656
869_r3,en,0.02065279579414586,0.9793472042058542,3,10,0.0,0.26983505487442017,0.10000000000368914
869_r3,fr,0.0009727306016171384,0.9990272693983828,3,10,0.0,0.11404868215322495,0.10000000000368914
869_r3,ja,0.5461781566529771,0.4538218433470229,3,10,1.0,0.4477110803127289,1.0
869_r3,zh,0.28487142579130065,0.7151285742086994,3,10,0.0,0.126003697514534,1.0
869_r4,en,0.28121700167806923,0.7187829983219307,3,10,0.0,0.38792505860328674,0.3245112497866474
869_r4,fr,0.019116813837548846,0.9808831861624512,3,10,0.0,0.095171257853508,0.30000000000282356
869_r4,ja,0.47712369262185467,0.5228763073781453,3,10,1.0,0.5142329335212708,0.5245112497857818
869_r4,zh,0.42106914480742863,0.5789308551925714,3,10,0.0,0.28065454959869385,1.0
869_r5,en,0.5260796679759676,0.4739203320240324,3,10,0.0,0.5947097539901733,0.40000000000259683
869_r5,fr,0.10020816978529828,0.8997918302147017,3,10,0.0,0.10404586791992188,0.10000000000368914
869_r5,ja,0.4418352185903668,0.5581647814096332,3,10,1.0,0.3649250268936157,1.0
869_r5,zh,0.5772025050642172,0.4227974949357828,3,10,0.0,0.36877772212028503,1.0
871_r1,en,0.47128870201170925,0.5287112979882908,3,10,0.0,0.461527556180954,0.5000000000019581
871_r1,fr,0.11946579258251065,0.8805342074174893,3,10,1.0,0.14823317527770996,0.5245112497857818
871_r1,ja,0.49865945741134743,0.5013405425886526,3,10,0.0,0.49469101428985596,0.5245112497857819
871_r1,zh,0.25063233460205786,0.7493676653979422,3,10,0.0,0.12969674170017242,0.8000000000008656
871_r2,en,0.41237091836011647,0.5876290816398835,3,10,0.0,0.4547974169254303,0.5245112497857819
871_r2,fr,0.1443978684991246,0.8556021315008754,3,10,1.0,0.11378549784421921,0.40000000000259683
871_r2,ja,0.6052559540494599,0.39474404595054013,3,10,0.0,0.5055938363075256,0.8000000000008656
871_r2,zh,0.3632646713873645,0.6367353286126355,3,10,0.0,0.2618877589702606,0.7245112497849162
871_r3,en,0.2593964804349245,0.7406035195650755,3,10,0.0,0.26696327328681946,0.30000000000282356
871_r3,fr,0.0003170913537053797,0.9996829086462946,3,10,1.0,0.3716312646865845,0.10000000000368914
871_r3,ja,0.31549793670236265,0.6845020632976373,3,10,0.0,0.3909533619880676,0.32451124978664747
871_r3,zh,0.31323010772618676,0.6867698922738132,3,10,0.0,0.15470165014266968,1.0
871_r4,en,0.36426143651587556,0.6357385634841244,3,10,0.0,0.3921549916267395,0.30000000000282356
871_r4,fr,0.10846347224663057,0.8915365277533694,3,10,1.0,0.20583388209342957,0.5245112497857819
871_r4,ja,0.5147200939007599,0.4852799060992401,3,10,0.0,0.36318206787109375,1.0
871_r4,zh,0.3586868440476294,0.6413131559523706,3,10,0.0,0.19079475104808807,1.0
871_r5,en,0.43369027889766965,0.5663097211023304,3,10,0.0,0.3885110318660736,0.7000000000010924
871_r5,fr,0.08482747117274302,0.915172528827257,3,10,1.0,0.19541816413402557,0.30000000000282356
871_r5,ja,0.5606102769022344,0.4393897230977656,3,10,0.0,0.4278184175491333,1.0
871_r5,zh,0.3514150420057377,0.6485849579942623,3,10,0.0,0.1821630597114563,1.0
873_r1,en,0.18441750359736706,0.8155824964026329,3,10,0.0,0.5600801110267639,0.12451124978751298
873_r1,fr,0.00603815727052389,0.9939618427294761,3,10,1.0,0.10423188656568527,0.40000000000259683
873_r1,ja,0.38974215997586875,0.6102578400241312,3,10,1.0,0.28167903423309326,1.0
873_r1,zh,0.3144330700604715,0.6855669299395285,3,10,1.0,0.13512417674064636,0.7245112497849162
873_r2,en,0.3998127734275756,0.6001872265724244,3,10,0.0,0.5680025219917297,0.3245112497866474
873_r2,fr,0.005977278603954176,0.9940227213960459,3,10,1.0,0.11734224110841751,0.12451124978751298
873_r2,ja,0.2734349497314629,0.7265650502685371,3,10,1.0,0.21944262087345123,0.6000000000017313
873_r2,zh,0.28800749342663595,0.7119925065733641,3,10,1.0,0.1564653068780899,1.0
873_r3,en,0.38441684844229057,0.6155831515577095,3,10,0.0,0.6490433216094971,0.3000000000028235
873_r3,fr,0.009436466856689928,0.99056353314331,3,10,1.0,0.1091083288192749,0.10000000000368914
873_r3,ja,0.48183946444912495,0.518160535550875,3,10,1.0,0.4013344347476959,0.8000000000008656
873_r3,zh,0.47601263621222434,0.5239873637877757,3,10,1.0,0.27314120531082153,1.0
873_r4,en,0.34262453480409294,0.6573754651959071,3,10,0.0,0.34742501378059387,0.5000000000019581
873_r4,fr,0.2976961684914132,0.7023038315085868,3,10,1.0,0.23838657140731812,0.12451124978751298
873_r4,ja,0.3604151517819675,0.6395848482180325,3,10,1.0,0.27510350942611694,1.0
873_r4,zh,0.4475809507609733,0.5524190492390266,3,10,1.0,0.26017817854881287,1.0
873_r5,en,0.004773415339746507,0.9952265846602535,3,10,0.0,0.46882522106170654,0.10000000000368914
873_r5,fr,0.0005168859216245358,0.9994831140783754,3,10,1.0,0.1820574700832367,0.10000000000368914
873_r5,ja,0.43053666674625757,0.5694633332537424,3,10,1.0,0.3312743902206421,0.8000000000008656
873_r5,zh,0.42177850190129007,0.5782214980987099,3,10,1.0,0.23511357605457306,1.0
876_r1,en,0.4192538619156129,0.580746138084387,3,10,1.0,0.5287919640541077,0.32451124978664747
876_r1,fr,0.5356376359368034,0.46436236406319664,3,10,1.0,0.6497737169265747,0.5245112497857819
876_r1,ja,0.5497348453254436,0.4502651546745564,3,10,1.0,0.47786253690719604,1.0
876_r1,zh,0.2969725860387162,0.7030274139612838,3,10,1.0,0.22248397767543793,0.5245112497857818
876_r2,en,0.23572162769397934,0.7642783723060207,3,10,1.0,0.464176207780838,0.10000000000368914
876_r2,fr,0.41958674562529147,0.5804132543747085,3,10,1.0,0.5860908031463623,0.3245112497866474
876_r2,ja,0.4496477151923392,0.5503522848076607,3,10,1.0,0.32872435450553894,1.0
876_r2,zh,0.4568879963101021,0.543112003689898,3,10,1.0,0.2831194996833801,1.0
876_r3,en,0.4082818356053608,0.5917181643946392,3,10,1.0,0.3729904592037201,0.3000000000028235
876_r3,fr,0.07200627178251261,0.9279937282174874,3,10,1.0,0.29031097888946533,0.10000000000368914
876_r3,ja,0.38683372547667033,0.6131662745233297,3,10,1.0,0.2609768807888031,1.0
876_r3,zh,0.4790081031313355,0.5209918968686644,3,10,1.0,0.286376416683197,1.0
876_r4,en,0.08745461618975682,0.9125453838102432,3,10,1.0,0.23101089894771576,0.12451124978751298
876_r4,fr,0.2909912197722764,0.7090087802277236,3,10,1.0,0.25753358006477356,0.5000000000019581
876_r4,ja,0.34641501666960633,0.6535849833303937,3,10,1.0,0.24277867376804352,0.8000000000008656
876_r4,zh,0.24775559471272093,0.7522444052872791,3,10,1.0,0.12563586235046387,1.0
876_r5,en,0.24944524750946448,0.7505547524905355,3,10,1.0,0.3951001465320587,0.12451124978751298
876_r5,fr,0.6309281835123673,0.36907181648763265,3,10,1.0,0.6778045892715454,0.7245112497849162
876_r5,ja,0.5265151832425249,0.4734848167574751,3,10,1.0,0.4355670213699341,0.7245112497849162
876_r5,zh,0.04027264517373558,0.9597273548262644,3,10,1.0,0.028991613537073135,0.5245112497857819
877_r1,en,0.4238420845805138,0.5761579154194862,3,10,1.0,0.4940662682056427,0.3000000000028235
877_r1,fr,0.012324058471265666,0.9876759415287343,3,10,1.0,0.3202701210975647,0.10000000000368914
877_r1,ja,0.47855491350803436,0.5214450864919656,3,10,1.0,0.4127446413040161,1.0
877_r1,zh,0.09837521196694465,0.9016247880330553,3,10,0.0,0.08122885227203369,1.0
877_r2,en,0.533011762417469,0.46698823758253105,3,10,1.0,0.6734284162521362,0.32451124978664747
877_r2,fr,0.28597420389285716,0.7140257961071428,3,10,1.0,0.31439489126205444,0.10000000000368914
877_r2,ja,0.36284268155953575,0.6371573184404642,3,10,1.0,0.31572774052619934,1.0
877_r2,zh,0.17836840912960258,0.8216315908703974,3,10,0.0,0.21288341283798218,0.3245112497866474
877_r3,en,0.5205802212215848,0.47941977877841524,3,10,1.0,0.5105482339859009,0.5000000000019581
877_r3,fr,0.4099808400169136,0.5900191599830864,3,10,1.0,0.4899841248989105,0.3000000000028235
877_r3,ja,0.362725019661021,0.637274980338979,3,10,1.0,0.3840227723121643,0.8000000000008656
877_r3,zh,0.10507007544823722,0.8949299245517628,3,10,0.0,0.0918758437037468,1.0
877_r4,en,0.299680183619231,0.700319816380769,3,10,1.0,0.5262803435325623,0.10000000000368914
877_r4,fr,0.5840047143371243,0.4159952856628757,3,10,1.0,0.5660079717636108,0.5245112497857819
877_r4,ja,0.34717101234525666,0.6528289876547433,3,10,1.0,0.2915099859237671,1.0
877_r4,zh,0.17357899639965688,0.8264210036003431,3,10,0.0,0.14266058802604675,0.8000000000008656
877_r5,en,0.30417629999897355,0.6958237000010264,3,10,1.0,0.2591770887374878,0.3000000000028235
877_r5,fr,0.034712727127644415,0.9652872728723556,3,10,1.0,0.33301055431365967,0.10000000000368914
877_r5,ja,0.40472484923979873,0.5952751507602012,3,10,1.0,0.349693238735199,1.0
877_r5,zh,0.35663708044817166,0.6433629195518283,3,10,0.0,0.2282276302576065,1.0
878_r1,en,0.02066842860229915,0.9793315713977009,3,10,1.0,0.021779369562864304,0.5000000000019581
878_r1,fr,0.017518315825933845,0.9824816841740661,3,10,1.0,0.1666097491979599,0.10000000000368914
878_r1,ja,0.5557141325734865,0.44428586742651355,3,10,0.0,0.3784260153770447,1.0
878_r1,zh,0.27700994754984093,0.7229900524501591,3,10,1.0,0.11669613420963287,0.5245112497857819
878_r2,en,0.01577444590320658,0.9842255540967935,3,10,1.0,0.020324187353253365,0.32451124978664747
878_r2,fr,0.23208164775697562,0.7679183522430244,3,10,1.0,0.24345888197422028,0.6000000000017313
878_r2,ja,0.5577800646681785,0.44221993533182147,3,10,0.0,0.3830184042453766,0.8000000000008656
878_r2,zh,0.02275465651800113,0.9772453434819989,3,10,1.0,0.018825087696313858,1.0
878_r3,en,0.00997167939664535,0.9900283206033547,3,10,1.0,0.015962650999426842,0.12451124978751298
878_r3,fr,0.04385982925278715,0.9561401707472128,3,10,1.0,0.16998131573200226,0.12451124978751298
878_r3,ja,0.05497632306529049,0.9450236769347096,3,10,0.0,0.07629912346601486,0.5245112497857818
878_r3,zh,0.44640458460573346,0.5535954153942666,3,10,1.0,0.26616179943084717,1.0
878_r4,en,0.015774474716533732,0.9842255252834663,3,10,1.0,0.14303943514823914,0.32451124978664747
878_r4,fr,0.04993136590993347,0.9500686340900666,3,10,1.0,0.1708422601222992,0.32451124978664747
878_r4,ja,0.05246784439156701,0.947532155608433,3,10,0.0,0.11780646443367004,0.3245112497866474
878_r4,zh,0.2736368987369213,0.7263631012630787,3,10,1.0,0.0980575904250145,0.8000000000008656
878_r5,en,0.01789777170283948,0.9821022282971605,3,10,1.0,0.06223573908209801,0.5000000000019581
878_r5,fr,0.09922863260694681,0.9007713673930532,3,10,1.0,0.10802079737186432,0.6000000000017313
878_r5,ja,0.31067433950449247,0.6893256604955076,3,10,0.0,0.2016303390264511,0.8000000000008656
878_r5,zh,0.3554944915815258,0.6445055084184742,3,10,1.0,0.18845799565315247,1.0
881_r1,en,0.42977934680998187,0.5702206531900181,3,10,1.0,0.51801997423172,0.32451124978664747
881_r1,fr,0.4325688520499301,0.5674311479500699,3,10,1.0,0.19961364567279816,0.5000000000019581
881_r1,ja,0.1962170482032147,0.8037829517967853,3,10,0.0,0.15571779012680054,0.7245112497849162
881_r1,zh,0.39802520296078636,0.6019747970392136,3,10,0.0,0.21339432895183563,0.5245112497857818
881_r2,en,0.6402973697327755,0.3597026302672245,3,10,1.0,0.6841250658035278,0.5000000000019581
881_r2,fr,0.001209850184509609,0.9987901498154904,3,10,1.0,0.012312998995184898,0.10000000000368914
881_r2,ja,0.36857349344114926,0.6314265065588507,3,10,0.0,0.2509791851043701,0.8000000000008656
881_r2,zh,0.24920185847450319,0.7507981415254968,3,10,0.0,0.15860113501548767,1.0
881_r3,en,0.5941653557721661,0.4058346442278339,3,10,1.0,0.49478867650032043,0.5000000000019581
881_r3,fr,0.03788420070801048,0.9621157992919895,3,10,1.0,0.023712581023573875,0.10000000000368914
881_r3,ja,0.3953418546848071,0.6046581453151929,3,10,0.0,0.34254440665245056,0.7245112497849162
881_r3,zh,0.14760218819324666,0.8523978118067533,3,10,0.0,0.09868507087230682,1.0
881_r4,en,0.12047951341109318,0.8795204865889068,3,10,1.0,0.3667018711566925,0.12451124978751298
881_r4,fr,0.01038018541685034,0.9896198145831496,3,10,1.0,0.11196445673704147,0.10000000000368914
881_r4,ja,0.43406499860399606,0.565935001396004,3,10,0.0,0.32672396302223206,1.0
881_r4,zh,0.3713644091631447,0.6286355908368553,3,10,0.0,0.2055855244398117,1.0
881_r5,en,0.4269101922461411,0.5730898077538589,3,10,1.0,0.34738320112228394,0.32451124978664747
881_r5,fr,0.027092179004740886,0.9729078209952591,3,10,1.0,0.129087433218956,0.10000000000368914
881_r5,ja,0.11820266811653868,0.8817973318834613,3,10,0.0,0.22801275551319122,0.6000000000017313
881_r5,zh,0.2666233619835154,0.7333766380164846,3,10,0.0,0.1016102209687233,1.0
882_r1,en,0.5355818594837708,0.4644181405162292,3,10,1.0,0.5217975378036499,0.6000000000017313
882_r1,fr,0.030422588091006907,0.969577411908993,3,10,1.0,0.19566033780574799,0.3245112497866474
882_r1,ja,0.4331596040495901,0.5668403959504099,3,10,1.0,0.2151561677455902,1.0
882_r1,zh,0.0488258958489983,0.9511741041510017,3,10,0.0,0.021231399849057198,1.0
882_r2,en,0.33269500350364795,0.667304996496352,3,10,1.0,0.5343028903007507,0.12451124978751298
882_r2,fr,0.0399028035135282,0.9600971964864718,3,10,1.0,0.1407216489315033,0.3000000000028235
882_r2,ja,0.4385099576968742,0.5614900423031258,3,10,1.0,0.31493663787841797,0.7245112497849162
882_r2,zh,0.26252275660421354,0.7374772433957865,3,10,0.0,0.11769948899745941,1.0
882_r3,en,0.12463520009546031,0.8753647999045397,3,10,1.0,0.40499359369277954,0.12451124978751298
882_r3,fr,0.42538020818832806,0.574619791811672,3,10,1.0,0.3305446207523346,0.5245112497857819
882_r3,ja,0.4295431855852601,0.5704568144147399,3,10,1.0,0.2089867740869522,0.5245112497857819
882_r3,zh,0.325774181776866,0.674225818223134,3,10,0.0,0.136683851480484,0.8000000000008656
882_r4,en,0.6290977357014778,0.37090226429852224,3,10,1.0,0.5935288071632385,0.5245112497857818
882_r4,fr,0.05507521649883356,0.9449247835011665,3,10,1.0,0.14410121738910675,0.6000000000017313
882_r4,ja,0.6054453227422247,0.39455467725777527,3,10,1.0,0.49695587158203125,0.8000000000008656
882_r4,zh,0.32943494759184655,0.6705650524081535,3,10,0.0,0.14793100953102112,1.0
882_r5,en,0.5350597646415403,0.46494023535845974,3,10,1.0,0.4170450270175934,0.6000000000017313
882_r5,fr,0.05740178279325255,0.9425982172067474,3,10,1.0,0.16033825278282166,0.6000000000017313
882_r5,ja,0.3270911904314934,0.6729088095685066,3,10,1.0,0.249254047870636,0.8000000000008656
882_r5,zh,0.126485906960151,0.8735140930398491,3,10,0.0,0.04162699356675148,0.8000000000008656
885_r1,en,0.41313688673996646,0.5868631132600335,3,10,1.0,0.3532733917236328,0.3000000000028235
885_r1,fr,0.018855392423951175,0.9811446075760488,3,10,0.0,0.08464980125427246,0.10000000000368914
885_r1,ja,0.4416342496949205,0.5583657503050795,3,10,0.0,0.33920565247535706,1.0
885_r1,zh,0.15154162849240074,0.8484583715075993,3,10,0.0,0.10988501459360123,1.0
885_r2,en,0.14997779565628344,0.8500222043437166,3,10,1.0,0.738834798336029,0.12451124978751298
885_r2,fr,0.037187324869000754,0.9628126751309992,3,10,0.0,0.1722986102104187,0.10000000000368914
885_r2,ja,0.45725287026347583,0.5427471297365242,3,10,0.0,0.3743961453437805,1.0
885_r2,zh,0.37123201619064294,0.6287679838093571,3,10,0.0,0.27895206212997437,1.0
885_r3,en,0.2745636308435411,0.7254363691564589,3,10,1.0,0.47775793075561523,0.10000000000368914
885_r3,fr,0.017628781392305556,0.9823712186076945,3,10,0.0,0.08948212116956711,0.10000000000368914
885_r3,ja,0.3864690209636111,0.613530979036389,3,10,0.0,0.3112984895706177,0.7245112497849162
885_r3,zh,0.6266432827558903,0.3733567172441097,3,10,0.0,0.5248841047286987,1.0
885_r4,en,0.0009128856428630554,0.9990871143571369,3,10,1.0,0.18743513524532318,0.10000000000368914
885_r4,fr,0.004756967947843386,0.9952430320521566,3,10,0.0,0.0412822887301445,0.10000000000368914
885_r4,ja,0.42616627657088973,0.5738337234291102,3,10,0.0,0.3991328775882721,0.7245112497849162
885_r4,zh,0.37054117254308044,0.6294588274569195,3,10,0.0,0.2396618276834488,1.0
885_r5,en,0.09916929310008436,0.9008307068999156,3,10,1.0,0.20491638779640198,0.3000000000028235
885_r5,fr,0.002180709742102232,0.9978192902578977,3,10,0.0,0.13189654052257538,0.10000000000368914
885_r5,ja,0.40184080861076477,0.5981591913892352,3,10,0.0,0.36905747652053833,1.0
885_r5,zh,0.19669229559865153,0.8033077044013485,3,10,0.0,0.1357744038105011,1.0
888_r1,en,0.2873097056911662,0.7126902943088338,3,10,0.0,0.2966265380382538,0.10000000000368914
888_r1,fr,0.04340499590311247,0.9565950040968876,3,10,0.0,0.19945110380649567,0.10000000000368914
888_r1,ja,0.6059204211849049,0.39407957881509514,3,10,0.0,0.42561060190200806,1.0
888_r1,zh,0.06282032752304342,0.9371796724769565,3,10,0.0,0.03083445318043232,1.0
888_r2,en,0.003605697840212895,0.9963943021597871,3,10,0.0,0.09646488726139069,0.10000000000368914
888_r2,fr,0.08681020855676337,0.9131897914432366,3,10,0.0,0.10053171962499619,0.40000000000259683
888_r2,ja,0.6007555219888224,0.3992444780111776,3,10,0.0,0.4292249381542206,1.0
888_r2,zh,0.26944191032950027,0.7305580896704997,3,10,0.0,0.09648982435464859,1.0
888_r3,en,0.12923081849969653,0.8707691815003035,3,10,0.0,0.2917735278606415,0.3000000000028235
888_r3,fr,0.10142572822649065,0.8985742717735093,3,10,0.0,0.1235983595252037,0.3245112497866474
888_r3,ja,0.3275929942383666,0.6724070057616334,3,10,0.0,0.1947113573551178,0.7245112497849162
888_r3,zh,0.06885696068742694,0.931143039312573,3,10,0.0,0.024547453969717026,1.0
888_r4,en,0.02922314685823947,0.9707768531417605,3,10,0.0,0.061485569924116135,0.3000000000028235
888_r4,fr,0.10915979683710848,0.8908402031628915,3,10,0.0,0.13564133644104004,0.5245112497857819
888_r4,ja,0.3342369657855803,0.6657630342144196,3,10,0.0,0.2806638181209564,1.0
888_r4,zh,0.3318663462011125,0.6681336537988876,3,10,0.0,0.13519777357578278,1.0
888_r5,en,0.15126848914710966,0.8487315108528903,3,10,0.0,0.1665450930595398,0.10000000000368914
888_r5,fr,0.03500146713523329,0.9649985328647667,3,10,0.0,0.21062225103378296,0.10000000000368914
888_r5,ja,0.5833042911335891,0.41669570886641094,3,10,0.0,0.5248660445213318,0.8000000000008656
888_r5,zh,0.14887096548622364,0.8511290345137763,3,10,0.0,0.037683308124542236,1.0
88_r1,en,0.4477209789738147,0.5522790210261853,3,10,1.0,0.5590600967407227,0.5000000000019581
88_r1,fr,0.5024557257104824,0.49754427428951764,3,10,0.0,0.45293566584587097,0.6000000000017313
88_r1,ja,0.562729440519255,0.437270559480745,3,10,0.0,0.4040561020374298,1.0
88_r1,zh,0.06436723057717168,0.9356327694228284,3,10,0.0,0.13032469153404236,0.8000000000008656
88_r2,en,0.5707364638346549,0.42926353616534507,3,10,1.0,0.5794163942337036,0.7000000000010924
88_r2,fr,0.5953253605249206,0.4046746394750794,3,10,0.0,0.4951675832271576,0.5245112497857819
88_r2,ja,0.4862617547874643,0.5137382452125356,3,10,0.0,0.39650240540504456,0.5245112497857819
88_r2,zh,0.40022887936775126,0.5997711206322487,3,10,0.0,0.20322981476783752,1.0
88_r3,en,0.4217656963270624,0.5782343036729376,3,10,1.0,0.5701481699943542,0.40000000000259683
88_r3,fr,0.6148692015629293,0.38513079843707065,3,10,0.0,0.5539171099662781,0.7000000000010924
88_r3,ja,0.3095938736571497,0.6904061263428503,3,10,0.0,0.18111975491046906,0.8000000000008656
88_r3,zh,0.3581381920954589,0.6418618079045411,3,10,0.0,0.2855159640312195,0.5245112497857819
88_r4,en,0.11424213096792127,0.8857578690320788,3,10,1.0,0.4394890367984772,0.12451124978751298
88_r4,fr,0.5503804783910103,0.44961952160898966,3,10,0.0,0.49127766489982605,0.6000000000017313
88_r4,ja,0.5610245612073662,0.4389754387926338,3,10,0.0,0.5275025963783264,0.5245112497857819
88_r4,zh,0.2937355166989764,0.7062644833010236,3,10,0.0,0.10189329832792282,1.0
88_r5,en,0.5720595982655863,0.4279404017344137,3,10,1.0,0.5933883190155029,0.7245112497849162
88_r5,fr,0.31962572392592625,0.6803742760740737,3,10,0.0,0.4430879056453705,0.3245112497866474
88_r5,ja,0.5696926958604062,0.43030730413959384,3,10,0.0,0.5240125060081482,0.8000000000008656
88_r5,zh,0.29486633371135657,0.7051336662886434,3,10,0.0,0.10667679458856583,1.0
893_r1,en,0.15622593688666703,0.843774063113333,3,10,1.0,0.15571966767311096,0.10000000000368914
893_r1,fr,0.25130534273836913,0.7486946572616309,3,10,1.0,0.2985702455043793,0.10000000000368914
893_r1,ja,0.6215711770145812,0.3784288229854188,3,10,1.0,0.5227422714233398,0.7245112497849162
893_r1,zh,0.007227637420259683,0.9927723625797403,3,10,1.0,0.00507107051089406,0.7245112497849162
893_r2,en,0.0002218185985152889,0.9997781814014847,3,10,1.0,0.31555458903312683,0.10000000000368914
893_r2,fr,0.296043942381353,0.703956057618647,3,10,1.0,0.22510045766830444,0.3245112497866474
893_r2,ja,0.7563043907415047,0.24369560925849532,3,10,1.0,0.6226793527603149,1.0
893_r2,zh,0.438328402883047,0.561671597116953,3,10,1.0,0.20652009546756744,1.0
893_r3,en,0.010945949289567353,0.9890540507104326,3,10,1.0,0.13455185294151306,0.10000000000368914
893_r3,fr,0.26537981714050135,0.7346201828594987,3,10,1.0,0.2268652319908142,0.5245112497857818
893_r3,ja,0.5376497675711581,0.4623502324288419,3,10,1.0,0.3421458601951599,0.8000000000008656
893_r3,zh,0.04224225463868736,0.9577577453613126,3,10,1.0,0.01742018572986126,1.0
893_r4,en,0.0804639267827325,0.9195360732172675,3,10,1.0,0.1393531858921051,0.10000000000368914
893_r4,fr,0.00013593921396688163,0.9998640607860331,3,10,1.0,0.23689484596252441,0.10000000000368914
893_r4,ja,0.43902375700953955,0.5609762429904604,3,10,1.0,0.27413299679756165,0.8000000000008656
893_r4,zh,0.6225198727953218,0.37748012720467816,3,10,1.0,0.40603724122047424,1.0
893_r5,en,0.00018699766013859702,0.9998130023398614,3,10,1.0,0.22601419687271118,0.10000000000368914
893_r5,fr,0.26253697848260676,0.7374630215173932,3,10,1.0,0.12429308146238327,0.8000000000008656
893_r5,ja,0.5415212543445413,0.45847874565545865,3,10,1.0,0.3429829478263855,1.0
893_r5,zh,0.5373399171880465,0.4626600828119535,3,10,1.0,0.311069130897522,0.8000000000008656
896_r1,en,0.6707508465806721,0.3292491534193279,3,10,1.0,0.6431074142456055,0.8000000000008656
896_r1,fr,0.008560682377529312,0.9914393176224707,3,10,1.0,0.13384313881397247,0.3000000000028235
896_r1,ja,0.5606754580645328,0.4393245419354672,3,10,1.0,0.42012420296669006,1.0
896_r1,zh,0.26871799865915297,0.731282001340847,3,10,1.0,0.15607716143131256,0.8000000000008656
896_r2,en,0.5760590138623957,0.42394098613760434,3,10,1.0,0.5729472041130066,0.5245112497857818
896_r2,fr,0.14901076256869292,0.850989237431307,3,10,1.0,0.16114933788776398,0.12451124978751298
896_r2,ja,0.2863558489440492,0.7136441510559508,3,10,1.0,0.2200901061296463,0.5245112497857819
896_r2,zh,0.508875470602403,0.491124529397597,3,10,1.0,0.3239605724811554,1.0
896_r3,en,0.620975355606774,0.37902464439322603,3,10,1.0,0.6497256755828857,0.6000000000017313
896_r3,fr,0.005977152695360087,0.99402284730464,3,10,1.0,0.10417048633098602,0.10000000000368914
896_r3,ja,0.24769223358061937,0.7523077664193807,3,10,1.0,0.1350707858800888,0.8000000000008656
896_r3,zh,0.38273881219899386,0.6172611878010061,3,10,1.0,0.188871368765831,1.0
896_r4,en,0.7170400976307364,0.2829599023692636,3,10,1.0,0.6485221982002258,0.8000000000008656
896_r4,fr,0.29763157465501194,0.702368425344988,3,10,1.0,0.20300637185573578,0.3000000000028235
896_r4,ja,0.6905469302839149,0.3094530697160851,3,10,1.0,0.5814124345779419,1.0
896_r4,zh,0.30107941885317285,0.6989205811468271,3,10,1.0,0.23890767991542816,0.8000000000008656
896_r5,en,0.8016753792616391,0.19832462073836088,3,10,1.0,0.8016754984855652,1.0
896_r5,fr,0.014568781280007312,0.9854312187199927,3,10,1.0,0.11183283478021622,0.3245112497866474
896_r5,ja,0.39205595059375653,0.6079440494062435,3,10,1.0,0.34992390871047974,0.6000000000017313
896_r5,zh,0.28654693403853626,0.7134530659614637,3,10,1.0,0.1356651335954666,1.0
902_r1,en,0.4989725230679624,0.5010274769320375,3,10,1.0,0.6577358245849609,0.3245112497866474
902_r1,fr,0.1741008806456025,0.8258991193543975,3,10,1.0,0.05801156535744667,0.5245112497857818
902_r1,ja,0.23734382624623185,0.7626561737537682,3,10,0.0,0.20558857917785645,0.32451124978664747
902_r1,zh,0.2956840120733014,0.7043159879266986,3,10,1.0,0.1261175125837326,1.0
902_r2,en,0.7599682598855579,0.24003174011444206,3,10,1.0,0.8487233519554138,0.6000000000017313
902_r2,fr,0.1741754843597159,0.8258245156402841,3,10,1.0,0.0791931077837944,0.8000000000008656
902_r2,ja,0.47975653416539366,0.5202434658346063,3,10,0.0,0.4172104001045227,0.8000000000008656
902_r2,zh,0.023153025981070295,0.9768469740189297,3,10,1.0,0.02105788141489029,0.7245112497849162
902_r3,en,0.08874373285728071,0.9112562671427193,3,10,1.0,0.39729613065719604,0.12451124978751298
902_r3,fr,0.12306456725812603,0.8769354327418739,3,10,1.0,0.11507687717676163,0.30000000000282356
902_r3,ja,0.5314064823182807,0.4685935176817193,3,10,0.0,0.4156965911388397,1.0
902_r3,zh,0.29105099621733155,0.7089490037826685,3,10,1.0,0.11497177928686142,0.7245112497849162
902_r4,en,0.6994012837033995,0.3005987162966005,3,10,1.0,0.6896129846572876,0.5245112497857819
902_r4,fr,0.17436054462806652,0.8256394553719335,3,10,1.0,0.08013056963682175,0.40000000000259683
902_r4,ja,0.5644763591631009,0.4355236408368991,3,10,0.0,0.4682014286518097,1.0
902_r4,zh,0.20843559601492845,0.7915644039850716,3,10,1.0,0.08104052394628525,1.0
902_r5,en,0.5373786447582459,0.4626213552417541,3,10,1.0,0.49460655450820923,0.3000000000028235
902_r5,fr,0.027841298241524304,0.9721587017584757,3,10,1.0,0.05584114044904709,0.12451124978751298
902_r5,ja,0.6046580941570502,0.3953419058429498,3,10,0.0,0.5338159203529358,1.0
902_r5,zh,0.41862139246903846,0.5813786075309615,3,10,1.0,0.21322639286518097,1.0
903_r1,en,0.08247308914376718,0.9175269108562328,3,10,1.0,0.22163189947605133,0.3245112497866474
903_r1,fr,0.010364216260938561,0.9896357837390615,3,10,0.0,0.027800198644399643,0.7000000000010924
903_r1,ja,0.09993817669284376,0.9000618233071562,3,10,0.0,0.08863525092601776,1.0
903_r1,zh,0.28204136958613224,0.7179586304138678,3,10,0.0,0.21904319524765015,1.0
903_r2,en,0.4641639000208433,0.5358360999791567,3,10,1.0,0.3530932664871216,0.30000000000282356
903_r2,fr,0.0051927625704607525,0.9948072374295392,3,10,0.0,0.05444744601845741,0.12451124978751298
903_r2,ja,0.17103590879516717,0.8289640912048328,3,10,0.0,0.23758774995803833,0.5245112497857819
903_r2,zh,0.2114006234080259,0.7885993765919741,3,10,0.0,0.12926994264125824,1.0
903_r3,en,0.39145382209156904,0.6085461779084309,3,10,1.0,0.5175517797470093,0.32451124978664747
903_r3,fr,0.004329834204949627,0.9956701657950504,3,10,0.0,0.2624521553516388,0.10000000000368914
903_r3,ja,0.16757022901111088,0.8324297709888892,3,10,0.0,0.20787769556045532,0.5245112497857819
903_r3,zh,0.15985390734877375,0.8401460926512263,3,10,0.0,0.12293487042188644,0.7245112497849162
903_r4,en,0.39417536265104136,0.6058246373489586,3,10,1.0,0.447897732257843,0.32451124978664747
903_r4,fr,0.010305941693028028,0.989694058306972,3,10,0.0,0.02301335521042347,0.6000000000017313
903_r4,ja,0.3063677279278259,0.6936322720721741,3,10,0.0,0.32571056485176086,0.5245112497857819
903_r4,zh,0.32988682425869353,0.6701131757413065,3,10,0.0,0.22622670233249664,1.0
903_r5,en,0.47663878227294554,0.5233612177270545,3,10,1.0,0.5221589803695679,0.3245112497866474
903_r5,fr,0.08303353710009702,0.916966462899903,3,10,0.0,0.08665502071380615,0.5245112497857819
903_r5,ja,0.17296891433580483,0.8270310856641951,3,10,0.0,0.1907358467578888,0.5245112497857818
903_r5,zh,0.326707170083404,0.673292829916596,3,10,0.0,0.20723554491996765,1.0
905_r1,en,0.0012814496532915574,0.9987185503467084,3,10,1.0,0.00173458072822541,0.7245112497849162
905_r1,fr,0.005040231950304347,0.9949597680496957,3,10,1.0,0.11236580461263657,0.12451124978751298
905_r1,ja,0.16839184861192674,0.8316081513880733,3,10,1.0,0.10575084388256073,0.8000000000008656
905_r1,zh,0.0746508936740104,0.9253491063259895,3,10,1.0,0.050176020711660385,0.8000000000008656
905_r2,en,0.0055269275464656965,0.9944730724535343,3,10,1.0,0.10176296532154083,0.3000000000028235
905_r2,fr,0.009024990231948303,0.9909750097680518,3,10,1.0,0.23072651028633118,0.40000000000259683
905_r2,ja,0.13119782883023656,0.8688021711697634,3,10,1.0,0.07593456655740738,0.5245112497857819
905_r2,zh,0.04451431532400494,0.955485684675995,3,10,1.0,0.024545401334762573,0.7245112497849162
905_r3,en,0.7125652432106034,0.28743475678939656,3,10,1.0,0.6947748064994812,0.7000000000010924
905_r3,fr,0.30547772299700027,0.6945222770029997,3,10,1.0,0.20186345279216766,0.3245112497866474
905_r3,ja,0.17197672542958345,0.8280232745704166,3,10,1.0,0.15903960168361664,0.3245112497866474
905_r3,zh,0.16771164180465126,0.8322883581953487,3,10,1.0,0.07402169704437256,0.8000000000008656
905_r4,en,0.5717820078501765,0.4282179921498235,3,10,1.0,0.627884030342102,0.5245112497857818
905_r4,fr,0.010430379689327302,0.9895696203106727,3,10,1.0,0.10342898219823837,0.6000000000017313
905_r4,ja,0.3586969739178979,0.6413030260821021,3,10,1.0,0.17346778512001038,1.0
905_r4,zh,0.4741550343927593,0.5258449656072407,3,10,1.0,0.3585260808467865,0.8000000000008656
905_r5,en,0.08030242573803643,0.9196975742619635,3,10,1.0,0.19307579100131989,0.12451124978751298
905_r5,fr,0.011946613086570928,0.988053386913429,3,10,1.0,0.10512804239988327,0.40000000000259683
905_r5,ja,0.2251237029284683,0.7748762970715317,3,10,1.0,0.11468841135501862,1.0
905_r5,zh,0.31091690908047714,0.6890830909195229,3,10,1.0,0.1706799864768982,1.0
907_r1,en,0.5895311428837874,0.4104688571162126,3,10,0.0,0.671039342880249,0.5245112497857819
907_r1,fr,0.4967265631971946,0.5032734368028053,3,10,0.0,0.37332063913345337,0.8000000000008656
907_r1,ja,0.2956533158871276,0.7043466841128724,3,10,1.0,0.14285244047641754,0.7245112497849162
907_r1,zh,0.16330440462659215,0.8366955953734079,3,10,1.0,0.10512573271989822,0.6000000000017313
907_r2,en,0.08357292709809631,0.9164270729019037,3,10,0.0,0.26280477643013,0.12451124978751298
907_r2,fr,0.26803353723594303,0.731966462764057,3,10,0.0,0.2935444712638855,0.3245112497866474
907_r2,ja,0.6368078176202753,0.3631921823797247,3,10,1.0,0.5202069878578186,0.7245112497849162
907_r2,zh,0.06407079660334807,0.935929203396652,3,10,1.0,0.04274839162826538,1.0
907_r3,en,0.10634018826019381,0.8936598117398062,3,10,0.0,0.34332790970802307,0.12451124978751298
907_r3,fr,0.195590048148578,0.8044099518514221,3,10,0.0,0.1613606959581375,0.5245112497857819
907_r3,ja,0.08052209788185032,0.9194779021181497,3,10,1.0,0.06768966466188431,1.0
907_r3,zh,0.15012627525708774,0.8498737247429122,3,10,1.0,0.06060366332530975,1.0
907_r4,en,0.48760698554456156,0.5123930144554385,3,10,0.0,0.5243025422096252,0.30000000000282356
907_r4,fr,0.16447247744824364,0.8355275225517563,3,10,0.0,0.1967267245054245,0.3245112497866474
907_r4,ja,0.44568331790648086,0.5543166820935191,3,10,1.0,0.28266575932502747,0.8000000000008656
907_r4,zh,0.022272581279749112,0.9777274187202509,3,10,1.0,0.01455068588256836,1.0
907_r5,en,0.18876707042078752,0.8112329295792124,3,10,0.0,0.3297644555568695,0.3245112497866474
907_r5,fr,0.15050071516623356,0.8494992848337665,3,10,0.0,0.16245432198047638,0.32451124978664747
907_r5,ja,0.44825281489434654,0.5517471851056535,3,10,1.0,0.2968488037586212,0.8000000000008656
907_r5,zh,0.12494271797212668,0.8750572820278734,3,10,1.0,0.07205010205507278,1.0
913_r1,en,0.5662548727347095,0.43374512726529046,3,10,1.0,0.5691296458244324,0.6000000000017313
913_r1,fr,0.044411394545217,0.955588605454783,3,10,0.0,0.07934975624084473,0.3245112497866474
913_r1,ja,0.5977026533957873,0.4022973466042127,3,10,1.0,0.45296433568000793,1.0
913_r1,zh,0.05666024641942654,0.9433397535805734,3,10,0.0,0.03441380336880684,1.0
913_r2,en,0.5761546782541861,0.4238453217458139,3,10,1.0,0.6741079688072205,0.5245112497857818
913_r2,fr,0.0616236027623204,0.9383763972376796,3,10,0.0,0.1717960685491562,0.40000000000259683
913_r2,ja,0.4799638689320873,0.5200361310679127,3,10,1.0,0.3232775926589966,1.0
913_r2,zh,0.4426252790159074,0.5573747209840926,3,10,0.0,0.2733537256717682,1.0
913_r3,en,0.7597054930791093,0.24029450692089072,3,10,1.0,0.721858024597168,1.0
913_r3,fr,0.24174334542714346,0.7582566545728565,3,10,0.0,0.18712784349918365,0.5245112497857819
913_r3,ja,0.38504129220671734,0.6149587077932827,3,10,1.0,0.2828730642795563,0.5245112497857819
913_r3,zh,0.09405909932307364,0.9059409006769263,3,10,0.0,0.06667488068342209,1.0
913_r4,en,0.7606052935675626,0.23939470643243743,3,10,1.0,0.7324631810188293,1.0
913_r4,fr,0.030811801384666423,0.9691881986153336,3,10,0.0,0.15725421905517578,0.10000000000368914
913_r4,ja,0.4620096102257715,0.5379903897742284,3,10,1.0,0.2985043227672577,0.7245112497849162
913_r4,zh,0.265974258454901,0.734025741545099,3,10,0.0,0.2419561892747879,0.5245112497857819
913_r5,en,0.5662479784385386,0.4337520215614614,3,10,1.0,0.5654499530792236,0.6000000000017313
913_r5,fr,0.03211540164262239,0.9678845983573776,3,10,0.0,0.09018601477146149,0.12451124978751298
913_r5,ja,0.39035694222482104,0.609643057775179,3,10,1.0,0.31392547488212585,0.5245112497857818
913_r5,zh,0.09448764285817167,0.9055123571418283,3,10,0.0,0.06669558584690094,1.0
919_r1,en,0.01046141897317837,0.9895385810268217,3,10,1.0,0.09106739610433578,0.10000000000368914
919_r1,fr,0.03588476049728453,0.9641152395027155,3,10,1.0,0.19313590228557587,0.12451124978751298
919_r1,ja,0.3514290902282829,0.6485709097717172,3,10,0.0,0.17351102828979492,0.8000000000008656
919_r1,zh,0.4235555360947217,0.5764444639052784,3,10,1.0,0.2667446732521057,1.0
919_r2,en,0.049238335397699735,0.9507616646023003,3,10,1.0,0.10596219450235367,0.10000000000368914
919_r2,fr,0.06471582828955161,0.9352841717104484,3,10,1.0,0.06620539724826813,0.12451124978751298
919_r2,ja,0.639485580219331,0.360514419780669,3,10,0.0,0.5756921172142029,1.0
919_r2,zh,0.23905303918331602,0.760946960816684,3,10,1.0,0.1989911049604416,0.7245112497849162
919_r3,en,0.0005407460809767501,0.9994592539190232,3,10,1.0,0.1464887112379074,0.10000000000368914
919_r3,fr,0.13661054974824025,0.8633894502517597,3,10,1.0,0.32772940397262573,0.3245112497866474
919_r3,ja,0.17270650523510236,0.8272934947648977,3,10,0.0,0.11765912175178528,1.0
919_r3,zh,0.041430315112893745,0.9585696848871063,3,10,1.0,0.029045773670077324,1.0
919_r4,en,0.024723754112953675,0.9752762458870463,3,10,1.0,0.15449781715869904,0.10000000000368914
919_r4,fr,0.054222934611528176,0.9457770653884718,3,10,1.0,0.17332977056503296,0.10000000000368914
919_r4,ja,0.126084986606482,0.873915013393518,3,10,0.0,0.08209072798490524,1.0
919_r4,zh,0.2677337603370892,0.7322662396629108,3,10,1.0,0.14774209260940552,1.0
919_r5,en,0.03316463617783485,0.9668353638221652,3,10,1.0,0.08067405223846436,0.10000000000368914
919_r5,fr,0.1742039006860276,0.8257960993139724,3,10,1.0,0.10345138609409332,1.0
919_r5,ja,0.1369208422452304,0.8630791577547696,3,10,0.0,0.08070508390665054,1.0
919_r5,zh,0.21028180136326902,0.789718198636731,3,10,1.0,0.10670975595712662,0.8000000000008656
922_r1,en,0.44031751622839577,0.5596824837716042,3,10,1.0,0.4087865650653839,0.3000000000028235
922_r1,fr,0.32074245283911607,0.6792575471608839,3,10,0.0,0.4058840870857239,0.3245112497866474
922_r1,ja,0.16178219999166735,0.8382178000083327,3,10,1.0,0.10043855011463165,1.0
922_r1,zh,0.25010948078329986,0.7498905192167001,3,10,1.0,0.12904243171215057,1.0
922_r2,en,0.880618792667688,0.11938120733231194,3,10,1.0,0.8864925503730774,0.8000000000008656
922_r2,fr,0.06544216157291032,0.9345578384270897,3,10,0.0,0.09621533751487732,0.5245112497857819
922_r2,ja,0.31996259586975845,0.6800374041302415,3,10,1.0,0.17333437502384186,1.0
922_r2,zh,0.08438694333654041,0.9156130566634596,3,10,1.0,0.06124521419405937,1.0
922_r3,en,0.0009418112826304877,0.9990581887173695,3,10,1.0,0.010586335323750973,0.10000000000368914
922_r3,fr,0.0697925531653067,0.9302074468346933,3,10,0.0,0.09044882655143738,0.3245112497866474
922_r3,ja,0.3735196705389573,0.6264803294610427,3,10,1.0,0.23406913876533508,0.6000000000017313
922_r3,zh,0.11481724729706289,0.8851827527029371,3,10,1.0,0.07969633489847183,0.7245112497849162
922_r4,en,0.7793849292924855,0.22061507070751452,3,10,1.0,0.8193897008895874,0.7245112497849162
922_r4,fr,0.02007646080312777,0.9799235391968723,3,10,0.0,0.10466023534536362,0.10000000000368914
922_r4,ja,0.5262892793976802,0.4737107206023198,3,10,1.0,0.3882620930671692,0.8000000000008656
922_r4,zh,0.053983485972076875,0.9460165140279231,3,10,1.0,0.03902525454759598,1.0
922_r5,en,0.8222609578604025,0.17773904213959746,3,10,1.0,0.788682222366333,0.8000000000008656
922_r5,fr,0.008652374751342843,0.9913476252486572,3,10,0.0,0.02792719192802906,0.3000000000028235
922_r5,ja,0.2497148042510449,0.7502851957489551,3,10,1.0,0.09366713464260101,0.8000000000008656
922_r5,zh,0.2439394617571955,0.7560605382428045,3,10,1.0,0.1215464398264885,1.0
924_r1,en,0.5534180069860686,0.4465819930139314,3,10,1.0,0.6905060410499573,0.3245112497866474
924_r1,fr,0.8191321948858155,0.18086780511418454,3,10,1.0,0.8791660070419312,0.8000000000008656
924_r1,ja,0.7866177914574202,0.21338220854257983,3,10,1.0,0.7981881499290466,0.8000000000008656
924_r1,zh,0.3068563068014135,0.6931436931985865,3,10,1.0,0.13437294960021973,1.0
924_r2,en,0.5721934761379408,0.4278065238620592,3,10,1.0,0.5566848516464233,0.6000000000017313
924_r2,fr,0.6959675944230801,0.3040324055769199,3,10,1.0,0.7909232974052429,0.5245112497857819
924_r2,ja,0.6461911674095099,0.3538088325904901,3,10,1.0,0.5451146960258484,1.0
924_r2,zh,0.3237421221446744,0.6762578778553257,3,10,1.0,0.16101571917533875,1.0
924_r3,en,0.6569680886551735,0.34303191134482647,3,10,1.0,0.6666702628135681,0.7245112497849162
924_r3,fr,0.9283184556616713,0.07168154433832874,3,10,1.0,0.8853415250778198,1.0
924_r3,ja,0.6772835124949235,0.32271648750507653,3,10,1.0,0.5418633222579956,1.0
924_r3,zh,0.44823017015734096,0.551769829842659,3,10,1.0,0.2651872932910919,1.0
924_r4,en,0.7239742765997558,0.2760257234002442,3,10,1.0,0.6782223582267761,0.6000000000017313
924_r4,fr,0.7585365479973639,0.24146345200263608,3,10,1.0,0.6924393177032471,0.7000000000010924
924_r4,ja,0.6505417836537679,0.3494582163462321,3,10,1.0,0.5300838947296143,1.0
924_r4,zh,0.4283949765986652,0.5716050234013348,3,10,1.0,0.2396916002035141,1.0
924_r5,en,0.8785556753114322,0.1214443246885678,3,10,1.0,0.8843027949333191,0.8000000000008656
924_r5,fr,0.525482530264687,0.47451746973531295,3,10,1.0,0.7640520334243774,0.3000000000028235
924_r5,ja,0.6416176260404145,0.3583823739595855,3,10,1.0,0.49025851488113403,1.0
924_r5,zh,0.32492574172365696,0.675074258276343,3,10,1.0,0.14995010197162628,1.0
932_r1,en,0.07361424014840956,0.9263857598515904,3,10,1.0,0.26470834016799927,0.10000000000368914
932_r1,fr,0.01202657459510988,0.9879734254048901,3,10,0.0,0.025504563003778458,0.12451124978751298
932_r1,ja,0.05770206777619505,0.942297932223805,3,10,0.0,0.05827242136001587,0.5245112497857819
932_r1,zh,0.10166481446413266,0.8983351855358673,3,10,0.0,0.08117082715034485,0.5245112497857819
932_r2,en,0.5314093443571037,0.46859065564289626,3,10,1.0,0.3926171362400055,0.5000000000019581
932_r2,fr,0.4192787979887334,0.5807212020112666,3,10,0.0,0.2035466581583023,0.3000000000028235
932_r2,ja,0.09105761710741044,0.9089423828925896,3,10,0.0,0.0788840502500534,1.0
932_r2,zh,0.2862823198469886,0.7137176801530114,3,10,0.0,0.1574316918849945,1.0
932_r3,en,0.5265873373441119,0.4734126626558881,3,10,1.0,0.5571887493133545,0.40000000000259683
932_r3,fr,0.01484859139480602,0.985151408605194,3,10,0.0,0.0182670708745718,0.3000000000028235
932_r3,ja,0.05684878864935189,0.9431512113506482,3,10,0.0,0.04813462868332863,0.6000000000017313
932_r3,zh,0.08927224271955578,0.9107277572804442,3,10,0.0,0.09669139236211777,0.5245112497857819
932_r4,en,0.5348187812176658,0.4651812187823342,3,10,1.0,0.5069142580032349,0.5000000000019581
932_r4,fr,0.015566160803832428,0.9844338391961676,3,10,0.0,0.018715422600507736,0.5000000000019581
932_r4,ja,0.04784626316188833,0.9521537368381117,3,10,0.0,0.05431944876909256,0.5245112497857818
932_r4,zh,0.4092697049625522,0.5907302950374478,3,10,0.0,0.23544146120548248,1.0
932_r5,en,0.1125550564555519,0.8874449435444481,3,10,1.0,0.22683748602867126,0.32451124978664747
932_r5,fr,0.12151336871934786,0.8784866312806522,3,10,0.0,0.07046844810247421,0.30000000000282356
932_r5,ja,0.04031894185120795,0.959681058148792,3,10,0.0,0.04971323534846306,0.5245112497857819
932_r5,zh,0.29177705370143675,0.7082229462985632,3,10,0.0,0.10480712354183197,1.0
934_r1,en,0.4377008407732919,0.5622991592267081,3,10,1.0,0.5036488175392151,0.3000000000028235
934_r1,fr,0.6391509054255913,0.3608490945744087,3,10,1.0,0.6048043966293335,0.7245112497849162
934_r1,ja,0.8050173158868739,0.19498268411312614,3,10,1.0,0.6862277388572693,1.0
934_r1,zh,0.3121341101623618,0.6878658898376382,3,10,1.0,0.15112727880477905,1.0
934_r2,en,0.6202065919369287,0.37979340806307127,3,10,1.0,0.40683916211128235,0.5245112497857818
934_r2,fr,0.9288180922962893,0.07118190770371069,3,10,1.0,0.8820351362228394,1.0
934_r2,ja,0.6837959634912569,0.31620403650874307,3,10,1.0,0.7141790986061096,0.5245112497857819
934_r2,zh,0.4077215445128733,0.5922784554871268,3,10,1.0,0.2365022450685501,1.0
934_r3,en,0.3249066900379196,0.6750933099620804,3,10,1.0,0.4479272663593292,0.32451124978664747
934_r3,fr,0.705747774671168,0.294252225328832,3,10,1.0,0.7191285490989685,0.5245112497857819
934_r3,ja,0.674577773834107,0.325422226165893,3,10,1.0,0.4902321398258209,0.8000000000008656
934_r3,zh,0.3131524018432935,0.6868475981567065,3,10,1.0,0.15009909868240356,0.8000000000008656
934_r4,en,0.4840447520346368,0.5159552479653632,3,10,1.0,0.6402215361595154,0.32451124978664747
934_r4,fr,0.7668540803005837,0.23314591969941634,3,10,1.0,0.8069628477096558,0.6000000000017313
934_r4,ja,0.6872572049079825,0.3127427950920175,3,10,1.0,0.7731416821479797,0.5245112497857818
934_r4,zh,0.27442543947854753,0.7255745605214525,3,10,1.0,0.14703433215618134,0.7245112497849162
934_r5,en,0.3515877230909198,0.6484122769090802,3,10,1.0,0.4075576663017273,0.3245112497866474
934_r5,fr,0.5458162998294267,0.4541837001705733,3,10,1.0,0.43947041034698486,0.6000000000017313
934_r5,ja,0.7466772862280389,0.25332271377196114,3,10,1.0,0.7977333068847656,0.8000000000008656
934_r5,zh,0.015161089686288199,0.9848389103137118,3,10,1.0,0.028239740058779716,0.6000000000017313
937_r1,en,0.7880373967568731,0.21196260324312688,3,10,1.0,0.7176675796508789,0.8000000000008656
937_r1,fr,0.6398485100636362,0.3601514899363638,3,10,1.0,0.6585878133773804,0.6000000000017313
937_r1,ja,0.4340114000315629,0.5659885999684371,3,10,1.0,0.2912479341030121,1.0
937_r1,zh,0.38071879974343564,0.6192812002565644,3,10,1.0,0.19015899300575256,1.0
937_r2,en,0.3276941730603031,0.6723058269396969,3,10,1.0,0.45146170258522034,0.3000000000028235
937_r2,fr,0.6474398340889831,0.3525601659110169,3,10,1.0,0.5894079208374023,0.6000000000017313
937_r2,ja,0.6462391571073121,0.35376084289268794,3,10,1.0,0.6527051329612732,0.8000000000008656
937_r2,zh,0.26895229564817547,0.7310477043518245,3,10,1.0,0.18097978830337524,0.8000000000008656
937_r3,en,0.6926938477880955,0.3073061522119045,3,10,1.0,0.624440610408783,0.8000000000008656
937_r3,fr,0.766195466085141,0.233804533914859,3,10,1.0,0.6688657402992249,0.8000000000008656
937_r3,ja,0.5374435452624192,0.4625564547375808,3,10,1.0,0.5548173785209656,0.6000000000017313
937_r3,zh,0.37575071007084626,0.6242492899291537,3,10,1.0,0.19079437851905823,1.0
937_r4,en,0.7423675139415741,0.2576324860584259,3,10,1.0,0.7496393918991089,0.8000000000008656
937_r4,fr,0.9044252832428822,0.09557471675711782,3,10,1.0,0.9041421413421631,1.0
937_r4,ja,0.415317086801233,0.584682913198767,3,10,1.0,0.33296191692352295,0.8000000000008656
937_r4,zh,0.28139120225650494,0.7186087977434951,3,10,1.0,0.19238243997097015,0.7245112497849162
937_r5,en,0.07495336766830284,0.9250466323316971,3,10,1.0,0.3769080340862274,0.12451124978751298
937_r5,fr,0.5149513733797669,0.48504862662023307,3,10,1.0,0.5849514007568359,0.3245112497866474
937_r5,ja,0.5445544820782223,0.4554455179217777,3,10,1.0,0.4772435426712036,0.8000000000008656
937_r5,zh,0.38008260353906737,0.6199173964609326,3,10,1.0,0.18151706457138062,1.0
942_r1,en,0.5205181870457749,0.4794818129542251,3,10,0.0,0.515142560005188,0.5245112497857819
942_r1,fr,0.025674429912661726,0.9743255700873382,3,10,1.0,0.11914745718240738,0.40000000000259683
942_r1,ja,0.27991094029837693,0.7200890597016231,3,10,0.0,0.12127792090177536,0.5245112497857818
942_r1,zh,0.26489878904503694,0.7351012109549631,3,10,0.0,0.09238611906766891,1.0
942_r2,en,0.5181274330583291,0.4818725669416709,3,10,0.0,0.5834915041923523,0.3245112497866474
942_r2,fr,0.004580939674881632,0.9954190603251184,3,10,1.0,0.020321451127529144,0.12451124978751298
942_r2,ja,0.6237713652538454,0.37622863474615464,3,10,0.0,0.4568565785884857,1.0
942_r2,zh,0.46382054013459467,0.5361794598654053,3,10,0.0,0.2610022723674774,1.0
942_r3,en,0.3147978437855246,0.6852021562144754,3,10,0.0,0.5681493282318115,0.12451124978751298
942_r3,fr,0.03326908375922322,0.9667309162407768,3,10,1.0,0.12365026772022247,0.5245112497857819
942_r3,ja,0.3949078194667251,0.605092180533275,3,10,0.0,0.2200983613729477,0.5245112497857819
942_r3,zh,0.3875086901342839,0.6124913098657161,3,10,0.0,0.18264944851398468,1.0
942_r4,en,0.5199389606407689,0.48006103935923106,3,10,0.0,0.6149214506149292,0.5245112497857818
942_r4,fr,0.019208166087409207,0.9807918339125908,3,10,1.0,0.11040784418582916,0.8000000000008656
942_r4,ja,0.04119094270222781,0.9588090572977722,3,10,0.0,0.033953454345464706,1.0
942_r4,zh,0.3600537954134651,0.639946204586535,3,10,0.0,0.17745624482631683,1.0
942_r5,en,0.5839841800625506,0.4160158199374494,3,10,0.0,0.4789961874485016,0.5245112497857819
942_r5,fr,0.32845546135890813,0.6715445386410919,3,10,1.0,0.2529207170009613,0.7245112497849162
942_r5,ja,0.2793051250016714,0.7206948749983286,3,10,0.0,0.11692692339420319,0.8000000000008656
942_r5,zh,0.4204575650537938,0.5795424349462062,3,10,0.0,0.23888643085956573,0.5245112497857819
943_r1,en,0.2871466556730518,0.7128533443269482,3,10,1.0,0.3778967559337616,0.32451124978664747
943_r1,fr,0.322907207835618,0.677092792164382,3,10,1.0,0.3807810842990875,0.6000000000017313
943_r1,ja,0.37960323007363184,0.6203967699263682,3,10,1.0,0.405844122171402,0.5245112497857818
943_r1,zh,0.4304094221887992,0.5695905778112008,3,10,1.0,0.2564149498939514,1.0
943_r2,en,0.41607822175137027,0.5839217782486297,3,10,1.0,0.4676429033279419,0.6000000000017313
943_r2,fr,0.439489639860305,0.560510360139695,3,10,1.0,0.538632333278656,0.5245112497857818
943_r2,ja,0.45765416242113316,0.5423458375788668,3,10,1.0,0.40284618735313416,1.0
943_r2,zh,0.23224388091816067,0.7677561190818394,3,10,1.0,0.12450127303600311,0.3245112497866474
943_r3,en,0.2711450258932981,0.7288549741067019,3,10,1.0,0.3795635402202606,0.3245112497866474
943_r3,fr,0.33872519840526094,0.6612748015947391,3,10,1.0,0.45167282223701477,0.30000000000282356
943_r3,ja,0.4523619980112731,0.5476380019887269,3,10,1.0,0.3945099115371704,1.0
943_r3,zh,0.06971687193103444,0.9302831280689655,3,10,1.0,0.06310482323169708,0.5245112497857819
943_r4,en,0.3183407164425516,0.6816592835574484,3,10,1.0,0.44131413102149963,0.32451124978664747
943_r4,fr,0.5426454464133922,0.4573545535866078,3,10,1.0,0.5789315104484558,0.7245112497849162
943_r4,ja,0.4257898932498149,0.574210106750185,3,10,1.0,0.41723042726516724,0.8000000000008656
943_r4,zh,0.2697996509733011,0.7302003490266988,3,10,1.0,0.1227010041475296,1.0
943_r5,en,0.1787210110958302,0.8212789889041698,3,10,1.0,0.4244743287563324,0.12451124978751298
943_r5,fr,0.6449216291521152,0.35507837084788485,3,10,1.0,0.6173869371414185,1.0
943_r5,ja,0.32834374210529993,0.6716562578947001,3,10,1.0,0.25194498896598816,1.0
943_r5,zh,0.23253542529987184,0.7674645747001282,3,10,1.0,0.08725593984127045,1.0
945_r1,en,0.6087665049280396,0.39123349507196037,3,10,1.0,0.6183542013168335,0.6000000000017313
945_r1,fr,0.008246205958469017,0.991753794041531,3,10,0.0,0.025621406733989716,0.3000000000028235
945_r1,ja,0.6989579437526204,0.30104205624737956,3,10,1.0,0.5826001763343811,1.0
945_r1,zh,0.015022949161599434,0.9849770508384006,3,10,1.0,0.008239459246397018,1.0
945_r2,en,0.6064732108325341,0.39352678916746586,3,10,1.0,0.6050310134887695,0.5245112497857819
945_r2,fr,0.1472196679800798,0.8527803320199202,3,10,0.0,0.09389317035675049,0.7000000000010924
945_r2,ja,0.6935997732536461,0.3064002267463539,3,10,1.0,0.5537036657333374,1.0
945_r2,zh,0.15696484739608096,0.843035152603919,3,10,1.0,0.04104343801736832,0.8000000000008656
945_r3,en,0.7548988787122717,0.24510112128772832,3,10,1.0,0.8225857019424438,0.8000000000008656
945_r3,fr,0.14290126522285732,0.8570987347771427,3,10,0.0,0.08666932582855225,0.10000000000368914
945_r3,ja,0.5673182211364091,0.43268177886359094,3,10,1.0,0.39176052808761597,0.7245112497849162
945_r3,zh,0.29088213264063734,0.7091178673593627,3,10,1.0,0.15332065522670746,0.8000000000008656
945_r4,en,0.4465426439852466,0.5534573560147533,3,10,1.0,0.519496500492096,0.30000000000282356
945_r4,fr,0.03786600853418609,0.9621339914658139,3,10,0.0,0.09494022279977798,0.3245112497866474
945_r4,ja,0.5041544669485084,0.4958455330514916,3,10,1.0,0.570271372795105,0.5245112497857818
945_r4,zh,0.24293817411586335,0.7570618258841366,3,10,1.0,0.08745675534009933,1.0
945_r5,en,0.672002403711149,0.32799759628885095,3,10,1.0,0.6622723340988159,0.7000000000010924
945_r5,fr,0.25108350432213833,0.7489164956778617,3,10,0.0,0.1640426069498062,0.3000000000028235
945_r5,ja,0.4050860330523336,0.5949139669476664,3,10,1.0,0.21965821087360382,1.0
945_r5,zh,0.23478937554248508,0.765210624457515,3,10,1.0,0.07069044560194016,0.8000000000008656
948_r1,en,0.02009615063530141,0.9799038493646985,3,10,0.0,0.0972011387348175,0.12451124978751298
948_r1,fr,0.08095560037982735,0.9190443996201727,3,10,1.0,0.14235319197177887,0.5000000000019581
948_r1,ja,0.491901727342442,0.508098272657558,3,10,0.0,0.3430435359477997,0.7245112497849162
948_r1,zh,0.12494997003511013,0.8750500299648899,3,10,0.0,0.05123879015445709,1.0
948_r2,en,0.009498705658419098,0.9905012943415809,3,10,0.0,0.1125650480389595,0.10000000000368914
948_r2,fr,0.09564625771299587,0.9043537422870042,3,10,1.0,0.1985284835100174,0.12451124978751298
948_r2,ja,0.1256174235978481,0.8743825764021519,3,10,0.0,0.07707441598176956,0.8000000000008656
948_r2,zh,0.2402254024558301,0.7597745975441699,3,10,0.0,0.09616048634052277,1.0
948_r3,en,0.0029171154898418564,0.9970828845101581,3,10,0.0,0.21963240206241608,0.10000000000368914
948_r3,fr,0.12475613731730219,0.8752438626826978,3,10,1.0,0.21407271921634674,0.5000000000019581
948_r3,ja,0.4360080186891288,0.5639919813108711,3,10,0.0,0.35532334446907043,0.5245112497857819
948_r3,zh,0.2939291533496534,0.7060708466503466,3,10,0.0,0.17098848521709442,1.0
948_r4,en,0.3177846425543648,0.6822153574456352,3,10,0.0,0.18997597694396973,0.6000000000017313
948_r4,fr,0.08017305942517806,0.919826940574822,3,10,1.0,0.14806340634822845,0.32451124978664747
948_r4,ja,0.371005838116062,0.628994161883938,3,10,0.0,0.41763779520988464,0.5000000000019581
948_r4,zh,0.1795548408513441,0.8204451591486559,3,10,0.0,0.06840198487043381,1.0
948_r5,en,0.007910757865106506,0.9920892421348935,3,10,0.0,0.2964329123497009,0.3000000000028235
948_r5,fr,0.08900958221208222,0.9109904177879178,3,10,1.0,0.09710638970136642,0.5245112497857819
948_r5,ja,0.129857093693905,0.870142906306095,3,10,0.0,0.1086907610297203,1.0
948_r5,zh,0.2601884521821574,0.7398115478178426,3,10,0.0,0.10848633199930191,1.0
949_r1,en,0.6172303766420276,0.3827696233579724,3,10,1.0,0.559597909450531,0.5000000000019581
949_r1,fr,0.6405226838415092,0.35947731615849077,3,10,1.0,0.8159557580947876,0.5245112497857819
949_r1,ja,0.2776127982128124,0.7223872017871876,3,10,1.0,0.19838514924049377,0.5245112497857818
949_r1,zh,0.3131941012054071,0.6868058987945929,3,10,1.0,0.13680100440979004,1.0
949_r2,en,0.8668712535910886,0.13312874640891137,3,10,1.0,0.864473283290863,1.0
949_r2,fr,0.11924672454236827,0.8807532754576317,3,10,1.0,0.4062595069408417,0.12451124978751298
949_r2,ja,0.7467523523277598,0.2532476476722402,3,10,1.0,0.6748287677764893,1.0
949_r2,zh,0.04456256136716118,0.9554374386328388,3,10,1.0,0.017167627811431885,0.6000000000017313
949_r3,en,0.4890374831746423,0.5109625168253578,3,10,1.0,0.6684960722923279,0.3245112497866474
949_r3,fr,0.6777083729804049,0.32229162701959513,3,10,1.0,0.7933570742607117,0.6000000000017313
949_r3,ja,0.4583980029040758,0.5416019970959243,3,10,1.0,0.3815053701400757,0.5245112497857819
949_r3,zh,0.25201749326755574,0.7479825067324443,3,10,1.0,0.08476302772760391,1.0
949_r4,en,0.4858795892875325,0.5141204107124675,3,10,1.0,0.5705367922782898,0.5000000000019581
949_r4,fr,0.2828494698305203,0.7171505301694797,3,10,1.0,0.2589203715324402,0.12451124978751298
949_r4,ja,0.572838068319622,0.42716193168037797,3,10,1.0,0.5649207234382629,0.5245112497857819
949_r4,zh,0.20786996643221253,0.7921300335677874,3,10,1.0,0.07804467529058456,0.8000000000008656
949_r5,en,0.3705387929929631,0.6294612070070369,3,10,1.0,0.5743853449821472,0.30000000000282356
949_r5,fr,0.6332563776458197,0.36674362235418034,3,10,1.0,0.5627273917198181,0.8000000000008656
949_r5,ja,0.6153765232617319,0.38462347673826813,3,10,1.0,0.47301968932151794,0.8000000000008656
949_r5,zh,0.40896839020672854,0.5910316097932715,3,10,1.0,0.18498025834560394,1.0
950_r1,en,0.06910843956299376,0.9308915604370063,3,10,1.0,0.22251364588737488,0.3000000000028235
950_r1,fr,0.43465279463462303,0.565347205365377,3,10,1.0,0.5035901665687561,0.6000000000017313
950_r1,ja,0.3571030926481451,0.6428969073518549,3,10,0.0,0.31947505474090576,1.0
950_r1,zh,0.1737229560718824,0.8262770439281176,3,10,0.0,0.06020631268620491,1.0
950_r2,en,0.00022390741518707013,0.9997760925848129,3,10,1.0,0.19105879962444305,0.10000000000368914
950_r2,fr,0.7359846512482381,0.2640153487517619,3,10,1.0,0.8973032832145691,0.6000000000017313
950_r2,ja,0.17015857350980554,0.8298414264901944,3,10,0.0,0.2097947597503662,0.40000000000259683
950_r2,zh,0.07893105176347708,0.921068948236523,3,10,0.0,0.03771551698446274,1.0
950_r3,en,0.13671372380671323,0.8632862761932868,3,10,1.0,0.3130187690258026,0.12451124978751298
950_r3,fr,0.6009289136628394,0.3990710863371606,3,10,1.0,0.8071637749671936,0.40000000000259683
950_r3,ja,0.15462034304525143,0.8453796569547486,3,10,0.0,0.2670934498310089,0.40000000000259683
950_r3,zh,0.29162095006878924,0.7083790499312108,3,10,0.0,0.12962979078292847,1.0
950_r4,en,0.44457248884804573,0.5554275111519542,3,10,1.0,0.7410927414894104,0.3000000000028235
950_r4,fr,0.8498418730346232,0.15015812696537678,3,10,1.0,0.9237275719642639,0.8000000000008656
950_r4,ja,0.31339332223316474,0.6866066777668353,3,10,0.0,0.3366316258907318,0.6000000000017313
950_r4,zh,0.017624776997939743,0.9823752230020603,3,10,0.0,0.01350185927003622,1.0
950_r5,en,0.44902987806319045,0.5509701219368095,3,10,1.0,0.5495226383209229,0.3245112497866474
950_r5,fr,0.045793887139404243,0.9542061128605958,3,10,1.0,0.3033488988876343,0.10000000000368914
950_r5,ja,0.3759667079309138,0.6240332920690862,3,10,0.0,0.3058324456214905,1.0
950_r5,zh,0.013084251020937515,0.9869157489790625,3,10,0.0,0.01365621667355299,0.8000000000008656
951_r1,en,0.5570882366792126,0.4429117633207874,3,10,1.0,0.6732349991798401,0.5245112497857819
951_r1,fr,0.08724082467330406,0.9127591753266959,3,10,1.0,0.2675913870334625,0.10000000000368914
951_r1,ja,0.30592675889745247,0.6940732411025475,3,10,1.0,0.16310901939868927,0.8000000000008656
951_r1,zh,0.3982200417339695,0.6017799582660305,3,10,1.0,0.21673831343650818,1.0
951_r2,en,0.4515741018291005,0.5484258981708995,3,10,1.0,0.4127849340438843,0.5245112497857818
951_r2,fr,0.3913900833370366,0.6086099166629634,3,10,1.0,0.5559059381484985,0.3245112497866474
951_r2,ja,0.37118985436019,0.6288101456398101,3,10,1.0,0.23098450899124146,0.7245112497849162
951_r2,zh,0.2292612984820058,0.7707387015179942,3,10,1.0,0.10653900355100632,1.0
951_r3,en,0.31224943934199845,0.6877505606580016,3,10,1.0,0.5804708003997803,0.10000000000368914
951_r3,fr,0.33013945146234097,0.669860548537659,3,10,1.0,0.5105199813842773,0.3245112497866474
951_r3,ja,0.6347365397074265,0.3652634602925735,3,10,1.0,0.536544919013977,1.0
951_r3,zh,0.37087077058306284,0.6291292294169372,3,10,1.0,0.17011165618896484,0.8000000000008656
951_r4,en,0.771875351912861,0.22812464808713895,3,10,1.0,0.7877662777900696,0.7245112497849162
951_r4,fr,0.24002457834954502,0.759975421650455,3,10,1.0,0.35476019978523254,0.3245112497866474
951_r4,ja,0.6438984168765107,0.3561015831234893,3,10,1.0,0.5392402410507202,1.0
951_r4,zh,0.32353748693097467,0.6764625130690254,3,10,1.0,0.1443997323513031,1.0
951_r5,en,0.03699917598672655,0.9630008240132735,3,10,1.0,0.3137564957141876,0.10000000000368914
951_r5,fr,0.015050018827049856,0.9849499811729502,3,10,1.0,0.42977944016456604,0.10000000000368914
951_r5,ja,0.4657372678000694,0.5342627321999306,3,10,1.0,0.3641613721847534,0.8000000000008656
951_r5,zh,0.548854259814471,0.451145740185529,3,10,1.0,0.3950515687465668,1.0
953_r1,en,0.8584635809371417,0.1415364190628583,3,10,0.0,0.8242442011833191,1.0
953_r1,fr,0.7572252912680623,0.24277470873193774,3,10,0.0,0.7261610627174377,0.8000000000008656
953_r1,ja,0.5903479935100265,0.40965200648997346,3,10,0.0,0.4747191071510315,0.7245112497849162
953_r1,zh,0.26863132906410686,0.7313686709358931,3,10,0.0,0.09750783443450928,1.0
953_r2,en,0.9042314886881725,0.09576851131182751,3,10,0.0,0.904231607913971,1.0
953_r2,fr,0.512195223168359,0.48780477683164103,3,10,0.0,0.40893831849098206,0.3000000000028235
953_r2,ja,0.5208669226896607,0.4791330773103393,3,10,0.0,0.4899206757545471,0.7245112497849162
953_r2,zh,0.409868013632659,0.590131986367341,3,10,0.0,0.20075680315494537,1.0
953_r3,en,0.8087686440090879,0.19123135599091212,3,10,0.0,0.8138290047645569,0.8000000000008656
953_r3,fr,0.6538404132273775,0.3461595867726225,3,10,0.0,0.565434992313385,1.0
953_r3,ja,0.7181925777094155,0.28180742229058453,3,10,0.0,0.5834208130836487,1.0
953_r3,zh,0.38543868661469205,0.614561313385308,3,10,0.0,0.19209113717079163,1.0
953_r4,en,0.420580119796802,0.579419880203198,3,10,0.0,0.5431832671165466,0.3245112497866474
953_r4,fr,0.2963833977734571,0.7036166022265429,3,10,0.0,0.3453485369682312,0.12451124978751298
953_r4,ja,0.5137013888193626,0.48629861118063744,3,10,0.0,0.38599470257759094,0.7245112497849162
953_r4,zh,0.29883849923841255,0.7011615007615875,3,10,0.0,0.15798257291316986,1.0
953_r5,en,0.9042314886881725,0.09576851131182751,3,10,0.0,0.904231607913971,1.0
953_r5,fr,0.3227083329158685,0.6772916670841316,3,10,0.0,0.5064248442649841,0.3245112497866474
953_r5,ja,0.716046075842312,0.28395392415768805,3,10,0.0,0.6801545023918152,0.8000000000008656
953_r5,zh,0.5148104692323019,0.4851895307676981,3,10,0.0,0.34505656361579895,1.0
954_r1,en,0.016871306164313066,0.9831286938356869,3,10,1.0,0.02096502296626568,0.5245112497857819
954_r1,fr,0.044208681833216475,0.9557913181667835,3,10,0.0,0.0812692865729332,0.32451124978664747
954_r1,ja,0.33071243805103584,0.6692875619489642,3,10,1.0,0.20920158922672272,0.5245112497857818
954_r1,zh,0.07450420469613905,0.925495795303861,3,10,0.0,0.03673243522644043,1.0
954_r2,en,0.02306915669102961,0.9769308433089704,3,10,1.0,0.026043890044093132,0.6000000000017313
954_r2,fr,0.12450404101962968,0.8754959589803704,3,10,0.0,0.09670498222112656,0.3000000000028235
954_r2,ja,0.43064008261797604,0.569359917382024,3,10,1.0,0.2674608528614044,1.0
954_r2,zh,0.03631472031184725,0.9636852796881528,3,10,0.0,0.027822794392704964,1.0
954_r3,en,0.03282339083221487,0.9671766091677851,3,10,1.0,0.04635388404130936,0.7245112497849162
954_r3,fr,0.058101458889837636,0.9418985411101624,3,10,0.0,0.08254457265138626,0.5000000000019581
954_r3,ja,0.3398837049729696,0.6601162950270304,3,10,1.0,0.29984182119369507,1.0
954_r3,zh,0.10035823283085352,0.8996417671691465,3,10,0.0,0.03587975725531578,1.0
954_r4,en,0.07155199616979331,0.9284480038302066,3,10,1.0,0.0403594970703125,0.8000000000008656
954_r4,fr,0.06226325317752764,0.9377367468224723,3,10,0.0,0.07062669843435287,0.8000000000008656
954_r4,ja,0.25220529469749126,0.7477947053025087,3,10,1.0,0.17705485224723816,0.8000000000008656
954_r4,zh,0.03736171394591568,0.9626382860540843,3,10,0.0,0.025152089074254036,1.0
954_r5,en,0.015898110770850207,0.9841018892291498,3,10,1.0,0.04012008011341095,0.3000000000028235
954_r5,fr,0.034775679559134604,0.9652243204408654,3,10,0.0,0.07124742120504379,0.10000000000368914
954_r5,ja,0.15850924324177756,0.8414907567582224,3,10,1.0,0.09485873579978943,1.0
954_r5,zh,0.033533830897422554,0.9664661691025774,3,10,0.0,0.023939646780490875,0.8000000000008656
955_r1,en,0.7191733913107349,0.2808266086892651,3,10,1.0,0.7741218209266663,0.6000000000017313
955_r1,fr,0.43374591416909297,0.5662540858309071,3,10,1.0,0.602398157119751,0.3245112497866474
955_r1,ja,0.39426803729411486,0.6057319627058851,3,10,1.0,0.31337323784828186,0.6000000000017313
955_r1,zh,0.47773946517729193,0.5222605348227081,3,10,1.0,0.27282896637916565,1.0
955_r2,en,0.7859140562993702,0.21408594370062983,3,10,1.0,0.8497571349143982,0.7245112497849162
955_r2,fr,0.5089490530616322,0.4910509469383678,3,10,1.0,0.49438321590423584,0.3000000000028235
955_r2,ja,0.6831087950429505,0.3168912049570495,3,10,1.0,0.631060779094696,0.8000000000008656
955_r2,zh,0.04077487011801836,0.9592251298819816,3,10,1.0,0.02085156925022602,1.0
955_r3,en,0.5085321533178045,0.49146784668219545,3,10,1.0,0.6114528179168701,0.3000000000028235
955_r3,fr,0.293841816244104,0.706158183755896,3,10,1.0,0.37254539132118225,0.10000000000368914
955_r3,ja,0.5159361097133384,0.48406389028666164,3,10,1.0,0.4379696547985077,0.7245112497849162
955_r3,zh,0.2644167417432622,0.7355832582567379,3,10,1.0,0.12887702882289886,0.5245112497857818
955_r4,en,0.8304292623899762,0.16957073761002384,3,10,1.0,0.8563529849052429,0.8000000000008656
955_r4,fr,0.2938418162444762,0.7061581837555237,3,10,1.0,0.42302319407463074,0.10000000000368914
955_r4,ja,0.5603619316920609,0.43963806830793906,3,10,1.0,0.4046308398246765,0.8000000000008656
955_r4,zh,0.16284224924190352,0.8371577507580965,3,10,1.0,0.07919545471668243,0.5245112497857819
955_r5,en,0.6565121869360615,0.3434878130639385,3,10,1.0,0.6563042402267456,0.5000000000019581
955_r5,fr,0.7197738598054898,0.2802261401945102,3,10,1.0,0.6757866740226746,0.7000000000010924
955_r5,ja,0.557188418711089,0.44281158128891096,3,10,1.0,0.6084155440330505,0.5000000000019581
955_r5,zh,0.13856240242487053,0.8614375975751295,3,10,1.0,0.04592186212539673,1.0
958_r1,en,0.03982907443850253,0.9601709255614974,3,10,0.0,0.11079246550798416,0.5245112497857818
958_r1,fr,0.020143960153130424,0.9798560398468695,3,10,0.0,0.10605520755052567,0.10000000000368914
958_r1,ja,0.3003481321749948,0.6996518678250052,3,10,0.0,0.1604280024766922,0.8000000000008656
958_r1,zh,0.2744070745869588,0.7255929254130412,3,10,0.0,0.11736099421977997,1.0
958_r2,en,0.41086450955672277,0.5891354904432773,3,10,0.0,0.5269824862480164,0.3245112497866474
958_r2,fr,0.036337371819231606,0.9636626281807684,3,10,0.0,0.07436354458332062,0.10000000000368914
958_r2,ja,0.17406804266502668,0.8259319573349733,3,10,0.0,0.15369099378585815,0.8000000000008656
958_r2,zh,0.24171912156952238,0.7582808784304776,3,10,0.0,0.11674059182405472,0.6000000000017313
958_r3,en,0.007190415343173587,0.9928095846568264,3,10,0.0,0.09411155432462692,0.10000000000368914
958_r3,fr,0.03044204385013761,0.9695579561498624,3,10,0.0,0.14776131510734558,0.10000000000368914
958_r3,ja,0.3660967051289415,0.6339032948710586,3,10,0.0,0.35791680216789246,0.5245112497857819
958_r3,zh,0.2826775945384425,0.7173224054615575,3,10,0.0,0.13118810951709747,0.7245112497849162
958_r4,en,0.0033542575709491667,0.9966457424290508,3,10,0.0,0.035418327897787094,0.12451124978751298
958_r4,fr,0.034764255998959236,0.9652357440010407,3,10,0.0,0.2830224931240082,0.12451124978751298
958_r4,ja,0.5311344393794735,0.46886556062052653,3,10,0.0,0.43259933590888977,1.0
958_r4,zh,0.12492387565686795,0.8750761243431321,3,10,0.0,0.06768972426652908,0.8000000000008656
958_r5,en,0.2807500648939274,0.7192499351060726,3,10,0.0,0.2234725058078766,0.5000000000019581
958_r5,fr,0.04975480292266387,0.9502451970773361,3,10,0.0,0.23516793549060822,0.12451124978751298
958_r5,ja,0.12343693883356244,0.8765630611664376,3,10,0.0,0.1442316323518753,0.6000000000017313
958_r5,zh,0.052697195105946046,0.9473028048940539,3,10,0.0,0.04575515538454056,0.8000000000008656
95_r1,en,0.30205871470706824,0.6979412852929318,3,10,0.0,0.3808247447013855,0.12451124978751298
95_r1,fr,0.016568372458296805,0.9834316275417032,3,10,0.0,0.21182367205619812,0.10000000000368914
95_r1,ja,0.5196530639618819,0.48034693603811807,3,10,0.0,0.30436134338378906,0.8000000000008656
95_r1,zh,0.14684265770662083,0.8531573422933791,3,10,0.0,0.06238504871726036,0.6000000000017313
95_r2,en,0.8214521054968436,0.17854789450315645,3,10,0.0,0.8689395785331726,0.8000000000008656
95_r2,fr,0.016133720371069842,0.9838662796289301,3,10,0.0,0.0997476801276207,0.10000000000368914
95_r2,ja,0.31641902486661294,0.683580975133387,3,10,0.0,0.1578972190618515,1.0
95_r2,zh,0.27759797365852157,0.7224020263414784,3,10,0.0,0.10168753564357758,0.7245112497849162
95_r3,en,0.6494144047656304,0.3505855952343696,3,10,0.0,0.5756171345710754,0.5000000000019581
95_r3,fr,0.3075212382290565,0.6924787617709435,3,10,0.0,0.2544780969619751,0.10000000000368914
95_r3,ja,0.301392637671434,0.698607362328566,3,10,0.0,0.20643994212150574,0.8000000000008656
95_r3,zh,0.2631926297924487,0.7368073702075513,3,10,0.0,0.10348214209079742,1.0
95_r4,en,0.2904270263215781,0.709572973678422,3,10,0.0,0.486343652009964,0.10000000000368914
95_r4,fr,0.024761743375678515,0.9752382566243215,3,10,0.0,0.0768371969461441,0.12451124978751298
95_r4,ja,0.3045821447160465,0.6954178552839535,3,10,0.0,0.12729594111442566,1.0
95_r4,zh,0.02448710713278435,0.9755128928672157,3,10,0.0,0.019498080015182495,0.8000000000008656
95_r5,en,0.4204960797371266,0.5795039202628733,3,10,0.0,0.420022577047348,0.3245112497866474
95_r5,fr,0.28765804065750994,0.71234195934249,3,10,0.0,0.40890586376190186,0.3000000000028235
95_r5,ja,0.665136618441044,0.334863381558956,3,10,0.0,0.49461182951927185,1.0
95_r5,zh,0.3071447030525553,0.6928552969474446,3,10,0.0,0.11981227993965149,1.0
960_r1,en,0.2973778971902502,0.7026221028097498,3,10,1.0,0.4647825062274933,0.10000000000368914
960_r1,fr,0.09027358022240974,0.9097264197775903,3,10,0.0,0.4844893515110016,0.12451124978751298
960_r1,ja,0.11083619975554648,0.8891638002444535,3,10,0.0,0.25286391377449036,0.5245112497857819
960_r1,zh,0.010455579108423619,0.9895444208915763,3,10,0.0,0.08733370155096054,0.12451124978751298
960_r2,en,0.41799292971730817,0.5820070702826918,3,10,1.0,0.5025853514671326,0.3245112497866474
960_r2,fr,0.3375598226921325,0.6624401773078674,3,10,0.0,0.742576003074646,0.12451124978751298
960_r2,ja,0.3754810006559342,0.6245189993440659,3,10,0.0,0.4937247335910797,0.3245112497866474
960_r2,zh,0.21244862016092902,0.787551379839071,3,10,0.0,0.2275516539812088,0.3245112497866474
960_r3,en,0.3485311896795056,0.6514688103204944,3,10,1.0,0.385061115026474,0.3000000000028235
960_r3,fr,0.45011418035483836,0.5498858196451617,3,10,0.0,0.5969222784042358,0.3245112497866474
960_r3,ja,0.4639579063658147,0.5360420936341853,3,10,0.0,0.5801597833633423,0.3245112497866474
960_r3,zh,0.10893551768190114,0.8910644823180989,3,10,0.0,0.12495281547307968,0.6000000000017313
960_r4,en,0.2799153262382355,0.7200846737617645,3,10,1.0,0.5368900299072266,0.10000000000368914
960_r4,fr,0.5591464649660498,0.4408535350339502,3,10,0.0,0.5606343746185303,0.5245112497857819
960_r4,ja,0.5628294018340406,0.4371705981659594,3,10,0.0,0.5634739995002747,0.8000000000008656
960_r4,zh,0.0011992772259077251,0.9988007227740923,3,10,0.0,0.3280397057533264,0.10000000000368914
960_r5,en,0.29232374648298154,0.7076762535170185,3,10,1.0,0.27324578166007996,0.10000000000368914
960_r5,fr,0.11085959695186429,0.8891404030481357,3,10,0.0,0.6094319820404053,0.12451124978751298
960_r5,ja,0.39048200446943954,0.6095179955305605,3,10,0.0,0.4192768633365631,0.5245112497857818
960_r5,zh,0.0025781924288337775,0.9974218075711663,3,10,0.0,0.23603548109531403,0.10000000000368914
961_r1,en,0.02784631703304535,0.9721536829669547,3,10,1.0,0.2721761167049408,0.10000000000368914
961_r1,fr,0.2908911951990814,0.7091088048009186,3,10,1.0,0.2098042368888855,0.3000000000028235
961_r1,ja,0.569261590542021,0.43073840945797903,3,10,1.0,0.3987048268318176,1.0
961_r1,zh,0.29074699480488214,0.7092530051951178,3,10,1.0,0.10710211843252182,0.8000000000008656
961_r2,en,0.47542796305569746,0.5245720369443025,3,10,1.0,0.49263426661491394,0.30000000000282356
961_r2,fr,0.05026031539371719,0.9497396846062828,3,10,1.0,0.32316485047340393,0.12451124978751298
961_r2,ja,0.29793082851375435,0.7020691714862457,3,10,1.0,0.18523144721984863,1.0
961_r2,zh,0.17511949934671886,0.8248805006532811,3,10,1.0,0.07032293826341629,1.0
961_r3,en,0.08534667465836779,0.9146533253416322,3,10,1.0,0.4210087060928345,0.12451124978751298
961_r3,fr,0.011824361000183317,0.9881756389998166,3,10,1.0,0.13938795030117035,0.30000000000282356
961_r3,ja,0.21471164312170735,0.7852883568782927,3,10,1.0,0.31302115321159363,0.32451124978664747
961_r3,zh,0.014988988587504038,0.9850110114124959,3,10,1.0,0.01671433076262474,0.7245112497849162
961_r4,en,0.5572382755475987,0.44276172445240125,3,10,1.0,0.4787593483924866,0.5245112497857818
961_r4,fr,0.011728726392471075,0.988271273607529,3,10,1.0,0.16221819818019867,0.10000000000368914
961_r4,ja,0.6143361562533302,0.38566384374666984,3,10,1.0,0.5249622464179993,1.0
961_r4,zh,0.24908671172993505,0.750913288270065,3,10,1.0,0.09718296676874161,0.8000000000008656
961_r5,en,0.2965135718547139,0.7034864281452862,3,10,1.0,0.5073478817939758,0.12451124978751298
961_r5,fr,0.2780512519243756,0.7219487480756244,3,10,1.0,0.26497572660446167,0.10000000000368914
961_r5,ja,0.5844351456439529,0.41556485435604706,3,10,1.0,0.49576759338378906,1.0
961_r5,zh,0.048225700475641085,0.9517742995243589,3,10,1.0,0.028688907623291016,0.5245112497857819
965_r1,en,0.7005356589042143,0.2994643410957857,3,10,1.0,0.6989261507987976,0.8000000000008656
965_r1,fr,0.9144654273819854,0.08553457261801456,3,10,1.0,0.9144653081893921,1.0
965_r1,ja,0.37969826508916443,0.6203017349108355,3,10,1.0,0.3360184133052826,0.7245112497849162
965_r1,zh,0.754759165345336,0.24524083465466395,3,10,1.0,0.6480905413627625,1.0
965_r2,en,0.5500143216253066,0.4499856783746934,3,10,1.0,0.6120328903198242,0.5245112497857819
965_r2,fr,0.09172814887042337,0.9082718511295766,3,10,1.0,0.36356353759765625,0.12451124978751298
965_r2,ja,0.8057123086736178,0.19428769132638224,3,10,1.0,0.7216339707374573,1.0
965_r2,zh,0.5709128171748294,0.42908718282517055,3,10,1.0,0.3771977424621582,1.0
965_r3,en,0.4708788887846567,0.5291211112153433,3,10,1.0,0.602885365486145,0.3245112497866474
965_r3,fr,0.708341874187105,0.29165812581289496,3,10,1.0,0.7659319639205933,0.6000000000017313
965_r3,ja,0.5316677803097752,0.46833221969022476,3,10,1.0,0.4662112295627594,0.8000000000008656
965_r3,zh,0.4944026862285109,0.5055973137714891,3,10,1.0,0.2909642457962036,1.0
965_r4,en,0.7488122992720794,0.2511877007279206,3,10,1.0,0.7659692764282227,0.8000000000008656
965_r4,fr,0.7739753949361815,0.2260246050638185,3,10,1.0,0.823198676109314,0.7245112497849162
965_r4,ja,0.6982949055360672,0.3017050944639328,3,10,1.0,0.5547842383384705,1.0
965_r4,zh,0.4276952321885933,0.5723047678114067,3,10,1.0,0.30728670954704285,1.0
965_r5,en,0.5919877642373456,0.40801223576265444,3,10,1.0,0.6080068349838257,0.5000000000019581
965_r5,fr,0.9144656061959204,0.08553439380407957,3,10,1.0,0.9144654870033264,1.0
965_r5,ja,0.4924349055065639,0.5075650944934361,3,10,1.0,0.43746504187583923,1.0
965_r5,zh,0.8057077662366259,0.19429223376337412,3,10,1.0,0.7210076451301575,1.0
971_r1,en,0.0010297858961829595,0.998970214103817,3,10,0.0,0.06069032475352287,0.10000000000368914
971_r1,fr,0.4215127826568711,0.5784872173431289,3,10,0.0,0.4915381073951721,0.3245112497866474
971_r1,ja,0.2232562167673992,0.7767437832326007,3,10,0.0,0.2703166604042053,0.5245112497857818
971_r1,zh,0.2749835689350347,0.7250164310649654,3,10,1.0,0.09738127142190933,0.8000000000008656
971_r2,en,0.3614427317414704,0.6385572682585297,3,10,0.0,0.3740847408771515,0.3000000000028235
971_r2,fr,0.41128102952553297,0.5887189704744671,3,10,0.0,0.3550814092159271,0.3000000000028235
971_r2,ja,0.5311873220559838,0.46881267794401615,3,10,0.0,0.42390841245651245,0.7245112497849162
971_r2,zh,0.280525801538416,0.719474198461584,3,10,1.0,0.12167652696371078,1.0
971_r3,en,0.2602383232772803,0.7397616767227198,3,10,0.0,0.2328428477048874,0.3245112497866474
971_r3,fr,0.3395494170057506,0.6604505829942494,3,10,0.0,0.3465188443660736,0.3000000000028235
971_r3,ja,0.33544592205748086,0.6645540779425192,3,10,0.0,0.31246280670166016,0.5245112497857819
971_r3,zh,0.5059910271612695,0.49400897283873046,3,10,1.0,0.3279883563518524,0.8000000000008656
971_r4,en,0.26519996591394884,0.7348000340860512,3,10,0.0,0.31190940737724304,0.12451124978751298
971_r4,fr,0.09399716296663257,0.9060028370333675,3,10,0.0,0.28243693709373474,0.40000000000259683
971_r4,ja,0.12877739002807653,0.8712226099719235,3,10,0.0,0.31456509232521057,0.32451124978664747
971_r4,zh,0.27416192841986103,0.7258380715801389,3,10,1.0,0.12398280948400497,0.7245112497849162
971_r5,en,0.07723308125757786,0.9227669187424221,3,10,0.0,0.25854727625846863,0.12451124978751298
971_r5,fr,0.030187045703364078,0.9698129542966359,3,10,0.0,0.02358517237007618,0.3245112497866474
971_r5,ja,0.3121809279762249,0.6878190720237751,3,10,0.0,0.2616942226886749,0.8000000000008656
971_r5,zh,0.3478563468700984,0.6521436531299016,3,10,1.0,0.15990933775901794,1.0
973_r1,en,0.6042928095324456,0.3957071904675544,3,10,1.0,0.6085298657417297,0.8000000000008656
973_r1,fr,0.48912057888176064,0.5108794211182394,3,10,1.0,0.6118704676628113,0.5245112497857818
973_r1,ja,0.5098593910294235,0.49014060897057654,3,10,1.0,0.39943763613700867,0.8000000000008656
973_r1,zh,0.4177646456711891,0.5822353543288109,3,10,1.0,0.2335066795349121,1.0
973_r2,en,0.5652660965484764,0.43473390345152363,3,10,1.0,0.49270835518836975,0.8000000000008656
973_r2,fr,0.48548551049436645,0.5145144895056335,3,10,1.0,0.4784983992576599,0.5245112497857819
973_r2,ja,0.5103586407598569,0.48964135924014307,3,10,1.0,0.5726439356803894,0.5245112497857819
973_r2,zh,0.28228327277291165,0.7177167272270883,3,10,1.0,0.13730593025684357,1.0
973_r3,en,0.4437417231835531,0.5562582768164469,3,10,1.0,0.5036057233810425,0.5245112497857819
973_r3,fr,0.2714993657084621,0.7285006342915379,3,10,1.0,0.49067258834838867,0.12451124978751298
973_r3,ja,0.5991184490396366,0.4008815509603634,3,10,1.0,0.5224977135658264,1.0
973_r3,zh,0.35899962208340663,0.6410003779165934,3,10,1.0,0.17345348000526428,0.8000000000008656
973_r4,en,0.5323538974189335,0.46764610258106654,3,10,1.0,0.5576238632202148,0.7245112497849162
973_r4,fr,0.4360257166129683,0.5639742833870317,3,10,1.0,0.49650460481643677,0.5245112497857819
973_r4,ja,0.5528540543544087,0.4471459456455913,3,10,1.0,0.4626026153564453,1.0
973_r4,zh,0.30761218447893546,0.6923878155210645,3,10,1.0,0.14722712337970734,1.0
973_r5,en,0.37840691244280367,0.6215930875571963,3,10,1.0,0.48107048869132996,0.3245112497866474
973_r5,fr,0.4777370988202066,0.5222629011797935,3,10,1.0,0.43088415265083313,0.5000000000019581
973_r5,ja,0.458455556694546,0.5415444433054539,3,10,1.0,0.3462117612361908,1.0
973_r5,zh,0.36333734017893204,0.636662659821068,3,10,1.0,0.20077186822891235,1.0
974_r1,en,0.08151072285810707,0.9184892771418929,3,10,0.0,0.4020242393016815,0.12451124978751298
974_r1,fr,0.027455164037627537,0.9725448359623725,3,10,0.0,0.032166335731744766,0.5245112497857819
974_r1,ja,0.40974401952035455,0.5902559804796454,3,10,0.0,0.3609634041786194,0.6000000000017313
974_r1,zh,0.04922911323963011,0.9507708867603699,3,10,0.0,0.04573224112391472,1.0
974_r2,en,0.3030870545681075,0.6969129454318925,3,10,0.0,0.2951732575893402,0.3000000000028235
974_r2,fr,0.015841294503076486,0.9841587054969235,3,10,0.0,0.038483865559101105,0.12451124978751298
974_r2,ja,0.635415846773954,0.364584153226046,3,10,0.0,0.5100905299186707,1.0
974_r2,zh,0.30249862562000285,0.6975013743799972,3,10,0.0,0.12841306626796722,1.0
974_r3,en,0.4005556627049338,0.5994443372950662,3,10,0.0,0.413177490234375,0.3000000000028235
974_r3,fr,0.02546474556839934,0.9745352544316006,3,10,0.0,0.11688793450593948,0.8000000000008656
974_r3,ja,0.48196014032012324,0.5180398596798768,3,10,0.0,0.3127363324165344,0.7245112497849162
974_r3,zh,0.3029845894897029,0.697015410510297,3,10,0.0,0.1416035145521164,1.0
974_r4,en,0.009709230567522417,0.9902907694324776,3,10,0.0,0.025137681514024734,0.30000000000282356
974_r4,fr,0.017329349873995304,0.9826706501260047,3,10,0.0,0.11476925760507584,0.3245112497866474
974_r4,ja,0.6444189547285544,0.35558104527144563,3,10,0.0,0.550510585308075,1.0
974_r4,zh,0.03868972432088173,0.9613102756791183,3,10,0.0,0.02835792861878872,0.7245112497849162
974_r5,en,0.12521543784034822,0.8747845621596517,3,10,0.0,0.22456447780132294,0.12451124978751298
974_r5,fr,0.006650575622142164,0.9933494243778578,3,10,0.0,0.021995749324560165,0.12451124978751298
974_r5,ja,0.6216757645962964,0.37832423540370363,3,10,0.0,0.47358182072639465,1.0
974_r5,zh,0.27312497501749256,0.7268750249825074,3,10,0.0,0.148507758975029,1.0
979_r1,en,0.09490611044244375,0.9050938895575562,3,10,1.0,0.39881449937820435,0.12451124978751298
979_r1,fr,0.18164384055628063,0.8183561594437194,3,10,1.0,0.1192653626203537,0.5245112497857819
979_r1,ja,0.6017674735076666,0.3982325264923334,3,10,1.0,0.5144254565238953,0.8000000000008656
979_r1,zh,0.24697600872682507,0.7530239912731749,3,10,1.0,0.16845639050006866,0.8000000000008656
979_r2,en,0.07975480311726343,0.9202451968827365,3,10,1.0,0.398531973361969,0.10000000000368914
979_r2,fr,0.07376609689187402,0.9262339031081259,3,10,1.0,0.08194528520107269,0.5000000000019581
979_r2,ja,0.5196723367048074,0.4803276632951926,3,10,1.0,0.33783969283103943,1.0
979_r2,zh,0.30100505620183704,0.698994943798163,3,10,1.0,0.144330695271492,1.0
979_r3,en,0.0030732407434241123,0.9969267592565759,3,10,1.0,0.14157351851463318,0.10000000000368914
979_r3,fr,0.14055174114158064,0.8594482588584194,3,10,1.0,0.09360873699188232,0.3000000000028235
979_r3,ja,0.47653371075495987,0.5234662892450401,3,10,1.0,0.38330796360969543,1.0
979_r3,zh,0.1952656304684754,0.8047343695315246,3,10,1.0,0.12434279173612595,0.8000000000008656
979_r4,en,0.002280712747314469,0.9977192872526855,3,10,1.0,0.32300129532814026,0.10000000000368914
979_r4,fr,0.024298441589454295,0.9757015584105457,3,10,1.0,0.10235481709241867,0.32451124978664747
979_r4,ja,0.45174827020228686,0.5482517297977132,3,10,1.0,0.334698349237442,1.0
979_r4,zh,0.35817630101279363,0.6418236989872064,3,10,1.0,0.17647822201251984,1.0
979_r5,en,0.27145486749732284,0.7285451325026772,3,10,1.0,0.36351391673088074,0.10000000000368914
979_r5,fr,0.034653940959548726,0.9653460590404512,3,10,1.0,0.11458057910203934,0.40000000000259683
979_r5,ja,0.5418968382094193,0.45810316179058075,3,10,1.0,0.32832422852516174,1.0
979_r5,zh,0.21192415371056322,0.7880758462894368,3,10,1.0,0.10694623738527298,1.0
97_r1,en,0.08680524281876566,0.9131947571812343,3,10,1.0,0.39229002594947815,0.12451124978751298
97_r1,fr,0.09119599278279492,0.9088040072172051,3,10,1.0,0.12607432901859283,0.3245112497866474
97_r1,ja,0.33046474143907206,0.669535258560928,3,10,0.0,0.26580187678337097,0.8000000000008656
97_r1,zh,0.10297702283793628,0.8970229771620637,3,10,0.0,0.08972367644309998,0.5245112497857819
97_r2,en,0.3169356347816475,0.6830643652183526,3,10,1.0,0.3302324712276459,0.3000000000028235
97_r2,fr,0.051799063796511544,0.9482009362034884,3,10,1.0,0.15938344597816467,0.12451124978751298
97_r2,ja,0.15997758168337262,0.8400224183166274,3,10,0.0,0.17721611261367798,0.7245112497849162
97_r2,zh,0.23808147837380209,0.7619185216261979,3,10,0.0,0.10024826973676682,1.0
97_r3,en,0.27790924075339385,0.7220907592466062,3,10,1.0,0.29997551441192627,0.7245112497849162
97_r3,fr,0.061683915931890966,0.9383160840681091,3,10,1.0,0.15916821360588074,0.12451124978751298
97_r3,ja,0.24777652131039335,0.7522234786896067,3,10,0.0,0.20781473815441132,1.0
97_r3,zh,0.13250159742306472,0.8674984025769352,3,10,0.0,0.09478975832462311,1.0
97_r4,en,0.3542412538333098,0.6457587461666903,3,10,1.0,0.5096244215965271,0.3245112497866474
97_r4,fr,0.05686844677735133,0.9431315532226486,3,10,1.0,0.1336500495672226,0.10000000000368914
97_r4,ja,0.4979193977400508,0.5020806022599492,3,10,0.0,0.34946268796920776,0.8000000000008656
97_r4,zh,0.07139168997883188,0.9286083100211682,3,10,0.0,0.04879726469516754,1.0
97_r5,en,0.31230827302180075,0.6876917269781992,3,10,1.0,0.48984572291374207,0.3245112497866474
97_r5,fr,0.08784411647621143,0.9121558835237886,3,10,1.0,0.11879847198724747,0.40000000000259683
97_r5,ja,0.24128467036400011,0.7587153296359999,3,10,0.0,0.1779017150402069,0.8000000000008656
97_r5,zh,0.10667926625213621,0.8933207337478638,3,10,0.0,0.06797948479652405,1.0
980_r1,en,0.004286464118746337,0.9957135358812537,3,10,1.0,0.28536030650138855,0.10000000000368914
980_r1,fr,0.007922896217167593,0.9920771037828324,3,10,1.0,0.11108347773551941,0.3000000000028235
980_r1,ja,0.2949769994950326,0.7050230005049674,3,10,1.0,0.10350970178842545,0.5245112497857819
980_r1,zh,0.38188363883774745,0.6181163611622525,3,10,1.0,0.21330448985099792,0.8000000000008656
980_r2,en,0.4855421355168654,0.5144578644831346,3,10,1.0,0.27570340037345886,0.7245112497849162
980_r2,fr,0.10802446182166281,0.8919755381783372,3,10,1.0,0.26913711428642273,0.12451124978751298
980_r2,ja,0.663466418298032,0.336533581701968,3,10,1.0,0.51118004322052,1.0
980_r2,zh,0.14997928934968907,0.8500207106503109,3,10,1.0,0.1183226928114891,1.0
980_r3,en,0.021354964021452507,0.9786450359785475,3,10,1.0,0.10760541260242462,0.6000000000017313
980_r3,fr,0.39269067505888905,0.607309324941111,3,10,1.0,0.29835617542266846,0.3000000000028235
980_r3,ja,0.06896483297401072,0.9310351670259893,3,10,1.0,0.04433315992355347,0.6000000000017313
980_r3,zh,0.2794279282801069,0.7205720717198931,3,10,1.0,0.13606120645999908,0.7245112497849162
980_r4,en,0.012553456219636919,0.9874465437803631,3,10,1.0,0.03396010398864746,0.3245112497866474
980_r4,fr,0.7001734808804696,0.2998265191195304,3,10,1.0,0.6608855128288269,0.8000000000008656
980_r4,ja,0.42692875649739626,0.5730712435026037,3,10,1.0,0.22434496879577637,1.0
980_r4,zh,0.2758289775174925,0.7241710224825075,3,10,1.0,0.13746868073940277,0.8000000000008656
980_r5,en,0.4047710526138781,0.5952289473861219,3,10,1.0,0.31275713443756104,0.3245112497866474
980_r5,fr,0.0005739049877677131,0.9994260950122323,3,10,1.0,0.13262203335762024,0.10000000000368914
980_r5,ja,0.417120496879333,0.582879503120667,3,10,1.0,0.1888953149318695,1.0
980_r5,zh,0.07064520324731176,0.9293547967526883,3,10,1.0,0.05578777566552162,1.0
984_r1,en,0.0343933448058446,0.9656066551941554,3,10,0.0,0.14391975104808807,0.12451124978751298
984_r1,fr,0.025335181121965096,0.9746648188780349,3,10,1.0,0.1048058494925499,0.12451124978751298
984_r1,ja,0.16787163609860573,0.8321283639013943,3,10,0.0,0.13641367852687836,0.7245112497849162
984_r1,zh,0.4149497885117759,0.5850502114882241,3,10,0.0,0.22871087491512299,0.8000000000008656
984_r2,en,0.3056811140241959,0.694318885975804,3,10,0.0,0.2843371033668518,0.40000000000259683
984_r2,fr,0.04887019428721447,0.9511298057127855,3,10,1.0,0.08111612498760223,0.3000000000028235
984_r2,ja,0.3078986441314623,0.6921013558685377,3,10,0.0,0.14249704778194427,0.5245112497857819
984_r2,zh,0.14807492660291838,0.8519250733970816,3,10,0.0,0.09142883121967316,1.0
984_r3,en,0.2912595375423755,0.7087404624576246,3,10,0.0,0.20794589817523956,0.3000000000028235
984_r3,fr,0.07908467216516647,0.9209153278348335,3,10,1.0,0.1416810154914856,0.3000000000028235
984_r3,ja,0.390785194031681,0.609214805968319,3,10,0.0,0.29462921619415283,1.0
984_r3,zh,0.6053575653099136,0.3946424346900864,3,10,0.0,0.42076748609542847,1.0
984_r4,en,0.09005697390361041,0.9099430260963896,3,10,0.0,0.20081493258476257,0.10000000000368914
984_r4,fr,0.014709056147041183,0.9852909438529588,3,10,1.0,0.07043332606554031,0.10000000000368914
984_r4,ja,0.3181303729975297,0.6818696270024702,3,10,0.0,0.26693210005760193,0.7245112497849162
984_r4,zh,0.020040492737060166,0.9799595072629398,3,10,0.0,0.022792872041463852,0.8000000000008656
984_r5,en,0.07782458163891753,0.9221754183610824,3,10,0.0,0.19551774859428406,0.10000000000368914
984_r5,fr,0.03970657794858893,0.9602934220514111,3,10,1.0,0.0782904326915741,0.3000000000028235
984_r5,ja,0.22805257366873713,0.7719474263312629,3,10,0.0,0.2049187272787094,1.0
984_r5,zh,0.7659328520091842,0.23406714799081585,3,10,0.0,0.6461794376373291,1.0
987_r1,en,0.1165453670076678,0.8834546329923322,3,10,1.0,0.27126914262771606,0.10000000000368914
987_r1,fr,0.3423995916644364,0.6576004083355635,3,10,1.0,0.3832489550113678,0.5245112497857819
987_r1,ja,0.11867104429105824,0.8813289557089418,3,10,1.0,0.17510470747947693,0.3245112497866474
987_r1,zh,0.15376111459230835,0.8462388854076917,3,10,0.0,0.09104835242033005,0.7245112497849162
987_r2,en,0.46909826554037287,0.5309017344596272,3,10,1.0,0.3766564428806305,0.6000000000017313
987_r2,fr,0.3006570334242716,0.6993429665757285,3,10,1.0,0.33637574315071106,0.10000000000368914
987_r2,ja,0.004147229091474076,0.995852770908526,3,10,1.0,0.08039601147174835,0.3000000000028235
987_r2,zh,0.04027479154181089,0.9597252084581891,3,10,0.0,0.12520985305309296,0.12451124978751298
987_r3,en,0.014254167762014007,0.985745832237986,3,10,1.0,0.1344890147447586,0.30000000000282356
987_r3,fr,0.2859377771419467,0.7140622228580533,3,10,1.0,0.185911163687706,0.12451124978751298
987_r3,ja,0.23677088400590462,0.7632291159940954,3,10,1.0,0.09705468267202377,0.3245112497866474
987_r3,zh,0.18452565192418882,0.8154743480758112,3,10,0.0,0.09269653260707855,1.0
987_r4,en,0.023028320969319,0.976971679030681,3,10,1.0,0.06805319339036942,0.10000000000368914
987_r4,fr,0.0010151396649143607,0.9989848603350856,3,10,1.0,0.03596828505396843,0.10000000000368914
987_r4,ja,0.030378538840741993,0.969621461159258,3,10,1.0,0.038646843284368515,0.12451124978751298
987_r4,zh,0.2770227451255506,0.7229772548744494,3,10,0.0,0.16552485525608063,0.6000000000017313
987_r5,en,0.010022200649428529,0.9899777993505715,3,10,1.0,0.04532616212964058,0.3000000000028235
987_r5,fr,0.044160281936392945,0.955839718063607,3,10,1.0,0.12403061240911484,0.32451124978664747
987_r5,ja,0.05593756513300083,0.9440624348669991,3,10,1.0,0.07917170971632004,0.3245112497866474
987_r5,zh,0.17676375446418893,0.8232362455358111,3,10,0.0,0.12295763939619064,0.7245112497849162
990_r1,en,0.4108106197713595,0.5891893802286405,3,10,1.0,0.39389801025390625,0.3245112497866474
990_r1,fr,0.005486041494965283,0.9945139585050348,3,10,0.0,0.13546039164066315,0.10000000000368914
990_r1,ja,0.2740585789043549,0.7259414210956451,3,10,1.0,0.2295779585838318,0.3245112497866474
990_r1,zh,0.26757699250083744,0.7324230074991626,3,10,0.0,0.10167474299669266,1.0
990_r2,en,0.015672045234537954,0.9843279547654621,3,10,1.0,0.13119015097618103,0.10000000000368914
990_r2,fr,0.028889516088654487,0.9711104839113455,3,10,0.0,0.03525228053331375,0.32451124978664747
990_r2,ja,0.37138427635687105,0.6286157236431289,3,10,1.0,0.3364635407924652,0.8000000000008656
990_r2,zh,0.32777125076541225,0.6722287492345878,3,10,0.0,0.19444586336612701,1.0
990_r3,en,0.22604340531999348,0.7739565946800065,3,10,1.0,0.35593095421791077,0.12451124978751298
990_r3,fr,0.031047522574853773,0.9689524774251462,3,10,0.0,0.04206152632832527,0.3245112497866474
990_r3,ja,0.13803353854247385,0.8619664614575262,3,10,1.0,0.2687044143676758,0.32451124978664747
990_r3,zh,0.2854956013202366,0.7145043986797635,3,10,0.0,0.12294890731573105,1.0
990_r4,en,0.000571259411558149,0.9994287405884419,3,10,1.0,0.083635114133358,0.10000000000368914
990_r4,fr,0.011387747343966437,0.9886122526560336,3,10,0.0,0.04909550026059151,0.10000000000368914
990_r4,ja,0.42209158451183776,0.5779084154881622,3,10,1.0,0.3323449194431305,1.0
990_r4,zh,0.37065192090937293,0.6293480790906271,3,10,0.0,0.1704326570034027,0.8000000000008656
990_r5,en,0.09424394299534782,0.9057560570046522,3,10,1.0,0.20486241579055786,0.3000000000028235
990_r5,fr,0.03157093085662518,0.9684290691433748,3,10,0.0,0.04858504235744476,0.3000000000028235
990_r5,ja,0.16524088799317813,0.8347591120068218,3,10,1.0,0.14150960743427277,1.0
990_r5,zh,0.36079479752114235,0.6392052024788577,3,10,0.0,0.19844107329845428,1.0
991_r1,en,0.39313128687390375,0.6068687131260962,3,10,1.0,0.5364852547645569,0.3000000000028235
991_r1,fr,0.011379972084680315,0.9886200279153197,3,10,1.0,0.01929330639541149,0.32451124978664747
991_r1,ja,0.443907606408976,0.556092393591024,3,10,1.0,0.24843281507492065,1.0
991_r1,zh,0.22674244532358517,0.7732575546764149,3,10,1.0,0.09045658260583878,1.0
991_r2,en,0.3938209208021318,0.6061790791978682,3,10,1.0,0.39294108748435974,0.30000000000282356
991_r2,fr,0.006909208411476374,0.9930907915885236,3,10,1.0,0.11230850964784622,0.12451124978751298
991_r2,ja,0.45200153294752576,0.5479984670524742,3,10,1.0,0.3390650749206543,0.5245112497857819
991_r2,zh,0.2667056890242083,0.7332943109757917,3,10,1.0,0.09465615451335907,0.7245112497849162
991_r3,en,0.016691677959273704,0.9833083220407263,3,10,1.0,0.4146963357925415,0.10000000000368914
991_r3,fr,0.016913822799395736,0.9830861772006043,3,10,1.0,0.019542990252375603,0.7245112497849162
991_r3,ja,0.4874627366305105,0.5125372633694896,3,10,1.0,0.3490279018878937,0.8000000000008656
991_r3,zh,0.34883233052839596,0.651167669471604,3,10,1.0,0.1759999692440033,1.0
991_r4,en,0.679017047741456,0.320982952258544,3,10,1.0,0.7772232890129089,0.6000000000017313
991_r4,fr,0.006293304161130373,0.9937066958388696,3,10,1.0,0.1417376548051834,0.10000000000368914
991_r4,ja,0.08708222432329789,0.9129177756767021,3,10,1.0,0.21550697088241577,0.32451124978664747
991_r4,zh,0.2794464965380958,0.7205535034619042,3,10,1.0,0.12574800848960876,0.8000000000008656
991_r5,en,0.6790176941152856,0.32098230588471444,3,10,1.0,0.7744742035865784,0.6000000000017313
991_r5,fr,0.000633712759928504,0.9993662872400715,3,10,1.0,0.03147627413272858,0.10000000000368914
991_r5,ja,0.34153555159421906,0.6584644484057809,3,10,1.0,0.27291470766067505,0.7245112497849162
991_r5,zh,0.28053017962392374,0.7194698203760763,3,10,1.0,0.12969757616519928,1.0
997_r1,en,0.4196313774827297,0.5803686225172703,3,10,1.0,0.475228488445282,0.3000000000028235
997_r1,fr,0.6157167801086879,0.3842832198913121,3,10,0.0,0.6983941793441772,0.5245112497857819
997_r1,ja,0.2752319780605812,0.7247680219394188,3,10,0.0,0.1097603291273117,1.0
997_r1,zh,0.18124859665827853,0.8187514033417215,3,10,0.0,0.08519936352968216,1.0
997_r2,en,0.0012966397044247774,0.9987033602955753,3,10,1.0,0.21139144897460938,0.10000000000368914
997_r2,fr,0.07695851766030955,0.9230414823396904,3,10,0.0,0.08821143954992294,0.5245112497857819
997_r2,ja,0.03882892528972025,0.9611710747102797,3,10,0.0,0.14160273969173431,0.5245112497857819
997_r2,zh,0.29387146396186964,0.7061285360381304,3,10,0.0,0.16255418956279755,0.7245112497849162
997_r3,en,0.5275567244139502,0.4724432755860498,3,10,1.0,0.5829606652259827,0.3245112497866474
997_r3,fr,0.5684565716421893,0.4315434283578107,3,10,0.0,0.77883380651474,0.5245112497857819
997_r3,ja,0.009552065084750797,0.9904479349152492,3,10,0.0,0.005973882507532835,1.0
997_r3,zh,0.45023612293648874,0.5497638770635113,3,10,0.0,0.4125555455684662,0.8000000000008656
997_r4,en,0.010199432268050018,0.98980056773195,3,10,1.0,0.12509684264659882,0.10000000000368914
997_r4,fr,0.04312471569331164,0.9568752843066883,3,10,0.0,0.05450872704386711,0.10000000000368914
997_r4,ja,0.48180319318675435,0.5181968068132456,3,10,0.0,0.3837498724460602,0.7245112497849162
997_r4,zh,0.34586358830324376,0.6541364116967563,3,10,0.0,0.2620624303817749,0.7245112497849162
997_r5,en,0.01173316299754091,0.9882668370024591,3,10,1.0,0.02107374556362629,0.3245112497866474
997_r5,fr,0.05010876149253826,0.9498912385074617,3,10,0.0,0.040971677750349045,0.32451124978664747
997_r5,ja,0.029203515135150855,0.9707964848648492,3,10,0.0,0.07020964473485947,0.3245112497866474
997_r5,zh,0.4966183696190535,0.5033816303809465,3,10,0.0,0.44007158279418945,0.8000000000008656
998_r1,en,0.29507322954894877,0.7049267704510512,3,10,1.0,0.40298354625701904,0.12451124978751298
998_r1,fr,0.33001720955514763,0.6699827904448523,3,10,1.0,0.34470638632774353,0.3245112497866474
998_r1,ja,0.6518915299270063,0.3481084700729937,3,10,1.0,0.51500403881073,1.0
998_r1,zh,0.2731893651572888,0.7268106348427112,3,10,0.0,0.10269615799188614,1.0
998_r2,en,0.44527017372195554,0.5547298262780445,3,10,1.0,0.39754775166511536,0.5245112497857818
998_r2,fr,0.15855872399945942,0.8414412760005405,3,10,1.0,0.4313540756702423,0.12451124978751298
998_r2,ja,0.4181104411222592,0.5818895588777409,3,10,1.0,0.23928461968898773,0.7245112497849162
998_r2,zh,0.24573063171256657,0.7542693682874334,3,10,0.0,0.08730600774288177,1.0
998_r3,en,0.3086143077866958,0.6913856922133041,3,10,1.0,0.3215898871421814,0.3000000000028235
998_r3,fr,0.16629878647670965,0.8337012135232904,3,10,1.0,0.18242020905017853,0.3000000000028235
998_r3,ja,0.4175239832581501,0.5824760167418499,3,10,1.0,0.2136010229587555,0.8000000000008656
998_r3,zh,0.2848636930519328,0.7151363069480672,3,10,0.0,0.1256570667028427,1.0
998_r4,en,0.5346140009549413,0.46538599904505873,3,10,1.0,0.4936032295227051,0.6000000000017313
998_r4,fr,0.0065119107191703544,0.9934880892808297,3,10,1.0,0.1604810506105423,0.10000000000368914
998_r4,ja,0.29671107427102617,0.7032889257289738,3,10,1.0,0.29628172516822815,0.6000000000017313
998_r4,zh,0.16063358613603881,0.8393664138639612,3,10,0.0,0.05017799511551857,1.0
998_r5,en,0.6085182350146738,0.39148176498532616,3,10,1.0,0.4101204574108124,1.0
998_r5,fr,0.34821312640660557,0.6517868735933945,3,10,1.0,0.33219438791275024,0.32451124978664747
998_r5,ja,0.42344283728259513,0.5765571627174049,3,10,1.0,0.23627185821533203,1.0
998_r5,zh,0.34090523924186306,0.659094760758137,3,10,0.0,0.16519570350646973,1.0
999_r1,en,0.2883458738352863,0.7116541261647137,3,10,1.0,0.3949528932571411,0.5245112497857819
999_r1,fr,0.7260851128486339,0.27391488715136614,3,10,0.0,0.7604855298995972,0.6000000000017313
999_r1,ja,0.5227847837483761,0.4772152162516239,3,10,0.0,0.39759713411331177,0.7245112497849162
999_r1,zh,0.27394862164653394,0.7260513783534661,3,10,0.0,0.10043839365243912,1.0
999_r2,en,0.02425713003467567,0.9757428699653243,3,10,1.0,0.24707864224910736,0.10000000000368914
999_r2,fr,0.6736475244622383,0.3263524755377617,3,10,0.0,0.7675277590751648,0.5245112497857818
999_r2,ja,0.4355486695529208,0.5644513304470792,3,10,0.0,0.3386010527610779,0.7245112497849162
999_r2,zh,0.2987437987511573,0.7012562012488427,3,10,0.0,0.12345720082521439,1.0
999_r3,en,0.31919123428716706,0.680808765712833,3,10,1.0,0.49351978302001953,0.3245112497866474
999_r3,fr,0.7855608711659279,0.21443912883407212,3,10,0.0,0.7780340909957886,0.8000000000008656
999_r3,ja,0.09596768301067919,0.9040323169893208,3,10,0.0,0.18030814826488495,0.5245112497857819
999_r3,zh,0.29235437365241895,0.707645626347581,3,10,0.0,0.13305051624774933,1.0
999_r4,en,0.5266509352512739,0.47334906474872607,3,10,1.0,0.6385751366615295,0.40000000000259683
999_r4,fr,0.5818767285194894,0.41812327148051065,3,10,0.0,0.6695129871368408,0.6000000000017313
999_r4,ja,0.29921207448670295,0.700787925513297,3,10,0.0,0.13302038609981537,0.5245112497857819
999_r4,zh,0.4026917844679409,0.597308215532059,3,10,0.0,0.22733937203884125,1.0
999_r5,en,0.030511826149022724,0.9694881738509773,3,10,1.0,0.02587524987757206,0.6000000000017313
999_r5,fr,0.5928524523096229,0.4071475476903771,3,10,0.0,0.5741779208183289,0.6000000000017313
999_r5,ja,0.3109211232988192,0.6890788767011808,3,10,0.0,0.3557889759540558,0.3245112497866474
999_r5,zh,0.34699438487582324,0.6530056151241768,3,10,0.0,0.24433459341526031,0.8000000000008656
