question_id,language,confidence,uncertainty,m,n,accuracy,W_mean,weights_mean
1000_r1,en,0.1278312684370027,0.8721687315629973,3,10,0.0,0.4000000059604645,0.32451124978664747
1000_r1,fr,8.533565997199189e-07,0.9999991466434003,3,10,0.0,0.20000000298023224,0.10000000000368914
1000_r1,ja,0.8366600265188001,0.16333997348119988,3,10,0.0,0.699999988079071,1.0
1000_r1,zh,0.6324555320221288,0.3675444679778712,3,10,0.0,0.4000000059604645,1.0
1000_r2,en,0.0,1.0,3,10,0.0,0.0,0.5245112497857819
1000_r2,fr,0.0,1.0,3,10,0.0,0.0,0.5245112497857819
1000_r2,ja,0.9486832980331933,0.05131670196680671,3,10,0.0,0.8999999761581421,1.0
1000_r2,zh,0.4830458915308287,0.5169541084691713,3,10,0.0,0.23333333432674408,1.0
1000_r3,en,0.7071067811739437,0.29289321882605635,3,10,0.0,0.6000000238418579,0.5245112497857819
1000_r3,fr,0.0,1.0,3,10,0.0,0.0,0.6000000000017313
1000_r3,ja,0.7071067811736377,0.2928932188263623,3,10,0.0,0.5,0.8000000000008656
1000_r3,zh,0.6324555320221288,0.3675444679778712,3,10,0.0,0.4000000059604645,1.0
1000_r4,en,0.44721359549324463,0.5527864045067554,3,10,0.0,0.5,0.40000000000259683
1000_r4,fr,0.31622776601232444,0.6837722339876755,3,10,0.0,0.30000001192092896,0.30000000000282356
1000_r4,ja,0.718568600184485,0.281431399815515,3,10,0.0,0.699999988079071,0.7245112497849162
1000_r4,zh,0.4082482904567628,0.5917517095432372,3,10,0.0,0.23333333432674408,0.8000000000008656
1000_r5,en,0.44721359549324474,0.5527864045067552,3,10,0.0,0.5,0.3000000000028235
1000_r5,fr,0.0,1.0,3,10,0.0,0.0,0.32451124978664747
1000_r5,ja,0.4472135954922769,0.5527864045077231,3,10,0.0,0.30000001192092896,0.5245112497857819
1000_r5,zh,0.5477225574951661,0.4522774425048339,3,10,0.0,0.30000001192092896,1.0
107_r1,en,0.5477225574963515,0.45227744250364854,3,10,1.0,0.6000000238418579,0.6000000000017313
107_r1,fr,0.0,1.0,3,10,0.0,0.0,0.30000000000282356
107_r1,ja,0.31622776601106445,0.6837722339889356,3,10,1.0,0.10000000149011612,0.7245112497849162
107_r1,zh,0.4830458915308287,0.5169541084691713,3,10,0.0,0.23333333432674408,1.0
107_r2,en,0.316227766012433,0.6837722339875669,3,10,1.0,0.30000001192092896,0.10000000000368914
107_r2,fr,0.0,1.0,3,10,0.0,0.0,0.10000000000368914
107_r2,ja,0.7071067811736377,0.2928932188263623,3,10,1.0,0.5,1.0
107_r2,zh,0.5773502691790848,0.42264973082091517,3,10,0.0,0.3333333432674408,1.0
107_r3,en,0.8366600265188001,0.16333997348119988,3,10,1.0,0.699999988079071,0.8000000000008656
107_r3,fr,0.0,1.0,3,10,0.0,0.0,0.3000000000028235
107_r3,ja,0.7071067811736377,0.2928932188263623,3,10,1.0,0.5,1.0
107_r3,zh,0.5773502691790848,0.42264973082091517,3,10,0.0,0.3333333432674408,1.0
107_r4,en,0.894427190983586,0.10557280901641397,3,10,1.0,0.800000011920929,0.8000000000008656
107_r4,fr,0.31622776601174873,0.6837722339882513,3,10,0.0,0.20000000298023224,0.10000000000368914
107_r4,ja,0.6324555320221289,0.3675444679778711,3,10,1.0,0.4000000059604645,1.0
107_r4,zh,0.2581988897424471,0.7418011102575529,3,10,0.0,0.06666667014360428,0.7245112497849162
107_r5,en,0.7071067811742496,0.29289321882575037,3,10,1.0,0.699999988079071,0.6000000000017313
107_r5,fr,0.0,1.0,3,10,0.0,0.0,0.3000000000028235
107_r5,ja,0.7071067811736377,0.2928932188263623,3,10,1.0,0.5,1.0
107_r5,zh,0.5163977794848942,0.4836022205151058,3,10,0.0,0.2666666805744171,1.0
111_r1,en,0.3410877206628734,0.6589122793371266,3,10,1.0,0.6000000238418579,0.12451124978751298
111_r1,fr,0.7745966692275763,0.2254033307724237,3,10,1.0,0.699999988079071,0.7000000000010924
111_r1,ja,0.6324555320224711,0.36754446797752893,3,10,1.0,0.5,0.8000000000008656
111_r1,zh,0.4472135954917929,0.5527864045082072,3,10,1.0,0.20000000298023224,1.0
111_r2,en,0.9999999999817427,1.8257284573053312e-11,3,10,1.0,1.0,1.0
111_r2,fr,0.8944271909838276,0.10557280901617239,3,10,1.0,0.8999999761581421,0.8000000000008656
111_r2,ja,0.5477225574951661,0.4522774425048339,3,10,1.0,0.30000001192092896,1.0
111_r2,zh,0.31622776601106445,0.6837722339889356,3,10,1.0,0.10000000149011612,1.0
111_r3,en,0.8366600265190589,0.1633399734809411,3,10,1.0,0.800000011920929,0.8000000000008656
111_r3,fr,0.7745966692279002,0.22540333077209984,3,10,1.0,0.800000011920929,0.6000000000017313
111_r3,ja,0.7071067811736377,0.2928932188263623,3,10,1.0,0.5,1.0
111_r3,zh,0.4472135954917929,0.5527864045082072,3,10,1.0,0.20000000298023224,1.0
111_r4,en,0.718568600184485,0.281431399815515,3,10,1.0,0.699999988079071,0.5245112497857819
111_r4,fr,0.5477225574958936,0.4522774425041064,3,10,1.0,0.5,0.5000000000019581
111_r4,ja,0.4472135954922769,0.5527864045077231,3,10,1.0,0.30000001192092896,0.8000000000008656
111_r4,zh,0.7745966692276206,0.2254033307723794,3,10,1.0,0.699999988079071,0.8000000000008656
111_r5,en,0.5624418487086694,0.4375581512913306,3,10,1.0,0.6000000238418579,0.32451124978664747
111_r5,fr,0.5624418487082847,0.43755815129171527,3,10,1.0,0.5,0.5245112497857819
111_r5,ja,0.7071067811736377,0.2928932188263623,3,10,1.0,0.5,0.8000000000008656
111_r5,zh,0.6324555320221289,0.3675444679778711,3,10,1.0,0.4000000059604645,1.0
113_r1,en,0.6324555320231011,0.3675444679768989,3,10,1.0,0.699999988079071,0.5000000000019581
113_r1,fr,0.7071067811739437,0.29289321882605635,3,10,1.0,0.6000000238418579,0.8000000000008656
113_r1,ja,0.894427190983586,0.10557280901641397,3,10,1.0,0.800000011920929,1.0
113_r1,zh,0.4830458915308288,0.5169541084691712,3,10,1.0,0.23333333432674408,1.0
113_r2,en,0.8463692061764693,0.15363079382353073,3,10,1.0,0.8999999761581421,0.7245112497849162
113_r2,fr,0.9486832980331933,0.05131670196680671,3,10,1.0,0.8999999761581421,1.0
113_r2,ja,0.4472135954917929,0.5527864045082072,3,10,1.0,0.20000000298023224,0.5245112497857819
113_r2,zh,0.31622776601106445,0.6837722339889356,3,10,1.0,0.10000000149011612,1.0
113_r3,en,0.5477225574958936,0.4522774425041064,3,10,1.0,0.5,0.5000000000019581
113_r3,fr,0.9999999999817427,1.8257284573053312e-11,3,10,1.0,1.0,1.0
113_r3,ja,0.5477225574955612,0.4522774425044388,3,10,1.0,0.4000000059604645,0.8000000000008656
113_r3,zh,0.31622776601106445,0.6837722339889356,3,10,1.0,0.10000000149011612,1.0
113_r4,en,0.894427190983586,0.10557280901641397,3,10,1.0,0.800000011920929,1.0
113_r4,fr,0.6452447854688494,0.35475521453115055,3,10,1.0,0.6000000238418579,0.5245112497857819
113_r4,ja,0.7071067811736377,0.2928932188263623,3,10,1.0,0.5,0.8000000000008656
113_r4,zh,0.1825741858325122,0.8174258141674878,3,10,1.0,0.10000000149011612,0.6000000000017313
113_r5,en,0.7071067811742496,0.29289321882575037,3,10,1.0,0.699999988079071,0.6000000000017313
113_r5,fr,0.9999999999817427,1.8257284573053312e-11,3,10,1.0,1.0,1.0
113_r5,ja,0.6324555320221288,0.3675444679778712,3,10,1.0,0.4000000059604645,1.0
113_r5,zh,0.2581988897424471,0.7418011102575529,3,10,1.0,0.06666667014360428,1.0
117_r1,en,0.5624418487094391,0.43755815129056086,3,10,1.0,0.800000011920929,0.3245112497866474
117_r1,fr,0.5624418487082847,0.43755815129171527,3,10,1.0,0.5,0.3245112497866474
117_r1,ja,0.6452447854688494,0.35475521453115055,3,10,1.0,0.6000000238418579,0.7245112497849162
117_r1,zh,0.31622776601106445,0.6837722339889356,3,10,1.0,0.10000000149011612,1.0
117_r2,en,0.15656069042446497,0.843439309575535,3,10,1.0,0.800000011920929,0.12451124978751298
117_r2,fr,0.44721359549268397,0.5527864045073161,3,10,1.0,0.4000000059604645,0.3000000000028235
117_r2,ja,0.6324555320221288,0.3675444679778712,3,10,1.0,0.4000000059604645,1.0
117_r2,zh,0.31622776601106445,0.6837722339889356,3,10,1.0,0.10000000149011612,0.7245112497849162
117_r3,en,0.31622776601437735,0.6837722339856227,3,10,1.0,0.6000000238418579,0.10000000000368914
117_r3,fr,0.4472135954922769,0.5527864045077231,3,10,1.0,0.30000001192092896,0.6000000000017313
117_r3,ja,0.8366600265190589,0.1633399734809411,3,10,1.0,0.800000011920929,0.8000000000008656
117_r3,zh,0.36514837166344405,0.634851628336556,3,10,1.0,0.13333334028720856,1.0
117_r4,en,0.15656069042308277,0.8434393095769173,3,10,1.0,0.699999988079071,0.12451124978751298
117_r4,fr,0.5551309904735566,0.44486900952644337,3,10,1.0,0.5,0.3245112497866474
117_r4,ja,0.7745966692273415,0.2254033307726585,3,10,1.0,0.6000000238418579,1.0
117_r4,zh,0.40824829045640937,0.5917517095435907,3,10,1.0,0.1666666716337204,1.0
117_r5,en,0.5477225574962887,0.45227744250371127,3,10,1.0,0.6000000238418579,0.30000000000282356
117_r5,fr,1.2624634527910834e-06,0.9999987375365472,3,10,1.0,0.4000000059604645,0.10000000000368914
117_r5,ja,0.6324555320227591,0.36754446797724094,3,10,1.0,0.6000000238418579,0.5000000000019581
117_r5,zh,0.31622776601106445,0.6837722339889356,3,10,1.0,0.10000000149011612,0.8000000000008656
124_r1,en,0.9999999999817427,1.8257284573053312e-11,3,10,1.0,1.0,1.0
124_r1,fr,0.5477225574951662,0.4522774425048338,3,10,1.0,0.30000001192092896,1.0
124_r1,ja,0.7745966692276207,0.22540333077237928,3,10,1.0,0.699999988079071,0.8000000000008656
124_r1,zh,0.4830458915308288,0.5169541084691712,3,10,1.0,0.23333333432674408,1.0
124_r2,en,0.9486832980331933,0.05131670196680671,3,10,1.0,0.8999999761581421,1.0
124_r2,fr,0.3688587880569386,0.6311412119430614,3,10,1.0,0.20000000298023224,0.5245112497857819
124_r2,ja,0.718568600184485,0.281431399815515,3,10,1.0,0.699999988079071,0.7245112497849162
124_r2,zh,0.2735636731351489,0.726436326864851,3,10,1.0,0.23333333432674408,0.5245112497857819
124_r3,en,0.7745966692276207,0.22540333077237928,3,10,1.0,0.699999988079071,0.6000000000017313
124_r3,fr,0.1969270873427184,0.8030729126572815,3,10,1.0,0.2666666805744171,0.12451124978751298
124_r3,ja,0.7745966692276207,0.22540333077237928,3,10,1.0,0.699999988079071,0.8000000000008656
124_r3,zh,0.4830458915311274,0.5169541084688726,3,10,1.0,0.30000001192092896,0.8000000000008656
124_r4,en,0.7745966692279002,0.22540333077209984,3,10,1.0,0.800000011920929,0.6000000000017313
124_r4,fr,0.19692708734125328,0.8030729126587467,3,10,1.0,0.13333334028720856,0.12451124978751298
124_r4,ja,0.8366600265188001,0.16333997348119988,3,10,1.0,0.699999988079071,1.0
124_r4,zh,0.4082482904564095,0.5917517095435905,3,10,1.0,0.1666666716337204,1.0
124_r5,en,0.8944271909838276,0.10557280901617239,3,10,1.0,0.8999999761581421,0.8000000000008656
124_r5,fr,6.402356926659675e-07,0.9999993597643073,3,10,1.0,0.10000000149011612,0.10000000000368914
124_r5,ja,0.5551309904735566,0.44486900952644337,3,10,1.0,0.5,0.5245112497857819
124_r5,zh,0.4082482904564095,0.5917517095435905,3,10,1.0,0.1666666716337204,0.7245112497849162
126_r1,en,0.7185686001847857,0.28143139981521426,3,10,1.0,0.800000011920929,0.5245112497857819
126_r1,fr,6.578740317673447e-07,0.9999993421259682,3,10,1.0,0.10000000149011612,0.5245112497857819
126_r1,ja,0.5477225574951661,0.4522774425048339,3,10,1.0,0.30000001192092896,1.0
126_r1,zh,0.31622776601106445,0.6837722339889356,3,10,1.0,0.10000000149011612,1.0
126_r2,en,0.8944271909838276,0.10557280901617239,3,10,1.0,0.8999999761581421,0.8000000000008656
126_r2,fr,6.578740317673447e-07,0.9999993421259682,3,10,1.0,0.10000000149011612,0.5245112497857819
126_r2,ja,0.9486832980331933,0.05131670196680671,3,10,1.0,0.8999999761581421,1.0
126_r2,zh,0.5477225574951662,0.4522774425048338,3,10,1.0,0.30000001192092896,1.0
126_r3,en,0.8944271909838276,0.10557280901617239,3,10,1.0,0.8999999761581421,0.8000000000008656
126_r3,fr,6.578740317673447e-07,0.9999993421259682,3,10,1.0,0.10000000149011612,0.5245112497857819
126_r3,ja,0.7745966692276207,0.22540333077237928,3,10,1.0,0.699999988079071,0.8000000000008656
126_r3,zh,0.31622776601106445,0.6837722339889356,3,10,1.0,0.10000000149011612,1.0
126_r4,en,0.8463692061764693,0.15363079382353073,3,10,1.0,0.8999999761581421,0.7245112497849162
126_r4,fr,0.0,1.0,3,10,1.0,0.0,0.8000000000008656
126_r4,ja,0.7071067811736377,0.2928932188263623,3,10,1.0,0.5,1.0
126_r4,zh,0.7745966692273413,0.22540333077265873,3,10,1.0,0.6000000238418579,1.0
126_r5,en,0.8463692061764693,0.15363079382353073,3,10,1.0,0.8999999761581421,0.7245112497849162
126_r5,fr,6.578740317673447e-07,0.9999993421259682,3,10,1.0,0.10000000149011612,0.6000000000017313
126_r5,ja,0.9486832980331933,0.05131670196680671,3,10,1.0,0.8999999761581421,1.0
126_r5,zh,0.4472135954917929,0.5527864045082072,3,10,1.0,0.20000000298023224,1.0
134_r1,en,0.7745966692279002,0.22540333077209984,3,10,1.0,0.800000011920929,0.6000000000017313
134_r1,fr,0.31622776601174873,0.6837722339882513,3,10,0.0,0.20000000298023224,0.32451124978664747
134_r1,ja,0.4651245351332373,0.5348754648667626,3,10,0.0,0.6000000238418579,0.32451124978664747
134_r1,zh,0.5477225574951661,0.4522774425048339,3,10,1.0,0.30000001192092896,0.8000000000008656
134_r2,en,0.5696588889628293,0.43034111103717065,3,10,1.0,0.8999999761581421,0.3245112497866474
134_r2,fr,0.0,1.0,3,10,0.0,0.0,0.6000000000017313
134_r2,ja,0.7071067811739437,0.29289321882605635,3,10,0.0,0.6000000238418579,0.8000000000008656
134_r2,zh,0.4472135954917929,0.5527864045082072,3,10,1.0,0.20000000298023224,1.0
134_r3,en,0.6515452783731007,0.3484547216268993,3,10,1.0,0.8999999761581421,0.5245112497857818
134_r3,fr,9.303743780584471e-07,0.9999990696256219,3,10,0.0,0.20000000298023224,0.12451124978751298
134_r3,ja,0.32889271288895267,0.6711072871110473,3,10,0.0,0.30000001192092896,0.5245112497857819
134_r3,zh,0.4472135954917929,0.5527864045082072,3,10,1.0,0.20000000298023224,1.0
134_r4,en,0.4738261809752433,0.5261738190247567,3,10,1.0,0.699999988079071,0.3245112497866474
134_r4,fr,0.6324555320227591,0.36754446797724094,3,10,0.0,0.6000000238418579,0.5000000000019581
134_r4,ja,0.5477225574951661,0.4522774425048339,3,10,0.0,0.30000001192092896,1.0
134_r4,zh,0.32889271288829475,0.6711072871117052,3,10,1.0,0.20000000298023224,0.7245112497849162
134_r5,en,0.7242314890741974,0.27576851092580257,3,10,1.0,1.0,0.5245112497857818
134_r5,fr,0.32889271288895267,0.6711072871110473,3,10,0.0,0.30000001192092896,0.5245112497857818
134_r5,ja,0.7071067811736377,0.2928932188263623,3,10,0.0,0.5,0.8000000000008656
134_r5,zh,0.31622776601106445,0.6837722339889356,3,10,1.0,0.10000000149011612,1.0
136_r1,en,0.5477225574962886,0.4522774425037114,3,10,1.0,0.6000000238418579,0.3000000000028235
136_r1,fr,0.36514837166453534,0.6348516283354646,3,10,1.0,0.3333333432674408,0.3000000000028235
136_r1,ja,0.31622776601129254,0.6837722339887075,3,10,1.0,0.13333334028720856,0.8000000000008656
136_r1,zh,6.578740317673447e-07,0.9999993421259682,3,10,0.0,0.10000000149011612,0.8000000000008656
136_r2,en,0.32889271289092653,0.6711072871090735,3,10,1.0,0.6000000238418579,0.12451124978751298
136_r2,fr,0.3651483716640367,0.6348516283359633,3,10,1.0,0.23333333432674408,0.6000000000017313
136_r2,ja,0.36514837166344405,0.634851628336556,3,10,1.0,0.13333334028720856,0.7245112497849162
136_r2,zh,0.4472135954917929,0.5527864045082072,3,10,0.0,0.20000000298023224,1.0
136_r3,en,0.4472135954931678,0.5527864045068323,3,10,1.0,0.5,0.3000000000028235
136_r3,fr,0.05218689680999793,0.9478131031900021,3,10,1.0,0.13333334028720856,0.12451124978751298
136_r3,ja,5.371518976191752e-07,0.9999994628481024,3,10,1.0,0.06666667014360428,0.6000000000017313
136_r3,zh,0.4472135954917929,0.5527864045082072,3,10,0.0,0.20000000298023224,1.0
136_r4,en,0.6324555320231554,0.3675444679768446,3,10,1.0,0.699999988079071,0.40000000000259683
136_r4,fr,0.1969270873427184,0.8030729126572815,3,10,1.0,0.2666666805744171,0.32451124978664747
136_r4,ja,0.18257418583172202,0.817425814168278,3,10,1.0,0.03333333507180214,0.7245112497849162
136_r4,zh,0.32889271288829475,0.6711072871117052,3,10,0.0,0.20000000298023224,0.7245112497849162
136_r5,en,0.31622776601232444,0.6837722339876755,3,10,1.0,0.30000001192092896,0.3000000000028235
136_r5,fr,0.2581988897439903,0.7418011102560097,3,10,1.0,0.2666666805744171,0.3000000000028235
136_r5,ja,0.0,1.0,3,10,1.0,0.0,1.0
136_r5,zh,0.4472135954917929,0.5527864045082072,3,10,0.0,0.20000000298023224,0.8000000000008656
137_r1,en,0.0,1.0,3,10,1.0,0.0,0.10000000000368914
137_r1,fr,0.0,1.0,3,10,0.0,0.0,0.10000000000368914
137_r1,ja,0.5477225574951662,0.4522774425048338,3,10,0.0,0.30000001192092896,1.0
137_r1,zh,0.32050502678518644,0.6794949732148136,3,10,0.0,0.13333334028720856,0.7245112497849162
137_r2,en,0.7745966692279002,0.22540333077209984,3,10,1.0,0.800000011920929,0.6000000000017313
137_r2,fr,0.2581988897424471,0.7418011102575529,3,10,0.0,0.06666667014360428,0.10000000000368914
137_r2,ja,0.0,1.0,3,10,0.0,0.0,0.8000000000008656
137_r2,zh,0.2581988897424471,0.7418011102575529,3,10,0.0,0.06666667014360428,0.8000000000008656
137_r3,en,0.718568600184485,0.281431399815515,3,10,1.0,0.699999988079071,0.5245112497857819
137_r3,fr,0.0,1.0,3,10,0.0,0.0,0.10000000000368914
137_r3,ja,0.5477225574951662,0.4522774425048338,3,10,0.0,0.30000001192092896,1.0
137_r3,zh,0.2581988897424471,0.7418011102575529,3,10,0.0,0.06666667014360428,1.0
137_r4,en,0.5624418487090542,0.4375581512909458,3,10,1.0,0.699999988079071,0.3245112497866474
137_r4,fr,0.0,1.0,3,10,0.0,0.0,0.30000000000282356
137_r4,ja,0.0,1.0,3,10,0.0,0.0,0.7245112497849162
137_r4,zh,0.2581988897424471,0.7418011102575529,3,10,0.0,0.06666667014360428,0.7245112497849162
137_r5,en,0.0,1.0,3,10,1.0,0.0,0.3000000000028235
137_r5,fr,0.2581988897424471,0.7418011102575529,3,10,0.0,0.06666667014360428,0.10000000000368914
137_r5,ja,0.0,1.0,3,10,0.0,0.0,1.0
137_r5,zh,0.2581988897424471,0.7418011102575529,3,10,0.0,0.06666667014360428,1.0
138_r1,en,0.31622776601437735,0.6837722339856227,3,10,1.0,0.6000000238418579,0.10000000000368914
138_r1,fr,0.6324555320228132,0.36754446797718676,3,10,1.0,0.6000000238418579,0.8000000000008656
138_r1,ja,0.718568600184485,0.281431399815515,3,10,1.0,0.699999988079071,0.7245112497849162
138_r1,zh,0.32889271288829475,0.6711072871117052,3,10,1.0,0.20000000298023224,0.7245112497849162
138_r2,en,0.7185686001847857,0.28143139981521426,3,10,1.0,0.800000011920929,0.5245112497857818
138_r2,fr,0.4472135954922769,0.5527864045077231,3,10,1.0,0.30000001192092896,0.32451124978664747
138_r2,ja,0.7745966692276206,0.2254033307723794,3,10,1.0,0.699999988079071,0.8000000000008656
138_r2,zh,0.6324555320224711,0.36754446797752893,3,10,1.0,0.5,0.8000000000008656
138_r3,en,0.5696588889624493,0.4303411110375507,3,10,1.0,0.800000011920929,0.5245112497857819
138_r3,fr,0.6324555320231554,0.3675444679768446,3,10,1.0,0.699999988079071,0.6000000000017313
138_r3,ja,0.4472135954917929,0.5527864045082072,3,10,1.0,0.20000000298023224,1.0
138_r3,zh,9.303743780584471e-07,0.9999990696256219,3,10,1.0,0.20000000298023224,0.40000000000259683
138_r4,en,0.31622776601506164,0.6837722339849384,3,10,1.0,0.699999988079071,0.10000000000368914
138_r4,fr,0.6324555320224711,0.36754446797752893,3,10,1.0,0.5,0.6000000000017313
138_r4,ja,0.7745966692273415,0.2254033307726585,3,10,1.0,0.6000000238418579,1.0
138_r4,zh,0.5477225574951662,0.4522774425048338,3,10,1.0,0.30000001192092896,1.0
138_r5,en,0.7745966692280466,0.2254033307719534,3,10,1.0,0.8999999761581421,0.7000000000010924
138_r5,fr,0.6452447854691848,0.35475521453081515,3,10,1.0,0.699999988079071,0.5245112497857818
138_r5,ja,0.8366600265188001,0.16333997348119988,3,10,1.0,0.699999988079071,1.0
138_r5,zh,0.6324555320221289,0.3675444679778711,3,10,1.0,0.4000000059604645,1.0
139_r1,en,0.5624418487086695,0.43755815129133047,3,10,1.0,0.6000000238418579,0.3245112497866474
139_r1,fr,0.31622776601106445,0.6837722339889356,3,10,1.0,0.10000000149011612,0.3245112497866474
139_r1,ja,0.5477225574951661,0.4522774425048339,3,10,1.0,0.30000001192092896,1.0
139_r1,zh,0.7071067811736377,0.2928932188263623,3,10,1.0,0.5,1.0
139_r2,en,0.8944271909838276,0.10557280901617239,3,10,1.0,0.8999999761581421,0.8000000000008656
139_r2,fr,0.0,1.0,3,10,1.0,0.0,0.5245112497857818
139_r2,ja,0.7071067811736377,0.2928932188263623,3,10,1.0,0.5,1.0
139_r2,zh,0.8366600265188001,0.16333997348119988,3,10,1.0,0.699999988079071,1.0
139_r3,en,0.9999999999817427,1.8257284573053312e-11,3,10,1.0,1.0,1.0
139_r3,fr,9.303743780584473e-07,0.9999990696256219,3,10,1.0,0.20000000298023224,0.30000000000282356
139_r3,ja,0.4472135954917929,0.5527864045082072,3,10,1.0,0.20000000298023224,0.7245112497849162
139_r3,zh,0.7071067811736377,0.2928932188263623,3,10,1.0,0.5,1.0
139_r4,en,0.9486832980331933,0.05131670196680671,3,10,1.0,0.8999999761581421,1.0
139_r4,fr,0.0,1.0,3,10,1.0,0.0,0.10000000000368914
139_r4,ja,0.4472135954917929,0.5527864045082072,3,10,1.0,0.20000000298023224,1.0
139_r4,zh,0.7071067811736377,0.2928932188263623,3,10,1.0,0.5,1.0
139_r5,en,0.5624418487090543,0.43755815129094566,3,10,1.0,0.699999988079071,0.3245112497866474
139_r5,fr,0.0,1.0,3,10,1.0,0.0,1.0
139_r5,ja,0.4472135954917929,0.5527864045082072,3,10,1.0,0.20000000298023224,1.0
139_r5,zh,0.7745966692273415,0.2254033307726585,3,10,1.0,0.6000000238418579,1.0
141_r1,en,0.09039035675948248,0.9096096432405175,3,10,1.0,0.20000000298023224,0.12451124978751298
141_r1,fr,3.7982374933374084e-07,0.9999996201762507,3,10,1.0,0.03333333507180214,0.3245112497866474
141_r1,ja,0.31622776601106445,0.6837722339889356,3,10,0.0,0.10000000149011612,0.40000000000259683
141_r1,zh,0.2581988897430058,0.7418011102569941,3,10,1.0,0.13333334028720856,0.5000000000019581
141_r2,en,0.0,1.0,3,10,1.0,0.0,0.12451124978751298
141_r2,fr,0.0,1.0,3,10,1.0,0.0,0.10000000000368914
141_r2,ja,0.0,1.0,3,10,0.0,0.0,0.40000000000259683
141_r2,zh,0.31622776601106445,0.6837722339889356,3,10,1.0,0.10000000149011612,0.6000000000017313
141_r3,en,6.578740317673447e-07,0.9999993421259682,3,10,1.0,0.10000000149011612,0.40000000000259683
141_r3,fr,6.578740317673447e-07,0.9999993421259682,3,10,1.0,0.10000000149011612,0.12451124978751298
141_r3,ja,0.0,1.0,3,10,0.0,0.0,0.12451124978751298
141_r3,zh,0.18257418583172202,0.817425814168278,3,10,1.0,0.03333333507180214,0.3000000000028235
141_r4,en,0.31622776601243313,0.6837722339875669,3,10,1.0,0.30000001192092896,0.40000000000259683
141_r4,fr,0.0,1.0,3,10,1.0,0.0,0.5000000000019581
141_r4,ja,0.0,1.0,3,10,0.0,0.0,0.30000000000282356
141_r4,zh,0.5773502691790848,0.42264973082091517,3,10,1.0,0.3333333432674408,1.0
141_r5,en,0.316227766012433,0.6837722339875669,3,10,1.0,0.30000001192092896,0.3245112497866474
141_r5,fr,0.0,1.0,3,10,1.0,0.0,0.3000000000028235
141_r5,ja,0.0,1.0,3,10,0.0,0.0,0.5245112497857819
141_r5,zh,0.3651483716638392,0.6348516283361608,3,10,1.0,0.20000000298023224,0.6000000000017313
142_r1,en,6.578740317673447e-07,0.9999993421259682,3,10,1.0,0.10000000149011612,0.12451124978751298
142_r1,fr,0.09039035676187651,0.9096096432381235,3,10,1.0,0.30000001192092896,0.32451124978664747
142_r1,ja,0.8366600265188001,0.16333997348119988,3,10,0.0,0.699999988079071,1.0
142_r1,zh,0.36514837166344405,0.634851628336556,3,10,0.0,0.13333334028720856,1.0
142_r2,en,1.289381040718466e-06,0.9999987106189593,3,10,1.0,0.4000000059604645,0.10000000000368914
142_r2,fr,0.0,1.0,3,10,1.0,0.0,0.5000000000019581
142_r2,ja,0.4472135954917929,0.5527864045082072,3,10,0.0,0.20000000298023224,0.8000000000008656
142_r2,zh,0.2581988897424471,0.7418011102575529,3,10,0.0,0.06666667014360428,1.0
142_r3,en,9.303743780584471e-07,0.9999990696256219,3,10,1.0,0.20000000298023224,0.6000000000017313
142_r3,fr,0.09039035675948248,0.9096096432405175,3,10,1.0,0.20000000298023224,0.12451124978751298
142_r3,ja,0.4651245351327719,0.534875464867228,3,10,0.0,0.5,0.5245112497857818
142_r3,zh,5.371518976191752e-07,0.9999994628481024,3,10,0.0,0.06666667014360428,0.8000000000008656
142_r4,en,0.31622776601106445,0.6837722339889356,3,10,1.0,0.10000000149011612,0.10000000000368914
142_r4,fr,0.0,1.0,3,10,1.0,0.0,0.3000000000028235
142_r4,ja,0.0,1.0,3,10,0.0,0.0,0.8000000000008656
142_r4,zh,0.36514837166344405,0.634851628336556,3,10,0.0,0.13333334028720856,0.8000000000008656
142_r5,en,0.316227766012433,0.6837722339875669,3,10,1.0,0.30000001192092896,0.12451124978751298
142_r5,fr,0.0,1.0,3,10,1.0,0.0,0.5245112497857818
142_r5,ja,0.4562569633302825,0.5437430366697176,3,10,0.0,0.30000001192092896,0.7245112497849162
142_r5,zh,0.41486577474772485,0.5851342252522751,3,10,0.0,0.23333333432674408,0.7245112497849162
146_r1,en,0.7185686001847857,0.28143139981521426,3,10,1.0,0.800000011920929,0.5245112497857818
146_r1,fr,0.18257418583390445,0.8174258141660955,3,10,1.0,0.23333333432674408,0.10000000000368914
146_r1,ja,0.31622776601106445,0.6837722339889356,3,10,0.0,0.10000000149011612,1.0
146_r1,zh,0.31622776601106445,0.6837722339889356,3,10,1.0,0.10000000149011612,1.0
146_r2,en,0.6452447854688494,0.35475521453115055,3,10,1.0,0.6000000238418579,0.5245112497857819
146_r2,fr,1.1524661851992247e-06,0.9999988475338148,3,10,1.0,0.3333333432674408,0.10000000000368914
146_r2,ja,0.32889271288829475,0.6711072871117052,3,10,0.0,0.20000000298023224,0.5245112497857819
146_r2,zh,0.5163977794848942,0.4836022205151058,3,10,1.0,0.2666666805744171,1.0
146_r3,en,0.8944271909838278,0.10557280901617216,3,10,1.0,0.8999999761581421,0.8000000000008656
146_r3,fr,0.5773502691790848,0.42264973082091517,3,10,1.0,0.3333333432674408,1.0
146_r3,ja,0.4651245351327719,0.534875464867228,3,10,0.0,0.5,0.5245112497857818
146_r3,zh,0.6324555320221288,0.3675444679778712,3,10,1.0,0.4000000059604645,1.0
146_r4,en,0.5477225574962885,0.4522774425037115,3,10,1.0,0.6000000238418579,0.3000000000028235
146_r4,fr,0.44721359549243817,0.5527864045075619,3,10,1.0,0.3333333432674408,0.6000000000017313
146_r4,ja,0.32889271288895267,0.6711072871110473,3,10,0.0,0.30000001192092896,0.5245112497857819
146_r4,zh,0.36514837166344405,0.634851628336556,3,10,1.0,0.13333334028720856,1.0
146_r5,en,0.718568600184485,0.281431399815515,3,10,1.0,0.699999988079071,0.5245112497857818
146_r5,fr,0.32472595275546107,0.6752740472445389,3,10,1.0,0.20000000298023224,0.32451124978664747
146_r5,ja,0.0,1.0,3,10,0.0,0.0,0.7245112497849162
146_r5,zh,0.5477225574951661,0.4522774425048339,3,10,1.0,0.30000001192092896,1.0
158_r1,en,0.7185686001847861,0.2814313998152139,3,10,1.0,0.800000011920929,0.5245112497857819
158_r1,fr,6.578740317673447e-07,0.9999993421259682,3,10,0.0,0.10000000149011612,0.12451124978751298
158_r1,ja,0.31622776601174873,0.6837722339882513,3,10,1.0,0.20000000298023224,0.8000000000008656
158_r1,zh,0.4472135954917929,0.5527864045082072,3,10,0.0,0.20000000298023224,1.0
158_r2,en,0.6515452783727682,0.3484547216272318,3,10,1.0,0.800000011920929,0.5245112497857819
158_r2,fr,0.4472135954922769,0.5527864045077231,3,10,0.0,0.30000001192092896,0.8000000000008656
158_r2,ja,0.6324555320221288,0.3675444679778712,3,10,1.0,0.4000000059604645,1.0
158_r2,zh,3.7982374933374084e-07,0.9999996201762507,3,10,0.0,0.03333333507180214,0.8000000000008656
158_r3,en,0.7745966692276207,0.22540333077237928,3,10,1.0,0.699999988079071,0.6000000000017313
158_r3,fr,6.578740317673447e-07,0.9999993421259682,3,10,0.0,0.10000000149011612,0.5245112497857818
158_r3,ja,0.7745966692276207,0.22540333077237928,3,10,1.0,0.699999988079071,0.8000000000008656
158_r3,zh,0.447213595491793,0.5527864045082069,3,10,0.0,0.20000000298023224,1.0
158_r4,en,0.7071067811742496,0.29289321882575037,3,10,1.0,0.699999988079071,0.6000000000017313
158_r4,fr,6.578740317673447e-07,0.9999993421259682,3,10,0.0,0.10000000149011612,0.10000000000368914
158_r4,ja,0.4472135954917929,0.5527864045082072,3,10,1.0,0.20000000298023224,1.0
158_r4,zh,0.5163977794848941,0.48360222051510593,3,10,0.0,0.2666666805744171,1.0
158_r5,en,0.6452447854688494,0.35475521453115055,3,10,1.0,0.6000000238418579,0.5245112497857819
158_r5,fr,6.578740317673447e-07,0.9999993421259682,3,10,0.0,0.10000000149011612,0.5000000000019581
158_r5,ja,0.6324555320221288,0.3675444679778712,3,10,1.0,0.4000000059604645,1.0
158_r5,zh,0.4472135954917929,0.5527864045082072,3,10,0.0,0.20000000298023224,1.0
159_r1,en,0.7745966692279002,0.22540333077209984,3,10,1.0,0.800000011920929,0.6000000000017313
159_r1,fr,0.0,1.0,3,10,1.0,0.0,0.5000000000019581
159_r1,ja,0.7071067811739437,0.29289321882605635,3,10,1.0,0.6000000238418579,0.8000000000008656
159_r1,zh,0.4472135954917929,0.5527864045082072,3,10,1.0,0.20000000298023224,1.0
159_r2,en,0.5624418487090543,0.43755815129094566,3,10,1.0,0.699999988079071,0.3245112497866474
159_r2,fr,6.578740317673447e-07,0.9999993421259682,3,10,1.0,0.10000000149011612,0.12451124978751298
159_r2,ja,0.5477225574955611,0.4522774425044389,3,10,1.0,0.4000000059604645,0.8000000000008656
159_r2,zh,0.31622776601106445,0.6837722339889356,3,10,1.0,0.10000000149011612,0.7245112497849162
159_r3,en,0.3410877206628734,0.6589122793371266,3,10,1.0,0.6000000238418579,0.12451124978751298
159_r3,fr,6.578740317673447e-07,0.9999993421259682,3,10,1.0,0.10000000149011612,0.6000000000017313
159_r3,ja,0.7071067811736377,0.2928932188263623,3,10,1.0,0.5,0.8000000000008656
159_r3,zh,0.4472135954917929,0.5527864045082072,3,10,1.0,0.20000000298023224,1.0
159_r4,en,0.9486832980331933,0.05131670196680671,3,10,1.0,0.8999999761581421,1.0
159_r4,fr,0.09039035675948248,0.9096096432405175,3,10,1.0,0.20000000298023224,0.12451124978751298
159_r4,ja,0.9999999999817427,1.8257284573053312e-11,3,10,1.0,1.0,1.0
159_r4,zh,0.31622776601106445,0.6837722339889356,3,10,1.0,0.10000000149011612,0.8000000000008656
159_r5,en,0.8463692061764693,0.15363079382353073,3,10,1.0,0.8999999761581421,0.7245112497849162
159_r5,fr,0.09039035675708842,0.9096096432429116,3,10,1.0,0.10000000149011612,0.32451124978664747
159_r5,ja,0.8366600265188001,0.16333997348119988,3,10,1.0,0.699999988079071,1.0
159_r5,zh,0.4472135954917929,0.5527864045082072,3,10,1.0,0.20000000298023224,0.7245112497849162
15_r1,en,0.9999999999817427,1.8257284573053312e-11,3,10,1.0,1.0,1.0
15_r1,fr,0.7745966692279002,0.22540333077209984,3,10,1.0,0.800000011920929,0.6000000000017313
15_r1,ja,0.8366600265188001,0.16333997348119988,3,10,1.0,0.699999988079071,1.0
15_r1,zh,0.18257418583172202,0.817425814168278,3,10,1.0,0.03333333507180214,0.8000000000008656
15_r2,en,0.7850737756207621,0.21492622437923792,3,10,1.0,0.800000011920929,0.7245112497849162
15_r2,fr,0.6388821617328978,0.3611178382671022,3,10,1.0,0.6000000238418579,0.5245112497857819
15_r2,ja,0.6324555320221288,0.3675444679778712,3,10,1.0,0.4000000059604645,0.8000000000008656
15_r2,zh,0.0,1.0,3,10,1.0,0.0,0.7245112497849162
15_r3,en,0.8463692061764693,0.15363079382353073,3,10,1.0,0.8999999761581421,0.7245112497849162
15_r3,fr,0.6324555320227588,0.36754446797724116,3,10,1.0,0.6000000238418579,0.5000000000019581
15_r3,ja,0.5477225574955612,0.4522774425044388,3,10,1.0,0.4000000059604645,0.6000000000017313
15_r3,zh,0.31622776601106445,0.6837722339889356,3,10,1.0,0.10000000149011612,1.0
15_r4,en,0.8366600265188001,0.16333997348119988,3,10,1.0,0.699999988079071,0.8000000000008656
15_r4,fr,0.5624418487086695,0.43755815129133047,3,10,1.0,0.6000000238418579,0.5245112497857819
15_r4,ja,0.7745966692276206,0.2254033307723794,3,10,1.0,0.699999988079071,0.8000000000008656
15_r4,zh,0.4472135954917929,0.5527864045082072,3,10,1.0,0.20000000298023224,1.0
15_r5,en,0.8944271909838276,0.10557280901617239,3,10,1.0,0.8999999761581421,0.8000000000008656
15_r5,fr,0.5624418487090543,0.43755815129094566,3,10,1.0,0.699999988079071,0.3245112497866474
15_r5,ja,0.5477225574955611,0.4522774425044389,3,10,1.0,0.4000000059604645,0.6000000000017313
15_r5,zh,6.578740317673447e-07,0.9999993421259682,3,10,1.0,0.10000000149011612,0.6000000000017313
160_r1,en,0.7071067811742496,0.29289321882575037,3,10,1.0,0.699999988079071,0.6000000000017313
160_r1,fr,0.0,1.0,3,10,1.0,0.0,0.12451124978751298
160_r1,ja,0.6324555320221288,0.3675444679778712,3,10,1.0,0.4000000059604645,1.0
160_r1,zh,0.31622776601106445,0.6837722339889356,3,10,1.0,0.10000000149011612,1.0
160_r2,en,0.6452447854691847,0.35475521453081527,3,10,1.0,0.699999988079071,0.5245112497857819
160_r2,fr,0.18257418583172202,0.817425814168278,3,10,1.0,0.03333333507180214,0.3000000000028235
160_r2,ja,0.6388821617325591,0.3611178382674409,3,10,1.0,0.5,0.7245112497849162
160_r2,zh,0.4472135954917929,0.5527864045082072,3,10,1.0,0.20000000298023224,1.0
160_r3,en,0.31622776601369307,0.6837722339863069,3,10,1.0,0.5,0.10000000000368914
160_r3,fr,0.0,1.0,3,10,1.0,0.0,0.3245112497866474
160_r3,ja,0.7071067811736377,0.2928932188263623,3,10,1.0,0.5,1.0
160_r3,zh,0.5477225574951661,0.4522774425048339,3,10,1.0,0.30000001192092896,1.0
160_r4,en,0.32889271289092653,0.6711072871090735,3,10,1.0,0.6000000238418579,0.12451124978751298
160_r4,fr,0.0,1.0,3,10,1.0,0.0,0.3000000000028235
160_r4,ja,0.5477225574951661,0.4522774425048339,3,10,1.0,0.30000001192092896,0.7245112497849162
160_r4,zh,0.4472135954917929,0.5527864045082072,3,10,1.0,0.20000000298023224,1.0
160_r5,en,0.12783126843869552,0.8721687315613045,3,10,1.0,0.5,0.12451124978751298
160_r5,fr,0.0,1.0,3,10,1.0,0.0,0.5245112497857819
160_r5,ja,0.7798528172500019,0.22014718274999812,3,10,1.0,0.699999988079071,0.7245112497849162
160_r5,zh,0.4472135954917929,0.5527864045082072,3,10,1.0,0.20000000298023224,1.0
162_r1,en,0.9999999999817427,1.8257284573053312e-11,3,10,1.0,1.0,1.0
162_r1,fr,0.46512453513292706,0.5348754648670729,3,10,1.0,0.5333333611488342,0.3245112497866474
162_r1,ja,0.7128607273348816,0.2871392726651184,3,10,0.0,0.6000000238418579,0.7245112497849162
162_r1,zh,0.8366600265188001,0.16333997348119988,3,10,1.0,0.699999988079071,1.0
162_r2,en,0.4651245351327719,0.534875464867228,3,10,1.0,0.5,0.3245112497866474
162_r2,fr,0.9999999999817427,1.8257284573053312e-11,3,10,1.0,1.0,1.0
162_r2,ja,0.31622776601106445,0.6837722339889356,3,10,0.0,0.10000000149011612,1.0
162_r2,zh,0.5477225574951662,0.4522774425048338,3,10,1.0,0.30000001192092896,1.0
162_r3,en,0.5477225574962886,0.4522774425037114,3,10,1.0,0.6000000238418579,0.3000000000028235
162_r3,fr,0.6324555320224711,0.36754446797752893,3,10,1.0,0.5,0.5000000000019581
162_r3,ja,0.31622776601106445,0.6837722339889356,3,10,0.0,0.10000000149011612,1.0
162_r3,zh,0.7071067811736377,0.2928932188263623,3,10,1.0,0.5,1.0
162_r4,en,0.7071067811736377,0.2928932188263623,3,10,1.0,0.5,0.8000000000008656
162_r4,fr,0.7071067811742496,0.29289321882575037,3,10,1.0,0.699999988079071,0.6000000000017313
162_r4,ja,0.7745966692273415,0.2254033307726585,3,10,0.0,0.6000000238418579,1.0
162_r4,zh,0.4562569633307567,0.5437430366692433,3,10,1.0,0.4000000059604645,0.5245112497857819
162_r5,en,0.5477225574959563,0.45227744250404367,3,10,1.0,0.5,0.3000000000028235
162_r5,fr,0.730296743327382,0.26970325667261796,3,10,1.0,0.699999988079071,0.6000000000017313
162_r5,ja,0.5477225574951661,0.4522774425048339,3,10,0.0,0.30000001192092896,1.0
162_r5,zh,0.894427190983586,0.10557280901641397,3,10,1.0,0.800000011920929,1.0
163_r1,en,0.7071067811742012,0.2928932188257988,3,10,1.0,0.699999988079071,0.5000000000019581
163_r1,fr,3.7982374933374084e-07,0.9999996201762507,3,10,1.0,0.03333333507180214,0.6000000000017313
163_r1,ja,0.5477225574951662,0.4522774425048338,3,10,1.0,0.30000001192092896,1.0
163_r1,zh,0.7071067811736377,0.2928932188263623,3,10,1.0,0.5,0.8000000000008656
163_r2,en,0.7128607273351852,0.28713927266481476,3,10,1.0,0.699999988079071,0.5245112497857818
163_r2,fr,3.7982374933374084e-07,0.9999996201762507,3,10,1.0,0.03333333507180214,0.12451124978751298
163_r2,ja,0.894427190983586,0.10557280901641397,3,10,1.0,0.800000011920929,1.0
163_r2,zh,0.0,1.0,3,10,1.0,0.0,1.0
163_r3,en,0.8944271909838278,0.10557280901617216,3,10,1.0,0.8999999761581421,0.8000000000008656
163_r3,fr,0.0,1.0,3,10,1.0,0.0,0.12451124978751298
163_r3,ja,0.7745966692273415,0.2254033307726585,3,10,1.0,0.6000000238418579,1.0
163_r3,zh,0.31622776601106445,0.6837722339889356,3,10,1.0,0.10000000149011612,0.8000000000008656
163_r4,en,0.9999999999817427,1.8257284573053312e-11,3,10,1.0,1.0,1.0
163_r4,fr,5.371518976191752e-07,0.9999994628481024,3,10,1.0,0.06666667014360428,0.30000000000282356
163_r4,ja,0.0,1.0,3,10,1.0,0.0,1.0
163_r4,zh,0.0,1.0,3,10,1.0,0.0,1.0
163_r5,en,0.7745966692279002,0.22540333077209984,3,10,1.0,0.800000011920929,0.6000000000017313
163_r5,fr,3.4838137299171195e-07,0.999999651618627,3,10,1.0,0.03333333507180214,0.5000000000019581
163_r5,ja,0.7071067811736377,0.2928932188263623,3,10,1.0,0.5,1.0
163_r5,zh,0.6324555320221288,0.3675444679778712,3,10,1.0,0.4000000059604645,1.0
166_r1,en,0.894427190983586,0.10557280901641397,3,10,0.0,0.800000011920929,1.0
166_r1,fr,0.0,1.0,3,10,0.0,0.0,0.12451124978751298
166_r1,ja,0.7745966692273415,0.2254033307726585,3,10,0.0,0.6000000238418579,1.0
166_r1,zh,0.18257418583172202,0.817425814168278,3,10,0.0,0.03333333507180214,1.0
166_r2,en,0.718568600184485,0.281431399815515,3,10,0.0,0.699999988079071,0.5245112497857818
166_r2,fr,0.0,1.0,3,10,0.0,0.0,0.3000000000028235
166_r2,ja,0.7071067811739437,0.29289321882605635,3,10,0.0,0.6000000238418579,0.8000000000008656
166_r2,zh,0.4082482904564095,0.5917517095435905,3,10,0.0,0.1666666716337204,1.0
166_r3,en,9.303743780584473e-07,0.9999990696256219,3,10,0.0,0.20000000298023224,0.10000000000368914
166_r3,fr,0.4651245351327721,0.5348754648672279,3,10,0.0,0.5,0.3245112497866474
166_r3,ja,0.6324555320224711,0.36754446797752893,3,10,0.0,0.5,0.8000000000008656
166_r3,zh,0.5163977794848942,0.4836022205151058,3,10,0.0,0.2666666805744171,1.0
166_r4,en,0.6324555320227588,0.36754446797724116,3,10,0.0,0.6000000238418579,0.5000000000019581
166_r4,fr,0.5477225574951661,0.4522774425048339,3,10,0.0,0.30000001192092896,0.5245112497857818
166_r4,ja,0.8366600265188001,0.16333997348119988,3,10,0.0,0.699999988079071,1.0
166_r4,zh,0.3162277660110644,0.6837722339889356,3,10,0.0,0.10000000149011612,0.8000000000008656
166_r5,en,0.5477225574959562,0.4522774425040438,3,10,0.0,0.5,0.32451124978664747
166_r5,fr,0.09039035676427058,0.9096096432357295,3,10,0.0,0.4000000059604645,0.12451124978751298
166_r5,ja,0.7745966692273415,0.2254033307726585,3,10,0.0,0.6000000238418579,1.0
166_r5,zh,0.4830458915308288,0.5169541084691712,3,10,0.0,0.23333333432674408,0.8000000000008656
168_r1,en,0.4562569633307568,0.5437430366692432,3,10,0.0,0.4000000059604645,0.3245112497866474
168_r1,fr,0.4472135954925994,0.5527864045074006,3,10,0.0,0.36666667461395264,0.40000000000259683
168_r1,ja,0.31622776601106445,0.6837722339889356,3,10,0.0,0.10000000149011612,1.0
168_r1,zh,0.4472135954917929,0.5527864045082072,3,10,0.0,0.20000000298023224,1.0
168_r2,en,9.303743780584473e-07,0.9999990696256219,3,10,0.0,0.20000000298023224,0.10000000000368914
168_r2,fr,0.09039035675868445,0.9096096432413155,3,10,0.0,0.1666666716337204,0.12451124978751298
168_r2,ja,0.6324555320221288,0.3675444679778712,3,10,0.0,0.4000000059604645,1.0
168_r2,zh,0.31622776601106445,0.6837722339889356,3,10,0.0,0.10000000149011612,1.0
168_r3,en,0.44721359549268397,0.5527864045073161,3,10,0.0,0.4000000059604645,0.30000000000282356
168_r3,fr,5.371518976191752e-07,0.9999994628481024,3,10,0.0,0.06666667014360428,0.8000000000008656
168_r3,ja,0.4472135954917929,0.5527864045082072,3,10,0.0,0.20000000298023224,0.6000000000017313
168_r3,zh,0.0,1.0,3,10,0.0,0.0,1.0
168_r4,en,0.4472135954922769,0.5527864045077231,3,10,0.0,0.30000001192092896,0.6000000000017313
168_r4,fr,0.28334436231465676,0.7166556376853432,3,10,0.0,0.2666666805744171,0.3245112497866474
168_r4,ja,0.31622776601106445,0.6837722339889356,3,10,0.0,0.10000000149011612,1.0
168_r4,zh,0.31622776601106445,0.6837722339889356,3,10,0.0,0.10000000149011612,0.8000000000008656
168_r5,en,0.4472135954917929,0.5527864045082072,3,10,0.0,0.20000000298023224,0.7245112497849162
168_r5,fr,0.1825741858323868,0.8174258141676132,3,10,0.0,0.10000000149011612,0.30000000000282356
168_r5,ja,0.4472135954917929,0.5527864045082072,3,10,0.0,0.20000000298023224,1.0
168_r5,zh,0.0,1.0,3,10,0.0,0.0,0.7245112497849162
169_r1,en,0.5624418487082847,0.43755815129171527,3,10,1.0,0.5,0.5245112497857819
169_r1,fr,0.5477225574951661,0.4522774425048339,3,10,0.0,0.30000001192092896,0.7000000000010924
169_r1,ja,0.8366600265188001,0.16333997348119988,3,10,1.0,0.699999988079071,1.0
169_r1,zh,0.6055300708084429,0.3944699291915571,3,10,0.0,0.36666667461395264,1.0
169_r2,en,0.7745966692275763,0.2254033307724237,3,10,1.0,0.699999988079071,0.7000000000010924
169_r2,fr,0.0,1.0,3,10,0.0,0.0,0.5245112497857818
169_r2,ja,0.6324555320224711,0.36754446797752893,3,10,1.0,0.5,0.8000000000008656
169_r2,zh,0.4082482904565861,0.5917517095434139,3,10,0.0,0.20000000298023224,0.8000000000008656
169_r3,en,0.7745966692275763,0.2254033307724237,3,10,1.0,0.699999988079071,0.7000000000010924
169_r3,fr,6.578740317673447e-07,0.9999993421259682,3,10,0.0,0.10000000149011612,0.6000000000017313
169_r3,ja,0.5477225574951661,0.4522774425048339,3,10,1.0,0.30000001192092896,1.0
169_r3,zh,0.2581988897424471,0.7418011102575529,3,10,0.0,0.06666667014360428,0.5000000000019581
169_r4,en,0.32889271289026856,0.6711072871097314,3,10,1.0,0.5,0.12451124978751298
169_r4,fr,0.6324555320224711,0.36754446797752893,3,10,0.0,0.5,0.5245112497857819
169_r4,ja,0.6388821617325591,0.3611178382674409,3,10,1.0,0.5,0.7245112497849162
169_r4,zh,0.447213595491793,0.5527864045082069,3,10,0.0,0.20000000298023224,1.0
169_r5,en,0.8366600265190589,0.1633399734809411,3,10,1.0,0.800000011920929,0.8000000000008656
169_r5,fr,0.5624418487090542,0.4375581512909458,3,10,0.0,0.699999988079071,0.3245112497866474
169_r5,ja,0.31622776601232444,0.6837722339876755,3,10,1.0,0.30000001192092896,0.5000000000019581
169_r5,zh,0.4830458915308288,0.5169541084691712,3,10,0.0,0.23333333432674408,1.0
170_r1,en,0.4651245351332374,0.5348754648667626,3,10,1.0,0.6000000238418579,0.3245112497866474
170_r1,fr,9.303743780584473e-07,0.9999990696256219,3,10,1.0,0.20000000298023224,0.10000000000368914
170_r1,ja,0.6324555320221288,0.3675444679778712,3,10,1.0,0.4000000059604645,0.8000000000008656
170_r1,zh,0.31622776601106445,0.6837722339889356,3,10,1.0,0.10000000149011612,1.0
170_r2,en,0.4472135954917929,0.5527864045082072,3,10,1.0,0.20000000298023224,0.3000000000028235
170_r2,fr,0.31622776601106445,0.6837722339889356,3,10,1.0,0.10000000149011612,0.5000000000019581
170_r2,ja,0.6324555320224711,0.36754446797752893,3,10,1.0,0.5,0.8000000000008656
170_r2,zh,0.31622776601174873,0.6837722339882513,3,10,1.0,0.20000000298023224,0.8000000000008656
170_r3,en,0.8463692061764693,0.15363079382353073,3,10,1.0,0.8999999761581421,0.7245112497849162
170_r3,fr,0.0,1.0,3,10,1.0,0.0,0.3000000000028235
170_r3,ja,0.5477225574951661,0.4522774425048339,3,10,1.0,0.30000001192092896,0.7245112497849162
170_r3,zh,0.31622776601106445,0.6837722339889356,3,10,1.0,0.10000000149011612,1.0
170_r4,en,0.6452447854691848,0.35475521453081515,3,10,1.0,0.699999988079071,0.5245112497857819
170_r4,fr,0.0,1.0,3,10,1.0,0.0,0.3000000000028235
170_r4,ja,0.4472135954917929,0.5527864045082072,3,10,1.0,0.20000000298023224,0.5245112497857818
170_r4,zh,0.31622776601106445,0.6837722339889356,3,10,1.0,0.10000000149011612,0.7245112497849162
170_r5,en,0.7745966692281794,0.22540333077182062,3,10,1.0,0.8999999761581421,0.6000000000017313
170_r5,fr,6.578740317673447e-07,0.9999993421259682,3,10,1.0,0.10000000149011612,0.12451124978751298
170_r5,ja,0.4472135954917929,0.5527864045082072,3,10,1.0,0.20000000298023224,1.0
170_r5,zh,0.4472135954917929,0.5527864045082072,3,10,1.0,0.20000000298023224,1.0
171_r1,en,0.5477225574955611,0.4522774425044389,3,10,1.0,0.4000000059604645,0.3000000000028235
171_r1,fr,0.2581988897451078,0.7418011102548923,3,10,1.0,0.4000000059604645,0.30000000000282356
171_r1,ja,0.6324555320224168,0.3675444679775832,3,10,1.0,0.5,0.7000000000010924
171_r1,zh,0.5624418487087975,0.43755815129120246,3,10,1.0,0.6333333253860474,0.5245112497857818
171_r2,en,0.8944271909838276,0.10557280901617239,3,10,1.0,0.8999999761581421,0.8000000000008656
171_r2,fr,0.49419350675433227,0.5058064932456677,3,10,1.0,0.46666666865348816,0.5245112497857818
171_r2,ja,0.7745966692273415,0.2254033307726585,3,10,1.0,0.6000000238418579,1.0
171_r2,zh,6.578740317673447e-07,0.9999993421259682,3,10,1.0,0.10000000149011612,0.32451124978664747
171_r3,en,0.7745966692281795,0.2254033307718205,3,10,1.0,0.8999999761581421,0.6000000000017313
171_r3,fr,0.1825741858342995,0.8174258141657005,3,10,1.0,0.2666666805744171,0.10000000000368914
171_r3,ja,0.6324555320221289,0.3675444679778711,3,10,1.0,0.4000000059604645,1.0
171_r3,zh,6.578740317673447e-07,0.9999993421259682,3,10,1.0,0.10000000149011612,0.3245112497866474
171_r4,en,0.5477225574958936,0.4522774425041064,3,10,1.0,0.5,0.3000000000028235
171_r4,fr,0.10437379361654033,0.8956262063834597,3,10,1.0,0.36666667461395264,0.12451124978751298
171_r4,ja,0.5477225574959562,0.4522774425040438,3,10,1.0,0.5,0.8000000000008656
171_r4,zh,0.2581988897430058,0.7418011102569941,3,10,1.0,0.13333334028720856,0.3000000000028235
171_r5,en,0.5477225574962885,0.4522774425037115,3,10,1.0,0.6000000238418579,0.3000000000028235
171_r5,fr,0.3330073404450068,0.6669926595549932,3,10,1.0,0.46666666865348816,0.12451124978751298
171_r5,ja,0.09039035675708842,0.9096096432429116,3,10,1.0,0.10000000149011612,0.7245112497849162
171_r5,zh,0.31622776601174873,0.6837722339882513,3,10,1.0,0.20000000298023224,0.5245112497857818
177_r1,en,0.12783126843869552,0.8721687315613045,3,10,1.0,0.5,0.12451124978751298
177_r1,fr,6.578740317673447e-07,0.9999993421259682,3,10,1.0,0.10000000149011612,0.10000000000368914
177_r1,ja,0.31622776601106445,0.6837722339889356,3,10,0.0,0.10000000149011612,1.0
177_r1,zh,0.0,1.0,3,10,1.0,0.0,0.7245112497849162
177_r2,en,0.718568600185087,0.28143139981491305,3,10,1.0,0.8999999761581421,0.5245112497857819
177_r2,fr,9.303743780584473e-07,0.9999990696256219,3,10,1.0,0.20000000298023224,0.10000000000368914
177_r2,ja,0.6324555320221288,0.3675444679778712,3,10,0.0,0.4000000059604645,1.0
177_r2,zh,0.31622776601106445,0.6837722339889356,3,10,1.0,0.10000000149011612,0.8000000000008656
177_r3,en,0.465124535132772,0.534875464867228,3,10,1.0,0.5,0.32451124978664747
177_r3,fr,6.578740317673447e-07,0.9999993421259682,3,10,1.0,0.10000000149011612,0.10000000000368914
177_r3,ja,0.894427190983586,0.10557280901641397,3,10,0.0,0.800000011920929,1.0
177_r3,zh,0.4082482904564095,0.5917517095435905,3,10,1.0,0.1666666716337204,1.0
177_r4,en,0.6452447854691848,0.35475521453081515,3,10,1.0,0.699999988079071,0.5245112497857818
177_r4,fr,0.3162277660117488,0.6837722339882513,3,10,1.0,0.20000000298023224,0.3000000000028235
177_r4,ja,0.7071067811736377,0.2928932188263623,3,10,0.0,0.5,1.0
177_r4,zh,0.18257418583172202,0.817425814168278,3,10,1.0,0.03333333507180214,1.0
177_r5,en,0.316227766013693,0.683772233986307,3,10,1.0,0.5,0.10000000000368914
177_r5,fr,6.578740317673447e-07,0.9999993421259682,3,10,1.0,0.10000000149011612,0.12451124978751298
177_r5,ja,0.32889271288829475,0.6711072871117052,3,10,0.0,0.20000000298023224,0.7245112497849162
177_r5,zh,0.0,1.0,3,10,1.0,0.0,1.0
178_r1,en,0.0,1.0,3,10,1.0,0.0,0.12451124978751298
178_r1,fr,0.0,1.0,3,10,0.0,0.0,0.3000000000028235
178_r1,ja,0.0,1.0,3,10,0.0,0.0,0.3245112497866474
178_r1,zh,6.578740317673447e-07,0.9999993421259682,3,10,0.0,0.10000000149011612,0.40000000000259683
178_r2,en,0.0,1.0,3,10,1.0,0.0,0.10000000000368914
178_r2,fr,0.0,1.0,3,10,0.0,0.0,0.40000000000259683
178_r2,ja,0.0,1.0,3,10,0.0,0.0,0.8000000000008656
178_r2,zh,6.578740317673447e-07,0.9999993421259682,3,10,0.0,0.10000000149011612,0.12451124978751298
178_r3,en,0.0,1.0,3,10,1.0,0.0,0.10000000000368914
178_r3,fr,0.0,1.0,3,10,0.0,0.0,0.12451124978751298
178_r3,ja,0.0,1.0,3,10,0.0,0.0,0.5245112497857819
178_r3,zh,0.0,1.0,3,10,0.0,0.0,0.10000000000368914
178_r4,en,0.31622776601174873,0.6837722339882513,3,10,1.0,0.20000000298023224,0.10000000000368914
178_r4,fr,8.493117229790851e-07,0.999999150688277,3,10,0.0,0.1666666716337204,0.30000000000282356
178_r4,ja,6.578740317673447e-07,0.9999993421259682,3,10,0.0,0.10000000149011612,0.8000000000008656
178_r4,zh,0.0,1.0,3,10,0.0,0.0,0.5245112497857818
178_r5,en,0.0,1.0,3,10,1.0,0.0,0.10000000000368914
178_r5,fr,0.0,1.0,3,10,0.0,0.0,0.30000000000282356
178_r5,ja,0.0,1.0,3,10,0.0,0.0,0.6000000000017313
178_r5,zh,6.578740317673447e-07,0.9999993421259682,3,10,0.0,0.10000000149011612,0.30000000000282356
17_r1,en,0.7745966692275763,0.2254033307724237,3,10,1.0,0.699999988079071,0.7000000000010924
17_r1,fr,0.0,1.0,3,10,0.0,0.0,0.10000000000368914
17_r1,ja,0.5477225574951661,0.4522774425048339,3,10,0.0,0.30000001192092896,1.0
17_r1,zh,0.31622776601106445,0.6837722339889356,3,10,1.0,0.10000000149011612,1.0
17_r2,en,0.09039035675948248,0.9096096432405175,3,10,1.0,0.20000000298023224,0.3245112497866474
17_r2,fr,0.31622776601174873,0.6837722339882513,3,10,0.0,0.20000000298023224,0.6000000000017313
17_r2,ja,0.4651245351323068,0.5348754648676932,3,10,0.0,0.4000000059604645,0.7245112497849162
17_r2,zh,0.5163977794848942,0.4836022205151058,3,10,1.0,0.2666666805744171,1.0
17_r3,en,0.8944271909838276,0.10557280901617239,3,10,1.0,0.8999999761581421,0.8000000000008656
17_r3,fr,0.0,1.0,3,10,0.0,0.0,0.30000000000282356
17_r3,ja,0.4472135954917929,0.5527864045082072,3,10,0.0,0.20000000298023224,0.6000000000017313
17_r3,zh,0.5773502691790847,0.4226497308209153,3,10,1.0,0.3333333432674408,1.0
17_r4,en,0.718568600184485,0.281431399815515,3,10,1.0,0.699999988079071,0.5245112497857818
17_r4,fr,8.92696468468758e-07,0.9999991073035315,3,10,0.0,0.20000000298023224,0.10000000000368914
17_r4,ja,0.6324555320221288,0.3675444679778712,3,10,0.0,0.4000000059604645,1.0
17_r4,zh,0.4562569633302825,0.5437430366697176,3,10,1.0,0.30000001192092896,0.7245112497849162
17_r5,en,0.44721359549268397,0.5527864045073161,3,10,1.0,0.4000000059604645,0.3000000000028235
17_r5,fr,8.92696468468758e-07,0.9999991073035315,3,10,0.0,0.20000000298023224,0.10000000000368914
17_r5,ja,0.5477225574951661,0.4522774425048339,3,10,0.0,0.30000001192092896,1.0
17_r5,zh,0.31622776601106445,0.6837722339889356,3,10,1.0,0.10000000149011612,1.0
182_r1,en,6.578740317673447e-07,0.9999993421259682,3,10,1.0,0.10000000149011612,0.5245112497857818
182_r1,fr,0.0,1.0,3,10,1.0,0.0,0.8000000000008656
182_r1,ja,0.18988629632056322,0.8101137036794368,3,10,0.0,0.06666667014360428,0.3245112497866474
182_r1,zh,0.0,1.0,3,10,1.0,0.0,1.0
182_r2,en,0.316227766013465,0.6837722339865351,3,10,1.0,0.46666666865348816,0.10000000000368914
182_r2,fr,5.371518976191752e-07,0.9999994628481024,3,10,1.0,0.06666667014360428,0.5000000000019581
182_r2,ja,0.0,1.0,3,10,0.0,0.0,0.5245112497857818
182_r2,zh,0.26853977556533687,0.7314602244346631,3,10,1.0,0.13333334028720856,0.5245112497857818
182_r3,en,0.5477225574972377,0.45227744250276225,3,10,1.0,0.8666666746139526,0.3000000000028235
182_r3,fr,0.0,1.0,3,10,1.0,0.0,0.10000000000368914
182_r3,ja,0.6324555320221288,0.3675444679778712,3,10,0.0,0.4000000059604645,1.0
182_r3,zh,0.2581988897424471,0.7418011102575529,3,10,1.0,0.06666667014360428,0.7245112497849162
182_r4,en,0.48304589153235283,0.5169541084676472,3,10,1.0,0.6000000238418579,0.3000000000028235
182_r4,fr,5.371518976191752e-07,0.9999994628481024,3,10,1.0,0.06666667014360428,0.12451124978751298
182_r4,ja,0.5163977794851735,0.4836022205148265,3,10,0.0,0.3333333432674408,0.5245112497857819
182_r4,zh,0.4472135954917929,0.5527864045082072,3,10,1.0,0.20000000298023224,1.0
182_r5,en,0.7885352100977405,0.21146478990225948,3,10,1.0,0.8666666746139526,0.7245112497849162
182_r5,fr,9.05429999683544e-07,0.9999990945700004,3,10,1.0,0.20000000298023224,0.10000000000368914
182_r5,ja,0.4532625556883627,0.5467374443116373,3,10,0.0,0.2666666805744171,0.7245112497849162
182_r5,zh,0.2581988897424471,0.7418011102575529,3,10,1.0,0.06666667014360428,1.0
183_r1,en,0.5477225574958936,0.4522774425041064,3,10,1.0,0.5,0.3000000000028235
183_r1,fr,0.3162277660117488,0.6837722339882513,3,10,0.0,0.20000000298023224,0.3000000000028235
183_r1,ja,0.5163977794853132,0.4836022205146868,3,10,1.0,0.36666667461395264,0.8000000000008656
183_r1,zh,0.31622776601106445,0.6837722339889356,3,10,0.0,0.10000000149011612,1.0
183_r2,en,0.4651245351332374,0.5348754648667626,3,10,1.0,0.6000000238418579,0.3245112497866474
183_r2,fr,0.5477225574959562,0.4522774425040438,3,10,0.0,0.5,0.40000000000259683
183_r2,ja,0.4472135954922769,0.5527864045077231,3,10,1.0,0.30000001192092896,0.8000000000008656
183_r2,zh,0.31622776601106445,0.6837722339889356,3,10,0.0,0.10000000149011612,1.0
183_r3,en,0.44721359549276085,0.5527864045072391,3,10,1.0,0.4000000059604645,0.3000000000028235
183_r3,fr,0.3410877206622389,0.6589122793377611,3,10,0.0,0.5,0.12451124978751298
183_r3,ja,0.6055300708084428,0.3944699291915572,3,10,1.0,0.36666667461395264,1.0
183_r3,zh,0.4472135954917929,0.5527864045082072,3,10,0.0,0.20000000298023224,1.0
183_r4,en,0.7745966692273415,0.2254033307726585,3,10,1.0,0.6000000238418579,0.8000000000008656
183_r4,fr,0.31622776601300884,0.6837722339869912,3,10,0.0,0.4000000059604645,0.3000000000028235
183_r4,ja,0.6324555320221288,0.3675444679778712,3,10,1.0,0.4000000059604645,1.0
183_r4,zh,0.31622776601106445,0.6837722339889356,3,10,0.0,0.10000000149011612,0.7245112497849162
183_r5,en,0.7745966692279002,0.22540333077209984,3,10,1.0,0.800000011920929,0.6000000000017313
183_r5,fr,0.4562569633307567,0.5437430366692433,3,10,0.0,0.4000000059604645,0.32451124978664747
183_r5,ja,0.7128607273348816,0.2871392726651184,3,10,1.0,0.6000000238418579,0.7245112497849162
183_r5,zh,0.6324555320221288,0.3675444679778712,3,10,0.0,0.4000000059604645,1.0
185_r1,en,0.0,1.0,3,10,1.0,0.0,0.12451124978751298
185_r1,fr,3.4838137299171195e-07,0.999999651618627,3,10,0.0,0.03333333507180214,0.10000000000368914
185_r1,ja,6.578740317673447e-07,0.9999993421259682,3,10,0.0,0.10000000149011612,0.8000000000008656
185_r1,zh,0.0,1.0,3,10,0.0,0.0,1.0
185_r2,en,0.0,1.0,3,10,1.0,0.0,0.5245112497857819
185_r2,fr,0.052186896805851306,0.9478131031941487,3,10,0.0,0.03333333507180214,0.12451124978751298
185_r2,ja,0.09039035675708842,0.9096096432429116,3,10,0.0,0.10000000149011612,0.7245112497849162
185_r2,zh,0.0,1.0,3,10,0.0,0.0,0.5245112497857819
185_r3,en,3.7982374933374084e-07,0.9999996201762507,3,10,1.0,0.03333333507180214,0.10000000000368914
185_r3,fr,5.371518976191752e-07,0.9999994628481024,3,10,0.0,0.06666667014360428,0.32451124978664747
185_r3,ja,0.0,1.0,3,10,0.0,0.0,0.8000000000008656
185_r3,zh,0.32889271288829475,0.6711072871117052,3,10,0.0,0.20000000298023224,0.3245112497866474
185_r4,en,4.926856625630388e-07,0.9999995073143374,3,10,1.0,0.06666667014360428,0.10000000000368914
185_r4,fr,0.2581988897430058,0.7418011102569941,3,10,0.0,0.13333334028720856,0.3245112497866474
185_r4,ja,0.0,1.0,3,10,0.0,0.0,0.5245112497857818
185_r4,zh,0.0,1.0,3,10,0.0,0.0,0.8000000000008656
185_r5,en,0.2581988897424471,0.7418011102575529,3,10,1.0,0.06666667014360428,0.10000000000368914
185_r5,fr,0.2581988897430058,0.7418011102569941,3,10,0.0,0.13333334028720856,0.30000000000282356
185_r5,ja,0.31622776601106445,0.6837722339889356,3,10,0.0,0.10000000149011612,1.0
185_r5,zh,0.0,1.0,3,10,0.0,0.0,0.3245112497866474
186_r1,en,0.5551309904735565,0.4448690095264435,3,10,1.0,0.5,0.5245112497857819
186_r1,fr,0.5624418487086695,0.43755815129133047,3,10,1.0,0.6000000238418579,0.5245112497857819
186_r1,ja,0.0,1.0,3,10,0.0,0.0,0.6000000000017313
186_r1,zh,0.4472135954917929,0.5527864045082072,3,10,1.0,0.20000000298023224,1.0
186_r2,en,0.44721359549220013,0.5527864045077999,3,10,1.0,0.30000001192092896,0.5000000000019581
186_r2,fr,8.92696468468758e-07,0.9999991073035315,3,10,1.0,0.20000000298023224,0.3000000000028235
186_r2,ja,0.4082482904564095,0.5917517095435905,3,10,0.0,0.1666666716337204,0.8000000000008656
186_r2,zh,0.36514837166344405,0.634851628336556,3,10,1.0,0.13333334028720856,1.0
186_r3,en,0.31622776601232444,0.6837722339876755,3,10,1.0,0.30000001192092896,0.10000000000368914
186_r3,fr,0.5477225574963515,0.45227744250364854,3,10,1.0,0.6000000238418579,0.40000000000259683
186_r3,ja,0.18257418583172202,0.817425814168278,3,10,0.0,0.03333333507180214,0.8000000000008656
186_r3,zh,0.4830458915308288,0.5169541084691712,3,10,1.0,0.23333333432674408,0.7245112497849162
186_r4,en,0.32889271288895267,0.6711072871110473,3,10,1.0,0.30000001192092896,0.3245112497866474
186_r4,fr,0.31622776601106445,0.6837722339889356,3,10,1.0,0.10000000149011612,0.10000000000368914
186_r4,ja,0.0,1.0,3,10,0.0,0.0,0.5000000000019581
186_r4,zh,0.4082482904564095,0.5917517095435905,3,10,1.0,0.1666666716337204,0.7245112497849162
186_r5,en,0.44721359549276085,0.5527864045072391,3,10,1.0,0.4000000059604645,0.6000000000017313
186_r5,fr,0.5477225574955611,0.4522774425044389,3,10,1.0,0.4000000059604645,0.40000000000259683
186_r5,ja,9.303743780584471e-07,0.9999990696256219,3,10,0.0,0.20000000298023224,0.6000000000017313
186_r5,zh,0.5163977794848942,0.4836022205151058,3,10,1.0,0.2666666805744171,0.7000000000010924
188_r1,en,0.8463692061764693,0.15363079382353073,3,10,1.0,0.8999999761581421,0.7245112497849162
188_r1,fr,6.578740317673447e-07,0.9999993421259682,3,10,0.0,0.10000000149011612,0.3000000000028235
188_r1,ja,0.6324555320221288,0.3675444679778712,3,10,1.0,0.4000000059604645,0.8000000000008656
188_r1,zh,0.4472135954917929,0.5527864045082072,3,10,1.0,0.20000000298023224,1.0
188_r2,en,0.7185686001847857,0.28143139981521426,3,10,1.0,0.800000011920929,0.5245112497857819
188_r2,fr,9.303743780584473e-07,0.9999990696256219,3,10,0.0,0.20000000298023224,0.12451124978751298
188_r2,ja,0.7745966692273415,0.2254033307726585,3,10,1.0,0.6000000238418579,0.8000000000008656
188_r2,zh,0.5477225574951662,0.4522774425048338,3,10,1.0,0.30000001192092896,1.0
188_r3,en,0.8366600265190589,0.1633399734809411,3,10,1.0,0.800000011920929,0.8000000000008656
188_r3,fr,0.31622776601174873,0.6837722339882513,3,10,0.0,0.20000000298023224,0.12451124978751298
188_r3,ja,0.7071067811739437,0.29289321882605635,3,10,1.0,0.6000000238418579,0.8000000000008656
188_r3,zh,0.4472135954917929,0.5527864045082072,3,10,1.0,0.20000000298023224,1.0
188_r4,en,0.8944271909838276,0.10557280901617239,3,10,1.0,0.8999999761581421,0.8000000000008656
188_r4,fr,6.578740317673447e-07,0.9999993421259682,3,10,0.0,0.10000000149011612,0.30000000000282356
188_r4,ja,0.5551309904731668,0.44486900952683317,3,10,1.0,0.4000000059604645,0.7245112497849162
188_r4,zh,0.5477225574951662,0.4522774425048338,3,10,1.0,0.30000001192092896,1.0
188_r5,en,0.4651245351327719,0.534875464867228,3,10,1.0,0.5,0.3245112497866474
188_r5,fr,6.578740317673447e-07,0.9999993421259682,3,10,0.0,0.10000000149011612,0.40000000000259683
188_r5,ja,0.7745966692273415,0.2254033307726585,3,10,1.0,0.6000000238418579,1.0
188_r5,zh,0.31622776601106445,0.6837722339889356,3,10,1.0,0.10000000149011612,0.8000000000008656
198_r1,en,0.8463692061764693,0.15363079382353073,3,10,1.0,0.8999999761581421,0.7245112497849162
198_r1,fr,0.6324555320224711,0.36754446797752893,3,10,1.0,0.5,0.5000000000019581
198_r1,ja,0.7745966692273415,0.2254033307726585,3,10,0.0,0.6000000238418579,1.0
198_r1,zh,0.18257418583172202,0.817425814168278,3,10,0.0,0.03333333507180214,1.0
198_r2,en,0.3410877206628734,0.6589122793371266,3,10,1.0,0.6000000238418579,0.12451124978751298
198_r2,fr,0.8366600265190589,0.1633399734809411,3,10,1.0,0.800000011920929,0.8000000000008656
198_r2,ja,0.44721359549276085,0.5527864045072391,3,10,0.0,0.4000000059604645,0.6000000000017313
198_r2,zh,0.0,1.0,3,10,0.0,0.0,1.0
198_r3,en,6.578740317673447e-07,0.9999993421259682,3,10,1.0,0.10000000149011612,0.12451124978751298
198_r3,fr,0.5477225574954986,0.4522774425045014,3,10,1.0,0.4000000059604645,0.30000000000282356
198_r3,ja,0.6324555320221288,0.3675444679778712,3,10,0.0,0.4000000059604645,0.7245112497849162
198_r3,zh,0.18257418583172202,0.817425814168278,3,10,0.0,0.03333333507180214,0.8000000000008656
198_r4,en,0.5477225574962885,0.4522774425037115,3,10,1.0,0.6000000238418579,0.3000000000028235
198_r4,fr,0.8366600265190589,0.1633399734809411,3,10,1.0,0.800000011920929,0.8000000000008656
198_r4,ja,0.5477225574954986,0.4522774425045014,3,10,0.0,0.4000000059604645,0.7000000000010924
198_r4,zh,0.0,1.0,3,10,0.0,0.0,1.0
198_r5,en,8.92696468468758e-07,0.9999991073035315,3,10,1.0,0.20000000298023224,0.30000000000282356
198_r5,fr,0.5624418487090543,0.43755815129094566,3,10,1.0,0.699999988079071,0.3245112497866474
198_r5,ja,0.7745966692273415,0.2254033307726585,3,10,0.0,0.6000000238418579,1.0
198_r5,zh,0.0,1.0,3,10,0.0,0.0,0.8000000000008656
202_r1,en,0.5624418487082847,0.43755815129171527,3,10,1.0,0.5,0.5245112497857818
202_r1,fr,0.0,1.0,3,10,1.0,0.0,0.5000000000019581
202_r1,ja,0.7071067811736377,0.2928932188263623,3,10,0.0,0.5,1.0
202_r1,zh,0.0,1.0,3,10,1.0,0.0,1.0
202_r2,en,0.5477225574951661,0.4522774425048339,3,10,1.0,0.30000001192092896,0.5245112497857818
202_r2,fr,0.5551309904735566,0.44486900952644337,3,10,1.0,0.5,0.3245112497866474
202_r2,ja,0.0,1.0,3,10,0.0,0.0,0.5245112497857818
202_r2,zh,0.0,1.0,3,10,1.0,0.0,0.7245112497849162
202_r3,en,0.8366600265190182,0.16333997348098184,3,10,1.0,0.800000011920929,0.7000000000010924
202_r3,fr,0.0,1.0,3,10,1.0,0.0,0.12451124978751298
202_r3,ja,0.0,1.0,3,10,0.0,0.0,0.8000000000008656
202_r3,zh,0.0,1.0,3,10,1.0,0.0,1.0
202_r4,en,0.3410877206609701,0.6589122793390298,3,10,1.0,0.30000001192092896,0.3245112497866474
202_r4,fr,0.0,1.0,3,10,1.0,0.0,0.40000000000259683
202_r4,ja,0.6324555320221288,0.3675444679778712,3,10,0.0,0.4000000059604645,1.0
202_r4,zh,0.2581988897424471,0.7418011102575529,3,10,1.0,0.06666667014360428,1.0
202_r5,en,0.4472135954917929,0.5527864045082072,3,10,1.0,0.20000000298023224,0.5000000000019581
202_r5,fr,0.0,1.0,3,10,1.0,0.0,1.0
202_r5,ja,6.578740317673447e-07,0.9999993421259682,3,10,0.0,0.10000000149011612,0.3245112497866474
202_r5,zh,0.0,1.0,3,10,1.0,0.0,1.0
203_r1,en,0.44721359549276085,0.5527864045072391,3,10,1.0,0.4000000059604645,0.3000000000028235
203_r1,fr,5.371518976191752e-07,0.9999994628481024,3,10,0.0,0.06666667014360428,0.10000000000368914
203_r1,ja,0.0,1.0,3,10,1.0,0.0,0.5245112497857819
203_r1,zh,0.40824829045640937,0.5917517095435907,3,10,1.0,0.1666666716337204,1.0
203_r2,en,0.8463692061764693,0.15363079382353073,3,10,1.0,0.8999999761581421,0.7245112497849162
203_r2,fr,6.578740317673447e-07,0.9999993421259682,3,10,0.0,0.10000000149011612,0.12451124978751298
203_r2,ja,0.31622776601106445,0.6837722339889356,3,10,1.0,0.10000000149011612,1.0
203_r2,zh,0.2581988897424471,0.7418011102575529,3,10,1.0,0.06666667014360428,0.8000000000008656
203_r3,en,0.894427190983586,0.10557280901641397,3,10,1.0,0.800000011920929,1.0
203_r3,fr,5.371518976191752e-07,0.9999994628481024,3,10,0.0,0.06666667014360428,0.10000000000368914
203_r3,ja,0.5477225574951661,0.4522774425048339,3,10,1.0,0.30000001192092896,1.0
203_r3,zh,0.4472135954917929,0.5527864045082072,3,10,1.0,0.20000000298023224,1.0
203_r4,en,0.7071067811742496,0.29289321882575037,3,10,1.0,0.699999988079071,0.6000000000017313
203_r4,fr,5.153985463750656e-07,0.9999994846014536,3,10,0.0,0.06666667014360428,0.30000000000282356
203_r4,ja,0.31622776601106445,0.6837722339889356,3,10,1.0,0.10000000149011612,0.8000000000008656
203_r4,zh,0.36514837166344405,0.634851628336556,3,10,1.0,0.13333334028720856,1.0
203_r5,en,0.7745966692279002,0.22540333077209984,3,10,1.0,0.800000011920929,0.6000000000017313
203_r5,fr,0.1825741858325122,0.8174258141674878,3,10,0.0,0.10000000149011612,0.5000000000019581
203_r5,ja,0.0,1.0,3,10,1.0,0.0,0.7245112497849162
203_r5,zh,0.48304589153082866,0.5169541084691713,3,10,1.0,0.23333333432674408,1.0
205_r1,en,0.5624418487090541,0.4375581512909459,3,10,1.0,0.699999988079071,0.32451124978664747
205_r1,fr,0.2685397755664113,0.7314602244335887,3,10,1.0,0.2666666805744171,0.32451124978664747
205_r1,ja,0.8415286189839969,0.1584713810160031,3,10,1.0,0.800000011920929,0.7245112497849162
205_r1,zh,0.6324555320221289,0.3675444679778711,3,10,1.0,0.4000000059604645,1.0
205_r2,en,0.5624418487090542,0.4375581512909458,3,10,1.0,0.699999988079071,0.3245112497866474
205_r2,fr,0.44721359549243817,0.5527864045075619,3,10,1.0,0.3333333432674408,0.6000000000017313
205_r2,ja,0.894427190983586,0.10557280901641397,3,10,1.0,0.800000011920929,1.0
205_r2,zh,0.31622776601106445,0.6837722339889356,3,10,1.0,0.10000000149011612,0.8000000000008656
205_r3,en,0.4651245351332373,0.5348754648667626,3,10,1.0,0.6000000238418579,0.32451124978664747
205_r3,fr,0.4830458915309544,0.5169541084690457,3,10,1.0,0.2666666805744171,0.7000000000010924
205_r3,ja,0.7745966692276207,0.22540333077237928,3,10,1.0,0.699999988079071,0.8000000000008656
205_r3,zh,0.7071067811736377,0.2928932188263623,3,10,1.0,0.5,1.0
205_r4,en,0.8366600265190589,0.1633399734809411,3,10,1.0,0.800000011920929,0.8000000000008656
205_r4,fr,0.5477225574951662,0.4522774425048338,3,10,1.0,0.30000001192092896,1.0
205_r4,ja,0.9486832980331933,0.05131670196680671,3,10,1.0,0.8999999761581421,1.0
205_r4,zh,0.7071067811736377,0.2928932188263623,3,10,1.0,0.5,1.0
205_r5,en,0.9486832980331933,0.05131670196680671,3,10,1.0,0.8999999761581421,1.0
205_r5,fr,0.2581988897429615,0.7418011102570385,3,10,1.0,0.13333334028720856,0.3000000000028235
205_r5,ja,0.894427190983586,0.10557280901641397,3,10,1.0,0.800000011920929,1.0
205_r5,zh,0.4472135954917929,0.5527864045082072,3,10,1.0,0.20000000298023224,1.0
208_r1,en,0.5624418487090543,0.43755815129094566,3,10,1.0,0.699999988079071,0.3245112497866474
208_r1,fr,0.0,1.0,3,10,1.0,0.0,0.5245112497857818
208_r1,ja,0.4562569633307567,0.5437430366692433,3,10,1.0,0.4000000059604645,0.5245112497857819
208_r1,zh,0.5477225574951662,0.4522774425048338,3,10,1.0,0.30000001192092896,1.0
208_r2,en,0.4651245351332373,0.5348754648667626,3,10,1.0,0.6000000238418579,0.32451124978664747
208_r2,fr,6.03414238432249e-07,0.9999993965857615,3,10,1.0,0.10000000149011612,0.3000000000028235
208_r2,ja,0.7745966692273415,0.2254033307726585,3,10,1.0,0.6000000238418579,1.0
208_r2,zh,0.4472135954917929,0.5527864045082072,3,10,1.0,0.20000000298023224,1.0
208_r3,en,0.5696588889620697,0.43034111103793027,3,10,1.0,0.699999988079071,0.3245112497866474
208_r3,fr,0.0,1.0,3,10,1.0,0.0,0.6000000000017313
208_r3,ja,0.894427190983586,0.10557280901641397,3,10,1.0,0.800000011920929,1.0
208_r3,zh,0.31622776601106445,0.6837722339889356,3,10,1.0,0.10000000149011612,1.0
208_r4,en,0.5477225574959562,0.4522774425040438,3,10,1.0,0.5,0.6000000000017313
208_r4,fr,6.578740317673447e-07,0.9999993421259682,3,10,1.0,0.10000000149011612,0.12451124978751298
208_r4,ja,0.7745966692273415,0.2254033307726585,3,10,1.0,0.6000000238418579,1.0
208_r4,zh,0.31622776601106445,0.6837722339889356,3,10,1.0,0.10000000149011612,0.7245112497849162
208_r5,en,0.4651245351332374,0.5348754648667626,3,10,1.0,0.6000000238418579,0.3245112497866474
208_r5,fr,0.0,1.0,3,10,1.0,0.0,0.5000000000019581
208_r5,ja,0.7745966692273415,0.2254033307726585,3,10,1.0,0.6000000238418579,1.0
208_r5,zh,0.32472595275523897,0.675274047244761,3,10,1.0,0.1666666716337204,0.5245112497857819
209_r1,en,0.0,1.0,3,10,1.0,0.0,0.30000000000282356
209_r1,fr,7.596474986674817e-07,0.9999992403525013,3,10,1.0,0.13333334028720856,0.12451124978751298
209_r1,ja,0.18257418583172202,0.817425814168278,3,10,1.0,0.03333333507180214,1.0
209_r1,zh,0.5163977794848942,0.4836022205151058,3,10,1.0,0.2666666805744171,1.0
209_r2,en,0.0,1.0,3,10,1.0,0.0,0.10000000000368914
209_r2,fr,0.2581988897434759,0.7418011102565241,3,10,1.0,0.20000000298023224,0.10000000000368914
209_r2,ja,0.31622776601106445,0.6837722339889356,3,10,1.0,0.10000000149011612,1.0
209_r2,zh,0.0,1.0,3,10,1.0,0.0,1.0
209_r3,en,3.7982374933374084e-07,0.9999996201762507,3,10,1.0,0.03333333507180214,0.10000000000368914
209_r3,fr,7.596474986674817e-07,0.9999992403525013,3,10,1.0,0.13333334028720856,0.10000000000368914
209_r3,ja,0.0,1.0,3,10,1.0,0.0,1.0
209_r3,zh,0.0,1.0,3,10,1.0,0.0,0.8000000000008656
209_r4,en,6.03414238432249e-07,0.9999993965857615,3,10,1.0,0.10000000149011612,0.3000000000028235
209_r4,fr,0.3651483716639739,0.6348516283360262,3,10,1.0,0.23333333432674408,0.3000000000028235
209_r4,ja,0.36514837166344405,0.634851628336556,3,10,1.0,0.13333334028720856,1.0
209_r4,zh,0.5477225574951661,0.4522774425048339,3,10,1.0,0.30000001192092896,1.0
209_r5,en,0.0,1.0,3,10,1.0,0.0,0.10000000000368914
209_r5,fr,5.371518976191752e-07,0.9999994628481024,3,10,1.0,0.06666667014360428,0.10000000000368914
209_r5,ja,0.0,1.0,3,10,1.0,0.0,1.0
209_r5,zh,0.0,1.0,3,10,1.0,0.0,1.0
20_r1,en,0.8944271909838276,0.10557280901617239,3,10,1.0,0.8999999761581421,0.8000000000008656
20_r1,fr,0.052186896808615726,0.9478131031913842,3,10,1.0,0.10000000149011612,0.12451124978751298
20_r1,ja,0.5477225574951661,0.4522774425048339,3,10,1.0,0.30000001192092896,1.0
20_r1,zh,0.5163977794848941,0.48360222051510593,3,10,0.0,0.2666666805744171,1.0
20_r2,en,0.31622776601164015,0.6837722339883598,3,10,1.0,0.20000000298023224,0.3000000000028235
20_r2,fr,0.1825741858329073,0.8174258141670927,3,10,1.0,0.13333334028720856,0.3000000000028235
20_r2,ja,0.4472135954917929,0.5527864045082072,3,10,1.0,0.20000000298023224,0.8000000000008656
20_r2,zh,0.18257418583172202,0.817425814168278,3,10,0.0,0.03333333507180214,0.7245112497849162
20_r3,en,0.9999999999817427,1.8257284573053312e-11,3,10,1.0,1.0,1.0
20_r3,fr,7.288836143109966e-07,0.9999992711163856,3,10,1.0,0.13333334028720856,0.10000000000368914
20_r3,ja,0.5477225574955612,0.4522774425044388,3,10,1.0,0.4000000059604645,0.8000000000008656
20_r3,zh,0.2581988897424471,0.7418011102575529,3,10,0.0,0.06666667014360428,1.0
20_r4,en,0.7128607273348816,0.2871392726651184,3,10,1.0,0.6000000238418579,0.5245112497857819
20_r4,fr,0.052186896808615726,0.9478131031913842,3,10,1.0,0.10000000149011612,0.12451124978751298
20_r4,ja,0.31622776601106445,0.6837722339889356,3,10,1.0,0.10000000149011612,1.0
20_r4,zh,0.5163977794848941,0.48360222051510593,3,10,0.0,0.2666666805744171,1.0
20_r5,en,0.0,1.0,3,10,1.0,0.0,0.10000000000368914
20_r5,fr,4.926856625630388e-07,0.9999995073143374,3,10,1.0,0.06666667014360428,0.5000000000019581
20_r5,ja,0.4472135954917929,0.5527864045082072,3,10,1.0,0.20000000298023224,1.0
20_r5,zh,0.2581988897424471,0.7418011102575529,3,10,0.0,0.06666667014360428,1.0
219_r1,en,0.7745966692278115,0.22540333077218855,3,10,1.0,0.800000011920929,0.7000000000010924
219_r1,fr,0.1278312684353098,0.8721687315646902,3,10,1.0,0.30000001192092896,0.12451124978751298
219_r1,ja,0.8366600265188001,0.16333997348119988,3,10,0.0,0.699999988079071,1.0
219_r1,zh,0.31622776601106445,0.6837722339889356,3,10,1.0,0.10000000149011612,1.0
219_r2,en,0.5477225574955612,0.4522774425044388,3,10,1.0,0.4000000059604645,0.3000000000028235
219_r2,fr,0.0,1.0,3,10,1.0,0.0,0.5245112497857819
219_r2,ja,0.8366600265188001,0.16333997348119988,3,10,0.0,0.699999988079071,1.0
219_r2,zh,0.4472135954917929,0.5527864045082072,3,10,1.0,0.20000000298023224,1.0
219_r3,en,0.3528615164368322,0.6471384835631677,3,10,1.0,0.800000011920929,0.12451124978751298
219_r3,fr,0.5624418487090543,0.43755815129094566,3,10,1.0,0.699999988079071,0.3245112497866474
219_r3,ja,0.5477225574951661,0.4522774425048339,3,10,0.0,0.30000001192092896,1.0
219_r3,zh,0.31622776601106445,0.6837722339889356,3,10,1.0,0.10000000149011612,1.0
219_r4,en,0.6324555320233889,0.3675444679766111,3,10,1.0,0.800000011920929,0.5000000000019581
219_r4,fr,0.5624418487090541,0.4375581512909459,3,10,1.0,0.699999988079071,0.32451124978664747
219_r4,ja,0.4562569633307568,0.5437430366692432,3,10,0.0,0.4000000059604645,0.5245112497857819
219_r4,zh,0.31622776601106445,0.6837722339889356,3,10,1.0,0.10000000149011612,0.8000000000008656
219_r5,en,0.7745966692276206,0.2254033307723794,3,10,1.0,0.699999988079071,0.6000000000017313
219_r5,fr,0.3410877206609701,0.6589122793390298,3,10,1.0,0.30000001192092896,0.12451124978751298
219_r5,ja,0.5477225574951661,0.4522774425048339,3,10,0.0,0.30000001192092896,0.8000000000008656
219_r5,zh,0.5477225574951661,0.4522774425048339,3,10,1.0,0.30000001192092896,0.8000000000008656
225_r1,en,0.6452447854691848,0.35475521453081515,3,10,1.0,0.699999988079071,0.5245112497857818
225_r1,fr,0.8944271909838276,0.10557280901617239,3,10,1.0,0.8999999761581421,0.8000000000008656
225_r1,ja,0.0,1.0,3,10,0.0,0.0,1.0
225_r1,zh,0.3651483716646294,0.6348516283353707,3,10,1.0,0.3333333432674408,0.6000000000017313
225_r2,en,0.7128607273351852,0.28713927266481476,3,10,1.0,0.699999988079071,0.5245112497857818
225_r2,fr,0.7071067811739437,0.29289321882605635,3,10,1.0,0.6000000238418579,0.6000000000017313
225_r2,ja,0.4472135954917929,0.5527864045082072,3,10,0.0,0.20000000298023224,0.8000000000008656
225_r2,zh,0.2581988897424471,0.7418011102575529,3,10,1.0,0.06666667014360428,1.0
225_r3,en,0.8366600265190182,0.16333997348098184,3,10,1.0,0.800000011920929,0.7000000000010924
225_r3,fr,0.5624418487086695,0.43755815129133047,3,10,1.0,0.6000000238418579,0.3245112497866474
225_r3,ja,0.32889271288829475,0.6711072871117052,3,10,0.0,0.20000000298023224,0.7245112497849162
225_r3,zh,0.18257418583172202,0.817425814168278,3,10,1.0,0.03333333507180214,1.0
225_r4,en,0.5551309904739464,0.44486900952605357,3,10,1.0,0.6000000238418579,0.3245112497866474
225_r4,fr,0.7071067811739437,0.29289321882605635,3,10,1.0,0.6000000238418579,0.5245112497857819
225_r4,ja,0.6324555320224168,0.3675444679775832,3,10,0.0,0.5,0.7000000000010924
225_r4,zh,0.31622776601106445,0.6837722339889356,3,10,1.0,0.10000000149011612,1.0
225_r5,en,0.4562569633312311,0.5437430366687689,3,10,1.0,0.5,0.32451124978664747
225_r5,fr,0.7128607273348816,0.2871392726651184,3,10,1.0,0.6000000238418579,0.5245112497857818
225_r5,ja,0.4472135954917929,0.5527864045082072,3,10,0.0,0.20000000298023224,1.0
225_r5,zh,0.2581988897424471,0.7418011102575529,3,10,1.0,0.06666667014360428,0.7245112497849162
226_r1,en,0.3410877206628734,0.6589122793371266,3,10,1.0,0.6000000238418579,0.12451124978751298
226_r1,fr,9.303743780584473e-07,0.9999990696256219,3,10,1.0,0.20000000298023224,0.12451124978751298
226_r1,ja,0.0,1.0,3,10,1.0,0.0,0.5245112497857818
226_r1,zh,0.31622776601106445,0.6837722339889356,3,10,1.0,0.10000000149011612,1.0
226_r2,en,9.303743780584473e-07,0.9999990696256219,3,10,1.0,0.20000000298023224,0.10000000000368914
226_r2,fr,0.0,1.0,3,10,1.0,0.0,0.12451124978751298
226_r2,ja,0.31622776601106445,0.6837722339889356,3,10,1.0,0.10000000149011612,0.7245112497849162
226_r2,zh,0.31622776601106445,0.6837722339889356,3,10,1.0,0.10000000149011612,1.0
226_r3,en,0.44721359549316786,0.5527864045068321,3,10,1.0,0.5,0.30000000000282356
226_r3,fr,0.31622776601106445,0.6837722339889356,3,10,1.0,0.10000000149011612,0.3000000000028235
226_r3,ja,0.5477225574951661,0.4522774425048339,3,10,1.0,0.30000001192092896,1.0
226_r3,zh,0.31622776601106445,0.6837722339889356,3,10,1.0,0.10000000149011612,0.7245112497849162
226_r4,en,0.31622776601106445,0.6837722339889356,3,10,1.0,0.10000000149011612,0.3000000000028235
226_r4,fr,0.4472135954917929,0.5527864045082072,3,10,1.0,0.20000000298023224,0.6000000000017313
226_r4,ja,0.0,1.0,3,10,1.0,0.0,1.0
226_r4,zh,0.4472135954917929,0.5527864045082072,3,10,1.0,0.20000000298023224,0.7245112497849162
226_r5,en,0.7071067811742012,0.2928932188257988,3,10,1.0,0.699999988079071,0.5000000000019581
226_r5,fr,0.7071067811736377,0.2928932188263623,3,10,1.0,0.5,1.0
226_r5,ja,0.0,1.0,3,10,1.0,0.0,0.5245112497857818
226_r5,zh,0.0,1.0,3,10,1.0,0.0,1.0
231_r1,en,0.5624418487086694,0.4375581512913306,3,10,1.0,0.6000000238418579,0.5245112497857819
231_r1,fr,0.4562569633302825,0.5437430366697176,3,10,1.0,0.30000001192092896,0.3245112497866474
231_r1,ja,0.5477225574955612,0.4522774425044388,3,10,1.0,0.4000000059604645,0.8000000000008656
231_r1,zh,0.4082482904564095,0.5917517095435905,3,10,0.0,0.1666666716337204,1.0
231_r2,en,0.8944271909838278,0.10557280901617216,3,10,1.0,0.8999999761581421,0.8000000000008656
231_r2,fr,0.7128607273348816,0.2871392726651184,3,10,1.0,0.6000000238418579,0.7245112497849162
231_r2,ja,0.5477225574955611,0.4522774425044389,3,10,1.0,0.4000000059604645,0.8000000000008656
231_r2,zh,0.18257418583172202,0.817425814168278,3,10,0.0,0.03333333507180214,1.0
231_r3,en,0.8366600265190589,0.1633399734809411,3,10,1.0,0.800000011920929,0.8000000000008656
231_r3,fr,0.7128607273348816,0.2871392726651184,3,10,1.0,0.6000000238418579,0.7245112497849162
231_r3,ja,0.6324555320221288,0.3675444679778712,3,10,1.0,0.4000000059604645,1.0
231_r3,zh,0.0,1.0,3,10,0.0,0.0,1.0
231_r4,en,0.7185686001847857,0.28143139981521426,3,10,1.0,0.800000011920929,0.5245112497857818
231_r4,fr,0.6388821617325591,0.3611178382674409,3,10,1.0,0.5,0.7245112497849162
231_r4,ja,0.7071067811736377,0.2928932188263623,3,10,1.0,0.5,1.0
231_r4,zh,0.36514837166344405,0.634851628336556,3,10,0.0,0.13333334028720856,1.0
231_r5,en,0.6452447854691848,0.35475521453081515,3,10,1.0,0.699999988079071,0.5245112497857818
231_r5,fr,0.4562569633302825,0.5437430366697176,3,10,1.0,0.30000001192092896,0.5245112497857819
231_r5,ja,0.7745966692273415,0.2254033307726585,3,10,1.0,0.6000000238418579,1.0
231_r5,zh,0.36514837166344405,0.634851628336556,3,10,0.0,0.13333334028720856,0.7245112497849162
240_r1,en,0.6324555320227588,0.36754446797724116,3,10,0.0,0.6000000238418579,0.5000000000019581
240_r1,fr,0.5477225574958936,0.4522774425041064,3,10,0.0,0.5,0.5000000000019581
240_r1,ja,0.31622776601106445,0.6837722339889356,3,10,0.0,0.10000000149011612,1.0
240_r1,zh,0.31622776601106445,0.6837722339889356,3,10,0.0,0.10000000149011612,0.8000000000008656
240_r2,en,0.7128607273351852,0.28713927266481476,3,10,0.0,0.699999988079071,0.5245112497857819
240_r2,fr,0.8366600265190589,0.1633399734809411,3,10,0.0,0.800000011920929,0.8000000000008656
240_r2,ja,0.4472135954917929,0.5527864045082072,3,10,0.0,0.20000000298023224,1.0
240_r2,zh,0.4472135954917929,0.5527864045082072,3,10,0.0,0.20000000298023224,1.0
240_r3,en,0.9486832980331933,0.05131670196680671,3,10,0.0,0.8999999761581421,1.0
240_r3,fr,0.9486832980331933,0.05131670196680671,3,10,0.0,0.8999999761581421,1.0
240_r3,ja,0.4562569633302825,0.5437430366697176,3,10,0.0,0.30000001192092896,0.5245112497857818
240_r3,zh,0.0,1.0,3,10,0.0,0.0,1.0
240_r4,en,0.7071067811738951,0.29289321882610486,3,10,0.0,0.6000000238418579,0.7000000000010924
240_r4,fr,0.7185686001847857,0.28143139981521426,3,10,0.0,0.800000011920929,0.5245112497857819
240_r4,ja,0.6324555320221288,0.3675444679778712,3,10,0.0,0.4000000059604645,1.0
240_r4,zh,0.31622776601106445,0.6837722339889356,3,10,0.0,0.10000000149011612,0.7245112497849162
240_r5,en,0.8366600265190589,0.1633399734809411,3,10,0.0,0.800000011920929,0.8000000000008656
240_r5,fr,0.7071067811736377,0.2928932188263623,3,10,0.0,0.5,0.6000000000017313
240_r5,ja,0.6324555320221288,0.3675444679778712,3,10,0.0,0.4000000059604645,1.0
240_r5,zh,0.31622776601106445,0.6837722339889356,3,10,0.0,0.10000000149011612,0.7245112497849162
252_r1,en,0.8463692061764693,0.15363079382353073,3,10,1.0,0.8999999761581421,0.7245112497849162
252_r1,fr,0.316227766012433,0.6837722339875669,3,10,0.0,0.30000001192092896,0.12451124978751298
252_r1,ja,0.0,1.0,3,10,0.0,0.0,1.0
252_r1,zh,0.18257418583172202,0.817425814168278,3,10,0.0,0.03333333507180214,1.0
252_r2,en,0.9999999999817427,1.8257284573053312e-11,3,10,1.0,1.0,1.0
252_r2,fr,0.7071067811745072,0.2928932188254928,3,10,0.0,0.800000011920929,0.5000000000019581
252_r2,ja,0.3651483716640367,0.6348516283359633,3,10,0.0,0.23333333432674408,0.6000000000017313
252_r2,zh,0.2581988897424471,0.7418011102575529,3,10,0.0,0.06666667014360428,1.0
252_r3,en,0.9999999999817427,1.8257284573053312e-11,3,10,1.0,1.0,1.0
252_r3,fr,1.1089207485165086e-06,0.9999988910792514,3,10,0.0,0.30000001192092896,0.10000000000368914
252_r3,ja,0.32889271288895267,0.6711072871110473,3,10,0.0,0.30000001192092896,0.5245112497857818
252_r3,zh,0.2581988897424471,0.7418011102575529,3,10,0.0,0.06666667014360428,1.0
252_r4,en,0.7185686001847857,0.28143139981521426,3,10,1.0,0.800000011920929,0.5245112497857819
252_r4,fr,9.303743780584471e-07,0.9999990696256219,3,10,0.0,0.20000000298023224,0.12451124978751298
252_r4,ja,0.0,1.0,3,10,0.0,0.0,0.8000000000008656
252_r4,zh,0.3162277660110645,0.6837722339889355,3,10,0.0,0.10000000149011612,0.7245112497849162
252_r5,en,0.7745966692279002,0.22540333077209984,3,10,1.0,0.800000011920929,0.6000000000017313
252_r5,fr,8.92696468468758e-07,0.9999991073035315,3,10,0.0,0.20000000298023224,0.10000000000368914
252_r5,ja,0.31622776601106445,0.6837722339889356,3,10,0.0,0.10000000149011612,0.6000000000017313
252_r5,zh,0.2581988897424471,0.7418011102575529,3,10,0.0,0.06666667014360428,1.0
253_r1,en,0.0,1.0,3,10,1.0,0.0,0.10000000000368914
253_r1,fr,5.371518976191752e-07,0.9999994628481024,3,10,0.0,0.06666667014360428,0.10000000000368914
253_r1,ja,0.31622776601106445,0.6837722339889356,3,10,1.0,0.10000000149011612,0.8000000000008656
253_r1,zh,0.40824829045640937,0.5917517095435907,3,10,0.0,0.1666666716337204,1.0
253_r2,en,0.0,1.0,3,10,1.0,0.0,0.3000000000028235
253_r2,fr,0.0,1.0,3,10,0.0,0.0,0.12451124978751298
253_r2,ja,0.0,1.0,3,10,1.0,0.0,0.32451124978664747
253_r2,zh,0.36514837166344405,0.634851628336556,3,10,0.0,0.13333334028720856,1.0
253_r3,en,0.0,1.0,3,10,1.0,0.0,0.3000000000028235
253_r3,fr,0.0,1.0,3,10,0.0,0.0,0.32451124978664747
253_r3,ja,0.4472135954917929,0.5527864045082072,3,10,1.0,0.20000000298023224,0.8000000000008656
253_r3,zh,0.0,1.0,3,10,0.0,0.0,1.0
253_r4,en,0.18257418583172202,0.817425814168278,3,10,1.0,0.03333333507180214,0.5000000000019581
253_r4,fr,0.0,1.0,3,10,0.0,0.0,0.3000000000028235
253_r4,ja,0.0,1.0,3,10,1.0,0.0,0.5245112497857819
253_r4,zh,0.0,1.0,3,10,0.0,0.0,1.0
253_r5,en,0.0,1.0,3,10,1.0,0.0,0.6000000000017313
253_r5,fr,0.0,1.0,3,10,0.0,0.0,0.3000000000028235
253_r5,ja,0.31622776601106445,0.6837722339889356,3,10,1.0,0.10000000149011612,0.8000000000008656
253_r5,zh,0.4532625556883627,0.5467374443116373,3,10,0.0,0.2666666805744171,0.7245112497849162
258_r1,en,0.7071067811742496,0.29289321882575037,3,10,1.0,0.699999988079071,0.6000000000017313
258_r1,fr,0.8944271909838278,0.10557280901617216,3,10,1.0,0.8999999761581421,0.8000000000008656
258_r1,ja,0.5477225574951661,0.4522774425048339,3,10,1.0,0.30000001192092896,0.7245112497849162
258_r1,zh,0.31622776601106445,0.6837722339889356,3,10,0.0,0.10000000149011612,0.5245112497857818
258_r2,en,0.9999999999817427,1.8257284573053312e-11,3,10,1.0,1.0,1.0
258_r2,fr,0.8366600265190589,0.1633399734809411,3,10,1.0,0.800000011920929,0.8000000000008656
258_r2,ja,0.31622776601243313,0.6837722339875669,3,10,1.0,0.30000001192092896,0.6000000000017313
258_r2,zh,0.4472135954917929,0.5527864045082072,3,10,0.0,0.20000000298023224,1.0
258_r3,en,0.7071067811742012,0.2928932188257988,3,10,1.0,0.699999988079071,0.5000000000019581
258_r3,fr,0.7745966692279002,0.22540333077209984,3,10,1.0,0.800000011920929,0.6000000000017313
258_r3,ja,0.7071067811739437,0.29289321882605635,3,10,1.0,0.6000000238418579,0.8000000000008656
258_r3,zh,0.0,1.0,3,10,0.0,0.0,1.0
258_r4,en,0.5624418487086695,0.43755815129133047,3,10,1.0,0.6000000238418579,0.3245112497866474
258_r4,fr,0.6452447854691847,0.35475521453081527,3,10,1.0,0.699999988079071,0.5245112497857819
258_r4,ja,0.7745966692273415,0.2254033307726585,3,10,1.0,0.6000000238418579,1.0
258_r4,zh,0.0,1.0,3,10,0.0,0.0,1.0
258_r5,en,0.6324555320227591,0.36754446797724094,3,10,1.0,0.6000000238418579,0.5000000000019581
258_r5,fr,0.9486832980331933,0.05131670196680671,3,10,1.0,0.8999999761581421,1.0
258_r5,ja,0.5477225574951661,0.4522774425048339,3,10,1.0,0.30000001192092896,1.0
258_r5,zh,0.0,1.0,3,10,0.0,0.0,1.0
261_r1,en,0.6452447854688494,0.35475521453115055,3,10,1.0,0.6000000238418579,0.5245112497857818
261_r1,fr,0.0,1.0,3,10,1.0,0.0,0.3245112497866474
261_r1,ja,0.31622776601106445,0.6837722339889356,3,10,1.0,0.10000000149011612,0.7245112497849162
261_r1,zh,0.18257418583172202,0.817425814168278,3,10,1.0,0.03333333507180214,0.8000000000008656
261_r2,en,9.303743780584473e-07,0.9999990696256219,3,10,1.0,0.20000000298023224,0.10000000000368914
261_r2,fr,6.03414238432249e-07,0.9999993965857615,3,10,1.0,0.10000000149011612,0.10000000000368914
261_r2,ja,0.0,1.0,3,10,1.0,0.0,1.0
261_r2,zh,0.5477225574951661,0.4522774425048339,3,10,1.0,0.30000001192092896,1.0
261_r3,en,0.0,1.0,3,10,1.0,0.0,0.3245112497866474
261_r3,fr,8.92696468468758e-07,0.9999991073035315,3,10,1.0,0.20000000298023224,0.10000000000368914
261_r3,ja,0.31622776601106445,0.6837722339889356,3,10,1.0,0.10000000149011612,0.5245112497857819
261_r3,zh,0.5163977794851736,0.4836022205148264,3,10,1.0,0.3333333432674408,0.8000000000008656
261_r4,en,0.4472135954922769,0.5527864045077231,3,10,1.0,0.30000001192092896,0.3245112497866474
261_r4,fr,0.4472135954917929,0.5527864045082072,3,10,1.0,0.20000000298023224,0.5000000000019581
261_r4,ja,0.0,1.0,3,10,1.0,0.0,1.0
261_r4,zh,0.5773502691790848,0.42264973082091517,3,10,1.0,0.3333333432674408,1.0
261_r5,en,0.09039035676187651,0.9096096432381235,3,10,1.0,0.30000001192092896,0.12451124978751298
261_r5,fr,0.4472135954922769,0.5527864045077231,3,10,1.0,0.30000001192092896,0.30000000000282356
261_r5,ja,0.0,1.0,3,10,1.0,0.0,1.0
261_r5,zh,0.4082482904564095,0.5917517095435905,3,10,1.0,0.1666666716337204,1.0
266_r1,en,0.9486832980331933,0.05131670196680671,3,10,1.0,0.8999999761581421,1.0
266_r1,fr,0.31622776601174873,0.6837722339882513,3,10,1.0,0.20000000298023224,0.3245112497866474
266_r1,ja,0.9486832980331933,0.05131670196680671,3,10,1.0,0.8999999761581421,1.0
266_r1,zh,0.18257418583172202,0.817425814168278,3,10,1.0,0.03333333507180214,1.0
266_r2,en,0.9999999999817427,1.8257284573053312e-11,3,10,1.0,1.0,1.0
266_r2,fr,0.127831268433617,0.872168731566383,3,10,1.0,0.20000000298023224,0.7245112497849162
266_r2,ja,0.6452447854688494,0.35475521453115055,3,10,1.0,0.6000000238418579,0.7245112497849162
266_r2,zh,0.4472135954917929,0.5527864045082072,3,10,1.0,0.20000000298023224,1.0
266_r3,en,0.9486832980331933,0.05131670196680671,3,10,1.0,0.8999999761581421,1.0
266_r3,fr,0.9999999999817427,1.8257284573053312e-11,3,10,1.0,1.0,1.0
266_r3,ja,0.8366600265188001,0.16333997348119988,3,10,1.0,0.699999988079071,1.0
266_r3,zh,0.4830458915308287,0.5169541084691713,3,10,1.0,0.23333333432674408,0.8000000000008656
266_r4,en,0.9486832980331933,0.05131670196680671,3,10,1.0,0.8999999761581421,1.0
266_r4,fr,0.34108772066287335,0.6589122793371267,3,10,1.0,0.6000000238418579,0.12451124978751298
266_r4,ja,0.8366600265188001,0.16333997348119988,3,10,1.0,0.699999988079071,1.0
266_r4,zh,0.4472135954917929,0.5527864045082072,3,10,1.0,0.20000000298023224,1.0
266_r5,en,0.4738261809747864,0.5261738190252137,3,10,1.0,0.6000000238418579,0.5245112497857819
266_r5,fr,0.8366600265190589,0.1633399734809411,3,10,1.0,0.800000011920929,0.8000000000008656
266_r5,ja,0.894427190983586,0.10557280901641397,3,10,1.0,0.800000011920929,1.0
266_r5,zh,0.4472135954917929,0.5527864045082072,3,10,1.0,0.20000000298023224,1.0
268_r1,en,0.0,1.0,3,10,0.0,0.0,0.12451124978751298
268_r1,fr,0.7185686001847861,0.2814313998152139,3,10,0.0,0.800000011920929,0.5245112497857819
268_r1,ja,3.7982374933374084e-07,0.9999996201762507,3,10,0.0,0.03333333507180214,0.8000000000008656
268_r1,zh,0.0,1.0,3,10,0.0,0.0,1.0
268_r2,en,0.0,1.0,3,10,0.0,0.0,0.12451124978751298
268_r2,fr,0.894427190983586,0.10557280901641397,3,10,0.0,0.800000011920929,1.0
268_r2,ja,0.2581988897424471,0.7418011102575529,3,10,0.0,0.06666667014360428,1.0
268_r2,zh,0.31622776601106445,0.6837722339889356,3,10,0.0,0.10000000149011612,0.6000000000017313
268_r3,en,6.578740317673447e-07,0.9999993421259682,3,10,0.0,0.10000000149011612,0.10000000000368914
268_r3,fr,0.4651245351323068,0.5348754648676932,3,10,0.0,0.4000000059604645,0.3245112497866474
268_r3,ja,0.36514837166344405,0.634851628336556,3,10,0.0,0.13333334028720856,1.0
268_r3,zh,0.0,1.0,3,10,0.0,0.0,0.5245112497857819
268_r4,en,6.578740317673447e-07,0.9999993421259682,3,10,0.0,0.10000000149011612,0.10000000000368914
268_r4,fr,0.5624418487082847,0.43755815129171527,3,10,0.0,0.5,0.5245112497857818
268_r4,ja,0.0,1.0,3,10,0.0,0.0,1.0
268_r4,zh,0.4472135954917929,0.5527864045082072,3,10,0.0,0.20000000298023224,1.0
268_r5,en,6.03414238432249e-07,0.9999993965857615,3,10,0.0,0.10000000149011612,0.10000000000368914
268_r5,fr,0.5477225574962886,0.4522774425037114,3,10,0.0,0.6000000238418579,0.3000000000028235
268_r5,ja,0.19692708734088696,0.8030729126591131,3,10,0.0,0.10000000149011612,0.3245112497866474
268_r5,zh,0.31622776601106445,0.6837722339889356,3,10,0.0,0.10000000149011612,0.6000000000017313
269_r1,en,0.44721359549268397,0.5527864045073161,3,10,0.0,0.4000000059604645,0.3000000000028235
269_r1,fr,6.03414238432249e-07,0.9999993965857615,3,10,0.0,0.10000000149011612,0.10000000000368914
269_r1,ja,0.0,1.0,3,10,0.0,0.0,0.8000000000008656
269_r1,zh,0.40824829045640937,0.5917517095435907,3,10,0.0,0.1666666716337204,1.0
269_r2,en,0.3410877206622389,0.6589122793377611,3,10,0.0,0.5,0.12451124978751298
269_r2,fr,0.09039035675948248,0.9096096432405175,3,10,0.0,0.20000000298023224,0.3245112497866474
269_r2,ja,0.31622776601106445,0.6837722339889356,3,10,0.0,0.10000000149011612,0.8000000000008656
269_r2,zh,0.31622776601106445,0.6837722339889356,3,10,0.0,0.10000000149011612,0.8000000000008656
269_r3,en,0.7185686001847857,0.28143139981521426,3,10,0.0,0.800000011920929,0.5245112497857818
269_r3,fr,0.6324555320227588,0.36754446797724116,3,10,0.0,0.6000000238418579,0.5000000000019581
269_r3,ja,0.0,1.0,3,10,0.0,0.0,1.0
269_r3,zh,0.18257418583172202,0.817425814168278,3,10,0.0,0.03333333507180214,1.0
269_r4,en,0.5477225574959563,0.45227744250404367,3,10,0.0,0.5,0.3245112497866474
269_r4,fr,0.09039035675708842,0.9096096432429116,3,10,0.0,0.10000000149011612,0.32451124978664747
269_r4,ja,0.0,1.0,3,10,0.0,0.0,1.0
269_r4,zh,0.36514837166344405,0.634851628336556,3,10,0.0,0.13333334028720856,1.0
269_r5,en,0.6324555320227588,0.36754446797724116,3,10,0.0,0.6000000238418579,0.5000000000019581
269_r5,fr,9.303743780584473e-07,0.9999990696256219,3,10,0.0,0.20000000298023224,0.10000000000368914
269_r5,ja,0.7071067811736377,0.2928932188263623,3,10,0.0,0.5,1.0
269_r5,zh,0.0,1.0,3,10,0.0,0.0,0.8000000000008656
270_r1,en,8.92696468468758e-07,0.9999991073035315,3,10,0.0,0.20000000298023224,0.3000000000028235
270_r1,fr,0.0738034172429548,0.9261965827570452,3,10,0.0,0.13333334028720856,0.12451124978751298
270_r1,ja,0.31622776601106445,0.6837722339889356,3,10,0.0,0.10000000149011612,0.6000000000017313
270_r1,zh,0.0,1.0,3,10,0.0,0.0,1.0
270_r2,en,0.3162277660130088,0.6837722339869912,3,10,0.0,0.4000000059604645,0.3000000000028235
270_r2,fr,0.4562569633302825,0.5437430366697176,3,10,0.0,0.30000001192092896,0.7245112497849162
270_r2,ja,0.0,1.0,3,10,0.0,0.0,0.7245112497849162
270_r2,zh,0.0,1.0,3,10,0.0,0.0,1.0
270_r3,en,0.28811022171089506,0.7118897782891049,3,10,0.0,0.4333333373069763,0.3245112497866474
270_r3,fr,0.31622776601129254,0.6837722339887075,3,10,0.0,0.13333334028720856,0.6000000000017313
270_r3,ja,0.0,1.0,3,10,0.0,0.0,1.0
270_r3,zh,0.0,1.0,3,10,0.0,0.0,0.8000000000008656
270_r4,en,0.32889271289026856,0.6711072871097314,3,10,0.0,0.5,0.12451124978751298
270_r4,fr,0.5163977794851735,0.4836022205148265,3,10,0.0,0.3333333432674408,0.8000000000008656
270_r4,ja,0.0,1.0,3,10,0.0,0.0,1.0
270_r4,zh,0.0,1.0,3,10,0.0,0.0,0.8000000000008656
270_r5,en,0.68908423523161,0.31091576476839,3,10,0.0,0.6666666865348816,0.5245112497857818
270_r5,fr,0.2685397755664113,0.7314602244335887,3,10,0.0,0.2666666805744171,0.3245112497866474
270_r5,ja,0.0,1.0,3,10,0.0,0.0,0.5245112497857818
270_r5,zh,0.0,1.0,3,10,0.0,0.0,1.0
272_r1,en,0.3410877206628734,0.6589122793371266,3,10,0.0,0.6000000238418579,0.12451124978751298
272_r1,fr,0.0,1.0,3,10,0.0,0.0,0.10000000000368914
272_r1,ja,0.5477225574951661,0.4522774425048339,3,10,0.0,0.30000001192092896,0.8000000000008656
272_r1,zh,0.0,1.0,3,10,0.0,0.0,0.7245112497849162
272_r2,en,0.0,1.0,3,10,0.0,0.0,0.10000000000368914
272_r2,fr,6.578740317673447e-07,0.9999993421259682,3,10,0.0,0.10000000149011612,0.12451124978751298
272_r2,ja,0.31622776601106445,0.6837722339889356,3,10,0.0,0.10000000149011612,1.0
272_r2,zh,0.0,1.0,3,10,0.0,0.0,0.8000000000008656
272_r3,en,0.31622776601164015,0.6837722339883598,3,10,0.0,0.20000000298023224,0.30000000000282356
272_r3,fr,0.0,1.0,3,10,0.0,0.0,0.12451124978751298
272_r3,ja,0.0,1.0,3,10,0.0,0.0,0.7245112497849162
272_r3,zh,0.2581988897424471,0.7418011102575529,3,10,0.0,0.06666667014360428,0.7000000000010924
272_r4,en,0.0,1.0,3,10,0.0,0.0,0.5245112497857819
272_r4,fr,0.0,1.0,3,10,0.0,0.0,0.10000000000368914
272_r4,ja,0.4472135954922769,0.5527864045077231,3,10,0.0,0.30000001192092896,0.5245112497857819
272_r4,zh,0.0,1.0,3,10,0.0,0.0,0.5245112497857818
272_r5,en,0.3528615164368322,0.6471384835631677,3,10,0.0,0.800000011920929,0.12451124978751298
272_r5,fr,0.0,1.0,3,10,0.0,0.0,0.12451124978751298
272_r5,ja,0.7745966692273415,0.2254033307726585,3,10,0.0,0.6000000238418579,1.0
272_r5,zh,0.0,1.0,3,10,0.0,0.0,0.32451124978664747
279_r1,en,1.1089207485165086e-06,0.9999988910792514,3,10,1.0,0.30000001192092896,0.10000000000368914
279_r1,fr,0.6324555320221288,0.3675444679778712,3,10,1.0,0.4000000059604645,1.0
279_r1,ja,0.4472135954922769,0.5527864045077231,3,10,1.0,0.30000001192092896,0.5245112497857819
279_r1,zh,0.31622776601106445,0.6837722339889356,3,10,1.0,0.10000000149011612,0.7245112497849162
279_r2,en,0.6324555320224168,0.3675444679775832,3,10,1.0,0.5,0.5000000000019581
279_r2,fr,0.7745966692273415,0.2254033307726585,3,10,1.0,0.6000000238418579,1.0
279_r2,ja,0.5477225574951661,0.4522774425048339,3,10,1.0,0.30000001192092896,1.0
279_r2,zh,0.31622776601106445,0.6837722339889356,3,10,1.0,0.10000000149011612,1.0
279_r3,en,0.7128607273351852,0.28713927266481476,3,10,1.0,0.699999988079071,0.5245112497857819
279_r3,fr,0.6324555320228132,0.36754446797718676,3,10,1.0,0.6000000238418579,0.6000000000017313
279_r3,ja,0.7128607273351852,0.28713927266481476,3,10,1.0,0.699999988079071,0.5245112497857818
279_r3,zh,0.0,1.0,3,10,1.0,0.0,0.8000000000008656
279_r4,en,0.5624418487090541,0.4375581512909459,3,10,1.0,0.699999988079071,0.32451124978664747
279_r4,fr,0.7745966692276207,0.22540333077237928,3,10,1.0,0.699999988079071,0.8000000000008656
279_r4,ja,0.6388821617328978,0.3611178382671022,3,10,1.0,0.6000000238418579,0.5245112497857818
279_r4,zh,5.371518976191752e-07,0.9999994628481024,3,10,1.0,0.06666667014360428,0.5245112497857818
279_r5,en,8.92696468468758e-07,0.9999991073035315,3,10,1.0,0.20000000298023224,0.10000000000368914
279_r5,fr,0.6324555320221288,0.3675444679778712,3,10,1.0,0.4000000059604645,1.0
279_r5,ja,0.8463692061764693,0.15363079382353073,3,10,1.0,0.8999999761581421,0.7245112497849162
279_r5,zh,0.18257418583172202,0.817425814168278,3,10,1.0,0.03333333507180214,1.0
283_r1,en,0.7745966692273415,0.2254033307726585,3,10,1.0,0.6000000238418579,0.6000000000017313
283_r1,fr,0.9999999999817427,1.8257284573053312e-11,3,10,1.0,1.0,1.0
283_r1,ja,0.718568600184485,0.281431399815515,3,10,1.0,0.699999988079071,0.7245112497849162
283_r1,zh,0.31622776601106445,0.6837722339889356,3,10,1.0,0.10000000149011612,1.0
283_r2,en,0.8944271909838276,0.10557280901617239,3,10,1.0,0.8999999761581421,0.8000000000008656
283_r2,fr,0.8366600265190589,0.1633399734809411,3,10,1.0,0.800000011920929,0.8000000000008656
283_r2,ja,0.6324555320221288,0.3675444679778712,3,10,1.0,0.4000000059604645,1.0
283_r2,zh,0.31622776601106445,0.6837722339889356,3,10,1.0,0.10000000149011612,0.7245112497849162
283_r3,en,0.4651245351332374,0.5348754648667626,3,10,1.0,0.6000000238418579,0.3245112497866474
283_r3,fr,0.6324555320224711,0.36754446797752893,3,10,1.0,0.5,0.6000000000017313
283_r3,ja,0.5551309904735566,0.44486900952644337,3,10,1.0,0.5,0.5245112497857819
283_r3,zh,0.5477225574951661,0.4522774425048339,3,10,1.0,0.30000001192092896,1.0
283_r4,en,0.465124535132772,0.534875464867228,3,10,1.0,0.5,0.3245112497866474
283_r4,fr,0.8366600265190589,0.1633399734809411,3,10,1.0,0.800000011920929,0.8000000000008656
283_r4,ja,0.7071067811736377,0.2928932188263623,3,10,1.0,0.5,1.0
283_r4,zh,0.5477225574951661,0.4522774425048339,3,10,1.0,0.30000001192092896,1.0
283_r5,en,0.44721359549268397,0.5527864045073161,3,10,1.0,0.4000000059604645,0.30000000000282356
283_r5,fr,0.8366600265188001,0.16333997348119988,3,10,1.0,0.699999988079071,1.0
283_r5,ja,0.5551309904735566,0.44486900952644337,3,10,1.0,0.5,0.5245112497857818
283_r5,zh,0.5477225574951661,0.4522774425048339,3,10,1.0,0.30000001192092896,1.0
296_r1,en,0.6324555320234976,0.3675444679765024,3,10,1.0,0.800000011920929,0.40000000000259683
296_r1,fr,0.6324555320223569,0.36754446797764306,3,10,0.0,0.46666666865348816,0.8000000000008656
296_r1,ja,0.4472135954917929,0.5527864045082072,3,10,0.0,0.20000000298023224,1.0
296_r1,zh,0.0,1.0,3,10,0.0,0.0,1.0
296_r2,en,0.5477225574958936,0.4522774425041064,3,10,1.0,0.5,0.3000000000028235
296_r2,fr,0.6831300510517122,0.3168699489482878,3,10,0.0,0.5333333611488342,0.8000000000008656
296_r2,ja,0.4472135954922769,0.5527864045077231,3,10,0.0,0.30000001192092896,0.8000000000008656
296_r2,zh,0.0,1.0,3,10,0.0,0.0,1.0
296_r3,en,0.12783126843869552,0.8721687315613045,3,10,1.0,0.5,0.12451124978751298
296_r3,fr,0.6910575630456007,0.30894243695439927,3,10,0.0,0.6000000238418579,0.7245112497849162
296_r3,ja,0.0,1.0,3,10,0.0,0.0,0.8000000000008656
296_r3,zh,0.0,1.0,3,10,0.0,0.0,1.0
296_r4,en,0.8366600265192353,0.16333997348076468,3,10,1.0,0.8999999761581421,0.7000000000010924
296_r4,fr,0.38334148525789885,0.6166585147421011,3,10,0.0,0.3333333432674408,0.3245112497866474
296_r4,ja,0.0,1.0,3,10,0.0,0.0,1.0
296_r4,zh,0.0,1.0,3,10,0.0,0.0,1.0
296_r5,en,0.3410877206635078,0.6589122793364922,3,10,1.0,0.699999988079071,0.12451124978751298
296_r5,fr,0.5867088052130227,0.4132911947869773,3,10,0.0,0.5666666626930237,0.5245112497857819
296_r5,ja,0.0,1.0,3,10,0.0,0.0,0.5245112497857818
296_r5,zh,0.0,1.0,3,10,0.0,0.0,1.0
297_r1,en,0.12783126843869552,0.8721687315613045,3,10,1.0,0.5,0.12451124978751298
297_r1,fr,0.8366600265188001,0.16333997348119988,3,10,1.0,0.699999988079071,0.8000000000008656
297_r1,ja,0.8366600265188001,0.16333997348119988,3,10,1.0,0.699999988079071,1.0
297_r1,zh,0.0,1.0,3,10,1.0,0.0,0.8000000000008656
297_r2,en,0.46512453513370255,0.5348754648662974,3,10,1.0,0.699999988079071,0.32451124978664747
297_r2,fr,0.1278312684353098,0.8721687315646902,3,10,1.0,0.30000001192092896,0.12451124978751298
297_r2,ja,0.9486832980331933,0.05131670196680671,3,10,1.0,0.8999999761581421,1.0
297_r2,zh,0.31622776601106445,0.6837722339889356,3,10,1.0,0.10000000149011612,0.8000000000008656
297_r3,en,0.7071067811742012,0.2928932188257988,3,10,1.0,0.699999988079071,0.5000000000019581
297_r3,fr,0.7185686001847861,0.2814313998152139,3,10,1.0,0.800000011920929,0.5245112497857819
297_r3,ja,0.7745966692273415,0.2254033307726585,3,10,1.0,0.6000000238418579,1.0
297_r3,zh,0.31622776601106445,0.6837722339889356,3,10,1.0,0.10000000149011612,1.0
297_r4,en,0.7185686001847857,0.28143139981521426,3,10,1.0,0.800000011920929,0.5245112497857818
297_r4,fr,0.4651245351332373,0.5348754648667626,3,10,1.0,0.6000000238418579,0.32451124978664747
297_r4,ja,0.718568600184485,0.281431399815515,3,10,1.0,0.699999988079071,0.7245112497849162
297_r4,zh,0.2581988897424471,0.7418011102575529,3,10,1.0,0.06666667014360428,1.0
297_r5,en,0.46512453513370255,0.5348754648662974,3,10,1.0,0.699999988079071,0.3245112497866474
297_r5,fr,0.0,1.0,3,10,1.0,0.0,0.3245112497866474
297_r5,ja,0.8366600265188001,0.16333997348119988,3,10,1.0,0.699999988079071,1.0
297_r5,zh,0.2581988897424471,0.7418011102575529,3,10,1.0,0.06666667014360428,0.5245112497857818
29_r1,en,0.0,1.0,3,10,0.0,0.0,0.10000000000368914
29_r1,fr,0.0,1.0,3,10,0.0,0.0,0.30000000000282356
29_r1,ja,0.31622776601243313,0.6837722339875669,3,10,0.0,0.30000001192092896,0.6000000000017313
29_r1,zh,0.18257418583172202,0.817425814168278,3,10,0.0,0.03333333507180214,1.0
29_r2,en,0.0,1.0,3,10,0.0,0.0,0.10000000000368914
29_r2,fr,0.09039035675708842,0.9096096432429116,3,10,0.0,0.10000000149011612,0.32451124978664747
29_r2,ja,0.0,1.0,3,10,0.0,0.0,1.0
29_r2,zh,0.0,1.0,3,10,0.0,0.0,0.8000000000008656
29_r3,en,0.3651483716638392,0.6348516283361608,3,10,0.0,0.20000000298023224,0.3245112497866474
29_r3,fr,0.32889271288829475,0.6711072871117052,3,10,0.0,0.20000000298023224,0.32451124978664747
29_r3,ja,0.3162277660124332,0.6837722339875668,3,10,0.0,0.30000001192092896,0.3245112497866474
29_r3,zh,0.0,1.0,3,10,0.0,0.0,1.0
29_r4,en,0.44721359549238693,0.5527864045076131,3,10,0.0,0.3333333432674408,0.3000000000028235
29_r4,fr,0.09039035675948248,0.9096096432405175,3,10,0.0,0.20000000298023224,0.12451124978751298
29_r4,ja,0.0,1.0,3,10,0.0,0.0,0.8000000000008656
29_r4,zh,0.40824829045640937,0.5917517095435907,3,10,0.0,0.1666666716337204,1.0
29_r5,en,0.0,1.0,3,10,0.0,0.0,0.10000000000368914
29_r5,fr,0.31622776601174873,0.6837722339882513,3,10,0.0,0.20000000298023224,0.32451124978664747
29_r5,ja,0.4472135954917929,0.5527864045082072,3,10,0.0,0.20000000298023224,1.0
29_r5,zh,0.40824829045640937,0.5917517095435907,3,10,0.0,0.1666666716337204,1.0
302_r1,en,0.8366600265190589,0.1633399734809411,3,10,1.0,0.800000011920929,0.8000000000008656
302_r1,fr,6.578740317673447e-07,0.9999993421259682,3,10,1.0,0.10000000149011612,0.6000000000017313
302_r1,ja,0.32889271288829475,0.6711072871117052,3,10,0.0,0.20000000298023224,0.5245112497857819
302_r1,zh,0.4082482904564095,0.5917517095435905,3,10,1.0,0.1666666716337204,1.0
302_r2,en,0.7185686001847857,0.28143139981521426,3,10,1.0,0.800000011920929,0.5245112497857819
302_r2,fr,0.09039035676187651,0.9096096432381235,3,10,1.0,0.30000001192092896,0.32451124978664747
302_r2,ja,0.5551309904731668,0.44486900952683317,3,10,0.0,0.4000000059604645,0.7245112497849162
302_r2,zh,0.4082482904564095,0.5917517095435905,3,10,1.0,0.1666666716337204,1.0
302_r3,en,0.7071067811742012,0.2928932188257988,3,10,1.0,0.699999988079071,0.5000000000019581
302_r3,fr,0.31622776601174873,0.6837722339882513,3,10,1.0,0.20000000298023224,0.6000000000017313
302_r3,ja,0.7071067811736377,0.2928932188263623,3,10,0.0,0.5,1.0
302_r3,zh,0.4472135954917929,0.5527864045082072,3,10,1.0,0.20000000298023224,1.0
302_r4,en,0.7745966692279002,0.22540333077209984,3,10,1.0,0.800000011920929,0.6000000000017313
302_r4,fr,6.578740317673447e-07,0.9999993421259682,3,10,1.0,0.10000000149011612,0.40000000000259683
302_r4,ja,0.6324555320221288,0.3675444679778712,3,10,0.0,0.4000000059604645,0.7245112497849162
302_r4,zh,0.4472135954917929,0.5527864045082072,3,10,1.0,0.20000000298023224,1.0
302_r5,en,0.7745966692276207,0.22540333077237928,3,10,1.0,0.699999988079071,0.8000000000008656
302_r5,fr,0.4472135954917929,0.5527864045082072,3,10,1.0,0.20000000298023224,0.5245112497857818
302_r5,ja,0.4562569633302825,0.5437430366697176,3,10,0.0,0.30000001192092896,0.7245112497849162
302_r5,zh,0.36514837166344405,0.634851628336556,3,10,1.0,0.13333334028720856,0.8000000000008656
311_r1,en,0.0,1.0,3,10,0.0,0.0,0.8000000000008656
311_r1,fr,0.0,1.0,3,10,0.0,0.0,0.3000000000028235
311_r1,ja,0.18257418583205443,0.8174258141679456,3,10,1.0,0.06666667014360428,0.7000000000010924
311_r1,zh,0.4472135954917929,0.5527864045082072,3,10,1.0,0.20000000298023224,1.0
311_r2,en,0.0,1.0,3,10,0.0,0.0,0.30000000000282356
311_r2,fr,0.31622776601106445,0.6837722339889356,3,10,0.0,0.10000000149011612,0.8000000000008656
311_r2,ja,0.18257418583172202,0.817425814168278,3,10,1.0,0.03333333507180214,1.0
311_r2,zh,0.4472135954917929,0.5527864045082072,3,10,1.0,0.20000000298023224,1.0
311_r3,en,6.578740317673447e-07,0.9999993421259682,3,10,0.0,0.10000000149011612,0.10000000000368914
311_r3,fr,0.6452447854688494,0.35475521453115055,3,10,0.0,0.6000000238418579,0.5245112497857818
311_r3,ja,0.36514837166344405,0.634851628336556,3,10,1.0,0.13333334028720856,0.5245112497857819
311_r3,zh,0.4830458915308287,0.5169541084691713,3,10,1.0,0.23333333432674408,1.0
311_r4,en,0.0,1.0,3,10,0.0,0.0,0.10000000000368914
311_r4,fr,0.127831268433617,0.872168731566383,3,10,0.0,0.20000000298023224,0.32451124978664747
311_r4,ja,0.2581988897424471,0.7418011102575529,3,10,1.0,0.06666667014360428,1.0
311_r4,zh,0.18257418583172202,0.817425814168278,3,10,1.0,0.03333333507180214,0.8000000000008656
311_r5,en,0.44721359549268397,0.5527864045073161,3,10,0.0,0.4000000059604645,0.3000000000028235
311_r5,fr,0.5551309904735566,0.44486900952644337,3,10,0.0,0.5,0.5245112497857819
311_r5,ja,0.0,1.0,3,10,1.0,0.0,1.0
311_r5,zh,0.2581988897424471,0.7418011102575529,3,10,1.0,0.06666667014360428,1.0
315_r1,en,0.32889271288895267,0.6711072871110473,3,10,1.0,0.30000001192092896,0.5245112497857819
315_r1,fr,0.0,1.0,3,10,1.0,0.0,0.5245112497857819
315_r1,ja,0.632455532022129,0.367544467977871,3,10,1.0,0.4000000059604645,1.0
315_r1,zh,0.0,1.0,3,10,0.0,0.0,0.8000000000008656
315_r2,en,0.0,1.0,3,10,1.0,0.0,0.5245112497857819
315_r2,fr,0.0,1.0,3,10,1.0,0.0,0.30000000000282356
315_r2,ja,0.2581988897424471,0.7418011102575529,3,10,1.0,0.06666667014360428,1.0
315_r2,zh,0.0,1.0,3,10,0.0,0.0,1.0
315_r3,en,9.303743780584473e-07,0.9999990696256219,3,10,1.0,0.20000000298023224,0.12451124978751298
315_r3,fr,0.0,1.0,3,10,1.0,0.0,0.10000000000368914
315_r3,ja,0.3162277660115207,0.6837722339884793,3,10,1.0,0.1666666716337204,0.8000000000008656
315_r3,zh,3.7982374933374084e-07,0.9999996201762507,3,10,0.0,0.03333333507180214,0.8000000000008656
315_r4,en,0.0,1.0,3,10,1.0,0.0,0.5245112497857818
315_r4,fr,3.7982374933374084e-07,0.9999996201762507,3,10,1.0,0.03333333507180214,0.30000000000282356
315_r4,ja,0.0,1.0,3,10,1.0,0.0,0.5245112497857819
315_r4,zh,0.18257418583172202,0.817425814168278,3,10,0.0,0.03333333507180214,1.0
315_r5,en,0.0,1.0,3,10,1.0,0.0,0.3000000000028235
315_r5,fr,0.2581988897432852,0.7418011102567148,3,10,1.0,0.1666666716337204,0.32451124978664747
315_r5,ja,0.41486577474772485,0.5851342252522751,3,10,1.0,0.23333333432674408,0.7245112497849162
315_r5,zh,0.0,1.0,3,10,0.0,0.0,1.0
318_r1,en,0.8944271909838276,0.10557280901617239,3,10,1.0,0.8999999761581421,0.8000000000008656
318_r1,fr,0.7745966692279002,0.22540333077209984,3,10,1.0,0.800000011920929,0.6000000000017313
318_r1,ja,0.7745966692273415,0.2254033307726585,3,10,1.0,0.6000000238418579,1.0
318_r1,zh,0.4830458915308288,0.5169541084691712,3,10,1.0,0.23333333432674408,1.0
318_r2,en,0.7185686001847861,0.2814313998152139,3,10,1.0,0.800000011920929,0.5245112497857819
318_r2,fr,0.8366600265190589,0.1633399734809411,3,10,1.0,0.800000011920929,0.8000000000008656
318_r2,ja,0.7071067811736377,0.2928932188263623,3,10,1.0,0.5,1.0
318_r2,zh,0.31622776601106445,0.6837722339889356,3,10,1.0,0.10000000149011612,1.0
318_r3,en,0.44721359549268397,0.5527864045073161,3,10,1.0,0.4000000059604645,0.3000000000028235
318_r3,fr,0.12783126843869552,0.8721687315613045,3,10,1.0,0.5,0.12451124978751298
318_r3,ja,0.7850737756207621,0.21492622437923792,3,10,1.0,0.800000011920929,0.7245112497849162
318_r3,zh,0.18257418583172202,0.817425814168278,3,10,1.0,0.03333333507180214,1.0
318_r4,en,0.7071067811742012,0.2928932188257988,3,10,1.0,0.699999988079071,0.5000000000019581
318_r4,fr,0.3162277660130088,0.6837722339869912,3,10,1.0,0.4000000059604645,0.10000000000368914
318_r4,ja,0.8366600265188001,0.16333997348119988,3,10,1.0,0.699999988079071,1.0
318_r4,zh,0.18257418583172202,0.817425814168278,3,10,1.0,0.03333333507180214,1.0
318_r5,en,0.8366600265190182,0.16333997348098184,3,10,1.0,0.800000011920929,0.7000000000010924
318_r5,fr,0.44721359549268397,0.5527864045073161,3,10,1.0,0.4000000059604645,0.3000000000028235
318_r5,ja,0.7071067811736377,0.2928932188263623,3,10,1.0,0.5,1.0
318_r5,zh,0.4472135954917929,0.5527864045082072,3,10,1.0,0.20000000298023224,1.0
323_r1,en,0.7185686001847857,0.28143139981521426,3,10,1.0,0.800000011920929,0.5245112497857819
323_r1,fr,0.5477225574955611,0.4522774425044389,3,10,1.0,0.4000000059604645,0.30000000000282356
323_r1,ja,0.7745966692276207,0.22540333077237928,3,10,1.0,0.699999988079071,0.8000000000008656
323_r1,zh,0.5477225574951661,0.4522774425048339,3,10,1.0,0.30000001192092896,1.0
323_r2,en,0.7185686001847857,0.28143139981521426,3,10,1.0,0.800000011920929,0.5245112497857819
323_r2,fr,1.1089207485165086e-06,0.9999988910792514,3,10,1.0,0.30000001192092896,0.10000000000368914
323_r2,ja,0.8366600265188001,0.16333997348119988,3,10,1.0,0.699999988079071,1.0
323_r2,zh,0.7071067811736377,0.2928932188263623,3,10,1.0,0.5,1.0
323_r3,en,0.7185686001847857,0.28143139981521426,3,10,1.0,0.800000011920929,0.5245112497857818
323_r3,fr,9.303743780584473e-07,0.9999990696256219,3,10,1.0,0.20000000298023224,0.10000000000368914
323_r3,ja,0.7745966692273415,0.2254033307726585,3,10,1.0,0.6000000238418579,1.0
323_r3,zh,0.31622776601106445,0.6837722339889356,3,10,1.0,0.10000000149011612,1.0
323_r4,en,0.718568600184485,0.281431399815515,3,10,1.0,0.699999988079071,0.5245112497857819
323_r4,fr,0.3288927128896106,0.6711072871103894,3,10,1.0,0.4000000059604645,0.12451124978751298
323_r4,ja,0.7745966692273415,0.2254033307726585,3,10,1.0,0.6000000238418579,1.0
323_r4,zh,0.0,1.0,3,10,1.0,0.0,1.0
323_r5,en,0.7071067811739439,0.2928932188260561,3,10,1.0,0.6000000238418579,0.5000000000019581
323_r5,fr,0.4472135954922769,0.5527864045077231,3,10,1.0,0.30000001192092896,0.30000000000282356
323_r5,ja,0.7128607273351852,0.28713927266481476,3,10,1.0,0.699999988079071,0.5245112497857819
323_r5,zh,0.31622776601106445,0.6837722339889356,3,10,1.0,0.10000000149011612,1.0
328_r1,en,6.03414238432249e-07,0.9999993965857615,3,10,1.0,0.10000000149011612,0.10000000000368914
328_r1,fr,6.578740317673447e-07,0.9999993421259682,3,10,1.0,0.10000000149011612,0.12451124978751298
328_r1,ja,0.6324555320221288,0.3675444679778712,3,10,1.0,0.4000000059604645,1.0
328_r1,zh,0.0,1.0,3,10,1.0,0.0,1.0
328_r2,en,0.31622776601232444,0.6837722339876755,3,10,1.0,0.30000001192092896,0.10000000000368914
328_r2,fr,0.0,1.0,3,10,1.0,0.0,0.3000000000028235
328_r2,ja,0.5477225574951661,0.4522774425048339,3,10,1.0,0.30000001192092896,1.0
328_r2,zh,0.0,1.0,3,10,1.0,0.0,1.0
328_r3,en,0.31622776601174873,0.6837722339882513,3,10,1.0,0.20000000298023224,0.10000000000368914
328_r3,fr,0.0,1.0,3,10,1.0,0.0,0.10000000000368914
328_r3,ja,0.5477225574951661,0.4522774425048339,3,10,1.0,0.30000001192092896,1.0
328_r3,zh,0.31622776601106445,0.6837722339889356,3,10,1.0,0.10000000149011612,1.0
328_r4,en,6.578740317673447e-07,0.9999993421259682,3,10,1.0,0.10000000149011612,0.10000000000368914
328_r4,fr,0.31622776601106445,0.6837722339889356,3,10,1.0,0.10000000149011612,0.10000000000368914
328_r4,ja,0.5477225574951661,0.4522774425048339,3,10,1.0,0.30000001192092896,1.0
328_r4,zh,0.4472135954917929,0.5527864045082072,3,10,1.0,0.20000000298023224,1.0
328_r5,en,9.303743780584471e-07,0.9999990696256219,3,10,1.0,0.20000000298023224,0.3000000000028235
328_r5,fr,0.0,1.0,3,10,1.0,0.0,0.32451124978664747
328_r5,ja,0.5477225574951661,0.4522774425048339,3,10,1.0,0.30000001192092896,1.0
328_r5,zh,0.0,1.0,3,10,1.0,0.0,0.5245112497857818
329_r1,en,0.5477225574962887,0.45227744250371127,3,10,1.0,0.6000000238418579,0.30000000000282356
329_r1,fr,0.7745966692279002,0.22540333077209984,3,10,1.0,0.800000011920929,0.6000000000017313
329_r1,ja,0.7071067811736377,0.2928932188263623,3,10,1.0,0.5,0.8000000000008656
329_r1,zh,0.6324555320221288,0.3675444679778712,3,10,1.0,0.4000000059604645,1.0
329_r2,en,0.6324555320224711,0.36754446797752893,3,10,1.0,0.5,0.5245112497857819
329_r2,fr,0.45625696333123106,0.543743036668769,3,10,1.0,0.5,0.3245112497866474
329_r2,ja,0.7071067811739437,0.29289321882605635,3,10,1.0,0.6000000238418579,0.8000000000008656
329_r2,zh,0.0,1.0,3,10,1.0,0.0,0.6000000000017313
329_r3,en,0.8415286189839969,0.1584713810160031,3,10,1.0,0.800000011920929,0.7245112497849162
329_r3,fr,0.6388821617328979,0.3611178382671021,3,10,1.0,0.6000000238418579,0.5245112497857819
329_r3,ja,0.6388821617325591,0.3611178382674409,3,10,1.0,0.5,0.7245112497849162
329_r3,zh,0.4472135954917929,0.5527864045082072,3,10,1.0,0.20000000298023224,1.0
329_r4,en,0.316227766012433,0.6837722339875669,3,10,1.0,0.30000001192092896,0.12451124978751298
329_r4,fr,0.7071067811742012,0.2928932188257988,3,10,1.0,0.699999988079071,0.5000000000019581
329_r4,ja,0.7745966692273415,0.2254033307726585,3,10,1.0,0.6000000238418579,1.0
329_r4,zh,0.0,1.0,3,10,1.0,0.0,0.40000000000259683
329_r5,en,0.15656069041893617,0.8434393095810638,3,10,1.0,0.4000000059604645,0.12451124978751298
329_r5,fr,0.9999999999817427,1.8257284573053312e-11,3,10,1.0,1.0,1.0
329_r5,ja,0.5624418487082847,0.43755815129171527,3,10,1.0,0.5,0.7245112497849162
329_r5,zh,0.4472135954917929,0.5527864045082072,3,10,1.0,0.20000000298023224,1.0
330_r1,en,0.7071067811742496,0.29289321882575037,3,10,1.0,0.699999988079071,0.6000000000017313
330_r1,fr,0.34108772066160453,0.6589122793383955,3,10,1.0,0.4000000059604645,0.12451124978751298
330_r1,ja,0.4472135954917929,0.5527864045082072,3,10,1.0,0.20000000298023224,0.8000000000008656
330_r1,zh,0.31622776601106445,0.6837722339889356,3,10,0.0,0.10000000149011612,1.0
330_r2,en,0.7745966692275763,0.2254033307724237,3,10,1.0,0.699999988079071,0.7000000000010924
330_r2,fr,0.7185686001847857,0.28143139981521426,3,10,1.0,0.800000011920929,0.5245112497857818
330_r2,ja,0.31622776601106445,0.6837722339889356,3,10,1.0,0.10000000149011612,0.5245112497857819
330_r2,zh,0.0,1.0,3,10,0.0,0.0,0.8000000000008656
330_r3,en,0.8463692061764693,0.15363079382353073,3,10,1.0,0.8999999761581421,0.7245112497849162
330_r3,fr,0.8463692061764693,0.15363079382353073,3,10,1.0,0.8999999761581421,0.7245112497849162
330_r3,ja,0.5477225574951662,0.4522774425048338,3,10,1.0,0.30000001192092896,1.0
330_r3,zh,0.18257418583172202,0.817425814168278,3,10,0.0,0.03333333507180214,1.0
330_r4,en,0.8944271909838276,0.10557280901617239,3,10,1.0,0.8999999761581421,0.8000000000008656
330_r4,fr,0.7071067811739437,0.29289321882605635,3,10,1.0,0.6000000238418579,0.5000000000019581
330_r4,ja,0.0,1.0,3,10,1.0,0.0,1.0
330_r4,zh,0.0,1.0,3,10,0.0,0.0,0.7245112497849162
330_r5,en,0.7185686001847857,0.28143139981521426,3,10,1.0,0.800000011920929,0.5245112497857818
330_r5,fr,0.4651245351327719,0.534875464867228,3,10,1.0,0.5,0.3245112497866474
330_r5,ja,0.5477225574951661,0.4522774425048339,3,10,1.0,0.30000001192092896,0.8000000000008656
330_r5,zh,0.31622776601106445,0.6837722339889356,3,10,0.0,0.10000000149011612,0.8000000000008656
331_r1,en,0.7745966692276207,0.22540333077237928,3,10,1.0,0.699999988079071,0.8000000000008656
331_r1,fr,0.09039035675708842,0.9096096432429116,3,10,1.0,0.10000000149011612,0.12451124978751298
331_r1,ja,0.8366600265188001,0.16333997348119988,3,10,1.0,0.699999988079071,1.0
331_r1,zh,0.36514837166344405,0.634851628336556,3,10,1.0,0.13333334028720856,1.0
331_r2,en,0.8944271909838276,0.10557280901617239,3,10,1.0,0.8999999761581421,0.8000000000008656
331_r2,fr,0.0,1.0,3,10,1.0,0.0,0.6000000000017313
331_r2,ja,0.8366600265188001,0.16333997348119988,3,10,1.0,0.699999988079071,1.0
331_r2,zh,0.3205050267851864,0.6794949732148137,3,10,1.0,0.13333334028720856,0.7245112497849162
331_r3,en,0.6324555320224711,0.36754446797752893,3,10,1.0,0.5,0.5000000000019581
331_r3,fr,0.0,1.0,3,10,1.0,0.0,0.3245112497866474
331_r3,ja,0.7745966692273415,0.2254033307726585,3,10,1.0,0.6000000238418579,1.0
331_r3,zh,0.4472135954917929,0.5527864045082072,3,10,1.0,0.20000000298023224,0.7245112497849162
331_r4,en,0.12783126843869552,0.8721687315613045,3,10,1.0,0.5,0.12451124978751298
331_r4,fr,0.0,1.0,3,10,1.0,0.0,0.10000000000368914
331_r4,ja,0.4651245351323068,0.5348754648676932,3,10,1.0,0.4000000059604645,0.5245112497857819
331_r4,zh,0.5163977794848942,0.4836022205151058,3,10,1.0,0.2666666805744171,1.0
331_r5,en,0.9999999999817427,1.8257284573053312e-11,3,10,1.0,1.0,1.0
331_r5,fr,0.0,1.0,3,10,1.0,0.0,0.5245112497857819
331_r5,ja,0.7071067811739437,0.29289321882605635,3,10,1.0,0.6000000238418579,0.8000000000008656
331_r5,zh,0.4082482904564095,0.5917517095435905,3,10,1.0,0.1666666716337204,0.8000000000008656
333_r1,en,0.0,1.0,3,10,1.0,0.0,0.6000000000017313
333_r1,fr,0.894427190983586,0.10557280901641397,3,10,1.0,0.800000011920929,0.8000000000008656
333_r1,ja,0.7128607273348816,0.2871392726651184,3,10,0.0,0.6000000238418579,0.7245112497849162
333_r1,zh,0.7071067811736377,0.2928932188263623,3,10,0.0,0.5,1.0
333_r2,en,0.3651483716638392,0.6348516283361608,3,10,1.0,0.20000000298023224,0.5245112497857819
333_r2,fr,0.9999999999817427,1.8257284573053312e-11,3,10,1.0,1.0,1.0
333_r2,ja,0.8366600265188001,0.16333997348119988,3,10,0.0,0.699999988079071,1.0
333_r2,zh,0.4472135954917929,0.5527864045082072,3,10,0.0,0.20000000298023224,1.0
333_r3,en,0.2784969577166314,0.7215030422833686,3,10,1.0,0.2666666805744171,0.3245112497866474
333_r3,fr,0.9486832980331933,0.05131670196680671,3,10,1.0,0.8999999761581421,1.0
333_r3,ja,0.6324555320221289,0.3675444679778711,3,10,0.0,0.4000000059604645,0.7245112497849162
333_r3,zh,0.4472135954917929,0.5527864045082072,3,10,0.0,0.20000000298023224,0.7245112497849162
333_r4,en,0.0,1.0,3,10,1.0,0.0,0.10000000000368914
333_r4,fr,0.4651245351332374,0.5348754648667626,3,10,1.0,0.6000000238418579,0.3245112497866474
333_r4,ja,0.8366600265188001,0.16333997348119988,3,10,0.0,0.699999988079071,1.0
333_r4,zh,0.5477225574951661,0.4522774425048339,3,10,0.0,0.30000001192092896,1.0
333_r5,en,0.0,1.0,3,10,1.0,0.0,0.3000000000028235
333_r5,fr,0.7185686001847857,0.28143139981521426,3,10,1.0,0.800000011920929,0.5245112497857819
333_r5,ja,0.5477225574951661,0.4522774425048339,3,10,0.0,0.30000001192092896,0.5245112497857819
333_r5,zh,0.6324555320221288,0.3675444679778712,3,10,0.0,0.4000000059604645,1.0
335_r1,en,0.718568600184485,0.281431399815515,3,10,1.0,0.699999988079071,0.5245112497857819
335_r1,fr,0.31622776601232444,0.6837722339876755,3,10,1.0,0.30000001192092896,0.5000000000019581
335_r1,ja,0.5477225574959562,0.4522774425040438,3,10,0.0,0.5,0.6000000000017313
335_r1,zh,6.578740317673447e-07,0.9999993421259682,3,10,0.0,0.10000000149011612,0.6000000000017313
335_r2,en,0.894427190983586,0.10557280901641397,3,10,1.0,0.800000011920929,1.0
335_r2,fr,0.5551309904735566,0.44486900952644337,3,10,1.0,0.5,0.3245112497866474
335_r2,ja,0.7745966692273415,0.2254033307726585,3,10,0.0,0.6000000238418579,1.0
335_r2,zh,0.5477225574951661,0.4522774425048339,3,10,0.0,0.30000001192092896,1.0
335_r3,en,0.0,1.0,3,10,1.0,0.0,0.5245112497857818
335_r3,fr,0.5477225574955612,0.4522774425044388,3,10,1.0,0.4000000059604645,0.40000000000259683
335_r3,ja,0.7745966692276206,0.2254033307723794,3,10,0.0,0.699999988079071,0.8000000000008656
335_r3,zh,0.5477225574951661,0.4522774425048339,3,10,0.0,0.30000001192092896,1.0
335_r4,en,0.7185686001847857,0.28143139981521426,3,10,1.0,0.800000011920929,0.5245112497857819
335_r4,fr,0.7071067811739437,0.29289321882605635,3,10,1.0,0.6000000238418579,0.6000000000017313
335_r4,ja,0.7745966692273415,0.2254033307726585,3,10,0.0,0.6000000238418579,1.0
335_r4,zh,0.0,1.0,3,10,0.0,0.0,1.0
335_r5,en,0.5477225574958936,0.4522774425041064,3,10,1.0,0.5,0.5000000000019581
335_r5,fr,0.7128607273348816,0.2871392726651184,3,10,1.0,0.6000000238418579,0.7245112497849162
335_r5,ja,0.7071067811736377,0.2928932188263623,3,10,0.0,0.5,1.0
335_r5,zh,0.4472135954917929,0.5527864045082072,3,10,0.0,0.20000000298023224,1.0
340_r1,en,0.0,1.0,3,10,1.0,0.0,0.10000000000368914
340_r1,fr,8.92696468468758e-07,0.9999991073035315,3,10,1.0,0.20000000298023224,0.30000000000282356
340_r1,ja,0.7071067811736377,0.2928932188263623,3,10,1.0,0.5,1.0
340_r1,zh,0.18257418583251214,0.8174258141674878,3,10,1.0,0.10000000149011612,0.5245112497857819
340_r2,en,0.7185686001847857,0.28143139981521426,3,10,1.0,0.800000011920929,0.5245112497857818
340_r2,fr,0.8463692061764693,0.15363079382353073,3,10,1.0,0.8999999761581421,0.7245112497849162
340_r2,ja,0.31622776601106445,0.6837722339889356,3,10,1.0,0.10000000149011612,0.5245112497857819
340_r2,zh,0.18257418583172202,0.817425814168278,3,10,1.0,0.03333333507180214,0.7245112497849162
340_r3,en,0.0,1.0,3,10,1.0,0.0,0.5245112497857819
340_r3,fr,0.7071067811739437,0.29289321882605635,3,10,1.0,0.6000000238418579,0.8000000000008656
340_r3,ja,0.7071067811739437,0.29289321882605635,3,10,1.0,0.6000000238418579,0.8000000000008656
340_r3,zh,0.18257418583172202,0.817425814168278,3,10,1.0,0.03333333507180214,0.8000000000008656
340_r4,en,0.9999999999817427,1.8257284573053312e-11,3,10,1.0,1.0,1.0
340_r4,fr,0.8944271909838276,0.10557280901617239,3,10,1.0,0.8999999761581421,0.8000000000008656
340_r4,ja,0.5477225574951661,0.4522774425048339,3,10,1.0,0.30000001192092896,1.0
340_r4,zh,0.0,1.0,3,10,1.0,0.0,1.0
340_r5,en,0.31622776601232444,0.6837722339876755,3,10,1.0,0.30000001192092896,0.10000000000368914
340_r5,fr,0.5624418487086695,0.43755815129133047,3,10,1.0,0.6000000238418579,0.3245112497866474
340_r5,ja,0.0,1.0,3,10,1.0,0.0,0.7245112497849162
340_r5,zh,0.0,1.0,3,10,1.0,0.0,0.7245112497849162
342_r1,en,0.31622776601164015,0.6837722339883598,3,10,1.0,0.20000000298023224,0.3000000000028235
342_r1,fr,0.44721359549268397,0.5527864045073161,3,10,1.0,0.4000000059604645,0.3000000000028235
342_r1,ja,0.6324555320224711,0.36754446797752893,3,10,1.0,0.5,0.8000000000008656
342_r1,zh,0.31622776601106445,0.6837722339889356,3,10,1.0,0.10000000149011612,0.7245112497849162
342_r2,en,0.0,1.0,3,10,1.0,0.0,0.5245112497857818
342_r2,fr,0.5477225574955611,0.4522774425044389,3,10,1.0,0.4000000059604645,0.6000000000017313
342_r2,ja,0.4472135954922769,0.5527864045077231,3,10,1.0,0.30000001192092896,0.5245112497857819
342_r2,zh,0.5477225574951661,0.4522774425048339,3,10,1.0,0.30000001192092896,1.0
342_r3,en,9.303743780584473e-07,0.9999990696256219,3,10,1.0,0.20000000298023224,0.30000000000282356
342_r3,fr,0.12783126843869552,0.8721687315613045,3,10,1.0,0.5,0.12451124978751298
342_r3,ja,0.4562569633307567,0.5437430366692433,3,10,1.0,0.4000000059604645,0.5245112497857819
342_r3,zh,0.4830458915308288,0.5169541084691712,3,10,1.0,0.23333333432674408,1.0
342_r4,en,0.3162277660130088,0.6837722339869912,3,10,1.0,0.4000000059604645,0.10000000000368914
342_r4,fr,0.0,1.0,3,10,1.0,0.0,0.5000000000019581
342_r4,ja,0.5477225574951661,0.4522774425048339,3,10,1.0,0.30000001192092896,1.0
342_r4,zh,0.5477225574951661,0.4522774425048339,3,10,1.0,0.30000001192092896,1.0
342_r5,en,0.32889271288961064,0.6711072871103894,3,10,1.0,0.4000000059604645,0.3245112497866474
342_r5,fr,1.4475157027949835e-06,0.9999985524842973,3,10,1.0,0.5,0.10000000000368914
342_r5,ja,0.5477225574951661,0.4522774425048339,3,10,1.0,0.30000001192092896,1.0
342_r5,zh,0.6324555320221288,0.3675444679778712,3,10,1.0,0.4000000059604645,1.0
343_r1,en,0.18257418583205443,0.8174258141679456,3,10,0.0,0.06666667014360428,0.10000000000368914
343_r1,fr,0.2581988897427265,0.7418011102572735,3,10,1.0,0.10000000149011612,0.5000000000019581
343_r1,ja,0.7850737756207621,0.21492622437923792,3,10,0.0,0.800000011920929,0.7245112497849162
343_r1,zh,0.5477225574951661,0.4522774425048339,3,10,0.0,0.30000001192092896,1.0
343_r2,en,0.26342008059947514,0.7365799194005249,3,10,0.0,0.23333333432674408,0.3245112497866474
343_r2,fr,5.371518976191752e-07,0.9999994628481024,3,10,1.0,0.06666667014360428,0.3000000000028235
343_r2,ja,0.894427190983586,0.10557280901641397,3,10,0.0,0.800000011920929,1.0
343_r2,zh,0.5163977794848942,0.4836022205151058,3,10,0.0,0.2666666805744171,1.0
343_r3,en,0.36514837166433767,0.6348516283356623,3,10,0.0,0.30000001192092896,0.5000000000019581
343_r3,fr,5.371518976191752e-07,0.9999994628481024,3,10,1.0,0.06666667014360428,0.30000000000282356
343_r3,ja,0.7071067811736377,0.2928932188263623,3,10,0.0,0.5,1.0
343_r3,zh,0.31622776601106445,0.6837722339889356,3,10,0.0,0.10000000149011612,0.8000000000008656
343_r4,en,3.7982374933374084e-07,0.9999996201762507,3,10,0.0,0.03333333507180214,0.10000000000368914
343_r4,fr,3.7982374933374084e-07,0.9999996201762507,3,10,1.0,0.03333333507180214,0.3000000000028235
343_r4,ja,0.4562569633307568,0.5437430366692432,3,10,0.0,0.4000000059604645,0.5245112497857819
343_r4,zh,0.5477225574951661,0.4522774425048339,3,10,0.0,0.30000001192092896,1.0
343_r5,en,0.3651483716641716,0.6348516283358284,3,10,0.0,0.2666666805744171,0.3000000000028235
343_r5,fr,5.153985463750656e-07,0.9999994846014536,3,10,1.0,0.06666667014360428,0.10000000000368914
343_r5,ja,0.8366600265188001,0.16333997348119988,3,10,0.0,0.699999988079071,1.0
343_r5,zh,0.31622776601129254,0.6837722339887075,3,10,0.0,0.13333334028720856,0.5245112497857818
349_r1,en,0.1825741858389779,0.8174258141610221,3,10,1.0,0.6666666865348816,0.10000000000368914
349_r1,fr,0.0,1.0,3,10,1.0,0.0,0.8000000000008656
349_r1,ja,0.6324555320224711,0.36754446797752893,3,10,1.0,0.5,0.5245112497857819
349_r1,zh,0.4472135954917929,0.5527864045082072,3,10,1.0,0.20000000298023224,1.0
349_r2,en,0.5913325346291559,0.4086674653708441,3,10,1.0,0.6333333253860474,0.5245112497857819
349_r2,fr,7.596474986674817e-07,0.9999992403525013,3,10,1.0,0.13333334028720856,0.3000000000028235
349_r2,ja,0.5477225574951662,0.4522774425048338,3,10,1.0,0.30000001192092896,1.0
349_r2,zh,0.0,1.0,3,10,1.0,0.0,1.0
349_r3,en,0.7071067811743517,0.29289321882564834,3,10,1.0,0.7333333492279053,0.6000000000017313
349_r3,fr,0.18257418583172202,0.817425814168278,3,10,1.0,0.03333333507180214,0.12451124978751298
349_r3,ja,0.5477225574951661,0.4522774425048339,3,10,1.0,0.30000001192092896,0.8000000000008656
349_r3,zh,0.4472135954917929,0.5527864045082072,3,10,1.0,0.20000000298023224,1.0
349_r4,en,0.22287702107484036,0.7771229789251597,3,10,1.0,0.6333333253860474,0.12451124978751298
349_r4,fr,0.0,1.0,3,10,1.0,0.0,0.3245112497866474
349_r4,ja,0.6388821617325591,0.3611178382674409,3,10,1.0,0.5,0.7245112497849162
349_r4,zh,0.31622776601106445,0.6837722339889356,3,10,1.0,0.10000000149011612,1.0
349_r5,en,0.4472135954934904,0.5527864045065096,3,10,1.0,0.5666666626930237,0.3000000000028235
349_r5,fr,3.7982374933374084e-07,0.9999996201762507,3,10,1.0,0.03333333507180214,0.12451124978751298
349_r5,ja,0.5477225574951661,0.4522774425048339,3,10,1.0,0.30000001192092896,0.5245112497857818
349_r5,zh,0.31622776601106445,0.6837722339889356,3,10,1.0,0.10000000149011612,1.0
352_r1,en,0.0,1.0,3,10,0.0,0.0,0.10000000000368914
352_r1,fr,6.03414238432249e-07,0.9999993965857615,3,10,0.0,0.10000000149011612,0.10000000000368914
352_r1,ja,0.31622776601106445,0.6837722339889356,3,10,0.0,0.10000000149011612,1.0
352_r1,zh,0.31622776601106445,0.6837722339889356,3,10,1.0,0.10000000149011612,1.0
352_r2,en,0.12783126843530984,0.8721687315646902,3,10,0.0,0.30000001192092896,0.12451124978751298
352_r2,fr,0.0,1.0,3,10,0.0,0.0,0.12451124978751298
352_r2,ja,0.0,1.0,3,10,0.0,0.0,1.0
352_r2,zh,0.5477225574951661,0.4522774425048339,3,10,1.0,0.30000001192092896,1.0
352_r3,en,0.0,1.0,3,10,0.0,0.0,0.3000000000028235
352_r3,fr,0.31622776601106445,0.6837722339889356,3,10,0.0,0.10000000149011612,0.3000000000028235
352_r3,ja,0.0,1.0,3,10,0.0,0.0,1.0
352_r3,zh,0.0,1.0,3,10,1.0,0.0,1.0
352_r4,en,0.0,1.0,3,10,0.0,0.0,0.12451124978751298
352_r4,fr,6.578740317673447e-07,0.9999993421259682,3,10,0.0,0.10000000149011612,0.10000000000368914
352_r4,ja,0.0,1.0,3,10,0.0,0.0,1.0
352_r4,zh,0.31622776601106445,0.6837722339889356,3,10,1.0,0.10000000149011612,1.0
352_r5,en,0.0,1.0,3,10,0.0,0.0,0.3000000000028235
352_r5,fr,6.578740317673447e-07,0.9999993421259682,3,10,0.0,0.10000000149011612,0.10000000000368914
352_r5,ja,0.0,1.0,3,10,0.0,0.0,1.0
352_r5,zh,0.0,1.0,3,10,1.0,0.0,0.7245112497849162
353_r1,en,1.3157480635346895e-06,0.9999986842519365,3,10,1.0,0.4000000059604645,0.10000000000368914
353_r1,fr,0.0,1.0,3,10,1.0,0.0,0.12451124978751298
353_r1,ja,0.0,1.0,3,10,0.0,0.0,0.7245112497849162
353_r1,zh,0.0,1.0,3,10,0.0,0.0,1.0
353_r2,en,0.5696588889616897,0.4303411110383103,3,10,1.0,0.6000000238418579,0.5245112497857819
353_r2,fr,9.303743780584473e-07,0.9999990696256219,3,10,1.0,0.20000000298023224,0.12451124978751298
353_r2,ja,0.0,1.0,3,10,0.0,0.0,0.5245112497857819
353_r2,zh,0.2581988897424471,0.7418011102575529,3,10,0.0,0.06666667014360428,1.0
353_r3,en,1.42359130768174e-06,0.9999985764086923,3,10,1.0,0.5,0.10000000000368914
353_r3,fr,0.0,1.0,3,10,1.0,0.0,0.3245112497866474
353_r3,ja,0.09039035675708842,0.9096096432429116,3,10,0.0,0.10000000149011612,0.7245112497849162
353_r3,zh,0.0,1.0,3,10,0.0,0.0,0.8000000000008656
353_r4,en,0.12783126843869552,0.8721687315613045,3,10,1.0,0.5,0.12451124978751298
353_r4,fr,0.0,1.0,3,10,1.0,0.0,0.10000000000368914
353_r4,ja,0.0,1.0,3,10,0.0,0.0,0.7245112497849162
353_r4,zh,0.2581988897424471,0.7418011102575529,3,10,0.0,0.06666667014360428,0.7245112497849162
353_r5,en,0.44721359549220013,0.5527864045077999,3,10,1.0,0.30000001192092896,0.3000000000028235
353_r5,fr,6.578740317673447e-07,0.9999993421259682,3,10,1.0,0.10000000149011612,0.3245112497866474
353_r5,ja,0.0,1.0,3,10,0.0,0.0,0.7245112497849162
353_r5,zh,0.0,1.0,3,10,0.0,0.0,1.0
354_r1,en,0.3162277660130088,0.6837722339869912,3,10,1.0,0.4000000059604645,0.10000000000368914
354_r1,fr,6.578740317673447e-07,0.9999993421259682,3,10,1.0,0.10000000149011612,0.3245112497866474
354_r1,ja,6.578740317673447e-07,0.9999993421259682,3,10,1.0,0.10000000149011612,0.8000000000008656
354_r1,zh,0.31622776601106445,0.6837722339889356,3,10,1.0,0.10000000149011612,1.0
354_r2,en,0.6452447854688494,0.35475521453115055,3,10,1.0,0.6000000238418579,0.5245112497857818
354_r2,fr,6.578740317673447e-07,0.9999993421259682,3,10,1.0,0.10000000149011612,0.3000000000028235
354_r2,ja,0.31622776601174873,0.6837722339882513,3,10,1.0,0.20000000298023224,0.40000000000259683
354_r2,zh,6.578740317673447e-07,0.9999993421259682,3,10,1.0,0.10000000149011612,0.8000000000008656
354_r3,en,0.4651245351332374,0.5348754648667626,3,10,1.0,0.6000000238418579,0.3245112497866474
354_r3,fr,6.578740317673447e-07,0.9999993421259682,3,10,1.0,0.10000000149011612,0.30000000000282356
354_r3,ja,6.578740317673447e-07,0.9999993421259682,3,10,1.0,0.10000000149011612,0.5245112497857819
354_r3,zh,0.4472135954917929,0.5527864045082072,3,10,1.0,0.20000000298023224,1.0
354_r4,en,0.5624418487082847,0.43755815129171527,3,10,1.0,0.5,0.3245112497866474
354_r4,fr,6.578740317673447e-07,0.9999993421259682,3,10,1.0,0.10000000149011612,0.10000000000368914
354_r4,ja,6.578740317673447e-07,0.9999993421259682,3,10,1.0,0.10000000149011612,0.6000000000017313
354_r4,zh,0.40824829045640937,0.5917517095435907,3,10,1.0,0.1666666716337204,0.8000000000008656
354_r5,en,0.4472135954931678,0.5527864045068323,3,10,1.0,0.5,0.3000000000028235
354_r5,fr,6.578740317673447e-07,0.9999993421259682,3,10,1.0,0.10000000149011612,0.3245112497866474
354_r5,ja,6.578740317673447e-07,0.9999993421259682,3,10,1.0,0.10000000149011612,0.6000000000017313
354_r5,zh,0.0,1.0,3,10,1.0,0.0,1.0
355_r1,en,0.48304589153095445,0.5169541084690455,3,10,0.0,0.2666666805744171,0.3000000000028235
355_r1,fr,6.578740317673447e-07,0.9999993421259682,3,10,1.0,0.10000000149011612,0.12451124978751298
355_r1,ja,0.31622776601174873,0.6837722339882513,3,10,1.0,0.20000000298023224,0.8000000000008656
355_r1,zh,0.0,1.0,3,10,0.0,0.0,0.7245112497849162
355_r2,en,0.18257418583633772,0.8174258141636623,3,10,0.0,0.4333333373069763,0.10000000000368914
355_r2,fr,0.0,1.0,3,10,1.0,0.0,0.8000000000008656
355_r2,ja,0.8366600265188001,0.16333997348119988,3,10,1.0,0.699999988079071,1.0
355_r2,zh,0.2581988897432852,0.7418011102567148,3,10,0.0,0.1666666716337204,0.8000000000008656
355_r3,en,0.19692708734345096,0.803072912656549,3,10,0.0,0.3333333432674408,0.12451124978751298
355_r3,fr,0.0,1.0,3,10,1.0,0.0,0.5000000000019581
355_r3,ja,0.6324555320221289,0.3675444679778711,3,10,1.0,0.4000000059604645,1.0
355_r3,zh,0.31622776601106445,0.6837722339889356,3,10,0.0,0.10000000149011612,1.0
355_r4,en,0.3162277660112925,0.6837722339887076,3,10,0.0,0.13333334028720856,0.40000000000259683
355_r4,fr,0.31622776601106445,0.6837722339889356,3,10,1.0,0.10000000149011612,0.8000000000008656
355_r4,ja,0.8366600265188001,0.16333997348119988,3,10,1.0,0.699999988079071,1.0
355_r4,zh,0.31622776601106445,0.6837722339889356,3,10,0.0,0.10000000149011612,0.7245112497849162
355_r5,en,0.31622776601174873,0.6837722339882513,3,10,0.0,0.20000000298023224,0.30000000000282356
355_r5,fr,7.444244909468061e-07,0.9999992555755091,3,10,1.0,0.13333334028720856,0.10000000000368914
355_r5,ja,0.6324555320221288,0.3675444679778712,3,10,1.0,0.4000000059604645,1.0
355_r5,zh,0.0,1.0,3,10,0.0,0.0,1.0
358_r1,en,0.31622776601311736,0.6837722339868826,3,10,1.0,0.4000000059604645,0.12451124978751298
358_r1,fr,0.34108772066160453,0.6589122793383955,3,10,1.0,0.4000000059604645,0.3245112497866474
358_r1,ja,0.31622776601174873,0.6837722339882513,3,10,1.0,0.20000000298023224,0.8000000000008656
358_r1,zh,0.31622776601106445,0.6837722339889356,3,10,0.0,0.10000000149011612,0.7245112497849162
358_r2,en,0.12783126843869552,0.8721687315613045,3,10,1.0,0.5,0.12451124978751298
358_r2,fr,0.4562569633312311,0.5437430366687689,3,10,1.0,0.5,0.5245112497857819
358_r2,ja,0.0,1.0,3,10,1.0,0.0,0.7245112497849162
358_r2,zh,0.0,1.0,3,10,0.0,0.0,0.8000000000008656
358_r3,en,0.35286151643621894,0.647138483563781,3,10,1.0,0.699999988079071,0.12451124978751298
358_r3,fr,9.303743780584473e-07,0.9999990696256219,3,10,1.0,0.20000000298023224,0.10000000000368914
358_r3,ja,0.0,1.0,3,10,1.0,0.0,0.6000000000017313
358_r3,zh,0.4472135954917929,0.5527864045082072,3,10,0.0,0.20000000298023224,1.0
358_r4,en,0.5477225574963515,0.45227744250364854,3,10,1.0,0.6000000238418579,0.40000000000259683
358_r4,fr,0.31622776601174873,0.6837722339882513,3,10,1.0,0.20000000298023224,0.12451124978751298
358_r4,ja,0.31622776601106445,0.6837722339889356,3,10,1.0,0.10000000149011612,0.6000000000017313
358_r4,zh,0.3162277660117488,0.6837722339882513,3,10,0.0,0.20000000298023224,0.5245112497857819
358_r5,en,0.44721359549316786,0.5527864045068321,3,10,1.0,0.5,0.5000000000019581
358_r5,fr,6.578740317673447e-07,0.9999993421259682,3,10,1.0,0.10000000149011612,0.12451124978751298
358_r5,ja,0.7071067811736377,0.2928932188263623,3,10,1.0,0.5,0.7245112497849162
358_r5,zh,0.0,1.0,3,10,0.0,0.0,1.0
359_r1,en,0.9486832980331933,0.05131670196680671,3,10,1.0,0.8999999761581421,1.0
359_r1,fr,5.371518976191752e-07,0.9999994628481024,3,10,1.0,0.06666667014360428,0.12451124978751298
359_r1,ja,0.36514837166344405,0.634851628336556,3,10,1.0,0.13333334028720856,1.0
359_r1,zh,5.371518976191752e-07,0.9999994628481024,3,10,1.0,0.06666667014360428,0.32451124978664747
359_r2,en,0.6452447854691848,0.35475521453081515,3,10,1.0,0.699999988079071,0.5245112497857818
359_r2,fr,0.3247259527552389,0.6752740472447611,3,10,1.0,0.1666666716337204,0.5245112497857818
359_r2,ja,0.36885878805752526,0.6311412119424747,3,10,1.0,0.30000001192092896,0.3245112497866474
359_r2,zh,0.36514837166344405,0.634851628336556,3,10,1.0,0.13333334028720856,1.0
359_r3,en,0.9486832980331933,0.05131670196680671,3,10,1.0,0.8999999761581421,1.0
359_r3,fr,0.0,1.0,3,10,1.0,0.0,0.8000000000008656
359_r3,ja,0.4472135954917929,0.5527864045082072,3,10,1.0,0.20000000298023224,1.0
359_r3,zh,0.36514837166344405,0.634851628336556,3,10,1.0,0.13333334028720856,0.6000000000017313
359_r4,en,0.7071067811739437,0.29289321882605635,3,10,1.0,0.6000000238418579,0.8000000000008656
359_r4,fr,0.36514837166364156,0.6348516283363584,3,10,1.0,0.1666666716337204,0.6000000000017313
359_r4,ja,0.07380341724490953,0.9261965827550904,3,10,1.0,0.20000000298023224,0.12451124978751298
359_r4,zh,0.4472135954917929,0.5527864045082072,3,10,1.0,0.20000000298023224,1.0
359_r5,en,0.9999999999817427,1.8257284573053312e-11,3,10,1.0,1.0,1.0
359_r5,fr,0.2581988897424471,0.7418011102575529,3,10,1.0,0.06666667014360428,0.5245112497857818
359_r5,ja,0.5163977794848941,0.48360222051510593,3,10,1.0,0.2666666805744171,1.0
359_r5,zh,0.31622776601152064,0.6837722339884793,3,10,1.0,0.1666666716337204,0.6000000000017313
364_r1,en,0.44721359549276085,0.5527864045072391,3,10,1.0,0.4000000059604645,0.40000000000259683
364_r1,fr,0.0,1.0,3,10,0.0,0.0,0.10000000000368914
364_r1,ja,0.4472135954917929,0.5527864045082072,3,10,0.0,0.20000000298023224,0.8000000000008656
364_r1,zh,0.36514837166344405,0.634851628336556,3,10,0.0,0.13333334028720856,1.0
364_r2,en,0.0,1.0,3,10,1.0,0.0,0.5000000000019581
364_r2,fr,0.0,1.0,3,10,0.0,0.0,0.30000000000282356
364_r2,ja,0.7071067811736377,0.2928932188263623,3,10,0.0,0.5,1.0
364_r2,zh,0.0,1.0,3,10,0.0,0.0,0.7245112497849162
364_r3,en,0.0,1.0,3,10,1.0,0.0,0.5000000000019581
364_r3,fr,0.0,1.0,3,10,0.0,0.0,0.3245112497866474
364_r3,ja,0.0,1.0,3,10,0.0,0.0,0.8000000000008656
364_r3,zh,0.0,1.0,3,10,0.0,0.0,0.8000000000008656
364_r4,en,0.0,1.0,3,10,1.0,0.0,0.12451124978751298
364_r4,fr,0.0,1.0,3,10,0.0,0.0,0.10000000000368914
364_r4,ja,0.31622776601106445,0.6837722339889356,3,10,0.0,0.10000000149011612,0.5245112497857819
364_r4,zh,0.2581988897424471,0.7418011102575529,3,10,0.0,0.06666667014360428,1.0
364_r5,en,0.0,1.0,3,10,1.0,0.0,0.3245112497866474
364_r5,fr,0.0,1.0,3,10,0.0,0.0,0.10000000000368914
364_r5,ja,0.5551309904735565,0.4448690095264435,3,10,0.0,0.5,0.5245112497857819
364_r5,zh,0.052186896805851306,0.9478131031941487,3,10,0.0,0.03333333507180214,0.7245112497849162
365_r1,en,6.03414238432249e-07,0.9999993965857615,3,10,0.0,0.10000000149011612,0.5000000000019581
365_r1,fr,0.2581988897427265,0.7418011102572735,3,10,0.0,0.10000000149011612,0.8000000000008656
365_r1,ja,0.4562569633302825,0.5437430366697176,3,10,0.0,0.30000001192092896,0.5245112497857819
365_r1,zh,0.2581988897424471,0.7418011102575529,3,10,0.0,0.06666667014360428,0.8000000000008656
365_r2,en,0.5477225574954986,0.4522774425045014,3,10,0.0,0.4000000059604645,0.5000000000019581
365_r2,fr,0.2581988897432852,0.7418011102567148,3,10,0.0,0.1666666716337204,0.3000000000028235
365_r2,ja,0.7745966692276207,0.22540333077237928,3,10,0.0,0.699999988079071,0.8000000000008656
365_r2,zh,0.3651483716640367,0.6348516283359633,3,10,0.0,0.23333333432674408,0.6000000000017313
365_r3,en,0.4472135954922769,0.5527864045077231,3,10,0.0,0.30000001192092896,0.3000000000028235
365_r3,fr,0.0738034172429548,0.9261965827570452,3,10,0.0,0.13333334028720856,0.12451124978751298
365_r3,ja,0.31622776601106445,0.6837722339889356,3,10,0.0,0.10000000149011612,0.8000000000008656
365_r3,zh,0.37253225058441697,0.627467749415583,3,10,0.0,0.3333333432674408,0.3245112497866474
365_r4,en,0.31622776601437735,0.6837722339856227,3,10,0.0,0.6000000238418579,0.10000000000368914
365_r4,fr,0.25819888974324084,0.7418011102567592,3,10,0.0,0.1666666716337204,0.5000000000019581
365_r4,ja,0.5477225574951661,0.4522774425048339,3,10,0.0,0.30000001192092896,0.8000000000008656
365_r4,zh,0.44721359549211553,0.5527864045078845,3,10,0.0,0.2666666805744171,0.8000000000008656
365_r5,en,0.4472135954927608,0.5527864045072393,3,10,0.0,0.4000000059604645,0.3000000000028235
365_r5,fr,0.0,1.0,3,10,0.0,0.0,0.10000000000368914
365_r5,ja,0.6324555320221289,0.3675444679778711,3,10,0.0,0.4000000059604645,1.0
365_r5,zh,0.44721359549211553,0.5527864045078845,3,10,0.0,0.2666666805744171,0.8000000000008656
367_r1,en,0.4472135954936517,0.5527864045063483,3,10,1.0,0.6000000238418579,0.30000000000282356
367_r1,fr,9.303743780584473e-07,0.9999990696256219,3,10,1.0,0.20000000298023224,0.10000000000368914
367_r1,ja,0.2581988897432852,0.7418011102567148,3,10,1.0,0.1666666716337204,0.6000000000017313
367_r1,zh,0.6582805885923649,0.34171941140763507,3,10,1.0,0.4333333373069763,1.0
367_r2,en,0.5477225574966839,0.45227744250331614,3,10,1.0,0.699999988079071,0.3000000000028235
367_r2,fr,0.3797725926415063,0.6202274073584937,3,10,1.0,0.3333333432674408,0.3245112497866474
367_r2,ja,0.36514837166344405,0.634851628336556,3,10,1.0,0.13333334028720856,1.0
367_r2,zh,0.5163977794848941,0.48360222051510593,3,10,1.0,0.2666666805744171,1.0
367_r3,en,1.42359130768174e-06,0.9999985764086923,3,10,1.0,0.5,0.10000000000368914
367_r3,fr,0.3651483716648269,0.6348516283351731,3,10,1.0,0.36666667461395264,0.40000000000259683
367_r3,ja,0.45024823396757657,0.5497517660324234,3,10,1.0,0.23333333432674408,0.7245112497849162
367_r3,zh,0.2581988897424471,0.7418011102575529,3,10,1.0,0.06666667014360428,0.8000000000008656
367_r4,en,0.7185686001850872,0.28143139981491283,3,10,1.0,0.8999999761581421,0.5245112497857819
367_r4,fr,0.3651483716647641,0.6348516283352359,3,10,1.0,0.36666667461395264,0.3000000000028235
367_r4,ja,0.4472135954917929,0.5527864045082072,3,10,1.0,0.20000000298023224,1.0
367_r4,zh,0.2581988897424471,0.7418011102575529,3,10,1.0,0.06666667014360428,1.0
367_r5,en,0.5477225574962886,0.4522774425037114,3,10,1.0,0.6000000238418579,0.3000000000028235
367_r5,fr,9.818704420059108e-07,0.999999018129558,3,10,1.0,0.23333333432674408,0.10000000000368914
367_r5,ja,0.31622776601106445,0.6837722339889356,3,10,1.0,0.10000000149011612,1.0
367_r5,zh,0.4472135954917929,0.5527864045082072,3,10,1.0,0.20000000298023224,1.0
368_r1,en,0.1278312684370027,0.8721687315629973,3,10,0.0,0.4000000059604645,0.12451124978751298
368_r1,fr,0.1825741858325122,0.8174258141674878,3,10,1.0,0.10000000149011612,0.3245112497866474
368_r1,ja,0.2581988897424471,0.7418011102575529,3,10,1.0,0.06666667014360428,1.0
368_r1,zh,0.31622776601106445,0.6837722339889356,3,10,0.0,0.10000000149011612,0.7245112497849162
368_r2,en,0.5477225574954986,0.4522774425045014,3,10,0.0,0.4000000059604645,0.3000000000028235
368_r2,fr,0.41486577474772485,0.5851342252522751,3,10,1.0,0.23333333432674408,0.5245112497857818
368_r2,ja,0.0738034172429548,0.9261965827570452,3,10,1.0,0.13333334028720856,0.5245112497857819
368_r2,zh,0.0,1.0,3,10,0.0,0.0,0.7245112497849162
368_r3,en,0.44721359549268397,0.5527864045073161,3,10,0.0,0.4000000059604645,0.3000000000028235
368_r3,fr,0.4082482904574134,0.5917517095425866,3,10,1.0,0.36666667461395264,0.30000000000282356
368_r3,ja,0.31622776601106445,0.6837722339889356,3,10,1.0,0.10000000149011612,1.0
368_r3,zh,0.31622776601106445,0.6837722339889356,3,10,0.0,0.10000000149011612,0.8000000000008656
368_r4,en,0.6324555320221288,0.3675444679778712,3,10,0.0,0.4000000059604645,0.5000000000019581
368_r4,fr,0.31622776601171254,0.6837722339882875,3,10,1.0,0.20000000298023224,0.3000000000028235
368_r4,ja,0.0,1.0,3,10,1.0,0.0,0.7245112497849162
368_r4,zh,6.578740317673447e-07,0.9999993421259682,3,10,0.0,0.10000000149011612,0.40000000000259683
368_r5,en,1.289381040718466e-06,0.9999987106189593,3,10,0.0,0.4000000059604645,0.10000000000368914
368_r5,fr,0.1825741858346946,0.8174258141653055,3,10,1.0,0.30000001192092896,0.10000000000368914
368_r5,ja,0.0,1.0,3,10,1.0,0.0,0.8000000000008656
368_r5,zh,0.0,1.0,3,10,0.0,0.0,1.0
371_r1,en,0.8366600265190589,0.1633399734809411,3,10,1.0,0.800000011920929,0.8000000000008656
371_r1,fr,0.6324555320221288,0.3675444679778712,3,10,1.0,0.4000000059604645,1.0
371_r1,ja,0.8366600265188001,0.16333997348119988,3,10,1.0,0.699999988079071,1.0
371_r1,zh,0.36514837166344405,0.634851628336556,3,10,1.0,0.13333334028720856,1.0
371_r2,en,0.8366600265190589,0.1633399734809411,3,10,1.0,0.800000011920929,0.8000000000008656
371_r2,fr,0.6324555320221289,0.3675444679778711,3,10,1.0,0.4000000059604645,1.0
371_r2,ja,0.718568600184485,0.281431399815515,3,10,1.0,0.699999988079071,0.7245112497849162
371_r2,zh,0.2581988897430058,0.7418011102569941,3,10,1.0,0.13333334028720856,0.8000000000008656
371_r3,en,0.7745966692273415,0.2254033307726585,3,10,1.0,0.6000000238418579,1.0
371_r3,fr,0.4562569633302825,0.5437430366697176,3,10,1.0,0.30000001192092896,0.7245112497849162
371_r3,ja,0.31622776601106445,0.6837722339889356,3,10,1.0,0.10000000149011612,1.0
371_r3,zh,0.0,1.0,3,10,1.0,0.0,0.8000000000008656
371_r4,en,0.8463692061764693,0.15363079382353073,3,10,1.0,0.8999999761581421,0.7245112497849162
371_r4,fr,0.5477225574951661,0.4522774425048339,3,10,1.0,0.30000001192092896,1.0
371_r4,ja,0.7745966692276207,0.22540333077237928,3,10,1.0,0.699999988079071,0.8000000000008656
371_r4,zh,0.18257418583172202,0.817425814168278,3,10,1.0,0.03333333507180214,1.0
371_r5,en,0.7745966692276206,0.2254033307723794,3,10,1.0,0.699999988079071,0.8000000000008656
371_r5,fr,0.3162277660117488,0.6837722339882513,3,10,1.0,0.20000000298023224,0.8000000000008656
371_r5,ja,0.7071067811745556,0.2928932188254444,3,10,1.0,0.800000011920929,0.6000000000017313
371_r5,zh,0.0,1.0,3,10,1.0,0.0,1.0
374_r1,en,0.718568600184485,0.281431399815515,3,10,1.0,0.699999988079071,0.5245112497857818
374_r1,fr,5.371518976191752e-07,0.9999994628481024,3,10,1.0,0.06666667014360428,0.32451124978664747
374_r1,ja,0.7745966692273415,0.2254033307726585,3,10,1.0,0.6000000238418579,1.0
374_r1,zh,0.5477225574951661,0.4522774425048339,3,10,1.0,0.30000001192092896,1.0
374_r2,en,0.31622776601232444,0.6837722339876755,3,10,1.0,0.30000001192092896,0.10000000000368914
374_r2,fr,5.371518976191752e-07,0.9999994628481024,3,10,1.0,0.06666667014360428,0.6000000000017313
374_r2,ja,0.6324555320221288,0.3675444679778712,3,10,1.0,0.4000000059604645,1.0
374_r2,zh,0.6324555320221288,0.3675444679778712,3,10,1.0,0.4000000059604645,1.0
374_r3,en,0.31622776601311736,0.6837722339868826,3,10,1.0,0.4000000059604645,0.10000000000368914
374_r3,fr,5.371518976191752e-07,0.9999994628481024,3,10,1.0,0.06666667014360428,0.32451124978664747
374_r3,ja,0.6324555320224711,0.36754446797752893,3,10,1.0,0.5,0.5245112497857819
374_r3,zh,0.5477225574951662,0.4522774425048338,3,10,1.0,0.30000001192092896,1.0
374_r4,en,1.1394712480012226e-06,0.999998860528752,3,10,1.0,0.30000001192092896,0.40000000000259683
374_r4,fr,0.18257418583436225,0.8174258141656378,3,10,1.0,0.2666666805744171,0.10000000000368914
374_r4,ja,0.6324555320224711,0.36754446797752893,3,10,1.0,0.5,0.5245112497857818
374_r4,zh,0.5477225574951661,0.4522774425048339,3,10,1.0,0.30000001192092896,0.7245112497849162
374_r5,en,0.4651245351332373,0.5348754648667626,3,10,1.0,0.6000000238418579,0.3245112497866474
374_r5,fr,0.1825741858329073,0.8174258141670927,3,10,1.0,0.13333334028720856,0.12451124978751298
374_r5,ja,0.5477225574951661,0.4522774425048339,3,10,1.0,0.30000001192092896,0.5245112497857818
374_r5,zh,0.4472135954917929,0.5527864045082072,3,10,1.0,0.20000000298023224,1.0
376_r1,en,0.6452447854691848,0.35475521453081515,3,10,1.0,0.699999988079071,0.5245112497857818
376_r1,fr,0.8463692061764693,0.15363079382353073,3,10,1.0,0.8999999761581421,0.7245112497849162
376_r1,ja,0.6388821617325591,0.3611178382674409,3,10,1.0,0.5,0.7245112497849162
376_r1,zh,0.4082482904564095,0.5917517095435905,3,10,1.0,0.1666666716337204,0.8000000000008656
376_r2,en,0.7185686001847857,0.28143139981521426,3,10,1.0,0.800000011920929,0.5245112497857818
376_r2,fr,0.44721359549276085,0.5527864045072391,3,10,1.0,0.4000000059604645,0.30000000000282356
376_r2,ja,0.31622776601106445,0.6837722339889356,3,10,1.0,0.10000000149011612,1.0
376_r2,zh,0.31622776601106445,0.6837722339889356,3,10,1.0,0.10000000149011612,1.0
376_r3,en,0.7071067811738951,0.29289321882610486,3,10,1.0,0.6000000238418579,0.5000000000019581
376_r3,fr,0.9999999999817427,1.8257284573053312e-11,3,10,1.0,1.0,1.0
376_r3,ja,0.7071067811736377,0.2928932188263623,3,10,1.0,0.5,1.0
376_r3,zh,0.31622776601106445,0.6837722339889356,3,10,1.0,0.10000000149011612,0.7245112497849162
376_r4,en,0.5624418487090541,0.4375581512909459,3,10,1.0,0.699999988079071,0.32451124978664747
376_r4,fr,0.7745966692279002,0.22540333077209984,3,10,1.0,0.800000011920929,0.6000000000017313
376_r4,ja,0.6324555320221288,0.3675444679778712,3,10,1.0,0.4000000059604645,1.0
376_r4,zh,0.2581988897424471,0.7418011102575529,3,10,1.0,0.06666667014360428,1.0
376_r5,en,0.7745966692279002,0.22540333077209984,3,10,1.0,0.800000011920929,0.6000000000017313
376_r5,fr,0.9486832980331933,0.05131670196680671,3,10,1.0,0.8999999761581421,1.0
376_r5,ja,0.4472135954917929,0.5527864045082072,3,10,1.0,0.20000000298023224,1.0
376_r5,zh,0.0,1.0,3,10,1.0,0.0,1.0
380_r1,en,0.5672634111021748,0.4327365888978252,3,10,1.0,0.6666666865348816,0.32451124978664747
380_r1,fr,0.3162277660138016,0.6837722339861985,3,10,1.0,0.5,0.40000000000259683
380_r1,ja,0.894427190983586,0.10557280901641397,3,10,1.0,0.800000011920929,1.0
380_r1,zh,0.6324555320221288,0.3675444679778712,3,10,1.0,0.4000000059604645,1.0
380_r2,en,0.5477225574951662,0.4522774425048338,3,10,1.0,0.30000001192092896,0.8000000000008656
380_r2,fr,0.4472135954940587,0.5527864045059413,3,10,1.0,0.699999988079071,0.3000000000028235
380_r2,ja,0.7071067811736377,0.2928932188263623,3,10,1.0,0.5,0.7245112497849162
380_r2,zh,0.5477225574955612,0.4522774425044388,3,10,1.0,0.4000000059604645,0.8000000000008656
380_r3,en,0.7527726526953374,0.24722734730466256,3,10,1.0,0.5666666626930237,1.0
380_r3,fr,0.7185686001847857,0.28143139981521426,3,10,1.0,0.800000011920929,0.5245112497857818
380_r3,ja,0.8366600265188001,0.16333997348119988,3,10,1.0,0.699999988079071,1.0
380_r3,zh,0.6324555320221288,0.3675444679778712,3,10,1.0,0.4000000059604645,1.0
380_r4,en,0.5163977794855926,0.4836022205144074,3,10,1.0,0.4333333373069763,0.8000000000008656
380_r4,fr,0.6452447854691848,0.35475521453081515,3,10,1.0,0.699999988079071,0.5245112497857818
380_r4,ja,0.7071067811736377,0.2928932188263623,3,10,1.0,0.5,1.0
380_r4,zh,0.894427190983586,0.10557280901641397,3,10,1.0,0.800000011920929,1.0
380_r5,en,0.6831300510517122,0.3168699489482878,3,10,1.0,0.5333333611488342,0.8000000000008656
380_r5,fr,0.09039035676427058,0.9096096432357295,3,10,1.0,0.4000000059604645,0.12451124978751298
380_r5,ja,0.7071067811742496,0.29289321882575037,3,10,1.0,0.699999988079071,0.6000000000017313
380_r5,zh,0.8366600265188001,0.16333997348119988,3,10,1.0,0.699999988079071,1.0
381_r1,en,0.0,1.0,3,10,1.0,0.0,0.5245112497857819
381_r1,fr,0.0,1.0,3,10,1.0,0.0,0.30000000000282356
381_r1,ja,0.894427190983586,0.10557280901641397,3,10,1.0,0.800000011920929,1.0
381_r1,zh,0.0,1.0,3,10,1.0,0.0,1.0
381_r2,en,6.578740317673447e-07,0.9999993421259682,3,10,1.0,0.10000000149011612,0.5000000000019581
381_r2,fr,6.578740317673447e-07,0.9999993421259682,3,10,1.0,0.10000000149011612,0.30000000000282356
381_r2,ja,0.6324555320221288,0.3675444679778712,3,10,1.0,0.4000000059604645,0.8000000000008656
381_r2,zh,0.31622776601106445,0.6837722339889356,3,10,1.0,0.10000000149011612,1.0
381_r3,en,0.0,1.0,3,10,1.0,0.0,0.7000000000010924
381_r3,fr,6.578740317673447e-07,0.9999993421259682,3,10,1.0,0.10000000149011612,0.12451124978751298
381_r3,ja,0.0,1.0,3,10,1.0,0.0,0.8000000000008656
381_r3,zh,0.0,1.0,3,10,1.0,0.0,1.0
381_r4,en,0.3410877206622389,0.6589122793377611,3,10,1.0,0.5,0.3245112497866474
381_r4,fr,0.4472135954917929,0.5527864045082072,3,10,1.0,0.20000000298023224,0.5000000000019581
381_r4,ja,0.5477225574955612,0.4522774425044388,3,10,1.0,0.4000000059604645,0.8000000000008656
381_r4,zh,0.4472135954917929,0.5527864045082072,3,10,1.0,0.20000000298023224,1.0
381_r5,en,0.31622776601106445,0.6837722339889356,3,10,1.0,0.10000000149011612,0.5000000000019581
381_r5,fr,0.0,1.0,3,10,1.0,0.0,0.5000000000019581
381_r5,ja,0.6388821617325591,0.3611178382674409,3,10,1.0,0.5,0.5245112497857819
381_r5,zh,0.4082482904564095,0.5917517095435905,3,10,1.0,0.1666666716337204,1.0
385_r1,en,0.6452447854691847,0.35475521453081527,3,10,1.0,0.699999988079071,0.5245112497857819
385_r1,fr,0.9999999999817427,1.8257284573053312e-11,3,10,1.0,1.0,1.0
385_r1,ja,0.44721359549276085,0.5527864045072391,3,10,1.0,0.4000000059604645,0.5000000000019581
385_r1,zh,0.5477225574951661,0.4522774425048339,3,10,1.0,0.30000001192092896,1.0
385_r2,en,0.6324555320227588,0.36754446797724116,3,10,1.0,0.6000000238418579,0.5000000000019581
385_r2,fr,0.7745966692279002,0.22540333077209984,3,10,1.0,0.800000011920929,0.6000000000017313
385_r2,ja,0.7745966692273415,0.2254033307726585,3,10,1.0,0.6000000238418579,1.0
385_r2,zh,0.4472135954917929,0.5527864045082072,3,10,1.0,0.20000000298023224,1.0
385_r3,en,0.8944271909838278,0.10557280901617216,3,10,1.0,0.8999999761581421,0.8000000000008656
385_r3,fr,0.8366600265190589,0.1633399734809411,3,10,1.0,0.800000011920929,0.8000000000008656
385_r3,ja,0.31622776601106445,0.6837722339889356,3,10,1.0,0.10000000149011612,0.8000000000008656
385_r3,zh,0.5477225574951661,0.4522774425048339,3,10,1.0,0.30000001192092896,1.0
385_r4,en,0.9999999999817427,1.8257284573053312e-11,3,10,1.0,1.0,1.0
385_r4,fr,0.7745966692279002,0.22540333077209984,3,10,1.0,0.800000011920929,0.6000000000017313
385_r4,ja,0.7071067811736377,0.2928932188263623,3,10,1.0,0.5,1.0
385_r4,zh,0.6324555320221288,0.3675444679778712,3,10,1.0,0.4000000059604645,1.0
385_r5,en,0.8944271909838276,0.10557280901617239,3,10,1.0,0.8999999761581421,0.8000000000008656
385_r5,fr,0.6452447854691848,0.35475521453081515,3,10,1.0,0.699999988079071,0.5245112497857818
385_r5,ja,0.4472135954917929,0.5527864045082072,3,10,1.0,0.20000000298023224,0.40000000000259683
385_r5,zh,0.5477225574951661,0.4522774425048339,3,10,1.0,0.30000001192092896,1.0
388_r1,en,0.5477225574959562,0.4522774425040438,3,10,1.0,0.5,0.40000000000259683
388_r1,fr,0.7071067811745556,0.2928932188254444,3,10,1.0,0.800000011920929,0.6000000000017313
388_r1,ja,0.6324555320221288,0.3675444679778712,3,10,1.0,0.4000000059604645,1.0
388_r1,zh,0.8366600265188001,0.16333997348119988,3,10,0.0,0.699999988079071,1.0
388_r2,en,1.1089207485165086e-06,0.9999988910792514,3,10,1.0,0.30000001192092896,0.10000000000368914
388_r2,fr,0.894427190983586,0.10557280901641397,3,10,1.0,0.800000011920929,1.0
388_r2,ja,0.5477225574951661,0.4522774425048339,3,10,1.0,0.30000001192092896,1.0
388_r2,zh,0.0,1.0,3,10,0.0,0.0,1.0
388_r3,en,0.4472135954922769,0.5527864045077231,3,10,1.0,0.30000001192092896,0.3000000000028235
388_r3,fr,0.5624418487082847,0.43755815129171527,3,10,1.0,0.5,0.5245112497857819
388_r3,ja,0.4472135954917929,0.5527864045082072,3,10,1.0,0.20000000298023224,1.0
388_r3,zh,0.4472135954917929,0.5527864045082072,3,10,0.0,0.20000000298023224,1.0
388_r4,en,0.5477225574962885,0.4522774425037115,3,10,1.0,0.6000000238418579,0.3000000000028235
388_r4,fr,0.31622776601106445,0.6837722339889356,3,10,1.0,0.10000000149011612,0.3000000000028235
388_r4,ja,0.5551309904731668,0.44486900952683317,3,10,1.0,0.4000000059604645,0.7245112497849162
388_r4,zh,0.5477225574951661,0.4522774425048339,3,10,0.0,0.30000001192092896,1.0
388_r5,en,0.6324555320227588,0.36754446797724116,3,10,1.0,0.6000000238418579,0.5000000000019581
388_r5,fr,0.3162277660130088,0.6837722339869912,3,10,1.0,0.4000000059604645,0.30000000000282356
388_r5,ja,0.7745966692273415,0.2254033307726585,3,10,1.0,0.6000000238418579,1.0
388_r5,zh,0.6324555320221289,0.3675444679778711,3,10,0.0,0.4000000059604645,1.0
389_r1,en,0.6452447854688494,0.35475521453115055,3,10,0.0,0.6000000238418579,0.5245112497857819
389_r1,fr,0.1825741858325122,0.8174258141674878,3,10,0.0,0.10000000149011612,0.3000000000028235
389_r1,ja,0.7071067811736377,0.2928932188263623,3,10,0.0,0.5,1.0
389_r1,zh,0.2581988897424471,0.7418011102575529,3,10,0.0,0.06666667014360428,1.0
389_r2,en,8.92696468468758e-07,0.9999991073035315,3,10,0.0,0.20000000298023224,0.10000000000368914
389_r2,fr,5.371518976191752e-07,0.9999994628481024,3,10,0.0,0.06666667014360428,0.10000000000368914
389_r2,ja,0.31622776601106445,0.6837722339889356,3,10,0.0,0.10000000149011612,0.8000000000008656
389_r2,zh,0.0,1.0,3,10,0.0,0.0,1.0
389_r3,en,0.44721359549220013,0.5527864045077999,3,10,0.0,0.30000001192092896,0.5000000000019581
389_r3,fr,0.0,1.0,3,10,0.0,0.0,0.10000000000368914
389_r3,ja,0.8366600265188001,0.16333997348119988,3,10,0.0,0.699999988079071,1.0
389_r3,zh,0.2581988897424471,0.7418011102575529,3,10,0.0,0.06666667014360428,1.0
389_r4,en,0.8366600265188001,0.16333997348119988,3,10,0.0,0.699999988079071,0.8000000000008656
389_r4,fr,5.371518976191752e-07,0.9999994628481024,3,10,0.0,0.06666667014360428,0.10000000000368914
389_r4,ja,0.5551309904735565,0.4448690095264435,3,10,0.0,0.5,0.5245112497857819
389_r4,zh,0.0,1.0,3,10,0.0,0.0,1.0
389_r5,en,0.31622776601106445,0.6837722339889356,3,10,0.0,0.10000000149011612,0.3245112497866474
389_r5,fr,0.1825741858325122,0.8174258141674878,3,10,0.0,0.10000000149011612,0.6000000000017313
389_r5,ja,0.6324555320221288,0.3675444679778712,3,10,0.0,0.4000000059604645,1.0
389_r5,zh,0.18257418583172202,0.817425814168278,3,10,0.0,0.03333333507180214,1.0
391_r1,en,6.03414238432249e-07,0.9999993965857615,3,10,1.0,0.10000000149011612,0.3000000000028235
391_r1,fr,0.0,1.0,3,10,0.0,0.0,0.6000000000017313
391_r1,ja,0.8366600265188001,0.16333997348119988,3,10,1.0,0.699999988079071,1.0
391_r1,zh,0.4472135954917929,0.5527864045082072,3,10,1.0,0.20000000298023224,1.0
391_r2,en,0.0,1.0,3,10,1.0,0.0,0.12451124978751298
391_r2,fr,1.0775043981160182e-06,0.9999989224956018,3,10,0.0,0.30000001192092896,0.10000000000368914
391_r2,ja,0.6324555320221288,0.3675444679778712,3,10,1.0,0.4000000059604645,1.0
391_r2,zh,0.5477225574951661,0.4522774425048339,3,10,1.0,0.30000001192092896,1.0
391_r3,en,0.47382618097524315,0.5261738190247569,3,10,1.0,0.699999988079071,0.32451124978664747
391_r3,fr,0.1278312684353098,0.8721687315646902,3,10,0.0,0.30000001192092896,0.3245112497866474
391_r3,ja,0.9486832980331933,0.05131670196680671,3,10,1.0,0.8999999761581421,1.0
391_r3,zh,0.31622776601106445,0.6837722339889356,3,10,1.0,0.10000000149011612,1.0
391_r4,en,0.44721359549316786,0.5527864045068321,3,10,1.0,0.5,0.30000000000282356
391_r4,fr,0.0,1.0,3,10,0.0,0.0,0.8000000000008656
391_r4,ja,0.5477225574955612,0.4522774425044388,3,10,1.0,0.4000000059604645,0.6000000000017313
391_r4,zh,0.0,1.0,3,10,1.0,0.0,0.8000000000008656
391_r5,en,0.0,1.0,3,10,1.0,0.0,0.3000000000028235
391_r5,fr,8.92696468468758e-07,0.9999991073035315,3,10,0.0,0.20000000298023224,0.3000000000028235
391_r5,ja,0.5696588889620697,0.43034111103793027,3,10,1.0,0.699999988079071,0.3245112497866474
391_r5,zh,0.5477225574951662,0.4522774425048338,3,10,1.0,0.30000001192092896,0.6000000000017313
395_r1,en,0.09039035675948248,0.9096096432405175,3,10,1.0,0.20000000298023224,0.5245112497857818
395_r1,fr,9.303743780584473e-07,0.9999990696256219,3,10,1.0,0.20000000298023224,0.10000000000368914
395_r1,ja,0.4472135954917929,0.5527864045082072,3,10,1.0,0.20000000298023224,1.0
395_r1,zh,0.31622776601106445,0.6837722339889356,3,10,1.0,0.10000000149011612,0.7245112497849162
395_r2,en,0.5477225574958936,0.4522774425041064,3,10,1.0,0.5,0.5000000000019581
395_r2,fr,8.92696468468758e-07,0.9999991073035315,3,10,1.0,0.20000000298023224,0.30000000000282356
395_r2,ja,0.7071067811736377,0.2928932188263623,3,10,1.0,0.5,1.0
395_r2,zh,0.5477225574951661,0.4522774425048339,3,10,1.0,0.30000001192092896,0.7245112497849162
395_r3,en,0.4651245351332373,0.5348754648667626,3,10,1.0,0.6000000238418579,0.3245112497866474
395_r3,fr,6.578740317673447e-07,0.9999993421259682,3,10,1.0,0.10000000149011612,0.32451124978664747
395_r3,ja,0.5551309904731668,0.44486900952683317,3,10,1.0,0.4000000059604645,0.7245112497849162
395_r3,zh,0.4472135954917929,0.5527864045082072,3,10,1.0,0.20000000298023224,1.0
395_r4,en,0.44721359549220013,0.5527864045077999,3,10,1.0,0.30000001192092896,0.5000000000019581
395_r4,fr,6.578740317673447e-07,0.9999993421259682,3,10,1.0,0.10000000149011612,0.30000000000282356
395_r4,ja,0.7071067811736377,0.2928932188263623,3,10,1.0,0.5,0.7245112497849162
395_r4,zh,0.5477225574951662,0.4522774425048338,3,10,1.0,0.30000001192092896,1.0
395_r5,en,0.4651245351327719,0.534875464867228,3,10,1.0,0.5,0.3245112497866474
395_r5,fr,0.4472135954917929,0.5527864045082072,3,10,1.0,0.20000000298023224,0.3245112497866474
395_r5,ja,0.4562569633302825,0.5437430366697176,3,10,1.0,0.30000001192092896,0.7245112497849162
395_r5,zh,0.31622776601106445,0.6837722339889356,3,10,1.0,0.10000000149011612,0.5245112497857818
401_r1,en,0.0,1.0,3,10,0.0,0.0,0.10000000000368914
401_r1,fr,6.578740317673447e-07,0.9999993421259682,3,10,1.0,0.10000000149011612,0.12451124978751298
401_r1,ja,0.0,1.0,3,10,0.0,0.0,1.0
401_r1,zh,0.0,1.0,3,10,0.0,0.0,0.8000000000008656
401_r2,en,4.926856625630388e-07,0.9999995073143374,3,10,0.0,0.06666667014360428,0.3000000000028235
401_r2,fr,6.402356926659675e-07,0.9999993597643073,3,10,1.0,0.10000000149011612,0.30000000000282356
401_r2,ja,0.4472135954917929,0.5527864045082072,3,10,0.0,0.20000000298023224,0.8000000000008656
401_r2,zh,0.0,1.0,3,10,0.0,0.0,1.0
401_r3,en,0.0,1.0,3,10,0.0,0.0,0.30000000000282356
401_r3,fr,0.41486577474772485,0.5851342252522751,3,10,1.0,0.23333333432674408,0.7245112497849162
401_r3,ja,0.0,1.0,3,10,0.0,0.0,1.0
401_r3,zh,0.0,1.0,3,10,0.0,0.0,1.0
401_r4,en,0.07380341724100006,0.926196582759,3,10,0.0,0.06666667014360428,0.3245112497866474
401_r4,fr,0.0,1.0,3,10,1.0,0.0,0.10000000000368914
401_r4,ja,0.0,1.0,3,10,0.0,0.0,0.8000000000008656
401_r4,zh,6.578740317673447e-07,0.9999993421259682,3,10,0.0,0.10000000149011612,0.8000000000008656
401_r5,en,0.0,1.0,3,10,0.0,0.0,0.3245112497866474
401_r5,fr,0.0,1.0,3,10,1.0,0.0,0.3000000000028235
401_r5,ja,0.0,1.0,3,10,0.0,0.0,0.5245112497857818
401_r5,zh,0.31622776601106445,0.6837722339889356,3,10,0.0,0.10000000149011612,1.0
408_r1,en,0.3410877206635078,0.6589122793364922,3,10,1.0,0.699999988079071,0.12451124978751298
408_r1,fr,0.8366600265188001,0.16333997348119988,3,10,1.0,0.699999988079071,1.0
408_r1,ja,0.31622776601243313,0.6837722339875669,3,10,1.0,0.30000001192092896,0.40000000000259683
408_r1,zh,0.31622776601106445,0.6837722339889356,3,10,1.0,0.10000000149011612,1.0
408_r2,en,0.316227766013693,0.683772233986307,3,10,1.0,0.5,0.10000000000368914
408_r2,fr,0.44721359549220013,0.5527864045077999,3,10,1.0,0.30000001192092896,0.5000000000019581
408_r2,ja,0.0,1.0,3,10,1.0,0.0,1.0
408_r2,zh,0.36514837166344405,0.634851628336556,3,10,1.0,0.13333334028720856,1.0
408_r3,en,1.3157480635346895e-06,0.9999986842519365,3,10,1.0,0.4000000059604645,0.12451124978751298
408_r3,fr,0.7745966692276207,0.22540333077237928,3,10,1.0,0.699999988079071,0.8000000000008656
408_r3,ja,0.0,1.0,3,10,1.0,0.0,1.0
408_r3,zh,0.4472135954917929,0.5527864045082072,3,10,1.0,0.20000000298023224,1.0
408_r4,en,0.4651245351323068,0.5348754648676932,3,10,1.0,0.4000000059604645,0.3245112497866474
408_r4,fr,0.127831268433617,0.872168731566383,3,10,1.0,0.20000000298023224,0.12451124978751298
408_r4,ja,0.7071067811736377,0.2928932188263623,3,10,1.0,0.5,1.0
408_r4,zh,0.31622776601106445,0.6837722339889356,3,10,1.0,0.10000000149011612,1.0
408_r5,en,0.5477225574958936,0.4522774425041064,3,10,1.0,0.5,0.3000000000028235
408_r5,fr,0.7850737756207621,0.21492622437923792,3,10,1.0,0.800000011920929,0.7245112497849162
408_r5,ja,0.8366600265188001,0.16333997348119988,3,10,1.0,0.699999988079071,0.8000000000008656
408_r5,zh,0.31622776601106445,0.6837722339889356,3,10,1.0,0.10000000149011612,1.0
412_r1,en,0.5477225574951661,0.4522774425048339,3,10,1.0,0.30000001192092896,0.5000000000019581
412_r1,fr,1.1394712480012226e-06,0.999998860528752,3,10,1.0,0.30000001192092896,0.40000000000259683
412_r1,ja,0.0,1.0,3,10,0.0,0.0,0.6000000000017313
412_r1,zh,0.5477225574951661,0.4522774425048339,3,10,1.0,0.30000001192092896,1.0
412_r2,en,0.5624418487086695,0.43755815129133047,3,10,1.0,0.6000000238418579,0.3245112497866474
412_r2,fr,0.0,1.0,3,10,1.0,0.0,0.12451124978751298
412_r2,ja,0.0,1.0,3,10,0.0,0.0,1.0
412_r2,zh,0.5477225574951661,0.4522774425048339,3,10,1.0,0.30000001192092896,0.8000000000008656
412_r3,en,0.5477225574958936,0.4522774425041064,3,10,1.0,0.5,0.3000000000028235
412_r3,fr,0.5551309904739464,0.44486900952605357,3,10,1.0,0.6000000238418579,0.3245112497866474
412_r3,ja,3.7982374933374084e-07,0.9999996201762507,3,10,0.0,0.03333333507180214,0.6000000000017313
412_r3,zh,0.4472135954922769,0.5527864045077231,3,10,1.0,0.30000001192092896,0.8000000000008656
412_r4,en,0.12783126843869552,0.8721687315613045,3,10,1.0,0.5,0.12451124978751298
412_r4,fr,0.3162277660130088,0.6837722339869912,3,10,1.0,0.4000000059604645,0.10000000000368914
412_r4,ja,0.0,1.0,3,10,0.0,0.0,1.0
412_r4,zh,0.2581988897424471,0.7418011102575529,3,10,1.0,0.06666667014360428,1.0
412_r5,en,0.6452447854691848,0.35475521453081515,3,10,1.0,0.699999988079071,0.5245112497857819
412_r5,fr,0.31622776601311736,0.6837722339868826,3,10,1.0,0.4000000059604645,0.10000000000368914
412_r5,ja,0.18257418583211713,0.8174258141678828,3,10,0.0,0.06666667014360428,0.8000000000008656
412_r5,zh,0.7071067811736377,0.2928932188263623,3,10,1.0,0.5,1.0
413_r1,en,0.44721359549316786,0.5527864045068321,3,10,1.0,0.5,0.3000000000028235
413_r1,fr,0.9486832980331933,0.05131670196680671,3,10,1.0,0.8999999761581421,1.0
413_r1,ja,6.578740317673447e-07,0.9999993421259682,3,10,1.0,0.10000000149011612,0.6000000000017313
413_r1,zh,0.31622776601106445,0.6837722339889356,3,10,1.0,0.10000000149011612,1.0
413_r2,en,0.5624418487090542,0.4375581512909458,3,10,1.0,0.699999988079071,0.3245112497866474
413_r2,fr,0.8463692061764693,0.15363079382353073,3,10,1.0,0.8999999761581421,0.7245112497849162
413_r2,ja,0.8366600265188001,0.16333997348119988,3,10,1.0,0.699999988079071,1.0
413_r2,zh,0.4472135954917929,0.5527864045082072,3,10,1.0,0.20000000298023224,1.0
413_r3,en,0.7071067811739437,0.29289321882605635,3,10,1.0,0.6000000238418579,0.6000000000017313
413_r3,fr,0.8944271909838276,0.10557280901617239,3,10,1.0,0.8999999761581421,0.8000000000008656
413_r3,ja,0.0,1.0,3,10,1.0,0.0,0.5245112497857819
413_r3,zh,0.31622776601106445,0.6837722339889356,3,10,1.0,0.10000000149011612,0.8000000000008656
413_r4,en,0.6452447854691848,0.35475521453081515,3,10,1.0,0.699999988079071,0.5245112497857818
413_r4,fr,0.7185686001847857,0.28143139981521426,3,10,1.0,0.800000011920929,0.5245112497857818
413_r4,ja,0.894427190983586,0.10557280901641397,3,10,1.0,0.800000011920929,1.0
413_r4,zh,0.31622776601106445,0.6837722339889356,3,10,1.0,0.10000000149011612,0.7245112497849162
413_r5,en,0.6324555320224711,0.36754446797752893,3,10,1.0,0.5,0.5000000000019581
413_r5,fr,0.7071067811739437,0.29289321882605635,3,10,1.0,0.6000000238418579,0.5245112497857819
413_r5,ja,0.7071067811736377,0.2928932188263623,3,10,1.0,0.5,0.8000000000008656
413_r5,zh,0.4472135954917929,0.5527864045082072,3,10,1.0,0.20000000298023224,0.5245112497857818
419_r1,en,3.7982374933374084e-07,0.9999996201762507,3,10,1.0,0.03333333507180214,0.10000000000368914
419_r1,fr,6.578740317673447e-07,0.9999993421259682,3,10,0.0,0.10000000149011612,0.10000000000368914
419_r1,ja,0.6324555320221288,0.3675444679778712,3,10,1.0,0.4000000059604645,0.8000000000008656
419_r1,zh,0.4082482904564095,0.5917517095435905,3,10,0.0,0.1666666716337204,1.0
419_r2,en,0.31622776601209635,0.6837722339879037,3,10,1.0,0.2666666805744171,0.3000000000028235
419_r2,fr,6.578740317673447e-07,0.9999993421259682,3,10,0.0,0.10000000149011612,0.10000000000368914
419_r2,ja,0.7071067811736377,0.2928932188263623,3,10,1.0,0.5,1.0
419_r2,zh,0.2581988897424471,0.7418011102575529,3,10,0.0,0.06666667014360428,1.0
419_r3,en,0.2581988897439903,0.7418011102560097,3,10,1.0,0.2666666805744171,0.3000000000028235
419_r3,fr,0.0,1.0,3,10,0.0,0.0,0.10000000000368914
419_r3,ja,0.6388821617325591,0.3611178382674409,3,10,1.0,0.5,0.7245112497849162
419_r3,zh,0.36514837166344405,0.634851628336556,3,10,0.0,0.13333334028720856,1.0
419_r4,en,1.2804713853319348e-06,0.9999987195286146,3,10,1.0,0.4000000059604645,0.10000000000368914
419_r4,fr,6.578740317673447e-07,0.9999993421259682,3,10,0.0,0.10000000149011612,0.10000000000368914
419_r4,ja,0.7745966692273415,0.2254033307726585,3,10,1.0,0.6000000238418579,0.7245112497849162
419_r4,zh,0.36514837166344405,0.634851628336556,3,10,0.0,0.13333334028720856,1.0
419_r5,en,1.0049191827732132e-06,0.9999989950808172,3,10,1.0,0.23333333432674408,0.10000000000368914
419_r5,fr,6.578740317673447e-07,0.9999993421259682,3,10,0.0,0.10000000149011612,0.10000000000368914
419_r5,ja,0.4562569633302825,0.5437430366697176,3,10,1.0,0.30000001192092896,0.7245112497849162
419_r5,zh,0.36514837166344405,0.634851628336556,3,10,0.0,0.13333334028720856,1.0
420_r1,en,9.303743780584473e-07,0.9999990696256219,3,10,0.0,0.20000000298023224,0.3000000000028235
420_r1,fr,0.18257418583172202,0.817425814168278,3,10,0.0,0.03333333507180214,0.8000000000008656
420_r1,ja,0.31622776601106445,0.6837722339889356,3,10,0.0,0.10000000149011612,1.0
420_r1,zh,0.31622776601106445,0.6837722339889356,3,10,0.0,0.10000000149011612,1.0
420_r2,en,0.465124535132772,0.534875464867228,3,10,0.0,0.5,0.32451124978664747
420_r2,fr,0.0,1.0,3,10,0.0,0.0,0.5245112497857818
420_r2,ja,0.44721359549276085,0.5527864045072391,3,10,0.0,0.4000000059604645,0.6000000000017313
420_r2,zh,0.4472135954917929,0.5527864045082072,3,10,0.0,0.20000000298023224,1.0
420_r3,en,0.8944271909838276,0.10557280901617239,3,10,0.0,0.8999999761581421,0.8000000000008656
420_r3,fr,3.7982374933374084e-07,0.9999996201762507,3,10,0.0,0.03333333507180214,0.3245112497866474
420_r3,ja,0.6324555320221288,0.3675444679778712,3,10,0.0,0.4000000059604645,0.8000000000008656
420_r3,zh,0.4472135954917929,0.5527864045082072,3,10,0.0,0.20000000298023224,0.8000000000008656
420_r4,en,0.7071067811742496,0.29289321882575037,3,10,0.0,0.699999988079071,0.6000000000017313
420_r4,fr,0.0,1.0,3,10,0.0,0.0,0.3245112497866474
420_r4,ja,0.7745966692273415,0.2254033307726585,3,10,0.0,0.6000000238418579,0.8000000000008656
420_r4,zh,0.31622776601106445,0.6837722339889356,3,10,0.0,0.10000000149011612,1.0
420_r5,en,6.578740317673447e-07,0.9999993421259682,3,10,0.0,0.10000000149011612,0.10000000000368914
420_r5,fr,0.0,1.0,3,10,0.0,0.0,0.5000000000019581
420_r5,ja,0.31622776601106445,0.6837722339889356,3,10,0.0,0.10000000149011612,0.7245112497849162
420_r5,zh,0.0,1.0,3,10,0.0,0.0,1.0
422_r1,en,0.0,1.0,3,10,1.0,0.0,0.6000000000017313
422_r1,fr,0.5477225574962887,0.45227744250371127,3,10,1.0,0.6000000238418579,0.30000000000282356
422_r1,ja,0.5163977794848941,0.48360222051510593,3,10,1.0,0.2666666805744171,1.0
422_r1,zh,6.578740317673447e-07,0.9999993421259682,3,10,0.0,0.10000000149011612,0.8000000000008656
422_r2,en,0.4886514890199421,0.511348510980058,3,10,1.0,0.3333333432674408,0.5245112497857818
422_r2,fr,0.9999999999817427,1.8257284573053312e-11,3,10,1.0,1.0,1.0
422_r2,ja,0.6367471589114813,0.36325284108851874,3,10,1.0,0.46666666865348816,0.7245112497849162
422_r2,zh,0.31622776601106445,0.6837722339889356,3,10,0.0,0.10000000149011612,0.7245112497849162
422_r3,en,0.0,1.0,3,10,1.0,0.0,0.8000000000008656
422_r3,fr,0.7745966692279002,0.22540333077209984,3,10,1.0,0.800000011920929,0.6000000000017313
422_r3,ja,0.632455532022129,0.367544467977871,3,10,1.0,0.4000000059604645,1.0
422_r3,zh,0.31622776601106445,0.6837722339889356,3,10,0.0,0.10000000149011612,1.0
422_r4,en,0.0,1.0,3,10,1.0,0.0,0.5245112497857818
422_r4,fr,0.7071067811742496,0.29289321882575037,3,10,1.0,0.699999988079071,0.6000000000017313
422_r4,ja,0.632455532022129,0.367544467977871,3,10,1.0,0.4000000059604645,1.0
422_r4,zh,0.0,1.0,3,10,0.0,0.0,1.0
422_r5,en,0.2581988897430058,0.7418011102569941,3,10,1.0,0.13333334028720856,0.6000000000017313
422_r5,fr,0.7745966692276206,0.2254033307723794,3,10,1.0,0.699999988079071,0.8000000000008656
422_r5,ja,0.5477225574955612,0.4522774425044388,3,10,1.0,0.4000000059604645,0.8000000000008656
422_r5,zh,6.578740317673447e-07,0.9999993421259682,3,10,0.0,0.10000000149011612,0.8000000000008656
423_r1,en,0.7185686001847857,0.28143139981521426,3,10,1.0,0.800000011920929,0.5245112497857818
423_r1,fr,0.12783126843869552,0.8721687315613045,3,10,1.0,0.5,0.12451124978751298
423_r1,ja,0.4472135954917929,0.5527864045082072,3,10,0.0,0.20000000298023224,0.7245112497849162
423_r1,zh,0.4830458915308288,0.5169541084691712,3,10,0.0,0.23333333432674408,1.0
423_r2,en,0.8366600265190182,0.16333997348098184,3,10,1.0,0.800000011920929,0.7000000000010924
423_r2,fr,0.5477225574955612,0.4522774425044388,3,10,1.0,0.4000000059604645,0.40000000000259683
423_r2,ja,0.4562569633302825,0.5437430366697176,3,10,0.0,0.30000001192092896,0.7245112497849162
423_r2,zh,0.5163977794848942,0.4836022205151058,3,10,0.0,0.2666666805744171,1.0
423_r3,en,0.8944271909838276,0.10557280901617239,3,10,1.0,0.8999999761581421,0.8000000000008656
423_r3,fr,0.0903903567642706,0.9096096432357295,3,10,1.0,0.4000000059604645,0.12451124978751298
423_r3,ja,0.6324555320221288,0.3675444679778712,3,10,0.0,0.4000000059604645,1.0
423_r3,zh,0.2581988897424471,0.7418011102575529,3,10,0.0,0.06666667014360428,1.0
423_r4,en,6.578740317673447e-07,0.9999993421259682,3,10,1.0,0.10000000149011612,0.10000000000368914
423_r4,fr,0.5624418487082847,0.43755815129171527,3,10,1.0,0.5,0.5245112497857818
423_r4,ja,0.894427190983586,0.10557280901641397,3,10,0.0,0.800000011920929,1.0
423_r4,zh,0.40824829045640937,0.5917517095435907,3,10,0.0,0.1666666716337204,1.0
423_r5,en,0.8463692061764693,0.15363079382353073,3,10,1.0,0.8999999761581421,0.7245112497849162
423_r5,fr,0.3162277660117488,0.6837722339882513,3,10,1.0,0.20000000298023224,0.6000000000017313
423_r5,ja,0.6324555320224711,0.36754446797752893,3,10,0.0,0.5,0.8000000000008656
423_r5,zh,0.31622776601106445,0.6837722339889356,3,10,0.0,0.10000000149011612,1.0
425_r1,en,0.3410877206628734,0.6589122793371266,3,10,1.0,0.6000000238418579,0.12451124978751298
425_r1,fr,6.578740317673447e-07,0.9999993421259682,3,10,1.0,0.10000000149011612,0.30000000000282356
425_r1,ja,0.894427190983586,0.10557280901641397,3,10,0.0,0.800000011920929,1.0
425_r1,zh,0.5477225574951661,0.4522774425048339,3,10,1.0,0.30000001192092896,1.0
425_r2,en,0.0,1.0,3,10,1.0,0.0,0.12451124978751298
425_r2,fr,6.578740317673447e-07,0.9999993421259682,3,10,1.0,0.10000000149011612,0.5000000000019581
425_r2,ja,0.7071067811736377,0.2928932188263623,3,10,0.0,0.5,1.0
425_r2,zh,0.6324555320221288,0.3675444679778712,3,10,1.0,0.4000000059604645,1.0
425_r3,en,1.2624634527910834e-06,0.9999987375365472,3,10,1.0,0.4000000059604645,0.10000000000368914
425_r3,fr,6.578740317673447e-07,0.9999993421259682,3,10,1.0,0.10000000149011612,0.30000000000282356
425_r3,ja,0.894427190983586,0.10557280901641397,3,10,0.0,0.800000011920929,1.0
425_r3,zh,0.31622776601106445,0.6837722339889356,3,10,1.0,0.10000000149011612,1.0
425_r4,en,9.303743780584473e-07,0.9999990696256219,3,10,1.0,0.20000000298023224,0.10000000000368914
425_r4,fr,6.578740317673447e-07,0.9999993421259682,3,10,1.0,0.10000000149011612,0.10000000000368914
425_r4,ja,0.5477225574955612,0.4522774425044388,3,10,0.0,0.4000000059604645,0.5245112497857818
425_r4,zh,0.31622776601106445,0.6837722339889356,3,10,1.0,0.10000000149011612,1.0
425_r5,en,0.34108772066160453,0.6589122793383955,3,10,1.0,0.4000000059604645,0.32451124978664747
425_r5,fr,0.0,1.0,3,10,1.0,0.0,0.10000000000368914
425_r5,ja,0.7071067811736377,0.2928932188263623,3,10,0.0,0.5,0.8000000000008656
425_r5,zh,0.5477225574951661,0.4522774425048339,3,10,1.0,0.30000001192092896,1.0
427_r1,en,1.2624634527910834e-06,0.9999987375365472,3,10,1.0,0.4000000059604645,0.10000000000368914
427_r1,fr,0.2581988897437552,0.7418011102562447,3,10,1.0,0.23333333432674408,0.30000000000282356
427_r1,ja,0.5624418487082847,0.43755815129171527,3,10,0.0,0.5,0.7245112497849162
427_r1,zh,0.36514837166344405,0.634851628336556,3,10,0.0,0.13333334028720856,0.8000000000008656
427_r2,en,0.3162277660117488,0.6837722339882513,3,10,1.0,0.20000000298023224,0.3245112497866474
427_r2,fr,0.18257418583211713,0.8174258141678828,3,10,1.0,0.06666667014360428,0.12451124978751298
427_r2,ja,0.44721359549276085,0.5527864045072391,3,10,0.0,0.4000000059604645,0.6000000000017313
427_r2,zh,0.19692708734088696,0.8030729126591131,3,10,0.0,0.10000000149011612,0.5245112497857819
427_r3,en,0.6324555320228132,0.36754446797718676,3,10,1.0,0.6000000238418579,0.40000000000259683
427_r3,fr,5.371518976191752e-07,0.9999994628481024,3,10,1.0,0.06666667014360428,0.3245112497866474
427_r3,ja,0.8366600265188001,0.16333997348119988,3,10,0.0,0.699999988079071,1.0
427_r3,zh,0.31622776601106445,0.6837722339889356,3,10,0.0,0.10000000149011612,1.0
427_r4,en,0.7185686001847857,0.28143139981521426,3,10,1.0,0.800000011920929,0.5245112497857818
427_r4,fr,5.371518976191752e-07,0.9999994628481024,3,10,1.0,0.06666667014360428,0.30000000000282356
427_r4,ja,0.6388821617325591,0.3611178382674409,3,10,0.0,0.5,0.5245112497857818
427_r4,zh,0.4532625556883627,0.5467374443116373,3,10,0.0,0.2666666805744171,0.7245112497849162
427_r5,en,0.5624418487086695,0.43755815129133047,3,10,1.0,0.6000000238418579,0.3245112497866474
427_r5,fr,5.371518976191752e-07,0.9999994628481024,3,10,1.0,0.06666667014360428,0.8000000000008656
427_r5,ja,0.7071067811736377,0.2928932188263623,3,10,0.0,0.5,0.8000000000008656
427_r5,zh,0.31622776601106445,0.6837722339889356,3,10,0.0,0.10000000149011612,1.0
42_r1,en,0.3410877206628734,0.6589122793371266,3,10,1.0,0.6000000238418579,0.12451124978751298
42_r1,fr,0.5867088052128998,0.4132911947871002,3,10,1.0,0.5333333611488342,0.5245112497857818
42_r1,ja,0.6324555320221288,0.3675444679778712,3,10,0.0,0.4000000059604645,1.0
42_r1,zh,0.4082482904564095,0.5917517095435905,3,10,0.0,0.1666666716337204,1.0
42_r2,en,0.44721359549268397,0.5527864045073161,3,10,1.0,0.4000000059604645,0.3000000000028235
42_r2,fr,0.5163977794854085,0.48360222051459145,3,10,1.0,0.4000000059604645,0.5000000000019581
42_r2,ja,0.5477225574951661,0.4522774425048339,3,10,0.0,0.30000001192092896,1.0
42_r2,zh,0.31622776601106445,0.6837722339889356,3,10,0.0,0.10000000149011612,0.5245112497857819
42_r3,en,0.718568600184485,0.281431399815515,3,10,1.0,0.699999988079071,0.5245112497857818
42_r3,fr,0.5163977794851292,0.4836022205148708,3,10,1.0,0.3333333432674408,0.5000000000019581
42_r3,ja,0.8366600265188001,0.16333997348119988,3,10,0.0,0.699999988079071,1.0
42_r3,zh,0.4472135954917929,0.5527864045082072,3,10,0.0,0.20000000298023224,1.0
42_r4,en,0.316227766013693,0.683772233986307,3,10,1.0,0.5,0.10000000000368914
42_r4,fr,0.3651483716638392,0.6348516283361608,3,10,1.0,0.20000000298023224,0.5000000000019581
42_r4,ja,0.4472135954917929,0.5527864045082072,3,10,0.0,0.20000000298023224,1.0
42_r4,zh,0.3247259527552389,0.6752740472447611,3,10,0.0,0.1666666716337204,0.7245112497849162
42_r5,en,0.1278312684403884,0.8721687315596116,3,10,1.0,0.6000000238418579,0.12451124978751298
42_r5,fr,0.2784969577176674,0.7215030422823325,3,10,1.0,0.4000000059604645,0.12451124978751298
42_r5,ja,0.4472135954917929,0.5527864045082072,3,10,0.0,0.20000000298023224,1.0
42_r5,zh,0.4830458915308287,0.5169541084691713,3,10,0.0,0.23333333432674408,1.0
430_r1,en,0.0,1.0,3,10,1.0,0.0,0.10000000000368914
430_r1,fr,0.0,1.0,3,10,1.0,0.0,0.12451124978751298
430_r1,ja,0.31622776601152064,0.6837722339884793,3,10,0.0,0.1666666716337204,0.40000000000259683
430_r1,zh,0.6324555320221288,0.3675444679778712,3,10,0.0,0.4000000059604645,1.0
430_r2,en,0.7185686001847857,0.28143139981521426,3,10,1.0,0.800000011920929,0.5245112497857818
430_r2,fr,9.701407451367725e-07,0.9999990298592548,3,10,1.0,0.23333333432674408,0.10000000000368914
430_r2,ja,0.368858788056743,0.631141211943257,3,10,0.0,0.1666666716337204,0.7245112497849162
430_r2,zh,0.4562569633302825,0.5437430366697176,3,10,0.0,0.30000001192092896,0.7245112497849162
430_r3,en,0.894427190983586,0.10557280901641397,3,10,1.0,0.800000011920929,0.8000000000008656
430_r3,fr,0.2685397755656055,0.7314602244343945,3,10,1.0,0.1666666716337204,0.3245112497866474
430_r3,ja,0.18257418583172202,0.817425814168278,3,10,0.0,0.03333333507180214,1.0
430_r3,zh,0.4472135954917929,0.5527864045082072,3,10,0.0,0.20000000298023224,1.0
430_r4,en,6.578740317673447e-07,0.9999993421259682,3,10,1.0,0.10000000149011612,0.3000000000028235
430_r4,fr,0.0,1.0,3,10,1.0,0.0,0.30000000000282356
430_r4,ja,0.2581988897424471,0.7418011102575529,3,10,0.0,0.06666667014360428,0.8000000000008656
430_r4,zh,0.31622776601106445,0.6837722339889356,3,10,0.0,0.10000000149011612,1.0
430_r5,en,1.42359130768174e-06,0.9999985764086923,3,10,1.0,0.5,0.10000000000368914
430_r5,fr,0.3247259527559053,0.6752740472440947,3,10,1.0,0.2666666805744171,0.3245112497866474
430_r5,ja,0.18257418583172202,0.817425814168278,3,10,0.0,0.03333333507180214,1.0
430_r5,zh,0.0,1.0,3,10,0.0,0.0,0.7245112497849162
433_r1,en,0.7745966692273415,0.2254033307726585,3,10,0.0,0.6000000238418579,1.0
433_r1,fr,9.303743780584473e-07,0.9999990696256219,3,10,0.0,0.20000000298023224,0.10000000000368914
433_r1,ja,0.5477225574951661,0.4522774425048339,3,10,0.0,0.30000001192092896,0.8000000000008656
433_r1,zh,0.3162277660110644,0.6837722339889356,3,10,0.0,0.10000000149011612,1.0
433_r2,en,9.303743780584471e-07,0.9999990696256219,3,10,0.0,0.20000000298023224,0.3245112497866474
433_r2,fr,6.578740317673447e-07,0.9999993421259682,3,10,0.0,0.10000000149011612,0.10000000000368914
433_r2,ja,0.31622776601106445,0.6837722339889356,3,10,0.0,0.10000000149011612,1.0
433_r2,zh,0.31622776601106445,0.6837722339889356,3,10,0.0,0.10000000149011612,1.0
433_r3,en,0.09039035675708842,0.9096096432429116,3,10,0.0,0.10000000149011612,0.12451124978751298
433_r3,fr,6.578740317673447e-07,0.9999993421259682,3,10,0.0,0.10000000149011612,0.12451124978751298
433_r3,ja,6.578740317673447e-07,0.9999993421259682,3,10,0.0,0.10000000149011612,0.32451124978664747
433_r3,zh,0.18257418583211713,0.8174258141678828,3,10,0.0,0.06666667014360428,0.5245112497857819
433_r4,en,9.303743780584473e-07,0.9999990696256219,3,10,0.0,0.20000000298023224,0.10000000000368914
433_r4,fr,6.578740317673447e-07,0.9999993421259682,3,10,0.0,0.10000000149011612,0.12451124978751298
433_r4,ja,0.3162277660117488,0.6837722339882513,3,10,0.0,0.20000000298023224,0.5245112497857818
433_r4,zh,0.36514837166344405,0.634851628336556,3,10,0.0,0.13333334028720856,0.7245112497849162
433_r5,en,0.32889271288895267,0.6711072871110473,3,10,0.0,0.30000001192092896,0.3245112497866474
433_r5,fr,6.578740317673447e-07,0.9999993421259682,3,10,0.0,0.10000000149011612,0.6000000000017313
433_r5,ja,0.4472135954917929,0.5527864045082072,3,10,0.0,0.20000000298023224,0.7245112497849162
433_r5,zh,0.18257418583211713,0.8174258141678828,3,10,0.0,0.06666667014360428,0.8000000000008656
438_r1,en,6.578740317673447e-07,0.9999993421259682,3,10,0.0,0.10000000149011612,0.3000000000028235
438_r1,fr,6.03414238432249e-07,0.9999993965857615,3,10,0.0,0.10000000149011612,0.10000000000368914
438_r1,ja,0.2581988897424471,0.7418011102575529,3,10,1.0,0.06666667014360428,1.0
438_r1,zh,0.31622776601106445,0.6837722339889356,3,10,0.0,0.10000000149011612,1.0
438_r2,en,0.4472135954922769,0.5527864045077231,3,10,0.0,0.30000001192092896,0.3245112497866474
438_r2,fr,0.0,1.0,3,10,0.0,0.0,0.3245112497866474
438_r2,ja,0.5551309904735565,0.4448690095264435,3,10,1.0,0.5,0.5245112497857819
438_r2,zh,0.0,1.0,3,10,0.0,0.0,0.7000000000010924
438_r3,en,0.0,1.0,3,10,0.0,0.0,0.10000000000368914
438_r3,fr,1.1394712480012226e-06,0.999998860528752,3,10,0.0,0.30000001192092896,0.10000000000368914
438_r3,ja,0.36514837166344405,0.634851628336556,3,10,1.0,0.13333334028720856,1.0
438_r3,zh,0.31622776601106445,0.6837722339889356,3,10,0.0,0.10000000149011612,0.8000000000008656
438_r4,en,0.09039035676187651,0.9096096432381235,3,10,0.0,0.30000001192092896,0.12451124978751298
438_r4,fr,0.0,1.0,3,10,0.0,0.0,0.10000000000368914
438_r4,ja,0.6324555320221288,0.3675444679778712,3,10,1.0,0.4000000059604645,1.0
438_r4,zh,0.4472135954917929,0.5527864045082072,3,10,0.0,0.20000000298023224,1.0
438_r5,en,0.0,1.0,3,10,0.0,0.0,0.8000000000008656
438_r5,fr,0.4562569633307567,0.5437430366692433,3,10,0.0,0.4000000059604645,0.5245112497857818
438_r5,ja,0.0,1.0,3,10,1.0,0.0,0.5245112497857818
438_r5,zh,0.6324555320221288,0.3675444679778712,3,10,0.0,0.4000000059604645,1.0
441_r1,en,0.5477225574962259,0.4522774425037741,3,10,1.0,0.6000000238418579,0.3000000000028235
441_r1,fr,0.7071067811739435,0.29289321882605646,3,10,1.0,0.6000000238418579,0.8000000000008656
441_r1,ja,0.7071067811736376,0.29289321882636243,3,10,1.0,0.5,1.0
441_r1,zh,0.31622776601106445,0.6837722339889356,3,10,0.0,0.10000000149011612,1.0
441_r2,en,8.92696468468758e-07,0.9999991073035315,3,10,1.0,0.20000000298023224,0.10000000000368914
441_r2,fr,0.4472135954922769,0.5527864045077231,3,10,1.0,0.30000001192092896,0.40000000000259683
441_r2,ja,0.41486577474772485,0.5851342252522751,3,10,1.0,0.23333333432674408,0.7245112497849162
441_r2,zh,0.36514837166344405,0.634851628336556,3,10,0.0,0.13333334028720856,1.0
441_r3,en,0.6324555320231554,0.3675444679768446,3,10,1.0,0.699999988079071,0.40000000000259683
441_r3,fr,0.5551309904735566,0.44486900952644337,3,10,1.0,0.5,0.3245112497866474
441_r3,ja,0.0,1.0,3,10,1.0,0.0,1.0
441_r3,zh,0.40824829045640937,0.5917517095435907,3,10,0.0,0.1666666716337204,1.0
441_r4,en,0.547722557497016,0.45227744250298396,3,10,1.0,0.800000011920929,0.30000000000282356
441_r4,fr,0.3162277660142688,0.6837722339857313,3,10,1.0,0.6000000238418579,0.10000000000368914
441_r4,ja,0.4472135954917929,0.5527864045082072,3,10,1.0,0.20000000298023224,0.8000000000008656
441_r4,zh,0.2581988897424471,0.7418011102575529,3,10,0.0,0.06666667014360428,0.7245112497849162
441_r5,en,1.289381040718466e-06,0.9999987106189593,3,10,1.0,0.4000000059604645,0.10000000000368914
441_r5,fr,0.5551309904731668,0.44486900952683317,3,10,1.0,0.4000000059604645,0.7245112497849162
441_r5,ja,0.4472135954922768,0.5527864045077232,3,10,1.0,0.30000001192092896,0.8000000000008656
441_r5,zh,0.18257418583172202,0.817425814168278,3,10,0.0,0.03333333507180214,1.0
442_r1,en,0.6515452783727682,0.3484547216272318,3,10,1.0,0.800000011920929,0.5245112497857819
442_r1,fr,6.578740317673447e-07,0.9999993421259682,3,10,0.0,0.10000000149011612,0.6000000000017313
442_r1,ja,0.6324555320221288,0.3675444679778712,3,10,0.0,0.4000000059604645,0.8000000000008656
442_r1,zh,0.4082482904564095,0.5917517095435905,3,10,0.0,0.1666666716337204,1.0
442_r2,en,0.5624418487086695,0.43755815129133047,3,10,1.0,0.6000000238418579,0.3245112497866474
442_r2,fr,0.44721359549220013,0.5527864045077999,3,10,0.0,0.30000001192092896,0.5000000000019581
442_r2,ja,0.9486832980331933,0.05131670196680671,3,10,0.0,0.8999999761581421,1.0
442_r2,zh,0.2581988897424471,0.7418011102575529,3,10,0.0,0.06666667014360428,1.0
442_r3,en,0.32889271289092653,0.6711072871090735,3,10,1.0,0.6000000238418579,0.12451124978751298
442_r3,fr,6.578740317673447e-07,0.9999993421259682,3,10,0.0,0.10000000149011612,0.40000000000259683
442_r3,ja,0.6324555320221289,0.3675444679778711,3,10,0.0,0.4000000059604645,0.8000000000008656
442_r3,zh,0.44721359549211553,0.5527864045078845,3,10,0.0,0.2666666805744171,0.8000000000008656
442_r4,en,0.5624418487090542,0.4375581512909458,3,10,1.0,0.699999988079071,0.3245112497866474
442_r4,fr,0.31622776601106445,0.6837722339889356,3,10,0.0,0.10000000149011612,0.5245112497857819
442_r4,ja,0.9486832980331933,0.05131670196680671,3,10,0.0,0.8999999761581421,1.0
442_r4,zh,0.37253225058364253,0.6274677494163574,3,10,0.0,0.20000000298023224,0.7245112497849162
442_r5,en,0.8944271909840701,0.10557280901592991,3,10,1.0,1.0,0.8000000000008656
442_r5,fr,0.12783126843869552,0.8721687315613045,3,10,0.0,0.5,0.12451124978751298
442_r5,ja,0.6324555320224168,0.3675444679775832,3,10,0.0,0.5,0.5000000000019581
442_r5,zh,0.0,1.0,3,10,0.0,0.0,0.8000000000008656
44_r1,en,0.7745966692279002,0.22540333077209984,3,10,1.0,0.800000011920929,0.6000000000017313
44_r1,fr,9.303743780584473e-07,0.9999990696256219,3,10,1.0,0.20000000298023224,0.10000000000368914
44_r1,ja,0.31622776601106445,0.6837722339889356,3,10,0.0,0.10000000149011612,0.6000000000017313
44_r1,zh,0.4472135954922769,0.5527864045077231,3,10,1.0,0.30000001192092896,0.8000000000008656
44_r2,en,0.4651245351332373,0.5348754648667626,3,10,1.0,0.6000000238418579,0.3245112497866474
44_r2,fr,6.578740317673447e-07,0.9999993421259682,3,10,1.0,0.10000000149011612,0.30000000000282356
44_r2,ja,0.5477225574955611,0.4522774425044389,3,10,0.0,0.4000000059604645,0.5245112497857819
44_r2,zh,0.5773502691790848,0.42264973082091517,3,10,1.0,0.3333333432674408,1.0
44_r3,en,0.5551309904739464,0.44486900952605357,3,10,1.0,0.6000000238418579,0.3245112497866474
44_r3,fr,6.578740317673447e-07,0.9999993421259682,3,10,1.0,0.10000000149011612,0.6000000000017313
44_r3,ja,0.0,1.0,3,10,0.0,0.0,0.3245112497866474
44_r3,zh,0.31622776601106445,0.6837722339889356,3,10,1.0,0.10000000149011612,0.7245112497849162
44_r4,en,0.31622776601164015,0.6837722339883598,3,10,1.0,0.20000000298023224,0.10000000000368914
44_r4,fr,0.4472135954917929,0.5527864045082072,3,10,1.0,0.20000000298023224,0.3000000000028235
44_r4,ja,0.31622776601106445,0.6837722339889356,3,10,0.0,0.10000000149011612,0.8000000000008656
44_r4,zh,0.32050502678518655,0.6794949732148134,3,10,1.0,0.13333334028720856,0.7245112497849162
44_r5,en,0.7745966692278115,0.22540333077218855,3,10,1.0,0.800000011920929,0.7000000000010924
44_r5,fr,0.31622776601243313,0.6837722339875669,3,10,1.0,0.30000001192092896,0.10000000000368914
44_r5,ja,0.31622776601106445,0.6837722339889356,3,10,0.0,0.10000000149011612,1.0
44_r5,zh,0.4472135954917929,0.5527864045082072,3,10,1.0,0.20000000298023224,1.0
453_r1,en,0.8944271909838276,0.10557280901617239,3,10,1.0,0.8999999761581421,0.8000000000008656
453_r1,fr,6.402356926659675e-07,0.9999993597643073,3,10,1.0,0.10000000149011612,0.10000000000368914
453_r1,ja,0.4472135954917929,0.5527864045082072,3,10,0.0,0.20000000298023224,1.0
453_r1,zh,0.3162277660117488,0.6837722339882513,3,10,0.0,0.20000000298023224,0.8000000000008656
453_r2,en,0.5477225574962887,0.45227744250371127,3,10,1.0,0.6000000238418579,0.30000000000282356
453_r2,fr,0.1969270873438173,0.8030729126561826,3,10,1.0,0.36666667461395264,0.12451124978751298
453_r2,ja,0.5477225574951662,0.4522774425048338,3,10,0.0,0.30000001192092896,1.0
453_r2,zh,6.578740317673447e-07,0.9999993421259682,3,10,0.0,0.10000000149011612,0.6000000000017313
453_r3,en,0.6452447854691847,0.35475521453081527,3,10,1.0,0.699999988079071,0.5245112497857819
453_r3,fr,0.2581988897429615,0.7418011102570385,3,10,1.0,0.13333334028720856,0.3000000000028235
453_r3,ja,0.31622776601106445,0.6837722339889356,3,10,0.0,0.10000000149011612,1.0
453_r3,zh,0.0,1.0,3,10,0.0,0.0,1.0
453_r4,en,0.6452447854695201,0.35475521453047987,3,10,1.0,0.800000011920929,0.5245112497857819
453_r4,fr,0.052186896805851306,0.9478131031941487,3,10,1.0,0.03333333507180214,0.3245112497866474
453_r4,ja,0.31622776601106445,0.6837722339889356,3,10,0.0,0.10000000149011612,0.8000000000008656
453_r4,zh,0.7745966692273415,0.2254033307726585,3,10,0.0,0.6000000238418579,1.0
453_r5,en,0.5624418487086695,0.43755815129133047,3,10,1.0,0.6000000238418579,0.3245112497866474
453_r5,fr,0.1825741858325122,0.8174258141674878,3,10,1.0,0.10000000149011612,0.12451124978751298
453_r5,ja,0.7071067811736377,0.2928932188263623,3,10,0.0,0.5,1.0
453_r5,zh,0.4472135954917929,0.5527864045082072,3,10,0.0,0.20000000298023224,0.8000000000008656
457_r1,en,0.44721359549276085,0.5527864045072391,3,10,1.0,0.4000000059604645,0.3000000000028235
457_r1,fr,0.0,1.0,3,10,0.0,0.0,0.40000000000259683
457_r1,ja,0.5477225574951661,0.4522774425048339,3,10,1.0,0.30000001192092896,1.0
457_r1,zh,0.4472135954917929,0.5527864045082072,3,10,1.0,0.20000000298023224,1.0
457_r2,en,0.4651245351332373,0.5348754648667626,3,10,1.0,0.6000000238418579,0.3245112497866474
457_r2,fr,0.0,1.0,3,10,0.0,0.0,0.12451124978751298
457_r2,ja,0.7071067811739437,0.29289321882605635,3,10,1.0,0.6000000238418579,0.8000000000008656
457_r2,zh,0.4562569633302825,0.5437430366697176,3,10,1.0,0.30000001192092896,0.7245112497849162
457_r3,en,0.44721359549365175,0.5527864045063482,3,10,1.0,0.6000000238418579,0.3000000000028235
457_r3,fr,0.0,1.0,3,10,0.0,0.0,0.3245112497866474
457_r3,ja,0.6324555320224711,0.36754446797752893,3,10,1.0,0.5,0.8000000000008656
457_r3,zh,0.4472135954917929,0.5527864045082072,3,10,1.0,0.20000000298023224,1.0
457_r4,en,0.7242314890741975,0.27576851092580246,3,10,1.0,1.0,0.5245112497857819
457_r4,fr,0.0,1.0,3,10,0.0,0.0,0.5000000000019581
457_r4,ja,0.894427190983586,0.10557280901641397,3,10,1.0,0.800000011920929,1.0
457_r4,zh,0.4472135954917929,0.5527864045082072,3,10,1.0,0.20000000298023224,1.0
457_r5,en,0.5624418487086694,0.4375581512913306,3,10,1.0,0.6000000238418579,0.32451124978664747
457_r5,fr,0.0,1.0,3,10,0.0,0.0,0.3245112497866474
457_r5,ja,0.7071067811736377,0.2928932188263623,3,10,1.0,0.5,1.0
457_r5,zh,0.31622776601106445,0.6837722339889356,3,10,1.0,0.10000000149011612,0.7245112497849162
463_r1,en,0.5624418487090543,0.43755815129094566,3,10,1.0,0.699999988079071,0.3245112497866474
463_r1,fr,8.92696468468758e-07,0.9999991073035315,3,10,1.0,0.20000000298023224,0.3000000000028235
463_r1,ja,0.7071067811736377,0.2928932188263623,3,10,1.0,0.5,1.0
463_r1,zh,3.7982374933374084e-07,0.9999996201762507,3,10,1.0,0.03333333507180214,0.6000000000017313
463_r2,en,0.8463692061764693,0.15363079382353073,3,10,1.0,0.8999999761581421,0.7245112497849162
463_r2,fr,6.03414238432249e-07,0.9999993965857615,3,10,1.0,0.10000000149011612,0.7000000000010924
463_r2,ja,0.7071067811736377,0.2928932188263623,3,10,1.0,0.5,1.0
463_r2,zh,0.2581988897424471,0.7418011102575529,3,10,1.0,0.06666667014360428,1.0
463_r3,en,0.5624418487090543,0.43755815129094566,3,10,1.0,0.699999988079071,0.3245112497866474
463_r3,fr,0.0,1.0,3,10,1.0,0.0,0.30000000000282356
463_r3,ja,0.7071067811736377,0.2928932188263623,3,10,1.0,0.5,1.0
463_r3,zh,0.36514837166344405,0.634851628336556,3,10,1.0,0.13333334028720856,1.0
463_r4,en,0.7185686001847857,0.28143139981521426,3,10,1.0,0.800000011920929,0.5245112497857819
463_r4,fr,0.0,1.0,3,10,1.0,0.0,0.5000000000019581
463_r4,ja,0.894427190983586,0.10557280901641397,3,10,1.0,0.800000011920929,1.0
463_r4,zh,0.18257418583172202,0.817425814168278,3,10,1.0,0.03333333507180214,1.0
463_r5,en,0.6324555320227588,0.36754446797724116,3,10,1.0,0.6000000238418579,0.5000000000019581
463_r5,fr,0.0,1.0,3,10,1.0,0.0,0.5245112497857819
463_r5,ja,0.6324555320221288,0.3675444679778712,3,10,1.0,0.4000000059604645,1.0
463_r5,zh,0.2581988897424471,0.7418011102575529,3,10,1.0,0.06666667014360428,1.0
464_r1,en,0.3410877206609701,0.6589122793390298,3,10,1.0,0.30000001192092896,0.32451124978664747
464_r1,fr,0.4472135954925482,0.5527864045074518,3,10,0.0,0.36666667461395264,0.3000000000028235
464_r1,ja,0.5477225574955612,0.4522774425044388,3,10,1.0,0.4000000059604645,0.8000000000008656
464_r1,zh,0.19692708734088696,0.8030729126591131,3,10,1.0,0.10000000149011612,0.7245112497849162
464_r2,en,0.3162277660117488,0.6837722339882513,3,10,1.0,0.20000000298023224,0.3000000000028235
464_r2,fr,0.4532625556888402,0.5467374443111598,3,10,0.0,0.36666667461395264,0.32451124978664747
464_r2,ja,0.4472135954917929,0.5527864045082072,3,10,1.0,0.20000000298023224,1.0
464_r2,zh,0.5477225574951661,0.4522774425048339,3,10,1.0,0.30000001192092896,1.0
464_r3,en,1.1394712480012226e-06,0.999998860528752,3,10,1.0,0.30000001192092896,0.10000000000368914
464_r3,fr,0.2581988897432852,0.7418011102567148,3,10,0.0,0.1666666716337204,0.3000000000028235
464_r3,ja,0.4472135954917929,0.5527864045082072,3,10,1.0,0.20000000298023224,0.5245112497857819
464_r3,zh,0.3162277660110644,0.6837722339889356,3,10,1.0,0.10000000149011612,1.0
464_r4,en,1.289381040718466e-06,0.9999987106189593,3,10,1.0,0.4000000059604645,0.10000000000368914
464_r4,fr,9.05429999683544e-07,0.9999990945700004,3,10,0.0,0.20000000298023224,0.30000000000282356
464_r4,ja,0.0,1.0,3,10,1.0,0.0,0.7245112497849162
464_r4,zh,0.36514837166344405,0.634851628336556,3,10,1.0,0.13333334028720856,0.8000000000008656
464_r5,en,6.03414238432249e-07,0.9999993965857615,3,10,1.0,0.10000000149011612,0.10000000000368914
464_r5,fr,7.288836143109965e-07,0.9999992711163856,3,10,0.0,0.13333334028720856,0.3000000000028235
464_r5,ja,0.0,1.0,3,10,1.0,0.0,1.0
464_r5,zh,0.18257418583172202,0.817425814168278,3,10,1.0,0.03333333507180214,1.0
46_r1,en,0.3410877206635078,0.6589122793364922,3,10,1.0,0.699999988079071,0.12451124978751298
46_r1,fr,0.18257418583363474,0.8174258141663653,3,10,1.0,0.20000000298023224,0.10000000000368914
46_r1,ja,0.4562569633307568,0.5437430366692432,3,10,1.0,0.4000000059604645,0.5245112497857818
46_r1,zh,0.4082482904564095,0.5917517095435905,3,10,0.0,0.1666666716337204,1.0
46_r2,en,0.3528615164374455,0.6471384835625544,3,10,1.0,0.8999999761581421,0.12451124978751298
46_r2,fr,6.578740317673447e-07,0.9999993421259682,3,10,1.0,0.10000000149011612,0.12451124978751298
46_r2,ja,0.6452447854688494,0.35475521453115055,3,10,1.0,0.6000000238418579,0.7245112497849162
46_r2,zh,0.31622776601106445,0.6837722339889356,3,10,0.0,0.10000000149011612,1.0
46_r3,en,0.6452447854695205,0.35475521453047953,3,10,1.0,0.800000011920929,0.5245112497857818
46_r3,fr,5.371518976191752e-07,0.9999994628481024,3,10,1.0,0.06666667014360428,0.5000000000019581
46_r3,ja,0.7071067811739437,0.29289321882605635,3,10,1.0,0.6000000238418579,0.8000000000008656
46_r3,zh,0.26342008059837985,0.7365799194016202,3,10,0.0,0.10000000149011612,0.7245112497849162
46_r4,en,0.5477225574970789,0.4522774425029211,3,10,1.0,0.800000011920929,0.3000000000028235
46_r4,fr,0.1825741858333024,0.8174258141666976,3,10,1.0,0.1666666716337204,0.3245112497866474
46_r4,ja,0.7071067811736377,0.2928932188263623,3,10,1.0,0.5,0.8000000000008656
46_r4,zh,0.2581988897424471,0.7418011102575529,3,10,0.0,0.06666667014360428,1.0
46_r5,en,1.7006494920043485e-06,0.999998299350508,3,10,1.0,0.699999988079071,0.10000000000368914
46_r5,fr,0.18257418583436225,0.8174258141656378,3,10,1.0,0.2666666805744171,0.10000000000368914
46_r5,ja,0.5477225574951661,0.4522774425048339,3,10,1.0,0.30000001192092896,0.5245112497857819
46_r5,zh,0.3162277660110644,0.6837722339889356,3,10,0.0,0.10000000149011612,1.0
471_r1,en,0.5624418487086694,0.4375581512913306,3,10,1.0,0.6000000238418579,0.32451124978664747
471_r1,fr,0.3205050267856365,0.6794949732143635,3,10,0.0,0.20000000298023224,0.3245112497866474
471_r1,ja,0.7071067811736377,0.2928932188263623,3,10,1.0,0.5,1.0
471_r1,zh,0.4082482904567628,0.5917517095432372,3,10,1.0,0.23333333432674408,0.6000000000017313
471_r2,en,0.7071067811739437,0.29289321882605635,3,10,1.0,0.6000000238418579,0.6000000000017313
471_r2,fr,5.371518976191752e-07,0.9999994628481024,3,10,0.0,0.06666667014360428,0.32451124978664747
471_r2,ja,0.7071067811736377,0.2928932188263623,3,10,1.0,0.5,1.0
471_r2,zh,0.4082482904564095,0.5917517095435905,3,10,1.0,0.1666666716337204,1.0
471_r3,en,0.894427190983586,0.10557280901641397,3,10,1.0,0.800000011920929,1.0
471_r3,fr,5.371518976191752e-07,0.9999994628481024,3,10,0.0,0.06666667014360428,0.6000000000017313
471_r3,ja,0.7745966692273415,0.2254033307726585,3,10,1.0,0.6000000238418579,1.0
471_r3,zh,0.5163977794848941,0.48360222051510593,3,10,1.0,0.2666666805744171,1.0
471_r4,en,0.5624418487086695,0.43755815129133047,3,10,1.0,0.6000000238418579,0.3245112497866474
471_r4,fr,0.18257418583172202,0.817425814168278,3,10,0.0,0.03333333507180214,0.3000000000028235
471_r4,ja,0.7071067811736377,0.2928932188263623,3,10,1.0,0.5,1.0
471_r4,zh,0.632455532022129,0.367544467977871,3,10,1.0,0.4000000059604645,1.0
471_r5,en,0.7185686001847857,0.28143139981521426,3,10,1.0,0.800000011920929,0.5245112497857818
471_r5,fr,5.371518976191752e-07,0.9999994628481024,3,10,0.0,0.06666667014360428,0.6000000000017313
471_r5,ja,0.5551309904735565,0.4448690095264435,3,10,1.0,0.5,0.5245112497857819
471_r5,zh,0.2581988897424471,0.7418011102575529,3,10,1.0,0.06666667014360428,0.8000000000008656
472_r1,en,1.5682507621489702e-06,0.9999984317492379,3,10,1.0,0.6000000238418579,0.10000000000368914
472_r1,fr,0.31622776601174873,0.6837722339882513,3,10,0.0,0.20000000298023224,0.10000000000368914
472_r1,ja,0.4472135954917929,0.5527864045082072,3,10,0.0,0.20000000298023224,1.0
472_r1,zh,0.31622776601106445,0.6837722339889356,3,10,0.0,0.10000000149011612,0.7245112497849162
472_r2,en,1.2624634527910834e-06,0.9999987375365472,3,10,1.0,0.4000000059604645,0.10000000000368914
472_r2,fr,0.0,1.0,3,10,0.0,0.0,0.10000000000368914
472_r2,ja,0.6324555320221288,0.3675444679778712,3,10,0.0,0.4000000059604645,1.0
472_r2,zh,9.303743780584473e-07,0.9999990696256219,3,10,0.0,0.20000000298023224,0.8000000000008656
472_r3,en,0.7128607273354887,0.28713927266451134,3,10,1.0,0.800000011920929,0.5245112497857819
472_r3,fr,1.2624634527910834e-06,0.9999987375365472,3,10,0.0,0.4000000059604645,0.5000000000019581
472_r3,ja,0.7745966692273415,0.2254033307726585,3,10,0.0,0.6000000238418579,1.0
472_r3,zh,0.5477225574951661,0.4522774425048339,3,10,0.0,0.30000001192092896,0.7245112497849162
472_r4,en,0.31622776601437735,0.6837722339856227,3,10,1.0,0.6000000238418579,0.10000000000368914
472_r4,fr,6.578740317673447e-07,0.9999993421259682,3,10,0.0,0.10000000149011612,0.10000000000368914
472_r4,ja,0.7128607273348816,0.2871392726651184,3,10,0.0,0.6000000238418579,0.7245112497849162
472_r4,zh,0.0,1.0,3,10,0.0,0.0,1.0
472_r5,en,0.5477225574959563,0.45227744250404367,3,10,1.0,0.5,0.3000000000028235
472_r5,fr,0.0,1.0,3,10,0.0,0.0,0.10000000000368914
472_r5,ja,0.7745966692273415,0.2254033307726585,3,10,0.0,0.6000000238418579,1.0
472_r5,zh,0.31622776601106445,0.6837722339889356,3,10,0.0,0.10000000149011612,1.0
478_r1,en,0.8944271909838276,0.10557280901617239,3,10,0.0,0.8999999761581421,0.8000000000008656
478_r1,fr,0.8463692061764693,0.15363079382353073,3,10,0.0,0.8999999761581421,0.7245112497849162
478_r1,ja,0.7745966692273415,0.2254033307726585,3,10,0.0,0.6000000238418579,0.8000000000008656
478_r1,zh,0.31622776601106445,0.6837722339889356,3,10,0.0,0.10000000149011612,1.0
478_r2,en,0.9999999999817427,1.8257284573053312e-11,3,10,0.0,1.0,1.0
478_r2,fr,0.5551309904735566,0.44486900952644337,3,10,0.0,0.5,0.3245112497866474
478_r2,ja,0.7745966692273415,0.2254033307726585,3,10,0.0,0.6000000238418579,1.0
478_r2,zh,0.2581988897424471,0.7418011102575529,3,10,0.0,0.06666667014360428,0.8000000000008656
478_r3,en,0.8463692061764693,0.15363079382353073,3,10,0.0,0.8999999761581421,0.7245112497849162
478_r3,fr,0.5477225574954986,0.4522774425045014,3,10,0.0,0.4000000059604645,0.3000000000028235
478_r3,ja,0.4472135954917929,0.5527864045082072,3,10,0.0,0.20000000298023224,0.8000000000008656
478_r3,zh,0.31622776601106445,0.6837722339889356,3,10,0.0,0.10000000149011612,0.5245112497857818
478_r4,en,0.5624418487090541,0.4375581512909459,3,10,0.0,0.699999988079071,0.32451124978664747
478_r4,fr,0.9999999999817427,1.8257284573053312e-11,3,10,0.0,1.0,1.0
478_r4,ja,0.6324555320221288,0.3675444679778712,3,10,0.0,0.4000000059604645,1.0
478_r4,zh,0.31622776601106445,0.6837722339889356,3,10,0.0,0.10000000149011612,0.8000000000008656
478_r5,en,0.894427190983586,0.10557280901641397,3,10,0.0,0.800000011920929,0.8000000000008656
478_r5,fr,0.5624418487086695,0.43755815129133047,3,10,0.0,0.6000000238418579,0.3245112497866474
478_r5,ja,0.5477225574955611,0.4522774425044389,3,10,0.0,0.4000000059604645,0.8000000000008656
478_r5,zh,0.0,1.0,3,10,0.0,0.0,0.8000000000008656
479_r1,en,0.4472135954922769,0.5527864045077231,3,10,1.0,0.30000001192092896,0.6000000000017313
479_r1,fr,0.8944271909838276,0.10557280901617239,3,10,1.0,0.8999999761581421,0.8000000000008656
479_r1,ja,0.6324555320224711,0.36754446797752893,3,10,1.0,0.5,0.6000000000017313
479_r1,zh,0.0,1.0,3,10,1.0,0.0,1.0
479_r2,en,0.09039035676028048,0.9096096432397195,3,10,1.0,0.23333333432674408,0.12451124978751298
479_r2,fr,0.9999999999817427,1.8257284573053312e-11,3,10,1.0,1.0,1.0
479_r2,ja,0.7128607273348816,0.2871392726651184,3,10,1.0,0.6000000238418579,0.7245112497849162
479_r2,zh,0.0,1.0,3,10,1.0,0.0,0.8000000000008656
479_r3,en,0.48304589153097804,0.5169541084690219,3,10,1.0,0.2666666805744171,0.8000000000008656
479_r3,fr,0.8944271909838278,0.10557280901617216,3,10,1.0,0.8999999761581421,0.8000000000008656
479_r3,ja,0.6324555320224711,0.36754446797752893,3,10,1.0,0.5,0.8000000000008656
479_r3,zh,0.2581988897424471,0.7418011102575529,3,10,1.0,0.06666667014360428,1.0
479_r4,en,0.5773502691790848,0.42264973082091517,3,10,1.0,0.3333333432674408,1.0
479_r4,fr,0.8366600265190589,0.1633399734809411,3,10,1.0,0.800000011920929,0.8000000000008656
479_r4,ja,0.7071067811736377,0.2928932188263623,3,10,1.0,0.5,0.5245112497857819
479_r4,zh,0.0,1.0,3,10,1.0,0.0,1.0
479_r5,en,0.18257418583429957,0.8174258141657005,3,10,1.0,0.2666666805744171,0.10000000000368914
479_r5,fr,0.7071067811739437,0.29289321882605635,3,10,1.0,0.6000000238418579,0.8000000000008656
479_r5,ja,0.894427190983586,0.10557280901641397,3,10,1.0,0.800000011920929,1.0
479_r5,zh,0.31622776601106445,0.6837722339889356,3,10,1.0,0.10000000149011612,1.0
47_r1,en,0.31622776601174873,0.6837722339882513,3,10,1.0,0.20000000298023224,0.10000000000368914
47_r1,fr,0.7071067811736377,0.2928932188263623,3,10,1.0,0.5,0.8000000000008656
47_r1,ja,0.6324555320221288,0.3675444679778712,3,10,1.0,0.4000000059604645,0.7245112497849162
47_r1,zh,0.36514837166344405,0.634851628336556,3,10,0.0,0.13333334028720856,1.0
47_r2,en,0.45625696333123095,0.543743036668769,3,10,1.0,0.5,0.3245112497866474
47_r2,fr,0.32889271288895267,0.6711072871110473,3,10,1.0,0.30000001192092896,0.5245112497857818
47_r2,ja,0.7071067811736377,0.2928932188263623,3,10,1.0,0.5,1.0
47_r2,zh,0.18257418583172202,0.817425814168278,3,10,0.0,0.03333333507180214,0.8000000000008656
47_r3,en,0.31622776601106445,0.6837722339889356,3,10,1.0,0.10000000149011612,0.6000000000017313
47_r3,fr,0.4651245351332373,0.5348754648667626,3,10,1.0,0.6000000238418579,0.32451124978664747
47_r3,ja,0.31622776601106445,0.6837722339889356,3,10,1.0,0.10000000149011612,0.5245112497857818
47_r3,zh,0.0,1.0,3,10,0.0,0.0,1.0
47_r4,en,6.578740317673447e-07,0.9999993421259682,3,10,1.0,0.10000000149011612,0.3245112497866474
47_r4,fr,0.31622776601232444,0.6837722339876755,3,10,1.0,0.30000001192092896,0.10000000000368914
47_r4,ja,0.5477225574955612,0.4522774425044388,3,10,1.0,0.4000000059604645,0.8000000000008656
47_r4,zh,0.0,1.0,3,10,0.0,0.0,0.7245112497849162
47_r5,en,0.31622776601243313,0.6837722339875669,3,10,1.0,0.30000001192092896,0.10000000000368914
47_r5,fr,0.5477225574955612,0.4522774425044388,3,10,1.0,0.4000000059604645,0.6000000000017313
47_r5,ja,0.6324555320221288,0.3675444679778712,3,10,1.0,0.4000000059604645,0.6000000000017313
47_r5,zh,0.18257418583172202,0.817425814168278,3,10,0.0,0.03333333507180214,1.0
485_r1,en,0.4472135954922769,0.5527864045077231,3,10,1.0,0.30000001192092896,0.3000000000028235
485_r1,fr,9.303743780584473e-07,0.9999990696256219,3,10,0.0,0.20000000298023224,0.12451124978751298
485_r1,ja,0.6324555320221288,0.3675444679778712,3,10,0.0,0.4000000059604645,1.0
485_r1,zh,0.5773502691793347,0.42264973082066526,3,10,0.0,0.4000000059604645,0.8000000000008656
485_r2,en,1.5682507621489706e-06,0.9999984317492379,3,10,1.0,0.6000000238418579,0.10000000000368914
485_r2,fr,6.578740317673447e-07,0.9999993421259682,3,10,0.0,0.10000000149011612,0.10000000000368914
485_r2,ja,0.7071067811736377,0.2928932188263623,3,10,0.0,0.5,1.0
485_r2,zh,0.2581988897424471,0.7418011102575529,3,10,0.0,0.06666667014360428,0.8000000000008656
485_r3,en,0.6324555320230467,0.3675444679769533,3,10,1.0,0.699999988079071,0.5000000000019581
485_r3,fr,0.31622776601174873,0.6837722339882513,3,10,0.0,0.20000000298023224,0.32451124978664747
485_r3,ja,0.8366600265188001,0.16333997348119988,3,10,0.0,0.699999988079071,1.0
485_r3,zh,0.4472135954917929,0.5527864045082072,3,10,0.0,0.20000000298023224,1.0
485_r4,en,0.4472135954931678,0.5527864045068323,3,10,1.0,0.5,0.3000000000028235
485_r4,fr,9.303743780584473e-07,0.9999990696256219,3,10,0.0,0.20000000298023224,0.32451124978664747
485_r4,ja,0.4472135954917929,0.5527864045082072,3,10,0.0,0.20000000298023224,0.8000000000008656
485_r4,zh,0.2581988897424471,0.7418011102575529,3,10,0.0,0.06666667014360428,1.0
485_r5,en,8.92696468468758e-07,0.9999991073035315,3,10,1.0,0.20000000298023224,0.3000000000028235
485_r5,fr,6.578740317673447e-07,0.9999993421259682,3,10,0.0,0.10000000149011612,0.10000000000368914
485_r5,ja,0.6324555320221288,0.3675444679778712,3,10,0.0,0.4000000059604645,0.7245112497849162
485_r5,zh,0.18257418583172202,0.817425814168278,3,10,0.0,0.03333333507180214,1.0
487_r1,en,0.9486832980331933,0.05131670196680671,3,10,1.0,0.8999999761581421,1.0
487_r1,fr,0.8463692061764693,0.15363079382353073,3,10,1.0,0.8999999761581421,0.7245112497849162
487_r1,ja,0.0,1.0,3,10,1.0,0.0,0.8000000000008656
487_r1,zh,0.4472135954917929,0.5527864045082072,3,10,0.0,0.20000000298023224,1.0
487_r2,en,0.7185686001847857,0.28143139981521426,3,10,1.0,0.800000011920929,0.5245112497857818
487_r2,fr,0.09039035675948248,0.9096096432405175,3,10,1.0,0.20000000298023224,0.32451124978664747
487_r2,ja,0.0,1.0,3,10,1.0,0.0,0.5245112497857819
487_r2,zh,0.5477225574951661,0.4522774425048339,3,10,0.0,0.30000001192092896,1.0
487_r3,en,0.8944271909840701,0.10557280901592991,3,10,1.0,1.0,0.8000000000008656
487_r3,fr,0.894427190983586,0.10557280901641397,3,10,1.0,0.800000011920929,1.0
487_r3,ja,0.0,1.0,3,10,1.0,0.0,0.5245112497857819
487_r3,zh,0.31622776601106445,0.6837722339889356,3,10,0.0,0.10000000149011612,1.0
487_r4,en,0.8366600265190589,0.1633399734809411,3,10,1.0,0.800000011920929,0.8000000000008656
487_r4,fr,0.8366600265188001,0.16333997348119988,3,10,1.0,0.699999988079071,1.0
487_r4,ja,0.0,1.0,3,10,1.0,0.0,0.8000000000008656
487_r4,zh,0.40824829045640937,0.5917517095435907,3,10,0.0,0.1666666716337204,0.7245112497849162
487_r5,en,0.7071067811742496,0.29289321882575037,3,10,1.0,0.699999988079071,0.6000000000017313
487_r5,fr,0.4651245351332373,0.5348754648667626,3,10,1.0,0.6000000238418579,0.3245112497866474
487_r5,ja,0.0,1.0,3,10,1.0,0.0,1.0
487_r5,zh,0.31622776601174873,0.6837722339882513,3,10,0.0,0.20000000298023224,0.8000000000008656
48_r1,en,6.578740317673447e-07,0.9999993421259682,3,10,1.0,0.10000000149011612,0.10000000000368914
48_r1,fr,0.0,1.0,3,10,1.0,0.0,0.40000000000259683
48_r1,ja,0.0,1.0,3,10,0.0,0.0,0.5245112497857819
48_r1,zh,0.0,1.0,3,10,0.0,0.0,0.3000000000028235
48_r2,en,0.1278312684353098,0.8721687315646902,3,10,1.0,0.30000001192092896,0.12451124978751298
48_r2,fr,0.0,1.0,3,10,1.0,0.0,0.6000000000017313
48_r2,ja,0.0,1.0,3,10,0.0,0.0,0.5245112497857818
48_r2,zh,0.0,1.0,3,10,0.0,0.0,0.40000000000259683
48_r3,en,1.3157480635346895e-06,0.9999986842519365,3,10,1.0,0.4000000059604645,0.10000000000368914
48_r3,fr,0.0,1.0,3,10,1.0,0.0,0.3000000000028235
48_r3,ja,0.0,1.0,3,10,0.0,0.0,0.6000000000017313
48_r3,zh,0.3162277660110644,0.6837722339889356,3,10,0.0,0.10000000149011612,0.6000000000017313
48_r4,en,0.34108772066223897,0.6589122793377611,3,10,1.0,0.5,0.12451124978751298
48_r4,fr,0.0,1.0,3,10,1.0,0.0,0.32451124978664747
48_r4,ja,0.0,1.0,3,10,0.0,0.0,0.30000000000282356
48_r4,zh,3.7982374933374084e-07,0.9999996201762507,3,10,0.0,0.03333333507180214,0.32451124978664747
48_r5,en,0.5477225574955612,0.4522774425044388,3,10,1.0,0.4000000059604645,0.8000000000008656
48_r5,fr,0.0,1.0,3,10,1.0,0.0,0.12451124978751298
48_r5,ja,0.0,1.0,3,10,0.0,0.0,0.5245112497857819
48_r5,zh,0.0,1.0,3,10,0.0,0.0,0.10000000000368914
49_r1,en,0.718568600184485,0.281431399815515,3,10,1.0,0.699999988079071,0.5245112497857818
49_r1,fr,0.7745966692279002,0.22540333077209984,3,10,0.0,0.800000011920929,0.6000000000017313
49_r1,ja,0.5477225574951662,0.4522774425048338,3,10,1.0,0.30000001192092896,0.6000000000017313
49_r1,zh,0.31622776601106445,0.6837722339889356,3,10,1.0,0.10000000149011612,0.7245112497849162
49_r2,en,0.8944271909838276,0.10557280901617239,3,10,1.0,0.8999999761581421,0.8000000000008656
49_r2,fr,0.12783126843869552,0.8721687315613045,3,10,0.0,0.5,0.12451124978751298
49_r2,ja,0.44721359549276085,0.5527864045072391,3,10,1.0,0.4000000059604645,0.6000000000017313
49_r2,zh,0.32889271288829475,0.6711072871117052,3,10,1.0,0.20000000298023224,0.7245112497849162
49_r3,en,0.6452447854691848,0.35475521453081515,3,10,1.0,0.699999988079071,0.5245112497857818
49_r3,fr,0.6324555320231554,0.3675444679768446,3,10,0.0,0.699999988079071,0.40000000000259683
49_r3,ja,0.7071067811736377,0.2928932188263623,3,10,1.0,0.5,1.0
49_r3,zh,0.4472135954917929,0.5527864045082072,3,10,1.0,0.20000000298023224,1.0
49_r4,en,0.7745966692273415,0.2254033307726585,3,10,1.0,0.6000000238418579,0.6000000000017313
49_r4,fr,0.9486832980331933,0.05131670196680671,3,10,0.0,0.8999999761581421,1.0
49_r4,ja,0.4472135954917929,0.5527864045082072,3,10,1.0,0.20000000298023224,1.0
49_r4,zh,0.4472135954917929,0.5527864045082072,3,10,1.0,0.20000000298023224,1.0
49_r5,en,0.7242314890738987,0.27576851092610133,3,10,1.0,0.8999999761581421,0.5245112497857819
49_r5,fr,0.4651245351332374,0.5348754648667626,3,10,0.0,0.6000000238418579,0.3245112497866474
49_r5,ja,0.5551309904731668,0.44486900952683317,3,10,1.0,0.4000000059604645,0.7245112497849162
49_r5,zh,0.31622776601106445,0.6837722339889356,3,10,1.0,0.10000000149011612,1.0
503_r1,en,0.42137934863279725,0.5786206513672028,3,10,1.0,0.46666666865348816,0.3245112497866474
503_r1,fr,0.2581988897430058,0.7418011102569941,3,10,1.0,0.13333334028720856,0.3000000000028235
503_r1,ja,0.894427190983586,0.10557280901641397,3,10,1.0,0.800000011920929,1.0
503_r1,zh,0.605530070808443,0.394469929191557,3,10,1.0,0.36666667461395264,1.0
503_r2,en,0.4082482904579716,0.5917517095420284,3,10,1.0,0.46666666865348816,0.3000000000028235
503_r2,fr,0.5268401611971704,0.47315983880282964,3,10,1.0,0.5,0.5245112497857818
503_r2,ja,0.4651245351327719,0.534875464867228,3,10,1.0,0.5,0.3245112497866474
503_r2,zh,0.3247259527561275,0.6752740472438725,3,10,1.0,0.30000001192092896,0.3245112497866474
503_r3,en,0.48304589153157546,0.5169541084684246,3,10,1.0,0.4000000059604645,0.3000000000028235
503_r3,fr,0.6324555320222249,0.36754446797777507,3,10,1.0,0.4333333373069763,0.7000000000010924
503_r3,ja,0.7071067811742496,0.29289321882575037,3,10,1.0,0.699999988079071,0.6000000000017313
503_r3,zh,0.3725322505842234,0.6274677494157765,3,10,1.0,0.30000001192092896,0.3245112497866474
503_r4,en,1.2321677595223363e-06,0.9999987678322405,3,10,1.0,0.36666667461395264,0.10000000000368914
503_r4,fr,0.36514837166473274,0.6348516283352672,3,10,1.0,0.36666667461395264,0.3000000000028235
503_r4,ja,0.8944271909838276,0.10557280901617239,3,10,1.0,0.8999999761581421,0.8000000000008656
503_r4,zh,0.5773502691790848,0.42264973082091517,3,10,1.0,0.3333333432674408,1.0
503_r5,en,0.5163977794856435,0.48360222051435653,3,10,1.0,0.46666666865348816,0.5000000000019581
503_r5,fr,0.6831300510518564,0.3168699489481436,3,10,1.0,0.6000000238418579,0.7000000000010924
503_r5,ja,0.5477225574955612,0.4522774425044388,3,10,1.0,0.4000000059604645,0.6000000000017313
503_r5,zh,0.31622776601106445,0.6837722339889356,3,10,1.0,0.10000000149011612,0.7245112497849162
507_r1,en,0.8944271909838276,0.10557280901617239,3,10,1.0,0.8999999761581421,0.8000000000008656
507_r1,fr,0.2784969577171494,0.7215030422828506,3,10,1.0,0.3333333432674408,0.3245112497866474
507_r1,ja,0.0,1.0,3,10,0.0,0.0,1.0
507_r1,zh,0.4472135954917929,0.5527864045082072,3,10,1.0,0.20000000298023224,0.8000000000008656
507_r2,en,0.9999999999817427,1.8257284573053312e-11,3,10,1.0,1.0,1.0
507_r2,fr,0.3797725926418861,0.6202274073581139,3,10,1.0,0.4000000059604645,0.3245112497866474
507_r2,ja,0.7071067811736377,0.2928932188263623,3,10,0.0,0.5,1.0
507_r2,zh,3.7982374933374084e-07,0.9999996201762507,3,10,1.0,0.03333333507180214,0.8000000000008656
507_r3,en,0.7185686001847857,0.28143139981521426,3,10,1.0,0.800000011920929,0.5245112497857819
507_r3,fr,0.5773502691794598,0.42264973082054025,3,10,1.0,0.4333333373069763,0.6000000000017313
507_r3,ja,0.0,1.0,3,10,0.0,0.0,1.0
507_r3,zh,0.447213595491793,0.5527864045082069,3,10,1.0,0.20000000298023224,0.8000000000008656
507_r4,en,0.3162277660157459,0.683772233984254,3,10,1.0,0.800000011920929,0.10000000000368914
507_r4,fr,0.6324555320223569,0.36754446797764306,3,10,1.0,0.46666666865348816,0.8000000000008656
507_r4,ja,0.7071067811736377,0.2928932188263623,3,10,0.0,0.5,1.0
507_r4,zh,0.4082482904564095,0.5917517095435905,3,10,1.0,0.1666666716337204,0.8000000000008656
507_r5,en,0.4651245351327719,0.534875464867228,3,10,1.0,0.5,0.3245112497866474
507_r5,fr,7.288836143109965e-07,0.9999992711163856,3,10,1.0,0.13333334028720856,0.10000000000368914
507_r5,ja,0.0,1.0,3,10,0.0,0.0,1.0
507_r5,zh,0.31622776601106445,0.6837722339889356,3,10,1.0,0.10000000149011612,1.0
512_r1,en,0.3761698418581309,0.623830158141869,3,10,0.0,0.3333333432674408,0.3245112497866474
512_r1,fr,0.127831268433617,0.872168731566383,3,10,0.0,0.20000000298023224,0.7245112497849162
512_r1,ja,0.7745966692273413,0.22540333077265873,3,10,0.0,0.6000000238418579,1.0
512_r1,zh,0.31622776601106445,0.6837722339889356,3,10,0.0,0.10000000149011612,0.5245112497857819
512_r2,en,0.4562569633305987,0.5437430366694014,3,10,0.0,0.36666667461395264,0.5245112497857819
512_r2,fr,0.4472135954917929,0.5527864045082072,3,10,0.0,0.20000000298023224,1.0
512_r2,ja,0.6122394002740689,0.38776059972593113,3,10,0.0,0.46666666865348816,0.7245112497849162
512_r2,zh,6.578740317673447e-07,0.9999993421259682,3,10,0.0,0.10000000149011612,0.8000000000008656
512_r3,en,0.19692708734345096,0.803072912656549,3,10,0.0,0.3333333432674408,0.12451124978751298
512_r3,fr,0.0,1.0,3,10,0.0,0.0,1.0
512_r3,ja,0.18257418583172202,0.817425814168278,3,10,0.0,0.03333333507180214,0.8000000000008656
512_r3,zh,0.4472135954917929,0.5527864045082072,3,10,0.0,0.20000000298023224,0.5000000000019581
512_r4,en,0.31622776601216873,0.6837722339878313,3,10,0.0,0.2666666805744171,0.3000000000028235
512_r4,fr,0.5477225574959563,0.45227744250404367,3,10,0.0,0.5,0.6000000000017313
512_r4,ja,0.737717576113486,0.262282423886514,3,10,0.0,0.6666666865348816,0.7245112497849162
512_r4,zh,0.6324555320221288,0.3675444679778712,3,10,0.0,0.4000000059604645,0.7000000000010924
512_r5,en,0.37253225058383616,0.6274677494161638,3,10,0.0,0.23333333432674408,0.5245112497857819
512_r5,fr,0.0,1.0,3,10,0.0,0.0,0.5245112497857818
512_r5,ja,0.5294185750878525,0.4705814249121475,3,10,0.0,0.4333333373069763,0.7245112497849162
512_r5,zh,0.4472135954917929,0.5527864045082072,3,10,0.0,0.20000000298023224,0.7245112497849162
516_r1,en,0.5624418487090542,0.4375581512909458,3,10,0.0,0.699999988079071,0.3245112497866474
516_r1,fr,0.7745966692276206,0.2254033307723794,3,10,0.0,0.699999988079071,0.6000000000017313
516_r1,ja,0.7745966692273415,0.2254033307726585,3,10,0.0,0.6000000238418579,1.0
516_r1,zh,0.2581988897427265,0.7418011102572735,3,10,0.0,0.10000000149011612,0.8000000000008656
516_r2,en,0.8463692061764693,0.15363079382353073,3,10,0.0,0.8999999761581421,0.7245112497849162
516_r2,fr,0.5477225574959563,0.45227744250404367,3,10,0.0,0.5,0.3000000000028235
516_r2,ja,0.6324555320224711,0.36754446797752893,3,10,0.0,0.5,0.8000000000008656
516_r2,zh,0.18257418583172202,0.817425814168278,3,10,0.0,0.03333333507180214,0.7245112497849162
516_r3,en,0.9486832980331933,0.05131670196680671,3,10,0.0,0.8999999761581421,1.0
516_r3,fr,0.4651245351327719,0.534875464867228,3,10,0.0,0.5,0.3245112497866474
516_r3,ja,0.7745966692273415,0.2254033307726585,3,10,0.0,0.6000000238418579,1.0
516_r3,zh,0.2581988897424471,0.7418011102575529,3,10,0.0,0.06666667014360428,1.0
516_r4,en,0.7071067811742496,0.29289321882575037,3,10,0.0,0.699999988079071,0.6000000000017313
516_r4,fr,0.6388821617328978,0.3611178382671022,3,10,0.0,0.6000000238418579,0.5245112497857818
516_r4,ja,0.7745966692276207,0.22540333077237928,3,10,0.0,0.699999988079071,0.8000000000008656
516_r4,zh,0.4082482904564095,0.5917517095435905,3,10,0.0,0.1666666716337204,0.7245112497849162
516_r5,en,0.31622776601290015,0.6837722339870999,3,10,0.0,0.4000000059604645,0.10000000000368914
516_r5,fr,0.4738261809747864,0.5261738190252137,3,10,0.0,0.6000000238418579,0.3245112497866474
516_r5,ja,0.09039035676187651,0.9096096432381235,3,10,0.0,0.30000001192092896,0.32451124978664747
516_r5,zh,0.2581988897427265,0.7418011102572735,3,10,0.0,0.10000000149011612,0.8000000000008656
519_r1,en,0.4562569633302825,0.5437430366697176,3,10,0.0,0.30000001192092896,0.3245112497866474
519_r1,fr,0.0,1.0,3,10,0.0,0.0,0.6000000000017313
519_r1,ja,0.4472135954917929,0.5527864045082072,3,10,0.0,0.20000000298023224,0.8000000000008656
519_r1,zh,0.0,1.0,3,10,0.0,0.0,1.0
519_r2,en,1.1394712480012226e-06,0.999998860528752,3,10,0.0,0.30000001192092896,0.10000000000368914
519_r2,fr,0.0,1.0,3,10,0.0,0.0,0.8000000000008656
519_r2,ja,0.31622776601106445,0.6837722339889356,3,10,0.0,0.10000000149011612,0.5245112497857818
519_r2,zh,0.0,1.0,3,10,0.0,0.0,1.0
519_r3,en,0.5477225574955612,0.4522774425044388,3,10,0.0,0.4000000059604645,0.5000000000019581
519_r3,fr,6.578740317673447e-07,0.9999993421259682,3,10,0.0,0.10000000149011612,0.3245112497866474
519_r3,ja,0.0,1.0,3,10,0.0,0.0,0.7245112497849162
519_r3,zh,0.18257418583172202,0.817425814168278,3,10,0.0,0.03333333507180214,1.0
519_r4,en,0.6324555320234976,0.3675444679765024,3,10,0.0,0.800000011920929,0.40000000000259683
519_r4,fr,0.09039035675708842,0.9096096432429116,3,10,0.0,0.10000000149011612,0.3245112497866474
519_r4,ja,0.5477225574951661,0.4522774425048339,3,10,0.0,0.30000001192092896,1.0
519_r4,zh,0.0,1.0,3,10,0.0,0.0,1.0
519_r5,en,0.7745966692273415,0.2254033307726585,3,10,0.0,0.6000000238418579,1.0
519_r5,fr,0.31622776601106445,0.6837722339889356,3,10,0.0,0.10000000149011612,0.8000000000008656
519_r5,ja,0.4472135954917929,0.5527864045082072,3,10,0.0,0.20000000298023224,1.0
519_r5,zh,0.2581988897424471,0.7418011102575529,3,10,0.0,0.06666667014360428,1.0
51_r1,en,0.7185686001847857,0.28143139981521426,3,10,1.0,0.800000011920929,0.5245112497857818
51_r1,fr,0.31622776601174873,0.6837722339882513,3,10,1.0,0.20000000298023224,0.40000000000259683
51_r1,ja,0.4082482904567628,0.5917517095432372,3,10,1.0,0.23333333432674408,0.8000000000008656
51_r1,zh,0.4472135954917929,0.5527864045082072,3,10,1.0,0.20000000298023224,1.0
51_r2,en,0.4472135954931678,0.5527864045068323,3,10,1.0,0.5,0.3000000000028235
51_r2,fr,6.03414238432249e-07,0.9999993965857615,3,10,1.0,0.10000000149011612,0.5000000000019581
51_r2,ja,0.4830458915308288,0.5169541084691712,3,10,1.0,0.23333333432674408,1.0
51_r2,zh,0.4472135954917929,0.5527864045082072,3,10,1.0,0.20000000298023224,1.0
51_r3,en,0.7071067811739437,0.29289321882605635,3,10,1.0,0.6000000238418579,0.6000000000017313
51_r3,fr,9.303743780584473e-07,0.9999990696256219,3,10,1.0,0.20000000298023224,0.3000000000028235
51_r3,ja,0.31622776601152064,0.6837722339884793,3,10,1.0,0.1666666716337204,0.8000000000008656
51_r3,zh,0.4472135954917929,0.5527864045082072,3,10,1.0,0.20000000298023224,1.0
51_r4,en,0.44721359549276085,0.5527864045072391,3,10,1.0,0.4000000059604645,0.3000000000028235
51_r4,fr,0.0,1.0,3,10,1.0,0.0,0.12451124978751298
51_r4,ja,0.4830458915308288,0.5169541084691712,3,10,1.0,0.23333333432674408,1.0
51_r4,zh,0.6055300708084428,0.3944699291915572,3,10,1.0,0.36666667461395264,1.0
51_r5,en,0.5477225574962885,0.4522774425037115,3,10,1.0,0.6000000238418579,0.3000000000028235
51_r5,fr,6.578740317673447e-07,0.9999993421259682,3,10,1.0,0.10000000149011612,0.12451124978751298
51_r5,ja,0.4082482904564095,0.5917517095435905,3,10,1.0,0.1666666716337204,0.8000000000008656
51_r5,zh,0.32889271288829475,0.6711072871117052,3,10,1.0,0.20000000298023224,0.7245112497849162
520_r1,en,0.6515452783727682,0.3484547216272318,3,10,1.0,0.800000011920929,0.5245112497857819
520_r1,fr,9.303743780584473e-07,0.9999990696256219,3,10,1.0,0.20000000298023224,0.32451124978664747
520_r1,ja,0.5477225574951661,0.4522774425048339,3,10,1.0,0.30000001192092896,0.6000000000017313
520_r1,zh,0.4472135954917929,0.5527864045082072,3,10,1.0,0.20000000298023224,1.0
520_r2,en,0.7071067811742496,0.29289321882575037,3,10,1.0,0.699999988079071,0.6000000000017313
520_r2,fr,0.0,1.0,3,10,1.0,0.0,0.8000000000008656
520_r2,ja,0.7745966692273415,0.2254033307726585,3,10,1.0,0.6000000238418579,1.0
520_r2,zh,0.31622776601106445,0.6837722339889356,3,10,1.0,0.10000000149011612,0.8000000000008656
520_r3,en,0.8366600265190589,0.1633399734809411,3,10,1.0,0.800000011920929,0.8000000000008656
520_r3,fr,6.578740317673447e-07,0.9999993421259682,3,10,1.0,0.10000000149011612,0.3245112497866474
520_r3,ja,0.6324555320221288,0.3675444679778712,3,10,1.0,0.4000000059604645,1.0
520_r3,zh,0.4472135954917929,0.5527864045082072,3,10,1.0,0.20000000298023224,0.7245112497849162
520_r4,en,0.5551309904735566,0.44486900952644337,3,10,1.0,0.5,0.3245112497866474
520_r4,fr,6.578740317673447e-07,0.9999993421259682,3,10,1.0,0.10000000149011612,0.3245112497866474
520_r4,ja,0.5477225574955612,0.4522774425044388,3,10,1.0,0.4000000059604645,0.8000000000008656
520_r4,zh,0.4472135954917929,0.5527864045082072,3,10,1.0,0.20000000298023224,1.0
520_r5,en,0.7071067811736377,0.2928932188263623,3,10,1.0,0.5,0.8000000000008656
520_r5,fr,6.578740317673447e-07,0.9999993421259682,3,10,1.0,0.10000000149011612,0.6000000000017313
520_r5,ja,0.9486832980331933,0.05131670196680671,3,10,1.0,0.8999999761581421,1.0
520_r5,zh,0.5477225574951661,0.4522774425048339,3,10,1.0,0.30000001192092896,0.8000000000008656
521_r1,en,0.44721359549276085,0.5527864045072391,3,10,0.0,0.4000000059604645,0.3000000000028235
521_r1,fr,0.0,1.0,3,10,0.0,0.0,0.10000000000368914
521_r1,ja,0.31622776601106445,0.6837722339889356,3,10,0.0,0.10000000149011612,1.0
521_r1,zh,0.3162277660110644,0.6837722339889356,3,10,0.0,0.10000000149011612,1.0
521_r2,en,6.578740317673447e-07,0.9999993421259682,3,10,0.0,0.10000000149011612,0.10000000000368914
521_r2,fr,6.578740317673447e-07,0.9999993421259682,3,10,0.0,0.10000000149011612,0.12451124978751298
521_r2,ja,0.5477225574955611,0.4522774425044389,3,10,0.0,0.4000000059604645,0.8000000000008656
521_r2,zh,0.447213595491793,0.5527864045082069,3,10,0.0,0.20000000298023224,1.0
521_r3,en,8.92696468468758e-07,0.9999991073035315,3,10,0.0,0.20000000298023224,0.10000000000368914
521_r3,fr,6.578740317673447e-07,0.9999993421259682,3,10,0.0,0.10000000149011612,0.10000000000368914
521_r3,ja,0.6388821617325591,0.3611178382674409,3,10,0.0,0.5,0.7245112497849162
521_r3,zh,0.2581988897424471,0.7418011102575529,3,10,0.0,0.06666667014360428,0.8000000000008656
521_r4,en,1.0775043981160184e-06,0.9999989224956018,3,10,0.0,0.30000001192092896,0.10000000000368914
521_r4,fr,6.578740317673447e-07,0.9999993421259682,3,10,0.0,0.10000000149011612,0.10000000000368914
521_r4,ja,0.7071067811736377,0.2928932188263623,3,10,0.0,0.5,1.0
521_r4,zh,0.36514837166344405,0.634851628336556,3,10,0.0,0.13333334028720856,1.0
521_r5,en,1.2624634527910834e-06,0.9999987375365472,3,10,0.0,0.4000000059604645,0.10000000000368914
521_r5,fr,6.578740317673447e-07,0.9999993421259682,3,10,0.0,0.10000000149011612,0.10000000000368914
521_r5,ja,0.0,1.0,3,10,0.0,0.0,0.7245112497849162
521_r5,zh,0.4082482904564095,0.5917517095435905,3,10,0.0,0.1666666716337204,1.0
525_r1,en,0.5477225574959562,0.4522774425040438,3,10,1.0,0.5,0.40000000000259683
525_r1,fr,0.9486832980331933,0.05131670196680671,3,10,1.0,0.8999999761581421,1.0
525_r1,ja,0.5477225574951661,0.4522774425048339,3,10,1.0,0.30000001192092896,0.7245112497849162
525_r1,zh,0.36514837166344405,0.634851628336556,3,10,1.0,0.13333334028720856,1.0
525_r2,en,0.6452447854691847,0.35475521453081527,3,10,1.0,0.699999988079071,0.5245112497857819
525_r2,fr,0.7745966692279002,0.22540333077209984,3,10,1.0,0.800000011920929,0.6000000000017313
525_r2,ja,0.6388821617325591,0.3611178382674409,3,10,1.0,0.5,0.7245112497849162
525_r2,zh,0.36514837166344405,0.634851628336556,3,10,1.0,0.13333334028720856,1.0
525_r3,en,0.3162277660130088,0.6837722339869912,3,10,1.0,0.4000000059604645,0.10000000000368914
525_r3,fr,0.32889271288895267,0.6711072871110473,3,10,1.0,0.30000001192092896,0.5245112497857819
525_r3,ja,0.6324555320224711,0.36754446797752893,3,10,1.0,0.5,0.6000000000017313
525_r3,zh,0.36514837166344405,0.634851628336556,3,10,1.0,0.13333334028720856,1.0
525_r4,en,0.7071067811738951,0.29289321882610486,3,10,1.0,0.6000000238418579,0.5000000000019581
525_r4,fr,0.8944271909838276,0.10557280901617239,3,10,1.0,0.8999999761581421,0.8000000000008656
525_r4,ja,0.4472135954922769,0.5527864045077231,3,10,1.0,0.30000001192092896,0.8000000000008656
525_r4,zh,0.37616984185774743,0.6238301581422525,3,10,1.0,0.2666666805744171,0.5245112497857819
525_r5,en,0.6324555320231554,0.3675444679768446,3,10,1.0,0.699999988079071,0.40000000000259683
525_r5,fr,0.7745966692278999,0.22540333077210006,3,10,1.0,0.800000011920929,0.6000000000017313
525_r5,ja,0.894427190983586,0.10557280901641397,3,10,1.0,0.800000011920929,1.0
525_r5,zh,0.447213595491793,0.5527864045082069,3,10,1.0,0.20000000298023224,1.0
528_r1,en,0.0,1.0,3,10,1.0,0.0,0.12451124978751298
528_r1,fr,0.5477225574962887,0.45227744250371127,3,10,1.0,0.6000000238418579,0.30000000000282356
528_r1,ja,0.7071067811736377,0.2928932188263623,3,10,1.0,0.5,1.0
528_r1,zh,0.5773502691790848,0.42264973082091517,3,10,1.0,0.3333333432674408,1.0
528_r2,en,0.0,1.0,3,10,1.0,0.0,0.10000000000368914
528_r2,fr,0.3410877206628734,0.6589122793371266,3,10,1.0,0.6000000238418579,0.12451124978751298
528_r2,ja,0.5477225574955612,0.4522774425044388,3,10,1.0,0.4000000059604645,0.6000000000017313
528_r2,zh,0.5163977794848941,0.48360222051510593,3,10,1.0,0.2666666805744171,1.0
528_r3,en,0.0,1.0,3,10,1.0,0.0,0.8000000000008656
528_r3,fr,0.5477225574963515,0.45227744250364854,3,10,1.0,0.6000000238418579,0.40000000000259683
528_r3,ja,0.5477225574951661,0.4522774425048339,3,10,1.0,0.30000001192092896,1.0
528_r3,zh,0.1825741858329073,0.8174258141670927,3,10,1.0,0.13333334028720856,0.6000000000017313
528_r4,en,0.0,1.0,3,10,1.0,0.0,0.3245112497866474
528_r4,fr,0.894427190983586,0.10557280901641397,3,10,1.0,0.800000011920929,0.8000000000008656
528_r4,ja,0.7071067811742496,0.29289321882575037,3,10,1.0,0.699999988079071,0.6000000000017313
528_r4,zh,0.4830458915308288,0.5169541084691712,3,10,1.0,0.23333333432674408,1.0
528_r5,en,0.0,1.0,3,10,1.0,0.0,0.10000000000368914
528_r5,fr,8.92696468468758e-07,0.9999991073035315,3,10,1.0,0.20000000298023224,0.10000000000368914
528_r5,ja,0.5624418487082847,0.43755815129171527,3,10,1.0,0.5,0.5245112497857819
528_r5,zh,0.4830458915308288,0.5169541084691712,3,10,1.0,0.23333333432674408,1.0
52_r1,en,0.0,1.0,3,10,1.0,0.0,0.10000000000368914
52_r1,fr,0.4472135954927608,0.5527864045072393,3,10,1.0,0.4000000059604645,0.40000000000259683
52_r1,ja,0.0,1.0,3,10,0.0,0.0,1.0
52_r1,zh,0.0,1.0,3,10,0.0,0.0,1.0
52_r2,en,0.7185686001847861,0.2814313998152139,3,10,1.0,0.800000011920929,0.5245112497857819
52_r2,fr,0.34108772066223897,0.6589122793377611,3,10,1.0,0.5,0.5245112497857818
52_r2,ja,0.0,1.0,3,10,0.0,0.0,0.8000000000008656
52_r2,zh,0.0,1.0,3,10,0.0,0.0,1.0
52_r3,en,0.5477225574962259,0.4522774425037741,3,10,1.0,0.6000000238418579,0.5000000000019581
52_r3,fr,0.8366600265188001,0.16333997348119988,3,10,1.0,0.699999988079071,1.0
52_r3,ja,0.0,1.0,3,10,0.0,0.0,0.8000000000008656
52_r3,zh,0.0,1.0,3,10,0.0,0.0,1.0
52_r4,en,0.8463692061764693,0.15363079382353073,3,10,1.0,0.8999999761581421,0.7245112497849162
52_r4,fr,0.8366600265188001,0.16333997348119988,3,10,1.0,0.699999988079071,0.8000000000008656
52_r4,ja,0.0,1.0,3,10,0.0,0.0,0.7245112497849162
52_r4,zh,0.0,1.0,3,10,0.0,0.0,1.0
52_r5,en,6.578740317673447e-07,0.9999993421259682,3,10,1.0,0.10000000149011612,0.12451124978751298
52_r5,fr,0.718568600184485,0.281431399815515,3,10,1.0,0.699999988079071,0.5245112497857818
52_r5,ja,0.0,1.0,3,10,0.0,0.0,0.5245112497857819
52_r5,zh,0.0,1.0,3,10,0.0,0.0,1.0
533_r1,en,0.052186896805851306,0.9478131031941487,3,10,1.0,0.03333333507180214,0.32451124978664747
533_r1,fr,0.0,1.0,3,10,0.0,0.0,0.32451124978664747
533_r1,ja,0.0,1.0,3,10,0.0,0.0,0.5245112497857819
533_r1,zh,0.0,1.0,3,10,0.0,0.0,0.7245112497849162
533_r2,en,0.0,1.0,3,10,1.0,0.0,0.6000000000017313
533_r2,fr,6.578740317673447e-07,0.9999993421259682,3,10,0.0,0.10000000149011612,0.10000000000368914
533_r2,ja,0.31622776601106445,0.6837722339889356,3,10,0.0,0.10000000149011612,1.0
533_r2,zh,0.0,1.0,3,10,0.0,0.0,1.0
533_r3,en,0.0,1.0,3,10,1.0,0.0,0.12451124978751298
533_r3,fr,0.0,1.0,3,10,0.0,0.0,0.12451124978751298
533_r3,ja,0.4472135954927608,0.5527864045072393,3,10,0.0,0.4000000059604645,0.8000000000008656
533_r3,zh,0.0,1.0,3,10,0.0,0.0,1.0
533_r4,en,0.0,1.0,3,10,1.0,0.0,0.5000000000019581
533_r4,fr,0.0,1.0,3,10,0.0,0.0,0.32451124978664747
533_r4,ja,1.2624634527910834e-06,0.9999987375365472,3,10,0.0,0.4000000059604645,0.30000000000282356
533_r4,zh,0.0,1.0,3,10,0.0,0.0,1.0
533_r5,en,3.4838137299171195e-07,0.999999651618627,3,10,1.0,0.03333333507180214,0.10000000000368914
533_r5,fr,0.0,1.0,3,10,0.0,0.0,0.12451124978751298
533_r5,ja,9.303743780584471e-07,0.9999990696256219,3,10,0.0,0.20000000298023224,0.40000000000259683
533_r5,zh,0.2581988897424471,0.7418011102575529,3,10,0.0,0.06666667014360428,0.8000000000008656
535_r1,en,0.9999999999817427,1.8257284573053312e-11,3,10,0.0,1.0,1.0
535_r1,fr,0.12783126843530984,0.8721687315646902,3,10,0.0,0.30000001192092896,0.32451124978664747
535_r1,ja,0.05218689680723351,0.9478131031927665,3,10,0.0,0.06666667014360428,0.12451124978751298
535_r1,zh,0.2581988897424471,0.7418011102575529,3,10,0.0,0.06666667014360428,1.0
535_r2,en,0.7185686001847861,0.2814313998152139,3,10,0.0,0.800000011920929,0.5245112497857819
535_r2,fr,0.44721359549316786,0.5527864045068321,3,10,0.0,0.5,0.30000000000282356
535_r2,ja,3.7982374933374084e-07,0.9999996201762507,3,10,0.0,0.03333333507180214,0.8000000000008656
535_r2,zh,0.0,1.0,3,10,0.0,0.0,0.8000000000008656
535_r3,en,0.5624418487090541,0.4375581512909459,3,10,0.0,0.699999988079071,0.32451124978664747
535_r3,fr,6.578740317673447e-07,0.9999993421259682,3,10,0.0,0.10000000149011612,0.6000000000017313
535_r3,ja,0.0,1.0,3,10,0.0,0.0,0.30000000000282356
535_r3,zh,0.18257418583290724,0.8174258141670927,3,10,0.0,0.13333334028720856,0.8000000000008656
535_r4,en,0.5551309904735566,0.44486900952644337,3,10,0.0,0.5,0.3245112497866474
535_r4,fr,8.92696468468758e-07,0.9999991073035315,3,10,0.0,0.20000000298023224,0.10000000000368914
535_r4,ja,0.18988629632056322,0.8101137036794368,3,10,0.0,0.06666667014360428,0.7245112497849162
535_r4,zh,0.31622776601106445,0.6837722339889356,3,10,0.0,0.10000000149011612,0.8000000000008656
535_r5,en,0.5624418487086694,0.4375581512913306,3,10,0.0,0.6000000238418579,0.32451124978664747
535_r5,fr,6.03414238432249e-07,0.9999993965857615,3,10,0.0,0.10000000149011612,0.10000000000368914
535_r5,ja,0.2581988897424471,0.7418011102575529,3,10,0.0,0.06666667014360428,1.0
535_r5,zh,0.18257418583172202,0.817425814168278,3,10,0.0,0.03333333507180214,0.7245112497849162
536_r1,en,8.92696468468758e-07,0.9999991073035315,3,10,0.0,0.20000000298023224,0.3000000000028235
536_r1,fr,0.2581988897430058,0.7418011102569941,3,10,0.0,0.13333334028720856,0.40000000000259683
536_r1,ja,0.0,1.0,3,10,0.0,0.0,1.0
536_r1,zh,0.31622776601106445,0.6837722339889356,3,10,0.0,0.10000000149011612,0.7245112497849162
536_r2,en,0.5477225574955612,0.4522774425044388,3,10,0.0,0.4000000059604645,0.3000000000028235
536_r2,fr,0.2581988897424471,0.7418011102575529,3,10,0.0,0.06666667014360428,0.3000000000028235
536_r2,ja,0.0,1.0,3,10,0.0,0.0,0.5245112497857818
536_r2,zh,0.31622776601106445,0.6837722339889356,3,10,0.0,0.10000000149011612,1.0
536_r3,en,0.44721359549268397,0.5527864045073161,3,10,0.0,0.4000000059604645,0.3000000000028235
536_r3,fr,0.0,1.0,3,10,0.0,0.0,0.6000000000017313
536_r3,ja,6.578740317673447e-07,0.9999993421259682,3,10,0.0,0.10000000149011612,0.8000000000008656
536_r3,zh,0.31622776601106445,0.6837722339889356,3,10,0.0,0.10000000149011612,1.0
536_r4,en,9.303743780584473e-07,0.9999990696256219,3,10,0.0,0.20000000298023224,0.10000000000368914
536_r4,fr,6.402356926659675e-07,0.9999993597643073,3,10,0.0,0.10000000149011612,0.10000000000368914
536_r4,ja,0.0,1.0,3,10,0.0,0.0,0.7245112497849162
536_r4,zh,0.31622776601174873,0.6837722339882513,3,10,0.0,0.20000000298023224,0.8000000000008656
536_r5,en,0.12783126843869552,0.8721687315613045,3,10,0.0,0.5,0.12451124978751298
536_r5,fr,0.0,1.0,3,10,0.0,0.0,0.10000000000368914
536_r5,ja,0.31622776601106445,0.6837722339889356,3,10,0.0,0.10000000149011612,1.0
536_r5,zh,0.4472135954917929,0.5527864045082072,3,10,0.0,0.20000000298023224,1.0
541_r1,en,0.8463692061764693,0.15363079382353073,3,10,0.0,0.8999999761581421,0.7245112497849162
541_r1,fr,6.578740317673447e-07,0.9999993421259682,3,10,0.0,0.10000000149011612,0.12451124978751298
541_r1,ja,0.6324555320221288,0.3675444679778712,3,10,0.0,0.4000000059604645,1.0
541_r1,zh,0.5477225574951661,0.4522774425048339,3,10,0.0,0.30000001192092896,1.0
541_r2,en,0.5624418487090543,0.43755815129094566,3,10,0.0,0.699999988079071,0.3245112497866474
541_r2,fr,6.578740317673447e-07,0.9999993421259682,3,10,0.0,0.10000000149011612,0.3000000000028235
541_r2,ja,0.5477225574959562,0.4522774425040438,3,10,0.0,0.5,0.6000000000017313
541_r2,zh,0.31622776601106445,0.6837722339889356,3,10,0.0,0.10000000149011612,1.0
541_r3,en,0.5624418487086695,0.43755815129133047,3,10,0.0,0.6000000238418579,0.3245112497866474
541_r3,fr,6.578740317673447e-07,0.9999993421259682,3,10,0.0,0.10000000149011612,0.3245112497866474
541_r3,ja,0.7071067811736377,0.2928932188263623,3,10,0.0,0.5,1.0
541_r3,zh,0.4562569633302825,0.5437430366697176,3,10,0.0,0.30000001192092896,0.7245112497849162
541_r4,en,0.5624418487090543,0.43755815129094566,3,10,0.0,0.699999988079071,0.3245112497866474
541_r4,fr,0.36514837166344405,0.634851628336556,3,10,0.0,0.13333334028720856,0.5000000000019581
541_r4,ja,0.0,1.0,3,10,0.0,0.0,0.7245112497849162
541_r4,zh,0.4472135954917929,0.5527864045082072,3,10,0.0,0.20000000298023224,1.0
541_r5,en,0.5624418487090541,0.4375581512909459,3,10,0.0,0.699999988079071,0.32451124978664747
541_r5,fr,0.4472135954922769,0.5527864045077231,3,10,0.0,0.30000001192092896,0.3245112497866474
541_r5,ja,0.6324555320221288,0.3675444679778712,3,10,0.0,0.4000000059604645,0.8000000000008656
541_r5,zh,0.5477225574951661,0.4522774425048339,3,10,0.0,0.30000001192092896,1.0
548_r1,en,0.547722557496621,0.452277442503379,3,10,1.0,0.699999988079071,0.3000000000028235
548_r1,fr,0.18257418583205443,0.8174258141679456,3,10,1.0,0.06666667014360428,0.3000000000028235
548_r1,ja,0.5551309904735566,0.44486900952644337,3,10,0.0,0.5,0.5245112497857818
548_r1,zh,0.31622776601106445,0.6837722339889356,3,10,0.0,0.10000000149011612,1.0
548_r2,en,0.547722557497016,0.45227744250298396,3,10,1.0,0.800000011920929,0.3000000000028235
548_r2,fr,5.371518976191752e-07,0.9999994628481024,3,10,1.0,0.06666667014360428,0.10000000000368914
548_r2,ja,0.4472135954917929,0.5527864045082072,3,10,0.0,0.20000000298023224,1.0
548_r2,zh,0.31622776601106445,0.6837722339889356,3,10,0.0,0.10000000149011612,1.0
548_r3,en,0.7071067811738951,0.29289321882610486,3,10,1.0,0.6000000238418579,0.5000000000019581
548_r3,fr,7.596474986674817e-07,0.9999992403525013,3,10,1.0,0.13333334028720856,0.12451124978751298
548_r3,ja,0.4472135954917929,0.5527864045082072,3,10,0.0,0.20000000298023224,0.7245112497849162
548_r3,zh,0.0,1.0,3,10,0.0,0.0,1.0
548_r4,en,0.4738261809752433,0.5261738190247567,3,10,1.0,0.699999988079071,0.3245112497866474
548_r4,fr,0.0738034172429548,0.9261965827570452,3,10,1.0,0.13333334028720856,0.12451124978751298
548_r4,ja,0.5477225574951662,0.4522774425048338,3,10,0.0,0.30000001192092896,1.0
548_r4,zh,0.0,1.0,3,10,0.0,0.0,1.0
548_r5,en,0.6324555320227588,0.36754446797724116,3,10,1.0,0.6000000238418579,0.5000000000019581
548_r5,fr,3.7982374933374084e-07,0.9999996201762507,3,10,1.0,0.03333333507180214,0.10000000000368914
548_r5,ja,0.7071067811739437,0.29289321882605635,3,10,0.0,0.6000000238418579,0.8000000000008656
548_r5,zh,0.4472135954917929,0.5527864045082072,3,10,0.0,0.20000000298023224,1.0
54_r1,en,0.7185686001847857,0.28143139981521426,3,10,0.0,0.800000011920929,0.5245112497857819
54_r1,fr,0.0,1.0,3,10,0.0,0.0,0.3245112497866474
54_r1,ja,0.0,1.0,3,10,0.0,0.0,1.0
54_r1,zh,0.31622776601106445,0.6837722339889356,3,10,0.0,0.10000000149011612,0.7245112497849162
54_r2,en,0.7745966692279002,0.22540333077209984,3,10,0.0,0.800000011920929,0.6000000000017313
54_r2,fr,0.0,1.0,3,10,0.0,0.0,0.40000000000259683
54_r2,ja,0.0,1.0,3,10,0.0,0.0,1.0
54_r2,zh,0.31622776601106445,0.6837722339889356,3,10,0.0,0.10000000149011612,1.0
54_r3,en,0.7185686001847857,0.28143139981521426,3,10,0.0,0.800000011920929,0.5245112497857818
54_r3,fr,6.578740317673447e-07,0.9999993421259682,3,10,0.0,0.10000000149011612,0.3245112497866474
54_r3,ja,0.0,1.0,3,10,0.0,0.0,1.0
54_r3,zh,0.4830458915308288,0.5169541084691712,3,10,0.0,0.23333333432674408,1.0
54_r4,en,0.5624418487090543,0.43755815129094566,3,10,0.0,0.699999988079071,0.3245112497866474
54_r4,fr,6.578740317673447e-07,0.9999993421259682,3,10,0.0,0.10000000149011612,0.6000000000017313
54_r4,ja,0.0,1.0,3,10,0.0,0.0,0.7245112497849162
54_r4,zh,0.4472135954917929,0.5527864045082072,3,10,0.0,0.20000000298023224,0.7245112497849162
54_r5,en,0.8463692061764693,0.15363079382353073,3,10,0.0,0.8999999761581421,0.7245112497849162
54_r5,fr,6.578740317673447e-07,0.9999993421259682,3,10,0.0,0.10000000149011612,0.40000000000259683
54_r5,ja,0.7071067811736377,0.2928932188263623,3,10,0.0,0.5,1.0
54_r5,zh,0.31622776601106445,0.6837722339889356,3,10,0.0,0.10000000149011612,1.0
550_r1,en,0.2581988897429615,0.7418011102570385,3,10,1.0,0.13333334028720856,0.3000000000028235
550_r1,fr,0.0,1.0,3,10,0.0,0.0,0.3000000000028235
550_r1,ja,0.7071067811736377,0.2928932188263623,3,10,1.0,0.5,1.0
550_r1,zh,0.0,1.0,3,10,1.0,0.0,1.0
550_r2,en,3.4838137299171195e-07,0.999999651618627,3,10,1.0,0.03333333507180214,0.3000000000028235
550_r2,fr,6.578740317673447e-07,0.9999993421259682,3,10,0.0,0.10000000149011612,0.12451124978751298
550_r2,ja,0.4472135954917929,0.5527864045082072,3,10,1.0,0.20000000298023224,1.0
550_r2,zh,0.6582805885923647,0.3417194114076353,3,10,1.0,0.4333333373069763,1.0
550_r3,en,0.26853977556587405,0.731460224434126,3,10,1.0,0.20000000298023224,0.3245112497866474
550_r3,fr,0.0,1.0,3,10,0.0,0.0,0.10000000000368914
550_r3,ja,0.5477225574955611,0.4522774425044389,3,10,1.0,0.4000000059604645,0.8000000000008656
550_r3,zh,0.4472135954917929,0.5527864045082072,3,10,1.0,0.20000000298023224,1.0
550_r4,en,0.25819888974296146,0.7418011102570385,3,10,1.0,0.13333334028720856,0.30000000000282356
550_r4,fr,0.0,1.0,3,10,0.0,0.0,0.10000000000368914
550_r4,ja,0.31622776601106445,0.6837722339889356,3,10,1.0,0.10000000149011612,1.0
550_r4,zh,0.0,1.0,3,10,1.0,0.0,1.0
550_r5,en,6.220974543052889e-07,0.9999993779025457,3,10,1.0,0.10000000149011612,0.10000000000368914
550_r5,fr,0.0,1.0,3,10,0.0,0.0,0.3000000000028235
550_r5,ja,0.8366600265190589,0.1633399734809411,3,10,1.0,0.800000011920929,0.8000000000008656
550_r5,zh,0.18257418583172202,0.817425814168278,3,10,1.0,0.03333333507180214,0.8000000000008656
563_r1,en,0.31622776601106445,0.6837722339889356,3,10,0.0,0.10000000149011612,0.5000000000019581
563_r1,fr,0.0,1.0,3,10,0.0,0.0,0.10000000000368914
563_r1,ja,0.7071067811736377,0.2928932188263623,3,10,0.0,0.5,1.0
563_r1,zh,0.2581988897424471,0.7418011102575529,3,10,0.0,0.06666667014360428,1.0
563_r2,en,0.0,1.0,3,10,0.0,0.0,0.32451124978664747
563_r2,fr,5.371518976191752e-07,0.9999994628481024,3,10,0.0,0.06666667014360428,0.40000000000259683
563_r2,ja,0.5477225574951661,0.4522774425048339,3,10,0.0,0.30000001192092896,0.8000000000008656
563_r2,zh,0.0,1.0,3,10,0.0,0.0,1.0
563_r3,en,0.3162277660128169,0.6837722339871831,3,10,0.0,0.36666667461395264,0.10000000000368914
563_r3,fr,0.3651483716637764,0.6348516283362236,3,10,0.0,0.20000000298023224,0.3000000000028235
563_r3,ja,0.6324555320221288,0.3675444679778712,3,10,0.0,0.4000000059604645,0.6000000000017313
563_r3,zh,0.0,1.0,3,10,0.0,0.0,0.8000000000008656
563_r4,en,0.0,1.0,3,10,0.0,0.0,0.8000000000008656
563_r4,fr,0.2581988897424471,0.7418011102575529,3,10,0.0,0.06666667014360428,0.3000000000028235
563_r4,ja,0.4472135954917929,0.5527864045082072,3,10,0.0,0.20000000298023224,0.5245112497857818
563_r4,zh,0.18257418583172202,0.817425814168278,3,10,0.0,0.03333333507180214,1.0
563_r5,en,0.31622776601106445,0.6837722339889356,3,10,0.0,0.10000000149011612,0.7000000000010924
563_r5,fr,0.44721359549220013,0.5527864045077999,3,10,0.0,0.30000001192092896,0.30000000000282356
563_r5,ja,0.31622776601106445,0.6837722339889356,3,10,0.0,0.10000000149011612,0.6000000000017313
563_r5,zh,0.0,1.0,3,10,0.0,0.0,1.0
564_r1,en,0.44721359549413553,0.5527864045058645,3,10,0.0,0.699999988079071,0.3000000000028235
564_r1,fr,0.8366600265193177,0.1633399734806823,3,10,1.0,0.8999999761581421,0.8000000000008656
564_r1,ja,0.4472135954917929,0.5527864045082072,3,10,1.0,0.20000000298023224,0.7245112497849162
564_r1,zh,0.5477225574951662,0.4522774425048338,3,10,1.0,0.30000001192092896,1.0
564_r2,en,0.44721359549324474,0.5527864045067552,3,10,0.0,0.5,0.30000000000282356
564_r2,fr,0.547722557497016,0.45227744250298396,3,10,1.0,0.800000011920929,0.3000000000028235
564_r2,ja,0.5477225574951661,0.4522774425048339,3,10,1.0,0.30000001192092896,1.0
564_r2,zh,0.605530070808443,0.394469929191557,3,10,1.0,0.36666667461395264,1.0
564_r3,en,0.5696588889628292,0.43034111103717076,3,10,0.0,0.8999999761581421,0.32451124978664747
564_r3,fr,0.4651245351332374,0.5348754648667626,3,10,1.0,0.6000000238418579,0.3245112497866474
564_r3,ja,0.4472135954922769,0.5527864045077231,3,10,1.0,0.30000001192092896,0.8000000000008656
564_r3,zh,0.4082482904564095,0.5917517095435905,3,10,1.0,0.1666666716337204,0.7245112497849162
564_r4,en,0.7850737756207621,0.21492622437923792,3,10,0.0,0.800000011920929,0.7245112497849162
564_r4,fr,0.5477225574974113,0.4522774425025887,3,10,1.0,0.8999999761581421,0.3000000000028235
564_r4,ja,0.31622776601106445,0.6837722339889356,3,10,1.0,0.10000000149011612,1.0
564_r4,zh,0.5773502691790848,0.42264973082091517,3,10,1.0,0.3333333432674408,1.0
564_r5,en,0.7185686001847857,0.28143139981521426,3,10,0.0,0.800000011920929,0.5245112497857818
564_r5,fr,0.5551309904739464,0.44486900952605357,3,10,1.0,0.6000000238418579,0.3245112497866474
564_r5,ja,0.6388821617325591,0.3611178382674409,3,10,1.0,0.5,0.7245112497849162
564_r5,zh,0.5773502691790848,0.42264973082091517,3,10,1.0,0.3333333432674408,1.0
567_r1,en,0.7745966692279002,0.22540333077209984,3,10,1.0,0.800000011920929,0.6000000000017313
567_r1,fr,0.09039035675948248,0.9096096432405175,3,10,1.0,0.20000000298023224,0.32451124978664747
567_r1,ja,0.5624418487082847,0.43755815129171527,3,10,1.0,0.5,0.7245112497849162
567_r1,zh,0.2581988897424471,0.7418011102575529,3,10,1.0,0.06666667014360428,1.0
567_r2,en,0.09039035675708842,0.9096096432429116,3,10,1.0,0.10000000149011612,0.5245112497857819
567_r2,fr,0.0,1.0,3,10,1.0,0.0,1.0
567_r2,ja,0.894427190983586,0.10557280901641397,3,10,1.0,0.800000011920929,1.0
567_r2,zh,0.2581988897424471,0.7418011102575529,3,10,1.0,0.06666667014360428,1.0
567_r3,en,6.578740317673447e-07,0.9999993421259682,3,10,1.0,0.10000000149011612,0.10000000000368914
567_r3,fr,0.31622776601106445,0.6837722339889356,3,10,1.0,0.10000000149011612,0.7245112497849162
567_r3,ja,0.718568600184485,0.281431399815515,3,10,1.0,0.699999988079071,0.7245112497849162
567_r3,zh,0.2581988897424471,0.7418011102575529,3,10,1.0,0.06666667014360428,0.7245112497849162
567_r4,en,6.578740317673447e-07,0.9999993421259682,3,10,1.0,0.10000000149011612,0.10000000000368914
567_r4,fr,1.1394712480012226e-06,0.999998860528752,3,10,1.0,0.30000001192092896,0.10000000000368914
567_r4,ja,0.7745966692273415,0.2254033307726585,3,10,1.0,0.6000000238418579,1.0
567_r4,zh,0.4830458915308288,0.5169541084691712,3,10,1.0,0.23333333432674408,1.0
567_r5,en,0.718568600185087,0.28143139981491305,3,10,1.0,0.8999999761581421,0.5245112497857819
567_r5,fr,0.5624418487086695,0.43755815129133047,3,10,1.0,0.6000000238418579,0.3245112497866474
567_r5,ja,0.7745966692273415,0.2254033307726585,3,10,1.0,0.6000000238418579,1.0
567_r5,zh,0.0,1.0,3,10,1.0,0.0,1.0
569_r1,en,6.578740317673447e-07,0.9999993421259682,3,10,0.0,0.10000000149011612,0.10000000000368914
569_r1,fr,0.36514837166509656,0.6348516283349035,3,10,0.0,0.4333333373069763,0.3000000000028235
569_r1,ja,0.12783126843700268,0.8721687315629973,3,10,0.0,0.4000000059604645,0.32451124978664747
569_r1,zh,0.0,1.0,3,10,0.0,0.0,0.30000000000282356
569_r2,en,1.42359130768174e-06,0.9999985764086923,3,10,0.0,0.5,0.10000000000368914
569_r2,fr,0.4472135954928964,0.5527864045071036,3,10,0.0,0.4333333373069763,0.30000000000282356
569_r2,ja,0.7745966692276207,0.22540333077237928,3,10,0.0,0.699999988079071,0.8000000000008656
569_r2,zh,6.578740317673447e-07,0.9999993421259682,3,10,0.0,0.10000000149011612,0.12451124978751298
569_r3,en,0.5477225574959562,0.4522774425040438,3,10,0.0,0.5,0.40000000000259683
569_r3,fr,0.2581988897424471,0.7418011102575529,3,10,0.0,0.06666667014360428,0.6000000000017313
569_r3,ja,0.31622776601232444,0.6837722339876755,3,10,0.0,0.30000001192092896,0.5000000000019581
569_r3,zh,0.12783126843700268,0.8721687315629973,3,10,0.0,0.4000000059604645,0.12451124978751298
569_r4,en,9.303743780584471e-07,0.9999990696256219,3,10,0.0,0.20000000298023224,0.10000000000368914
569_r4,fr,5.371518976191752e-07,0.9999994628481024,3,10,0.0,0.06666667014360428,0.10000000000368914
569_r4,ja,0.8366600265188001,0.16333997348119988,3,10,0.0,0.699999988079071,0.8000000000008656
569_r4,zh,0.31622776601232444,0.6837722339876755,3,10,0.0,0.30000001192092896,0.5000000000019581
569_r5,en,0.5624418487082847,0.43755815129171527,3,10,0.0,0.5,0.5245112497857819
569_r5,fr,9.05429999683544e-07,0.9999990945700004,3,10,0.0,0.20000000298023224,0.10000000000368914
569_r5,ja,0.7798528172500019,0.22014718274999812,3,10,0.0,0.699999988079071,0.7245112497849162
569_r5,zh,6.578740317673447e-07,0.9999993421259682,3,10,0.0,0.10000000149011612,0.10000000000368914
574_r1,en,0.7185686001847861,0.2814313998152139,3,10,1.0,0.800000011920929,0.5245112497857819
574_r1,fr,0.9999999999817427,1.8257284573053312e-11,3,10,1.0,1.0,1.0
574_r1,ja,0.894427190983586,0.10557280901641397,3,10,1.0,0.800000011920929,1.0
574_r1,zh,0.4830458915308288,0.5169541084691712,3,10,1.0,0.23333333432674408,1.0
574_r2,en,0.8366600265190589,0.1633399734809411,3,10,1.0,0.800000011920929,0.8000000000008656
574_r2,fr,0.9486832980331933,0.05131670196680671,3,10,1.0,0.8999999761581421,1.0
574_r2,ja,0.894427190983586,0.10557280901641397,3,10,1.0,0.800000011920929,1.0
574_r2,zh,0.5477225574951661,0.4522774425048339,3,10,1.0,0.30000001192092896,0.8000000000008656
574_r3,en,0.8944271909838278,0.10557280901617216,3,10,1.0,0.8999999761581421,0.8000000000008656
574_r3,fr,0.8463692061764693,0.15363079382353073,3,10,1.0,0.8999999761581421,0.7245112497849162
574_r3,ja,0.8366600265188001,0.16333997348119988,3,10,1.0,0.699999988079071,1.0
574_r3,zh,0.45024823396757657,0.5497517660324234,3,10,1.0,0.23333333432674408,0.7245112497849162
574_r4,en,0.8944271909838276,0.10557280901617239,3,10,1.0,0.8999999761581421,0.8000000000008656
574_r4,fr,0.9999999999817427,1.8257284573053312e-11,3,10,1.0,1.0,1.0
574_r4,ja,0.894427190983586,0.10557280901641397,3,10,1.0,0.800000011920929,1.0
574_r4,zh,0.48585677470118477,0.5141432252988152,3,10,1.0,0.2666666805744171,0.7245112497849162
574_r5,en,0.6388821617328978,0.3611178382671022,3,10,1.0,0.6000000238418579,0.5245112497857818
574_r5,fr,0.8415286189839969,0.1584713810160031,3,10,1.0,0.800000011920929,0.7245112497849162
574_r5,ja,0.894427190983586,0.10557280901641397,3,10,1.0,0.800000011920929,1.0
574_r5,zh,0.5163977794853132,0.4836022205146868,3,10,1.0,0.36666667461395264,0.8000000000008656
577_r1,en,6.578740317673447e-07,0.9999993421259682,3,10,1.0,0.10000000149011612,0.5245112497857818
577_r1,fr,0.8366600265193174,0.16333997348068263,3,10,1.0,0.8999999761581421,0.8000000000008656
577_r1,ja,0.7071067811736377,0.2928932188263623,3,10,0.0,0.5,1.0
577_r1,zh,0.4562569633302825,0.5437430366697176,3,10,1.0,0.30000001192092896,0.7245112497849162
577_r2,en,0.7071067811736377,0.2928932188263623,3,10,1.0,0.5,1.0
577_r2,fr,0.9999999999817427,1.8257284573053312e-11,3,10,1.0,1.0,1.0
577_r2,ja,0.6324555320221289,0.3675444679778711,3,10,0.0,0.4000000059604645,0.8000000000008656
577_r2,zh,0.5477225574951661,0.4522774425048339,3,10,1.0,0.30000001192092896,1.0
577_r3,en,0.31622776601106445,0.6837722339889356,3,10,1.0,0.10000000149011612,0.7245112497849162
577_r3,fr,0.31622776601380165,0.6837722339861984,3,10,1.0,0.5,0.10000000000368914
577_r3,ja,0.5551309904735566,0.44486900952644337,3,10,0.0,0.5,0.5245112497857819
577_r3,zh,0.6324555320221288,0.3675444679778712,3,10,1.0,0.4000000059604645,1.0
577_r4,en,0.6324555320221289,0.3675444679778711,3,10,1.0,0.4000000059604645,0.8000000000008656
577_r4,fr,0.9486832980331933,0.05131670196680671,3,10,1.0,0.8999999761581421,1.0
577_r4,ja,0.31622776601174873,0.6837722339882513,3,10,0.0,0.20000000298023224,0.32451124978664747
577_r4,zh,0.0,1.0,3,10,1.0,0.0,0.7245112497849162
577_r5,en,0.4472135954917929,0.5527864045082072,3,10,1.0,0.20000000298023224,1.0
577_r5,fr,0.8366600265190589,0.1633399734809411,3,10,1.0,0.800000011920929,0.8000000000008656
577_r5,ja,0.7745966692276206,0.2254033307723794,3,10,0.0,0.699999988079071,0.8000000000008656
577_r5,zh,0.31622776601106445,0.6837722339889356,3,10,1.0,0.10000000149011612,1.0
578_r1,en,0.5696588889624493,0.4303411110375507,3,10,0.0,0.800000011920929,0.32451124978664747
578_r1,fr,6.578740317673447e-07,0.9999993421259682,3,10,0.0,0.10000000149011612,0.6000000000017313
578_r1,ja,0.7745966692273415,0.2254033307726585,3,10,0.0,0.6000000238418579,1.0
578_r1,zh,0.36514837166344405,0.634851628336556,3,10,1.0,0.13333334028720856,1.0
578_r2,en,0.8944271909838276,0.10557280901617239,3,10,0.0,0.8999999761581421,0.8000000000008656
578_r2,fr,0.0,1.0,3,10,0.0,0.0,0.8000000000008656
578_r2,ja,0.31622776601106445,0.6837722339889356,3,10,0.0,0.10000000149011612,0.7245112497849162
578_r2,zh,0.0,1.0,3,10,1.0,0.0,0.7245112497849162
578_r3,en,0.7185686001847861,0.2814313998152139,3,10,0.0,0.800000011920929,0.5245112497857819
578_r3,fr,6.578740317673447e-07,0.9999993421259682,3,10,0.0,0.10000000149011612,0.40000000000259683
578_r3,ja,0.6452447854688494,0.35475521453115055,3,10,0.0,0.6000000238418579,0.7245112497849162
578_r3,zh,0.5477225574951661,0.4522774425048339,3,10,1.0,0.30000001192092896,1.0
578_r4,en,0.8366600265190589,0.1633399734809411,3,10,0.0,0.800000011920929,0.8000000000008656
578_r4,fr,6.578740317673447e-07,0.9999993421259682,3,10,0.0,0.10000000149011612,0.32451124978664747
578_r4,ja,0.7071067811736377,0.2928932188263623,3,10,0.0,0.5,1.0
578_r4,zh,0.2581988897424471,0.7418011102575529,3,10,1.0,0.06666667014360428,1.0
578_r5,en,0.5551309904739464,0.44486900952605357,3,10,0.0,0.6000000238418579,0.32451124978664747
578_r5,fr,6.578740317673447e-07,0.9999993421259682,3,10,0.0,0.10000000149011612,0.8000000000008656
578_r5,ja,0.7071067811736377,0.2928932188263623,3,10,0.0,0.5,0.7245112497849162
578_r5,zh,0.4472135954917929,0.5527864045082072,3,10,1.0,0.20000000298023224,1.0
580_r1,en,6.578740317673447e-07,0.9999993421259682,3,10,0.0,0.10000000149011612,0.3245112497866474
580_r1,fr,0.09039035675948248,0.9096096432405175,3,10,1.0,0.20000000298023224,0.32451124978664747
580_r1,ja,0.8366600265188001,0.16333997348119988,3,10,0.0,0.699999988079071,1.0
580_r1,zh,0.0,1.0,3,10,1.0,0.0,1.0
580_r2,en,0.0,1.0,3,10,0.0,0.0,0.30000000000282356
580_r2,fr,0.7745966692279002,0.22540333077209984,3,10,1.0,0.800000011920929,0.6000000000017313
580_r2,ja,0.7071067811739437,0.29289321882605635,3,10,0.0,0.6000000238418579,0.8000000000008656
580_r2,zh,0.31622776601106445,0.6837722339889356,3,10,1.0,0.10000000149011612,1.0
580_r3,en,9.303743780584471e-07,0.9999990696256219,3,10,0.0,0.20000000298023224,0.12451124978751298
580_r3,fr,0.5624418487086695,0.43755815129133047,3,10,1.0,0.6000000238418579,0.32451124978664747
580_r3,ja,0.6324555320221288,0.3675444679778712,3,10,0.0,0.4000000059604645,0.8000000000008656
580_r3,zh,0.0,1.0,3,10,1.0,0.0,0.7245112497849162
580_r4,en,0.4651245351323068,0.5348754648676932,3,10,0.0,0.4000000059604645,0.5245112497857818
580_r4,fr,0.9999999999817427,1.8257284573053312e-11,3,10,1.0,1.0,1.0
580_r4,ja,0.6324555320221288,0.3675444679778712,3,10,0.0,0.4000000059604645,0.5245112497857818
580_r4,zh,0.31622776601106445,0.6837722339889356,3,10,1.0,0.10000000149011612,1.0
580_r5,en,6.578740317673447e-07,0.9999993421259682,3,10,0.0,0.10000000149011612,0.10000000000368914
580_r5,fr,0.8944271909838276,0.10557280901617239,3,10,1.0,0.8999999761581421,0.8000000000008656
580_r5,ja,0.4472135954917929,0.5527864045082072,3,10,0.0,0.20000000298023224,1.0
580_r5,zh,0.31622776601106445,0.6837722339889356,3,10,1.0,0.10000000149011612,0.8000000000008656
585_r1,en,0.0,1.0,3,10,1.0,0.0,0.32451124978664747
585_r1,fr,0.31622776601174873,0.6837722339882513,3,10,0.0,0.20000000298023224,0.30000000000282356
585_r1,ja,0.0,1.0,3,10,0.0,0.0,1.0
585_r1,zh,0.0,1.0,3,10,0.0,0.0,1.0
585_r2,en,0.31622776601311736,0.6837722339868826,3,10,1.0,0.4000000059604645,0.10000000000368914
585_r2,fr,0.0,1.0,3,10,0.0,0.0,0.10000000000368914
585_r2,ja,0.0,1.0,3,10,0.0,0.0,1.0
585_r2,zh,0.0,1.0,3,10,0.0,0.0,0.7245112497849162
585_r3,en,0.31622776601174873,0.6837722339882513,3,10,1.0,0.20000000298023224,0.12451124978751298
585_r3,fr,0.0,1.0,3,10,0.0,0.0,0.10000000000368914
585_r3,ja,0.0,1.0,3,10,0.0,0.0,1.0
585_r3,zh,0.40824829045640937,0.5917517095435907,3,10,0.0,0.1666666716337204,1.0
585_r4,en,0.1278312684353098,0.8721687315646902,3,10,1.0,0.30000001192092896,0.5245112497857818
585_r4,fr,6.578740317673447e-07,0.9999993421259682,3,10,0.0,0.10000000149011612,0.10000000000368914
585_r4,ja,0.0,1.0,3,10,0.0,0.0,1.0
585_r4,zh,0.0,1.0,3,10,0.0,0.0,1.0
585_r5,en,0.31622776601495306,0.6837722339850469,3,10,1.0,0.699999988079071,0.10000000000368914
585_r5,fr,0.0,1.0,3,10,0.0,0.0,0.3000000000028235
585_r5,ja,0.0,1.0,3,10,0.0,0.0,1.0
585_r5,zh,0.2581988897424471,0.7418011102575529,3,10,0.0,0.06666667014360428,0.8000000000008656
587_r1,en,0.8944271909836667,0.10557280901633326,3,10,1.0,0.8333333134651184,0.8000000000008656
587_r1,fr,6.578740317673447e-07,0.9999993421259682,3,10,1.0,0.10000000149011612,0.6000000000017313
587_r1,ja,0.6324555320224711,0.36754446797752893,3,10,0.0,0.5,0.8000000000008656
587_r1,zh,0.4472135954917929,0.5527864045082072,3,10,0.0,0.20000000298023224,1.0
587_r2,en,0.8366600265190589,0.1633399734809411,3,10,1.0,0.800000011920929,0.8000000000008656
587_r2,fr,0.31622776601232444,0.6837722339876755,3,10,1.0,0.30000001192092896,0.3000000000028235
587_r2,ja,0.31622776601106445,0.6837722339889356,3,10,0.0,0.10000000149011612,1.0
587_r2,zh,0.0,1.0,3,10,0.0,0.0,1.0
587_r3,en,1.4049669493587614e-06,0.9999985950330507,3,10,1.0,0.46666666865348816,0.10000000000368914
587_r3,fr,1.1089207485165086e-06,0.9999988910792514,3,10,1.0,0.30000001192092896,0.10000000000368914
587_r3,ja,0.31622776601106445,0.6837722339889356,3,10,0.0,0.10000000149011612,0.7245112497849162
587_r3,zh,0.4472135954917929,0.5527864045082072,3,10,0.0,0.20000000298023224,1.0
587_r4,en,0.4472135954932446,0.5527864045067554,3,10,1.0,0.5,0.40000000000259683
587_r4,fr,0.5477225574958936,0.4522774425041064,3,10,1.0,0.5,0.3000000000028235
587_r4,ja,0.4472135954922769,0.5527864045077231,3,10,0.0,0.30000001192092896,0.8000000000008656
587_r4,zh,0.31622776601106445,0.6837722339889356,3,10,0.0,0.10000000149011612,0.7245112497849162
587_r5,en,0.8366600265190182,0.16333997348098184,3,10,1.0,0.800000011920929,0.7000000000010924
587_r5,fr,0.31622776601164015,0.6837722339883598,3,10,1.0,0.20000000298023224,0.5000000000019581
587_r5,ja,0.0,1.0,3,10,0.0,0.0,0.7245112497849162
587_r5,zh,0.2581988897424471,0.7418011102575529,3,10,0.0,0.06666667014360428,1.0
594_r1,en,0.5477225574962885,0.4522774425037115,3,10,0.0,0.6000000238418579,0.3000000000028235
594_r1,fr,7.444244909468061e-07,0.9999992555755091,3,10,0.0,0.13333334028720856,0.10000000000368914
594_r1,ja,0.0,1.0,3,10,0.0,0.0,1.0
594_r1,zh,0.5773502691790848,0.42264973082091517,3,10,0.0,0.3333333432674408,0.8000000000008656
594_r2,en,0.0,1.0,3,10,0.0,0.0,0.10000000000368914
594_r2,fr,8.357235806648941e-07,0.9999991642764193,3,10,0.0,0.1666666716337204,0.30000000000282356
594_r2,ja,0.0,1.0,3,10,0.0,0.0,0.5245112497857818
594_r2,zh,0.5773502691790848,0.42264973082091517,3,10,0.0,0.3333333432674408,1.0
594_r3,en,0.5624418487090541,0.4375581512909459,3,10,0.0,0.699999988079071,0.32451124978664747
594_r3,fr,5.371518976191752e-07,0.9999994628481024,3,10,0.0,0.06666667014360428,0.40000000000259683
594_r3,ja,0.6324555320221288,0.3675444679778712,3,10,0.0,0.4000000059604645,1.0
594_r3,zh,0.36514837166344405,0.634851628336556,3,10,0.0,0.13333334028720856,0.7245112497849162
594_r4,en,0.8366600265190589,0.1633399734809411,3,10,0.0,0.800000011920929,0.8000000000008656
594_r4,fr,5.371518976191752e-07,0.9999994628481024,3,10,0.0,0.06666667014360428,0.6000000000017313
594_r4,ja,0.7745966692273415,0.2254033307726585,3,10,0.0,0.6000000238418579,1.0
594_r4,zh,0.6324555320221288,0.3675444679778712,3,10,0.0,0.4000000059604645,1.0
594_r5,en,0.8463692061764693,0.15363079382353073,3,10,0.0,0.8999999761581421,0.7245112497849162
594_r5,fr,0.0,1.0,3,10,0.0,0.0,0.10000000000368914
594_r5,ja,0.7071067811739437,0.29289321882605635,3,10,0.0,0.6000000238418579,0.8000000000008656
594_r5,zh,0.4830458915308287,0.5169541084691713,3,10,0.0,0.23333333432674408,1.0
598_r1,en,0.8944271909840701,0.10557280901592991,3,10,1.0,1.0,0.8000000000008656
598_r1,fr,0.0,1.0,3,10,1.0,0.0,0.5000000000019581
598_r1,ja,0.6452447854691847,0.35475521453081527,3,10,1.0,0.699999988079071,0.5245112497857819
598_r1,zh,0.31622776601106445,0.6837722339889356,3,10,1.0,0.10000000149011612,1.0
598_r2,en,0.5477225574962887,0.45227744250371127,3,10,1.0,0.6000000238418579,0.30000000000282356
598_r2,fr,0.32472595275568317,0.6752740472443168,3,10,1.0,0.23333333432674408,0.5245112497857819
598_r2,ja,0.6324555320221288,0.3675444679778712,3,10,1.0,0.4000000059604645,1.0
598_r2,zh,0.31622776601106445,0.6837722339889356,3,10,1.0,0.10000000149011612,1.0
598_r3,en,0.8944271909838278,0.10557280901617216,3,10,1.0,0.8999999761581421,0.8000000000008656
598_r3,fr,5.153985463750656e-07,0.9999994846014536,3,10,1.0,0.06666667014360428,0.3000000000028235
598_r3,ja,0.5477225574955612,0.4522774425044388,3,10,1.0,0.4000000059604645,0.6000000000017313
598_r3,zh,0.0,1.0,3,10,1.0,0.0,0.6000000000017313
598_r4,en,0.9999999999817427,1.8257284573053312e-11,3,10,1.0,1.0,1.0
598_r4,fr,5.371518976191752e-07,0.9999994628481024,3,10,1.0,0.06666667014360428,0.3000000000028235
598_r4,ja,0.6324555320221288,0.3675444679778712,3,10,1.0,0.4000000059604645,0.8000000000008656
598_r4,zh,0.4472135954917929,0.5527864045082072,3,10,1.0,0.20000000298023224,1.0
598_r5,en,0.7745966692279002,0.22540333077209984,3,10,1.0,0.800000011920929,0.6000000000017313
598_r5,fr,0.05218689680999793,0.9478131031900021,3,10,1.0,0.13333334028720856,0.12451124978751298
598_r5,ja,0.6388821617325591,0.3611178382674409,3,10,1.0,0.5,0.7245112497849162
598_r5,zh,0.0,1.0,3,10,1.0,0.0,0.7245112497849162
59_r1,en,0.8366600265190589,0.1633399734809411,3,10,1.0,0.800000011920929,0.8000000000008656
59_r1,fr,0.6324555320227591,0.36754446797724094,3,10,1.0,0.6000000238418579,0.5000000000019581
59_r1,ja,0.7745966692276207,0.22540333077237928,3,10,1.0,0.699999988079071,0.8000000000008656
59_r1,zh,0.31622776601106445,0.6837722339889356,3,10,1.0,0.10000000149011612,1.0
59_r2,en,0.9486832980331933,0.05131670196680671,3,10,1.0,0.8999999761581421,1.0
59_r2,fr,0.7071067811742496,0.29289321882575037,3,10,1.0,0.699999988079071,0.6000000000017313
59_r2,ja,0.7071067811736377,0.2928932188263623,3,10,1.0,0.5,1.0
59_r2,zh,0.5163977794848942,0.4836022205151058,3,10,1.0,0.2666666805744171,1.0
59_r3,en,0.8366600265190182,0.16333997348098184,3,10,1.0,0.800000011920929,0.7000000000010924
59_r3,fr,0.5624418487082847,0.43755815129171527,3,10,1.0,0.5,0.5245112497857818
59_r3,ja,0.7071067811739437,0.29289321882605635,3,10,1.0,0.6000000238418579,0.8000000000008656
59_r3,zh,0.41813524517224643,0.5818647548277536,3,10,1.0,0.2666666805744171,0.7245112497849162
59_r4,en,0.718568600184485,0.281431399815515,3,10,1.0,0.699999988079071,0.7245112497849162
59_r4,fr,0.7745966692276207,0.22540333077237928,3,10,1.0,0.699999988079071,0.8000000000008656
59_r4,ja,0.7850737756207621,0.21492622437923792,3,10,1.0,0.800000011920929,0.7245112497849162
59_r4,zh,0.31622776601106445,0.6837722339889356,3,10,1.0,0.10000000149011612,0.8000000000008656
59_r5,en,0.3410877206622389,0.6589122793377611,3,10,1.0,0.5,0.12451124978751298
59_r5,fr,0.7850737756207621,0.21492622437923792,3,10,1.0,0.800000011920929,0.7245112497849162
59_r5,ja,0.6324555320221288,0.3675444679778712,3,10,1.0,0.4000000059604645,1.0
59_r5,zh,0.31622776601174873,0.6837722339882513,3,10,1.0,0.20000000298023224,0.6000000000017313
602_r1,en,1.1089207485165086e-06,0.9999988910792514,3,10,0.0,0.30000001192092896,0.10000000000368914
602_r1,fr,5.371518976191752e-07,0.9999994628481024,3,10,0.0,0.06666667014360428,0.12451124978751298
602_r1,ja,0.0,1.0,3,10,1.0,0.0,0.7245112497849162
602_r1,zh,0.31622776601106445,0.6837722339889356,3,10,1.0,0.10000000149011612,1.0
602_r2,en,0.1278312684370027,0.8721687315629973,3,10,0.0,0.4000000059604645,0.12451124978751298
602_r2,fr,7.444244909468061e-07,0.9999992555755091,3,10,0.0,0.13333334028720856,0.10000000000368914
602_r2,ja,0.4472135954922769,0.5527864045077231,3,10,1.0,0.30000001192092896,0.8000000000008656
602_r2,zh,0.0,1.0,3,10,1.0,0.0,0.7245112497849162
602_r3,en,0.5624418487090543,0.43755815129094566,3,10,0.0,0.699999988079071,0.3245112497866474
602_r3,fr,0.18257418583330234,0.8174258141666977,3,10,0.0,0.1666666716337204,0.10000000000368914
602_r3,ja,0.0,1.0,3,10,1.0,0.0,0.7245112497849162
602_r3,zh,0.4472135954917929,0.5527864045082072,3,10,1.0,0.20000000298023224,0.7245112497849162
602_r4,en,0.5477225574955612,0.4522774425044388,3,10,0.0,0.4000000059604645,0.3000000000028235
602_r4,fr,6.578740317673447e-07,0.9999993421259682,3,10,0.0,0.10000000149011612,0.10000000000368914
602_r4,ja,0.0,1.0,3,10,1.0,0.0,0.8000000000008656
602_r4,zh,0.0,1.0,3,10,1.0,0.0,1.0
602_r5,en,0.718568600184485,0.281431399815515,3,10,0.0,0.699999988079071,0.5245112497857818
602_r5,fr,6.578740317673447e-07,0.9999993421259682,3,10,0.0,0.10000000149011612,0.12451124978751298
602_r5,ja,0.6388821617328978,0.3611178382671022,3,10,1.0,0.6000000238418579,0.5245112497857818
602_r5,zh,0.0,1.0,3,10,1.0,0.0,0.7245112497849162
605_r1,en,0.7745966692281795,0.2254033307718205,3,10,1.0,0.8999999761581421,0.6000000000017313
605_r1,fr,9.303743780584473e-07,0.9999990696256219,3,10,1.0,0.20000000298023224,0.10000000000368914
605_r1,ja,0.5477225574951661,0.4522774425048339,3,10,0.0,0.30000001192092896,1.0
605_r1,zh,0.4472135954917929,0.5527864045082072,3,10,0.0,0.20000000298023224,0.8000000000008656
605_r2,en,0.8366600265190589,0.1633399734809411,3,10,1.0,0.800000011920929,0.8000000000008656
605_r2,fr,0.5773502691794598,0.42264973082054025,3,10,1.0,0.4333333373069763,0.6000000000017313
605_r2,ja,0.0,1.0,3,10,0.0,0.0,1.0
605_r2,zh,0.0,1.0,3,10,0.0,0.0,1.0
605_r3,en,0.9486832980331933,0.05131670196680671,3,10,1.0,0.8999999761581421,1.0
605_r3,fr,0.2784969577174084,0.7215030422825917,3,10,1.0,0.36666667461395264,0.32451124978664747
605_r3,ja,0.31622776601106445,0.6837722339889356,3,10,0.0,0.10000000149011612,0.5245112497857819
605_r3,zh,0.0,1.0,3,10,0.0,0.0,1.0
605_r4,en,0.9999999999817427,1.8257284573053312e-11,3,10,1.0,1.0,1.0
605_r4,fr,0.4592318464414549,0.5407681535585451,3,10,1.0,0.4333333373069763,0.3245112497866474
605_r4,ja,0.5624418487086695,0.43755815129133047,3,10,0.0,0.6000000238418579,0.5245112497857818
605_r4,zh,0.31622776601106445,0.6837722339889356,3,10,0.0,0.10000000149011612,0.7245112497849162
605_r5,en,0.7185686001847857,0.28143139981521426,3,10,1.0,0.800000011920929,0.5245112497857819
605_r5,fr,0.6324555320225851,0.3675444679774149,3,10,1.0,0.5333333611488342,0.6000000000017313
605_r5,ja,0.0,1.0,3,10,0.0,0.0,0.3245112497866474
605_r5,zh,0.0,1.0,3,10,0.0,0.0,1.0
607_r1,en,7.596474986674817e-07,0.9999992403525013,3,10,1.0,0.13333334028720856,0.10000000000368914
607_r1,fr,5.371518976191752e-07,0.9999994628481024,3,10,1.0,0.06666667014360428,0.10000000000368914
607_r1,ja,0.7071067811736377,0.2928932188263623,3,10,0.0,0.5,1.0
607_r1,zh,0.31622776601106445,0.6837722339889356,3,10,1.0,0.10000000149011612,1.0
607_r2,en,0.2581988897437552,0.7418011102562447,3,10,1.0,0.23333333432674408,0.10000000000368914
607_r2,fr,1.0880773076715245e-06,0.9999989119226923,3,10,1.0,0.30000001192092896,0.10000000000368914
607_r2,ja,0.31622776601106445,0.6837722339889356,3,10,0.0,0.10000000149011612,0.7245112497849162
607_r2,zh,0.4830458915308287,0.5169541084691713,3,10,1.0,0.23333333432674408,1.0
607_r3,en,0.57735026917942,0.42264973082058,3,10,1.0,0.4333333373069763,0.5000000000019581
607_r3,fr,6.03414238432249e-07,0.9999993965857615,3,10,1.0,0.10000000149011612,0.10000000000368914
607_r3,ja,0.6388821617325591,0.3611178382674409,3,10,0.0,0.5,0.7245112497849162
607_r3,zh,0.31622776601106445,0.6837722339889356,3,10,1.0,0.10000000149011612,1.0
607_r4,en,0.0,1.0,3,10,1.0,0.0,0.10000000000368914
607_r4,fr,7.596474986674819e-07,0.9999992403525013,3,10,1.0,0.13333334028720856,0.12451124978751298
607_r4,ja,0.7071067811736377,0.2928932188263623,3,10,0.0,0.5,1.0
607_r4,zh,0.31622776601106445,0.6837722339889356,3,10,1.0,0.10000000149011612,1.0
607_r5,en,0.31622776601129254,0.6837722339887075,3,10,1.0,0.13333334028720856,0.3245112497866474
607_r5,fr,9.054299996835439e-07,0.9999990945700004,3,10,1.0,0.20000000298023224,0.10000000000368914
607_r5,ja,0.8366600265188001,0.16333997348119988,3,10,0.0,0.699999988079071,1.0
607_r5,zh,0.5773502691790848,0.42264973082091517,3,10,1.0,0.3333333432674408,1.0
609_r1,en,0.32889271289092653,0.6711072871090735,3,10,0.0,0.6000000238418579,0.12451124978751298
609_r1,fr,0.8463692061764693,0.15363079382353073,3,10,1.0,0.8999999761581421,0.7245112497849162
609_r1,ja,0.0,1.0,3,10,0.0,0.0,0.7245112497849162
609_r1,zh,0.2581988897424471,0.7418011102575529,3,10,0.0,0.06666667014360428,1.0
609_r2,en,0.5624418487090541,0.4375581512909459,3,10,0.0,0.699999988079071,0.32451124978664747
609_r2,fr,0.9999999999817427,1.8257284573053312e-11,3,10,1.0,1.0,1.0
609_r2,ja,0.31622776601106445,0.6837722339889356,3,10,0.0,0.10000000149011612,0.8000000000008656
609_r2,zh,3.7982374933374084e-07,0.9999996201762507,3,10,0.0,0.03333333507180214,0.8000000000008656
609_r3,en,0.5696588889624494,0.43034111103755057,3,10,0.0,0.800000011920929,0.3245112497866474
609_r3,fr,0.9999999999817427,1.8257284573053312e-11,3,10,1.0,1.0,1.0
609_r3,ja,0.31622776601106445,0.6837722339889356,3,10,0.0,0.10000000149011612,1.0
609_r3,zh,0.0,1.0,3,10,0.0,0.0,1.0
609_r4,en,0.5624418487090543,0.43755815129094566,3,10,0.0,0.699999988079071,0.3245112497866474
609_r4,fr,0.7850737756207621,0.21492622437923792,3,10,1.0,0.800000011920929,0.7245112497849162
609_r4,ja,0.44721359549276085,0.5527864045072391,3,10,0.0,0.4000000059604645,0.6000000000017313
609_r4,zh,0.18257418583172202,0.817425814168278,3,10,0.0,0.03333333507180214,1.0
609_r5,en,0.5477225574962885,0.4522774425037115,3,10,0.0,0.6000000238418579,0.3000000000028235
609_r5,fr,0.9999999999817427,1.8257284573053312e-11,3,10,1.0,1.0,1.0
609_r5,ja,0.0,1.0,3,10,0.0,0.0,0.5245112497857819
609_r5,zh,0.0,1.0,3,10,0.0,0.0,0.8000000000008656
610_r1,en,0.5477225574962885,0.4522774425037115,3,10,1.0,0.6000000238418579,0.3000000000028235
610_r1,fr,6.578740317673447e-07,0.9999993421259682,3,10,0.0,0.10000000149011612,0.12451124978751298
610_r1,ja,0.0,1.0,3,10,0.0,0.0,1.0
610_r1,zh,0.4472135954917929,0.5527864045082072,3,10,1.0,0.20000000298023224,1.0
610_r2,en,0.31622776601232444,0.6837722339876755,3,10,1.0,0.30000001192092896,0.10000000000368914
610_r2,fr,0.31622776601106445,0.6837722339889356,3,10,0.0,0.10000000149011612,0.6000000000017313
610_r2,ja,0.4472135954917929,0.5527864045082072,3,10,0.0,0.20000000298023224,0.8000000000008656
610_r2,zh,0.4472135954917929,0.5527864045082072,3,10,1.0,0.20000000298023224,0.8000000000008656
610_r3,en,0.4562569633307567,0.5437430366692433,3,10,1.0,0.4000000059604645,0.3245112497866474
610_r3,fr,0.09039035675948248,0.9096096432405175,3,10,0.0,0.20000000298023224,0.12451124978751298
610_r3,ja,0.0,1.0,3,10,0.0,0.0,1.0
610_r3,zh,0.2581988897432852,0.7418011102567148,3,10,1.0,0.1666666716337204,0.8000000000008656
610_r4,en,0.5624418487082847,0.43755815129171527,3,10,1.0,0.5,0.3245112497866474
610_r4,fr,6.578740317673447e-07,0.9999993421259682,3,10,0.0,0.10000000149011612,0.32451124978664747
610_r4,ja,0.31622776601106445,0.6837722339889356,3,10,0.0,0.10000000149011612,0.8000000000008656
610_r4,zh,0.31622776601106445,0.6837722339889356,3,10,1.0,0.10000000149011612,0.7245112497849162
610_r5,en,9.303743780584473e-07,0.9999990696256219,3,10,1.0,0.20000000298023224,0.10000000000368914
610_r5,fr,6.578740317673447e-07,0.9999993421259682,3,10,0.0,0.10000000149011612,0.12451124978751298
610_r5,ja,0.0,1.0,3,10,0.0,0.0,0.5245112497857819
610_r5,zh,0.2581988897424471,0.7418011102575529,3,10,1.0,0.06666667014360428,0.8000000000008656
611_r1,en,6.220974543052889e-07,0.9999993779025457,3,10,1.0,0.10000000149011612,0.3000000000028235
611_r1,fr,0.18257418583172202,0.817425814168278,3,10,0.0,0.03333333507180214,0.30000000000282356
611_r1,ja,0.0,1.0,3,10,1.0,0.0,0.5245112497857819
611_r1,zh,0.0,1.0,3,10,0.0,0.0,1.0
611_r2,en,0.18257418583409252,0.8174258141659074,3,10,1.0,0.23333333432674408,0.3000000000028235
611_r2,fr,0.36514837166364156,0.6348516283363584,3,10,0.0,0.1666666716337204,0.3245112497866474
611_r2,ja,0.4472135954917929,0.5527864045082072,3,10,1.0,0.20000000298023224,1.0
611_r2,zh,0.18257418583172202,0.817425814168278,3,10,0.0,0.03333333507180214,1.0
611_r3,en,0.36514837166482694,0.6348516283351731,3,10,1.0,0.36666667461395264,0.40000000000259683
611_r3,fr,6.578740317673447e-07,0.9999993421259682,3,10,0.0,0.10000000149011612,0.12451124978751298
611_r3,ja,0.0,1.0,3,10,1.0,0.0,0.8000000000008656
611_r3,zh,0.0,1.0,3,10,0.0,0.0,1.0
611_r4,en,6.578740317673447e-07,0.9999993421259682,3,10,1.0,0.10000000149011612,0.12451124978751298
611_r4,fr,0.1825741858329073,0.8174258141670927,3,10,0.0,0.13333334028720856,0.30000000000282356
611_r4,ja,0.31622776601106445,0.6837722339889356,3,10,1.0,0.10000000149011612,0.7245112497849162
611_r4,zh,0.0,1.0,3,10,0.0,0.0,1.0
611_r5,en,0.25819888974487276,0.7418011102551272,3,10,1.0,0.36666667461395264,0.3000000000028235
611_r5,fr,0.1825741858325122,0.8174258141674878,3,10,0.0,0.10000000149011612,0.12451124978751298
611_r5,ja,0.0,1.0,3,10,1.0,0.0,0.5245112497857819
611_r5,zh,0.18257418583172202,0.817425814168278,3,10,0.0,0.03333333507180214,1.0
613_r1,en,0.3162277660130088,0.6837722339869912,3,10,0.0,0.4000000059604645,0.10000000000368914
613_r1,fr,0.5551309904731668,0.44486900952683317,3,10,0.0,0.4000000059604645,0.7245112497849162
613_r1,ja,0.5624418487082847,0.43755815129171527,3,10,0.0,0.5,0.7245112497849162
613_r1,zh,0.4472135954917929,0.5527864045082072,3,10,0.0,0.20000000298023224,0.7245112497849162
613_r2,en,0.5477225574954986,0.4522774425045014,3,10,0.0,0.4000000059604645,0.5000000000019581
613_r2,fr,0.4472135954917929,0.5527864045082072,3,10,0.0,0.20000000298023224,0.8000000000008656
613_r2,ja,0.31622776601106445,0.6837722339889356,3,10,0.0,0.10000000149011612,1.0
613_r2,zh,0.31622776601106445,0.6837722339889356,3,10,0.0,0.10000000149011612,1.0
613_r3,en,0.465124535132772,0.534875464867228,3,10,0.0,0.5,0.32451124978664747
613_r3,fr,0.5551309904731668,0.44486900952683317,3,10,0.0,0.4000000059604645,0.7245112497849162
613_r3,ja,0.894427190983586,0.10557280901641397,3,10,0.0,0.800000011920929,1.0
613_r3,zh,0.31622776601106445,0.6837722339889356,3,10,0.0,0.10000000149011612,0.7245112497849162
613_r4,en,0.6324555320224168,0.3675444679775832,3,10,0.0,0.5,0.5000000000019581
613_r4,fr,0.09039035676187651,0.9096096432381235,3,10,0.0,0.30000001192092896,0.12451124978751298
613_r4,ja,0.5477225574959562,0.4522774425040438,3,10,0.0,0.5,0.6000000000017313
613_r4,zh,0.0,1.0,3,10,0.0,0.0,0.8000000000008656
613_r5,en,0.31622776601106445,0.6837722339889356,3,10,0.0,0.10000000149011612,0.5245112497857819
613_r5,fr,0.32889271288829475,0.6711072871117052,3,10,0.0,0.20000000298023224,0.7245112497849162
613_r5,ja,0.0,1.0,3,10,0.0,0.0,1.0
613_r5,zh,0.0,1.0,3,10,0.0,0.0,0.8000000000008656
617_r1,en,0.8463692061764693,0.15363079382353073,3,10,1.0,0.8999999761581421,0.7245112497849162
617_r1,fr,0.718568600184485,0.281431399815515,3,10,1.0,0.699999988079071,0.5245112497857819
617_r1,ja,0.7071067811736377,0.2928932188263623,3,10,1.0,0.5,1.0
617_r1,zh,0.6831300510515008,0.3168699489484992,3,10,1.0,0.46666666865348816,0.8000000000008656
617_r2,en,0.7071067811745556,0.2928932188254444,3,10,1.0,0.800000011920929,0.6000000000017313
617_r2,fr,0.7745966692279002,0.22540333077209984,3,10,1.0,0.800000011920929,0.6000000000017313
617_r2,ja,0.6452447854688494,0.35475521453115055,3,10,1.0,0.6000000238418579,0.7245112497849162
617_r2,zh,0.6582805885923649,0.34171941140763507,3,10,1.0,0.4333333373069763,1.0
617_r3,en,0.7071067811742012,0.2928932188257988,3,10,1.0,0.699999988079071,0.5000000000019581
617_r3,fr,0.9999999999817427,1.8257284573053312e-11,3,10,1.0,1.0,1.0
617_r3,ja,0.8366600265188001,0.16333997348119988,3,10,1.0,0.699999988079071,1.0
617_r3,zh,0.6324555320221288,0.3675444679778712,3,10,1.0,0.4000000059604645,1.0
617_r4,en,0.8366600265190589,0.1633399734809411,3,10,1.0,0.800000011920929,0.8000000000008656
617_r4,fr,0.5624418487090543,0.43755815129094566,3,10,1.0,0.699999988079071,0.3245112497866474
617_r4,ja,0.9999999999817427,1.8257284573053312e-11,3,10,1.0,1.0,1.0
617_r4,zh,0.4830458915308288,0.5169541084691712,3,10,1.0,0.23333333432674408,1.0
617_r5,en,0.8463692061764693,0.15363079382353073,3,10,1.0,0.8999999761581421,0.7245112497849162
617_r5,fr,0.7185686001847857,0.28143139981521426,3,10,1.0,0.800000011920929,0.5245112497857818
617_r5,ja,0.32889271288895267,0.6711072871110473,3,10,1.0,0.30000001192092896,0.5245112497857819
617_r5,zh,0.6324555320221288,0.3675444679778712,3,10,1.0,0.4000000059604645,1.0
621_r1,en,0.5624418487090542,0.4375581512909458,3,10,1.0,0.699999988079071,0.3245112497866474
621_r1,fr,0.3651483716652218,0.6348516283347783,3,10,1.0,0.4333333373069763,0.40000000000259683
621_r1,ja,0.4472135954917929,0.5527864045082072,3,10,0.0,0.20000000298023224,1.0
621_r1,zh,0.0,1.0,3,10,1.0,0.0,1.0
621_r2,en,0.32889271289026856,0.6711072871097314,3,10,1.0,0.5,0.12451124978751298
621_r2,fr,3.7982374933374084e-07,0.9999996201762507,3,10,1.0,0.03333333507180214,0.10000000000368914
621_r2,ja,0.5477225574951661,0.4522774425048339,3,10,0.0,0.30000001192092896,1.0
621_r2,zh,0.31622776601106445,0.6837722339889356,3,10,1.0,0.10000000149011612,0.8000000000008656
621_r3,en,0.7745966692275763,0.2254033307724237,3,10,1.0,0.699999988079071,0.7000000000010924
621_r3,fr,0.0,1.0,3,10,1.0,0.0,0.40000000000259683
621_r3,ja,0.7745966692273415,0.2254033307726585,3,10,0.0,0.6000000238418579,1.0
621_r3,zh,0.0,1.0,3,10,1.0,0.0,0.8000000000008656
621_r4,en,0.316227766012433,0.6837722339875669,3,10,1.0,0.30000001192092896,0.40000000000259683
621_r4,fr,0.0,1.0,3,10,1.0,0.0,0.8000000000008656
621_r4,ja,0.0,1.0,3,10,0.0,0.0,1.0
621_r4,zh,0.31622776601106445,0.6837722339889356,3,10,1.0,0.10000000149011612,0.8000000000008656
621_r5,en,0.7745966692279002,0.22540333077209984,3,10,1.0,0.800000011920929,0.6000000000017313
621_r5,fr,1.3441612807703453e-06,0.9999986558387193,3,10,1.0,0.4333333373069763,0.10000000000368914
621_r5,ja,0.0,1.0,3,10,0.0,0.0,1.0
621_r5,zh,0.2581988897424471,0.7418011102575529,3,10,1.0,0.06666667014360428,1.0
622_r1,en,0.44721359549316786,0.5527864045068321,3,10,0.0,0.5,0.3000000000028235
622_r1,fr,9.303743780584473e-07,0.9999990696256219,3,10,1.0,0.20000000298023224,0.10000000000368914
622_r1,ja,0.6324555320221288,0.3675444679778712,3,10,0.0,0.4000000059604645,0.8000000000008656
622_r1,zh,0.3162277660115207,0.6837722339884793,3,10,0.0,0.1666666716337204,0.8000000000008656
622_r2,en,6.578740317673447e-07,0.9999993421259682,3,10,0.0,0.10000000149011612,0.6000000000017313
622_r2,fr,0.4472135954917929,0.5527864045082072,3,10,1.0,0.20000000298023224,1.0
622_r2,ja,0.4472135954917929,0.5527864045082072,3,10,0.0,0.20000000298023224,0.7245112497849162
622_r2,zh,0.5477225574951661,0.4522774425048339,3,10,0.0,0.30000001192092896,1.0
622_r3,en,1.1089207485165086e-06,0.9999988910792514,3,10,0.0,0.30000001192092896,0.10000000000368914
622_r3,fr,0.0,1.0,3,10,1.0,0.0,1.0
622_r3,ja,0.8366600265188001,0.16333997348119988,3,10,0.0,0.699999988079071,1.0
622_r3,zh,0.4472135954922769,0.5527864045077231,3,10,0.0,0.30000001192092896,0.6000000000017313
622_r4,en,0.31622776601106445,0.6837722339889356,3,10,0.0,0.10000000149011612,1.0
622_r4,fr,0.31622776601174873,0.6837722339882513,3,10,1.0,0.20000000298023224,0.8000000000008656
622_r4,ja,0.31622776601106445,0.6837722339889356,3,10,0.0,0.10000000149011612,1.0
622_r4,zh,0.4472135954917929,0.5527864045082072,3,10,0.0,0.20000000298023224,1.0
622_r5,en,0.3162277660131174,0.6837722339868826,3,10,0.0,0.4000000059604645,0.40000000000259683
622_r5,fr,6.578740317673447e-07,0.9999993421259682,3,10,1.0,0.10000000149011612,0.12451124978751298
622_r5,ja,0.31622776601243313,0.6837722339875669,3,10,0.0,0.30000001192092896,0.6000000000017313
622_r5,zh,0.31622776601106445,0.6837722339889356,3,10,0.0,0.10000000149011612,1.0
630_r1,en,0.8366600265190589,0.1633399734809411,3,10,1.0,0.800000011920929,0.8000000000008656
630_r1,fr,6.578740317673447e-07,0.9999993421259682,3,10,1.0,0.10000000149011612,0.12451124978751298
630_r1,ja,0.5477225574951662,0.4522774425048338,3,10,1.0,0.30000001192092896,1.0
630_r1,zh,0.31622776601106445,0.6837722339889356,3,10,1.0,0.10000000149011612,0.8000000000008656
630_r2,en,0.8366600265190589,0.1633399734809411,3,10,1.0,0.800000011920929,0.8000000000008656
630_r2,fr,0.09039035675948248,0.9096096432405175,3,10,1.0,0.20000000298023224,0.32451124978664747
630_r2,ja,0.5477225574951661,0.4522774425048339,3,10,1.0,0.30000001192092896,0.5245112497857818
630_r2,zh,0.31622776601106445,0.6837722339889356,3,10,1.0,0.10000000149011612,0.8000000000008656
630_r3,en,0.9999999999817427,1.8257284573053312e-11,3,10,1.0,1.0,1.0
630_r3,fr,6.578740317673447e-07,0.9999993421259682,3,10,1.0,0.10000000149011612,0.12451124978751298
630_r3,ja,0.5477225574955612,0.4522774425044388,3,10,1.0,0.4000000059604645,0.5245112497857818
630_r3,zh,0.0,1.0,3,10,1.0,0.0,0.6000000000017313
630_r4,en,0.9486832980331933,0.05131670196680671,3,10,1.0,0.8999999761581421,1.0
630_r4,fr,6.578740317673447e-07,0.9999993421259682,3,10,1.0,0.10000000149011612,0.10000000000368914
630_r4,ja,0.5477225574951661,0.4522774425048339,3,10,1.0,0.30000001192092896,1.0
630_r4,zh,6.578740317673447e-07,0.9999993421259682,3,10,1.0,0.10000000149011612,0.32451124978664747
630_r5,en,0.32889271289026856,0.6711072871097314,3,10,1.0,0.5,0.12451124978751298
630_r5,fr,6.578740317673447e-07,0.9999993421259682,3,10,1.0,0.10000000149011612,0.10000000000368914
630_r5,ja,0.5477225574955612,0.4522774425044388,3,10,1.0,0.4000000059604645,0.8000000000008656
630_r5,zh,0.31622776601106445,0.6837722339889356,3,10,1.0,0.10000000149011612,1.0
631_r1,en,0.0,1.0,3,10,0.0,0.0,0.10000000000368914
631_r1,fr,5.371518976191752e-07,0.9999994628481024,3,10,0.0,0.06666667014360428,0.12451124978751298
631_r1,ja,0.6324555320221288,0.3675444679778712,3,10,0.0,0.4000000059604645,1.0
631_r1,zh,0.4082482904564095,0.5917517095435905,3,10,0.0,0.1666666716337204,1.0
631_r2,en,0.3410877206622389,0.6589122793377611,3,10,0.0,0.5,0.12451124978751298
631_r2,fr,0.0,1.0,3,10,0.0,0.0,0.12451124978751298
631_r2,ja,0.6324555320221288,0.3675444679778712,3,10,0.0,0.4000000059604645,1.0
631_r2,zh,0.0,1.0,3,10,0.0,0.0,1.0
631_r3,en,0.0,1.0,3,10,0.0,0.0,0.6000000000017313
631_r3,fr,0.2581988897424471,0.7418011102575529,3,10,0.0,0.06666667014360428,0.3245112497866474
631_r3,ja,0.5477225574951661,0.4522774425048339,3,10,0.0,0.30000001192092896,0.8000000000008656
631_r3,zh,0.2581988897424471,0.7418011102575529,3,10,0.0,0.06666667014360428,1.0
631_r4,en,0.0,1.0,3,10,0.0,0.0,0.3000000000028235
631_r4,fr,7.288836143109966e-07,0.9999992711163856,3,10,0.0,0.13333334028720856,0.10000000000368914
631_r4,ja,6.578740317673447e-07,0.9999993421259682,3,10,0.0,0.10000000149011612,0.6000000000017313
631_r4,zh,0.0,1.0,3,10,0.0,0.0,1.0
631_r5,en,0.0,1.0,3,10,0.0,0.0,0.12451124978751298
631_r5,fr,0.0,1.0,3,10,0.0,0.0,0.6000000000017313
631_r5,ja,0.7071067811736377,0.2928932188263623,3,10,0.0,0.5,0.8000000000008656
631_r5,zh,0.0,1.0,3,10,0.0,0.0,1.0
632_r1,en,0.8366600265190589,0.1633399734809411,3,10,1.0,0.800000011920929,0.8000000000008656
632_r1,fr,0.1825741858333024,0.8174258141666976,3,10,1.0,0.1666666716337204,0.10000000000368914
632_r1,ja,0.5163977794848942,0.4836022205151058,3,10,0.0,0.2666666805744171,1.0
632_r1,zh,0.18257418583172202,0.817425814168278,3,10,1.0,0.03333333507180214,0.8000000000008656
632_r2,en,0.9999999999817427,1.8257284573053312e-11,3,10,1.0,1.0,1.0
632_r2,fr,0.2581988897427265,0.7418011102572735,3,10,1.0,0.10000000149011612,0.3245112497866474
632_r2,ja,0.5477225574951661,0.4522774425048339,3,10,0.0,0.30000001192092896,0.3245112497866474
632_r2,zh,0.2581988897424471,0.7418011102575529,3,10,1.0,0.06666667014360428,0.8000000000008656
632_r3,en,0.7745966692279002,0.22540333077209984,3,10,1.0,0.800000011920929,0.6000000000017313
632_r3,fr,0.0,1.0,3,10,1.0,0.0,0.8000000000008656
632_r3,ja,0.4472135954922769,0.5527864045077231,3,10,0.0,0.30000001192092896,0.8000000000008656
632_r3,zh,0.2581988897424471,0.7418011102575529,3,10,1.0,0.06666667014360428,1.0
632_r4,en,0.8366600265190182,0.16333997348098184,3,10,1.0,0.800000011920929,0.7000000000010924
632_r4,fr,0.0,1.0,3,10,1.0,0.0,0.5245112497857819
632_r4,ja,9.303743780584473e-07,0.9999990696256219,3,10,0.0,0.20000000298023224,0.6000000000017313
632_r4,zh,0.2581988897424471,0.7418011102575529,3,10,1.0,0.06666667014360428,1.0
632_r5,en,0.6324555320227588,0.36754446797724116,3,10,1.0,0.6000000238418579,0.5000000000019581
632_r5,fr,0.4082482904565861,0.5917517095434139,3,10,1.0,0.20000000298023224,0.3245112497866474
632_r5,ja,0.4472135954922769,0.5527864045077231,3,10,0.0,0.30000001192092896,0.8000000000008656
632_r5,zh,0.31622776601106445,0.6837722339889356,3,10,1.0,0.10000000149011612,1.0
633_r1,en,0.5624418487090543,0.43755815129094566,3,10,1.0,0.699999988079071,0.3245112497866474
633_r1,fr,6.578740317673447e-07,0.9999993421259682,3,10,1.0,0.10000000149011612,0.3245112497866474
633_r1,ja,0.32889271288895267,0.6711072871110473,3,10,1.0,0.30000001192092896,0.5245112497857819
633_r1,zh,0.6324555320221289,0.3675444679778711,3,10,1.0,0.4000000059604645,1.0
633_r2,en,0.8366600265190589,0.1633399734809411,3,10,1.0,0.800000011920929,0.8000000000008656
633_r2,fr,9.303743780584473e-07,0.9999990696256219,3,10,1.0,0.20000000298023224,0.12451124978751298
633_r2,ja,0.7745966692273415,0.2254033307726585,3,10,1.0,0.6000000238418579,1.0
633_r2,zh,0.5773502691790848,0.42264973082091517,3,10,1.0,0.3333333432674408,1.0
633_r3,en,0.5624418487090541,0.4375581512909459,3,10,1.0,0.699999988079071,0.32451124978664747
633_r3,fr,6.03414238432249e-07,0.9999993965857615,3,10,1.0,0.10000000149011612,0.3000000000028235
633_r3,ja,0.32889271288829475,0.6711072871117052,3,10,1.0,0.20000000298023224,0.7245112497849162
633_r3,zh,0.4472135954917929,0.5527864045082072,3,10,1.0,0.20000000298023224,1.0
633_r4,en,0.9486832980331933,0.05131670196680671,3,10,1.0,0.8999999761581421,1.0
633_r4,fr,0.0,1.0,3,10,1.0,0.0,0.5245112497857819
633_r4,ja,0.7071067811736377,0.2928932188263623,3,10,1.0,0.5,1.0
633_r4,zh,0.4082482904564095,0.5917517095435905,3,10,1.0,0.1666666716337204,0.7245112497849162
633_r5,en,0.8366600265190589,0.1633399734809411,3,10,1.0,0.800000011920929,0.8000000000008656
633_r5,fr,0.0,1.0,3,10,1.0,0.0,0.5245112497857819
633_r5,ja,6.578740317673447e-07,0.9999993421259682,3,10,1.0,0.10000000149011612,0.8000000000008656
633_r5,zh,0.5773502691790848,0.42264973082091517,3,10,1.0,0.3333333432674408,1.0
637_r1,en,0.3410877206628734,0.6589122793371266,3,10,1.0,0.6000000238418579,0.12451124978751298
637_r1,fr,0.9486832980331933,0.05131670196680671,3,10,1.0,0.8999999761581421,1.0
637_r1,ja,0.7071067811736377,0.2928932188263623,3,10,0.0,0.5,0.8000000000008656
637_r1,zh,0.4830458915308288,0.5169541084691712,3,10,1.0,0.23333333432674408,1.0
637_r2,en,0.6324555320227588,0.36754446797724116,3,10,1.0,0.6000000238418579,0.5000000000019581
637_r2,fr,0.7850737756207621,0.21492622437923792,3,10,1.0,0.800000011920929,0.7245112497849162
637_r2,ja,0.6324555320221288,0.3675444679778712,3,10,0.0,0.4000000059604645,1.0
637_r2,zh,0.6055300708086812,0.39446992919131885,3,10,1.0,0.4333333373069763,0.8000000000008656
637_r3,en,0.7185686001847857,0.28143139981521426,3,10,1.0,0.800000011920929,0.5245112497857819
637_r3,fr,0.44721359549316786,0.5527864045068321,3,10,1.0,0.5,0.30000000000282356
637_r3,ja,0.6324555320221288,0.3675444679778712,3,10,0.0,0.4000000059604645,1.0
637_r3,zh,0.48865148901979444,0.5113485109802056,3,10,1.0,0.30000001192092896,0.7245112497849162
637_r4,en,0.8366600265190589,0.1633399734809411,3,10,1.0,0.800000011920929,0.8000000000008656
637_r4,fr,0.5624418487086694,0.4375581512913306,3,10,1.0,0.6000000238418579,0.3245112497866474
637_r4,ja,0.8366600265188001,0.16333997348119988,3,10,0.0,0.699999988079071,1.0
637_r4,zh,0.5477225574951662,0.4522774425048338,3,10,1.0,0.30000001192092896,1.0
637_r5,en,0.8944271909838278,0.10557280901617216,3,10,1.0,0.8999999761581421,0.8000000000008656
637_r5,fr,0.4651245351327719,0.534875464867228,3,10,1.0,0.5,0.3245112497866474
637_r5,ja,0.4472135954917929,0.5527864045082072,3,10,0.0,0.20000000298023224,1.0
637_r5,zh,0.632455532022129,0.367544467977871,3,10,1.0,0.4000000059604645,1.0
638_r1,en,0.0,1.0,3,10,0.0,0.0,0.3245112497866474
638_r1,fr,9.934616572345572e-07,0.9999990065383427,3,10,0.0,0.23333333432674408,0.10000000000368914
638_r1,ja,0.18257418583172202,0.817425814168278,3,10,0.0,0.03333333507180214,0.5245112497857818
638_r1,zh,0.2581988897424471,0.7418011102575529,3,10,0.0,0.06666667014360428,1.0
638_r2,en,0.0,1.0,3,10,0.0,0.0,0.8000000000008656
638_r2,fr,3.7982374933374084e-07,0.9999996201762507,3,10,0.0,0.03333333507180214,0.5000000000019581
638_r2,ja,0.40824829045676275,0.5917517095432372,3,10,0.0,0.23333333432674408,0.8000000000008656
638_r2,zh,0.36514837166344405,0.634851628336556,3,10,0.0,0.13333334028720856,1.0
638_r3,en,0.0,1.0,3,10,0.0,0.0,0.40000000000259683
638_r3,fr,0.18257418583402987,0.8174258141659702,3,10,0.0,0.23333333432674408,0.10000000000368914
638_r3,ja,0.1898862963209431,0.8101137036790569,3,10,0.0,0.10000000149011612,0.3245112497866474
638_r3,zh,0.36514837166344405,0.634851628336556,3,10,0.0,0.13333334028720856,1.0
638_r4,en,0.0,1.0,3,10,0.0,0.0,0.5000000000019581
638_r4,fr,0.18257418583205443,0.8174258141679456,3,10,0.0,0.06666667014360428,0.5000000000019581
638_r4,ja,0.26342008059837985,0.7365799194016202,3,10,0.0,0.10000000149011612,0.7245112497849162
638_r4,zh,0.31622776601106445,0.6837722339889356,3,10,0.0,0.10000000149011612,1.0
638_r5,en,0.0,1.0,3,10,0.0,0.0,0.5245112497857818
638_r5,fr,0.3651483716640053,0.6348516283359946,3,10,0.0,0.23333333432674408,0.3000000000028235
638_r5,ja,0.2581988897424471,0.7418011102575529,3,10,0.0,0.06666667014360428,0.7000000000010924
638_r5,zh,0.0,1.0,3,10,0.0,0.0,1.0
644_r1,en,0.5477225574958936,0.4522774425041064,3,10,1.0,0.5,0.5000000000019581
644_r1,fr,0.6324555320221288,0.3675444679778712,3,10,1.0,0.4000000059604645,1.0
644_r1,ja,0.4472135954917929,0.5527864045082072,3,10,1.0,0.20000000298023224,1.0
644_r1,zh,0.5477225574951661,0.4522774425048339,3,10,1.0,0.30000001192092896,1.0
644_r2,en,0.6324555320224711,0.36754446797752893,3,10,1.0,0.5,0.5245112497857818
644_r2,fr,0.6324555320224711,0.36754446797752893,3,10,1.0,0.5,0.8000000000008656
644_r2,ja,0.4472135954922769,0.5527864045077231,3,10,1.0,0.30000001192092896,0.8000000000008656
644_r2,zh,0.0,1.0,3,10,1.0,0.0,1.0
644_r3,en,0.7071067811741527,0.2928932188258473,3,10,1.0,0.699999988079071,0.7000000000010924
644_r3,fr,0.31622776601174873,0.6837722339882513,3,10,1.0,0.20000000298023224,0.32451124978664747
644_r3,ja,0.31622776601174873,0.6837722339882513,3,10,1.0,0.20000000298023224,0.8000000000008656
644_r3,zh,0.0,1.0,3,10,1.0,0.0,1.0
644_r4,en,0.316227766012433,0.6837722339875669,3,10,1.0,0.30000001192092896,0.10000000000368914
644_r4,fr,0.316227766012433,0.6837722339875669,3,10,1.0,0.30000001192092896,0.12451124978751298
644_r4,ja,0.0,1.0,3,10,1.0,0.0,0.7245112497849162
644_r4,zh,0.4472135954917929,0.5527864045082072,3,10,1.0,0.20000000298023224,1.0
644_r5,en,0.31622776601174873,0.6837722339882513,3,10,1.0,0.20000000298023224,0.3245112497866474
644_r5,fr,0.09039035675948248,0.9096096432405175,3,10,1.0,0.20000000298023224,0.12451124978751298
644_r5,ja,0.4472135954917929,0.5527864045082072,3,10,1.0,0.20000000298023224,1.0
644_r5,zh,0.4472135954917929,0.5527864045082072,3,10,1.0,0.20000000298023224,0.8000000000008656
648_r1,en,0.5477225574959562,0.4522774425040438,3,10,1.0,0.5,0.3000000000028235
648_r1,fr,6.578740317673447e-07,0.9999993421259682,3,10,1.0,0.10000000149011612,0.30000000000282356
648_r1,ja,0.5477225574951661,0.4522774425048339,3,10,1.0,0.30000001192092896,0.8000000000008656
648_r1,zh,0.18257418583172202,0.817425814168278,3,10,0.0,0.03333333507180214,0.7245112497849162
648_r2,en,1.5682507621489706e-06,0.9999984317492379,3,10,1.0,0.6000000238418579,0.10000000000368914
648_r2,fr,6.578740317673447e-07,0.9999993421259682,3,10,1.0,0.10000000149011612,0.10000000000368914
648_r2,ja,0.0,1.0,3,10,1.0,0.0,0.12451124978751298
648_r2,zh,0.31622776601106445,0.6837722339889356,3,10,0.0,0.10000000149011612,0.6000000000017313
648_r3,en,1.289381040718466e-06,0.9999987106189593,3,10,1.0,0.4000000059604645,0.10000000000368914
648_r3,fr,6.578740317673447e-07,0.9999993421259682,3,10,1.0,0.10000000149011612,0.10000000000368914
648_r3,ja,0.4472135954917929,0.5527864045082072,3,10,1.0,0.20000000298023224,0.7245112497849162
648_r3,zh,0.4472135954917929,0.5527864045082072,3,10,0.0,0.20000000298023224,1.0
648_r4,en,1.1089207485165086e-06,0.9999988910792514,3,10,1.0,0.30000001192092896,0.10000000000368914
648_r4,fr,8.92696468468758e-07,0.9999991073035315,3,10,1.0,0.20000000298023224,0.10000000000368914
648_r4,ja,0.31622776601106445,0.6837722339889356,3,10,1.0,0.10000000149011612,0.5245112497857819
648_r4,zh,0.0,1.0,3,10,0.0,0.0,0.8000000000008656
648_r5,en,0.316227766013693,0.683772233986307,3,10,1.0,0.5,0.10000000000368914
648_r5,fr,6.578740317673447e-07,0.9999993421259682,3,10,1.0,0.10000000149011612,0.12451124978751298
648_r5,ja,0.5477225574951661,0.4522774425048339,3,10,1.0,0.30000001192092896,1.0
648_r5,zh,0.5477225574951661,0.4522774425048339,3,10,0.0,0.30000001192092896,1.0
649_r1,en,0.4651245351332374,0.5348754648667626,3,10,0.0,0.6000000238418579,0.3245112497866474
649_r1,fr,6.578740317673447e-07,0.9999993421259682,3,10,0.0,0.10000000149011612,0.10000000000368914
649_r1,ja,0.4472135954917929,0.5527864045082072,3,10,0.0,0.20000000298023224,1.0
649_r1,zh,0.18257418583172202,0.817425814168278,3,10,0.0,0.03333333507180214,1.0
649_r2,en,0.718568600184485,0.281431399815515,3,10,0.0,0.699999988079071,0.5245112497857819
649_r2,fr,0.0,1.0,3,10,0.0,0.0,0.5000000000019581
649_r2,ja,0.4472135954917929,0.5527864045082072,3,10,0.0,0.20000000298023224,1.0
649_r2,zh,0.0,1.0,3,10,0.0,0.0,1.0
649_r3,en,0.5624418487086695,0.43755815129133047,3,10,0.0,0.6000000238418579,0.3245112497866474
649_r3,fr,6.578740317673447e-07,0.9999993421259682,3,10,0.0,0.10000000149011612,0.10000000000368914
649_r3,ja,0.6324555320221288,0.3675444679778712,3,10,0.0,0.4000000059604645,1.0
649_r3,zh,0.2581988897424471,0.7418011102575529,3,10,0.0,0.06666667014360428,1.0
649_r4,en,0.547722557496621,0.452277442503379,3,10,0.0,0.699999988079071,0.3000000000028235
649_r4,fr,6.578740317673447e-07,0.9999993421259682,3,10,0.0,0.10000000149011612,0.12451124978751298
649_r4,ja,0.0,1.0,3,10,0.0,0.0,0.7245112497849162
649_r4,zh,0.0,1.0,3,10,0.0,0.0,1.0
649_r5,en,0.31622776601232444,0.6837722339876755,3,10,0.0,0.30000001192092896,0.30000000000282356
649_r5,fr,0.0,1.0,3,10,0.0,0.0,0.10000000000368914
649_r5,ja,0.31622776601232444,0.6837722339876755,3,10,0.0,0.30000001192092896,0.3000000000028235
649_r5,zh,0.4472135954917929,0.5527864045082072,3,10,0.0,0.20000000298023224,0.8000000000008656
652_r1,en,8.357235806648943e-07,0.9999991642764193,3,10,1.0,0.1666666716337204,0.10000000000368914
652_r1,fr,0.0,1.0,3,10,0.0,0.0,0.6000000000017313
652_r1,ja,0.3528615164368322,0.6471384835631677,3,10,0.0,0.800000011920929,0.12451124978751298
652_r1,zh,6.578740317673447e-07,0.9999993421259682,3,10,1.0,0.10000000149011612,0.10000000000368914
652_r2,en,3.7982374933374084e-07,0.9999996201762507,3,10,1.0,0.03333333507180214,0.32451124978664747
652_r2,fr,0.09039035676187651,0.9096096432381235,3,10,0.0,0.30000001192092896,0.12451124978751298
652_r2,ja,0.0,1.0,3,10,0.0,0.0,0.5245112497857819
652_r2,zh,0.31622776601106445,0.6837722339889356,3,10,1.0,0.10000000149011612,0.5245112497857819
652_r3,en,8.533565997199189e-07,0.9999991466434003,3,10,1.0,0.20000000298023224,0.5000000000019581
652_r3,fr,0.0,1.0,3,10,0.0,0.0,0.5000000000019581
652_r3,ja,0.4562569633307567,0.5437430366692433,3,10,0.0,0.4000000059604645,0.5245112497857819
652_r3,zh,6.578740317673447e-07,0.9999993421259682,3,10,1.0,0.10000000149011612,0.10000000000368914
652_r4,en,7.596474986674817e-07,0.9999992403525013,3,10,1.0,0.13333334028720856,0.10000000000368914
652_r4,fr,0.0,1.0,3,10,0.0,0.0,0.5000000000019581
652_r4,ja,0.32889271288829475,0.6711072871117052,3,10,0.0,0.20000000298023224,0.5245112497857818
652_r4,zh,0.6324555320221289,0.3675444679778711,3,10,1.0,0.4000000059604645,0.8000000000008656
652_r5,en,3.7982374933374084e-07,0.9999996201762507,3,10,1.0,0.03333333507180214,0.3000000000028235
652_r5,fr,0.31622776601106445,0.6837722339889356,3,10,0.0,0.10000000149011612,0.3245112497866474
652_r5,ja,0.09039035675948248,0.9096096432405175,3,10,0.0,0.20000000298023224,0.3245112497866474
652_r5,zh,0.4472135954917929,0.5527864045082072,3,10,1.0,0.20000000298023224,0.5245112497857818
654_r1,en,0.7185686001847857,0.28143139981521426,3,10,1.0,0.800000011920929,0.5245112497857819
654_r1,fr,8.92696468468758e-07,0.9999991073035315,3,10,1.0,0.20000000298023224,0.3000000000028235
654_r1,ja,0.3162277660115206,0.6837722339884794,3,10,1.0,0.1666666716337204,0.8000000000008656
654_r1,zh,0.447213595491793,0.5527864045082069,3,10,0.0,0.20000000298023224,1.0
654_r2,en,0.6452447854688494,0.35475521453115055,3,10,1.0,0.6000000238418579,0.5245112497857818
654_r2,fr,0.5477225574958936,0.4522774425041064,3,10,1.0,0.5,0.30000000000282356
654_r2,ja,0.31622776601106445,0.6837722339889356,3,10,1.0,0.10000000149011612,0.8000000000008656
654_r2,zh,0.5163977794848941,0.48360222051510593,3,10,0.0,0.2666666805744171,1.0
654_r3,en,0.7185686001847857,0.28143139981521426,3,10,1.0,0.800000011920929,0.5245112497857818
654_r3,fr,0.34108772066223897,0.6589122793377611,3,10,1.0,0.5,0.12451124978751298
654_r3,ja,0.5163977794848941,0.48360222051510593,3,10,1.0,0.2666666805744171,1.0
654_r3,zh,0.4472135954917929,0.5527864045082072,3,10,0.0,0.20000000298023224,1.0
654_r4,en,0.6452447854691848,0.35475521453081515,3,10,1.0,0.699999988079071,0.5245112497857818
654_r4,fr,0.8366600265190589,0.1633399734809411,3,10,1.0,0.800000011920929,0.8000000000008656
654_r4,ja,0.4472135954919543,0.5527864045080457,3,10,1.0,0.23333333432674408,0.8000000000008656
654_r4,zh,0.4830458915308288,0.5169541084691712,3,10,0.0,0.23333333432674408,0.8000000000008656
654_r5,en,0.8366600265190182,0.16333997348098184,3,10,1.0,0.800000011920929,0.7000000000010924
654_r5,fr,0.316227766012433,0.6837722339875669,3,10,1.0,0.30000001192092896,0.12451124978751298
654_r5,ja,0.31622776601106445,0.6837722339889356,3,10,1.0,0.10000000149011612,1.0
654_r5,zh,0.4472135954917929,0.5527864045082072,3,10,0.0,0.20000000298023224,0.8000000000008656
655_r1,en,0.7745966692276207,0.22540333077237928,3,10,1.0,0.699999988079071,0.8000000000008656
655_r1,fr,0.0,1.0,3,10,1.0,0.0,0.32451124978664747
655_r1,ja,0.0,1.0,3,10,1.0,0.0,1.0
655_r1,zh,0.32889271288829475,0.6711072871117052,3,10,1.0,0.20000000298023224,0.7245112497849162
655_r2,en,0.7745966692279002,0.22540333077209984,3,10,1.0,0.800000011920929,0.6000000000017313
655_r2,fr,0.31622776601106445,0.6837722339889356,3,10,1.0,0.10000000149011612,0.6000000000017313
655_r2,ja,0.7071067811736377,0.2928932188263623,3,10,1.0,0.5,1.0
655_r2,zh,0.4472135954917929,0.5527864045082072,3,10,1.0,0.20000000298023224,1.0
655_r3,en,0.44721359549268397,0.5527864045073161,3,10,1.0,0.4000000059604645,0.3000000000028235
655_r3,fr,0.0,1.0,3,10,1.0,0.0,0.8000000000008656
655_r3,ja,0.7745966692273415,0.2254033307726585,3,10,1.0,0.6000000238418579,0.8000000000008656
655_r3,zh,0.6324555320221288,0.3675444679778712,3,10,1.0,0.4000000059604645,1.0
655_r4,en,0.7745966692279002,0.22540333077209984,3,10,1.0,0.800000011920929,0.6000000000017313
655_r4,fr,6.578740317673447e-07,0.9999993421259682,3,10,1.0,0.10000000149011612,0.12451124978751298
655_r4,ja,0.8366600265188001,0.16333997348119988,3,10,1.0,0.699999988079071,0.8000000000008656
655_r4,zh,0.31622776601106445,0.6837722339889356,3,10,1.0,0.10000000149011612,1.0
655_r5,en,0.3410877206622389,0.6589122793377611,3,10,1.0,0.5,0.12451124978751298
655_r5,fr,0.0,1.0,3,10,1.0,0.0,0.12451124978751298
655_r5,ja,0.31622776601106445,0.6837722339889356,3,10,1.0,0.10000000149011612,1.0
655_r5,zh,0.5477225574951662,0.4522774425048338,3,10,1.0,0.30000001192092896,1.0
662_r1,en,0.6324555320231554,0.3675444679768446,3,10,1.0,0.699999988079071,0.40000000000259683
662_r1,fr,8.493117229790851e-07,0.999999150688277,3,10,1.0,0.1666666716337204,0.12451124978751298
662_r1,ja,0.0,1.0,3,10,0.0,0.0,0.6000000000017313
662_r1,zh,0.31622776601106445,0.6837722339889356,3,10,1.0,0.10000000149011612,1.0
662_r2,en,0.31622776601174873,0.6837722339882513,3,10,1.0,0.20000000298023224,0.40000000000259683
662_r2,fr,0.0,1.0,3,10,1.0,0.0,0.12451124978751298
662_r2,ja,0.31622776601106445,0.6837722339889356,3,10,0.0,0.10000000149011612,1.0
662_r2,zh,0.31622776601106445,0.6837722339889356,3,10,1.0,0.10000000149011612,0.5245112497857819
662_r3,en,0.6324555320227591,0.36754446797724094,3,10,1.0,0.6000000238418579,0.5000000000019581
662_r3,fr,0.0,1.0,3,10,1.0,0.0,0.12451124978751298
662_r3,ja,0.0,1.0,3,10,0.0,0.0,1.0
662_r3,zh,0.31622776601106445,0.6837722339889356,3,10,1.0,0.10000000149011612,0.8000000000008656
662_r4,en,1.4475157027949835e-06,0.9999985524842973,3,10,1.0,0.5,0.10000000000368914
662_r4,fr,4.926856625630388e-07,0.9999995073143374,3,10,1.0,0.06666667014360428,0.10000000000368914
662_r4,ja,0.09039035675708842,0.9096096432429116,3,10,0.0,0.10000000149011612,0.5245112497857819
662_r4,zh,0.4830458915308288,0.5169541084691712,3,10,1.0,0.23333333432674408,1.0
662_r5,en,0.1278312684403884,0.8721687315596116,3,10,1.0,0.6000000238418579,0.12451124978751298
662_r5,fr,0.2581988897438439,0.7418011102561561,3,10,1.0,0.23333333432674408,0.10000000000368914
662_r5,ja,0.0,1.0,3,10,0.0,0.0,0.5245112497857818
662_r5,zh,0.31622776601106445,0.6837722339889356,3,10,1.0,0.10000000149011612,1.0
665_r1,en,0.5477225574963515,0.45227744250364854,3,10,1.0,0.6000000238418579,0.3000000000028235
665_r1,fr,0.0,1.0,3,10,1.0,0.0,0.3000000000028235
665_r1,ja,0.31622776601174873,0.6837722339882513,3,10,0.0,0.20000000298023224,0.8000000000008656
665_r1,zh,0.4472135954917929,0.5527864045082072,3,10,1.0,0.20000000298023224,1.0
665_r2,en,0.46512453513370255,0.5348754648662974,3,10,1.0,0.699999988079071,0.3245112497866474
665_r2,fr,6.578740317673447e-07,0.9999993421259682,3,10,1.0,0.10000000149011612,0.10000000000368914
665_r2,ja,0.31622776601106445,0.6837722339889356,3,10,0.0,0.10000000149011612,0.8000000000008656
665_r2,zh,0.0,1.0,3,10,1.0,0.0,1.0
665_r3,en,0.3528615164368322,0.6471384835631677,3,10,1.0,0.800000011920929,0.12451124978751298
665_r3,fr,0.0,1.0,3,10,1.0,0.0,0.12451124978751298
665_r3,ja,0.0,1.0,3,10,0.0,0.0,1.0
665_r3,zh,0.31622776601106445,0.6837722339889356,3,10,1.0,0.10000000149011612,1.0
665_r4,en,0.12783126843869552,0.8721687315613045,3,10,1.0,0.5,0.12451124978751298
665_r4,fr,0.0,1.0,3,10,1.0,0.0,0.6000000000017313
665_r4,ja,0.0,1.0,3,10,0.0,0.0,0.5245112497857818
665_r4,zh,0.4830458915308287,0.5169541084691713,3,10,1.0,0.23333333432674408,1.0
665_r5,en,0.44721359549316786,0.5527864045068321,3,10,1.0,0.5,0.30000000000282356
665_r5,fr,0.0,1.0,3,10,1.0,0.0,0.3000000000028235
665_r5,ja,0.31622776601106445,0.6837722339889356,3,10,0.0,0.10000000149011612,1.0
665_r5,zh,0.31622776601106445,0.6837722339889356,3,10,1.0,0.10000000149011612,1.0
666_r1,en,0.34108772066160453,0.6589122793383955,3,10,1.0,0.4000000059604645,0.12451124978751298
666_r1,fr,0.7850737756207621,0.21492622437923792,3,10,1.0,0.800000011920929,0.7245112497849162
666_r1,ja,0.0,1.0,3,10,0.0,0.0,0.32451124978664747
666_r1,zh,0.4082482904565861,0.5917517095434139,3,10,1.0,0.20000000298023224,0.8000000000008656
666_r2,en,0.09039035675708842,0.9096096432429116,3,10,1.0,0.10000000149011612,0.3245112497866474
666_r2,fr,0.9999999999817427,1.8257284573053312e-11,3,10,1.0,1.0,1.0
666_r2,ja,0.5477225574951661,0.4522774425048339,3,10,0.0,0.30000001192092896,1.0
666_r2,zh,0.36514837166344405,0.634851628336556,3,10,1.0,0.13333334028720856,1.0
666_r3,en,1.1089207485165086e-06,0.9999988910792514,3,10,1.0,0.30000001192092896,0.10000000000368914
666_r3,fr,0.0,1.0,3,10,1.0,0.0,0.10000000000368914
666_r3,ja,0.5477225574951661,0.4522774425048339,3,10,0.0,0.30000001192092896,0.6000000000017313
666_r3,zh,0.4830458915308288,0.5169541084691712,3,10,1.0,0.23333333432674408,1.0
666_r4,en,0.7185686001847857,0.28143139981521426,3,10,1.0,0.800000011920929,0.5245112497857819
666_r4,fr,0.0,1.0,3,10,1.0,0.0,0.10000000000368914
666_r4,ja,0.6324555320221288,0.3675444679778712,3,10,0.0,0.4000000059604645,1.0
666_r4,zh,0.4082482904564095,0.5917517095435905,3,10,1.0,0.1666666716337204,1.0
666_r5,en,0.7071067811742012,0.2928932188257988,3,10,1.0,0.699999988079071,0.5000000000019581
666_r5,fr,0.9999999999817427,1.8257284573053312e-11,3,10,1.0,1.0,1.0
666_r5,ja,0.7745966692273415,0.2254033307726585,3,10,0.0,0.6000000238418579,1.0
666_r5,zh,0.2581988897424471,0.7418011102575529,3,10,1.0,0.06666667014360428,0.7245112497849162
667_r1,en,0.5624418487090541,0.4375581512909459,3,10,1.0,0.699999988079071,0.32451124978664747
667_r1,fr,0.18257418583390447,0.8174258141660955,3,10,1.0,0.23333333432674408,0.30000000000282356
667_r1,ja,0.4472135954917929,0.5527864045082072,3,10,1.0,0.20000000298023224,0.7245112497849162
667_r1,zh,0.4472135954917929,0.5527864045082072,3,10,1.0,0.20000000298023224,1.0
667_r2,en,0.6452447854691848,0.35475521453081515,3,10,1.0,0.699999988079071,0.5245112497857818
667_r2,fr,0.2581988897440346,0.7418011102559654,3,10,1.0,0.2666666805744171,0.3000000000028235
667_r2,ja,6.578740317673447e-07,0.9999993421259682,3,10,1.0,0.10000000149011612,0.8000000000008656
667_r2,zh,0.5477225574951661,0.4522774425048339,3,10,1.0,0.30000001192092896,0.8000000000008656
667_r3,en,0.7185686001847861,0.2814313998152139,3,10,1.0,0.800000011920929,0.5245112497857819
667_r3,fr,0.0738034172429548,0.9261965827570452,3,10,1.0,0.13333334028720856,0.12451124978751298
667_r3,ja,0.5477225574955612,0.4522774425044388,3,10,1.0,0.4000000059604645,0.8000000000008656
667_r3,zh,0.32889271288829475,0.6711072871117052,3,10,1.0,0.20000000298023224,0.5245112497857819
667_r4,en,1.3157480635346895e-06,0.9999986842519365,3,10,1.0,0.4000000059604645,0.10000000000368914
667_r4,fr,0.05218689681138014,0.9478131031886199,3,10,1.0,0.1666666716337204,0.12451124978751298
667_r4,ja,0.9486832980331933,0.05131670196680671,3,10,1.0,0.8999999761581421,1.0
667_r4,zh,0.5477225574951661,0.4522774425048339,3,10,1.0,0.30000001192092896,1.0
667_r5,en,0.9999999999817427,1.8257284573053312e-11,3,10,1.0,1.0,1.0
667_r5,fr,0.052186896808615726,0.9478131031913842,3,10,1.0,0.10000000149011612,0.12451124978751298
667_r5,ja,0.8366600265188001,0.16333997348119988,3,10,1.0,0.699999988079071,0.8000000000008656
667_r5,zh,0.0,1.0,3,10,1.0,0.0,1.0
668_r1,en,0.7850737756207621,0.21492622437923792,3,10,1.0,0.800000011920929,0.7245112497849162
668_r1,fr,0.31622776601232444,0.6837722339876755,3,10,1.0,0.30000001192092896,0.30000000000282356
668_r1,ja,0.7128607273348816,0.2871392726651184,3,10,1.0,0.6000000238418579,0.5245112497857818
668_r1,zh,0.0,1.0,3,10,1.0,0.0,1.0
668_r2,en,0.7850737756207621,0.21492622437923792,3,10,1.0,0.800000011920929,0.7245112497849162
668_r2,fr,6.578740317673447e-07,0.9999993421259682,3,10,1.0,0.10000000149011612,0.6000000000017313
668_r2,ja,0.894427190983586,0.10557280901641397,3,10,1.0,0.800000011920929,1.0
668_r2,zh,0.0,1.0,3,10,1.0,0.0,0.32451124978664747
668_r3,en,0.6452447854691848,0.35475521453081515,3,10,1.0,0.699999988079071,0.5245112497857819
668_r3,fr,6.03414238432249e-07,0.9999993965857615,3,10,1.0,0.10000000149011612,0.10000000000368914
668_r3,ja,0.9486832980331933,0.05131670196680671,3,10,1.0,0.8999999761581421,1.0
668_r3,zh,0.0,1.0,3,10,1.0,0.0,1.0
668_r4,en,0.9486832980331933,0.05131670196680671,3,10,1.0,0.8999999761581421,1.0
668_r4,fr,8.92696468468758e-07,0.9999991073035315,3,10,1.0,0.20000000298023224,0.10000000000368914
668_r4,ja,0.7745966692273415,0.2254033307726585,3,10,1.0,0.6000000238418579,1.0
668_r4,zh,0.31622776601106445,0.6837722339889356,3,10,1.0,0.10000000149011612,1.0
668_r5,en,0.7745966692276207,0.22540333077237928,3,10,1.0,0.699999988079071,0.8000000000008656
668_r5,fr,9.303743780584473e-07,0.9999990696256219,3,10,1.0,0.20000000298023224,0.12451124978751298
668_r5,ja,0.7071067811739437,0.29289321882605635,3,10,1.0,0.6000000238418579,0.8000000000008656
668_r5,zh,0.0,1.0,3,10,1.0,0.0,1.0
669_r1,en,0.7071067811742012,0.2928932188257988,3,10,1.0,0.699999988079071,0.5000000000019581
669_r1,fr,0.34108772066223897,0.6589122793377611,3,10,1.0,0.5,0.12451124978751298
669_r1,ja,0.6324555320221288,0.3675444679778712,3,10,1.0,0.4000000059604645,1.0
669_r1,zh,0.36514837166344405,0.634851628336556,3,10,1.0,0.13333334028720856,1.0
669_r2,en,0.8944271909838276,0.10557280901617239,3,10,1.0,0.8999999761581421,0.8000000000008656
669_r2,fr,0.6388821617328978,0.3611178382671022,3,10,1.0,0.6000000238418579,0.5245112497857819
669_r2,ja,0.6324555320221288,0.3675444679778712,3,10,1.0,0.4000000059604645,0.8000000000008656
669_r2,zh,0.4472135954917929,0.5527864045082072,3,10,1.0,0.20000000298023224,1.0
669_r3,en,0.718568600184485,0.281431399815515,3,10,1.0,0.699999988079071,0.5245112497857819
669_r3,fr,0.5624418487086695,0.43755815129133047,3,10,1.0,0.6000000238418579,0.3245112497866474
669_r3,ja,0.5477225574951661,0.4522774425048339,3,10,1.0,0.30000001192092896,0.7245112497849162
669_r3,zh,0.36514837166344405,0.634851628336556,3,10,1.0,0.13333334028720856,1.0
669_r4,en,0.7745966692279002,0.22540333077209984,3,10,1.0,0.800000011920929,0.6000000000017313
669_r4,fr,0.3410877206628734,0.6589122793371266,3,10,1.0,0.6000000238418579,0.12451124978751298
669_r4,ja,0.7071067811736377,0.2928932188263623,3,10,1.0,0.5,0.8000000000008656
669_r4,zh,0.31622776601106445,0.6837722339889356,3,10,1.0,0.10000000149011612,1.0
669_r5,en,0.6324555320227588,0.36754446797724116,3,10,1.0,0.6000000238418579,0.5000000000019581
669_r5,fr,0.7185686001847857,0.28143139981521426,3,10,1.0,0.800000011920929,0.5245112497857818
669_r5,ja,0.4562569633302825,0.5437430366697176,3,10,1.0,0.30000001192092896,0.7245112497849162
669_r5,zh,0.2581988897424471,0.7418011102575529,3,10,1.0,0.06666667014360428,0.8000000000008656
66_r1,en,0.5477225574959564,0.45227744250404356,3,10,0.0,0.5,0.30000000000282356
66_r1,fr,0.44721359549211553,0.5527864045078845,3,10,1.0,0.2666666805744171,0.6000000000017313
66_r1,ja,0.3162277660122049,0.6837722339877951,3,10,0.0,0.2666666805744171,0.3245112497866474
66_r1,zh,0.18257418583172202,0.817425814168278,3,10,1.0,0.03333333507180214,0.8000000000008656
66_r2,en,0.31622776601106445,0.6837722339889356,3,10,0.0,0.10000000149011612,0.32451124978664747
66_r2,fr,0.3247259527561275,0.6752740472438725,3,10,1.0,0.30000001192092896,0.32451124978664747
66_r2,ja,0.4472135954927608,0.5527864045072393,3,10,0.0,0.4000000059604645,0.8000000000008656
66_r2,zh,0.4082482904564095,0.5917517095435905,3,10,1.0,0.1666666716337204,0.7245112497849162
66_r3,en,6.03414238432249e-07,0.9999993965857615,3,10,0.0,0.10000000149011612,0.10000000000368914
66_r3,fr,8.357235806648943e-07,0.9999991642764193,3,10,1.0,0.1666666716337204,0.10000000000368914
66_r3,ja,0.737717576113486,0.262282423886514,3,10,0.0,0.6666666865348816,0.7245112497849162
66_r3,zh,0.36514837166344405,0.634851628336556,3,10,1.0,0.13333334028720856,1.0
66_r4,en,0.4472135954922769,0.5527864045077231,3,10,0.0,0.30000001192092896,0.3000000000028235
66_r4,fr,0.07380341724393216,0.9261965827560679,3,10,1.0,0.1666666716337204,0.12451124978751298
66_r4,ja,0.32889271288829475,0.6711072871117052,3,10,0.0,0.20000000298023224,0.5245112497857819
66_r4,zh,0.18257418583172202,0.817425814168278,3,10,1.0,0.03333333507180214,1.0
66_r5,en,6.03414238432249e-07,0.9999993965857615,3,10,0.0,0.10000000149011612,0.30000000000282356
66_r5,fr,7.288836143109965e-07,0.9999992711163856,3,10,1.0,0.13333334028720856,0.10000000000368914
66_r5,ja,0.3205050267858617,0.6794949732141383,3,10,0.0,0.23333333432674408,0.5245112497857819
66_r5,zh,0.18257418583172202,0.817425814168278,3,10,1.0,0.03333333507180214,1.0
674_r1,en,6.578740317673447e-07,0.9999993421259682,3,10,1.0,0.10000000149011612,0.10000000000368914
674_r1,fr,6.578740317673447e-07,0.9999993421259682,3,10,1.0,0.10000000149011612,0.40000000000259683
674_r1,ja,0.2581988897424471,0.7418011102575529,3,10,0.0,0.06666667014360428,1.0
674_r1,zh,0.0,1.0,3,10,1.0,0.0,1.0
674_r2,en,0.4472135954917929,0.5527864045082072,3,10,1.0,0.20000000298023224,0.3000000000028235
674_r2,fr,6.578740317673447e-07,0.9999993421259682,3,10,1.0,0.10000000149011612,0.10000000000368914
674_r2,ja,0.0,1.0,3,10,0.0,0.0,0.8000000000008656
674_r2,zh,0.31622776601106445,0.6837722339889356,3,10,1.0,0.10000000149011612,1.0
674_r3,en,0.09039035675948248,0.9096096432405175,3,10,1.0,0.20000000298023224,0.12451124978751298
674_r3,fr,0.0,1.0,3,10,1.0,0.0,0.30000000000282356
674_r3,ja,0.36514837166344405,0.634851628336556,3,10,0.0,0.13333334028720856,1.0
674_r3,zh,0.052186896805851306,0.9478131031941487,3,10,1.0,0.03333333507180214,0.7245112497849162
674_r4,en,9.303743780584473e-07,0.9999990696256219,3,10,1.0,0.20000000298023224,0.10000000000368914
674_r4,fr,9.303743780584471e-07,0.9999990696256219,3,10,1.0,0.20000000298023224,0.12451124978751298
674_r4,ja,0.0,1.0,3,10,0.0,0.0,0.8000000000008656
674_r4,zh,0.0,1.0,3,10,1.0,0.0,1.0
674_r5,en,6.578740317673447e-07,0.9999993421259682,3,10,1.0,0.10000000149011612,0.30000000000282356
674_r5,fr,9.303743780584473e-07,0.9999990696256219,3,10,1.0,0.20000000298023224,0.10000000000368914
674_r5,ja,0.3651483716638392,0.6348516283361608,3,10,0.0,0.20000000298023224,0.8000000000008656
674_r5,zh,0.18257418583172202,0.817425814168278,3,10,1.0,0.03333333507180214,1.0
678_r1,en,0.21030269167427995,0.78969730832572,3,10,1.0,0.2666666805744171,0.32451124978664747
678_r1,fr,0.7745966692273415,0.2254033307726585,3,10,1.0,0.6000000238418579,1.0
678_r1,ja,0.5477225574951661,0.4522774425048339,3,10,1.0,0.30000001192092896,1.0
678_r1,zh,0.31622776601106445,0.6837722339889356,3,10,1.0,0.10000000149011612,1.0
678_r2,en,0.6582805885923648,0.3417194114076352,3,10,1.0,0.4333333373069763,1.0
678_r2,fr,0.9999999999817427,1.8257284573053312e-11,3,10,1.0,1.0,1.0
678_r2,ja,0.6324555320221288,0.3675444679778712,3,10,1.0,0.4000000059604645,1.0
678_r2,zh,0.0,1.0,3,10,1.0,0.0,1.0
678_r3,en,0.6367471589114814,0.36325284108851863,3,10,1.0,0.46666666865348816,0.7245112497849162
678_r3,fr,6.578740317673447e-07,0.9999993421259682,3,10,1.0,0.10000000149011612,0.5245112497857819
678_r3,ja,0.7071067811736377,0.2928932188263623,3,10,1.0,0.5,0.8000000000008656
678_r3,zh,0.4472135954917929,0.5527864045082072,3,10,1.0,0.20000000298023224,1.0
678_r4,en,0.5526725471613216,0.44732745283867836,3,10,1.0,0.4333333373069763,0.5245112497857818
678_r4,fr,0.4472135954917929,0.5527864045082072,3,10,1.0,0.20000000298023224,0.5245112497857819
678_r4,ja,0.6324555320221288,0.3675444679778712,3,10,1.0,0.4000000059604645,1.0
678_r4,zh,0.31622776601106445,0.6837722339889356,3,10,1.0,0.10000000149011612,1.0
678_r5,en,0.07380341724588689,0.9261965827541131,3,10,1.0,0.23333333432674408,0.12451124978751298
678_r5,fr,0.894427190983586,0.10557280901641397,3,10,1.0,0.800000011920929,1.0
678_r5,ja,0.7745966692273415,0.2254033307726585,3,10,1.0,0.6000000238418579,1.0
678_r5,zh,0.31622776601106445,0.6837722339889356,3,10,1.0,0.10000000149011612,1.0
679_r1,en,0.3162277660125526,0.6837722339874475,3,10,1.0,0.3333333432674408,0.3000000000028235
679_r1,fr,0.18257418583369744,0.8174258141663026,3,10,1.0,0.20000000298023224,0.40000000000259683
679_r1,ja,0.0,1.0,3,10,1.0,0.0,0.7245112497849162
679_r1,zh,0.31622776601106445,0.6837722339889356,3,10,1.0,0.10000000149011612,1.0
679_r2,en,1.142489303458594e-06,0.9999988575106965,3,10,1.0,0.3333333432674408,0.10000000000368914
679_r2,fr,0.18257418583172202,0.817425814168278,3,10,1.0,0.03333333507180214,0.5245112497857819
679_r2,ja,0.31622776601106445,0.6837722339889356,3,10,1.0,0.10000000149011612,1.0
679_r2,zh,0.5163977794848941,0.48360222051510593,3,10,1.0,0.2666666805744171,1.0
679_r3,en,0.0,1.0,3,10,1.0,0.0,0.5000000000019581
679_r3,fr,0.0,1.0,3,10,1.0,0.0,0.10000000000368914
679_r3,ja,0.31622776601106445,0.6837722339889356,3,10,1.0,0.10000000149011612,1.0
679_r3,zh,0.0,1.0,3,10,1.0,0.0,1.0
679_r4,en,0.2581988897453428,0.7418011102546572,3,10,1.0,0.4333333373069763,0.10000000000368914
679_r4,fr,0.48585677470163,0.51414322529837,3,10,1.0,0.36666667461395264,0.5245112497857818
679_r4,ja,0.0,1.0,3,10,1.0,0.0,0.8000000000008656
679_r4,zh,0.0,1.0,3,10,1.0,0.0,1.0
679_r5,en,0.0,1.0,3,10,1.0,0.0,0.5000000000019581
679_r5,fr,0.18257418583633764,0.8174258141636623,3,10,1.0,0.4333333373069763,0.10000000000368914
679_r5,ja,0.5477225574951662,0.4522774425048338,3,10,1.0,0.30000001192092896,1.0
679_r5,zh,0.18257418583172202,0.817425814168278,3,10,1.0,0.03333333507180214,1.0
680_r1,en,1.289381040718466e-06,0.9999987106189593,3,10,1.0,0.4000000059604645,0.10000000000368914
680_r1,fr,6.578740317673447e-07,0.9999993421259682,3,10,1.0,0.10000000149011612,0.40000000000259683
680_r1,ja,0.5551309904731668,0.44486900952683317,3,10,1.0,0.4000000059604645,0.7245112497849162
680_r1,zh,0.4830458915308287,0.5169541084691713,3,10,1.0,0.23333333432674408,1.0
680_r2,en,0.5477225574965583,0.4522774425034417,3,10,1.0,0.699999988079071,0.3000000000028235
680_r2,fr,6.578740317673447e-07,0.9999993421259682,3,10,1.0,0.10000000149011612,0.10000000000368914
680_r2,ja,0.4472135954922769,0.5527864045077231,3,10,1.0,0.30000001192092896,0.5245112497857818
680_r2,zh,0.31622776601106445,0.6837722339889356,3,10,1.0,0.10000000149011612,1.0
680_r3,en,0.3410877206641422,0.6589122793358577,3,10,1.0,0.800000011920929,0.12451124978751298
680_r3,fr,6.578740317673447e-07,0.9999993421259682,3,10,1.0,0.10000000149011612,0.10000000000368914
680_r3,ja,0.32889271288829475,0.6711072871117052,3,10,1.0,0.20000000298023224,0.5245112497857819
680_r3,zh,0.40824829045640937,0.5917517095435907,3,10,1.0,0.1666666716337204,1.0
680_r4,en,1.5899999847521633e-06,0.9999984100000152,3,10,1.0,0.6000000238418579,0.10000000000368914
680_r4,fr,6.578740317673447e-07,0.9999993421259682,3,10,1.0,0.10000000149011612,0.12451124978751298
680_r4,ja,0.5477225574951661,0.4522774425048339,3,10,1.0,0.30000001192092896,0.5245112497857819
680_r4,zh,0.31622776601106445,0.6837722339889356,3,10,1.0,0.10000000149011612,0.5245112497857819
680_r5,en,0.5477225574966839,0.45227744250331614,3,10,1.0,0.699999988079071,0.3000000000028235
680_r5,fr,9.303743780584473e-07,0.9999990696256219,3,10,1.0,0.20000000298023224,0.12451124978751298
680_r5,ja,0.6388821617325591,0.3611178382674409,3,10,1.0,0.5,0.7245112497849162
680_r5,zh,0.31622776601106445,0.6837722339889356,3,10,1.0,0.10000000149011612,0.7245112497849162
690_r1,en,0.5624418487086694,0.4375581512913306,3,10,1.0,0.6000000238418579,0.3245112497866474
690_r1,fr,6.578740317673447e-07,0.9999993421259682,3,10,1.0,0.10000000149011612,0.6000000000017313
690_r1,ja,0.0,1.0,3,10,1.0,0.0,0.5245112497857819
690_r1,zh,0.31622776601106445,0.6837722339889356,3,10,1.0,0.10000000149011612,1.0
690_r2,en,0.7071067811742496,0.29289321882575037,3,10,1.0,0.699999988079071,0.6000000000017313
690_r2,fr,9.303743780584473e-07,0.9999990696256219,3,10,1.0,0.20000000298023224,0.12451124978751298
690_r2,ja,0.6324555320221288,0.3675444679778712,3,10,1.0,0.4000000059604645,0.5000000000019581
690_r2,zh,0.0,1.0,3,10,1.0,0.0,0.5245112497857819
690_r3,en,0.7071067811742496,0.29289321882575037,3,10,1.0,0.699999988079071,0.6000000000017313
690_r3,fr,6.578740317673447e-07,0.9999993421259682,3,10,1.0,0.10000000149011612,0.10000000000368914
690_r3,ja,0.31622776601106445,0.6837722339889356,3,10,1.0,0.10000000149011612,0.5000000000019581
690_r3,zh,0.31622776601106445,0.6837722339889356,3,10,1.0,0.10000000149011612,0.5245112497857818
690_r4,en,0.7185686001847861,0.2814313998152139,3,10,1.0,0.800000011920929,0.5245112497857819
690_r4,fr,0.0,1.0,3,10,1.0,0.0,0.10000000000368914
690_r4,ja,0.5477225574955611,0.4522774425044389,3,10,1.0,0.4000000059604645,0.5245112497857819
690_r4,zh,0.0,1.0,3,10,1.0,0.0,0.5245112497857819
690_r5,en,0.7850737756207621,0.21492622437923792,3,10,1.0,0.800000011920929,0.7245112497849162
690_r5,fr,8.92696468468758e-07,0.9999991073035315,3,10,1.0,0.20000000298023224,0.10000000000368914
690_r5,ja,9.303743780584471e-07,0.9999990696256219,3,10,1.0,0.20000000298023224,0.40000000000259683
690_r5,zh,0.31622776601106445,0.6837722339889356,3,10,1.0,0.10000000149011612,0.7245112497849162
691_r1,en,0.0,1.0,3,10,0.0,0.0,0.10000000000368914
691_r1,fr,0.25819888974291716,0.7418011102570828,3,10,0.0,0.13333334028720856,0.5000000000019581
691_r1,ja,0.0,1.0,3,10,0.0,0.0,1.0
691_r1,zh,0.4472135954917929,0.5527864045082072,3,10,0.0,0.20000000298023224,1.0
691_r2,en,0.0,1.0,3,10,0.0,0.0,0.12451124978751298
691_r2,fr,0.3651483716641715,0.6348516283358285,3,10,0.0,0.2666666805744171,0.30000000000282356
691_r2,ja,0.5477225574951661,0.4522774425048339,3,10,0.0,0.30000001192092896,1.0
691_r2,zh,0.0,1.0,3,10,0.0,0.0,1.0
691_r3,en,0.32889271288895267,0.6711072871110473,3,10,0.0,0.30000001192092896,0.12451124978751298
691_r3,fr,5.371518976191752e-07,0.9999994628481024,3,10,0.0,0.06666667014360428,0.10000000000368914
691_r3,ja,0.3162277660117488,0.6837722339882513,3,10,0.0,0.20000000298023224,0.5245112497857818
691_r3,zh,0.31622776601106445,0.6837722339889356,3,10,0.0,0.10000000149011612,1.0
691_r4,en,0.4472135954917929,0.5527864045082072,3,10,0.0,0.20000000298023224,0.3000000000028235
691_r4,fr,9.05429999683544e-07,0.9999990945700004,3,10,0.0,0.20000000298023224,0.10000000000368914
691_r4,ja,0.32889271288829475,0.6711072871117052,3,10,0.0,0.20000000298023224,0.5245112497857819
691_r4,zh,0.0,1.0,3,10,0.0,0.0,1.0
691_r5,en,6.578740317673447e-07,0.9999993421259682,3,10,0.0,0.10000000149011612,0.10000000000368914
691_r5,fr,5.371518976191752e-07,0.9999994628481024,3,10,0.0,0.06666667014360428,0.10000000000368914
691_r5,ja,0.0,1.0,3,10,0.0,0.0,1.0
691_r5,zh,0.5477225574951662,0.4522774425048338,3,10,0.0,0.30000001192092896,0.8000000000008656
696_r1,en,0.8366600265190182,0.16333997348098184,3,10,1.0,0.800000011920929,0.7000000000010924
696_r1,fr,0.8366600265190589,0.1633399734809411,3,10,1.0,0.800000011920929,0.8000000000008656
696_r1,ja,0.0,1.0,3,10,1.0,0.0,0.8000000000008656
696_r1,zh,0.31622776601106445,0.6837722339889356,3,10,1.0,0.10000000149011612,1.0
696_r2,en,0.8944271909838278,0.10557280901617216,3,10,1.0,0.8999999761581421,0.8000000000008656
696_r2,fr,0.8463692061764693,0.15363079382353073,3,10,1.0,0.8999999761581421,0.7245112497849162
696_r2,ja,0.7745966692273415,0.2254033307726585,3,10,1.0,0.6000000238418579,1.0
696_r2,zh,0.32889271288829475,0.6711072871117052,3,10,1.0,0.20000000298023224,0.7245112497849162
696_r3,en,0.894427190983586,0.10557280901641397,3,10,1.0,0.800000011920929,0.8000000000008656
696_r3,fr,0.5477225574959563,0.45227744250404367,3,10,1.0,0.5,0.3245112497866474
696_r3,ja,0.5477225574955611,0.4522774425044389,3,10,1.0,0.4000000059604645,0.5245112497857819
696_r3,zh,0.31622776601106445,0.6837722339889356,3,10,1.0,0.10000000149011612,1.0
696_r4,en,0.5624418487086695,0.43755815129133047,3,10,1.0,0.6000000238418579,0.5245112497857819
696_r4,fr,0.1565606904189361,0.843439309581064,3,10,1.0,0.4000000059604645,0.3245112497866474
696_r4,ja,0.4472135954922769,0.5527864045077231,3,10,1.0,0.30000001192092896,0.6000000000017313
696_r4,zh,0.31622776601106445,0.6837722339889356,3,10,1.0,0.10000000149011612,1.0
696_r5,en,0.5624418487086694,0.4375581512913306,3,10,1.0,0.6000000238418579,0.32451124978664747
696_r5,fr,0.7071067811736377,0.2928932188263623,3,10,1.0,0.5,0.5000000000019581
696_r5,ja,0.7745966692273415,0.2254033307726585,3,10,1.0,0.6000000238418579,1.0
696_r5,zh,0.4472135954917929,0.5527864045082072,3,10,1.0,0.20000000298023224,1.0
703_r1,en,0.0,1.0,3,10,1.0,0.0,0.12451124978751298
703_r1,fr,0.31622776601106445,0.6837722339889356,3,10,1.0,0.10000000149011612,0.6000000000017313
703_r1,ja,0.7745966692273415,0.2254033307726585,3,10,0.0,0.6000000238418579,1.0
703_r1,zh,0.5477225574951661,0.4522774425048339,3,10,0.0,0.30000001192092896,1.0
703_r2,en,0.0,1.0,3,10,1.0,0.0,0.3000000000028235
703_r2,fr,0.0,1.0,3,10,1.0,0.0,0.3245112497866474
703_r2,ja,0.0,1.0,3,10,0.0,0.0,0.5245112497857819
703_r2,zh,0.4472135954917929,0.5527864045082072,3,10,0.0,0.20000000298023224,1.0
703_r3,en,0.0,1.0,3,10,1.0,0.0,0.5245112497857819
703_r3,fr,0.0,1.0,3,10,1.0,0.0,0.3000000000028235
703_r3,ja,0.0,1.0,3,10,0.0,0.0,0.8000000000008656
703_r3,zh,0.31622776601106445,0.6837722339889356,3,10,0.0,0.10000000149011612,1.0
703_r4,en,6.578740317673447e-07,0.9999993421259682,3,10,1.0,0.10000000149011612,0.10000000000368914
703_r4,fr,0.0,1.0,3,10,1.0,0.0,0.5245112497857819
703_r4,ja,0.6388821617325591,0.3611178382674409,3,10,0.0,0.5,0.7245112497849162
703_r4,zh,0.7071067811736377,0.2928932188263623,3,10,0.0,0.5,1.0
703_r5,en,9.303743780584473e-07,0.9999990696256219,3,10,1.0,0.20000000298023224,0.10000000000368914
703_r5,fr,0.5477225574955612,0.4522774425044388,3,10,1.0,0.4000000059604645,0.5000000000019581
703_r5,ja,6.578740317673447e-07,0.9999993421259682,3,10,0.0,0.10000000149011612,0.8000000000008656
703_r5,zh,0.0,1.0,3,10,0.0,0.0,0.7245112497849162
704_r1,en,0.44721359549405887,0.5527864045059412,3,10,1.0,0.699999988079071,0.3000000000028235
704_r1,fr,5.371518976191752e-07,0.9999994628481024,3,10,1.0,0.06666667014360428,0.10000000000368914
704_r1,ja,0.4830458915308288,0.5169541084691712,3,10,1.0,0.23333333432674408,1.0
704_r1,zh,0.0,1.0,3,10,1.0,0.0,0.8000000000008656
704_r2,en,0.8366600265192353,0.16333997348076468,3,10,1.0,0.8999999761581421,0.7000000000010924
704_r2,fr,5.371518976191752e-07,0.9999994628481024,3,10,1.0,0.06666667014360428,0.40000000000259683
704_r2,ja,0.07380341724393218,0.9261965827560679,3,10,1.0,0.1666666716337204,0.5245112497857819
704_r2,zh,0.0,1.0,3,10,1.0,0.0,0.8000000000008656
704_r3,en,0.3410877206635078,0.6589122793364922,3,10,1.0,0.699999988079071,0.12451124978751298
704_r3,fr,5.371518976191752e-07,0.9999994628481024,3,10,1.0,0.06666667014360428,0.10000000000368914
704_r3,ja,0.31622776601106445,0.6837722339889356,3,10,1.0,0.10000000149011612,1.0
704_r3,zh,0.5477225574951661,0.4522774425048339,3,10,1.0,0.30000001192092896,1.0
704_r4,en,0.31622776601437735,0.6837722339856227,3,10,1.0,0.6000000238418579,0.10000000000368914
704_r4,fr,0.0,1.0,3,10,1.0,0.0,0.30000000000282356
704_r4,ja,0.31622776601106445,0.6837722339889356,3,10,1.0,0.10000000149011612,0.8000000000008656
704_r4,zh,0.18257418583172202,0.817425814168278,3,10,1.0,0.03333333507180214,1.0
704_r5,en,0.3410877206628734,0.6589122793371266,3,10,1.0,0.6000000238418579,0.12451124978751298
704_r5,fr,3.4838137299171195e-07,0.999999651618627,3,10,1.0,0.03333333507180214,0.10000000000368914
704_r5,ja,0.32889271288829475,0.6711072871117052,3,10,1.0,0.20000000298023224,0.7245112497849162
704_r5,zh,0.5477225574951661,0.4522774425048339,3,10,1.0,0.30000001192092896,1.0
705_r1,en,0.8944271909840701,0.10557280901592991,3,10,1.0,1.0,0.8000000000008656
705_r1,fr,0.0,1.0,3,10,1.0,0.0,0.32451124978664747
705_r1,ja,0.7798528172500019,0.22014718274999812,3,10,1.0,0.699999988079071,0.7245112497849162
705_r1,zh,0.31622776601106445,0.6837722339889356,3,10,1.0,0.10000000149011612,1.0
705_r2,en,0.5477225574962885,0.4522774425037115,3,10,1.0,0.6000000238418579,0.3000000000028235
705_r2,fr,6.578740317673447e-07,0.9999993421259682,3,10,1.0,0.10000000149011612,0.10000000000368914
705_r2,ja,0.8366600265190589,0.1633399734809411,3,10,1.0,0.800000011920929,0.8000000000008656
705_r2,zh,0.3162277660117488,0.6837722339882513,3,10,1.0,0.20000000298023224,0.8000000000008656
705_r3,en,0.5477225574959564,0.45227744250404356,3,10,1.0,0.5,0.30000000000282356
705_r3,fr,6.578740317673447e-07,0.9999993421259682,3,10,1.0,0.10000000149011612,0.12451124978751298
705_r3,ja,0.8366600265188001,0.16333997348119988,3,10,1.0,0.699999988079071,1.0
705_r3,zh,0.31622776601106445,0.6837722339889356,3,10,1.0,0.10000000149011612,0.5245112497857818
705_r4,en,0.3410877206628734,0.6589122793371266,3,10,1.0,0.6000000238418579,0.12451124978751298
705_r4,fr,0.0,1.0,3,10,1.0,0.0,0.12451124978751298
705_r4,ja,0.894427190983586,0.10557280901641397,3,10,1.0,0.800000011920929,1.0
705_r4,zh,0.4472135954917929,0.5527864045082072,3,10,1.0,0.20000000298023224,1.0
705_r5,en,0.7071067811745556,0.2928932188254444,3,10,1.0,0.800000011920929,0.6000000000017313
705_r5,fr,0.31622776601232444,0.6837722339876755,3,10,1.0,0.30000001192092896,0.3000000000028235
705_r5,ja,0.9999999999817427,1.8257284573053312e-11,3,10,1.0,1.0,1.0
705_r5,zh,0.4472135954917929,0.5527864045082072,3,10,1.0,0.20000000298023224,0.8000000000008656
707_r1,en,0.31622776601106445,0.6837722339889356,3,10,0.0,0.10000000149011612,0.40000000000259683
707_r1,fr,0.0,1.0,3,10,0.0,0.0,0.3000000000028235
707_r1,ja,0.3288927128896106,0.6711072871103894,3,10,0.0,0.4000000059604645,0.12451124978751298
707_r1,zh,0.0,1.0,3,10,0.0,0.0,0.7245112497849162
707_r2,en,8.92696468468758e-07,0.9999991073035315,3,10,0.0,0.20000000298023224,0.30000000000282356
707_r2,fr,0.0,1.0,3,10,0.0,0.0,0.3245112497866474
707_r2,ja,0.4472135954922769,0.5527864045077231,3,10,0.0,0.30000001192092896,0.5245112497857819
707_r2,zh,0.36514837166344405,0.634851628336556,3,10,0.0,0.13333334028720856,1.0
707_r3,en,0.0,1.0,3,10,0.0,0.0,0.3245112497866474
707_r3,fr,6.578740317673447e-07,0.9999993421259682,3,10,0.0,0.10000000149011612,0.6000000000017313
707_r3,ja,0.4472135954917929,0.5527864045082072,3,10,0.0,0.20000000298023224,1.0
707_r3,zh,0.0,1.0,3,10,0.0,0.0,0.5245112497857819
707_r4,en,0.0,1.0,3,10,0.0,0.0,0.5000000000019581
707_r4,fr,0.05218689681414453,0.9478131031858554,3,10,0.0,0.23333333432674408,0.12451124978751298
707_r4,ja,0.31622776601106445,0.6837722339889356,3,10,0.0,0.10000000149011612,0.7245112497849162
707_r4,zh,0.0,1.0,3,10,0.0,0.0,0.7245112497849162
707_r5,en,0.0,1.0,3,10,0.0,0.0,0.8000000000008656
707_r5,fr,6.578740317673447e-07,0.9999993421259682,3,10,0.0,0.10000000149011612,0.32451124978664747
707_r5,ja,0.5477225574951661,0.4522774425048339,3,10,0.0,0.30000001192092896,0.8000000000008656
707_r5,zh,0.2581988897424471,0.7418011102575529,3,10,0.0,0.06666667014360428,0.8000000000008656
713_r1,en,0.7850737756207621,0.21492622437923792,3,10,1.0,0.800000011920929,0.7245112497849162
713_r1,fr,5.371518976191752e-07,0.9999994628481024,3,10,1.0,0.06666667014360428,0.5245112497857819
713_r1,ja,0.31622776601106445,0.6837722339889356,3,10,1.0,0.10000000149011612,0.8000000000008656
713_r1,zh,0.6324555320221288,0.3675444679778712,3,10,1.0,0.4000000059604645,1.0
713_r2,en,0.9486832980331933,0.05131670196680671,3,10,1.0,0.8999999761581421,1.0
713_r2,fr,5.371518976191752e-07,0.9999994628481024,3,10,1.0,0.06666667014360428,0.3000000000028235
713_r2,ja,0.5477225574951661,0.4522774425048339,3,10,1.0,0.30000001192092896,1.0
713_r2,zh,0.5477225574951661,0.4522774425048339,3,10,1.0,0.30000001192092896,1.0
713_r3,en,0.8366600265190589,0.1633399734809411,3,10,1.0,0.800000011920929,0.8000000000008656
713_r3,fr,0.0,1.0,3,10,1.0,0.0,0.3000000000028235
713_r3,ja,0.5477225574951662,0.4522774425048338,3,10,1.0,0.30000001192092896,0.6000000000017313
713_r3,zh,0.4472135954917929,0.5527864045082072,3,10,1.0,0.20000000298023224,1.0
713_r4,en,0.7850737756207621,0.21492622437923792,3,10,1.0,0.800000011920929,0.7245112497849162
713_r4,fr,0.18257418583330234,0.8174258141666977,3,10,1.0,0.1666666716337204,0.3245112497866474
713_r4,ja,0.0,1.0,3,10,1.0,0.0,0.5245112497857819
713_r4,zh,0.31622776601106445,0.6837722339889356,3,10,1.0,0.10000000149011612,1.0
713_r5,en,0.7850737756207621,0.21492622437923792,3,10,1.0,0.800000011920929,0.7245112497849162
713_r5,fr,5.371518976191752e-07,0.9999994628481024,3,10,1.0,0.06666667014360428,0.5000000000019581
713_r5,ja,0.5477225574955611,0.4522774425044389,3,10,1.0,0.4000000059604645,0.8000000000008656
713_r5,zh,0.4472135954917929,0.5527864045082072,3,10,1.0,0.20000000298023224,1.0
717_r1,en,6.578740317673447e-07,0.9999993421259682,3,10,1.0,0.10000000149011612,0.10000000000368914
717_r1,fr,0.8366600265188001,0.16333997348119988,3,10,1.0,0.699999988079071,1.0
717_r1,ja,0.4472135954922769,0.5527864045077231,3,10,1.0,0.30000001192092896,0.8000000000008656
717_r1,zh,0.41486577474772485,0.5851342252522751,3,10,1.0,0.23333333432674408,0.7245112497849162
717_r2,en,0.15656069042308277,0.8434393095769173,3,10,1.0,0.699999988079071,0.32451124978664747
717_r2,fr,0.7745966692276207,0.22540333077237928,3,10,1.0,0.699999988079071,0.8000000000008656
717_r2,ja,0.31622776601174873,0.6837722339882513,3,10,1.0,0.20000000298023224,0.8000000000008656
717_r2,zh,0.31622776601174873,0.6837722339882513,3,10,1.0,0.20000000298023224,0.6000000000017313
717_r3,en,0.31622776601290015,0.6837722339870999,3,10,1.0,0.4000000059604645,0.10000000000368914
717_r3,fr,0.6324555320224711,0.36754446797752893,3,10,1.0,0.5,0.8000000000008656
717_r3,ja,6.578740317673447e-07,0.9999993421259682,3,10,1.0,0.10000000149011612,0.5245112497857819
717_r3,zh,0.40824829045640937,0.5917517095435907,3,10,1.0,0.1666666716337204,0.6000000000017313
717_r4,en,0.31622776601232444,0.6837722339876755,3,10,1.0,0.30000001192092896,0.5000000000019581
717_r4,fr,0.09039035676187651,0.9096096432381235,3,10,1.0,0.30000001192092896,0.12451124978751298
717_r4,ja,0.0,1.0,3,10,1.0,0.0,0.6000000000017313
717_r4,zh,0.2581988897424471,0.7418011102575529,3,10,1.0,0.06666667014360428,0.3245112497866474
717_r5,en,0.0,1.0,3,10,1.0,0.0,0.3245112497866474
717_r5,fr,0.8366600265188001,0.16333997348119988,3,10,1.0,0.699999988079071,1.0
717_r5,ja,0.31622776601106445,0.6837722339889356,3,10,1.0,0.10000000149011612,0.8000000000008656
717_r5,zh,3.7982374933374084e-07,0.9999996201762507,3,10,1.0,0.03333333507180214,0.12451124978751298
718_r1,en,6.220974543052889e-07,0.9999993779025457,3,10,1.0,0.10000000149011612,0.10000000000368914
718_r1,fr,0.05218689681138012,0.9478131031886199,3,10,1.0,0.1666666716337204,0.12451124978751298
718_r1,ja,0.4082482904564095,0.5917517095435905,3,10,1.0,0.1666666716337204,0.7245112497849162
718_r1,zh,0.7071067811736377,0.2928932188263623,3,10,1.0,0.5,1.0
718_r2,en,1.04184410826787e-06,0.9999989581558917,3,10,1.0,0.2666666805744171,0.10000000000368914
718_r2,fr,6.578740317673447e-07,0.9999993421259682,3,10,1.0,0.10000000149011612,0.10000000000368914
718_r2,ja,0.0,1.0,3,10,1.0,0.0,1.0
718_r2,zh,0.4472135954917929,0.5527864045082072,3,10,1.0,0.20000000298023224,0.8000000000008656
718_r3,en,0.40824829045673483,0.5917517095432652,3,10,1.0,0.23333333432674408,0.5000000000019581
718_r3,fr,6.578740317673447e-07,0.9999993421259682,3,10,1.0,0.10000000149011612,0.10000000000368914
718_r3,ja,0.2685397755674857,0.7314602244325143,3,10,1.0,0.4000000059604645,0.12451124978751298
718_r3,zh,0.0,1.0,3,10,1.0,0.0,1.0
718_r4,en,0.1825741858327192,0.8174258141672808,3,10,1.0,0.13333334028720856,0.10000000000368914
718_r4,fr,0.0,1.0,3,10,1.0,0.0,0.12451124978751298
718_r4,ja,0.4082482904564095,0.5917517095435905,3,10,1.0,0.1666666716337204,0.8000000000008656
718_r4,zh,0.31622776601106445,0.6837722339889356,3,10,1.0,0.10000000149011612,1.0
718_r5,en,0.46218758203132654,0.5378124179686734,3,10,1.0,0.4000000059604645,0.3245112497866474
718_r5,fr,5.371518976191752e-07,0.9999994628481024,3,10,1.0,0.06666667014360428,0.12451124978751298
718_r5,ja,0.36514837166344405,0.634851628336556,3,10,1.0,0.13333334028720856,1.0
718_r5,zh,0.5551309904731668,0.44486900952683317,3,10,1.0,0.4000000059604645,0.7245112497849162
720_r1,en,0.8366600265190589,0.1633399734809411,3,10,1.0,0.800000011920929,0.8000000000008656
720_r1,fr,0.31622776601106445,0.6837722339889356,3,10,1.0,0.10000000149011612,0.5000000000019581
720_r1,ja,0.7071067811736377,0.2928932188263623,3,10,0.0,0.5,1.0
720_r1,zh,0.4472135954917929,0.5527864045082072,3,10,0.0,0.20000000298023224,1.0
720_r2,en,0.3162277660130088,0.6837722339869912,3,10,1.0,0.4000000059604645,0.3000000000028235
720_r2,fr,8.92696468468758e-07,0.9999991073035315,3,10,1.0,0.20000000298023224,0.10000000000368914
720_r2,ja,0.8366600265188001,0.16333997348119988,3,10,0.0,0.699999988079071,1.0
720_r2,zh,0.31622776601106445,0.6837722339889356,3,10,0.0,0.10000000149011612,1.0
720_r3,en,0.6324555320224168,0.3675444679775832,3,10,1.0,0.5,0.5000000000019581
720_r3,fr,6.578740317673447e-07,0.9999993421259682,3,10,1.0,0.10000000149011612,0.12451124978751298
720_r3,ja,0.7128607273348816,0.2871392726651184,3,10,0.0,0.6000000238418579,0.5245112497857818
720_r3,zh,0.31622776601106445,0.6837722339889356,3,10,0.0,0.10000000149011612,1.0
720_r4,en,0.7745966692276207,0.22540333077237928,3,10,1.0,0.699999988079071,0.6000000000017313
720_r4,fr,6.578740317673447e-07,0.9999993421259682,3,10,1.0,0.10000000149011612,0.5000000000019581
720_r4,ja,0.7071067811739437,0.29289321882605635,3,10,0.0,0.6000000238418579,0.8000000000008656
720_r4,zh,0.31622776601106445,0.6837722339889356,3,10,0.0,0.10000000149011612,1.0
720_r5,en,0.4651245351323068,0.5348754648676932,3,10,1.0,0.4000000059604645,0.3245112497866474
720_r5,fr,0.0,1.0,3,10,1.0,0.0,0.12451124978751298
720_r5,ja,0.0,1.0,3,10,0.0,0.0,0.8000000000008656
720_r5,zh,0.31622776601106445,0.6837722339889356,3,10,0.0,0.10000000149011612,0.8000000000008656
722_r1,en,0.9999999999817427,1.8257284573053312e-11,3,10,1.0,1.0,1.0
722_r1,fr,0.9999999999817427,1.8257284573053312e-11,3,10,1.0,1.0,1.0
722_r1,ja,0.9999999999817427,1.8257284573053312e-11,3,10,1.0,1.0,1.0
722_r1,zh,0.4082482904564095,0.5917517095435905,3,10,1.0,0.1666666716337204,0.5245112497857818
722_r2,en,0.8944271909838278,0.10557280901617216,3,10,1.0,0.8999999761581421,0.8000000000008656
722_r2,fr,0.5624418487094388,0.4375581512905612,3,10,1.0,0.800000011920929,0.3245112497866474
722_r2,ja,0.7745966692273415,0.2254033307726585,3,10,1.0,0.6000000238418579,0.8000000000008656
722_r2,zh,0.4181352451725913,0.5818647548274087,3,10,1.0,0.3333333432674408,0.5245112497857819
722_r3,en,0.9999999999817427,1.8257284573053312e-11,3,10,1.0,1.0,1.0
722_r3,fr,0.8944271909838276,0.10557280901617239,3,10,1.0,0.8999999761581421,0.8000000000008656
722_r3,ja,0.9486832980331933,0.05131670196680671,3,10,1.0,0.8999999761581421,1.0
722_r3,zh,0.4472135954929221,0.5527864045070778,3,10,1.0,0.4333333373069763,0.6000000000017313
722_r4,en,0.9999999999817427,1.8257284573053312e-11,3,10,1.0,1.0,1.0
722_r4,fr,0.8463692061764693,0.15363079382353073,3,10,1.0,0.8999999761581421,0.7245112497849162
722_r4,ja,0.8463692061764693,0.15363079382353073,3,10,1.0,0.8999999761581421,0.7245112497849162
722_r4,zh,0.12783126843474554,0.8721687315652544,3,10,1.0,0.2666666805744171,0.12451124978751298
722_r5,en,0.9999999999817427,1.8257284573053312e-11,3,10,1.0,1.0,1.0
722_r5,fr,0.9486832980331933,0.05131670196680671,3,10,1.0,0.8999999761581421,1.0
722_r5,ja,0.894427190983586,0.10557280901641397,3,10,1.0,0.800000011920929,1.0
722_r5,zh,0.0,1.0,3,10,1.0,0.0,1.0
723_r1,en,0.5477225574963515,0.45227744250364854,3,10,1.0,0.6000000238418579,0.3000000000028235
723_r1,fr,6.578740317673447e-07,0.9999993421259682,3,10,1.0,0.10000000149011612,0.10000000000368914
723_r1,ja,0.0,1.0,3,10,1.0,0.0,1.0
723_r1,zh,0.31622776601106445,0.6837722339889356,3,10,1.0,0.10000000149011612,1.0
723_r2,en,0.5696588889628292,0.43034111103717076,3,10,1.0,0.8999999761581421,0.32451124978664747
723_r2,fr,0.0,1.0,3,10,1.0,0.0,0.10000000000368914
723_r2,ja,0.0,1.0,3,10,1.0,0.0,1.0
723_r2,zh,0.5163977794848942,0.4836022205151058,3,10,1.0,0.2666666805744171,1.0
723_r3,en,0.6324555320227588,0.36754446797724116,3,10,1.0,0.6000000238418579,0.5000000000019581
723_r3,fr,6.578740317673447e-07,0.9999993421259682,3,10,1.0,0.10000000149011612,0.6000000000017313
723_r3,ja,0.0,1.0,3,10,1.0,0.0,0.3245112497866474
723_r3,zh,0.0,1.0,3,10,1.0,0.0,1.0
723_r4,en,0.5477225574962886,0.4522774425037114,3,10,1.0,0.6000000238418579,0.3000000000028235
723_r4,fr,6.578740317673447e-07,0.9999993421259682,3,10,1.0,0.10000000149011612,0.30000000000282356
723_r4,ja,0.0,1.0,3,10,1.0,0.0,1.0
723_r4,zh,0.5477225574951662,0.4522774425048338,3,10,1.0,0.30000001192092896,1.0
723_r5,en,0.0,1.0,3,10,1.0,0.0,0.10000000000368914
723_r5,fr,6.578740317673447e-07,0.9999993421259682,3,10,1.0,0.10000000149011612,0.40000000000259683
723_r5,ja,0.09039035675868445,0.9096096432413155,3,10,1.0,0.1666666716337204,0.5245112497857819
723_r5,zh,0.0,1.0,3,10,1.0,0.0,1.0
727_r1,en,0.6324555320228132,0.36754446797718676,3,10,0.0,0.6000000238418579,0.6000000000017313
727_r1,fr,0.12783126843869552,0.8721687315613045,3,10,0.0,0.5,0.12451124978751298
727_r1,ja,0.6324555320221288,0.3675444679778712,3,10,0.0,0.4000000059604645,1.0
727_r1,zh,0.18257418583211713,0.8174258141678828,3,10,0.0,0.06666667014360428,0.8000000000008656
727_r2,en,0.9486832980331933,0.05131670196680671,3,10,0.0,0.8999999761581421,1.0
727_r2,fr,9.303743780584471e-07,0.9999990696256219,3,10,0.0,0.20000000298023224,0.40000000000259683
727_r2,ja,0.7745966692273415,0.2254033307726585,3,10,0.0,0.6000000238418579,1.0
727_r2,zh,0.36514837166344405,0.634851628336556,3,10,0.0,0.13333334028720856,1.0
727_r3,en,0.8366600265188001,0.16333997348119988,3,10,0.0,0.699999988079071,0.7000000000010924
727_r3,fr,0.0,1.0,3,10,0.0,0.0,1.0
727_r3,ja,0.6324555320221288,0.3675444679778712,3,10,0.0,0.4000000059604645,1.0
727_r3,zh,0.36514837166344405,0.634851628336556,3,10,0.0,0.13333334028720856,1.0
727_r4,en,0.7071067811739437,0.29289321882605635,3,10,0.0,0.6000000238418579,0.6000000000017313
727_r4,fr,0.09039035675708842,0.9096096432429116,3,10,0.0,0.10000000149011612,0.7245112497849162
727_r4,ja,0.7071067811736377,0.2928932188263623,3,10,0.0,0.5,1.0
727_r4,zh,0.2581988897424471,0.7418011102575529,3,10,0.0,0.06666667014360428,1.0
727_r5,en,0.8415286189839969,0.1584713810160031,3,10,0.0,0.800000011920929,0.7245112497849162
727_r5,fr,0.5477225574955612,0.4522774425044388,3,10,0.0,0.4000000059604645,0.40000000000259683
727_r5,ja,0.7071067811739437,0.29289321882605635,3,10,0.0,0.6000000238418579,0.8000000000008656
727_r5,zh,0.18257418583172202,0.817425814168278,3,10,0.0,0.03333333507180214,1.0
728_r1,en,0.0903903567642706,0.9096096432357295,3,10,1.0,0.4000000059604645,0.12451124978751298
728_r1,fr,6.578740317673447e-07,0.9999993421259682,3,10,1.0,0.10000000149011612,0.40000000000259683
728_r1,ja,0.31622776601106445,0.6837722339889356,3,10,1.0,0.10000000149011612,0.32451124978664747
728_r1,zh,0.2581988897424471,0.7418011102575529,3,10,1.0,0.06666667014360428,0.8000000000008656
728_r2,en,0.6388821617325591,0.3611178382674409,3,10,1.0,0.5,0.5245112497857818
728_r2,fr,6.578740317673447e-07,0.9999993421259682,3,10,1.0,0.10000000149011612,0.10000000000368914
728_r2,ja,0.31622776601106445,0.6837722339889356,3,10,1.0,0.10000000149011612,0.3245112497866474
728_r2,zh,0.2581988897424471,0.7418011102575529,3,10,1.0,0.06666667014360428,0.8000000000008656
728_r3,en,0.1278312684353098,0.8721687315646902,3,10,1.0,0.30000001192092896,0.12451124978751298
728_r3,fr,0.0,1.0,3,10,1.0,0.0,0.5245112497857819
728_r3,ja,6.578740317673447e-07,0.9999993421259682,3,10,1.0,0.10000000149011612,0.3245112497866474
728_r3,zh,0.26853977556533687,0.7314602244346631,3,10,1.0,0.13333334028720856,0.5245112497857819
728_r4,en,0.32889271288895267,0.6711072871110473,3,10,1.0,0.30000001192092896,0.3245112497866474
728_r4,fr,0.0,1.0,3,10,1.0,0.0,0.12451124978751298
728_r4,ja,0.0,1.0,3,10,1.0,0.0,0.32451124978664747
728_r4,zh,0.2581988897424471,0.7418011102575529,3,10,1.0,0.06666667014360428,0.7245112497849162
728_r5,en,0.4472135954917929,0.5527864045082072,3,10,1.0,0.20000000298023224,0.5000000000019581
728_r5,fr,6.578740317673447e-07,0.9999993421259682,3,10,1.0,0.10000000149011612,0.3245112497866474
728_r5,ja,0.0,1.0,3,10,1.0,0.0,0.40000000000259683
728_r5,zh,0.0,1.0,3,10,1.0,0.0,0.30000000000282356
731_r1,en,0.7745966692279002,0.22540333077209984,3,10,0.0,0.800000011920929,0.6000000000017313
731_r1,fr,0.7745966692279002,0.22540333077209984,3,10,0.0,0.800000011920929,0.6000000000017313
731_r1,ja,0.8366600265188001,0.16333997348119988,3,10,0.0,0.699999988079071,1.0
731_r1,zh,0.5477225574951661,0.4522774425048339,3,10,0.0,0.30000001192092896,1.0
731_r2,en,0.7071067811742012,0.2928932188257988,3,10,0.0,0.699999988079071,0.5000000000019581
731_r2,fr,0.5624418487082847,0.43755815129171527,3,10,0.0,0.5,0.3245112497866474
731_r2,ja,0.894427190983586,0.10557280901641397,3,10,0.0,0.800000011920929,1.0
731_r2,zh,0.4472135954917929,0.5527864045082072,3,10,0.0,0.20000000298023224,1.0
731_r3,en,0.5624418487090542,0.4375581512909458,3,10,0.0,0.699999988079071,0.3245112497866474
731_r3,fr,0.7071067811742012,0.2928932188257988,3,10,0.0,0.699999988079071,0.5000000000019581
731_r3,ja,0.5624418487082847,0.43755815129171527,3,10,0.0,0.5,0.7245112497849162
731_r3,zh,0.5477225574951661,0.4522774425048339,3,10,0.0,0.30000001192092896,0.8000000000008656
731_r4,en,0.6324555320231554,0.3675444679768446,3,10,0.0,0.699999988079071,0.40000000000259683
731_r4,fr,0.8944271909838276,0.10557280901617239,3,10,0.0,0.8999999761581421,0.8000000000008656
731_r4,ja,0.9486832980331933,0.05131670196680671,3,10,0.0,0.8999999761581421,1.0
731_r4,zh,0.31622776601106445,0.6837722339889356,3,10,0.0,0.10000000149011612,0.7245112497849162
731_r5,en,0.894427190983586,0.10557280901641397,3,10,0.0,0.800000011920929,0.8000000000008656
731_r5,fr,0.7185686001847857,0.28143139981521426,3,10,0.0,0.800000011920929,0.5245112497857819
731_r5,ja,0.8366600265188001,0.16333997348119988,3,10,0.0,0.699999988079071,1.0
731_r5,zh,0.31622776601106445,0.6837722339889356,3,10,0.0,0.10000000149011612,1.0
732_r1,en,6.578740317673447e-07,0.9999993421259682,3,10,0.0,0.10000000149011612,0.5000000000019581
732_r1,fr,0.0,1.0,3,10,0.0,0.0,0.10000000000368914
732_r1,ja,0.31622776601106445,0.6837722339889356,3,10,0.0,0.10000000149011612,1.0
732_r1,zh,0.31622776601106445,0.6837722339889356,3,10,0.0,0.10000000149011612,0.8000000000008656
732_r2,en,6.578740317673447e-07,0.9999993421259682,3,10,0.0,0.10000000149011612,0.40000000000259683
732_r2,fr,0.0,1.0,3,10,0.0,0.0,0.5000000000019581
732_r2,ja,0.0,1.0,3,10,0.0,0.0,0.6000000000017313
732_r2,zh,0.0,1.0,3,10,0.0,0.0,0.3245112497866474
732_r3,en,0.09039035675708842,0.9096096432429116,3,10,0.0,0.10000000149011612,0.12451124978751298
732_r3,fr,0.0,1.0,3,10,0.0,0.0,0.10000000000368914
732_r3,ja,0.0,1.0,3,10,0.0,0.0,1.0
732_r3,zh,0.18257418583172202,0.817425814168278,3,10,0.0,0.03333333507180214,1.0
732_r4,en,0.0,1.0,3,10,0.0,0.0,0.10000000000368914
732_r4,fr,0.0,1.0,3,10,0.0,0.0,0.10000000000368914
732_r4,ja,0.6324555320221288,0.3675444679778712,3,10,0.0,0.4000000059604645,1.0
732_r4,zh,0.0,1.0,3,10,0.0,0.0,1.0
732_r5,en,0.09039035675948248,0.9096096432405175,3,10,0.0,0.20000000298023224,0.12451124978751298
732_r5,fr,0.0,1.0,3,10,0.0,0.0,0.30000000000282356
732_r5,ja,0.4472135954922769,0.5527864045077231,3,10,0.0,0.30000001192092896,0.8000000000008656
732_r5,zh,0.36514837166344405,0.634851628336556,3,10,0.0,0.13333334028720856,1.0
741_r1,en,0.5477225574958936,0.4522774425041064,3,10,1.0,0.5,0.3000000000028235
741_r1,fr,6.578740317673447e-07,0.9999993421259682,3,10,1.0,0.10000000149011612,0.12451124978751298
741_r1,ja,0.6452447854688494,0.35475521453115055,3,10,0.0,0.6000000238418579,0.5245112497857818
741_r1,zh,0.31622776601106445,0.6837722339889356,3,10,1.0,0.10000000149011612,0.8000000000008656
741_r2,en,0.7185686001847857,0.28143139981521426,3,10,1.0,0.800000011920929,0.5245112497857818
741_r2,fr,6.578740317673447e-07,0.9999993421259682,3,10,1.0,0.10000000149011612,0.10000000000368914
741_r2,ja,0.4562569633312311,0.5437430366687689,3,10,0.0,0.5,0.32451124978664747
741_r2,zh,0.5477225574951661,0.4522774425048339,3,10,1.0,0.30000001192092896,1.0
741_r3,en,0.7745966692276207,0.22540333077237928,3,10,1.0,0.699999988079071,0.8000000000008656
741_r3,fr,6.578740317673447e-07,0.9999993421259682,3,10,1.0,0.10000000149011612,0.12451124978751298
741_r3,ja,0.5477225574951661,0.4522774425048339,3,10,0.0,0.30000001192092896,1.0
741_r3,zh,0.6055300708084428,0.3944699291915572,3,10,1.0,0.36666667461395264,1.0
741_r4,en,0.7071067811742012,0.2928932188257988,3,10,1.0,0.699999988079071,0.5000000000019581
741_r4,fr,6.578740317673447e-07,0.9999993421259682,3,10,1.0,0.10000000149011612,0.10000000000368914
741_r4,ja,0.7071067811736377,0.2928932188263623,3,10,0.0,0.5,1.0
741_r4,zh,0.5551309904731668,0.44486900952683317,3,10,1.0,0.4000000059604645,0.7245112497849162
741_r5,en,0.7071067811742012,0.2928932188257988,3,10,1.0,0.699999988079071,0.5000000000019581
741_r5,fr,0.09039035675948248,0.9096096432405175,3,10,1.0,0.20000000298023224,0.12451124978751298
741_r5,ja,0.7071067811736377,0.2928932188263623,3,10,0.0,0.5,0.8000000000008656
741_r5,zh,0.4472135954917929,0.5527864045082072,3,10,1.0,0.20000000298023224,1.0
745_r1,en,0.8463692061764693,0.15363079382353073,3,10,1.0,0.8999999761581421,0.7245112497849162
745_r1,fr,0.6324555320224168,0.3675444679775832,3,10,1.0,0.5,0.5000000000019581
745_r1,ja,0.894427190983586,0.10557280901641397,3,10,1.0,0.800000011920929,1.0
745_r1,zh,0.5477225574951661,0.4522774425048339,3,10,1.0,0.30000001192092896,1.0
745_r2,en,0.8366600265190182,0.16333997348098184,3,10,1.0,0.800000011920929,0.7000000000010924
745_r2,fr,0.5477225574963515,0.45227744250364854,3,10,1.0,0.6000000238418579,0.40000000000259683
745_r2,ja,0.6324555320221288,0.3675444679778712,3,10,1.0,0.4000000059604645,1.0
745_r2,zh,0.31622776601106445,0.6837722339889356,3,10,1.0,0.10000000149011612,1.0
745_r3,en,0.8944271909838276,0.10557280901617239,3,10,1.0,0.8999999761581421,0.8000000000008656
745_r3,fr,0.5624418487090543,0.43755815129094566,3,10,1.0,0.699999988079071,0.3245112497866474
745_r3,ja,0.8366600265188001,0.16333997348119988,3,10,1.0,0.699999988079071,1.0
745_r3,zh,0.4472135954917929,0.5527864045082072,3,10,1.0,0.20000000298023224,1.0
745_r4,en,0.9999999999817427,1.8257284573053312e-11,3,10,1.0,1.0,1.0
745_r4,fr,0.5477225574958935,0.4522774425041065,3,10,1.0,0.5,0.3000000000028235
745_r4,ja,0.7071067811736377,0.2928932188263623,3,10,1.0,0.5,1.0
745_r4,zh,0.5477225574951661,0.4522774425048339,3,10,1.0,0.30000001192092896,1.0
745_r5,en,0.8944271909838276,0.10557280901617239,3,10,1.0,0.8999999761581421,0.8000000000008656
745_r5,fr,0.4472135954927608,0.5527864045072393,3,10,1.0,0.4000000059604645,0.30000000000282356
745_r5,ja,0.7071067811736377,0.2928932188263623,3,10,1.0,0.5,1.0
745_r5,zh,0.31622776601243313,0.6837722339875669,3,10,1.0,0.30000001192092896,0.6000000000017313
74_r1,en,0.7745966692276206,0.2254033307723794,3,10,1.0,0.699999988079071,0.8000000000008656
74_r1,fr,0.4562569633302825,0.5437430366697176,3,10,1.0,0.30000001192092896,0.5245112497857819
74_r1,ja,0.8366600265188001,0.16333997348119988,3,10,1.0,0.699999988079071,0.8000000000008656
74_r1,zh,0.4830458915308288,0.5169541084691712,3,10,1.0,0.23333333432674408,1.0
74_r2,en,0.6324555320228131,0.3675444679771869,3,10,1.0,0.6000000238418579,0.6000000000017313
74_r2,fr,0.7128607273351852,0.28713927266481476,3,10,1.0,0.699999988079071,0.5245112497857819
74_r2,ja,0.6324555320221288,0.3675444679778712,3,10,1.0,0.4000000059604645,1.0
74_r2,zh,0.4472135954917929,0.5527864045082072,3,10,1.0,0.20000000298023224,1.0
74_r3,en,0.7071067811742012,0.2928932188257988,3,10,1.0,0.699999988079071,0.5000000000019581
74_r3,fr,0.7745966692279002,0.22540333077209984,3,10,1.0,0.800000011920929,0.8000000000008656
74_r3,ja,0.8366600265188001,0.16333997348119988,3,10,1.0,0.699999988079071,1.0
74_r3,zh,0.4082482904565861,0.5917517095434139,3,10,1.0,0.20000000298023224,0.8000000000008656
74_r4,en,0.718568600185087,0.28143139981491305,3,10,1.0,0.8999999761581421,0.5245112497857819
74_r4,fr,0.6324555320227591,0.36754446797724094,3,10,1.0,0.6000000238418579,0.5000000000019581
74_r4,ja,0.894427190983586,0.10557280901641397,3,10,1.0,0.800000011920929,1.0
74_r4,zh,0.4830458915308288,0.5169541084691712,3,10,1.0,0.23333333432674408,1.0
74_r5,en,0.9486832980331933,0.05131670196680671,3,10,1.0,0.8999999761581421,1.0
74_r5,fr,0.6324555320224711,0.36754446797752893,3,10,1.0,0.5,0.8000000000008656
74_r5,ja,0.894427190983586,0.10557280901641397,3,10,1.0,0.800000011920929,1.0
74_r5,zh,0.31622776601106445,0.6837722339889356,3,10,1.0,0.10000000149011612,0.8000000000008656
753_r1,en,0.4472135954922769,0.5527864045077231,3,10,1.0,0.30000001192092896,0.5000000000019581
753_r1,fr,0.0,1.0,3,10,1.0,0.0,0.3245112497866474
753_r1,ja,0.6452447854688494,0.35475521453115055,3,10,0.0,0.6000000238418579,0.7245112497849162
753_r1,zh,0.6055300708084428,0.3944699291915572,3,10,1.0,0.36666667461395264,1.0
753_r2,en,1.1089207485165086e-06,0.9999988910792514,3,10,1.0,0.30000001192092896,0.10000000000368914
753_r2,fr,1.2624634527910834e-06,0.9999987375365472,3,10,1.0,0.4000000059604645,0.10000000000368914
753_r2,ja,0.4472135954917929,0.5527864045082072,3,10,0.0,0.20000000298023224,0.5245112497857819
753_r2,zh,0.0,1.0,3,10,1.0,0.0,1.0
753_r3,en,0.8366600265190589,0.1633399734809411,3,10,1.0,0.800000011920929,0.8000000000008656
753_r3,fr,6.03414238432249e-07,0.9999993965857615,3,10,1.0,0.10000000149011612,0.3000000000028235
753_r3,ja,0.7745966692273415,0.2254033307726585,3,10,0.0,0.6000000238418579,1.0
753_r3,zh,0.31622776601106445,0.6837722339889356,3,10,1.0,0.10000000149011612,0.7245112497849162
753_r4,en,8.92696468468758e-07,0.9999991073035315,3,10,1.0,0.20000000298023224,0.10000000000368914
753_r4,fr,0.5477225574966839,0.45227744250331614,3,10,1.0,0.699999988079071,0.3000000000028235
753_r4,ja,0.6324555320221288,0.3675444679778712,3,10,0.0,0.4000000059604645,0.8000000000008656
753_r4,zh,0.4472135954917929,0.5527864045082072,3,10,1.0,0.20000000298023224,1.0
753_r5,en,0.0,1.0,3,10,1.0,0.0,0.5245112497857818
753_r5,fr,1.1089207485165086e-06,0.9999988910792514,3,10,1.0,0.30000001192092896,0.3000000000028235
753_r5,ja,0.4472135954917929,0.5527864045082072,3,10,0.0,0.20000000298023224,0.8000000000008656
753_r5,zh,0.31622776601106445,0.6837722339889356,3,10,1.0,0.10000000149011612,1.0
754_r1,en,0.5624418487086695,0.43755815129133047,3,10,1.0,0.6000000238418579,0.3245112497866474
754_r1,fr,0.7128607273348816,0.2871392726651184,3,10,1.0,0.6000000238418579,0.7245112497849162
754_r1,ja,0.7071067811736377,0.2928932188263623,3,10,1.0,0.5,1.0
754_r1,zh,0.31622776601106445,0.6837722339889356,3,10,1.0,0.10000000149011612,1.0
754_r2,en,0.5624418487090543,0.43755815129094566,3,10,1.0,0.699999988079071,0.3245112497866474
754_r2,fr,0.9486832980331933,0.05131670196680671,3,10,1.0,0.8999999761581421,1.0
754_r2,ja,0.5477225574951661,0.4522774425048339,3,10,1.0,0.30000001192092896,1.0
754_r2,zh,0.31622776601106445,0.6837722339889356,3,10,1.0,0.10000000149011612,1.0
754_r3,en,0.718568600184485,0.281431399815515,3,10,1.0,0.699999988079071,0.7245112497849162
754_r3,fr,0.6324555320221288,0.3675444679778712,3,10,1.0,0.4000000059604645,0.8000000000008656
754_r3,ja,0.7071067811736377,0.2928932188263623,3,10,1.0,0.5,1.0
754_r3,zh,0.2581988897424471,0.7418011102575529,3,10,1.0,0.06666667014360428,0.8000000000008656
754_r4,en,0.6324555320227588,0.36754446797724116,3,10,1.0,0.6000000238418579,0.5000000000019581
754_r4,fr,1.1394712480012226e-06,0.999998860528752,3,10,1.0,0.30000001192092896,0.12451124978751298
754_r4,ja,0.7071067811736377,0.2928932188263623,3,10,1.0,0.5,0.8000000000008656
754_r4,zh,0.18257418583172202,0.817425814168278,3,10,1.0,0.03333333507180214,1.0
754_r5,en,0.8944271909840699,0.10557280901593014,3,10,1.0,1.0,0.8000000000008656
754_r5,fr,0.3410877206622389,0.6589122793377611,3,10,1.0,0.5,0.32451124978664747
754_r5,ja,0.8366600265188001,0.16333997348119988,3,10,1.0,0.699999988079071,1.0
754_r5,zh,0.36514837166344405,0.634851628336556,3,10,1.0,0.13333334028720856,1.0
755_r1,en,6.578740317673447e-07,0.9999993421259682,3,10,1.0,0.10000000149011612,0.12451124978751298
755_r1,fr,0.0,1.0,3,10,1.0,0.0,0.40000000000259683
755_r1,ja,0.6324555320221288,0.3675444679778712,3,10,1.0,0.4000000059604645,1.0
755_r1,zh,0.0,1.0,3,10,0.0,0.0,0.7245112497849162
755_r2,en,0.3410877206622389,0.6589122793377611,3,10,1.0,0.5,0.12451124978751298
755_r2,fr,0.0,1.0,3,10,1.0,0.0,0.40000000000259683
755_r2,ja,0.0,1.0,3,10,1.0,0.0,0.8000000000008656
755_r2,zh,0.0,1.0,3,10,0.0,0.0,1.0
755_r3,en,6.03414238432249e-07,0.9999993965857615,3,10,1.0,0.10000000149011612,0.10000000000368914
755_r3,fr,0.0,1.0,3,10,1.0,0.0,0.6000000000017313
755_r3,ja,0.0,1.0,3,10,1.0,0.0,0.7245112497849162
755_r3,zh,0.0,1.0,3,10,0.0,0.0,1.0
755_r4,en,0.0,1.0,3,10,1.0,0.0,0.10000000000368914
755_r4,fr,0.0,1.0,3,10,1.0,0.0,0.3245112497866474
755_r4,ja,0.0,1.0,3,10,1.0,0.0,1.0
755_r4,zh,0.0,1.0,3,10,0.0,0.0,0.8000000000008656
755_r5,en,6.578740317673447e-07,0.9999993421259682,3,10,1.0,0.10000000149011612,0.10000000000368914
755_r5,fr,0.0,1.0,3,10,1.0,0.0,0.10000000000368914
755_r5,ja,0.5477225574955612,0.4522774425044388,3,10,1.0,0.4000000059604645,0.8000000000008656
755_r5,zh,0.0,1.0,3,10,0.0,0.0,1.0
75_r1,en,0.7071067811744589,0.2928932188255411,3,10,1.0,0.800000011920929,0.5000000000019581
75_r1,fr,8.92696468468758e-07,0.9999991073035315,3,10,1.0,0.20000000298023224,0.3000000000028235
75_r1,ja,0.6324555320221288,0.3675444679778712,3,10,1.0,0.4000000059604645,1.0
75_r1,zh,0.40824829045640937,0.5917517095435907,3,10,1.0,0.1666666716337204,0.8000000000008656
75_r2,en,0.45625696333123095,0.543743036668769,3,10,1.0,0.5,0.3245112497866474
75_r2,fr,0.31622776601174873,0.6837722339882513,3,10,1.0,0.20000000298023224,0.32451124978664747
75_r2,ja,0.3833414852582751,0.616658514741725,3,10,1.0,0.4000000059604645,0.5245112497857818
75_r2,zh,0.5773502691790847,0.4226497308209153,3,10,1.0,0.3333333432674408,1.0
75_r3,en,0.4472135954922769,0.5527864045077231,3,10,1.0,0.30000001192092896,0.5245112497857819
75_r3,fr,0.5477225574951661,0.4522774425048339,3,10,1.0,0.30000001192092896,0.6000000000017313
75_r3,ja,0.5773502691790848,0.42264973082091517,3,10,1.0,0.3333333432674408,0.7245112497849162
75_r3,zh,0.0,1.0,3,10,1.0,0.0,1.0
75_r4,en,0.7071067811739439,0.2928932188260561,3,10,1.0,0.6000000238418579,0.5000000000019581
75_r4,fr,0.31622776601311736,0.6837722339868826,3,10,1.0,0.4000000059604645,0.32451124978664747
75_r4,ja,0.18257418583172202,0.817425814168278,3,10,1.0,0.03333333507180214,1.0
75_r4,zh,0.6324555320221288,0.3675444679778712,3,10,1.0,0.4000000059604645,1.0
75_r5,en,1.1089207485165086e-06,0.9999988910792514,3,10,1.0,0.30000001192092896,0.3000000000028235
75_r5,fr,0.4472135954927608,0.5527864045072393,3,10,1.0,0.4000000059604645,0.3000000000028235
75_r5,ja,0.5477225574951661,0.4522774425048339,3,10,1.0,0.30000001192092896,1.0
75_r5,zh,0.0,1.0,3,10,1.0,0.0,1.0
763_r1,en,0.0,1.0,3,10,1.0,0.0,0.3000000000028235
763_r1,fr,0.0,1.0,3,10,1.0,0.0,0.6000000000017313
763_r1,ja,0.7071067811736377,0.2928932188263623,3,10,1.0,0.5,1.0
763_r1,zh,0.5477225574951661,0.4522774425048339,3,10,1.0,0.30000001192092896,1.0
763_r2,en,0.0,1.0,3,10,1.0,0.0,0.32451124978664747
763_r2,fr,1.1089207485165086e-06,0.9999988910792514,3,10,1.0,0.30000001192092896,0.10000000000368914
763_r2,ja,0.7071067811739437,0.29289321882605635,3,10,1.0,0.6000000238418579,0.8000000000008656
763_r2,zh,0.5477225574951661,0.4522774425048339,3,10,1.0,0.30000001192092896,0.8000000000008656
763_r3,en,0.4562569633307568,0.5437430366692432,3,10,1.0,0.4000000059604645,0.5245112497857818
763_r3,fr,6.578740317673447e-07,0.9999993421259682,3,10,1.0,0.10000000149011612,0.40000000000259683
763_r3,ja,0.7071067811736377,0.2928932188263623,3,10,1.0,0.5,1.0
763_r3,zh,0.31622776601106445,0.6837722339889356,3,10,1.0,0.10000000149011612,1.0
763_r4,en,0.0,1.0,3,10,1.0,0.0,0.3000000000028235
763_r4,fr,0.0,1.0,3,10,1.0,0.0,0.6000000000017313
763_r4,ja,0.6324555320221288,0.3675444679778712,3,10,1.0,0.4000000059604645,1.0
763_r4,zh,0.31622776601106445,0.6837722339889356,3,10,1.0,0.10000000149011612,1.0
763_r5,en,0.0,1.0,3,10,1.0,0.0,0.40000000000259683
763_r5,fr,6.578740317673447e-07,0.9999993421259682,3,10,1.0,0.10000000149011612,0.12451124978751298
763_r5,ja,0.5477225574955611,0.4522774425044389,3,10,1.0,0.4000000059604645,0.6000000000017313
763_r5,zh,0.5477225574951661,0.4522774425048339,3,10,1.0,0.30000001192092896,1.0
772_r1,en,0.44721359549243817,0.5527864045075619,3,10,1.0,0.3333333432674408,0.40000000000259683
772_r1,fr,0.4472135954917929,0.5527864045082072,3,10,0.0,0.20000000298023224,0.3000000000028235
772_r1,ja,0.4562569633302825,0.5437430366697176,3,10,0.0,0.30000001192092896,0.7245112497849162
772_r1,zh,0.5477225574951661,0.4522774425048339,3,10,0.0,0.30000001192092896,1.0
772_r2,en,0.1898862963209431,0.8101137036790569,3,10,1.0,0.10000000149011612,0.3245112497866474
772_r2,fr,0.0,1.0,3,10,0.0,0.0,0.6000000000017313
772_r2,ja,0.0,1.0,3,10,0.0,0.0,1.0
772_r2,zh,0.31622776601174873,0.6837722339882513,3,10,0.0,0.20000000298023224,0.8000000000008656
772_r3,en,0.18257418583211713,0.8174258141678828,3,10,1.0,0.06666667014360428,0.12451124978751298
772_r3,fr,0.4472135954917929,0.5527864045082072,3,10,0.0,0.20000000298023224,0.3000000000028235
772_r3,ja,0.4472135954917929,0.5527864045082072,3,10,0.0,0.20000000298023224,0.6000000000017313
772_r3,zh,0.5477225574951661,0.4522774425048339,3,10,0.0,0.30000001192092896,0.8000000000008656
772_r4,en,0.3247259527552389,0.6752740472447611,3,10,1.0,0.1666666716337204,0.32451124978664747
772_r4,fr,0.0,1.0,3,10,0.0,0.0,0.8000000000008656
772_r4,ja,0.4472135954917929,0.5527864045082072,3,10,0.0,0.20000000298023224,1.0
772_r4,zh,0.4472135954917929,0.5527864045082072,3,10,0.0,0.20000000298023224,1.0
772_r5,en,0.20372469150217287,0.7962753084978271,3,10,1.0,0.3333333432674408,0.12451124978751298
772_r5,fr,8.92696468468758e-07,0.9999991073035315,3,10,0.0,0.20000000298023224,0.10000000000368914
772_r5,ja,0.4472135954917929,0.5527864045082072,3,10,0.0,0.20000000298023224,0.7245112497849162
772_r5,zh,0.31622776601106445,0.6837722339889356,3,10,0.0,0.10000000149011612,1.0
779_r1,en,0.8366600265188001,0.16333997348119988,3,10,1.0,0.699999988079071,1.0
779_r1,fr,0.5624418487090543,0.43755815129094566,3,10,0.0,0.699999988079071,0.3245112497866474
779_r1,ja,0.6324555320221288,0.3675444679778712,3,10,1.0,0.4000000059604645,1.0
779_r1,zh,0.31622776601106445,0.6837722339889356,3,10,1.0,0.10000000149011612,1.0
779_r2,en,0.718568600184485,0.281431399815515,3,10,1.0,0.699999988079071,0.5245112497857818
779_r2,fr,0.6452447854691847,0.35475521453081527,3,10,0.0,0.699999988079071,0.5245112497857819
779_r2,ja,0.8415286189839969,0.1584713810160031,3,10,1.0,0.800000011920929,0.7245112497849162
779_r2,zh,0.4472135954917929,0.5527864045082072,3,10,1.0,0.20000000298023224,1.0
779_r3,en,0.7850737756207621,0.21492622437923792,3,10,1.0,0.800000011920929,0.7245112497849162
779_r3,fr,0.7071067811739439,0.2928932188260561,3,10,0.0,0.6000000238418579,0.5000000000019581
779_r3,ja,0.32889271288895267,0.6711072871110473,3,10,1.0,0.30000001192092896,0.3245112497866474
779_r3,zh,0.31622776601106445,0.6837722339889356,3,10,1.0,0.10000000149011612,1.0
779_r4,en,0.8463692061764693,0.15363079382353073,3,10,1.0,0.8999999761581421,0.7245112497849162
779_r4,fr,0.7850737756207621,0.21492622437923792,3,10,0.0,0.800000011920929,0.7245112497849162
779_r4,ja,0.7071067811736377,0.2928932188263623,3,10,1.0,0.5,1.0
779_r4,zh,0.6324555320221288,0.3675444679778712,3,10,1.0,0.4000000059604645,1.0
779_r5,en,0.718568600184485,0.281431399815515,3,10,1.0,0.699999988079071,0.5245112497857818
779_r5,fr,0.9999999999817427,1.8257284573053312e-11,3,10,0.0,1.0,1.0
779_r5,ja,0.7071067811736377,0.2928932188263623,3,10,1.0,0.5,1.0
779_r5,zh,0.4472135954917929,0.5527864045082072,3,10,1.0,0.20000000298023224,1.0
780_r1,en,0.6452447854691848,0.35475521453081515,3,10,1.0,0.699999988079071,0.5245112497857819
780_r1,fr,0.0,1.0,3,10,1.0,0.0,0.12451124978751298
780_r1,ja,0.0,1.0,3,10,0.0,0.0,0.8000000000008656
780_r1,zh,0.7071067811736377,0.2928932188263623,3,10,1.0,0.5,1.0
780_r2,en,0.46512453513370255,0.5348754648662974,3,10,1.0,0.699999988079071,0.32451124978664747
780_r2,fr,0.3725322505840298,0.6274677494159702,3,10,1.0,0.2666666805744171,0.3245112497866474
780_r2,ja,0.4472135954917929,0.5527864045082072,3,10,0.0,0.20000000298023224,0.8000000000008656
780_r2,zh,0.6324555320221288,0.3675444679778712,3,10,1.0,0.4000000059604645,1.0
780_r3,en,1.0775043981160184e-06,0.9999989224956018,3,10,1.0,0.30000001192092896,0.10000000000368914
780_r3,fr,0.45326255568915846,0.5467374443108415,3,10,1.0,0.4333333373069763,0.32451124978664747
780_r3,ja,0.31622776601106445,0.6837722339889356,3,10,0.0,0.10000000149011612,1.0
780_r3,zh,0.6324555320224711,0.36754446797752893,3,10,1.0,0.5,0.8000000000008656
780_r4,en,0.5477225574962886,0.4522774425037114,3,10,1.0,0.6000000238418579,0.3000000000028235
780_r4,fr,0.5163977794860116,0.4836022205139884,3,10,1.0,0.5333333611488342,0.40000000000259683
780_r4,ja,0.0,1.0,3,10,0.0,0.0,1.0
780_r4,zh,0.0,1.0,3,10,1.0,0.0,1.0
780_r5,en,0.316227766012433,0.6837722339875669,3,10,1.0,0.30000001192092896,0.10000000000368914
780_r5,fr,0.10437379361446705,0.8956262063855329,3,10,1.0,0.2666666805744171,0.12451124978751298
780_r5,ja,0.31622776601106445,0.6837722339889356,3,10,0.0,0.10000000149011612,1.0
780_r5,zh,0.6324555320221288,0.3675444679778712,3,10,1.0,0.4000000059604645,1.0
789_r1,en,0.9999999999817427,1.8257284573053312e-11,3,10,1.0,1.0,1.0
789_r1,fr,0.894427190983586,0.10557280901641397,3,10,1.0,0.800000011920929,0.8000000000008656
789_r1,ja,0.7071067811736377,0.2928932188263623,3,10,0.0,0.5,1.0
789_r1,zh,0.0,1.0,3,10,0.0,0.0,0.8000000000008656
789_r2,en,0.8463692061764693,0.15363079382353073,3,10,1.0,0.8999999761581421,0.7245112497849162
789_r2,fr,0.894427190983586,0.10557280901641397,3,10,1.0,0.800000011920929,0.8000000000008656
789_r2,ja,0.7071067811736377,0.2928932188263623,3,10,0.0,0.5,0.8000000000008656
789_r2,zh,0.0,1.0,3,10,0.0,0.0,1.0
789_r3,en,0.8463692061764693,0.15363079382353073,3,10,1.0,0.8999999761581421,0.7245112497849162
789_r3,fr,0.8366600265188001,0.16333997348119988,3,10,1.0,0.699999988079071,0.8000000000008656
789_r3,ja,0.6324555320224711,0.36754446797752893,3,10,0.0,0.5,0.8000000000008656
789_r3,zh,0.0,1.0,3,10,0.0,0.0,0.8000000000008656
789_r4,en,0.3410877206622389,0.6589122793377611,3,10,1.0,0.5,0.12451124978751298
789_r4,fr,0.44721359549276085,0.5527864045072391,3,10,1.0,0.4000000059604645,0.3000000000028235
789_r4,ja,0.31622776601174873,0.6837722339882513,3,10,0.0,0.20000000298023224,0.6000000000017313
789_r4,zh,0.0,1.0,3,10,0.0,0.0,1.0
789_r5,en,0.7071067811736377,0.2928932188263623,3,10,1.0,0.5,0.5000000000019581
789_r5,fr,0.5624418487082847,0.43755815129171527,3,10,1.0,0.5,0.3245112497866474
789_r5,ja,0.5477225574959563,0.45227744250404367,3,10,0.0,0.5,0.6000000000017313
789_r5,zh,0.4472135954917929,0.5527864045082072,3,10,0.0,0.20000000298023224,1.0
791_r1,en,0.5551309904739464,0.44486900952605357,3,10,1.0,0.6000000238418579,0.32451124978664747
791_r1,fr,0.7745966692275763,0.2254033307724237,3,10,1.0,0.699999988079071,0.7000000000010924
791_r1,ja,0.7071067811736377,0.2928932188263623,3,10,1.0,0.5,1.0
791_r1,zh,0.0,1.0,3,10,1.0,0.0,1.0
791_r2,en,0.7185686001847857,0.28143139981521426,3,10,1.0,0.800000011920929,0.5245112497857819
791_r2,fr,1.289381040718466e-06,0.9999987106189593,3,10,1.0,0.4000000059604645,0.10000000000368914
791_r2,ja,0.7745966692273415,0.2254033307726585,3,10,1.0,0.6000000238418579,1.0
791_r2,zh,0.0,1.0,3,10,1.0,0.0,1.0
791_r3,en,0.4651245351327719,0.534875464867228,3,10,1.0,0.5,0.3245112497866474
791_r3,fr,0.127831268433617,0.872168731566383,3,10,1.0,0.20000000298023224,0.5245112497857819
791_r3,ja,0.7745966692273415,0.2254033307726585,3,10,1.0,0.6000000238418579,1.0
791_r3,zh,0.31622776601106445,0.6837722339889356,3,10,1.0,0.10000000149011612,1.0
791_r4,en,0.6324555320224711,0.36754446797752893,3,10,1.0,0.5,0.5245112497857819
791_r4,fr,0.3410877206622389,0.6589122793377611,3,10,1.0,0.5,0.32451124978664747
791_r4,ja,0.6324555320221288,0.3675444679778712,3,10,1.0,0.4000000059604645,1.0
791_r4,zh,0.5624418487082847,0.43755815129171527,3,10,1.0,0.5,0.7245112497849162
791_r5,en,0.7745966692279002,0.22540333077209984,3,10,1.0,0.800000011920929,0.6000000000017313
791_r5,fr,0.6324555320228131,0.3675444679771869,3,10,1.0,0.6000000238418579,0.6000000000017313
791_r5,ja,0.0,1.0,3,10,1.0,0.0,1.0
791_r5,zh,6.578740317673447e-07,0.9999993421259682,3,10,1.0,0.10000000149011612,0.8000000000008656
793_r1,en,0.6452447854691848,0.35475521453081515,3,10,1.0,0.699999988079071,0.5245112497857819
793_r1,fr,0.7071067811742012,0.2928932188257988,3,10,1.0,0.699999988079071,0.5000000000019581
793_r1,ja,0.7745966692273415,0.2254033307726585,3,10,1.0,0.6000000238418579,1.0
793_r1,zh,0.7745966692273415,0.2254033307726585,3,10,1.0,0.6000000238418579,1.0
793_r2,en,0.8944271909838278,0.10557280901617216,3,10,1.0,0.8999999761581421,0.8000000000008656
793_r2,fr,0.9486832980331933,0.05131670196680671,3,10,1.0,0.8999999761581421,1.0
793_r2,ja,0.4472135954922769,0.5527864045077231,3,10,1.0,0.30000001192092896,0.8000000000008656
793_r2,zh,0.7745966692273415,0.2254033307726585,3,10,1.0,0.6000000238418579,1.0
793_r3,en,0.4651245351332374,0.5348754648667626,3,10,1.0,0.6000000238418579,0.3245112497866474
793_r3,fr,0.8463692061764693,0.15363079382353073,3,10,1.0,0.8999999761581421,0.7245112497849162
793_r3,ja,0.8366600265188001,0.16333997348119988,3,10,1.0,0.699999988079071,1.0
793_r3,zh,0.8366600265188001,0.16333997348119988,3,10,1.0,0.699999988079071,1.0
793_r4,en,0.7745966692275763,0.2254033307724237,3,10,1.0,0.699999988079071,0.7000000000010924
793_r4,fr,0.6452447854688494,0.35475521453115055,3,10,1.0,0.6000000238418579,0.5245112497857819
793_r4,ja,0.7071067811736377,0.2928932188263623,3,10,1.0,0.5,0.8000000000008656
793_r4,zh,0.6324555320224711,0.36754446797752893,3,10,1.0,0.5,0.8000000000008656
793_r5,en,0.5477225574962887,0.45227744250371127,3,10,1.0,0.6000000238418579,0.30000000000282356
793_r5,fr,0.32889271288895267,0.6711072871110473,3,10,1.0,0.30000001192092896,0.12451124978751298
793_r5,ja,0.7071067811736377,0.2928932188263623,3,10,1.0,0.5,1.0
793_r5,zh,0.8366600265188001,0.16333997348119988,3,10,1.0,0.699999988079071,1.0
795_r1,en,0.15656069042170057,0.8434393095782995,3,10,1.0,0.6000000238418579,0.12451124978751298
795_r1,fr,0.0,1.0,3,10,0.0,0.0,0.10000000000368914
795_r1,ja,0.6324555320224711,0.36754446797752893,3,10,0.0,0.5,0.8000000000008656
795_r1,zh,0.36514837166344405,0.634851628336556,3,10,0.0,0.13333334028720856,1.0
795_r2,en,0.31622776601495306,0.6837722339850469,3,10,1.0,0.699999988079071,0.10000000000368914
795_r2,fr,1.04184410826787e-06,0.9999989581558917,3,10,0.0,0.2666666805744171,0.10000000000368914
795_r2,ja,0.31622776601106445,0.6837722339889356,3,10,0.0,0.10000000149011612,0.7245112497849162
795_r2,zh,0.447213595491793,0.5527864045082069,3,10,0.0,0.20000000298023224,1.0
795_r3,en,0.5477225574970789,0.4522774425029211,3,10,1.0,0.800000011920929,0.3000000000028235
795_r3,fr,0.0,1.0,3,10,0.0,0.0,0.5000000000019581
795_r3,ja,0.31622776601106445,0.6837722339889356,3,10,0.0,0.10000000149011612,0.8000000000008656
795_r3,zh,0.31622776601129254,0.6837722339887075,3,10,0.0,0.13333334028720856,0.8000000000008656
795_r4,en,0.4651245351332373,0.5348754648667626,3,10,1.0,0.6000000238418579,0.32451124978664747
795_r4,fr,6.578740317673447e-07,0.9999993421259682,3,10,0.0,0.10000000149011612,0.10000000000368914
795_r4,ja,0.7071067811736377,0.2928932188263623,3,10,0.0,0.5,1.0
795_r4,zh,0.18257418583172202,0.817425814168278,3,10,0.0,0.03333333507180214,0.5245112497857818
795_r5,en,0.6324555320233889,0.3675444679766111,3,10,1.0,0.800000011920929,0.5000000000019581
795_r5,fr,3.4838137299171195e-07,0.999999651618627,3,10,0.0,0.03333333507180214,0.3000000000028235
795_r5,ja,0.5477225574951661,0.4522774425048339,3,10,0.0,0.30000001192092896,0.7245112497849162
795_r5,zh,0.4082482904564095,0.5917517095435905,3,10,0.0,0.1666666716337204,1.0
799_r1,en,0.6324555320228132,0.36754446797718676,3,10,1.0,0.6000000238418579,0.40000000000259683
799_r1,fr,0.0,1.0,3,10,1.0,0.0,0.5000000000019581
799_r1,ja,0.6324555320221288,0.3675444679778712,3,10,0.0,0.4000000059604645,0.7245112497849162
799_r1,zh,0.36514837166344405,0.634851628336556,3,10,0.0,0.13333334028720856,1.0
799_r2,en,0.0,1.0,3,10,1.0,0.0,0.30000000000282356
799_r2,fr,0.0,1.0,3,10,1.0,0.0,0.3245112497866474
799_r2,ja,0.4472135954917929,0.5527864045082072,3,10,0.0,0.20000000298023224,1.0
799_r2,zh,0.0,1.0,3,10,0.0,0.0,1.0
799_r3,en,0.5551309904739464,0.44486900952605357,3,10,1.0,0.6000000238418579,0.5245112497857818
799_r3,fr,0.0,1.0,3,10,1.0,0.0,0.10000000000368914
799_r3,ja,0.0,1.0,3,10,0.0,0.0,0.8000000000008656
799_r3,zh,0.2581988897424471,0.7418011102575529,3,10,0.0,0.06666667014360428,1.0
799_r4,en,0.0,1.0,3,10,1.0,0.0,0.8000000000008656
799_r4,fr,6.578740317673447e-07,0.9999993421259682,3,10,1.0,0.10000000149011612,0.3000000000028235
799_r4,ja,0.6324555320221288,0.3675444679778712,3,10,0.0,0.4000000059604645,1.0
799_r4,zh,0.18257418583172202,0.817425814168278,3,10,0.0,0.03333333507180214,0.7245112497849162
799_r5,en,0.3288927128896106,0.6711072871103894,3,10,1.0,0.4000000059604645,0.12451124978751298
799_r5,fr,6.578740317673447e-07,0.9999993421259682,3,10,1.0,0.10000000149011612,0.10000000000368914
799_r5,ja,0.0,1.0,3,10,0.0,0.0,1.0
799_r5,zh,0.36514837166344405,0.634851628336556,3,10,0.0,0.13333334028720856,1.0
79_r1,en,0.6324555320227588,0.36754446797724116,3,10,0.0,0.6000000238418579,0.5000000000019581
79_r1,fr,0.7071067811742496,0.29289321882575037,3,10,0.0,0.699999988079071,0.6000000000017313
79_r1,ja,0.8366600265193177,0.1633399734806823,3,10,0.0,0.8999999761581421,0.8000000000008656
79_r1,zh,0.5163977794848942,0.4836022205151058,3,10,0.0,0.2666666805744171,1.0
79_r2,en,0.6324555320227588,0.36754446797724116,3,10,0.0,0.6000000238418579,0.5000000000019581
79_r2,fr,0.7850737756207621,0.21492622437923792,3,10,0.0,0.800000011920929,0.7245112497849162
79_r2,ja,0.7850737756207621,0.21492622437923792,3,10,0.0,0.800000011920929,0.7245112497849162
79_r2,zh,0.4830458915308288,0.5169541084691712,3,10,0.0,0.23333333432674408,1.0
79_r3,en,0.718568600184485,0.281431399815515,3,10,0.0,0.699999988079071,0.5245112497857818
79_r3,fr,0.6452447854688494,0.35475521453115055,3,10,0.0,0.6000000238418579,0.7245112497849162
79_r3,ja,0.8366600265190589,0.1633399734809411,3,10,0.0,0.800000011920929,0.8000000000008656
79_r3,zh,0.4472135954919542,0.5527864045080457,3,10,0.0,0.23333333432674408,0.8000000000008656
79_r4,en,0.6452447854691848,0.35475521453081515,3,10,0.0,0.699999988079071,0.5245112497857818
79_r4,fr,0.5624418487090543,0.43755815129094566,3,10,0.0,0.699999988079071,0.3245112497866474
79_r4,ja,0.7071067811736377,0.2928932188263623,3,10,0.0,0.5,1.0
79_r4,zh,0.4532625556883627,0.5467374443116373,3,10,0.0,0.2666666805744171,0.7245112497849162
79_r5,en,0.7071067811739437,0.29289321882605635,3,10,0.0,0.6000000238418579,0.6000000000017313
79_r5,fr,0.7071067811739437,0.29289321882605635,3,10,0.0,0.6000000238418579,0.8000000000008656
79_r5,ja,0.8366600265188001,0.16333997348119988,3,10,0.0,0.699999988079071,1.0
79_r5,zh,0.4830458915311275,0.5169541084688725,3,10,0.0,0.30000001192092896,0.8000000000008656
807_r1,en,0.12783126843869552,0.8721687315613045,3,10,1.0,0.5,0.12451124978751298
807_r1,fr,6.578740317673447e-07,0.9999993421259682,3,10,1.0,0.10000000149011612,0.3000000000028235
807_r1,ja,0.7071067811736377,0.2928932188263623,3,10,1.0,0.5,1.0
807_r1,zh,0.4472135954917929,0.5527864045082072,3,10,0.0,0.20000000298023224,1.0
807_r2,en,0.9999999999817427,1.8257284573053312e-11,3,10,1.0,1.0,1.0
807_r2,fr,6.578740317673447e-07,0.9999993421259682,3,10,1.0,0.10000000149011612,0.10000000000368914
807_r2,ja,0.5477225574951661,0.4522774425048339,3,10,1.0,0.30000001192092896,0.7245112497849162
807_r2,zh,0.5477225574951661,0.4522774425048339,3,10,0.0,0.30000001192092896,1.0
807_r3,en,0.4651245351332373,0.5348754648667626,3,10,1.0,0.6000000238418579,0.32451124978664747
807_r3,fr,9.303743780584473e-07,0.9999990696256219,3,10,1.0,0.20000000298023224,0.6000000000017313
807_r3,ja,0.4472135954922769,0.5527864045077231,3,10,1.0,0.30000001192092896,0.8000000000008656
807_r3,zh,0.3162277660117488,0.6837722339882513,3,10,0.0,0.20000000298023224,0.8000000000008656
807_r4,en,0.5477225574962885,0.4522774425037115,3,10,1.0,0.6000000238418579,0.3000000000028235
807_r4,fr,6.03414238432249e-07,0.9999993965857615,3,10,1.0,0.10000000149011612,0.5000000000019581
807_r4,ja,0.32889271288895267,0.6711072871110473,3,10,1.0,0.30000001192092896,0.5245112497857819
807_r4,zh,0.0,1.0,3,10,0.0,0.0,1.0
807_r5,en,0.8463692061764693,0.15363079382353073,3,10,1.0,0.8999999761581421,0.7245112497849162
807_r5,fr,0.0,1.0,3,10,1.0,0.0,0.40000000000259683
807_r5,ja,0.7071067811736377,0.2928932188263623,3,10,1.0,0.5,0.8000000000008656
807_r5,zh,0.4472135954917929,0.5527864045082072,3,10,0.0,0.20000000298023224,1.0
80_r1,en,0.5477225574962887,0.45227744250371127,3,10,1.0,0.6000000238418579,0.30000000000282356
80_r1,fr,0.5551309904735565,0.4448690095264435,3,10,1.0,0.5,0.3245112497866474
80_r1,ja,0.8366600265188001,0.16333997348119988,3,10,0.0,0.699999988079071,1.0
80_r1,zh,0.36514837166344405,0.634851628336556,3,10,1.0,0.13333334028720856,1.0
80_r2,en,0.5624418487094391,0.43755815129056086,3,10,1.0,0.800000011920929,0.3245112497866474
80_r2,fr,0.5477225574951662,0.4522774425048338,3,10,1.0,0.30000001192092896,0.8000000000008656
80_r2,ja,0.6324555320221289,0.3675444679778711,3,10,0.0,0.4000000059604645,1.0
80_r2,zh,0.605530070808443,0.394469929191557,3,10,1.0,0.36666667461395264,1.0
80_r3,en,6.578740317673447e-07,0.9999993421259682,3,10,1.0,0.10000000149011612,0.10000000000368914
80_r3,fr,0.7071067811742012,0.2928932188257988,3,10,1.0,0.699999988079071,0.5000000000019581
80_r3,ja,0.6055300708088002,0.39446992919119983,3,10,0.0,0.46666666865348816,0.8000000000008656
80_r3,zh,0.5477225574951661,0.4522774425048339,3,10,1.0,0.30000001192092896,1.0
80_r4,en,0.0903903567642706,0.9096096432357295,3,10,1.0,0.4000000059604645,0.12451124978751298
80_r4,fr,0.7071067811736377,0.2928932188263623,3,10,1.0,0.5,1.0
80_r4,ja,0.6055300708084429,0.3944699291915571,3,10,0.0,0.36666667461395264,1.0
80_r4,zh,0.605530070808443,0.394469929191557,3,10,1.0,0.36666667461395264,1.0
80_r5,en,0.0,1.0,3,10,1.0,0.0,0.5245112497857819
80_r5,fr,0.6388821617325591,0.3611178382674409,3,10,1.0,0.5,0.5245112497857818
80_r5,ja,0.735869383728208,0.264130616271792,3,10,0.0,0.6333333253860474,0.7245112497849162
80_r5,zh,0.3725322505840298,0.6274677494159702,3,10,1.0,0.2666666805744171,0.5245112497857819
813_r1,en,0.4472135954932779,0.5527864045067221,3,10,1.0,0.5333333611488342,0.3000000000028235
813_r1,fr,0.0,1.0,3,10,1.0,0.0,0.3000000000028235
813_r1,ja,0.5163977794848942,0.4836022205151058,3,10,0.0,0.2666666805744171,1.0
813_r1,zh,0.3162277660110644,0.6837722339889356,3,10,1.0,0.10000000149011612,1.0
813_r2,en,1.1818916221712988e-06,0.9999988181083779,3,10,1.0,0.3333333432674408,0.10000000000368914
813_r2,fr,3.4838137299171195e-07,0.999999651618627,3,10,1.0,0.03333333507180214,0.3000000000028235
813_r2,ja,0.4830458915308288,0.5169541084691712,3,10,0.0,0.23333333432674408,1.0
813_r2,zh,0.3162277660110644,0.6837722339889356,3,10,1.0,0.10000000149011612,1.0
813_r3,en,9.582674813767722e-07,0.9999990417325186,3,10,1.0,0.23333333432674408,0.10000000000368914
813_r3,fr,0.1825741858327192,0.8174258141672808,3,10,1.0,0.13333334028720856,0.10000000000368914
813_r3,ja,0.4830458915308288,0.5169541084691712,3,10,0.0,0.23333333432674408,1.0
813_r3,zh,0.36514837166344405,0.634851628336556,3,10,1.0,0.13333334028720856,0.7245112497849162
813_r4,en,0.5773502691792097,0.42264973082079027,3,10,1.0,0.36666667461395264,0.5000000000019581
813_r4,fr,8.219108247060637e-07,0.9999991780891753,3,10,1.0,0.1666666716337204,0.10000000000368914
813_r4,ja,0.5820483465465827,0.41795165345341734,3,10,0.0,0.4000000059604645,0.5245112497857819
813_r4,zh,0.3162277660110644,0.6837722339889356,3,10,1.0,0.10000000149011612,1.0
813_r5,en,0.25819888974384386,0.7418011102561561,3,10,1.0,0.23333333432674408,0.10000000000368914
813_r5,fr,7.444244909468061e-07,0.9999992555755091,3,10,1.0,0.13333334028720856,0.10000000000368914
813_r5,ja,0.6055300708084429,0.3944699291915571,3,10,0.0,0.36666667461395264,1.0
813_r5,zh,0.0,1.0,3,10,1.0,0.0,1.0
819_r1,en,0.7071067811742496,0.29289321882575037,3,10,1.0,0.699999988079071,0.6000000000017313
819_r1,fr,0.7745966692279002,0.22540333077209984,3,10,1.0,0.800000011920929,0.6000000000017313
819_r1,ja,0.7745966692273415,0.2254033307726585,3,10,1.0,0.6000000238418579,1.0
819_r1,zh,0.0,1.0,3,10,0.0,0.0,1.0
819_r2,en,0.7745966692279002,0.22540333077209984,3,10,1.0,0.800000011920929,0.6000000000017313
819_r2,fr,0.8944271909838276,0.10557280901617239,3,10,1.0,0.8999999761581421,0.8000000000008656
819_r2,ja,0.7071067811736377,0.2928932188263623,3,10,1.0,0.5,1.0
819_r2,zh,0.31622776601106445,0.6837722339889356,3,10,0.0,0.10000000149011612,1.0
819_r3,en,0.6452447854691848,0.35475521453081515,3,10,1.0,0.699999988079071,0.5245112497857818
819_r3,fr,0.5624418487090543,0.43755815129094566,3,10,1.0,0.699999988079071,0.3245112497866474
819_r3,ja,0.7745966692273415,0.2254033307726585,3,10,1.0,0.6000000238418579,1.0
819_r3,zh,0.31622776601106445,0.6837722339889356,3,10,0.0,0.10000000149011612,1.0
819_r4,en,0.5551309904739464,0.44486900952605357,3,10,1.0,0.6000000238418579,0.32451124978664747
819_r4,fr,0.8463692061764693,0.15363079382353073,3,10,1.0,0.8999999761581421,0.7245112497849162
819_r4,ja,0.6324555320224711,0.36754446797752893,3,10,1.0,0.5,0.8000000000008656
819_r4,zh,0.4472135954917929,0.5527864045082072,3,10,0.0,0.20000000298023224,1.0
819_r5,en,0.5624418487090542,0.4375581512909458,3,10,1.0,0.699999988079071,0.3245112497866474
819_r5,fr,0.894427190983586,0.10557280901641397,3,10,1.0,0.800000011920929,0.8000000000008656
819_r5,ja,0.8366600265188001,0.16333997348119988,3,10,1.0,0.699999988079071,1.0
819_r5,zh,0.31622776601106445,0.6837722339889356,3,10,0.0,0.10000000149011612,0.8000000000008656
81_r1,en,0.5696588889624494,0.43034111103755057,3,10,1.0,0.800000011920929,0.3245112497866474
81_r1,fr,0.8366600265190589,0.1633399734809411,3,10,1.0,0.800000011920929,0.8000000000008656
81_r1,ja,0.6324555320224711,0.36754446797752893,3,10,0.0,0.5,0.8000000000008656
81_r1,zh,0.31622776601106445,0.6837722339889356,3,10,0.0,0.10000000149011612,0.7245112497849162
81_r2,en,0.7071067811742012,0.2928932188257988,3,10,1.0,0.699999988079071,0.5000000000019581
81_r2,fr,0.8944271909838276,0.10557280901617239,3,10,1.0,0.8999999761581421,0.8000000000008656
81_r2,ja,0.5477225574951661,0.4522774425048339,3,10,0.0,0.30000001192092896,0.6000000000017313
81_r2,zh,0.0,1.0,3,10,0.0,0.0,0.8000000000008656
81_r3,en,0.7185686001847861,0.2814313998152139,3,10,1.0,0.800000011920929,0.5245112497857819
81_r3,fr,0.4472135954926839,0.5527864045073161,3,10,1.0,0.4000000059604645,0.3000000000028235
81_r3,ja,0.6452447854688494,0.35475521453115055,3,10,0.0,0.6000000238418579,0.7245112497849162
81_r3,zh,0.31622776601106445,0.6837722339889356,3,10,0.0,0.10000000149011612,1.0
81_r4,en,0.7798528172500019,0.22014718274999812,3,10,1.0,0.699999988079071,0.7245112497849162
81_r4,fr,0.8463692061764693,0.15363079382353073,3,10,1.0,0.8999999761581421,0.7245112497849162
81_r4,ja,0.4472135954917929,0.5527864045082072,3,10,0.0,0.20000000298023224,0.8000000000008656
81_r4,zh,6.578740317673447e-07,0.9999993421259682,3,10,0.0,0.10000000149011612,0.5245112497857819
81_r5,en,0.6452447854691848,0.35475521453081515,3,10,1.0,0.699999988079071,0.5245112497857818
81_r5,fr,0.5624418487090543,0.43755815129094566,3,10,1.0,0.699999988079071,0.3245112497866474
81_r5,ja,0.6324555320224711,0.36754446797752893,3,10,0.0,0.5,0.8000000000008656
81_r5,zh,0.4472135954917929,0.5527864045082072,3,10,0.0,0.20000000298023224,1.0
821_r1,en,3.4838137299171195e-07,0.999999651618627,3,10,1.0,0.03333333507180214,0.10000000000368914
821_r1,fr,0.0,1.0,3,10,1.0,0.0,0.3245112497866474
821_r1,ja,0.31622776601106445,0.6837722339889356,3,10,1.0,0.10000000149011612,1.0
821_r1,zh,0.36514837166344405,0.634851628336556,3,10,1.0,0.13333334028720856,0.6000000000017313
821_r2,en,0.18257418583344667,0.8174258141665534,3,10,1.0,0.20000000298023224,0.3000000000028235
821_r2,fr,0.0,1.0,3,10,1.0,0.0,0.3245112497866474
821_r2,ja,0.0,1.0,3,10,1.0,0.0,1.0
821_r2,zh,0.31622776601152064,0.6837722339884793,3,10,1.0,0.1666666716337204,0.8000000000008656
821_r3,en,0.19692708734161954,0.8030729126583804,3,10,1.0,0.1666666716337204,0.12451124978751298
821_r3,fr,0.0,1.0,3,10,1.0,0.0,0.10000000000368914
821_r3,ja,0.6324555320224711,0.36754446797752893,3,10,1.0,0.5,0.8000000000008656
821_r3,zh,0.36514837166344405,0.634851628336556,3,10,1.0,0.13333334028720856,1.0
821_r4,en,5.153985463750656e-07,0.9999994846014536,3,10,1.0,0.06666667014360428,0.10000000000368914
821_r4,fr,0.0,1.0,3,10,1.0,0.0,0.10000000000368914
821_r4,ja,0.0,1.0,3,10,1.0,0.0,1.0
821_r4,zh,0.31622776601106445,0.6837722339889356,3,10,1.0,0.10000000149011612,1.0
821_r5,en,0.18257418583211713,0.8174258141678828,3,10,1.0,0.06666667014360428,0.30000000000282356
821_r5,fr,6.578740317673447e-07,0.9999993421259682,3,10,1.0,0.10000000149011612,0.32451124978664747
821_r5,ja,0.6324555320221288,0.3675444679778712,3,10,1.0,0.4000000059604645,1.0
821_r5,zh,0.18257418583172202,0.817425814168278,3,10,1.0,0.03333333507180214,1.0
825_r1,en,6.578740317673447e-07,0.9999993421259682,3,10,1.0,0.10000000149011612,0.10000000000368914
825_r1,fr,3.7982374933374084e-07,0.9999996201762507,3,10,1.0,0.03333333507180214,0.5000000000019581
825_r1,ja,0.6324555320221288,0.3675444679778712,3,10,1.0,0.4000000059604645,1.0
825_r1,zh,0.0,1.0,3,10,1.0,0.0,1.0
825_r2,en,0.31622776601106445,0.6837722339889356,3,10,1.0,0.10000000149011612,0.3000000000028235
825_r2,fr,0.0,1.0,3,10,1.0,0.0,0.12451124978751298
825_r2,ja,0.5477225574951661,0.4522774425048339,3,10,1.0,0.30000001192092896,1.0
825_r2,zh,0.0,1.0,3,10,1.0,0.0,1.0
825_r3,en,0.31622776601174873,0.6837722339882513,3,10,1.0,0.20000000298023224,0.10000000000368914
825_r3,fr,0.18257418583172202,0.817425814168278,3,10,1.0,0.03333333507180214,0.10000000000368914
825_r3,ja,0.7745966692273415,0.2254033307726585,3,10,1.0,0.6000000238418579,1.0
825_r3,zh,0.0,1.0,3,10,1.0,0.0,0.6000000000017313
825_r4,en,0.31622776601232444,0.6837722339876755,3,10,1.0,0.30000001192092896,0.3000000000028235
825_r4,fr,0.052186896805851306,0.9478131031941487,3,10,1.0,0.03333333507180214,0.3245112497866474
825_r4,ja,0.6324555320221288,0.3675444679778712,3,10,1.0,0.4000000059604645,1.0
825_r4,zh,0.31622776601106445,0.6837722339889356,3,10,1.0,0.10000000149011612,1.0
825_r5,en,6.578740317673447e-07,0.9999993421259682,3,10,1.0,0.10000000149011612,0.10000000000368914
825_r5,fr,3.7982374933374084e-07,0.9999996201762507,3,10,1.0,0.03333333507180214,0.10000000000368914
825_r5,ja,6.578740317673447e-07,0.9999993421259682,3,10,1.0,0.10000000149011612,0.6000000000017313
825_r5,zh,0.31622776601106445,0.6837722339889356,3,10,1.0,0.10000000149011612,1.0
826_r1,en,0.09039035675708842,0.9096096432429116,3,10,0.0,0.10000000149011612,0.5245112497857818
826_r1,fr,0.0,1.0,3,10,0.0,0.0,0.12451124978751298
826_r1,ja,0.0,1.0,3,10,0.0,0.0,1.0
826_r1,zh,0.0,1.0,3,10,0.0,0.0,1.0
826_r2,en,0.31622776601174873,0.6837722339882513,3,10,0.0,0.20000000298023224,0.10000000000368914
826_r2,fr,0.0,1.0,3,10,0.0,0.0,0.3000000000028235
826_r2,ja,0.0,1.0,3,10,0.0,0.0,1.0
826_r2,zh,0.0,1.0,3,10,0.0,0.0,1.0
826_r3,en,0.0,1.0,3,10,0.0,0.0,0.3000000000028235
826_r3,fr,0.0,1.0,3,10,0.0,0.0,0.12451124978751298
826_r3,ja,0.31622776601106445,0.6837722339889356,3,10,0.0,0.10000000149011612,1.0
826_r3,zh,0.31622776601106445,0.6837722339889356,3,10,0.0,0.10000000149011612,1.0
826_r4,en,0.5477225574954986,0.4522774425045014,3,10,0.0,0.4000000059604645,0.3000000000028235
826_r4,fr,8.92696468468758e-07,0.9999991073035315,3,10,0.0,0.20000000298023224,0.3000000000028235
826_r4,ja,0.18257418583172202,0.817425814168278,3,10,0.0,0.03333333507180214,1.0
826_r4,zh,0.31622776601106445,0.6837722339889356,3,10,0.0,0.10000000149011612,1.0
826_r5,en,0.0,1.0,3,10,0.0,0.0,0.10000000000368914
826_r5,fr,0.0,1.0,3,10,0.0,0.0,0.10000000000368914
826_r5,ja,0.0,1.0,3,10,0.0,0.0,1.0
826_r5,zh,0.0,1.0,3,10,0.0,0.0,1.0
828_r1,en,0.2634200805986537,0.7365799194013463,3,10,1.0,0.13333334028720856,0.3245112497866474
828_r1,fr,0.5624418487090541,0.4375581512909459,3,10,1.0,0.699999988079071,0.32451124978664747
828_r1,ja,0.7745966692273415,0.2254033307726585,3,10,0.0,0.6000000238418579,1.0
828_r1,zh,9.303743780584473e-07,0.9999990696256219,3,10,0.0,0.20000000298023224,0.6000000000017313
828_r2,en,0.32472595275523897,0.675274047244761,3,10,1.0,0.1666666716337204,0.3245112497866474
828_r2,fr,0.5551309904735566,0.44486900952644337,3,10,1.0,0.5,0.5245112497857818
828_r2,ja,0.6324555320221288,0.3675444679778712,3,10,0.0,0.4000000059604645,0.8000000000008656
828_r2,zh,0.4472135954917929,0.5527864045082072,3,10,0.0,0.20000000298023224,1.0
828_r3,en,0.26853977556587405,0.731460224434126,3,10,1.0,0.20000000298023224,0.3245112497866474
828_r3,fr,0.7185686001847861,0.2814313998152139,3,10,1.0,0.800000011920929,0.5245112497857819
828_r3,ja,0.4472135954922769,0.5527864045077231,3,10,0.0,0.30000001192092896,0.6000000000017313
828_r3,zh,0.31622776601106445,0.6837722339889356,3,10,0.0,0.10000000149011612,1.0
828_r4,en,7.444244909468061e-07,0.9999992555755091,3,10,1.0,0.13333334028720856,0.10000000000368914
828_r4,fr,0.8366600265190589,0.1633399734809411,3,10,1.0,0.800000011920929,0.8000000000008656
828_r4,ja,0.6324555320221288,0.3675444679778712,3,10,0.0,0.4000000059604645,0.8000000000008656
828_r4,zh,0.4472135954917929,0.5527864045082072,3,10,0.0,0.20000000298023224,1.0
828_r5,en,6.220974543052889e-07,0.9999993779025457,3,10,1.0,0.10000000149011612,0.3000000000028235
828_r5,fr,0.894427190983586,0.10557280901641397,3,10,1.0,0.800000011920929,1.0
828_r5,ja,0.4562569633302825,0.5437430366697176,3,10,0.0,0.30000001192092896,0.7245112497849162
828_r5,zh,0.31622776601106445,0.6837722339889356,3,10,0.0,0.10000000149011612,0.8000000000008656
834_r1,en,6.03414238432249e-07,0.9999993965857615,3,10,1.0,0.10000000149011612,0.3000000000028235
834_r1,fr,0.6324555320227591,0.36754446797724094,3,10,1.0,0.6000000238418579,0.5000000000019581
834_r1,ja,0.4472135954922769,0.5527864045077231,3,10,1.0,0.30000001192092896,0.5245112497857818
834_r1,zh,7.596474986674817e-07,0.9999992403525013,3,10,1.0,0.13333334028720856,0.40000000000259683
834_r2,en,0.3410877206622389,0.6589122793377611,3,10,1.0,0.5,0.12451124978751298
834_r2,fr,0.3410877206622389,0.6589122793377611,3,10,1.0,0.5,0.32451124978664747
834_r2,ja,0.4472135954917929,0.5527864045082072,3,10,1.0,0.20000000298023224,0.5245112497857818
834_r2,zh,0.05218689680999793,0.9478131031900021,3,10,1.0,0.13333334028720856,0.12451124978751298
834_r3,en,0.7071067811742496,0.29289321882575037,3,10,1.0,0.699999988079071,0.6000000000017313
834_r3,fr,1.1089207485165086e-06,0.9999988910792514,3,10,1.0,0.30000001192092896,0.10000000000368914
834_r3,ja,0.3162277660135845,0.6837722339864155,3,10,1.0,0.5,0.30000000000282356
834_r3,zh,5.153985463750656e-07,0.9999994846014536,3,10,1.0,0.06666667014360428,0.3000000000028235
834_r4,en,0.6324555320227588,0.36754446797724116,3,10,1.0,0.6000000238418579,0.5000000000019581
834_r4,fr,6.578740317673447e-07,0.9999993421259682,3,10,1.0,0.10000000149011612,0.3245112497866474
834_r4,ja,0.6324555320221288,0.3675444679778712,3,10,1.0,0.4000000059604645,1.0
834_r4,zh,0.2581988897424471,0.7418011102575529,3,10,1.0,0.06666667014360428,0.7245112497849162
834_r5,en,0.8366600265188001,0.16333997348119988,3,10,1.0,0.699999988079071,0.8000000000008656
834_r5,fr,0.5551309904739464,0.44486900952605357,3,10,1.0,0.6000000238418579,0.5245112497857819
834_r5,ja,0.5551309904731668,0.44486900952683317,3,10,1.0,0.4000000059604645,0.7245112497849162
834_r5,zh,0.0,1.0,3,10,1.0,0.0,0.7245112497849162
836_r1,en,0.7185686001847857,0.28143139981521426,3,10,1.0,0.800000011920929,0.5245112497857818
836_r1,fr,0.5624418487090543,0.43755815129094566,3,10,1.0,0.699999988079071,0.3245112497866474
836_r1,ja,0.894427190983586,0.10557280901641397,3,10,1.0,0.800000011920929,1.0
836_r1,zh,0.5477225574951661,0.4522774425048339,3,10,1.0,0.30000001192092896,1.0
836_r2,en,0.8463692061764693,0.15363079382353073,3,10,1.0,0.8999999761581421,0.7245112497849162
836_r2,fr,0.7745966692276206,0.2254033307723794,3,10,1.0,0.699999988079071,0.6000000000017313
836_r2,ja,0.4472135954922769,0.5527864045077231,3,10,1.0,0.30000001192092896,0.6000000000017313
836_r2,zh,0.6324555320221288,0.3675444679778712,3,10,1.0,0.4000000059604645,1.0
836_r3,en,0.7745966692276206,0.2254033307723794,3,10,1.0,0.699999988079071,0.6000000000017313
836_r3,fr,0.8463692061764693,0.15363079382353073,3,10,1.0,0.8999999761581421,0.7245112497849162
836_r3,ja,0.5477225574955611,0.4522774425044389,3,10,1.0,0.4000000059604645,0.40000000000259683
836_r3,zh,0.31622776601106445,0.6837722339889356,3,10,1.0,0.10000000149011612,1.0
836_r4,en,0.7185686001847857,0.28143139981521426,3,10,1.0,0.800000011920929,0.5245112497857819
836_r4,fr,0.5477225574959563,0.45227744250404367,3,10,1.0,0.5,0.6000000000017313
836_r4,ja,0.6388821617325591,0.3611178382674409,3,10,1.0,0.5,0.7245112497849162
836_r4,zh,0.7071067811736377,0.2928932188263623,3,10,1.0,0.5,1.0
836_r5,en,0.8944271909838276,0.10557280901617239,3,10,1.0,0.8999999761581421,0.8000000000008656
836_r5,fr,0.5696588889624493,0.4303411110375507,3,10,1.0,0.800000011920929,0.3245112497866474
836_r5,ja,0.8366600265188001,0.16333997348119988,3,10,1.0,0.699999988079071,1.0
836_r5,zh,0.4472135954917929,0.5527864045082072,3,10,1.0,0.20000000298023224,1.0
841_r1,en,6.578740317673447e-07,0.9999993421259682,3,10,1.0,0.10000000149011612,0.3000000000028235
841_r1,fr,9.303743780584473e-07,0.9999990696256219,3,10,0.0,0.20000000298023224,0.12451124978751298
841_r1,ja,0.5477225574951661,0.4522774425048339,3,10,0.0,0.30000001192092896,1.0
841_r1,zh,0.18257418583172202,0.817425814168278,3,10,0.0,0.03333333507180214,0.7245112497849162
841_r2,en,0.0,1.0,3,10,1.0,0.0,0.10000000000368914
841_r2,fr,0.31622776601174873,0.6837722339882513,3,10,0.0,0.20000000298023224,0.3000000000028235
841_r2,ja,0.0,1.0,3,10,0.0,0.0,1.0
841_r2,zh,0.2581988897424471,0.7418011102575529,3,10,0.0,0.06666667014360428,1.0
841_r3,en,1.1089207485165086e-06,0.9999988910792514,3,10,1.0,0.30000001192092896,0.10000000000368914
841_r3,fr,1.0775043981160184e-06,0.9999989224956018,3,10,0.0,0.30000001192092896,0.10000000000368914
841_r3,ja,0.31622776601174873,0.6837722339882513,3,10,0.0,0.20000000298023224,0.8000000000008656
841_r3,zh,0.2581988897424471,0.7418011102575529,3,10,0.0,0.06666667014360428,1.0
841_r4,en,6.578740317673447e-07,0.9999993421259682,3,10,1.0,0.10000000149011612,0.10000000000368914
841_r4,fr,1.42359130768174e-06,0.9999985764086923,3,10,0.0,0.5,0.10000000000368914
841_r4,ja,0.31622776601106445,0.6837722339889356,3,10,0.0,0.10000000149011612,0.8000000000008656
841_r4,zh,0.18257418583172202,0.817425814168278,3,10,0.0,0.03333333507180214,1.0
841_r5,en,6.578740317673447e-07,0.9999993421259682,3,10,1.0,0.10000000149011612,0.10000000000368914
841_r5,fr,0.31622776601221586,0.6837722339877841,3,10,0.0,0.30000001192092896,0.5000000000019581
841_r5,ja,0.4472135954917929,0.5527864045082072,3,10,0.0,0.20000000298023224,1.0
841_r5,zh,0.36514837166344405,0.634851628336556,3,10,0.0,0.13333334028720856,1.0
848_r1,en,0.4472135954931678,0.5527864045068323,3,10,1.0,0.5,0.3000000000028235
848_r1,fr,0.9486832980331933,0.05131670196680671,3,10,1.0,0.8999999761581421,1.0
848_r1,ja,0.7745966692279002,0.22540333077209984,3,10,1.0,0.800000011920929,0.8000000000008656
848_r1,zh,0.5477225574951661,0.4522774425048339,3,10,1.0,0.30000001192092896,1.0
848_r2,en,1.4475157027949835e-06,0.9999985524842973,3,10,1.0,0.5,0.10000000000368914
848_r2,fr,0.8511822658857858,0.14881773411421417,3,10,1.0,1.0,0.7245112497849162
848_r2,ja,0.7745966692279002,0.22540333077209984,3,10,1.0,0.800000011920929,0.8000000000008656
848_r2,zh,0.4082482904564095,0.5917517095435905,3,10,1.0,0.1666666716337204,0.7245112497849162
848_r3,en,0.7185686001847857,0.28143139981521426,3,10,1.0,0.800000011920929,0.5245112497857818
848_r3,fr,0.6324555320231553,0.3675444679768447,3,10,1.0,0.699999988079071,0.6000000000017313
848_r3,ja,0.7071067811739437,0.29289321882605635,3,10,1.0,0.6000000238418579,0.8000000000008656
848_r3,zh,0.31622776601106445,0.6837722339889356,3,10,1.0,0.10000000149011612,0.5245112497857819
848_r4,en,0.15656069042031837,0.8434393095796816,3,10,1.0,0.5,0.12451124978751298
848_r4,fr,0.8463692061764693,0.15363079382353073,3,10,1.0,0.8999999761581421,0.7245112497849162
848_r4,ja,0.4651245351323068,0.5348754648676932,3,10,1.0,0.4000000059604645,0.7245112497849162
848_r4,zh,0.4472135954922769,0.5527864045077231,3,10,1.0,0.30000001192092896,0.5245112497857819
848_r5,en,0.547722557496621,0.452277442503379,3,10,1.0,0.699999988079071,0.3000000000028235
848_r5,fr,0.5696588889628292,0.43034111103717076,3,10,1.0,0.8999999761581421,0.32451124978664747
848_r5,ja,0.6515452783724363,0.34845472162756375,3,10,1.0,0.699999988079071,0.7245112497849162
848_r5,zh,0.31622776601106445,0.6837722339889356,3,10,1.0,0.10000000149011612,1.0
853_r1,en,0.44721359549324463,0.5527864045067554,3,10,1.0,0.5,0.40000000000259683
853_r1,fr,0.6452447854691847,0.35475521453081527,3,10,1.0,0.699999988079071,0.5245112497857819
853_r1,ja,0.5477225574951661,0.4522774425048339,3,10,1.0,0.30000001192092896,0.7245112497849162
853_r1,zh,0.31622776601106445,0.6837722339889356,3,10,1.0,0.10000000149011612,1.0
853_r2,en,0.4562569633307568,0.5437430366692432,3,10,1.0,0.4000000059604645,0.3245112497866474
853_r2,fr,0.6705774873251341,0.3294225126748659,3,10,1.0,0.7333333492279053,0.5245112497857818
853_r2,ja,0.5477225574955612,0.4522774425044388,3,10,1.0,0.4000000059604645,0.8000000000008656
853_r2,zh,0.31622776601106445,0.6837722339889356,3,10,1.0,0.10000000149011612,0.8000000000008656
853_r3,en,0.31622776601106445,0.6837722339889356,3,10,1.0,0.10000000149011612,0.3000000000028235
853_r3,fr,0.31622776601449687,0.6837722339855031,3,10,1.0,0.6333333253860474,0.10000000000368914
853_r3,ja,0.7071067811736377,0.2928932188263623,3,10,1.0,0.5,0.8000000000008656
853_r3,zh,0.4472135954917929,0.5527864045082072,3,10,1.0,0.20000000298023224,1.0
853_r4,en,0.4472135954922769,0.5527864045077231,3,10,1.0,0.30000001192092896,0.3000000000028235
853_r4,fr,0.718568600184485,0.281431399815515,3,10,1.0,0.699999988079071,0.7245112497849162
853_r4,ja,0.8366600265188001,0.16333997348119988,3,10,1.0,0.699999988079071,1.0
853_r4,zh,0.31622776601106445,0.6837722339889356,3,10,1.0,0.10000000149011612,0.8000000000008656
853_r5,en,0.4472135954922769,0.5527864045077231,3,10,1.0,0.30000001192092896,0.3000000000028235
853_r5,fr,0.894427190983586,0.10557280901641397,3,10,1.0,0.800000011920929,0.8000000000008656
853_r5,ja,0.7071067811736377,0.2928932188263623,3,10,1.0,0.5,0.7245112497849162
853_r5,zh,0.5551309904731668,0.44486900952683317,3,10,1.0,0.4000000059604645,0.7245112497849162
856_r1,en,1.289381040718466e-06,0.9999987106189593,3,10,1.0,0.4000000059604645,0.10000000000368914
856_r1,fr,6.578740317673447e-07,0.9999993421259682,3,10,1.0,0.10000000149011612,0.3245112497866474
856_r1,ja,0.48865148901979444,0.5113485109802056,3,10,1.0,0.30000001192092896,0.7245112497849162
856_r1,zh,0.5477225574951662,0.4522774425048338,3,10,1.0,0.30000001192092896,0.7245112497849162
856_r2,en,1.289381040718466e-06,0.9999987106189593,3,10,1.0,0.4000000059604645,0.10000000000368914
856_r2,fr,6.578740317673447e-07,0.9999993421259682,3,10,1.0,0.10000000149011612,0.12451124978751298
856_r2,ja,0.4830458915308288,0.5169541084691712,3,10,1.0,0.23333333432674408,1.0
856_r2,zh,0.7745966692273415,0.2254033307726585,3,10,1.0,0.6000000238418579,1.0
856_r3,en,0.35286151643499253,0.6471384835650075,3,10,1.0,0.5,0.12451124978751298
856_r3,fr,0.0,1.0,3,10,1.0,0.0,0.8000000000008656
856_r3,ja,0.5773502691790848,0.42264973082091517,3,10,1.0,0.3333333432674408,1.0
856_r3,zh,0.5477225574951661,0.4522774425048339,3,10,1.0,0.30000001192092896,1.0
856_r4,en,9.303743780584471e-07,0.9999990696256219,3,10,1.0,0.20000000298023224,0.5000000000019581
856_r4,fr,6.578740317673447e-07,0.9999993421259682,3,10,1.0,0.10000000149011612,0.12451124978751298
856_r4,ja,0.6831300510517122,0.3168699489482878,3,10,1.0,0.5333333611488342,0.8000000000008656
856_r4,zh,0.5551309904731668,0.44486900952683317,3,10,1.0,0.4000000059604645,0.7245112497849162
856_r5,en,0.447213595493575,0.552786404506425,3,10,1.0,0.6000000238418579,0.3000000000028235
856_r5,fr,6.578740317673447e-07,0.9999993421259682,3,10,1.0,0.10000000149011612,0.10000000000368914
856_r5,ja,0.605530070808443,0.394469929191557,3,10,1.0,0.36666667461395264,1.0
856_r5,zh,0.4472135954917929,0.5527864045082072,3,10,1.0,0.20000000298023224,0.7245112497849162
858_r1,en,0.6388821617325591,0.3611178382674409,3,10,1.0,0.5,0.5245112497857818
858_r1,fr,0.7128607273354887,0.28713927266451134,3,10,1.0,0.800000011920929,0.5245112497857819
858_r1,ja,0.6324555320221288,0.3675444679778712,3,10,1.0,0.4000000059604645,1.0
858_r1,zh,0.5773502691790848,0.42264973082091517,3,10,1.0,0.3333333432674408,1.0
858_r2,en,0.3288927128896106,0.6711072871103894,3,10,1.0,0.4000000059604645,0.3245112497866474
858_r2,fr,0.4651245351332373,0.5348754648667626,3,10,1.0,0.6000000238418579,0.32451124978664747
858_r2,ja,0.5477225574951661,0.4522774425048339,3,10,1.0,0.30000001192092896,0.7245112497849162
858_r2,zh,0.4472135954917929,0.5527864045082072,3,10,1.0,0.20000000298023224,1.0
858_r3,en,0.6324555320221288,0.3675444679778712,3,10,1.0,0.4000000059604645,0.6000000000017313
858_r3,fr,0.465124535132772,0.534875464867228,3,10,1.0,0.5,0.3245112497866474
858_r3,ja,0.8366600265188001,0.16333997348119988,3,10,1.0,0.699999988079071,1.0
858_r3,zh,0.5163977794848941,0.48360222051510593,3,10,1.0,0.2666666805744171,1.0
858_r4,en,0.7071067811739437,0.29289321882605635,3,10,1.0,0.6000000238418579,0.6000000000017313
858_r4,fr,0.34108772066223897,0.6589122793377611,3,10,1.0,0.5,0.12451124978751298
858_r4,ja,0.6324555320221289,0.3675444679778711,3,10,1.0,0.4000000059604645,1.0
858_r4,zh,0.2581988897424471,0.7418011102575529,3,10,1.0,0.06666667014360428,1.0
858_r5,en,0.5477225574951661,0.4522774425048339,3,10,1.0,0.30000001192092896,0.5000000000019581
858_r5,fr,0.5477225574955612,0.4522774425044388,3,10,1.0,0.4000000059604645,0.5000000000019581
858_r5,ja,0.894427190983586,0.10557280901641397,3,10,1.0,0.800000011920929,1.0
858_r5,zh,0.4472135954917929,0.5527864045082072,3,10,1.0,0.20000000298023224,1.0
85_r1,en,0.0,1.0,3,10,1.0,0.0,0.3245112497866474
85_r1,fr,0.0,1.0,3,10,0.0,0.0,0.3000000000028235
85_r1,ja,0.0,1.0,3,10,0.0,0.0,0.8000000000008656
85_r1,zh,0.0,1.0,3,10,1.0,0.0,1.0
85_r2,en,0.0,1.0,3,10,1.0,0.0,0.30000000000282356
85_r2,fr,0.0,1.0,3,10,0.0,0.0,0.3000000000028235
85_r2,ja,0.07380341724100006,0.926196582759,3,10,0.0,0.06666667014360428,0.7245112497849162
85_r2,zh,0.0,1.0,3,10,1.0,0.0,1.0
85_r3,en,0.0,1.0,3,10,1.0,0.0,0.10000000000368914
85_r3,fr,0.0,1.0,3,10,0.0,0.0,0.32451124978664747
85_r3,ja,0.0,1.0,3,10,0.0,0.0,1.0
85_r3,zh,0.0,1.0,3,10,1.0,0.0,1.0
85_r4,en,0.0,1.0,3,10,1.0,0.0,0.30000000000282356
85_r4,fr,0.0,1.0,3,10,0.0,0.0,0.12451124978751298
85_r4,ja,0.447213595491793,0.5527864045082069,3,10,0.0,0.20000000298023224,1.0
85_r4,zh,0.0,1.0,3,10,1.0,0.0,1.0
85_r5,en,0.0,1.0,3,10,1.0,0.0,0.10000000000368914
85_r5,fr,0.0,1.0,3,10,0.0,0.0,0.12451124978751298
85_r5,ja,0.0,1.0,3,10,0.0,0.0,1.0
85_r5,zh,0.2581988897424471,0.7418011102575529,3,10,1.0,0.06666667014360428,1.0
864_r1,en,0.31622776601311736,0.6837722339868826,3,10,1.0,0.4000000059604645,0.40000000000259683
864_r1,fr,6.03414238432249e-07,0.9999993965857615,3,10,1.0,0.10000000149011612,0.10000000000368914
864_r1,ja,0.6100111564961145,0.3899888435038855,3,10,0.0,0.4333333373069763,0.7245112497849162
864_r1,zh,0.0,1.0,3,10,0.0,0.0,1.0
864_r2,en,0.45625696333123095,0.543743036668769,3,10,1.0,0.5,0.3245112497866474
864_r2,fr,0.0,1.0,3,10,1.0,0.0,0.30000000000282356
864_r2,ja,0.4830458915308287,0.5169541084691713,3,10,0.0,0.23333333432674408,1.0
864_r2,zh,0.6324555320221288,0.3675444679778712,3,10,0.0,0.4000000059604645,0.8000000000008656
864_r3,en,0.127831268433617,0.872168731566383,3,10,1.0,0.20000000298023224,0.5245112497857819
864_r3,fr,0.0,1.0,3,10,1.0,0.0,0.10000000000368914
864_r3,ja,0.2166810889838775,0.7833189110161225,3,10,0.0,0.20000000298023224,0.7245112497849162
864_r3,zh,6.578740317673447e-07,0.9999993421259682,3,10,0.0,0.10000000149011612,0.8000000000008656
864_r4,en,1.0775043981160182e-06,0.9999989224956018,3,10,1.0,0.30000001192092896,0.3000000000028235
864_r4,fr,6.578740317673447e-07,0.9999993421259682,3,10,1.0,0.10000000149011612,0.12451124978751298
864_r4,ja,0.4082482904565861,0.5917517095434139,3,10,0.0,0.20000000298023224,0.6000000000017313
864_r4,zh,0.7745966692273415,0.2254033307726585,3,10,0.0,0.6000000238418579,1.0
864_r5,en,0.7071067811742496,0.29289321882575037,3,10,1.0,0.699999988079071,0.6000000000017313
864_r5,fr,6.578740317673447e-07,0.9999993421259682,3,10,1.0,0.10000000149011612,0.12451124978751298
864_r5,ja,0.5773502691794596,0.42264973082054036,3,10,0.0,0.4333333373069763,0.8000000000008656
864_r5,zh,0.4472135954917929,0.5527864045082072,3,10,0.0,0.20000000298023224,1.0
868_r1,en,0.7128607273351852,0.28713927266481476,3,10,1.0,0.699999988079071,0.5245112497857818
868_r1,fr,0.7185686001847857,0.28143139981521426,3,10,1.0,0.800000011920929,0.5245112497857818
868_r1,ja,0.8366600265188001,0.16333997348119988,3,10,1.0,0.699999988079071,1.0
868_r1,zh,0.4562569633302825,0.5437430366697176,3,10,1.0,0.30000001192092896,0.7245112497849162
868_r2,en,0.7071067811739437,0.29289321882605635,3,10,1.0,0.6000000238418579,0.6000000000017313
868_r2,fr,0.8366600265190182,0.16333997348098184,3,10,1.0,0.800000011920929,0.7000000000010924
868_r2,ja,0.7071067811739437,0.29289321882605635,3,10,1.0,0.6000000238418579,0.8000000000008656
868_r2,zh,0.4472135954917929,0.5527864045082072,3,10,1.0,0.20000000298023224,1.0
868_r3,en,0.8463692061764693,0.15363079382353073,3,10,1.0,0.8999999761581421,0.7245112497849162
868_r3,fr,0.8366600265190589,0.1633399734809411,3,10,1.0,0.800000011920929,0.8000000000008656
868_r3,ja,0.894427190983586,0.10557280901641397,3,10,1.0,0.800000011920929,1.0
868_r3,zh,0.5773502691790847,0.4226497308209153,3,10,1.0,0.3333333432674408,1.0
868_r4,en,0.8511822658857858,0.14881773411421417,3,10,1.0,1.0,0.7245112497849162
868_r4,fr,0.5624418487090543,0.43755815129094566,3,10,1.0,0.699999988079071,0.3245112497866474
868_r4,ja,0.7071067811736377,0.2928932188263623,3,10,1.0,0.5,1.0
868_r4,zh,0.3162277660117488,0.6837722339882513,3,10,1.0,0.20000000298023224,0.5245112497857819
868_r5,en,0.3288927128896106,0.6711072871103894,3,10,1.0,0.4000000059604645,0.12451124978751298
868_r5,fr,0.8944271909838276,0.10557280901617239,3,10,1.0,0.8999999761581421,0.8000000000008656
868_r5,ja,0.7850737756207621,0.21492622437923792,3,10,1.0,0.800000011920929,0.7245112497849162
868_r5,zh,0.31622776601106445,0.6837722339889356,3,10,1.0,0.10000000149011612,1.0
869_r1,en,0.0903903567642706,0.9096096432357295,3,10,0.0,0.4000000059604645,0.12451124978751298
869_r1,fr,0.0,1.0,3,10,0.0,0.0,0.10000000000368914
869_r1,ja,0.6582805885923649,0.34171941140763507,3,10,1.0,0.4333333373069763,1.0
869_r1,zh,0.4472135954917929,0.5527864045082072,3,10,0.0,0.20000000298023224,1.0
869_r2,en,0.4472135954931678,0.5527864045068323,3,10,0.0,0.5,0.3000000000028235
869_r2,fr,0.0,1.0,3,10,0.0,0.0,0.3000000000028235
869_r2,ja,0.6324555320221288,0.3675444679778712,3,10,1.0,0.4000000059604645,0.7245112497849162
869_r2,zh,0.4472135954917929,0.5527864045082072,3,10,0.0,0.20000000298023224,1.0
869_r3,en,0.316227766012433,0.6837722339875669,3,10,0.0,0.30000001192092896,0.10000000000368914
869_r3,fr,9.303743780584473e-07,0.9999990696256219,3,10,0.0,0.20000000298023224,0.10000000000368914
869_r3,ja,0.44721359549179285,0.5527864045082072,3,10,1.0,0.20000000298023224,0.5245112497857819
869_r3,zh,0.4472135954917929,0.5527864045082072,3,10,0.0,0.20000000298023224,1.0
869_r4,en,0.316227766013693,0.683772233986307,3,10,0.0,0.5,0.10000000000368914
869_r4,fr,0.3162277660117488,0.6837722339882513,3,10,0.0,0.20000000298023224,0.3000000000028235
869_r4,ja,0.4472135954922769,0.5527864045077231,3,10,1.0,0.30000001192092896,0.8000000000008656
869_r4,zh,0.4472135954917929,0.5527864045082072,3,10,0.0,0.20000000298023224,1.0
869_r5,en,0.4651245351332374,0.5348754648667626,3,10,0.0,0.6000000238418579,0.3245112497866474
869_r5,fr,0.0,1.0,3,10,0.0,0.0,0.10000000000368914
869_r5,ja,0.5477225574951661,0.4522774425048339,3,10,1.0,0.30000001192092896,0.8000000000008656
869_r5,zh,0.6324555320221288,0.3675444679778712,3,10,0.0,0.4000000059604645,0.8000000000008656
871_r1,en,0.49694133890826203,0.503058661091738,3,10,0.0,0.4000000059604645,0.7245112497849162
871_r1,fr,0.0,1.0,3,10,1.0,0.0,0.3000000000028235
871_r1,ja,0.6324555320221288,0.3675444679778712,3,10,0.0,0.4000000059604645,1.0
871_r1,zh,5.371518976191752e-07,0.9999994628481024,3,10,0.0,0.06666667014360428,0.8000000000008656
871_r2,en,0.1825741858329073,0.8174258141670927,3,10,0.0,0.13333334028720856,0.10000000000368914
871_r2,fr,8.92696468468758e-07,0.9999991073035315,3,10,1.0,0.20000000298023224,0.10000000000368914
871_r2,ja,0.31622776601106445,0.6837722339889356,3,10,0.0,0.10000000149011612,0.6000000000017313
871_r2,zh,0.4830458915308288,0.5169541084691712,3,10,0.0,0.23333333432674408,0.7245112497849162
871_r3,en,0.5477225574955612,0.4522774425044388,3,10,0.0,0.4000000059604645,0.6000000000017313
871_r3,fr,0.31622776601174873,0.6837722339882513,3,10,1.0,0.20000000298023224,0.6000000000017313
871_r3,ja,0.7071067811736377,0.2928932188263623,3,10,0.0,0.5,1.0
871_r3,zh,0.3162277660110644,0.6837722339889356,3,10,0.0,0.10000000149011612,1.0
871_r4,en,0.31622776601255254,0.6837722339874475,3,10,0.0,0.3333333432674408,0.30000000000282356
871_r4,fr,0.09039035675948248,0.9096096432405175,3,10,1.0,0.20000000298023224,0.12451124978751298
871_r4,ja,0.7071067811736377,0.2928932188263623,3,10,0.0,0.5,1.0
871_r4,zh,0.4830458915308288,0.5169541084691712,3,10,0.0,0.23333333432674408,1.0
871_r5,en,0.3651483716638392,0.6348516283361608,3,10,0.0,0.20000000298023224,0.40000000000259683
871_r5,fr,6.578740317673447e-07,0.9999993421259682,3,10,1.0,0.10000000149011612,0.10000000000368914
871_r5,ja,0.5477225574951661,0.4522774425048339,3,10,0.0,0.30000001192092896,1.0
871_r5,zh,0.48304589153097816,0.5169541084690219,3,10,0.0,0.2666666805744171,0.8000000000008656
873_r1,en,0.5477225574969535,0.45227744250304647,3,10,0.0,0.800000011920929,0.3000000000028235
873_r1,fr,6.578740317673447e-07,0.9999993421259682,3,10,1.0,0.10000000149011612,0.30000000000282356
873_r1,ja,0.7745966692273415,0.2254033307726585,3,10,1.0,0.6000000238418579,1.0
873_r1,zh,0.31622776601106445,0.6837722339889356,3,10,1.0,0.10000000149011612,1.0
873_r2,en,0.9999999999817427,1.8257284573053312e-11,3,10,0.0,1.0,1.0
873_r2,fr,0.09039035675948248,0.9096096432405175,3,10,1.0,0.20000000298023224,0.32451124978664747
873_r2,ja,0.32889271288895267,0.6711072871110473,3,10,1.0,0.30000001192092896,0.3245112497866474
873_r2,zh,0.31622776601106445,0.6837722339889356,3,10,1.0,0.10000000149011612,1.0
873_r3,en,1.5899999847521633e-06,0.9999984100000152,3,10,0.0,0.6000000238418579,0.10000000000368914
873_r3,fr,6.578740317673447e-07,0.9999993421259682,3,10,1.0,0.10000000149011612,0.10000000000368914
873_r3,ja,0.8366600265188001,0.16333997348119988,3,10,1.0,0.699999988079071,1.0
873_r3,zh,0.31622776601106445,0.6837722339889356,3,10,1.0,0.10000000149011612,1.0
873_r4,en,0.15656069042308277,0.8434393095769173,3,10,0.0,0.699999988079071,0.12451124978751298
873_r4,fr,6.578740317673447e-07,0.9999993421259682,3,10,1.0,0.10000000149011612,0.12451124978751298
873_r4,ja,0.6324555320221288,0.3675444679778712,3,10,1.0,0.4000000059604645,1.0
873_r4,zh,0.4472135954917929,0.5527864045082072,3,10,1.0,0.20000000298023224,1.0
873_r5,en,0.316227766013693,0.683772233986307,3,10,0.0,0.5,0.10000000000368914
873_r5,fr,6.578740317673447e-07,0.9999993421259682,3,10,1.0,0.10000000149011612,0.10000000000368914
873_r5,ja,0.5477225574955612,0.4522774425044388,3,10,1.0,0.4000000059604645,0.6000000000017313
873_r5,zh,0.31622776601106445,0.6837722339889356,3,10,1.0,0.10000000149011612,0.7245112497849162
876_r1,en,0.4651245351332373,0.5348754648667626,3,10,1.0,0.6000000238418579,0.3245112497866474
876_r1,fr,0.8463692061764693,0.15363079382353073,3,10,1.0,0.8999999761581421,0.7245112497849162
876_r1,ja,0.6324555320221288,0.3675444679778712,3,10,1.0,0.4000000059604645,1.0
876_r1,zh,0.4472135954922769,0.5527864045077231,3,10,1.0,0.30000001192092896,0.8000000000008656
876_r2,en,0.5624418487090542,0.4375581512909458,3,10,1.0,0.699999988079071,0.3245112497866474
876_r2,fr,0.3528615164356057,0.6471384835643943,3,10,1.0,0.6000000238418579,0.3245112497866474
876_r2,ja,0.6324555320221288,0.3675444679778712,3,10,1.0,0.4000000059604645,0.7245112497849162
876_r2,zh,0.31622776601106445,0.6837722339889356,3,10,1.0,0.10000000149011612,1.0
876_r3,en,0.4472135954922769,0.5527864045077231,3,10,1.0,0.30000001192092896,0.30000000000282356
876_r3,fr,1.289381040718466e-06,0.9999987106189593,3,10,1.0,0.4000000059604645,0.10000000000368914
876_r3,ja,0.5477225574951661,0.4522774425048339,3,10,1.0,0.30000001192092896,1.0
876_r3,zh,0.5477225574951662,0.4522774425048338,3,10,1.0,0.30000001192092896,1.0
876_r4,en,0.5624418487090542,0.4375581512909458,3,10,1.0,0.699999988079071,0.3245112497866474
876_r4,fr,1.289381040718466e-06,0.9999987106189593,3,10,1.0,0.4000000059604645,0.10000000000368914
876_r4,ja,0.5477225574951661,0.4522774425048339,3,10,1.0,0.30000001192092896,0.8000000000008656
876_r4,zh,0.0,1.0,3,10,1.0,0.0,1.0
876_r5,en,0.4651245351332374,0.5348754648667626,3,10,1.0,0.6000000238418579,0.3245112497866474
876_r5,fr,0.9999999999817427,1.8257284573053312e-11,3,10,1.0,1.0,1.0
876_r5,ja,0.7745966692273415,0.2254033307726585,3,10,1.0,0.6000000238418579,1.0
876_r5,zh,0.0,1.0,3,10,1.0,0.0,0.8000000000008656
877_r1,en,1.1089207485165086e-06,0.9999988910792514,3,10,1.0,0.30000001192092896,0.10000000000368914
877_r1,fr,0.5551309904739464,0.44486900952605357,3,10,1.0,0.6000000238418579,0.3245112497866474
877_r1,ja,0.4082482904564095,0.5917517095435905,3,10,1.0,0.1666666716337204,1.0
877_r1,zh,0.0,1.0,3,10,0.0,0.0,1.0
877_r2,en,0.7071067811742496,0.29289321882575037,3,10,1.0,0.699999988079071,0.6000000000017313
877_r2,fr,0.0,1.0,3,10,1.0,0.0,0.10000000000368914
877_r2,ja,0.4082482904564095,0.5917517095435905,3,10,1.0,0.1666666716337204,0.7245112497849162
877_r2,zh,0.2581988897424471,0.7418011102575529,3,10,0.0,0.06666667014360428,1.0
877_r3,en,0.6324555320228132,0.36754446797718676,3,10,1.0,0.6000000238418579,0.6000000000017313
877_r3,fr,0.7071067811741527,0.2928932188258473,3,10,1.0,0.699999988079071,0.5000000000019581
877_r3,ja,0.36514837166443176,0.6348516283355683,3,10,1.0,0.30000001192092896,0.6000000000017313
877_r3,zh,0.0,1.0,3,10,0.0,0.0,1.0
877_r4,en,0.5624418487090543,0.43755815129094566,3,10,1.0,0.699999988079071,0.3245112497866474
877_r4,fr,0.4651245351323068,0.5348754648676932,3,10,1.0,0.4000000059604645,0.3245112497866474
877_r4,ja,0.447213595491793,0.5527864045082069,3,10,1.0,0.20000000298023224,1.0
877_r4,zh,0.18257418583211713,0.8174258141678828,3,10,0.0,0.06666667014360428,0.5000000000019581
877_r5,en,0.31622776601106445,0.6837722339889356,3,10,1.0,0.10000000149011612,0.3000000000028235
877_r5,fr,0.5477225574962259,0.4522774425037741,3,10,1.0,0.6000000238418579,0.3000000000028235
877_r5,ja,0.4082482904564095,0.5917517095435905,3,10,1.0,0.1666666716337204,0.7245112497849162
877_r5,zh,0.3247259527552389,0.6752740472447611,3,10,0.0,0.1666666716337204,0.7245112497849162
878_r1,en,0.0,1.0,3,10,1.0,0.0,0.5000000000019581
878_r1,fr,0.21030269167565194,0.789697308324348,3,10,1.0,0.4000000059604645,0.12451124978751298
878_r1,ja,0.5477225574951662,0.4522774425048338,3,10,0.0,0.30000001192092896,1.0
878_r1,zh,0.5551309904731668,0.44486900952683317,3,10,1.0,0.4000000059604645,0.7245112497849162
878_r2,en,0.31622776601174873,0.6837722339882513,3,10,1.0,0.20000000298023224,0.6000000000017313
878_r2,fr,1.1721652217364042e-06,0.9999988278347782,3,10,1.0,0.3333333432674408,0.10000000000368914
878_r2,ja,0.4472135954922769,0.5527864045077231,3,10,0.0,0.30000001192092896,0.5245112497857818
878_r2,zh,0.0,1.0,3,10,1.0,0.0,0.8000000000008656
878_r3,en,0.0,1.0,3,10,1.0,0.0,0.6000000000017313
878_r3,fr,0.21030269167565194,0.789697308324348,3,10,1.0,0.4000000059604645,0.12451124978751298
878_r3,ja,0.0,1.0,3,10,0.0,0.0,1.0
878_r3,zh,0.31622776601106445,0.6837722339889356,3,10,1.0,0.10000000149011612,1.0
878_r4,en,0.0,1.0,3,10,1.0,0.0,0.6000000000017313
878_r4,fr,0.4213793486322837,0.5786206513677163,3,10,1.0,0.36666667461395264,0.5245112497857819
878_r4,ja,0.0,1.0,3,10,0.0,0.0,1.0
878_r4,zh,0.4472135954917929,0.5527864045082072,3,10,1.0,0.20000000298023224,1.0
878_r5,en,6.578740317673447e-07,0.9999993421259682,3,10,1.0,0.10000000149011612,0.6000000000017313
878_r5,fr,0.2784969577166314,0.7215030422833686,3,10,1.0,0.2666666805744171,0.3245112497866474
878_r5,ja,0.5477225574951662,0.4522774425048338,3,10,0.0,0.30000001192092896,1.0
878_r5,zh,0.31622776601106445,0.6837722339889356,3,10,1.0,0.10000000149011612,0.8000000000008656
881_r1,en,0.4651245351332374,0.5348754648667626,3,10,1.0,0.6000000238418579,0.3245112497866474
881_r1,fr,6.578740317673447e-07,0.9999993421259682,3,10,1.0,0.10000000149011612,0.10000000000368914
881_r1,ja,0.0,1.0,3,10,0.0,0.0,1.0
881_r1,zh,0.4472135954917929,0.5527864045082072,3,10,0.0,0.20000000298023224,1.0
881_r2,en,0.5624418487090543,0.43755815129094566,3,10,1.0,0.699999988079071,0.3245112497866474
881_r2,fr,0.0,1.0,3,10,1.0,0.0,0.3000000000028235
881_r2,ja,0.0,1.0,3,10,0.0,0.0,0.8000000000008656
881_r2,zh,0.18257418583172202,0.817425814168278,3,10,0.0,0.03333333507180214,1.0
881_r3,en,0.7071067811738951,0.29289321882610486,3,10,1.0,0.6000000238418579,0.5000000000019581
881_r3,fr,0.0,1.0,3,10,1.0,0.0,0.10000000000368914
881_r3,ja,0.0,1.0,3,10,0.0,0.0,0.6000000000017313
881_r3,zh,0.0,1.0,3,10,0.0,0.0,1.0
881_r4,en,0.4562569633307568,0.5437430366692432,3,10,1.0,0.4000000059604645,0.3245112497866474
881_r4,fr,8.92696468468758e-07,0.9999991073035315,3,10,1.0,0.20000000298023224,0.10000000000368914
881_r4,ja,0.5477225574951662,0.4522774425048338,3,10,0.0,0.30000001192092896,0.8000000000008656
881_r4,zh,0.5773502691790848,0.42264973082091517,3,10,0.0,0.3333333432674408,1.0
881_r5,en,0.5477225574959564,0.45227744250404356,3,10,1.0,0.5,0.30000000000282356
881_r5,fr,8.92696468468758e-07,0.9999991073035315,3,10,1.0,0.20000000298023224,0.10000000000368914
881_r5,ja,0.31622776601106445,0.6837722339889356,3,10,0.0,0.10000000149011612,0.6000000000017313
881_r5,zh,0.4082482904564095,0.5917517095435905,3,10,0.0,0.1666666716337204,1.0
882_r1,en,0.4472135954922769,0.5527864045077231,3,10,1.0,0.30000001192092896,0.6000000000017313
882_r1,fr,6.578740317673447e-07,0.9999993421259682,3,10,1.0,0.10000000149011612,0.5245112497857819
882_r1,ja,0.5477225574955611,0.4522774425044389,3,10,1.0,0.4000000059604645,0.8000000000008656
882_r1,zh,0.0,1.0,3,10,0.0,0.0,1.0
882_r2,en,0.45625696333123106,0.543743036668769,3,10,1.0,0.5,0.3245112497866474
882_r2,fr,0.31622776601106445,0.6837722339889356,3,10,1.0,0.10000000149011612,0.3245112497866474
882_r2,ja,0.4562569633302825,0.5437430366697176,3,10,1.0,0.30000001192092896,0.7245112497849162
882_r2,zh,0.31622776601106445,0.6837722339889356,3,10,0.0,0.10000000149011612,0.8000000000008656
882_r3,en,0.5624418487086695,0.43755815129133047,3,10,1.0,0.6000000238418579,0.5245112497857818
882_r3,fr,6.578740317673447e-07,0.9999993421259682,3,10,1.0,0.10000000149011612,0.3245112497866474
882_r3,ja,0.4472135954922769,0.5527864045077231,3,10,1.0,0.30000001192092896,0.8000000000008656
882_r3,zh,0.0,1.0,3,10,0.0,0.0,0.8000000000008656
882_r4,en,0.5477225574958936,0.4522774425041064,3,10,1.0,0.5,0.3000000000028235
882_r4,fr,8.92696468468758e-07,0.9999991073035315,3,10,1.0,0.20000000298023224,0.5000000000019581
882_r4,ja,0.5624418487082847,0.43755815129171527,3,10,1.0,0.5,0.7245112497849162
882_r4,zh,0.0,1.0,3,10,0.0,0.0,0.7245112497849162
882_r5,en,0.31622776601311736,0.6837722339868826,3,10,1.0,0.4000000059604645,0.12451124978751298
882_r5,fr,6.578740317673447e-07,0.9999993421259682,3,10,1.0,0.10000000149011612,0.40000000000259683
882_r5,ja,0.4472135954917929,0.5527864045082072,3,10,1.0,0.20000000298023224,1.0
882_r5,zh,0.0,1.0,3,10,0.0,0.0,1.0
885_r1,en,0.316227766012433,0.6837722339875669,3,10,1.0,0.30000001192092896,0.10000000000368914
885_r1,fr,0.0,1.0,3,10,0.0,0.0,0.10000000000368914
885_r1,ja,0.0,1.0,3,10,0.0,0.0,1.0
885_r1,zh,0.0,1.0,3,10,0.0,0.0,1.0
885_r2,en,0.5477225574959562,0.4522774425040438,3,10,1.0,0.5,0.40000000000259683
885_r2,fr,6.578740317673447e-07,0.9999993421259682,3,10,0.0,0.10000000149011612,0.10000000000368914
885_r2,ja,0.31622776601106445,0.6837722339889356,3,10,0.0,0.10000000149011612,0.8000000000008656
885_r2,zh,0.0,1.0,3,10,0.0,0.0,1.0
885_r3,en,0.5477225574966839,0.45227744250331614,3,10,1.0,0.699999988079071,0.3000000000028235
885_r3,fr,0.0,1.0,3,10,0.0,0.0,0.10000000000368914
885_r3,ja,0.0,1.0,3,10,0.0,0.0,1.0
885_r3,zh,0.4472135954917929,0.5527864045082072,3,10,0.0,0.20000000298023224,1.0
885_r4,en,0.4472135954931678,0.5527864045068323,3,10,1.0,0.5,0.3000000000028235
885_r4,fr,0.0,1.0,3,10,0.0,0.0,0.10000000000368914
885_r4,ja,0.4472135954917929,0.5527864045082072,3,10,0.0,0.20000000298023224,0.8000000000008656
885_r4,zh,0.4472135954917929,0.5527864045082072,3,10,0.0,0.20000000298023224,1.0
885_r5,en,0.0,1.0,3,10,1.0,0.0,0.10000000000368914
885_r5,fr,6.578740317673447e-07,0.9999993421259682,3,10,0.0,0.10000000149011612,0.40000000000259683
885_r5,ja,0.31622776601106445,0.6837722339889356,3,10,0.0,0.10000000149011612,1.0
885_r5,zh,0.0,1.0,3,10,0.0,0.0,1.0
888_r1,en,0.1278312684370027,0.8721687315629973,3,10,0.0,0.4000000059604645,0.12451124978751298
888_r1,fr,0.0,1.0,3,10,0.0,0.0,0.5000000000019581
888_r1,ja,0.31622776601106445,0.6837722339889356,3,10,0.0,0.10000000149011612,0.3000000000028235
888_r1,zh,0.0,1.0,3,10,0.0,0.0,0.7245112497849162
888_r2,en,0.0,1.0,3,10,0.0,0.0,0.12451124978751298
888_r2,fr,0.0,1.0,3,10,0.0,0.0,0.6000000000017313
888_r2,ja,0.4472135954922769,0.5527864045077231,3,10,0.0,0.30000001192092896,0.8000000000008656
888_r2,zh,0.0,1.0,3,10,0.0,0.0,1.0
888_r3,en,0.0,1.0,3,10,0.0,0.0,0.5245112497857819
888_r3,fr,0.31622776601106445,0.6837722339889356,3,10,0.0,0.10000000149011612,0.7245112497849162
888_r3,ja,0.5477225574955612,0.4522774425044388,3,10,0.0,0.4000000059604645,0.8000000000008656
888_r3,zh,0.0,1.0,3,10,0.0,0.0,0.5245112497857818
888_r4,en,0.0,1.0,3,10,0.0,0.0,0.3245112497866474
888_r4,fr,0.0,1.0,3,10,0.0,0.0,0.3000000000028235
888_r4,ja,0.31622776601106445,0.6837722339889356,3,10,0.0,0.10000000149011612,0.5245112497857819
888_r4,zh,0.2581988897424471,0.7418011102575529,3,10,0.0,0.06666667014360428,0.7000000000010924
888_r5,en,6.03414238432249e-07,0.9999993965857615,3,10,0.0,0.10000000149011612,0.10000000000368914
888_r5,fr,0.0,1.0,3,10,0.0,0.0,0.3245112497866474
888_r5,ja,9.303743780584473e-07,0.9999990696256219,3,10,0.0,0.20000000298023224,0.3245112497866474
888_r5,zh,0.36514837166344405,0.634851628336556,3,10,0.0,0.13333334028720856,1.0
88_r1,en,0.5867088052130227,0.4132911947869773,3,10,1.0,0.5666666626930237,0.5245112497857819
88_r1,fr,0.6324555320224711,0.36754446797752893,3,10,0.0,0.5,0.8000000000008656
88_r1,ja,0.6324555320221288,0.3675444679778712,3,10,0.0,0.4000000059604645,1.0
88_r1,zh,0.31622776601106445,0.6837722339889356,3,10,0.0,0.10000000149011612,0.8000000000008656
88_r2,en,0.3651483716647641,0.6348516283352359,3,10,1.0,0.36666667461395264,0.3000000000028235
88_r2,fr,0.9486832980331933,0.05131670196680671,3,10,0.0,0.8999999761581421,1.0
88_r2,ja,0.7071067811736377,0.2928932188263623,3,10,0.0,0.5,1.0
88_r2,zh,0.4472135954917929,0.5527864045082072,3,10,0.0,0.20000000298023224,0.8000000000008656
88_r3,en,0.4082482904579155,0.5917517095420846,3,10,1.0,0.46666666865348816,0.3000000000028235
88_r3,fr,0.3410877206628734,0.6589122793371266,3,10,0.0,0.6000000238418579,0.12451124978751298
88_r3,ja,0.31622776601174873,0.6837722339882513,3,10,0.0,0.20000000298023224,0.5245112497857819
88_r3,zh,0.31622776601106445,0.6837722339889356,3,10,0.0,0.10000000149011612,0.5245112497857819
88_r4,en,0.4592318464419263,0.5407681535580737,3,10,1.0,0.5333333611488342,0.3245112497866474
88_r4,fr,0.7850737756207621,0.21492622437923792,3,10,0.0,0.800000011920929,0.7245112497849162
88_r4,ja,0.8366600265188001,0.16333997348119988,3,10,0.0,0.699999988079071,1.0
88_r4,zh,0.4472135954917929,0.5527864045082072,3,10,0.0,0.20000000298023224,0.8000000000008656
88_r5,en,0.577350269179775,0.42264973082022494,3,10,1.0,0.5333333611488342,0.5000000000019581
88_r5,fr,0.8366600265188001,0.16333997348119988,3,10,0.0,0.699999988079071,1.0
88_r5,ja,0.7745966692273415,0.2254033307726585,3,10,0.0,0.6000000238418579,1.0
88_r5,zh,0.6324555320221288,0.3675444679778712,3,10,0.0,0.4000000059604645,1.0
893_r1,en,9.303743780584471e-07,0.9999990696256219,3,10,1.0,0.20000000298023224,0.3000000000028235
893_r1,fr,0.31622776601106445,0.6837722339889356,3,10,1.0,0.10000000149011612,0.7245112497849162
893_r1,ja,0.6324555320221288,0.3675444679778712,3,10,1.0,0.4000000059604645,1.0
893_r1,zh,0.31622776601106445,0.6837722339889356,3,10,1.0,0.10000000149011612,1.0
893_r2,en,0.3162277660117488,0.6837722339882513,3,10,1.0,0.20000000298023224,0.3000000000028235
893_r2,fr,6.578740317673447e-07,0.9999993421259682,3,10,1.0,0.10000000149011612,0.10000000000368914
893_r2,ja,0.6324555320221288,0.3675444679778712,3,10,1.0,0.4000000059604645,1.0
893_r2,zh,0.6324555320221289,0.3675444679778711,3,10,1.0,0.4000000059604645,1.0
893_r3,en,0.0,1.0,3,10,1.0,0.0,0.10000000000368914
893_r3,fr,6.578740317673447e-07,0.9999993421259682,3,10,1.0,0.10000000149011612,0.12451124978751298
893_r3,ja,0.7745966692273415,0.2254033307726585,3,10,1.0,0.6000000238418579,1.0
893_r3,zh,0.0,1.0,3,10,1.0,0.0,1.0
893_r4,en,0.0,1.0,3,10,1.0,0.0,0.3000000000028235
893_r4,fr,0.0,1.0,3,10,1.0,0.0,0.3245112497866474
893_r4,ja,0.5477225574951661,0.4522774425048339,3,10,1.0,0.30000001192092896,1.0
893_r4,zh,0.32889271288829475,0.6711072871117052,3,10,1.0,0.20000000298023224,0.7245112497849162
893_r5,en,6.578740317673447e-07,0.9999993421259682,3,10,1.0,0.10000000149011612,0.10000000000368914
893_r5,fr,0.0,1.0,3,10,1.0,0.0,0.3245112497866474
893_r5,ja,0.7745966692273415,0.2254033307726585,3,10,1.0,0.6000000238418579,1.0
893_r5,zh,0.6324555320221288,0.3675444679778712,3,10,1.0,0.4000000059604645,1.0
896_r1,en,0.8944271909838276,0.10557280901617239,3,10,1.0,0.8999999761581421,0.8000000000008656
896_r1,fr,0.18257418583317697,0.817425814166823,3,10,1.0,0.1666666716337204,0.10000000000368914
896_r1,ja,0.32889271288829475,0.6711072871117052,3,10,1.0,0.20000000298023224,0.3245112497866474
896_r1,zh,0.6055300708084428,0.3944699291915572,3,10,1.0,0.36666667461395264,1.0
896_r2,en,0.7850737756207621,0.21492622437923792,3,10,1.0,0.800000011920929,0.7245112497849162
896_r2,fr,8.357235806648943e-07,0.9999991642764193,3,10,1.0,0.1666666716337204,0.10000000000368914
896_r2,ja,0.6324555320224711,0.36754446797752893,3,10,1.0,0.5,0.8000000000008656
896_r2,zh,6.578740317673447e-07,0.9999993421259682,3,10,1.0,0.10000000149011612,0.6000000000017313
896_r3,en,0.8944271909838276,0.10557280901617239,3,10,1.0,0.8999999761581421,0.8000000000008656
896_r3,fr,6.578740317673447e-07,0.9999993421259682,3,10,1.0,0.10000000149011612,0.30000000000282356
896_r3,ja,0.4472135954917929,0.5527864045082072,3,10,1.0,0.20000000298023224,0.8000000000008656
896_r3,zh,0.31622776601106445,0.6837722339889356,3,10,1.0,0.10000000149011612,1.0
896_r4,en,0.7745966692279002,0.22540333077209984,3,10,1.0,0.800000011920929,0.6000000000017313
896_r4,fr,6.578740317673447e-07,0.9999993421259682,3,10,1.0,0.10000000149011612,0.12451124978751298
896_r4,ja,0.31622776601174873,0.6837722339882513,3,10,1.0,0.20000000298023224,0.6000000000017313
896_r4,zh,0.4472135954922769,0.5527864045077231,3,10,1.0,0.30000001192092896,0.8000000000008656
896_r5,en,0.8944271909838276,0.10557280901617239,3,10,1.0,0.8999999761581421,0.8000000000008656
896_r5,fr,5.371518976191752e-07,0.9999994628481024,3,10,1.0,0.06666667014360428,0.3245112497866474
896_r5,ja,0.32889271288895267,0.6711072871110473,3,10,1.0,0.30000001192092896,0.3245112497866474
896_r5,zh,0.31622776601106445,0.6837722339889356,3,10,1.0,0.10000000149011612,0.7245112497849162
902_r1,en,0.5624418487082847,0.43755815129171527,3,10,1.0,0.5,0.5245112497857819
902_r1,fr,0.4472135954922257,0.5527864045077743,3,10,1.0,0.30000001192092896,0.5000000000019581
902_r1,ja,0.31622776601106445,0.6837722339889356,3,10,0.0,0.10000000149011612,0.8000000000008656
902_r1,zh,0.31622776601106445,0.6837722339889356,3,10,1.0,0.10000000149011612,1.0
902_r2,en,0.3410877206622389,0.6589122793377611,3,10,1.0,0.5,0.12451124978751298
902_r2,fr,0.3651483716640053,0.6348516283359946,3,10,1.0,0.23333333432674408,0.5000000000019581
902_r2,ja,0.6324555320221289,0.3675444679778711,3,10,0.0,0.4000000059604645,1.0
902_r2,zh,0.0,1.0,3,10,1.0,0.0,1.0
902_r3,en,0.4472135954931678,0.5527864045068323,3,10,1.0,0.5,0.3000000000028235
902_r3,fr,6.578740317673447e-07,0.9999993421259682,3,10,1.0,0.10000000149011612,0.32451124978664747
902_r3,ja,0.7071067811736377,0.2928932188263623,3,10,0.0,0.5,1.0
902_r3,zh,0.31622776601106445,0.6837722339889356,3,10,1.0,0.10000000149011612,1.0
902_r4,en,0.547722557497016,0.45227744250298396,3,10,1.0,0.800000011920929,0.3000000000028235
902_r4,fr,0.6831300510515009,0.31686994894849907,3,10,1.0,0.46666666865348816,1.0
902_r4,ja,0.5477225574951662,0.4522774425048338,3,10,0.0,0.30000001192092896,1.0
902_r4,zh,0.31622776601106445,0.6837722339889356,3,10,1.0,0.10000000149011612,1.0
902_r5,en,0.6324555320224711,0.36754446797752893,3,10,1.0,0.5,0.6000000000017313
902_r5,fr,7.596474986674817e-07,0.9999992403525013,3,10,1.0,0.13333334028720856,0.12451124978751298
902_r5,ja,0.0,1.0,3,10,0.0,0.0,1.0
902_r5,zh,0.31622776601106445,0.6837722339889356,3,10,1.0,0.10000000149011612,1.0
903_r1,en,0.31622776601106445,0.6837722339889356,3,10,1.0,0.10000000149011612,0.5000000000019581
903_r1,fr,0.0,1.0,3,10,0.0,0.0,0.8000000000008656
903_r1,ja,0.0,1.0,3,10,0.0,0.0,0.8000000000008656
903_r1,zh,0.4472135954917929,0.5527864045082072,3,10,0.0,0.20000000298023224,1.0
903_r2,en,0.6324555320227588,0.36754446797724116,3,10,1.0,0.6000000238418579,0.5000000000019581
903_r2,fr,0.0,1.0,3,10,0.0,0.0,0.3000000000028235
903_r2,ja,0.31622776601106445,0.6837722339889356,3,10,0.0,0.10000000149011612,0.8000000000008656
903_r2,zh,0.4082482904564095,0.5917517095435905,3,10,0.0,0.1666666716337204,1.0
903_r3,en,0.4472135954922769,0.5527864045077231,3,10,1.0,0.30000001192092896,0.3000000000028235
903_r3,fr,0.4082482904564095,0.5917517095435905,3,10,0.0,0.1666666716337204,0.3245112497866474
903_r3,ja,0.0,1.0,3,10,0.0,0.0,0.8000000000008656
903_r3,zh,0.447213595491793,0.5527864045082069,3,10,0.0,0.20000000298023224,1.0
903_r4,en,0.4472135954931678,0.5527864045068323,3,10,1.0,0.5,0.3000000000028235
903_r4,fr,0.26342008059947514,0.7365799194005249,3,10,0.0,0.23333333432674408,0.3245112497866474
903_r4,ja,0.09039035675708842,0.9096096432429116,3,10,0.0,0.10000000149011612,0.5245112497857818
903_r4,zh,0.5477225574951661,0.4522774425048339,3,10,0.0,0.30000001192092896,1.0
903_r5,en,0.7071067811742012,0.2928932188257988,3,10,1.0,0.699999988079071,0.5000000000019581
903_r5,fr,0.0,1.0,3,10,0.0,0.0,0.7245112497849162
903_r5,ja,0.0,1.0,3,10,0.0,0.0,0.6000000000017313
903_r5,zh,0.32472595275523897,0.675274047244761,3,10,0.0,0.1666666716337204,0.7245112497849162
905_r1,en,0.0,1.0,3,10,1.0,0.0,0.8000000000008656
905_r1,fr,6.578740317673447e-07,0.9999993421259682,3,10,1.0,0.10000000149011612,0.10000000000368914
905_r1,ja,6.578740317673447e-07,0.9999993421259682,3,10,1.0,0.10000000149011612,0.32451124978664747
905_r1,zh,0.0,1.0,3,10,1.0,0.0,1.0
905_r2,en,0.0,1.0,3,10,1.0,0.0,0.5245112497857818
905_r2,fr,6.578740317673447e-07,0.9999993421259682,3,10,1.0,0.10000000149011612,0.12451124978751298
905_r2,ja,0.0,1.0,3,10,1.0,0.0,0.6000000000017313
905_r2,zh,0.2581988897424471,0.7418011102575529,3,10,1.0,0.06666667014360428,1.0
905_r3,en,0.316227766013693,0.683772233986307,3,10,1.0,0.5,0.10000000000368914
905_r3,fr,0.31622776601174873,0.6837722339882513,3,10,1.0,0.20000000298023224,0.32451124978664747
905_r3,ja,0.32889271288829475,0.6711072871117052,3,10,1.0,0.20000000298023224,0.5245112497857818
905_r3,zh,0.0,1.0,3,10,1.0,0.0,0.7245112497849162
905_r4,en,0.5477225574962885,0.4522774425037115,3,10,1.0,0.6000000238418579,0.3000000000028235
905_r4,fr,9.303743780584473e-07,0.9999990696256219,3,10,1.0,0.20000000298023224,0.12451124978751298
905_r4,ja,0.6324555320221288,0.3675444679778712,3,10,1.0,0.4000000059604645,1.0
905_r4,zh,0.31622776601106445,0.6837722339889356,3,10,1.0,0.10000000149011612,1.0
905_r5,en,1.1089207485165086e-06,0.9999988910792514,3,10,1.0,0.30000001192092896,0.10000000000368914
905_r5,fr,0.31622776601174873,0.6837722339882513,3,10,1.0,0.20000000298023224,0.6000000000017313
905_r5,ja,0.0,1.0,3,10,1.0,0.0,0.7245112497849162
905_r5,zh,0.40824829045640937,0.5917517095435907,3,10,1.0,0.1666666716337204,1.0
907_r1,en,0.7745966692275763,0.2254033307724237,3,10,0.0,0.699999988079071,0.7000000000010924
907_r1,fr,0.7302967433270855,0.2697032566729145,3,10,0.0,0.6000000238418579,0.8000000000008656
907_r1,ja,0.4472135954917929,0.5527864045082072,3,10,1.0,0.20000000298023224,0.8000000000008656
907_r1,zh,0.31622776601106445,0.6837722339889356,3,10,1.0,0.10000000149011612,0.7245112497849162
907_r2,en,0.3410877206616046,0.6589122793383955,3,10,0.0,0.4000000059604645,0.12451124978751298
907_r2,fr,0.4592318464414549,0.5407681535585451,3,10,0.0,0.4333333373069763,0.3245112497866474
907_r2,ja,0.6324555320221288,0.3675444679778712,3,10,1.0,0.4000000059604645,0.8000000000008656
907_r2,zh,0.0,1.0,3,10,1.0,0.0,1.0
907_r3,en,1.1089207485165086e-06,0.9999988910792514,3,10,0.0,0.30000001192092896,0.10000000000368914
907_r3,fr,0.36514837166410885,0.6348516283358911,3,10,0.0,0.2666666805744171,0.5000000000019581
907_r3,ja,0.0,1.0,3,10,1.0,0.0,1.0
907_r3,zh,0.31622776601106445,0.6837722339889356,3,10,1.0,0.10000000149011612,1.0
907_r4,en,0.31622776601164015,0.6837722339883598,3,10,0.0,0.20000000298023224,0.10000000000368914
907_r4,fr,0.25819888974291716,0.7418011102570828,3,10,0.0,0.13333334028720856,0.30000000000282356
907_r4,ja,0.4651245351323068,0.5348754648676932,3,10,1.0,0.4000000059604645,0.7245112497849162
907_r4,zh,0.40824829045640937,0.5917517095435907,3,10,1.0,0.1666666716337204,1.0
907_r5,en,0.0,1.0,3,10,0.0,0.0,0.10000000000368914
907_r5,fr,7.288836143109965e-07,0.9999992711163856,3,10,0.0,0.13333334028720856,0.10000000000368914
907_r5,ja,0.6324555320221288,0.3675444679778712,3,10,1.0,0.4000000059604645,1.0
907_r5,zh,0.0,1.0,3,10,1.0,0.0,0.7245112497849162
913_r1,en,0.7745966692279002,0.22540333077209984,3,10,1.0,0.800000011920929,0.6000000000017313
913_r1,fr,5.371518976191752e-07,0.9999994628481024,3,10,0.0,0.06666667014360428,0.30000000000282356
913_r1,ja,0.4562569633302825,0.5437430366697176,3,10,1.0,0.30000001192092896,0.7245112497849162
913_r1,zh,0.0,1.0,3,10,0.0,0.0,1.0
913_r2,en,0.547722557496621,0.452277442503379,3,10,1.0,0.699999988079071,0.3000000000028235
913_r2,fr,6.578740317673447e-07,0.9999993421259682,3,10,0.0,0.10000000149011612,0.10000000000368914
913_r2,ja,0.5477225574951661,0.4522774425048339,3,10,1.0,0.30000001192092896,1.0
913_r2,zh,0.5477225574951661,0.4522774425048339,3,10,0.0,0.30000001192092896,1.0
913_r3,en,0.6324555320227591,0.36754446797724094,3,10,1.0,0.6000000238418579,0.5000000000019581
913_r3,fr,6.578740317673447e-07,0.9999993421259682,3,10,0.0,0.10000000149011612,0.10000000000368914
913_r3,ja,0.7071067811736377,0.2928932188263623,3,10,1.0,0.5,1.0
913_r3,zh,0.0,1.0,3,10,0.0,0.0,0.8000000000008656
913_r4,en,0.5477225574963515,0.45227744250364854,3,10,1.0,0.6000000238418579,0.40000000000259683
913_r4,fr,8.219108247060639e-07,0.9999991780891753,3,10,0.0,0.1666666716337204,0.10000000000368914
913_r4,ja,6.578740317673447e-07,0.9999993421259682,3,10,1.0,0.10000000149011612,0.8000000000008656
913_r4,zh,0.4472135954917929,0.5527864045082072,3,10,0.0,0.20000000298023224,1.0
913_r5,en,0.718568600184485,0.281431399815515,3,10,1.0,0.699999988079071,0.5245112497857818
913_r5,fr,5.371518976191752e-07,0.9999994628481024,3,10,0.0,0.06666667014360428,0.10000000000368914
913_r5,ja,0.7128607273348816,0.2871392726651184,3,10,1.0,0.6000000238418579,0.7245112497849162
913_r5,zh,0.0,1.0,3,10,0.0,0.0,1.0
919_r1,en,0.0,1.0,3,10,1.0,0.0,0.30000000000282356
919_r1,fr,9.582674813767722e-07,0.9999990417325186,3,10,1.0,0.23333333432674408,0.10000000000368914
919_r1,ja,0.4472135954917929,0.5527864045082072,3,10,0.0,0.20000000298023224,1.0
919_r1,zh,0.36514837166344405,0.634851628336556,3,10,1.0,0.13333334028720856,1.0
919_r2,en,0.0,1.0,3,10,1.0,0.0,0.3000000000028235
919_r2,fr,0.31622776601106445,0.6837722339889356,3,10,1.0,0.10000000149011612,0.10000000000368914
919_r2,ja,0.4472135954917929,0.5527864045082072,3,10,0.0,0.20000000298023224,1.0
919_r2,zh,0.2581988897424471,0.7418011102575529,3,10,1.0,0.06666667014360428,0.8000000000008656
919_r3,en,0.31622776601174873,0.6837722339882513,3,10,1.0,0.20000000298023224,0.10000000000368914
919_r3,fr,0.0,1.0,3,10,1.0,0.0,0.12451124978751298
919_r3,ja,0.31622776601106445,0.6837722339889356,3,10,0.0,0.10000000149011612,1.0
919_r3,zh,0.2581988897424471,0.7418011102575529,3,10,1.0,0.06666667014360428,1.0
919_r4,en,0.0,1.0,3,10,1.0,0.0,0.10000000000368914
919_r4,fr,5.371518976191752e-07,0.9999994628481024,3,10,1.0,0.06666667014360428,0.12451124978751298
919_r4,ja,0.0,1.0,3,10,0.0,0.0,1.0
919_r4,zh,0.36514837166344405,0.634851628336556,3,10,1.0,0.13333334028720856,0.8000000000008656
919_r5,en,0.31622776601164015,0.6837722339883598,3,10,1.0,0.20000000298023224,0.10000000000368914
919_r5,fr,3.4838137299171195e-07,0.999999651618627,3,10,1.0,0.03333333507180214,0.7000000000010924
919_r5,ja,0.0,1.0,3,10,0.0,0.0,1.0
919_r5,zh,0.31622776601106445,0.6837722339889356,3,10,1.0,0.10000000149011612,1.0
922_r1,en,0.5624418487090543,0.43755815129094566,3,10,1.0,0.699999988079071,0.3245112497866474
922_r1,fr,0.2581988897427265,0.7418011102572735,3,10,0.0,0.10000000149011612,0.12451124978751298
922_r1,ja,0.0,1.0,3,10,1.0,0.0,1.0
922_r1,zh,0.4472135954917929,0.5527864045082072,3,10,1.0,0.20000000298023224,0.5245112497857818
922_r2,en,0.7185686001847857,0.28143139981521426,3,10,1.0,0.800000011920929,0.5245112497857819
922_r2,fr,9.05429999683544e-07,0.9999990945700004,3,10,0.0,0.20000000298023224,0.10000000000368914
922_r2,ja,0.0,1.0,3,10,1.0,0.0,1.0
922_r2,zh,0.0,1.0,3,10,1.0,0.0,1.0
922_r3,en,6.578740317673447e-07,0.9999993421259682,3,10,1.0,0.10000000149011612,0.3245112497866474
922_r3,fr,0.3651483716652941,0.6348516283347059,3,10,0.0,0.46666666865348816,0.3000000000028235
922_r3,ja,0.31622776601106445,0.6837722339889356,3,10,1.0,0.10000000149011612,1.0
922_r3,zh,0.31622776601106445,0.6837722339889356,3,10,1.0,0.10000000149011612,1.0
922_r4,en,0.8366600265188001,0.16333997348119988,3,10,1.0,0.699999988079071,0.7000000000010924
922_r4,fr,9.303743780584473e-07,0.9999990696256219,3,10,0.0,0.20000000298023224,0.10000000000368914
922_r4,ja,0.4472135954917929,0.5527864045082072,3,10,1.0,0.20000000298023224,1.0
922_r4,zh,0.4472135954917929,0.5527864045082072,3,10,1.0,0.20000000298023224,0.7245112497849162
922_r5,en,0.7185686001847857,0.28143139981521426,3,10,1.0,0.800000011920929,0.5245112497857819
922_r5,fr,0.5773502691795845,0.42264973082041546,3,10,0.0,0.46666666865348816,0.5245112497857819
922_r5,ja,0.0,1.0,3,10,1.0,0.0,1.0
922_r5,zh,0.0,1.0,3,10,1.0,0.0,1.0
924_r1,en,0.5624418487090541,0.4375581512909459,3,10,1.0,0.699999988079071,0.32451124978664747
924_r1,fr,0.8944271909838276,0.10557280901617239,3,10,1.0,0.8999999761581421,0.8000000000008656
924_r1,ja,0.8366600265190589,0.1633399734809411,3,10,1.0,0.800000011920929,0.8000000000008656
924_r1,zh,0.4472135954917929,0.5527864045082072,3,10,1.0,0.20000000298023224,1.0
924_r2,en,0.7745966692276207,0.22540333077237928,3,10,1.0,0.699999988079071,0.8000000000008656
924_r2,fr,0.7242314890741974,0.27576851092580257,3,10,1.0,1.0,0.5245112497857818
924_r2,ja,0.9486832980331933,0.05131670196680671,3,10,1.0,0.8999999761581421,1.0
924_r2,zh,0.605530070808443,0.394469929191557,3,10,1.0,0.36666667461395264,1.0
924_r3,en,0.7745966692279002,0.22540333077209984,3,10,1.0,0.800000011920929,0.6000000000017313
924_r3,fr,0.8366600265190182,0.16333997348098184,3,10,1.0,0.800000011920929,0.7000000000010924
924_r3,ja,0.7745966692276207,0.22540333077237928,3,10,1.0,0.699999988079071,0.8000000000008656
924_r3,zh,0.5477225574951662,0.4522774425048338,3,10,1.0,0.30000001192092896,1.0
924_r4,en,0.718568600184485,0.281431399815515,3,10,1.0,0.699999988079071,0.5245112497857818
924_r4,fr,0.5551309904743366,0.44486900952566344,3,10,1.0,0.699999988079071,0.3245112497866474
924_r4,ja,0.5477225574959563,0.45227744250404367,3,10,1.0,0.5,0.3245112497866474
924_r4,zh,0.5477225574951661,0.4522774425048339,3,10,1.0,0.30000001192092896,1.0
924_r5,en,0.8366600265190589,0.1633399734809411,3,10,1.0,0.800000011920929,0.8000000000008656
924_r5,fr,0.6324555320241818,0.3675444679758182,3,10,1.0,1.0,0.40000000000259683
924_r5,ja,0.9999999999817427,1.8257284573053312e-11,3,10,1.0,1.0,1.0
924_r5,zh,0.4082482904564095,0.5917517095435905,3,10,1.0,0.1666666716337204,1.0
932_r1,en,1.1394712480012226e-06,0.999998860528752,3,10,1.0,0.30000001192092896,0.10000000000368914
932_r1,fr,6.578740317673447e-07,0.9999993421259682,3,10,0.0,0.10000000149011612,0.12451124978751298
932_r1,ja,0.0,1.0,3,10,0.0,0.0,0.7245112497849162
932_r1,zh,0.31622776601106445,0.6837722339889356,3,10,0.0,0.10000000149011612,1.0
932_r2,en,0.5624418487086695,0.43755815129133047,3,10,1.0,0.6000000238418579,0.5245112497857818
932_r2,fr,6.578740317673447e-07,0.9999993421259682,3,10,0.0,0.10000000149011612,0.40000000000259683
932_r2,ja,0.0,1.0,3,10,0.0,0.0,1.0
932_r2,zh,0.31622776601106445,0.6837722339889356,3,10,0.0,0.10000000149011612,0.8000000000008656
932_r3,en,0.718568600184485,0.281431399815515,3,10,1.0,0.699999988079071,0.7245112497849162
932_r3,fr,0.0,1.0,3,10,0.0,0.0,0.40000000000259683
932_r3,ja,0.0,1.0,3,10,0.0,0.0,1.0
932_r3,zh,0.36514837166344405,0.634851628336556,3,10,0.0,0.13333334028720856,1.0
932_r4,en,0.5477225574959564,0.45227744250404356,3,10,1.0,0.5,0.30000000000282356
932_r4,fr,0.0,1.0,3,10,0.0,0.0,0.10000000000368914
932_r4,ja,0.0,1.0,3,10,0.0,0.0,0.5245112497857818
932_r4,zh,0.31622776601106445,0.6837722339889356,3,10,0.0,0.10000000149011612,0.6000000000017313
932_r5,en,6.578740317673447e-07,0.9999993421259682,3,10,1.0,0.10000000149011612,0.3245112497866474
932_r5,fr,0.0,1.0,3,10,0.0,0.0,0.10000000000368914
932_r5,ja,0.0,1.0,3,10,0.0,0.0,0.8000000000008656
932_r5,zh,0.18257418583172202,0.817425814168278,3,10,0.0,0.03333333507180214,1.0
934_r1,en,0.5624418487086695,0.43755815129133047,3,10,1.0,0.6000000238418579,0.5245112497857818
934_r1,fr,0.7745966692275763,0.2254033307724237,3,10,1.0,0.699999988079071,0.7000000000010924
934_r1,ja,0.7071067811736377,0.2928932188263623,3,10,1.0,0.5,1.0
934_r1,zh,0.5477225574955612,0.4522774425044388,3,10,1.0,0.4000000059604645,0.6000000000017313
934_r2,en,0.6452447854688494,0.35475521453115055,3,10,1.0,0.6000000238418579,0.5245112497857818
934_r2,fr,0.7745966692273415,0.2254033307726585,3,10,1.0,0.6000000238418579,0.8000000000008656
934_r2,ja,0.5696588889620697,0.43034111103793027,3,10,1.0,0.699999988079071,0.5245112497857819
934_r2,zh,0.5477225574951661,0.4522774425048339,3,10,1.0,0.30000001192092896,0.7245112497849162
934_r3,en,0.09039035676187651,0.9096096432381235,3,10,1.0,0.30000001192092896,0.12451124978751298
934_r3,fr,0.718568600184485,0.281431399815515,3,10,1.0,0.699999988079071,0.7245112497849162
934_r3,ja,0.3410877206635078,0.6589122793364922,3,10,1.0,0.699999988079071,0.12451124978751298
934_r3,zh,0.31622776601106445,0.6837722339889356,3,10,1.0,0.10000000149011612,1.0
934_r4,en,0.7185686001847857,0.28143139981521426,3,10,1.0,0.800000011920929,0.5245112497857819
934_r4,fr,0.7745966692276207,0.22540333077237928,3,10,1.0,0.699999988079071,0.8000000000008656
934_r4,ja,0.7745966692273415,0.2254033307726585,3,10,1.0,0.6000000238418579,1.0
934_r4,zh,0.31622776601106445,0.6837722339889356,3,10,1.0,0.10000000149011612,1.0
934_r5,en,0.7071067811739437,0.29289321882605635,3,10,1.0,0.6000000238418579,0.6000000000017313
934_r5,fr,0.5624418487086695,0.43755815129133047,3,10,1.0,0.6000000238418579,0.5245112497857818
934_r5,ja,0.6324555320221288,0.3675444679778712,3,10,1.0,0.4000000059604645,0.8000000000008656
934_r5,zh,0.0,1.0,3,10,1.0,0.0,0.8000000000008656
937_r1,en,0.8463692061764693,0.15363079382353073,3,10,1.0,0.8999999761581421,0.7245112497849162
937_r1,fr,0.7185686001847861,0.2814313998152139,3,10,1.0,0.800000011920929,0.5245112497857819
937_r1,ja,0.718568600184485,0.281431399815515,3,10,1.0,0.699999988079071,0.7245112497849162
937_r1,zh,0.4472135954922769,0.5527864045077231,3,10,1.0,0.30000001192092896,0.8000000000008656
937_r2,en,0.7745966692276207,0.22540333077237928,3,10,1.0,0.699999988079071,0.8000000000008656
937_r2,fr,0.5624418487086695,0.43755815129133047,3,10,1.0,0.6000000238418579,0.5245112497857818
937_r2,ja,0.894427190983586,0.10557280901641397,3,10,1.0,0.800000011920929,1.0
937_r2,zh,0.5477225574951661,0.4522774425048339,3,10,1.0,0.30000001192092896,1.0
937_r3,en,0.8366600265190182,0.16333997348098184,3,10,1.0,0.800000011920929,0.7000000000010924
937_r3,fr,0.9486832980331933,0.05131670196680671,3,10,1.0,0.8999999761581421,1.0
937_r3,ja,0.6324555320224711,0.36754446797752893,3,10,1.0,0.5,0.8000000000008656
937_r3,zh,0.31622776601106445,0.6837722339889356,3,10,1.0,0.10000000149011612,1.0
937_r4,en,0.8366600265190589,0.1633399734809411,3,10,1.0,0.800000011920929,0.8000000000008656
937_r4,fr,0.7071067811742496,0.29289321882575037,3,10,1.0,0.699999988079071,0.6000000000017313
937_r4,ja,0.894427190983586,0.10557280901641397,3,10,1.0,0.800000011920929,1.0
937_r4,zh,0.4472135954922769,0.5527864045077231,3,10,1.0,0.30000001192092896,0.8000000000008656
937_r5,en,0.7071067811742012,0.2928932188257988,3,10,1.0,0.699999988079071,0.5000000000019581
937_r5,fr,0.894427190983586,0.10557280901641397,3,10,1.0,0.800000011920929,1.0
937_r5,ja,0.8366600265188001,0.16333997348119988,3,10,1.0,0.699999988079071,1.0
937_r5,zh,0.31622776601106445,0.6837722339889356,3,10,1.0,0.10000000149011612,1.0
942_r1,en,0.31622776601174873,0.6837722339882513,3,10,0.0,0.20000000298023224,0.10000000000368914
942_r1,fr,6.578740317673447e-07,0.9999993421259682,3,10,1.0,0.10000000149011612,0.40000000000259683
942_r1,ja,0.31622776601106445,0.6837722339889356,3,10,0.0,0.10000000149011612,0.5245112497857818
942_r1,zh,0.5477225574951661,0.4522774425048339,3,10,0.0,0.30000001192092896,0.8000000000008656
942_r2,en,0.6452447854691848,0.35475521453081515,3,10,0.0,0.699999988079071,0.5245112497857818
942_r2,fr,0.0,1.0,3,10,1.0,0.0,1.0
942_r2,ja,0.7071067811736377,0.2928932188263623,3,10,0.0,0.5,1.0
942_r2,zh,0.4082482904564095,0.5917517095435905,3,10,0.0,0.1666666716337204,1.0
942_r3,en,0.6452447854691848,0.35475521453081515,3,10,0.0,0.699999988079071,0.5245112497857818
942_r3,fr,6.578740317673447e-07,0.9999993421259682,3,10,1.0,0.10000000149011612,0.12451124978751298
942_r3,ja,0.6324555320221288,0.3675444679778712,3,10,0.0,0.4000000059604645,1.0
942_r3,zh,0.5163977794848942,0.4836022205151058,3,10,0.0,0.2666666805744171,1.0
942_r4,en,0.6452447854691848,0.35475521453081515,3,10,0.0,0.699999988079071,0.5245112497857818
942_r4,fr,6.578740317673447e-07,0.9999993421259682,3,10,1.0,0.10000000149011612,0.5000000000019581
942_r4,ja,0.0,1.0,3,10,0.0,0.0,0.8000000000008656
942_r4,zh,0.5477225574952977,0.45227744250470225,3,10,0.0,0.3333333432674408,0.8000000000008656
942_r5,en,0.7128607273348816,0.2871392726651184,3,10,0.0,0.6000000238418579,0.7245112497849162
942_r5,fr,6.578740317673447e-07,0.9999993421259682,3,10,1.0,0.10000000149011612,0.8000000000008656
942_r5,ja,0.4472135954917929,0.5527864045082072,3,10,0.0,0.20000000298023224,0.8000000000008656
942_r5,zh,0.4830458915308288,0.5169541084691712,3,10,0.0,0.23333333432674408,1.0
943_r1,en,0.6452447854691848,0.35475521453081515,3,10,1.0,0.699999988079071,0.5245112497857819
943_r1,fr,0.9486832980331933,0.05131670196680671,3,10,1.0,0.8999999761581421,1.0
943_r1,ja,0.5477225574951661,0.4522774425048339,3,10,1.0,0.30000001192092896,1.0
943_r1,zh,0.31622776601106445,0.6837722339889356,3,10,1.0,0.10000000149011612,1.0
943_r2,en,0.44721359549316786,0.5527864045068321,3,10,1.0,0.5,0.3000000000028235
943_r2,fr,0.9999999999817427,1.8257284573053312e-11,3,10,1.0,1.0,1.0
943_r2,ja,0.7071067811736377,0.2928932188263623,3,10,1.0,0.5,1.0
943_r2,zh,0.4472135954917929,0.5527864045082072,3,10,1.0,0.20000000298023224,0.8000000000008656
943_r3,en,0.5477225574962885,0.4522774425037115,3,10,1.0,0.6000000238418579,0.3000000000028235
943_r3,fr,0.7185686001847861,0.2814313998152139,3,10,1.0,0.800000011920929,0.5245112497857819
943_r3,ja,0.5477225574955611,0.4522774425044389,3,10,1.0,0.4000000059604645,0.8000000000008656
943_r3,zh,0.0,1.0,3,10,1.0,0.0,0.3245112497866474
943_r4,en,0.9999999999817427,1.8257284573053312e-11,3,10,1.0,1.0,1.0
943_r4,fr,0.9999999999817427,1.8257284573053312e-11,3,10,1.0,1.0,1.0
943_r4,ja,0.6324555320221288,0.3675444679778712,3,10,1.0,0.4000000059604645,1.0
943_r4,zh,0.31622776601174873,0.6837722339882513,3,10,1.0,0.20000000298023224,0.8000000000008656
943_r5,en,0.12783126843869552,0.8721687315613045,3,10,1.0,0.5,0.12451124978751298
943_r5,fr,0.7745966692279002,0.22540333077209984,3,10,1.0,0.800000011920929,0.6000000000017313
943_r5,ja,0.7071067811742496,0.29289321882575037,3,10,1.0,0.699999988079071,0.8000000000008656
943_r5,zh,0.31622776601106445,0.6837722339889356,3,10,1.0,0.10000000149011612,1.0
945_r1,en,0.7745966692281795,0.2254033307718205,3,10,1.0,0.8999999761581421,0.6000000000017313
945_r1,fr,1.0049191827732132e-06,0.9999989950808172,3,10,0.0,0.23333333432674408,0.12451124978751298
945_r1,ja,0.6324555320221288,0.3675444679778712,3,10,1.0,0.4000000059604645,1.0
945_r1,zh,0.40824829045640937,0.5917517095435907,3,10,1.0,0.1666666716337204,1.0
945_r2,en,0.5624418487094391,0.43755815129056086,3,10,1.0,0.800000011920929,0.3245112497866474
945_r2,fr,0.0,1.0,3,10,0.0,0.0,0.10000000000368914
945_r2,ja,0.7798528172500019,0.22014718274999812,3,10,1.0,0.699999988079071,0.7245112497849162
945_r2,zh,0.0,1.0,3,10,1.0,0.0,1.0
945_r3,en,0.7185686001847861,0.2814313998152139,3,10,1.0,0.800000011920929,0.5245112497857819
945_r3,fr,4.926856625630388e-07,0.9999995073143374,3,10,0.0,0.06666667014360428,0.10000000000368914
945_r3,ja,0.7071067811736377,0.2928932188263623,3,10,1.0,0.5,1.0
945_r3,zh,0.31622776601106445,0.6837722339889356,3,10,1.0,0.10000000149011612,0.8000000000008656
945_r4,en,0.447213595493575,0.552786404506425,3,10,1.0,0.6000000238418579,0.3000000000028235
945_r4,fr,0.447213595491793,0.5527864045082069,3,10,0.0,0.20000000298023224,0.5000000000019581
945_r4,ja,0.7071067811736377,0.2928932188263623,3,10,1.0,0.5,1.0
945_r4,zh,0.0,1.0,3,10,1.0,0.0,1.0
945_r5,en,0.8944271909838276,0.10557280901617239,3,10,1.0,0.8999999761581421,0.8000000000008656
945_r5,fr,8.219108247060639e-07,0.9999991780891753,3,10,0.0,0.1666666716337204,0.3000000000028235
945_r5,ja,0.3410877206622389,0.6589122793377611,3,10,1.0,0.5,0.12451124978751298
945_r5,zh,0.4472135954917929,0.5527864045082072,3,10,1.0,0.20000000298023224,1.0
948_r1,en,0.0,1.0,3,10,0.0,0.0,0.10000000000368914
948_r1,fr,5.371518976191752e-07,0.9999994628481024,3,10,1.0,0.06666667014360428,0.5245112497857818
948_r1,ja,0.6324555320221288,0.3675444679778712,3,10,0.0,0.4000000059604645,0.7245112497849162
948_r1,zh,0.6324555320221289,0.3675444679778711,3,10,0.0,0.4000000059604645,1.0
948_r2,en,0.31622776601300884,0.6837722339869912,3,10,0.0,0.4000000059604645,0.3000000000028235
948_r2,fr,5.371518976191752e-07,0.9999994628481024,3,10,1.0,0.06666667014360428,0.12451124978751298
948_r2,ja,0.0,1.0,3,10,0.0,0.0,0.7245112497849162
948_r2,zh,0.4472135954917929,0.5527864045082072,3,10,0.0,0.20000000298023224,1.0
948_r3,en,0.7071067811742496,0.29289321882575037,3,10,0.0,0.699999988079071,0.6000000000017313
948_r3,fr,0.4082482904564095,0.5917517095435905,3,10,1.0,0.1666666716337204,0.3245112497866474
948_r3,ja,0.32889271288895267,0.6711072871110473,3,10,0.0,0.30000001192092896,0.32451124978664747
948_r3,zh,0.31622776601106445,0.6837722339889356,3,10,0.0,0.10000000149011612,1.0
948_r4,en,0.4562569633307567,0.5437430366692433,3,10,0.0,0.4000000059604645,0.3245112497866474
948_r4,fr,4.926856625630388e-07,0.9999995073143374,3,10,1.0,0.06666667014360428,0.10000000000368914
948_r4,ja,0.32889271288829475,0.6711072871117052,3,10,0.0,0.20000000298023224,0.7245112497849162
948_r4,zh,0.0,1.0,3,10,0.0,0.0,1.0
948_r5,en,1.1394712480012226e-06,0.999998860528752,3,10,0.0,0.30000001192092896,0.10000000000368914
948_r5,fr,0.0,1.0,3,10,1.0,0.0,0.32451124978664747
948_r5,ja,0.0,1.0,3,10,0.0,0.0,0.3245112497866474
948_r5,zh,0.31622776601106445,0.6837722339889356,3,10,0.0,0.10000000149011612,1.0
949_r1,en,0.4651245351332374,0.5348754648667626,3,10,1.0,0.6000000238418579,0.3245112497866474
949_r1,fr,0.6515452783727682,0.3484547216272318,3,10,1.0,0.800000011920929,0.5245112497857818
949_r1,ja,0.5477225574955612,0.4522774425044388,3,10,1.0,0.4000000059604645,0.8000000000008656
949_r1,zh,0.4472135954917929,0.5527864045082072,3,10,1.0,0.20000000298023224,0.8000000000008656
949_r2,en,0.547722557497016,0.45227744250298396,3,10,1.0,0.800000011920929,0.30000000000282356
949_r2,fr,0.5551309904739464,0.44486900952605357,3,10,1.0,0.6000000238418579,0.3245112497866474
949_r2,ja,0.7745966692273415,0.2254033307726585,3,10,1.0,0.6000000238418579,1.0
949_r2,zh,0.4472135954917929,0.5527864045082072,3,10,1.0,0.20000000298023224,1.0
949_r3,en,0.5551309904743366,0.44486900952566344,3,10,1.0,0.699999988079071,0.3245112497866474
949_r3,fr,0.32889271288895267,0.6711072871110473,3,10,1.0,0.30000001192092896,0.12451124978751298
949_r3,ja,0.5477225574959563,0.45227744250404367,3,10,1.0,0.5,0.5245112497857818
949_r3,zh,0.0,1.0,3,10,1.0,0.0,0.8000000000008656
949_r4,en,0.8366600265190589,0.1633399734809411,3,10,1.0,0.800000011920929,0.8000000000008656
949_r4,fr,0.5624418487086695,0.43755815129133047,3,10,1.0,0.6000000238418579,0.5245112497857819
949_r4,ja,0.8366600265188001,0.16333997348119988,3,10,1.0,0.699999988079071,1.0
949_r4,zh,0.31622776601106445,0.6837722339889356,3,10,1.0,0.10000000149011612,0.7245112497849162
949_r5,en,0.44721359549316786,0.5527864045068321,3,10,1.0,0.5,0.30000000000282356
949_r5,fr,0.7185686001847861,0.2814313998152139,3,10,1.0,0.800000011920929,0.5245112497857819
949_r5,ja,0.6324555320221288,0.3675444679778712,3,10,1.0,0.4000000059604645,0.7245112497849162
949_r5,zh,0.4472135954917929,0.5527864045082072,3,10,1.0,0.20000000298023224,0.8000000000008656
950_r1,en,9.303743780584471e-07,0.9999990696256219,3,10,1.0,0.20000000298023224,0.10000000000368914
950_r1,fr,0.7071067811745556,0.2928932188254444,3,10,1.0,0.800000011920929,0.6000000000017313
950_r1,ja,5.371518976191752e-07,0.9999994628481024,3,10,0.0,0.06666667014360428,0.3245112497866474
950_r1,zh,0.052186896805851306,0.9478131031941487,3,10,0.0,0.03333333507180214,0.7245112497849162
950_r2,en,9.303743780584471e-07,0.9999990696256219,3,10,1.0,0.20000000298023224,0.40000000000259683
950_r2,fr,0.4738261809761564,0.5261738190238436,3,10,1.0,0.8999999761581421,0.3245112497866474
950_r2,ja,0.0,1.0,3,10,0.0,0.0,0.5245112497857819
950_r2,zh,0.2581988897424471,0.7418011102575529,3,10,0.0,0.06666667014360428,1.0
950_r3,en,0.31622776601164015,0.6837722339883598,3,10,1.0,0.20000000298023224,0.10000000000368914
950_r3,fr,0.7850737756207621,0.21492622437923792,3,10,1.0,0.800000011920929,0.7245112497849162
950_r3,ja,0.2581988897424471,0.7418011102575529,3,10,0.0,0.06666667014360428,0.5245112497857819
950_r3,zh,0.3162277660110644,0.6837722339889356,3,10,0.0,0.10000000149011612,1.0
950_r4,en,0.6388821617328979,0.3611178382671021,3,10,1.0,0.6000000238418579,0.5245112497857819
950_r4,fr,0.5624418487090542,0.4375581512909458,3,10,1.0,0.699999988079071,0.3245112497866474
950_r4,ja,5.371518976191752e-07,0.9999994628481024,3,10,0.0,0.06666667014360428,0.12451124978751298
950_r4,zh,0.4082482904564095,0.5917517095435905,3,10,0.0,0.1666666716337204,1.0
950_r5,en,0.44721359549276085,0.5527864045072391,3,10,1.0,0.4000000059604645,0.30000000000282356
950_r5,fr,6.578740317673447e-07,0.9999993421259682,3,10,1.0,0.10000000149011612,0.10000000000368914
950_r5,ja,0.4886514890197944,0.5113485109802056,3,10,0.0,0.30000001192092896,0.7245112497849162
950_r5,zh,0.31622776601106445,0.6837722339889356,3,10,0.0,0.10000000149011612,1.0
951_r1,en,0.5477225574962886,0.4522774425037114,3,10,1.0,0.6000000238418579,0.3000000000028235
951_r1,fr,0.1565606904189361,0.843439309581064,3,10,1.0,0.4000000059604645,0.12451124978751298
951_r1,ja,0.4082482904564095,0.5917517095435905,3,10,1.0,0.1666666716337204,1.0
951_r1,zh,0.40824829045640937,0.5917517095435907,3,10,1.0,0.1666666716337204,1.0
951_r2,en,0.6324555320224168,0.3675444679775832,3,10,1.0,0.5,0.7000000000010924
951_r2,fr,0.5624418487090542,0.4375581512909458,3,10,1.0,0.699999988079071,0.3245112497866474
951_r2,ja,0.5163977794848941,0.48360222051510593,3,10,1.0,0.2666666805744171,0.8000000000008656
951_r2,zh,0.2581988897424471,0.7418011102575529,3,10,1.0,0.06666667014360428,1.0
951_r3,en,0.7071067811744586,0.2928932188255414,3,10,1.0,0.800000011920929,0.5000000000019581
951_r3,fr,1.289381040718466e-06,0.9999987106189593,3,10,1.0,0.4000000059604645,0.30000000000282356
951_r3,ja,0.6055300708084428,0.3944699291915572,3,10,1.0,0.36666667461395264,1.0
951_r3,zh,0.40824829045640937,0.5917517095435907,3,10,1.0,0.1666666716337204,1.0
951_r4,en,0.4562569633307568,0.5437430366692432,3,10,1.0,0.4000000059604645,0.5245112497857818
951_r4,fr,0.31622776601232444,0.6837722339876755,3,10,1.0,0.30000001192092896,0.5000000000019581
951_r4,ja,0.5216451006706255,0.47835489932937447,3,10,1.0,0.4000000059604645,0.5245112497857818
951_r4,zh,0.31622776601106445,0.6837722339889356,3,10,1.0,0.10000000149011612,1.0
951_r5,en,0.31622776601174873,0.6837722339882513,3,10,1.0,0.20000000298023224,0.10000000000368914
951_r5,fr,0.316227766012433,0.6837722339875669,3,10,1.0,0.30000001192092896,0.10000000000368914
951_r5,ja,0.5477225574951662,0.4522774425048338,3,10,1.0,0.30000001192092896,1.0
951_r5,zh,0.4082482904564095,0.5917517095435905,3,10,1.0,0.1666666716337204,1.0
953_r1,en,0.6452447854691848,0.35475521453081515,3,10,0.0,0.699999988079071,0.5245112497857818
953_r1,fr,0.5624418487086695,0.43755815129133047,3,10,0.0,0.6000000238418579,0.5245112497857818
953_r1,ja,0.6324555320221288,0.3675444679778712,3,10,0.0,0.4000000059604645,0.7245112497849162
953_r1,zh,0.31622776601174873,0.6837722339882513,3,10,0.0,0.20000000298023224,0.8000000000008656
953_r2,en,0.9999999999817427,1.8257284573053312e-11,3,10,0.0,1.0,1.0
953_r2,fr,0.8366600265188001,0.16333997348119988,3,10,0.0,0.699999988079071,0.8000000000008656
953_r2,ja,0.7745966692273415,0.2254033307726585,3,10,0.0,0.6000000238418579,1.0
953_r2,zh,0.31622776601106445,0.6837722339889356,3,10,0.0,0.10000000149011612,1.0
953_r3,en,0.9486832980331933,0.05131670196680671,3,10,0.0,0.8999999761581421,1.0
953_r3,fr,0.7745966692276207,0.22540333077237928,3,10,0.0,0.699999988079071,0.6000000000017313
953_r3,ja,0.7071067811739437,0.29289321882605635,3,10,0.0,0.6000000238418579,0.8000000000008656
953_r3,zh,0.31622776601106445,0.6837722339889356,3,10,0.0,0.10000000149011612,1.0
953_r4,en,0.4651245351323068,0.5348754648676932,3,10,0.0,0.4000000059604645,0.3245112497866474
953_r4,fr,0.31622776601164015,0.6837722339883598,3,10,0.0,0.20000000298023224,0.3000000000028235
953_r4,ja,0.4472135954917929,0.5527864045082072,3,10,0.0,0.20000000298023224,0.7245112497849162
953_r4,zh,0.31622776601106445,0.6837722339889356,3,10,0.0,0.10000000149011612,1.0
953_r5,en,0.9999999999817427,1.8257284573053312e-11,3,10,0.0,1.0,1.0
953_r5,fr,0.6452447854691848,0.35475521453081515,3,10,0.0,0.699999988079071,0.5245112497857819
953_r5,ja,0.8366600265188001,0.16333997348119988,3,10,0.0,0.699999988079071,0.8000000000008656
953_r5,zh,0.31622776601106445,0.6837722339889356,3,10,0.0,0.10000000149011612,1.0
954_r1,en,0.0,1.0,3,10,1.0,0.0,0.10000000000368914
954_r1,fr,0.0,1.0,3,10,0.0,0.0,0.5245112497857819
954_r1,ja,0.0,1.0,3,10,1.0,0.0,1.0
954_r1,zh,0.0,1.0,3,10,0.0,0.0,1.0
954_r2,en,0.0,1.0,3,10,1.0,0.0,0.10000000000368914
954_r2,fr,0.0,1.0,3,10,0.0,0.0,0.6000000000017313
954_r2,ja,0.5477225574951661,0.4522774425048339,3,10,1.0,0.30000001192092896,0.7245112497849162
954_r2,zh,0.0,1.0,3,10,0.0,0.0,1.0
954_r3,en,0.0,1.0,3,10,1.0,0.0,0.5245112497857818
954_r3,fr,0.0,1.0,3,10,0.0,0.0,0.3000000000028235
954_r3,ja,0.0,1.0,3,10,1.0,0.0,0.6000000000017313
954_r3,zh,0.0,1.0,3,10,0.0,0.0,0.8000000000008656
954_r4,en,0.0,1.0,3,10,1.0,0.0,0.10000000000368914
954_r4,fr,0.0,1.0,3,10,0.0,0.0,0.6000000000017313
954_r4,ja,6.578740317673447e-07,0.9999993421259682,3,10,1.0,0.10000000149011612,0.5245112497857819
954_r4,zh,0.0,1.0,3,10,0.0,0.0,0.8000000000008656
954_r5,en,0.0,1.0,3,10,1.0,0.0,0.3245112497866474
954_r5,fr,0.0,1.0,3,10,0.0,0.0,0.3000000000028235
954_r5,ja,0.0,1.0,3,10,1.0,0.0,0.5245112497857818
954_r5,zh,0.0,1.0,3,10,0.0,0.0,0.8000000000008656
955_r1,en,0.12783126843869552,0.8721687315613045,3,10,1.0,0.5,0.12451124978751298
955_r1,fr,0.5624418487086694,0.4375581512913306,3,10,1.0,0.6000000238418579,0.3245112497866474
955_r1,ja,0.7745966692273415,0.2254033307726585,3,10,1.0,0.6000000238418579,1.0
955_r1,zh,0.36514837166344405,0.634851628336556,3,10,1.0,0.13333334028720856,1.0
955_r2,en,0.9486832980331933,0.05131670196680671,3,10,1.0,0.8999999761581421,1.0
955_r2,fr,0.4651245351327721,0.5348754648672279,3,10,1.0,0.5,0.32451124978664747
955_r2,ja,0.8366600265188001,0.16333997348119988,3,10,1.0,0.699999988079071,1.0
955_r2,zh,0.447213595491793,0.5527864045082069,3,10,1.0,0.20000000298023224,1.0
955_r3,en,0.7071067811742012,0.2928932188257988,3,10,1.0,0.699999988079071,0.5000000000019581
955_r3,fr,0.3162277660130088,0.6837722339869912,3,10,1.0,0.4000000059604645,0.10000000000368914
955_r3,ja,0.31622776601106445,0.6837722339889356,3,10,1.0,0.10000000149011612,0.7245112497849162
955_r3,zh,0.18257418583172202,0.817425814168278,3,10,1.0,0.03333333507180214,0.8000000000008656
955_r4,en,0.5624418487090542,0.4375581512909458,3,10,1.0,0.699999988079071,0.3245112497866474
955_r4,fr,0.5624418487090541,0.4375581512909459,3,10,1.0,0.699999988079071,0.32451124978664747
955_r4,ja,0.6388821617328979,0.3611178382671021,3,10,1.0,0.6000000238418579,0.5245112497857819
955_r4,zh,0.40824829045640953,0.5917517095435905,3,10,1.0,0.1666666716337204,1.0
955_r5,en,0.7185686001847861,0.2814313998152139,3,10,1.0,0.800000011920929,0.5245112497857819
955_r5,fr,0.5477225574963515,0.45227744250364854,3,10,1.0,0.6000000238418579,0.40000000000259683
955_r5,ja,0.5477225574951661,0.4522774425048339,3,10,1.0,0.30000001192092896,0.7245112497849162
955_r5,zh,0.4082482904564095,0.5917517095435905,3,10,1.0,0.1666666716337204,1.0
958_r1,en,0.09039035675948248,0.9096096432405175,3,10,0.0,0.20000000298023224,0.12451124978751298
958_r1,fr,6.578740317673447e-07,0.9999993421259682,3,10,0.0,0.10000000149011612,0.10000000000368914
958_r1,ja,0.2581988897424471,0.7418011102575529,3,10,0.0,0.06666667014360428,1.0
958_r1,zh,0.0,1.0,3,10,0.0,0.0,0.5245112497857818
958_r2,en,1.1089207485165086e-06,0.9999988910792514,3,10,0.0,0.30000001192092896,0.10000000000368914
958_r2,fr,0.0,1.0,3,10,0.0,0.0,0.3000000000028235
958_r2,ja,0.2581988897424471,0.7418011102575529,3,10,0.0,0.06666667014360428,0.5245112497857818
958_r2,zh,0.0,1.0,3,10,0.0,0.0,1.0
958_r3,en,6.578740317673447e-07,0.9999993421259682,3,10,0.0,0.10000000149011612,0.5000000000019581
958_r3,fr,1.1089207485165086e-06,0.9999988910792514,3,10,0.0,0.30000001192092896,0.10000000000368914
958_r3,ja,0.605530070808443,0.394469929191557,3,10,0.0,0.36666667461395264,0.5245112497857818
958_r3,zh,0.0,1.0,3,10,0.0,0.0,0.7245112497849162
958_r4,en,0.0,1.0,3,10,0.0,0.0,0.12451124978751298
958_r4,fr,0.0,1.0,3,10,0.0,0.0,0.10000000000368914
958_r4,ja,0.36514837166344405,0.634851628336556,3,10,0.0,0.13333334028720856,1.0
958_r4,zh,0.0,1.0,3,10,0.0,0.0,1.0
958_r5,en,0.3288927128896106,0.6711072871103894,3,10,0.0,0.4000000059604645,0.12451124978751298
958_r5,fr,8.92696468468758e-07,0.9999991073035315,3,10,0.0,0.20000000298023224,0.10000000000368914
958_r5,ja,0.0,1.0,3,10,0.0,0.0,0.8000000000008656
958_r5,zh,0.31622776601106445,0.6837722339889356,3,10,0.0,0.10000000149011612,1.0
95_r1,en,0.4651245351327719,0.534875464867228,3,10,0.0,0.5,0.3245112497866474
95_r1,fr,0.333007340444357,0.666992659555643,3,10,0.0,0.36666667461395264,0.12451124978751298
95_r1,ja,0.32889271288895267,0.6711072871110473,3,10,0.0,0.30000001192092896,0.5245112497857818
95_r1,zh,0.0,1.0,3,10,0.0,0.0,0.6000000000017313
95_r2,en,0.5624418487090543,0.43755815129094566,3,10,0.0,0.699999988079071,0.3245112497866474
95_r2,fr,6.578740317673447e-07,0.9999993421259682,3,10,0.0,0.10000000149011612,0.12451124978751298
95_r2,ja,0.0,1.0,3,10,0.0,0.0,0.5245112497857819
95_r2,zh,0.4082482904564095,0.5917517095435905,3,10,0.0,0.1666666716337204,0.7245112497849162
95_r3,en,1.289381040718466e-06,0.9999987106189593,3,10,0.0,0.4000000059604645,0.10000000000368914
95_r3,fr,0.18257418583330234,0.8174258141666977,3,10,0.0,0.1666666716337204,0.12451124978751298
95_r3,ja,0.4562569633307568,0.5437430366692432,3,10,0.0,0.4000000059604645,0.5245112497857818
95_r3,zh,0.31622776601106445,0.6837722339889356,3,10,0.0,0.10000000149011612,1.0
95_r4,en,0.4651245351327719,0.534875464867228,3,10,0.0,0.5,0.5245112497857819
95_r4,fr,8.92696468468758e-07,0.9999991073035315,3,10,0.0,0.20000000298023224,0.5000000000019581
95_r4,ja,0.7745966692273415,0.2254033307726585,3,10,0.0,0.6000000238418579,1.0
95_r4,zh,0.18257418583172202,0.817425814168278,3,10,0.0,0.03333333507180214,0.7245112497849162
95_r5,en,1.1394712480012226e-06,0.999998860528752,3,10,0.0,0.30000001192092896,0.10000000000368914
95_r5,fr,0.18257418583330234,0.8174258141666977,3,10,0.0,0.1666666716337204,0.6000000000017313
95_r5,ja,0.31622776601106445,0.6837722339889356,3,10,0.0,0.10000000149011612,1.0
95_r5,zh,0.31622776601106445,0.6837722339889356,3,10,0.0,0.10000000149011612,1.0
960_r1,en,1.1089207485165086e-06,0.9999988910792514,3,10,1.0,0.30000001192092896,0.10000000000368914
960_r1,fr,0.5551309904739464,0.44486900952605357,3,10,0.0,0.6000000238418579,0.5245112497857819
960_r1,ja,0.3162277660130088,0.6837722339869912,3,10,0.0,0.4000000059604645,0.3000000000028235
960_r1,zh,0.127831268433617,0.872168731566383,3,10,0.0,0.20000000298023224,0.3245112497866474
960_r2,en,0.6324555320224711,0.36754446797752893,3,10,1.0,0.5,0.5000000000019581
960_r2,fr,0.6515452783731007,0.3484547216268993,3,10,0.0,0.8999999761581421,0.5245112497857819
960_r2,ja,0.31622776601174873,0.6837722339882513,3,10,0.0,0.20000000298023224,0.3000000000028235
960_r2,zh,0.5477225574951662,0.4522774425048338,3,10,0.0,0.30000001192092896,0.8000000000008656
960_r3,en,6.578740317673447e-07,0.9999993421259682,3,10,1.0,0.10000000149011612,0.10000000000368914
960_r3,fr,0.0,1.0,3,10,0.0,0.0,0.5245112497857818
960_r3,ja,0.5477225574954986,0.4522774425045014,3,10,0.0,0.4000000059604645,0.5000000000019581
960_r3,zh,0.31622776601106445,0.6837722339889356,3,10,0.0,0.10000000149011612,0.5000000000019581
960_r4,en,0.31622776601174873,0.6837722339882513,3,10,1.0,0.20000000298023224,0.10000000000368914
960_r4,fr,0.5624418487094391,0.43755815129056086,3,10,0.0,0.800000011920929,0.3245112497866474
960_r4,ja,0.7745966692273415,0.2254033307726585,3,10,0.0,0.6000000238418579,1.0
960_r4,zh,0.0,1.0,3,10,0.0,0.0,0.7000000000010924
960_r5,en,0.31622776601437735,0.6837722339856227,3,10,1.0,0.6000000238418579,0.10000000000368914
960_r5,fr,0.6515452783731004,0.3484547216268996,3,10,0.0,0.8999999761581421,0.5245112497857819
960_r5,ja,0.09039035676187651,0.9096096432381235,3,10,0.0,0.30000001192092896,0.12451124978751298
960_r5,zh,6.03414238432249e-07,0.9999993965857615,3,10,0.0,0.10000000149011612,0.3000000000028235
961_r1,en,0.7071067811742012,0.2928932188257988,3,10,1.0,0.699999988079071,0.5000000000019581
961_r1,fr,9.05429999683544e-07,0.9999990945700004,3,10,1.0,0.20000000298023224,0.10000000000368914
961_r1,ja,0.7071067811736377,0.2928932188263623,3,10,1.0,0.5,1.0
961_r1,zh,0.447213595491793,0.5527864045082069,3,10,1.0,0.20000000298023224,1.0
961_r2,en,0.5477225574962885,0.4522774425037115,3,10,1.0,0.6000000238418579,0.3000000000028235
961_r2,fr,9.303743780584473e-07,0.9999990696256219,3,10,1.0,0.20000000298023224,0.10000000000368914
961_r2,ja,0.4472135954917929,0.5527864045082072,3,10,1.0,0.20000000298023224,0.7245112497849162
961_r2,zh,0.18257418583172202,0.817425814168278,3,10,1.0,0.03333333507180214,0.7245112497849162
961_r3,en,0.4651245351327719,0.534875464867228,3,10,1.0,0.5,0.3245112497866474
961_r3,fr,5.371518976191752e-07,0.9999994628481024,3,10,1.0,0.06666667014360428,0.12451124978751298
961_r3,ja,0.6324555320221288,0.3675444679778712,3,10,1.0,0.4000000059604645,1.0
961_r3,zh,0.2581988897424471,0.7418011102575529,3,10,1.0,0.06666667014360428,1.0
961_r4,en,0.6324555320228132,0.36754446797718676,3,10,1.0,0.6000000238418579,0.40000000000259683
961_r4,fr,5.371518976191752e-07,0.9999994628481024,3,10,1.0,0.06666667014360428,0.10000000000368914
961_r4,ja,0.5477225574951662,0.4522774425048338,3,10,1.0,0.30000001192092896,1.0
961_r4,zh,0.2581988897430058,0.7418011102569941,3,10,1.0,0.13333334028720856,0.6000000000017313
961_r5,en,0.31622776601311736,0.6837722339868826,3,10,1.0,0.4000000059604645,0.10000000000368914
961_r5,fr,0.2881102217113957,0.7118897782886042,3,10,1.0,0.5,0.12451124978751298
961_r5,ja,0.31622776601106445,0.6837722339889356,3,10,1.0,0.10000000149011612,1.0
961_r5,zh,0.0,1.0,3,10,1.0,0.0,1.0
965_r1,en,0.7745966692276207,0.22540333077237928,3,10,1.0,0.699999988079071,0.6000000000017313
965_r1,fr,0.7185686001847857,0.28143139981521426,3,10,1.0,0.800000011920929,0.5245112497857819
965_r1,ja,0.7071067811739437,0.29289321882605635,3,10,1.0,0.6000000238418579,0.8000000000008656
965_r1,zh,0.6324555320221288,0.3675444679778712,3,10,1.0,0.4000000059604645,0.8000000000008656
965_r2,en,0.4738261809752433,0.5261738190247567,3,10,1.0,0.699999988079071,0.3245112497866474
965_r2,fr,0.09039035675948248,0.9096096432405175,3,10,1.0,0.20000000298023224,0.12451124978751298
965_r2,ja,0.7745966692273415,0.2254033307726585,3,10,1.0,0.6000000238418579,1.0
965_r2,zh,0.6324555320221288,0.3675444679778712,3,10,1.0,0.4000000059604645,1.0
965_r3,en,0.8944271909838276,0.10557280901617239,3,10,1.0,0.8999999761581421,0.8000000000008656
965_r3,fr,0.7185686001847857,0.28143139981521426,3,10,1.0,0.800000011920929,0.5245112497857819
965_r3,ja,0.7745966692273415,0.2254033307726585,3,10,1.0,0.6000000238418579,1.0
965_r3,zh,0.7071067811736377,0.2928932188263623,3,10,1.0,0.5,1.0
965_r4,en,0.9999999999817427,1.8257284573053312e-11,3,10,1.0,1.0,1.0
965_r4,fr,0.8463692061764693,0.15363079382353073,3,10,1.0,0.8999999761581421,0.7245112497849162
965_r4,ja,0.8366600265188001,0.16333997348119988,3,10,1.0,0.699999988079071,1.0
965_r4,zh,0.7745966692276206,0.2254033307723794,3,10,1.0,0.699999988079071,0.8000000000008656
965_r5,en,0.8463692061764693,0.15363079382353073,3,10,1.0,0.8999999761581421,0.7245112497849162
965_r5,fr,0.7185686001847857,0.28143139981521426,3,10,1.0,0.800000011920929,0.5245112497857819
965_r5,ja,0.8366600265188001,0.16333997348119988,3,10,1.0,0.699999988079071,1.0
965_r5,zh,0.8366600265188001,0.16333997348119988,3,10,1.0,0.699999988079071,1.0
971_r1,en,3.4838137299171195e-07,0.999999651618627,3,10,0.0,0.03333333507180214,0.7000000000010924
971_r1,fr,5.371518976191752e-07,0.9999994628481024,3,10,0.0,0.06666667014360428,0.5245112497857819
971_r1,ja,0.31622776601106445,0.6837722339889356,3,10,0.0,0.10000000149011612,0.8000000000008656
971_r1,zh,0.31622776601106445,0.6837722339889356,3,10,1.0,0.10000000149011612,1.0
971_r2,en,0.5890252068566958,0.4109747931433042,3,10,0.0,0.5666666626930237,0.5245112497857819
971_r2,fr,6.578740317673447e-07,0.9999993421259682,3,10,0.0,0.10000000149011612,0.12451124978751298
971_r2,ja,0.4472135954917929,0.5527864045082072,3,10,0.0,0.20000000298023224,1.0
971_r2,zh,0.4472135954917929,0.5527864045082072,3,10,1.0,0.20000000298023224,1.0
971_r3,en,0.44721359549238693,0.5527864045076131,3,10,0.0,0.3333333432674408,0.5000000000019581
971_r3,fr,0.10437379361446705,0.8956262063855329,3,10,0.0,0.2666666805744171,0.12451124978751298
971_r3,ja,0.7071067811736377,0.2928932188263623,3,10,0.0,0.5,0.7245112497849162
971_r3,zh,0.5477225574951661,0.4522774425048339,3,10,1.0,0.30000001192092896,1.0
971_r4,en,0.19692708734198586,0.8030729126580142,3,10,0.0,0.20000000298023224,0.12451124978751298
971_r4,fr,1.1191969111826408e-06,0.9999988808030889,3,10,0.0,0.30000001192092896,0.10000000000368914
971_r4,ja,0.5477225574951661,0.4522774425048339,3,10,0.0,0.30000001192092896,0.8000000000008656
971_r4,zh,0.4472135954917929,0.5527864045082072,3,10,1.0,0.20000000298023224,0.8000000000008656
971_r5,en,0.25819888974352023,0.7418011102564798,3,10,0.0,0.20000000298023224,0.3000000000028235
971_r5,fr,0.0,1.0,3,10,0.0,0.0,0.12451124978751298
971_r5,ja,0.6388821617325591,0.3611178382674409,3,10,0.0,0.5,0.7245112497849162
971_r5,zh,6.578740317673447e-07,0.9999993421259682,3,10,1.0,0.10000000149011612,0.8000000000008656
973_r1,en,0.4651245351327719,0.534875464867228,3,10,1.0,0.5,0.3245112497866474
973_r1,fr,0.32889271289026856,0.6711072871097314,3,10,1.0,0.5,0.12451124978751298
973_r1,ja,0.4472135954917929,0.5527864045082072,3,10,1.0,0.20000000298023224,0.5245112497857819
973_r1,zh,0.4472135954917929,0.5527864045082072,3,10,1.0,0.20000000298023224,1.0
973_r2,en,0.8463692061764693,0.15363079382353073,3,10,1.0,0.8999999761581421,0.7245112497849162
973_r2,fr,0.718568600184485,0.281431399815515,3,10,1.0,0.699999988079071,0.5245112497857818
973_r2,ja,0.7071067811736377,0.2928932188263623,3,10,1.0,0.5,0.8000000000008656
973_r2,zh,0.3162277660117488,0.6837722339882513,3,10,1.0,0.20000000298023224,0.8000000000008656
973_r3,en,0.894427190983586,0.10557280901641397,3,10,1.0,0.800000011920929,1.0
973_r3,fr,0.7185686001847857,0.28143139981521426,3,10,1.0,0.800000011920929,0.5245112497857819
973_r3,ja,0.7071067811736377,0.2928932188263623,3,10,1.0,0.5,0.8000000000008656
973_r3,zh,0.4472135954917929,0.5527864045082072,3,10,1.0,0.20000000298023224,0.7245112497849162
973_r4,en,0.44721359549276085,0.5527864045072391,3,10,1.0,0.4000000059604645,0.40000000000259683
973_r4,fr,0.7128607273351852,0.28713927266481476,3,10,1.0,0.699999988079071,0.5245112497857819
973_r4,ja,0.7071067811736377,0.2928932188263623,3,10,1.0,0.5,1.0
973_r4,zh,0.5477225574951661,0.4522774425048339,3,10,1.0,0.30000001192092896,1.0
973_r5,en,0.6324555320224168,0.3675444679775832,3,10,1.0,0.5,0.5000000000019581
973_r5,fr,0.8463692061764693,0.15363079382353073,3,10,1.0,0.8999999761581421,0.7245112497849162
973_r5,ja,0.5477225574959562,0.4522774425040438,3,10,1.0,0.5,0.6000000000017313
973_r5,zh,0.5477225574951661,0.4522774425048339,3,10,1.0,0.30000001192092896,1.0
974_r1,en,0.6324555320224168,0.3675444679775832,3,10,0.0,0.5,0.5000000000019581
974_r1,fr,0.09039035675708842,0.9096096432429116,3,10,0.0,0.10000000149011612,0.5245112497857819
974_r1,ja,0.7745966692273415,0.2254033307726585,3,10,0.0,0.6000000238418579,1.0
974_r1,zh,0.18257418583172202,0.817425814168278,3,10,0.0,0.03333333507180214,1.0
974_r2,en,0.6324555320224711,0.36754446797752893,3,10,0.0,0.5,0.8000000000008656
974_r2,fr,0.0,1.0,3,10,0.0,0.0,0.6000000000017313
974_r2,ja,0.5477225574951661,0.4522774425048339,3,10,0.0,0.30000001192092896,0.7245112497849162
974_r2,zh,0.2581988897424471,0.7418011102575529,3,10,0.0,0.06666667014360428,1.0
974_r3,en,0.34108772066160453,0.6589122793383955,3,10,0.0,0.4000000059604645,0.32451124978664747
974_r3,fr,6.578740317673447e-07,0.9999993421259682,3,10,0.0,0.10000000149011612,0.32451124978664747
974_r3,ja,0.31622776601174873,0.6837722339882513,3,10,0.0,0.20000000298023224,0.8000000000008656
974_r3,zh,0.2581988897427265,0.7418011102572735,3,10,0.0,0.10000000149011612,0.8000000000008656
974_r4,en,0.0,1.0,3,10,0.0,0.0,0.10000000000368914
974_r4,fr,6.578740317673447e-07,0.9999993421259682,3,10,0.0,0.10000000149011612,0.10000000000368914
974_r4,ja,0.8366600265188001,0.16333997348119988,3,10,0.0,0.699999988079071,1.0
974_r4,zh,0.0,1.0,3,10,0.0,0.0,1.0
974_r5,en,8.92696468468758e-07,0.9999991073035315,3,10,0.0,0.20000000298023224,0.10000000000368914
974_r5,fr,0.0,1.0,3,10,0.0,0.0,0.32451124978664747
974_r5,ja,0.31622776601106445,0.6837722339889356,3,10,0.0,0.10000000149011612,0.8000000000008656
974_r5,zh,0.052186896805851306,0.9478131031941487,3,10,0.0,0.03333333507180214,0.7245112497849162
979_r1,en,0.3489810561960808,0.6510189438039192,3,10,1.0,0.7333333492279053,0.12451124978751298
979_r1,fr,0.0,1.0,3,10,1.0,0.0,0.3000000000028235
979_r1,ja,0.6831300510515013,0.31686994894849874,3,10,1.0,0.46666666865348816,1.0
979_r1,zh,0.31622776601106445,0.6837722339889356,3,10,1.0,0.10000000149011612,1.0
979_r2,en,0.341087720661816,0.6589122793381841,3,10,1.0,0.4333333373069763,0.12451124978751298
979_r2,fr,0.0,1.0,3,10,1.0,0.0,1.0
979_r2,ja,0.5551309904731668,0.44486900952683317,3,10,1.0,0.4000000059604645,0.7245112497849162
979_r2,zh,0.31622776601106445,0.6837722339889356,3,10,1.0,0.10000000149011612,1.0
979_r3,en,0.18257418583390445,0.8174258141660955,3,10,1.0,0.23333333432674408,0.10000000000368914
979_r3,fr,0.0,1.0,3,10,1.0,0.0,0.3245112497866474
979_r3,ja,0.7071067811736377,0.2928932188263623,3,10,1.0,0.5,1.0
979_r3,zh,0.2581988897424471,0.7418011102575529,3,10,1.0,0.06666667014360428,1.0
979_r4,en,1.3719861991831645e-06,0.9999986280138008,3,10,1.0,0.46666666865348816,0.10000000000368914
979_r4,fr,6.578740317673447e-07,0.9999993421259682,3,10,1.0,0.10000000149011612,0.6000000000017313
979_r4,ja,0.4472135954922769,0.5527864045077231,3,10,1.0,0.30000001192092896,0.8000000000008656
979_r4,zh,0.31622776601106445,0.6837722339889356,3,10,1.0,0.10000000149011612,1.0
979_r5,en,1.1394712480012226e-06,0.999998860528752,3,10,1.0,0.30000001192092896,0.12451124978751298
979_r5,fr,6.578740317673447e-07,0.9999993421259682,3,10,1.0,0.10000000149011612,0.12451124978751298
979_r5,ja,0.5477225574951661,0.4522774425048339,3,10,1.0,0.30000001192092896,0.7245112497849162
979_r5,zh,0.3162277660110644,0.6837722339889356,3,10,1.0,0.10000000149011612,1.0
97_r1,en,6.578740317673447e-07,0.9999993421259682,3,10,1.0,0.10000000149011612,0.10000000000368914
97_r1,fr,6.03414238432249e-07,0.9999993965857615,3,10,1.0,0.10000000149011612,0.10000000000368914
97_r1,ja,0.31622776601106445,0.6837722339889356,3,10,0.0,0.10000000149011612,0.7245112497849162
97_r1,zh,0.0,1.0,3,10,0.0,0.0,1.0
97_r2,en,0.12783126843530984,0.8721687315646902,3,10,1.0,0.30000001192092896,0.12451124978751298
97_r2,fr,0.0,1.0,3,10,1.0,0.0,0.3245112497866474
97_r2,ja,0.0,1.0,3,10,0.0,0.0,0.5245112497857818
97_r2,zh,0.36514837166344405,0.634851628336556,3,10,0.0,0.13333334028720856,1.0
97_r3,en,6.03414238432249e-07,0.9999993965857615,3,10,1.0,0.10000000149011612,0.3000000000028235
97_r3,fr,6.03414238432249e-07,0.9999993965857615,3,10,1.0,0.10000000149011612,0.10000000000368914
97_r3,ja,0.0,1.0,3,10,0.0,0.0,0.8000000000008656
97_r3,zh,0.2581988897424471,0.7418011102575529,3,10,0.0,0.06666667014360428,1.0
97_r4,en,0.5477225574951661,0.4522774425048339,3,10,1.0,0.30000001192092896,0.3245112497866474
97_r4,fr,0.2581988897424471,0.7418011102575529,3,10,1.0,0.06666667014360428,0.40000000000259683
97_r4,ja,0.316227766012433,0.6837722339875669,3,10,0.0,0.30000001192092896,0.6000000000017313
97_r4,zh,0.0,1.0,3,10,0.0,0.0,1.0
97_r5,en,0.4472135954922769,0.5527864045077231,3,10,1.0,0.30000001192092896,0.30000000000282356
97_r5,fr,0.0,1.0,3,10,1.0,0.0,0.10000000000368914
97_r5,ja,0.0,1.0,3,10,0.0,0.0,0.8000000000008656
97_r5,zh,0.0,1.0,3,10,0.0,0.0,1.0
980_r1,en,0.5477225574958936,0.4522774425041064,3,10,1.0,0.5,0.3000000000028235
980_r1,fr,0.0,1.0,3,10,1.0,0.0,0.10000000000368914
980_r1,ja,0.32889271288829475,0.6711072871117052,3,10,1.0,0.20000000298023224,0.5245112497857819
980_r1,zh,0.4472135954917929,0.5527864045082072,3,10,1.0,0.20000000298023224,1.0
980_r2,en,9.303743780584471e-07,0.9999990696256219,3,10,1.0,0.20000000298023224,0.6000000000017313
980_r2,fr,8.92696468468758e-07,0.9999991073035315,3,10,1.0,0.20000000298023224,0.10000000000368914
980_r2,ja,0.5551309904735566,0.44486900952644337,3,10,1.0,0.5,0.5245112497857818
980_r2,zh,0.0,1.0,3,10,1.0,0.0,1.0
980_r3,en,6.03414238432249e-07,0.9999993965857615,3,10,1.0,0.10000000149011612,0.5000000000019581
980_r3,fr,0.316227766013693,0.683772233986307,3,10,1.0,0.5,0.10000000000368914
980_r3,ja,0.0,1.0,3,10,1.0,0.0,0.3245112497866474
980_r3,zh,0.31622776601106445,0.6837722339889356,3,10,1.0,0.10000000149011612,1.0
980_r4,en,0.0,1.0,3,10,1.0,0.0,0.3000000000028235
980_r4,fr,0.5477225574958936,0.4522774425041064,3,10,1.0,0.5,0.3000000000028235
980_r4,ja,6.578740317673447e-07,0.9999993421259682,3,10,1.0,0.10000000149011612,0.40000000000259683
980_r4,zh,0.31622776601106445,0.6837722339889356,3,10,1.0,0.10000000149011612,1.0
980_r5,en,9.303743780584471e-07,0.9999990696256219,3,10,1.0,0.20000000298023224,0.10000000000368914
980_r5,fr,6.578740317673447e-07,0.9999993421259682,3,10,1.0,0.10000000149011612,0.10000000000368914
980_r5,ja,0.4472135954917929,0.5527864045082072,3,10,1.0,0.20000000298023224,0.7245112497849162
980_r5,zh,0.0,1.0,3,10,1.0,0.0,1.0
984_r1,en,0.31622776601129254,0.6837722339887075,3,10,0.0,0.13333334028720856,0.3245112497866474
984_r1,fr,0.0,1.0,3,10,1.0,0.0,0.10000000000368914
984_r1,ja,0.0,1.0,3,10,0.0,0.0,0.8000000000008656
984_r1,zh,0.3162277660115206,0.6837722339884794,3,10,0.0,0.1666666716337204,0.8000000000008656
984_r2,en,0.36514837166364156,0.6348516283363584,3,10,0.0,0.1666666716337204,0.6000000000017313
984_r2,fr,3.4838137299171195e-07,0.999999651618627,3,10,1.0,0.03333333507180214,0.30000000000282356
984_r2,ja,0.0,1.0,3,10,0.0,0.0,0.8000000000008656
984_r2,zh,0.18257418583172202,0.817425814168278,3,10,0.0,0.03333333507180214,1.0
984_r3,en,0.31622776601152064,0.6837722339884793,3,10,0.0,0.1666666716337204,0.3245112497866474
984_r3,fr,0.0,1.0,3,10,1.0,0.0,0.12451124978751298
984_r3,ja,0.6324555320221288,0.3675444679778712,3,10,0.0,0.4000000059604645,1.0
984_r3,zh,0.632455532022129,0.367544467977871,3,10,0.0,0.4000000059604645,1.0
984_r4,en,0.18257418583284463,0.8174258141671553,3,10,0.0,0.13333334028720856,0.10000000000368914
984_r4,fr,0.0,1.0,3,10,1.0,0.0,0.10000000000368914
984_r4,ja,0.0,1.0,3,10,0.0,0.0,0.8000000000008656
984_r4,zh,0.0,1.0,3,10,0.0,0.0,1.0
984_r5,en,0.0,1.0,3,10,0.0,0.0,0.10000000000368914
984_r5,fr,0.0,1.0,3,10,1.0,0.0,0.7245112497849162
984_r5,ja,0.0,1.0,3,10,0.0,0.0,0.7245112497849162
984_r5,zh,0.5477225574954295,0.45227744250457047,3,10,0.0,0.36666667461395264,0.8000000000008656
987_r1,en,0.316227766012433,0.6837722339875669,3,10,1.0,0.30000001192092896,0.10000000000368914
987_r1,fr,0.6388821617328979,0.3611178382671021,3,10,1.0,0.6000000238418579,0.5245112497857819
987_r1,ja,0.07380341724295483,0.9261965827570452,3,10,1.0,0.13333334028720856,0.3245112497866474
987_r1,zh,0.2581988897424471,0.7418011102575529,3,10,0.0,0.06666667014360428,1.0
987_r2,en,0.44721359549268397,0.5527864045073161,3,10,1.0,0.4000000059604645,0.3000000000028235
987_r2,fr,0.1278312684353098,0.8721687315646902,3,10,1.0,0.30000001192092896,0.12451124978751298
987_r2,ja,0.2581988897424471,0.7418011102575529,3,10,1.0,0.06666667014360428,0.3245112497866474
987_r2,zh,0.1898862963209431,0.8101137036790569,3,10,0.0,0.10000000149011612,0.3245112497866474
987_r3,en,0.2581988897424471,0.7418011102575529,3,10,1.0,0.06666667014360428,0.3000000000028235
987_r3,fr,0.0,1.0,3,10,1.0,0.0,0.10000000000368914
987_r3,ja,5.371518976191752e-07,0.9999994628481024,3,10,1.0,0.06666667014360428,0.12451124978751298
987_r3,zh,0.2581988897424471,0.7418011102575529,3,10,0.0,0.06666667014360428,0.7245112497849162
987_r4,en,6.578740317673447e-07,0.9999993421259682,3,10,1.0,0.10000000149011612,0.10000000000368914
987_r4,fr,6.03414238432249e-07,0.9999993965857615,3,10,1.0,0.10000000149011612,0.10000000000368914
987_r4,ja,0.0,1.0,3,10,1.0,0.0,0.30000000000282356
987_r4,zh,0.1825741858325122,0.8174258141674878,3,10,0.0,0.10000000149011612,0.12451124978751298
987_r5,en,9.303743780584471e-07,0.9999990696256219,3,10,1.0,0.20000000298023224,0.10000000000368914
987_r5,fr,0.0,1.0,3,10,1.0,0.0,0.12451124978751298
987_r5,ja,0.0,1.0,3,10,1.0,0.0,0.3245112497866474
987_r5,zh,0.0,1.0,3,10,0.0,0.0,0.5000000000019581
990_r1,en,0.44721359549309103,0.552786404506909,3,10,1.0,0.5,0.3000000000028235
990_r1,fr,9.05429999683544e-07,0.9999990945700004,3,10,0.0,0.20000000298023224,0.10000000000368914
990_r1,ja,0.4472135954917929,0.5527864045082072,3,10,1.0,0.20000000298023224,0.8000000000008656
990_r1,zh,0.31622776601106445,0.6837722339889356,3,10,0.0,0.10000000149011612,0.7245112497849162
990_r2,en,0.0,1.0,3,10,1.0,0.0,0.3000000000028235
990_r2,fr,0.0,1.0,3,10,0.0,0.0,0.40000000000259683
990_r2,ja,0.31622776601106445,0.6837722339889356,3,10,1.0,0.10000000149011612,0.7245112497849162
990_r2,zh,0.0,1.0,3,10,0.0,0.0,1.0
990_r3,en,0.5477225574959563,0.45227744250404367,3,10,1.0,0.5,0.3245112497866474
990_r3,fr,0.0,1.0,3,10,0.0,0.0,0.10000000000368914
990_r3,ja,0.09039035675948248,0.9096096432405175,3,10,1.0,0.20000000298023224,0.5245112497857819
990_r3,zh,0.31622776601106445,0.6837722339889356,3,10,0.0,0.10000000149011612,1.0
990_r4,en,0.0,1.0,3,10,1.0,0.0,0.8000000000008656
990_r4,fr,0.0,1.0,3,10,0.0,0.0,0.40000000000259683
990_r4,ja,6.578740317673447e-07,0.9999993421259682,3,10,1.0,0.10000000149011612,0.8000000000008656
990_r4,zh,0.4830458915308288,0.5169541084691712,3,10,0.0,0.23333333432674408,0.5245112497857819
990_r5,en,6.578740317673447e-07,0.9999993421259682,3,10,1.0,0.10000000149011612,0.10000000000368914
990_r5,fr,9.303743780584473e-07,0.9999990696256219,3,10,0.0,0.20000000298023224,0.12451124978751298
990_r5,ja,0.0,1.0,3,10,1.0,0.0,1.0
990_r5,zh,0.31622776601106445,0.6837722339889356,3,10,0.0,0.10000000149011612,1.0
991_r1,en,0.547722557496621,0.452277442503379,3,10,1.0,0.699999988079071,0.3000000000028235
991_r1,fr,0.0,1.0,3,10,1.0,0.0,0.12451124978751298
991_r1,ja,0.6324555320221288,0.3675444679778712,3,10,1.0,0.4000000059604645,1.0
991_r1,zh,0.31622776601106445,0.6837722339889356,3,10,1.0,0.10000000149011612,0.7245112497849162
991_r2,en,1.1089207485165086e-06,0.9999988910792514,3,10,1.0,0.30000001192092896,0.3000000000028235
991_r2,fr,6.578740317673447e-07,0.9999993421259682,3,10,1.0,0.10000000149011612,0.10000000000368914
991_r2,ja,0.31622776601106445,0.6837722339889356,3,10,1.0,0.10000000149011612,1.0
991_r2,zh,0.4082482904564095,0.5917517095435905,3,10,1.0,0.1666666716337204,1.0
991_r3,en,0.6324555320227588,0.36754446797724116,3,10,1.0,0.6000000238418579,0.5000000000019581
991_r3,fr,0.0,1.0,3,10,1.0,0.0,0.30000000000282356
991_r3,ja,0.31622776601174873,0.6837722339882513,3,10,1.0,0.20000000298023224,0.5245112497857819
991_r3,zh,0.31622776601106445,0.6837722339889356,3,10,1.0,0.10000000149011612,0.8000000000008656
991_r4,en,0.8944271909838276,0.10557280901617239,3,10,1.0,0.8999999761581421,0.8000000000008656
991_r4,fr,0.3162277660116402,0.6837722339883598,3,10,1.0,0.20000000298023224,0.3000000000028235
991_r4,ja,0.4562569633302825,0.5437430366697176,3,10,1.0,0.30000001192092896,0.5245112497857819
991_r4,zh,6.578740317673447e-07,0.9999993421259682,3,10,1.0,0.10000000149011612,0.3245112497866474
991_r5,en,0.44721359549316786,0.5527864045068321,3,10,1.0,0.5,0.3000000000028235
991_r5,fr,0.0,1.0,3,10,1.0,0.0,0.30000000000282356
991_r5,ja,0.5477225574951661,0.4522774425048339,3,10,1.0,0.30000001192092896,0.8000000000008656
991_r5,zh,0.31622776601106445,0.6837722339889356,3,10,1.0,0.10000000149011612,1.0
997_r1,en,0.465124535132772,0.534875464867228,3,10,1.0,0.5,0.3245112497866474
997_r1,fr,0.31622776601506164,0.6837722339849384,3,10,0.0,0.699999988079071,0.10000000000368914
997_r1,ja,0.6324555320221288,0.3675444679778712,3,10,0.0,0.4000000059604645,0.8000000000008656
997_r1,zh,0.0,1.0,3,10,0.0,0.0,1.0
997_r2,en,0.09039035675708842,0.9096096432429116,3,10,1.0,0.10000000149011612,0.5245112497857819
997_r2,fr,6.578740317673447e-07,0.9999993421259682,3,10,0.0,0.10000000149011612,0.8000000000008656
997_r2,ja,0.31622776601106445,0.6837722339889356,3,10,0.0,0.10000000149011612,0.3245112497866474
997_r2,zh,0.31622776601106445,0.6837722339889356,3,10,0.0,0.10000000149011612,0.8000000000008656
997_r3,en,1.289381040718466e-06,0.9999987106189593,3,10,1.0,0.4000000059604645,0.10000000000368914
997_r3,fr,0.5696588889624494,0.43034111103755057,3,10,0.0,0.800000011920929,0.3245112497866474
997_r3,ja,0.0,1.0,3,10,0.0,0.0,0.5245112497857818
997_r3,zh,0.31622776601106445,0.6837722339889356,3,10,0.0,0.10000000149011612,0.8000000000008656
997_r4,en,0.0,1.0,3,10,1.0,0.0,0.10000000000368914
997_r4,fr,0.0,1.0,3,10,0.0,0.0,0.12451124978751298
997_r4,ja,0.5477225574951661,0.4522774425048339,3,10,0.0,0.30000001192092896,1.0
997_r4,zh,0.09039035675708842,0.9096096432429116,3,10,0.0,0.10000000149011612,0.5245112497857819
997_r5,en,0.0,1.0,3,10,1.0,0.0,0.8000000000008656
997_r5,fr,0.0,1.0,3,10,0.0,0.0,0.6000000000017313
997_r5,ja,0.0,1.0,3,10,0.0,0.0,0.5245112497857819
997_r5,zh,0.6324555320221288,0.3675444679778712,3,10,0.0,0.4000000059604645,1.0
998_r1,en,0.6388821617325591,0.3611178382674409,3,10,1.0,0.5,0.7245112497849162
998_r1,fr,9.934616572345572e-07,0.9999990065383427,3,10,1.0,0.23333333432674408,0.3000000000028235
998_r1,ja,0.41157033282150624,0.5884296671784938,3,10,1.0,0.20000000298023224,0.7245112497849162
998_r1,zh,0.31622776601106445,0.6837722339889356,3,10,0.0,0.10000000149011612,1.0
998_r2,en,0.4651245351327719,0.534875464867228,3,10,1.0,0.5,0.3245112497866474
998_r2,fr,9.179869192081618e-07,0.9999990820130807,3,10,1.0,0.20000000298023224,0.10000000000368914
998_r2,ja,0.26342008059837985,0.7365799194016202,3,10,1.0,0.10000000149011612,0.5245112497857819
998_r2,zh,0.31622776601106445,0.6837722339889356,3,10,0.0,0.10000000149011612,1.0
998_r3,en,0.5477225574958936,0.4522774425041064,3,10,1.0,0.5,0.5000000000019581
998_r3,fr,0.2581988897437552,0.7418011102562447,3,10,1.0,0.23333333432674408,0.10000000000368914
998_r3,ja,0.31622776601129254,0.6837722339887075,3,10,1.0,0.13333334028720856,0.8000000000008656
998_r3,zh,0.0,1.0,3,10,0.0,0.0,1.0
998_r4,en,0.8366600265188001,0.16333997348119988,3,10,1.0,0.699999988079071,1.0
998_r4,fr,9.818704420059108e-07,0.999999018129558,3,10,1.0,0.23333333432674408,0.10000000000368914
998_r4,ja,0.36514837166344405,0.634851628336556,3,10,1.0,0.13333334028720856,1.0
998_r4,zh,0.2581988897432852,0.7418011102567148,3,10,0.0,0.1666666716337204,0.8000000000008656
998_r5,en,0.44721359549276085,0.5527864045072391,3,10,1.0,0.4000000059604645,0.3245112497866474
998_r5,fr,0.2581988897438439,0.7418011102561561,3,10,1.0,0.23333333432674408,0.40000000000259683
998_r5,ja,0.36514837166364156,0.6348516283363584,3,10,1.0,0.1666666716337204,0.8000000000008656
998_r5,zh,0.31622776601106445,0.6837722339889356,3,10,0.0,0.10000000149011612,1.0
999_r1,en,0.6324555320221289,0.3675444679778711,3,10,1.0,0.4000000059604645,0.40000000000259683
999_r1,fr,0.7185686001847857,0.28143139981521426,3,10,0.0,0.800000011920929,0.5245112497857818
999_r1,ja,0.31622776601106445,0.6837722339889356,3,10,0.0,0.10000000149011612,1.0
999_r1,zh,0.36514837166344405,0.634851628336556,3,10,0.0,0.13333334028720856,1.0
999_r2,en,6.578740317673447e-07,0.9999993421259682,3,10,1.0,0.10000000149011612,0.12451124978751298
999_r2,fr,0.7071067811739437,0.29289321882605635,3,10,0.0,0.6000000238418579,0.6000000000017313
999_r2,ja,0.5477225574951661,0.4522774425048339,3,10,0.0,0.30000001192092896,0.8000000000008656
999_r2,zh,0.4472135954917929,0.5527864045082072,3,10,0.0,0.20000000298023224,0.8000000000008656
999_r3,en,0.32889271288829475,0.6711072871117052,3,10,1.0,0.20000000298023224,0.12451124978751298
999_r3,fr,0.6452447854691848,0.35475521453081515,3,10,0.0,0.699999988079071,0.5245112497857818
999_r3,ja,0.7071067811736377,0.2928932188263623,3,10,0.0,0.5,0.8000000000008656
999_r3,zh,0.4472135954917929,0.5527864045082072,3,10,0.0,0.20000000298023224,0.7245112497849162
999_r4,en,0.3162277660130088,0.6837722339869912,3,10,1.0,0.4000000059604645,0.5000000000019581
999_r4,fr,0.894427190983586,0.10557280901641397,3,10,0.0,0.800000011920929,1.0
999_r4,ja,0.4472135954917929,0.5527864045082072,3,10,0.0,0.20000000298023224,0.8000000000008656
999_r4,zh,0.6055300708084428,0.3944699291915572,3,10,0.0,0.36666667461395264,0.8000000000008656
999_r5,en,0.0,1.0,3,10,1.0,0.0,0.3000000000028235
999_r5,fr,0.8944271909838276,0.10557280901617239,3,10,0.0,0.8999999761581421,0.8000000000008656
999_r5,ja,0.5551309904731668,0.44486900952683317,3,10,0.0,0.4000000059604645,0.7245112497849162
999_r5,zh,0.31622776601106445,0.6837722339889356,3,10,0.0,0.10000000149011612,1.0
