split,answer_type,question_id,image_id,question_type,question,multiple_choice_answer,answers_joined,image_path,id,perturbation_type,perturbation_intensity,perturbation_name
val2014,other,4689545,0,Other,What brand makes the gaming system shown?,nintendo,nintendo; nintendo; nintendo; nintendo; wii; wii; wii; wii; sony; sony,snne/okvqa/images_perturbed/OKVQA_val2014_000000000000_4689545_contrast1.jpg,4689545_contrast1,contrast,8,contrast1
val2014,other,4689545,0,Other,What brand makes the gaming system shown?,nintendo,nintendo; nintendo; nintendo; nintendo; wii; wii; wii; wii; sony; sony,snne/okvqa/images_perturbed/OKVQA_val2014_000000000000_4689545_blur1.jpg,4689545_blur1,blur,8,blur1
val2014,other,4689545,0,Other,What brand makes the gaming system shown?,nintendo,nintendo; nintendo; nintendo; nintendo; wii; wii; wii; wii; sony; sony,snne/okvqa/images_perturbed/OKVQA_val2014_000000000000_4689545_rotate1.jpg,4689545_rotate1,rotate,8,rotate1
val2014,other,4689545,0,Other,What brand makes the gaming system shown?,nintendo,nintendo; nintendo; nintendo; nintendo; wii; wii; wii; wii; sony; sony,snne/okvqa/images_perturbed/OKVQA_val2014_000000000000_4689545_shift1.jpg,4689545_shift1,shift,8,shift1
val2014,other,4689545,0,Other,What brand makes the gaming system shown?,nintendo,nintendo; nintendo; nintendo; nintendo; wii; wii; wii; wii; sony; sony,snne/okvqa/images_perturbed/OKVQA_val2014_000000000000_4689545_noise1.jpg,4689545_noise1,noise,5,noise1
val2014,other,4689545,0,Other,What brand makes the gaming system shown?,nintendo,nintendo; nintendo; nintendo; nintendo; wii; wii; wii; wii; sony; sony,snne/okvqa/images_perturbed/OKVQA_val2014_000000000000_4689545_masking1.jpg,4689545_masking1,masking,5,masking1
val2014,other,4689545,0,Other,What brand makes the gaming system shown?,nintendo,nintendo; nintendo; nintendo; nintendo; wii; wii; wii; wii; sony; sony,snne/okvqa/images_perturbed/OKVQA_val2014_000000000000_4689545_bw1.jpg,4689545_bw1,bw,NA,bw1
val2014,other,1929325,0,Sports and Recreation,What areas of the united states would this sport be common in?,north,north; north; north; north; minnesota; minnesota; muntains; muntains; mountains; mountains,snne/okvqa/images_perturbed/OKVQA_val2014_000000000000_1929325_contrast1.jpg,1929325_contrast1,contrast,4,contrast1
val2014,other,1929325,0,Sports and Recreation,What areas of the united states would this sport be common in?,north,north; north; north; north; minnesota; minnesota; muntains; muntains; mountains; mountains,snne/okvqa/images_perturbed/OKVQA_val2014_000000000000_1929325_blur1.jpg,1929325_blur1,blur,4,blur1
val2014,other,1929325,0,Sports and Recreation,What areas of the united states would this sport be common in?,north,north; north; north; north; minnesota; minnesota; muntains; muntains; mountains; mountains,snne/okvqa/images_perturbed/OKVQA_val2014_000000000000_1929325_rotate1.jpg,1929325_rotate1,rotate,4,rotate1
val2014,other,1929325,0,Sports and Recreation,What areas of the united states would this sport be common in?,north,north; north; north; north; minnesota; minnesota; muntains; muntains; mountains; mountains,snne/okvqa/images_perturbed/OKVQA_val2014_000000000000_1929325_shift1.jpg,1929325_shift1,shift,4,shift1
val2014,other,1929325,0,Sports and Recreation,What areas of the united states would this sport be common in?,north,north; north; north; north; minnesota; minnesota; muntains; muntains; mountains; mountains,snne/okvqa/images_perturbed/OKVQA_val2014_000000000000_1929325_noise1.jpg,1929325_noise1,noise,6,noise1
val2014,other,1929325,0,Sports and Recreation,What areas of the united states would this sport be common in?,north,north; north; north; north; minnesota; minnesota; muntains; muntains; mountains; mountains,snne/okvqa/images_perturbed/OKVQA_val2014_000000000000_1929325_masking1.jpg,1929325_masking1,masking,6,masking1
val2014,other,1929325,0,Sports and Recreation,What areas of the united states would this sport be common in?,north,north; north; north; north; minnesota; minnesota; muntains; muntains; mountains; mountains,snne/okvqa/images_perturbed/OKVQA_val2014_000000000000_1929325_bw1.jpg,1929325_bw1,bw,NA,bw1
val2014,other,3040445,0,"Objects, Material and Clothing",How high off the ground are these traffic lights?,15 feet,15 feet; 15 feet; 15 feet; 15 feet; clearance; clearance; 20 feet; 20 feet; 25 feet; 25 feet,snne/okvqa/images_perturbed/OKVQA_val2014_000000000000_3040445_contrast1.jpg,3040445_contrast1,contrast,8,contrast1
val2014,other,3040445,0,"Objects, Material and Clothing",How high off the ground are these traffic lights?,15 feet,15 feet; 15 feet; 15 feet; 15 feet; clearance; clearance; 20 feet; 20 feet; 25 feet; 25 feet,snne/okvqa/images_perturbed/OKVQA_val2014_000000000000_3040445_blur1.jpg,3040445_blur1,blur,8,blur1
val2014,other,3040445,0,"Objects, Material and Clothing",How high off the ground are these traffic lights?,15 feet,15 feet; 15 feet; 15 feet; 15 feet; clearance; clearance; 20 feet; 20 feet; 25 feet; 25 feet,snne/okvqa/images_perturbed/OKVQA_val2014_000000000000_3040445_rotate1.jpg,3040445_rotate1,rotate,8,rotate1
val2014,other,3040445,0,"Objects, Material and Clothing",How high off the ground are these traffic lights?,15 feet,15 feet; 15 feet; 15 feet; 15 feet; clearance; clearance; 20 feet; 20 feet; 25 feet; 25 feet,snne/okvqa/images_perturbed/OKVQA_val2014_000000000000_3040445_shift1.jpg,3040445_shift1,shift,8,shift1
val2014,other,3040445,0,"Objects, Material and Clothing",How high off the ground are these traffic lights?,15 feet,15 feet; 15 feet; 15 feet; 15 feet; clearance; clearance; 20 feet; 20 feet; 25 feet; 25 feet,snne/okvqa/images_perturbed/OKVQA_val2014_000000000000_3040445_noise1.jpg,3040445_noise1,noise,10,noise1
val2014,other,3040445,0,"Objects, Material and Clothing",How high off the ground are these traffic lights?,15 feet,15 feet; 15 feet; 15 feet; 15 feet; clearance; clearance; 20 feet; 20 feet; 25 feet; 25 feet,snne/okvqa/images_perturbed/OKVQA_val2014_000000000000_3040445_masking1.jpg,3040445_masking1,masking,10,masking1
val2014,other,3040445,0,"Objects, Material and Clothing",How high off the ground are these traffic lights?,15 feet,15 feet; 15 feet; 15 feet; 15 feet; clearance; clearance; 20 feet; 20 feet; 25 feet; 25 feet,snne/okvqa/images_perturbed/OKVQA_val2014_000000000000_3040445_bw1.jpg,3040445_bw1,bw,NA,bw1
val2014,other,1054265,0,Other,What time of the day is it?,morning,morning; morning; morning; morning; morning; morning; morning; morning; afternoon; afternoon,snne/okvqa/images_perturbed/OKVQA_val2014_000000000000_1054265_contrast1.jpg,1054265_contrast1,contrast,7,contrast1
val2014,other,1054265,0,Other,What time of the day is it?,morning,morning; morning; morning; morning; morning; morning; morning; morning; afternoon; afternoon,snne/okvqa/images_perturbed/OKVQA_val2014_000000000000_1054265_blur1.jpg,1054265_blur1,blur,7,blur1
val2014,other,1054265,0,Other,What time of the day is it?,morning,morning; morning; morning; morning; morning; morning; morning; morning; afternoon; afternoon,snne/okvqa/images_perturbed/OKVQA_val2014_000000000000_1054265_rotate1.jpg,1054265_rotate1,rotate,7,rotate1
val2014,other,1054265,0,Other,What time of the day is it?,morning,morning; morning; morning; morning; morning; morning; morning; morning; afternoon; afternoon,snne/okvqa/images_perturbed/OKVQA_val2014_000000000000_1054265_shift1.jpg,1054265_shift1,shift,7,shift1
val2014,other,1054265,0,Other,What time of the day is it?,morning,morning; morning; morning; morning; morning; morning; morning; morning; afternoon; afternoon,snne/okvqa/images_perturbed/OKVQA_val2014_000000000000_1054265_noise1.jpg,1054265_noise1,noise,5,noise1
val2014,other,1054265,0,Other,What time of the day is it?,morning,morning; morning; morning; morning; morning; morning; morning; morning; afternoon; afternoon,snne/okvqa/images_perturbed/OKVQA_val2014_000000000000_1054265_masking1.jpg,1054265_masking1,masking,5,masking1
val2014,other,1054265,0,Other,What time of the day is it?,morning,morning; morning; morning; morning; morning; morning; morning; morning; afternoon; afternoon,snne/okvqa/images_perturbed/OKVQA_val2014_000000000000_1054265_bw1.jpg,1054265_bw1,bw,NA,bw1
val2014,other,4093465,0,Other,A top like these seen here with a collar which buttons down the front is usually referred to as a what?,blouse,blouse; blouse; blouse; blouse; button down; button down; blazer; blazer; button up; button up,snne/okvqa/images_perturbed/OKVQA_val2014_000000000000_4093465_contrast1.jpg,4093465_contrast1,contrast,7,contrast1
val2014,other,4093465,0,Other,A top like these seen here with a collar which buttons down the front is usually referred to as a what?,blouse,blouse; blouse; blouse; blouse; button down; button down; blazer; blazer; button up; button up,snne/okvqa/images_perturbed/OKVQA_val2014_000000000000_4093465_blur1.jpg,4093465_blur1,blur,7,blur1
val2014,other,4093465,0,Other,A top like these seen here with a collar which buttons down the front is usually referred to as a what?,blouse,blouse; blouse; blouse; blouse; button down; button down; blazer; blazer; button up; button up,snne/okvqa/images_perturbed/OKVQA_val2014_000000000000_4093465_rotate1.jpg,4093465_rotate1,rotate,7,rotate1
val2014,other,4093465,0,Other,A top like these seen here with a collar which buttons down the front is usually referred to as a what?,blouse,blouse; blouse; blouse; blouse; button down; button down; blazer; blazer; button up; button up,snne/okvqa/images_perturbed/OKVQA_val2014_000000000000_4093465_shift1.jpg,4093465_shift1,shift,7,shift1
val2014,other,4093465,0,Other,A top like these seen here with a collar which buttons down the front is usually referred to as a what?,blouse,blouse; blouse; blouse; blouse; button down; button down; blazer; blazer; button up; button up,snne/okvqa/images_perturbed/OKVQA_val2014_000000000000_4093465_noise1.jpg,4093465_noise1,noise,8,noise1
val2014,other,4093465,0,Other,A top like these seen here with a collar which buttons down the front is usually referred to as a what?,blouse,blouse; blouse; blouse; blouse; button down; button down; blazer; blazer; button up; button up,snne/okvqa/images_perturbed/OKVQA_val2014_000000000000_4093465_masking1.jpg,4093465_masking1,masking,8,masking1
val2014,other,4093465,0,Other,A top like these seen here with a collar which buttons down the front is usually referred to as a what?,blouse,blouse; blouse; blouse; blouse; button down; button down; blazer; blazer; button up; button up,snne/okvqa/images_perturbed/OKVQA_val2014_000000000000_4093465_bw1.jpg,4093465_bw1,bw,NA,bw1
val2014,other,2099955,0,"Objects, Material and Clothing",What kind of pants is the woman wearing?,jeans,jeans; jeans; jeans; jeans; jeans; jeans; blue; blue; skirt; skirt,snne/okvqa/images_perturbed/OKVQA_val2014_000000000000_2099955_contrast1.jpg,2099955_contrast1,contrast,4,contrast1
val2014,other,2099955,0,"Objects, Material and Clothing",What kind of pants is the woman wearing?,jeans,jeans; jeans; jeans; jeans; jeans; jeans; blue; blue; skirt; skirt,snne/okvqa/images_perturbed/OKVQA_val2014_000000000000_2099955_blur1.jpg,2099955_blur1,blur,4,blur1
val2014,other,2099955,0,"Objects, Material and Clothing",What kind of pants is the woman wearing?,jeans,jeans; jeans; jeans; jeans; jeans; jeans; blue; blue; skirt; skirt,snne/okvqa/images_perturbed/OKVQA_val2014_000000000000_2099955_rotate1.jpg,2099955_rotate1,rotate,4,rotate1
val2014,other,2099955,0,"Objects, Material and Clothing",What kind of pants is the woman wearing?,jeans,jeans; jeans; jeans; jeans; jeans; jeans; blue; blue; skirt; skirt,snne/okvqa/images_perturbed/OKVQA_val2014_000000000000_2099955_shift1.jpg,2099955_shift1,shift,4,shift1
val2014,other,2099955,0,"Objects, Material and Clothing",What kind of pants is the woman wearing?,jeans,jeans; jeans; jeans; jeans; jeans; jeans; blue; blue; skirt; skirt,snne/okvqa/images_perturbed/OKVQA_val2014_000000000000_2099955_noise1.jpg,2099955_noise1,noise,9,noise1
val2014,other,2099955,0,"Objects, Material and Clothing",What kind of pants is the woman wearing?,jeans,jeans; jeans; jeans; jeans; jeans; jeans; blue; blue; skirt; skirt,snne/okvqa/images_perturbed/OKVQA_val2014_000000000000_2099955_masking1.jpg,2099955_masking1,masking,9,masking1
val2014,other,2099955,0,"Objects, Material and Clothing",What kind of pants is the woman wearing?,jeans,jeans; jeans; jeans; jeans; jeans; jeans; blue; blue; skirt; skirt,snne/okvqa/images_perturbed/OKVQA_val2014_000000000000_2099955_bw1.jpg,2099955_bw1,bw,NA,bw1
val2014,other,2309035,0,Vehicles and Transportation,How is this vehicle powered?,electricity,electricity; electricity; electricity; electricity; electricity; electricity; electric; electric; electricy; electricy,snne/okvqa/images_perturbed/OKVQA_val2014_000000000000_2309035_contrast1.jpg,2309035_contrast1,contrast,7,contrast1
val2014,other,2309035,0,Vehicles and Transportation,How is this vehicle powered?,electricity,electricity; electricity; electricity; electricity; electricity; electricity; electric; electric; electricy; electricy,snne/okvqa/images_perturbed/OKVQA_val2014_000000000000_2309035_blur1.jpg,2309035_blur1,blur,7,blur1
val2014,other,2309035,0,Vehicles and Transportation,How is this vehicle powered?,electricity,electricity; electricity; electricity; electricity; electricity; electricity; electric; electric; electricy; electricy,snne/okvqa/images_perturbed/OKVQA_val2014_000000000000_2309035_rotate1.jpg,2309035_rotate1,rotate,7,rotate1
val2014,other,2309035,0,Vehicles and Transportation,How is this vehicle powered?,electricity,electricity; electricity; electricity; electricity; electricity; electricity; electric; electric; electricy; electricy,snne/okvqa/images_perturbed/OKVQA_val2014_000000000000_2309035_shift1.jpg,2309035_shift1,shift,7,shift1
val2014,other,2309035,0,Vehicles and Transportation,How is this vehicle powered?,electricity,electricity; electricity; electricity; electricity; electricity; electricity; electric; electric; electricy; electricy,snne/okvqa/images_perturbed/OKVQA_val2014_000000000000_2309035_noise1.jpg,2309035_noise1,noise,5,noise1
val2014,other,2309035,0,Vehicles and Transportation,How is this vehicle powered?,electricity,electricity; electricity; electricity; electricity; electricity; electricity; electric; electric; electricy; electricy,snne/okvqa/images_perturbed/OKVQA_val2014_000000000000_2309035_masking1.jpg,2309035_masking1,masking,5,masking1
val2014,other,2309035,0,Vehicles and Transportation,How is this vehicle powered?,electricity,electricity; electricity; electricity; electricity; electricity; electricity; electric; electric; electricy; electricy,snne/okvqa/images_perturbed/OKVQA_val2014_000000000000_2309035_bw1.jpg,2309035_bw1,bw,NA,bw1
val2014,other,5379826,0,Cooking and Food,Why so many green vegetables?,healthy,healthy; healthy; healthy; healthy; make salad; make salad; lots of vegetables are green; lots of vegetables are green; salad; salad,snne/okvqa/images_perturbed/OKVQA_val2014_000000000000_5379826_contrast1.jpg,5379826_contrast1,contrast,7,contrast1
val2014,other,5379826,0,Cooking and Food,Why so many green vegetables?,healthy,healthy; healthy; healthy; healthy; make salad; make salad; lots of vegetables are green; lots of vegetables are green; salad; salad,snne/okvqa/images_perturbed/OKVQA_val2014_000000000000_5379826_blur1.jpg,5379826_blur1,blur,7,blur1
val2014,other,5379826,0,Cooking and Food,Why so many green vegetables?,healthy,healthy; healthy; healthy; healthy; make salad; make salad; lots of vegetables are green; lots of vegetables are green; salad; salad,snne/okvqa/images_perturbed/OKVQA_val2014_000000000000_5379826_rotate1.jpg,5379826_rotate1,rotate,7,rotate1
val2014,other,5379826,0,Cooking and Food,Why so many green vegetables?,healthy,healthy; healthy; healthy; healthy; make salad; make salad; lots of vegetables are green; lots of vegetables are green; salad; salad,snne/okvqa/images_perturbed/OKVQA_val2014_000000000000_5379826_shift1.jpg,5379826_shift1,shift,7,shift1
val2014,other,5379826,0,Cooking and Food,Why so many green vegetables?,healthy,healthy; healthy; healthy; healthy; make salad; make salad; lots of vegetables are green; lots of vegetables are green; salad; salad,snne/okvqa/images_perturbed/OKVQA_val2014_000000000000_5379826_noise1.jpg,5379826_noise1,noise,6,noise1
val2014,other,5379826,0,Cooking and Food,Why so many green vegetables?,healthy,healthy; healthy; healthy; healthy; make salad; make salad; lots of vegetables are green; lots of vegetables are green; salad; salad,snne/okvqa/images_perturbed/OKVQA_val2014_000000000000_5379826_masking1.jpg,5379826_masking1,masking,6,masking1
val2014,other,5379826,0,Cooking and Food,Why so many green vegetables?,healthy,healthy; healthy; healthy; healthy; make salad; make salad; lots of vegetables are green; lots of vegetables are green; salad; salad,snne/okvqa/images_perturbed/OKVQA_val2014_000000000000_5379826_bw1.jpg,5379826_bw1,bw,NA,bw1
val2014,other,343215,0,"Objects, Material and Clothing",What kind of bear?,teddy,teddy; teddy; teddy; teddy; teddy; teddy; stuffed; stuffed; stuffed; stuffed,snne/okvqa/images_perturbed/OKVQA_val2014_000000000000_343215_contrast1.jpg,343215_contrast1,contrast,6,contrast1
val2014,other,343215,0,"Objects, Material and Clothing",What kind of bear?,teddy,teddy; teddy; teddy; teddy; teddy; teddy; stuffed; stuffed; stuffed; stuffed,snne/okvqa/images_perturbed/OKVQA_val2014_000000000000_343215_blur1.jpg,343215_blur1,blur,6,blur1
val2014,other,343215,0,"Objects, Material and Clothing",What kind of bear?,teddy,teddy; teddy; teddy; teddy; teddy; teddy; stuffed; stuffed; stuffed; stuffed,snne/okvqa/images_perturbed/OKVQA_val2014_000000000000_343215_rotate1.jpg,343215_rotate1,rotate,6,rotate1
val2014,other,343215,0,"Objects, Material and Clothing",What kind of bear?,teddy,teddy; teddy; teddy; teddy; teddy; teddy; stuffed; stuffed; stuffed; stuffed,snne/okvqa/images_perturbed/OKVQA_val2014_000000000000_343215_shift1.jpg,343215_shift1,shift,6,shift1
val2014,other,343215,0,"Objects, Material and Clothing",What kind of bear?,teddy,teddy; teddy; teddy; teddy; teddy; teddy; stuffed; stuffed; stuffed; stuffed,snne/okvqa/images_perturbed/OKVQA_val2014_000000000000_343215_noise1.jpg,343215_noise1,noise,9,noise1
val2014,other,343215,0,"Objects, Material and Clothing",What kind of bear?,teddy,teddy; teddy; teddy; teddy; teddy; teddy; stuffed; stuffed; stuffed; stuffed,snne/okvqa/images_perturbed/OKVQA_val2014_000000000000_343215_masking1.jpg,343215_masking1,masking,9,masking1
val2014,other,343215,0,"Objects, Material and Clothing",What kind of bear?,teddy,teddy; teddy; teddy; teddy; teddy; teddy; stuffed; stuffed; stuffed; stuffed,snne/okvqa/images_perturbed/OKVQA_val2014_000000000000_343215_bw1.jpg,343215_bw1,bw,NA,bw1
val2014,other,4069085,0,"Geography, History, Language and Culture",What is the name of the location being featured in this photo?,park,park; park; park; park; field; field; sideline; sideline; soccer field or park; soccer field or park,snne/okvqa/images_perturbed/OKVQA_val2014_000000000000_4069085_contrast1.jpg,4069085_contrast1,contrast,5,contrast1
val2014,other,4069085,0,"Geography, History, Language and Culture",What is the name of the location being featured in this photo?,park,park; park; park; park; field; field; sideline; sideline; soccer field or park; soccer field or park,snne/okvqa/images_perturbed/OKVQA_val2014_000000000000_4069085_blur1.jpg,4069085_blur1,blur,5,blur1
val2014,other,4069085,0,"Geography, History, Language and Culture",What is the name of the location being featured in this photo?,park,park; park; park; park; field; field; sideline; sideline; soccer field or park; soccer field or park,snne/okvqa/images_perturbed/OKVQA_val2014_000000000000_4069085_rotate1.jpg,4069085_rotate1,rotate,5,rotate1
val2014,other,4069085,0,"Geography, History, Language and Culture",What is the name of the location being featured in this photo?,park,park; park; park; park; field; field; sideline; sideline; soccer field or park; soccer field or park,snne/okvqa/images_perturbed/OKVQA_val2014_000000000000_4069085_shift1.jpg,4069085_shift1,shift,5,shift1
val2014,other,4069085,0,"Geography, History, Language and Culture",What is the name of the location being featured in this photo?,park,park; park; park; park; field; field; sideline; sideline; soccer field or park; soccer field or park,snne/okvqa/images_perturbed/OKVQA_val2014_000000000000_4069085_noise1.jpg,4069085_noise1,noise,5,noise1
val2014,other,4069085,0,"Geography, History, Language and Culture",What is the name of the location being featured in this photo?,park,park; park; park; park; field; field; sideline; sideline; soccer field or park; soccer field or park,snne/okvqa/images_perturbed/OKVQA_val2014_000000000000_4069085_masking1.jpg,4069085_masking1,masking,5,masking1
val2014,other,4069085,0,"Geography, History, Language and Culture",What is the name of the location being featured in this photo?,park,park; park; park; park; field; field; sideline; sideline; soccer field or park; soccer field or park,snne/okvqa/images_perturbed/OKVQA_val2014_000000000000_4069085_bw1.jpg,4069085_bw1,bw,NA,bw1
val2014,other,2026565,0,Plants and Animals,How long do trees like this live?,100 years,100 years; 100 years; 100 years; 100 years; 100 yrs; 100 yrs; years; years; 30 years; 30 years,snne/okvqa/images_perturbed/OKVQA_val2014_000000000000_2026565_contrast1.jpg,2026565_contrast1,contrast,4,contrast1
val2014,other,2026565,0,Plants and Animals,How long do trees like this live?,100 years,100 years; 100 years; 100 years; 100 years; 100 yrs; 100 yrs; years; years; 30 years; 30 years,snne/okvqa/images_perturbed/OKVQA_val2014_000000000000_2026565_blur1.jpg,2026565_blur1,blur,4,blur1
val2014,other,2026565,0,Plants and Animals,How long do trees like this live?,100 years,100 years; 100 years; 100 years; 100 years; 100 yrs; 100 yrs; years; years; 30 years; 30 years,snne/okvqa/images_perturbed/OKVQA_val2014_000000000000_2026565_rotate1.jpg,2026565_rotate1,rotate,4,rotate1
val2014,other,2026565,0,Plants and Animals,How long do trees like this live?,100 years,100 years; 100 years; 100 years; 100 years; 100 yrs; 100 yrs; years; years; 30 years; 30 years,snne/okvqa/images_perturbed/OKVQA_val2014_000000000000_2026565_shift1.jpg,2026565_shift1,shift,4,shift1
val2014,other,2026565,0,Plants and Animals,How long do trees like this live?,100 years,100 years; 100 years; 100 years; 100 years; 100 yrs; 100 yrs; years; years; 30 years; 30 years,snne/okvqa/images_perturbed/OKVQA_val2014_000000000000_2026565_noise1.jpg,2026565_noise1,noise,10,noise1
val2014,other,2026565,0,Plants and Animals,How long do trees like this live?,100 years,100 years; 100 years; 100 years; 100 years; 100 yrs; 100 yrs; years; years; 30 years; 30 years,snne/okvqa/images_perturbed/OKVQA_val2014_000000000000_2026565_masking1.jpg,2026565_masking1,masking,10,masking1
val2014,other,2026565,0,Plants and Animals,How long do trees like this live?,100 years,100 years; 100 years; 100 years; 100 years; 100 yrs; 100 yrs; years; years; 30 years; 30 years,snne/okvqa/images_perturbed/OKVQA_val2014_000000000000_2026565_bw1.jpg,2026565_bw1,bw,NA,bw1
val2014,other,1139755,0,Sports and Recreation,Where might you see this?,dog show,dog show; dog show; dog show; dog show; in dog show; in dog show; circus; circus; dogshow; dogshow,snne/okvqa/images_perturbed/OKVQA_val2014_000000000000_1139755_contrast1.jpg,1139755_contrast1,contrast,6,contrast1
val2014,other,1139755,0,Sports and Recreation,Where might you see this?,dog show,dog show; dog show; dog show; dog show; in dog show; in dog show; circus; circus; dogshow; dogshow,snne/okvqa/images_perturbed/OKVQA_val2014_000000000000_1139755_blur1.jpg,1139755_blur1,blur,6,blur1
val2014,other,1139755,0,Sports and Recreation,Where might you see this?,dog show,dog show; dog show; dog show; dog show; in dog show; in dog show; circus; circus; dogshow; dogshow,snne/okvqa/images_perturbed/OKVQA_val2014_000000000000_1139755_rotate1.jpg,1139755_rotate1,rotate,6,rotate1
val2014,other,1139755,0,Sports and Recreation,Where might you see this?,dog show,dog show; dog show; dog show; dog show; in dog show; in dog show; circus; circus; dogshow; dogshow,snne/okvqa/images_perturbed/OKVQA_val2014_000000000000_1139755_shift1.jpg,1139755_shift1,shift,6,shift1
val2014,other,1139755,0,Sports and Recreation,Where might you see this?,dog show,dog show; dog show; dog show; dog show; in dog show; in dog show; circus; circus; dogshow; dogshow,snne/okvqa/images_perturbed/OKVQA_val2014_000000000000_1139755_noise1.jpg,1139755_noise1,noise,7,noise1
val2014,other,1139755,0,Sports and Recreation,Where might you see this?,dog show,dog show; dog show; dog show; dog show; in dog show; in dog show; circus; circus; dogshow; dogshow,snne/okvqa/images_perturbed/OKVQA_val2014_000000000000_1139755_masking1.jpg,1139755_masking1,masking,7,masking1
val2014,other,1139755,0,Sports and Recreation,Where might you see this?,dog show,dog show; dog show; dog show; dog show; in dog show; in dog show; circus; circus; dogshow; dogshow,snne/okvqa/images_perturbed/OKVQA_val2014_000000000000_1139755_bw1.jpg,1139755_bw1,bw,NA,bw1
val2014,other,3318165,0,Weather and Climate,What kind of fabric product is produced from these animals?,wool,wool; wool; wool; wool; wool; wool; wool; wool; cotton; cotton,snne/okvqa/images_perturbed/OKVQA_val2014_000000000000_3318165_contrast1.jpg,3318165_contrast1,contrast,5,contrast1
val2014,other,3318165,0,Weather and Climate,What kind of fabric product is produced from these animals?,wool,wool; wool; wool; wool; wool; wool; wool; wool; cotton; cotton,snne/okvqa/images_perturbed/OKVQA_val2014_000000000000_3318165_blur1.jpg,3318165_blur1,blur,5,blur1
val2014,other,3318165,0,Weather and Climate,What kind of fabric product is produced from these animals?,wool,wool; wool; wool; wool; wool; wool; wool; wool; cotton; cotton,snne/okvqa/images_perturbed/OKVQA_val2014_000000000000_3318165_rotate1.jpg,3318165_rotate1,rotate,5,rotate1
val2014,other,3318165,0,Weather and Climate,What kind of fabric product is produced from these animals?,wool,wool; wool; wool; wool; wool; wool; wool; wool; cotton; cotton,snne/okvqa/images_perturbed/OKVQA_val2014_000000000000_3318165_shift1.jpg,3318165_shift1,shift,5,shift1
val2014,other,3318165,0,Weather and Climate,What kind of fabric product is produced from these animals?,wool,wool; wool; wool; wool; wool; wool; wool; wool; cotton; cotton,snne/okvqa/images_perturbed/OKVQA_val2014_000000000000_3318165_noise1.jpg,3318165_noise1,noise,6,noise1
val2014,other,3318165,0,Weather and Climate,What kind of fabric product is produced from these animals?,wool,wool; wool; wool; wool; wool; wool; wool; wool; cotton; cotton,snne/okvqa/images_perturbed/OKVQA_val2014_000000000000_3318165_masking1.jpg,3318165_masking1,masking,6,masking1
val2014,other,3318165,0,Weather and Climate,What kind of fabric product is produced from these animals?,wool,wool; wool; wool; wool; wool; wool; wool; wool; cotton; cotton,snne/okvqa/images_perturbed/OKVQA_val2014_000000000000_3318165_bw1.jpg,3318165_bw1,bw,NA,bw1
val2014,other,5069455,0,Science and Technology,What is the term for the effect used in this photo?,fisheye,fisheye; fisheye; fisheye; fisheye; reflection; reflection; zoom; zoom; wide angle; wide angle,snne/okvqa/images_perturbed/OKVQA_val2014_000000000000_5069455_contrast1.jpg,5069455_contrast1,contrast,4,contrast1
val2014,other,5069455,0,Science and Technology,What is the term for the effect used in this photo?,fisheye,fisheye; fisheye; fisheye; fisheye; reflection; reflection; zoom; zoom; wide angle; wide angle,snne/okvqa/images_perturbed/OKVQA_val2014_000000000000_5069455_blur1.jpg,5069455_blur1,blur,4,blur1
val2014,other,5069455,0,Science and Technology,What is the term for the effect used in this photo?,fisheye,fisheye; fisheye; fisheye; fisheye; reflection; reflection; zoom; zoom; wide angle; wide angle,snne/okvqa/images_perturbed/OKVQA_val2014_000000000000_5069455_rotate1.jpg,5069455_rotate1,rotate,4,rotate1
val2014,other,5069455,0,Science and Technology,What is the term for the effect used in this photo?,fisheye,fisheye; fisheye; fisheye; fisheye; reflection; reflection; zoom; zoom; wide angle; wide angle,snne/okvqa/images_perturbed/OKVQA_val2014_000000000000_5069455_shift1.jpg,5069455_shift1,shift,4,shift1
val2014,other,5069455,0,Science and Technology,What is the term for the effect used in this photo?,fisheye,fisheye; fisheye; fisheye; fisheye; reflection; reflection; zoom; zoom; wide angle; wide angle,snne/okvqa/images_perturbed/OKVQA_val2014_000000000000_5069455_noise1.jpg,5069455_noise1,noise,7,noise1
val2014,other,5069455,0,Science and Technology,What is the term for the effect used in this photo?,fisheye,fisheye; fisheye; fisheye; fisheye; reflection; reflection; zoom; zoom; wide angle; wide angle,snne/okvqa/images_perturbed/OKVQA_val2014_000000000000_5069455_masking1.jpg,5069455_masking1,masking,7,masking1
val2014,other,5069455,0,Science and Technology,What is the term for the effect used in this photo?,fisheye,fisheye; fisheye; fisheye; fisheye; reflection; reflection; zoom; zoom; wide angle; wide angle,snne/okvqa/images_perturbed/OKVQA_val2014_000000000000_5069455_bw1.jpg,5069455_bw1,bw,NA,bw1
val2014,other,3419335,0,Cooking and Food,Under what family do these two vegetables fall in?,root,root; root; root; root; umbellifer; umbellifer; umbellifers; umbellifers; roots; roots,snne/okvqa/images_perturbed/OKVQA_val2014_000000000000_3419335_contrast1.jpg,3419335_contrast1,contrast,5,contrast1
val2014,other,3419335,0,Cooking and Food,Under what family do these two vegetables fall in?,root,root; root; root; root; umbellifer; umbellifer; umbellifers; umbellifers; roots; roots,snne/okvqa/images_perturbed/OKVQA_val2014_000000000000_3419335_blur1.jpg,3419335_blur1,blur,5,blur1
val2014,other,3419335,0,Cooking and Food,Under what family do these two vegetables fall in?,root,root; root; root; root; umbellifer; umbellifer; umbellifers; umbellifers; roots; roots,snne/okvqa/images_perturbed/OKVQA_val2014_000000000000_3419335_rotate1.jpg,3419335_rotate1,rotate,5,rotate1
val2014,other,3419335,0,Cooking and Food,Under what family do these two vegetables fall in?,root,root; root; root; root; umbellifer; umbellifer; umbellifers; umbellifers; roots; roots,snne/okvqa/images_perturbed/OKVQA_val2014_000000000000_3419335_shift1.jpg,3419335_shift1,shift,5,shift1
val2014,other,3419335,0,Cooking and Food,Under what family do these two vegetables fall in?,root,root; root; root; root; umbellifer; umbellifer; umbellifers; umbellifers; roots; roots,snne/okvqa/images_perturbed/OKVQA_val2014_000000000000_3419335_noise1.jpg,3419335_noise1,noise,7,noise1
val2014,other,3419335,0,Cooking and Food,Under what family do these two vegetables fall in?,root,root; root; root; root; umbellifer; umbellifer; umbellifers; umbellifers; roots; roots,snne/okvqa/images_perturbed/OKVQA_val2014_000000000000_3419335_masking1.jpg,3419335_masking1,masking,7,masking1
val2014,other,3419335,0,Cooking and Food,Under what family do these two vegetables fall in?,root,root; root; root; root; umbellifer; umbellifer; umbellifers; umbellifers; roots; roots,snne/okvqa/images_perturbed/OKVQA_val2014_000000000000_3419335_bw1.jpg,3419335_bw1,bw,NA,bw1
val2014,other,348775,0,Cooking and Food,What type of pizza is this?,cheese,cheese; cheese; cheese; cheese; half eaten; half eaten; white; white; hand tossed; hand tossed,snne/okvqa/images_perturbed/OKVQA_val2014_000000000000_348775_contrast1.jpg,348775_contrast1,contrast,7,contrast1
val2014,other,348775,0,Cooking and Food,What type of pizza is this?,cheese,cheese; cheese; cheese; cheese; half eaten; half eaten; white; white; hand tossed; hand tossed,snne/okvqa/images_perturbed/OKVQA_val2014_000000000000_348775_blur1.jpg,348775_blur1,blur,7,blur1
val2014,other,348775,0,Cooking and Food,What type of pizza is this?,cheese,cheese; cheese; cheese; cheese; half eaten; half eaten; white; white; hand tossed; hand tossed,snne/okvqa/images_perturbed/OKVQA_val2014_000000000000_348775_rotate1.jpg,348775_rotate1,rotate,7,rotate1
val2014,other,348775,0,Cooking and Food,What type of pizza is this?,cheese,cheese; cheese; cheese; cheese; half eaten; half eaten; white; white; hand tossed; hand tossed,snne/okvqa/images_perturbed/OKVQA_val2014_000000000000_348775_shift1.jpg,348775_shift1,shift,7,shift1
val2014,other,348775,0,Cooking and Food,What type of pizza is this?,cheese,cheese; cheese; cheese; cheese; half eaten; half eaten; white; white; hand tossed; hand tossed,snne/okvqa/images_perturbed/OKVQA_val2014_000000000000_348775_noise1.jpg,348775_noise1,noise,7,noise1
val2014,other,348775,0,Cooking and Food,What type of pizza is this?,cheese,cheese; cheese; cheese; cheese; half eaten; half eaten; white; white; hand tossed; hand tossed,snne/okvqa/images_perturbed/OKVQA_val2014_000000000000_348775_masking1.jpg,348775_masking1,masking,7,masking1
val2014,other,348775,0,Cooking and Food,What type of pizza is this?,cheese,cheese; cheese; cheese; cheese; half eaten; half eaten; white; white; hand tossed; hand tossed,snne/okvqa/images_perturbed/OKVQA_val2014_000000000000_348775_bw1.jpg,348775_bw1,bw,NA,bw1
val2014,other,4675935,0,Plants and Animals,What kind of bird is pictured here?,peacock,peacock; peacock; peacock; peacock; peacock; peacock; bird of paradise; bird of paradise; hawk; hawk,snne/okvqa/images_perturbed/OKVQA_val2014_000000000000_4675935_contrast1.jpg,4675935_contrast1,contrast,6,contrast1
val2014,other,4675935,0,Plants and Animals,What kind of bird is pictured here?,peacock,peacock; peacock; peacock; peacock; peacock; peacock; bird of paradise; bird of paradise; hawk; hawk,snne/okvqa/images_perturbed/OKVQA_val2014_000000000000_4675935_blur1.jpg,4675935_blur1,blur,6,blur1
val2014,other,4675935,0,Plants and Animals,What kind of bird is pictured here?,peacock,peacock; peacock; peacock; peacock; peacock; peacock; bird of paradise; bird of paradise; hawk; hawk,snne/okvqa/images_perturbed/OKVQA_val2014_000000000000_4675935_rotate1.jpg,4675935_rotate1,rotate,6,rotate1
val2014,other,4675935,0,Plants and Animals,What kind of bird is pictured here?,peacock,peacock; peacock; peacock; peacock; peacock; peacock; bird of paradise; bird of paradise; hawk; hawk,snne/okvqa/images_perturbed/OKVQA_val2014_000000000000_4675935_shift1.jpg,4675935_shift1,shift,6,shift1
val2014,other,4675935,0,Plants and Animals,What kind of bird is pictured here?,peacock,peacock; peacock; peacock; peacock; peacock; peacock; bird of paradise; bird of paradise; hawk; hawk,snne/okvqa/images_perturbed/OKVQA_val2014_000000000000_4675935_noise1.jpg,4675935_noise1,noise,9,noise1
val2014,other,4675935,0,Plants and Animals,What kind of bird is pictured here?,peacock,peacock; peacock; peacock; peacock; peacock; peacock; bird of paradise; bird of paradise; hawk; hawk,snne/okvqa/images_perturbed/OKVQA_val2014_000000000000_4675935_masking1.jpg,4675935_masking1,masking,9,masking1
val2014,other,4675935,0,Plants and Animals,What kind of bird is pictured here?,peacock,peacock; peacock; peacock; peacock; peacock; peacock; bird of paradise; bird of paradise; hawk; hawk,snne/okvqa/images_perturbed/OKVQA_val2014_000000000000_4675935_bw1.jpg,4675935_bw1,bw,NA,bw1
val2014,other,3728615,0,"Brands, Companies and Products",How long is this size bed?,75 inches,75 inches; 75 inches; 75 inches; 75 inches; 6 feet; 6 feet; 7ft; 7ft; 80 inches; 80 inches,snne/okvqa/images_perturbed/OKVQA_val2014_000000000000_3728615_contrast1.jpg,3728615_contrast1,contrast,3,contrast1
val2014,other,3728615,0,"Brands, Companies and Products",How long is this size bed?,75 inches,75 inches; 75 inches; 75 inches; 75 inches; 6 feet; 6 feet; 7ft; 7ft; 80 inches; 80 inches,snne/okvqa/images_perturbed/OKVQA_val2014_000000000000_3728615_blur1.jpg,3728615_blur1,blur,3,blur1
val2014,other,3728615,0,"Brands, Companies and Products",How long is this size bed?,75 inches,75 inches; 75 inches; 75 inches; 75 inches; 6 feet; 6 feet; 7ft; 7ft; 80 inches; 80 inches,snne/okvqa/images_perturbed/OKVQA_val2014_000000000000_3728615_rotate1.jpg,3728615_rotate1,rotate,3,rotate1
val2014,other,3728615,0,"Brands, Companies and Products",How long is this size bed?,75 inches,75 inches; 75 inches; 75 inches; 75 inches; 6 feet; 6 feet; 7ft; 7ft; 80 inches; 80 inches,snne/okvqa/images_perturbed/OKVQA_val2014_000000000000_3728615_shift1.jpg,3728615_shift1,shift,3,shift1
val2014,other,3728615,0,"Brands, Companies and Products",How long is this size bed?,75 inches,75 inches; 75 inches; 75 inches; 75 inches; 6 feet; 6 feet; 7ft; 7ft; 80 inches; 80 inches,snne/okvqa/images_perturbed/OKVQA_val2014_000000000000_3728615_noise1.jpg,3728615_noise1,noise,8,noise1
val2014,other,3728615,0,"Brands, Companies and Products",How long is this size bed?,75 inches,75 inches; 75 inches; 75 inches; 75 inches; 6 feet; 6 feet; 7ft; 7ft; 80 inches; 80 inches,snne/okvqa/images_perturbed/OKVQA_val2014_000000000000_3728615_masking1.jpg,3728615_masking1,masking,8,masking1
val2014,other,3728615,0,"Brands, Companies and Products",How long is this size bed?,75 inches,75 inches; 75 inches; 75 inches; 75 inches; 6 feet; 6 feet; 7ft; 7ft; 80 inches; 80 inches,snne/okvqa/images_perturbed/OKVQA_val2014_000000000000_3728615_bw1.jpg,3728615_bw1,bw,NA,bw1
val2014,other,995815,0,"Brands, Companies and Products",What brand is this device?,samsung,samsung; samsung; samsung; samsung; samsung; samsung; samsung; samsung; samsung; samsung,snne/okvqa/images_perturbed/OKVQA_val2014_000000000000_995815_contrast1.jpg,995815_contrast1,contrast,3,contrast1
val2014,other,995815,0,"Brands, Companies and Products",What brand is this device?,samsung,samsung; samsung; samsung; samsung; samsung; samsung; samsung; samsung; samsung; samsung,snne/okvqa/images_perturbed/OKVQA_val2014_000000000000_995815_blur1.jpg,995815_blur1,blur,3,blur1
val2014,other,995815,0,"Brands, Companies and Products",What brand is this device?,samsung,samsung; samsung; samsung; samsung; samsung; samsung; samsung; samsung; samsung; samsung,snne/okvqa/images_perturbed/OKVQA_val2014_000000000000_995815_rotate1.jpg,995815_rotate1,rotate,3,rotate1
val2014,other,995815,0,"Brands, Companies and Products",What brand is this device?,samsung,samsung; samsung; samsung; samsung; samsung; samsung; samsung; samsung; samsung; samsung,snne/okvqa/images_perturbed/OKVQA_val2014_000000000000_995815_shift1.jpg,995815_shift1,shift,3,shift1
val2014,other,995815,0,"Brands, Companies and Products",What brand is this device?,samsung,samsung; samsung; samsung; samsung; samsung; samsung; samsung; samsung; samsung; samsung,snne/okvqa/images_perturbed/OKVQA_val2014_000000000000_995815_noise1.jpg,995815_noise1,noise,9,noise1
val2014,other,995815,0,"Brands, Companies and Products",What brand is this device?,samsung,samsung; samsung; samsung; samsung; samsung; samsung; samsung; samsung; samsung; samsung,snne/okvqa/images_perturbed/OKVQA_val2014_000000000000_995815_masking1.jpg,995815_masking1,masking,9,masking1
val2014,other,995815,0,"Brands, Companies and Products",What brand is this device?,samsung,samsung; samsung; samsung; samsung; samsung; samsung; samsung; samsung; samsung; samsung,snne/okvqa/images_perturbed/OKVQA_val2014_000000000000_995815_bw1.jpg,995815_bw1,bw,NA,bw1
val2014,other,4923495,0,Plants and Animals,What continent s is are this bird found on?,north america,north america; north america; north america; north america; north america; north america; north america; north america; south america; south america,snne/okvqa/images_perturbed/OKVQA_val2014_000000000000_4923495_contrast1.jpg,4923495_contrast1,contrast,7,contrast1
val2014,other,4923495,0,Plants and Animals,What continent s is are this bird found on?,north america,north america; north america; north america; north america; north america; north america; north america; north america; south america; south america,snne/okvqa/images_perturbed/OKVQA_val2014_000000000000_4923495_blur1.jpg,4923495_blur1,blur,7,blur1
val2014,other,4923495,0,Plants and Animals,What continent s is are this bird found on?,north america,north america; north america; north america; north america; north america; north america; north america; north america; south america; south america,snne/okvqa/images_perturbed/OKVQA_val2014_000000000000_4923495_rotate1.jpg,4923495_rotate1,rotate,7,rotate1
val2014,other,4923495,0,Plants and Animals,What continent s is are this bird found on?,north america,north america; north america; north america; north america; north america; north america; north america; north america; south america; south america,snne/okvqa/images_perturbed/OKVQA_val2014_000000000000_4923495_shift1.jpg,4923495_shift1,shift,7,shift1
val2014,other,4923495,0,Plants and Animals,What continent s is are this bird found on?,north america,north america; north america; north america; north america; north america; north america; north america; north america; south america; south america,snne/okvqa/images_perturbed/OKVQA_val2014_000000000000_4923495_noise1.jpg,4923495_noise1,noise,7,noise1
val2014,other,4923495,0,Plants and Animals,What continent s is are this bird found on?,north america,north america; north america; north america; north america; north america; north america; north america; north america; south america; south america,snne/okvqa/images_perturbed/OKVQA_val2014_000000000000_4923495_masking1.jpg,4923495_masking1,masking,7,masking1
val2014,other,4923495,0,Plants and Animals,What continent s is are this bird found on?,north america,north america; north america; north america; north america; north america; north america; north america; north america; south america; south america,snne/okvqa/images_perturbed/OKVQA_val2014_000000000000_4923495_bw1.jpg,4923495_bw1,bw,NA,bw1
val2014,other,3814165,0,Sports and Recreation,What type of skiing is this man doing?,cross country,cross country; cross country; cross country; cross country; cross country; cross country; cross country; cross country; crosscountry; crosscountry,snne/okvqa/images_perturbed/OKVQA_val2014_000000000000_3814165_contrast1.jpg,3814165_contrast1,contrast,7,contrast1
val2014,other,3814165,0,Sports and Recreation,What type of skiing is this man doing?,cross country,cross country; cross country; cross country; cross country; cross country; cross country; cross country; cross country; crosscountry; crosscountry,snne/okvqa/images_perturbed/OKVQA_val2014_000000000000_3814165_blur1.jpg,3814165_blur1,blur,7,blur1
val2014,other,3814165,0,Sports and Recreation,What type of skiing is this man doing?,cross country,cross country; cross country; cross country; cross country; cross country; cross country; cross country; cross country; crosscountry; crosscountry,snne/okvqa/images_perturbed/OKVQA_val2014_000000000000_3814165_rotate1.jpg,3814165_rotate1,rotate,7,rotate1
val2014,other,3814165,0,Sports and Recreation,What type of skiing is this man doing?,cross country,cross country; cross country; cross country; cross country; cross country; cross country; cross country; cross country; crosscountry; crosscountry,snne/okvqa/images_perturbed/OKVQA_val2014_000000000000_3814165_shift1.jpg,3814165_shift1,shift,7,shift1
val2014,other,3814165,0,Sports and Recreation,What type of skiing is this man doing?,cross country,cross country; cross country; cross country; cross country; cross country; cross country; cross country; cross country; crosscountry; crosscountry,snne/okvqa/images_perturbed/OKVQA_val2014_000000000000_3814165_noise1.jpg,3814165_noise1,noise,6,noise1
val2014,other,3814165,0,Sports and Recreation,What type of skiing is this man doing?,cross country,cross country; cross country; cross country; cross country; cross country; cross country; cross country; cross country; crosscountry; crosscountry,snne/okvqa/images_perturbed/OKVQA_val2014_000000000000_3814165_masking1.jpg,3814165_masking1,masking,6,masking1
val2014,other,3814165,0,Sports and Recreation,What type of skiing is this man doing?,cross country,cross country; cross country; cross country; cross country; cross country; cross country; cross country; cross country; crosscountry; crosscountry,snne/okvqa/images_perturbed/OKVQA_val2014_000000000000_3814165_bw1.jpg,3814165_bw1,bw,NA,bw1
val2014,other,3979035,0,Other,What is the woman doing?,taking picture,taking picture; taking picture; taking picture; taking picture; taking picture; taking picture; photographing; photographing; taking photo; taking photo,snne/okvqa/images_perturbed/OKVQA_val2014_000000000000_3979035_contrast1.jpg,3979035_contrast1,contrast,8,contrast1
val2014,other,3979035,0,Other,What is the woman doing?,taking picture,taking picture; taking picture; taking picture; taking picture; taking picture; taking picture; photographing; photographing; taking photo; taking photo,snne/okvqa/images_perturbed/OKVQA_val2014_000000000000_3979035_blur1.jpg,3979035_blur1,blur,8,blur1
val2014,other,3979035,0,Other,What is the woman doing?,taking picture,taking picture; taking picture; taking picture; taking picture; taking picture; taking picture; photographing; photographing; taking photo; taking photo,snne/okvqa/images_perturbed/OKVQA_val2014_000000000000_3979035_rotate1.jpg,3979035_rotate1,rotate,8,rotate1
val2014,other,3979035,0,Other,What is the woman doing?,taking picture,taking picture; taking picture; taking picture; taking picture; taking picture; taking picture; photographing; photographing; taking photo; taking photo,snne/okvqa/images_perturbed/OKVQA_val2014_000000000000_3979035_shift1.jpg,3979035_shift1,shift,8,shift1
val2014,other,3979035,0,Other,What is the woman doing?,taking picture,taking picture; taking picture; taking picture; taking picture; taking picture; taking picture; photographing; photographing; taking photo; taking photo,snne/okvqa/images_perturbed/OKVQA_val2014_000000000000_3979035_noise1.jpg,3979035_noise1,noise,5,noise1
val2014,other,3979035,0,Other,What is the woman doing?,taking picture,taking picture; taking picture; taking picture; taking picture; taking picture; taking picture; photographing; photographing; taking photo; taking photo,snne/okvqa/images_perturbed/OKVQA_val2014_000000000000_3979035_masking1.jpg,3979035_masking1,masking,5,masking1
val2014,other,3979035,0,Other,What is the woman doing?,taking picture,taking picture; taking picture; taking picture; taking picture; taking picture; taking picture; photographing; photographing; taking photo; taking photo,snne/okvqa/images_perturbed/OKVQA_val2014_000000000000_3979035_bw1.jpg,3979035_bw1,bw,NA,bw1
val2014,other,2291915,0,Cooking and Food,What part of the body is the food in the bowl good for?,stomach,stomach; stomach; stomach; stomach; stomach; stomach; heart; heart; instestines; instestines,snne/okvqa/images_perturbed/OKVQA_val2014_000000000000_2291915_contrast1.jpg,2291915_contrast1,contrast,3,contrast1
val2014,other,2291915,0,Cooking and Food,What part of the body is the food in the bowl good for?,stomach,stomach; stomach; stomach; stomach; stomach; stomach; heart; heart; instestines; instestines,snne/okvqa/images_perturbed/OKVQA_val2014_000000000000_2291915_blur1.jpg,2291915_blur1,blur,3,blur1
val2014,other,2291915,0,Cooking and Food,What part of the body is the food in the bowl good for?,stomach,stomach; stomach; stomach; stomach; stomach; stomach; heart; heart; instestines; instestines,snne/okvqa/images_perturbed/OKVQA_val2014_000000000000_2291915_rotate1.jpg,2291915_rotate1,rotate,3,rotate1
val2014,other,2291915,0,Cooking and Food,What part of the body is the food in the bowl good for?,stomach,stomach; stomach; stomach; stomach; stomach; stomach; heart; heart; instestines; instestines,snne/okvqa/images_perturbed/OKVQA_val2014_000000000000_2291915_shift1.jpg,2291915_shift1,shift,3,shift1
val2014,other,2291915,0,Cooking and Food,What part of the body is the food in the bowl good for?,stomach,stomach; stomach; stomach; stomach; stomach; stomach; heart; heart; instestines; instestines,snne/okvqa/images_perturbed/OKVQA_val2014_000000000000_2291915_noise1.jpg,2291915_noise1,noise,10,noise1
val2014,other,2291915,0,Cooking and Food,What part of the body is the food in the bowl good for?,stomach,stomach; stomach; stomach; stomach; stomach; stomach; heart; heart; instestines; instestines,snne/okvqa/images_perturbed/OKVQA_val2014_000000000000_2291915_masking1.jpg,2291915_masking1,masking,10,masking1
val2014,other,2291915,0,Cooking and Food,What part of the body is the food in the bowl good for?,stomach,stomach; stomach; stomach; stomach; stomach; stomach; heart; heart; instestines; instestines,snne/okvqa/images_perturbed/OKVQA_val2014_000000000000_2291915_bw1.jpg,2291915_bw1,bw,NA,bw1
val2014,other,4009815,0,Sports and Recreation,What sport are the women playing?,tennis,tennis; tennis; tennis; tennis; tennis; tennis; tennis; tennis; tennis; tennis,snne/okvqa/images_perturbed/OKVQA_val2014_000000000000_4009815_contrast1.jpg,4009815_contrast1,contrast,3,contrast1
val2014,other,4009815,0,Sports and Recreation,What sport are the women playing?,tennis,tennis; tennis; tennis; tennis; tennis; tennis; tennis; tennis; tennis; tennis,snne/okvqa/images_perturbed/OKVQA_val2014_000000000000_4009815_blur1.jpg,4009815_blur1,blur,3,blur1
val2014,other,4009815,0,Sports and Recreation,What sport are the women playing?,tennis,tennis; tennis; tennis; tennis; tennis; tennis; tennis; tennis; tennis; tennis,snne/okvqa/images_perturbed/OKVQA_val2014_000000000000_4009815_rotate1.jpg,4009815_rotate1,rotate,3,rotate1
val2014,other,4009815,0,Sports and Recreation,What sport are the women playing?,tennis,tennis; tennis; tennis; tennis; tennis; tennis; tennis; tennis; tennis; tennis,snne/okvqa/images_perturbed/OKVQA_val2014_000000000000_4009815_shift1.jpg,4009815_shift1,shift,3,shift1
val2014,other,4009815,0,Sports and Recreation,What sport are the women playing?,tennis,tennis; tennis; tennis; tennis; tennis; tennis; tennis; tennis; tennis; tennis,snne/okvqa/images_perturbed/OKVQA_val2014_000000000000_4009815_noise1.jpg,4009815_noise1,noise,6,noise1
val2014,other,4009815,0,Sports and Recreation,What sport are the women playing?,tennis,tennis; tennis; tennis; tennis; tennis; tennis; tennis; tennis; tennis; tennis,snne/okvqa/images_perturbed/OKVQA_val2014_000000000000_4009815_masking1.jpg,4009815_masking1,masking,6,masking1
val2014,other,4009815,0,Sports and Recreation,What sport are the women playing?,tennis,tennis; tennis; tennis; tennis; tennis; tennis; tennis; tennis; tennis; tennis,snne/okvqa/images_perturbed/OKVQA_val2014_000000000000_4009815_bw1.jpg,4009815_bw1,bw,NA,bw1
val2014,other,1574695,0,"Brands, Companies and Products",What company manufactured the video game system being played here?,nintendo,nintendo; nintendo; nintendo; nintendo; nintendo; nintendo; wii; wii; wii; wii,snne/okvqa/images_perturbed/OKVQA_val2014_000000000000_1574695_contrast1.jpg,1574695_contrast1,contrast,5,contrast1
val2014,other,1574695,0,"Brands, Companies and Products",What company manufactured the video game system being played here?,nintendo,nintendo; nintendo; nintendo; nintendo; nintendo; nintendo; wii; wii; wii; wii,snne/okvqa/images_perturbed/OKVQA_val2014_000000000000_1574695_blur1.jpg,1574695_blur1,blur,5,blur1
val2014,other,1574695,0,"Brands, Companies and Products",What company manufactured the video game system being played here?,nintendo,nintendo; nintendo; nintendo; nintendo; nintendo; nintendo; wii; wii; wii; wii,snne/okvqa/images_perturbed/OKVQA_val2014_000000000000_1574695_rotate1.jpg,1574695_rotate1,rotate,5,rotate1
val2014,other,1574695,0,"Brands, Companies and Products",What company manufactured the video game system being played here?,nintendo,nintendo; nintendo; nintendo; nintendo; nintendo; nintendo; wii; wii; wii; wii,snne/okvqa/images_perturbed/OKVQA_val2014_000000000000_1574695_shift1.jpg,1574695_shift1,shift,5,shift1
val2014,other,1574695,0,"Brands, Companies and Products",What company manufactured the video game system being played here?,nintendo,nintendo; nintendo; nintendo; nintendo; nintendo; nintendo; wii; wii; wii; wii,snne/okvqa/images_perturbed/OKVQA_val2014_000000000000_1574695_noise1.jpg,1574695_noise1,noise,8,noise1
val2014,other,1574695,0,"Brands, Companies and Products",What company manufactured the video game system being played here?,nintendo,nintendo; nintendo; nintendo; nintendo; nintendo; nintendo; wii; wii; wii; wii,snne/okvqa/images_perturbed/OKVQA_val2014_000000000000_1574695_masking1.jpg,1574695_masking1,masking,8,masking1
val2014,other,1574695,0,"Brands, Companies and Products",What company manufactured the video game system being played here?,nintendo,nintendo; nintendo; nintendo; nintendo; nintendo; nintendo; wii; wii; wii; wii,snne/okvqa/images_perturbed/OKVQA_val2014_000000000000_1574695_bw1.jpg,1574695_bw1,bw,NA,bw1
val2014,other,3862045,0,People and Everyday life,What type of board is the woman's feet resting on in the photo?,skateboard,skateboard; skateboard; skateboard; skateboard; skateboard; skateboard; skateboard; skateboard; skate board; skate board,snne/okvqa/images_perturbed/OKVQA_val2014_000000000000_3862045_contrast1.jpg,3862045_contrast1,contrast,4,contrast1
val2014,other,3862045,0,People and Everyday life,What type of board is the woman's feet resting on in the photo?,skateboard,skateboard; skateboard; skateboard; skateboard; skateboard; skateboard; skateboard; skateboard; skate board; skate board,snne/okvqa/images_perturbed/OKVQA_val2014_000000000000_3862045_blur1.jpg,3862045_blur1,blur,4,blur1
val2014,other,3862045,0,People and Everyday life,What type of board is the woman's feet resting on in the photo?,skateboard,skateboard; skateboard; skateboard; skateboard; skateboard; skateboard; skateboard; skateboard; skate board; skate board,snne/okvqa/images_perturbed/OKVQA_val2014_000000000000_3862045_rotate1.jpg,3862045_rotate1,rotate,4,rotate1
val2014,other,3862045,0,People and Everyday life,What type of board is the woman's feet resting on in the photo?,skateboard,skateboard; skateboard; skateboard; skateboard; skateboard; skateboard; skateboard; skateboard; skate board; skate board,snne/okvqa/images_perturbed/OKVQA_val2014_000000000000_3862045_shift1.jpg,3862045_shift1,shift,4,shift1
val2014,other,3862045,0,People and Everyday life,What type of board is the woman's feet resting on in the photo?,skateboard,skateboard; skateboard; skateboard; skateboard; skateboard; skateboard; skateboard; skateboard; skate board; skate board,snne/okvqa/images_perturbed/OKVQA_val2014_000000000000_3862045_noise1.jpg,3862045_noise1,noise,7,noise1
val2014,other,3862045,0,People and Everyday life,What type of board is the woman's feet resting on in the photo?,skateboard,skateboard; skateboard; skateboard; skateboard; skateboard; skateboard; skateboard; skateboard; skate board; skate board,snne/okvqa/images_perturbed/OKVQA_val2014_000000000000_3862045_masking1.jpg,3862045_masking1,masking,7,masking1
val2014,other,3862045,0,People and Everyday life,What type of board is the woman's feet resting on in the photo?,skateboard,skateboard; skateboard; skateboard; skateboard; skateboard; skateboard; skateboard; skateboard; skate board; skate board,snne/okvqa/images_perturbed/OKVQA_val2014_000000000000_3862045_bw1.jpg,3862045_bw1,bw,NA,bw1
val2014,other,218645,0,Weather and Climate,What type of clouds are in the sky?,cirrus,cirrus; cirrus; cirrus; cirrus; stratus; stratus; puffy; puffy; cumulus; cumulus,snne/okvqa/images_perturbed/OKVQA_val2014_000000000000_218645_contrast1.jpg,218645_contrast1,contrast,5,contrast1
val2014,other,218645,0,Weather and Climate,What type of clouds are in the sky?,cirrus,cirrus; cirrus; cirrus; cirrus; stratus; stratus; puffy; puffy; cumulus; cumulus,snne/okvqa/images_perturbed/OKVQA_val2014_000000000000_218645_blur1.jpg,218645_blur1,blur,5,blur1
val2014,other,218645,0,Weather and Climate,What type of clouds are in the sky?,cirrus,cirrus; cirrus; cirrus; cirrus; stratus; stratus; puffy; puffy; cumulus; cumulus,snne/okvqa/images_perturbed/OKVQA_val2014_000000000000_218645_rotate1.jpg,218645_rotate1,rotate,5,rotate1
val2014,other,218645,0,Weather and Climate,What type of clouds are in the sky?,cirrus,cirrus; cirrus; cirrus; cirrus; stratus; stratus; puffy; puffy; cumulus; cumulus,snne/okvqa/images_perturbed/OKVQA_val2014_000000000000_218645_shift1.jpg,218645_shift1,shift,5,shift1
val2014,other,218645,0,Weather and Climate,What type of clouds are in the sky?,cirrus,cirrus; cirrus; cirrus; cirrus; stratus; stratus; puffy; puffy; cumulus; cumulus,snne/okvqa/images_perturbed/OKVQA_val2014_000000000000_218645_noise1.jpg,218645_noise1,noise,6,noise1
val2014,other,218645,0,Weather and Climate,What type of clouds are in the sky?,cirrus,cirrus; cirrus; cirrus; cirrus; stratus; stratus; puffy; puffy; cumulus; cumulus,snne/okvqa/images_perturbed/OKVQA_val2014_000000000000_218645_masking1.jpg,218645_masking1,masking,6,masking1
val2014,other,218645,0,Weather and Climate,What type of clouds are in the sky?,cirrus,cirrus; cirrus; cirrus; cirrus; stratus; stratus; puffy; puffy; cumulus; cumulus,snne/okvqa/images_perturbed/OKVQA_val2014_000000000000_218645_bw1.jpg,218645_bw1,bw,NA,bw1
val2014,other,2241115,0,Weather and Climate,What types of clouds are forming in the sky?,cumulus,cumulus; cumulus; cumulus; cumulus; rain; rain; storm; storm; stratus; stratus,snne/okvqa/images_perturbed/OKVQA_val2014_000000000000_2241115_contrast1.jpg,2241115_contrast1,contrast,8,contrast1
val2014,other,2241115,0,Weather and Climate,What types of clouds are forming in the sky?,cumulus,cumulus; cumulus; cumulus; cumulus; rain; rain; storm; storm; stratus; stratus,snne/okvqa/images_perturbed/OKVQA_val2014_000000000000_2241115_blur1.jpg,2241115_blur1,blur,8,blur1
val2014,other,2241115,0,Weather and Climate,What types of clouds are forming in the sky?,cumulus,cumulus; cumulus; cumulus; cumulus; rain; rain; storm; storm; stratus; stratus,snne/okvqa/images_perturbed/OKVQA_val2014_000000000000_2241115_rotate1.jpg,2241115_rotate1,rotate,8,rotate1
val2014,other,2241115,0,Weather and Climate,What types of clouds are forming in the sky?,cumulus,cumulus; cumulus; cumulus; cumulus; rain; rain; storm; storm; stratus; stratus,snne/okvqa/images_perturbed/OKVQA_val2014_000000000000_2241115_shift1.jpg,2241115_shift1,shift,8,shift1
val2014,other,2241115,0,Weather and Climate,What types of clouds are forming in the sky?,cumulus,cumulus; cumulus; cumulus; cumulus; rain; rain; storm; storm; stratus; stratus,snne/okvqa/images_perturbed/OKVQA_val2014_000000000000_2241115_noise1.jpg,2241115_noise1,noise,7,noise1
val2014,other,2241115,0,Weather and Climate,What types of clouds are forming in the sky?,cumulus,cumulus; cumulus; cumulus; cumulus; rain; rain; storm; storm; stratus; stratus,snne/okvqa/images_perturbed/OKVQA_val2014_000000000000_2241115_masking1.jpg,2241115_masking1,masking,7,masking1
val2014,other,2241115,0,Weather and Climate,What types of clouds are forming in the sky?,cumulus,cumulus; cumulus; cumulus; cumulus; rain; rain; storm; storm; stratus; stratus,snne/okvqa/images_perturbed/OKVQA_val2014_000000000000_2241115_bw1.jpg,2241115_bw1,bw,NA,bw1
val2014,other,5493005,0,Vehicles and Transportation,The rounded wheels belong to what type of vehicle?,wagon,wagon; wagon; wagon; wagon; car; car; carriage; carriage; carriages; carriages,snne/okvqa/images_perturbed/OKVQA_val2014_000000000000_5493005_contrast1.jpg,5493005_contrast1,contrast,7,contrast1
val2014,other,5493005,0,Vehicles and Transportation,The rounded wheels belong to what type of vehicle?,wagon,wagon; wagon; wagon; wagon; car; car; carriage; carriage; carriages; carriages,snne/okvqa/images_perturbed/OKVQA_val2014_000000000000_5493005_blur1.jpg,5493005_blur1,blur,7,blur1
val2014,other,5493005,0,Vehicles and Transportation,The rounded wheels belong to what type of vehicle?,wagon,wagon; wagon; wagon; wagon; car; car; carriage; carriage; carriages; carriages,snne/okvqa/images_perturbed/OKVQA_val2014_000000000000_5493005_rotate1.jpg,5493005_rotate1,rotate,7,rotate1
val2014,other,5493005,0,Vehicles and Transportation,The rounded wheels belong to what type of vehicle?,wagon,wagon; wagon; wagon; wagon; car; car; carriage; carriage; carriages; carriages,snne/okvqa/images_perturbed/OKVQA_val2014_000000000000_5493005_shift1.jpg,5493005_shift1,shift,7,shift1
val2014,other,5493005,0,Vehicles and Transportation,The rounded wheels belong to what type of vehicle?,wagon,wagon; wagon; wagon; wagon; car; car; carriage; carriage; carriages; carriages,snne/okvqa/images_perturbed/OKVQA_val2014_000000000000_5493005_noise1.jpg,5493005_noise1,noise,10,noise1
val2014,other,5493005,0,Vehicles and Transportation,The rounded wheels belong to what type of vehicle?,wagon,wagon; wagon; wagon; wagon; car; car; carriage; carriage; carriages; carriages,snne/okvqa/images_perturbed/OKVQA_val2014_000000000000_5493005_masking1.jpg,5493005_masking1,masking,10,masking1
val2014,other,5493005,0,Vehicles and Transportation,The rounded wheels belong to what type of vehicle?,wagon,wagon; wagon; wagon; wagon; car; car; carriage; carriage; carriages; carriages,snne/okvqa/images_perturbed/OKVQA_val2014_000000000000_5493005_bw1.jpg,5493005_bw1,bw,NA,bw1
val2014,other,973625,0,Plants and Animals,What do these animals eat?,grass,grass; grass; grass; grass; grass; grass; grain; grain; hay; hay,snne/okvqa/images_perturbed/OKVQA_val2014_000000000000_973625_contrast1.jpg,973625_contrast1,contrast,4,contrast1
val2014,other,973625,0,Plants and Animals,What do these animals eat?,grass,grass; grass; grass; grass; grass; grass; grain; grain; hay; hay,snne/okvqa/images_perturbed/OKVQA_val2014_000000000000_973625_blur1.jpg,973625_blur1,blur,4,blur1
val2014,other,973625,0,Plants and Animals,What do these animals eat?,grass,grass; grass; grass; grass; grass; grass; grain; grain; hay; hay,snne/okvqa/images_perturbed/OKVQA_val2014_000000000000_973625_rotate1.jpg,973625_rotate1,rotate,4,rotate1
val2014,other,973625,0,Plants and Animals,What do these animals eat?,grass,grass; grass; grass; grass; grass; grass; grain; grain; hay; hay,snne/okvqa/images_perturbed/OKVQA_val2014_000000000000_973625_shift1.jpg,973625_shift1,shift,4,shift1
val2014,other,973625,0,Plants and Animals,What do these animals eat?,grass,grass; grass; grass; grass; grass; grass; grain; grain; hay; hay,snne/okvqa/images_perturbed/OKVQA_val2014_000000000000_973625_noise1.jpg,973625_noise1,noise,9,noise1
val2014,other,973625,0,Plants and Animals,What do these animals eat?,grass,grass; grass; grass; grass; grass; grass; grain; grain; hay; hay,snne/okvqa/images_perturbed/OKVQA_val2014_000000000000_973625_masking1.jpg,973625_masking1,masking,9,masking1
val2014,other,973625,0,Plants and Animals,What do these animals eat?,grass,grass; grass; grass; grass; grass; grass; grain; grain; hay; hay,snne/okvqa/images_perturbed/OKVQA_val2014_000000000000_973625_bw1.jpg,973625_bw1,bw,NA,bw1
val2014,other,1636795,0,"Geography, History, Language and Culture",Why would one suspect this is not a buddhist temple w?,cross,cross; cross; cross; cross; cross; cross; cross on front; cross on front; christian cross; christian cross,snne/okvqa/images_perturbed/OKVQA_val2014_000000000000_1636795_contrast1.jpg,1636795_contrast1,contrast,8,contrast1
val2014,other,1636795,0,"Geography, History, Language and Culture",Why would one suspect this is not a buddhist temple w?,cross,cross; cross; cross; cross; cross; cross; cross on front; cross on front; christian cross; christian cross,snne/okvqa/images_perturbed/OKVQA_val2014_000000000000_1636795_blur1.jpg,1636795_blur1,blur,8,blur1
val2014,other,1636795,0,"Geography, History, Language and Culture",Why would one suspect this is not a buddhist temple w?,cross,cross; cross; cross; cross; cross; cross; cross on front; cross on front; christian cross; christian cross,snne/okvqa/images_perturbed/OKVQA_val2014_000000000000_1636795_rotate1.jpg,1636795_rotate1,rotate,8,rotate1
val2014,other,1636795,0,"Geography, History, Language and Culture",Why would one suspect this is not a buddhist temple w?,cross,cross; cross; cross; cross; cross; cross; cross on front; cross on front; christian cross; christian cross,snne/okvqa/images_perturbed/OKVQA_val2014_000000000000_1636795_shift1.jpg,1636795_shift1,shift,8,shift1
val2014,other,1636795,0,"Geography, History, Language and Culture",Why would one suspect this is not a buddhist temple w?,cross,cross; cross; cross; cross; cross; cross; cross on front; cross on front; christian cross; christian cross,snne/okvqa/images_perturbed/OKVQA_val2014_000000000000_1636795_noise1.jpg,1636795_noise1,noise,6,noise1
val2014,other,1636795,0,"Geography, History, Language and Culture",Why would one suspect this is not a buddhist temple w?,cross,cross; cross; cross; cross; cross; cross; cross on front; cross on front; christian cross; christian cross,snne/okvqa/images_perturbed/OKVQA_val2014_000000000000_1636795_masking1.jpg,1636795_masking1,masking,6,masking1
val2014,other,1636795,0,"Geography, History, Language and Culture",Why would one suspect this is not a buddhist temple w?,cross,cross; cross; cross; cross; cross; cross; cross on front; cross on front; christian cross; christian cross,snne/okvqa/images_perturbed/OKVQA_val2014_000000000000_1636795_bw1.jpg,1636795_bw1,bw,NA,bw1
val2014,other,5465845,0,Plants and Animals,What type of fencing is being used?,chain link,chain link; chain link; chain link; chain link; metal; metal; invisible fence; invisible fence; wire; wire,snne/okvqa/images_perturbed/OKVQA_val2014_000000000000_5465845_contrast1.jpg,5465845_contrast1,contrast,4,contrast1
val2014,other,5465845,0,Plants and Animals,What type of fencing is being used?,chain link,chain link; chain link; chain link; chain link; metal; metal; invisible fence; invisible fence; wire; wire,snne/okvqa/images_perturbed/OKVQA_val2014_000000000000_5465845_blur1.jpg,5465845_blur1,blur,4,blur1
val2014,other,5465845,0,Plants and Animals,What type of fencing is being used?,chain link,chain link; chain link; chain link; chain link; metal; metal; invisible fence; invisible fence; wire; wire,snne/okvqa/images_perturbed/OKVQA_val2014_000000000000_5465845_rotate1.jpg,5465845_rotate1,rotate,4,rotate1
val2014,other,5465845,0,Plants and Animals,What type of fencing is being used?,chain link,chain link; chain link; chain link; chain link; metal; metal; invisible fence; invisible fence; wire; wire,snne/okvqa/images_perturbed/OKVQA_val2014_000000000000_5465845_shift1.jpg,5465845_shift1,shift,4,shift1
val2014,other,5465845,0,Plants and Animals,What type of fencing is being used?,chain link,chain link; chain link; chain link; chain link; metal; metal; invisible fence; invisible fence; wire; wire,snne/okvqa/images_perturbed/OKVQA_val2014_000000000000_5465845_noise1.jpg,5465845_noise1,noise,8,noise1
val2014,other,5465845,0,Plants and Animals,What type of fencing is being used?,chain link,chain link; chain link; chain link; chain link; metal; metal; invisible fence; invisible fence; wire; wire,snne/okvqa/images_perturbed/OKVQA_val2014_000000000000_5465845_masking1.jpg,5465845_masking1,masking,8,masking1
val2014,other,5465845,0,Plants and Animals,What type of fencing is being used?,chain link,chain link; chain link; chain link; chain link; metal; metal; invisible fence; invisible fence; wire; wire,snne/okvqa/images_perturbed/OKVQA_val2014_000000000000_5465845_bw1.jpg,5465845_bw1,bw,NA,bw1
val2014,other,2479995,0,Sports and Recreation,What kind of board is this?,surf,surf; surf; surf; surf; surfboard; surfboard; surfboard; surfboard; water skiing; water skiing,snne/okvqa/images_perturbed/OKVQA_val2014_000000000000_2479995_contrast1.jpg,2479995_contrast1,contrast,6,contrast1
val2014,other,2479995,0,Sports and Recreation,What kind of board is this?,surf,surf; surf; surf; surf; surfboard; surfboard; surfboard; surfboard; water skiing; water skiing,snne/okvqa/images_perturbed/OKVQA_val2014_000000000000_2479995_blur1.jpg,2479995_blur1,blur,6,blur1
val2014,other,2479995,0,Sports and Recreation,What kind of board is this?,surf,surf; surf; surf; surf; surfboard; surfboard; surfboard; surfboard; water skiing; water skiing,snne/okvqa/images_perturbed/OKVQA_val2014_000000000000_2479995_rotate1.jpg,2479995_rotate1,rotate,6,rotate1
val2014,other,2479995,0,Sports and Recreation,What kind of board is this?,surf,surf; surf; surf; surf; surfboard; surfboard; surfboard; surfboard; water skiing; water skiing,snne/okvqa/images_perturbed/OKVQA_val2014_000000000000_2479995_shift1.jpg,2479995_shift1,shift,6,shift1
val2014,other,2479995,0,Sports and Recreation,What kind of board is this?,surf,surf; surf; surf; surf; surfboard; surfboard; surfboard; surfboard; water skiing; water skiing,snne/okvqa/images_perturbed/OKVQA_val2014_000000000000_2479995_noise1.jpg,2479995_noise1,noise,7,noise1
val2014,other,2479995,0,Sports and Recreation,What kind of board is this?,surf,surf; surf; surf; surf; surfboard; surfboard; surfboard; surfboard; water skiing; water skiing,snne/okvqa/images_perturbed/OKVQA_val2014_000000000000_2479995_masking1.jpg,2479995_masking1,masking,7,masking1
val2014,other,2479995,0,Sports and Recreation,What kind of board is this?,surf,surf; surf; surf; surf; surfboard; surfboard; surfboard; surfboard; water skiing; water skiing,snne/okvqa/images_perturbed/OKVQA_val2014_000000000000_2479995_bw1.jpg,2479995_bw1,bw,NA,bw1
val2014,other,437205,0,Science and Technology,What piece of technology is the child playing with?,cell phone,cell phone; cell phone; cell phone; cell phone; cell; cell; ipod; ipod; cellphone; cellphone,snne/okvqa/images_perturbed/OKVQA_val2014_000000000000_437205_contrast1.jpg,437205_contrast1,contrast,7,contrast1
val2014,other,437205,0,Science and Technology,What piece of technology is the child playing with?,cell phone,cell phone; cell phone; cell phone; cell phone; cell; cell; ipod; ipod; cellphone; cellphone,snne/okvqa/images_perturbed/OKVQA_val2014_000000000000_437205_blur1.jpg,437205_blur1,blur,7,blur1
val2014,other,437205,0,Science and Technology,What piece of technology is the child playing with?,cell phone,cell phone; cell phone; cell phone; cell phone; cell; cell; ipod; ipod; cellphone; cellphone,snne/okvqa/images_perturbed/OKVQA_val2014_000000000000_437205_rotate1.jpg,437205_rotate1,rotate,7,rotate1
val2014,other,437205,0,Science and Technology,What piece of technology is the child playing with?,cell phone,cell phone; cell phone; cell phone; cell phone; cell; cell; ipod; ipod; cellphone; cellphone,snne/okvqa/images_perturbed/OKVQA_val2014_000000000000_437205_shift1.jpg,437205_shift1,shift,7,shift1
val2014,other,437205,0,Science and Technology,What piece of technology is the child playing with?,cell phone,cell phone; cell phone; cell phone; cell phone; cell; cell; ipod; ipod; cellphone; cellphone,snne/okvqa/images_perturbed/OKVQA_val2014_000000000000_437205_noise1.jpg,437205_noise1,noise,6,noise1
val2014,other,437205,0,Science and Technology,What piece of technology is the child playing with?,cell phone,cell phone; cell phone; cell phone; cell phone; cell; cell; ipod; ipod; cellphone; cellphone,snne/okvqa/images_perturbed/OKVQA_val2014_000000000000_437205_masking1.jpg,437205_masking1,masking,6,masking1
val2014,other,437205,0,Science and Technology,What piece of technology is the child playing with?,cell phone,cell phone; cell phone; cell phone; cell phone; cell; cell; ipod; ipod; cellphone; cellphone,snne/okvqa/images_perturbed/OKVQA_val2014_000000000000_437205_bw1.jpg,437205_bw1,bw,NA,bw1
val2014,other,1603305,0,"Brands, Companies and Products",Name the laptop model shown in this picture?,macbook,macbook; macbook; macbook; macbook; dell; dell; samsung; samsung; macbook air; macbook air,snne/okvqa/images_perturbed/OKVQA_val2014_000000000000_1603305_contrast1.jpg,1603305_contrast1,contrast,8,contrast1
val2014,other,1603305,0,"Brands, Companies and Products",Name the laptop model shown in this picture?,macbook,macbook; macbook; macbook; macbook; dell; dell; samsung; samsung; macbook air; macbook air,snne/okvqa/images_perturbed/OKVQA_val2014_000000000000_1603305_blur1.jpg,1603305_blur1,blur,8,blur1
val2014,other,1603305,0,"Brands, Companies and Products",Name the laptop model shown in this picture?,macbook,macbook; macbook; macbook; macbook; dell; dell; samsung; samsung; macbook air; macbook air,snne/okvqa/images_perturbed/OKVQA_val2014_000000000000_1603305_rotate1.jpg,1603305_rotate1,rotate,8,rotate1
val2014,other,1603305,0,"Brands, Companies and Products",Name the laptop model shown in this picture?,macbook,macbook; macbook; macbook; macbook; dell; dell; samsung; samsung; macbook air; macbook air,snne/okvqa/images_perturbed/OKVQA_val2014_000000000000_1603305_shift1.jpg,1603305_shift1,shift,8,shift1
val2014,other,1603305,0,"Brands, Companies and Products",Name the laptop model shown in this picture?,macbook,macbook; macbook; macbook; macbook; dell; dell; samsung; samsung; macbook air; macbook air,snne/okvqa/images_perturbed/OKVQA_val2014_000000000000_1603305_noise1.jpg,1603305_noise1,noise,7,noise1
val2014,other,1603305,0,"Brands, Companies and Products",Name the laptop model shown in this picture?,macbook,macbook; macbook; macbook; macbook; dell; dell; samsung; samsung; macbook air; macbook air,snne/okvqa/images_perturbed/OKVQA_val2014_000000000000_1603305_masking1.jpg,1603305_masking1,masking,7,masking1
val2014,other,1603305,0,"Brands, Companies and Products",Name the laptop model shown in this picture?,macbook,macbook; macbook; macbook; macbook; dell; dell; samsung; samsung; macbook air; macbook air,snne/okvqa/images_perturbed/OKVQA_val2014_000000000000_1603305_bw1.jpg,1603305_bw1,bw,NA,bw1
val2014,other,1824415,0,Weather and Climate,What activity is this man engaging in?,bird watching,bird watching; bird watching; bird watching; bird watching; staring; staring; walking; walking; contemplation; contemplation,snne/okvqa/images_perturbed/OKVQA_val2014_000000000000_1824415_contrast1.jpg,1824415_contrast1,contrast,3,contrast1
val2014,other,1824415,0,Weather and Climate,What activity is this man engaging in?,bird watching,bird watching; bird watching; bird watching; bird watching; staring; staring; walking; walking; contemplation; contemplation,snne/okvqa/images_perturbed/OKVQA_val2014_000000000000_1824415_blur1.jpg,1824415_blur1,blur,3,blur1
val2014,other,1824415,0,Weather and Climate,What activity is this man engaging in?,bird watching,bird watching; bird watching; bird watching; bird watching; staring; staring; walking; walking; contemplation; contemplation,snne/okvqa/images_perturbed/OKVQA_val2014_000000000000_1824415_rotate1.jpg,1824415_rotate1,rotate,3,rotate1
val2014,other,1824415,0,Weather and Climate,What activity is this man engaging in?,bird watching,bird watching; bird watching; bird watching; bird watching; staring; staring; walking; walking; contemplation; contemplation,snne/okvqa/images_perturbed/OKVQA_val2014_000000000000_1824415_shift1.jpg,1824415_shift1,shift,3,shift1
val2014,other,1824415,0,Weather and Climate,What activity is this man engaging in?,bird watching,bird watching; bird watching; bird watching; bird watching; staring; staring; walking; walking; contemplation; contemplation,snne/okvqa/images_perturbed/OKVQA_val2014_000000000000_1824415_noise1.jpg,1824415_noise1,noise,6,noise1
val2014,other,1824415,0,Weather and Climate,What activity is this man engaging in?,bird watching,bird watching; bird watching; bird watching; bird watching; staring; staring; walking; walking; contemplation; contemplation,snne/okvqa/images_perturbed/OKVQA_val2014_000000000000_1824415_masking1.jpg,1824415_masking1,masking,6,masking1
val2014,other,1824415,0,Weather and Climate,What activity is this man engaging in?,bird watching,bird watching; bird watching; bird watching; bird watching; staring; staring; walking; walking; contemplation; contemplation,snne/okvqa/images_perturbed/OKVQA_val2014_000000000000_1824415_bw1.jpg,1824415_bw1,bw,NA,bw1
val2014,other,485555,0,Plants and Animals,What type of horses are being ridin?,race horse,race horse; race horse; race horse; race horse; quarter; quarter; mustangs; mustangs; mustang; mustang,snne/okvqa/images_perturbed/OKVQA_val2014_000000000000_485555_contrast1.jpg,485555_contrast1,contrast,3,contrast1
val2014,other,485555,0,Plants and Animals,What type of horses are being ridin?,race horse,race horse; race horse; race horse; race horse; quarter; quarter; mustangs; mustangs; mustang; mustang,snne/okvqa/images_perturbed/OKVQA_val2014_000000000000_485555_blur1.jpg,485555_blur1,blur,3,blur1
val2014,other,485555,0,Plants and Animals,What type of horses are being ridin?,race horse,race horse; race horse; race horse; race horse; quarter; quarter; mustangs; mustangs; mustang; mustang,snne/okvqa/images_perturbed/OKVQA_val2014_000000000000_485555_rotate1.jpg,485555_rotate1,rotate,3,rotate1
val2014,other,485555,0,Plants and Animals,What type of horses are being ridin?,race horse,race horse; race horse; race horse; race horse; quarter; quarter; mustangs; mustangs; mustang; mustang,snne/okvqa/images_perturbed/OKVQA_val2014_000000000000_485555_shift1.jpg,485555_shift1,shift,3,shift1
val2014,other,485555,0,Plants and Animals,What type of horses are being ridin?,race horse,race horse; race horse; race horse; race horse; quarter; quarter; mustangs; mustangs; mustang; mustang,snne/okvqa/images_perturbed/OKVQA_val2014_000000000000_485555_noise1.jpg,485555_noise1,noise,7,noise1
val2014,other,485555,0,Plants and Animals,What type of horses are being ridin?,race horse,race horse; race horse; race horse; race horse; quarter; quarter; mustangs; mustangs; mustang; mustang,snne/okvqa/images_perturbed/OKVQA_val2014_000000000000_485555_masking1.jpg,485555_masking1,masking,7,masking1
val2014,other,485555,0,Plants and Animals,What type of horses are being ridin?,race horse,race horse; race horse; race horse; race horse; quarter; quarter; mustangs; mustangs; mustang; mustang,snne/okvqa/images_perturbed/OKVQA_val2014_000000000000_485555_bw1.jpg,485555_bw1,bw,NA,bw1
val2014,other,5583885,0,Cooking and Food,What are the candies on this cake?,birthday,birthday; birthday; birthday; birthday; m and m's; m and m's; birthday candles; birthday candles; m and m; m and m,snne/okvqa/images_perturbed/OKVQA_val2014_000000000000_5583885_contrast1.jpg,5583885_contrast1,contrast,6,contrast1
val2014,other,5583885,0,Cooking and Food,What are the candies on this cake?,birthday,birthday; birthday; birthday; birthday; m and m's; m and m's; birthday candles; birthday candles; m and m; m and m,snne/okvqa/images_perturbed/OKVQA_val2014_000000000000_5583885_blur1.jpg,5583885_blur1,blur,6,blur1
val2014,other,5583885,0,Cooking and Food,What are the candies on this cake?,birthday,birthday; birthday; birthday; birthday; m and m's; m and m's; birthday candles; birthday candles; m and m; m and m,snne/okvqa/images_perturbed/OKVQA_val2014_000000000000_5583885_rotate1.jpg,5583885_rotate1,rotate,6,rotate1
val2014,other,5583885,0,Cooking and Food,What are the candies on this cake?,birthday,birthday; birthday; birthday; birthday; m and m's; m and m's; birthday candles; birthday candles; m and m; m and m,snne/okvqa/images_perturbed/OKVQA_val2014_000000000000_5583885_shift1.jpg,5583885_shift1,shift,6,shift1
val2014,other,5583885,0,Cooking and Food,What are the candies on this cake?,birthday,birthday; birthday; birthday; birthday; m and m's; m and m's; birthday candles; birthday candles; m and m; m and m,snne/okvqa/images_perturbed/OKVQA_val2014_000000000000_5583885_noise1.jpg,5583885_noise1,noise,7,noise1
val2014,other,5583885,0,Cooking and Food,What are the candies on this cake?,birthday,birthday; birthday; birthday; birthday; m and m's; m and m's; birthday candles; birthday candles; m and m; m and m,snne/okvqa/images_perturbed/OKVQA_val2014_000000000000_5583885_masking1.jpg,5583885_masking1,masking,7,masking1
val2014,other,5583885,0,Cooking and Food,What are the candies on this cake?,birthday,birthday; birthday; birthday; birthday; m and m's; m and m's; birthday candles; birthday candles; m and m; m and m,snne/okvqa/images_perturbed/OKVQA_val2014_000000000000_5583885_bw1.jpg,5583885_bw1,bw,NA,bw1
val2014,other,5588545,0,Cooking and Food,Name the ingredients used to make this dish shown in this picture?,beans,beans; beans; beans; beans; potatoes bread cheese beans; potatoes bread cheese beans; potatoes; potatoes; beans bread potatoes salt; beans bread potatoes salt,snne/okvqa/images_perturbed/OKVQA_val2014_000000000000_5588545_contrast1.jpg,5588545_contrast1,contrast,7,contrast1
val2014,other,5588545,0,Cooking and Food,Name the ingredients used to make this dish shown in this picture?,beans,beans; beans; beans; beans; potatoes bread cheese beans; potatoes bread cheese beans; potatoes; potatoes; beans bread potatoes salt; beans bread potatoes salt,snne/okvqa/images_perturbed/OKVQA_val2014_000000000000_5588545_blur1.jpg,5588545_blur1,blur,7,blur1
val2014,other,5588545,0,Cooking and Food,Name the ingredients used to make this dish shown in this picture?,beans,beans; beans; beans; beans; potatoes bread cheese beans; potatoes bread cheese beans; potatoes; potatoes; beans bread potatoes salt; beans bread potatoes salt,snne/okvqa/images_perturbed/OKVQA_val2014_000000000000_5588545_rotate1.jpg,5588545_rotate1,rotate,7,rotate1
val2014,other,5588545,0,Cooking and Food,Name the ingredients used to make this dish shown in this picture?,beans,beans; beans; beans; beans; potatoes bread cheese beans; potatoes bread cheese beans; potatoes; potatoes; beans bread potatoes salt; beans bread potatoes salt,snne/okvqa/images_perturbed/OKVQA_val2014_000000000000_5588545_shift1.jpg,5588545_shift1,shift,7,shift1
val2014,other,5588545,0,Cooking and Food,Name the ingredients used to make this dish shown in this picture?,beans,beans; beans; beans; beans; potatoes bread cheese beans; potatoes bread cheese beans; potatoes; potatoes; beans bread potatoes salt; beans bread potatoes salt,snne/okvqa/images_perturbed/OKVQA_val2014_000000000000_5588545_noise1.jpg,5588545_noise1,noise,10,noise1
val2014,other,5588545,0,Cooking and Food,Name the ingredients used to make this dish shown in this picture?,beans,beans; beans; beans; beans; potatoes bread cheese beans; potatoes bread cheese beans; potatoes; potatoes; beans bread potatoes salt; beans bread potatoes salt,snne/okvqa/images_perturbed/OKVQA_val2014_000000000000_5588545_masking1.jpg,5588545_masking1,masking,10,masking1
val2014,other,5588545,0,Cooking and Food,Name the ingredients used to make this dish shown in this picture?,beans,beans; beans; beans; beans; potatoes bread cheese beans; potatoes bread cheese beans; potatoes; potatoes; beans bread potatoes salt; beans bread potatoes salt,snne/okvqa/images_perturbed/OKVQA_val2014_000000000000_5588545_bw1.jpg,5588545_bw1,bw,NA,bw1
val2014,other,5610885,0,People and Everyday life,What type of picture is this person taking?,selfie,selfie; selfie; selfie; selfie; selfie; selfie; selfie; selfie; selfie; selfie,snne/okvqa/images_perturbed/OKVQA_val2014_000000000000_5610885_contrast1.jpg,5610885_contrast1,contrast,8,contrast1
val2014,other,5610885,0,People and Everyday life,What type of picture is this person taking?,selfie,selfie; selfie; selfie; selfie; selfie; selfie; selfie; selfie; selfie; selfie,snne/okvqa/images_perturbed/OKVQA_val2014_000000000000_5610885_blur1.jpg,5610885_blur1,blur,8,blur1
val2014,other,5610885,0,People and Everyday life,What type of picture is this person taking?,selfie,selfie; selfie; selfie; selfie; selfie; selfie; selfie; selfie; selfie; selfie,snne/okvqa/images_perturbed/OKVQA_val2014_000000000000_5610885_rotate1.jpg,5610885_rotate1,rotate,8,rotate1
val2014,other,5610885,0,People and Everyday life,What type of picture is this person taking?,selfie,selfie; selfie; selfie; selfie; selfie; selfie; selfie; selfie; selfie; selfie,snne/okvqa/images_perturbed/OKVQA_val2014_000000000000_5610885_shift1.jpg,5610885_shift1,shift,8,shift1
val2014,other,5610885,0,People and Everyday life,What type of picture is this person taking?,selfie,selfie; selfie; selfie; selfie; selfie; selfie; selfie; selfie; selfie; selfie,snne/okvqa/images_perturbed/OKVQA_val2014_000000000000_5610885_noise1.jpg,5610885_noise1,noise,8,noise1
val2014,other,5610885,0,People and Everyday life,What type of picture is this person taking?,selfie,selfie; selfie; selfie; selfie; selfie; selfie; selfie; selfie; selfie; selfie,snne/okvqa/images_perturbed/OKVQA_val2014_000000000000_5610885_masking1.jpg,5610885_masking1,masking,8,masking1
val2014,other,5610885,0,People and Everyday life,What type of picture is this person taking?,selfie,selfie; selfie; selfie; selfie; selfie; selfie; selfie; selfie; selfie; selfie,snne/okvqa/images_perturbed/OKVQA_val2014_000000000000_5610885_bw1.jpg,5610885_bw1,bw,NA,bw1
val2014,other,5028525,0,Science and Technology,Who should really use this?,adult,adult; adult; adult; adult; adults; adults; adults; adults; kid; kid,snne/okvqa/images_perturbed/OKVQA_val2014_000000000000_5028525_contrast1.jpg,5028525_contrast1,contrast,6,contrast1
val2014,other,5028525,0,Science and Technology,Who should really use this?,adult,adult; adult; adult; adult; adults; adults; adults; adults; kid; kid,snne/okvqa/images_perturbed/OKVQA_val2014_000000000000_5028525_blur1.jpg,5028525_blur1,blur,6,blur1
val2014,other,5028525,0,Science and Technology,Who should really use this?,adult,adult; adult; adult; adult; adults; adults; adults; adults; kid; kid,snne/okvqa/images_perturbed/OKVQA_val2014_000000000000_5028525_rotate1.jpg,5028525_rotate1,rotate,6,rotate1
val2014,other,5028525,0,Science and Technology,Who should really use this?,adult,adult; adult; adult; adult; adults; adults; adults; adults; kid; kid,snne/okvqa/images_perturbed/OKVQA_val2014_000000000000_5028525_shift1.jpg,5028525_shift1,shift,6,shift1
val2014,other,5028525,0,Science and Technology,Who should really use this?,adult,adult; adult; adult; adult; adults; adults; adults; adults; kid; kid,snne/okvqa/images_perturbed/OKVQA_val2014_000000000000_5028525_noise1.jpg,5028525_noise1,noise,6,noise1
val2014,other,5028525,0,Science and Technology,Who should really use this?,adult,adult; adult; adult; adult; adults; adults; adults; adults; kid; kid,snne/okvqa/images_perturbed/OKVQA_val2014_000000000000_5028525_masking1.jpg,5028525_masking1,masking,6,masking1
val2014,other,5028525,0,Science and Technology,Who should really use this?,adult,adult; adult; adult; adult; adults; adults; adults; adults; kid; kid,snne/okvqa/images_perturbed/OKVQA_val2014_000000000000_5028525_bw1.jpg,5028525_bw1,bw,NA,bw1
val2014,other,4282315,0,People and Everyday life,What happens in this room?,lounging,lounging; lounging; lounging; lounging; watch television; watch television; sitting; sitting; relaxing; relaxing,snne/okvqa/images_perturbed/OKVQA_val2014_000000000000_4282315_contrast1.jpg,4282315_contrast1,contrast,4,contrast1
val2014,other,4282315,0,People and Everyday life,What happens in this room?,lounging,lounging; lounging; lounging; lounging; watch television; watch television; sitting; sitting; relaxing; relaxing,snne/okvqa/images_perturbed/OKVQA_val2014_000000000000_4282315_blur1.jpg,4282315_blur1,blur,4,blur1
val2014,other,4282315,0,People and Everyday life,What happens in this room?,lounging,lounging; lounging; lounging; lounging; watch television; watch television; sitting; sitting; relaxing; relaxing,snne/okvqa/images_perturbed/OKVQA_val2014_000000000000_4282315_rotate1.jpg,4282315_rotate1,rotate,4,rotate1
val2014,other,4282315,0,People and Everyday life,What happens in this room?,lounging,lounging; lounging; lounging; lounging; watch television; watch television; sitting; sitting; relaxing; relaxing,snne/okvqa/images_perturbed/OKVQA_val2014_000000000000_4282315_shift1.jpg,4282315_shift1,shift,4,shift1
val2014,other,4282315,0,People and Everyday life,What happens in this room?,lounging,lounging; lounging; lounging; lounging; watch television; watch television; sitting; sitting; relaxing; relaxing,snne/okvqa/images_perturbed/OKVQA_val2014_000000000000_4282315_noise1.jpg,4282315_noise1,noise,10,noise1
val2014,other,4282315,0,People and Everyday life,What happens in this room?,lounging,lounging; lounging; lounging; lounging; watch television; watch television; sitting; sitting; relaxing; relaxing,snne/okvqa/images_perturbed/OKVQA_val2014_000000000000_4282315_masking1.jpg,4282315_masking1,masking,10,masking1
val2014,other,4282315,0,People and Everyday life,What happens in this room?,lounging,lounging; lounging; lounging; lounging; watch television; watch television; sitting; sitting; relaxing; relaxing,snne/okvqa/images_perturbed/OKVQA_val2014_000000000000_4282315_bw1.jpg,4282315_bw1,bw,NA,bw1
val2014,other,33825,0,People and Everyday life,What military branch to the men in the picture belong to?,navy,navy; navy; navy; navy; navy; navy; navy; navy; navy; navy,snne/okvqa/images_perturbed/OKVQA_val2014_000000000000_33825_contrast1.jpg,33825_contrast1,contrast,7,contrast1
val2014,other,33825,0,People and Everyday life,What military branch to the men in the picture belong to?,navy,navy; navy; navy; navy; navy; navy; navy; navy; navy; navy,snne/okvqa/images_perturbed/OKVQA_val2014_000000000000_33825_blur1.jpg,33825_blur1,blur,7,blur1
val2014,other,33825,0,People and Everyday life,What military branch to the men in the picture belong to?,navy,navy; navy; navy; navy; navy; navy; navy; navy; navy; navy,snne/okvqa/images_perturbed/OKVQA_val2014_000000000000_33825_rotate1.jpg,33825_rotate1,rotate,7,rotate1
val2014,other,33825,0,People and Everyday life,What military branch to the men in the picture belong to?,navy,navy; navy; navy; navy; navy; navy; navy; navy; navy; navy,snne/okvqa/images_perturbed/OKVQA_val2014_000000000000_33825_shift1.jpg,33825_shift1,shift,7,shift1
val2014,other,33825,0,People and Everyday life,What military branch to the men in the picture belong to?,navy,navy; navy; navy; navy; navy; navy; navy; navy; navy; navy,snne/okvqa/images_perturbed/OKVQA_val2014_000000000000_33825_noise1.jpg,33825_noise1,noise,9,noise1
val2014,other,33825,0,People and Everyday life,What military branch to the men in the picture belong to?,navy,navy; navy; navy; navy; navy; navy; navy; navy; navy; navy,snne/okvqa/images_perturbed/OKVQA_val2014_000000000000_33825_masking1.jpg,33825_masking1,masking,9,masking1
val2014,other,33825,0,People and Everyday life,What military branch to the men in the picture belong to?,navy,navy; navy; navy; navy; navy; navy; navy; navy; navy; navy,snne/okvqa/images_perturbed/OKVQA_val2014_000000000000_33825_bw1.jpg,33825_bw1,bw,NA,bw1
val2014,other,1040025,0,Plants and Animals,What sound do these animals make?,neigh,neigh; neigh; neigh; neigh; neigh; neigh; moo; moo; moo; moo,snne/okvqa/images_perturbed/OKVQA_val2014_000000000000_1040025_contrast1.jpg,1040025_contrast1,contrast,7,contrast1
val2014,other,1040025,0,Plants and Animals,What sound do these animals make?,neigh,neigh; neigh; neigh; neigh; neigh; neigh; moo; moo; moo; moo,snne/okvqa/images_perturbed/OKVQA_val2014_000000000000_1040025_blur1.jpg,1040025_blur1,blur,7,blur1
val2014,other,1040025,0,Plants and Animals,What sound do these animals make?,neigh,neigh; neigh; neigh; neigh; neigh; neigh; moo; moo; moo; moo,snne/okvqa/images_perturbed/OKVQA_val2014_000000000000_1040025_rotate1.jpg,1040025_rotate1,rotate,7,rotate1
val2014,other,1040025,0,Plants and Animals,What sound do these animals make?,neigh,neigh; neigh; neigh; neigh; neigh; neigh; moo; moo; moo; moo,snne/okvqa/images_perturbed/OKVQA_val2014_000000000000_1040025_shift1.jpg,1040025_shift1,shift,7,shift1
val2014,other,1040025,0,Plants and Animals,What sound do these animals make?,neigh,neigh; neigh; neigh; neigh; neigh; neigh; moo; moo; moo; moo,snne/okvqa/images_perturbed/OKVQA_val2014_000000000000_1040025_noise1.jpg,1040025_noise1,noise,8,noise1
val2014,other,1040025,0,Plants and Animals,What sound do these animals make?,neigh,neigh; neigh; neigh; neigh; neigh; neigh; moo; moo; moo; moo,snne/okvqa/images_perturbed/OKVQA_val2014_000000000000_1040025_masking1.jpg,1040025_masking1,masking,8,masking1
val2014,other,1040025,0,Plants and Animals,What sound do these animals make?,neigh,neigh; neigh; neigh; neigh; neigh; neigh; moo; moo; moo; moo,snne/okvqa/images_perturbed/OKVQA_val2014_000000000000_1040025_bw1.jpg,1040025_bw1,bw,NA,bw1
val2014,other,1413345,0,Science and Technology,What type of device is the woman holding in her hand?,cell phone,cell phone; cell phone; cell phone; cell phone; phone; phone; phone; phone; cellphone; cellphone,snne/okvqa/images_perturbed/OKVQA_val2014_000000000000_1413345_contrast1.jpg,1413345_contrast1,contrast,4,contrast1
val2014,other,1413345,0,Science and Technology,What type of device is the woman holding in her hand?,cell phone,cell phone; cell phone; cell phone; cell phone; phone; phone; phone; phone; cellphone; cellphone,snne/okvqa/images_perturbed/OKVQA_val2014_000000000000_1413345_blur1.jpg,1413345_blur1,blur,4,blur1
val2014,other,1413345,0,Science and Technology,What type of device is the woman holding in her hand?,cell phone,cell phone; cell phone; cell phone; cell phone; phone; phone; phone; phone; cellphone; cellphone,snne/okvqa/images_perturbed/OKVQA_val2014_000000000000_1413345_rotate1.jpg,1413345_rotate1,rotate,4,rotate1
val2014,other,1413345,0,Science and Technology,What type of device is the woman holding in her hand?,cell phone,cell phone; cell phone; cell phone; cell phone; phone; phone; phone; phone; cellphone; cellphone,snne/okvqa/images_perturbed/OKVQA_val2014_000000000000_1413345_shift1.jpg,1413345_shift1,shift,4,shift1
val2014,other,1413345,0,Science and Technology,What type of device is the woman holding in her hand?,cell phone,cell phone; cell phone; cell phone; cell phone; phone; phone; phone; phone; cellphone; cellphone,snne/okvqa/images_perturbed/OKVQA_val2014_000000000000_1413345_noise1.jpg,1413345_noise1,noise,9,noise1
val2014,other,1413345,0,Science and Technology,What type of device is the woman holding in her hand?,cell phone,cell phone; cell phone; cell phone; cell phone; phone; phone; phone; phone; cellphone; cellphone,snne/okvqa/images_perturbed/OKVQA_val2014_000000000000_1413345_masking1.jpg,1413345_masking1,masking,9,masking1
val2014,other,1413345,0,Science and Technology,What type of device is the woman holding in her hand?,cell phone,cell phone; cell phone; cell phone; cell phone; phone; phone; phone; phone; cellphone; cellphone,snne/okvqa/images_perturbed/OKVQA_val2014_000000000000_1413345_bw1.jpg,1413345_bw1,bw,NA,bw1
val2014,other,3380575,0,Cooking and Food,What type of dish is in the picture?,colander,colander; colander; colander; colander; bowl; bowl; bowl; bowl; blue; blue,snne/okvqa/images_perturbed/OKVQA_val2014_000000000000_3380575_contrast1.jpg,3380575_contrast1,contrast,6,contrast1
val2014,other,3380575,0,Cooking and Food,What type of dish is in the picture?,colander,colander; colander; colander; colander; bowl; bowl; bowl; bowl; blue; blue,snne/okvqa/images_perturbed/OKVQA_val2014_000000000000_3380575_blur1.jpg,3380575_blur1,blur,6,blur1
val2014,other,3380575,0,Cooking and Food,What type of dish is in the picture?,colander,colander; colander; colander; colander; bowl; bowl; bowl; bowl; blue; blue,snne/okvqa/images_perturbed/OKVQA_val2014_000000000000_3380575_rotate1.jpg,3380575_rotate1,rotate,6,rotate1
val2014,other,3380575,0,Cooking and Food,What type of dish is in the picture?,colander,colander; colander; colander; colander; bowl; bowl; bowl; bowl; blue; blue,snne/okvqa/images_perturbed/OKVQA_val2014_000000000000_3380575_shift1.jpg,3380575_shift1,shift,6,shift1
val2014,other,3380575,0,Cooking and Food,What type of dish is in the picture?,colander,colander; colander; colander; colander; bowl; bowl; bowl; bowl; blue; blue,snne/okvqa/images_perturbed/OKVQA_val2014_000000000000_3380575_noise1.jpg,3380575_noise1,noise,5,noise1
val2014,other,3380575,0,Cooking and Food,What type of dish is in the picture?,colander,colander; colander; colander; colander; bowl; bowl; bowl; bowl; blue; blue,snne/okvqa/images_perturbed/OKVQA_val2014_000000000000_3380575_masking1.jpg,3380575_masking1,masking,5,masking1
val2014,other,3380575,0,Cooking and Food,What type of dish is in the picture?,colander,colander; colander; colander; colander; bowl; bowl; bowl; bowl; blue; blue,snne/okvqa/images_perturbed/OKVQA_val2014_000000000000_3380575_bw1.jpg,3380575_bw1,bw,NA,bw1
val2014,other,468895,0,People and Everyday life,This small person's first set of teeth are called the what teeth?,baby,baby; baby; baby; baby; baby; baby; baby; baby; baby; baby,snne/okvqa/images_perturbed/OKVQA_val2014_000000000000_468895_contrast1.jpg,468895_contrast1,contrast,3,contrast1
val2014,other,468895,0,People and Everyday life,This small person's first set of teeth are called the what teeth?,baby,baby; baby; baby; baby; baby; baby; baby; baby; baby; baby,snne/okvqa/images_perturbed/OKVQA_val2014_000000000000_468895_blur1.jpg,468895_blur1,blur,3,blur1
val2014,other,468895,0,People and Everyday life,This small person's first set of teeth are called the what teeth?,baby,baby; baby; baby; baby; baby; baby; baby; baby; baby; baby,snne/okvqa/images_perturbed/OKVQA_val2014_000000000000_468895_rotate1.jpg,468895_rotate1,rotate,3,rotate1
val2014,other,468895,0,People and Everyday life,This small person's first set of teeth are called the what teeth?,baby,baby; baby; baby; baby; baby; baby; baby; baby; baby; baby,snne/okvqa/images_perturbed/OKVQA_val2014_000000000000_468895_shift1.jpg,468895_shift1,shift,3,shift1
val2014,other,468895,0,People and Everyday life,This small person's first set of teeth are called the what teeth?,baby,baby; baby; baby; baby; baby; baby; baby; baby; baby; baby,snne/okvqa/images_perturbed/OKVQA_val2014_000000000000_468895_noise1.jpg,468895_noise1,noise,5,noise1
val2014,other,468895,0,People and Everyday life,This small person's first set of teeth are called the what teeth?,baby,baby; baby; baby; baby; baby; baby; baby; baby; baby; baby,snne/okvqa/images_perturbed/OKVQA_val2014_000000000000_468895_masking1.jpg,468895_masking1,masking,5,masking1
val2014,other,468895,0,People and Everyday life,This small person's first set of teeth are called the what teeth?,baby,baby; baby; baby; baby; baby; baby; baby; baby; baby; baby,snne/okvqa/images_perturbed/OKVQA_val2014_000000000000_468895_bw1.jpg,468895_bw1,bw,NA,bw1
val2014,other,1879905,0,Sports and Recreation,What is this boy on?,skateboard,skateboard; skateboard; skateboard; skateboard; half pipe; half pipe; half pipe; half pipe; ramp; ramp,snne/okvqa/images_perturbed/OKVQA_val2014_000000000000_1879905_contrast1.jpg,1879905_contrast1,contrast,4,contrast1
val2014,other,1879905,0,Sports and Recreation,What is this boy on?,skateboard,skateboard; skateboard; skateboard; skateboard; half pipe; half pipe; half pipe; half pipe; ramp; ramp,snne/okvqa/images_perturbed/OKVQA_val2014_000000000000_1879905_blur1.jpg,1879905_blur1,blur,4,blur1
val2014,other,1879905,0,Sports and Recreation,What is this boy on?,skateboard,skateboard; skateboard; skateboard; skateboard; half pipe; half pipe; half pipe; half pipe; ramp; ramp,snne/okvqa/images_perturbed/OKVQA_val2014_000000000000_1879905_rotate1.jpg,1879905_rotate1,rotate,4,rotate1
val2014,other,1879905,0,Sports and Recreation,What is this boy on?,skateboard,skateboard; skateboard; skateboard; skateboard; half pipe; half pipe; half pipe; half pipe; ramp; ramp,snne/okvqa/images_perturbed/OKVQA_val2014_000000000000_1879905_shift1.jpg,1879905_shift1,shift,4,shift1
val2014,other,1879905,0,Sports and Recreation,What is this boy on?,skateboard,skateboard; skateboard; skateboard; skateboard; half pipe; half pipe; half pipe; half pipe; ramp; ramp,snne/okvqa/images_perturbed/OKVQA_val2014_000000000000_1879905_noise1.jpg,1879905_noise1,noise,10,noise1
val2014,other,1879905,0,Sports and Recreation,What is this boy on?,skateboard,skateboard; skateboard; skateboard; skateboard; half pipe; half pipe; half pipe; half pipe; ramp; ramp,snne/okvqa/images_perturbed/OKVQA_val2014_000000000000_1879905_masking1.jpg,1879905_masking1,masking,10,masking1
val2014,other,1879905,0,Sports and Recreation,What is this boy on?,skateboard,skateboard; skateboard; skateboard; skateboard; half pipe; half pipe; half pipe; half pipe; ramp; ramp,snne/okvqa/images_perturbed/OKVQA_val2014_000000000000_1879905_bw1.jpg,1879905_bw1,bw,NA,bw1
val2014,other,5576335,0,Weather and Climate,What is the name of the device that is protecting people from the rain in this picture?,umbrella,umbrella; umbrella; umbrella; umbrella; umbrella; umbrella; umbrella; umbrella; umbrella; umbrella,snne/okvqa/images_perturbed/OKVQA_val2014_000000000000_5576335_contrast1.jpg,5576335_contrast1,contrast,6,contrast1
val2014,other,5576335,0,Weather and Climate,What is the name of the device that is protecting people from the rain in this picture?,umbrella,umbrella; umbrella; umbrella; umbrella; umbrella; umbrella; umbrella; umbrella; umbrella; umbrella,snne/okvqa/images_perturbed/OKVQA_val2014_000000000000_5576335_blur1.jpg,5576335_blur1,blur,6,blur1
val2014,other,5576335,0,Weather and Climate,What is the name of the device that is protecting people from the rain in this picture?,umbrella,umbrella; umbrella; umbrella; umbrella; umbrella; umbrella; umbrella; umbrella; umbrella; umbrella,snne/okvqa/images_perturbed/OKVQA_val2014_000000000000_5576335_rotate1.jpg,5576335_rotate1,rotate,6,rotate1
val2014,other,5576335,0,Weather and Climate,What is the name of the device that is protecting people from the rain in this picture?,umbrella,umbrella; umbrella; umbrella; umbrella; umbrella; umbrella; umbrella; umbrella; umbrella; umbrella,snne/okvqa/images_perturbed/OKVQA_val2014_000000000000_5576335_shift1.jpg,5576335_shift1,shift,6,shift1
val2014,other,5576335,0,Weather and Climate,What is the name of the device that is protecting people from the rain in this picture?,umbrella,umbrella; umbrella; umbrella; umbrella; umbrella; umbrella; umbrella; umbrella; umbrella; umbrella,snne/okvqa/images_perturbed/OKVQA_val2014_000000000000_5576335_noise1.jpg,5576335_noise1,noise,9,noise1
val2014,other,5576335,0,Weather and Climate,What is the name of the device that is protecting people from the rain in this picture?,umbrella,umbrella; umbrella; umbrella; umbrella; umbrella; umbrella; umbrella; umbrella; umbrella; umbrella,snne/okvqa/images_perturbed/OKVQA_val2014_000000000000_5576335_masking1.jpg,5576335_masking1,masking,9,masking1
val2014,other,5576335,0,Weather and Climate,What is the name of the device that is protecting people from the rain in this picture?,umbrella,umbrella; umbrella; umbrella; umbrella; umbrella; umbrella; umbrella; umbrella; umbrella; umbrella,snne/okvqa/images_perturbed/OKVQA_val2014_000000000000_5576335_bw1.jpg,5576335_bw1,bw,NA,bw1
val2014,other,672075,0,Science and Technology,What activity are they doing?,video games,video games; video games; video games; video games; wii; wii; wii; wii; gaming; gaming,snne/okvqa/images_perturbed/OKVQA_val2014_000000000000_672075_contrast1.jpg,672075_contrast1,contrast,6,contrast1
val2014,other,672075,0,Science and Technology,What activity are they doing?,video games,video games; video games; video games; video games; wii; wii; wii; wii; gaming; gaming,snne/okvqa/images_perturbed/OKVQA_val2014_000000000000_672075_blur1.jpg,672075_blur1,blur,6,blur1
val2014,other,672075,0,Science and Technology,What activity are they doing?,video games,video games; video games; video games; video games; wii; wii; wii; wii; gaming; gaming,snne/okvqa/images_perturbed/OKVQA_val2014_000000000000_672075_rotate1.jpg,672075_rotate1,rotate,6,rotate1
val2014,other,672075,0,Science and Technology,What activity are they doing?,video games,video games; video games; video games; video games; wii; wii; wii; wii; gaming; gaming,snne/okvqa/images_perturbed/OKVQA_val2014_000000000000_672075_shift1.jpg,672075_shift1,shift,6,shift1
val2014,other,672075,0,Science and Technology,What activity are they doing?,video games,video games; video games; video games; video games; wii; wii; wii; wii; gaming; gaming,snne/okvqa/images_perturbed/OKVQA_val2014_000000000000_672075_noise1.jpg,672075_noise1,noise,9,noise1
val2014,other,672075,0,Science and Technology,What activity are they doing?,video games,video games; video games; video games; video games; wii; wii; wii; wii; gaming; gaming,snne/okvqa/images_perturbed/OKVQA_val2014_000000000000_672075_masking1.jpg,672075_masking1,masking,9,masking1
val2014,other,672075,0,Science and Technology,What activity are they doing?,video games,video games; video games; video games; video games; wii; wii; wii; wii; gaming; gaming,snne/okvqa/images_perturbed/OKVQA_val2014_000000000000_672075_bw1.jpg,672075_bw1,bw,NA,bw1
val2014,other,3917285,0,Other,What country is this?,united states,united states; united states; united states; united states; japan; japan; spain; spain; america; america,snne/okvqa/images_perturbed/OKVQA_val2014_000000000000_3917285_contrast1.jpg,3917285_contrast1,contrast,6,contrast1
val2014,other,3917285,0,Other,What country is this?,united states,united states; united states; united states; united states; japan; japan; spain; spain; america; america,snne/okvqa/images_perturbed/OKVQA_val2014_000000000000_3917285_blur1.jpg,3917285_blur1,blur,6,blur1
val2014,other,3917285,0,Other,What country is this?,united states,united states; united states; united states; united states; japan; japan; spain; spain; america; america,snne/okvqa/images_perturbed/OKVQA_val2014_000000000000_3917285_rotate1.jpg,3917285_rotate1,rotate,6,rotate1
val2014,other,3917285,0,Other,What country is this?,united states,united states; united states; united states; united states; japan; japan; spain; spain; america; america,snne/okvqa/images_perturbed/OKVQA_val2014_000000000000_3917285_shift1.jpg,3917285_shift1,shift,6,shift1
val2014,other,3917285,0,Other,What country is this?,united states,united states; united states; united states; united states; japan; japan; spain; spain; america; america,snne/okvqa/images_perturbed/OKVQA_val2014_000000000000_3917285_noise1.jpg,3917285_noise1,noise,9,noise1
val2014,other,3917285,0,Other,What country is this?,united states,united states; united states; united states; united states; japan; japan; spain; spain; america; america,snne/okvqa/images_perturbed/OKVQA_val2014_000000000000_3917285_masking1.jpg,3917285_masking1,masking,9,masking1
val2014,other,3917285,0,Other,What country is this?,united states,united states; united states; united states; united states; japan; japan; spain; spain; america; america,snne/okvqa/images_perturbed/OKVQA_val2014_000000000000_3917285_bw1.jpg,3917285_bw1,bw,NA,bw1
val2014,other,2506805,0,Plants and Animals,What species of bird is this?,crane,crane; crane; crane; crane; heron; heron; heron; heron; pelican; pelican,snne/okvqa/images_perturbed/OKVQA_val2014_000000000000_2506805_contrast1.jpg,2506805_contrast1,contrast,3,contrast1
val2014,other,2506805,0,Plants and Animals,What species of bird is this?,crane,crane; crane; crane; crane; heron; heron; heron; heron; pelican; pelican,snne/okvqa/images_perturbed/OKVQA_val2014_000000000000_2506805_blur1.jpg,2506805_blur1,blur,3,blur1
val2014,other,2506805,0,Plants and Animals,What species of bird is this?,crane,crane; crane; crane; crane; heron; heron; heron; heron; pelican; pelican,snne/okvqa/images_perturbed/OKVQA_val2014_000000000000_2506805_rotate1.jpg,2506805_rotate1,rotate,3,rotate1
val2014,other,2506805,0,Plants and Animals,What species of bird is this?,crane,crane; crane; crane; crane; heron; heron; heron; heron; pelican; pelican,snne/okvqa/images_perturbed/OKVQA_val2014_000000000000_2506805_shift1.jpg,2506805_shift1,shift,3,shift1
val2014,other,2506805,0,Plants and Animals,What species of bird is this?,crane,crane; crane; crane; crane; heron; heron; heron; heron; pelican; pelican,snne/okvqa/images_perturbed/OKVQA_val2014_000000000000_2506805_noise1.jpg,2506805_noise1,noise,10,noise1
val2014,other,2506805,0,Plants and Animals,What species of bird is this?,crane,crane; crane; crane; crane; heron; heron; heron; heron; pelican; pelican,snne/okvqa/images_perturbed/OKVQA_val2014_000000000000_2506805_masking1.jpg,2506805_masking1,masking,10,masking1
val2014,other,2506805,0,Plants and Animals,What species of bird is this?,crane,crane; crane; crane; crane; heron; heron; heron; heron; pelican; pelican,snne/okvqa/images_perturbed/OKVQA_val2014_000000000000_2506805_bw1.jpg,2506805_bw1,bw,NA,bw1
val2014,other,1233605,0,People and Everyday life,Ansal adams used what instrument?,camera,camera; camera; camera; camera; camera; camera; guitar; guitar; guitar; guitar,snne/okvqa/images_perturbed/OKVQA_val2014_000000000000_1233605_contrast1.jpg,1233605_contrast1,contrast,8,contrast1
val2014,other,1233605,0,People and Everyday life,Ansal adams used what instrument?,camera,camera; camera; camera; camera; camera; camera; guitar; guitar; guitar; guitar,snne/okvqa/images_perturbed/OKVQA_val2014_000000000000_1233605_blur1.jpg,1233605_blur1,blur,8,blur1
val2014,other,1233605,0,People and Everyday life,Ansal adams used what instrument?,camera,camera; camera; camera; camera; camera; camera; guitar; guitar; guitar; guitar,snne/okvqa/images_perturbed/OKVQA_val2014_000000000000_1233605_rotate1.jpg,1233605_rotate1,rotate,8,rotate1
val2014,other,1233605,0,People and Everyday life,Ansal adams used what instrument?,camera,camera; camera; camera; camera; camera; camera; guitar; guitar; guitar; guitar,snne/okvqa/images_perturbed/OKVQA_val2014_000000000000_1233605_shift1.jpg,1233605_shift1,shift,8,shift1
val2014,other,1233605,0,People and Everyday life,Ansal adams used what instrument?,camera,camera; camera; camera; camera; camera; camera; guitar; guitar; guitar; guitar,snne/okvqa/images_perturbed/OKVQA_val2014_000000000000_1233605_noise1.jpg,1233605_noise1,noise,5,noise1
val2014,other,1233605,0,People and Everyday life,Ansal adams used what instrument?,camera,camera; camera; camera; camera; camera; camera; guitar; guitar; guitar; guitar,snne/okvqa/images_perturbed/OKVQA_val2014_000000000000_1233605_masking1.jpg,1233605_masking1,masking,5,masking1
val2014,other,1233605,0,People and Everyday life,Ansal adams used what instrument?,camera,camera; camera; camera; camera; camera; camera; guitar; guitar; guitar; guitar,snne/okvqa/images_perturbed/OKVQA_val2014_000000000000_1233605_bw1.jpg,1233605_bw1,bw,NA,bw1
val2014,other,3282845,0,Weather and Climate,If it gets cold enough what will happen to the area being stepped over?,freeze,freeze; freeze; freeze; freeze; frozen; frozen; it will freeze over; it will freeze over; iced; iced,snne/okvqa/images_perturbed/OKVQA_val2014_000000000000_3282845_contrast1.jpg,3282845_contrast1,contrast,8,contrast1
val2014,other,3282845,0,Weather and Climate,If it gets cold enough what will happen to the area being stepped over?,freeze,freeze; freeze; freeze; freeze; frozen; frozen; it will freeze over; it will freeze over; iced; iced,snne/okvqa/images_perturbed/OKVQA_val2014_000000000000_3282845_blur1.jpg,3282845_blur1,blur,8,blur1
val2014,other,3282845,0,Weather and Climate,If it gets cold enough what will happen to the area being stepped over?,freeze,freeze; freeze; freeze; freeze; frozen; frozen; it will freeze over; it will freeze over; iced; iced,snne/okvqa/images_perturbed/OKVQA_val2014_000000000000_3282845_rotate1.jpg,3282845_rotate1,rotate,8,rotate1
val2014,other,3282845,0,Weather and Climate,If it gets cold enough what will happen to the area being stepped over?,freeze,freeze; freeze; freeze; freeze; frozen; frozen; it will freeze over; it will freeze over; iced; iced,snne/okvqa/images_perturbed/OKVQA_val2014_000000000000_3282845_shift1.jpg,3282845_shift1,shift,8,shift1
val2014,other,3282845,0,Weather and Climate,If it gets cold enough what will happen to the area being stepped over?,freeze,freeze; freeze; freeze; freeze; frozen; frozen; it will freeze over; it will freeze over; iced; iced,snne/okvqa/images_perturbed/OKVQA_val2014_000000000000_3282845_noise1.jpg,3282845_noise1,noise,9,noise1
val2014,other,3282845,0,Weather and Climate,If it gets cold enough what will happen to the area being stepped over?,freeze,freeze; freeze; freeze; freeze; frozen; frozen; it will freeze over; it will freeze over; iced; iced,snne/okvqa/images_perturbed/OKVQA_val2014_000000000000_3282845_masking1.jpg,3282845_masking1,masking,9,masking1
val2014,other,3282845,0,Weather and Climate,If it gets cold enough what will happen to the area being stepped over?,freeze,freeze; freeze; freeze; freeze; frozen; frozen; it will freeze over; it will freeze over; iced; iced,snne/okvqa/images_perturbed/OKVQA_val2014_000000000000_3282845_bw1.jpg,3282845_bw1,bw,NA,bw1
val2014,other,5302205,0,Vehicles and Transportation,What are some safety precautions to take when riding this vehicle?,wear helmet,wear helmet; wear helmet; wear helmet; wear helmet; wear helmet; wear helmet; helmet; helmet; seat foot pegs wheel guards; seat foot pegs wheel guards,snne/okvqa/images_perturbed/OKVQA_val2014_000000000000_5302205_contrast1.jpg,5302205_contrast1,contrast,5,contrast1
val2014,other,5302205,0,Vehicles and Transportation,What are some safety precautions to take when riding this vehicle?,wear helmet,wear helmet; wear helmet; wear helmet; wear helmet; wear helmet; wear helmet; helmet; helmet; seat foot pegs wheel guards; seat foot pegs wheel guards,snne/okvqa/images_perturbed/OKVQA_val2014_000000000000_5302205_blur1.jpg,5302205_blur1,blur,5,blur1
val2014,other,5302205,0,Vehicles and Transportation,What are some safety precautions to take when riding this vehicle?,wear helmet,wear helmet; wear helmet; wear helmet; wear helmet; wear helmet; wear helmet; helmet; helmet; seat foot pegs wheel guards; seat foot pegs wheel guards,snne/okvqa/images_perturbed/OKVQA_val2014_000000000000_5302205_rotate1.jpg,5302205_rotate1,rotate,5,rotate1
val2014,other,5302205,0,Vehicles and Transportation,What are some safety precautions to take when riding this vehicle?,wear helmet,wear helmet; wear helmet; wear helmet; wear helmet; wear helmet; wear helmet; helmet; helmet; seat foot pegs wheel guards; seat foot pegs wheel guards,snne/okvqa/images_perturbed/OKVQA_val2014_000000000000_5302205_shift1.jpg,5302205_shift1,shift,5,shift1
val2014,other,5302205,0,Vehicles and Transportation,What are some safety precautions to take when riding this vehicle?,wear helmet,wear helmet; wear helmet; wear helmet; wear helmet; wear helmet; wear helmet; helmet; helmet; seat foot pegs wheel guards; seat foot pegs wheel guards,snne/okvqa/images_perturbed/OKVQA_val2014_000000000000_5302205_noise1.jpg,5302205_noise1,noise,10,noise1
val2014,other,5302205,0,Vehicles and Transportation,What are some safety precautions to take when riding this vehicle?,wear helmet,wear helmet; wear helmet; wear helmet; wear helmet; wear helmet; wear helmet; helmet; helmet; seat foot pegs wheel guards; seat foot pegs wheel guards,snne/okvqa/images_perturbed/OKVQA_val2014_000000000000_5302205_masking1.jpg,5302205_masking1,masking,10,masking1
val2014,other,5302205,0,Vehicles and Transportation,What are some safety precautions to take when riding this vehicle?,wear helmet,wear helmet; wear helmet; wear helmet; wear helmet; wear helmet; wear helmet; helmet; helmet; seat foot pegs wheel guards; seat foot pegs wheel guards,snne/okvqa/images_perturbed/OKVQA_val2014_000000000000_5302205_bw1.jpg,5302205_bw1,bw,NA,bw1
val2014,other,3970635,0,"Objects, Material and Clothing",What is the shape?,circle,circle; circle; circle; circle; circle; circle; round; round; round; round,snne/okvqa/images_perturbed/OKVQA_val2014_000000000000_3970635_contrast1.jpg,3970635_contrast1,contrast,5,contrast1
val2014,other,3970635,0,"Objects, Material and Clothing",What is the shape?,circle,circle; circle; circle; circle; circle; circle; round; round; round; round,snne/okvqa/images_perturbed/OKVQA_val2014_000000000000_3970635_blur1.jpg,3970635_blur1,blur,5,blur1
val2014,other,3970635,0,"Objects, Material and Clothing",What is the shape?,circle,circle; circle; circle; circle; circle; circle; round; round; round; round,snne/okvqa/images_perturbed/OKVQA_val2014_000000000000_3970635_rotate1.jpg,3970635_rotate1,rotate,5,rotate1
val2014,other,3970635,0,"Objects, Material and Clothing",What is the shape?,circle,circle; circle; circle; circle; circle; circle; round; round; round; round,snne/okvqa/images_perturbed/OKVQA_val2014_000000000000_3970635_shift1.jpg,3970635_shift1,shift,5,shift1
val2014,other,3970635,0,"Objects, Material and Clothing",What is the shape?,circle,circle; circle; circle; circle; circle; circle; round; round; round; round,snne/okvqa/images_perturbed/OKVQA_val2014_000000000000_3970635_noise1.jpg,3970635_noise1,noise,5,noise1
val2014,other,3970635,0,"Objects, Material and Clothing",What is the shape?,circle,circle; circle; circle; circle; circle; circle; round; round; round; round,snne/okvqa/images_perturbed/OKVQA_val2014_000000000000_3970635_masking1.jpg,3970635_masking1,masking,5,masking1
val2014,other,3970635,0,"Objects, Material and Clothing",What is the shape?,circle,circle; circle; circle; circle; circle; circle; round; round; round; round,snne/okvqa/images_perturbed/OKVQA_val2014_000000000000_3970635_bw1.jpg,3970635_bw1,bw,NA,bw1
val2014,other,2337715,0,"Geography, History, Language and Culture",The colored object in this photo depicts a symbol of which country?,britain,britain; britain; britain; britain; britian; britian; great britian; great britian; uk; uk,snne/okvqa/images_perturbed/OKVQA_val2014_000000000000_2337715_contrast1.jpg,2337715_contrast1,contrast,4,contrast1
val2014,other,2337715,0,"Geography, History, Language and Culture",The colored object in this photo depicts a symbol of which country?,britain,britain; britain; britain; britain; britian; britian; great britian; great britian; uk; uk,snne/okvqa/images_perturbed/OKVQA_val2014_000000000000_2337715_blur1.jpg,2337715_blur1,blur,4,blur1
val2014,other,2337715,0,"Geography, History, Language and Culture",The colored object in this photo depicts a symbol of which country?,britain,britain; britain; britain; britain; britian; britian; great britian; great britian; uk; uk,snne/okvqa/images_perturbed/OKVQA_val2014_000000000000_2337715_rotate1.jpg,2337715_rotate1,rotate,4,rotate1
val2014,other,2337715,0,"Geography, History, Language and Culture",The colored object in this photo depicts a symbol of which country?,britain,britain; britain; britain; britain; britian; britian; great britian; great britian; uk; uk,snne/okvqa/images_perturbed/OKVQA_val2014_000000000000_2337715_shift1.jpg,2337715_shift1,shift,4,shift1
val2014,other,2337715,0,"Geography, History, Language and Culture",The colored object in this photo depicts a symbol of which country?,britain,britain; britain; britain; britain; britian; britian; great britian; great britian; uk; uk,snne/okvqa/images_perturbed/OKVQA_val2014_000000000000_2337715_noise1.jpg,2337715_noise1,noise,8,noise1
val2014,other,2337715,0,"Geography, History, Language and Culture",The colored object in this photo depicts a symbol of which country?,britain,britain; britain; britain; britain; britian; britian; great britian; great britian; uk; uk,snne/okvqa/images_perturbed/OKVQA_val2014_000000000000_2337715_masking1.jpg,2337715_masking1,masking,8,masking1
val2014,other,2337715,0,"Geography, History, Language and Culture",The colored object in this photo depicts a symbol of which country?,britain,britain; britain; britain; britain; britian; britian; great britian; great britian; uk; uk,snne/okvqa/images_perturbed/OKVQA_val2014_000000000000_2337715_bw1.jpg,2337715_bw1,bw,NA,bw1
val2014,other,3793105,0,"Brands, Companies and Products",What are the screens called?,monitors,monitors; monitors; monitors; monitors; monitors; monitors; monitors; monitors; monitor; monitor,snne/okvqa/images_perturbed/OKVQA_val2014_000000000000_3793105_contrast1.jpg,3793105_contrast1,contrast,8,contrast1
val2014,other,3793105,0,"Brands, Companies and Products",What are the screens called?,monitors,monitors; monitors; monitors; monitors; monitors; monitors; monitors; monitors; monitor; monitor,snne/okvqa/images_perturbed/OKVQA_val2014_000000000000_3793105_blur1.jpg,3793105_blur1,blur,8,blur1
val2014,other,3793105,0,"Brands, Companies and Products",What are the screens called?,monitors,monitors; monitors; monitors; monitors; monitors; monitors; monitors; monitors; monitor; monitor,snne/okvqa/images_perturbed/OKVQA_val2014_000000000000_3793105_rotate1.jpg,3793105_rotate1,rotate,8,rotate1
val2014,other,3793105,0,"Brands, Companies and Products",What are the screens called?,monitors,monitors; monitors; monitors; monitors; monitors; monitors; monitors; monitors; monitor; monitor,snne/okvqa/images_perturbed/OKVQA_val2014_000000000000_3793105_shift1.jpg,3793105_shift1,shift,8,shift1
val2014,other,3793105,0,"Brands, Companies and Products",What are the screens called?,monitors,monitors; monitors; monitors; monitors; monitors; monitors; monitors; monitors; monitor; monitor,snne/okvqa/images_perturbed/OKVQA_val2014_000000000000_3793105_noise1.jpg,3793105_noise1,noise,7,noise1
val2014,other,3793105,0,"Brands, Companies and Products",What are the screens called?,monitors,monitors; monitors; monitors; monitors; monitors; monitors; monitors; monitors; monitor; monitor,snne/okvqa/images_perturbed/OKVQA_val2014_000000000000_3793105_masking1.jpg,3793105_masking1,masking,7,masking1
val2014,other,3793105,0,"Brands, Companies and Products",What are the screens called?,monitors,monitors; monitors; monitors; monitors; monitors; monitors; monitors; monitors; monitor; monitor,snne/okvqa/images_perturbed/OKVQA_val2014_000000000000_3793105_bw1.jpg,3793105_bw1,bw,NA,bw1
val2014,other,2918165,0,"Brands, Companies and Products",What movie is referenced by the figure to the right of the laptop?,ghostbusters,ghostbusters; ghostbusters; ghostbusters; ghostbusters; ghostbusters; ghostbusters; ghostbusters; ghostbusters; ghost busters; ghost busters,snne/okvqa/images_perturbed/OKVQA_val2014_000000000000_2918165_contrast1.jpg,2918165_contrast1,contrast,7,contrast1
val2014,other,2918165,0,"Brands, Companies and Products",What movie is referenced by the figure to the right of the laptop?,ghostbusters,ghostbusters; ghostbusters; ghostbusters; ghostbusters; ghostbusters; ghostbusters; ghostbusters; ghostbusters; ghost busters; ghost busters,snne/okvqa/images_perturbed/OKVQA_val2014_000000000000_2918165_blur1.jpg,2918165_blur1,blur,7,blur1
val2014,other,2918165,0,"Brands, Companies and Products",What movie is referenced by the figure to the right of the laptop?,ghostbusters,ghostbusters; ghostbusters; ghostbusters; ghostbusters; ghostbusters; ghostbusters; ghostbusters; ghostbusters; ghost busters; ghost busters,snne/okvqa/images_perturbed/OKVQA_val2014_000000000000_2918165_rotate1.jpg,2918165_rotate1,rotate,7,rotate1
val2014,other,2918165,0,"Brands, Companies and Products",What movie is referenced by the figure to the right of the laptop?,ghostbusters,ghostbusters; ghostbusters; ghostbusters; ghostbusters; ghostbusters; ghostbusters; ghostbusters; ghostbusters; ghost busters; ghost busters,snne/okvqa/images_perturbed/OKVQA_val2014_000000000000_2918165_shift1.jpg,2918165_shift1,shift,7,shift1
val2014,other,2918165,0,"Brands, Companies and Products",What movie is referenced by the figure to the right of the laptop?,ghostbusters,ghostbusters; ghostbusters; ghostbusters; ghostbusters; ghostbusters; ghostbusters; ghostbusters; ghostbusters; ghost busters; ghost busters,snne/okvqa/images_perturbed/OKVQA_val2014_000000000000_2918165_noise1.jpg,2918165_noise1,noise,6,noise1
val2014,other,2918165,0,"Brands, Companies and Products",What movie is referenced by the figure to the right of the laptop?,ghostbusters,ghostbusters; ghostbusters; ghostbusters; ghostbusters; ghostbusters; ghostbusters; ghostbusters; ghostbusters; ghost busters; ghost busters,snne/okvqa/images_perturbed/OKVQA_val2014_000000000000_2918165_masking1.jpg,2918165_masking1,masking,6,masking1
val2014,other,2918165,0,"Brands, Companies and Products",What movie is referenced by the figure to the right of the laptop?,ghostbusters,ghostbusters; ghostbusters; ghostbusters; ghostbusters; ghostbusters; ghostbusters; ghostbusters; ghostbusters; ghost busters; ghost busters,snne/okvqa/images_perturbed/OKVQA_val2014_000000000000_2918165_bw1.jpg,2918165_bw1,bw,NA,bw1
val2014,other,1442525,0,Sports and Recreation,The man in the photo is using what to hit the ball?,bat,bat; bat; bat; bat; bat; bat; baseball bat; baseball bat; baseball bat; baseball bat,snne/okvqa/images_perturbed/OKVQA_val2014_000000000000_1442525_contrast1.jpg,1442525_contrast1,contrast,8,contrast1
val2014,other,1442525,0,Sports and Recreation,The man in the photo is using what to hit the ball?,bat,bat; bat; bat; bat; bat; bat; baseball bat; baseball bat; baseball bat; baseball bat,snne/okvqa/images_perturbed/OKVQA_val2014_000000000000_1442525_blur1.jpg,1442525_blur1,blur,8,blur1
val2014,other,1442525,0,Sports and Recreation,The man in the photo is using what to hit the ball?,bat,bat; bat; bat; bat; bat; bat; baseball bat; baseball bat; baseball bat; baseball bat,snne/okvqa/images_perturbed/OKVQA_val2014_000000000000_1442525_rotate1.jpg,1442525_rotate1,rotate,8,rotate1
val2014,other,1442525,0,Sports and Recreation,The man in the photo is using what to hit the ball?,bat,bat; bat; bat; bat; bat; bat; baseball bat; baseball bat; baseball bat; baseball bat,snne/okvqa/images_perturbed/OKVQA_val2014_000000000000_1442525_shift1.jpg,1442525_shift1,shift,8,shift1
val2014,other,1442525,0,Sports and Recreation,The man in the photo is using what to hit the ball?,bat,bat; bat; bat; bat; bat; bat; baseball bat; baseball bat; baseball bat; baseball bat,snne/okvqa/images_perturbed/OKVQA_val2014_000000000000_1442525_noise1.jpg,1442525_noise1,noise,7,noise1
val2014,other,1442525,0,Sports and Recreation,The man in the photo is using what to hit the ball?,bat,bat; bat; bat; bat; bat; bat; baseball bat; baseball bat; baseball bat; baseball bat,snne/okvqa/images_perturbed/OKVQA_val2014_000000000000_1442525_masking1.jpg,1442525_masking1,masking,7,masking1
val2014,other,1442525,0,Sports and Recreation,The man in the photo is using what to hit the ball?,bat,bat; bat; bat; bat; bat; bat; baseball bat; baseball bat; baseball bat; baseball bat,snne/okvqa/images_perturbed/OKVQA_val2014_000000000000_1442525_bw1.jpg,1442525_bw1,bw,NA,bw1
val2014,other,4124555,0,"Geography, History, Language and Culture",What century is this?,20th,20th; 20th; 20th; 20th; 20th; 20th; 1950s; 1950s; 1900; 1900,snne/okvqa/images_perturbed/OKVQA_val2014_000000000000_4124555_contrast1.jpg,4124555_contrast1,contrast,8,contrast1
val2014,other,4124555,0,"Geography, History, Language and Culture",What century is this?,20th,20th; 20th; 20th; 20th; 20th; 20th; 1950s; 1950s; 1900; 1900,snne/okvqa/images_perturbed/OKVQA_val2014_000000000000_4124555_blur1.jpg,4124555_blur1,blur,8,blur1
val2014,other,4124555,0,"Geography, History, Language and Culture",What century is this?,20th,20th; 20th; 20th; 20th; 20th; 20th; 1950s; 1950s; 1900; 1900,snne/okvqa/images_perturbed/OKVQA_val2014_000000000000_4124555_rotate1.jpg,4124555_rotate1,rotate,8,rotate1
val2014,other,4124555,0,"Geography, History, Language and Culture",What century is this?,20th,20th; 20th; 20th; 20th; 20th; 20th; 1950s; 1950s; 1900; 1900,snne/okvqa/images_perturbed/OKVQA_val2014_000000000000_4124555_shift1.jpg,4124555_shift1,shift,8,shift1
val2014,other,4124555,0,"Geography, History, Language and Culture",What century is this?,20th,20th; 20th; 20th; 20th; 20th; 20th; 1950s; 1950s; 1900; 1900,snne/okvqa/images_perturbed/OKVQA_val2014_000000000000_4124555_noise1.jpg,4124555_noise1,noise,9,noise1
val2014,other,4124555,0,"Geography, History, Language and Culture",What century is this?,20th,20th; 20th; 20th; 20th; 20th; 20th; 1950s; 1950s; 1900; 1900,snne/okvqa/images_perturbed/OKVQA_val2014_000000000000_4124555_masking1.jpg,4124555_masking1,masking,9,masking1
val2014,other,4124555,0,"Geography, History, Language and Culture",What century is this?,20th,20th; 20th; 20th; 20th; 20th; 20th; 1950s; 1950s; 1900; 1900,snne/okvqa/images_perturbed/OKVQA_val2014_000000000000_4124555_bw1.jpg,4124555_bw1,bw,NA,bw1
val2014,other,2924935,0,Sports and Recreation,What is a common injury found in people engaging in this sport?,broken leg,broken leg; broken leg; broken leg; broken leg; bones; bones; knee; knee; muscle tear and broke bones; muscle tear and broke bones,snne/okvqa/images_perturbed/OKVQA_val2014_000000000000_2924935_contrast1.jpg,2924935_contrast1,contrast,4,contrast1
val2014,other,2924935,0,Sports and Recreation,What is a common injury found in people engaging in this sport?,broken leg,broken leg; broken leg; broken leg; broken leg; bones; bones; knee; knee; muscle tear and broke bones; muscle tear and broke bones,snne/okvqa/images_perturbed/OKVQA_val2014_000000000000_2924935_blur1.jpg,2924935_blur1,blur,4,blur1
val2014,other,2924935,0,Sports and Recreation,What is a common injury found in people engaging in this sport?,broken leg,broken leg; broken leg; broken leg; broken leg; bones; bones; knee; knee; muscle tear and broke bones; muscle tear and broke bones,snne/okvqa/images_perturbed/OKVQA_val2014_000000000000_2924935_rotate1.jpg,2924935_rotate1,rotate,4,rotate1
val2014,other,2924935,0,Sports and Recreation,What is a common injury found in people engaging in this sport?,broken leg,broken leg; broken leg; broken leg; broken leg; bones; bones; knee; knee; muscle tear and broke bones; muscle tear and broke bones,snne/okvqa/images_perturbed/OKVQA_val2014_000000000000_2924935_shift1.jpg,2924935_shift1,shift,4,shift1
val2014,other,2924935,0,Sports and Recreation,What is a common injury found in people engaging in this sport?,broken leg,broken leg; broken leg; broken leg; broken leg; bones; bones; knee; knee; muscle tear and broke bones; muscle tear and broke bones,snne/okvqa/images_perturbed/OKVQA_val2014_000000000000_2924935_noise1.jpg,2924935_noise1,noise,9,noise1
val2014,other,2924935,0,Sports and Recreation,What is a common injury found in people engaging in this sport?,broken leg,broken leg; broken leg; broken leg; broken leg; bones; bones; knee; knee; muscle tear and broke bones; muscle tear and broke bones,snne/okvqa/images_perturbed/OKVQA_val2014_000000000000_2924935_masking1.jpg,2924935_masking1,masking,9,masking1
val2014,other,2924935,0,Sports and Recreation,What is a common injury found in people engaging in this sport?,broken leg,broken leg; broken leg; broken leg; broken leg; bones; bones; knee; knee; muscle tear and broke bones; muscle tear and broke bones,snne/okvqa/images_perturbed/OKVQA_val2014_000000000000_2924935_bw1.jpg,2924935_bw1,bw,NA,bw1
val2014,other,2895735,0,"Objects, Material and Clothing",What is this wedding dress made from?,silk,silk; silk; silk; silk; silk; silk; satin; satin; polyester; polyester,snne/okvqa/images_perturbed/OKVQA_val2014_000000000000_2895735_contrast1.jpg,2895735_contrast1,contrast,7,contrast1
val2014,other,2895735,0,"Objects, Material and Clothing",What is this wedding dress made from?,silk,silk; silk; silk; silk; silk; silk; satin; satin; polyester; polyester,snne/okvqa/images_perturbed/OKVQA_val2014_000000000000_2895735_blur1.jpg,2895735_blur1,blur,7,blur1
val2014,other,2895735,0,"Objects, Material and Clothing",What is this wedding dress made from?,silk,silk; silk; silk; silk; silk; silk; satin; satin; polyester; polyester,snne/okvqa/images_perturbed/OKVQA_val2014_000000000000_2895735_rotate1.jpg,2895735_rotate1,rotate,7,rotate1
val2014,other,2895735,0,"Objects, Material and Clothing",What is this wedding dress made from?,silk,silk; silk; silk; silk; silk; silk; satin; satin; polyester; polyester,snne/okvqa/images_perturbed/OKVQA_val2014_000000000000_2895735_shift1.jpg,2895735_shift1,shift,7,shift1
val2014,other,2895735,0,"Objects, Material and Clothing",What is this wedding dress made from?,silk,silk; silk; silk; silk; silk; silk; satin; satin; polyester; polyester,snne/okvqa/images_perturbed/OKVQA_val2014_000000000000_2895735_noise1.jpg,2895735_noise1,noise,7,noise1
val2014,other,2895735,0,"Objects, Material and Clothing",What is this wedding dress made from?,silk,silk; silk; silk; silk; silk; silk; satin; satin; polyester; polyester,snne/okvqa/images_perturbed/OKVQA_val2014_000000000000_2895735_masking1.jpg,2895735_masking1,masking,7,masking1
val2014,other,2895735,0,"Objects, Material and Clothing",What is this wedding dress made from?,silk,silk; silk; silk; silk; silk; silk; satin; satin; polyester; polyester,snne/okvqa/images_perturbed/OKVQA_val2014_000000000000_2895735_bw1.jpg,2895735_bw1,bw,NA,bw1
val2014,other,3391775,0,Other,What types of seats are these?,stools,stools; stools; stools; stools; stools; stools; wood; wood; wood; wood,snne/okvqa/images_perturbed/OKVQA_val2014_000000000000_3391775_contrast1.jpg,3391775_contrast1,contrast,3,contrast1
val2014,other,3391775,0,Other,What types of seats are these?,stools,stools; stools; stools; stools; stools; stools; wood; wood; wood; wood,snne/okvqa/images_perturbed/OKVQA_val2014_000000000000_3391775_blur1.jpg,3391775_blur1,blur,3,blur1
val2014,other,3391775,0,Other,What types of seats are these?,stools,stools; stools; stools; stools; stools; stools; wood; wood; wood; wood,snne/okvqa/images_perturbed/OKVQA_val2014_000000000000_3391775_rotate1.jpg,3391775_rotate1,rotate,3,rotate1
val2014,other,3391775,0,Other,What types of seats are these?,stools,stools; stools; stools; stools; stools; stools; wood; wood; wood; wood,snne/okvqa/images_perturbed/OKVQA_val2014_000000000000_3391775_shift1.jpg,3391775_shift1,shift,3,shift1
val2014,other,3391775,0,Other,What types of seats are these?,stools,stools; stools; stools; stools; stools; stools; wood; wood; wood; wood,snne/okvqa/images_perturbed/OKVQA_val2014_000000000000_3391775_noise1.jpg,3391775_noise1,noise,7,noise1
val2014,other,3391775,0,Other,What types of seats are these?,stools,stools; stools; stools; stools; stools; stools; wood; wood; wood; wood,snne/okvqa/images_perturbed/OKVQA_val2014_000000000000_3391775_masking1.jpg,3391775_masking1,masking,7,masking1
val2014,other,3391775,0,Other,What types of seats are these?,stools,stools; stools; stools; stools; stools; stools; wood; wood; wood; wood,snne/okvqa/images_perturbed/OKVQA_val2014_000000000000_3391775_bw1.jpg,3391775_bw1,bw,NA,bw1
val2014,other,4767705,0,Sports and Recreation,What team does this man play for?,cubs,cubs; cubs; cubs; cubs; red sox; red sox; away team; away team; angels; angels,snne/okvqa/images_perturbed/OKVQA_val2014_000000000000_4767705_contrast1.jpg,4767705_contrast1,contrast,5,contrast1
val2014,other,4767705,0,Sports and Recreation,What team does this man play for?,cubs,cubs; cubs; cubs; cubs; red sox; red sox; away team; away team; angels; angels,snne/okvqa/images_perturbed/OKVQA_val2014_000000000000_4767705_blur1.jpg,4767705_blur1,blur,5,blur1
val2014,other,4767705,0,Sports and Recreation,What team does this man play for?,cubs,cubs; cubs; cubs; cubs; red sox; red sox; away team; away team; angels; angels,snne/okvqa/images_perturbed/OKVQA_val2014_000000000000_4767705_rotate1.jpg,4767705_rotate1,rotate,5,rotate1
val2014,other,4767705,0,Sports and Recreation,What team does this man play for?,cubs,cubs; cubs; cubs; cubs; red sox; red sox; away team; away team; angels; angels,snne/okvqa/images_perturbed/OKVQA_val2014_000000000000_4767705_shift1.jpg,4767705_shift1,shift,5,shift1
val2014,other,4767705,0,Sports and Recreation,What team does this man play for?,cubs,cubs; cubs; cubs; cubs; red sox; red sox; away team; away team; angels; angels,snne/okvqa/images_perturbed/OKVQA_val2014_000000000000_4767705_noise1.jpg,4767705_noise1,noise,6,noise1
val2014,other,4767705,0,Sports and Recreation,What team does this man play for?,cubs,cubs; cubs; cubs; cubs; red sox; red sox; away team; away team; angels; angels,snne/okvqa/images_perturbed/OKVQA_val2014_000000000000_4767705_masking1.jpg,4767705_masking1,masking,6,masking1
val2014,other,4767705,0,Sports and Recreation,What team does this man play for?,cubs,cubs; cubs; cubs; cubs; red sox; red sox; away team; away team; angels; angels,snne/okvqa/images_perturbed/OKVQA_val2014_000000000000_4767705_bw1.jpg,4767705_bw1,bw,NA,bw1
val2014,other,5439925,0,Other,What could these electronics be used for?,communications,communications; communications; laptop; laptop; computers; computers; recording ghosts; recording ghosts; computer; computer,snne/okvqa/images_perturbed/OKVQA_val2014_000000000000_5439925_contrast1.jpg,5439925_contrast1,contrast,7,contrast1
val2014,other,5439925,0,Other,What could these electronics be used for?,communications,communications; communications; laptop; laptop; computers; computers; recording ghosts; recording ghosts; computer; computer,snne/okvqa/images_perturbed/OKVQA_val2014_000000000000_5439925_blur1.jpg,5439925_blur1,blur,7,blur1
val2014,other,5439925,0,Other,What could these electronics be used for?,communications,communications; communications; laptop; laptop; computers; computers; recording ghosts; recording ghosts; computer; computer,snne/okvqa/images_perturbed/OKVQA_val2014_000000000000_5439925_rotate1.jpg,5439925_rotate1,rotate,7,rotate1
val2014,other,5439925,0,Other,What could these electronics be used for?,communications,communications; communications; laptop; laptop; computers; computers; recording ghosts; recording ghosts; computer; computer,snne/okvqa/images_perturbed/OKVQA_val2014_000000000000_5439925_shift1.jpg,5439925_shift1,shift,7,shift1
val2014,other,5439925,0,Other,What could these electronics be used for?,communications,communications; communications; laptop; laptop; computers; computers; recording ghosts; recording ghosts; computer; computer,snne/okvqa/images_perturbed/OKVQA_val2014_000000000000_5439925_noise1.jpg,5439925_noise1,noise,5,noise1
val2014,other,5439925,0,Other,What could these electronics be used for?,communications,communications; communications; laptop; laptop; computers; computers; recording ghosts; recording ghosts; computer; computer,snne/okvqa/images_perturbed/OKVQA_val2014_000000000000_5439925_masking1.jpg,5439925_masking1,masking,5,masking1
val2014,other,5439925,0,Other,What could these electronics be used for?,communications,communications; communications; laptop; laptop; computers; computers; recording ghosts; recording ghosts; computer; computer,snne/okvqa/images_perturbed/OKVQA_val2014_000000000000_5439925_bw1.jpg,5439925_bw1,bw,NA,bw1
val2014,other,4577085,0,"Geography, History, Language and Culture",What language are these signs in?,japanese,japanese; japanese; japanese; japanese; japanese; japanese; chinese; chinese; chinese; chinese,snne/okvqa/images_perturbed/OKVQA_val2014_000000000000_4577085_contrast1.jpg,4577085_contrast1,contrast,3,contrast1
val2014,other,4577085,0,"Geography, History, Language and Culture",What language are these signs in?,japanese,japanese; japanese; japanese; japanese; japanese; japanese; chinese; chinese; chinese; chinese,snne/okvqa/images_perturbed/OKVQA_val2014_000000000000_4577085_blur1.jpg,4577085_blur1,blur,3,blur1
val2014,other,4577085,0,"Geography, History, Language and Culture",What language are these signs in?,japanese,japanese; japanese; japanese; japanese; japanese; japanese; chinese; chinese; chinese; chinese,snne/okvqa/images_perturbed/OKVQA_val2014_000000000000_4577085_rotate1.jpg,4577085_rotate1,rotate,3,rotate1
val2014,other,4577085,0,"Geography, History, Language and Culture",What language are these signs in?,japanese,japanese; japanese; japanese; japanese; japanese; japanese; chinese; chinese; chinese; chinese,snne/okvqa/images_perturbed/OKVQA_val2014_000000000000_4577085_shift1.jpg,4577085_shift1,shift,3,shift1
val2014,other,4577085,0,"Geography, History, Language and Culture",What language are these signs in?,japanese,japanese; japanese; japanese; japanese; japanese; japanese; chinese; chinese; chinese; chinese,snne/okvqa/images_perturbed/OKVQA_val2014_000000000000_4577085_noise1.jpg,4577085_noise1,noise,10,noise1
val2014,other,4577085,0,"Geography, History, Language and Culture",What language are these signs in?,japanese,japanese; japanese; japanese; japanese; japanese; japanese; chinese; chinese; chinese; chinese,snne/okvqa/images_perturbed/OKVQA_val2014_000000000000_4577085_masking1.jpg,4577085_masking1,masking,10,masking1
val2014,other,4577085,0,"Geography, History, Language and Culture",What language are these signs in?,japanese,japanese; japanese; japanese; japanese; japanese; japanese; chinese; chinese; chinese; chinese,snne/okvqa/images_perturbed/OKVQA_val2014_000000000000_4577085_bw1.jpg,4577085_bw1,bw,NA,bw1
val2014,other,5393905,0,"Objects, Material and Clothing",What is this object mad out of?,metal,metal; metal; metal; metal; metal; metal; metal and plastic; metal and plastic; steel; steel,snne/okvqa/images_perturbed/OKVQA_val2014_000000000000_5393905_contrast1.jpg,5393905_contrast1,contrast,7,contrast1
val2014,other,5393905,0,"Objects, Material and Clothing",What is this object mad out of?,metal,metal; metal; metal; metal; metal; metal; metal and plastic; metal and plastic; steel; steel,snne/okvqa/images_perturbed/OKVQA_val2014_000000000000_5393905_blur1.jpg,5393905_blur1,blur,7,blur1
val2014,other,5393905,0,"Objects, Material and Clothing",What is this object mad out of?,metal,metal; metal; metal; metal; metal; metal; metal and plastic; metal and plastic; steel; steel,snne/okvqa/images_perturbed/OKVQA_val2014_000000000000_5393905_rotate1.jpg,5393905_rotate1,rotate,7,rotate1
val2014,other,5393905,0,"Objects, Material and Clothing",What is this object mad out of?,metal,metal; metal; metal; metal; metal; metal; metal and plastic; metal and plastic; steel; steel,snne/okvqa/images_perturbed/OKVQA_val2014_000000000000_5393905_shift1.jpg,5393905_shift1,shift,7,shift1
val2014,other,5393905,0,"Objects, Material and Clothing",What is this object mad out of?,metal,metal; metal; metal; metal; metal; metal; metal and plastic; metal and plastic; steel; steel,snne/okvqa/images_perturbed/OKVQA_val2014_000000000000_5393905_noise1.jpg,5393905_noise1,noise,6,noise1
val2014,other,5393905,0,"Objects, Material and Clothing",What is this object mad out of?,metal,metal; metal; metal; metal; metal; metal; metal and plastic; metal and plastic; steel; steel,snne/okvqa/images_perturbed/OKVQA_val2014_000000000000_5393905_masking1.jpg,5393905_masking1,masking,6,masking1
val2014,other,5393905,0,"Objects, Material and Clothing",What is this object mad out of?,metal,metal; metal; metal; metal; metal; metal; metal and plastic; metal and plastic; steel; steel,snne/okvqa/images_perturbed/OKVQA_val2014_000000000000_5393905_bw1.jpg,5393905_bw1,bw,NA,bw1
val2014,other,1553195,0,Sports and Recreation,What program can i used to make my photos look like this one?,photoshop,photoshop; photoshop; photoshop; photoshop; photoshop; photoshop; photoshop; photoshop; photo editing; photo editing,snne/okvqa/images_perturbed/OKVQA_val2014_000000000000_1553195_contrast1.jpg,1553195_contrast1,contrast,4,contrast1
val2014,other,1553195,0,Sports and Recreation,What program can i used to make my photos look like this one?,photoshop,photoshop; photoshop; photoshop; photoshop; photoshop; photoshop; photoshop; photoshop; photo editing; photo editing,snne/okvqa/images_perturbed/OKVQA_val2014_000000000000_1553195_blur1.jpg,1553195_blur1,blur,4,blur1
val2014,other,1553195,0,Sports and Recreation,What program can i used to make my photos look like this one?,photoshop,photoshop; photoshop; photoshop; photoshop; photoshop; photoshop; photoshop; photoshop; photo editing; photo editing,snne/okvqa/images_perturbed/OKVQA_val2014_000000000000_1553195_rotate1.jpg,1553195_rotate1,rotate,4,rotate1
val2014,other,1553195,0,Sports and Recreation,What program can i used to make my photos look like this one?,photoshop,photoshop; photoshop; photoshop; photoshop; photoshop; photoshop; photoshop; photoshop; photo editing; photo editing,snne/okvqa/images_perturbed/OKVQA_val2014_000000000000_1553195_shift1.jpg,1553195_shift1,shift,4,shift1
val2014,other,1553195,0,Sports and Recreation,What program can i used to make my photos look like this one?,photoshop,photoshop; photoshop; photoshop; photoshop; photoshop; photoshop; photoshop; photoshop; photo editing; photo editing,snne/okvqa/images_perturbed/OKVQA_val2014_000000000000_1553195_noise1.jpg,1553195_noise1,noise,10,noise1
val2014,other,1553195,0,Sports and Recreation,What program can i used to make my photos look like this one?,photoshop,photoshop; photoshop; photoshop; photoshop; photoshop; photoshop; photoshop; photoshop; photo editing; photo editing,snne/okvqa/images_perturbed/OKVQA_val2014_000000000000_1553195_masking1.jpg,1553195_masking1,masking,10,masking1
val2014,other,1553195,0,Sports and Recreation,What program can i used to make my photos look like this one?,photoshop,photoshop; photoshop; photoshop; photoshop; photoshop; photoshop; photoshop; photoshop; photo editing; photo editing,snne/okvqa/images_perturbed/OKVQA_val2014_000000000000_1553195_bw1.jpg,1553195_bw1,bw,NA,bw1
val2014,other,2361625,0,Plants and Animals,Batman's main female villain surround herself with these?,cats,cats; cats; cats; cats; cats; cats; cats; cats; catwoman; catwoman,snne/okvqa/images_perturbed/OKVQA_val2014_000000000000_2361625_contrast1.jpg,2361625_contrast1,contrast,6,contrast1
val2014,other,2361625,0,Plants and Animals,Batman's main female villain surround herself with these?,cats,cats; cats; cats; cats; cats; cats; cats; cats; catwoman; catwoman,snne/okvqa/images_perturbed/OKVQA_val2014_000000000000_2361625_blur1.jpg,2361625_blur1,blur,6,blur1
val2014,other,2361625,0,Plants and Animals,Batman's main female villain surround herself with these?,cats,cats; cats; cats; cats; cats; cats; cats; cats; catwoman; catwoman,snne/okvqa/images_perturbed/OKVQA_val2014_000000000000_2361625_rotate1.jpg,2361625_rotate1,rotate,6,rotate1
val2014,other,2361625,0,Plants and Animals,Batman's main female villain surround herself with these?,cats,cats; cats; cats; cats; cats; cats; cats; cats; catwoman; catwoman,snne/okvqa/images_perturbed/OKVQA_val2014_000000000000_2361625_shift1.jpg,2361625_shift1,shift,6,shift1
val2014,other,2361625,0,Plants and Animals,Batman's main female villain surround herself with these?,cats,cats; cats; cats; cats; cats; cats; cats; cats; catwoman; catwoman,snne/okvqa/images_perturbed/OKVQA_val2014_000000000000_2361625_noise1.jpg,2361625_noise1,noise,9,noise1
val2014,other,2361625,0,Plants and Animals,Batman's main female villain surround herself with these?,cats,cats; cats; cats; cats; cats; cats; cats; cats; catwoman; catwoman,snne/okvqa/images_perturbed/OKVQA_val2014_000000000000_2361625_masking1.jpg,2361625_masking1,masking,9,masking1
val2014,other,2361625,0,Plants and Animals,Batman's main female villain surround herself with these?,cats,cats; cats; cats; cats; cats; cats; cats; cats; catwoman; catwoman,snne/okvqa/images_perturbed/OKVQA_val2014_000000000000_2361625_bw1.jpg,2361625_bw1,bw,NA,bw1
val2014,other,4751845,0,Sports and Recreation,What are the boards made of?,fiberglass,fiberglass; fiberglass; fiberglass; fiberglass; plastic; plastic; plastic composite; plastic composite; fiber glass; fiber glass,snne/okvqa/images_perturbed/OKVQA_val2014_000000000000_4751845_contrast1.jpg,4751845_contrast1,contrast,4,contrast1
val2014,other,4751845,0,Sports and Recreation,What are the boards made of?,fiberglass,fiberglass; fiberglass; fiberglass; fiberglass; plastic; plastic; plastic composite; plastic composite; fiber glass; fiber glass,snne/okvqa/images_perturbed/OKVQA_val2014_000000000000_4751845_blur1.jpg,4751845_blur1,blur,4,blur1
val2014,other,4751845,0,Sports and Recreation,What are the boards made of?,fiberglass,fiberglass; fiberglass; fiberglass; fiberglass; plastic; plastic; plastic composite; plastic composite; fiber glass; fiber glass,snne/okvqa/images_perturbed/OKVQA_val2014_000000000000_4751845_rotate1.jpg,4751845_rotate1,rotate,4,rotate1
val2014,other,4751845,0,Sports and Recreation,What are the boards made of?,fiberglass,fiberglass; fiberglass; fiberglass; fiberglass; plastic; plastic; plastic composite; plastic composite; fiber glass; fiber glass,snne/okvqa/images_perturbed/OKVQA_val2014_000000000000_4751845_shift1.jpg,4751845_shift1,shift,4,shift1
val2014,other,4751845,0,Sports and Recreation,What are the boards made of?,fiberglass,fiberglass; fiberglass; fiberglass; fiberglass; plastic; plastic; plastic composite; plastic composite; fiber glass; fiber glass,snne/okvqa/images_perturbed/OKVQA_val2014_000000000000_4751845_noise1.jpg,4751845_noise1,noise,7,noise1
val2014,other,4751845,0,Sports and Recreation,What are the boards made of?,fiberglass,fiberglass; fiberglass; fiberglass; fiberglass; plastic; plastic; plastic composite; plastic composite; fiber glass; fiber glass,snne/okvqa/images_perturbed/OKVQA_val2014_000000000000_4751845_masking1.jpg,4751845_masking1,masking,7,masking1
val2014,other,4751845,0,Sports and Recreation,What are the boards made of?,fiberglass,fiberglass; fiberglass; fiberglass; fiberglass; plastic; plastic; plastic composite; plastic composite; fiber glass; fiber glass,snne/okvqa/images_perturbed/OKVQA_val2014_000000000000_4751845_bw1.jpg,4751845_bw1,bw,NA,bw1
val2014,other,1656755,0,Cooking and Food,At which holiday would you traditionally eat this food?,easter,easter; easter; easter; easter; easter; easter; christmas; christmas; christmas; christmas,snne/okvqa/images_perturbed/OKVQA_val2014_000000000000_1656755_contrast1.jpg,1656755_contrast1,contrast,7,contrast1
val2014,other,1656755,0,Cooking and Food,At which holiday would you traditionally eat this food?,easter,easter; easter; easter; easter; easter; easter; christmas; christmas; christmas; christmas,snne/okvqa/images_perturbed/OKVQA_val2014_000000000000_1656755_blur1.jpg,1656755_blur1,blur,7,blur1
val2014,other,1656755,0,Cooking and Food,At which holiday would you traditionally eat this food?,easter,easter; easter; easter; easter; easter; easter; christmas; christmas; christmas; christmas,snne/okvqa/images_perturbed/OKVQA_val2014_000000000000_1656755_rotate1.jpg,1656755_rotate1,rotate,7,rotate1
val2014,other,1656755,0,Cooking and Food,At which holiday would you traditionally eat this food?,easter,easter; easter; easter; easter; easter; easter; christmas; christmas; christmas; christmas,snne/okvqa/images_perturbed/OKVQA_val2014_000000000000_1656755_shift1.jpg,1656755_shift1,shift,7,shift1
val2014,other,1656755,0,Cooking and Food,At which holiday would you traditionally eat this food?,easter,easter; easter; easter; easter; easter; easter; christmas; christmas; christmas; christmas,snne/okvqa/images_perturbed/OKVQA_val2014_000000000000_1656755_noise1.jpg,1656755_noise1,noise,9,noise1
val2014,other,1656755,0,Cooking and Food,At which holiday would you traditionally eat this food?,easter,easter; easter; easter; easter; easter; easter; christmas; christmas; christmas; christmas,snne/okvqa/images_perturbed/OKVQA_val2014_000000000000_1656755_masking1.jpg,1656755_masking1,masking,9,masking1
val2014,other,1656755,0,Cooking and Food,At which holiday would you traditionally eat this food?,easter,easter; easter; easter; easter; easter; easter; christmas; christmas; christmas; christmas,snne/okvqa/images_perturbed/OKVQA_val2014_000000000000_1656755_bw1.jpg,1656755_bw1,bw,NA,bw1
val2014,other,2767315,0,"Geography, History, Language and Culture",What german city is this in?,berlin,berlin; berlin; berlin; berlin; dusseldorf; dusseldorf; zurich; zurich; drosselstrabe; drosselstrabe,snne/okvqa/images_perturbed/OKVQA_val2014_000000000000_2767315_contrast1.jpg,2767315_contrast1,contrast,6,contrast1
val2014,other,2767315,0,"Geography, History, Language and Culture",What german city is this in?,berlin,berlin; berlin; berlin; berlin; dusseldorf; dusseldorf; zurich; zurich; drosselstrabe; drosselstrabe,snne/okvqa/images_perturbed/OKVQA_val2014_000000000000_2767315_blur1.jpg,2767315_blur1,blur,6,blur1
val2014,other,2767315,0,"Geography, History, Language and Culture",What german city is this in?,berlin,berlin; berlin; berlin; berlin; dusseldorf; dusseldorf; zurich; zurich; drosselstrabe; drosselstrabe,snne/okvqa/images_perturbed/OKVQA_val2014_000000000000_2767315_rotate1.jpg,2767315_rotate1,rotate,6,rotate1
val2014,other,2767315,0,"Geography, History, Language and Culture",What german city is this in?,berlin,berlin; berlin; berlin; berlin; dusseldorf; dusseldorf; zurich; zurich; drosselstrabe; drosselstrabe,snne/okvqa/images_perturbed/OKVQA_val2014_000000000000_2767315_shift1.jpg,2767315_shift1,shift,6,shift1
val2014,other,2767315,0,"Geography, History, Language and Culture",What german city is this in?,berlin,berlin; berlin; berlin; berlin; dusseldorf; dusseldorf; zurich; zurich; drosselstrabe; drosselstrabe,snne/okvqa/images_perturbed/OKVQA_val2014_000000000000_2767315_noise1.jpg,2767315_noise1,noise,6,noise1
val2014,other,2767315,0,"Geography, History, Language and Culture",What german city is this in?,berlin,berlin; berlin; berlin; berlin; dusseldorf; dusseldorf; zurich; zurich; drosselstrabe; drosselstrabe,snne/okvqa/images_perturbed/OKVQA_val2014_000000000000_2767315_masking1.jpg,2767315_masking1,masking,6,masking1
val2014,other,2767315,0,"Geography, History, Language and Culture",What german city is this in?,berlin,berlin; berlin; berlin; berlin; dusseldorf; dusseldorf; zurich; zurich; drosselstrabe; drosselstrabe,snne/okvqa/images_perturbed/OKVQA_val2014_000000000000_2767315_bw1.jpg,2767315_bw1,bw,NA,bw1
val2014,other,1759945,0,Vehicles and Transportation,During the great depression homeless people that hitched rides on this were said to be riding what?,free,free; free; coach; coach; hobo; hobo; rails; rails; rail; rail,snne/okvqa/images_perturbed/OKVQA_val2014_000000000000_1759945_contrast1.jpg,1759945_contrast1,contrast,7,contrast1
val2014,other,1759945,0,Vehicles and Transportation,During the great depression homeless people that hitched rides on this were said to be riding what?,free,free; free; coach; coach; hobo; hobo; rails; rails; rail; rail,snne/okvqa/images_perturbed/OKVQA_val2014_000000000000_1759945_blur1.jpg,1759945_blur1,blur,7,blur1
val2014,other,1759945,0,Vehicles and Transportation,During the great depression homeless people that hitched rides on this were said to be riding what?,free,free; free; coach; coach; hobo; hobo; rails; rails; rail; rail,snne/okvqa/images_perturbed/OKVQA_val2014_000000000000_1759945_rotate1.jpg,1759945_rotate1,rotate,7,rotate1
val2014,other,1759945,0,Vehicles and Transportation,During the great depression homeless people that hitched rides on this were said to be riding what?,free,free; free; coach; coach; hobo; hobo; rails; rails; rail; rail,snne/okvqa/images_perturbed/OKVQA_val2014_000000000000_1759945_shift1.jpg,1759945_shift1,shift,7,shift1
val2014,other,1759945,0,Vehicles and Transportation,During the great depression homeless people that hitched rides on this were said to be riding what?,free,free; free; coach; coach; hobo; hobo; rails; rails; rail; rail,snne/okvqa/images_perturbed/OKVQA_val2014_000000000000_1759945_noise1.jpg,1759945_noise1,noise,10,noise1
val2014,other,1759945,0,Vehicles and Transportation,During the great depression homeless people that hitched rides on this were said to be riding what?,free,free; free; coach; coach; hobo; hobo; rails; rails; rail; rail,snne/okvqa/images_perturbed/OKVQA_val2014_000000000000_1759945_masking1.jpg,1759945_masking1,masking,10,masking1
val2014,other,1759945,0,Vehicles and Transportation,During the great depression homeless people that hitched rides on this were said to be riding what?,free,free; free; coach; coach; hobo; hobo; rails; rails; rail; rail,snne/okvqa/images_perturbed/OKVQA_val2014_000000000000_1759945_bw1.jpg,1759945_bw1,bw,NA,bw1
val2014,other,4496385,0,"Geography, History, Language and Culture",What is this area of a town?,downtown,downtown; downtown; downtown; downtown; downtown; downtown; park; park; park; park,snne/okvqa/images_perturbed/OKVQA_val2014_000000000000_4496385_contrast1.jpg,4496385_contrast1,contrast,8,contrast1
val2014,other,4496385,0,"Geography, History, Language and Culture",What is this area of a town?,downtown,downtown; downtown; downtown; downtown; downtown; downtown; park; park; park; park,snne/okvqa/images_perturbed/OKVQA_val2014_000000000000_4496385_blur1.jpg,4496385_blur1,blur,8,blur1
val2014,other,4496385,0,"Geography, History, Language and Culture",What is this area of a town?,downtown,downtown; downtown; downtown; downtown; downtown; downtown; park; park; park; park,snne/okvqa/images_perturbed/OKVQA_val2014_000000000000_4496385_rotate1.jpg,4496385_rotate1,rotate,8,rotate1
val2014,other,4496385,0,"Geography, History, Language and Culture",What is this area of a town?,downtown,downtown; downtown; downtown; downtown; downtown; downtown; park; park; park; park,snne/okvqa/images_perturbed/OKVQA_val2014_000000000000_4496385_shift1.jpg,4496385_shift1,shift,8,shift1
val2014,other,4496385,0,"Geography, History, Language and Culture",What is this area of a town?,downtown,downtown; downtown; downtown; downtown; downtown; downtown; park; park; park; park,snne/okvqa/images_perturbed/OKVQA_val2014_000000000000_4496385_noise1.jpg,4496385_noise1,noise,6,noise1
val2014,other,4496385,0,"Geography, History, Language and Culture",What is this area of a town?,downtown,downtown; downtown; downtown; downtown; downtown; downtown; park; park; park; park,snne/okvqa/images_perturbed/OKVQA_val2014_000000000000_4496385_masking1.jpg,4496385_masking1,masking,6,masking1
val2014,other,4496385,0,"Geography, History, Language and Culture",What is this area of a town?,downtown,downtown; downtown; downtown; downtown; downtown; downtown; park; park; park; park,snne/okvqa/images_perturbed/OKVQA_val2014_000000000000_4496385_bw1.jpg,4496385_bw1,bw,NA,bw1
val2014,other,1985905,0,"Brands, Companies and Products",Which brand of car is shown in this picture?,chevy,chevy; chevy; chevy; chevy; chevy; chevy; chevrolet; chevrolet; chevrolet silverado; chevrolet silverado,snne/okvqa/images_perturbed/OKVQA_val2014_000000000000_1985905_contrast1.jpg,1985905_contrast1,contrast,8,contrast1
val2014,other,1985905,0,"Brands, Companies and Products",Which brand of car is shown in this picture?,chevy,chevy; chevy; chevy; chevy; chevy; chevy; chevrolet; chevrolet; chevrolet silverado; chevrolet silverado,snne/okvqa/images_perturbed/OKVQA_val2014_000000000000_1985905_blur1.jpg,1985905_blur1,blur,8,blur1
val2014,other,1985905,0,"Brands, Companies and Products",Which brand of car is shown in this picture?,chevy,chevy; chevy; chevy; chevy; chevy; chevy; chevrolet; chevrolet; chevrolet silverado; chevrolet silverado,snne/okvqa/images_perturbed/OKVQA_val2014_000000000000_1985905_rotate1.jpg,1985905_rotate1,rotate,8,rotate1
val2014,other,1985905,0,"Brands, Companies and Products",Which brand of car is shown in this picture?,chevy,chevy; chevy; chevy; chevy; chevy; chevy; chevrolet; chevrolet; chevrolet silverado; chevrolet silverado,snne/okvqa/images_perturbed/OKVQA_val2014_000000000000_1985905_shift1.jpg,1985905_shift1,shift,8,shift1
val2014,other,1985905,0,"Brands, Companies and Products",Which brand of car is shown in this picture?,chevy,chevy; chevy; chevy; chevy; chevy; chevy; chevrolet; chevrolet; chevrolet silverado; chevrolet silverado,snne/okvqa/images_perturbed/OKVQA_val2014_000000000000_1985905_noise1.jpg,1985905_noise1,noise,7,noise1
val2014,other,1985905,0,"Brands, Companies and Products",Which brand of car is shown in this picture?,chevy,chevy; chevy; chevy; chevy; chevy; chevy; chevrolet; chevrolet; chevrolet silverado; chevrolet silverado,snne/okvqa/images_perturbed/OKVQA_val2014_000000000000_1985905_masking1.jpg,1985905_masking1,masking,7,masking1
val2014,other,1985905,0,"Brands, Companies and Products",Which brand of car is shown in this picture?,chevy,chevy; chevy; chevy; chevy; chevy; chevy; chevrolet; chevrolet; chevrolet silverado; chevrolet silverado,snne/okvqa/images_perturbed/OKVQA_val2014_000000000000_1985905_bw1.jpg,1985905_bw1,bw,NA,bw1
val2014,other,1477455,0,Vehicles and Transportation,What attaches behind these objects?,trailers,trailers; trailers; trailers; trailers; trailers; trailers; cage; cage; trailer; trailer,snne/okvqa/images_perturbed/OKVQA_val2014_000000000000_1477455_contrast1.jpg,1477455_contrast1,contrast,6,contrast1
val2014,other,1477455,0,Vehicles and Transportation,What attaches behind these objects?,trailers,trailers; trailers; trailers; trailers; trailers; trailers; cage; cage; trailer; trailer,snne/okvqa/images_perturbed/OKVQA_val2014_000000000000_1477455_blur1.jpg,1477455_blur1,blur,6,blur1
val2014,other,1477455,0,Vehicles and Transportation,What attaches behind these objects?,trailers,trailers; trailers; trailers; trailers; trailers; trailers; cage; cage; trailer; trailer,snne/okvqa/images_perturbed/OKVQA_val2014_000000000000_1477455_rotate1.jpg,1477455_rotate1,rotate,6,rotate1
val2014,other,1477455,0,Vehicles and Transportation,What attaches behind these objects?,trailers,trailers; trailers; trailers; trailers; trailers; trailers; cage; cage; trailer; trailer,snne/okvqa/images_perturbed/OKVQA_val2014_000000000000_1477455_shift1.jpg,1477455_shift1,shift,6,shift1
val2014,other,1477455,0,Vehicles and Transportation,What attaches behind these objects?,trailers,trailers; trailers; trailers; trailers; trailers; trailers; cage; cage; trailer; trailer,snne/okvqa/images_perturbed/OKVQA_val2014_000000000000_1477455_noise1.jpg,1477455_noise1,noise,10,noise1
val2014,other,1477455,0,Vehicles and Transportation,What attaches behind these objects?,trailers,trailers; trailers; trailers; trailers; trailers; trailers; cage; cage; trailer; trailer,snne/okvqa/images_perturbed/OKVQA_val2014_000000000000_1477455_masking1.jpg,1477455_masking1,masking,10,masking1
val2014,other,1477455,0,Vehicles and Transportation,What attaches behind these objects?,trailers,trailers; trailers; trailers; trailers; trailers; trailers; cage; cage; trailer; trailer,snne/okvqa/images_perturbed/OKVQA_val2014_000000000000_1477455_bw1.jpg,1477455_bw1,bw,NA,bw1
val2014,other,1704255,0,"Objects, Material and Clothing",What is the reason for piling these appliances up in the parking lot?,trash,trash; trash; trash; trash; remodel; remodel; disposal; disposal; for sanitation to pick them up; for sanitation to pick them up,snne/okvqa/images_perturbed/OKVQA_val2014_000000000000_1704255_contrast1.jpg,1704255_contrast1,contrast,8,contrast1
val2014,other,1704255,0,"Objects, Material and Clothing",What is the reason for piling these appliances up in the parking lot?,trash,trash; trash; trash; trash; remodel; remodel; disposal; disposal; for sanitation to pick them up; for sanitation to pick them up,snne/okvqa/images_perturbed/OKVQA_val2014_000000000000_1704255_blur1.jpg,1704255_blur1,blur,8,blur1
val2014,other,1704255,0,"Objects, Material and Clothing",What is the reason for piling these appliances up in the parking lot?,trash,trash; trash; trash; trash; remodel; remodel; disposal; disposal; for sanitation to pick them up; for sanitation to pick them up,snne/okvqa/images_perturbed/OKVQA_val2014_000000000000_1704255_rotate1.jpg,1704255_rotate1,rotate,8,rotate1
val2014,other,1704255,0,"Objects, Material and Clothing",What is the reason for piling these appliances up in the parking lot?,trash,trash; trash; trash; trash; remodel; remodel; disposal; disposal; for sanitation to pick them up; for sanitation to pick them up,snne/okvqa/images_perturbed/OKVQA_val2014_000000000000_1704255_shift1.jpg,1704255_shift1,shift,8,shift1
val2014,other,1704255,0,"Objects, Material and Clothing",What is the reason for piling these appliances up in the parking lot?,trash,trash; trash; trash; trash; remodel; remodel; disposal; disposal; for sanitation to pick them up; for sanitation to pick them up,snne/okvqa/images_perturbed/OKVQA_val2014_000000000000_1704255_noise1.jpg,1704255_noise1,noise,7,noise1
val2014,other,1704255,0,"Objects, Material and Clothing",What is the reason for piling these appliances up in the parking lot?,trash,trash; trash; trash; trash; remodel; remodel; disposal; disposal; for sanitation to pick them up; for sanitation to pick them up,snne/okvqa/images_perturbed/OKVQA_val2014_000000000000_1704255_masking1.jpg,1704255_masking1,masking,7,masking1
val2014,other,1704255,0,"Objects, Material and Clothing",What is the reason for piling these appliances up in the parking lot?,trash,trash; trash; trash; trash; remodel; remodel; disposal; disposal; for sanitation to pick them up; for sanitation to pick them up,snne/okvqa/images_perturbed/OKVQA_val2014_000000000000_1704255_bw1.jpg,1704255_bw1,bw,NA,bw1
val2014,other,5543025,0,Cooking and Food,What recipe can these be used in?,bread,bread; bread; bread; bread; boiled fruit; boiled fruit; banana pudding; banana pudding; pudding; pudding,snne/okvqa/images_perturbed/OKVQA_val2014_000000000000_5543025_contrast1.jpg,5543025_contrast1,contrast,6,contrast1
val2014,other,5543025,0,Cooking and Food,What recipe can these be used in?,bread,bread; bread; bread; bread; boiled fruit; boiled fruit; banana pudding; banana pudding; pudding; pudding,snne/okvqa/images_perturbed/OKVQA_val2014_000000000000_5543025_blur1.jpg,5543025_blur1,blur,6,blur1
val2014,other,5543025,0,Cooking and Food,What recipe can these be used in?,bread,bread; bread; bread; bread; boiled fruit; boiled fruit; banana pudding; banana pudding; pudding; pudding,snne/okvqa/images_perturbed/OKVQA_val2014_000000000000_5543025_rotate1.jpg,5543025_rotate1,rotate,6,rotate1
val2014,other,5543025,0,Cooking and Food,What recipe can these be used in?,bread,bread; bread; bread; bread; boiled fruit; boiled fruit; banana pudding; banana pudding; pudding; pudding,snne/okvqa/images_perturbed/OKVQA_val2014_000000000000_5543025_shift1.jpg,5543025_shift1,shift,6,shift1
val2014,other,5543025,0,Cooking and Food,What recipe can these be used in?,bread,bread; bread; bread; bread; boiled fruit; boiled fruit; banana pudding; banana pudding; pudding; pudding,snne/okvqa/images_perturbed/OKVQA_val2014_000000000000_5543025_noise1.jpg,5543025_noise1,noise,5,noise1
val2014,other,5543025,0,Cooking and Food,What recipe can these be used in?,bread,bread; bread; bread; bread; boiled fruit; boiled fruit; banana pudding; banana pudding; pudding; pudding,snne/okvqa/images_perturbed/OKVQA_val2014_000000000000_5543025_masking1.jpg,5543025_masking1,masking,5,masking1
val2014,other,5543025,0,Cooking and Food,What recipe can these be used in?,bread,bread; bread; bread; bread; boiled fruit; boiled fruit; banana pudding; banana pudding; pudding; pudding,snne/okvqa/images_perturbed/OKVQA_val2014_000000000000_5543025_bw1.jpg,5543025_bw1,bw,NA,bw1
val2014,other,1997715,0,Other,What certification will these people receive?,chef,chef; chef; chef; chef; culinary; culinary; culinary arts; culinary arts; cooking; cooking,snne/okvqa/images_perturbed/OKVQA_val2014_000000000000_1997715_contrast1.jpg,1997715_contrast1,contrast,3,contrast1
val2014,other,1997715,0,Other,What certification will these people receive?,chef,chef; chef; chef; chef; culinary; culinary; culinary arts; culinary arts; cooking; cooking,snne/okvqa/images_perturbed/OKVQA_val2014_000000000000_1997715_blur1.jpg,1997715_blur1,blur,3,blur1
val2014,other,1997715,0,Other,What certification will these people receive?,chef,chef; chef; chef; chef; culinary; culinary; culinary arts; culinary arts; cooking; cooking,snne/okvqa/images_perturbed/OKVQA_val2014_000000000000_1997715_rotate1.jpg,1997715_rotate1,rotate,3,rotate1
val2014,other,1997715,0,Other,What certification will these people receive?,chef,chef; chef; chef; chef; culinary; culinary; culinary arts; culinary arts; cooking; cooking,snne/okvqa/images_perturbed/OKVQA_val2014_000000000000_1997715_shift1.jpg,1997715_shift1,shift,3,shift1
val2014,other,1997715,0,Other,What certification will these people receive?,chef,chef; chef; chef; chef; culinary; culinary; culinary arts; culinary arts; cooking; cooking,snne/okvqa/images_perturbed/OKVQA_val2014_000000000000_1997715_noise1.jpg,1997715_noise1,noise,7,noise1
val2014,other,1997715,0,Other,What certification will these people receive?,chef,chef; chef; chef; chef; culinary; culinary; culinary arts; culinary arts; cooking; cooking,snne/okvqa/images_perturbed/OKVQA_val2014_000000000000_1997715_masking1.jpg,1997715_masking1,masking,7,masking1
val2014,other,1997715,0,Other,What certification will these people receive?,chef,chef; chef; chef; chef; culinary; culinary; culinary arts; culinary arts; cooking; cooking,snne/okvqa/images_perturbed/OKVQA_val2014_000000000000_1997715_bw1.jpg,1997715_bw1,bw,NA,bw1
val2014,other,4358075,0,Science and Technology,When was this gaming system first released?,1977,1977; 1977; 1977; 1977; 1980; 1980; 1980; 1980; 2000; 2000,snne/okvqa/images_perturbed/OKVQA_val2014_000000000000_4358075_contrast1.jpg,4358075_contrast1,contrast,3,contrast1
val2014,other,4358075,0,Science and Technology,When was this gaming system first released?,1977,1977; 1977; 1977; 1977; 1980; 1980; 1980; 1980; 2000; 2000,snne/okvqa/images_perturbed/OKVQA_val2014_000000000000_4358075_blur1.jpg,4358075_blur1,blur,3,blur1
val2014,other,4358075,0,Science and Technology,When was this gaming system first released?,1977,1977; 1977; 1977; 1977; 1980; 1980; 1980; 1980; 2000; 2000,snne/okvqa/images_perturbed/OKVQA_val2014_000000000000_4358075_rotate1.jpg,4358075_rotate1,rotate,3,rotate1
val2014,other,4358075,0,Science and Technology,When was this gaming system first released?,1977,1977; 1977; 1977; 1977; 1980; 1980; 1980; 1980; 2000; 2000,snne/okvqa/images_perturbed/OKVQA_val2014_000000000000_4358075_shift1.jpg,4358075_shift1,shift,3,shift1
val2014,other,4358075,0,Science and Technology,When was this gaming system first released?,1977,1977; 1977; 1977; 1977; 1980; 1980; 1980; 1980; 2000; 2000,snne/okvqa/images_perturbed/OKVQA_val2014_000000000000_4358075_noise1.jpg,4358075_noise1,noise,9,noise1
val2014,other,4358075,0,Science and Technology,When was this gaming system first released?,1977,1977; 1977; 1977; 1977; 1980; 1980; 1980; 1980; 2000; 2000,snne/okvqa/images_perturbed/OKVQA_val2014_000000000000_4358075_masking1.jpg,4358075_masking1,masking,9,masking1
val2014,other,4358075,0,Science and Technology,When was this gaming system first released?,1977,1977; 1977; 1977; 1977; 1980; 1980; 1980; 1980; 2000; 2000,snne/okvqa/images_perturbed/OKVQA_val2014_000000000000_4358075_bw1.jpg,4358075_bw1,bw,NA,bw1
val2014,other,62205,0,Cooking and Food,What country are these dishes from?,japan,japan; japan; japan; japan; japan; japan; japan; japan; china; china,snne/okvqa/images_perturbed/OKVQA_val2014_000000000000_62205_contrast1.jpg,62205_contrast1,contrast,7,contrast1
val2014,other,62205,0,Cooking and Food,What country are these dishes from?,japan,japan; japan; japan; japan; japan; japan; japan; japan; china; china,snne/okvqa/images_perturbed/OKVQA_val2014_000000000000_62205_blur1.jpg,62205_blur1,blur,7,blur1
val2014,other,62205,0,Cooking and Food,What country are these dishes from?,japan,japan; japan; japan; japan; japan; japan; japan; japan; china; china,snne/okvqa/images_perturbed/OKVQA_val2014_000000000000_62205_rotate1.jpg,62205_rotate1,rotate,7,rotate1
val2014,other,62205,0,Cooking and Food,What country are these dishes from?,japan,japan; japan; japan; japan; japan; japan; japan; japan; china; china,snne/okvqa/images_perturbed/OKVQA_val2014_000000000000_62205_shift1.jpg,62205_shift1,shift,7,shift1
val2014,other,62205,0,Cooking and Food,What country are these dishes from?,japan,japan; japan; japan; japan; japan; japan; japan; japan; china; china,snne/okvqa/images_perturbed/OKVQA_val2014_000000000000_62205_noise1.jpg,62205_noise1,noise,6,noise1
val2014,other,62205,0,Cooking and Food,What country are these dishes from?,japan,japan; japan; japan; japan; japan; japan; japan; japan; china; china,snne/okvqa/images_perturbed/OKVQA_val2014_000000000000_62205_masking1.jpg,62205_masking1,masking,6,masking1
val2014,other,62205,0,Cooking and Food,What country are these dishes from?,japan,japan; japan; japan; japan; japan; japan; japan; japan; china; china,snne/okvqa/images_perturbed/OKVQA_val2014_000000000000_62205_bw1.jpg,62205_bw1,bw,NA,bw1
val2014,other,1298555,0,Sports and Recreation,What is the profession of the person?,surfer,surfer; surfer; surfer; surfer; surfer; surfer; surfer; surfer; surfer; surfer,snne/okvqa/images_perturbed/OKVQA_val2014_000000000000_1298555_contrast1.jpg,1298555_contrast1,contrast,7,contrast1
val2014,other,1298555,0,Sports and Recreation,What is the profession of the person?,surfer,surfer; surfer; surfer; surfer; surfer; surfer; surfer; surfer; surfer; surfer,snne/okvqa/images_perturbed/OKVQA_val2014_000000000000_1298555_blur1.jpg,1298555_blur1,blur,7,blur1
val2014,other,1298555,0,Sports and Recreation,What is the profession of the person?,surfer,surfer; surfer; surfer; surfer; surfer; surfer; surfer; surfer; surfer; surfer,snne/okvqa/images_perturbed/OKVQA_val2014_000000000000_1298555_rotate1.jpg,1298555_rotate1,rotate,7,rotate1
val2014,other,1298555,0,Sports and Recreation,What is the profession of the person?,surfer,surfer; surfer; surfer; surfer; surfer; surfer; surfer; surfer; surfer; surfer,snne/okvqa/images_perturbed/OKVQA_val2014_000000000000_1298555_shift1.jpg,1298555_shift1,shift,7,shift1
val2014,other,1298555,0,Sports and Recreation,What is the profession of the person?,surfer,surfer; surfer; surfer; surfer; surfer; surfer; surfer; surfer; surfer; surfer,snne/okvqa/images_perturbed/OKVQA_val2014_000000000000_1298555_noise1.jpg,1298555_noise1,noise,6,noise1
val2014,other,1298555,0,Sports and Recreation,What is the profession of the person?,surfer,surfer; surfer; surfer; surfer; surfer; surfer; surfer; surfer; surfer; surfer,snne/okvqa/images_perturbed/OKVQA_val2014_000000000000_1298555_masking1.jpg,1298555_masking1,masking,6,masking1
val2014,other,1298555,0,Sports and Recreation,What is the profession of the person?,surfer,surfer; surfer; surfer; surfer; surfer; surfer; surfer; surfer; surfer; surfer,snne/okvqa/images_perturbed/OKVQA_val2014_000000000000_1298555_bw1.jpg,1298555_bw1,bw,NA,bw1
val2014,other,1490145,0,Weather and Climate,Is it showing or raining?,snowing,snowing; snowing; snowing; snowing; snowing; snowing; snowing; snowing; snow; snow,snne/okvqa/images_perturbed/OKVQA_val2014_000000000000_1490145_contrast1.jpg,1490145_contrast1,contrast,8,contrast1
val2014,other,1490145,0,Weather and Climate,Is it showing or raining?,snowing,snowing; snowing; snowing; snowing; snowing; snowing; snowing; snowing; snow; snow,snne/okvqa/images_perturbed/OKVQA_val2014_000000000000_1490145_blur1.jpg,1490145_blur1,blur,8,blur1
val2014,other,1490145,0,Weather and Climate,Is it showing or raining?,snowing,snowing; snowing; snowing; snowing; snowing; snowing; snowing; snowing; snow; snow,snne/okvqa/images_perturbed/OKVQA_val2014_000000000000_1490145_rotate1.jpg,1490145_rotate1,rotate,8,rotate1
val2014,other,1490145,0,Weather and Climate,Is it showing or raining?,snowing,snowing; snowing; snowing; snowing; snowing; snowing; snowing; snowing; snow; snow,snne/okvqa/images_perturbed/OKVQA_val2014_000000000000_1490145_shift1.jpg,1490145_shift1,shift,8,shift1
val2014,other,1490145,0,Weather and Climate,Is it showing or raining?,snowing,snowing; snowing; snowing; snowing; snowing; snowing; snowing; snowing; snow; snow,snne/okvqa/images_perturbed/OKVQA_val2014_000000000000_1490145_noise1.jpg,1490145_noise1,noise,10,noise1
val2014,other,1490145,0,Weather and Climate,Is it showing or raining?,snowing,snowing; snowing; snowing; snowing; snowing; snowing; snowing; snowing; snow; snow,snne/okvqa/images_perturbed/OKVQA_val2014_000000000000_1490145_masking1.jpg,1490145_masking1,masking,10,masking1
val2014,other,1490145,0,Weather and Climate,Is it showing or raining?,snowing,snowing; snowing; snowing; snowing; snowing; snowing; snowing; snowing; snow; snow,snne/okvqa/images_perturbed/OKVQA_val2014_000000000000_1490145_bw1.jpg,1490145_bw1,bw,NA,bw1
val2014,other,3641335,0,"Objects, Material and Clothing",What do i put clothes in when traveling?,suitcase,suitcase; suitcase; suitcase; suitcase; suitcase; suitcase; suitcase; suitcase; cases; cases,snne/okvqa/images_perturbed/OKVQA_val2014_000000000000_3641335_contrast1.jpg,3641335_contrast1,contrast,3,contrast1
val2014,other,3641335,0,"Objects, Material and Clothing",What do i put clothes in when traveling?,suitcase,suitcase; suitcase; suitcase; suitcase; suitcase; suitcase; suitcase; suitcase; cases; cases,snne/okvqa/images_perturbed/OKVQA_val2014_000000000000_3641335_blur1.jpg,3641335_blur1,blur,3,blur1
val2014,other,3641335,0,"Objects, Material and Clothing",What do i put clothes in when traveling?,suitcase,suitcase; suitcase; suitcase; suitcase; suitcase; suitcase; suitcase; suitcase; cases; cases,snne/okvqa/images_perturbed/OKVQA_val2014_000000000000_3641335_rotate1.jpg,3641335_rotate1,rotate,3,rotate1
val2014,other,3641335,0,"Objects, Material and Clothing",What do i put clothes in when traveling?,suitcase,suitcase; suitcase; suitcase; suitcase; suitcase; suitcase; suitcase; suitcase; cases; cases,snne/okvqa/images_perturbed/OKVQA_val2014_000000000000_3641335_shift1.jpg,3641335_shift1,shift,3,shift1
val2014,other,3641335,0,"Objects, Material and Clothing",What do i put clothes in when traveling?,suitcase,suitcase; suitcase; suitcase; suitcase; suitcase; suitcase; suitcase; suitcase; cases; cases,snne/okvqa/images_perturbed/OKVQA_val2014_000000000000_3641335_noise1.jpg,3641335_noise1,noise,6,noise1
val2014,other,3641335,0,"Objects, Material and Clothing",What do i put clothes in when traveling?,suitcase,suitcase; suitcase; suitcase; suitcase; suitcase; suitcase; suitcase; suitcase; cases; cases,snne/okvqa/images_perturbed/OKVQA_val2014_000000000000_3641335_masking1.jpg,3641335_masking1,masking,6,masking1
val2014,other,3641335,0,"Objects, Material and Clothing",What do i put clothes in when traveling?,suitcase,suitcase; suitcase; suitcase; suitcase; suitcase; suitcase; suitcase; suitcase; cases; cases,snne/okvqa/images_perturbed/OKVQA_val2014_000000000000_3641335_bw1.jpg,3641335_bw1,bw,NA,bw1
val2014,other,2829805,0,Weather and Climate,How high is the tide?,low,low; low; low; low; 10; 10; hihg tide; hihg tide; 1 2 feet; 1 2 feet,snne/okvqa/images_perturbed/OKVQA_val2014_000000000000_2829805_contrast1.jpg,2829805_contrast1,contrast,3,contrast1
val2014,other,2829805,0,Weather and Climate,How high is the tide?,low,low; low; low; low; 10; 10; hihg tide; hihg tide; 1 2 feet; 1 2 feet,snne/okvqa/images_perturbed/OKVQA_val2014_000000000000_2829805_blur1.jpg,2829805_blur1,blur,3,blur1
val2014,other,2829805,0,Weather and Climate,How high is the tide?,low,low; low; low; low; 10; 10; hihg tide; hihg tide; 1 2 feet; 1 2 feet,snne/okvqa/images_perturbed/OKVQA_val2014_000000000000_2829805_rotate1.jpg,2829805_rotate1,rotate,3,rotate1
val2014,other,2829805,0,Weather and Climate,How high is the tide?,low,low; low; low; low; 10; 10; hihg tide; hihg tide; 1 2 feet; 1 2 feet,snne/okvqa/images_perturbed/OKVQA_val2014_000000000000_2829805_shift1.jpg,2829805_shift1,shift,3,shift1
val2014,other,2829805,0,Weather and Climate,How high is the tide?,low,low; low; low; low; 10; 10; hihg tide; hihg tide; 1 2 feet; 1 2 feet,snne/okvqa/images_perturbed/OKVQA_val2014_000000000000_2829805_noise1.jpg,2829805_noise1,noise,5,noise1
val2014,other,2829805,0,Weather and Climate,How high is the tide?,low,low; low; low; low; 10; 10; hihg tide; hihg tide; 1 2 feet; 1 2 feet,snne/okvqa/images_perturbed/OKVQA_val2014_000000000000_2829805_masking1.jpg,2829805_masking1,masking,5,masking1
val2014,other,2829805,0,Weather and Climate,How high is the tide?,low,low; low; low; low; 10; 10; hihg tide; hihg tide; 1 2 feet; 1 2 feet,snne/okvqa/images_perturbed/OKVQA_val2014_000000000000_2829805_bw1.jpg,2829805_bw1,bw,NA,bw1
val2014,other,2365426,0,Cooking and Food,What are these cakes called?,pancakes,pancakes; pancakes; pancakes; pancakes; pancakes; pancakes; pancakes; pancakes; layer; layer,snne/okvqa/images_perturbed/OKVQA_val2014_000000000000_2365426_contrast1.jpg,2365426_contrast1,contrast,5,contrast1
val2014,other,2365426,0,Cooking and Food,What are these cakes called?,pancakes,pancakes; pancakes; pancakes; pancakes; pancakes; pancakes; pancakes; pancakes; layer; layer,snne/okvqa/images_perturbed/OKVQA_val2014_000000000000_2365426_blur1.jpg,2365426_blur1,blur,5,blur1
val2014,other,2365426,0,Cooking and Food,What are these cakes called?,pancakes,pancakes; pancakes; pancakes; pancakes; pancakes; pancakes; pancakes; pancakes; layer; layer,snne/okvqa/images_perturbed/OKVQA_val2014_000000000000_2365426_rotate1.jpg,2365426_rotate1,rotate,5,rotate1
val2014,other,2365426,0,Cooking and Food,What are these cakes called?,pancakes,pancakes; pancakes; pancakes; pancakes; pancakes; pancakes; pancakes; pancakes; layer; layer,snne/okvqa/images_perturbed/OKVQA_val2014_000000000000_2365426_shift1.jpg,2365426_shift1,shift,5,shift1
val2014,other,2365426,0,Cooking and Food,What are these cakes called?,pancakes,pancakes; pancakes; pancakes; pancakes; pancakes; pancakes; pancakes; pancakes; layer; layer,snne/okvqa/images_perturbed/OKVQA_val2014_000000000000_2365426_noise1.jpg,2365426_noise1,noise,5,noise1
val2014,other,2365426,0,Cooking and Food,What are these cakes called?,pancakes,pancakes; pancakes; pancakes; pancakes; pancakes; pancakes; pancakes; pancakes; layer; layer,snne/okvqa/images_perturbed/OKVQA_val2014_000000000000_2365426_masking1.jpg,2365426_masking1,masking,5,masking1
val2014,other,2365426,0,Cooking and Food,What are these cakes called?,pancakes,pancakes; pancakes; pancakes; pancakes; pancakes; pancakes; pancakes; pancakes; layer; layer,snne/okvqa/images_perturbed/OKVQA_val2014_000000000000_2365426_bw1.jpg,2365426_bw1,bw,NA,bw1
val2014,other,2650015,0,Weather and Climate,What season is this?,spring,spring; spring; spring; spring; spring; spring; summer; summer; fall; fall,snne/okvqa/images_perturbed/OKVQA_val2014_000000000000_2650015_contrast1.jpg,2650015_contrast1,contrast,7,contrast1
val2014,other,2650015,0,Weather and Climate,What season is this?,spring,spring; spring; spring; spring; spring; spring; summer; summer; fall; fall,snne/okvqa/images_perturbed/OKVQA_val2014_000000000000_2650015_blur1.jpg,2650015_blur1,blur,7,blur1
val2014,other,2650015,0,Weather and Climate,What season is this?,spring,spring; spring; spring; spring; spring; spring; summer; summer; fall; fall,snne/okvqa/images_perturbed/OKVQA_val2014_000000000000_2650015_rotate1.jpg,2650015_rotate1,rotate,7,rotate1
val2014,other,2650015,0,Weather and Climate,What season is this?,spring,spring; spring; spring; spring; spring; spring; summer; summer; fall; fall,snne/okvqa/images_perturbed/OKVQA_val2014_000000000000_2650015_shift1.jpg,2650015_shift1,shift,7,shift1
val2014,other,2650015,0,Weather and Climate,What season is this?,spring,spring; spring; spring; spring; spring; spring; summer; summer; fall; fall,snne/okvqa/images_perturbed/OKVQA_val2014_000000000000_2650015_noise1.jpg,2650015_noise1,noise,6,noise1
val2014,other,2650015,0,Weather and Climate,What season is this?,spring,spring; spring; spring; spring; spring; spring; summer; summer; fall; fall,snne/okvqa/images_perturbed/OKVQA_val2014_000000000000_2650015_masking1.jpg,2650015_masking1,masking,6,masking1
val2014,other,2650015,0,Weather and Climate,What season is this?,spring,spring; spring; spring; spring; spring; spring; summer; summer; fall; fall,snne/okvqa/images_perturbed/OKVQA_val2014_000000000000_2650015_bw1.jpg,2650015_bw1,bw,NA,bw1
val2014,other,2393765,0,People and Everyday life,What chore could you complete in this room in a ddition to bathing?,laundry,laundry; laundry; laundry; laundry; laundry; laundry; pooping; pooping; brushing; brushing,snne/okvqa/images_perturbed/OKVQA_val2014_000000000000_2393765_contrast1.jpg,2393765_contrast1,contrast,6,contrast1
val2014,other,2393765,0,People and Everyday life,What chore could you complete in this room in a ddition to bathing?,laundry,laundry; laundry; laundry; laundry; laundry; laundry; pooping; pooping; brushing; brushing,snne/okvqa/images_perturbed/OKVQA_val2014_000000000000_2393765_blur1.jpg,2393765_blur1,blur,6,blur1
val2014,other,2393765,0,People and Everyday life,What chore could you complete in this room in a ddition to bathing?,laundry,laundry; laundry; laundry; laundry; laundry; laundry; pooping; pooping; brushing; brushing,snne/okvqa/images_perturbed/OKVQA_val2014_000000000000_2393765_rotate1.jpg,2393765_rotate1,rotate,6,rotate1
val2014,other,2393765,0,People and Everyday life,What chore could you complete in this room in a ddition to bathing?,laundry,laundry; laundry; laundry; laundry; laundry; laundry; pooping; pooping; brushing; brushing,snne/okvqa/images_perturbed/OKVQA_val2014_000000000000_2393765_shift1.jpg,2393765_shift1,shift,6,shift1
val2014,other,2393765,0,People and Everyday life,What chore could you complete in this room in a ddition to bathing?,laundry,laundry; laundry; laundry; laundry; laundry; laundry; pooping; pooping; brushing; brushing,snne/okvqa/images_perturbed/OKVQA_val2014_000000000000_2393765_noise1.jpg,2393765_noise1,noise,6,noise1
val2014,other,2393765,0,People and Everyday life,What chore could you complete in this room in a ddition to bathing?,laundry,laundry; laundry; laundry; laundry; laundry; laundry; pooping; pooping; brushing; brushing,snne/okvqa/images_perturbed/OKVQA_val2014_000000000000_2393765_masking1.jpg,2393765_masking1,masking,6,masking1
val2014,other,2393765,0,People and Everyday life,What chore could you complete in this room in a ddition to bathing?,laundry,laundry; laundry; laundry; laundry; laundry; laundry; pooping; pooping; brushing; brushing,snne/okvqa/images_perturbed/OKVQA_val2014_000000000000_2393765_bw1.jpg,2393765_bw1,bw,NA,bw1
val2014,other,986745,0,Plants and Animals,What type of bird is this?,woodpecker,woodpecker; woodpecker; woodpecker; woodpecker; woodpecker; woodpecker; wood pecker; wood pecker; mockingbird; mockingbird,snne/okvqa/images_perturbed/OKVQA_val2014_000000000000_986745_contrast1.jpg,986745_contrast1,contrast,7,contrast1
val2014,other,986745,0,Plants and Animals,What type of bird is this?,woodpecker,woodpecker; woodpecker; woodpecker; woodpecker; woodpecker; woodpecker; wood pecker; wood pecker; mockingbird; mockingbird,snne/okvqa/images_perturbed/OKVQA_val2014_000000000000_986745_blur1.jpg,986745_blur1,blur,7,blur1
val2014,other,986745,0,Plants and Animals,What type of bird is this?,woodpecker,woodpecker; woodpecker; woodpecker; woodpecker; woodpecker; woodpecker; wood pecker; wood pecker; mockingbird; mockingbird,snne/okvqa/images_perturbed/OKVQA_val2014_000000000000_986745_rotate1.jpg,986745_rotate1,rotate,7,rotate1
val2014,other,986745,0,Plants and Animals,What type of bird is this?,woodpecker,woodpecker; woodpecker; woodpecker; woodpecker; woodpecker; woodpecker; wood pecker; wood pecker; mockingbird; mockingbird,snne/okvqa/images_perturbed/OKVQA_val2014_000000000000_986745_shift1.jpg,986745_shift1,shift,7,shift1
val2014,other,986745,0,Plants and Animals,What type of bird is this?,woodpecker,woodpecker; woodpecker; woodpecker; woodpecker; woodpecker; woodpecker; wood pecker; wood pecker; mockingbird; mockingbird,snne/okvqa/images_perturbed/OKVQA_val2014_000000000000_986745_noise1.jpg,986745_noise1,noise,6,noise1
val2014,other,986745,0,Plants and Animals,What type of bird is this?,woodpecker,woodpecker; woodpecker; woodpecker; woodpecker; woodpecker; woodpecker; wood pecker; wood pecker; mockingbird; mockingbird,snne/okvqa/images_perturbed/OKVQA_val2014_000000000000_986745_masking1.jpg,986745_masking1,masking,6,masking1
val2014,other,986745,0,Plants and Animals,What type of bird is this?,woodpecker,woodpecker; woodpecker; woodpecker; woodpecker; woodpecker; woodpecker; wood pecker; wood pecker; mockingbird; mockingbird,snne/okvqa/images_perturbed/OKVQA_val2014_000000000000_986745_bw1.jpg,986745_bw1,bw,NA,bw1
val2014,other,1155715,0,Plants and Animals,What are the trees in the backhround called?,palm,palm; palm; palm; palm; palm; palm; palm; palm; palm; palm,snne/okvqa/images_perturbed/OKVQA_val2014_000000000000_1155715_contrast1.jpg,1155715_contrast1,contrast,8,contrast1
val2014,other,1155715,0,Plants and Animals,What are the trees in the backhround called?,palm,palm; palm; palm; palm; palm; palm; palm; palm; palm; palm,snne/okvqa/images_perturbed/OKVQA_val2014_000000000000_1155715_blur1.jpg,1155715_blur1,blur,8,blur1
val2014,other,1155715,0,Plants and Animals,What are the trees in the backhround called?,palm,palm; palm; palm; palm; palm; palm; palm; palm; palm; palm,snne/okvqa/images_perturbed/OKVQA_val2014_000000000000_1155715_rotate1.jpg,1155715_rotate1,rotate,8,rotate1
val2014,other,1155715,0,Plants and Animals,What are the trees in the backhround called?,palm,palm; palm; palm; palm; palm; palm; palm; palm; palm; palm,snne/okvqa/images_perturbed/OKVQA_val2014_000000000000_1155715_shift1.jpg,1155715_shift1,shift,8,shift1
val2014,other,1155715,0,Plants and Animals,What are the trees in the backhround called?,palm,palm; palm; palm; palm; palm; palm; palm; palm; palm; palm,snne/okvqa/images_perturbed/OKVQA_val2014_000000000000_1155715_noise1.jpg,1155715_noise1,noise,9,noise1
val2014,other,1155715,0,Plants and Animals,What are the trees in the backhround called?,palm,palm; palm; palm; palm; palm; palm; palm; palm; palm; palm,snne/okvqa/images_perturbed/OKVQA_val2014_000000000000_1155715_masking1.jpg,1155715_masking1,masking,9,masking1
val2014,other,1155715,0,Plants and Animals,What are the trees in the backhround called?,palm,palm; palm; palm; palm; palm; palm; palm; palm; palm; palm,snne/okvqa/images_perturbed/OKVQA_val2014_000000000000_1155715_bw1.jpg,1155715_bw1,bw,NA,bw1
val2014,other,5633815,0,Plants and Animals,What is the best climate for raising these animals?,warm,warm; warm; warm; warm; temperate; temperate; temperate; temperate; where lot's of grass grows; where lot's of grass grows,snne/okvqa/images_perturbed/OKVQA_val2014_000000000000_5633815_contrast1.jpg,5633815_contrast1,contrast,7,contrast1
val2014,other,5633815,0,Plants and Animals,What is the best climate for raising these animals?,warm,warm; warm; warm; warm; temperate; temperate; temperate; temperate; where lot's of grass grows; where lot's of grass grows,snne/okvqa/images_perturbed/OKVQA_val2014_000000000000_5633815_blur1.jpg,5633815_blur1,blur,7,blur1
val2014,other,5633815,0,Plants and Animals,What is the best climate for raising these animals?,warm,warm; warm; warm; warm; temperate; temperate; temperate; temperate; where lot's of grass grows; where lot's of grass grows,snne/okvqa/images_perturbed/OKVQA_val2014_000000000000_5633815_rotate1.jpg,5633815_rotate1,rotate,7,rotate1
val2014,other,5633815,0,Plants and Animals,What is the best climate for raising these animals?,warm,warm; warm; warm; warm; temperate; temperate; temperate; temperate; where lot's of grass grows; where lot's of grass grows,snne/okvqa/images_perturbed/OKVQA_val2014_000000000000_5633815_shift1.jpg,5633815_shift1,shift,7,shift1
val2014,other,5633815,0,Plants and Animals,What is the best climate for raising these animals?,warm,warm; warm; warm; warm; temperate; temperate; temperate; temperate; where lot's of grass grows; where lot's of grass grows,snne/okvqa/images_perturbed/OKVQA_val2014_000000000000_5633815_noise1.jpg,5633815_noise1,noise,8,noise1
val2014,other,5633815,0,Plants and Animals,What is the best climate for raising these animals?,warm,warm; warm; warm; warm; temperate; temperate; temperate; temperate; where lot's of grass grows; where lot's of grass grows,snne/okvqa/images_perturbed/OKVQA_val2014_000000000000_5633815_masking1.jpg,5633815_masking1,masking,8,masking1
val2014,other,5633815,0,Plants and Animals,What is the best climate for raising these animals?,warm,warm; warm; warm; warm; temperate; temperate; temperate; temperate; where lot's of grass grows; where lot's of grass grows,snne/okvqa/images_perturbed/OKVQA_val2014_000000000000_5633815_bw1.jpg,5633815_bw1,bw,NA,bw1
val2014,other,1274945,0,Cooking and Food,What kind of veggies is this?,asparagus,asparagus; asparagus; asparagus; asparagus; asparagus; asparagus; spinach; spinach; kale; kale,snne/okvqa/images_perturbed/OKVQA_val2014_000000000000_1274945_contrast1.jpg,1274945_contrast1,contrast,4,contrast1
val2014,other,1274945,0,Cooking and Food,What kind of veggies is this?,asparagus,asparagus; asparagus; asparagus; asparagus; asparagus; asparagus; spinach; spinach; kale; kale,snne/okvqa/images_perturbed/OKVQA_val2014_000000000000_1274945_blur1.jpg,1274945_blur1,blur,4,blur1
val2014,other,1274945,0,Cooking and Food,What kind of veggies is this?,asparagus,asparagus; asparagus; asparagus; asparagus; asparagus; asparagus; spinach; spinach; kale; kale,snne/okvqa/images_perturbed/OKVQA_val2014_000000000000_1274945_rotate1.jpg,1274945_rotate1,rotate,4,rotate1
val2014,other,1274945,0,Cooking and Food,What kind of veggies is this?,asparagus,asparagus; asparagus; asparagus; asparagus; asparagus; asparagus; spinach; spinach; kale; kale,snne/okvqa/images_perturbed/OKVQA_val2014_000000000000_1274945_shift1.jpg,1274945_shift1,shift,4,shift1
val2014,other,1274945,0,Cooking and Food,What kind of veggies is this?,asparagus,asparagus; asparagus; asparagus; asparagus; asparagus; asparagus; spinach; spinach; kale; kale,snne/okvqa/images_perturbed/OKVQA_val2014_000000000000_1274945_noise1.jpg,1274945_noise1,noise,8,noise1
val2014,other,1274945,0,Cooking and Food,What kind of veggies is this?,asparagus,asparagus; asparagus; asparagus; asparagus; asparagus; asparagus; spinach; spinach; kale; kale,snne/okvqa/images_perturbed/OKVQA_val2014_000000000000_1274945_masking1.jpg,1274945_masking1,masking,8,masking1
val2014,other,1274945,0,Cooking and Food,What kind of veggies is this?,asparagus,asparagus; asparagus; asparagus; asparagus; asparagus; asparagus; spinach; spinach; kale; kale,snne/okvqa/images_perturbed/OKVQA_val2014_000000000000_1274945_bw1.jpg,1274945_bw1,bw,NA,bw1
val2014,other,264135,0,Sports and Recreation,What's the next thing this player is likely to do?,swing,swing; swing; swing; swing; swing; swing; batting; batting; run; run,snne/okvqa/images_perturbed/OKVQA_val2014_000000000000_264135_contrast1.jpg,264135_contrast1,contrast,6,contrast1
val2014,other,264135,0,Sports and Recreation,What's the next thing this player is likely to do?,swing,swing; swing; swing; swing; swing; swing; batting; batting; run; run,snne/okvqa/images_perturbed/OKVQA_val2014_000000000000_264135_blur1.jpg,264135_blur1,blur,6,blur1
val2014,other,264135,0,Sports and Recreation,What's the next thing this player is likely to do?,swing,swing; swing; swing; swing; swing; swing; batting; batting; run; run,snne/okvqa/images_perturbed/OKVQA_val2014_000000000000_264135_rotate1.jpg,264135_rotate1,rotate,6,rotate1
val2014,other,264135,0,Sports and Recreation,What's the next thing this player is likely to do?,swing,swing; swing; swing; swing; swing; swing; batting; batting; run; run,snne/okvqa/images_perturbed/OKVQA_val2014_000000000000_264135_shift1.jpg,264135_shift1,shift,6,shift1
val2014,other,264135,0,Sports and Recreation,What's the next thing this player is likely to do?,swing,swing; swing; swing; swing; swing; swing; batting; batting; run; run,snne/okvqa/images_perturbed/OKVQA_val2014_000000000000_264135_noise1.jpg,264135_noise1,noise,6,noise1
val2014,other,264135,0,Sports and Recreation,What's the next thing this player is likely to do?,swing,swing; swing; swing; swing; swing; swing; batting; batting; run; run,snne/okvqa/images_perturbed/OKVQA_val2014_000000000000_264135_masking1.jpg,264135_masking1,masking,6,masking1
val2014,other,264135,0,Sports and Recreation,What's the next thing this player is likely to do?,swing,swing; swing; swing; swing; swing; swing; batting; batting; run; run,snne/okvqa/images_perturbed/OKVQA_val2014_000000000000_264135_bw1.jpg,264135_bw1,bw,NA,bw1
val2014,other,720515,0,"Brands, Companies and Products",Name the desktop model or brand shown in this picture?,dell,dell; dell; dell; dell; toshiba; toshiba; hewlett packard; hewlett packard; microsoft; microsoft,snne/okvqa/images_perturbed/OKVQA_val2014_000000000000_720515_contrast1.jpg,720515_contrast1,contrast,3,contrast1
val2014,other,720515,0,"Brands, Companies and Products",Name the desktop model or brand shown in this picture?,dell,dell; dell; dell; dell; toshiba; toshiba; hewlett packard; hewlett packard; microsoft; microsoft,snne/okvqa/images_perturbed/OKVQA_val2014_000000000000_720515_blur1.jpg,720515_blur1,blur,3,blur1
val2014,other,720515,0,"Brands, Companies and Products",Name the desktop model or brand shown in this picture?,dell,dell; dell; dell; dell; toshiba; toshiba; hewlett packard; hewlett packard; microsoft; microsoft,snne/okvqa/images_perturbed/OKVQA_val2014_000000000000_720515_rotate1.jpg,720515_rotate1,rotate,3,rotate1
val2014,other,720515,0,"Brands, Companies and Products",Name the desktop model or brand shown in this picture?,dell,dell; dell; dell; dell; toshiba; toshiba; hewlett packard; hewlett packard; microsoft; microsoft,snne/okvqa/images_perturbed/OKVQA_val2014_000000000000_720515_shift1.jpg,720515_shift1,shift,3,shift1
val2014,other,720515,0,"Brands, Companies and Products",Name the desktop model or brand shown in this picture?,dell,dell; dell; dell; dell; toshiba; toshiba; hewlett packard; hewlett packard; microsoft; microsoft,snne/okvqa/images_perturbed/OKVQA_val2014_000000000000_720515_noise1.jpg,720515_noise1,noise,5,noise1
val2014,other,720515,0,"Brands, Companies and Products",Name the desktop model or brand shown in this picture?,dell,dell; dell; dell; dell; toshiba; toshiba; hewlett packard; hewlett packard; microsoft; microsoft,snne/okvqa/images_perturbed/OKVQA_val2014_000000000000_720515_masking1.jpg,720515_masking1,masking,5,masking1
val2014,other,720515,0,"Brands, Companies and Products",Name the desktop model or brand shown in this picture?,dell,dell; dell; dell; dell; toshiba; toshiba; hewlett packard; hewlett packard; microsoft; microsoft,snne/okvqa/images_perturbed/OKVQA_val2014_000000000000_720515_bw1.jpg,720515_bw1,bw,NA,bw1
val2014,other,28815,0,"Geography, History, Language and Culture",What terrorist group is linked to 9 11 attacks using this vehicle?,al qaeda,al qaeda; al qaeda; al qaeda; al qaeda; tailban; tailban; al quaeda; al quaeda; isis; isis,snne/okvqa/images_perturbed/OKVQA_val2014_000000000000_28815_contrast1.jpg,28815_contrast1,contrast,8,contrast1
val2014,other,28815,0,"Geography, History, Language and Culture",What terrorist group is linked to 9 11 attacks using this vehicle?,al qaeda,al qaeda; al qaeda; al qaeda; al qaeda; tailban; tailban; al quaeda; al quaeda; isis; isis,snne/okvqa/images_perturbed/OKVQA_val2014_000000000000_28815_blur1.jpg,28815_blur1,blur,8,blur1
val2014,other,28815,0,"Geography, History, Language and Culture",What terrorist group is linked to 9 11 attacks using this vehicle?,al qaeda,al qaeda; al qaeda; al qaeda; al qaeda; tailban; tailban; al quaeda; al quaeda; isis; isis,snne/okvqa/images_perturbed/OKVQA_val2014_000000000000_28815_rotate1.jpg,28815_rotate1,rotate,8,rotate1
val2014,other,28815,0,"Geography, History, Language and Culture",What terrorist group is linked to 9 11 attacks using this vehicle?,al qaeda,al qaeda; al qaeda; al qaeda; al qaeda; tailban; tailban; al quaeda; al quaeda; isis; isis,snne/okvqa/images_perturbed/OKVQA_val2014_000000000000_28815_shift1.jpg,28815_shift1,shift,8,shift1
val2014,other,28815,0,"Geography, History, Language and Culture",What terrorist group is linked to 9 11 attacks using this vehicle?,al qaeda,al qaeda; al qaeda; al qaeda; al qaeda; tailban; tailban; al quaeda; al quaeda; isis; isis,snne/okvqa/images_perturbed/OKVQA_val2014_000000000000_28815_noise1.jpg,28815_noise1,noise,8,noise1
val2014,other,28815,0,"Geography, History, Language and Culture",What terrorist group is linked to 9 11 attacks using this vehicle?,al qaeda,al qaeda; al qaeda; al qaeda; al qaeda; tailban; tailban; al quaeda; al quaeda; isis; isis,snne/okvqa/images_perturbed/OKVQA_val2014_000000000000_28815_masking1.jpg,28815_masking1,masking,8,masking1
val2014,other,28815,0,"Geography, History, Language and Culture",What terrorist group is linked to 9 11 attacks using this vehicle?,al qaeda,al qaeda; al qaeda; al qaeda; al qaeda; tailban; tailban; al quaeda; al quaeda; isis; isis,snne/okvqa/images_perturbed/OKVQA_val2014_000000000000_28815_bw1.jpg,28815_bw1,bw,NA,bw1
val2014,other,3741565,0,"Objects, Material and Clothing",What toy is this?,teddy bear,teddy bear; teddy bear; teddy bear; teddy bear; teddy bear; teddy bear; teddy bear; teddy bear; stuffed animal; stuffed animal,snne/okvqa/images_perturbed/OKVQA_val2014_000000000000_3741565_contrast1.jpg,3741565_contrast1,contrast,5,contrast1
val2014,other,3741565,0,"Objects, Material and Clothing",What toy is this?,teddy bear,teddy bear; teddy bear; teddy bear; teddy bear; teddy bear; teddy bear; teddy bear; teddy bear; stuffed animal; stuffed animal,snne/okvqa/images_perturbed/OKVQA_val2014_000000000000_3741565_blur1.jpg,3741565_blur1,blur,5,blur1
val2014,other,3741565,0,"Objects, Material and Clothing",What toy is this?,teddy bear,teddy bear; teddy bear; teddy bear; teddy bear; teddy bear; teddy bear; teddy bear; teddy bear; stuffed animal; stuffed animal,snne/okvqa/images_perturbed/OKVQA_val2014_000000000000_3741565_rotate1.jpg,3741565_rotate1,rotate,5,rotate1
val2014,other,3741565,0,"Objects, Material and Clothing",What toy is this?,teddy bear,teddy bear; teddy bear; teddy bear; teddy bear; teddy bear; teddy bear; teddy bear; teddy bear; stuffed animal; stuffed animal,snne/okvqa/images_perturbed/OKVQA_val2014_000000000000_3741565_shift1.jpg,3741565_shift1,shift,5,shift1
val2014,other,3741565,0,"Objects, Material and Clothing",What toy is this?,teddy bear,teddy bear; teddy bear; teddy bear; teddy bear; teddy bear; teddy bear; teddy bear; teddy bear; stuffed animal; stuffed animal,snne/okvqa/images_perturbed/OKVQA_val2014_000000000000_3741565_noise1.jpg,3741565_noise1,noise,8,noise1
val2014,other,3741565,0,"Objects, Material and Clothing",What toy is this?,teddy bear,teddy bear; teddy bear; teddy bear; teddy bear; teddy bear; teddy bear; teddy bear; teddy bear; stuffed animal; stuffed animal,snne/okvqa/images_perturbed/OKVQA_val2014_000000000000_3741565_masking1.jpg,3741565_masking1,masking,8,masking1
val2014,other,3741565,0,"Objects, Material and Clothing",What toy is this?,teddy bear,teddy bear; teddy bear; teddy bear; teddy bear; teddy bear; teddy bear; teddy bear; teddy bear; stuffed animal; stuffed animal,snne/okvqa/images_perturbed/OKVQA_val2014_000000000000_3741565_bw1.jpg,3741565_bw1,bw,NA,bw1
val2014,other,4466375,0,Weather and Climate,What type of breed are the birds in the photo?,seaguls,seaguls; seaguls; seagull; seagull; budgies; budgies; ducks; ducks; duck; duck,snne/okvqa/images_perturbed/OKVQA_val2014_000000000000_4466375_contrast1.jpg,4466375_contrast1,contrast,8,contrast1
val2014,other,4466375,0,Weather and Climate,What type of breed are the birds in the photo?,seaguls,seaguls; seaguls; seagull; seagull; budgies; budgies; ducks; ducks; duck; duck,snne/okvqa/images_perturbed/OKVQA_val2014_000000000000_4466375_blur1.jpg,4466375_blur1,blur,8,blur1
val2014,other,4466375,0,Weather and Climate,What type of breed are the birds in the photo?,seaguls,seaguls; seaguls; seagull; seagull; budgies; budgies; ducks; ducks; duck; duck,snne/okvqa/images_perturbed/OKVQA_val2014_000000000000_4466375_rotate1.jpg,4466375_rotate1,rotate,8,rotate1
val2014,other,4466375,0,Weather and Climate,What type of breed are the birds in the photo?,seaguls,seaguls; seaguls; seagull; seagull; budgies; budgies; ducks; ducks; duck; duck,snne/okvqa/images_perturbed/OKVQA_val2014_000000000000_4466375_shift1.jpg,4466375_shift1,shift,8,shift1
val2014,other,4466375,0,Weather and Climate,What type of breed are the birds in the photo?,seaguls,seaguls; seaguls; seagull; seagull; budgies; budgies; ducks; ducks; duck; duck,snne/okvqa/images_perturbed/OKVQA_val2014_000000000000_4466375_noise1.jpg,4466375_noise1,noise,10,noise1
val2014,other,4466375,0,Weather and Climate,What type of breed are the birds in the photo?,seaguls,seaguls; seaguls; seagull; seagull; budgies; budgies; ducks; ducks; duck; duck,snne/okvqa/images_perturbed/OKVQA_val2014_000000000000_4466375_masking1.jpg,4466375_masking1,masking,10,masking1
val2014,other,4466375,0,Weather and Climate,What type of breed are the birds in the photo?,seaguls,seaguls; seaguls; seagull; seagull; budgies; budgies; ducks; ducks; duck; duck,snne/okvqa/images_perturbed/OKVQA_val2014_000000000000_4466375_bw1.jpg,4466375_bw1,bw,NA,bw1
val2014,other,2037545,0,"Objects, Material and Clothing",What is the chair made of?,fabric,fabric; fabric; fabric; fabric; fabric; fabric; wood; wood; wood; wood,snne/okvqa/images_perturbed/OKVQA_val2014_000000000000_2037545_contrast1.jpg,2037545_contrast1,contrast,8,contrast1
val2014,other,2037545,0,"Objects, Material and Clothing",What is the chair made of?,fabric,fabric; fabric; fabric; fabric; fabric; fabric; wood; wood; wood; wood,snne/okvqa/images_perturbed/OKVQA_val2014_000000000000_2037545_blur1.jpg,2037545_blur1,blur,8,blur1
val2014,other,2037545,0,"Objects, Material and Clothing",What is the chair made of?,fabric,fabric; fabric; fabric; fabric; fabric; fabric; wood; wood; wood; wood,snne/okvqa/images_perturbed/OKVQA_val2014_000000000000_2037545_rotate1.jpg,2037545_rotate1,rotate,8,rotate1
val2014,other,2037545,0,"Objects, Material and Clothing",What is the chair made of?,fabric,fabric; fabric; fabric; fabric; fabric; fabric; wood; wood; wood; wood,snne/okvqa/images_perturbed/OKVQA_val2014_000000000000_2037545_shift1.jpg,2037545_shift1,shift,8,shift1
val2014,other,2037545,0,"Objects, Material and Clothing",What is the chair made of?,fabric,fabric; fabric; fabric; fabric; fabric; fabric; wood; wood; wood; wood,snne/okvqa/images_perturbed/OKVQA_val2014_000000000000_2037545_noise1.jpg,2037545_noise1,noise,5,noise1
val2014,other,2037545,0,"Objects, Material and Clothing",What is the chair made of?,fabric,fabric; fabric; fabric; fabric; fabric; fabric; wood; wood; wood; wood,snne/okvqa/images_perturbed/OKVQA_val2014_000000000000_2037545_masking1.jpg,2037545_masking1,masking,5,masking1
val2014,other,2037545,0,"Objects, Material and Clothing",What is the chair made of?,fabric,fabric; fabric; fabric; fabric; fabric; fabric; wood; wood; wood; wood,snne/okvqa/images_perturbed/OKVQA_val2014_000000000000_2037545_bw1.jpg,2037545_bw1,bw,NA,bw1
val2014,other,4494125,0,People and Everyday life,What else can go with an umbrella?,boots,boots; boots; boots; boots; galoshes; galoshes; raincoat; raincoat; hat; hat,snne/okvqa/images_perturbed/OKVQA_val2014_000000000000_4494125_contrast1.jpg,4494125_contrast1,contrast,3,contrast1
val2014,other,4494125,0,People and Everyday life,What else can go with an umbrella?,boots,boots; boots; boots; boots; galoshes; galoshes; raincoat; raincoat; hat; hat,snne/okvqa/images_perturbed/OKVQA_val2014_000000000000_4494125_blur1.jpg,4494125_blur1,blur,3,blur1
val2014,other,4494125,0,People and Everyday life,What else can go with an umbrella?,boots,boots; boots; boots; boots; galoshes; galoshes; raincoat; raincoat; hat; hat,snne/okvqa/images_perturbed/OKVQA_val2014_000000000000_4494125_rotate1.jpg,4494125_rotate1,rotate,3,rotate1
val2014,other,4494125,0,People and Everyday life,What else can go with an umbrella?,boots,boots; boots; boots; boots; galoshes; galoshes; raincoat; raincoat; hat; hat,snne/okvqa/images_perturbed/OKVQA_val2014_000000000000_4494125_shift1.jpg,4494125_shift1,shift,3,shift1
val2014,other,4494125,0,People and Everyday life,What else can go with an umbrella?,boots,boots; boots; boots; boots; galoshes; galoshes; raincoat; raincoat; hat; hat,snne/okvqa/images_perturbed/OKVQA_val2014_000000000000_4494125_noise1.jpg,4494125_noise1,noise,6,noise1
val2014,other,4494125,0,People and Everyday life,What else can go with an umbrella?,boots,boots; boots; boots; boots; galoshes; galoshes; raincoat; raincoat; hat; hat,snne/okvqa/images_perturbed/OKVQA_val2014_000000000000_4494125_masking1.jpg,4494125_masking1,masking,6,masking1
val2014,other,4494125,0,People and Everyday life,What else can go with an umbrella?,boots,boots; boots; boots; boots; galoshes; galoshes; raincoat; raincoat; hat; hat,snne/okvqa/images_perturbed/OKVQA_val2014_000000000000_4494125_bw1.jpg,4494125_bw1,bw,NA,bw1
val2014,other,206295,0,Vehicles and Transportation,What is the name given to this category of automobile?,truck,truck; truck; truck; truck; truck; truck; truck; truck; car; car,snne/okvqa/images_perturbed/OKVQA_val2014_000000000000_206295_contrast1.jpg,206295_contrast1,contrast,4,contrast1
val2014,other,206295,0,Vehicles and Transportation,What is the name given to this category of automobile?,truck,truck; truck; truck; truck; truck; truck; truck; truck; car; car,snne/okvqa/images_perturbed/OKVQA_val2014_000000000000_206295_blur1.jpg,206295_blur1,blur,4,blur1
val2014,other,206295,0,Vehicles and Transportation,What is the name given to this category of automobile?,truck,truck; truck; truck; truck; truck; truck; truck; truck; car; car,snne/okvqa/images_perturbed/OKVQA_val2014_000000000000_206295_rotate1.jpg,206295_rotate1,rotate,4,rotate1
val2014,other,206295,0,Vehicles and Transportation,What is the name given to this category of automobile?,truck,truck; truck; truck; truck; truck; truck; truck; truck; car; car,snne/okvqa/images_perturbed/OKVQA_val2014_000000000000_206295_shift1.jpg,206295_shift1,shift,4,shift1
val2014,other,206295,0,Vehicles and Transportation,What is the name given to this category of automobile?,truck,truck; truck; truck; truck; truck; truck; truck; truck; car; car,snne/okvqa/images_perturbed/OKVQA_val2014_000000000000_206295_noise1.jpg,206295_noise1,noise,6,noise1
val2014,other,206295,0,Vehicles and Transportation,What is the name given to this category of automobile?,truck,truck; truck; truck; truck; truck; truck; truck; truck; car; car,snne/okvqa/images_perturbed/OKVQA_val2014_000000000000_206295_masking1.jpg,206295_masking1,masking,6,masking1
val2014,other,206295,0,Vehicles and Transportation,What is the name given to this category of automobile?,truck,truck; truck; truck; truck; truck; truck; truck; truck; car; car,snne/okvqa/images_perturbed/OKVQA_val2014_000000000000_206295_bw1.jpg,206295_bw1,bw,NA,bw1
val2014,other,5056385,0,Vehicles and Transportation,What part of the train is fully pictured here?,engine,engine; engine; engine; engine; engine; engine; engine; engine; conductor; conductor,snne/okvqa/images_perturbed/OKVQA_val2014_000000000000_5056385_contrast1.jpg,5056385_contrast1,contrast,4,contrast1
val2014,other,5056385,0,Vehicles and Transportation,What part of the train is fully pictured here?,engine,engine; engine; engine; engine; engine; engine; engine; engine; conductor; conductor,snne/okvqa/images_perturbed/OKVQA_val2014_000000000000_5056385_blur1.jpg,5056385_blur1,blur,4,blur1
val2014,other,5056385,0,Vehicles and Transportation,What part of the train is fully pictured here?,engine,engine; engine; engine; engine; engine; engine; engine; engine; conductor; conductor,snne/okvqa/images_perturbed/OKVQA_val2014_000000000000_5056385_rotate1.jpg,5056385_rotate1,rotate,4,rotate1
val2014,other,5056385,0,Vehicles and Transportation,What part of the train is fully pictured here?,engine,engine; engine; engine; engine; engine; engine; engine; engine; conductor; conductor,snne/okvqa/images_perturbed/OKVQA_val2014_000000000000_5056385_shift1.jpg,5056385_shift1,shift,4,shift1
val2014,other,5056385,0,Vehicles and Transportation,What part of the train is fully pictured here?,engine,engine; engine; engine; engine; engine; engine; engine; engine; conductor; conductor,snne/okvqa/images_perturbed/OKVQA_val2014_000000000000_5056385_noise1.jpg,5056385_noise1,noise,7,noise1
val2014,other,5056385,0,Vehicles and Transportation,What part of the train is fully pictured here?,engine,engine; engine; engine; engine; engine; engine; engine; engine; conductor; conductor,snne/okvqa/images_perturbed/OKVQA_val2014_000000000000_5056385_masking1.jpg,5056385_masking1,masking,7,masking1
val2014,other,5056385,0,Vehicles and Transportation,What part of the train is fully pictured here?,engine,engine; engine; engine; engine; engine; engine; engine; engine; conductor; conductor,snne/okvqa/images_perturbed/OKVQA_val2014_000000000000_5056385_bw1.jpg,5056385_bw1,bw,NA,bw1
val2014,other,4854065,0,People and Everyday life,What type of american currency would you stick in the machine?,quarters,quarters; quarters; quarters; quarters; quarters coins; quarters coins; quarter; quarter; quater; quater,snne/okvqa/images_perturbed/OKVQA_val2014_000000000000_4854065_contrast1.jpg,4854065_contrast1,contrast,6,contrast1
val2014,other,4854065,0,People and Everyday life,What type of american currency would you stick in the machine?,quarters,quarters; quarters; quarters; quarters; quarters coins; quarters coins; quarter; quarter; quater; quater,snne/okvqa/images_perturbed/OKVQA_val2014_000000000000_4854065_blur1.jpg,4854065_blur1,blur,6,blur1
val2014,other,4854065,0,People and Everyday life,What type of american currency would you stick in the machine?,quarters,quarters; quarters; quarters; quarters; quarters coins; quarters coins; quarter; quarter; quater; quater,snne/okvqa/images_perturbed/OKVQA_val2014_000000000000_4854065_rotate1.jpg,4854065_rotate1,rotate,6,rotate1
val2014,other,4854065,0,People and Everyday life,What type of american currency would you stick in the machine?,quarters,quarters; quarters; quarters; quarters; quarters coins; quarters coins; quarter; quarter; quater; quater,snne/okvqa/images_perturbed/OKVQA_val2014_000000000000_4854065_shift1.jpg,4854065_shift1,shift,6,shift1
val2014,other,4854065,0,People and Everyday life,What type of american currency would you stick in the machine?,quarters,quarters; quarters; quarters; quarters; quarters coins; quarters coins; quarter; quarter; quater; quater,snne/okvqa/images_perturbed/OKVQA_val2014_000000000000_4854065_noise1.jpg,4854065_noise1,noise,6,noise1
val2014,other,4854065,0,People and Everyday life,What type of american currency would you stick in the machine?,quarters,quarters; quarters; quarters; quarters; quarters coins; quarters coins; quarter; quarter; quater; quater,snne/okvqa/images_perturbed/OKVQA_val2014_000000000000_4854065_masking1.jpg,4854065_masking1,masking,6,masking1
val2014,other,4854065,0,People and Everyday life,What type of american currency would you stick in the machine?,quarters,quarters; quarters; quarters; quarters; quarters coins; quarters coins; quarter; quarter; quater; quater,snne/okvqa/images_perturbed/OKVQA_val2014_000000000000_4854065_bw1.jpg,4854065_bw1,bw,NA,bw1
val2014,other,5707095,0,"Brands, Companies and Products",Can you guess the model of tv shown in this picture?,lg,lg; lg; lg; lg; samsung; samsung; sony; sony; jvc; jvc,snne/okvqa/images_perturbed/OKVQA_val2014_000000000000_5707095_contrast1.jpg,5707095_contrast1,contrast,7,contrast1
val2014,other,5707095,0,"Brands, Companies and Products",Can you guess the model of tv shown in this picture?,lg,lg; lg; lg; lg; samsung; samsung; sony; sony; jvc; jvc,snne/okvqa/images_perturbed/OKVQA_val2014_000000000000_5707095_blur1.jpg,5707095_blur1,blur,7,blur1
val2014,other,5707095,0,"Brands, Companies and Products",Can you guess the model of tv shown in this picture?,lg,lg; lg; lg; lg; samsung; samsung; sony; sony; jvc; jvc,snne/okvqa/images_perturbed/OKVQA_val2014_000000000000_5707095_rotate1.jpg,5707095_rotate1,rotate,7,rotate1
val2014,other,5707095,0,"Brands, Companies and Products",Can you guess the model of tv shown in this picture?,lg,lg; lg; lg; lg; samsung; samsung; sony; sony; jvc; jvc,snne/okvqa/images_perturbed/OKVQA_val2014_000000000000_5707095_shift1.jpg,5707095_shift1,shift,7,shift1
val2014,other,5707095,0,"Brands, Companies and Products",Can you guess the model of tv shown in this picture?,lg,lg; lg; lg; lg; samsung; samsung; sony; sony; jvc; jvc,snne/okvqa/images_perturbed/OKVQA_val2014_000000000000_5707095_noise1.jpg,5707095_noise1,noise,5,noise1
val2014,other,5707095,0,"Brands, Companies and Products",Can you guess the model of tv shown in this picture?,lg,lg; lg; lg; lg; samsung; samsung; sony; sony; jvc; jvc,snne/okvqa/images_perturbed/OKVQA_val2014_000000000000_5707095_masking1.jpg,5707095_masking1,masking,5,masking1
val2014,other,5707095,0,"Brands, Companies and Products",Can you guess the model of tv shown in this picture?,lg,lg; lg; lg; lg; samsung; samsung; sony; sony; jvc; jvc,snne/okvqa/images_perturbed/OKVQA_val2014_000000000000_5707095_bw1.jpg,5707095_bw1,bw,NA,bw1
val2014,other,2986225,0,Science and Technology,How do i adjust the volume?,knob,knob; knob; knob; knob; turn knob; turn knob; turn knob; turn knob; turn middle knob; turn middle knob,snne/okvqa/images_perturbed/OKVQA_val2014_000000000000_2986225_contrast1.jpg,2986225_contrast1,contrast,3,contrast1
val2014,other,2986225,0,Science and Technology,How do i adjust the volume?,knob,knob; knob; knob; knob; turn knob; turn knob; turn knob; turn knob; turn middle knob; turn middle knob,snne/okvqa/images_perturbed/OKVQA_val2014_000000000000_2986225_blur1.jpg,2986225_blur1,blur,3,blur1
val2014,other,2986225,0,Science and Technology,How do i adjust the volume?,knob,knob; knob; knob; knob; turn knob; turn knob; turn knob; turn knob; turn middle knob; turn middle knob,snne/okvqa/images_perturbed/OKVQA_val2014_000000000000_2986225_rotate1.jpg,2986225_rotate1,rotate,3,rotate1
val2014,other,2986225,0,Science and Technology,How do i adjust the volume?,knob,knob; knob; knob; knob; turn knob; turn knob; turn knob; turn knob; turn middle knob; turn middle knob,snne/okvqa/images_perturbed/OKVQA_val2014_000000000000_2986225_shift1.jpg,2986225_shift1,shift,3,shift1
val2014,other,2986225,0,Science and Technology,How do i adjust the volume?,knob,knob; knob; knob; knob; turn knob; turn knob; turn knob; turn knob; turn middle knob; turn middle knob,snne/okvqa/images_perturbed/OKVQA_val2014_000000000000_2986225_noise1.jpg,2986225_noise1,noise,10,noise1
val2014,other,2986225,0,Science and Technology,How do i adjust the volume?,knob,knob; knob; knob; knob; turn knob; turn knob; turn knob; turn knob; turn middle knob; turn middle knob,snne/okvqa/images_perturbed/OKVQA_val2014_000000000000_2986225_masking1.jpg,2986225_masking1,masking,10,masking1
val2014,other,2986225,0,Science and Technology,How do i adjust the volume?,knob,knob; knob; knob; knob; turn knob; turn knob; turn knob; turn knob; turn middle knob; turn middle knob,snne/okvqa/images_perturbed/OKVQA_val2014_000000000000_2986225_bw1.jpg,2986225_bw1,bw,NA,bw1
val2014,other,3831635,0,Vehicles and Transportation,What is this used for?,hauling,hauling; hauling; hauling; hauling; transportation; transportation; transporting; transporting; trucking; trucking,snne/okvqa/images_perturbed/OKVQA_val2014_000000000000_3831635_contrast1.jpg,3831635_contrast1,contrast,6,contrast1
val2014,other,3831635,0,Vehicles and Transportation,What is this used for?,hauling,hauling; hauling; hauling; hauling; transportation; transportation; transporting; transporting; trucking; trucking,snne/okvqa/images_perturbed/OKVQA_val2014_000000000000_3831635_blur1.jpg,3831635_blur1,blur,6,blur1
val2014,other,3831635,0,Vehicles and Transportation,What is this used for?,hauling,hauling; hauling; hauling; hauling; transportation; transportation; transporting; transporting; trucking; trucking,snne/okvqa/images_perturbed/OKVQA_val2014_000000000000_3831635_rotate1.jpg,3831635_rotate1,rotate,6,rotate1
val2014,other,3831635,0,Vehicles and Transportation,What is this used for?,hauling,hauling; hauling; hauling; hauling; transportation; transportation; transporting; transporting; trucking; trucking,snne/okvqa/images_perturbed/OKVQA_val2014_000000000000_3831635_shift1.jpg,3831635_shift1,shift,6,shift1
val2014,other,3831635,0,Vehicles and Transportation,What is this used for?,hauling,hauling; hauling; hauling; hauling; transportation; transportation; transporting; transporting; trucking; trucking,snne/okvqa/images_perturbed/OKVQA_val2014_000000000000_3831635_noise1.jpg,3831635_noise1,noise,8,noise1
val2014,other,3831635,0,Vehicles and Transportation,What is this used for?,hauling,hauling; hauling; hauling; hauling; transportation; transportation; transporting; transporting; trucking; trucking,snne/okvqa/images_perturbed/OKVQA_val2014_000000000000_3831635_masking1.jpg,3831635_masking1,masking,8,masking1
val2014,other,3831635,0,Vehicles and Transportation,What is this used for?,hauling,hauling; hauling; hauling; hauling; transportation; transportation; transporting; transporting; trucking; trucking,snne/okvqa/images_perturbed/OKVQA_val2014_000000000000_3831635_bw1.jpg,3831635_bw1,bw,NA,bw1
val2014,other,5103295,0,Other,The man is opening what?,umbrella,umbrella; umbrella; umbrella; umbrella; umbrella; umbrella; umbrella; umbrella; bottle; bottle,snne/okvqa/images_perturbed/OKVQA_val2014_000000000000_5103295_contrast1.jpg,5103295_contrast1,contrast,4,contrast1
val2014,other,5103295,0,Other,The man is opening what?,umbrella,umbrella; umbrella; umbrella; umbrella; umbrella; umbrella; umbrella; umbrella; bottle; bottle,snne/okvqa/images_perturbed/OKVQA_val2014_000000000000_5103295_blur1.jpg,5103295_blur1,blur,4,blur1
val2014,other,5103295,0,Other,The man is opening what?,umbrella,umbrella; umbrella; umbrella; umbrella; umbrella; umbrella; umbrella; umbrella; bottle; bottle,snne/okvqa/images_perturbed/OKVQA_val2014_000000000000_5103295_rotate1.jpg,5103295_rotate1,rotate,4,rotate1
val2014,other,5103295,0,Other,The man is opening what?,umbrella,umbrella; umbrella; umbrella; umbrella; umbrella; umbrella; umbrella; umbrella; bottle; bottle,snne/okvqa/images_perturbed/OKVQA_val2014_000000000000_5103295_shift1.jpg,5103295_shift1,shift,4,shift1
val2014,other,5103295,0,Other,The man is opening what?,umbrella,umbrella; umbrella; umbrella; umbrella; umbrella; umbrella; umbrella; umbrella; bottle; bottle,snne/okvqa/images_perturbed/OKVQA_val2014_000000000000_5103295_noise1.jpg,5103295_noise1,noise,8,noise1
val2014,other,5103295,0,Other,The man is opening what?,umbrella,umbrella; umbrella; umbrella; umbrella; umbrella; umbrella; umbrella; umbrella; bottle; bottle,snne/okvqa/images_perturbed/OKVQA_val2014_000000000000_5103295_masking1.jpg,5103295_masking1,masking,8,masking1
val2014,other,5103295,0,Other,The man is opening what?,umbrella,umbrella; umbrella; umbrella; umbrella; umbrella; umbrella; umbrella; umbrella; bottle; bottle,snne/okvqa/images_perturbed/OKVQA_val2014_000000000000_5103295_bw1.jpg,5103295_bw1,bw,NA,bw1
val2014,other,5516505,0,Weather and Climate,What type of weather do these clouds signify?,rain,rain; rain; rain; rain; rain; rain; rain; rain; rainstorm; rainstorm,snne/okvqa/images_perturbed/OKVQA_val2014_000000000000_5516505_contrast1.jpg,5516505_contrast1,contrast,6,contrast1
val2014,other,5516505,0,Weather and Climate,What type of weather do these clouds signify?,rain,rain; rain; rain; rain; rain; rain; rain; rain; rainstorm; rainstorm,snne/okvqa/images_perturbed/OKVQA_val2014_000000000000_5516505_blur1.jpg,5516505_blur1,blur,6,blur1
val2014,other,5516505,0,Weather and Climate,What type of weather do these clouds signify?,rain,rain; rain; rain; rain; rain; rain; rain; rain; rainstorm; rainstorm,snne/okvqa/images_perturbed/OKVQA_val2014_000000000000_5516505_rotate1.jpg,5516505_rotate1,rotate,6,rotate1
val2014,other,5516505,0,Weather and Climate,What type of weather do these clouds signify?,rain,rain; rain; rain; rain; rain; rain; rain; rain; rainstorm; rainstorm,snne/okvqa/images_perturbed/OKVQA_val2014_000000000000_5516505_shift1.jpg,5516505_shift1,shift,6,shift1
val2014,other,5516505,0,Weather and Climate,What type of weather do these clouds signify?,rain,rain; rain; rain; rain; rain; rain; rain; rain; rainstorm; rainstorm,snne/okvqa/images_perturbed/OKVQA_val2014_000000000000_5516505_noise1.jpg,5516505_noise1,noise,5,noise1
val2014,other,5516505,0,Weather and Climate,What type of weather do these clouds signify?,rain,rain; rain; rain; rain; rain; rain; rain; rain; rainstorm; rainstorm,snne/okvqa/images_perturbed/OKVQA_val2014_000000000000_5516505_masking1.jpg,5516505_masking1,masking,5,masking1
val2014,other,5516505,0,Weather and Climate,What type of weather do these clouds signify?,rain,rain; rain; rain; rain; rain; rain; rain; rain; rainstorm; rainstorm,snne/okvqa/images_perturbed/OKVQA_val2014_000000000000_5516505_bw1.jpg,5516505_bw1,bw,NA,bw1
val2014,other,1391815,0,"Objects, Material and Clothing",What kind of pottery?,clay,clay; clay; clay; clay; vase; vase; asian; asian; ancient; ancient,snne/okvqa/images_perturbed/OKVQA_val2014_000000000000_1391815_contrast1.jpg,1391815_contrast1,contrast,6,contrast1
val2014,other,1391815,0,"Objects, Material and Clothing",What kind of pottery?,clay,clay; clay; clay; clay; vase; vase; asian; asian; ancient; ancient,snne/okvqa/images_perturbed/OKVQA_val2014_000000000000_1391815_blur1.jpg,1391815_blur1,blur,6,blur1
val2014,other,1391815,0,"Objects, Material and Clothing",What kind of pottery?,clay,clay; clay; clay; clay; vase; vase; asian; asian; ancient; ancient,snne/okvqa/images_perturbed/OKVQA_val2014_000000000000_1391815_rotate1.jpg,1391815_rotate1,rotate,6,rotate1
val2014,other,1391815,0,"Objects, Material and Clothing",What kind of pottery?,clay,clay; clay; clay; clay; vase; vase; asian; asian; ancient; ancient,snne/okvqa/images_perturbed/OKVQA_val2014_000000000000_1391815_shift1.jpg,1391815_shift1,shift,6,shift1
val2014,other,1391815,0,"Objects, Material and Clothing",What kind of pottery?,clay,clay; clay; clay; clay; vase; vase; asian; asian; ancient; ancient,snne/okvqa/images_perturbed/OKVQA_val2014_000000000000_1391815_noise1.jpg,1391815_noise1,noise,7,noise1
val2014,other,1391815,0,"Objects, Material and Clothing",What kind of pottery?,clay,clay; clay; clay; clay; vase; vase; asian; asian; ancient; ancient,snne/okvqa/images_perturbed/OKVQA_val2014_000000000000_1391815_masking1.jpg,1391815_masking1,masking,7,masking1
val2014,other,1391815,0,"Objects, Material and Clothing",What kind of pottery?,clay,clay; clay; clay; clay; vase; vase; asian; asian; ancient; ancient,snne/okvqa/images_perturbed/OKVQA_val2014_000000000000_1391815_bw1.jpg,1391815_bw1,bw,NA,bw1
val2014,other,3621275,0,People and Everyday life,Would you be wet or dry after using this room?,wet,wet; wet; wet; wet; wet; wet; wet; wet; wet; wet,snne/okvqa/images_perturbed/OKVQA_val2014_000000000000_3621275_contrast1.jpg,3621275_contrast1,contrast,8,contrast1
val2014,other,3621275,0,People and Everyday life,Would you be wet or dry after using this room?,wet,wet; wet; wet; wet; wet; wet; wet; wet; wet; wet,snne/okvqa/images_perturbed/OKVQA_val2014_000000000000_3621275_blur1.jpg,3621275_blur1,blur,8,blur1
val2014,other,3621275,0,People and Everyday life,Would you be wet or dry after using this room?,wet,wet; wet; wet; wet; wet; wet; wet; wet; wet; wet,snne/okvqa/images_perturbed/OKVQA_val2014_000000000000_3621275_rotate1.jpg,3621275_rotate1,rotate,8,rotate1
val2014,other,3621275,0,People and Everyday life,Would you be wet or dry after using this room?,wet,wet; wet; wet; wet; wet; wet; wet; wet; wet; wet,snne/okvqa/images_perturbed/OKVQA_val2014_000000000000_3621275_shift1.jpg,3621275_shift1,shift,8,shift1
val2014,other,3621275,0,People and Everyday life,Would you be wet or dry after using this room?,wet,wet; wet; wet; wet; wet; wet; wet; wet; wet; wet,snne/okvqa/images_perturbed/OKVQA_val2014_000000000000_3621275_noise1.jpg,3621275_noise1,noise,9,noise1
val2014,other,3621275,0,People and Everyday life,Would you be wet or dry after using this room?,wet,wet; wet; wet; wet; wet; wet; wet; wet; wet; wet,snne/okvqa/images_perturbed/OKVQA_val2014_000000000000_3621275_masking1.jpg,3621275_masking1,masking,9,masking1
val2014,other,3621275,0,People and Everyday life,Would you be wet or dry after using this room?,wet,wet; wet; wet; wet; wet; wet; wet; wet; wet; wet,snne/okvqa/images_perturbed/OKVQA_val2014_000000000000_3621275_bw1.jpg,3621275_bw1,bw,NA,bw1
val2014,other,2190755,0,"Brands, Companies and Products",Which noun in the picture is the tallest?,door,door; door; door; door; man; man; human; human; house; house,snne/okvqa/images_perturbed/OKVQA_val2014_000000000000_2190755_contrast1.jpg,2190755_contrast1,contrast,4,contrast1
val2014,other,2190755,0,"Brands, Companies and Products",Which noun in the picture is the tallest?,door,door; door; door; door; man; man; human; human; house; house,snne/okvqa/images_perturbed/OKVQA_val2014_000000000000_2190755_blur1.jpg,2190755_blur1,blur,4,blur1
val2014,other,2190755,0,"Brands, Companies and Products",Which noun in the picture is the tallest?,door,door; door; door; door; man; man; human; human; house; house,snne/okvqa/images_perturbed/OKVQA_val2014_000000000000_2190755_rotate1.jpg,2190755_rotate1,rotate,4,rotate1
val2014,other,2190755,0,"Brands, Companies and Products",Which noun in the picture is the tallest?,door,door; door; door; door; man; man; human; human; house; house,snne/okvqa/images_perturbed/OKVQA_val2014_000000000000_2190755_shift1.jpg,2190755_shift1,shift,4,shift1
val2014,other,2190755,0,"Brands, Companies and Products",Which noun in the picture is the tallest?,door,door; door; door; door; man; man; human; human; house; house,snne/okvqa/images_perturbed/OKVQA_val2014_000000000000_2190755_noise1.jpg,2190755_noise1,noise,5,noise1
val2014,other,2190755,0,"Brands, Companies and Products",Which noun in the picture is the tallest?,door,door; door; door; door; man; man; human; human; house; house,snne/okvqa/images_perturbed/OKVQA_val2014_000000000000_2190755_masking1.jpg,2190755_masking1,masking,5,masking1
val2014,other,2190755,0,"Brands, Companies and Products",Which noun in the picture is the tallest?,door,door; door; door; door; man; man; human; human; house; house,snne/okvqa/images_perturbed/OKVQA_val2014_000000000000_2190755_bw1.jpg,2190755_bw1,bw,NA,bw1
val2014,other,1883115,0,Other,What type of school project is this?,computer,computer; computer; computer; computer; tech; tech; media; media; audio; audio,snne/okvqa/images_perturbed/OKVQA_val2014_000000000000_1883115_contrast1.jpg,1883115_contrast1,contrast,7,contrast1
val2014,other,1883115,0,Other,What type of school project is this?,computer,computer; computer; computer; computer; tech; tech; media; media; audio; audio,snne/okvqa/images_perturbed/OKVQA_val2014_000000000000_1883115_blur1.jpg,1883115_blur1,blur,7,blur1
val2014,other,1883115,0,Other,What type of school project is this?,computer,computer; computer; computer; computer; tech; tech; media; media; audio; audio,snne/okvqa/images_perturbed/OKVQA_val2014_000000000000_1883115_rotate1.jpg,1883115_rotate1,rotate,7,rotate1
val2014,other,1883115,0,Other,What type of school project is this?,computer,computer; computer; computer; computer; tech; tech; media; media; audio; audio,snne/okvqa/images_perturbed/OKVQA_val2014_000000000000_1883115_shift1.jpg,1883115_shift1,shift,7,shift1
val2014,other,1883115,0,Other,What type of school project is this?,computer,computer; computer; computer; computer; tech; tech; media; media; audio; audio,snne/okvqa/images_perturbed/OKVQA_val2014_000000000000_1883115_noise1.jpg,1883115_noise1,noise,10,noise1
val2014,other,1883115,0,Other,What type of school project is this?,computer,computer; computer; computer; computer; tech; tech; media; media; audio; audio,snne/okvqa/images_perturbed/OKVQA_val2014_000000000000_1883115_masking1.jpg,1883115_masking1,masking,10,masking1
val2014,other,1883115,0,Other,What type of school project is this?,computer,computer; computer; computer; computer; tech; tech; media; media; audio; audio,snne/okvqa/images_perturbed/OKVQA_val2014_000000000000_1883115_bw1.jpg,1883115_bw1,bw,NA,bw1
val2014,other,5341945,0,Weather and Climate,What weather phenomenon most likely happened?,flood,flood; flood; flood; flood; hurricane; hurricane; hurricane; hurricane; rain; rain,snne/okvqa/images_perturbed/OKVQA_val2014_000000000000_5341945_contrast1.jpg,5341945_contrast1,contrast,3,contrast1
val2014,other,5341945,0,Weather and Climate,What weather phenomenon most likely happened?,flood,flood; flood; flood; flood; hurricane; hurricane; hurricane; hurricane; rain; rain,snne/okvqa/images_perturbed/OKVQA_val2014_000000000000_5341945_blur1.jpg,5341945_blur1,blur,3,blur1
val2014,other,5341945,0,Weather and Climate,What weather phenomenon most likely happened?,flood,flood; flood; flood; flood; hurricane; hurricane; hurricane; hurricane; rain; rain,snne/okvqa/images_perturbed/OKVQA_val2014_000000000000_5341945_rotate1.jpg,5341945_rotate1,rotate,3,rotate1
val2014,other,5341945,0,Weather and Climate,What weather phenomenon most likely happened?,flood,flood; flood; flood; flood; hurricane; hurricane; hurricane; hurricane; rain; rain,snne/okvqa/images_perturbed/OKVQA_val2014_000000000000_5341945_shift1.jpg,5341945_shift1,shift,3,shift1
val2014,other,5341945,0,Weather and Climate,What weather phenomenon most likely happened?,flood,flood; flood; flood; flood; hurricane; hurricane; hurricane; hurricane; rain; rain,snne/okvqa/images_perturbed/OKVQA_val2014_000000000000_5341945_noise1.jpg,5341945_noise1,noise,5,noise1
val2014,other,5341945,0,Weather and Climate,What weather phenomenon most likely happened?,flood,flood; flood; flood; flood; hurricane; hurricane; hurricane; hurricane; rain; rain,snne/okvqa/images_perturbed/OKVQA_val2014_000000000000_5341945_masking1.jpg,5341945_masking1,masking,5,masking1
val2014,other,5341945,0,Weather and Climate,What weather phenomenon most likely happened?,flood,flood; flood; flood; flood; hurricane; hurricane; hurricane; hurricane; rain; rain,snne/okvqa/images_perturbed/OKVQA_val2014_000000000000_5341945_bw1.jpg,5341945_bw1,bw,NA,bw1
val2014,other,1200615,0,"Brands, Companies and Products",Which companies make these type of ovens?,ge,ge; ge; ge; ge; whirlpool samsun; whirlpool samsun; kitchenaid; kitchenaid; amana; amana,snne/okvqa/images_perturbed/OKVQA_val2014_000000000000_1200615_contrast1.jpg,1200615_contrast1,contrast,7,contrast1
val2014,other,1200615,0,"Brands, Companies and Products",Which companies make these type of ovens?,ge,ge; ge; ge; ge; whirlpool samsun; whirlpool samsun; kitchenaid; kitchenaid; amana; amana,snne/okvqa/images_perturbed/OKVQA_val2014_000000000000_1200615_blur1.jpg,1200615_blur1,blur,7,blur1
val2014,other,1200615,0,"Brands, Companies and Products",Which companies make these type of ovens?,ge,ge; ge; ge; ge; whirlpool samsun; whirlpool samsun; kitchenaid; kitchenaid; amana; amana,snne/okvqa/images_perturbed/OKVQA_val2014_000000000000_1200615_rotate1.jpg,1200615_rotate1,rotate,7,rotate1
val2014,other,1200615,0,"Brands, Companies and Products",Which companies make these type of ovens?,ge,ge; ge; ge; ge; whirlpool samsun; whirlpool samsun; kitchenaid; kitchenaid; amana; amana,snne/okvqa/images_perturbed/OKVQA_val2014_000000000000_1200615_shift1.jpg,1200615_shift1,shift,7,shift1
val2014,other,1200615,0,"Brands, Companies and Products",Which companies make these type of ovens?,ge,ge; ge; ge; ge; whirlpool samsun; whirlpool samsun; kitchenaid; kitchenaid; amana; amana,snne/okvqa/images_perturbed/OKVQA_val2014_000000000000_1200615_noise1.jpg,1200615_noise1,noise,8,noise1
val2014,other,1200615,0,"Brands, Companies and Products",Which companies make these type of ovens?,ge,ge; ge; ge; ge; whirlpool samsun; whirlpool samsun; kitchenaid; kitchenaid; amana; amana,snne/okvqa/images_perturbed/OKVQA_val2014_000000000000_1200615_masking1.jpg,1200615_masking1,masking,8,masking1
val2014,other,1200615,0,"Brands, Companies and Products",Which companies make these type of ovens?,ge,ge; ge; ge; ge; whirlpool samsun; whirlpool samsun; kitchenaid; kitchenaid; amana; amana,snne/okvqa/images_perturbed/OKVQA_val2014_000000000000_1200615_bw1.jpg,1200615_bw1,bw,NA,bw1
val2014,other,1043205,0,Science and Technology,What form of communication can be sent using the keyboard on this device?,text,text; text; text; text; text; text; text; text; text; text,snne/okvqa/images_perturbed/OKVQA_val2014_000000000000_1043205_contrast1.jpg,1043205_contrast1,contrast,7,contrast1
val2014,other,1043205,0,Science and Technology,What form of communication can be sent using the keyboard on this device?,text,text; text; text; text; text; text; text; text; text; text,snne/okvqa/images_perturbed/OKVQA_val2014_000000000000_1043205_blur1.jpg,1043205_blur1,blur,7,blur1
val2014,other,1043205,0,Science and Technology,What form of communication can be sent using the keyboard on this device?,text,text; text; text; text; text; text; text; text; text; text,snne/okvqa/images_perturbed/OKVQA_val2014_000000000000_1043205_rotate1.jpg,1043205_rotate1,rotate,7,rotate1
val2014,other,1043205,0,Science and Technology,What form of communication can be sent using the keyboard on this device?,text,text; text; text; text; text; text; text; text; text; text,snne/okvqa/images_perturbed/OKVQA_val2014_000000000000_1043205_shift1.jpg,1043205_shift1,shift,7,shift1
val2014,other,1043205,0,Science and Technology,What form of communication can be sent using the keyboard on this device?,text,text; text; text; text; text; text; text; text; text; text,snne/okvqa/images_perturbed/OKVQA_val2014_000000000000_1043205_noise1.jpg,1043205_noise1,noise,5,noise1
val2014,other,1043205,0,Science and Technology,What form of communication can be sent using the keyboard on this device?,text,text; text; text; text; text; text; text; text; text; text,snne/okvqa/images_perturbed/OKVQA_val2014_000000000000_1043205_masking1.jpg,1043205_masking1,masking,5,masking1
val2014,other,1043205,0,Science and Technology,What form of communication can be sent using the keyboard on this device?,text,text; text; text; text; text; text; text; text; text; text,snne/okvqa/images_perturbed/OKVQA_val2014_000000000000_1043205_bw1.jpg,1043205_bw1,bw,NA,bw1
val2014,other,1663445,0,"Brands, Companies and Products",What famous president wore a similar hat?,abraham lincoln,abraham lincoln; abraham lincoln; abraham lincoln; abraham lincoln; abraham lincoln; abraham lincoln; lincoln; lincoln; lincoln; lincoln,snne/okvqa/images_perturbed/OKVQA_val2014_000000000000_1663445_contrast1.jpg,1663445_contrast1,contrast,8,contrast1
val2014,other,1663445,0,"Brands, Companies and Products",What famous president wore a similar hat?,abraham lincoln,abraham lincoln; abraham lincoln; abraham lincoln; abraham lincoln; abraham lincoln; abraham lincoln; lincoln; lincoln; lincoln; lincoln,snne/okvqa/images_perturbed/OKVQA_val2014_000000000000_1663445_blur1.jpg,1663445_blur1,blur,8,blur1
val2014,other,1663445,0,"Brands, Companies and Products",What famous president wore a similar hat?,abraham lincoln,abraham lincoln; abraham lincoln; abraham lincoln; abraham lincoln; abraham lincoln; abraham lincoln; lincoln; lincoln; lincoln; lincoln,snne/okvqa/images_perturbed/OKVQA_val2014_000000000000_1663445_rotate1.jpg,1663445_rotate1,rotate,8,rotate1
val2014,other,1663445,0,"Brands, Companies and Products",What famous president wore a similar hat?,abraham lincoln,abraham lincoln; abraham lincoln; abraham lincoln; abraham lincoln; abraham lincoln; abraham lincoln; lincoln; lincoln; lincoln; lincoln,snne/okvqa/images_perturbed/OKVQA_val2014_000000000000_1663445_shift1.jpg,1663445_shift1,shift,8,shift1
val2014,other,1663445,0,"Brands, Companies and Products",What famous president wore a similar hat?,abraham lincoln,abraham lincoln; abraham lincoln; abraham lincoln; abraham lincoln; abraham lincoln; abraham lincoln; lincoln; lincoln; lincoln; lincoln,snne/okvqa/images_perturbed/OKVQA_val2014_000000000000_1663445_noise1.jpg,1663445_noise1,noise,6,noise1
val2014,other,1663445,0,"Brands, Companies and Products",What famous president wore a similar hat?,abraham lincoln,abraham lincoln; abraham lincoln; abraham lincoln; abraham lincoln; abraham lincoln; abraham lincoln; lincoln; lincoln; lincoln; lincoln,snne/okvqa/images_perturbed/OKVQA_val2014_000000000000_1663445_masking1.jpg,1663445_masking1,masking,6,masking1
val2014,other,1663445,0,"Brands, Companies and Products",What famous president wore a similar hat?,abraham lincoln,abraham lincoln; abraham lincoln; abraham lincoln; abraham lincoln; abraham lincoln; abraham lincoln; lincoln; lincoln; lincoln; lincoln,snne/okvqa/images_perturbed/OKVQA_val2014_000000000000_1663445_bw1.jpg,1663445_bw1,bw,NA,bw1
val2014,other,3803485,0,Other,Who first invented the type of lighting fixture shown?,thomas edison,thomas edison; thomas edison; thomas edison; thomas edison; daniel swarovski; daniel swarovski; chandelier; chandelier; edison; edison,snne/okvqa/images_perturbed/OKVQA_val2014_000000000000_3803485_contrast1.jpg,3803485_contrast1,contrast,6,contrast1
val2014,other,3803485,0,Other,Who first invented the type of lighting fixture shown?,thomas edison,thomas edison; thomas edison; thomas edison; thomas edison; daniel swarovski; daniel swarovski; chandelier; chandelier; edison; edison,snne/okvqa/images_perturbed/OKVQA_val2014_000000000000_3803485_blur1.jpg,3803485_blur1,blur,6,blur1
val2014,other,3803485,0,Other,Who first invented the type of lighting fixture shown?,thomas edison,thomas edison; thomas edison; thomas edison; thomas edison; daniel swarovski; daniel swarovski; chandelier; chandelier; edison; edison,snne/okvqa/images_perturbed/OKVQA_val2014_000000000000_3803485_rotate1.jpg,3803485_rotate1,rotate,6,rotate1
val2014,other,3803485,0,Other,Who first invented the type of lighting fixture shown?,thomas edison,thomas edison; thomas edison; thomas edison; thomas edison; daniel swarovski; daniel swarovski; chandelier; chandelier; edison; edison,snne/okvqa/images_perturbed/OKVQA_val2014_000000000000_3803485_shift1.jpg,3803485_shift1,shift,6,shift1
val2014,other,3803485,0,Other,Who first invented the type of lighting fixture shown?,thomas edison,thomas edison; thomas edison; thomas edison; thomas edison; daniel swarovski; daniel swarovski; chandelier; chandelier; edison; edison,snne/okvqa/images_perturbed/OKVQA_val2014_000000000000_3803485_noise1.jpg,3803485_noise1,noise,5,noise1
val2014,other,3803485,0,Other,Who first invented the type of lighting fixture shown?,thomas edison,thomas edison; thomas edison; thomas edison; thomas edison; daniel swarovski; daniel swarovski; chandelier; chandelier; edison; edison,snne/okvqa/images_perturbed/OKVQA_val2014_000000000000_3803485_masking1.jpg,3803485_masking1,masking,5,masking1
val2014,other,3803485,0,Other,Who first invented the type of lighting fixture shown?,thomas edison,thomas edison; thomas edison; thomas edison; thomas edison; daniel swarovski; daniel swarovski; chandelier; chandelier; edison; edison,snne/okvqa/images_perturbed/OKVQA_val2014_000000000000_3803485_bw1.jpg,3803485_bw1,bw,NA,bw1
val2014,other,3476935,0,Weather and Climate,What time of day is it?,morning,morning; morning; morning; morning; morning; morning; afternoon; afternoon; daytime; daytime,snne/okvqa/images_perturbed/OKVQA_val2014_000000000000_3476935_contrast1.jpg,3476935_contrast1,contrast,7,contrast1
val2014,other,3476935,0,Weather and Climate,What time of day is it?,morning,morning; morning; morning; morning; morning; morning; afternoon; afternoon; daytime; daytime,snne/okvqa/images_perturbed/OKVQA_val2014_000000000000_3476935_blur1.jpg,3476935_blur1,blur,7,blur1
val2014,other,3476935,0,Weather and Climate,What time of day is it?,morning,morning; morning; morning; morning; morning; morning; afternoon; afternoon; daytime; daytime,snne/okvqa/images_perturbed/OKVQA_val2014_000000000000_3476935_rotate1.jpg,3476935_rotate1,rotate,7,rotate1
val2014,other,3476935,0,Weather and Climate,What time of day is it?,morning,morning; morning; morning; morning; morning; morning; afternoon; afternoon; daytime; daytime,snne/okvqa/images_perturbed/OKVQA_val2014_000000000000_3476935_shift1.jpg,3476935_shift1,shift,7,shift1
val2014,other,3476935,0,Weather and Climate,What time of day is it?,morning,morning; morning; morning; morning; morning; morning; afternoon; afternoon; daytime; daytime,snne/okvqa/images_perturbed/OKVQA_val2014_000000000000_3476935_noise1.jpg,3476935_noise1,noise,6,noise1
val2014,other,3476935,0,Weather and Climate,What time of day is it?,morning,morning; morning; morning; morning; morning; morning; afternoon; afternoon; daytime; daytime,snne/okvqa/images_perturbed/OKVQA_val2014_000000000000_3476935_masking1.jpg,3476935_masking1,masking,6,masking1
val2014,other,3476935,0,Weather and Climate,What time of day is it?,morning,morning; morning; morning; morning; morning; morning; afternoon; afternoon; daytime; daytime,snne/okvqa/images_perturbed/OKVQA_val2014_000000000000_3476935_bw1.jpg,3476935_bw1,bw,NA,bw1
val2014,other,3732845,0,Other,Where in the middle east is this?,israel,israel; israel; israel; israel; saudi arabia; saudi arabia; downtown; downtown; bahgdad; bahgdad,snne/okvqa/images_perturbed/OKVQA_val2014_000000000000_3732845_contrast1.jpg,3732845_contrast1,contrast,3,contrast1
val2014,other,3732845,0,Other,Where in the middle east is this?,israel,israel; israel; israel; israel; saudi arabia; saudi arabia; downtown; downtown; bahgdad; bahgdad,snne/okvqa/images_perturbed/OKVQA_val2014_000000000000_3732845_blur1.jpg,3732845_blur1,blur,3,blur1
val2014,other,3732845,0,Other,Where in the middle east is this?,israel,israel; israel; israel; israel; saudi arabia; saudi arabia; downtown; downtown; bahgdad; bahgdad,snne/okvqa/images_perturbed/OKVQA_val2014_000000000000_3732845_rotate1.jpg,3732845_rotate1,rotate,3,rotate1
val2014,other,3732845,0,Other,Where in the middle east is this?,israel,israel; israel; israel; israel; saudi arabia; saudi arabia; downtown; downtown; bahgdad; bahgdad,snne/okvqa/images_perturbed/OKVQA_val2014_000000000000_3732845_shift1.jpg,3732845_shift1,shift,3,shift1
val2014,other,3732845,0,Other,Where in the middle east is this?,israel,israel; israel; israel; israel; saudi arabia; saudi arabia; downtown; downtown; bahgdad; bahgdad,snne/okvqa/images_perturbed/OKVQA_val2014_000000000000_3732845_noise1.jpg,3732845_noise1,noise,9,noise1
val2014,other,3732845,0,Other,Where in the middle east is this?,israel,israel; israel; israel; israel; saudi arabia; saudi arabia; downtown; downtown; bahgdad; bahgdad,snne/okvqa/images_perturbed/OKVQA_val2014_000000000000_3732845_masking1.jpg,3732845_masking1,masking,9,masking1
val2014,other,3732845,0,Other,Where in the middle east is this?,israel,israel; israel; israel; israel; saudi arabia; saudi arabia; downtown; downtown; bahgdad; bahgdad,snne/okvqa/images_perturbed/OKVQA_val2014_000000000000_3732845_bw1.jpg,3732845_bw1,bw,NA,bw1
val2014,other,5020635,0,Other,What is in that vase on the table?,flower,flower; flower; flower; flower; flower; flower; flowers; flowers; flowers; flowers,snne/okvqa/images_perturbed/OKVQA_val2014_000000000000_5020635_contrast1.jpg,5020635_contrast1,contrast,8,contrast1
val2014,other,5020635,0,Other,What is in that vase on the table?,flower,flower; flower; flower; flower; flower; flower; flowers; flowers; flowers; flowers,snne/okvqa/images_perturbed/OKVQA_val2014_000000000000_5020635_blur1.jpg,5020635_blur1,blur,8,blur1
val2014,other,5020635,0,Other,What is in that vase on the table?,flower,flower; flower; flower; flower; flower; flower; flowers; flowers; flowers; flowers,snne/okvqa/images_perturbed/OKVQA_val2014_000000000000_5020635_rotate1.jpg,5020635_rotate1,rotate,8,rotate1
val2014,other,5020635,0,Other,What is in that vase on the table?,flower,flower; flower; flower; flower; flower; flower; flowers; flowers; flowers; flowers,snne/okvqa/images_perturbed/OKVQA_val2014_000000000000_5020635_shift1.jpg,5020635_shift1,shift,8,shift1
val2014,other,5020635,0,Other,What is in that vase on the table?,flower,flower; flower; flower; flower; flower; flower; flowers; flowers; flowers; flowers,snne/okvqa/images_perturbed/OKVQA_val2014_000000000000_5020635_noise1.jpg,5020635_noise1,noise,9,noise1
val2014,other,5020635,0,Other,What is in that vase on the table?,flower,flower; flower; flower; flower; flower; flower; flowers; flowers; flowers; flowers,snne/okvqa/images_perturbed/OKVQA_val2014_000000000000_5020635_masking1.jpg,5020635_masking1,masking,9,masking1
val2014,other,5020635,0,Other,What is in that vase on the table?,flower,flower; flower; flower; flower; flower; flower; flowers; flowers; flowers; flowers,snne/okvqa/images_perturbed/OKVQA_val2014_000000000000_5020635_bw1.jpg,5020635_bw1,bw,NA,bw1
val2014,other,2352215,0,Weather and Climate,What unpleasant emotional state does this weather phenomenon often cause?,depression,depression; depression; depression; depression; shock; shock; fright; fright; fear; fear,snne/okvqa/images_perturbed/OKVQA_val2014_000000000000_2352215_contrast1.jpg,2352215_contrast1,contrast,7,contrast1
val2014,other,2352215,0,Weather and Climate,What unpleasant emotional state does this weather phenomenon often cause?,depression,depression; depression; depression; depression; shock; shock; fright; fright; fear; fear,snne/okvqa/images_perturbed/OKVQA_val2014_000000000000_2352215_blur1.jpg,2352215_blur1,blur,7,blur1
val2014,other,2352215,0,Weather and Climate,What unpleasant emotional state does this weather phenomenon often cause?,depression,depression; depression; depression; depression; shock; shock; fright; fright; fear; fear,snne/okvqa/images_perturbed/OKVQA_val2014_000000000000_2352215_rotate1.jpg,2352215_rotate1,rotate,7,rotate1
val2014,other,2352215,0,Weather and Climate,What unpleasant emotional state does this weather phenomenon often cause?,depression,depression; depression; depression; depression; shock; shock; fright; fright; fear; fear,snne/okvqa/images_perturbed/OKVQA_val2014_000000000000_2352215_shift1.jpg,2352215_shift1,shift,7,shift1
val2014,other,2352215,0,Weather and Climate,What unpleasant emotional state does this weather phenomenon often cause?,depression,depression; depression; depression; depression; shock; shock; fright; fright; fear; fear,snne/okvqa/images_perturbed/OKVQA_val2014_000000000000_2352215_noise1.jpg,2352215_noise1,noise,9,noise1
val2014,other,2352215,0,Weather and Climate,What unpleasant emotional state does this weather phenomenon often cause?,depression,depression; depression; depression; depression; shock; shock; fright; fright; fear; fear,snne/okvqa/images_perturbed/OKVQA_val2014_000000000000_2352215_masking1.jpg,2352215_masking1,masking,9,masking1
val2014,other,2352215,0,Weather and Climate,What unpleasant emotional state does this weather phenomenon often cause?,depression,depression; depression; depression; depression; shock; shock; fright; fright; fear; fear,snne/okvqa/images_perturbed/OKVQA_val2014_000000000000_2352215_bw1.jpg,2352215_bw1,bw,NA,bw1
val2014,other,4097255,0,"Geography, History, Language and Culture",What competition is this?,kite,kite; kite; kite; kite; kite flying; kite flying; kiting; kiting; kiteflying; kiteflying,snne/okvqa/images_perturbed/OKVQA_val2014_000000000000_4097255_contrast1.jpg,4097255_contrast1,contrast,5,contrast1
val2014,other,4097255,0,"Geography, History, Language and Culture",What competition is this?,kite,kite; kite; kite; kite; kite flying; kite flying; kiting; kiting; kiteflying; kiteflying,snne/okvqa/images_perturbed/OKVQA_val2014_000000000000_4097255_blur1.jpg,4097255_blur1,blur,5,blur1
val2014,other,4097255,0,"Geography, History, Language and Culture",What competition is this?,kite,kite; kite; kite; kite; kite flying; kite flying; kiting; kiting; kiteflying; kiteflying,snne/okvqa/images_perturbed/OKVQA_val2014_000000000000_4097255_rotate1.jpg,4097255_rotate1,rotate,5,rotate1
val2014,other,4097255,0,"Geography, History, Language and Culture",What competition is this?,kite,kite; kite; kite; kite; kite flying; kite flying; kiting; kiting; kiteflying; kiteflying,snne/okvqa/images_perturbed/OKVQA_val2014_000000000000_4097255_shift1.jpg,4097255_shift1,shift,5,shift1
val2014,other,4097255,0,"Geography, History, Language and Culture",What competition is this?,kite,kite; kite; kite; kite; kite flying; kite flying; kiting; kiting; kiteflying; kiteflying,snne/okvqa/images_perturbed/OKVQA_val2014_000000000000_4097255_noise1.jpg,4097255_noise1,noise,7,noise1
val2014,other,4097255,0,"Geography, History, Language and Culture",What competition is this?,kite,kite; kite; kite; kite; kite flying; kite flying; kiting; kiting; kiteflying; kiteflying,snne/okvqa/images_perturbed/OKVQA_val2014_000000000000_4097255_masking1.jpg,4097255_masking1,masking,7,masking1
val2014,other,4097255,0,"Geography, History, Language and Culture",What competition is this?,kite,kite; kite; kite; kite; kite flying; kite flying; kiting; kiting; kiteflying; kiteflying,snne/okvqa/images_perturbed/OKVQA_val2014_000000000000_4097255_bw1.jpg,4097255_bw1,bw,NA,bw1
val2014,other,5723996,0,People and Everyday life,Who leaves a toilet like this?,man,man; man; man; man; man; man; men; men; men; men,snne/okvqa/images_perturbed/OKVQA_val2014_000000000000_5723996_contrast1.jpg,5723996_contrast1,contrast,8,contrast1
val2014,other,5723996,0,People and Everyday life,Who leaves a toilet like this?,man,man; man; man; man; man; man; men; men; men; men,snne/okvqa/images_perturbed/OKVQA_val2014_000000000000_5723996_blur1.jpg,5723996_blur1,blur,8,blur1
val2014,other,5723996,0,People and Everyday life,Who leaves a toilet like this?,man,man; man; man; man; man; man; men; men; men; men,snne/okvqa/images_perturbed/OKVQA_val2014_000000000000_5723996_rotate1.jpg,5723996_rotate1,rotate,8,rotate1
val2014,other,5723996,0,People and Everyday life,Who leaves a toilet like this?,man,man; man; man; man; man; man; men; men; men; men,snne/okvqa/images_perturbed/OKVQA_val2014_000000000000_5723996_shift1.jpg,5723996_shift1,shift,8,shift1
val2014,other,5723996,0,People and Everyday life,Who leaves a toilet like this?,man,man; man; man; man; man; man; men; men; men; men,snne/okvqa/images_perturbed/OKVQA_val2014_000000000000_5723996_noise1.jpg,5723996_noise1,noise,7,noise1
val2014,other,5723996,0,People and Everyday life,Who leaves a toilet like this?,man,man; man; man; man; man; man; men; men; men; men,snne/okvqa/images_perturbed/OKVQA_val2014_000000000000_5723996_masking1.jpg,5723996_masking1,masking,7,masking1
val2014,other,5723996,0,People and Everyday life,Who leaves a toilet like this?,man,man; man; man; man; man; man; men; men; men; men,snne/okvqa/images_perturbed/OKVQA_val2014_000000000000_5723996_bw1.jpg,5723996_bw1,bw,NA,bw1
val2014,other,1561045,0,"Geography, History, Language and Culture",What denomination is the church?,baptist,baptist; baptist; baptist; baptist; baptist; baptist; baptist; baptist; baptist; baptist,snne/okvqa/images_perturbed/OKVQA_val2014_000000000000_1561045_contrast1.jpg,1561045_contrast1,contrast,4,contrast1
val2014,other,1561045,0,"Geography, History, Language and Culture",What denomination is the church?,baptist,baptist; baptist; baptist; baptist; baptist; baptist; baptist; baptist; baptist; baptist,snne/okvqa/images_perturbed/OKVQA_val2014_000000000000_1561045_blur1.jpg,1561045_blur1,blur,4,blur1
val2014,other,1561045,0,"Geography, History, Language and Culture",What denomination is the church?,baptist,baptist; baptist; baptist; baptist; baptist; baptist; baptist; baptist; baptist; baptist,snne/okvqa/images_perturbed/OKVQA_val2014_000000000000_1561045_rotate1.jpg,1561045_rotate1,rotate,4,rotate1
val2014,other,1561045,0,"Geography, History, Language and Culture",What denomination is the church?,baptist,baptist; baptist; baptist; baptist; baptist; baptist; baptist; baptist; baptist; baptist,snne/okvqa/images_perturbed/OKVQA_val2014_000000000000_1561045_shift1.jpg,1561045_shift1,shift,4,shift1
val2014,other,1561045,0,"Geography, History, Language and Culture",What denomination is the church?,baptist,baptist; baptist; baptist; baptist; baptist; baptist; baptist; baptist; baptist; baptist,snne/okvqa/images_perturbed/OKVQA_val2014_000000000000_1561045_noise1.jpg,1561045_noise1,noise,7,noise1
val2014,other,1561045,0,"Geography, History, Language and Culture",What denomination is the church?,baptist,baptist; baptist; baptist; baptist; baptist; baptist; baptist; baptist; baptist; baptist,snne/okvqa/images_perturbed/OKVQA_val2014_000000000000_1561045_masking1.jpg,1561045_masking1,masking,7,masking1
val2014,other,1561045,0,"Geography, History, Language and Culture",What denomination is the church?,baptist,baptist; baptist; baptist; baptist; baptist; baptist; baptist; baptist; baptist; baptist,snne/okvqa/images_perturbed/OKVQA_val2014_000000000000_1561045_bw1.jpg,1561045_bw1,bw,NA,bw1
val2014,other,1709605,0,"Objects, Material and Clothing",What is this statue made of?,copper,copper; copper; copper; copper; brass; brass; iron; iron; aluminum; aluminum,snne/okvqa/images_perturbed/OKVQA_val2014_000000000000_1709605_contrast1.jpg,1709605_contrast1,contrast,6,contrast1
val2014,other,1709605,0,"Objects, Material and Clothing",What is this statue made of?,copper,copper; copper; copper; copper; brass; brass; iron; iron; aluminum; aluminum,snne/okvqa/images_perturbed/OKVQA_val2014_000000000000_1709605_blur1.jpg,1709605_blur1,blur,6,blur1
val2014,other,1709605,0,"Objects, Material and Clothing",What is this statue made of?,copper,copper; copper; copper; copper; brass; brass; iron; iron; aluminum; aluminum,snne/okvqa/images_perturbed/OKVQA_val2014_000000000000_1709605_rotate1.jpg,1709605_rotate1,rotate,6,rotate1
val2014,other,1709605,0,"Objects, Material and Clothing",What is this statue made of?,copper,copper; copper; copper; copper; brass; brass; iron; iron; aluminum; aluminum,snne/okvqa/images_perturbed/OKVQA_val2014_000000000000_1709605_shift1.jpg,1709605_shift1,shift,6,shift1
val2014,other,1709605,0,"Objects, Material and Clothing",What is this statue made of?,copper,copper; copper; copper; copper; brass; brass; iron; iron; aluminum; aluminum,snne/okvqa/images_perturbed/OKVQA_val2014_000000000000_1709605_noise1.jpg,1709605_noise1,noise,6,noise1
val2014,other,1709605,0,"Objects, Material and Clothing",What is this statue made of?,copper,copper; copper; copper; copper; brass; brass; iron; iron; aluminum; aluminum,snne/okvqa/images_perturbed/OKVQA_val2014_000000000000_1709605_masking1.jpg,1709605_masking1,masking,6,masking1
val2014,other,1709605,0,"Objects, Material and Clothing",What is this statue made of?,copper,copper; copper; copper; copper; brass; brass; iron; iron; aluminum; aluminum,snne/okvqa/images_perturbed/OKVQA_val2014_000000000000_1709605_bw1.jpg,1709605_bw1,bw,NA,bw1
val2014,other,275855,0,Science and Technology,What is the purpose of the mechanical device in this picture?,tell time,tell time; tell time; tell time; tell time; tell time; tell time; keep time; keep time; clock; clock,snne/okvqa/images_perturbed/OKVQA_val2014_000000000000_275855_contrast1.jpg,275855_contrast1,contrast,8,contrast1
val2014,other,275855,0,Science and Technology,What is the purpose of the mechanical device in this picture?,tell time,tell time; tell time; tell time; tell time; tell time; tell time; keep time; keep time; clock; clock,snne/okvqa/images_perturbed/OKVQA_val2014_000000000000_275855_blur1.jpg,275855_blur1,blur,8,blur1
val2014,other,275855,0,Science and Technology,What is the purpose of the mechanical device in this picture?,tell time,tell time; tell time; tell time; tell time; tell time; tell time; keep time; keep time; clock; clock,snne/okvqa/images_perturbed/OKVQA_val2014_000000000000_275855_rotate1.jpg,275855_rotate1,rotate,8,rotate1
val2014,other,275855,0,Science and Technology,What is the purpose of the mechanical device in this picture?,tell time,tell time; tell time; tell time; tell time; tell time; tell time; keep time; keep time; clock; clock,snne/okvqa/images_perturbed/OKVQA_val2014_000000000000_275855_shift1.jpg,275855_shift1,shift,8,shift1
val2014,other,275855,0,Science and Technology,What is the purpose of the mechanical device in this picture?,tell time,tell time; tell time; tell time; tell time; tell time; tell time; keep time; keep time; clock; clock,snne/okvqa/images_perturbed/OKVQA_val2014_000000000000_275855_noise1.jpg,275855_noise1,noise,10,noise1
val2014,other,275855,0,Science and Technology,What is the purpose of the mechanical device in this picture?,tell time,tell time; tell time; tell time; tell time; tell time; tell time; keep time; keep time; clock; clock,snne/okvqa/images_perturbed/OKVQA_val2014_000000000000_275855_masking1.jpg,275855_masking1,masking,10,masking1
val2014,other,275855,0,Science and Technology,What is the purpose of the mechanical device in this picture?,tell time,tell time; tell time; tell time; tell time; tell time; tell time; keep time; keep time; clock; clock,snne/okvqa/images_perturbed/OKVQA_val2014_000000000000_275855_bw1.jpg,275855_bw1,bw,NA,bw1
val2014,other,1173375,0,"Objects, Material and Clothing",What is the common color theme?,orange,orange; orange; orange; orange; complimentary cotrast; complimentary cotrast; orange and blue; orange and blue; orange and turquoise; orange and turquoise,snne/okvqa/images_perturbed/OKVQA_val2014_000000000000_1173375_contrast1.jpg,1173375_contrast1,contrast,5,contrast1
val2014,other,1173375,0,"Objects, Material and Clothing",What is the common color theme?,orange,orange; orange; orange; orange; complimentary cotrast; complimentary cotrast; orange and blue; orange and blue; orange and turquoise; orange and turquoise,snne/okvqa/images_perturbed/OKVQA_val2014_000000000000_1173375_blur1.jpg,1173375_blur1,blur,5,blur1
val2014,other,1173375,0,"Objects, Material and Clothing",What is the common color theme?,orange,orange; orange; orange; orange; complimentary cotrast; complimentary cotrast; orange and blue; orange and blue; orange and turquoise; orange and turquoise,snne/okvqa/images_perturbed/OKVQA_val2014_000000000000_1173375_rotate1.jpg,1173375_rotate1,rotate,5,rotate1
val2014,other,1173375,0,"Objects, Material and Clothing",What is the common color theme?,orange,orange; orange; orange; orange; complimentary cotrast; complimentary cotrast; orange and blue; orange and blue; orange and turquoise; orange and turquoise,snne/okvqa/images_perturbed/OKVQA_val2014_000000000000_1173375_shift1.jpg,1173375_shift1,shift,5,shift1
val2014,other,1173375,0,"Objects, Material and Clothing",What is the common color theme?,orange,orange; orange; orange; orange; complimentary cotrast; complimentary cotrast; orange and blue; orange and blue; orange and turquoise; orange and turquoise,snne/okvqa/images_perturbed/OKVQA_val2014_000000000000_1173375_noise1.jpg,1173375_noise1,noise,8,noise1
val2014,other,1173375,0,"Objects, Material and Clothing",What is the common color theme?,orange,orange; orange; orange; orange; complimentary cotrast; complimentary cotrast; orange and blue; orange and blue; orange and turquoise; orange and turquoise,snne/okvqa/images_perturbed/OKVQA_val2014_000000000000_1173375_masking1.jpg,1173375_masking1,masking,8,masking1
val2014,other,1173375,0,"Objects, Material and Clothing",What is the common color theme?,orange,orange; orange; orange; orange; complimentary cotrast; complimentary cotrast; orange and blue; orange and blue; orange and turquoise; orange and turquoise,snne/okvqa/images_perturbed/OKVQA_val2014_000000000000_1173375_bw1.jpg,1173375_bw1,bw,NA,bw1
val2014,other,2793435,0,Vehicles and Transportation,What is the primary purpose of the vehicles in this image?,flying,flying; flying; flying; flying; defense; defense; sightseeing; sightseeing; fly; fly,snne/okvqa/images_perturbed/OKVQA_val2014_000000000000_2793435_contrast1.jpg,2793435_contrast1,contrast,5,contrast1
val2014,other,2793435,0,Vehicles and Transportation,What is the primary purpose of the vehicles in this image?,flying,flying; flying; flying; flying; defense; defense; sightseeing; sightseeing; fly; fly,snne/okvqa/images_perturbed/OKVQA_val2014_000000000000_2793435_blur1.jpg,2793435_blur1,blur,5,blur1
val2014,other,2793435,0,Vehicles and Transportation,What is the primary purpose of the vehicles in this image?,flying,flying; flying; flying; flying; defense; defense; sightseeing; sightseeing; fly; fly,snne/okvqa/images_perturbed/OKVQA_val2014_000000000000_2793435_rotate1.jpg,2793435_rotate1,rotate,5,rotate1
val2014,other,2793435,0,Vehicles and Transportation,What is the primary purpose of the vehicles in this image?,flying,flying; flying; flying; flying; defense; defense; sightseeing; sightseeing; fly; fly,snne/okvqa/images_perturbed/OKVQA_val2014_000000000000_2793435_shift1.jpg,2793435_shift1,shift,5,shift1
val2014,other,2793435,0,Vehicles and Transportation,What is the primary purpose of the vehicles in this image?,flying,flying; flying; flying; flying; defense; defense; sightseeing; sightseeing; fly; fly,snne/okvqa/images_perturbed/OKVQA_val2014_000000000000_2793435_noise1.jpg,2793435_noise1,noise,5,noise1
val2014,other,2793435,0,Vehicles and Transportation,What is the primary purpose of the vehicles in this image?,flying,flying; flying; flying; flying; defense; defense; sightseeing; sightseeing; fly; fly,snne/okvqa/images_perturbed/OKVQA_val2014_000000000000_2793435_masking1.jpg,2793435_masking1,masking,5,masking1
val2014,other,2793435,0,Vehicles and Transportation,What is the primary purpose of the vehicles in this image?,flying,flying; flying; flying; flying; defense; defense; sightseeing; sightseeing; fly; fly,snne/okvqa/images_perturbed/OKVQA_val2014_000000000000_2793435_bw1.jpg,2793435_bw1,bw,NA,bw1
val2014,other,4445655,0,"Brands, Companies and Products",What brand of tv is this?,toshiba,toshiba; toshiba; toshiba; toshiba; sony; sony; sony; sony; panasonic; panasonic,snne/okvqa/images_perturbed/OKVQA_val2014_000000000000_4445655_contrast1.jpg,4445655_contrast1,contrast,7,contrast1
val2014,other,4445655,0,"Brands, Companies and Products",What brand of tv is this?,toshiba,toshiba; toshiba; toshiba; toshiba; sony; sony; sony; sony; panasonic; panasonic,snne/okvqa/images_perturbed/OKVQA_val2014_000000000000_4445655_blur1.jpg,4445655_blur1,blur,7,blur1
val2014,other,4445655,0,"Brands, Companies and Products",What brand of tv is this?,toshiba,toshiba; toshiba; toshiba; toshiba; sony; sony; sony; sony; panasonic; panasonic,snne/okvqa/images_perturbed/OKVQA_val2014_000000000000_4445655_rotate1.jpg,4445655_rotate1,rotate,7,rotate1
val2014,other,4445655,0,"Brands, Companies and Products",What brand of tv is this?,toshiba,toshiba; toshiba; toshiba; toshiba; sony; sony; sony; sony; panasonic; panasonic,snne/okvqa/images_perturbed/OKVQA_val2014_000000000000_4445655_shift1.jpg,4445655_shift1,shift,7,shift1
val2014,other,4445655,0,"Brands, Companies and Products",What brand of tv is this?,toshiba,toshiba; toshiba; toshiba; toshiba; sony; sony; sony; sony; panasonic; panasonic,snne/okvqa/images_perturbed/OKVQA_val2014_000000000000_4445655_noise1.jpg,4445655_noise1,noise,9,noise1
val2014,other,4445655,0,"Brands, Companies and Products",What brand of tv is this?,toshiba,toshiba; toshiba; toshiba; toshiba; sony; sony; sony; sony; panasonic; panasonic,snne/okvqa/images_perturbed/OKVQA_val2014_000000000000_4445655_masking1.jpg,4445655_masking1,masking,9,masking1
val2014,other,4445655,0,"Brands, Companies and Products",What brand of tv is this?,toshiba,toshiba; toshiba; toshiba; toshiba; sony; sony; sony; sony; panasonic; panasonic,snne/okvqa/images_perturbed/OKVQA_val2014_000000000000_4445655_bw1.jpg,4445655_bw1,bw,NA,bw1
val2014,other,5723315,0,People and Everyday life,What is this wallcovering called?,wallpaper,wallpaper; wallpaper; wallpaper; wallpaper; wallpaper; wallpaper; walpaper; walpaper; tapestry; tapestry,snne/okvqa/images_perturbed/OKVQA_val2014_000000000000_5723315_contrast1.jpg,5723315_contrast1,contrast,7,contrast1
val2014,other,5723315,0,People and Everyday life,What is this wallcovering called?,wallpaper,wallpaper; wallpaper; wallpaper; wallpaper; wallpaper; wallpaper; walpaper; walpaper; tapestry; tapestry,snne/okvqa/images_perturbed/OKVQA_val2014_000000000000_5723315_blur1.jpg,5723315_blur1,blur,7,blur1
val2014,other,5723315,0,People and Everyday life,What is this wallcovering called?,wallpaper,wallpaper; wallpaper; wallpaper; wallpaper; wallpaper; wallpaper; walpaper; walpaper; tapestry; tapestry,snne/okvqa/images_perturbed/OKVQA_val2014_000000000000_5723315_rotate1.jpg,5723315_rotate1,rotate,7,rotate1
val2014,other,5723315,0,People and Everyday life,What is this wallcovering called?,wallpaper,wallpaper; wallpaper; wallpaper; wallpaper; wallpaper; wallpaper; walpaper; walpaper; tapestry; tapestry,snne/okvqa/images_perturbed/OKVQA_val2014_000000000000_5723315_shift1.jpg,5723315_shift1,shift,7,shift1
val2014,other,5723315,0,People and Everyday life,What is this wallcovering called?,wallpaper,wallpaper; wallpaper; wallpaper; wallpaper; wallpaper; wallpaper; walpaper; walpaper; tapestry; tapestry,snne/okvqa/images_perturbed/OKVQA_val2014_000000000000_5723315_noise1.jpg,5723315_noise1,noise,6,noise1
val2014,other,5723315,0,People and Everyday life,What is this wallcovering called?,wallpaper,wallpaper; wallpaper; wallpaper; wallpaper; wallpaper; wallpaper; walpaper; walpaper; tapestry; tapestry,snne/okvqa/images_perturbed/OKVQA_val2014_000000000000_5723315_masking1.jpg,5723315_masking1,masking,6,masking1
val2014,other,5723315,0,People and Everyday life,What is this wallcovering called?,wallpaper,wallpaper; wallpaper; wallpaper; wallpaper; wallpaper; wallpaper; walpaper; walpaper; tapestry; tapestry,snne/okvqa/images_perturbed/OKVQA_val2014_000000000000_5723315_bw1.jpg,5723315_bw1,bw,NA,bw1
val2014,other,2142475,0,Vehicles and Transportation,What is the complimentary color to the right man's shirt?,red,red; red; red; red; green; green; green; green; purple; purple,snne/okvqa/images_perturbed/OKVQA_val2014_000000000000_2142475_contrast1.jpg,2142475_contrast1,contrast,7,contrast1
val2014,other,2142475,0,Vehicles and Transportation,What is the complimentary color to the right man's shirt?,red,red; red; red; red; green; green; green; green; purple; purple,snne/okvqa/images_perturbed/OKVQA_val2014_000000000000_2142475_blur1.jpg,2142475_blur1,blur,7,blur1
val2014,other,2142475,0,Vehicles and Transportation,What is the complimentary color to the right man's shirt?,red,red; red; red; red; green; green; green; green; purple; purple,snne/okvqa/images_perturbed/OKVQA_val2014_000000000000_2142475_rotate1.jpg,2142475_rotate1,rotate,7,rotate1
val2014,other,2142475,0,Vehicles and Transportation,What is the complimentary color to the right man's shirt?,red,red; red; red; red; green; green; green; green; purple; purple,snne/okvqa/images_perturbed/OKVQA_val2014_000000000000_2142475_shift1.jpg,2142475_shift1,shift,7,shift1
val2014,other,2142475,0,Vehicles and Transportation,What is the complimentary color to the right man's shirt?,red,red; red; red; red; green; green; green; green; purple; purple,snne/okvqa/images_perturbed/OKVQA_val2014_000000000000_2142475_noise1.jpg,2142475_noise1,noise,7,noise1
val2014,other,2142475,0,Vehicles and Transportation,What is the complimentary color to the right man's shirt?,red,red; red; red; red; green; green; green; green; purple; purple,snne/okvqa/images_perturbed/OKVQA_val2014_000000000000_2142475_masking1.jpg,2142475_masking1,masking,7,masking1
val2014,other,2142475,0,Vehicles and Transportation,What is the complimentary color to the right man's shirt?,red,red; red; red; red; green; green; green; green; purple; purple,snne/okvqa/images_perturbed/OKVQA_val2014_000000000000_2142475_bw1.jpg,2142475_bw1,bw,NA,bw1
val2014,other,3481865,0,Weather and Climate,What body of water is that?,ocean,ocean; ocean; ocean; ocean; ocean; ocean; atlantic; atlantic; pacific ocean; pacific ocean,snne/okvqa/images_perturbed/OKVQA_val2014_000000000000_3481865_contrast1.jpg,3481865_contrast1,contrast,5,contrast1
val2014,other,3481865,0,Weather and Climate,What body of water is that?,ocean,ocean; ocean; ocean; ocean; ocean; ocean; atlantic; atlantic; pacific ocean; pacific ocean,snne/okvqa/images_perturbed/OKVQA_val2014_000000000000_3481865_blur1.jpg,3481865_blur1,blur,5,blur1
val2014,other,3481865,0,Weather and Climate,What body of water is that?,ocean,ocean; ocean; ocean; ocean; ocean; ocean; atlantic; atlantic; pacific ocean; pacific ocean,snne/okvqa/images_perturbed/OKVQA_val2014_000000000000_3481865_rotate1.jpg,3481865_rotate1,rotate,5,rotate1
val2014,other,3481865,0,Weather and Climate,What body of water is that?,ocean,ocean; ocean; ocean; ocean; ocean; ocean; atlantic; atlantic; pacific ocean; pacific ocean,snne/okvqa/images_perturbed/OKVQA_val2014_000000000000_3481865_shift1.jpg,3481865_shift1,shift,5,shift1
val2014,other,3481865,0,Weather and Climate,What body of water is that?,ocean,ocean; ocean; ocean; ocean; ocean; ocean; atlantic; atlantic; pacific ocean; pacific ocean,snne/okvqa/images_perturbed/OKVQA_val2014_000000000000_3481865_noise1.jpg,3481865_noise1,noise,7,noise1
val2014,other,3481865,0,Weather and Climate,What body of water is that?,ocean,ocean; ocean; ocean; ocean; ocean; ocean; atlantic; atlantic; pacific ocean; pacific ocean,snne/okvqa/images_perturbed/OKVQA_val2014_000000000000_3481865_masking1.jpg,3481865_masking1,masking,7,masking1
val2014,other,3481865,0,Weather and Climate,What body of water is that?,ocean,ocean; ocean; ocean; ocean; ocean; ocean; atlantic; atlantic; pacific ocean; pacific ocean,snne/okvqa/images_perturbed/OKVQA_val2014_000000000000_3481865_bw1.jpg,3481865_bw1,bw,NA,bw1
val2014,other,5662495,0,Vehicles and Transportation,What is this street made of?,cobblestone,cobblestone; cobblestone; brick; brick; stone; stone; cobblestones; cobblestones; bricks; bricks,snne/okvqa/images_perturbed/OKVQA_val2014_000000000000_5662495_contrast1.jpg,5662495_contrast1,contrast,4,contrast1
val2014,other,5662495,0,Vehicles and Transportation,What is this street made of?,cobblestone,cobblestone; cobblestone; brick; brick; stone; stone; cobblestones; cobblestones; bricks; bricks,snne/okvqa/images_perturbed/OKVQA_val2014_000000000000_5662495_blur1.jpg,5662495_blur1,blur,4,blur1
val2014,other,5662495,0,Vehicles and Transportation,What is this street made of?,cobblestone,cobblestone; cobblestone; brick; brick; stone; stone; cobblestones; cobblestones; bricks; bricks,snne/okvqa/images_perturbed/OKVQA_val2014_000000000000_5662495_rotate1.jpg,5662495_rotate1,rotate,4,rotate1
val2014,other,5662495,0,Vehicles and Transportation,What is this street made of?,cobblestone,cobblestone; cobblestone; brick; brick; stone; stone; cobblestones; cobblestones; bricks; bricks,snne/okvqa/images_perturbed/OKVQA_val2014_000000000000_5662495_shift1.jpg,5662495_shift1,shift,4,shift1
val2014,other,5662495,0,Vehicles and Transportation,What is this street made of?,cobblestone,cobblestone; cobblestone; brick; brick; stone; stone; cobblestones; cobblestones; bricks; bricks,snne/okvqa/images_perturbed/OKVQA_val2014_000000000000_5662495_noise1.jpg,5662495_noise1,noise,8,noise1
val2014,other,5662495,0,Vehicles and Transportation,What is this street made of?,cobblestone,cobblestone; cobblestone; brick; brick; stone; stone; cobblestones; cobblestones; bricks; bricks,snne/okvqa/images_perturbed/OKVQA_val2014_000000000000_5662495_masking1.jpg,5662495_masking1,masking,8,masking1
val2014,other,5662495,0,Vehicles and Transportation,What is this street made of?,cobblestone,cobblestone; cobblestone; brick; brick; stone; stone; cobblestones; cobblestones; bricks; bricks,snne/okvqa/images_perturbed/OKVQA_val2014_000000000000_5662495_bw1.jpg,5662495_bw1,bw,NA,bw1
val2014,other,4684875,0,Plants and Animals,What breed of dog is this?,chihuahua,chihuahua; chihuahua; chihuahua; chihuahua; mutt; mutt; hound; hound; pharoah; pharoah,snne/okvqa/images_perturbed/OKVQA_val2014_000000000000_4684875_contrast1.jpg,4684875_contrast1,contrast,7,contrast1
val2014,other,4684875,0,Plants and Animals,What breed of dog is this?,chihuahua,chihuahua; chihuahua; chihuahua; chihuahua; mutt; mutt; hound; hound; pharoah; pharoah,snne/okvqa/images_perturbed/OKVQA_val2014_000000000000_4684875_blur1.jpg,4684875_blur1,blur,7,blur1
val2014,other,4684875,0,Plants and Animals,What breed of dog is this?,chihuahua,chihuahua; chihuahua; chihuahua; chihuahua; mutt; mutt; hound; hound; pharoah; pharoah,snne/okvqa/images_perturbed/OKVQA_val2014_000000000000_4684875_rotate1.jpg,4684875_rotate1,rotate,7,rotate1
val2014,other,4684875,0,Plants and Animals,What breed of dog is this?,chihuahua,chihuahua; chihuahua; chihuahua; chihuahua; mutt; mutt; hound; hound; pharoah; pharoah,snne/okvqa/images_perturbed/OKVQA_val2014_000000000000_4684875_shift1.jpg,4684875_shift1,shift,7,shift1
val2014,other,4684875,0,Plants and Animals,What breed of dog is this?,chihuahua,chihuahua; chihuahua; chihuahua; chihuahua; mutt; mutt; hound; hound; pharoah; pharoah,snne/okvqa/images_perturbed/OKVQA_val2014_000000000000_4684875_noise1.jpg,4684875_noise1,noise,10,noise1
val2014,other,4684875,0,Plants and Animals,What breed of dog is this?,chihuahua,chihuahua; chihuahua; chihuahua; chihuahua; mutt; mutt; hound; hound; pharoah; pharoah,snne/okvqa/images_perturbed/OKVQA_val2014_000000000000_4684875_masking1.jpg,4684875_masking1,masking,10,masking1
val2014,other,4684875,0,Plants and Animals,What breed of dog is this?,chihuahua,chihuahua; chihuahua; chihuahua; chihuahua; mutt; mutt; hound; hound; pharoah; pharoah,snne/okvqa/images_perturbed/OKVQA_val2014_000000000000_4684875_bw1.jpg,4684875_bw1,bw,NA,bw1
val2014,other,4100045,0,Cooking and Food,Where are fruits like this best found?,south america,south america; south america; south america; south america; tropics; tropics; jungle; jungle; south; south,snne/okvqa/images_perturbed/OKVQA_val2014_000000000000_4100045_contrast1.jpg,4100045_contrast1,contrast,5,contrast1
val2014,other,4100045,0,Cooking and Food,Where are fruits like this best found?,south america,south america; south america; south america; south america; tropics; tropics; jungle; jungle; south; south,snne/okvqa/images_perturbed/OKVQA_val2014_000000000000_4100045_blur1.jpg,4100045_blur1,blur,5,blur1
val2014,other,4100045,0,Cooking and Food,Where are fruits like this best found?,south america,south america; south america; south america; south america; tropics; tropics; jungle; jungle; south; south,snne/okvqa/images_perturbed/OKVQA_val2014_000000000000_4100045_rotate1.jpg,4100045_rotate1,rotate,5,rotate1
val2014,other,4100045,0,Cooking and Food,Where are fruits like this best found?,south america,south america; south america; south america; south america; tropics; tropics; jungle; jungle; south; south,snne/okvqa/images_perturbed/OKVQA_val2014_000000000000_4100045_shift1.jpg,4100045_shift1,shift,5,shift1
val2014,other,4100045,0,Cooking and Food,Where are fruits like this best found?,south america,south america; south america; south america; south america; tropics; tropics; jungle; jungle; south; south,snne/okvqa/images_perturbed/OKVQA_val2014_000000000000_4100045_noise1.jpg,4100045_noise1,noise,9,noise1
val2014,other,4100045,0,Cooking and Food,Where are fruits like this best found?,south america,south america; south america; south america; south america; tropics; tropics; jungle; jungle; south; south,snne/okvqa/images_perturbed/OKVQA_val2014_000000000000_4100045_masking1.jpg,4100045_masking1,masking,9,masking1
val2014,other,4100045,0,Cooking and Food,Where are fruits like this best found?,south america,south america; south america; south america; south america; tropics; tropics; jungle; jungle; south; south,snne/okvqa/images_perturbed/OKVQA_val2014_000000000000_4100045_bw1.jpg,4100045_bw1,bw,NA,bw1
val2014,other,2984405,0,Vehicles and Transportation,What model plane is this?,747,747; 747; 747; 747; boing; boing; boeing 474; boeing 474; boeing 737 86n; boeing 737 86n,snne/okvqa/images_perturbed/OKVQA_val2014_000000000000_2984405_contrast1.jpg,2984405_contrast1,contrast,8,contrast1
val2014,other,2984405,0,Vehicles and Transportation,What model plane is this?,747,747; 747; 747; 747; boing; boing; boeing 474; boeing 474; boeing 737 86n; boeing 737 86n,snne/okvqa/images_perturbed/OKVQA_val2014_000000000000_2984405_blur1.jpg,2984405_blur1,blur,8,blur1
val2014,other,2984405,0,Vehicles and Transportation,What model plane is this?,747,747; 747; 747; 747; boing; boing; boeing 474; boeing 474; boeing 737 86n; boeing 737 86n,snne/okvqa/images_perturbed/OKVQA_val2014_000000000000_2984405_rotate1.jpg,2984405_rotate1,rotate,8,rotate1
val2014,other,2984405,0,Vehicles and Transportation,What model plane is this?,747,747; 747; 747; 747; boing; boing; boeing 474; boeing 474; boeing 737 86n; boeing 737 86n,snne/okvqa/images_perturbed/OKVQA_val2014_000000000000_2984405_shift1.jpg,2984405_shift1,shift,8,shift1
val2014,other,2984405,0,Vehicles and Transportation,What model plane is this?,747,747; 747; 747; 747; boing; boing; boeing 474; boeing 474; boeing 737 86n; boeing 737 86n,snne/okvqa/images_perturbed/OKVQA_val2014_000000000000_2984405_noise1.jpg,2984405_noise1,noise,9,noise1
val2014,other,2984405,0,Vehicles and Transportation,What model plane is this?,747,747; 747; 747; 747; boing; boing; boeing 474; boeing 474; boeing 737 86n; boeing 737 86n,snne/okvqa/images_perturbed/OKVQA_val2014_000000000000_2984405_masking1.jpg,2984405_masking1,masking,9,masking1
val2014,other,2984405,0,Vehicles and Transportation,What model plane is this?,747,747; 747; 747; 747; boing; boing; boeing 474; boeing 474; boeing 737 86n; boeing 737 86n,snne/okvqa/images_perturbed/OKVQA_val2014_000000000000_2984405_bw1.jpg,2984405_bw1,bw,NA,bw1
val2014,other,5131255,0,Plants and Animals,What animal known as 'mans best friend' is in the suitcase?,dog,dog; dog; dog; dog; dog; dog; dog; dog; dog; dog,snne/okvqa/images_perturbed/OKVQA_val2014_000000000000_5131255_contrast1.jpg,5131255_contrast1,contrast,3,contrast1
val2014,other,5131255,0,Plants and Animals,What animal known as 'mans best friend' is in the suitcase?,dog,dog; dog; dog; dog; dog; dog; dog; dog; dog; dog,snne/okvqa/images_perturbed/OKVQA_val2014_000000000000_5131255_blur1.jpg,5131255_blur1,blur,3,blur1
val2014,other,5131255,0,Plants and Animals,What animal known as 'mans best friend' is in the suitcase?,dog,dog; dog; dog; dog; dog; dog; dog; dog; dog; dog,snne/okvqa/images_perturbed/OKVQA_val2014_000000000000_5131255_rotate1.jpg,5131255_rotate1,rotate,3,rotate1
val2014,other,5131255,0,Plants and Animals,What animal known as 'mans best friend' is in the suitcase?,dog,dog; dog; dog; dog; dog; dog; dog; dog; dog; dog,snne/okvqa/images_perturbed/OKVQA_val2014_000000000000_5131255_shift1.jpg,5131255_shift1,shift,3,shift1
val2014,other,5131255,0,Plants and Animals,What animal known as 'mans best friend' is in the suitcase?,dog,dog; dog; dog; dog; dog; dog; dog; dog; dog; dog,snne/okvqa/images_perturbed/OKVQA_val2014_000000000000_5131255_noise1.jpg,5131255_noise1,noise,10,noise1
val2014,other,5131255,0,Plants and Animals,What animal known as 'mans best friend' is in the suitcase?,dog,dog; dog; dog; dog; dog; dog; dog; dog; dog; dog,snne/okvqa/images_perturbed/OKVQA_val2014_000000000000_5131255_masking1.jpg,5131255_masking1,masking,10,masking1
val2014,other,5131255,0,Plants and Animals,What animal known as 'mans best friend' is in the suitcase?,dog,dog; dog; dog; dog; dog; dog; dog; dog; dog; dog,snne/okvqa/images_perturbed/OKVQA_val2014_000000000000_5131255_bw1.jpg,5131255_bw1,bw,NA,bw1
val2014,other,692665,0,Science and Technology,What type of computer is shown?,laptop,laptop; laptop; laptop; laptop; acer; acer; toshiba; toshiba; dell; dell,snne/okvqa/images_perturbed/OKVQA_val2014_000000000000_692665_contrast1.jpg,692665_contrast1,contrast,7,contrast1
val2014,other,692665,0,Science and Technology,What type of computer is shown?,laptop,laptop; laptop; laptop; laptop; acer; acer; toshiba; toshiba; dell; dell,snne/okvqa/images_perturbed/OKVQA_val2014_000000000000_692665_blur1.jpg,692665_blur1,blur,7,blur1
val2014,other,692665,0,Science and Technology,What type of computer is shown?,laptop,laptop; laptop; laptop; laptop; acer; acer; toshiba; toshiba; dell; dell,snne/okvqa/images_perturbed/OKVQA_val2014_000000000000_692665_rotate1.jpg,692665_rotate1,rotate,7,rotate1
val2014,other,692665,0,Science and Technology,What type of computer is shown?,laptop,laptop; laptop; laptop; laptop; acer; acer; toshiba; toshiba; dell; dell,snne/okvqa/images_perturbed/OKVQA_val2014_000000000000_692665_shift1.jpg,692665_shift1,shift,7,shift1
val2014,other,692665,0,Science and Technology,What type of computer is shown?,laptop,laptop; laptop; laptop; laptop; acer; acer; toshiba; toshiba; dell; dell,snne/okvqa/images_perturbed/OKVQA_val2014_000000000000_692665_noise1.jpg,692665_noise1,noise,7,noise1
val2014,other,692665,0,Science and Technology,What type of computer is shown?,laptop,laptop; laptop; laptop; laptop; acer; acer; toshiba; toshiba; dell; dell,snne/okvqa/images_perturbed/OKVQA_val2014_000000000000_692665_masking1.jpg,692665_masking1,masking,7,masking1
val2014,other,692665,0,Science and Technology,What type of computer is shown?,laptop,laptop; laptop; laptop; laptop; acer; acer; toshiba; toshiba; dell; dell,snne/okvqa/images_perturbed/OKVQA_val2014_000000000000_692665_bw1.jpg,692665_bw1,bw,NA,bw1
val2014,other,1603935,0,Weather and Climate,What item might be used to warm this item of furniture?,electric blanket,electric blanket; electric blanket; electric blanket; electric blanket; blanker; blanker; clothes dryer; clothes dryer; blanket; blanket,snne/okvqa/images_perturbed/OKVQA_val2014_000000000000_1603935_contrast1.jpg,1603935_contrast1,contrast,4,contrast1
val2014,other,1603935,0,Weather and Climate,What item might be used to warm this item of furniture?,electric blanket,electric blanket; electric blanket; electric blanket; electric blanket; blanker; blanker; clothes dryer; clothes dryer; blanket; blanket,snne/okvqa/images_perturbed/OKVQA_val2014_000000000000_1603935_blur1.jpg,1603935_blur1,blur,4,blur1
val2014,other,1603935,0,Weather and Climate,What item might be used to warm this item of furniture?,electric blanket,electric blanket; electric blanket; electric blanket; electric blanket; blanker; blanker; clothes dryer; clothes dryer; blanket; blanket,snne/okvqa/images_perturbed/OKVQA_val2014_000000000000_1603935_rotate1.jpg,1603935_rotate1,rotate,4,rotate1
val2014,other,1603935,0,Weather and Climate,What item might be used to warm this item of furniture?,electric blanket,electric blanket; electric blanket; electric blanket; electric blanket; blanker; blanker; clothes dryer; clothes dryer; blanket; blanket,snne/okvqa/images_perturbed/OKVQA_val2014_000000000000_1603935_shift1.jpg,1603935_shift1,shift,4,shift1
val2014,other,1603935,0,Weather and Climate,What item might be used to warm this item of furniture?,electric blanket,electric blanket; electric blanket; electric blanket; electric blanket; blanker; blanker; clothes dryer; clothes dryer; blanket; blanket,snne/okvqa/images_perturbed/OKVQA_val2014_000000000000_1603935_noise1.jpg,1603935_noise1,noise,7,noise1
val2014,other,1603935,0,Weather and Climate,What item might be used to warm this item of furniture?,electric blanket,electric blanket; electric blanket; electric blanket; electric blanket; blanker; blanker; clothes dryer; clothes dryer; blanket; blanket,snne/okvqa/images_perturbed/OKVQA_val2014_000000000000_1603935_masking1.jpg,1603935_masking1,masking,7,masking1
val2014,other,1603935,0,Weather and Climate,What item might be used to warm this item of furniture?,electric blanket,electric blanket; electric blanket; electric blanket; electric blanket; blanker; blanker; clothes dryer; clothes dryer; blanket; blanket,snne/okvqa/images_perturbed/OKVQA_val2014_000000000000_1603935_bw1.jpg,1603935_bw1,bw,NA,bw1
val2014,other,3770975,0,Cooking and Food,In what american city was this company founded?,chicago,chicago; chicago; chicago; chicago; seattle; seattle; cleveland; cleveland; new york; new york,snne/okvqa/images_perturbed/OKVQA_val2014_000000000000_3770975_contrast1.jpg,3770975_contrast1,contrast,5,contrast1
val2014,other,3770975,0,Cooking and Food,In what american city was this company founded?,chicago,chicago; chicago; chicago; chicago; seattle; seattle; cleveland; cleveland; new york; new york,snne/okvqa/images_perturbed/OKVQA_val2014_000000000000_3770975_blur1.jpg,3770975_blur1,blur,5,blur1
val2014,other,3770975,0,Cooking and Food,In what american city was this company founded?,chicago,chicago; chicago; chicago; chicago; seattle; seattle; cleveland; cleveland; new york; new york,snne/okvqa/images_perturbed/OKVQA_val2014_000000000000_3770975_rotate1.jpg,3770975_rotate1,rotate,5,rotate1
val2014,other,3770975,0,Cooking and Food,In what american city was this company founded?,chicago,chicago; chicago; chicago; chicago; seattle; seattle; cleveland; cleveland; new york; new york,snne/okvqa/images_perturbed/OKVQA_val2014_000000000000_3770975_shift1.jpg,3770975_shift1,shift,5,shift1
val2014,other,3770975,0,Cooking and Food,In what american city was this company founded?,chicago,chicago; chicago; chicago; chicago; seattle; seattle; cleveland; cleveland; new york; new york,snne/okvqa/images_perturbed/OKVQA_val2014_000000000000_3770975_noise1.jpg,3770975_noise1,noise,9,noise1
val2014,other,3770975,0,Cooking and Food,In what american city was this company founded?,chicago,chicago; chicago; chicago; chicago; seattle; seattle; cleveland; cleveland; new york; new york,snne/okvqa/images_perturbed/OKVQA_val2014_000000000000_3770975_masking1.jpg,3770975_masking1,masking,9,masking1
val2014,other,3770975,0,Cooking and Food,In what american city was this company founded?,chicago,chicago; chicago; chicago; chicago; seattle; seattle; cleveland; cleveland; new york; new york,snne/okvqa/images_perturbed/OKVQA_val2014_000000000000_3770975_bw1.jpg,3770975_bw1,bw,NA,bw1
val2014,other,3127465,0,"Objects, Material and Clothing",What type of camera filter is this called?,sepia,sepia; sepia; sepia; sepia; light; light; instagram; instagram; sephia; sephia,snne/okvqa/images_perturbed/OKVQA_val2014_000000000000_3127465_contrast1.jpg,3127465_contrast1,contrast,5,contrast1
val2014,other,3127465,0,"Objects, Material and Clothing",What type of camera filter is this called?,sepia,sepia; sepia; sepia; sepia; light; light; instagram; instagram; sephia; sephia,snne/okvqa/images_perturbed/OKVQA_val2014_000000000000_3127465_blur1.jpg,3127465_blur1,blur,5,blur1
val2014,other,3127465,0,"Objects, Material and Clothing",What type of camera filter is this called?,sepia,sepia; sepia; sepia; sepia; light; light; instagram; instagram; sephia; sephia,snne/okvqa/images_perturbed/OKVQA_val2014_000000000000_3127465_rotate1.jpg,3127465_rotate1,rotate,5,rotate1
val2014,other,3127465,0,"Objects, Material and Clothing",What type of camera filter is this called?,sepia,sepia; sepia; sepia; sepia; light; light; instagram; instagram; sephia; sephia,snne/okvqa/images_perturbed/OKVQA_val2014_000000000000_3127465_shift1.jpg,3127465_shift1,shift,5,shift1
val2014,other,3127465,0,"Objects, Material and Clothing",What type of camera filter is this called?,sepia,sepia; sepia; sepia; sepia; light; light; instagram; instagram; sephia; sephia,snne/okvqa/images_perturbed/OKVQA_val2014_000000000000_3127465_noise1.jpg,3127465_noise1,noise,6,noise1
val2014,other,3127465,0,"Objects, Material and Clothing",What type of camera filter is this called?,sepia,sepia; sepia; sepia; sepia; light; light; instagram; instagram; sephia; sephia,snne/okvqa/images_perturbed/OKVQA_val2014_000000000000_3127465_masking1.jpg,3127465_masking1,masking,6,masking1
val2014,other,3127465,0,"Objects, Material and Clothing",What type of camera filter is this called?,sepia,sepia; sepia; sepia; sepia; light; light; instagram; instagram; sephia; sephia,snne/okvqa/images_perturbed/OKVQA_val2014_000000000000_3127465_bw1.jpg,3127465_bw1,bw,NA,bw1
val2014,other,749675,0,Science and Technology,How old is this baby?,newborn,newborn; newborn; newborn; newborn; newborn; newborn; 1 day; 1 day; seconds; seconds,snne/okvqa/images_perturbed/OKVQA_val2014_000000000000_749675_contrast1.jpg,749675_contrast1,contrast,8,contrast1
val2014,other,749675,0,Science and Technology,How old is this baby?,newborn,newborn; newborn; newborn; newborn; newborn; newborn; 1 day; 1 day; seconds; seconds,snne/okvqa/images_perturbed/OKVQA_val2014_000000000000_749675_blur1.jpg,749675_blur1,blur,8,blur1
val2014,other,749675,0,Science and Technology,How old is this baby?,newborn,newborn; newborn; newborn; newborn; newborn; newborn; 1 day; 1 day; seconds; seconds,snne/okvqa/images_perturbed/OKVQA_val2014_000000000000_749675_rotate1.jpg,749675_rotate1,rotate,8,rotate1
val2014,other,749675,0,Science and Technology,How old is this baby?,newborn,newborn; newborn; newborn; newborn; newborn; newborn; 1 day; 1 day; seconds; seconds,snne/okvqa/images_perturbed/OKVQA_val2014_000000000000_749675_shift1.jpg,749675_shift1,shift,8,shift1
val2014,other,749675,0,Science and Technology,How old is this baby?,newborn,newborn; newborn; newborn; newborn; newborn; newborn; 1 day; 1 day; seconds; seconds,snne/okvqa/images_perturbed/OKVQA_val2014_000000000000_749675_noise1.jpg,749675_noise1,noise,10,noise1
val2014,other,749675,0,Science and Technology,How old is this baby?,newborn,newborn; newborn; newborn; newborn; newborn; newborn; 1 day; 1 day; seconds; seconds,snne/okvqa/images_perturbed/OKVQA_val2014_000000000000_749675_masking1.jpg,749675_masking1,masking,10,masking1
val2014,other,749675,0,Science and Technology,How old is this baby?,newborn,newborn; newborn; newborn; newborn; newborn; newborn; 1 day; 1 day; seconds; seconds,snne/okvqa/images_perturbed/OKVQA_val2014_000000000000_749675_bw1.jpg,749675_bw1,bw,NA,bw1
val2014,other,3679055,0,Sports and Recreation,What is the name of the sport in the picture?,surfing,surfing; surfing; surfing; surfing; surfing; surfing; surfing; surfing; water skiing; water skiing,snne/okvqa/images_perturbed/OKVQA_val2014_000000000000_3679055_contrast1.jpg,3679055_contrast1,contrast,6,contrast1
val2014,other,3679055,0,Sports and Recreation,What is the name of the sport in the picture?,surfing,surfing; surfing; surfing; surfing; surfing; surfing; surfing; surfing; water skiing; water skiing,snne/okvqa/images_perturbed/OKVQA_val2014_000000000000_3679055_blur1.jpg,3679055_blur1,blur,6,blur1
val2014,other,3679055,0,Sports and Recreation,What is the name of the sport in the picture?,surfing,surfing; surfing; surfing; surfing; surfing; surfing; surfing; surfing; water skiing; water skiing,snne/okvqa/images_perturbed/OKVQA_val2014_000000000000_3679055_rotate1.jpg,3679055_rotate1,rotate,6,rotate1
val2014,other,3679055,0,Sports and Recreation,What is the name of the sport in the picture?,surfing,surfing; surfing; surfing; surfing; surfing; surfing; surfing; surfing; water skiing; water skiing,snne/okvqa/images_perturbed/OKVQA_val2014_000000000000_3679055_shift1.jpg,3679055_shift1,shift,6,shift1
val2014,other,3679055,0,Sports and Recreation,What is the name of the sport in the picture?,surfing,surfing; surfing; surfing; surfing; surfing; surfing; surfing; surfing; water skiing; water skiing,snne/okvqa/images_perturbed/OKVQA_val2014_000000000000_3679055_noise1.jpg,3679055_noise1,noise,7,noise1
val2014,other,3679055,0,Sports and Recreation,What is the name of the sport in the picture?,surfing,surfing; surfing; surfing; surfing; surfing; surfing; surfing; surfing; water skiing; water skiing,snne/okvqa/images_perturbed/OKVQA_val2014_000000000000_3679055_masking1.jpg,3679055_masking1,masking,7,masking1
val2014,other,3679055,0,Sports and Recreation,What is the name of the sport in the picture?,surfing,surfing; surfing; surfing; surfing; surfing; surfing; surfing; surfing; water skiing; water skiing,snne/okvqa/images_perturbed/OKVQA_val2014_000000000000_3679055_bw1.jpg,3679055_bw1,bw,NA,bw1
val2014,other,2537325,0,Cooking and Food,What veggies are on this sandwich?,lettuce,lettuce; lettuce; lettuce; lettuce; lettuce; lettuce; spinach; spinach; spinach; spinach,snne/okvqa/images_perturbed/OKVQA_val2014_000000000000_2537325_contrast1.jpg,2537325_contrast1,contrast,3,contrast1
val2014,other,2537325,0,Cooking and Food,What veggies are on this sandwich?,lettuce,lettuce; lettuce; lettuce; lettuce; lettuce; lettuce; spinach; spinach; spinach; spinach,snne/okvqa/images_perturbed/OKVQA_val2014_000000000000_2537325_blur1.jpg,2537325_blur1,blur,3,blur1
val2014,other,2537325,0,Cooking and Food,What veggies are on this sandwich?,lettuce,lettuce; lettuce; lettuce; lettuce; lettuce; lettuce; spinach; spinach; spinach; spinach,snne/okvqa/images_perturbed/OKVQA_val2014_000000000000_2537325_rotate1.jpg,2537325_rotate1,rotate,3,rotate1
val2014,other,2537325,0,Cooking and Food,What veggies are on this sandwich?,lettuce,lettuce; lettuce; lettuce; lettuce; lettuce; lettuce; spinach; spinach; spinach; spinach,snne/okvqa/images_perturbed/OKVQA_val2014_000000000000_2537325_shift1.jpg,2537325_shift1,shift,3,shift1
val2014,other,2537325,0,Cooking and Food,What veggies are on this sandwich?,lettuce,lettuce; lettuce; lettuce; lettuce; lettuce; lettuce; spinach; spinach; spinach; spinach,snne/okvqa/images_perturbed/OKVQA_val2014_000000000000_2537325_noise1.jpg,2537325_noise1,noise,5,noise1
val2014,other,2537325,0,Cooking and Food,What veggies are on this sandwich?,lettuce,lettuce; lettuce; lettuce; lettuce; lettuce; lettuce; spinach; spinach; spinach; spinach,snne/okvqa/images_perturbed/OKVQA_val2014_000000000000_2537325_masking1.jpg,2537325_masking1,masking,5,masking1
val2014,other,2537325,0,Cooking and Food,What veggies are on this sandwich?,lettuce,lettuce; lettuce; lettuce; lettuce; lettuce; lettuce; spinach; spinach; spinach; spinach,snne/okvqa/images_perturbed/OKVQA_val2014_000000000000_2537325_bw1.jpg,2537325_bw1,bw,NA,bw1
val2014,other,504825,0,Sports and Recreation,How high are they?,very high,very high; very high; very high; very high; 6 feet; 6 feet; 2000 feet; 2000 feet; very; very,snne/okvqa/images_perturbed/OKVQA_val2014_000000000000_504825_contrast1.jpg,504825_contrast1,contrast,8,contrast1
val2014,other,504825,0,Sports and Recreation,How high are they?,very high,very high; very high; very high; very high; 6 feet; 6 feet; 2000 feet; 2000 feet; very; very,snne/okvqa/images_perturbed/OKVQA_val2014_000000000000_504825_blur1.jpg,504825_blur1,blur,8,blur1
val2014,other,504825,0,Sports and Recreation,How high are they?,very high,very high; very high; very high; very high; 6 feet; 6 feet; 2000 feet; 2000 feet; very; very,snne/okvqa/images_perturbed/OKVQA_val2014_000000000000_504825_rotate1.jpg,504825_rotate1,rotate,8,rotate1
val2014,other,504825,0,Sports and Recreation,How high are they?,very high,very high; very high; very high; very high; 6 feet; 6 feet; 2000 feet; 2000 feet; very; very,snne/okvqa/images_perturbed/OKVQA_val2014_000000000000_504825_shift1.jpg,504825_shift1,shift,8,shift1
val2014,other,504825,0,Sports and Recreation,How high are they?,very high,very high; very high; very high; very high; 6 feet; 6 feet; 2000 feet; 2000 feet; very; very,snne/okvqa/images_perturbed/OKVQA_val2014_000000000000_504825_noise1.jpg,504825_noise1,noise,8,noise1
val2014,other,504825,0,Sports and Recreation,How high are they?,very high,very high; very high; very high; very high; 6 feet; 6 feet; 2000 feet; 2000 feet; very; very,snne/okvqa/images_perturbed/OKVQA_val2014_000000000000_504825_masking1.jpg,504825_masking1,masking,8,masking1
val2014,other,504825,0,Sports and Recreation,How high are they?,very high,very high; very high; very high; very high; 6 feet; 6 feet; 2000 feet; 2000 feet; very; very,snne/okvqa/images_perturbed/OKVQA_val2014_000000000000_504825_bw1.jpg,504825_bw1,bw,NA,bw1
val2014,other,1608115,0,"Brands, Companies and Products",What functions do the items on the desk serve?,printing,printing; printing; printing; printing; work; work; work; work; printing and scanning; printing and scanning,snne/okvqa/images_perturbed/OKVQA_val2014_000000000000_1608115_contrast1.jpg,1608115_contrast1,contrast,3,contrast1
val2014,other,1608115,0,"Brands, Companies and Products",What functions do the items on the desk serve?,printing,printing; printing; printing; printing; work; work; work; work; printing and scanning; printing and scanning,snne/okvqa/images_perturbed/OKVQA_val2014_000000000000_1608115_blur1.jpg,1608115_blur1,blur,3,blur1
val2014,other,1608115,0,"Brands, Companies and Products",What functions do the items on the desk serve?,printing,printing; printing; printing; printing; work; work; work; work; printing and scanning; printing and scanning,snne/okvqa/images_perturbed/OKVQA_val2014_000000000000_1608115_rotate1.jpg,1608115_rotate1,rotate,3,rotate1
val2014,other,1608115,0,"Brands, Companies and Products",What functions do the items on the desk serve?,printing,printing; printing; printing; printing; work; work; work; work; printing and scanning; printing and scanning,snne/okvqa/images_perturbed/OKVQA_val2014_000000000000_1608115_shift1.jpg,1608115_shift1,shift,3,shift1
val2014,other,1608115,0,"Brands, Companies and Products",What functions do the items on the desk serve?,printing,printing; printing; printing; printing; work; work; work; work; printing and scanning; printing and scanning,snne/okvqa/images_perturbed/OKVQA_val2014_000000000000_1608115_noise1.jpg,1608115_noise1,noise,7,noise1
val2014,other,1608115,0,"Brands, Companies and Products",What functions do the items on the desk serve?,printing,printing; printing; printing; printing; work; work; work; work; printing and scanning; printing and scanning,snne/okvqa/images_perturbed/OKVQA_val2014_000000000000_1608115_masking1.jpg,1608115_masking1,masking,7,masking1
val2014,other,1608115,0,"Brands, Companies and Products",What functions do the items on the desk serve?,printing,printing; printing; printing; printing; work; work; work; work; printing and scanning; printing and scanning,snne/okvqa/images_perturbed/OKVQA_val2014_000000000000_1608115_bw1.jpg,1608115_bw1,bw,NA,bw1
val2014,other,2664515,0,Weather and Climate,What time of year is it?,summer,summer; summer; summer; summer; winter; winter; winter; winter; autumn; autumn,snne/okvqa/images_perturbed/OKVQA_val2014_000000000000_2664515_contrast1.jpg,2664515_contrast1,contrast,4,contrast1
val2014,other,2664515,0,Weather and Climate,What time of year is it?,summer,summer; summer; summer; summer; winter; winter; winter; winter; autumn; autumn,snne/okvqa/images_perturbed/OKVQA_val2014_000000000000_2664515_blur1.jpg,2664515_blur1,blur,4,blur1
val2014,other,2664515,0,Weather and Climate,What time of year is it?,summer,summer; summer; summer; summer; winter; winter; winter; winter; autumn; autumn,snne/okvqa/images_perturbed/OKVQA_val2014_000000000000_2664515_rotate1.jpg,2664515_rotate1,rotate,4,rotate1
val2014,other,2664515,0,Weather and Climate,What time of year is it?,summer,summer; summer; summer; summer; winter; winter; winter; winter; autumn; autumn,snne/okvqa/images_perturbed/OKVQA_val2014_000000000000_2664515_shift1.jpg,2664515_shift1,shift,4,shift1
val2014,other,2664515,0,Weather and Climate,What time of year is it?,summer,summer; summer; summer; summer; winter; winter; winter; winter; autumn; autumn,snne/okvqa/images_perturbed/OKVQA_val2014_000000000000_2664515_noise1.jpg,2664515_noise1,noise,10,noise1
val2014,other,2664515,0,Weather and Climate,What time of year is it?,summer,summer; summer; summer; summer; winter; winter; winter; winter; autumn; autumn,snne/okvqa/images_perturbed/OKVQA_val2014_000000000000_2664515_masking1.jpg,2664515_masking1,masking,10,masking1
val2014,other,2664515,0,Weather and Climate,What time of year is it?,summer,summer; summer; summer; summer; winter; winter; winter; winter; autumn; autumn,snne/okvqa/images_perturbed/OKVQA_val2014_000000000000_2664515_bw1.jpg,2664515_bw1,bw,NA,bw1
val2014,other,3412305,0,Other,What type of plant do these fruits grow from?,tree,tree; tree; tree; tree; tree; tree; orange tree; orange tree; trees; trees,snne/okvqa/images_perturbed/OKVQA_val2014_000000000000_3412305_contrast1.jpg,3412305_contrast1,contrast,5,contrast1
val2014,other,3412305,0,Other,What type of plant do these fruits grow from?,tree,tree; tree; tree; tree; tree; tree; orange tree; orange tree; trees; trees,snne/okvqa/images_perturbed/OKVQA_val2014_000000000000_3412305_blur1.jpg,3412305_blur1,blur,5,blur1
val2014,other,3412305,0,Other,What type of plant do these fruits grow from?,tree,tree; tree; tree; tree; tree; tree; orange tree; orange tree; trees; trees,snne/okvqa/images_perturbed/OKVQA_val2014_000000000000_3412305_rotate1.jpg,3412305_rotate1,rotate,5,rotate1
val2014,other,3412305,0,Other,What type of plant do these fruits grow from?,tree,tree; tree; tree; tree; tree; tree; orange tree; orange tree; trees; trees,snne/okvqa/images_perturbed/OKVQA_val2014_000000000000_3412305_shift1.jpg,3412305_shift1,shift,5,shift1
val2014,other,3412305,0,Other,What type of plant do these fruits grow from?,tree,tree; tree; tree; tree; tree; tree; orange tree; orange tree; trees; trees,snne/okvqa/images_perturbed/OKVQA_val2014_000000000000_3412305_noise1.jpg,3412305_noise1,noise,6,noise1
val2014,other,3412305,0,Other,What type of plant do these fruits grow from?,tree,tree; tree; tree; tree; tree; tree; orange tree; orange tree; trees; trees,snne/okvqa/images_perturbed/OKVQA_val2014_000000000000_3412305_masking1.jpg,3412305_masking1,masking,6,masking1
val2014,other,3412305,0,Other,What type of plant do these fruits grow from?,tree,tree; tree; tree; tree; tree; tree; orange tree; orange tree; trees; trees,snne/okvqa/images_perturbed/OKVQA_val2014_000000000000_3412305_bw1.jpg,3412305_bw1,bw,NA,bw1
val2014,other,3413095,0,People and Everyday life,What brand of suit is the man in the image wearing?,brooks brothers,brooks brothers; brooks brothers; brooks brothers; brooks brothers; gorgio armani; gorgio armani; name brand; name brand; gucchi; gucchi,snne/okvqa/images_perturbed/OKVQA_val2014_000000000000_3413095_contrast1.jpg,3413095_contrast1,contrast,8,contrast1
val2014,other,3413095,0,People and Everyday life,What brand of suit is the man in the image wearing?,brooks brothers,brooks brothers; brooks brothers; brooks brothers; brooks brothers; gorgio armani; gorgio armani; name brand; name brand; gucchi; gucchi,snne/okvqa/images_perturbed/OKVQA_val2014_000000000000_3413095_blur1.jpg,3413095_blur1,blur,8,blur1
val2014,other,3413095,0,People and Everyday life,What brand of suit is the man in the image wearing?,brooks brothers,brooks brothers; brooks brothers; brooks brothers; brooks brothers; gorgio armani; gorgio armani; name brand; name brand; gucchi; gucchi,snne/okvqa/images_perturbed/OKVQA_val2014_000000000000_3413095_rotate1.jpg,3413095_rotate1,rotate,8,rotate1
val2014,other,3413095,0,People and Everyday life,What brand of suit is the man in the image wearing?,brooks brothers,brooks brothers; brooks brothers; brooks brothers; brooks brothers; gorgio armani; gorgio armani; name brand; name brand; gucchi; gucchi,snne/okvqa/images_perturbed/OKVQA_val2014_000000000000_3413095_shift1.jpg,3413095_shift1,shift,8,shift1
val2014,other,3413095,0,People and Everyday life,What brand of suit is the man in the image wearing?,brooks brothers,brooks brothers; brooks brothers; brooks brothers; brooks brothers; gorgio armani; gorgio armani; name brand; name brand; gucchi; gucchi,snne/okvqa/images_perturbed/OKVQA_val2014_000000000000_3413095_noise1.jpg,3413095_noise1,noise,8,noise1
val2014,other,3413095,0,People and Everyday life,What brand of suit is the man in the image wearing?,brooks brothers,brooks brothers; brooks brothers; brooks brothers; brooks brothers; gorgio armani; gorgio armani; name brand; name brand; gucchi; gucchi,snne/okvqa/images_perturbed/OKVQA_val2014_000000000000_3413095_masking1.jpg,3413095_masking1,masking,8,masking1
val2014,other,3413095,0,People and Everyday life,What brand of suit is the man in the image wearing?,brooks brothers,brooks brothers; brooks brothers; brooks brothers; brooks brothers; gorgio armani; gorgio armani; name brand; name brand; gucchi; gucchi,snne/okvqa/images_perturbed/OKVQA_val2014_000000000000_3413095_bw1.jpg,3413095_bw1,bw,NA,bw1
val2014,other,3580245,0,"Objects, Material and Clothing",How many pounds is this suitcase rated for?,50,50; 50; 50; 50; 60; 60; 30; 30; 200; 200,snne/okvqa/images_perturbed/OKVQA_val2014_000000000000_3580245_contrast1.jpg,3580245_contrast1,contrast,7,contrast1
val2014,other,3580245,0,"Objects, Material and Clothing",How many pounds is this suitcase rated for?,50,50; 50; 50; 50; 60; 60; 30; 30; 200; 200,snne/okvqa/images_perturbed/OKVQA_val2014_000000000000_3580245_blur1.jpg,3580245_blur1,blur,7,blur1
val2014,other,3580245,0,"Objects, Material and Clothing",How many pounds is this suitcase rated for?,50,50; 50; 50; 50; 60; 60; 30; 30; 200; 200,snne/okvqa/images_perturbed/OKVQA_val2014_000000000000_3580245_rotate1.jpg,3580245_rotate1,rotate,7,rotate1
val2014,other,3580245,0,"Objects, Material and Clothing",How many pounds is this suitcase rated for?,50,50; 50; 50; 50; 60; 60; 30; 30; 200; 200,snne/okvqa/images_perturbed/OKVQA_val2014_000000000000_3580245_shift1.jpg,3580245_shift1,shift,7,shift1
val2014,other,3580245,0,"Objects, Material and Clothing",How many pounds is this suitcase rated for?,50,50; 50; 50; 50; 60; 60; 30; 30; 200; 200,snne/okvqa/images_perturbed/OKVQA_val2014_000000000000_3580245_noise1.jpg,3580245_noise1,noise,10,noise1
val2014,other,3580245,0,"Objects, Material and Clothing",How many pounds is this suitcase rated for?,50,50; 50; 50; 50; 60; 60; 30; 30; 200; 200,snne/okvqa/images_perturbed/OKVQA_val2014_000000000000_3580245_masking1.jpg,3580245_masking1,masking,10,masking1
val2014,other,3580245,0,"Objects, Material and Clothing",How many pounds is this suitcase rated for?,50,50; 50; 50; 50; 60; 60; 30; 30; 200; 200,snne/okvqa/images_perturbed/OKVQA_val2014_000000000000_3580245_bw1.jpg,3580245_bw1,bw,NA,bw1
val2014,other,1409635,0,Cooking and Food,What are these people waiting for?,food,food; food; food; food; food; food; food; food; food; food,snne/okvqa/images_perturbed/OKVQA_val2014_000000000000_1409635_contrast1.jpg,1409635_contrast1,contrast,6,contrast1
val2014,other,1409635,0,Cooking and Food,What are these people waiting for?,food,food; food; food; food; food; food; food; food; food; food,snne/okvqa/images_perturbed/OKVQA_val2014_000000000000_1409635_blur1.jpg,1409635_blur1,blur,6,blur1
val2014,other,1409635,0,Cooking and Food,What are these people waiting for?,food,food; food; food; food; food; food; food; food; food; food,snne/okvqa/images_perturbed/OKVQA_val2014_000000000000_1409635_rotate1.jpg,1409635_rotate1,rotate,6,rotate1
val2014,other,1409635,0,Cooking and Food,What are these people waiting for?,food,food; food; food; food; food; food; food; food; food; food,snne/okvqa/images_perturbed/OKVQA_val2014_000000000000_1409635_shift1.jpg,1409635_shift1,shift,6,shift1
val2014,other,1409635,0,Cooking and Food,What are these people waiting for?,food,food; food; food; food; food; food; food; food; food; food,snne/okvqa/images_perturbed/OKVQA_val2014_000000000000_1409635_noise1.jpg,1409635_noise1,noise,9,noise1
val2014,other,1409635,0,Cooking and Food,What are these people waiting for?,food,food; food; food; food; food; food; food; food; food; food,snne/okvqa/images_perturbed/OKVQA_val2014_000000000000_1409635_masking1.jpg,1409635_masking1,masking,9,masking1
val2014,other,1409635,0,Cooking and Food,What are these people waiting for?,food,food; food; food; food; food; food; food; food; food; food,snne/okvqa/images_perturbed/OKVQA_val2014_000000000000_1409635_bw1.jpg,1409635_bw1,bw,NA,bw1
val2014,other,1229825,0,Other,What does a messy desk like this say about a person?,disorganized,disorganized; disorganized; disorganized; disorganized; unorganized; unorganized; they are busy; they are busy; busy; busy,snne/okvqa/images_perturbed/OKVQA_val2014_000000000000_1229825_contrast1.jpg,1229825_contrast1,contrast,3,contrast1
val2014,other,1229825,0,Other,What does a messy desk like this say about a person?,disorganized,disorganized; disorganized; disorganized; disorganized; unorganized; unorganized; they are busy; they are busy; busy; busy,snne/okvqa/images_perturbed/OKVQA_val2014_000000000000_1229825_blur1.jpg,1229825_blur1,blur,3,blur1
val2014,other,1229825,0,Other,What does a messy desk like this say about a person?,disorganized,disorganized; disorganized; disorganized; disorganized; unorganized; unorganized; they are busy; they are busy; busy; busy,snne/okvqa/images_perturbed/OKVQA_val2014_000000000000_1229825_rotate1.jpg,1229825_rotate1,rotate,3,rotate1
val2014,other,1229825,0,Other,What does a messy desk like this say about a person?,disorganized,disorganized; disorganized; disorganized; disorganized; unorganized; unorganized; they are busy; they are busy; busy; busy,snne/okvqa/images_perturbed/OKVQA_val2014_000000000000_1229825_shift1.jpg,1229825_shift1,shift,3,shift1
val2014,other,1229825,0,Other,What does a messy desk like this say about a person?,disorganized,disorganized; disorganized; disorganized; disorganized; unorganized; unorganized; they are busy; they are busy; busy; busy,snne/okvqa/images_perturbed/OKVQA_val2014_000000000000_1229825_noise1.jpg,1229825_noise1,noise,5,noise1
val2014,other,1229825,0,Other,What does a messy desk like this say about a person?,disorganized,disorganized; disorganized; disorganized; disorganized; unorganized; unorganized; they are busy; they are busy; busy; busy,snne/okvqa/images_perturbed/OKVQA_val2014_000000000000_1229825_masking1.jpg,1229825_masking1,masking,5,masking1
val2014,other,1229825,0,Other,What does a messy desk like this say about a person?,disorganized,disorganized; disorganized; disorganized; disorganized; unorganized; unorganized; they are busy; they are busy; busy; busy,snne/okvqa/images_perturbed/OKVQA_val2014_000000000000_1229825_bw1.jpg,1229825_bw1,bw,NA,bw1
val2014,other,2655965,0,Cooking and Food,How long does it take to cook?,45 minutes,45 minutes; 45 minutes; 45 minutes; 45 minutes; 20 minutes; 20 minutes; 25 minutes; 25 minutes; minutes; minutes,snne/okvqa/images_perturbed/OKVQA_val2014_000000000000_2655965_contrast1.jpg,2655965_contrast1,contrast,7,contrast1
val2014,other,2655965,0,Cooking and Food,How long does it take to cook?,45 minutes,45 minutes; 45 minutes; 45 minutes; 45 minutes; 20 minutes; 20 minutes; 25 minutes; 25 minutes; minutes; minutes,snne/okvqa/images_perturbed/OKVQA_val2014_000000000000_2655965_blur1.jpg,2655965_blur1,blur,7,blur1
val2014,other,2655965,0,Cooking and Food,How long does it take to cook?,45 minutes,45 minutes; 45 minutes; 45 minutes; 45 minutes; 20 minutes; 20 minutes; 25 minutes; 25 minutes; minutes; minutes,snne/okvqa/images_perturbed/OKVQA_val2014_000000000000_2655965_rotate1.jpg,2655965_rotate1,rotate,7,rotate1
val2014,other,2655965,0,Cooking and Food,How long does it take to cook?,45 minutes,45 minutes; 45 minutes; 45 minutes; 45 minutes; 20 minutes; 20 minutes; 25 minutes; 25 minutes; minutes; minutes,snne/okvqa/images_perturbed/OKVQA_val2014_000000000000_2655965_shift1.jpg,2655965_shift1,shift,7,shift1
val2014,other,2655965,0,Cooking and Food,How long does it take to cook?,45 minutes,45 minutes; 45 minutes; 45 minutes; 45 minutes; 20 minutes; 20 minutes; 25 minutes; 25 minutes; minutes; minutes,snne/okvqa/images_perturbed/OKVQA_val2014_000000000000_2655965_noise1.jpg,2655965_noise1,noise,9,noise1
val2014,other,2655965,0,Cooking and Food,How long does it take to cook?,45 minutes,45 minutes; 45 minutes; 45 minutes; 45 minutes; 20 minutes; 20 minutes; 25 minutes; 25 minutes; minutes; minutes,snne/okvqa/images_perturbed/OKVQA_val2014_000000000000_2655965_masking1.jpg,2655965_masking1,masking,9,masking1
val2014,other,2655965,0,Cooking and Food,How long does it take to cook?,45 minutes,45 minutes; 45 minutes; 45 minutes; 45 minutes; 20 minutes; 20 minutes; 25 minutes; 25 minutes; minutes; minutes,snne/okvqa/images_perturbed/OKVQA_val2014_000000000000_2655965_bw1.jpg,2655965_bw1,bw,NA,bw1
val2014,other,2650635,0,"Geography, History, Language and Culture",What are these streets paved with?,asphalt,asphalt; asphalt; asphalt; asphalt; bricks; bricks; cobblestone; cobblestone; black top; black top,snne/okvqa/images_perturbed/OKVQA_val2014_000000000000_2650635_contrast1.jpg,2650635_contrast1,contrast,5,contrast1
val2014,other,2650635,0,"Geography, History, Language and Culture",What are these streets paved with?,asphalt,asphalt; asphalt; asphalt; asphalt; bricks; bricks; cobblestone; cobblestone; black top; black top,snne/okvqa/images_perturbed/OKVQA_val2014_000000000000_2650635_blur1.jpg,2650635_blur1,blur,5,blur1
val2014,other,2650635,0,"Geography, History, Language and Culture",What are these streets paved with?,asphalt,asphalt; asphalt; asphalt; asphalt; bricks; bricks; cobblestone; cobblestone; black top; black top,snne/okvqa/images_perturbed/OKVQA_val2014_000000000000_2650635_rotate1.jpg,2650635_rotate1,rotate,5,rotate1
val2014,other,2650635,0,"Geography, History, Language and Culture",What are these streets paved with?,asphalt,asphalt; asphalt; asphalt; asphalt; bricks; bricks; cobblestone; cobblestone; black top; black top,snne/okvqa/images_perturbed/OKVQA_val2014_000000000000_2650635_shift1.jpg,2650635_shift1,shift,5,shift1
val2014,other,2650635,0,"Geography, History, Language and Culture",What are these streets paved with?,asphalt,asphalt; asphalt; asphalt; asphalt; bricks; bricks; cobblestone; cobblestone; black top; black top,snne/okvqa/images_perturbed/OKVQA_val2014_000000000000_2650635_noise1.jpg,2650635_noise1,noise,7,noise1
val2014,other,2650635,0,"Geography, History, Language and Culture",What are these streets paved with?,asphalt,asphalt; asphalt; asphalt; asphalt; bricks; bricks; cobblestone; cobblestone; black top; black top,snne/okvqa/images_perturbed/OKVQA_val2014_000000000000_2650635_masking1.jpg,2650635_masking1,masking,7,masking1
val2014,other,2650635,0,"Geography, History, Language and Culture",What are these streets paved with?,asphalt,asphalt; asphalt; asphalt; asphalt; bricks; bricks; cobblestone; cobblestone; black top; black top,snne/okvqa/images_perturbed/OKVQA_val2014_000000000000_2650635_bw1.jpg,2650635_bw1,bw,NA,bw1
val2014,other,4494285,0,Plants and Animals,What kind of cow is this?,angus,angus; angus; angus; angus; holstein; holstein; beef cow; beef cow; beef; beef,snne/okvqa/images_perturbed/OKVQA_val2014_000000000000_4494285_contrast1.jpg,4494285_contrast1,contrast,3,contrast1
val2014,other,4494285,0,Plants and Animals,What kind of cow is this?,angus,angus; angus; angus; angus; holstein; holstein; beef cow; beef cow; beef; beef,snne/okvqa/images_perturbed/OKVQA_val2014_000000000000_4494285_blur1.jpg,4494285_blur1,blur,3,blur1
val2014,other,4494285,0,Plants and Animals,What kind of cow is this?,angus,angus; angus; angus; angus; holstein; holstein; beef cow; beef cow; beef; beef,snne/okvqa/images_perturbed/OKVQA_val2014_000000000000_4494285_rotate1.jpg,4494285_rotate1,rotate,3,rotate1
val2014,other,4494285,0,Plants and Animals,What kind of cow is this?,angus,angus; angus; angus; angus; holstein; holstein; beef cow; beef cow; beef; beef,snne/okvqa/images_perturbed/OKVQA_val2014_000000000000_4494285_shift1.jpg,4494285_shift1,shift,3,shift1
val2014,other,4494285,0,Plants and Animals,What kind of cow is this?,angus,angus; angus; angus; angus; holstein; holstein; beef cow; beef cow; beef; beef,snne/okvqa/images_perturbed/OKVQA_val2014_000000000000_4494285_noise1.jpg,4494285_noise1,noise,7,noise1
val2014,other,4494285,0,Plants and Animals,What kind of cow is this?,angus,angus; angus; angus; angus; holstein; holstein; beef cow; beef cow; beef; beef,snne/okvqa/images_perturbed/OKVQA_val2014_000000000000_4494285_masking1.jpg,4494285_masking1,masking,7,masking1
val2014,other,4494285,0,Plants and Animals,What kind of cow is this?,angus,angus; angus; angus; angus; holstein; holstein; beef cow; beef cow; beef; beef,snne/okvqa/images_perturbed/OKVQA_val2014_000000000000_4494285_bw1.jpg,4494285_bw1,bw,NA,bw1
val2014,other,1058855,0,Science and Technology,What is spewing out water?,fire hydrant,fire hydrant; fire hydrant; fire hydrant; fire hydrant; fire hydrant; fire hydrant; wave; wave; hydrant; hydrant,snne/okvqa/images_perturbed/OKVQA_val2014_000000000000_1058855_contrast1.jpg,1058855_contrast1,contrast,4,contrast1
val2014,other,1058855,0,Science and Technology,What is spewing out water?,fire hydrant,fire hydrant; fire hydrant; fire hydrant; fire hydrant; fire hydrant; fire hydrant; wave; wave; hydrant; hydrant,snne/okvqa/images_perturbed/OKVQA_val2014_000000000000_1058855_blur1.jpg,1058855_blur1,blur,4,blur1
val2014,other,1058855,0,Science and Technology,What is spewing out water?,fire hydrant,fire hydrant; fire hydrant; fire hydrant; fire hydrant; fire hydrant; fire hydrant; wave; wave; hydrant; hydrant,snne/okvqa/images_perturbed/OKVQA_val2014_000000000000_1058855_rotate1.jpg,1058855_rotate1,rotate,4,rotate1
val2014,other,1058855,0,Science and Technology,What is spewing out water?,fire hydrant,fire hydrant; fire hydrant; fire hydrant; fire hydrant; fire hydrant; fire hydrant; wave; wave; hydrant; hydrant,snne/okvqa/images_perturbed/OKVQA_val2014_000000000000_1058855_shift1.jpg,1058855_shift1,shift,4,shift1
val2014,other,1058855,0,Science and Technology,What is spewing out water?,fire hydrant,fire hydrant; fire hydrant; fire hydrant; fire hydrant; fire hydrant; fire hydrant; wave; wave; hydrant; hydrant,snne/okvqa/images_perturbed/OKVQA_val2014_000000000000_1058855_noise1.jpg,1058855_noise1,noise,10,noise1
val2014,other,1058855,0,Science and Technology,What is spewing out water?,fire hydrant,fire hydrant; fire hydrant; fire hydrant; fire hydrant; fire hydrant; fire hydrant; wave; wave; hydrant; hydrant,snne/okvqa/images_perturbed/OKVQA_val2014_000000000000_1058855_masking1.jpg,1058855_masking1,masking,10,masking1
val2014,other,1058855,0,Science and Technology,What is spewing out water?,fire hydrant,fire hydrant; fire hydrant; fire hydrant; fire hydrant; fire hydrant; fire hydrant; wave; wave; hydrant; hydrant,snne/okvqa/images_perturbed/OKVQA_val2014_000000000000_1058855_bw1.jpg,1058855_bw1,bw,NA,bw1
val2014,other,1162525,0,"Brands, Companies and Products",Why is the device on the right there?,mouse,mouse; mouse; mouse; mouse; to click; to click; to click; to click; to point; to point,snne/okvqa/images_perturbed/OKVQA_val2014_000000000000_1162525_contrast1.jpg,1162525_contrast1,contrast,4,contrast1
val2014,other,1162525,0,"Brands, Companies and Products",Why is the device on the right there?,mouse,mouse; mouse; mouse; mouse; to click; to click; to click; to click; to point; to point,snne/okvqa/images_perturbed/OKVQA_val2014_000000000000_1162525_blur1.jpg,1162525_blur1,blur,4,blur1
val2014,other,1162525,0,"Brands, Companies and Products",Why is the device on the right there?,mouse,mouse; mouse; mouse; mouse; to click; to click; to click; to click; to point; to point,snne/okvqa/images_perturbed/OKVQA_val2014_000000000000_1162525_rotate1.jpg,1162525_rotate1,rotate,4,rotate1
val2014,other,1162525,0,"Brands, Companies and Products",Why is the device on the right there?,mouse,mouse; mouse; mouse; mouse; to click; to click; to click; to click; to point; to point,snne/okvqa/images_perturbed/OKVQA_val2014_000000000000_1162525_shift1.jpg,1162525_shift1,shift,4,shift1
val2014,other,1162525,0,"Brands, Companies and Products",Why is the device on the right there?,mouse,mouse; mouse; mouse; mouse; to click; to click; to click; to click; to point; to point,snne/okvqa/images_perturbed/OKVQA_val2014_000000000000_1162525_noise1.jpg,1162525_noise1,noise,10,noise1
val2014,other,1162525,0,"Brands, Companies and Products",Why is the device on the right there?,mouse,mouse; mouse; mouse; mouse; to click; to click; to click; to click; to point; to point,snne/okvqa/images_perturbed/OKVQA_val2014_000000000000_1162525_masking1.jpg,1162525_masking1,masking,10,masking1
val2014,other,1162525,0,"Brands, Companies and Products",Why is the device on the right there?,mouse,mouse; mouse; mouse; mouse; to click; to click; to click; to click; to point; to point,snne/okvqa/images_perturbed/OKVQA_val2014_000000000000_1162525_bw1.jpg,1162525_bw1,bw,NA,bw1
val2014,other,4396515,0,Science and Technology,When would you want this drink?,morning,morning; morning; morning; morning; morning; morning; breakfast; breakfast; breakfast; breakfast,snne/okvqa/images_perturbed/OKVQA_val2014_000000000000_4396515_contrast1.jpg,4396515_contrast1,contrast,4,contrast1
val2014,other,4396515,0,Science and Technology,When would you want this drink?,morning,morning; morning; morning; morning; morning; morning; breakfast; breakfast; breakfast; breakfast,snne/okvqa/images_perturbed/OKVQA_val2014_000000000000_4396515_blur1.jpg,4396515_blur1,blur,4,blur1
val2014,other,4396515,0,Science and Technology,When would you want this drink?,morning,morning; morning; morning; morning; morning; morning; breakfast; breakfast; breakfast; breakfast,snne/okvqa/images_perturbed/OKVQA_val2014_000000000000_4396515_rotate1.jpg,4396515_rotate1,rotate,4,rotate1
val2014,other,4396515,0,Science and Technology,When would you want this drink?,morning,morning; morning; morning; morning; morning; morning; breakfast; breakfast; breakfast; breakfast,snne/okvqa/images_perturbed/OKVQA_val2014_000000000000_4396515_shift1.jpg,4396515_shift1,shift,4,shift1
val2014,other,4396515,0,Science and Technology,When would you want this drink?,morning,morning; morning; morning; morning; morning; morning; breakfast; breakfast; breakfast; breakfast,snne/okvqa/images_perturbed/OKVQA_val2014_000000000000_4396515_noise1.jpg,4396515_noise1,noise,6,noise1
val2014,other,4396515,0,Science and Technology,When would you want this drink?,morning,morning; morning; morning; morning; morning; morning; breakfast; breakfast; breakfast; breakfast,snne/okvqa/images_perturbed/OKVQA_val2014_000000000000_4396515_masking1.jpg,4396515_masking1,masking,6,masking1
val2014,other,4396515,0,Science and Technology,When would you want this drink?,morning,morning; morning; morning; morning; morning; morning; breakfast; breakfast; breakfast; breakfast,snne/okvqa/images_perturbed/OKVQA_val2014_000000000000_4396515_bw1.jpg,4396515_bw1,bw,NA,bw1
val2014,other,4113035,0,Other,What are they all doing together?,learning,learning; learning; learning; learning; learning; learning; studying; studying; studying; studying,snne/okvqa/images_perturbed/OKVQA_val2014_000000000000_4113035_contrast1.jpg,4113035_contrast1,contrast,4,contrast1
val2014,other,4113035,0,Other,What are they all doing together?,learning,learning; learning; learning; learning; learning; learning; studying; studying; studying; studying,snne/okvqa/images_perturbed/OKVQA_val2014_000000000000_4113035_blur1.jpg,4113035_blur1,blur,4,blur1
val2014,other,4113035,0,Other,What are they all doing together?,learning,learning; learning; learning; learning; learning; learning; studying; studying; studying; studying,snne/okvqa/images_perturbed/OKVQA_val2014_000000000000_4113035_rotate1.jpg,4113035_rotate1,rotate,4,rotate1
val2014,other,4113035,0,Other,What are they all doing together?,learning,learning; learning; learning; learning; learning; learning; studying; studying; studying; studying,snne/okvqa/images_perturbed/OKVQA_val2014_000000000000_4113035_shift1.jpg,4113035_shift1,shift,4,shift1
val2014,other,4113035,0,Other,What are they all doing together?,learning,learning; learning; learning; learning; learning; learning; studying; studying; studying; studying,snne/okvqa/images_perturbed/OKVQA_val2014_000000000000_4113035_noise1.jpg,4113035_noise1,noise,6,noise1
val2014,other,4113035,0,Other,What are they all doing together?,learning,learning; learning; learning; learning; learning; learning; studying; studying; studying; studying,snne/okvqa/images_perturbed/OKVQA_val2014_000000000000_4113035_masking1.jpg,4113035_masking1,masking,6,masking1
val2014,other,4113035,0,Other,What are they all doing together?,learning,learning; learning; learning; learning; learning; learning; studying; studying; studying; studying,snne/okvqa/images_perturbed/OKVQA_val2014_000000000000_4113035_bw1.jpg,4113035_bw1,bw,NA,bw1
val2014,other,3773935,0,"Geography, History, Language and Culture",What is the purpode of the tower to the left?,clock,clock; clock; clock; clock; tell time; tell time; residential; residential; lighthouse; lighthouse,snne/okvqa/images_perturbed/OKVQA_val2014_000000000000_3773935_contrast1.jpg,3773935_contrast1,contrast,6,contrast1
val2014,other,3773935,0,"Geography, History, Language and Culture",What is the purpode of the tower to the left?,clock,clock; clock; clock; clock; tell time; tell time; residential; residential; lighthouse; lighthouse,snne/okvqa/images_perturbed/OKVQA_val2014_000000000000_3773935_blur1.jpg,3773935_blur1,blur,6,blur1
val2014,other,3773935,0,"Geography, History, Language and Culture",What is the purpode of the tower to the left?,clock,clock; clock; clock; clock; tell time; tell time; residential; residential; lighthouse; lighthouse,snne/okvqa/images_perturbed/OKVQA_val2014_000000000000_3773935_rotate1.jpg,3773935_rotate1,rotate,6,rotate1
val2014,other,3773935,0,"Geography, History, Language and Culture",What is the purpode of the tower to the left?,clock,clock; clock; clock; clock; tell time; tell time; residential; residential; lighthouse; lighthouse,snne/okvqa/images_perturbed/OKVQA_val2014_000000000000_3773935_shift1.jpg,3773935_shift1,shift,6,shift1
val2014,other,3773935,0,"Geography, History, Language and Culture",What is the purpode of the tower to the left?,clock,clock; clock; clock; clock; tell time; tell time; residential; residential; lighthouse; lighthouse,snne/okvqa/images_perturbed/OKVQA_val2014_000000000000_3773935_noise1.jpg,3773935_noise1,noise,5,noise1
val2014,other,3773935,0,"Geography, History, Language and Culture",What is the purpode of the tower to the left?,clock,clock; clock; clock; clock; tell time; tell time; residential; residential; lighthouse; lighthouse,snne/okvqa/images_perturbed/OKVQA_val2014_000000000000_3773935_masking1.jpg,3773935_masking1,masking,5,masking1
val2014,other,3773935,0,"Geography, History, Language and Culture",What is the purpode of the tower to the left?,clock,clock; clock; clock; clock; tell time; tell time; residential; residential; lighthouse; lighthouse,snne/okvqa/images_perturbed/OKVQA_val2014_000000000000_3773935_bw1.jpg,3773935_bw1,bw,NA,bw1
val2014,other,5399385,0,Vehicles and Transportation,Where is this location?,countryside,countryside; countryside; countryside; countryside; railyard; railyard; train yard; train yard; in countryside; in countryside,snne/okvqa/images_perturbed/OKVQA_val2014_000000000000_5399385_contrast1.jpg,5399385_contrast1,contrast,4,contrast1
val2014,other,5399385,0,Vehicles and Transportation,Where is this location?,countryside,countryside; countryside; countryside; countryside; railyard; railyard; train yard; train yard; in countryside; in countryside,snne/okvqa/images_perturbed/OKVQA_val2014_000000000000_5399385_blur1.jpg,5399385_blur1,blur,4,blur1
val2014,other,5399385,0,Vehicles and Transportation,Where is this location?,countryside,countryside; countryside; countryside; countryside; railyard; railyard; train yard; train yard; in countryside; in countryside,snne/okvqa/images_perturbed/OKVQA_val2014_000000000000_5399385_rotate1.jpg,5399385_rotate1,rotate,4,rotate1
val2014,other,5399385,0,Vehicles and Transportation,Where is this location?,countryside,countryside; countryside; countryside; countryside; railyard; railyard; train yard; train yard; in countryside; in countryside,snne/okvqa/images_perturbed/OKVQA_val2014_000000000000_5399385_shift1.jpg,5399385_shift1,shift,4,shift1
val2014,other,5399385,0,Vehicles and Transportation,Where is this location?,countryside,countryside; countryside; countryside; countryside; railyard; railyard; train yard; train yard; in countryside; in countryside,snne/okvqa/images_perturbed/OKVQA_val2014_000000000000_5399385_noise1.jpg,5399385_noise1,noise,10,noise1
val2014,other,5399385,0,Vehicles and Transportation,Where is this location?,countryside,countryside; countryside; countryside; countryside; railyard; railyard; train yard; train yard; in countryside; in countryside,snne/okvqa/images_perturbed/OKVQA_val2014_000000000000_5399385_masking1.jpg,5399385_masking1,masking,10,masking1
val2014,other,5399385,0,Vehicles and Transportation,Where is this location?,countryside,countryside; countryside; countryside; countryside; railyard; railyard; train yard; train yard; in countryside; in countryside,snne/okvqa/images_perturbed/OKVQA_val2014_000000000000_5399385_bw1.jpg,5399385_bw1,bw,NA,bw1
val2014,other,5274975,0,Science and Technology,Is this a desktop or laptop computer?,desktop,desktop; desktop; desktop; desktop; desktop; desktop; desktop; desktop; desktop; desktop,snne/okvqa/images_perturbed/OKVQA_val2014_000000000000_5274975_contrast1.jpg,5274975_contrast1,contrast,5,contrast1
val2014,other,5274975,0,Science and Technology,Is this a desktop or laptop computer?,desktop,desktop; desktop; desktop; desktop; desktop; desktop; desktop; desktop; desktop; desktop,snne/okvqa/images_perturbed/OKVQA_val2014_000000000000_5274975_blur1.jpg,5274975_blur1,blur,5,blur1
val2014,other,5274975,0,Science and Technology,Is this a desktop or laptop computer?,desktop,desktop; desktop; desktop; desktop; desktop; desktop; desktop; desktop; desktop; desktop,snne/okvqa/images_perturbed/OKVQA_val2014_000000000000_5274975_rotate1.jpg,5274975_rotate1,rotate,5,rotate1
val2014,other,5274975,0,Science and Technology,Is this a desktop or laptop computer?,desktop,desktop; desktop; desktop; desktop; desktop; desktop; desktop; desktop; desktop; desktop,snne/okvqa/images_perturbed/OKVQA_val2014_000000000000_5274975_shift1.jpg,5274975_shift1,shift,5,shift1
val2014,other,5274975,0,Science and Technology,Is this a desktop or laptop computer?,desktop,desktop; desktop; desktop; desktop; desktop; desktop; desktop; desktop; desktop; desktop,snne/okvqa/images_perturbed/OKVQA_val2014_000000000000_5274975_noise1.jpg,5274975_noise1,noise,8,noise1
val2014,other,5274975,0,Science and Technology,Is this a desktop or laptop computer?,desktop,desktop; desktop; desktop; desktop; desktop; desktop; desktop; desktop; desktop; desktop,snne/okvqa/images_perturbed/OKVQA_val2014_000000000000_5274975_masking1.jpg,5274975_masking1,masking,8,masking1
val2014,other,5274975,0,Science and Technology,Is this a desktop or laptop computer?,desktop,desktop; desktop; desktop; desktop; desktop; desktop; desktop; desktop; desktop; desktop,snne/okvqa/images_perturbed/OKVQA_val2014_000000000000_5274975_bw1.jpg,5274975_bw1,bw,NA,bw1
val2014,other,1973525,0,Weather and Climate,What is the temperature like?,warm,warm; warm; warm; warm; warm; warm; hot; hot; mild; mild,snne/okvqa/images_perturbed/OKVQA_val2014_000000000000_1973525_contrast1.jpg,1973525_contrast1,contrast,4,contrast1
val2014,other,1973525,0,Weather and Climate,What is the temperature like?,warm,warm; warm; warm; warm; warm; warm; hot; hot; mild; mild,snne/okvqa/images_perturbed/OKVQA_val2014_000000000000_1973525_blur1.jpg,1973525_blur1,blur,4,blur1
val2014,other,1973525,0,Weather and Climate,What is the temperature like?,warm,warm; warm; warm; warm; warm; warm; hot; hot; mild; mild,snne/okvqa/images_perturbed/OKVQA_val2014_000000000000_1973525_rotate1.jpg,1973525_rotate1,rotate,4,rotate1
val2014,other,1973525,0,Weather and Climate,What is the temperature like?,warm,warm; warm; warm; warm; warm; warm; hot; hot; mild; mild,snne/okvqa/images_perturbed/OKVQA_val2014_000000000000_1973525_shift1.jpg,1973525_shift1,shift,4,shift1
val2014,other,1973525,0,Weather and Climate,What is the temperature like?,warm,warm; warm; warm; warm; warm; warm; hot; hot; mild; mild,snne/okvqa/images_perturbed/OKVQA_val2014_000000000000_1973525_noise1.jpg,1973525_noise1,noise,7,noise1
val2014,other,1973525,0,Weather and Climate,What is the temperature like?,warm,warm; warm; warm; warm; warm; warm; hot; hot; mild; mild,snne/okvqa/images_perturbed/OKVQA_val2014_000000000000_1973525_masking1.jpg,1973525_masking1,masking,7,masking1
val2014,other,1973525,0,Weather and Climate,What is the temperature like?,warm,warm; warm; warm; warm; warm; warm; hot; hot; mild; mild,snne/okvqa/images_perturbed/OKVQA_val2014_000000000000_1973525_bw1.jpg,1973525_bw1,bw,NA,bw1
val2014,other,1572615,0,Vehicles and Transportation,What is this train hauling?,cargo,cargo; cargo; cargo; cargo; cargo; cargo; coal; coal; people; people,snne/okvqa/images_perturbed/OKVQA_val2014_000000000000_1572615_contrast1.jpg,1572615_contrast1,contrast,4,contrast1
val2014,other,1572615,0,Vehicles and Transportation,What is this train hauling?,cargo,cargo; cargo; cargo; cargo; cargo; cargo; coal; coal; people; people,snne/okvqa/images_perturbed/OKVQA_val2014_000000000000_1572615_blur1.jpg,1572615_blur1,blur,4,blur1
val2014,other,1572615,0,Vehicles and Transportation,What is this train hauling?,cargo,cargo; cargo; cargo; cargo; cargo; cargo; coal; coal; people; people,snne/okvqa/images_perturbed/OKVQA_val2014_000000000000_1572615_rotate1.jpg,1572615_rotate1,rotate,4,rotate1
val2014,other,1572615,0,Vehicles and Transportation,What is this train hauling?,cargo,cargo; cargo; cargo; cargo; cargo; cargo; coal; coal; people; people,snne/okvqa/images_perturbed/OKVQA_val2014_000000000000_1572615_shift1.jpg,1572615_shift1,shift,4,shift1
val2014,other,1572615,0,Vehicles and Transportation,What is this train hauling?,cargo,cargo; cargo; cargo; cargo; cargo; cargo; coal; coal; people; people,snne/okvqa/images_perturbed/OKVQA_val2014_000000000000_1572615_noise1.jpg,1572615_noise1,noise,10,noise1
val2014,other,1572615,0,Vehicles and Transportation,What is this train hauling?,cargo,cargo; cargo; cargo; cargo; cargo; cargo; coal; coal; people; people,snne/okvqa/images_perturbed/OKVQA_val2014_000000000000_1572615_masking1.jpg,1572615_masking1,masking,10,masking1
val2014,other,1572615,0,Vehicles and Transportation,What is this train hauling?,cargo,cargo; cargo; cargo; cargo; cargo; cargo; coal; coal; people; people,snne/okvqa/images_perturbed/OKVQA_val2014_000000000000_1572615_bw1.jpg,1572615_bw1,bw,NA,bw1
val2014,other,3271555,0,Weather and Climate,What does the sign in the photo mean?,no swimming,no swimming; no swimming; no swimming; no swimming; no parking; no parking; stop; stop; no standing; no standing,snne/okvqa/images_perturbed/OKVQA_val2014_000000000000_3271555_contrast1.jpg,3271555_contrast1,contrast,3,contrast1
val2014,other,3271555,0,Weather and Climate,What does the sign in the photo mean?,no swimming,no swimming; no swimming; no swimming; no swimming; no parking; no parking; stop; stop; no standing; no standing,snne/okvqa/images_perturbed/OKVQA_val2014_000000000000_3271555_blur1.jpg,3271555_blur1,blur,3,blur1
val2014,other,3271555,0,Weather and Climate,What does the sign in the photo mean?,no swimming,no swimming; no swimming; no swimming; no swimming; no parking; no parking; stop; stop; no standing; no standing,snne/okvqa/images_perturbed/OKVQA_val2014_000000000000_3271555_rotate1.jpg,3271555_rotate1,rotate,3,rotate1
val2014,other,3271555,0,Weather and Climate,What does the sign in the photo mean?,no swimming,no swimming; no swimming; no swimming; no swimming; no parking; no parking; stop; stop; no standing; no standing,snne/okvqa/images_perturbed/OKVQA_val2014_000000000000_3271555_shift1.jpg,3271555_shift1,shift,3,shift1
val2014,other,3271555,0,Weather and Climate,What does the sign in the photo mean?,no swimming,no swimming; no swimming; no swimming; no swimming; no parking; no parking; stop; stop; no standing; no standing,snne/okvqa/images_perturbed/OKVQA_val2014_000000000000_3271555_noise1.jpg,3271555_noise1,noise,8,noise1
val2014,other,3271555,0,Weather and Climate,What does the sign in the photo mean?,no swimming,no swimming; no swimming; no swimming; no swimming; no parking; no parking; stop; stop; no standing; no standing,snne/okvqa/images_perturbed/OKVQA_val2014_000000000000_3271555_masking1.jpg,3271555_masking1,masking,8,masking1
val2014,other,3271555,0,Weather and Climate,What does the sign in the photo mean?,no swimming,no swimming; no swimming; no swimming; no swimming; no parking; no parking; stop; stop; no standing; no standing,snne/okvqa/images_perturbed/OKVQA_val2014_000000000000_3271555_bw1.jpg,3271555_bw1,bw,NA,bw1
val2014,other,5752545,0,"Brands, Companies and Products",Which brand of cycle is shown in this photo?,schwinn,schwinn; schwinn; schwinn; schwinn; huffy; huffy; williams; williams; bicycle; bicycle,snne/okvqa/images_perturbed/OKVQA_val2014_000000000000_5752545_contrast1.jpg,5752545_contrast1,contrast,3,contrast1
val2014,other,5752545,0,"Brands, Companies and Products",Which brand of cycle is shown in this photo?,schwinn,schwinn; schwinn; schwinn; schwinn; huffy; huffy; williams; williams; bicycle; bicycle,snne/okvqa/images_perturbed/OKVQA_val2014_000000000000_5752545_blur1.jpg,5752545_blur1,blur,3,blur1
val2014,other,5752545,0,"Brands, Companies and Products",Which brand of cycle is shown in this photo?,schwinn,schwinn; schwinn; schwinn; schwinn; huffy; huffy; williams; williams; bicycle; bicycle,snne/okvqa/images_perturbed/OKVQA_val2014_000000000000_5752545_rotate1.jpg,5752545_rotate1,rotate,3,rotate1
val2014,other,5752545,0,"Brands, Companies and Products",Which brand of cycle is shown in this photo?,schwinn,schwinn; schwinn; schwinn; schwinn; huffy; huffy; williams; williams; bicycle; bicycle,snne/okvqa/images_perturbed/OKVQA_val2014_000000000000_5752545_shift1.jpg,5752545_shift1,shift,3,shift1
val2014,other,5752545,0,"Brands, Companies and Products",Which brand of cycle is shown in this photo?,schwinn,schwinn; schwinn; schwinn; schwinn; huffy; huffy; williams; williams; bicycle; bicycle,snne/okvqa/images_perturbed/OKVQA_val2014_000000000000_5752545_noise1.jpg,5752545_noise1,noise,8,noise1
val2014,other,5752545,0,"Brands, Companies and Products",Which brand of cycle is shown in this photo?,schwinn,schwinn; schwinn; schwinn; schwinn; huffy; huffy; williams; williams; bicycle; bicycle,snne/okvqa/images_perturbed/OKVQA_val2014_000000000000_5752545_masking1.jpg,5752545_masking1,masking,8,masking1
val2014,other,5752545,0,"Brands, Companies and Products",Which brand of cycle is shown in this photo?,schwinn,schwinn; schwinn; schwinn; schwinn; huffy; huffy; williams; williams; bicycle; bicycle,snne/okvqa/images_perturbed/OKVQA_val2014_000000000000_5752545_bw1.jpg,5752545_bw1,bw,NA,bw1
val2014,other,4194085,0,People and Everyday life,The hooligan in this photo is breaking a rule that might damage what part of the park?,chain,chain; chain; chain; chain; plants; plants; barriers; barriers; chain fence; chain fence,snne/okvqa/images_perturbed/OKVQA_val2014_000000000000_4194085_contrast1.jpg,4194085_contrast1,contrast,4,contrast1
val2014,other,4194085,0,People and Everyday life,The hooligan in this photo is breaking a rule that might damage what part of the park?,chain,chain; chain; chain; chain; plants; plants; barriers; barriers; chain fence; chain fence,snne/okvqa/images_perturbed/OKVQA_val2014_000000000000_4194085_blur1.jpg,4194085_blur1,blur,4,blur1
val2014,other,4194085,0,People and Everyday life,The hooligan in this photo is breaking a rule that might damage what part of the park?,chain,chain; chain; chain; chain; plants; plants; barriers; barriers; chain fence; chain fence,snne/okvqa/images_perturbed/OKVQA_val2014_000000000000_4194085_rotate1.jpg,4194085_rotate1,rotate,4,rotate1
val2014,other,4194085,0,People and Everyday life,The hooligan in this photo is breaking a rule that might damage what part of the park?,chain,chain; chain; chain; chain; plants; plants; barriers; barriers; chain fence; chain fence,snne/okvqa/images_perturbed/OKVQA_val2014_000000000000_4194085_shift1.jpg,4194085_shift1,shift,4,shift1
val2014,other,4194085,0,People and Everyday life,The hooligan in this photo is breaking a rule that might damage what part of the park?,chain,chain; chain; chain; chain; plants; plants; barriers; barriers; chain fence; chain fence,snne/okvqa/images_perturbed/OKVQA_val2014_000000000000_4194085_noise1.jpg,4194085_noise1,noise,6,noise1
val2014,other,4194085,0,People and Everyday life,The hooligan in this photo is breaking a rule that might damage what part of the park?,chain,chain; chain; chain; chain; plants; plants; barriers; barriers; chain fence; chain fence,snne/okvqa/images_perturbed/OKVQA_val2014_000000000000_4194085_masking1.jpg,4194085_masking1,masking,6,masking1
val2014,other,4194085,0,People and Everyday life,The hooligan in this photo is breaking a rule that might damage what part of the park?,chain,chain; chain; chain; chain; plants; plants; barriers; barriers; chain fence; chain fence,snne/okvqa/images_perturbed/OKVQA_val2014_000000000000_4194085_bw1.jpg,4194085_bw1,bw,NA,bw1
val2014,other,3874635,0,Sports and Recreation,Is the skateboard on a flat or round surface?,round,round; round; round; round; round; round; round; round; flat; flat,snne/okvqa/images_perturbed/OKVQA_val2014_000000000000_3874635_contrast1.jpg,3874635_contrast1,contrast,5,contrast1
val2014,other,3874635,0,Sports and Recreation,Is the skateboard on a flat or round surface?,round,round; round; round; round; round; round; round; round; flat; flat,snne/okvqa/images_perturbed/OKVQA_val2014_000000000000_3874635_blur1.jpg,3874635_blur1,blur,5,blur1
val2014,other,3874635,0,Sports and Recreation,Is the skateboard on a flat or round surface?,round,round; round; round; round; round; round; round; round; flat; flat,snne/okvqa/images_perturbed/OKVQA_val2014_000000000000_3874635_rotate1.jpg,3874635_rotate1,rotate,5,rotate1
val2014,other,3874635,0,Sports and Recreation,Is the skateboard on a flat or round surface?,round,round; round; round; round; round; round; round; round; flat; flat,snne/okvqa/images_perturbed/OKVQA_val2014_000000000000_3874635_shift1.jpg,3874635_shift1,shift,5,shift1
val2014,other,3874635,0,Sports and Recreation,Is the skateboard on a flat or round surface?,round,round; round; round; round; round; round; round; round; flat; flat,snne/okvqa/images_perturbed/OKVQA_val2014_000000000000_3874635_noise1.jpg,3874635_noise1,noise,6,noise1
val2014,other,3874635,0,Sports and Recreation,Is the skateboard on a flat or round surface?,round,round; round; round; round; round; round; round; round; flat; flat,snne/okvqa/images_perturbed/OKVQA_val2014_000000000000_3874635_masking1.jpg,3874635_masking1,masking,6,masking1
val2014,other,3874635,0,Sports and Recreation,Is the skateboard on a flat or round surface?,round,round; round; round; round; round; round; round; round; flat; flat,snne/okvqa/images_perturbed/OKVQA_val2014_000000000000_3874635_bw1.jpg,3874635_bw1,bw,NA,bw1
val2014,other,1879015,0,"Geography, History, Language and Culture",Are the tops of these towers minarets or domes?,minarets,minarets; minarets; minarets; minarets; minarets; minarets; domes; domes; domes; domes,snne/okvqa/images_perturbed/OKVQA_val2014_000000000000_1879015_contrast1.jpg,1879015_contrast1,contrast,4,contrast1
val2014,other,1879015,0,"Geography, History, Language and Culture",Are the tops of these towers minarets or domes?,minarets,minarets; minarets; minarets; minarets; minarets; minarets; domes; domes; domes; domes,snne/okvqa/images_perturbed/OKVQA_val2014_000000000000_1879015_blur1.jpg,1879015_blur1,blur,4,blur1
val2014,other,1879015,0,"Geography, History, Language and Culture",Are the tops of these towers minarets or domes?,minarets,minarets; minarets; minarets; minarets; minarets; minarets; domes; domes; domes; domes,snne/okvqa/images_perturbed/OKVQA_val2014_000000000000_1879015_rotate1.jpg,1879015_rotate1,rotate,4,rotate1
val2014,other,1879015,0,"Geography, History, Language and Culture",Are the tops of these towers minarets or domes?,minarets,minarets; minarets; minarets; minarets; minarets; minarets; domes; domes; domes; domes,snne/okvqa/images_perturbed/OKVQA_val2014_000000000000_1879015_shift1.jpg,1879015_shift1,shift,4,shift1
val2014,other,1879015,0,"Geography, History, Language and Culture",Are the tops of these towers minarets or domes?,minarets,minarets; minarets; minarets; minarets; minarets; minarets; domes; domes; domes; domes,snne/okvqa/images_perturbed/OKVQA_val2014_000000000000_1879015_noise1.jpg,1879015_noise1,noise,5,noise1
val2014,other,1879015,0,"Geography, History, Language and Culture",Are the tops of these towers minarets or domes?,minarets,minarets; minarets; minarets; minarets; minarets; minarets; domes; domes; domes; domes,snne/okvqa/images_perturbed/OKVQA_val2014_000000000000_1879015_masking1.jpg,1879015_masking1,masking,5,masking1
val2014,other,1879015,0,"Geography, History, Language and Culture",Are the tops of these towers minarets or domes?,minarets,minarets; minarets; minarets; minarets; minarets; minarets; domes; domes; domes; domes,snne/okvqa/images_perturbed/OKVQA_val2014_000000000000_1879015_bw1.jpg,1879015_bw1,bw,NA,bw1
val2014,other,1967155,0,Vehicles and Transportation,Why is this vehicle parked in the beach?,life gaurd,life gaurd; life gaurd; life gaurd; life gaurd; working; working; maintenance; maintenance; he is lifeguard; he is lifeguard,snne/okvqa/images_perturbed/OKVQA_val2014_000000000000_1967155_contrast1.jpg,1967155_contrast1,contrast,8,contrast1
val2014,other,1967155,0,Vehicles and Transportation,Why is this vehicle parked in the beach?,life gaurd,life gaurd; life gaurd; life gaurd; life gaurd; working; working; maintenance; maintenance; he is lifeguard; he is lifeguard,snne/okvqa/images_perturbed/OKVQA_val2014_000000000000_1967155_blur1.jpg,1967155_blur1,blur,8,blur1
val2014,other,1967155,0,Vehicles and Transportation,Why is this vehicle parked in the beach?,life gaurd,life gaurd; life gaurd; life gaurd; life gaurd; working; working; maintenance; maintenance; he is lifeguard; he is lifeguard,snne/okvqa/images_perturbed/OKVQA_val2014_000000000000_1967155_rotate1.jpg,1967155_rotate1,rotate,8,rotate1
val2014,other,1967155,0,Vehicles and Transportation,Why is this vehicle parked in the beach?,life gaurd,life gaurd; life gaurd; life gaurd; life gaurd; working; working; maintenance; maintenance; he is lifeguard; he is lifeguard,snne/okvqa/images_perturbed/OKVQA_val2014_000000000000_1967155_shift1.jpg,1967155_shift1,shift,8,shift1
val2014,other,1967155,0,Vehicles and Transportation,Why is this vehicle parked in the beach?,life gaurd,life gaurd; life gaurd; life gaurd; life gaurd; working; working; maintenance; maintenance; he is lifeguard; he is lifeguard,snne/okvqa/images_perturbed/OKVQA_val2014_000000000000_1967155_noise1.jpg,1967155_noise1,noise,6,noise1
val2014,other,1967155,0,Vehicles and Transportation,Why is this vehicle parked in the beach?,life gaurd,life gaurd; life gaurd; life gaurd; life gaurd; working; working; maintenance; maintenance; he is lifeguard; he is lifeguard,snne/okvqa/images_perturbed/OKVQA_val2014_000000000000_1967155_masking1.jpg,1967155_masking1,masking,6,masking1
val2014,other,1967155,0,Vehicles and Transportation,Why is this vehicle parked in the beach?,life gaurd,life gaurd; life gaurd; life gaurd; life gaurd; working; working; maintenance; maintenance; he is lifeguard; he is lifeguard,snne/okvqa/images_perturbed/OKVQA_val2014_000000000000_1967155_bw1.jpg,1967155_bw1,bw,NA,bw1
val2014,other,2233005,0,Sports and Recreation,What is the purpose of the item the man on the skateboard has strapped to his left arm?,protection,protection; protection; protection; protection; protection; protection; protection; protection; elbow support; elbow support,snne/okvqa/images_perturbed/OKVQA_val2014_000000000000_2233005_contrast1.jpg,2233005_contrast1,contrast,5,contrast1
val2014,other,2233005,0,Sports and Recreation,What is the purpose of the item the man on the skateboard has strapped to his left arm?,protection,protection; protection; protection; protection; protection; protection; protection; protection; elbow support; elbow support,snne/okvqa/images_perturbed/OKVQA_val2014_000000000000_2233005_blur1.jpg,2233005_blur1,blur,5,blur1
val2014,other,2233005,0,Sports and Recreation,What is the purpose of the item the man on the skateboard has strapped to his left arm?,protection,protection; protection; protection; protection; protection; protection; protection; protection; elbow support; elbow support,snne/okvqa/images_perturbed/OKVQA_val2014_000000000000_2233005_rotate1.jpg,2233005_rotate1,rotate,5,rotate1
val2014,other,2233005,0,Sports and Recreation,What is the purpose of the item the man on the skateboard has strapped to his left arm?,protection,protection; protection; protection; protection; protection; protection; protection; protection; elbow support; elbow support,snne/okvqa/images_perturbed/OKVQA_val2014_000000000000_2233005_shift1.jpg,2233005_shift1,shift,5,shift1
val2014,other,2233005,0,Sports and Recreation,What is the purpose of the item the man on the skateboard has strapped to his left arm?,protection,protection; protection; protection; protection; protection; protection; protection; protection; elbow support; elbow support,snne/okvqa/images_perturbed/OKVQA_val2014_000000000000_2233005_noise1.jpg,2233005_noise1,noise,5,noise1
val2014,other,2233005,0,Sports and Recreation,What is the purpose of the item the man on the skateboard has strapped to his left arm?,protection,protection; protection; protection; protection; protection; protection; protection; protection; elbow support; elbow support,snne/okvqa/images_perturbed/OKVQA_val2014_000000000000_2233005_masking1.jpg,2233005_masking1,masking,5,masking1
val2014,other,2233005,0,Sports and Recreation,What is the purpose of the item the man on the skateboard has strapped to his left arm?,protection,protection; protection; protection; protection; protection; protection; protection; protection; elbow support; elbow support,snne/okvqa/images_perturbed/OKVQA_val2014_000000000000_2233005_bw1.jpg,2233005_bw1,bw,NA,bw1
val2014,other,3397615,0,Plants and Animals,Name the type of plant this is?,vine,vine; vine; vine; vine; climbing; climbing; looks like some kind of ivy; looks like some kind of ivy; ficus; ficus,snne/okvqa/images_perturbed/OKVQA_val2014_000000000000_3397615_contrast1.jpg,3397615_contrast1,contrast,5,contrast1
val2014,other,3397615,0,Plants and Animals,Name the type of plant this is?,vine,vine; vine; vine; vine; climbing; climbing; looks like some kind of ivy; looks like some kind of ivy; ficus; ficus,snne/okvqa/images_perturbed/OKVQA_val2014_000000000000_3397615_blur1.jpg,3397615_blur1,blur,5,blur1
val2014,other,3397615,0,Plants and Animals,Name the type of plant this is?,vine,vine; vine; vine; vine; climbing; climbing; looks like some kind of ivy; looks like some kind of ivy; ficus; ficus,snne/okvqa/images_perturbed/OKVQA_val2014_000000000000_3397615_rotate1.jpg,3397615_rotate1,rotate,5,rotate1
val2014,other,3397615,0,Plants and Animals,Name the type of plant this is?,vine,vine; vine; vine; vine; climbing; climbing; looks like some kind of ivy; looks like some kind of ivy; ficus; ficus,snne/okvqa/images_perturbed/OKVQA_val2014_000000000000_3397615_shift1.jpg,3397615_shift1,shift,5,shift1
val2014,other,3397615,0,Plants and Animals,Name the type of plant this is?,vine,vine; vine; vine; vine; climbing; climbing; looks like some kind of ivy; looks like some kind of ivy; ficus; ficus,snne/okvqa/images_perturbed/OKVQA_val2014_000000000000_3397615_noise1.jpg,3397615_noise1,noise,7,noise1
val2014,other,3397615,0,Plants and Animals,Name the type of plant this is?,vine,vine; vine; vine; vine; climbing; climbing; looks like some kind of ivy; looks like some kind of ivy; ficus; ficus,snne/okvqa/images_perturbed/OKVQA_val2014_000000000000_3397615_masking1.jpg,3397615_masking1,masking,7,masking1
val2014,other,3397615,0,Plants and Animals,Name the type of plant this is?,vine,vine; vine; vine; vine; climbing; climbing; looks like some kind of ivy; looks like some kind of ivy; ficus; ficus,snne/okvqa/images_perturbed/OKVQA_val2014_000000000000_3397615_bw1.jpg,3397615_bw1,bw,NA,bw1
val2014,other,3675285,0,"Brands, Companies and Products",What is the mug made of in the photo?,ceramic,ceramic; ceramic; ceramic; ceramic; aluminum; aluminum; metal; metal; glass; glass,snne/okvqa/images_perturbed/OKVQA_val2014_000000000000_3675285_contrast1.jpg,3675285_contrast1,contrast,8,contrast1
val2014,other,3675285,0,"Brands, Companies and Products",What is the mug made of in the photo?,ceramic,ceramic; ceramic; ceramic; ceramic; aluminum; aluminum; metal; metal; glass; glass,snne/okvqa/images_perturbed/OKVQA_val2014_000000000000_3675285_blur1.jpg,3675285_blur1,blur,8,blur1
val2014,other,3675285,0,"Brands, Companies and Products",What is the mug made of in the photo?,ceramic,ceramic; ceramic; ceramic; ceramic; aluminum; aluminum; metal; metal; glass; glass,snne/okvqa/images_perturbed/OKVQA_val2014_000000000000_3675285_rotate1.jpg,3675285_rotate1,rotate,8,rotate1
val2014,other,3675285,0,"Brands, Companies and Products",What is the mug made of in the photo?,ceramic,ceramic; ceramic; ceramic; ceramic; aluminum; aluminum; metal; metal; glass; glass,snne/okvqa/images_perturbed/OKVQA_val2014_000000000000_3675285_shift1.jpg,3675285_shift1,shift,8,shift1
val2014,other,3675285,0,"Brands, Companies and Products",What is the mug made of in the photo?,ceramic,ceramic; ceramic; ceramic; ceramic; aluminum; aluminum; metal; metal; glass; glass,snne/okvqa/images_perturbed/OKVQA_val2014_000000000000_3675285_noise1.jpg,3675285_noise1,noise,9,noise1
val2014,other,3675285,0,"Brands, Companies and Products",What is the mug made of in the photo?,ceramic,ceramic; ceramic; ceramic; ceramic; aluminum; aluminum; metal; metal; glass; glass,snne/okvqa/images_perturbed/OKVQA_val2014_000000000000_3675285_masking1.jpg,3675285_masking1,masking,9,masking1
val2014,other,3675285,0,"Brands, Companies and Products",What is the mug made of in the photo?,ceramic,ceramic; ceramic; ceramic; ceramic; aluminum; aluminum; metal; metal; glass; glass,snne/okvqa/images_perturbed/OKVQA_val2014_000000000000_3675285_bw1.jpg,3675285_bw1,bw,NA,bw1
val2014,other,1059125,0,"Geography, History, Language and Culture",What country's flag is flying?,canada,canada; canada; canada; canada; canada; canada; canada; canada; canada; canada,snne/okvqa/images_perturbed/OKVQA_val2014_000000000000_1059125_contrast1.jpg,1059125_contrast1,contrast,7,contrast1
val2014,other,1059125,0,"Geography, History, Language and Culture",What country's flag is flying?,canada,canada; canada; canada; canada; canada; canada; canada; canada; canada; canada,snne/okvqa/images_perturbed/OKVQA_val2014_000000000000_1059125_blur1.jpg,1059125_blur1,blur,7,blur1
val2014,other,1059125,0,"Geography, History, Language and Culture",What country's flag is flying?,canada,canada; canada; canada; canada; canada; canada; canada; canada; canada; canada,snne/okvqa/images_perturbed/OKVQA_val2014_000000000000_1059125_rotate1.jpg,1059125_rotate1,rotate,7,rotate1
val2014,other,1059125,0,"Geography, History, Language and Culture",What country's flag is flying?,canada,canada; canada; canada; canada; canada; canada; canada; canada; canada; canada,snne/okvqa/images_perturbed/OKVQA_val2014_000000000000_1059125_shift1.jpg,1059125_shift1,shift,7,shift1
val2014,other,1059125,0,"Geography, History, Language and Culture",What country's flag is flying?,canada,canada; canada; canada; canada; canada; canada; canada; canada; canada; canada,snne/okvqa/images_perturbed/OKVQA_val2014_000000000000_1059125_noise1.jpg,1059125_noise1,noise,7,noise1
val2014,other,1059125,0,"Geography, History, Language and Culture",What country's flag is flying?,canada,canada; canada; canada; canada; canada; canada; canada; canada; canada; canada,snne/okvqa/images_perturbed/OKVQA_val2014_000000000000_1059125_masking1.jpg,1059125_masking1,masking,7,masking1
val2014,other,1059125,0,"Geography, History, Language and Culture",What country's flag is flying?,canada,canada; canada; canada; canada; canada; canada; canada; canada; canada; canada,snne/okvqa/images_perturbed/OKVQA_val2014_000000000000_1059125_bw1.jpg,1059125_bw1,bw,NA,bw1
val2014,other,1071835,0,"Geography, History, Language and Culture",What country is this?,india,india; india; india; india; mexico; mexico; egypt; egypt; kenya; kenya,snne/okvqa/images_perturbed/OKVQA_val2014_000000000000_1071835_contrast1.jpg,1071835_contrast1,contrast,3,contrast1
val2014,other,1071835,0,"Geography, History, Language and Culture",What country is this?,india,india; india; india; india; mexico; mexico; egypt; egypt; kenya; kenya,snne/okvqa/images_perturbed/OKVQA_val2014_000000000000_1071835_blur1.jpg,1071835_blur1,blur,3,blur1
val2014,other,1071835,0,"Geography, History, Language and Culture",What country is this?,india,india; india; india; india; mexico; mexico; egypt; egypt; kenya; kenya,snne/okvqa/images_perturbed/OKVQA_val2014_000000000000_1071835_rotate1.jpg,1071835_rotate1,rotate,3,rotate1
val2014,other,1071835,0,"Geography, History, Language and Culture",What country is this?,india,india; india; india; india; mexico; mexico; egypt; egypt; kenya; kenya,snne/okvqa/images_perturbed/OKVQA_val2014_000000000000_1071835_shift1.jpg,1071835_shift1,shift,3,shift1
val2014,other,1071835,0,"Geography, History, Language and Culture",What country is this?,india,india; india; india; india; mexico; mexico; egypt; egypt; kenya; kenya,snne/okvqa/images_perturbed/OKVQA_val2014_000000000000_1071835_noise1.jpg,1071835_noise1,noise,5,noise1
val2014,other,1071835,0,"Geography, History, Language and Culture",What country is this?,india,india; india; india; india; mexico; mexico; egypt; egypt; kenya; kenya,snne/okvqa/images_perturbed/OKVQA_val2014_000000000000_1071835_masking1.jpg,1071835_masking1,masking,5,masking1
val2014,other,1071835,0,"Geography, History, Language and Culture",What country is this?,india,india; india; india; india; mexico; mexico; egypt; egypt; kenya; kenya,snne/okvqa/images_perturbed/OKVQA_val2014_000000000000_1071835_bw1.jpg,1071835_bw1,bw,NA,bw1
val2014,other,1001875,0,Other,What style of painting is that?,oil,oil; oil; oil; oil; landscape; landscape; landscape; landscape; yellow; yellow,snne/okvqa/images_perturbed/OKVQA_val2014_000000000000_1001875_contrast1.jpg,1001875_contrast1,contrast,5,contrast1
val2014,other,1001875,0,Other,What style of painting is that?,oil,oil; oil; oil; oil; landscape; landscape; landscape; landscape; yellow; yellow,snne/okvqa/images_perturbed/OKVQA_val2014_000000000000_1001875_blur1.jpg,1001875_blur1,blur,5,blur1
val2014,other,1001875,0,Other,What style of painting is that?,oil,oil; oil; oil; oil; landscape; landscape; landscape; landscape; yellow; yellow,snne/okvqa/images_perturbed/OKVQA_val2014_000000000000_1001875_rotate1.jpg,1001875_rotate1,rotate,5,rotate1
val2014,other,1001875,0,Other,What style of painting is that?,oil,oil; oil; oil; oil; landscape; landscape; landscape; landscape; yellow; yellow,snne/okvqa/images_perturbed/OKVQA_val2014_000000000000_1001875_shift1.jpg,1001875_shift1,shift,5,shift1
val2014,other,1001875,0,Other,What style of painting is that?,oil,oil; oil; oil; oil; landscape; landscape; landscape; landscape; yellow; yellow,snne/okvqa/images_perturbed/OKVQA_val2014_000000000000_1001875_noise1.jpg,1001875_noise1,noise,6,noise1
val2014,other,1001875,0,Other,What style of painting is that?,oil,oil; oil; oil; oil; landscape; landscape; landscape; landscape; yellow; yellow,snne/okvqa/images_perturbed/OKVQA_val2014_000000000000_1001875_masking1.jpg,1001875_masking1,masking,6,masking1
val2014,other,1001875,0,Other,What style of painting is that?,oil,oil; oil; oil; oil; landscape; landscape; landscape; landscape; yellow; yellow,snne/okvqa/images_perturbed/OKVQA_val2014_000000000000_1001875_bw1.jpg,1001875_bw1,bw,NA,bw1
val2014,other,4338455,0,Sports and Recreation,What is he riding on?,surfboard,surfboard; surfboard; surfboard; surfboard; surfboard; surfboard; surfboard; surfboard; wave; wave,snne/okvqa/images_perturbed/OKVQA_val2014_000000000000_4338455_contrast1.jpg,4338455_contrast1,contrast,3,contrast1
val2014,other,4338455,0,Sports and Recreation,What is he riding on?,surfboard,surfboard; surfboard; surfboard; surfboard; surfboard; surfboard; surfboard; surfboard; wave; wave,snne/okvqa/images_perturbed/OKVQA_val2014_000000000000_4338455_blur1.jpg,4338455_blur1,blur,3,blur1
val2014,other,4338455,0,Sports and Recreation,What is he riding on?,surfboard,surfboard; surfboard; surfboard; surfboard; surfboard; surfboard; surfboard; surfboard; wave; wave,snne/okvqa/images_perturbed/OKVQA_val2014_000000000000_4338455_rotate1.jpg,4338455_rotate1,rotate,3,rotate1
val2014,other,4338455,0,Sports and Recreation,What is he riding on?,surfboard,surfboard; surfboard; surfboard; surfboard; surfboard; surfboard; surfboard; surfboard; wave; wave,snne/okvqa/images_perturbed/OKVQA_val2014_000000000000_4338455_shift1.jpg,4338455_shift1,shift,3,shift1
val2014,other,4338455,0,Sports and Recreation,What is he riding on?,surfboard,surfboard; surfboard; surfboard; surfboard; surfboard; surfboard; surfboard; surfboard; wave; wave,snne/okvqa/images_perturbed/OKVQA_val2014_000000000000_4338455_noise1.jpg,4338455_noise1,noise,5,noise1
val2014,other,4338455,0,Sports and Recreation,What is he riding on?,surfboard,surfboard; surfboard; surfboard; surfboard; surfboard; surfboard; surfboard; surfboard; wave; wave,snne/okvqa/images_perturbed/OKVQA_val2014_000000000000_4338455_masking1.jpg,4338455_masking1,masking,5,masking1
val2014,other,4338455,0,Sports and Recreation,What is he riding on?,surfboard,surfboard; surfboard; surfboard; surfboard; surfboard; surfboard; surfboard; surfboard; wave; wave,snne/okvqa/images_perturbed/OKVQA_val2014_000000000000_4338455_bw1.jpg,4338455_bw1,bw,NA,bw1
val2014,other,2444875,0,"Brands, Companies and Products",To which airline does this plane belong?,ana,ana; ana; ana; ana; ana; ana; ana; ana; delta; delta,snne/okvqa/images_perturbed/OKVQA_val2014_000000000000_2444875_contrast1.jpg,2444875_contrast1,contrast,7,contrast1
val2014,other,2444875,0,"Brands, Companies and Products",To which airline does this plane belong?,ana,ana; ana; ana; ana; ana; ana; ana; ana; delta; delta,snne/okvqa/images_perturbed/OKVQA_val2014_000000000000_2444875_blur1.jpg,2444875_blur1,blur,7,blur1
val2014,other,2444875,0,"Brands, Companies and Products",To which airline does this plane belong?,ana,ana; ana; ana; ana; ana; ana; ana; ana; delta; delta,snne/okvqa/images_perturbed/OKVQA_val2014_000000000000_2444875_rotate1.jpg,2444875_rotate1,rotate,7,rotate1
val2014,other,2444875,0,"Brands, Companies and Products",To which airline does this plane belong?,ana,ana; ana; ana; ana; ana; ana; ana; ana; delta; delta,snne/okvqa/images_perturbed/OKVQA_val2014_000000000000_2444875_shift1.jpg,2444875_shift1,shift,7,shift1
val2014,other,2444875,0,"Brands, Companies and Products",To which airline does this plane belong?,ana,ana; ana; ana; ana; ana; ana; ana; ana; delta; delta,snne/okvqa/images_perturbed/OKVQA_val2014_000000000000_2444875_noise1.jpg,2444875_noise1,noise,8,noise1
val2014,other,2444875,0,"Brands, Companies and Products",To which airline does this plane belong?,ana,ana; ana; ana; ana; ana; ana; ana; ana; delta; delta,snne/okvqa/images_perturbed/OKVQA_val2014_000000000000_2444875_masking1.jpg,2444875_masking1,masking,8,masking1
val2014,other,2444875,0,"Brands, Companies and Products",To which airline does this plane belong?,ana,ana; ana; ana; ana; ana; ana; ana; ana; delta; delta,snne/okvqa/images_perturbed/OKVQA_val2014_000000000000_2444875_bw1.jpg,2444875_bw1,bw,NA,bw1
val2014,other,2641245,0,Science and Technology,When was this item first invented?,1973,1973; 1973; 1973; 1973; 1990s; 1990s; 1989; 1989; 1990; 1990,snne/okvqa/images_perturbed/OKVQA_val2014_000000000000_2641245_contrast1.jpg,2641245_contrast1,contrast,5,contrast1
val2014,other,2641245,0,Science and Technology,When was this item first invented?,1973,1973; 1973; 1973; 1973; 1990s; 1990s; 1989; 1989; 1990; 1990,snne/okvqa/images_perturbed/OKVQA_val2014_000000000000_2641245_blur1.jpg,2641245_blur1,blur,5,blur1
val2014,other,2641245,0,Science and Technology,When was this item first invented?,1973,1973; 1973; 1973; 1973; 1990s; 1990s; 1989; 1989; 1990; 1990,snne/okvqa/images_perturbed/OKVQA_val2014_000000000000_2641245_rotate1.jpg,2641245_rotate1,rotate,5,rotate1
val2014,other,2641245,0,Science and Technology,When was this item first invented?,1973,1973; 1973; 1973; 1973; 1990s; 1990s; 1989; 1989; 1990; 1990,snne/okvqa/images_perturbed/OKVQA_val2014_000000000000_2641245_shift1.jpg,2641245_shift1,shift,5,shift1
val2014,other,2641245,0,Science and Technology,When was this item first invented?,1973,1973; 1973; 1973; 1973; 1990s; 1990s; 1989; 1989; 1990; 1990,snne/okvqa/images_perturbed/OKVQA_val2014_000000000000_2641245_noise1.jpg,2641245_noise1,noise,10,noise1
val2014,other,2641245,0,Science and Technology,When was this item first invented?,1973,1973; 1973; 1973; 1973; 1990s; 1990s; 1989; 1989; 1990; 1990,snne/okvqa/images_perturbed/OKVQA_val2014_000000000000_2641245_masking1.jpg,2641245_masking1,masking,10,masking1
val2014,other,2641245,0,Science and Technology,When was this item first invented?,1973,1973; 1973; 1973; 1973; 1990s; 1990s; 1989; 1989; 1990; 1990,snne/okvqa/images_perturbed/OKVQA_val2014_000000000000_2641245_bw1.jpg,2641245_bw1,bw,NA,bw1
val2014,other,3583425,0,"Geography, History, Language and Culture",What city is this?,washington dc,washington dc; washington dc; washington dc; washington dc; boston; boston; paris; paris; philadelphia; philadelphia,snne/okvqa/images_perturbed/OKVQA_val2014_000000000000_3583425_contrast1.jpg,3583425_contrast1,contrast,5,contrast1
val2014,other,3583425,0,"Geography, History, Language and Culture",What city is this?,washington dc,washington dc; washington dc; washington dc; washington dc; boston; boston; paris; paris; philadelphia; philadelphia,snne/okvqa/images_perturbed/OKVQA_val2014_000000000000_3583425_blur1.jpg,3583425_blur1,blur,5,blur1
val2014,other,3583425,0,"Geography, History, Language and Culture",What city is this?,washington dc,washington dc; washington dc; washington dc; washington dc; boston; boston; paris; paris; philadelphia; philadelphia,snne/okvqa/images_perturbed/OKVQA_val2014_000000000000_3583425_rotate1.jpg,3583425_rotate1,rotate,5,rotate1
val2014,other,3583425,0,"Geography, History, Language and Culture",What city is this?,washington dc,washington dc; washington dc; washington dc; washington dc; boston; boston; paris; paris; philadelphia; philadelphia,snne/okvqa/images_perturbed/OKVQA_val2014_000000000000_3583425_shift1.jpg,3583425_shift1,shift,5,shift1
val2014,other,3583425,0,"Geography, History, Language and Culture",What city is this?,washington dc,washington dc; washington dc; washington dc; washington dc; boston; boston; paris; paris; philadelphia; philadelphia,snne/okvqa/images_perturbed/OKVQA_val2014_000000000000_3583425_noise1.jpg,3583425_noise1,noise,8,noise1
val2014,other,3583425,0,"Geography, History, Language and Culture",What city is this?,washington dc,washington dc; washington dc; washington dc; washington dc; boston; boston; paris; paris; philadelphia; philadelphia,snne/okvqa/images_perturbed/OKVQA_val2014_000000000000_3583425_masking1.jpg,3583425_masking1,masking,8,masking1
val2014,other,3583425,0,"Geography, History, Language and Culture",What city is this?,washington dc,washington dc; washington dc; washington dc; washington dc; boston; boston; paris; paris; philadelphia; philadelphia,snne/okvqa/images_perturbed/OKVQA_val2014_000000000000_3583425_bw1.jpg,3583425_bw1,bw,NA,bw1
val2014,other,849295,0,"Objects, Material and Clothing",What color green exactly are the tiles in this room?,seafoam,seafoam; seafoam; seafoam; seafoam; light; light; mint; mint; celadon; celadon,snne/okvqa/images_perturbed/OKVQA_val2014_000000000000_849295_contrast1.jpg,849295_contrast1,contrast,7,contrast1
val2014,other,849295,0,"Objects, Material and Clothing",What color green exactly are the tiles in this room?,seafoam,seafoam; seafoam; seafoam; seafoam; light; light; mint; mint; celadon; celadon,snne/okvqa/images_perturbed/OKVQA_val2014_000000000000_849295_blur1.jpg,849295_blur1,blur,7,blur1
val2014,other,849295,0,"Objects, Material and Clothing",What color green exactly are the tiles in this room?,seafoam,seafoam; seafoam; seafoam; seafoam; light; light; mint; mint; celadon; celadon,snne/okvqa/images_perturbed/OKVQA_val2014_000000000000_849295_rotate1.jpg,849295_rotate1,rotate,7,rotate1
val2014,other,849295,0,"Objects, Material and Clothing",What color green exactly are the tiles in this room?,seafoam,seafoam; seafoam; seafoam; seafoam; light; light; mint; mint; celadon; celadon,snne/okvqa/images_perturbed/OKVQA_val2014_000000000000_849295_shift1.jpg,849295_shift1,shift,7,shift1
val2014,other,849295,0,"Objects, Material and Clothing",What color green exactly are the tiles in this room?,seafoam,seafoam; seafoam; seafoam; seafoam; light; light; mint; mint; celadon; celadon,snne/okvqa/images_perturbed/OKVQA_val2014_000000000000_849295_noise1.jpg,849295_noise1,noise,6,noise1
val2014,other,849295,0,"Objects, Material and Clothing",What color green exactly are the tiles in this room?,seafoam,seafoam; seafoam; seafoam; seafoam; light; light; mint; mint; celadon; celadon,snne/okvqa/images_perturbed/OKVQA_val2014_000000000000_849295_masking1.jpg,849295_masking1,masking,6,masking1
val2014,other,849295,0,"Objects, Material and Clothing",What color green exactly are the tiles in this room?,seafoam,seafoam; seafoam; seafoam; seafoam; light; light; mint; mint; celadon; celadon,snne/okvqa/images_perturbed/OKVQA_val2014_000000000000_849295_bw1.jpg,849295_bw1,bw,NA,bw1
val2014,other,4611725,0,Cooking and Food,What orange veggie is in the bowl?,carrots,carrots; carrots; carrots; carrots; carrots; carrots; carrotts; carrotts; carrot; carrot,snne/okvqa/images_perturbed/OKVQA_val2014_000000000000_4611725_contrast1.jpg,4611725_contrast1,contrast,5,contrast1
val2014,other,4611725,0,Cooking and Food,What orange veggie is in the bowl?,carrots,carrots; carrots; carrots; carrots; carrots; carrots; carrotts; carrotts; carrot; carrot,snne/okvqa/images_perturbed/OKVQA_val2014_000000000000_4611725_blur1.jpg,4611725_blur1,blur,5,blur1
val2014,other,4611725,0,Cooking and Food,What orange veggie is in the bowl?,carrots,carrots; carrots; carrots; carrots; carrots; carrots; carrotts; carrotts; carrot; carrot,snne/okvqa/images_perturbed/OKVQA_val2014_000000000000_4611725_rotate1.jpg,4611725_rotate1,rotate,5,rotate1
val2014,other,4611725,0,Cooking and Food,What orange veggie is in the bowl?,carrots,carrots; carrots; carrots; carrots; carrots; carrots; carrotts; carrotts; carrot; carrot,snne/okvqa/images_perturbed/OKVQA_val2014_000000000000_4611725_shift1.jpg,4611725_shift1,shift,5,shift1
val2014,other,4611725,0,Cooking and Food,What orange veggie is in the bowl?,carrots,carrots; carrots; carrots; carrots; carrots; carrots; carrotts; carrotts; carrot; carrot,snne/okvqa/images_perturbed/OKVQA_val2014_000000000000_4611725_noise1.jpg,4611725_noise1,noise,5,noise1
val2014,other,4611725,0,Cooking and Food,What orange veggie is in the bowl?,carrots,carrots; carrots; carrots; carrots; carrots; carrots; carrotts; carrotts; carrot; carrot,snne/okvqa/images_perturbed/OKVQA_val2014_000000000000_4611725_masking1.jpg,4611725_masking1,masking,5,masking1
val2014,other,4611725,0,Cooking and Food,What orange veggie is in the bowl?,carrots,carrots; carrots; carrots; carrots; carrots; carrots; carrotts; carrotts; carrot; carrot,snne/okvqa/images_perturbed/OKVQA_val2014_000000000000_4611725_bw1.jpg,4611725_bw1,bw,NA,bw1
val2014,other,2951385,0,Sports and Recreation,What is this skateboard move called?,grind,grind; grind; grind; grind; grind; grind; rock to fakie; rock to fakie; ollie; ollie,snne/okvqa/images_perturbed/OKVQA_val2014_000000000000_2951385_contrast1.jpg,2951385_contrast1,contrast,3,contrast1
val2014,other,2951385,0,Sports and Recreation,What is this skateboard move called?,grind,grind; grind; grind; grind; grind; grind; rock to fakie; rock to fakie; ollie; ollie,snne/okvqa/images_perturbed/OKVQA_val2014_000000000000_2951385_blur1.jpg,2951385_blur1,blur,3,blur1
val2014,other,2951385,0,Sports and Recreation,What is this skateboard move called?,grind,grind; grind; grind; grind; grind; grind; rock to fakie; rock to fakie; ollie; ollie,snne/okvqa/images_perturbed/OKVQA_val2014_000000000000_2951385_rotate1.jpg,2951385_rotate1,rotate,3,rotate1
val2014,other,2951385,0,Sports and Recreation,What is this skateboard move called?,grind,grind; grind; grind; grind; grind; grind; rock to fakie; rock to fakie; ollie; ollie,snne/okvqa/images_perturbed/OKVQA_val2014_000000000000_2951385_shift1.jpg,2951385_shift1,shift,3,shift1
val2014,other,2951385,0,Sports and Recreation,What is this skateboard move called?,grind,grind; grind; grind; grind; grind; grind; rock to fakie; rock to fakie; ollie; ollie,snne/okvqa/images_perturbed/OKVQA_val2014_000000000000_2951385_noise1.jpg,2951385_noise1,noise,9,noise1
val2014,other,2951385,0,Sports and Recreation,What is this skateboard move called?,grind,grind; grind; grind; grind; grind; grind; rock to fakie; rock to fakie; ollie; ollie,snne/okvqa/images_perturbed/OKVQA_val2014_000000000000_2951385_masking1.jpg,2951385_masking1,masking,9,masking1
val2014,other,2951385,0,Sports and Recreation,What is this skateboard move called?,grind,grind; grind; grind; grind; grind; grind; rock to fakie; rock to fakie; ollie; ollie,snne/okvqa/images_perturbed/OKVQA_val2014_000000000000_2951385_bw1.jpg,2951385_bw1,bw,NA,bw1
val2014,other,4701135,0,"Objects, Material and Clothing",What wood are those cabinets made of?,oak,oak; oak; oak; oak; oak; oak; pine; pine; hickory; hickory,snne/okvqa/images_perturbed/OKVQA_val2014_000000000000_4701135_contrast1.jpg,4701135_contrast1,contrast,8,contrast1
val2014,other,4701135,0,"Objects, Material and Clothing",What wood are those cabinets made of?,oak,oak; oak; oak; oak; oak; oak; pine; pine; hickory; hickory,snne/okvqa/images_perturbed/OKVQA_val2014_000000000000_4701135_blur1.jpg,4701135_blur1,blur,8,blur1
val2014,other,4701135,0,"Objects, Material and Clothing",What wood are those cabinets made of?,oak,oak; oak; oak; oak; oak; oak; pine; pine; hickory; hickory,snne/okvqa/images_perturbed/OKVQA_val2014_000000000000_4701135_rotate1.jpg,4701135_rotate1,rotate,8,rotate1
val2014,other,4701135,0,"Objects, Material and Clothing",What wood are those cabinets made of?,oak,oak; oak; oak; oak; oak; oak; pine; pine; hickory; hickory,snne/okvqa/images_perturbed/OKVQA_val2014_000000000000_4701135_shift1.jpg,4701135_shift1,shift,8,shift1
val2014,other,4701135,0,"Objects, Material and Clothing",What wood are those cabinets made of?,oak,oak; oak; oak; oak; oak; oak; pine; pine; hickory; hickory,snne/okvqa/images_perturbed/OKVQA_val2014_000000000000_4701135_noise1.jpg,4701135_noise1,noise,10,noise1
val2014,other,4701135,0,"Objects, Material and Clothing",What wood are those cabinets made of?,oak,oak; oak; oak; oak; oak; oak; pine; pine; hickory; hickory,snne/okvqa/images_perturbed/OKVQA_val2014_000000000000_4701135_masking1.jpg,4701135_masking1,masking,10,masking1
val2014,other,4701135,0,"Objects, Material and Clothing",What wood are those cabinets made of?,oak,oak; oak; oak; oak; oak; oak; pine; pine; hickory; hickory,snne/okvqa/images_perturbed/OKVQA_val2014_000000000000_4701135_bw1.jpg,4701135_bw1,bw,NA,bw1
val2014,other,3709805,0,"Objects, Material and Clothing",What animal is printed on this baby's clothes in this picture?,turtle,turtle; turtle; turtle; turtle; turtle; turtle; turtle; turtle; turtle; turtle,snne/okvqa/images_perturbed/OKVQA_val2014_000000000000_3709805_contrast1.jpg,3709805_contrast1,contrast,8,contrast1
val2014,other,3709805,0,"Objects, Material and Clothing",What animal is printed on this baby's clothes in this picture?,turtle,turtle; turtle; turtle; turtle; turtle; turtle; turtle; turtle; turtle; turtle,snne/okvqa/images_perturbed/OKVQA_val2014_000000000000_3709805_blur1.jpg,3709805_blur1,blur,8,blur1
val2014,other,3709805,0,"Objects, Material and Clothing",What animal is printed on this baby's clothes in this picture?,turtle,turtle; turtle; turtle; turtle; turtle; turtle; turtle; turtle; turtle; turtle,snne/okvqa/images_perturbed/OKVQA_val2014_000000000000_3709805_rotate1.jpg,3709805_rotate1,rotate,8,rotate1
val2014,other,3709805,0,"Objects, Material and Clothing",What animal is printed on this baby's clothes in this picture?,turtle,turtle; turtle; turtle; turtle; turtle; turtle; turtle; turtle; turtle; turtle,snne/okvqa/images_perturbed/OKVQA_val2014_000000000000_3709805_shift1.jpg,3709805_shift1,shift,8,shift1
val2014,other,3709805,0,"Objects, Material and Clothing",What animal is printed on this baby's clothes in this picture?,turtle,turtle; turtle; turtle; turtle; turtle; turtle; turtle; turtle; turtle; turtle,snne/okvqa/images_perturbed/OKVQA_val2014_000000000000_3709805_noise1.jpg,3709805_noise1,noise,10,noise1
val2014,other,3709805,0,"Objects, Material and Clothing",What animal is printed on this baby's clothes in this picture?,turtle,turtle; turtle; turtle; turtle; turtle; turtle; turtle; turtle; turtle; turtle,snne/okvqa/images_perturbed/OKVQA_val2014_000000000000_3709805_masking1.jpg,3709805_masking1,masking,10,masking1
val2014,other,3709805,0,"Objects, Material and Clothing",What animal is printed on this baby's clothes in this picture?,turtle,turtle; turtle; turtle; turtle; turtle; turtle; turtle; turtle; turtle; turtle,snne/okvqa/images_perturbed/OKVQA_val2014_000000000000_3709805_bw1.jpg,3709805_bw1,bw,NA,bw1
val2014,other,3453805,0,Plants and Animals,How high can this animal jump?,3 feet,3 feet; 3 feet; 3 feet; 3 feet; 6 feet; 6 feet; 1 3 feet; 1 3 feet; 5 feet; 5 feet,snne/okvqa/images_perturbed/OKVQA_val2014_000000000000_3453805_contrast1.jpg,3453805_contrast1,contrast,4,contrast1
val2014,other,3453805,0,Plants and Animals,How high can this animal jump?,3 feet,3 feet; 3 feet; 3 feet; 3 feet; 6 feet; 6 feet; 1 3 feet; 1 3 feet; 5 feet; 5 feet,snne/okvqa/images_perturbed/OKVQA_val2014_000000000000_3453805_blur1.jpg,3453805_blur1,blur,4,blur1
val2014,other,3453805,0,Plants and Animals,How high can this animal jump?,3 feet,3 feet; 3 feet; 3 feet; 3 feet; 6 feet; 6 feet; 1 3 feet; 1 3 feet; 5 feet; 5 feet,snne/okvqa/images_perturbed/OKVQA_val2014_000000000000_3453805_rotate1.jpg,3453805_rotate1,rotate,4,rotate1
val2014,other,3453805,0,Plants and Animals,How high can this animal jump?,3 feet,3 feet; 3 feet; 3 feet; 3 feet; 6 feet; 6 feet; 1 3 feet; 1 3 feet; 5 feet; 5 feet,snne/okvqa/images_perturbed/OKVQA_val2014_000000000000_3453805_shift1.jpg,3453805_shift1,shift,4,shift1
val2014,other,3453805,0,Plants and Animals,How high can this animal jump?,3 feet,3 feet; 3 feet; 3 feet; 3 feet; 6 feet; 6 feet; 1 3 feet; 1 3 feet; 5 feet; 5 feet,snne/okvqa/images_perturbed/OKVQA_val2014_000000000000_3453805_noise1.jpg,3453805_noise1,noise,7,noise1
val2014,other,3453805,0,Plants and Animals,How high can this animal jump?,3 feet,3 feet; 3 feet; 3 feet; 3 feet; 6 feet; 6 feet; 1 3 feet; 1 3 feet; 5 feet; 5 feet,snne/okvqa/images_perturbed/OKVQA_val2014_000000000000_3453805_masking1.jpg,3453805_masking1,masking,7,masking1
val2014,other,3453805,0,Plants and Animals,How high can this animal jump?,3 feet,3 feet; 3 feet; 3 feet; 3 feet; 6 feet; 6 feet; 1 3 feet; 1 3 feet; 5 feet; 5 feet,snne/okvqa/images_perturbed/OKVQA_val2014_000000000000_3453805_bw1.jpg,3453805_bw1,bw,NA,bw1
val2014,other,2609945,0,Other,What is this person's profession?,chef,chef; chef; chef; chef; chef; chef; cook; cook; baker; baker,snne/okvqa/images_perturbed/OKVQA_val2014_000000000000_2609945_contrast1.jpg,2609945_contrast1,contrast,6,contrast1
val2014,other,2609945,0,Other,What is this person's profession?,chef,chef; chef; chef; chef; chef; chef; cook; cook; baker; baker,snne/okvqa/images_perturbed/OKVQA_val2014_000000000000_2609945_blur1.jpg,2609945_blur1,blur,6,blur1
val2014,other,2609945,0,Other,What is this person's profession?,chef,chef; chef; chef; chef; chef; chef; cook; cook; baker; baker,snne/okvqa/images_perturbed/OKVQA_val2014_000000000000_2609945_rotate1.jpg,2609945_rotate1,rotate,6,rotate1
val2014,other,2609945,0,Other,What is this person's profession?,chef,chef; chef; chef; chef; chef; chef; cook; cook; baker; baker,snne/okvqa/images_perturbed/OKVQA_val2014_000000000000_2609945_shift1.jpg,2609945_shift1,shift,6,shift1
val2014,other,2609945,0,Other,What is this person's profession?,chef,chef; chef; chef; chef; chef; chef; cook; cook; baker; baker,snne/okvqa/images_perturbed/OKVQA_val2014_000000000000_2609945_noise1.jpg,2609945_noise1,noise,5,noise1
val2014,other,2609945,0,Other,What is this person's profession?,chef,chef; chef; chef; chef; chef; chef; cook; cook; baker; baker,snne/okvqa/images_perturbed/OKVQA_val2014_000000000000_2609945_masking1.jpg,2609945_masking1,masking,5,masking1
val2014,other,2609945,0,Other,What is this person's profession?,chef,chef; chef; chef; chef; chef; chef; cook; cook; baker; baker,snne/okvqa/images_perturbed/OKVQA_val2014_000000000000_2609945_bw1.jpg,2609945_bw1,bw,NA,bw1
val2014,other,3138725,0,Sports and Recreation,What do skaters do in the winter?,snowboard,snowboard; snowboard; snowboard; snowboard; nothing; nothing; ice skate; ice skate; skate; skate,snne/okvqa/images_perturbed/OKVQA_val2014_000000000000_3138725_contrast1.jpg,3138725_contrast1,contrast,8,contrast1
val2014,other,3138725,0,Sports and Recreation,What do skaters do in the winter?,snowboard,snowboard; snowboard; snowboard; snowboard; nothing; nothing; ice skate; ice skate; skate; skate,snne/okvqa/images_perturbed/OKVQA_val2014_000000000000_3138725_blur1.jpg,3138725_blur1,blur,8,blur1
val2014,other,3138725,0,Sports and Recreation,What do skaters do in the winter?,snowboard,snowboard; snowboard; snowboard; snowboard; nothing; nothing; ice skate; ice skate; skate; skate,snne/okvqa/images_perturbed/OKVQA_val2014_000000000000_3138725_rotate1.jpg,3138725_rotate1,rotate,8,rotate1
val2014,other,3138725,0,Sports and Recreation,What do skaters do in the winter?,snowboard,snowboard; snowboard; snowboard; snowboard; nothing; nothing; ice skate; ice skate; skate; skate,snne/okvqa/images_perturbed/OKVQA_val2014_000000000000_3138725_shift1.jpg,3138725_shift1,shift,8,shift1
val2014,other,3138725,0,Sports and Recreation,What do skaters do in the winter?,snowboard,snowboard; snowboard; snowboard; snowboard; nothing; nothing; ice skate; ice skate; skate; skate,snne/okvqa/images_perturbed/OKVQA_val2014_000000000000_3138725_noise1.jpg,3138725_noise1,noise,7,noise1
val2014,other,3138725,0,Sports and Recreation,What do skaters do in the winter?,snowboard,snowboard; snowboard; snowboard; snowboard; nothing; nothing; ice skate; ice skate; skate; skate,snne/okvqa/images_perturbed/OKVQA_val2014_000000000000_3138725_masking1.jpg,3138725_masking1,masking,7,masking1
val2014,other,3138725,0,Sports and Recreation,What do skaters do in the winter?,snowboard,snowboard; snowboard; snowboard; snowboard; nothing; nothing; ice skate; ice skate; skate; skate,snne/okvqa/images_perturbed/OKVQA_val2014_000000000000_3138725_bw1.jpg,3138725_bw1,bw,NA,bw1
val2014,other,9875,0,"Objects, Material and Clothing",Gas or electric?,electric,electric; electric; electric; electric; electric; electric; electric; electric; electric; electric,snne/okvqa/images_perturbed/OKVQA_val2014_000000000000_9875_contrast1.jpg,9875_contrast1,contrast,7,contrast1
val2014,other,9875,0,"Objects, Material and Clothing",Gas or electric?,electric,electric; electric; electric; electric; electric; electric; electric; electric; electric; electric,snne/okvqa/images_perturbed/OKVQA_val2014_000000000000_9875_blur1.jpg,9875_blur1,blur,7,blur1
val2014,other,9875,0,"Objects, Material and Clothing",Gas or electric?,electric,electric; electric; electric; electric; electric; electric; electric; electric; electric; electric,snne/okvqa/images_perturbed/OKVQA_val2014_000000000000_9875_rotate1.jpg,9875_rotate1,rotate,7,rotate1
val2014,other,9875,0,"Objects, Material and Clothing",Gas or electric?,electric,electric; electric; electric; electric; electric; electric; electric; electric; electric; electric,snne/okvqa/images_perturbed/OKVQA_val2014_000000000000_9875_shift1.jpg,9875_shift1,shift,7,shift1
val2014,other,9875,0,"Objects, Material and Clothing",Gas or electric?,electric,electric; electric; electric; electric; electric; electric; electric; electric; electric; electric,snne/okvqa/images_perturbed/OKVQA_val2014_000000000000_9875_noise1.jpg,9875_noise1,noise,7,noise1
val2014,other,9875,0,"Objects, Material and Clothing",Gas or electric?,electric,electric; electric; electric; electric; electric; electric; electric; electric; electric; electric,snne/okvqa/images_perturbed/OKVQA_val2014_000000000000_9875_masking1.jpg,9875_masking1,masking,7,masking1
val2014,other,9875,0,"Objects, Material and Clothing",Gas or electric?,electric,electric; electric; electric; electric; electric; electric; electric; electric; electric; electric,snne/okvqa/images_perturbed/OKVQA_val2014_000000000000_9875_bw1.jpg,9875_bw1,bw,NA,bw1
val2014,other,2852125,0,Other,What material are the shoes made of?,rubber,rubber; rubber; rubber; rubber; polyurethane; polyurethane; leather; leather; canvas; canvas,snne/okvqa/images_perturbed/OKVQA_val2014_000000000000_2852125_contrast1.jpg,2852125_contrast1,contrast,8,contrast1
val2014,other,2852125,0,Other,What material are the shoes made of?,rubber,rubber; rubber; rubber; rubber; polyurethane; polyurethane; leather; leather; canvas; canvas,snne/okvqa/images_perturbed/OKVQA_val2014_000000000000_2852125_blur1.jpg,2852125_blur1,blur,8,blur1
val2014,other,2852125,0,Other,What material are the shoes made of?,rubber,rubber; rubber; rubber; rubber; polyurethane; polyurethane; leather; leather; canvas; canvas,snne/okvqa/images_perturbed/OKVQA_val2014_000000000000_2852125_rotate1.jpg,2852125_rotate1,rotate,8,rotate1
val2014,other,2852125,0,Other,What material are the shoes made of?,rubber,rubber; rubber; rubber; rubber; polyurethane; polyurethane; leather; leather; canvas; canvas,snne/okvqa/images_perturbed/OKVQA_val2014_000000000000_2852125_shift1.jpg,2852125_shift1,shift,8,shift1
val2014,other,2852125,0,Other,What material are the shoes made of?,rubber,rubber; rubber; rubber; rubber; polyurethane; polyurethane; leather; leather; canvas; canvas,snne/okvqa/images_perturbed/OKVQA_val2014_000000000000_2852125_noise1.jpg,2852125_noise1,noise,5,noise1
val2014,other,2852125,0,Other,What material are the shoes made of?,rubber,rubber; rubber; rubber; rubber; polyurethane; polyurethane; leather; leather; canvas; canvas,snne/okvqa/images_perturbed/OKVQA_val2014_000000000000_2852125_masking1.jpg,2852125_masking1,masking,5,masking1
val2014,other,2852125,0,Other,What material are the shoes made of?,rubber,rubber; rubber; rubber; rubber; polyurethane; polyurethane; leather; leather; canvas; canvas,snne/okvqa/images_perturbed/OKVQA_val2014_000000000000_2852125_bw1.jpg,2852125_bw1,bw,NA,bw1
val2014,other,782005,0,"Brands, Companies and Products",What object is disguised as a fridge?,amplifier,amplifier; amplifier; amplifier; amplifier; amplifier; amplifier; amp; amp; speaker; speaker,snne/okvqa/images_perturbed/OKVQA_val2014_000000000000_782005_contrast1.jpg,782005_contrast1,contrast,7,contrast1
val2014,other,782005,0,"Brands, Companies and Products",What object is disguised as a fridge?,amplifier,amplifier; amplifier; amplifier; amplifier; amplifier; amplifier; amp; amp; speaker; speaker,snne/okvqa/images_perturbed/OKVQA_val2014_000000000000_782005_blur1.jpg,782005_blur1,blur,7,blur1
val2014,other,782005,0,"Brands, Companies and Products",What object is disguised as a fridge?,amplifier,amplifier; amplifier; amplifier; amplifier; amplifier; amplifier; amp; amp; speaker; speaker,snne/okvqa/images_perturbed/OKVQA_val2014_000000000000_782005_rotate1.jpg,782005_rotate1,rotate,7,rotate1
val2014,other,782005,0,"Brands, Companies and Products",What object is disguised as a fridge?,amplifier,amplifier; amplifier; amplifier; amplifier; amplifier; amplifier; amp; amp; speaker; speaker,snne/okvqa/images_perturbed/OKVQA_val2014_000000000000_782005_shift1.jpg,782005_shift1,shift,7,shift1
val2014,other,782005,0,"Brands, Companies and Products",What object is disguised as a fridge?,amplifier,amplifier; amplifier; amplifier; amplifier; amplifier; amplifier; amp; amp; speaker; speaker,snne/okvqa/images_perturbed/OKVQA_val2014_000000000000_782005_noise1.jpg,782005_noise1,noise,7,noise1
val2014,other,782005,0,"Brands, Companies and Products",What object is disguised as a fridge?,amplifier,amplifier; amplifier; amplifier; amplifier; amplifier; amplifier; amp; amp; speaker; speaker,snne/okvqa/images_perturbed/OKVQA_val2014_000000000000_782005_masking1.jpg,782005_masking1,masking,7,masking1
val2014,other,782005,0,"Brands, Companies and Products",What object is disguised as a fridge?,amplifier,amplifier; amplifier; amplifier; amplifier; amplifier; amplifier; amp; amp; speaker; speaker,snne/okvqa/images_perturbed/OKVQA_val2014_000000000000_782005_bw1.jpg,782005_bw1,bw,NA,bw1
val2014,other,3453295,0,Weather and Climate,What part of the atmosphere is the object in?,troposphere,troposphere; troposphere; troposphere; troposphere; clouds; clouds; stratosphere; stratosphere; sky; sky,snne/okvqa/images_perturbed/OKVQA_val2014_000000000000_3453295_contrast1.jpg,3453295_contrast1,contrast,8,contrast1
val2014,other,3453295,0,Weather and Climate,What part of the atmosphere is the object in?,troposphere,troposphere; troposphere; troposphere; troposphere; clouds; clouds; stratosphere; stratosphere; sky; sky,snne/okvqa/images_perturbed/OKVQA_val2014_000000000000_3453295_blur1.jpg,3453295_blur1,blur,8,blur1
val2014,other,3453295,0,Weather and Climate,What part of the atmosphere is the object in?,troposphere,troposphere; troposphere; troposphere; troposphere; clouds; clouds; stratosphere; stratosphere; sky; sky,snne/okvqa/images_perturbed/OKVQA_val2014_000000000000_3453295_rotate1.jpg,3453295_rotate1,rotate,8,rotate1
val2014,other,3453295,0,Weather and Climate,What part of the atmosphere is the object in?,troposphere,troposphere; troposphere; troposphere; troposphere; clouds; clouds; stratosphere; stratosphere; sky; sky,snne/okvqa/images_perturbed/OKVQA_val2014_000000000000_3453295_shift1.jpg,3453295_shift1,shift,8,shift1
val2014,other,3453295,0,Weather and Climate,What part of the atmosphere is the object in?,troposphere,troposphere; troposphere; troposphere; troposphere; clouds; clouds; stratosphere; stratosphere; sky; sky,snne/okvqa/images_perturbed/OKVQA_val2014_000000000000_3453295_noise1.jpg,3453295_noise1,noise,8,noise1
val2014,other,3453295,0,Weather and Climate,What part of the atmosphere is the object in?,troposphere,troposphere; troposphere; troposphere; troposphere; clouds; clouds; stratosphere; stratosphere; sky; sky,snne/okvqa/images_perturbed/OKVQA_val2014_000000000000_3453295_masking1.jpg,3453295_masking1,masking,8,masking1
val2014,other,3453295,0,Weather and Climate,What part of the atmosphere is the object in?,troposphere,troposphere; troposphere; troposphere; troposphere; clouds; clouds; stratosphere; stratosphere; sky; sky,snne/okvqa/images_perturbed/OKVQA_val2014_000000000000_3453295_bw1.jpg,3453295_bw1,bw,NA,bw1
val2014,other,760295,0,People and Everyday life,When was this rain protection item invented?,1852,1852; 1852; 1852; 1852; 1750; 1750; 1920's; 1920's; eighteen fifty 2; eighteen fifty 2,snne/okvqa/images_perturbed/OKVQA_val2014_000000000000_760295_contrast1.jpg,760295_contrast1,contrast,5,contrast1
val2014,other,760295,0,People and Everyday life,When was this rain protection item invented?,1852,1852; 1852; 1852; 1852; 1750; 1750; 1920's; 1920's; eighteen fifty 2; eighteen fifty 2,snne/okvqa/images_perturbed/OKVQA_val2014_000000000000_760295_blur1.jpg,760295_blur1,blur,5,blur1
val2014,other,760295,0,People and Everyday life,When was this rain protection item invented?,1852,1852; 1852; 1852; 1852; 1750; 1750; 1920's; 1920's; eighteen fifty 2; eighteen fifty 2,snne/okvqa/images_perturbed/OKVQA_val2014_000000000000_760295_rotate1.jpg,760295_rotate1,rotate,5,rotate1
val2014,other,760295,0,People and Everyday life,When was this rain protection item invented?,1852,1852; 1852; 1852; 1852; 1750; 1750; 1920's; 1920's; eighteen fifty 2; eighteen fifty 2,snne/okvqa/images_perturbed/OKVQA_val2014_000000000000_760295_shift1.jpg,760295_shift1,shift,5,shift1
val2014,other,760295,0,People and Everyday life,When was this rain protection item invented?,1852,1852; 1852; 1852; 1852; 1750; 1750; 1920's; 1920's; eighteen fifty 2; eighteen fifty 2,snne/okvqa/images_perturbed/OKVQA_val2014_000000000000_760295_noise1.jpg,760295_noise1,noise,8,noise1
val2014,other,760295,0,People and Everyday life,When was this rain protection item invented?,1852,1852; 1852; 1852; 1852; 1750; 1750; 1920's; 1920's; eighteen fifty 2; eighteen fifty 2,snne/okvqa/images_perturbed/OKVQA_val2014_000000000000_760295_masking1.jpg,760295_masking1,masking,8,masking1
val2014,other,760295,0,People and Everyday life,When was this rain protection item invented?,1852,1852; 1852; 1852; 1852; 1750; 1750; 1920's; 1920's; eighteen fifty 2; eighteen fifty 2,snne/okvqa/images_perturbed/OKVQA_val2014_000000000000_760295_bw1.jpg,760295_bw1,bw,NA,bw1
val2014,other,582545,0,Science and Technology,What does this device do?,change channels,change channels; change channels; change channels; change channels; change channels; change channels; change channels; change channels; changes channels; changes channels,snne/okvqa/images_perturbed/OKVQA_val2014_000000000000_582545_contrast1.jpg,582545_contrast1,contrast,8,contrast1
val2014,other,582545,0,Science and Technology,What does this device do?,change channels,change channels; change channels; change channels; change channels; change channels; change channels; change channels; change channels; changes channels; changes channels,snne/okvqa/images_perturbed/OKVQA_val2014_000000000000_582545_blur1.jpg,582545_blur1,blur,8,blur1
val2014,other,582545,0,Science and Technology,What does this device do?,change channels,change channels; change channels; change channels; change channels; change channels; change channels; change channels; change channels; changes channels; changes channels,snne/okvqa/images_perturbed/OKVQA_val2014_000000000000_582545_rotate1.jpg,582545_rotate1,rotate,8,rotate1
val2014,other,582545,0,Science and Technology,What does this device do?,change channels,change channels; change channels; change channels; change channels; change channels; change channels; change channels; change channels; changes channels; changes channels,snne/okvqa/images_perturbed/OKVQA_val2014_000000000000_582545_shift1.jpg,582545_shift1,shift,8,shift1
val2014,other,582545,0,Science and Technology,What does this device do?,change channels,change channels; change channels; change channels; change channels; change channels; change channels; change channels; change channels; changes channels; changes channels,snne/okvqa/images_perturbed/OKVQA_val2014_000000000000_582545_noise1.jpg,582545_noise1,noise,7,noise1
val2014,other,582545,0,Science and Technology,What does this device do?,change channels,change channels; change channels; change channels; change channels; change channels; change channels; change channels; change channels; changes channels; changes channels,snne/okvqa/images_perturbed/OKVQA_val2014_000000000000_582545_masking1.jpg,582545_masking1,masking,7,masking1
val2014,other,582545,0,Science and Technology,What does this device do?,change channels,change channels; change channels; change channels; change channels; change channels; change channels; change channels; change channels; changes channels; changes channels,snne/okvqa/images_perturbed/OKVQA_val2014_000000000000_582545_bw1.jpg,582545_bw1,bw,NA,bw1
val2014,other,4589035,0,Science and Technology,What is the man doing with his phone?,watching video,watching video; watching video; pictures; pictures; video taping; video taping; taking photos; taking photos; taking photo; taking photo,snne/okvqa/images_perturbed/OKVQA_val2014_000000000000_4589035_contrast1.jpg,4589035_contrast1,contrast,4,contrast1
val2014,other,4589035,0,Science and Technology,What is the man doing with his phone?,watching video,watching video; watching video; pictures; pictures; video taping; video taping; taking photos; taking photos; taking photo; taking photo,snne/okvqa/images_perturbed/OKVQA_val2014_000000000000_4589035_blur1.jpg,4589035_blur1,blur,4,blur1
val2014,other,4589035,0,Science and Technology,What is the man doing with his phone?,watching video,watching video; watching video; pictures; pictures; video taping; video taping; taking photos; taking photos; taking photo; taking photo,snne/okvqa/images_perturbed/OKVQA_val2014_000000000000_4589035_rotate1.jpg,4589035_rotate1,rotate,4,rotate1
val2014,other,4589035,0,Science and Technology,What is the man doing with his phone?,watching video,watching video; watching video; pictures; pictures; video taping; video taping; taking photos; taking photos; taking photo; taking photo,snne/okvqa/images_perturbed/OKVQA_val2014_000000000000_4589035_shift1.jpg,4589035_shift1,shift,4,shift1
val2014,other,4589035,0,Science and Technology,What is the man doing with his phone?,watching video,watching video; watching video; pictures; pictures; video taping; video taping; taking photos; taking photos; taking photo; taking photo,snne/okvqa/images_perturbed/OKVQA_val2014_000000000000_4589035_noise1.jpg,4589035_noise1,noise,8,noise1
val2014,other,4589035,0,Science and Technology,What is the man doing with his phone?,watching video,watching video; watching video; pictures; pictures; video taping; video taping; taking photos; taking photos; taking photo; taking photo,snne/okvqa/images_perturbed/OKVQA_val2014_000000000000_4589035_masking1.jpg,4589035_masking1,masking,8,masking1
val2014,other,4589035,0,Science and Technology,What is the man doing with his phone?,watching video,watching video; watching video; pictures; pictures; video taping; video taping; taking photos; taking photos; taking photo; taking photo,snne/okvqa/images_perturbed/OKVQA_val2014_000000000000_4589035_bw1.jpg,4589035_bw1,bw,NA,bw1
val2014,other,5269045,0,"Brands, Companies and Products",Where can i get a laptop like the one found here?,bestbuy,bestbuy; bestbuy; bestbuy; bestbuy; amazon; amazon; amazon; amazon; electronics store; electronics store,snne/okvqa/images_perturbed/OKVQA_val2014_000000000000_5269045_contrast1.jpg,5269045_contrast1,contrast,8,contrast1
val2014,other,5269045,0,"Brands, Companies and Products",Where can i get a laptop like the one found here?,bestbuy,bestbuy; bestbuy; bestbuy; bestbuy; amazon; amazon; amazon; amazon; electronics store; electronics store,snne/okvqa/images_perturbed/OKVQA_val2014_000000000000_5269045_blur1.jpg,5269045_blur1,blur,8,blur1
val2014,other,5269045,0,"Brands, Companies and Products",Where can i get a laptop like the one found here?,bestbuy,bestbuy; bestbuy; bestbuy; bestbuy; amazon; amazon; amazon; amazon; electronics store; electronics store,snne/okvqa/images_perturbed/OKVQA_val2014_000000000000_5269045_rotate1.jpg,5269045_rotate1,rotate,8,rotate1
val2014,other,5269045,0,"Brands, Companies and Products",Where can i get a laptop like the one found here?,bestbuy,bestbuy; bestbuy; bestbuy; bestbuy; amazon; amazon; amazon; amazon; electronics store; electronics store,snne/okvqa/images_perturbed/OKVQA_val2014_000000000000_5269045_shift1.jpg,5269045_shift1,shift,8,shift1
val2014,other,5269045,0,"Brands, Companies and Products",Where can i get a laptop like the one found here?,bestbuy,bestbuy; bestbuy; bestbuy; bestbuy; amazon; amazon; amazon; amazon; electronics store; electronics store,snne/okvqa/images_perturbed/OKVQA_val2014_000000000000_5269045_noise1.jpg,5269045_noise1,noise,8,noise1
val2014,other,5269045,0,"Brands, Companies and Products",Where can i get a laptop like the one found here?,bestbuy,bestbuy; bestbuy; bestbuy; bestbuy; amazon; amazon; amazon; amazon; electronics store; electronics store,snne/okvqa/images_perturbed/OKVQA_val2014_000000000000_5269045_masking1.jpg,5269045_masking1,masking,8,masking1
val2014,other,5269045,0,"Brands, Companies and Products",Where can i get a laptop like the one found here?,bestbuy,bestbuy; bestbuy; bestbuy; bestbuy; amazon; amazon; amazon; amazon; electronics store; electronics store,snne/okvqa/images_perturbed/OKVQA_val2014_000000000000_5269045_bw1.jpg,5269045_bw1,bw,NA,bw1
val2014,other,136375,0,People and Everyday life,What motion is this person making?,crouching,crouching; crouching; squating; squating; squatting; squatting; crouch; crouch; squat; squat,snne/okvqa/images_perturbed/OKVQA_val2014_000000000000_136375_contrast1.jpg,136375_contrast1,contrast,8,contrast1
val2014,other,136375,0,People and Everyday life,What motion is this person making?,crouching,crouching; crouching; squating; squating; squatting; squatting; crouch; crouch; squat; squat,snne/okvqa/images_perturbed/OKVQA_val2014_000000000000_136375_blur1.jpg,136375_blur1,blur,8,blur1
val2014,other,136375,0,People and Everyday life,What motion is this person making?,crouching,crouching; crouching; squating; squating; squatting; squatting; crouch; crouch; squat; squat,snne/okvqa/images_perturbed/OKVQA_val2014_000000000000_136375_rotate1.jpg,136375_rotate1,rotate,8,rotate1
val2014,other,136375,0,People and Everyday life,What motion is this person making?,crouching,crouching; crouching; squating; squating; squatting; squatting; crouch; crouch; squat; squat,snne/okvqa/images_perturbed/OKVQA_val2014_000000000000_136375_shift1.jpg,136375_shift1,shift,8,shift1
val2014,other,136375,0,People and Everyday life,What motion is this person making?,crouching,crouching; crouching; squating; squating; squatting; squatting; crouch; crouch; squat; squat,snne/okvqa/images_perturbed/OKVQA_val2014_000000000000_136375_noise1.jpg,136375_noise1,noise,10,noise1
val2014,other,136375,0,People and Everyday life,What motion is this person making?,crouching,crouching; crouching; squating; squating; squatting; squatting; crouch; crouch; squat; squat,snne/okvqa/images_perturbed/OKVQA_val2014_000000000000_136375_masking1.jpg,136375_masking1,masking,10,masking1
val2014,other,136375,0,People and Everyday life,What motion is this person making?,crouching,crouching; crouching; squating; squating; squatting; squatting; crouch; crouch; squat; squat,snne/okvqa/images_perturbed/OKVQA_val2014_000000000000_136375_bw1.jpg,136375_bw1,bw,NA,bw1
val2014,other,4812125,0,Weather and Climate,What season is it outside?,autumn,autumn; autumn; autumn; autumn; spring; spring; spring; spring; fall; fall,snne/okvqa/images_perturbed/OKVQA_val2014_000000000000_4812125_contrast1.jpg,4812125_contrast1,contrast,3,contrast1
val2014,other,4812125,0,Weather and Climate,What season is it outside?,autumn,autumn; autumn; autumn; autumn; spring; spring; spring; spring; fall; fall,snne/okvqa/images_perturbed/OKVQA_val2014_000000000000_4812125_blur1.jpg,4812125_blur1,blur,3,blur1
val2014,other,4812125,0,Weather and Climate,What season is it outside?,autumn,autumn; autumn; autumn; autumn; spring; spring; spring; spring; fall; fall,snne/okvqa/images_perturbed/OKVQA_val2014_000000000000_4812125_rotate1.jpg,4812125_rotate1,rotate,3,rotate1
val2014,other,4812125,0,Weather and Climate,What season is it outside?,autumn,autumn; autumn; autumn; autumn; spring; spring; spring; spring; fall; fall,snne/okvqa/images_perturbed/OKVQA_val2014_000000000000_4812125_shift1.jpg,4812125_shift1,shift,3,shift1
val2014,other,4812125,0,Weather and Climate,What season is it outside?,autumn,autumn; autumn; autumn; autumn; spring; spring; spring; spring; fall; fall,snne/okvqa/images_perturbed/OKVQA_val2014_000000000000_4812125_noise1.jpg,4812125_noise1,noise,7,noise1
val2014,other,4812125,0,Weather and Climate,What season is it outside?,autumn,autumn; autumn; autumn; autumn; spring; spring; spring; spring; fall; fall,snne/okvqa/images_perturbed/OKVQA_val2014_000000000000_4812125_masking1.jpg,4812125_masking1,masking,7,masking1
val2014,other,4812125,0,Weather and Climate,What season is it outside?,autumn,autumn; autumn; autumn; autumn; spring; spring; spring; spring; fall; fall,snne/okvqa/images_perturbed/OKVQA_val2014_000000000000_4812125_bw1.jpg,4812125_bw1,bw,NA,bw1
val2014,other,1290655,0,Other,What time of day is it?,night,night; night; night; night; night; night; night; night; night; night,snne/okvqa/images_perturbed/OKVQA_val2014_000000000000_1290655_contrast1.jpg,1290655_contrast1,contrast,5,contrast1
val2014,other,1290655,0,Other,What time of day is it?,night,night; night; night; night; night; night; night; night; night; night,snne/okvqa/images_perturbed/OKVQA_val2014_000000000000_1290655_blur1.jpg,1290655_blur1,blur,5,blur1
val2014,other,1290655,0,Other,What time of day is it?,night,night; night; night; night; night; night; night; night; night; night,snne/okvqa/images_perturbed/OKVQA_val2014_000000000000_1290655_rotate1.jpg,1290655_rotate1,rotate,5,rotate1
val2014,other,1290655,0,Other,What time of day is it?,night,night; night; night; night; night; night; night; night; night; night,snne/okvqa/images_perturbed/OKVQA_val2014_000000000000_1290655_shift1.jpg,1290655_shift1,shift,5,shift1
val2014,other,1290655,0,Other,What time of day is it?,night,night; night; night; night; night; night; night; night; night; night,snne/okvqa/images_perturbed/OKVQA_val2014_000000000000_1290655_noise1.jpg,1290655_noise1,noise,6,noise1
val2014,other,1290655,0,Other,What time of day is it?,night,night; night; night; night; night; night; night; night; night; night,snne/okvqa/images_perturbed/OKVQA_val2014_000000000000_1290655_masking1.jpg,1290655_masking1,masking,6,masking1
val2014,other,1290655,0,Other,What time of day is it?,night,night; night; night; night; night; night; night; night; night; night,snne/okvqa/images_perturbed/OKVQA_val2014_000000000000_1290655_bw1.jpg,1290655_bw1,bw,NA,bw1
val2014,other,4089895,0,Cooking and Food,What kitchen appliance is being used here?,blender,blender; blender; blender; blender; blender; blender; blender; blender; blender; blender,snne/okvqa/images_perturbed/OKVQA_val2014_000000000000_4089895_contrast1.jpg,4089895_contrast1,contrast,7,contrast1
val2014,other,4089895,0,Cooking and Food,What kitchen appliance is being used here?,blender,blender; blender; blender; blender; blender; blender; blender; blender; blender; blender,snne/okvqa/images_perturbed/OKVQA_val2014_000000000000_4089895_blur1.jpg,4089895_blur1,blur,7,blur1
val2014,other,4089895,0,Cooking and Food,What kitchen appliance is being used here?,blender,blender; blender; blender; blender; blender; blender; blender; blender; blender; blender,snne/okvqa/images_perturbed/OKVQA_val2014_000000000000_4089895_rotate1.jpg,4089895_rotate1,rotate,7,rotate1
val2014,other,4089895,0,Cooking and Food,What kitchen appliance is being used here?,blender,blender; blender; blender; blender; blender; blender; blender; blender; blender; blender,snne/okvqa/images_perturbed/OKVQA_val2014_000000000000_4089895_shift1.jpg,4089895_shift1,shift,7,shift1
val2014,other,4089895,0,Cooking and Food,What kitchen appliance is being used here?,blender,blender; blender; blender; blender; blender; blender; blender; blender; blender; blender,snne/okvqa/images_perturbed/OKVQA_val2014_000000000000_4089895_noise1.jpg,4089895_noise1,noise,10,noise1
val2014,other,4089895,0,Cooking and Food,What kitchen appliance is being used here?,blender,blender; blender; blender; blender; blender; blender; blender; blender; blender; blender,snne/okvqa/images_perturbed/OKVQA_val2014_000000000000_4089895_masking1.jpg,4089895_masking1,masking,10,masking1
val2014,other,4089895,0,Cooking and Food,What kitchen appliance is being used here?,blender,blender; blender; blender; blender; blender; blender; blender; blender; blender; blender,snne/okvqa/images_perturbed/OKVQA_val2014_000000000000_4089895_bw1.jpg,4089895_bw1,bw,NA,bw1
