method,auroc,auarc,prr,is_blackbox,language,accuracy
heat_t=0.1_kernel_entropy_s,0.5317776856935668,0.7021211702136005,0.7025678723657062,True,fr,0.6677966101694915
heat_t=0.1_kernel_entropy,0.5317776856935668,0.7021211702136005,0.7025678723657062,True,fr,0.6677966101694915
heatn_t=0.1_kernel_entropy_s,0.4962705894540558,0.6695059756913337,0.6700632378248706,True,fr,0.6677966101694915
heatn_t=0.1_kernel_entropy,0.4962705894540558,0.6695059756913337,0.6700632378248706,True,fr,0.6677966101694915
heat_t=0.2_kernel_entropy_s,0.5302237646327566,0.701924596724144,0.7023719652270611,True,fr,0.6677966101694915
heat_t=0.2_kernel_entropy,0.5302237646327566,0.701924596724144,0.7023719652270611,True,fr,0.6677966101694915
heatn_t=0.2_kernel_entropy_s,0.49839428157049626,0.669612141820651,0.6701690440690038,True,fr,0.6677966101694915
heatn_t=0.2_kernel_entropy,0.49839428157049626,0.669612141820651,0.6701690440690038,True,fr,0.6677966101694915
heat_t=0.3_kernel_entropy_s,0.5304050554231845,0.7012244686870821,0.7016742105053794,True,fr,0.6677966101694915
heat_t=0.3_kernel_entropy,0.5304050554231845,0.7012244686870821,0.7016742105053794,True,fr,0.6677966101694915
heatn_t=0.3_kernel_entropy_s,0.5000258986843469,0.6723518628384836,0.6728994778969455,True,fr,0.6677966101694915
heatn_t=0.3_kernel_entropy,0.5000258986843469,0.6723518628384836,0.6728994778969455,True,fr,0.6677966101694915
heat_t=0.4_kernel_entropy_s,0.5312856106909769,0.7008817686539048,0.7013326721672296,True,fr,0.6677966101694915
heat_t=0.4_kernel_entropy,0.5312856106909769,0.7008817686539048,0.7013326721672296,True,fr,0.6677966101694915
heatn_t=0.4_kernel_entropy_s,0.5035740184398633,0.6735746535447565,0.6741181235499768,True,fr,0.6677966101694915
heatn_t=0.4_kernel_entropy,0.5035740184398633,0.6735746535447565,0.6741181235499768,True,fr,0.6677966101694915
heat_t=0.5_kernel_entropy_s,0.5306899409509996,0.7001702763297886,0.7006235916815003,True,fr,0.6677966101694915
heat_t=0.5_kernel_entropy,0.5306899409509996,0.7001702763297886,0.7006235916815003,True,fr,0.6677966101694915
heatn_t=0.5_kernel_entropy_s,0.5053610276597948,0.6752088335208197,0.675746763932901,True,fr,0.6677966101694915
heatn_t=0.5_kernel_entropy,0.5053610276597948,0.6752088335208197,0.675746763932901,True,fr,0.6677966101694915
heat_t=0.6_kernel_entropy_s,0.5316481922718326,0.7009174389015842,0.7013682214988152,True,fr,0.6677966101694915
heat_t=0.6_kernel_entropy,0.5316481922718326,0.7009174389015842,0.7013682214988152,True,fr,0.6677966101694915
heatn_t=0.6_kernel_entropy_s,0.5039624987050658,0.6749647301242022,0.6755034880054244,True,fr,0.6677966101694915
heatn_t=0.6_kernel_entropy,0.5039624987050658,0.6749647301242022,0.6755034880054244,True,fr,0.6677966101694915
heat_t=0.7_kernel_entropy_s,0.532528747539625,0.7008328952988723,0.7012839644845872,True,fr,0.6677966101694915
heat_t=0.7_kernel_entropy,0.532528747539625,0.7008328952988723,0.7012839644845872,True,fr,0.6677966101694915
heatn_t=0.7_kernel_entropy_s,0.5053092302911013,0.6786920556751478,0.6792181785545025,True,fr,0.6677966101694915
heatn_t=0.7_kernel_entropy,0.5053092302911013,0.6786920556751478,0.6792181785545025,True,fr,0.6677966101694915
matern_kappa=1.0_nu=1.0_kernel_entropy_s,0.5382523567802756,0.7065036822304103,0.7069355284095774,True,fr,0.6677966101694915
matern_kappa=1.0_nu=1.0_kernel_entropy,0.5382523567802756,0.7065036822304103,0.7069355284095774,True,fr,0.6677966101694915
maternn_kappa=1.0_nu=1.0_kernel_entropy_s,0.503159639490314,0.6723036300658061,0.6728514086251922,True,fr,0.6677966101694915
maternn_kappa=1.0_nu=1.0_kernel_entropy,0.503159639490314,0.6723036300658061,0.6728514086251922,True,fr,0.6677966101694915
matern_kappa=1.0_nu=2.0_kernel_entropy_s,0.5342380607065161,0.7028913703337716,0.7033354616380121,True,fr,0.6677966101694915
matern_kappa=1.0_nu=2.0_kernel_entropy,0.5342380607065161,0.7028913703337716,0.7033354616380121,True,fr,0.6677966101694915
maternn_kappa=1.0_nu=2.0_kernel_entropy_s,0.5038071065989848,0.6734616665457903,0.6740055195577869,True,fr,0.6677966101694915
maternn_kappa=1.0_nu=2.0_kernel_entropy,0.5038071065989848,0.6734616665457903,0.6740055195577869,True,fr,0.6677966101694915
matern_kappa=1.0_nu=3.0_kernel_entropy_s,0.5328136330674401,0.7018771912968305,0.7023247204961115,True,fr,0.6677966101694915
matern_kappa=1.0_nu=3.0_kernel_entropy,0.5328136330674401,0.7018771912968305,0.7023247204961115,True,fr,0.6677966101694915
maternn_kappa=1.0_nu=3.0_kernel_entropy_s,0.504402776338962,0.6746267279812641,0.6751666316324623,True,fr,0.6677966101694915
maternn_kappa=1.0_nu=3.0_kernel_entropy,0.504402776338962,0.6746267279812641,0.6751666316324623,True,fr,0.6677966101694915
matern_kappa=2.0_nu=1.0_kernel_entropy_s,0.5347819330777996,0.7046449805489019,0.7050831274117352,True,fr,0.6677966101694915
matern_kappa=2.0_nu=1.0_kernel_entropy,0.5347819330777996,0.7046449805489019,0.7050831274117352,True,fr,0.6677966101694915
maternn_kappa=2.0_nu=1.0_kernel_entropy_s,0.5170672329845645,0.6943208858223716,0.6947940296164814,True,fr,0.6677966101694915
maternn_kappa=2.0_nu=1.0_kernel_entropy,0.5170672329845645,0.6943208858223716,0.6947940296164814,True,fr,0.6677966101694915
matern_kappa=2.0_nu=2.0_kernel_entropy_s,0.5325805449083186,0.7025266780393531,0.7029720055886595,True,fr,0.6677966101694915
matern_kappa=2.0_nu=2.0_kernel_entropy,0.5326064435926655,0.7025504637774246,0.7029957106971104,True,fr,0.6677966101694915
maternn_kappa=2.0_nu=2.0_kernel_entropy_s,0.5233606132808455,0.7053583112547157,0.7057940400473598,True,fr,0.6677966101694915
maternn_kappa=2.0_nu=2.0_kernel_entropy,0.5233606132808455,0.7053583112547157,0.7057940400473598,True,fr,0.6677966101694915
matern_kappa=2.0_nu=3.0_kernel_entropy_s,0.5337718843882732,0.7021775638972296,0.702624074884306,True,fr,0.6677966101694915
matern_kappa=2.0_nu=3.0_kernel_entropy,0.5338754791256605,0.7022410801433059,0.7026873758210734,True,fr,0.6677966101694915
maternn_kappa=2.0_nu=3.0_kernel_entropy_s,0.5286957422562933,0.7087690866529142,0.7091932534950559,True,fr,0.6677966101694915
maternn_kappa=2.0_nu=3.0_kernel_entropy,0.5286957422562933,0.7087690866529142,0.7091932534950559,True,fr,0.6677966101694915
matern_kappa=3.0_nu=1.0_kernel_entropy_s,0.5320366725370351,0.702537218377113,0.702982510196461,True,fr,0.6677966101694915
matern_kappa=3.0_nu=1.0_kernel_entropy,0.5320107738526882,0.7024906243970553,0.7029360741620984,True,fr,0.6677966101694915
maternn_kappa=3.0_nu=1.0_kernel_entropy_s,0.5377343830933389,0.7164766189368211,0.7168746585508818,True,fr,0.6677966101694915
maternn_kappa=3.0_nu=1.0_kernel_entropy,0.5377343830933389,0.7164766189368211,0.7168746585508818,True,fr,0.6677966101694915
matern_kappa=3.0_nu=2.0_kernel_entropy_s,0.5298093856832073,0.699918880508853,0.7003730480497882,True,fr,0.6677966101694915
matern_kappa=3.0_nu=2.0_kernel_entropy,0.5297575883145136,0.699918880508853,0.7003730480497882,True,fr,0.6677966101694915
maternn_kappa=3.0_nu=2.0_kernel_entropy_s,0.5414119962705894,0.7168736087081828,0.717270302594205,True,fr,0.6677966101694915
maternn_kappa=3.0_nu=2.0_kernel_entropy,0.5414378949549362,0.7168715864974875,0.7172682872384611,True,fr,0.6677966101694915
matern_kappa=3.0_nu=3.0_kernel_entropy_s,0.5300683725266756,0.7001722524507903,0.7006255611037867,True,fr,0.6677966101694915
matern_kappa=3.0_nu=3.0_kernel_entropy,0.5300683725266756,0.7001722524507903,0.7006255611037867,True,fr,0.6677966101694915
maternn_kappa=3.0_nu=3.0_kernel_entropy_s,0.5382782554646224,0.7115189725050294,0.7119338177002149,True,fr,0.6677966101694915
maternn_kappa=3.0_nu=3.0_kernel_entropy,0.5382782554646224,0.7115189725050294,0.7119338177002149,True,fr,0.6677966101694915
weighted_heat_t=0.1_kernel_entropy_s,0.5519527607997514,0.7112047989329293,0.7116207091232744,True,fr,0.6677966101694915
weighted_heat_t=0.1_kernel_entropy,0.5519527607997514,0.7112047989329293,0.7116207091232744,True,fr,0.6677966101694915
weighted_heatn_t=0.1_kernel_entropy_s,0.4486688076245726,0.6116450675964149,0.6107035531472228,True,fr,0.6677966101694915
weighted_heatn_t=0.1_kernel_entropy,0.4486688076245726,0.6116450675964149,0.6107035531472228,True,fr,0.6677966101694915
weighted_heat_t=0.2_kernel_entropy_s,0.5522635450119134,0.712405345484835,0.7128171860258516,True,fr,0.6677966101694915
weighted_heat_t=0.2_kernel_entropy,0.5522635450119134,0.712405345484835,0.7128171860258516,True,fr,0.6677966101694915
weighted_heatn_t=0.2_kernel_entropy_s,0.448927794468041,0.6123373424092775,0.6113934812658045,True,fr,0.6677966101694915
weighted_heatn_t=0.2_kernel_entropy,0.448927794468041,0.6123373424092775,0.6113934812658045,True,fr,0.6677966101694915
weighted_heat_t=0.3_kernel_entropy_s,0.5543354397596603,0.7140755215058557,0.7144817004332418,True,fr,0.6677966101694915
weighted_heat_t=0.3_kernel_entropy,0.5543354397596603,0.7140755215058557,0.7144817004332418,True,fr,0.6677966101694915
weighted_heatn_t=0.3_kernel_entropy_s,0.44923857868020306,0.6123902952135214,0.6114462545690171,True,fr,0.6677966101694915
weighted_heatn_t=0.3_kernel_entropy,0.44923857868020306,0.6123902952135214,0.6114462545690171,True,fr,0.6677966101694915
weighted_heat_t=0.4_kernel_entropy_s,0.5543354397596603,0.7141359951881292,0.7145419691199822,True,fr,0.6677966101694915
weighted_heat_t=0.4_kernel_entropy,0.5543354397596603,0.7141359951881292,0.7145419691199822,True,fr,0.6677966101694915
weighted_heatn_t=0.4_kernel_entropy_s,0.4498601471045271,0.6134693634228454,0.6125216649200044,True,fr,0.6677966101694915
weighted_heatn_t=0.4_kernel_entropy,0.4498601471045271,0.6134693634228454,0.6125216649200044,True,fr,0.6677966101694915
weighted_heat_t=0.5_kernel_entropy_s,0.5539210608101108,0.7125543829115478,0.7129657182409485,True,fr,0.6677966101694915
weighted_heat_t=0.5_kernel_entropy,0.5539210608101108,0.7125543829115478,0.7129657182409485,True,fr,0.6677966101694915
weighted_heatn_t=0.5_kernel_entropy_s,0.4497047549984461,0.6134631972323795,0.6125155196318791,True,fr,0.6677966101694915
weighted_heatn_t=0.5_kernel_entropy,0.4497047549984461,0.6134631972323795,0.6125155196318791,True,fr,0.6677966101694915
weighted_heat_t=0.6_kernel_entropy_s,0.5529369108049311,0.7113554936612234,0.7117708930219812,True,fr,0.6677966101694915
weighted_heat_t=0.6_kernel_entropy,0.5529369108049311,0.7113554936612234,0.7117708930219812,True,fr,0.6677966101694915
weighted_heatn_t=0.6_kernel_entropy_s,0.4500155392106081,0.613915918551384,0.6129667063023445,True,fr,0.6677966101694915
weighted_heatn_t=0.6_kernel_entropy,0.4500155392106081,0.613915918551384,0.6129667063023445,True,fr,0.6677966101694915
weighted_heat_t=0.7_kernel_entropy_s,0.5542318450222729,0.7110250520893702,0.7114415715910493,True,fr,0.6677966101694915
weighted_heat_t=0.7_kernel_entropy,0.5542318450222729,0.7110250520893702,0.7114415715910493,True,fr,0.6677966101694915
weighted_heatn_t=0.7_kernel_entropy_s,0.4503263234227701,0.6143629160721414,0.613412188577269,True,fr,0.6677966101694915
weighted_heatn_t=0.7_kernel_entropy,0.4503263234227701,0.6143629160721414,0.613412188577269,True,fr,0.6677966101694915
weighted_matern_kappa=1.0_nu=1.0_kernel_entropy_s,0.5530923029110122,0.7123527386017228,0.7127647574711568,True,fr,0.6677966101694915
weighted_matern_kappa=1.0_nu=1.0_kernel_entropy,0.5530923029110122,0.7123527386017228,0.7127647574711568,True,fr,0.6677966101694915
weighted_maternn_kappa=1.0_nu=1.0_kernel_entropy_s,0.4503781207914638,0.6145556676321885,0.6136042867421972,True,fr,0.6677966101694915
weighted_maternn_kappa=1.0_nu=1.0_kernel_entropy,0.4503781207914638,0.6145556676321885,0.6136042867421972,True,fr,0.6677966101694915
weighted_matern_kappa=1.0_nu=2.0_kernel_entropy_s,0.5531441002797057,0.7125756238092902,0.7129868871356476,True,fr,0.6677966101694915
weighted_matern_kappa=1.0_nu=2.0_kernel_entropy,0.5531441002797057,0.7125756238092902,0.7129868871356476,True,fr,0.6677966101694915
weighted_maternn_kappa=1.0_nu=2.0_kernel_entropy_s,0.45032632342277,0.6143840621800463,0.6134332630034522,True,fr,0.6677966101694915
weighted_maternn_kappa=1.0_nu=2.0_kernel_entropy,0.45032632342277,0.6143840621800463,0.6134332630034522,True,fr,0.6677966101694915
weighted_matern_kappa=1.0_nu=3.0_kernel_entropy_s,0.5525743292240755,0.7122638150623478,0.7126761353675085,True,fr,0.6677966101694915
weighted_matern_kappa=1.0_nu=3.0_kernel_entropy,0.5525743292240755,0.7122638150623478,0.7126761353675085,True,fr,0.6677966101694915
weighted_maternn_kappa=1.0_nu=3.0_kernel_entropy_s,0.4502745260540764,0.6143817240808749,0.6134309328300406,True,fr,0.6677966101694915
weighted_maternn_kappa=1.0_nu=3.0_kernel_entropy,0.4502745260540764,0.6143817240808749,0.6134309328300406,True,fr,0.6677966101694915
weighted_matern_kappa=2.0_nu=1.0_kernel_entropy_s,0.5535066818605615,0.7110826367548024,0.7114989610542259,True,fr,0.6677966101694915
weighted_matern_kappa=2.0_nu=1.0_kernel_entropy,0.5535066818605615,0.7110826367548024,0.7114989610542259,True,fr,0.6677966101694915
weighted_maternn_kappa=2.0_nu=1.0_kernel_entropy_s,0.4676784419351496,0.6389195367613938,0.6378855664845239,True,fr,0.6677966101694915
weighted_maternn_kappa=2.0_nu=1.0_kernel_entropy,0.4676784419351496,0.6389195367613938,0.6378855664845239,True,fr,0.6677966101694915
weighted_matern_kappa=2.0_nu=2.0_kernel_entropy_s,0.5527297213301564,0.7113727663933374,0.7117881072024608,True,fr,0.6677966101694915
weighted_matern_kappa=2.0_nu=2.0_kernel_entropy,0.5527297213301564,0.7113727663933374,0.7117881072024608,True,fr,0.6677966101694915
weighted_maternn_kappa=2.0_nu=2.0_kernel_entropy_s,0.49549362892365073,0.6536585917700792,0.6525746585948747,True,fr,0.6677966101694915
weighted_maternn_kappa=2.0_nu=2.0_kernel_entropy,0.49549362892365073,0.6536585917700792,0.6525746585948747,True,fr,0.6677966101694915
weighted_matern_kappa=2.0_nu=3.0_kernel_entropy_s,0.5531441002797058,0.7117035210649354,0.7121177406717822,True,fr,0.6677966101694915
weighted_matern_kappa=2.0_nu=3.0_kernel_entropy,0.5531441002797058,0.7117035210649354,0.7121177406717822,True,fr,0.6677966101694915
weighted_maternn_kappa=2.0_nu=3.0_kernel_entropy_s,0.5050761421319797,0.6591748766669436,0.6580722442209024,True,fr,0.6677966101694915
weighted_maternn_kappa=2.0_nu=3.0_kernel_entropy,0.5050761421319797,0.6591748766669436,0.6580722442209024,True,fr,0.6677966101694915
weighted_matern_kappa=3.0_nu=1.0_kernel_entropy_s,0.5540764529161919,0.7118398100303948,0.7122535676407485,True,fr,0.6677966101694915
weighted_matern_kappa=3.0_nu=1.0_kernel_entropy,0.5540764529161919,0.7118398100303948,0.7122535676407485,True,fr,0.6677966101694915
weighted_maternn_kappa=3.0_nu=1.0_kernel_entropy_s,0.5348078317621465,0.677639234965901,0.6764740114747784,True,fr,0.6677966101694915
weighted_maternn_kappa=3.0_nu=1.0_kernel_entropy,0.5348078317621465,0.677639234965901,0.6764740114747784,True,fr,0.6677966101694915
weighted_matern_kappa=3.0_nu=2.0_kernel_entropy_s,0.5525743292240755,0.7104988802243307,0.7109171833594508,True,fr,0.6677966101694915
weighted_matern_kappa=3.0_nu=2.0_kernel_entropy,0.5525743292240755,0.7104988802243307,0.7109171833594508,True,fr,0.6677966101694915
weighted_maternn_kappa=3.0_nu=2.0_kernel_entropy_s,0.544960116026106,0.6998374076469314,0.7002918513670596,True,fr,0.6677966101694915
weighted_maternn_kappa=3.0_nu=2.0_kernel_entropy,0.544960116026106,0.6998374076469314,0.7002918513670596,True,fr,0.6677966101694915
weighted_matern_kappa=3.0_nu=3.0_kernel_entropy_s,0.5514347871128147,0.7109870154586123,0.711403663898023,True,fr,0.6677966101694915
weighted_matern_kappa=3.0_nu=3.0_kernel_entropy,0.5514347871128147,0.7109870154586123,0.711403663898023,True,fr,0.6677966101694915
weighted_maternn_kappa=3.0_nu=3.0_kernel_entropy_s,0.5490521081529058,0.7016349633237777,0.7020833136348318,True,fr,0.6677966101694915
weighted_maternn_kappa=3.0_nu=3.0_kernel_entropy,0.5490521081529058,0.7016349633237777,0.7020833136348318,True,fr,0.6677966101694915
weighted_deberta_heat_t=0.1_kernel_entropy_s,0.5225836527504403,0.7045337819977973,0.7049723058048718,True,fr,0.6677966101694915
weighted_deberta_heat_t=0.1_kernel_entropy,0.5225836527504403,0.7045337819977973,0.7049723058048718,True,fr,0.6677966101694915
weighted_deberta_heatn_t=0.1_kernel_entropy_s,0.5363617528229566,0.6833445649578774,0.6838549166193244,True,fr,0.6677966101694915
weighted_deberta_heatn_t=0.1_kernel_entropy,0.5363617528229566,0.6833445649578774,0.6838549166193244,True,fr,0.6677966101694915
weighted_deberta_heat_t=0.2_kernel_entropy_s,0.5199419869470631,0.7019012515291563,0.7023486991683278,True,fr,0.6677966101694915
weighted_deberta_heat_t=0.2_kernel_entropy,0.5199419869470631,0.7019012515291563,0.7023486991683278,True,fr,0.6677966101694915
weighted_deberta_heatn_t=0.2_kernel_entropy_s,0.5367243344038123,0.6831044307142016,0.6836155963900339,True,fr,0.6677966101694915
weighted_deberta_heatn_t=0.2_kernel_entropy,0.5367243344038123,0.6831044307142016,0.6836155963900339,True,fr,0.6677966101694915
weighted_deberta_heat_t=0.3_kernel_entropy_s,0.5195794053662074,0.69949989405403,0.6999554818880324,True,fr,0.6677966101694915
weighted_deberta_heat_t=0.3_kernel_entropy,0.5195794053662074,0.69949989405403,0.6999554818880324,True,fr,0.6677966101694915
weighted_deberta_heatn_t=0.3_kernel_entropy_s,0.5364135501916503,0.6836978525711235,0.6842070066474408,True,fr,0.6677966101694915
weighted_deberta_heatn_t=0.3_kernel_entropy,0.5364135501916503,0.6836978525711235,0.6842070066474408,True,fr,0.6677966101694915
weighted_deberta_heat_t=0.4_kernel_entropy_s,0.5202009737905314,0.6975278494363817,0.6979901221673931,True,fr,0.6677966101694915
weighted_deberta_heat_t=0.4_kernel_entropy,0.5202009737905314,0.6975278494363817,0.6979901221673931,True,fr,0.6677966101694915
weighted_deberta_heatn_t=0.4_kernel_entropy_s,0.5356883870299388,0.6837958505524928,0.6843046724322631,True,fr,0.6677966101694915
weighted_deberta_heatn_t=0.4_kernel_entropy,0.5356883870299388,0.6837958505524928,0.6843046724322631,True,fr,0.6677966101694915
weighted_deberta_heat_t=0.5_kernel_entropy_s,0.5191650264166581,0.6960674341837624,0.6965346574749521,True,fr,0.6677966101694915
weighted_deberta_heat_t=0.5_kernel_entropy,0.5191650264166581,0.6960674341837624,0.6965346574749521,True,fr,0.6677966101694915
weighted_deberta_heatn_t=0.5_kernel_entropy_s,0.5370351186159742,0.6844920821336411,0.6849985439063566,True,fr,0.6677966101694915
weighted_deberta_heatn_t=0.5_kernel_entropy,0.5370351186159742,0.6844920821336411,0.6849985439063566,True,fr,0.6677966101694915
weighted_deberta_heat_t=0.6_kernel_entropy_s,0.5193722158914327,0.6929446413318945,0.6934224503615651,True,fr,0.6677966101694915
weighted_deberta_heat_t=0.6_kernel_entropy,0.5193722158914327,0.6929446413318945,0.6934224503615651,True,fr,0.6677966101694915
weighted_deberta_heatn_t=0.6_kernel_entropy_s,0.5366725370351186,0.6845223532140791,0.6850287123729626,True,fr,0.6677966101694915
weighted_deberta_heatn_t=0.6_kernel_entropy,0.5366725370351186,0.6845223532140791,0.6850287123729626,True,fr,0.6677966101694915
weighted_deberta_heat_t=0.7_kernel_entropy_s,0.5185952553610277,0.6904246960979102,0.6909110473148148,True,fr,0.6677966101694915
weighted_deberta_heat_t=0.7_kernel_entropy,0.5185952553610277,0.6904246960979102,0.6909110473148148,True,fr,0.6677966101694915
weighted_deberta_heatn_t=0.7_kernel_entropy_s,0.536931523878587,0.6850655456382166,0.6855700634668489,True,fr,0.6677966101694915
weighted_deberta_heatn_t=0.7_kernel_entropy,0.536931523878587,0.6850655456382166,0.6855700634668489,True,fr,0.6677966101694915
weighted_deberta_matern_kappa=1.0_nu=1.0_kernel_entropy_s,0.5215995027452606,0.7003679722682633,0.7008206174642514,True,fr,0.6677966101694915
weighted_deberta_matern_kappa=1.0_nu=1.0_kernel_entropy,0.5215995027452606,0.7003679722682633,0.7008206174642514,True,fr,0.6677966101694915
weighted_deberta_maternn_kappa=1.0_nu=1.0_kernel_entropy_s,0.5368797265098934,0.6845353732524255,0.685041688275586,True,fr,0.6677966101694915
weighted_deberta_maternn_kappa=1.0_nu=1.0_kernel_entropy,0.5368797265098934,0.6845353732524255,0.685041688275586,True,fr,0.6677966101694915
weighted_deberta_matern_kappa=1.0_nu=2.0_kernel_entropy_s,0.5209779343209365,0.6992425096266093,0.6996989699501962,True,fr,0.6677966101694915
weighted_deberta_matern_kappa=1.0_nu=2.0_kernel_entropy,0.5209779343209365,0.6992425096266093,0.6996989699501962,True,fr,0.6677966101694915
weighted_deberta_maternn_kappa=1.0_nu=2.0_kernel_entropy_s,0.5373459028281363,0.6842404047617965,0.6847477196781454,True,fr,0.6677966101694915
weighted_deberta_maternn_kappa=1.0_nu=2.0_kernel_entropy,0.5373459028281363,0.6842404047617965,0.6847477196781454,True,fr,0.6677966101694915
weighted_deberta_matern_kappa=1.0_nu=3.0_kernel_entropy_s,0.5206671501087745,0.6985489095061763,0.6990077210166122,True,fr,0.6677966101694915
weighted_deberta_matern_kappa=1.0_nu=3.0_kernel_entropy,0.5206671501087745,0.6985489095061763,0.6990077210166122,True,fr,0.6677966101694915
weighted_deberta_maternn_kappa=1.0_nu=3.0_kernel_entropy_s,0.5369833212472807,0.6844024904756442,0.6849092559488954,True,fr,0.6677966101694915
weighted_deberta_maternn_kappa=1.0_nu=3.0_kernel_entropy,0.5369833212472807,0.6844024904756442,0.6849092559488954,True,fr,0.6677966101694915
weighted_deberta_matern_kappa=2.0_nu=1.0_kernel_entropy_s,0.5152284263959391,0.6921150072905251,0.69259562863898,True,fr,0.6677966101694915
weighted_deberta_matern_kappa=2.0_nu=1.0_kernel_entropy,0.5152284263959391,0.6921150072905251,0.69259562863898,True,fr,0.6677966101694915
weighted_deberta_maternn_kappa=2.0_nu=1.0_kernel_entropy_s,0.5428364239096654,0.6911354738893157,0.6916194156899782,True,fr,0.6677966101694915
weighted_deberta_maternn_kappa=2.0_nu=1.0_kernel_entropy,0.5428364239096654,0.6911354738893157,0.6916194156899782,True,fr,0.6677966101694915
weighted_deberta_matern_kappa=2.0_nu=2.0_kernel_entropy_s,0.5149176421837771,0.6877341469236451,0.6882296186462251,True,fr,0.6677966101694915
weighted_deberta_matern_kappa=2.0_nu=2.0_kernel_entropy,0.5149176421837771,0.6877341469236451,0.6882296186462251,True,fr,0.6677966101694915
weighted_deberta_maternn_kappa=2.0_nu=2.0_kernel_entropy_s,0.5412825028488553,0.688023528854629,0.6868231043672736,True,fr,0.6677966101694915
weighted_deberta_maternn_kappa=2.0_nu=2.0_kernel_entropy,0.5412825028488553,0.688023528854629,0.6868231043672736,True,fr,0.6677966101694915
weighted_deberta_matern_kappa=2.0_nu=3.0_kernel_entropy_s,0.5143478711281467,0.6850720836122322,0.6855765792782407,True,fr,0.6677966101694915
weighted_deberta_matern_kappa=2.0_nu=3.0_kernel_entropy,0.5143478711281467,0.6850720836122322,0.6855765792782407,True,fr,0.6677966101694915
weighted_deberta_maternn_kappa=2.0_nu=3.0_kernel_entropy_s,0.5400393660002072,0.6889917657737327,0.6877880591273293,True,fr,0.6677966101694915
weighted_deberta_maternn_kappa=2.0_nu=3.0_kernel_entropy,0.5400393660002072,0.6889917657737327,0.6877880591273293,True,fr,0.6677966101694915
weighted_deberta_matern_kappa=3.0_nu=1.0_kernel_entropy_s,0.5142960737594531,0.6878495361445478,0.6883446167172265,True,fr,0.6677966101694915
weighted_deberta_matern_kappa=3.0_nu=1.0_kernel_entropy,0.5142960737594531,0.6878495361445478,0.6883446167172265,True,fr,0.6677966101694915
weighted_deberta_maternn_kappa=3.0_nu=1.0_kernel_entropy_s,0.5036258158085569,0.6672480630187057,0.6661180638392685,True,fr,0.6677966101694915
weighted_deberta_maternn_kappa=3.0_nu=1.0_kernel_entropy,0.5036258158085569,0.6672480630187057,0.6661180638392685,True,fr,0.6677966101694915
weighted_deberta_matern_kappa=3.0_nu=2.0_kernel_entropy_s,0.5105148658448151,0.6816951159303382,0.6822110589444209,True,fr,0.6677966101694915
weighted_deberta_matern_kappa=3.0_nu=2.0_kernel_entropy,0.5105148658448151,0.6816951159303382,0.6822110589444209,True,fr,0.6677966101694915
weighted_deberta_maternn_kappa=3.0_nu=2.0_kernel_entropy_s,0.49176421837770645,0.6578705266037813,0.6567723156833779,True,fr,0.6677966101694915
weighted_deberta_maternn_kappa=3.0_nu=2.0_kernel_entropy,0.49176421837770645,0.6578705266037813,0.6567723156833779,True,fr,0.6677966101694915
weighted_deberta_matern_kappa=3.0_nu=3.0_kernel_entropy_s,0.5083393763596809,0.6764742712876661,0.6770079120801986,True,fr,0.6677966101694915
weighted_deberta_matern_kappa=3.0_nu=3.0_kernel_entropy,0.5083393763596809,0.6764742712876661,0.6770079120801986,True,fr,0.6677966101694915
weighted_deberta_maternn_kappa=3.0_nu=3.0_kernel_entropy_s,0.4845125867605926,0.6505120294702259,0.6494387626079023,True,fr,0.6677966101694915
weighted_deberta_maternn_kappa=3.0_nu=3.0_kernel_entropy,0.4845125867605926,0.6505120294702259,0.6494387626079023,True,fr,0.6677966101694915
semantic_kernel_heat_t=0.1_alpha_0.0,0.5462550502434477,0.7047203919838079,0.7051582832146585,False,fr,0.6677966101694915
semantic_kernel_heat_t=0.1_alpha_0.1,0.5433026002279084,0.7032708206272532,0.7037136256593125,False,fr,0.6677966101694915
semantic_kernel_heat_t=0.1_alpha_0.2,0.5412825028488553,0.7033373008392506,0.703779880514659,False,fr,0.6677966101694915
semantic_kernel_heat_t=0.1_alpha_0.3,0.5405573396871439,0.7036434844525085,0.7040850262173635,False,fr,0.6677966101694915
semantic_kernel_heat_t=0.1_alpha_0.4,0.5423702475914224,0.7051564020142203,0.7055928152449678,False,fr,0.6677966101694915
semantic_kernel_heat_t=0.1_alpha_0.5,0.5465658344556097,0.7092051200356397,0.7096278087985182,False,fr,0.6677966101694915
semantic_kernel_heat_t=0.1_alpha_0.6,0.550450637107635,0.7110665880378876,0.7114829667397413,False,fr,0.6677966101694915
semantic_kernel_heat_t=0.1_alpha_0.7,0.5530923029110121,0.7125749697224846,0.7129862352660856,False,fr,0.6677966101694915
semantic_kernel_heat_t=0.1_alpha_0.8,0.5518491660623641,0.71240552228268,0.7128173622243817,False,fr,0.6677966101694915
semantic_kernel_heat_t=0.1_alpha_0.9,0.5510722055319589,0.7134523128465701,0.7138606043456825,False,fr,0.6677966101694915
semantic_kernel_heat_t=0.1_alpha_1.0,0.5507096239511032,0.7134672861850558,0.7138755269270887,False,fr,0.6677966101694915
semantic_kernel_heatn_t=0.1_alpha_0.0,0.5462550502434477,0.7047203919838079,0.7051582832146585,False,fr,0.6677966101694915
semantic_kernel_heatn_t=0.1_alpha_0.1,0.5432508028592147,0.7032639227831424,0.7037067511977242,False,fr,0.6677966101694915
semantic_kernel_heatn_t=0.1_alpha_0.2,0.5412307054801616,0.7030289665565331,0.7034725914328999,False,fr,0.6677966101694915
semantic_kernel_heatn_t=0.1_alpha_0.3,0.5390034186263338,0.7019306045931812,0.7023779527304407,False,fr,0.6677966101694915
semantic_kernel_heatn_t=0.1_alpha_0.4,0.5386926344141718,0.7024165865753553,0.7028622873160651,False,fr,0.6677966101694915
semantic_kernel_heatn_t=0.1_alpha_0.5,0.5383818502020097,0.7021691539824404,0.7026156934777025,False,fr,0.6677966101694915
semantic_kernel_heatn_t=0.1_alpha_0.6,0.5383300528333161,0.7021854711647306,0.7026319553475103,False,fr,0.6677966101694915
semantic_kernel_heatn_t=0.1_alpha_0.7,0.5384854449393971,0.7023825147452363,0.7028283309836751,False,fr,0.6677966101694915
semantic_kernel_heatn_t=0.1_alpha_0.8,0.5380710659898477,0.702195404342562,0.7026418548535525,False,fr,0.6677966101694915
semantic_kernel_heatn_t=0.1_alpha_0.9,0.536931523878587,0.7013275368720002,0.7017769293066198,False,fr,0.6677966101694915
semantic_kernel_heatn_t=0.1_alpha_1.0,0.5223764632756656,0.7005941903000128,0.7010460686552153,False,fr,0.6677966101694915
semantic_kernel_heat_t=0.2_alpha_0.0,0.5462550502434477,0.7047203919838079,0.7051582832146585,False,fr,0.6677966101694915
semantic_kernel_heat_t=0.2_alpha_0.1,0.5436651818087641,0.7033592791200003,0.7038017842927622,False,fr,0.6677966101694915
semantic_kernel_heat_t=0.2_alpha_0.2,0.5430954107531337,0.7043874734484945,0.704826493216753,False,fr,0.6677966101694915
semantic_kernel_heat_t=0.2_alpha_0.3,0.5460996581373666,0.7064981985700491,0.7069300633378955,False,fr,0.6677966101694915
semantic_kernel_heat_t=0.2_alpha_0.4,0.5507614213197969,0.7107219218188331,0.7111394688807513,False,fr,0.6677966101694915
semantic_kernel_heat_t=0.2_alpha_0.5,0.5537656687040298,0.7132595048502733,0.7136684499358139,False,fr,0.6677966101694915
semantic_kernel_heat_t=0.2_alpha_0.6,0.5552159950274526,0.714810510045494,0.7152141974863051,False,fr,0.6677966101694915
semantic_kernel_heat_t=0.2_alpha_0.7,0.5582720397803792,0.7168947566974517,0.7172913788953748,False,fr,0.6677966101694915
semantic_kernel_heat_t=0.2_alpha_0.8,0.5612244897959183,0.7181657539900668,0.718558067722591,False,fr,0.6677966101694915
semantic_kernel_heat_t=0.2_alpha_0.9,0.5643323319175386,0.719511726015545,0.7198994771310339,False,fr,0.6677966101694915
semantic_kernel_heat_t=0.2_alpha_1.0,0.5681135398321766,0.7199452369229264,0.7203315185099157,False,fr,0.6677966101694915
semantic_kernel_heatn_t=0.2_alpha_0.0,0.5462550502434477,0.7047203919838079,0.7051582832146585,False,fr,0.6677966101694915
semantic_kernel_heatn_t=0.2_alpha_0.1,0.5432508028592147,0.7032639227831424,0.7037067511977242,False,fr,0.6677966101694915
semantic_kernel_heatn_t=0.2_alpha_0.2,0.5412307054801616,0.7030289665565331,0.7034725914328999,False,fr,0.6677966101694915
semantic_kernel_heatn_t=0.2_alpha_0.3,0.5390034186263338,0.7019306045931812,0.7023779527304407,False,fr,0.6677966101694915
semantic_kernel_heatn_t=0.2_alpha_0.4,0.5386926344141717,0.7024420154071752,0.7028876299484551,False,fr,0.6677966101694915
semantic_kernel_heatn_t=0.2_alpha_0.5,0.5383300528333161,0.7017828947421845,0.7022307435908033,False,fr,0.6677966101694915
semantic_kernel_heatn_t=0.2_alpha_0.6,0.5380710659898477,0.7016790401357185,0.7021272410338508,False,fr,0.6677966101694915
semantic_kernel_heatn_t=0.2_alpha_0.7,0.5377602817776856,0.701623345923712,0.7020717356157834,False,fr,0.6677966101694915
semantic_kernel_heatn_t=0.2_alpha_0.8,0.537242308090749,0.701648079736237,0.7020963855848762,False,fr,0.6677966101694915
semantic_kernel_heatn_t=0.2_alpha_0.9,0.5342380607065161,0.7006251652785134,0.7010769386337888,False,fr,0.6677966101694915
semantic_kernel_heatn_t=0.2_alpha_1.0,0.5219620843261163,0.7007892598181298,0.7012404769207286,False,fr,0.6677966101694915
semantic_kernel_heat_t=0.3_alpha_0.0,0.5462550502434477,0.7047203919838079,0.7051582832146585,False,fr,0.6677966101694915
semantic_kernel_heat_t=0.3_alpha_0.1,0.5443903449704756,0.7037515414160769,0.7041927168861402,False,fr,0.6677966101694915
semantic_kernel_heat_t=0.3_alpha_0.2,0.5462550502434477,0.7050343034338584,0.7054711305580987,False,fr,0.6677966101694915
semantic_kernel_heat_t=0.3_alpha_0.3,0.5495182844711488,0.7081350821532253,0.7085613981631627,False,fr,0.6677966101694915
semantic_kernel_heat_t=0.3_alpha_0.4,0.5569253081943437,0.7132116010041601,0.7136207084756198,False,fr,0.6677966101694915
semantic_kernel_heat_t=0.3_alpha_0.5,0.5613798819019994,0.7156513252505243,0.7160521624703012,False,fr,0.6677966101694915
semantic_kernel_heat_t=0.3_alpha_0.6,0.566300631927898,0.7200064740489414,0.7203925480524527,False,fr,0.6677966101694915
semantic_kernel_heat_t=0.3_alpha_0.7,0.5707034082668601,0.7231312188221439,0.7235067004704918,False,fr,0.6677966101694915
semantic_kernel_heat_t=0.3_alpha_0.8,0.5759349425049208,0.7254894954522952,0.7258569829425748,False,fr,0.6677966101694915
semantic_kernel_heat_t=0.3_alpha_0.9,0.5801823267378018,0.7262579405912506,0.7266228231827541,False,fr,0.6677966101694915
semantic_kernel_heat_t=0.3_alpha_1.0,0.5816326530612245,0.7244018719507915,0.7247730463003983,False,fr,0.6677966101694915
semantic_kernel_heatn_t=0.3_alpha_0.0,0.5462550502434477,0.7047203919838079,0.7051582832146585,False,fr,0.6677966101694915
semantic_kernel_heatn_t=0.3_alpha_0.1,0.5432508028592147,0.7032639227831424,0.7037067511977242,False,fr,0.6677966101694915
semantic_kernel_heatn_t=0.3_alpha_0.2,0.5412307054801616,0.7030289665565331,0.7034725914328999,False,fr,0.6677966101694915
semantic_kernel_heatn_t=0.3_alpha_0.3,0.5390552159950275,0.7019656701658019,0.7024128994367136,False,fr,0.6677966101694915
semantic_kernel_heatn_t=0.3_alpha_0.4,0.538640837045478,0.7024073076465199,0.7028530398412257,False,fr,0.6677966101694915
semantic_kernel_heatn_t=0.3_alpha_0.5,0.5381228633585414,0.702004961686171,0.7024520577654881,False,fr,0.6677966101694915
semantic_kernel_heatn_t=0.3_alpha_0.6,0.537708484408992,0.7015423260490368,0.7019909903847509,False,fr,0.6677966101694915
semantic_kernel_heatn_t=0.3_alpha_0.7,0.5372941054594427,0.7015952548978118,0.7020437398136997,False,fr,0.6677966101694915
semantic_kernel_heatn_t=0.3_alpha_0.8,0.5362581580855693,0.7012556574276774,0.7017052935214301,False,fr,0.6677966101694915
semantic_kernel_heatn_t=0.3_alpha_0.9,0.5311820159535895,0.6984239341450464,0.6988831693007742,False,fr,0.6677966101694915
semantic_kernel_heatn_t=0.3_alpha_1.0,0.5225836527504403,0.7020110159667151,0.7024580915230474,False,fr,0.6677966101694915
semantic_kernel_heat_t=0.4_alpha_0.0,0.5462550502434477,0.7047203919838079,0.7051582832146585,False,fr,0.6677966101694915
semantic_kernel_heat_t=0.4_alpha_0.1,0.5451155081321869,0.7039953934503054,0.7044357423033034,False,fr,0.6677966101694915
semantic_kernel_heat_t=0.4_alpha_0.2,0.5483269449911944,0.7057859872791274,0.7062202663225361,False,fr,0.6677966101694915
semantic_kernel_heat_t=0.4_alpha_0.3,0.5519527607997514,0.7079110228345722,0.7083380983676235,False,fr,0.6677966101694915
semantic_kernel_heat_t=0.4_alpha_0.4,0.5601367450533513,0.7132576030339924,0.7136665545663679,False,fr,0.6677966101694915
semantic_kernel_heat_t=0.4_alpha_0.5,0.5656272661348803,0.7164866854594883,0.7168846909497435,False,fr,0.6677966101694915
semantic_kernel_heat_t=0.4_alpha_0.6,0.5724127214337512,0.7217193235982695,0.7220995913321221,False,fr,0.6677966101694915
semantic_kernel_heat_t=0.4_alpha_0.7,0.5800787320004144,0.7261294320723921,0.7264947502859933,False,fr,0.6677966101694915
semantic_kernel_heat_t=0.4_alpha_0.8,0.5819434372733865,0.7275314710193748,0.7278920365585793,False,fr,0.6677966101694915
semantic_kernel_heat_t=0.4_alpha_0.9,0.589091474153113,0.7286180647197025,0.7289749468904313,False,fr,0.6677966101694915
semantic_kernel_heat_t=0.4_alpha_1.0,0.5886252978348699,0.727030917703122,0.7273931800332293,False,fr,0.6677966101694915
semantic_kernel_heatn_t=0.4_alpha_0.0,0.5462550502434477,0.7047203919838079,0.7051582832146585,False,fr,0.6677966101694915
semantic_kernel_heatn_t=0.4_alpha_0.1,0.5432508028592147,0.7032639227831424,0.7037067511977242,False,fr,0.6677966101694915
semantic_kernel_heatn_t=0.4_alpha_0.2,0.5411271107427743,0.7029663215921702,0.7034101588243485,False,fr,0.6677966101694915
semantic_kernel_heatn_t=0.4_alpha_0.3,0.5390034186263338,0.7019517870615399,0.7023990633938219,False,fr,0.6677966101694915
semantic_kernel_heatn_t=0.4_alpha_0.4,0.5386926344141718,0.7024519594364913,0.7028975402691972,False,fr,0.6677966101694915
semantic_kernel_heatn_t=0.4_alpha_0.5,0.5379156738837667,0.7019168153335877,0.7023642102141,False,fr,0.6677966101694915
semantic_kernel_heatn_t=0.4_alpha_0.6,0.537086915984668,0.7014938537097463,0.7019426823584749,False,fr,0.6677966101694915
semantic_kernel_heatn_t=0.4_alpha_0.7,0.5365689422977313,0.7013437557226925,0.701793093178157,False,fr,0.6677966101694915
semantic_kernel_heatn_t=0.4_alpha_0.8,0.5354294001864706,0.7015690357750395,0.7020176095693097,False,fr,0.6677966101694915
semantic_kernel_heatn_t=0.4_alpha_0.9,0.5315445975344453,0.6996844087373919,0.7001393710978915,False,fr,0.6677966101694915
semantic_kernel_heatn_t=0.4_alpha_1.0,0.5226872474878276,0.7024081238746093,0.7028538533024402,False,fr,0.6677966101694915
semantic_kernel_heat_t=0.5_alpha_0.0,0.5462550502434477,0.7047203919838079,0.7051582832146585,False,fr,0.6677966101694915
semantic_kernel_heat_t=0.5_alpha_0.1,0.5451673055008806,0.7038183800971864,0.7042593289954493,False,fr,0.6677966101694915
semantic_kernel_heat_t=0.5_alpha_0.2,0.5486895265720502,0.7056107573116428,0.7060456303549414,False,fr,0.6677966101694915
semantic_kernel_heat_t=0.5_alpha_0.3,0.5531441002797057,0.707740899393166,0.7081685516158492,False,fr,0.6677966101694915
semantic_kernel_heat_t=0.5_alpha_0.4,0.5619496529576297,0.7136787260571664,0.7140862500538702,False,fr,0.6677966101694915
semantic_kernel_heat_t=0.5_alpha_0.5,0.5660934424531234,0.7157654488306664,0.7161658991908498,False,fr,0.6677966101694915
semantic_kernel_heat_t=0.5_alpha_0.6,0.573863047757174,0.7211635588599757,0.7215457105420935,False,fr,0.6677966101694915
semantic_kernel_heat_t=0.5_alpha_0.7,0.5782140267274423,0.7238547718231654,0.7242278007494758,False,fr,0.6677966101694915
semantic_kernel_heat_t=0.5_alpha_0.8,0.5842743188646017,0.7263081128074682,0.7266728253236623,False,fr,0.6677966101694915
semantic_kernel_heat_t=0.5_alpha_0.9,0.5839635346524397,0.7231711252507371,0.7235464716230559,False,fr,0.6677966101694915
semantic_kernel_heat_t=0.5_alpha_1.0,0.583756345177665,0.7243459646051451,0.7247173284711776,False,fr,0.6677966101694915
semantic_kernel_heatn_t=0.5_alpha_0.0,0.5462550502434477,0.7047203919838079,0.7051582832146585,False,fr,0.6677966101694915
semantic_kernel_heatn_t=0.5_alpha_0.1,0.5431990054905211,0.7032224427765056,0.7036654118012794,False,fr,0.6677966101694915
semantic_kernel_heatn_t=0.5_alpha_0.2,0.5410753133740807,0.7029323079867281,0.7033762605192638,False,fr,0.6677966101694915
semantic_kernel_heatn_t=0.5_alpha_0.3,0.5390552159950275,0.7020252547880688,0.70247228207721,False,fr,0.6677966101694915
semantic_kernel_heatn_t=0.5_alpha_0.4,0.5384854449393971,0.7024636921741678,0.7029092332348815,False,fr,0.6677966101694915
semantic_kernel_heatn_t=0.5_alpha_0.5,0.5377602817776856,0.701983100191494,0.7024302703775728,False,fr,0.6677966101694915
semantic_kernel_heatn_t=0.5_alpha_0.6,0.5369833212472807,0.7015461025698722,0.701994754103821,False,fr,0.6677966101694915
semantic_kernel_heatn_t=0.5_alpha_0.7,0.5359991712421008,0.7010915707535589,0.7015417630733255,False,fr,0.6677966101694915
semantic_kernel_heatn_t=0.5_alpha_0.8,0.5342898580752098,0.7005798671739626,0.7010317940821347,False,fr,0.6677966101694915
semantic_kernel_heatn_t=0.5_alpha_0.9,0.5315963949031389,0.700369505037539,0.700822145037699,False,fr,0.6677966101694915
semantic_kernel_heatn_t=0.5_alpha_1.0,0.523412410649539,0.7033166188725075,0.7037592686562778,False,fr,0.6677966101694915
semantic_kernel_heat_t=0.6_alpha_0.0,0.5462550502434477,0.7047203919838079,0.7051582832146585,False,fr,0.6677966101694915
semantic_kernel_heat_t=0.6_alpha_0.1,0.5454262923443489,0.7039416500111275,0.7043821810452754,False,fr,0.6677966101694915
semantic_kernel_heat_t=0.6_alpha_0.2,0.5488449186781312,0.7053986638102637,0.7058342558145839,False,fr,0.6677966101694915
semantic_kernel_heat_t=0.6_alpha_0.3,0.5527815186988501,0.7074804432725492,0.7079089783973362,False,fr,0.6677966101694915
semantic_kernel_heat_t=0.6_alpha_0.4,0.5610690976898374,0.7124250084454002,0.7128367823323132,False,fr,0.6677966101694915
semantic_kernel_heat_t=0.6_alpha_0.5,0.5663524292965917,0.7154850709413412,0.7158864717350475,False,fr,0.6677966101694915
semantic_kernel_heat_t=0.6_alpha_0.6,0.5727235056459132,0.720200127836145,0.7205855453861401,False,fr,0.6677966101694915
semantic_kernel_heat_t=0.6_alpha_0.7,0.5768672951414068,0.7206513173452032,0.7210352054392356,False,fr,0.6677966101694915
semantic_kernel_heat_t=0.6_alpha_0.8,0.5812182741116751,0.7219440758266659,0.7223235816885577,False,fr,0.6677966101694915
semantic_kernel_heat_t=0.6_alpha_0.9,0.580130529369108,0.7206998214949161,0.7210835451681019,False,fr,0.6677966101694915
semantic_kernel_heat_t=0.6_alpha_1.0,0.5793535688387029,0.7237151341902032,0.724088636464422,False,fr,0.6677966101694915
semantic_kernel_heatn_t=0.6_alpha_0.0,0.5462550502434477,0.7047203919838079,0.7051582832146585,False,fr,0.6677966101694915
semantic_kernel_heatn_t=0.6_alpha_0.1,0.5431990054905211,0.7032224427765056,0.7036654118012794,False,fr,0.6677966101694915
semantic_kernel_heatn_t=0.6_alpha_0.2,0.5410753133740807,0.7029323079867281,0.7033762605192638,False,fr,0.6677966101694915
semantic_kernel_heatn_t=0.6_alpha_0.3,0.5389516212576402,0.7019793483135909,0.7024265312178999,False,fr,0.6677966101694915
semantic_kernel_heatn_t=0.6_alpha_0.4,0.5383300528333161,0.702413408685987,0.7028591201992032,False,fr,0.6677966101694915
semantic_kernel_heatn_t=0.6_alpha_0.5,0.5372941054594427,0.7016593710290875,0.7021076386021574,False,fr,0.6677966101694915
semantic_kernel_heatn_t=0.6_alpha_0.6,0.5366725370351186,0.701287988894008,0.7017375153895697,False,fr,0.6677966101694915
semantic_kernel_heatn_t=0.6_alpha_0.7,0.5356365896612452,0.70128479734948,0.7017343346638367,False,fr,0.6677966101694915
semantic_kernel_heatn_t=0.6_alpha_0.8,0.533616492282192,0.7003158168220026,0.7007686388161136,False,fr,0.6677966101694915
semantic_kernel_heatn_t=0.6_alpha_0.9,0.5334611001761111,0.7037759346218135,0.7042170274030439,False,fr,0.6677966101694915
semantic_kernel_heatn_t=0.6_alpha_1.0,0.5249145343416555,0.7040257776277947,0.704466023483581,False,fr,0.6677966101694915
semantic_kernel_heat_t=0.7_alpha_0.0,0.5462550502434477,0.7047203919838079,0.7051582832146585,False,fr,0.6677966101694915
semantic_kernel_heat_t=0.7_alpha_0.1,0.5448565212887185,0.7037767111257811,0.7042178012747947,False,fr,0.6677966101694915
semantic_kernel_heat_t=0.7_alpha_0.2,0.5484305397285818,0.7051929033960895,0.7056291928933393,False,fr,0.6677966101694915
semantic_kernel_heat_t=0.7_alpha_0.3,0.5519009634310577,0.7078783323238245,0.7083055186721666,False,fr,0.6677966101694915
semantic_kernel_heat_t=0.7_alpha_0.4,0.5596705687351082,0.711591860649085,0.7120064587658161,False,fr,0.6677966101694915
semantic_kernel_heat_t=0.7_alpha_0.5,0.5660416450844297,0.7149793512710674,0.7153824663687408,False,fr,0.6677966101694915
semantic_kernel_heat_t=0.7_alpha_0.6,0.5721537345902828,0.7186614679735223,0.719052101319662,False,fr,0.6677966101694915
semantic_kernel_heat_t=0.7_alpha_0.7,0.5750025898684347,0.7191347680181047,0.7195237969573136,False,fr,0.6677966101694915
semantic_kernel_heat_t=0.7_alpha_0.8,0.5776442556718119,0.7191002593060482,0.719489405223942,False,fr,0.6677966101694915
semantic_kernel_heat_t=0.7_alpha_0.9,0.5762457267170829,0.717191178711609,0.717586796089145,False,fr,0.6677966101694915
semantic_kernel_heat_t=0.7_alpha_1.0,0.5777478504091992,0.7223162149682149,0.7226944593414912,False,fr,0.6677966101694915
semantic_kernel_heatn_t=0.7_alpha_0.0,0.5462550502434477,0.7047203919838079,0.7051582832146585,False,fr,0.6677966101694915
semantic_kernel_heatn_t=0.7_alpha_0.1,0.5431472081218274,0.703197972556763,0.7036410245314342,False,fr,0.6677966101694915
semantic_kernel_heatn_t=0.7_alpha_0.2,0.5411271107427742,0.702929904651283,0.7033738653307186,False,fr,0.6677966101694915
semantic_kernel_heatn_t=0.7_alpha_0.3,0.5389516212576401,0.7020153202017284,0.7024623811674334,False,fr,0.6677966101694915
semantic_kernel_heatn_t=0.7_alpha_0.4,0.5382782554646224,0.7023121813099199,0.7027582359667838,False,fr,0.6677966101694915
semantic_kernel_heatn_t=0.7_alpha_0.5,0.537242308090749,0.7016471678128442,0.7020954767527489,False,fr,0.6677966101694915
semantic_kernel_heatn_t=0.7_alpha_0.6,0.5364135501916503,0.7012891698134575,0.7017386923059025,False,fr,0.6677966101694915
semantic_kernel_heatn_t=0.7_alpha_0.7,0.5348596291308402,0.7002700484472351,0.7007230255883792,False,fr,0.6677966101694915
semantic_kernel_heatn_t=0.7_alpha_0.8,0.5326323422770123,0.6991090916122481,0.6995660042002906,False,fr,0.6677966101694915
semantic_kernel_heatn_t=0.7_alpha_0.9,0.5332539107013363,0.7047757610464174,0.7052134645855304,False,fr,0.6677966101694915
semantic_kernel_heatn_t=0.7_alpha_1.0,0.5257432922407542,0.704349261746845,0.7047884110462954,False,fr,0.6677966101694915
semantic_kernel_matern_kappa=1.0_nu=1.0_alpha_0.0,0.5462550502434477,0.7047203919838079,0.7051582832146585,False,fr,0.6677966101694915
semantic_kernel_matern_kappa=1.0_nu=1.0_alpha_0.1,0.5434061949652957,0.7033377849269288,0.7037803629613621,False,fr,0.6677966101694915
semantic_kernel_matern_kappa=1.0_nu=1.0_alpha_0.2,0.5424738423288097,0.7038031178309854,0.704244118465744,False,fr,0.6677966101694915
semantic_kernel_matern_kappa=1.0_nu=1.0_alpha_0.3,0.5426292344348908,0.7042408718841022,0.7046803886068163,False,fr,0.6677966101694915
semantic_kernel_matern_kappa=1.0_nu=1.0_alpha_0.4,0.5460996581373666,0.7074639097993721,0.707892500969831,False,fr,0.6677966101694915
semantic_kernel_matern_kappa=1.0_nu=1.0_alpha_0.5,0.5492075002589869,0.7096852381908827,0.7101062994345907,False,fr,0.6677966101694915
semantic_kernel_matern_kappa=1.0_nu=1.0_alpha_0.6,0.5523153423806071,0.7122831174013626,0.7126953722748656,False,fr,0.6677966101694915
semantic_kernel_matern_kappa=1.0_nu=1.0_alpha_0.7,0.5517973686936704,0.7127948608141341,0.7132053809642039,False,fr,0.6677966101694915
semantic_kernel_matern_kappa=1.0_nu=1.0_alpha_0.8,0.5517973686936704,0.7133765642824195,0.7137851125563258,False,fr,0.6677966101694915
semantic_kernel_matern_kappa=1.0_nu=1.0_alpha_0.9,0.552159950274526,0.7140976745278965,0.7145037783602927,False,fr,0.6677966101694915
semantic_kernel_matern_kappa=1.0_nu=1.0_alpha_1.0,0.5549570081839843,0.7149635720253326,0.7153667406119747,False,fr,0.6677966101694915
semantic_kernel_maternn_kappa=1.0_nu=1.0_alpha_0.0,0.5462550502434477,0.7047203919838079,0.7051582832146585,False,fr,0.6677966101694915
semantic_kernel_maternn_kappa=1.0_nu=1.0_alpha_0.1,0.5432508028592147,0.7032639227831424,0.7037067511977242,False,fr,0.6677966101694915
semantic_kernel_maternn_kappa=1.0_nu=1.0_alpha_0.2,0.5411271107427743,0.7029663215921702,0.7034101588243485,False,fr,0.6677966101694915
semantic_kernel_maternn_kappa=1.0_nu=1.0_alpha_0.3,0.5390552159950275,0.7019656701658019,0.7024128994367136,False,fr,0.6677966101694915
semantic_kernel_maternn_kappa=1.0_nu=1.0_alpha_0.4,0.5387444317828655,0.7024838752822382,0.7029293479256367,False,fr,0.6677966101694915
semantic_kernel_maternn_kappa=1.0_nu=1.0_alpha_0.5,0.5380710659898477,0.7019949328254127,0.702442062900868,False,fr,0.6677966101694915
semantic_kernel_maternn_kappa=1.0_nu=1.0_alpha_0.6,0.5376048896716047,0.7015375617067173,0.7019862421927443,False,fr,0.6677966101694915
semantic_kernel_maternn_kappa=1.0_nu=1.0_alpha_0.7,0.5368797265098934,0.7013826041040101,0.7018318098700463,False,fr,0.6677966101694915
semantic_kernel_maternn_kappa=1.0_nu=1.0_alpha_0.8,0.5354294001864706,0.7011129583700584,0.7015630781894302,False,fr,0.6677966101694915
semantic_kernel_maternn_kappa=1.0_nu=1.0_alpha_0.9,0.5337200870195794,0.6994448008488009,0.6999005754394312,False,fr,0.6677966101694915
semantic_kernel_maternn_kappa=1.0_nu=1.0_alpha_1.0,0.5256914948720606,0.7045813933569193,0.705019755769556,False,fr,0.6677966101694915
semantic_kernel_matern_kappa=1.0_nu=2.0_alpha_0.0,0.5462550502434477,0.7047203919838079,0.7051582832146585,False,fr,0.6677966101694915
semantic_kernel_matern_kappa=1.0_nu=2.0_alpha_0.1,0.5439759660209262,0.7034632522791916,0.7039054050005663,False,fr,0.6677966101694915
semantic_kernel_matern_kappa=1.0_nu=2.0_alpha_0.2,0.5442867502330881,0.7044257515287284,0.7048646415407828,False,fr,0.6677966101694915
semantic_kernel_matern_kappa=1.0_nu=2.0_alpha_0.3,0.546980213405159,0.7074305703751256,0.7078592745605818,False,fr,0.6677966101694915
semantic_kernel_matern_kappa=1.0_nu=2.0_alpha_0.4,0.5506578265824096,0.7107194662570877,0.7111370216429442,False,fr,0.6677966101694915
semantic_kernel_matern_kappa=1.0_nu=2.0_alpha_0.5,0.5542836423909665,0.7129161128846251,0.7133262220107274,False,fr,0.6677966101694915
semantic_kernel_matern_kappa=1.0_nu=2.0_alpha_0.6,0.5569771055630374,0.7153006775602906,0.7157027034163058,False,fr,0.6677966101694915
semantic_kernel_matern_kappa=1.0_nu=2.0_alpha_0.7,0.5602403397907386,0.7175342810365614,0.7179287353553687,False,fr,0.6677966101694915
semantic_kernel_matern_kappa=1.0_nu=2.0_alpha_0.8,0.5624158292758727,0.7191566834482583,0.7195456380978735,False,fr,0.6677966101694915
semantic_kernel_matern_kappa=1.0_nu=2.0_alpha_0.9,0.5668704029835284,0.7205031887259647,0.7208875789509098,False,fr,0.6677966101694915
semantic_kernel_matern_kappa=1.0_nu=2.0_alpha_1.0,0.5698228529990677,0.7208550409041916,0.7212382384098885,False,fr,0.6677966101694915
semantic_kernel_maternn_kappa=1.0_nu=2.0_alpha_0.0,0.5462550502434477,0.7047203919838079,0.7051582832146585,False,fr,0.6677966101694915
semantic_kernel_maternn_kappa=1.0_nu=2.0_alpha_0.1,0.5431990054905211,0.7032224427765056,0.7036654118012794,False,fr,0.6677966101694915
semantic_kernel_maternn_kappa=1.0_nu=2.0_alpha_0.2,0.5411271107427743,0.7029663215921702,0.7034101588243485,False,fr,0.6677966101694915
semantic_kernel_maternn_kappa=1.0_nu=2.0_alpha_0.3,0.5390034186263338,0.7019517870615399,0.7023990633938219,False,fr,0.6677966101694915
semantic_kernel_maternn_kappa=1.0_nu=2.0_alpha_0.4,0.5387962291515591,0.7025719882829389,0.7030171622381993,False,fr,0.6677966101694915
semantic_kernel_maternn_kappa=1.0_nu=2.0_alpha_0.5,0.5379674712524604,0.7019381574171971,0.7023854799516633,False,fr,0.6677966101694915
semantic_kernel_maternn_kappa=1.0_nu=2.0_alpha_0.6,0.5372423080907489,0.7016998901158138,0.7021480203360474,False,fr,0.6677966101694915
semantic_kernel_maternn_kappa=1.0_nu=2.0_alpha_0.7,0.536620739666425,0.7012887512489807,0.7017382751602883,False,fr,0.6677966101694915
semantic_kernel_maternn_kappa=1.0_nu=2.0_alpha_0.8,0.5351704133430022,0.7013084491382058,0.7017579062770075,False,fr,0.6677966101694915
semantic_kernel_maternn_kappa=1.0_nu=2.0_alpha_0.9,0.533927276494354,0.7003819166341392,0.7008345145610902,False,fr,0.6677966101694915
semantic_kernel_maternn_kappa=1.0_nu=2.0_alpha_1.0,0.5245519527607998,0.7041885773095016,0.7046282713019602,False,fr,0.6677966101694915
semantic_kernel_matern_kappa=1.0_nu=3.0_alpha_0.0,0.5462550502434477,0.7047203919838079,0.7051582832146585,False,fr,0.6677966101694915
semantic_kernel_matern_kappa=1.0_nu=3.0_alpha_0.1,0.5442867502330881,0.7036478515721698,0.7040893785332295,False,fr,0.6677966101694915
semantic_kernel_matern_kappa=1.0_nu=3.0_alpha_0.2,0.5452191028695742,0.7046354711562277,0.7050736502542905,False,fr,0.6677966101694915
semantic_kernel_matern_kappa=1.0_nu=3.0_alpha_0.3,0.5474981870920957,0.7074337730453208,0.7078624663742681,False,fr,0.6677966101694915
semantic_kernel_matern_kappa=1.0_nu=3.0_alpha_0.4,0.5537656687040298,0.71177298597987,0.7121869701124289,False,fr,0.6677966101694915
semantic_kernel_matern_kappa=1.0_nu=3.0_alpha_0.5,0.5574432818812805,0.7139596658940152,0.7143662375522889,False,fr,0.6677966101694915
semantic_kernel_matern_kappa=1.0_nu=3.0_alpha_0.6,0.5619496529576298,0.7172439601389582,0.7176393985964015,False,fr,0.6677966101694915
semantic_kernel_matern_kappa=1.0_nu=3.0_alpha_0.7,0.565368279291412,0.7199230189081599,0.7203093758104535,False,fr,0.6677966101694915
semantic_kernel_matern_kappa=1.0_nu=3.0_alpha_0.8,0.5703408266860043,0.7225762558675571,0.7229536187462595,False,fr,0.6677966101694915
semantic_kernel_matern_kappa=1.0_nu=3.0_alpha_0.9,0.57324147933285,0.7235195670946339,0.7238937323081598,False,fr,0.6677966101694915
semantic_kernel_matern_kappa=1.0_nu=3.0_alpha_1.0,0.5766083082979385,0.7217207203792294,0.7221009833782311,False,fr,0.6677966101694915
semantic_kernel_maternn_kappa=1.0_nu=3.0_alpha_0.0,0.5462550502434477,0.7047203919838079,0.7051582832146585,False,fr,0.6677966101694915
semantic_kernel_maternn_kappa=1.0_nu=3.0_alpha_0.1,0.5431990054905211,0.7032224427765056,0.7036654118012794,False,fr,0.6677966101694915
semantic_kernel_maternn_kappa=1.0_nu=3.0_alpha_0.2,0.5410753133740807,0.7029323079867281,0.7033762605192638,False,fr,0.6677966101694915
semantic_kernel_maternn_kappa=1.0_nu=3.0_alpha_0.3,0.5390552159950275,0.702005776911448,0.7024528702272899,False,fr,0.6677966101694915
semantic_kernel_maternn_kappa=1.0_nu=3.0_alpha_0.4,0.5386926344141718,0.7025440535522408,0.7029893222015035,False,fr,0.6677966101694915
semantic_kernel_maternn_kappa=1.0_nu=3.0_alpha_0.5,0.5378120791463793,0.7018406170609162,0.702288270240658,False,fr,0.6677966101694915
semantic_kernel_maternn_kappa=1.0_nu=3.0_alpha_0.6,0.537086915984668,0.7016155503768151,0.702063966494469,False,fr,0.6677966101694915
semantic_kernel_maternn_kappa=1.0_nu=3.0_alpha_0.7,0.536309955454263,0.7011774150174495,0.7016273163397114,False,fr,0.6677966101694915
semantic_kernel_maternn_kappa=1.0_nu=3.0_alpha_0.8,0.5349114264995338,0.7011641191075564,0.7016140655006995,False,fr,0.6677966101694915
semantic_kernel_maternn_kappa=1.0_nu=3.0_alpha_0.9,0.533616492282192,0.7004936171630136,0.7009458364441042,False,fr,0.6677966101694915
semantic_kernel_maternn_kappa=1.0_nu=3.0_alpha_1.0,0.5243965606547187,0.70416894614051,0.704608706679304,False,fr,0.6677966101694915
semantic_kernel_matern_kappa=2.0_nu=1.0_alpha_0.0,0.5462550502434477,0.7047203919838079,0.7051582832146585,False,fr,0.6677966101694915
semantic_kernel_matern_kappa=2.0_nu=1.0_alpha_0.1,0.5441831554957008,0.7036527114286111,0.704094221915581,False,fr,0.6677966101694915
semantic_kernel_matern_kappa=2.0_nu=1.0_alpha_0.2,0.5446493318139438,0.7045602653288887,0.7049986993619595,False,fr,0.6677966101694915
semantic_kernel_matern_kappa=2.0_nu=1.0_alpha_0.3,0.5466176318243033,0.7057675666465649,0.706201908132796,False,fr,0.6677966101694915
semantic_kernel_matern_kappa=2.0_nu=1.0_alpha_0.4,0.5496218792085361,0.7085775016815424,0.7090023179642653,False,fr,0.6677966101694915
semantic_kernel_matern_kappa=2.0_nu=1.0_alpha_0.5,0.5532476950170931,0.7112692384802517,0.7116849302314533,False,fr,0.6677966101694915
semantic_kernel_matern_kappa=2.0_nu=1.0_alpha_0.6,0.5556821713456956,0.7137266954416202,0.714134056830241,False,fr,0.6677966101694915
semantic_kernel_matern_kappa=2.0_nu=1.0_alpha_0.7,0.5602921371594323,0.7175991637489907,0.7179933981264001,False,fr,0.6677966101694915
semantic_kernel_matern_kappa=2.0_nu=1.0_alpha_0.8,0.5623640319071792,0.7180875927364019,0.7184801714223286,False,fr,0.6677966101694915
semantic_kernel_matern_kappa=2.0_nu=1.0_alpha_0.9,0.5667150108774475,0.7203540960076724,0.7207389916316626,False,fr,0.6677966101694915
semantic_kernel_matern_kappa=2.0_nu=1.0_alpha_1.0,0.5700300424738423,0.7207725978553976,0.7211560748290563,False,fr,0.6677966101694915
semantic_kernel_maternn_kappa=2.0_nu=1.0_alpha_0.0,0.5462550502434477,0.7047203919838079,0.7051582832146585,False,fr,0.6677966101694915
semantic_kernel_maternn_kappa=2.0_nu=1.0_alpha_0.1,0.5431990054905211,0.7032193647614438,0.7036623442201667,False,fr,0.6677966101694915
semantic_kernel_maternn_kappa=2.0_nu=1.0_alpha_0.2,0.5411271107427743,0.70267825747103,0.7031230711917543,False,fr,0.6677966101694915
semantic_kernel_maternn_kappa=2.0_nu=1.0_alpha_0.3,0.5390552159950275,0.701847328406462,0.70229495883588,False,fr,0.6677966101694915
semantic_kernel_maternn_kappa=2.0_nu=1.0_alpha_0.4,0.5386926344141718,0.7026636935049526,0.7031085565950537,False,fr,0.6677966101694915
semantic_kernel_maternn_kappa=2.0_nu=1.0_alpha_0.5,0.5389516212576401,0.7026691087974406,0.7031139535306179,False,fr,0.6677966101694915
semantic_kernel_maternn_kappa=2.0_nu=1.0_alpha_0.6,0.5385890396767844,0.702933021071369,0.7033769711866686,False,fr,0.6677966101694915
semantic_kernel_maternn_kappa=2.0_nu=1.0_alpha_0.7,0.5407127317932249,0.7059020889498884,0.7063359744283115,False,fr,0.6677966101694915
semantic_kernel_maternn_kappa=2.0_nu=1.0_alpha_0.8,0.5431990054905211,0.710435622896219,0.7108541404629598,False,fr,0.6677966101694915
semantic_kernel_maternn_kappa=2.0_nu=1.0_alpha_0.9,0.5384854449393971,0.7102393205297561,0.7106585035282477,False,fr,0.6677966101694915
semantic_kernel_maternn_kappa=2.0_nu=1.0_alpha_1.0,0.5356883870299388,0.7092282298741677,0.7096508402986104,False,fr,0.6677966101694915
semantic_kernel_matern_kappa=2.0_nu=2.0_alpha_0.0,0.5462550502434477,0.7047203919838079,0.7051582832146585,False,fr,0.6677966101694915
semantic_kernel_matern_kappa=2.0_nu=2.0_alpha_0.1,0.5442349528643945,0.7033133958338689,0.703756056543194,False,fr,0.6677966101694915
semantic_kernel_matern_kappa=2.0_nu=2.0_alpha_0.2,0.5459960633999793,0.7041816739757751,0.7046213913693649,False,fr,0.6677966101694915
semantic_kernel_matern_kappa=2.0_nu=2.0_alpha_0.3,0.5486377292033564,0.7059990022424872,0.7064325592012746,False,fr,0.6677966101694915
semantic_kernel_matern_kappa=2.0_nu=2.0_alpha_0.4,0.5519527607997514,0.708431700553773,0.7088570110776069,False,fr,0.6677966101694915
semantic_kernel_matern_kappa=2.0_nu=2.0_alpha_0.5,0.5571324976691184,0.7118248338208426,0.7122386421980084,False,fr,0.6677966101694915
semantic_kernel_matern_kappa=2.0_nu=2.0_alpha_0.6,0.5633999792810526,0.7157458133511023,0.7161463302722334,False,fr,0.6677966101694915
semantic_kernel_matern_kappa=2.0_nu=2.0_alpha_0.7,0.570081839842536,0.7199161674592205,0.7203025475867647,False,fr,0.6677966101694915
semantic_kernel_matern_kappa=2.0_nu=2.0_alpha_0.8,0.5782658240961359,0.7229665771542411,0.7233426169099376,False,fr,0.6677966101694915
semantic_kernel_matern_kappa=2.0_nu=2.0_alpha_0.9,0.5829275872785662,0.7238049403735228,0.7241781382200017,False,fr,0.6677966101694915
semantic_kernel_matern_kappa=2.0_nu=2.0_alpha_1.0,0.5823578162229359,0.7212844056095475,0.7216661476416668,False,fr,0.6677966101694915
semantic_kernel_maternn_kappa=2.0_nu=2.0_alpha_0.0,0.5462550502434477,0.7047203919838079,0.7051582832146585,False,fr,0.6677966101694915
semantic_kernel_maternn_kappa=2.0_nu=2.0_alpha_0.1,0.5432508028592147,0.7031474923280097,0.7035907154221004,False,fr,0.6677966101694915
semantic_kernel_maternn_kappa=2.0_nu=2.0_alpha_0.2,0.5411271107427743,0.7026515679678582,0.7030964721614748,False,fr,0.6677966101694915
semantic_kernel_maternn_kappa=2.0_nu=2.0_alpha_0.3,0.5390552159950275,0.7018459254618485,0.7022935606470109,False,fr,0.6677966101694915
semantic_kernel_maternn_kappa=2.0_nu=2.0_alpha_0.4,0.5391070133637211,0.7028169412289673,0.7032612848352582,False,fr,0.6677966101694915
semantic_kernel_maternn_kappa=2.0_nu=2.0_alpha_0.5,0.5391588107324148,0.702989569069179,0.7034333274963503,False,fr,0.6677966101694915
semantic_kernel_maternn_kappa=2.0_nu=2.0_alpha_0.6,0.5401947581062881,0.7043620899032789,0.7048011957174533,False,fr,0.6677966101694915
semantic_kernel_maternn_kappa=2.0_nu=2.0_alpha_0.7,0.5444939397078629,0.7086945703545997,0.709118989794363,False,fr,0.6677966101694915
semantic_kernel_maternn_kappa=2.0_nu=2.0_alpha_0.8,0.5441313581270071,0.7118184768311845,0.7122323067574677,False,fr,0.6677966101694915
semantic_kernel_maternn_kappa=2.0_nu=2.0_alpha_0.9,0.5385890396767845,0.7099672665432408,0.7103873717586359,False,fr,0.6677966101694915
semantic_kernel_maternn_kappa=2.0_nu=2.0_alpha_1.0,0.5364653475603439,0.709039822641666,0.7094630717346935,False,fr,0.6677966101694915
semantic_kernel_matern_kappa=2.0_nu=3.0_alpha_0.0,0.5462550502434477,0.7047203919838079,0.7051582832146585,False,fr,0.6677966101694915
semantic_kernel_matern_kappa=2.0_nu=3.0_alpha_0.1,0.5441831554957008,0.7032884292358954,0.7037311745777559,False,fr,0.6677966101694915
semantic_kernel_matern_kappa=2.0_nu=3.0_alpha_0.2,0.5451673055008806,0.7039488372719656,0.7043893439425173,False,fr,0.6677966101694915
semantic_kernel_matern_kappa=2.0_nu=3.0_alpha_0.3,0.5478089713042578,0.7056505919584157,0.7060853299690135,False,fr,0.6677966101694915
semantic_kernel_matern_kappa=2.0_nu=3.0_alpha_0.4,0.5521081529058324,0.7085901671644175,0.7090149405132998,False,fr,0.6677966101694915
semantic_kernel_matern_kappa=2.0_nu=3.0_alpha_0.5,0.5556821713456956,0.7105811664524593,0.710999190651213,False,fr,0.6677966101694915
semantic_kernel_matern_kappa=2.0_nu=3.0_alpha_0.6,0.5636589661245209,0.7150287349215969,0.7154316826170654,False,fr,0.6677966101694915
semantic_kernel_matern_kappa=2.0_nu=3.0_alpha_0.7,0.5739666424945613,0.7202908614428577,0.7206759714213049,False,fr,0.6677966101694915
semantic_kernel_matern_kappa=2.0_nu=3.0_alpha_0.8,0.5796125556821714,0.7222501996465812,0.7226286678006091,False,fr,0.6677966101694915
semantic_kernel_matern_kappa=2.0_nu=3.0_alpha_0.9,0.5813218688490625,0.7195778435320919,0.7199653705204059,False,fr,0.6677966101694915
semantic_kernel_matern_kappa=2.0_nu=3.0_alpha_1.0,0.5763493214544702,0.7200721939534371,0.720458045177611,False,fr,0.6677966101694915
semantic_kernel_maternn_kappa=2.0_nu=3.0_alpha_0.0,0.5462550502434477,0.7047203919838079,0.7051582832146585,False,fr,0.6677966101694915
semantic_kernel_maternn_kappa=2.0_nu=3.0_alpha_0.1,0.5433026002279083,0.7031808390000118,0.7036239490545364,False,fr,0.6677966101694915
semantic_kernel_maternn_kappa=2.0_nu=3.0_alpha_0.2,0.5411271107427743,0.7026082381868453,0.7030532892610755,False,fr,0.6677966101694915
semantic_kernel_maternn_kappa=2.0_nu=3.0_alpha_0.3,0.5394177975758832,0.7023857102438487,0.702831515650089,False,fr,0.6677966101694915
semantic_kernel_maternn_kappa=2.0_nu=3.0_alpha_0.4,0.5395731896819642,0.7030328980687903,0.7034765096179969,False,fr,0.6677966101694915
semantic_kernel_maternn_kappa=2.0_nu=3.0_alpha_0.5,0.5404537449497565,0.7039558405737183,0.7043963235042641,False,fr,0.6677966101694915
semantic_kernel_maternn_kappa=2.0_nu=3.0_alpha_0.6,0.5418004765357919,0.7058799032790583,0.7063138639631453,False,fr,0.6677966101694915
semantic_kernel_maternn_kappa=2.0_nu=3.0_alpha_0.7,0.5450119133947995,0.7092990233033176,0.7097213937500344,False,fr,0.6677966101694915
semantic_kernel_maternn_kappa=2.0_nu=3.0_alpha_0.8,0.5453226976069616,0.7123319891075733,0.7127440783142757,False,fr,0.6677966101694915
semantic_kernel_maternn_kappa=2.0_nu=3.0_alpha_0.9,0.5385890396767844,0.7105822155274111,0.7110002361699784,False,fr,0.6677966101694915
semantic_kernel_maternn_kappa=2.0_nu=3.0_alpha_1.0,0.5378120791463794,0.7099586133185081,0.7103787478668682,False,fr,0.6677966101694915
semantic_kernel_matern_kappa=3.0_nu=1.0_alpha_0.0,0.5462550502434477,0.7047203919838079,0.7051582832146585,False,fr,0.6677966101694915
semantic_kernel_matern_kappa=3.0_nu=1.0_alpha_0.1,0.5443385476017818,0.7032991844536888,0.7037418933371838,False,fr,0.6677966101694915
semantic_kernel_matern_kappa=3.0_nu=1.0_alpha_0.2,0.5444421423391692,0.7036102283634178,0.7040518828607782,False,fr,0.6677966101694915
semantic_kernel_matern_kappa=3.0_nu=1.0_alpha_0.3,0.5462550502434478,0.7049730827212601,0.7054101173733398,False,fr,0.6677966101694915
semantic_kernel_matern_kappa=3.0_nu=1.0_alpha_0.4,0.5493110949963742,0.7081658709820043,0.7085920826230305,False,fr,0.6677966101694915
semantic_kernel_matern_kappa=3.0_nu=1.0_alpha_0.5,0.5528851134362375,0.710421824467806,0.7108403888088805,False,fr,0.6677966101694915
semantic_kernel_matern_kappa=3.0_nu=1.0_alpha_0.6,0.5559929555578577,0.7134771653387886,0.7138853725921647,False,fr,0.6677966101694915
semantic_kernel_matern_kappa=3.0_nu=1.0_alpha_0.7,0.5617424634828551,0.7167391406553667,0.7171362903652968,False,fr,0.6677966101694915
semantic_kernel_matern_kappa=3.0_nu=1.0_alpha_0.8,0.5653164819227183,0.719970069614602,0.7203562670229754,False,fr,0.6677966101694915
semantic_kernel_matern_kappa=3.0_nu=1.0_alpha_0.9,0.5716875582720398,0.7227223314295648,0.7230991991368704,False,fr,0.6677966101694915
semantic_kernel_matern_kappa=3.0_nu=1.0_alpha_1.0,0.5763493214544702,0.7210897159087131,0.7214721179059199,False,fr,0.6677966101694915
semantic_kernel_maternn_kappa=3.0_nu=1.0_alpha_0.0,0.5462550502434477,0.7047203919838079,0.7051582832146585,False,fr,0.6677966101694915
semantic_kernel_maternn_kappa=3.0_nu=1.0_alpha_0.1,0.5433543975966021,0.7032027832615875,0.7036458189287847,False,fr,0.6677966101694915
semantic_kernel_maternn_kappa=3.0_nu=1.0_alpha_0.2,0.5413860975862426,0.7027926482404859,0.7032370741958902,False,fr,0.6677966101694915
semantic_kernel_maternn_kappa=3.0_nu=1.0_alpha_0.3,0.5397803791567389,0.7024995930961705,0.7029450124588437,False,fr,0.6677966101694915
semantic_kernel_maternn_kappa=3.0_nu=1.0_alpha_0.4,0.5402983528436757,0.7033260521909734,0.7037686699973931,False,fr,0.6677966101694915
semantic_kernel_maternn_kappa=3.0_nu=1.0_alpha_0.5,0.5411271107427742,0.7041372045505662,0.7045770726879702,False,fr,0.6677966101694915
semantic_kernel_maternn_kappa=3.0_nu=1.0_alpha_0.6,0.5444939397078628,0.7077533883119146,0.7081809981992802,False,fr,0.6677966101694915
semantic_kernel_maternn_kappa=3.0_nu=1.0_alpha_0.7,0.5489485134155185,0.7129910676623081,0.713400922704418,False,fr,0.6677966101694915
semantic_kernel_maternn_kappa=3.0_nu=1.0_alpha_0.8,0.5450637107634932,0.7133839690132476,0.7137924921863714,False,fr,0.6677966101694915
semantic_kernel_maternn_kappa=3.0_nu=1.0_alpha_0.9,0.5401947581062881,0.7122955039098745,0.7127077167952132,False,fr,0.6677966101694915
semantic_kernel_maternn_kappa=3.0_nu=1.0_alpha_1.0,0.5396249870506578,0.7113560087511048,0.7117714063657952,False,fr,0.6677966101694915
semantic_kernel_matern_kappa=3.0_nu=2.0_alpha_0.0,0.5462550502434477,0.7047203919838079,0.7051582832146585,False,fr,0.6677966101694915
semantic_kernel_matern_kappa=3.0_nu=2.0_alpha_0.1,0.5442349528643945,0.7030169889541454,0.7034606544325543,False,fr,0.6677966101694915
semantic_kernel_matern_kappa=3.0_nu=2.0_alpha_0.2,0.5440795607583134,0.7037084529556774,0.7041497744883184,False,fr,0.6677966101694915
semantic_kernel_matern_kappa=3.0_nu=2.0_alpha_0.3,0.5455298870817362,0.7046317839544349,0.7050699755514866,False,fr,0.6677966101694915
semantic_kernel_matern_kappa=3.0_nu=2.0_alpha_0.4,0.5481715528851134,0.7062174837863648,0.7066503001297493,False,fr,0.6677966101694915
semantic_kernel_matern_kappa=3.0_nu=2.0_alpha_0.5,0.5491039055215995,0.7075027471610755,0.7079312066794609,False,fr,0.6677966101694915
semantic_kernel_matern_kappa=3.0_nu=2.0_alpha_0.6,0.5541800476535792,0.7115441416570272,0.7119589015330532,False,fr,0.6677966101694915
semantic_kernel_matern_kappa=3.0_nu=2.0_alpha_0.7,0.5637625608619082,0.7155151691884336,0.715916467954184,False,fr,0.6677966101694915
semantic_kernel_matern_kappa=3.0_nu=2.0_alpha_0.8,0.5742774267067233,0.7197956220821056,0.7201824108380467,False,fr,0.6677966101694915
semantic_kernel_matern_kappa=3.0_nu=2.0_alpha_0.9,0.5801823267378017,0.7223991461906081,0.7227771094410966,False,fr,0.6677966101694915
semantic_kernel_matern_kappa=3.0_nu=2.0_alpha_1.0,0.5772816740909561,0.7192478435092425,0.7196364891417019,False,fr,0.6677966101694915
semantic_kernel_maternn_kappa=3.0_nu=2.0_alpha_0.0,0.5462550502434477,0.7047203919838079,0.7051582832146585,False,fr,0.6677966101694915
semantic_kernel_maternn_kappa=3.0_nu=2.0_alpha_0.1,0.5437169791774578,0.7033663853403114,0.7038088664241907,False,fr,0.6677966101694915
semantic_kernel_maternn_kappa=3.0_nu=2.0_alpha_0.2,0.5423702475914224,0.7036000926259198,0.7040417814817125,False,fr,0.6677966101694915
semantic_kernel_maternn_kappa=3.0_nu=2.0_alpha_0.3,0.5411271107427743,0.7030210162910769,0.7034646681174962,False,fr,0.6677966101694915
semantic_kernel_maternn_kappa=3.0_nu=2.0_alpha_0.4,0.5418522739044856,0.7044370530589139,0.7048759047606963,False,fr,0.6677966101694915
semantic_kernel_maternn_kappa=3.0_nu=2.0_alpha_0.5,0.5443903449704754,0.7072981528755296,0.7077273059338659,False,fr,0.6677966101694915
semantic_kernel_maternn_kappa=3.0_nu=2.0_alpha_0.6,0.5472392002486274,0.7097222155635885,0.7101431514602704,False,fr,0.6677966101694915
semantic_kernel_maternn_kappa=3.0_nu=2.0_alpha_0.7,0.546980213405159,0.7112407168107798,0.7116565052456068,False,fr,0.6677966101694915
semantic_kernel_maternn_kappa=3.0_nu=2.0_alpha_0.8,0.542422044960116,0.7121302947749943,0.7125430676912985,False,fr,0.6677966101694915
semantic_kernel_maternn_kappa=3.0_nu=2.0_alpha_0.9,0.5400393660002072,0.7121484202855226,0.7125611317594183,False,fr,0.6677966101694915
semantic_kernel_maternn_kappa=3.0_nu=2.0_alpha_1.0,0.5417486791670982,0.7138571334043491,0.7142640526303844,False,fr,0.6677966101694915
semantic_kernel_matern_kappa=3.0_nu=3.0_alpha_0.0,0.5462550502434477,0.7047203919838079,0.7051582832146585,False,fr,0.6677966101694915
semantic_kernel_matern_kappa=3.0_nu=3.0_alpha_0.1,0.5441831554957008,0.702964850134342,0.7034086923545129,False,fr,0.6677966101694915
semantic_kernel_matern_kappa=3.0_nu=3.0_alpha_0.2,0.5435615870713768,0.7034380172705741,0.703880255534351,False,fr,0.6677966101694915
semantic_kernel_matern_kappa=3.0_nu=3.0_alpha_0.3,0.5443903449704756,0.7040852897214991,0.7045253338413745,False,fr,0.6677966101694915
semantic_kernel_matern_kappa=3.0_nu=3.0_alpha_0.4,0.5451673055008806,0.7046000430603767,0.7050383422536797,False,fr,0.6677966101694915
semantic_kernel_matern_kappa=3.0_nu=3.0_alpha_0.5,0.5467730239303843,0.7058816974736442,0.7063156520757156,False,fr,0.6677966101694915
semantic_kernel_matern_kappa=3.0_nu=3.0_alpha_0.6,0.5503988397389412,0.708843466314238,0.7092673810219348,False,fr,0.6677966101694915
semantic_kernel_matern_kappa=3.0_nu=3.0_alpha_0.7,0.55531958976484,0.7117067167601012,0.712120925534083,False,fr,0.6677966101694915
semantic_kernel_matern_kappa=3.0_nu=3.0_alpha_0.8,0.5673365793017714,0.7162166652006912,0.7166155860138574,False,fr,0.6677966101694915
semantic_kernel_matern_kappa=3.0_nu=3.0_alpha_0.9,0.576038537242308,0.7204296702169822,0.7208143096572118,False,fr,0.6677966101694915
semantic_kernel_matern_kappa=3.0_nu=3.0_alpha_1.0,0.5731378845954626,0.7197375586881578,0.7201245442691632,False,fr,0.6677966101694915
semantic_kernel_maternn_kappa=3.0_nu=3.0_alpha_0.0,0.5462550502434477,0.7047203919838079,0.7051582832146585,False,fr,0.6677966101694915
semantic_kernel_maternn_kappa=3.0_nu=3.0_alpha_0.1,0.5439241686522325,0.7034234785600323,0.7038657661075737,False,fr,0.6677966101694915
semantic_kernel_maternn_kappa=3.0_nu=3.0_alpha_0.2,0.5428882212783591,0.7035856759701662,0.7040274136959784,False,fr,0.6677966101694915
semantic_kernel_maternn_kappa=3.0_nu=3.0_alpha_0.3,0.5426810318035843,0.7040180841797906,0.7044583561150616,False,fr,0.6677966101694915
semantic_kernel_maternn_kappa=3.0_nu=3.0_alpha_0.4,0.5431472081218274,0.7047536141826813,0.7051913927959087,False,fr,0.6677966101694915
semantic_kernel_maternn_kappa=3.0_nu=3.0_alpha_0.5,0.5456852791878173,0.7082926866553775,0.7087184684127652,False,fr,0.6677966101694915
semantic_kernel_maternn_kappa=3.0_nu=3.0_alpha_0.6,0.5480679581477261,0.7094669548388802,0.7098887560261543,False,fr,0.6677966101694915
semantic_kernel_maternn_kappa=3.0_nu=3.0_alpha_0.7,0.5458406712938983,0.7104427518329591,0.7108612452338126,False,fr,0.6677966101694915
semantic_kernel_maternn_kappa=3.0_nu=3.0_alpha_0.8,0.5437169791774579,0.7122708967653676,0.7126831930647554,False,fr,0.6677966101694915
semantic_kernel_maternn_kappa=3.0_nu=3.0_alpha_0.9,0.547601781829483,0.7164321003985763,0.7168302909229362,False,fr,0.6677966101694915
semantic_kernel_maternn_kappa=3.0_nu=3.0_alpha_1.0,0.5498808660520045,0.7149926238253604,0.7153956939313244,False,fr,0.6677966101694915
semantic_kernel_prod_heat_t=0.1,0.5507096239511032,0.7134672861850558,0.7138755269270887,False,fr,0.6677966101694915
semantic_kernel_sum_heat_t=0.1,0.5463348604748022,0.7100233989093179,0.7104428204549779,False,fr,0.6677966101694915
semantic_kernel_prod_heatn_t=0.1,0.5223764632756656,0.7005941903000128,0.7010460686552153,False,fr,0.6677966101694915
semantic_kernel_sum_heatn_t=0.1,0.5219102869574226,0.7028692813950805,0.7033134475770794,False,fr,0.6677966101694915
semantic_kernel_prod_heat_t=0.2,0.5681135398321766,0.7199452369229264,0.7203315185099157,False,fr,0.6677966101694915
semantic_kernel_sum_heat_t=0.2,0.5726227795193313,0.7145229880626077,0.714970837127363,False,fr,0.6677966101694915
semantic_kernel_prod_heatn_t=0.2,0.5219620843261163,0.7007892598181298,0.7012404769207286,False,fr,0.6677966101694915
semantic_kernel_sum_heatn_t=0.2,0.5224282606443593,0.7035266372433155,0.7039685751004052,False,fr,0.6677966101694915
semantic_kernel_prod_heat_t=0.3,0.5816326530612245,0.7244018719507915,0.7247730463003983,False,fr,0.6677966101694915
semantic_kernel_sum_heat_t=0.3,0.6200315872598053,0.777225724283626,0.7775925767824472,False,fr,0.6677966101694915
semantic_kernel_prod_heatn_t=0.3,0.5225836527504403,0.7020110159667151,0.7024580915230474,False,fr,0.6677966101694915
semantic_kernel_sum_heatn_t=0.3,0.5231534238060707,0.7037045788211185,0.704145913486419,False,fr,0.6677966101694915
semantic_kernel_prod_heat_t=0.4,0.5886252978348699,0.727030917703122,0.7273931800332293,False,fr,0.6677966101694915
semantic_kernel_sum_heat_t=0.4,0.6517223910840932,0.8029277767355505,0.8032414565778928,False,fr,0.6677966101694915
semantic_kernel_prod_heatn_t=0.4,0.5226872474878276,0.7024081238746093,0.7028538533024402,False,fr,0.6677966101694915
semantic_kernel_sum_heatn_t=0.4,0.5233088159121517,0.7038505151854103,0.7042913551511708,False,fr,0.6677966101694915
semantic_kernel_prod_heat_t=0.5,0.583756345177665,0.7243459646051451,0.7247173284711776,False,fr,0.6677966101694915
semantic_kernel_sum_heat_t=0.5,0.593607305936073,0.7821399985994654,0.7828412503804303,False,fr,0.6677966101694915
semantic_kernel_prod_heatn_t=0.5,0.523412410649539,0.7033166188725075,0.7037592686562778,False,fr,0.6677966101694915
semantic_kernel_sum_heatn_t=0.5,0.5231534238060707,0.7037882228000507,0.7042292739264394,False,fr,0.6677966101694915
semantic_kernel_prod_heat_t=0.6,0.5793535688387029,0.7237151341902032,0.724088636464422,False,fr,0.6677966101694915
semantic_kernel_sum_heat_t=0.6,0.5766233766233766,0.7908999983877701,0.7918334471624462,False,fr,0.6677966101694915
semantic_kernel_prod_heatn_t=0.6,0.5249145343416555,0.7040257776277947,0.704466023483581,False,fr,0.6677966101694915
semantic_kernel_sum_heatn_t=0.6,0.5232052211747643,0.7040135151376141,0.7044538025611637,False,fr,0.6677966101694915
semantic_kernel_prod_heat_t=0.7,0.5777478504091992,0.7223162149682149,0.7226944593414912,False,fr,0.6677966101694915
semantic_kernel_sum_heat_t=0.7,0.529550827423168,0.7671150110704377,0.7685676795391765,False,fr,0.6677966101694915
semantic_kernel_prod_heatn_t=0.7,0.5257432922407542,0.704349261746845,0.7047884110462954,False,fr,0.6677966101694915
semantic_kernel_sum_heatn_t=0.7,0.5228944369626023,0.7034337990435029,0.7038760516063545,False,fr,0.6677966101694915
semantic_kernel_prod_matern_kappa=1.0_nu=1.0,0.5549570081839843,0.7149635720253326,0.7153667406119747,False,fr,0.6677966101694915
semantic_kernel_sum_matern_kappa=1.0_nu=1.0,0.556407334507407,0.7173890603705048,0.7177840069627563,False,fr,0.6677966101694915
semantic_kernel_prod_maternn_kappa=1.0_nu=1.0,0.5256914948720606,0.7045813933569193,0.705019755769556,False,fr,0.6677966101694915
semantic_kernel_sum_maternn_kappa=1.0_nu=1.0,0.523412410649539,0.7038896526732774,0.7043303599695875,False,fr,0.6677966101694915
semantic_kernel_prod_matern_kappa=1.0_nu=2.0,0.5698228529990677,0.7208550409041916,0.7212382384098885,False,fr,0.6677966101694915
semantic_kernel_sum_matern_kappa=1.0_nu=2.0,0.5669000496168477,0.7070830729624943,0.7075131514102061,False,fr,0.6677966101694915
semantic_kernel_prod_maternn_kappa=1.0_nu=2.0,0.5245519527607998,0.7041885773095016,0.7046282713019602,False,fr,0.6677966101694915
semantic_kernel_sum_maternn_kappa=1.0_nu=2.0,0.5235160053869263,0.7037835245491024,0.7042245916017656,False,fr,0.6677966101694915
semantic_kernel_prod_matern_kappa=1.0_nu=3.0,0.5766083082979385,0.7217207203792294,0.7221009833782311,False,fr,0.6677966101694915
semantic_kernel_sum_matern_kappa=1.0_nu=3.0,0.5773202614379086,0.710293726705078,0.7107423011289932,False,fr,0.6677966101694915
semantic_kernel_prod_maternn_kappa=1.0_nu=3.0,0.5243965606547187,0.70416894614051,0.704608706679304,False,fr,0.6677966101694915
semantic_kernel_sum_maternn_kappa=1.0_nu=3.0,0.5235678027556201,0.7039994912469929,0.7044398262091547,False,fr,0.6677966101694915
semantic_kernel_prod_matern_kappa=2.0_nu=1.0,0.5700300424738423,0.7207725978553976,0.7211560748290563,False,fr,0.6677966101694915
semantic_kernel_sum_matern_kappa=2.0_nu=1.0,0.5727235056459132,0.7207648131753417,0.7211483165377464,False,fr,0.6677966101694915
semantic_kernel_prod_maternn_kappa=2.0_nu=1.0,0.5356883870299388,0.7092282298741677,0.7096508402986104,False,fr,0.6677966101694915
semantic_kernel_sum_maternn_kappa=2.0_nu=1.0,0.5245519527607998,0.7050007453306482,0.7054376862111705,False,fr,0.6677966101694915
semantic_kernel_prod_matern_kappa=2.0_nu=2.0,0.5823578162229359,0.7212844056095475,0.7216661476416668,False,fr,0.6677966101694915
semantic_kernel_sum_matern_kappa=2.0_nu=2.0,0.5455572289156627,0.7053921183493856,0.7059287291446472,False,fr,0.6677966101694915
semantic_kernel_prod_maternn_kappa=2.0_nu=2.0,0.5364653475603439,0.709039822641666,0.7094630717346935,False,fr,0.6677966101694915
semantic_kernel_sum_maternn_kappa=2.0_nu=2.0,0.5263648606650783,0.7071150343211332,0.7075448081203318,False,fr,0.6677966101694915
semantic_kernel_prod_matern_kappa=2.0_nu=3.0,0.5763493214544702,0.7200721939534371,0.720458045177611,False,fr,0.6677966101694915
semantic_kernel_sum_matern_kappa=2.0_nu=3.0,0.5458052073288331,0.7508832673444719,0.7514712320191821,False,fr,0.6677966101694915
semantic_kernel_prod_maternn_kappa=2.0_nu=3.0,0.5378120791463794,0.7099586133185081,0.7103787478668682,False,fr,0.6677966101694915
semantic_kernel_sum_maternn_kappa=2.0_nu=3.0,0.52765979488242,0.7082811588176442,0.7087069796524479,False,fr,0.6677966101694915
semantic_kernel_prod_matern_kappa=3.0_nu=1.0,0.5763493214544702,0.7210897159087131,0.7214721179059199,False,fr,0.6677966101694915
semantic_kernel_sum_matern_kappa=3.0_nu=1.0,0.5777996477778928,0.7208904769603932,0.7212735543438656,False,fr,0.6677966101694915
semantic_kernel_prod_maternn_kappa=3.0_nu=1.0,0.5396249870506578,0.7113560087511048,0.7117714063657952,False,fr,0.6677966101694915
semantic_kernel_sum_maternn_kappa=3.0_nu=1.0,0.5304568527918782,0.7082019239789059,0.7086280134063833,False,fr,0.6677966101694915
semantic_kernel_prod_matern_kappa=3.0_nu=2.0,0.5772816740909561,0.7192478435092425,0.7196364891417019,False,fr,0.6677966101694915
semantic_kernel_sum_matern_kappa=3.0_nu=2.0,0.5604257458933959,0.7205285455565134,0.7210280362247027,False,fr,0.6677966101694915
semantic_kernel_prod_maternn_kappa=3.0_nu=2.0,0.5417486791670982,0.7138571334043491,0.7142640526303844,False,fr,0.6677966101694915
semantic_kernel_sum_maternn_kappa=3.0_nu=2.0,0.5411271107427743,0.7113425052860067,0.711757948675155,False,fr,0.6677966101694915
semantic_kernel_prod_matern_kappa=3.0_nu=3.0,0.5731378845954626,0.7197375586881578,0.7201245442691632,False,fr,0.6677966101694915
semantic_kernel_sum_matern_kappa=3.0_nu=3.0,0.5614961496149615,0.7523937249098278,0.753034113170438,False,fr,0.6677966101694915
semantic_kernel_prod_maternn_kappa=3.0_nu=3.0,0.5498808660520045,0.7149926238253604,0.7153956939313244,False,fr,0.6677966101694915
semantic_kernel_sum_maternn_kappa=3.0_nu=3.0,0.5486895265720501,0.7126683356278671,0.7130792846768734,False,fr,0.6677966101694915
full_klu_heat_t=0.1_alpha_0.0,0.5462550502434477,0.7047203919838079,0.7051582832146585,False,fr,0.6677966101694915
full_klu_heat_t=0.1_alpha_0.1,0.5468766186677717,0.7039355177149915,0.7043760695365838,False,fr,0.6677966101694915
full_klu_heat_t=0.1_alpha_0.2,0.5463586449808351,0.7038509452055568,0.7042917837136218,False,fr,0.6677966101694915
full_klu_heat_t=0.1_alpha_0.3,0.546203252874754,0.7038099655041092,0.7042509429264165,False,fr,0.6677966101694915
full_klu_heat_t=0.1_alpha_0.4,0.546824821299078,0.7040315971394462,0.7044718232680743,False,fr,0.6677966101694915
full_klu_heat_t=0.1_alpha_0.5,0.5467212265616906,0.7033890604072432,0.7038314646264889,False,fr,0.6677966101694915
full_klu_heat_t=0.1_alpha_0.6,0.5486377292033564,0.7045385423874694,0.7049770500576297,False,fr,0.6677966101694915
full_klu_heat_t=0.1_alpha_0.7,0.5529369108049312,0.7064052436733174,0.7068374235425086,False,fr,0.6677966101694915
full_klu_heat_t=0.1_alpha_0.8,0.554231845022273,0.7057798851031509,0.7062141848319021,False,fr,0.6677966101694915
full_klu_heat_t=0.1_alpha_0.9,0.5522635450119134,0.7069808612830646,0.7074110899061211,False,fr,0.6677966101694915
full_klu_heat_t=0.1_alpha_1.0,0.5508391173728375,0.6966184165557461,0.6970837721100817,False,fr,0.6677966101694915
full_klu_heatn_t=0.1_alpha_0.0,0.5462550502434477,0.7047203919838079,0.7051582832146585,False,fr,0.6677966101694915
full_klu_heatn_t=0.1_alpha_0.1,0.5474463897234021,0.7042969253339069,0.7047362520449267,False,fr,0.6677966101694915
full_klu_heatn_t=0.1_alpha_0.2,0.5471874028799337,0.7041268674452417,0.7045667706236806,False,fr,0.6677966101694915
full_klu_heatn_t=0.1_alpha_0.3,0.547290997617321,0.7041199953400341,0.704559921813745,False,fr,0.6677966101694915
full_klu_heatn_t=0.1_alpha_0.4,0.5476535791981767,0.7040970396404679,0.7045370439301095,False,fr,0.6677966101694915
full_klu_heatn_t=0.1_alpha_0.5,0.5474981870920957,0.7038472321764817,0.704288083271086,False,fr,0.6677966101694915
full_klu_heatn_t=0.1_alpha_0.6,0.5471356055112401,0.7035249929565797,0.7039669363875226,False,fr,0.6677966101694915
full_klu_heatn_t=0.1_alpha_0.7,0.5473427949860147,0.7034219620673361,0.7038642547555307,False,fr,0.6677966101694915
full_klu_heatn_t=0.1_alpha_0.8,0.5467730239303844,0.7038352602104108,0.7042761518879508,False,fr,0.6677966101694915
full_klu_heatn_t=0.1_alpha_0.9,0.5439759660209261,0.7025481769005073,0.7029934315723182,False,fr,0.6677966101694915
full_klu_heatn_t=0.1_alpha_1.0,0.4530456852791877,0.6051173223178852,0.6041979358187898,False,fr,0.6677966101694915
full_klu_heat_t=0.2_alpha_0.0,0.5462550502434477,0.7047203919838079,0.7051582832146585,False,fr,0.6677966101694915
full_klu_heat_t=0.2_alpha_0.1,0.5460478607686731,0.7042686060415841,0.7047080287502049,False,fr,0.6677966101694915
full_klu_heat_t=0.2_alpha_0.2,0.5464104423495286,0.7039574831378812,0.7043979605004129,False,fr,0.6677966101694915
full_klu_heat_t=0.2_alpha_0.3,0.547601781829483,0.7046330310204845,0.7050712183901938,False,fr,0.6677966101694915
full_klu_heat_t=0.2_alpha_0.4,0.5500362581580855,0.7052816196434919,0.7057176084076995,False,fr,0.6677966101694915
full_klu_heat_t=0.2_alpha_0.5,0.5531441002797058,0.7067789808654859,0.7072098938289411,False,fr,0.6677966101694915
full_klu_heat_t=0.2_alpha_0.6,0.5541282502848855,0.7071028237216614,0.7075326389127228,False,fr,0.6677966101694915
full_klu_heat_t=0.2_alpha_0.7,0.5532476950170931,0.7065971149252968,0.7070286443834642,False,fr,0.6677966101694915
full_klu_heat_t=0.2_alpha_0.8,0.5523671397493009,0.7091687117680897,0.7095915239488242,False,fr,0.6677966101694915
full_klu_heat_t=0.2_alpha_0.9,0.5526779239614628,0.707972882640536,0.7083997484793301,False,fr,0.6677966101694915
full_klu_heat_t=0.2_alpha_1.0,0.5532994923857868,0.6993460331723231,0.6998021425686364,False,fr,0.6677966101694915
full_klu_heatn_t=0.2_alpha_0.0,0.5462550502434477,0.7047203919838079,0.7051582832146585,False,fr,0.6677966101694915
full_klu_heatn_t=0.2_alpha_0.1,0.5473945923547084,0.704524000771915,0.7049625577356873,False,fr,0.6677966101694915
full_klu_heatn_t=0.2_alpha_0.2,0.547290997617321,0.7041022286082701,0.7045422153081905,False,fr,0.6677966101694915
full_klu_heatn_t=0.2_alpha_0.3,0.5474981870920957,0.7042908390810088,0.7047301864233942,False,fr,0.6677966101694915
full_klu_heatn_t=0.2_alpha_0.4,0.5472392002486274,0.7039906428134339,0.7044310077702859,False,fr,0.6677966101694915
full_klu_heatn_t=0.2_alpha_0.5,0.5470320107738527,0.7040092711653233,0.7044495729752196,False,fr,0.6677966101694915
full_klu_heatn_t=0.2_alpha_0.6,0.5460996581373666,0.7031670094524372,0.703610166386784,False,fr,0.6677966101694915
full_klu_heatn_t=0.2_alpha_0.7,0.545892468662592,0.7030934438408833,0.7035368501501846,False,fr,0.6677966101694915
full_klu_heatn_t=0.2_alpha_0.8,0.5442349528643945,0.7025302272707615,0.702975542788775,False,fr,0.6677966101694915
full_klu_heatn_t=0.2_alpha_0.9,0.5357401843986326,0.699196199955763,0.6996528172612849,False,fr,0.6677966101694915
full_klu_heatn_t=0.2_alpha_1.0,0.45239821817051695,0.6041646497907867,0.6032484926900883,False,fr,0.6677966101694915
full_klu_heat_t=0.3_alpha_0.0,0.5462550502434477,0.7047203919838079,0.7051582832146585,False,fr,0.6677966101694915
full_klu_heat_t=0.3_alpha_0.1,0.5457888739252046,0.7041079912986798,0.7045479584640564,False,fr,0.6677966101694915
full_klu_heat_t=0.3_alpha_0.2,0.5468248212990781,0.7037803029156684,0.704221380889123,False,fr,0.6677966101694915
full_klu_heat_t=0.3_alpha_0.3,0.5506578265824096,0.7053385692047273,0.7057743649195747,False,fr,0.6677966101694915
full_klu_heat_t=0.3_alpha_0.4,0.5524707344866882,0.7061534768032005,0.7065865101194091,False,fr,0.6677966101694915
full_klu_heat_t=0.3_alpha_0.5,0.5542836423909665,0.706400276822224,0.7068324735281987,False,fr,0.6677966101694915
full_klu_heat_t=0.3_alpha_0.6,0.5535066818605615,0.7082964334848548,0.7087222025411256,False,fr,0.6677966101694915
full_klu_heat_t=0.3_alpha_0.7,0.5518491660623641,0.7089624796901595,0.7093859909626835,False,fr,0.6677966101694915
full_klu_heat_t=0.3_alpha_0.8,0.5532994923857868,0.710154833007776,0.710574302404647,False,fr,0.6677966101694915
full_klu_heat_t=0.3_alpha_0.9,0.5560447529265513,0.7091727338447994,0.7095955323913755,False,fr,0.6677966101694915
full_klu_heat_t=0.3_alpha_1.0,0.5541541489692324,0.700130204656916,0.700583655844807,False,fr,0.6677966101694915
full_klu_heatn_t=0.3_alpha_0.0,0.5462550502434477,0.7047203919838079,0.7051582832146585,False,fr,0.6677966101694915
full_klu_heatn_t=0.3_alpha_0.1,0.5474981870920957,0.7045861162892113,0.7050244626919081,False,fr,0.6677966101694915
full_klu_heatn_t=0.3_alpha_0.2,0.5470838081425463,0.7040642421639924,0.7045043576315204,False,fr,0.6677966101694915
full_klu_heatn_t=0.3_alpha_0.3,0.547601781829483,0.704321506240215,0.7047607496261286,False,fr,0.6677966101694915
full_klu_heatn_t=0.3_alpha_0.4,0.5471356055112401,0.7039015766489835,0.7043422435250369,False,fr,0.6677966101694915
full_klu_heatn_t=0.3_alpha_0.5,0.546358644980835,0.7041169899702708,0.7045569266316758,False,fr,0.6677966101694915
full_klu_heatn_t=0.3_alpha_0.6,0.5455298870817362,0.7030890478249112,0.7035324690359614,False,fr,0.6677966101694915
full_klu_heatn_t=0.3_alpha_0.7,0.5449083186574122,0.7025918909171525,0.7030369974058561,False,fr,0.6677966101694915
full_klu_heatn_t=0.3_alpha_0.8,0.5407645291619185,0.701087626802591,0.7015378324916829,False,fr,0.6677966101694915
full_klu_heatn_t=0.3_alpha_0.9,0.5289547290997617,0.6969575594410633,0.6974217653584994,False,fr,0.6677966101694915
full_klu_heatn_t=0.3_alpha_1.0,0.4547032010773853,0.6049503117476691,0.6040314913860998,False,fr,0.6677966101694915
full_klu_heat_t=0.4_alpha_0.0,0.5462550502434477,0.7047203919838079,0.7051582832146585,False,fr,0.6677966101694915
full_klu_heat_t=0.4_alpha_0.1,0.5452191028695742,0.7040877981153706,0.7045278337322158,False,fr,0.6677966101694915
full_klu_heat_t=0.4_alpha_0.2,0.5469284160364654,0.7037591660715893,0.7042003156953627,False,fr,0.6677966101694915
full_klu_heat_t=0.4_alpha_0.3,0.550139852895473,0.7052225402675681,0.7056587293008467,False,fr,0.6677966101694915
full_klu_heat_t=0.4_alpha_0.4,0.5535066818605614,0.7062570109065488,0.7066896932596952,False,fr,0.6677966101694915
full_klu_heat_t=0.4_alpha_0.5,0.5540246555474981,0.7070235280506558,0.7074536120406018,False,fr,0.6677966101694915
full_klu_heat_t=0.4_alpha_0.6,0.5527815186988501,0.7082303439182989,0.7086563370069987,False,fr,0.6677966101694915
full_klu_heat_t=0.4_alpha_0.7,0.5519527607997514,0.7100441335265121,0.710463978175862,False,fr,0.6677966101694915
full_klu_heat_t=0.4_alpha_0.8,0.5538174660727234,0.7100045032959601,0.7104244822850745,False,fr,0.6677966101694915
full_klu_heat_t=0.4_alpha_0.9,0.5540246555474982,0.7067945831371958,0.7072254432115943,False,fr,0.6677966101694915
full_klu_heat_t=0.4_alpha_1.0,0.5556562726613489,0.7022100985951787,0.7026564992951433,False,fr,0.6677966101694915
full_klu_heatn_t=0.4_alpha_0.0,0.5462550502434477,0.7047203919838079,0.7051582832146585,False,fr,0.6677966101694915
full_klu_heatn_t=0.4_alpha_0.1,0.5475499844607894,0.7046204963122534,0.7050587261724992,False,fr,0.6677966101694915
full_klu_heatn_t=0.4_alpha_0.2,0.5469284160364654,0.703994997255879,0.704435347451909,False,fr,0.6677966101694915
full_klu_heatn_t=0.4_alpha_0.3,0.5469284160364654,0.7040488396869438,0.7044890073662583,False,fr,0.6677966101694915
full_klu_heatn_t=0.4_alpha_0.4,0.5467212265616906,0.7042178280536481,0.7046574228910417,False,fr,0.6677966101694915
full_klu_heatn_t=0.4_alpha_0.5,0.545892468662592,0.7036622676236193,0.704103745716708,False,fr,0.6677966101694915
full_klu_heatn_t=0.4_alpha_0.6,0.5450637107634932,0.7028456684023989,0.7032899146284407,False,fr,0.6677966101694915
full_klu_heatn_t=0.4_alpha_0.7,0.5433026002279084,0.7021597880603386,0.7026063593044891,False,fr,0.6677966101694915
full_klu_heatn_t=0.4_alpha_0.8,0.5381228633585414,0.7008439690745372,0.7012950007220295,False,fr,0.6677966101694915
full_klu_heatn_t=0.4_alpha_0.9,0.523257018543458,0.69344390054117,0.6939200171667415,False,fr,0.6677966101694915
full_klu_heatn_t=0.4_alpha_1.0,0.4564125142442765,0.6055220383612336,0.6046012799433472,False,fr,0.6677966101694915
full_klu_heat_t=0.5_alpha_0.0,0.5462550502434477,0.7047203919838079,0.7051582832146585,False,fr,0.6677966101694915
full_klu_heat_t=0.5_alpha_0.1,0.544960116026106,0.7035640632815603,0.7040058742707237,False,fr,0.6677966101694915
full_klu_heat_t=0.5_alpha_0.2,0.5465658344556097,0.7034992071974484,0.7039412380377444,False,fr,0.6677966101694915
full_klu_heat_t=0.5_alpha_0.3,0.5493110949963742,0.7041450369960961,0.7045848785828372,False,fr,0.6677966101694915
full_klu_heat_t=0.5_alpha_0.4,0.5539210608101109,0.7064511120492923,0.7068831364324634,False,fr,0.6677966101694915
full_klu_heat_t=0.5_alpha_0.5,0.5534548844918679,0.7060878081408548,0.7065210640626987,False,fr,0.6677966101694915
full_klu_heat_t=0.5_alpha_0.6,0.5535066818605615,0.7082574922220504,0.7086833932826019,False,fr,0.6677966101694915
full_klu_heat_t=0.5_alpha_0.7,0.5514347871128147,0.7081052284776292,0.7085316456864669,False,fr,0.6677966101694915
full_klu_heat_t=0.5_alpha_0.8,0.5544390344970476,0.7103907925103132,0.7108094620444638,False,fr,0.6677966101694915
full_klu_heat_t=0.5_alpha_0.9,0.5516419765875893,0.7049277631349258,0.7053649514127219,False,fr,0.6677966101694915
full_klu_heat_t=0.5_alpha_1.0,0.5499585621050451,0.7040518537598692,0.7044920112219875,False,fr,0.6677966101694915
full_klu_heatn_t=0.5_alpha_0.0,0.5462550502434477,0.7047203919838079,0.7051582832146585,False,fr,0.6677966101694915
full_klu_heatn_t=0.5_alpha_0.1,0.5474981870920957,0.7046154671918512,0.7050537140999626,False,fr,0.6677966101694915
full_klu_heatn_t=0.5_alpha_0.2,0.5467212265616908,0.7038281770943254,0.7042690927824286,False,fr,0.6677966101694915
full_klu_heatn_t=0.5_alpha_0.3,0.5467730239303843,0.7041102479993608,0.7045502075149044,False,fr,0.6677966101694915
full_klu_heatn_t=0.5_alpha_0.4,0.5462550502434477,0.7039736907600693,0.704414113181509,False,fr,0.6677966101694915
full_klu_heatn_t=0.5_alpha_0.5,0.5453226976069616,0.7033981210977936,0.7038404946028342,False,fr,0.6677966101694915
full_klu_heatn_t=0.5_alpha_0.6,0.5442349528643945,0.7025546508818881,0.7029998836079995,False,fr,0.6677966101694915
full_klu_heatn_t=0.5_alpha_0.7,0.5413860975862427,0.7014201395444888,0.701869218071744,False,fr,0.6677966101694915
full_klu_heatn_t=0.5_alpha_0.8,0.5350150212369211,0.6998944462957504,0.7003486966645267,False,fr,0.6677966101694915
full_klu_heatn_t=0.5_alpha_0.9,0.517300321143686,0.6896394835626319,0.6901284965169442,False,fr,0.6677966101694915
full_klu_heatn_t=0.5_alpha_1.0,0.4543147208121827,0.6048297127177871,0.6039113011664887,False,fr,0.6677966101694915
full_klu_heat_t=0.6_alpha_0.0,0.5462550502434477,0.7047203919838079,0.7051582832146585,False,fr,0.6677966101694915
full_klu_heat_t=0.6_alpha_0.1,0.5449083186574122,0.7033886728934117,0.7038310784262635,False,fr,0.6677966101694915
full_klu_heat_t=0.6_alpha_0.2,0.546047860768673,0.7035414725211993,0.7039833600892113,False,fr,0.6677966101694915
full_klu_heat_t=0.6_alpha_0.3,0.5498808660520046,0.704194368498587,0.7046340428598961,False,fr,0.6677966101694915
full_klu_heat_t=0.6_alpha_0.4,0.5539210608101108,0.7056643036380588,0.7060989951683866,False,fr,0.6677966101694915
full_klu_heat_t=0.6_alpha_0.5,0.5539728581788046,0.7060979547079345,0.7065311762346355,False,fr,0.6677966101694915
full_klu_heat_t=0.6_alpha_0.6,0.5527815186988501,0.7063682503547191,0.7068005556249902,False,fr,0.6677966101694915
full_klu_heat_t=0.6_alpha_0.7,0.5532476950170931,0.7082984356519799,0.7087241979212434,False,fr,0.6677966101694915
full_klu_heat_t=0.6_alpha_0.8,0.5542318450222729,0.7086392801365374,0.7090638870007688,False,fr,0.6677966101694915
full_klu_heat_t=0.6_alpha_0.9,0.5531958976483995,0.7082507295684584,0.7086766535532594,False,fr,0.6677966101694915
full_klu_heat_t=0.6_alpha_1.0,0.54918160157464,0.7065364720520422,0.7069682070792718,False,fr,0.6677966101694915
full_klu_heatn_t=0.6_alpha_0.0,0.5462550502434477,0.7047203919838079,0.7051582832146585,False,fr,0.6677966101694915
full_klu_heatn_t=0.6_alpha_0.1,0.5474981870920957,0.7046181704149139,0.7050564081595574,False,fr,0.6677966101694915
full_klu_heatn_t=0.6_alpha_0.2,0.5467212265616908,0.7039495987170683,0.7043901028064502,False,fr,0.6677966101694915
full_klu_heatn_t=0.6_alpha_0.3,0.5462550502434477,0.7038069852929292,0.7042479728176472,False,fr,0.6677966101694915
full_klu_heatn_t=0.6_alpha_0.4,0.5458924686625919,0.7036842987980563,0.7041257022091976,False,fr,0.6677966101694915
full_klu_heatn_t=0.6_alpha_0.5,0.5451673055008806,0.703344834090166,0.7037873882291308,False,fr,0.6677966101694915
full_klu_heatn_t=0.6_alpha_0.6,0.5434061949652957,0.7025561487894835,0.703001376437942,False,fr,0.6677966101694915
full_klu_heatn_t=0.6_alpha_0.7,0.5401947581062883,0.7011503022739021,0.7016002955037693,False,fr,0.6677966101694915
full_klu_heatn_t=0.6_alpha_0.8,0.5318553817466073,0.6984007186822461,0.6988600325344579,False,fr,0.6677966101694915
full_klu_heatn_t=0.6_alpha_0.9,0.5119651921682379,0.6867149771469329,0.6872139036823153,False,fr,0.6677966101694915
full_klu_heatn_t=0.6_alpha_1.0,0.45654200766601055,0.6071768721806782,0.6062505041566242,False,fr,0.6677966101694915
full_klu_heat_t=0.7_alpha_0.0,0.5462550502434477,0.7047203919838079,0.7051582832146585,False,fr,0.6677966101694915
full_klu_heat_t=0.7_alpha_0.1,0.5445975344452503,0.7032127798346739,0.7036557816151825,False,fr,0.6677966101694915
full_klu_heat_t=0.7_alpha_0.2,0.5456334818191236,0.7033212737426964,0.7037639077472457,False,fr,0.6677966101694915
full_klu_heat_t=0.7_alpha_0.3,0.5486377292033565,0.7039377082026432,0.7043782525988537,False,fr,0.6677966101694915
full_klu_heat_t=0.7_alpha_0.4,0.5519009634310577,0.7046213611847999,0.7050595881132743,False,fr,0.6677966101694915
full_klu_heat_t=0.7_alpha_0.5,0.5538174660727235,0.7051230117296484,0.7055595381478013,False,fr,0.6677966101694915
full_klu_heat_t=0.7_alpha_0.6,0.5538174660727235,0.705748515482886,0.7061829215493329,False,fr,0.6677966101694915
full_klu_heat_t=0.7_alpha_0.7,0.5530923029110121,0.706612725090984,0.7070442016333359,False,fr,0.6677966101694915
full_klu_heat_t=0.7_alpha_0.8,0.5548534134465969,0.7085521679360842,0.7089770700959103,False,fr,0.6677966101694915
full_klu_heat_t=0.7_alpha_0.9,0.5529887081736248,0.7069056401318715,0.7073361237418813,False,fr,0.6677966101694915
full_klu_heat_t=0.7_alpha_1.0,0.5487672226250906,0.7048858483397955,0.7053231787016429,False,fr,0.6677966101694915
full_klu_heatn_t=0.7_alpha_0.0,0.5462550502434477,0.7047203919838079,0.7051582832146585,False,fr,0.6677966101694915
full_klu_heatn_t=0.7_alpha_0.1,0.5473427949860148,0.7045425404515289,0.7049810345689297,False,fr,0.6677966101694915
full_klu_heatn_t=0.7_alpha_0.2,0.5465658344556097,0.7040356462828319,0.7044758586855503,False,fr,0.6677966101694915
full_klu_heatn_t=0.7_alpha_0.3,0.5455816844504299,0.7035407524863615,0.7039826424951696,False,fr,0.6677966101694915
full_klu_heatn_t=0.7_alpha_0.4,0.5453744949756552,0.7035019269185887,0.7039439485394909,False,fr,0.6677966101694915
full_klu_heatn_t=0.7_alpha_0.5,0.5442349528643945,0.7028604151864734,0.7033046114234166,False,fr,0.6677966101694915
full_klu_heatn_t=0.7_alpha_0.6,0.5426292344348908,0.7027970156582641,0.7032414268088625,False,fr,0.6677966101694915
full_klu_heatn_t=0.7_alpha_0.7,0.5379674712524604,0.7003079974467831,0.7007608459472506,False,fr,0.6677966101694915
full_klu_heatn_t=0.7_alpha_0.8,0.5295762975240859,0.6974947350063346,0.6979571199896514,False,fr,0.6677966101694915
full_klu_heatn_t=0.7_alpha_0.9,0.5077178079353569,0.6838060249741276,0.684314812364333,False,fr,0.6677966101694915
full_klu_heatn_t=0.7_alpha_1.0,0.4487206049932663,0.6054310234688864,0.604510573576059,False,fr,0.6677966101694915
full_klu_matern_kappa=1.0_nu=1.0_alpha_0.0,0.5462550502434477,0.7047203919838079,0.7051582832146585,False,fr,0.6677966101694915
full_klu_matern_kappa=1.0_nu=1.0_alpha_0.1,0.546669429192997,0.7047668521543916,0.7052045858931386,False,fr,0.6677966101694915
full_klu_matern_kappa=1.0_nu=1.0_alpha_0.2,0.5455298870817363,0.7036912539284671,0.7041326337628953,False,fr,0.6677966101694915
full_klu_matern_kappa=1.0_nu=1.0_alpha_0.3,0.545892468662592,0.7035482265998503,0.7039900912726803,False,fr,0.6677966101694915
full_klu_matern_kappa=1.0_nu=1.0_alpha_0.4,0.5479643634103387,0.7043619789446907,0.704801085134996,False,fr,0.6677966101694915
full_klu_matern_kappa=1.0_nu=1.0_alpha_0.5,0.5502952450015539,0.7054592098357793,0.7058945965993351,False,fr,0.6677966101694915
full_klu_matern_kappa=1.0_nu=1.0_alpha_0.6,0.5536102765979487,0.7060405180551623,0.7064739342823813,False,fr,0.6677966101694915
full_klu_matern_kappa=1.0_nu=1.0_alpha_0.7,0.5537138713353362,0.70475662066993,0.7051943890916751,False,fr,0.6677966101694915
full_klu_matern_kappa=1.0_nu=1.0_alpha_0.8,0.5525743292240755,0.7048673950980795,0.7053047880132886,False,fr,0.6677966101694915
full_klu_matern_kappa=1.0_nu=1.0_alpha_0.9,0.5520563555371387,0.7088029674800718,0.7092270194719519,False,fr,0.6677966101694915
full_klu_matern_kappa=1.0_nu=1.0_alpha_1.0,0.553739770019683,0.6981556985572521,0.6986158429861589,False,fr,0.6677966101694915
full_klu_maternn_kappa=1.0_nu=1.0_alpha_0.0,0.5462550502434477,0.7047203919838079,0.7051582832146585,False,fr,0.6677966101694915
full_klu_maternn_kappa=1.0_nu=1.0_alpha_0.1,0.5474463897234021,0.7047081203794694,0.7051460532089788,False,fr,0.6677966101694915
full_klu_maternn_kappa=1.0_nu=1.0_alpha_0.2,0.546980213405159,0.7039925234008428,0.7044328819828223,False,fr,0.6677966101694915
full_klu_maternn_kappa=1.0_nu=1.0_alpha_0.3,0.5471874028799337,0.7041693154631847,0.7046090747500375,False,fr,0.6677966101694915
full_klu_maternn_kappa=1.0_nu=1.0_alpha_0.4,0.5466176318243033,0.7039041013889592,0.7043447597065721,False,fr,0.6677966101694915
full_klu_maternn_kappa=1.0_nu=1.0_alpha_0.5,0.546047860768673,0.7038750346298184,0.7043157914788182,False,fr,0.6677966101694915
full_klu_maternn_kappa=1.0_nu=1.0_alpha_0.6,0.5451673055008806,0.7033402093750108,0.7037827791909761,False,fr,0.6677966101694915
full_klu_maternn_kappa=1.0_nu=1.0_alpha_0.7,0.5438723712835387,0.702309444252491,0.7027555081875156,False,fr,0.6677966101694915
full_klu_maternn_kappa=1.0_nu=1.0_alpha_0.8,0.5398839738941261,0.7007910288919008,0.7012422399976392,False,fr,0.6677966101694915
full_klu_maternn_kappa=1.0_nu=1.0_alpha_0.9,0.5268310369833213,0.6955825744559858,0.696051441339473,False,fr,0.6677966101694915
full_klu_maternn_kappa=1.0_nu=1.0_alpha_1.0,0.45361545633481815,0.6072615945407396,0.6063349393222447,False,fr,0.6677966101694915
full_klu_matern_kappa=1.0_nu=2.0_alpha_0.0,0.5462550502434477,0.7047203919838079,0.7051582832146585,False,fr,0.6677966101694915
full_klu_matern_kappa=1.0_nu=2.0_alpha_0.1,0.545737076556511,0.7040993429005031,0.7045393393824837,False,fr,0.6677966101694915
full_klu_matern_kappa=1.0_nu=2.0_alpha_0.2,0.5463068476121413,0.7039700940037025,0.7044105286175364,False,fr,0.6677966101694915
full_klu_matern_kappa=1.0_nu=2.0_alpha_0.3,0.5479643634103387,0.7044695606823407,0.7049083021887895,False,fr,0.6677966101694915
full_klu_matern_kappa=1.0_nu=2.0_alpha_0.4,0.5508650160571843,0.7048896087590135,0.7053269263736769,False,fr,0.6677966101694915
full_klu_matern_kappa=1.0_nu=2.0_alpha_0.5,0.5537656687040299,0.706232165097725,0.7066649316739522,False,fr,0.6677966101694915
full_klu_matern_kappa=1.0_nu=2.0_alpha_0.6,0.5542836423909665,0.7061071261670002,0.7065403166040095,False,fr,0.6677966101694915
full_klu_matern_kappa=1.0_nu=2.0_alpha_0.7,0.5537656687040299,0.7068976122502533,0.707328123073421,False,fr,0.6677966101694915
full_klu_matern_kappa=1.0_nu=2.0_alpha_0.8,0.550916813425878,0.7079272120643267,0.7083542327186333,False,fr,0.6677966101694915
full_klu_matern_kappa=1.0_nu=2.0_alpha_0.9,0.5525743292240753,0.7083757311004245,0.7088012313512189,False,fr,0.6677966101694915
full_klu_matern_kappa=1.0_nu=2.0_alpha_1.0,0.5527815186988502,0.6982098129768154,0.6986697739670118,False,fr,0.6677966101694915
full_klu_maternn_kappa=1.0_nu=2.0_alpha_0.0,0.5462550502434477,0.7047203919838079,0.7051582832146585,False,fr,0.6677966101694915
full_klu_maternn_kappa=1.0_nu=2.0_alpha_0.1,0.5475499844607894,0.7046241882652251,0.705062405610376,False,fr,0.6677966101694915
full_klu_maternn_kappa=1.0_nu=2.0_alpha_0.2,0.5469284160364654,0.7039970471503094,0.7044373903975447,False,fr,0.6677966101694915
full_klu_maternn_kappa=1.0_nu=2.0_alpha_0.3,0.5469284160364654,0.7040172556247475,0.7044575303686796,False,fr,0.6677966101694915
full_klu_maternn_kappa=1.0_nu=2.0_alpha_0.4,0.5464622397182224,0.7040455751633592,0.7044857539088555,False,fr,0.6677966101694915
full_klu_maternn_kappa=1.0_nu=2.0_alpha_0.5,0.5456852791878173,0.7036629423660257,0.7041044181718518,False,fr,0.6677966101694915
full_klu_maternn_kappa=1.0_nu=2.0_alpha_0.6,0.5447529265513312,0.7030343542419766,0.7034779608550029,False,fr,0.6677966101694915
full_klu_maternn_kappa=1.0_nu=2.0_alpha_0.7,0.5428364239096655,0.7017756337719252,0.7022235072340026,False,fr,0.6677966101694915
full_klu_maternn_kappa=1.0_nu=2.0_alpha_0.8,0.5383300528333161,0.7004846928140361,0.7009369423471572,False,fr,0.6677966101694915
full_klu_maternn_kappa=1.0_nu=2.0_alpha_0.9,0.524189371179944,0.6937468203362511,0.6942219101150596,False,fr,0.6677966101694915
full_klu_maternn_kappa=1.0_nu=2.0_alpha_1.0,0.4520615352740081,0.6074360598670405,0.6065088132406599,False,fr,0.6677966101694915
full_klu_matern_kappa=1.0_nu=3.0_alpha_0.0,0.5462550502434477,0.7047203919838079,0.7051582832146585,False,fr,0.6677966101694915
full_klu_matern_kappa=1.0_nu=3.0_alpha_0.1,0.5457370765565109,0.7040845620775515,0.7045246086640167,False,fr,0.6677966101694915
full_klu_matern_kappa=1.0_nu=3.0_alpha_0.2,0.5459442660312857,0.7037970786622556,0.7042380997687724,False,fr,0.6677966101694915
full_klu_matern_kappa=1.0_nu=3.0_alpha_0.3,0.5486895265720501,0.7045453765673043,0.7049838610707532,False,fr,0.6677966101694915
full_klu_matern_kappa=1.0_nu=3.0_alpha_0.4,0.5519527607997514,0.70592479387862,0.706358602391183,False,fr,0.6677966101694915
full_klu_matern_kappa=1.0_nu=3.0_alpha_0.5,0.5538692634414171,0.7060365440968039,0.7064699737950683,False,fr,0.6677966101694915
full_klu_matern_kappa=1.0_nu=3.0_alpha_0.6,0.5549052108152905,0.7067202113375995,0.7071513235197934,False,fr,0.6677966101694915
full_klu_matern_kappa=1.0_nu=3.0_alpha_0.7,0.5528333160675438,0.7081077190093616,0.7085341277757189,False,fr,0.6677966101694915
full_klu_matern_kappa=1.0_nu=3.0_alpha_0.8,0.5536620739666425,0.7102121201862073,0.7106313953892531,False,fr,0.6677966101694915
full_klu_matern_kappa=1.0_nu=3.0_alpha_0.9,0.5522117476432197,0.7060490025359026,0.70648239000217,False,fr,0.6677966101694915
full_klu_matern_kappa=1.0_nu=3.0_alpha_1.0,0.5514865844815083,0.6983263148554042,0.6987858809239782,False,fr,0.6677966101694915
full_klu_maternn_kappa=1.0_nu=3.0_alpha_0.0,0.5462550502434477,0.7047203919838079,0.7051582832146585,False,fr,0.6677966101694915
full_klu_maternn_kappa=1.0_nu=3.0_alpha_0.1,0.5476017818294832,0.7046765168889824,0.705114556848968,False,fr,0.6677966101694915
full_klu_maternn_kappa=1.0_nu=3.0_alpha_0.2,0.5467730239303843,0.703905819194765,0.7043464716893073,False,fr,0.6677966101694915
full_klu_maternn_kappa=1.0_nu=3.0_alpha_0.3,0.5467730239303844,0.703972216215246,0.7044126436351426,False,fr,0.6677966101694915
full_klu_maternn_kappa=1.0_nu=3.0_alpha_0.4,0.5462550502434477,0.7039740410727654,0.7044144623067042,False,fr,0.6677966101694915
full_klu_maternn_kappa=1.0_nu=3.0_alpha_0.5,0.5458406712938982,0.7036384485174292,0.7040800073532507,False,fr,0.6677966101694915
full_klu_maternn_kappa=1.0_nu=3.0_alpha_0.6,0.5444421423391692,0.7028440782957726,0.7032883299120064,False,fr,0.6677966101694915
full_klu_maternn_kappa=1.0_nu=3.0_alpha_0.7,0.5425256396975034,0.7015599282273193,0.7020085328946325,False,fr,0.6677966101694915
full_klu_maternn_kappa=1.0_nu=3.0_alpha_0.8,0.5371387133533617,0.7003088667454584,0.7007617122991509,False,fr,0.6677966101694915
full_klu_maternn_kappa=1.0_nu=3.0_alpha_0.9,0.5217030974826479,0.6923009721953591,0.6927809631543063,False,fr,0.6677966101694915
full_klu_maternn_kappa=1.0_nu=3.0_alpha_1.0,0.4549103905521599,0.607307448075447,0.6063806374212414,False,fr,0.6677966101694915
full_klu_matern_kappa=2.0_nu=1.0_alpha_0.0,0.5462550502434477,0.7047203919838079,0.7051582832146585,False,fr,0.6677966101694915
full_klu_matern_kappa=2.0_nu=1.0_alpha_0.1,0.5455298870817363,0.7039512669901498,0.7043917654243688,False,fr,0.6677966101694915
full_klu_matern_kappa=2.0_nu=1.0_alpha_0.2,0.5451155081321869,0.7034981537514957,0.7039401881627949,False,fr,0.6677966101694915
full_klu_matern_kappa=2.0_nu=1.0_alpha_0.3,0.5468248212990781,0.7040124541300666,0.7044527451502519,False,fr,0.6677966101694915
full_klu_matern_kappa=2.0_nu=1.0_alpha_0.4,0.5497772713146173,0.7048436691481306,0.7052811424902886,False,fr,0.6677966101694915
full_klu_matern_kappa=2.0_nu=1.0_alpha_0.5,0.5530405055423184,0.7054080064155734,0.7058435667500452,False,fr,0.6677966101694915
full_klu_matern_kappa=2.0_nu=1.0_alpha_0.6,0.5544908318657412,0.7060810127469556,0.7065142917040327,False,fr,0.6677966101694915
full_klu_matern_kappa=2.0_nu=1.0_alpha_0.7,0.5541800476535792,0.7062714971240088,0.7067041303713333,False,fr,0.6677966101694915
full_klu_matern_kappa=2.0_nu=1.0_alpha_0.8,0.552159950274526,0.7067831184278212,0.7072140173656412,False,fr,0.6677966101694915
full_klu_matern_kappa=2.0_nu=1.0_alpha_0.9,0.5547498187092096,0.7100423073958124,0.7104621582354358,False,fr,0.6677966101694915
full_klu_matern_kappa=2.0_nu=1.0_alpha_1.0,0.5508132186884906,0.7035564648045824,0.7039983015512948,False,fr,0.6677966101694915
full_klu_maternn_kappa=2.0_nu=1.0_alpha_0.0,0.5462550502434477,0.7047203919838079,0.7051582832146585,False,fr,0.6677966101694915
full_klu_maternn_kappa=2.0_nu=1.0_alpha_0.1,0.546669429192997,0.704284307150072,0.7047236766345962,False,fr,0.6677966101694915
full_klu_maternn_kappa=2.0_nu=1.0_alpha_0.2,0.5457888739252046,0.7033895371580818,0.703831939761223,False,fr,0.6677966101694915
full_klu_maternn_kappa=2.0_nu=1.0_alpha_0.3,0.5446493318139439,0.7032241575155759,0.7036671207276748,False,fr,0.6677966101694915
full_klu_maternn_kappa=2.0_nu=1.0_alpha_0.4,0.5442349528643945,0.7030988374304514,0.7035422254563983,False,fr,0.6677966101694915
full_klu_maternn_kappa=2.0_nu=1.0_alpha_0.5,0.5431990054905211,0.7023905007977358,0.7028362899648104,False,fr,0.6677966101694915
full_klu_maternn_kappa=2.0_nu=1.0_alpha_0.6,0.5417486791670982,0.7015976335147807,0.7020461103675603,False,fr,0.6677966101694915
full_klu_maternn_kappa=2.0_nu=1.0_alpha_0.7,0.5394177975758832,0.6999125672840931,0.7003667562257901,False,fr,0.6677966101694915
full_klu_maternn_kappa=2.0_nu=1.0_alpha_0.8,0.532839531751787,0.6969599451399621,0.6974241429702834,False,fr,0.6677966101694915
full_klu_maternn_kappa=2.0_nu=1.0_alpha_0.9,0.5218066922200353,0.6895157266565245,0.6900051591257726,False,fr,0.6677966101694915
full_klu_maternn_kappa=2.0_nu=1.0_alpha_1.0,0.45809592872682064,0.6120594794598444,0.6111165602246746,False,fr,0.6677966101694915
full_klu_matern_kappa=2.0_nu=2.0_alpha_0.0,0.5462550502434477,0.7047203919838079,0.7051582832146585,False,fr,0.6677966101694915
full_klu_matern_kappa=2.0_nu=2.0_alpha_0.1,0.5445457370765565,0.7034695053312183,0.7039116368558065,False,fr,0.6677966101694915
full_klu_matern_kappa=2.0_nu=2.0_alpha_0.2,0.5443385476017819,0.7025833651528267,0.7030285005424264,False,fr,0.6677966101694915
full_klu_matern_kappa=2.0_nu=2.0_alpha_0.3,0.546358644980835,0.7033703657756847,0.7038128333665629,False,fr,0.6677966101694915
full_klu_matern_kappa=2.0_nu=2.0_alpha_0.4,0.5486895265720502,0.7038232509631428,0.7042641833499956,False,fr,0.6677966101694915
full_klu_matern_kappa=2.0_nu=2.0_alpha_0.5,0.551693773956283,0.7047135591347997,0.7051514735278503,False,fr,0.6677966101694915
full_klu_matern_kappa=2.0_nu=2.0_alpha_0.6,0.5536102765979489,0.7056829719536347,0.7061176002015369,False,fr,0.6677966101694915
full_klu_matern_kappa=2.0_nu=2.0_alpha_0.7,0.5538174660727234,0.7055727917138948,0.7060077934541349,False,fr,0.6677966101694915
full_klu_matern_kappa=2.0_nu=2.0_alpha_0.8,0.555008805552678,0.7084754674944809,0.7089006296558038,False,fr,0.6677966101694915
full_klu_matern_kappa=2.0_nu=2.0_alpha_0.9,0.5555785766083083,0.7080842409074207,0.7085107292605641,False,fr,0.6677966101694915
full_klu_matern_kappa=2.0_nu=2.0_alpha_1.0,0.5523930384336476,0.7051467909002452,0.7055832367110403,False,fr,0.6677966101694915
full_klu_maternn_kappa=2.0_nu=2.0_alpha_0.0,0.5462550502434477,0.7047203919838079,0.7051582832146585,False,fr,0.6677966101694915
full_klu_maternn_kappa=2.0_nu=2.0_alpha_0.1,0.546358644980835,0.7048333737909078,0.7052708820325819,False,fr,0.6677966101694915
full_klu_maternn_kappa=2.0_nu=2.0_alpha_0.2,0.5449601160261058,0.703750736621234,0.7041919148194153,False,fr,0.6677966101694915
full_klu_maternn_kappa=2.0_nu=2.0_alpha_0.3,0.5443903449704756,0.7032753237826664,0.7037181135497921,False,fr,0.6677966101694915
full_klu_maternn_kappa=2.0_nu=2.0_alpha_0.4,0.5433026002279084,0.7031753982603594,0.7036185267580691,False,fr,0.6677966101694915
full_klu_maternn_kappa=2.0_nu=2.0_alpha_0.5,0.542111260747954,0.7017547728257235,0.7022027170028727,False,fr,0.6677966101694915
full_klu_maternn_kappa=2.0_nu=2.0_alpha_0.6,0.5405055423184503,0.7007369310465943,0.7011883255348592,False,fr,0.6677966101694915
full_klu_maternn_kappa=2.0_nu=2.0_alpha_0.7,0.5374494975655237,0.6994113278578076,0.699867215916204,False,fr,0.6677966101694915
full_klu_maternn_kappa=2.0_nu=2.0_alpha_0.8,0.5301978659484098,0.6951594544143709,0.6956297556030839,False,fr,0.6677966101694915
full_klu_maternn_kappa=2.0_nu=2.0_alpha_0.9,0.5202009737905314,0.6872800410761589,0.6877770521405948,False,fr,0.6677966101694915
full_klu_maternn_kappa=2.0_nu=2.0_alpha_1.0,0.47847819330777996,0.623861895265243,0.6228789678409025,False,fr,0.6677966101694915
full_klu_matern_kappa=2.0_nu=3.0_alpha_0.0,0.5462550502434477,0.7047203919838079,0.7051582832146585,False,fr,0.6677966101694915
full_klu_matern_kappa=2.0_nu=3.0_alpha_0.1,0.5436651818087641,0.7031181026195867,0.7035614253398076,False,fr,0.6677966101694915
full_klu_matern_kappa=2.0_nu=3.0_alpha_0.2,0.5447011291826376,0.702981977641336,0.7034257618021612,False,fr,0.6677966101694915
full_klu_matern_kappa=2.0_nu=3.0_alpha_0.3,0.5445975344452502,0.7022364254341498,0.7026827368905926,False,fr,0.6677966101694915
full_klu_matern_kappa=2.0_nu=3.0_alpha_0.4,0.546980213405159,0.7029111073020928,0.703355131701356,False,fr,0.6677966101694915
full_klu_matern_kappa=2.0_nu=3.0_alpha_0.5,0.5485859318346629,0.704160293920102,0.7046000837884567,False,fr,0.6677966101694915
full_klu_matern_kappa=2.0_nu=3.0_alpha_0.6,0.551382989744121,0.7046102170683355,0.7050484817734758,False,fr,0.6677966101694915
full_klu_matern_kappa=2.0_nu=3.0_alpha_0.7,0.5551641976587589,0.7066469514121416,0.7070783119330657,False,fr,0.6677966101694915
full_klu_matern_kappa=2.0_nu=3.0_alpha_0.8,0.556096550295245,0.7065714875470075,0.707003103877644,False,fr,0.6677966101694915
full_klu_matern_kappa=2.0_nu=3.0_alpha_0.9,0.5560447529265513,0.7085496199881194,0.7089745307850571,False,fr,0.6677966101694915
full_klu_matern_kappa=2.0_nu=3.0_alpha_1.0,0.5498290686833109,0.702769642553704,0.7032141464944872,False,fr,0.6677966101694915
full_klu_maternn_kappa=2.0_nu=3.0_alpha_0.0,0.5462550502434477,0.7047203919838079,0.7051582832146585,False,fr,0.6677966101694915
full_klu_maternn_kappa=2.0_nu=3.0_alpha_0.1,0.5462550502434477,0.704852365128763,0.7052898089930204,False,fr,0.6677966101694915
full_klu_maternn_kappa=2.0_nu=3.0_alpha_0.2,0.5448565212887185,0.7037493345135608,0.7041905174646494,False,fr,0.6677966101694915
full_klu_maternn_kappa=2.0_nu=3.0_alpha_0.3,0.5438205739148452,0.7032181109821046,0.7036610946909272,False,fr,0.6677966101694915
full_klu_maternn_kappa=2.0_nu=3.0_alpha_0.4,0.542732829172278,0.7027647896329308,0.7032093100242929,False,fr,0.6677966101694915
full_klu_maternn_kappa=2.0_nu=3.0_alpha_0.5,0.5417486791670983,0.7014811712672282,0.7019300429072876,False,fr,0.6677966101694915
full_klu_maternn_kappa=2.0_nu=3.0_alpha_0.6,0.5396767844193515,0.7004649026850069,0.7009172193033111,False,fr,0.6677966101694915
full_klu_maternn_kappa=2.0_nu=3.0_alpha_0.7,0.5370351186159743,0.699380013112253,0.6998360073223293,False,fr,0.6677966101694915
full_klu_maternn_kappa=2.0_nu=3.0_alpha_0.8,0.5297316896301668,0.6952774167412705,0.695747318057689,False,fr,0.6677966101694915
full_klu_maternn_kappa=2.0_nu=3.0_alpha_0.9,0.5203563658966125,0.6863448030742049,0.6868449844369525,False,fr,0.6677966101694915
full_klu_maternn_kappa=2.0_nu=3.0_alpha_1.0,0.47658758935046097,0.625134252033976,0.624147011535843,False,fr,0.6677966101694915
full_klu_matern_kappa=3.0_nu=1.0_alpha_0.0,0.5462550502434477,0.7047203919838079,0.7051582832146585,False,fr,0.6677966101694915
full_klu_matern_kappa=3.0_nu=1.0_alpha_0.1,0.5450119133947996,0.7036127525481364,0.7040543984889384,False,fr,0.6677966101694915
full_klu_matern_kappa=3.0_nu=1.0_alpha_0.2,0.5448565212887186,0.7032434434992905,0.7036863413351733,False,fr,0.6677966101694915
full_klu_matern_kappa=3.0_nu=1.0_alpha_0.3,0.5458924686625919,0.7031011366781866,0.7035445169100732,False,fr,0.6677966101694915
full_klu_matern_kappa=3.0_nu=1.0_alpha_0.4,0.5476535791981767,0.7039166043183921,0.7043572202531931,False,fr,0.6677966101694915
full_klu_matern_kappa=3.0_nu=1.0_alpha_0.5,0.5505542318450223,0.7044657249625178,0.7049044794714067,False,fr,0.6677966101694915
full_klu_matern_kappa=3.0_nu=1.0_alpha_0.6,0.553247695017093,0.7057802014799868,0.706214500136274,False,fr,0.6677966101694915
full_klu_matern_kappa=3.0_nu=1.0_alpha_0.7,0.5542836423909665,0.7051849050142168,0.7056212216246255,False,fr,0.6677966101694915
full_klu_matern_kappa=3.0_nu=1.0_alpha_0.8,0.5549570081839842,0.7075027277182306,0.7079311873025239,False,fr,0.6677966101694915
full_klu_matern_kappa=3.0_nu=1.0_alpha_0.9,0.5565109292447944,0.7089088689988272,0.7093325620025083,False,fr,0.6677966101694915
full_klu_matern_kappa=3.0_nu=1.0_alpha_1.0,0.5501139542111261,0.7043112726950012,0.7047505507708985,False,fr,0.6677966101694915
full_klu_maternn_kappa=3.0_nu=1.0_alpha_0.0,0.5462550502434477,0.7047203919838079,0.7051582832146585,False,fr,0.6677966101694915
full_klu_maternn_kappa=3.0_nu=1.0_alpha_0.1,0.5467212265616906,0.7050333744162194,0.7054702046896719,False,fr,0.6677966101694915
full_klu_maternn_kappa=3.0_nu=1.0_alpha_0.2,0.5447011291826375,0.7035432735274496,0.7039851549903556,False,fr,0.6677966101694915
full_klu_maternn_kappa=3.0_nu=1.0_alpha_0.3,0.5440277633896198,0.7031611797217934,0.703604356417939,False,fr,0.6677966101694915
full_klu_maternn_kappa=3.0_nu=1.0_alpha_0.4,0.5429400186470528,0.7023326285560438,0.7027786139002089,False,fr,0.6677966101694915
full_klu_maternn_kappa=3.0_nu=1.0_alpha_0.5,0.5423184502227287,0.701219671266912,0.7016694293476503,False,fr,0.6677966101694915
full_klu_maternn_kappa=3.0_nu=1.0_alpha_0.6,0.5416968817984047,0.700876096061145,0.7013270188035978,False,fr,0.6677966101694915
full_klu_maternn_kappa=3.0_nu=1.0_alpha_0.7,0.5404019475810629,0.6998791147073241,0.7003334170475866,False,fr,0.6677966101694915
full_klu_maternn_kappa=3.0_nu=1.0_alpha_0.8,0.5394177975758832,0.6992850397329142,0.6997413558866492,False,fr,0.6677966101694915
full_klu_maternn_kappa=3.0_nu=1.0_alpha_0.9,0.5354811975551642,0.6976501396795233,0.6981119978673376,False,fr,0.6677966101694915
full_klu_maternn_kappa=3.0_nu=1.0_alpha_1.0,0.5222210711695845,0.6694453367506583,0.6683078891856892,False,fr,0.6677966101694915
full_klu_matern_kappa=3.0_nu=2.0_alpha_0.0,0.5462550502434477,0.7047203919838079,0.7051582832146585,False,fr,0.6677966101694915
full_klu_matern_kappa=3.0_nu=2.0_alpha_0.1,0.543975966020926,0.7036443052468166,0.7040858442293181,False,fr,0.6677966101694915
full_klu_matern_kappa=3.0_nu=2.0_alpha_0.2,0.5436651818087641,0.7025699612086196,0.7030151420353183,False,fr,0.6677966101694915
full_klu_matern_kappa=3.0_nu=2.0_alpha_0.3,0.5433026002279084,0.7017032424411006,0.7021513612975198,False,fr,0.6677966101694915
full_klu_matern_kappa=3.0_nu=2.0_alpha_0.4,0.5441831554957008,0.7018043351162665,0.7022521112856511,False,fr,0.6677966101694915
full_klu_matern_kappa=3.0_nu=2.0_alpha_0.5,0.544960116026106,0.702293290363889,0.7027394090578579,False,fr,0.6677966101694915
full_klu_matern_kappa=3.0_nu=2.0_alpha_0.6,0.546047860768673,0.703450701302725,0.7038928965697828,False,fr,0.6677966101694915
full_klu_matern_kappa=3.0_nu=2.0_alpha_0.7,0.5505542318450223,0.7043159287539981,0.7047551910466447,False,fr,0.6677966101694915
full_klu_matern_kappa=3.0_nu=2.0_alpha_0.8,0.5552159950274527,0.7061205800097253,0.7065537248404883,False,fr,0.6677966101694915
full_klu_matern_kappa=3.0_nu=2.0_alpha_0.9,0.5569771055630374,0.7077878891277793,0.7082153820632268,False,fr,0.6677966101694915
full_klu_matern_kappa=3.0_nu=2.0_alpha_1.0,0.5479902620946857,0.6987188406111612,0.6991770760839529,False,fr,0.6677966101694915
full_klu_maternn_kappa=3.0_nu=2.0_alpha_0.0,0.5462550502434477,0.7047203919838079,0.7051582832146585,False,fr,0.6677966101694915
full_klu_maternn_kappa=3.0_nu=2.0_alpha_0.1,0.5456334818191236,0.704274306220672,0.7047137096066519,False,fr,0.6677966101694915
full_klu_maternn_kappa=3.0_nu=2.0_alpha_0.2,0.5445457370765565,0.7042218967653162,0.7046614778104668,False,fr,0.6677966101694915
full_klu_maternn_kappa=3.0_nu=2.0_alpha_0.3,0.5445975344452502,0.7040323356419516,0.7044725592671814,False,fr,0.6677966101694915
full_klu_maternn_kappa=3.0_nu=2.0_alpha_0.4,0.5434061949652957,0.702552257680644,0.7029974985193019,False,fr,0.6677966101694915
full_klu_maternn_kappa=3.0_nu=2.0_alpha_0.5,0.543509789702683,0.7023497187975403,0.7027956462086834,False,fr,0.6677966101694915
full_klu_maternn_kappa=3.0_nu=2.0_alpha_0.6,0.5436651818087641,0.7014005393634649,0.7018496843320117,False,fr,0.6677966101694915
full_klu_maternn_kappa=3.0_nu=2.0_alpha_0.7,0.5444939397078629,0.7011380119389592,0.7015880468309788,False,fr,0.6677966101694915
full_klu_maternn_kappa=3.0_nu=2.0_alpha_0.8,0.5448047239200249,0.7013412103431117,0.7017905564269816,False,fr,0.6677966101694915
full_klu_maternn_kappa=3.0_nu=2.0_alpha_0.9,0.5511758002693463,0.7037689359908382,0.7042100524962414,False,fr,0.6677966101694915
full_klu_maternn_kappa=3.0_nu=2.0_alpha_1.0,0.5477053765668705,0.7023720984453776,0.7028179499933077,False,fr,0.6677966101694915
full_klu_matern_kappa=3.0_nu=3.0_alpha_0.0,0.5462550502434477,0.7047203919838079,0.7051582832146585,False,fr,0.6677966101694915
full_klu_matern_kappa=3.0_nu=3.0_alpha_0.1,0.5438205739148452,0.7034919070191261,0.7039339626057893,False,fr,0.6677966101694915
full_klu_matern_kappa=3.0_nu=3.0_alpha_0.2,0.5430436133844401,0.7024859360033062,0.7029314016612094,False,fr,0.6677966101694915
full_klu_matern_kappa=3.0_nu=3.0_alpha_0.3,0.5429400186470528,0.7021156879181902,0.702562408654348,False,fr,0.6677966101694915
full_klu_matern_kappa=3.0_nu=3.0_alpha_0.4,0.5431990054905211,0.7015522267809464,0.7020008575548576,False,fr,0.6677966101694915
full_klu_matern_kappa=3.0_nu=3.0_alpha_0.5,0.5432508028592148,0.7013643695801094,0.7018136371580912,False,fr,0.6677966101694915
full_klu_matern_kappa=3.0_nu=3.0_alpha_0.6,0.5419558686418731,0.701098843405676,0.7015490110723847,False,fr,0.6677966101694915
full_klu_matern_kappa=3.0_nu=3.0_alpha_0.7,0.543509789702683,0.7024079267752891,0.7028536568712532,False,fr,0.6677966101694915
full_klu_matern_kappa=3.0_nu=3.0_alpha_0.8,0.5492592976276806,0.704109218379316,0.704549181385097,False,fr,0.6677966101694915
full_klu_matern_kappa=3.0_nu=3.0_alpha_0.9,0.5550606029213716,0.7064462518578121,0.7068782927162085,False,fr,0.6677966101694915
full_klu_matern_kappa=3.0_nu=3.0_alpha_1.0,0.5472650989329743,0.7032239621155048,0.7036669259899766,False,fr,0.6677966101694915
full_klu_maternn_kappa=3.0_nu=3.0_alpha_0.0,0.5462550502434477,0.7047203919838079,0.7051582832146585,False,fr,0.6677966101694915
full_klu_maternn_kappa=3.0_nu=3.0_alpha_0.1,0.5452191028695742,0.7044454714636136,0.704884294628431,False,fr,0.6677966101694915
full_klu_maternn_kappa=3.0_nu=3.0_alpha_0.2,0.5447011291826376,0.7041978778708334,0.7046375403359654,False,fr,0.6677966101694915
full_klu_maternn_kappa=3.0_nu=3.0_alpha_0.3,0.5441313581270071,0.7036504889708266,0.7040920069915518,False,fr,0.6677966101694915
full_klu_maternn_kappa=3.0_nu=3.0_alpha_0.4,0.5442349528643945,0.7031036809920035,0.7035470525990974,False,fr,0.6677966101694915
full_klu_maternn_kappa=3.0_nu=3.0_alpha_0.5,0.5441313581270071,0.7023934590778396,0.7028392382168461,False,fr,0.6677966101694915
full_klu_maternn_kappa=3.0_nu=3.0_alpha_0.6,0.5450119133947995,0.7020648772486295,0.7025117702243451,False,fr,0.6677966101694915
full_klu_maternn_kappa=3.0_nu=3.0_alpha_0.7,0.5474981870920957,0.7024174679353208,0.7028631656883697,False,fr,0.6677966101694915
full_klu_maternn_kappa=3.0_nu=3.0_alpha_0.8,0.5501916502641666,0.7039452188030544,0.7043857377396024,False,fr,0.6677966101694915
full_klu_maternn_kappa=3.0_nu=3.0_alpha_0.9,0.5535584792292552,0.7029120564034576,0.7033560775854281,False,fr,0.6677966101694915
full_klu_maternn_kappa=3.0_nu=3.0_alpha_1.0,0.5483787423598881,0.6993797682049564,0.6998357632452269,False,fr,0.6677966101694915
deberta_full_klu_heat_t=0.1_alpha_0.0,0.5462550502434477,0.7047203919838079,0.7051582832146585,False,fr,0.6677966101694915
deberta_full_klu_heat_t=0.1_alpha_0.1,0.5469284160364654,0.7039382237755973,0.7043787664241028,False,fr,0.6677966101694915
deberta_full_klu_heat_t=0.1_alpha_0.2,0.5468248212990781,0.703845499460138,0.704286356428357,False,fr,0.6677966101694915
deberta_full_klu_heat_t=0.1_alpha_0.3,0.5460996581373666,0.7038962697754614,0.7043369546409165,False,fr,0.6677966101694915
deberta_full_klu_heat_t=0.1_alpha_0.4,0.5456852791878172,0.7033439122231906,0.7037864694871281,False,fr,0.6677966101694915
deberta_full_klu_heat_t=0.1_alpha_0.5,0.5451155081321869,0.7027312179684111,0.7031758521620258,False,fr,0.6677966101694915
deberta_full_klu_heat_t=0.1_alpha_0.6,0.5450637107634932,0.7027371460430998,0.7031817601415461,False,fr,0.6677966101694915
deberta_full_klu_heat_t=0.1_alpha_0.7,0.5439759660209261,0.701933422011167,0.702380760597857,False,fr,0.6677966101694915
deberta_full_klu_heat_t=0.1_alpha_0.8,0.542111260747954,0.7007486062399719,0.7011999611513101,False,fr,0.6677966101694915
deberta_full_klu_heat_t=0.1_alpha_0.9,0.5386408370454782,0.699168698953399,0.6996254094826577,False,fr,0.6677966101694915
deberta_full_klu_heat_t=0.1_alpha_1.0,0.5,0.6696469989398978,0.6702037830285245,False,fr,0.6677966101694915
deberta_full_klu_heatn_t=0.1_alpha_0.0,0.5462550502434477,0.7047203919838079,0.7051582832146585,False,fr,0.6677966101694915
deberta_full_klu_heatn_t=0.1_alpha_0.1,0.5474463897234021,0.7040446696210735,0.7044848514362047,False,fr,0.6677966101694915
deberta_full_klu_heatn_t=0.1_alpha_0.2,0.5473427949860148,0.7039298565133849,0.7043704275254913,False,fr,0.6677966101694915
deberta_full_klu_heatn_t=0.1_alpha_0.3,0.5474981870920957,0.7041937058351984,0.7046333824428239,False,fr,0.6677966101694915
deberta_full_klu_heatn_t=0.1_alpha_0.4,0.5479125660416451,0.7040808904324747,0.7045209494651943,False,fr,0.6677966101694915
deberta_full_klu_heatn_t=0.1_alpha_0.5,0.5475499844607894,0.703995163397397,0.7044355130302353,False,fr,0.6677966101694915
deberta_full_klu_heatn_t=0.1_alpha_0.6,0.5477571739355641,0.7038034970273349,0.7042444963766821,False,fr,0.6677966101694915
deberta_full_klu_heatn_t=0.1_alpha_0.7,0.5475499844607894,0.703604253417323,0.7040459281687379,False,fr,0.6677966101694915
deberta_full_klu_heatn_t=0.1_alpha_0.8,0.5479125660416451,0.7040388090126906,0.7044790106942908,False,fr,0.6677966101694915
deberta_full_klu_heatn_t=0.1_alpha_0.9,0.5473427949860147,0.7035572222489261,0.7039990564280307,False,fr,0.6677966101694915
deberta_full_klu_heatn_t=0.1_alpha_1.0,0.5,0.6696469989398978,0.6702037830285245,False,fr,0.6677966101694915
deberta_full_klu_heat_t=0.2_alpha_0.0,0.5462550502434477,0.7047203919838079,0.7051582832146585,False,fr,0.6677966101694915
deberta_full_klu_heat_t=0.2_alpha_0.1,0.5466176318243033,0.7048575974452282,0.7052950235728198,False,fr,0.6677966101694915
deberta_full_klu_heat_t=0.2_alpha_0.2,0.5453744949756553,0.7034530384285997,0.7038952257731967,False,fr,0.6677966101694915
deberta_full_klu_heat_t=0.2_alpha_0.3,0.5448565212887185,0.7033605902181557,0.703803090946517,False,fr,0.6677966101694915
deberta_full_klu_heat_t=0.2_alpha_0.4,0.5440277633896198,0.7027430367607196,0.7031876308906315,False,fr,0.6677966101694915
deberta_full_klu_heat_t=0.2_alpha_0.5,0.5441831554957008,0.7019657339327275,0.70241296298748,False,fr,0.6677966101694915
deberta_full_klu_heat_t=0.2_alpha_0.6,0.5431990054905211,0.7015999379965727,0.7020484070375496,False,fr,0.6677966101694915
deberta_full_klu_heat_t=0.2_alpha_0.7,0.54148969232363,0.7003935461884174,0.7008461046931507,False,fr,0.6677966101694915
deberta_full_klu_heat_t=0.2_alpha_0.8,0.5394177975758832,0.6997169046157043,0.7001717568206841,False,fr,0.6677966101694915
deberta_full_klu_heat_t=0.2_alpha_0.9,0.53739770019683,0.6988747368384616,0.699332443849466,False,fr,0.6677966101694915
deberta_full_klu_heat_t=0.2_alpha_1.0,0.5,0.6696469989398978,0.6702037830285245,False,fr,0.6677966101694915
deberta_full_klu_heatn_t=0.2_alpha_0.0,0.5462550502434477,0.7047203919838079,0.7051582832146585,False,fr,0.6677966101694915
deberta_full_klu_heatn_t=0.2_alpha_0.1,0.5474981870920957,0.7040609440734381,0.7045010707209342,False,fr,0.6677966101694915
deberta_full_klu_heatn_t=0.2_alpha_0.2,0.5471356055112401,0.7039642619020761,0.7044047162857462,False,fr,0.6677966101694915
deberta_full_klu_heatn_t=0.2_alpha_0.3,0.5473945923547083,0.704120064204138,0.7045599904444112,False,fr,0.6677966101694915
deberta_full_klu_heatn_t=0.2_alpha_0.4,0.5476017818294832,0.7039846302679744,0.7044250156063363,False,fr,0.6677966101694915
deberta_full_klu_heatn_t=0.2_alpha_0.5,0.5477053765668705,0.7044479966048056,0.7048868112098223,False,fr,0.6677966101694915
deberta_full_klu_heatn_t=0.2_alpha_0.6,0.547290997617321,0.7038404029999787,0.7042812772443339,False,fr,0.6677966101694915
deberta_full_klu_heatn_t=0.2_alpha_0.7,0.5471874028799336,0.7033133214494646,0.7037559824109401,False,fr,0.6677966101694915
deberta_full_klu_heatn_t=0.2_alpha_0.8,0.546669429192997,0.7031585785445881,0.7036017640582835,False,fr,0.6677966101694915
deberta_full_klu_heatn_t=0.2_alpha_0.9,0.5448047239200249,0.7019084240143132,0.7023558473399756,False,fr,0.6677966101694915
deberta_full_klu_heatn_t=0.2_alpha_1.0,0.5,0.6696469989398978,0.6702037830285245,False,fr,0.6677966101694915
deberta_full_klu_heat_t=0.3_alpha_0.0,0.5462550502434477,0.7047203919838079,0.7051582832146585,False,fr,0.6677966101694915
deberta_full_klu_heat_t=0.3_alpha_0.1,0.5454262923443489,0.7046026298496942,0.7050409202742199,False,fr,0.6677966101694915
deberta_full_klu_heat_t=0.3_alpha_0.2,0.5445975344452503,0.7037419097189065,0.7041831178387907,False,fr,0.6677966101694915
deberta_full_klu_heat_t=0.3_alpha_0.3,0.5441313581270072,0.7037491334995002,0.7041903171319925,False,fr,0.6677966101694915
deberta_full_klu_heat_t=0.3_alpha_0.4,0.5435615870713768,0.7030528384424353,0.7034963823971548,False,fr,0.6677966101694915
deberta_full_klu_heat_t=0.3_alpha_0.5,0.5435615870713768,0.7028922090601827,0.7033362975212828,False,fr,0.6677966101694915
deberta_full_klu_heat_t=0.3_alpha_0.6,0.5423184502227287,0.7017414611002104,0.702189450401853,False,fr,0.6677966101694915
deberta_full_klu_heat_t=0.3_alpha_0.7,0.5408681238993059,0.7005642003523089,0.7010161803683511,False,fr,0.6677966101694915
deberta_full_klu_heat_t=0.3_alpha_0.8,0.5398321765254325,0.6999744375246002,0.7004284167366684,False,fr,0.6677966101694915
deberta_full_klu_heat_t=0.3_alpha_0.9,0.5381228633585414,0.6990574910534741,0.699514578558665,False,fr,0.6677966101694915
deberta_full_klu_heat_t=0.3_alpha_1.0,0.5,0.6696469989398978,0.6702037830285245,False,fr,0.6677966101694915
deberta_full_klu_heatn_t=0.3_alpha_0.0,0.5462550502434477,0.7047203919838079,0.7051582832146585,False,fr,0.6677966101694915
deberta_full_klu_heatn_t=0.3_alpha_0.1,0.5474463897234021,0.7040462195689177,0.7044863961299884,False,fr,0.6677966101694915
deberta_full_klu_heatn_t=0.3_alpha_0.2,0.5472392002486274,0.7039704152441417,0.7044108487690252,False,fr,0.6677966101694915
deberta_full_klu_heatn_t=0.3_alpha_0.3,0.5473427949860148,0.7040654561563169,0.7045055675086167,False,fr,0.6677966101694915
deberta_full_klu_heatn_t=0.3_alpha_0.4,0.5474463897234021,0.7042812858595064,0.7047206655856938,False,fr,0.6677966101694915
deberta_full_klu_heatn_t=0.3_alpha_0.5,0.547290997617321,0.7041308099247732,0.7045706997388748,False,fr,0.6677966101694915
deberta_full_klu_heatn_t=0.3_alpha_0.6,0.5466176318243033,0.7034295718909249,0.7038718387831073,False,fr,0.6677966101694915
deberta_full_klu_heatn_t=0.3_alpha_0.7,0.5465140370869159,0.7028954642488691,0.7033395416754313,False,fr,0.6677966101694915
deberta_full_klu_heatn_t=0.3_alpha_0.8,0.5463586449808351,0.7029226194301268,0.7033666048052273,False,fr,0.6677966101694915
deberta_full_klu_heatn_t=0.3_alpha_0.9,0.5436133844400705,0.7015553057200388,0.7020039260568683,False,fr,0.6677966101694915
deberta_full_klu_heatn_t=0.3_alpha_1.0,0.5,0.6696469989398978,0.6702037830285245,False,fr,0.6677966101694915
deberta_full_klu_heat_t=0.4_alpha_0.0,0.5462550502434477,0.7047203919838079,0.7051582832146585,False,fr,0.6677966101694915
deberta_full_klu_heat_t=0.4_alpha_0.1,0.5445457370765565,0.7041523562324252,0.7045921730081959,False,fr,0.6677966101694915
deberta_full_klu_heat_t=0.4_alpha_0.2,0.5434579923339895,0.703173625017529,0.7036167595262314,False,fr,0.6677966101694915
deberta_full_klu_heat_t=0.4_alpha_0.3,0.5424738423288097,0.7024617961353977,0.7029073436233617,False,fr,0.6677966101694915
deberta_full_klu_heat_t=0.4_alpha_0.4,0.542732829172278,0.7022844359811833,0.7027305846900089,False,fr,0.6677966101694915
deberta_full_klu_heat_t=0.4_alpha_0.5,0.5428364239096654,0.7023846189280564,0.7028304280336723,False,fr,0.6677966101694915
deberta_full_klu_heat_t=0.4_alpha_0.6,0.5412307054801616,0.701323509309165,0.7017729153965396,False,fr,0.6677966101694915
deberta_full_klu_heat_t=0.4_alpha_0.7,0.5408681238993058,0.7008461303984506,0.701297154719421,False,fr,0.6677966101694915
deberta_full_klu_heat_t=0.4_alpha_0.8,0.5399357712628199,0.7007821372857376,0.7012333785325139,False,fr,0.6677966101694915
deberta_full_klu_heat_t=0.4_alpha_0.9,0.5391070133637211,0.6997521561040343,0.7002068888124434,False,fr,0.6677966101694915
deberta_full_klu_heat_t=0.4_alpha_1.0,0.5,0.6696469989398978,0.6702037830285245,False,fr,0.6677966101694915
deberta_full_klu_heatn_t=0.4_alpha_0.0,0.5462550502434477,0.7047203919838079,0.7051582832146585,False,fr,0.6677966101694915
deberta_full_klu_heatn_t=0.4_alpha_0.1,0.5473427949860148,0.7039926683411654,0.7044330264318215,False,fr,0.6677966101694915
deberta_full_klu_heatn_t=0.4_alpha_0.2,0.547290997617321,0.7039733916092681,0.7044138150447781,False,fr,0.6677966101694915
deberta_full_klu_heatn_t=0.4_alpha_0.3,0.5471874028799336,0.704037017790416,0.7044772255439562,False,fr,0.6677966101694915
deberta_full_klu_heatn_t=0.4_alpha_0.4,0.5472392002486274,0.7041309001057313,0.7045707896141347,False,fr,0.6677966101694915
deberta_full_klu_heatn_t=0.4_alpha_0.5,0.5472909976173211,0.7042559987727821,0.7046954642179075,False,fr,0.6677966101694915
deberta_full_klu_heatn_t=0.4_alpha_0.6,0.5460996581373667,0.7034318020540338,0.7038740613863412,False,fr,0.6677966101694915
deberta_full_klu_heatn_t=0.4_alpha_0.7,0.5467212265616906,0.7031549785427473,0.7035981762598389,False,fr,0.6677966101694915
deberta_full_klu_heatn_t=0.4_alpha_0.8,0.5454262923443489,0.7023785345153085,0.7028243642460523,False,fr,0.6677966101694915
deberta_full_klu_heatn_t=0.4_alpha_0.9,0.5417486791670983,0.7003013824453089,0.7007542533695105,False,fr,0.6677966101694915
deberta_full_klu_heatn_t=0.4_alpha_1.0,0.5,0.6696469989398978,0.6702037830285245,False,fr,0.6677966101694915
deberta_full_klu_heat_t=0.5_alpha_0.0,0.5462550502434477,0.7047203919838079,0.7051582832146585,False,fr,0.6677966101694915
deberta_full_klu_heat_t=0.5_alpha_0.1,0.5437169791774578,0.7036310210020987,0.7040726050159382,False,fr,0.6677966101694915
deberta_full_klu_heat_t=0.5_alpha_0.2,0.5428882212783591,0.7027799840658573,0.703224452950667,False,fr,0.6677966101694915
deberta_full_klu_heat_t=0.5_alpha_0.3,0.5422148554853414,0.7021345288516819,0.7025811857202686,False,fr,0.6677966101694915
deberta_full_klu_heat_t=0.5_alpha_0.4,0.5421630581166477,0.7017630707000879,0.7022109867488495,False,fr,0.6677966101694915
deberta_full_klu_heat_t=0.5_alpha_0.5,0.5416968817984047,0.7017312527430436,0.7021792766492866,False,fr,0.6677966101694915
deberta_full_klu_heat_t=0.5_alpha_0.6,0.5410235160053869,0.701167930912681,0.7016178643844507,False,fr,0.6677966101694915
deberta_full_klu_heat_t=0.5_alpha_0.7,0.540712731793225,0.7010126082382906,0.7014630682276005,False,fr,0.6677966101694915
deberta_full_klu_heat_t=0.5_alpha_0.8,0.5403501502123692,0.7009895112878117,0.701440049571869,False,fr,0.6677966101694915
deberta_full_klu_heat_t=0.5_alpha_0.9,0.5395213923132706,0.7006111304538173,0.7010629513847696,False,fr,0.6677966101694915
deberta_full_klu_heat_t=0.5_alpha_1.0,0.5,0.6696469989398978,0.6702037830285245,False,fr,0.6677966101694915
deberta_full_klu_heatn_t=0.5_alpha_0.0,0.5462550502434477,0.7047203919838079,0.7051582832146585,False,fr,0.6677966101694915
deberta_full_klu_heatn_t=0.5_alpha_0.1,0.5471356055112401,0.7039296793797498,0.7043702509923092,False,fr,0.6677966101694915
deberta_full_klu_heatn_t=0.5_alpha_0.2,0.546980213405159,0.7038033490558688,0.7042443489068142,False,fr,0.6677966101694915
deberta_full_klu_heatn_t=0.5_alpha_0.3,0.54713560551124,0.7040086757988326,0.7044489796269205,False,fr,0.6677966101694915
deberta_full_klu_heatn_t=0.5_alpha_0.4,0.5470320107738528,0.7040154700870751,0.7044557508836773,False,fr,0.6677966101694915
deberta_full_klu_heatn_t=0.5_alpha_0.5,0.546514037086916,0.7037353883871991,0.7041766186132926,False,fr,0.6677966101694915
deberta_full_klu_heatn_t=0.5_alpha_0.6,0.545892468662592,0.70332298710719,0.7037656153037243,False,fr,0.6677966101694915
deberta_full_klu_heatn_t=0.5_alpha_0.7,0.546047860768673,0.7031045713736188,0.70354793996247,False,fr,0.6677966101694915
deberta_full_klu_heatn_t=0.5_alpha_0.8,0.5440795607583135,0.7016553625514417,0.7021036437125714,False,fr,0.6677966101694915
deberta_full_klu_heatn_t=0.5_alpha_0.9,0.5407645291619185,0.6998310447318102,0.7002855100211424,False,fr,0.6677966101694915
deberta_full_klu_heatn_t=0.5_alpha_1.0,0.5,0.6696469989398978,0.6702037830285245,False,fr,0.6677966101694915
deberta_full_klu_heat_t=0.6_alpha_0.0,0.5462550502434477,0.7047203919838079,0.7051582832146585,False,fr,0.6677966101694915
deberta_full_klu_heat_t=0.6_alpha_0.1,0.5435097897026832,0.7034780966832166,0.7039201990845778,False,fr,0.6677966101694915
deberta_full_klu_heat_t=0.6_alpha_0.2,0.5429400186470528,0.7031502949827766,0.7035935085763426,False,fr,0.6677966101694915
deberta_full_klu_heat_t=0.6_alpha_0.3,0.5417486791670983,0.7018084839555938,0.7022562460611164,False,fr,0.6677966101694915
deberta_full_klu_heat_t=0.6_alpha_0.4,0.5414378949549362,0.7011911122923243,0.7016409671831462,False,fr,0.6677966101694915
deberta_full_klu_heat_t=0.6_alpha_0.5,0.5413860975862427,0.7015181483626909,0.701966894656664,False,fr,0.6677966101694915
deberta_full_klu_heat_t=0.6_alpha_0.6,0.5405573396871439,0.7007644081660646,0.7012157095115515,False,fr,0.6677966101694915
deberta_full_klu_heat_t=0.6_alpha_0.7,0.5403501502123692,0.7006730001485006,0.7011246113516743,False,fr,0.6677966101694915
deberta_full_klu_heat_t=0.6_alpha_0.8,0.5405573396871439,0.7012030120481428,0.7016528266008093,False,fr,0.6677966101694915
deberta_full_klu_heat_t=0.6_alpha_0.9,0.5396249870506579,0.7003165085819043,0.7007693282310664,False,fr,0.6677966101694915
deberta_full_klu_heat_t=0.6_alpha_1.0,0.5,0.6696469989398978,0.6702037830285245,False,fr,0.6677966101694915
deberta_full_klu_heatn_t=0.6_alpha_0.0,0.5462550502434477,0.7047203919838079,0.7051582832146585,False,fr,0.6677966101694915
deberta_full_klu_heatn_t=0.6_alpha_0.1,0.5473427949860147,0.7039848744960825,0.7044252590065525,False,fr,0.6677966101694915
deberta_full_klu_heatn_t=0.6_alpha_0.2,0.546980213405159,0.703851325453624,0.7042921626727126,False,fr,0.6677966101694915
deberta_full_klu_heatn_t=0.6_alpha_0.3,0.5467730239303844,0.7042002233446394,0.7046398778590125,False,fr,0.6677966101694915
deberta_full_klu_heatn_t=0.6_alpha_0.4,0.5467212265616906,0.7037681637044853,0.7042092828278081,False,fr,0.6677966101694915
deberta_full_klu_heatn_t=0.6_alpha_0.5,0.546203252874754,0.7036127642533583,0.7040544101544817,False,fr,0.6677966101694915
deberta_full_klu_heatn_t=0.6_alpha_0.6,0.54558168445043,0.7033383864878123,0.7037809624830562,False,fr,0.6677966101694915
deberta_full_klu_heatn_t=0.6_alpha_0.7,0.5457370765565109,0.7029366696509045,0.7033806073981378,False,fr,0.6677966101694915
deberta_full_klu_heatn_t=0.6_alpha_0.8,0.5434579923339894,0.7013572543278396,0.7018065460253207,False,fr,0.6677966101694915
deberta_full_klu_heatn_t=0.6_alpha_0.9,0.5400911633689008,0.6995946746304627,0.7000499411743756,False,fr,0.6677966101694915
deberta_full_klu_heatn_t=0.6_alpha_1.0,0.5,0.6696469989398978,0.6702037830285245,False,fr,0.6677966101694915
deberta_full_klu_heat_t=0.7_alpha_0.0,0.5462550502434477,0.7047203919838079,0.7051582832146585,False,fr,0.6677966101694915
deberta_full_klu_heat_t=0.7_alpha_0.1,0.5436133844400705,0.7035294974400426,0.70397142560155,False,fr,0.6677966101694915
deberta_full_klu_heat_t=0.7_alpha_0.2,0.5428364239096654,0.7030750190871378,0.7035184878532313,False,fr,0.6677966101694915
deberta_full_klu_heat_t=0.7_alpha_0.3,0.5414896923236301,0.7017698711548546,0.7022177641512272,False,fr,0.6677966101694915
deberta_full_klu_heat_t=0.7_alpha_0.4,0.5415414896923236,0.7012704697690088,0.701720055651435,False,fr,0.6677966101694915
deberta_full_klu_heat_t=0.7_alpha_0.5,0.541334300217549,0.7015400145752406,0.7019886867464593,False,fr,0.6677966101694915
deberta_full_klu_heat_t=0.7_alpha_0.6,0.5405055423184502,0.7008652246273958,0.7013161842221664,False,fr,0.6677966101694915
deberta_full_klu_heat_t=0.7_alpha_0.7,0.5401429607375945,0.7007246900780082,0.7011761260610818,False,fr,0.6677966101694915
deberta_full_klu_heat_t=0.7_alpha_0.8,0.5401429607375945,0.7007548576010842,0.701206191321368,False,fr,0.6677966101694915
deberta_full_klu_heat_t=0.7_alpha_0.9,0.5397803791567388,0.7003608676829438,0.700813536962272,False,fr,0.6677966101694915
deberta_full_klu_heat_t=0.7_alpha_1.0,0.5,0.6696469989398978,0.6702037830285245,False,fr,0.6677966101694915
deberta_full_klu_heatn_t=0.7_alpha_0.0,0.5462550502434477,0.7047203919838079,0.7051582832146585,False,fr,0.6677966101694915
deberta_full_klu_heatn_t=0.7_alpha_0.1,0.5470838081425464,0.7038790862590597,0.704319829373723,False,fr,0.6677966101694915
deberta_full_klu_heatn_t=0.7_alpha_0.2,0.5469284160364654,0.7039643036481513,0.7044047578903094,False,fr,0.6677966101694915
deberta_full_klu_heatn_t=0.7_alpha_0.3,0.5465658344556097,0.7040305663888522,0.70447079601155,False,fr,0.6677966101694915
deberta_full_klu_heatn_t=0.7_alpha_0.4,0.5466176318243033,0.7040118647367317,0.7044521577548606,False,fr,0.6677966101694915
deberta_full_klu_heatn_t=0.7_alpha_0.5,0.5459442660312857,0.7034454237377752,0.7038876368948837,False,fr,0.6677966101694915
deberta_full_klu_heatn_t=0.7_alpha_0.6,0.5458924686625919,0.7034312120563888,0.7038734733886882,False,fr,0.6677966101694915
deberta_full_klu_heatn_t=0.7_alpha_0.7,0.5453744949756553,0.702886350827775,0.7033304591472901,False,fr,0.6677966101694915
deberta_full_klu_heatn_t=0.7_alpha_0.8,0.5429918160157464,0.7012547825910866,0.7017044216503872,False,fr,0.6677966101694915
deberta_full_klu_heatn_t=0.7_alpha_0.9,0.5393142028384958,0.6989894367779825,0.6994467549756325,False,fr,0.6677966101694915
deberta_full_klu_heatn_t=0.7_alpha_1.0,0.5,0.6696469989398978,0.6702037830285245,False,fr,0.6677966101694915
deberta_full_klu_matern_kappa=1.0_nu=1.0_alpha_0.0,0.5462550502434477,0.7047203919838079,0.7051582832146585,False,fr,0.6677966101694915
deberta_full_klu_matern_kappa=1.0_nu=1.0_alpha_0.1,0.5470320107738527,0.7051276286430277,0.7055641394106267,False,fr,0.6677966101694915
deberta_full_klu_matern_kappa=1.0_nu=1.0_alpha_0.2,0.5456852791878173,0.7037479126780085,0.7041891004488788,False,fr,0.6677966101694915
deberta_full_klu_matern_kappa=1.0_nu=1.0_alpha_0.3,0.5452191028695742,0.7034805989886135,0.7039226929075835,False,fr,0.6677966101694915
deberta_full_klu_matern_kappa=1.0_nu=1.0_alpha_0.4,0.5443385476017819,0.703073133831564,0.7035166089883544,False,fr,0.6677966101694915
deberta_full_klu_matern_kappa=1.0_nu=1.0_alpha_0.5,0.5445975344452502,0.7023566557982401,0.7028025596941266,False,fr,0.6677966101694915
deberta_full_klu_matern_kappa=1.0_nu=1.0_alpha_0.6,0.5436133844400705,0.7016166703498565,0.7020650826709917,False,fr,0.6677966101694915
deberta_full_klu_matern_kappa=1.0_nu=1.0_alpha_0.7,0.5416968817984047,0.7004684956080984,0.7009208000470023,False,fr,0.6677966101694915
deberta_full_klu_matern_kappa=1.0_nu=1.0_alpha_0.8,0.5397285817880452,0.6996949985617205,0.7001499250245103,False,fr,0.6677966101694915
deberta_full_klu_matern_kappa=1.0_nu=1.0_alpha_0.9,0.5371905107220554,0.6988213079666592,0.6992791960924832,False,fr,0.6677966101694915
deberta_full_klu_matern_kappa=1.0_nu=1.0_alpha_1.0,0.5,0.6696469989398978,0.6702037830285245,False,fr,0.6677966101694915
deberta_full_klu_maternn_kappa=1.0_nu=1.0_alpha_0.0,0.5462550502434477,0.7047203919838079,0.7051582832146585,False,fr,0.6677966101694915
deberta_full_klu_maternn_kappa=1.0_nu=1.0_alpha_0.1,0.5473427949860148,0.7039926683411654,0.7044330264318215,False,fr,0.6677966101694915
deberta_full_klu_maternn_kappa=1.0_nu=1.0_alpha_0.2,0.547290997617321,0.7039733916092681,0.7044138150447781,False,fr,0.6677966101694915
deberta_full_klu_maternn_kappa=1.0_nu=1.0_alpha_0.3,0.5471356055112401,0.7040255218699143,0.7044657685926765,False,fr,0.6677966101694915
deberta_full_klu_maternn_kappa=1.0_nu=1.0_alpha_0.4,0.5472392002486274,0.7041309001057313,0.7045707896141347,False,fr,0.6677966101694915
deberta_full_klu_maternn_kappa=1.0_nu=1.0_alpha_0.5,0.5473427949860148,0.7042763662011906,0.7047157626041858,False,fr,0.6677966101694915
deberta_full_klu_maternn_kappa=1.0_nu=1.0_alpha_0.6,0.546047860768673,0.7034005969114263,0.7038429620238782,False,fr,0.6677966101694915
deberta_full_klu_maternn_kappa=1.0_nu=1.0_alpha_0.7,0.5467730239303844,0.7031861836853549,0.7036292756223019,False,fr,0.6677966101694915
deberta_full_klu_maternn_kappa=1.0_nu=1.0_alpha_0.8,0.5454262923443489,0.7023785345153085,0.7028243642460523,False,fr,0.6677966101694915
deberta_full_klu_maternn_kappa=1.0_nu=1.0_alpha_0.9,0.5417486791670983,0.7003013824453089,0.7007542533695105,False,fr,0.6677966101694915
deberta_full_klu_maternn_kappa=1.0_nu=1.0_alpha_1.0,0.5,0.6696469989398978,0.6702037830285245,False,fr,0.6677966101694915
deberta_full_klu_matern_kappa=1.0_nu=2.0_alpha_0.0,0.5462550502434477,0.7047203919838079,0.7051582832146585,False,fr,0.6677966101694915
deberta_full_klu_matern_kappa=1.0_nu=2.0_alpha_0.1,0.5458406712938983,0.70479550595705,0.7052331425642626,False,fr,0.6677966101694915
deberta_full_klu_matern_kappa=1.0_nu=2.0_alpha_0.2,0.5451673055008806,0.703946606355984,0.7043871205889629,False,fr,0.6677966101694915
deberta_full_klu_matern_kappa=1.0_nu=2.0_alpha_0.3,0.5447011291826376,0.7040257585331318,0.7044660044536458,False,fr,0.6677966101694915
deberta_full_klu_matern_kappa=1.0_nu=2.0_alpha_0.4,0.5442867502330881,0.7033395929713644,0.7037821648768334,False,fr,0.6677966101694915
deberta_full_klu_matern_kappa=1.0_nu=2.0_alpha_0.5,0.5439241686522325,0.7023976977941155,0.7028434625645923,False,fr,0.6677966101694915
deberta_full_klu_matern_kappa=1.0_nu=2.0_alpha_0.6,0.5424220449601161,0.7009236106652462,0.7013743723412444,False,fr,0.6677966101694915
deberta_full_klu_matern_kappa=1.0_nu=2.0_alpha_0.7,0.5411271107427742,0.7003992816216815,0.7008518206842681,False,fr,0.6677966101694915
deberta_full_klu_matern_kappa=1.0_nu=2.0_alpha_0.8,0.5391588107324148,0.6996244504098073,0.7000796160188749,False,fr,0.6677966101694915
deberta_full_klu_matern_kappa=1.0_nu=2.0_alpha_0.9,0.5375012949342173,0.6987915067519196,0.6992494958988105,False,fr,0.6677966101694915
deberta_full_klu_matern_kappa=1.0_nu=2.0_alpha_1.0,0.5,0.6696469989398978,0.6702037830285245,False,fr,0.6677966101694915
deberta_full_klu_maternn_kappa=1.0_nu=2.0_alpha_0.0,0.5462550502434477,0.7047203919838079,0.7051582832146585,False,fr,0.6677966101694915
deberta_full_klu_maternn_kappa=1.0_nu=2.0_alpha_0.1,0.547290997617321,0.7039785329247815,0.7044189389321035,False,fr,0.6677966101694915
deberta_full_klu_maternn_kappa=1.0_nu=2.0_alpha_0.2,0.5471356055112401,0.7039056869450458,0.7043463398878923,False,fr,0.6677966101694915
deberta_full_klu_maternn_kappa=1.0_nu=2.0_alpha_0.3,0.5471356055112401,0.7039681605299599,0.7044086016979423,False,fr,0.6677966101694915
deberta_full_klu_maternn_kappa=1.0_nu=2.0_alpha_0.4,0.54713560551124,0.7040421654477061,0.7044823557515605,False,fr,0.6677966101694915
deberta_full_klu_maternn_kappa=1.0_nu=2.0_alpha_0.5,0.5468766186677716,0.7039630052195878,0.7044034638631985,False,fr,0.6677966101694915
deberta_full_klu_maternn_kappa=1.0_nu=2.0_alpha_0.6,0.5459442660312857,0.7033312996343273,0.7037738996528035,False,fr,0.6677966101694915
deberta_full_klu_maternn_kappa=1.0_nu=2.0_alpha_0.7,0.5463068476121413,0.702943513897975,0.7033874284443709,False,fr,0.6677966101694915
deberta_full_klu_maternn_kappa=1.0_nu=2.0_alpha_0.8,0.5450637107634932,0.7022042869534022,0.7026507073538475,False,fr,0.6677966101694915
deberta_full_klu_maternn_kappa=1.0_nu=2.0_alpha_0.9,0.5416450844297109,0.7002900135520796,0.7007429230149023,False,fr,0.6677966101694915
deberta_full_klu_maternn_kappa=1.0_nu=2.0_alpha_1.0,0.5,0.6696469989398978,0.6702037830285245,False,fr,0.6677966101694915
deberta_full_klu_matern_kappa=1.0_nu=3.0_alpha_0.0,0.5462550502434477,0.7047203919838079,0.7051582832146585,False,fr,0.6677966101694915
deberta_full_klu_matern_kappa=1.0_nu=3.0_alpha_0.1,0.5454780897130427,0.7045746315328152,0.7050130168668894,False,fr,0.6677966101694915
deberta_full_klu_matern_kappa=1.0_nu=3.0_alpha_0.2,0.5444421423391692,0.703662016794817,0.7041034957381728,False,fr,0.6677966101694915
deberta_full_klu_matern_kappa=1.0_nu=3.0_alpha_0.3,0.5441313581270072,0.7037453706349408,0.7041865670229063,False,fr,0.6677966101694915
deberta_full_klu_matern_kappa=1.0_nu=3.0_alpha_0.4,0.5436651818087641,0.7031092220676225,0.7035525748914092,False,fr,0.6677966101694915
deberta_full_klu_matern_kappa=1.0_nu=3.0_alpha_0.5,0.5435097897026832,0.7028287190294734,0.7032730227110168,False,fr,0.6677966101694915
deberta_full_klu_matern_kappa=1.0_nu=3.0_alpha_0.6,0.5420594633792604,0.7015466553318663,0.7019953049920455,False,fr,0.6677966101694915
deberta_full_klu_matern_kappa=1.0_nu=3.0_alpha_0.7,0.5406609344245312,0.7003469587073039,0.700799675135702,False,fr,0.6677966101694915
deberta_full_klu_matern_kappa=1.0_nu=3.0_alpha_0.8,0.5396767844193515,0.6998959727512066,0.7003502179455576,False,fr,0.6677966101694915
deberta_full_klu_matern_kappa=1.0_nu=3.0_alpha_0.9,0.5382264580959287,0.6991657822331938,0.6996225026496399,False,fr,0.6677966101694915
deberta_full_klu_matern_kappa=1.0_nu=3.0_alpha_1.0,0.5,0.6696469989398978,0.6702037830285245,False,fr,0.6677966101694915
deberta_full_klu_maternn_kappa=1.0_nu=3.0_alpha_0.0,0.5462550502434477,0.7047203919838079,0.7051582832146585,False,fr,0.6677966101694915
deberta_full_klu_maternn_kappa=1.0_nu=3.0_alpha_0.1,0.547290997617321,0.7039785329247815,0.7044189389321035,False,fr,0.6677966101694915
deberta_full_klu_maternn_kappa=1.0_nu=3.0_alpha_0.2,0.5471356055112401,0.7039056869450458,0.7043463398878923,False,fr,0.6677966101694915
deberta_full_klu_maternn_kappa=1.0_nu=3.0_alpha_0.3,0.5471356055112401,0.7039681605299599,0.7044086016979423,False,fr,0.6677966101694915
deberta_full_klu_maternn_kappa=1.0_nu=3.0_alpha_0.4,0.5470838081425464,0.7040267746760128,0.7044670171519746,False,fr,0.6677966101694915
deberta_full_klu_maternn_kappa=1.0_nu=3.0_alpha_0.5,0.5468248212990781,0.7039360422273536,0.7043765922709381,False,fr,0.6677966101694915
deberta_full_klu_maternn_kappa=1.0_nu=3.0_alpha_0.6,0.546047860768673,0.7033483234807691,0.7037908657912911,False,fr,0.6677966101694915
deberta_full_klu_maternn_kappa=1.0_nu=3.0_alpha_0.7,0.5460996581373667,0.7029670429984372,0.7034108777851703,False,fr,0.6677966101694915
deberta_full_klu_maternn_kappa=1.0_nu=3.0_alpha_0.8,0.5449083186574122,0.7020415146235492,0.702488486794604,False,fr,0.6677966101694915
deberta_full_klu_maternn_kappa=1.0_nu=3.0_alpha_0.9,0.5414378949549363,0.700207981946775,0.700661169482836,False,fr,0.6677966101694915
deberta_full_klu_maternn_kappa=1.0_nu=3.0_alpha_1.0,0.5,0.6696469989398978,0.6702037830285245,False,fr,0.6677966101694915
deberta_full_klu_matern_kappa=2.0_nu=1.0_alpha_0.0,0.5462550502434477,0.7047203919838079,0.7051582832146585,False,fr,0.6677966101694915
deberta_full_klu_matern_kappa=2.0_nu=1.0_alpha_0.1,0.545270900238268,0.7045371063254678,0.704975618863635,False,fr,0.6677966101694915
deberta_full_klu_matern_kappa=2.0_nu=1.0_alpha_0.2,0.5445457370765565,0.7037045321305084,0.7041458669540822,False,fr,0.6677966101694915
deberta_full_klu_matern_kappa=2.0_nu=1.0_alpha_0.3,0.5439241686522326,0.7035974043128717,0.7040391022815898,False,fr,0.6677966101694915
deberta_full_klu_matern_kappa=2.0_nu=1.0_alpha_0.4,0.5436651818087641,0.7029835494193246,0.7034273282520886,False,fr,0.6677966101694915
deberta_full_klu_matern_kappa=2.0_nu=1.0_alpha_0.5,0.5435615870713768,0.7028891501485285,0.7033332489788207,False,fr,0.6677966101694915
deberta_full_klu_matern_kappa=2.0_nu=1.0_alpha_0.6,0.5421630581166477,0.7016141657907121,0.7020625866018783,False,fr,0.6677966101694915
deberta_full_klu_matern_kappa=2.0_nu=1.0_alpha_0.7,0.5408681238993059,0.7005673330403905,0.701019302437151,False,fr,0.6677966101694915
deberta_full_klu_matern_kappa=2.0_nu=1.0_alpha_0.8,0.5399875686315135,0.7000421251943081,0.7004958749566486,False,fr,0.6677966101694915
deberta_full_klu_matern_kappa=2.0_nu=1.0_alpha_0.9,0.5383300528333161,0.6991637051458979,0.6996204326033176,False,fr,0.6677966101694915
deberta_full_klu_matern_kappa=2.0_nu=1.0_alpha_1.0,0.5,0.6696469989398978,0.6702037830285245,False,fr,0.6677966101694915
deberta_full_klu_maternn_kappa=2.0_nu=1.0_alpha_0.0,0.5462550502434477,0.7047203919838079,0.7051582832146585,False,fr,0.6677966101694915
deberta_full_klu_maternn_kappa=2.0_nu=1.0_alpha_0.1,0.5469284160364654,0.7039199671350702,0.7043605716704929,False,fr,0.6677966101694915
deberta_full_klu_maternn_kappa=2.0_nu=1.0_alpha_0.2,0.546669429192997,0.7041534899149375,0.7045933028477166,False,fr,0.6677966101694915
deberta_full_klu_maternn_kappa=2.0_nu=1.0_alpha_0.3,0.545892468662592,0.7038643648117248,0.7043051578295993,False,fr,0.6677966101694915
deberta_full_klu_maternn_kappa=2.0_nu=1.0_alpha_0.4,0.5453744949756553,0.7035842535469906,0.7040259960945763,False,fr,0.6677966101694915
deberta_full_klu_maternn_kappa=2.0_nu=1.0_alpha_0.5,0.5449601160261058,0.7027919732850403,0.7032364015284291,False,fr,0.6677966101694915
deberta_full_klu_maternn_kappa=2.0_nu=1.0_alpha_0.6,0.5447529265513312,0.7025056755446254,0.7029510742888292,False,fr,0.6677966101694915
deberta_full_klu_maternn_kappa=2.0_nu=1.0_alpha_0.7,0.5433543975966022,0.7016158542440567,0.7020642693316522,False,fr,0.6677966101694915
deberta_full_klu_maternn_kappa=2.0_nu=1.0_alpha_0.8,0.54148969232363,0.7007655864617561,0.7012168838130204,False,fr,0.6677966101694915
deberta_full_klu_maternn_kappa=2.0_nu=1.0_alpha_0.9,0.5375012949342174,0.698477802371991,0.6989368549235596,False,fr,0.6677966101694915
deberta_full_klu_maternn_kappa=2.0_nu=1.0_alpha_1.0,0.5,0.6696469989398978,0.6702037830285245,False,fr,0.6677966101694915
deberta_full_klu_matern_kappa=2.0_nu=2.0_alpha_0.0,0.5462550502434477,0.7047203919838079,0.7051582832146585,False,fr,0.6677966101694915
deberta_full_klu_matern_kappa=2.0_nu=2.0_alpha_0.1,0.5437169791774579,0.7036834391150093,0.7041248454403305,False,fr,0.6677966101694915
deberta_full_klu_matern_kappa=2.0_nu=2.0_alpha_0.2,0.5429918160157464,0.702889040721373,0.7033331399226049,False,fr,0.6677966101694915
deberta_full_klu_matern_kappa=2.0_nu=2.0_alpha_0.3,0.5423184502227287,0.7022530878949031,0.7026993428684281,False,fr,0.6677966101694915
deberta_full_klu_matern_kappa=2.0_nu=2.0_alpha_0.4,0.5422148554853414,0.7019632645839164,0.702410502009343,False,fr,0.6677966101694915
deberta_full_klu_matern_kappa=2.0_nu=2.0_alpha_0.5,0.541800476535792,0.7017799832490166,0.7022278419671039,False,fr,0.6677966101694915
deberta_full_klu_matern_kappa=2.0_nu=2.0_alpha_0.6,0.5412307054801616,0.7012918058202622,0.7017413193770909,False,fr,0.6677966101694915
deberta_full_klu_matern_kappa=2.0_nu=2.0_alpha_0.7,0.540712731793225,0.7010220965114854,0.7014725243371575,False,fr,0.6677966101694915
deberta_full_klu_matern_kappa=2.0_nu=2.0_alpha_0.8,0.5403501502123692,0.700886056227572,0.7013369452067489,False,fr,0.6677966101694915
deberta_full_klu_matern_kappa=2.0_nu=2.0_alpha_0.9,0.5395731896819641,0.7006631835680291,0.7011148280477468,False,fr,0.6677966101694915
deberta_full_klu_matern_kappa=2.0_nu=2.0_alpha_1.0,0.5,0.6696469989398978,0.6702037830285245,False,fr,0.6677966101694915
deberta_full_klu_maternn_kappa=2.0_nu=2.0_alpha_0.0,0.5462550502434477,0.7047203919838079,0.7051582832146585,False,fr,0.6677966101694915
deberta_full_klu_maternn_kappa=2.0_nu=2.0_alpha_0.1,0.5468766186677717,0.7046914687659591,0.7051294580416161,False,fr,0.6677966101694915
deberta_full_klu_maternn_kappa=2.0_nu=2.0_alpha_0.2,0.5461514555060603,0.7038988438774689,0.7043395200171546,False,fr,0.6677966101694915
deberta_full_klu_maternn_kappa=2.0_nu=2.0_alpha_0.3,0.5456334818191236,0.7037786374728003,0.7042197210918237,False,fr,0.6677966101694915
deberta_full_klu_maternn_kappa=2.0_nu=2.0_alpha_0.4,0.5447529265513311,0.7034003823268538,0.703842748166711,False,fr,0.6677966101694915
deberta_full_klu_maternn_kappa=2.0_nu=2.0_alpha_0.5,0.5447529265513312,0.7025345183834879,0.7029798193553565,False,fr,0.6677966101694915
deberta_full_klu_maternn_kappa=2.0_nu=2.0_alpha_0.6,0.5439759660209261,0.7018898698171248,0.702337356038371,False,fr,0.6677966101694915
deberta_full_klu_maternn_kappa=2.0_nu=2.0_alpha_0.7,0.5422148554853413,0.7009547272643968,0.7014053834603979,False,fr,0.6677966101694915
deberta_full_klu_maternn_kappa=2.0_nu=2.0_alpha_0.8,0.5400393660002072,0.699930641639663,0.7003847693123582,False,fr,0.6677966101694915
deberta_full_klu_maternn_kappa=2.0_nu=2.0_alpha_0.9,0.5373459028281363,0.6988844733430082,0.6993421473489124,False,fr,0.6677966101694915
deberta_full_klu_maternn_kappa=2.0_nu=2.0_alpha_1.0,0.5,0.6696469989398978,0.6702037830285245,False,fr,0.6677966101694915
deberta_full_klu_matern_kappa=2.0_nu=3.0_alpha_0.0,0.5462550502434477,0.7047203919838079,0.7051582832146585,False,fr,0.6677966101694915
deberta_full_klu_matern_kappa=2.0_nu=3.0_alpha_0.1,0.5435097897026832,0.7034780966832166,0.7039201990845778,False,fr,0.6677966101694915
deberta_full_klu_matern_kappa=2.0_nu=3.0_alpha_0.2,0.5428364239096655,0.7030113307879233,0.7034550154465565,False,fr,0.6677966101694915
deberta_full_klu_matern_kappa=2.0_nu=3.0_alpha_0.3,0.5417486791670983,0.7018084839555938,0.7022562460611164,False,fr,0.6677966101694915
deberta_full_klu_matern_kappa=2.0_nu=3.0_alpha_0.4,0.5413860975862426,0.7011622872029666,0.7016122398059558,False,fr,0.6677966101694915
deberta_full_klu_matern_kappa=2.0_nu=3.0_alpha_0.5,0.5413860975862426,0.7015063925082754,0.7019551786526024,False,fr,0.6677966101694915
deberta_full_klu_matern_kappa=2.0_nu=3.0_alpha_0.6,0.5405573396871439,0.7007650496296278,0.7012163488006621,False,fr,0.6677966101694915
deberta_full_klu_matern_kappa=2.0_nu=3.0_alpha_0.7,0.5402983528436756,0.7006508195356547,0.7011025059273465,False,fr,0.6677966101694915
deberta_full_klu_matern_kappa=2.0_nu=3.0_alpha_0.8,0.5404019475810629,0.7009782080263522,0.7014287846265501,False,fr,0.6677966101694915
deberta_full_klu_matern_kappa=2.0_nu=3.0_alpha_0.9,0.5397285817880452,0.7003399371164627,0.7007926773468637,False,fr,0.6677966101694915
deberta_full_klu_matern_kappa=2.0_nu=3.0_alpha_1.0,0.5,0.6696469989398978,0.6702037830285245,False,fr,0.6677966101694915
deberta_full_klu_maternn_kappa=2.0_nu=3.0_alpha_0.0,0.5462550502434477,0.7047203919838079,0.7051582832146585,False,fr,0.6677966101694915
deberta_full_klu_maternn_kappa=2.0_nu=3.0_alpha_0.1,0.546980213405159,0.7048713848998532,0.7053087642903105,False,fr,0.6677966101694915
deberta_full_klu_maternn_kappa=2.0_nu=3.0_alpha_0.2,0.5458406712938982,0.7037914243689853,0.7042324646425981,False,fr,0.6677966101694915
deberta_full_klu_maternn_kappa=2.0_nu=3.0_alpha_0.3,0.5454262923443489,0.7035729661590886,0.7040147469690061,False,fr,0.6677966101694915
deberta_full_klu_maternn_kappa=2.0_nu=3.0_alpha_0.4,0.5447529265513312,0.7033338660983666,0.7037764574169644,False,fr,0.6677966101694915
deberta_full_klu_maternn_kappa=2.0_nu=3.0_alpha_0.5,0.5444421423391692,0.7022643434301641,0.7027105602493321,False,fr,0.6677966101694915
deberta_full_klu_maternn_kappa=2.0_nu=3.0_alpha_0.6,0.5436133844400705,0.701675903723206,0.7021241152532451,False,fr,0.6677966101694915
deberta_full_klu_maternn_kappa=2.0_nu=3.0_alpha_0.7,0.5419558686418731,0.7007600045466384,0.701211320819649,False,fr,0.6677966101694915
deberta_full_klu_maternn_kappa=2.0_nu=3.0_alpha_0.8,0.5396767844193515,0.6997020204038495,0.7001569230637849,False,fr,0.6677966101694915
deberta_full_klu_maternn_kappa=2.0_nu=3.0_alpha_0.9,0.5372941054594427,0.6988343639424761,0.6992922078107551,False,fr,0.6677966101694915
deberta_full_klu_maternn_kappa=2.0_nu=3.0_alpha_1.0,0.5,0.6696469989398978,0.6702037830285245,False,fr,0.6677966101694915
deberta_full_klu_matern_kappa=3.0_nu=1.0_alpha_0.0,0.5462550502434477,0.7047203919838079,0.7051582832146585,False,fr,0.6677966101694915
deberta_full_klu_matern_kappa=3.0_nu=1.0_alpha_0.1,0.5446493318139438,0.7042127474956581,0.704652359555282,False,fr,0.6677966101694915
deberta_full_klu_matern_kappa=3.0_nu=1.0_alpha_0.2,0.5437687765461514,0.703359185394833,0.7038016908853072,False,fr,0.6677966101694915
deberta_full_klu_matern_kappa=3.0_nu=1.0_alpha_0.3,0.5426810318035844,0.7026053786570687,0.7030504394246202,False,fr,0.6677966101694915
deberta_full_klu_matern_kappa=3.0_nu=1.0_alpha_0.4,0.5428364239096654,0.702424180237115,0.7028698552365985,False,fr,0.6677966101694915
deberta_full_klu_matern_kappa=3.0_nu=1.0_alpha_0.5,0.5428882212783591,0.7024594632897314,0.7029050186856468,False,fr,0.6677966101694915
deberta_full_klu_matern_kappa=3.0_nu=1.0_alpha_0.6,0.541645084429711,0.7015738849396205,0.7020224422960446,False,fr,0.6677966101694915
deberta_full_klu_matern_kappa=3.0_nu=1.0_alpha_0.7,0.541023516005387,0.701074133259471,0.7015243846893873,False,fr,0.6677966101694915
deberta_full_klu_matern_kappa=3.0_nu=1.0_alpha_0.8,0.5399875686315135,0.7008577686027704,0.7013087534722007,False,fr,0.6677966101694915
deberta_full_klu_matern_kappa=3.0_nu=1.0_alpha_0.9,0.5390552159950275,0.6996823179253343,0.7001372873733323,False,fr,0.6677966101694915
deberta_full_klu_matern_kappa=3.0_nu=1.0_alpha_1.0,0.5,0.6696469989398978,0.6702037830285245,False,fr,0.6677966101694915
deberta_full_klu_maternn_kappa=3.0_nu=1.0_alpha_0.0,0.5462550502434477,0.7047203919838079,0.7051582832146585,False,fr,0.6677966101694915
deberta_full_klu_maternn_kappa=3.0_nu=1.0_alpha_0.1,0.5470320107738527,0.7051276286430277,0.7055641394106267,False,fr,0.6677966101694915
deberta_full_klu_maternn_kappa=3.0_nu=1.0_alpha_0.2,0.5456852791878173,0.7037479126780085,0.7041891004488788,False,fr,0.6677966101694915
deberta_full_klu_maternn_kappa=3.0_nu=1.0_alpha_0.3,0.5452191028695742,0.7034805989886135,0.7039226929075835,False,fr,0.6677966101694915
deberta_full_klu_maternn_kappa=3.0_nu=1.0_alpha_0.4,0.5443385476017819,0.703073133831564,0.7035166089883544,False,fr,0.6677966101694915
deberta_full_klu_maternn_kappa=3.0_nu=1.0_alpha_0.5,0.5445975344452502,0.7023566557982401,0.7028025596941266,False,fr,0.6677966101694915
deberta_full_klu_maternn_kappa=3.0_nu=1.0_alpha_0.6,0.5436133844400705,0.7016166703498565,0.7020650826709917,False,fr,0.6677966101694915
deberta_full_klu_maternn_kappa=3.0_nu=1.0_alpha_0.7,0.5416968817984047,0.7004684956080984,0.7009208000470023,False,fr,0.6677966101694915
deberta_full_klu_maternn_kappa=3.0_nu=1.0_alpha_0.8,0.5397285817880452,0.6996949985617205,0.7001499250245103,False,fr,0.6677966101694915
deberta_full_klu_maternn_kappa=3.0_nu=1.0_alpha_0.9,0.5371905107220554,0.6988213079666592,0.6992791960924832,False,fr,0.6677966101694915
deberta_full_klu_maternn_kappa=3.0_nu=1.0_alpha_1.0,0.5,0.6696469989398978,0.6702037830285245,False,fr,0.6677966101694915
deberta_full_klu_matern_kappa=3.0_nu=2.0_alpha_0.0,0.5462550502434477,0.7047203919838079,0.7051582832146585,False,fr,0.6677966101694915
deberta_full_klu_matern_kappa=3.0_nu=2.0_alpha_0.1,0.5435615870713768,0.7034938437227733,0.7039358927443393,False,fr,0.6677966101694915
deberta_full_klu_matern_kappa=3.0_nu=2.0_alpha_0.2,0.542732829172278,0.7029869026743,0.7034306701400981,False,fr,0.6677966101694915
deberta_full_klu_matern_kappa=3.0_nu=2.0_alpha_0.3,0.5415932870610174,0.7016621391858018,0.7021103973752898,False,fr,0.6677966101694915
deberta_full_klu_matern_kappa=3.0_nu=2.0_alpha_0.4,0.5414378949549363,0.7012000800979024,0.7016499045893831,False,fr,0.6677966101694915
deberta_full_klu_matern_kappa=3.0_nu=2.0_alpha_0.5,0.5413860975862427,0.7015056080059854,0.7019543968096421,False,fr,0.6677966101694915
deberta_full_klu_matern_kappa=3.0_nu=2.0_alpha_0.6,0.5405573396871439,0.700767574345651,0.7012188649583257,False,fr,0.6677966101694915
deberta_full_klu_matern_kappa=3.0_nu=2.0_alpha_0.7,0.5403501502123693,0.7007200569480644,0.7011715086366632,False,fr,0.6677966101694915
deberta_full_klu_matern_kappa=3.0_nu=2.0_alpha_0.8,0.5402983528436756,0.7009176944029134,0.7013684761340383,False,fr,0.6677966101694915
deberta_full_klu_matern_kappa=3.0_nu=2.0_alpha_0.9,0.5399357712628199,0.7004506841846404,0.7009030490012509,False,fr,0.6677966101694915
deberta_full_klu_matern_kappa=3.0_nu=2.0_alpha_1.0,0.5,0.6696469989398978,0.6702037830285245,False,fr,0.6677966101694915
deberta_full_klu_maternn_kappa=3.0_nu=2.0_alpha_0.0,0.5462550502434477,0.7047203919838079,0.7051582832146585,False,fr,0.6677966101694915
deberta_full_klu_maternn_kappa=3.0_nu=2.0_alpha_0.1,0.5458406712938983,0.70479550595705,0.7052331425642626,False,fr,0.6677966101694915
deberta_full_klu_maternn_kappa=3.0_nu=2.0_alpha_0.2,0.5451673055008806,0.703946606355984,0.7043871205889629,False,fr,0.6677966101694915
deberta_full_klu_maternn_kappa=3.0_nu=2.0_alpha_0.3,0.5447011291826376,0.7040257585331318,0.7044660044536458,False,fr,0.6677966101694915
deberta_full_klu_maternn_kappa=3.0_nu=2.0_alpha_0.4,0.5442867502330881,0.7033395929713644,0.7037821648768334,False,fr,0.6677966101694915
deberta_full_klu_maternn_kappa=3.0_nu=2.0_alpha_0.5,0.5439241686522325,0.7023976977941155,0.7028434625645923,False,fr,0.6677966101694915
deberta_full_klu_maternn_kappa=3.0_nu=2.0_alpha_0.6,0.5424220449601161,0.7009236106652462,0.7013743723412444,False,fr,0.6677966101694915
deberta_full_klu_maternn_kappa=3.0_nu=2.0_alpha_0.7,0.5411271107427742,0.7003992816216815,0.7008518206842681,False,fr,0.6677966101694915
deberta_full_klu_maternn_kappa=3.0_nu=2.0_alpha_0.8,0.5391588107324148,0.6996244504098073,0.7000796160188749,False,fr,0.6677966101694915
deberta_full_klu_maternn_kappa=3.0_nu=2.0_alpha_0.9,0.5375012949342173,0.6987915067519196,0.6992494958988105,False,fr,0.6677966101694915
deberta_full_klu_maternn_kappa=3.0_nu=2.0_alpha_1.0,0.5,0.6696469989398978,0.6702037830285245,False,fr,0.6677966101694915
deberta_full_klu_matern_kappa=3.0_nu=3.0_alpha_0.0,0.5462550502434477,0.7047203919838079,0.7051582832146585,False,fr,0.6677966101694915
deberta_full_klu_matern_kappa=3.0_nu=3.0_alpha_0.1,0.5435097897026832,0.7034642849808836,0.7039064342015747,False,fr,0.6677966101694915
deberta_full_klu_matern_kappa=3.0_nu=3.0_alpha_0.2,0.5428364239096655,0.7030137247073859,0.7034574012510381,False,fr,0.6677966101694915
deberta_full_klu_matern_kappa=3.0_nu=3.0_alpha_0.3,0.5412825028488553,0.7016494232712517,0.7020977245655348,False,fr,0.6677966101694915
deberta_full_klu_matern_kappa=3.0_nu=3.0_alpha_0.4,0.5414378949549363,0.7011855387265744,0.7016354125108394,False,fr,0.6677966101694915
deberta_full_klu_matern_kappa=3.0_nu=3.0_alpha_0.5,0.5412825028488553,0.7016967040374416,0.7021448450579408,False,fr,0.6677966101694915
deberta_full_klu_matern_kappa=3.0_nu=3.0_alpha_0.6,0.5404019475810629,0.7011158850524536,0.7015659949508681,False,fr,0.6677966101694915
deberta_full_klu_matern_kappa=3.0_nu=3.0_alpha_0.7,0.5401947581062881,0.7009384195611251,0.7013891310374764,False,fr,0.6677966101694915
deberta_full_klu_matern_kappa=3.0_nu=3.0_alpha_0.8,0.5401429607375946,0.7009402079621363,0.7013909133761113,False,fr,0.6677966101694915
deberta_full_klu_matern_kappa=3.0_nu=3.0_alpha_0.9,0.5398839738941262,0.7005580109158466,0.7010100119130294,False,fr,0.6677966101694915
deberta_full_klu_matern_kappa=3.0_nu=3.0_alpha_1.0,0.5,0.6696469989398978,0.6702037830285245,False,fr,0.6677966101694915
deberta_full_klu_maternn_kappa=3.0_nu=3.0_alpha_0.0,0.5462550502434477,0.7047203919838079,0.7051582832146585,False,fr,0.6677966101694915
deberta_full_klu_maternn_kappa=3.0_nu=3.0_alpha_0.1,0.5454780897130427,0.7045746315328152,0.7050130168668894,False,fr,0.6677966101694915
deberta_full_klu_maternn_kappa=3.0_nu=3.0_alpha_0.2,0.5444421423391692,0.703662016794817,0.7041034957381728,False,fr,0.6677966101694915
deberta_full_klu_maternn_kappa=3.0_nu=3.0_alpha_0.3,0.5441313581270072,0.7037453706349408,0.7041865670229063,False,fr,0.6677966101694915
deberta_full_klu_maternn_kappa=3.0_nu=3.0_alpha_0.4,0.5436651818087641,0.7031092220676225,0.7035525748914092,False,fr,0.6677966101694915
deberta_full_klu_maternn_kappa=3.0_nu=3.0_alpha_0.5,0.5435097897026832,0.7028287190294734,0.7032730227110168,False,fr,0.6677966101694915
deberta_full_klu_maternn_kappa=3.0_nu=3.0_alpha_0.6,0.5420594633792604,0.7015466553318663,0.7019953049920455,False,fr,0.6677966101694915
deberta_full_klu_maternn_kappa=3.0_nu=3.0_alpha_0.7,0.5406609344245312,0.7003469587073039,0.700799675135702,False,fr,0.6677966101694915
deberta_full_klu_maternn_kappa=3.0_nu=3.0_alpha_0.8,0.5396767844193515,0.6998959727512066,0.7003502179455576,False,fr,0.6677966101694915
deberta_full_klu_maternn_kappa=3.0_nu=3.0_alpha_0.9,0.5382264580959287,0.6991657822331938,0.6996225026496399,False,fr,0.6677966101694915
deberta_full_klu_maternn_kappa=3.0_nu=3.0_alpha_1.0,0.5,0.6696469989398978,0.6702037830285245,False,fr,0.6677966101694915
