method,auroc,auarc,prr,is_blackbox,language,accuracy
heat_t=0.1_kernel_entropy_s,0.5514162561576355,0.8065852975250418,0.8068789756316792,True,en,0.7864406779661017
heat_t=0.1_kernel_entropy,0.5514162561576355,0.8065852975250418,0.8068789756316792,True,en,0.7864406779661017
heatn_t=0.1_kernel_entropy_s,0.3934729064039409,0.7043758942293139,0.7033211296352588,True,en,0.7864406779661017
heatn_t=0.1_kernel_entropy,0.3934729064039409,0.7043758942293139,0.7033211296352588,True,en,0.7864406779661017
heat_t=0.2_kernel_entropy_s,0.5525451559934318,0.8074667998434755,0.8077574898066604,True,en,0.7864406779661017
heat_t=0.2_kernel_entropy,0.5525451559934318,0.8074667998434755,0.8077574898066604,True,en,0.7864406779661017
heatn_t=0.2_kernel_entropy_s,0.3935755336617406,0.7042982491899086,0.7032437477993768,True,en,0.7864406779661017
heatn_t=0.2_kernel_entropy,0.3935755336617406,0.7042982491899086,0.7032437477993768,True,en,0.7864406779661017
heat_t=0.3_kernel_entropy_s,0.5526135741652982,0.8068506793823225,0.8071434578894436,True,en,0.7864406779661017
heat_t=0.3_kernel_entropy,0.5526819923371646,0.8068630420775641,0.8071557786772438,True,en,0.7864406779661017
heatn_t=0.3_kernel_entropy_s,0.3941912972085386,0.7051958155347331,0.7041382715464223,True,en,0.7864406779661017
heatn_t=0.3_kernel_entropy,0.3941912972085386,0.7051958155347331,0.7041382715464223,True,en,0.7864406779661017
heat_t=0.4_kernel_entropy_s,0.5521688560481663,0.8079827187146171,0.8082716598002727,True,en,0.7864406779661017
heat_t=0.4_kernel_entropy,0.5519293924466337,0.807839985739804,0.8081294106660523,True,en,0.7864406779661017
heatn_t=0.4_kernel_entropy_s,0.39254926108374383,0.7058759427644334,0.7048160932600899,True,en,0.7864406779661017
heatn_t=0.4_kernel_entropy,0.39254926108374383,0.7058759427644334,0.7048160932600899,True,en,0.7864406779661017
heat_t=0.5_kernel_entropy_s,0.5518951833607006,0.80932544623466,0.8096098357016036,True,en,0.7864406779661017
heat_t=0.5_kernel_entropy,0.5518951833607006,0.80932544623466,0.8096098357016036,True,en,0.7864406779661017
heatn_t=0.5_kernel_entropy_s,0.3922071702244116,0.7068274454258487,0.7057643704887546,True,en,0.7864406779661017
heatn_t=0.5_kernel_entropy,0.3922071702244116,0.7068274454258487,0.7057643704887546,True,en,0.7864406779661017
heat_t=0.6_kernel_entropy_s,0.5532293377120963,0.8100141951491878,0.8102962498740482,True,en,0.7864406779661017
heat_t=0.6_kernel_entropy,0.5534003831417624,0.8100493515652609,0.8103312871158296,True,en,0.7864406779661017
heatn_t=0.6_kernel_entropy_s,0.3920361247947455,0.7080429875075245,0.7069757920887976,True,en,0.7864406779661017
heatn_t=0.6_kernel_entropy,0.3920361247947455,0.7080429875075245,0.7069757920887976,True,en,0.7864406779661017
heat_t=0.7_kernel_entropy_s,0.550595238095238,0.8067550084041,0.8070481112196217,True,en,0.7864406779661017
heat_t=0.7_kernel_entropy,0.5505268199233717,0.8067377426145353,0.8070309039581575,True,en,0.7864406779661017
heatn_t=0.7_kernel_entropy_s,0.39090722495894914,0.7107235049734406,0.7096472230548292,True,en,0.7864406779661017
heatn_t=0.7_kernel_entropy,0.39090722495894914,0.7107235049734406,0.7096472230548292,True,en,0.7864406779661017
matern_kappa=1.0_nu=1.0_kernel_entropy_s,0.5544608648056923,0.8135706532215407,0.8138406521563253,True,en,0.7864406779661017
matern_kappa=1.0_nu=1.0_kernel_entropy,0.5544608648056923,0.8135706532215407,0.8138406521563253,True,en,0.7864406779661017
maternn_kappa=1.0_nu=1.0_kernel_entropy_s,0.39032567049808425,0.7087757308209606,0.7077060515265948,True,en,0.7864406779661017
maternn_kappa=1.0_nu=1.0_kernel_entropy,0.39032567049808425,0.7087757308209606,0.7077060515265948,True,en,0.7864406779661017
matern_kappa=1.0_nu=2.0_kernel_entropy_s,0.5545634920634921,0.8112092067273715,0.8114872105655262,True,en,0.7864406779661017
matern_kappa=1.0_nu=2.0_kernel_entropy,0.5546319102353584,0.8112092067273715,0.8114872105655262,True,en,0.7864406779661017
maternn_kappa=1.0_nu=2.0_kernel_entropy_s,0.3909414340448823,0.7069390753160394,0.7058756219725375,True,en,0.7864406779661017
maternn_kappa=1.0_nu=2.0_kernel_entropy,0.3909414340448823,0.7069390753160394,0.7058756219725375,True,en,0.7864406779661017
matern_kappa=1.0_nu=3.0_kernel_entropy_s,0.5521688560481665,0.8098462202991966,0.8101288444303283,True,en,0.7864406779661017
matern_kappa=1.0_nu=3.0_kernel_entropy,0.5522030651340997,0.8098462202991966,0.8101288444303283,True,en,0.7864406779661017
maternn_kappa=1.0_nu=3.0_kernel_entropy_s,0.3923440065681445,0.7064386394335911,0.7053768824829113,True,en,0.7864406779661017
maternn_kappa=1.0_nu=3.0_kernel_entropy,0.3923440065681445,0.7064386394335911,0.7053768824829113,True,en,0.7864406779661017
matern_kappa=2.0_nu=1.0_kernel_entropy_s,0.5460796387520526,0.8081800054162018,0.8084682777333776,True,en,0.7864406779661017
matern_kappa=2.0_nu=1.0_kernel_entropy,0.5460796387520526,0.8081800054162018,0.8084682777333776,True,en,0.7864406779661017
maternn_kappa=2.0_nu=1.0_kernel_entropy_s,0.3996989600437877,0.7321062800569251,0.7309575141549797,True,en,0.7864406779661017
maternn_kappa=2.0_nu=1.0_kernel_entropy,0.3996989600437877,0.7321062800569251,0.7309575141549797,True,en,0.7864406779661017
matern_kappa=2.0_nu=2.0_kernel_entropy_s,0.5435139573070609,0.8052864912574436,0.8055845720971914,True,en,0.7864406779661017
matern_kappa=2.0_nu=2.0_kernel_entropy,0.5435823754789273,0.8053242841523793,0.8056222368806188,True,en,0.7864406779661017
maternn_kappa=2.0_nu=2.0_kernel_entropy_s,0.395935960591133,0.7372193981667288,0.7377482149152588,True,en,0.7864406779661017
maternn_kappa=2.0_nu=2.0_kernel_entropy,0.395935960591133,0.7372193981667288,0.7377482149152588,True,en,0.7864406779661017
matern_kappa=2.0_nu=3.0_kernel_entropy_s,0.537595785440613,0.8019558363460256,0.8022652075414053,True,en,0.7864406779661017
matern_kappa=2.0_nu=3.0_kernel_entropy,0.5378694581280788,0.8019558363460256,0.8022652075414053,True,en,0.7864406779661017
maternn_kappa=2.0_nu=3.0_kernel_entropy_s,0.3993910782703886,0.7433000457793127,0.7438082501630543,True,en,0.7864406779661017
maternn_kappa=2.0_nu=3.0_kernel_entropy,0.3994594964422551,0.7433000457793127,0.7438082501630543,True,en,0.7864406779661017
matern_kappa=3.0_nu=1.0_kernel_entropy_s,0.5341406677613574,0.8006714673384943,0.8009851923271198,True,en,0.7864406779661017
matern_kappa=3.0_nu=1.0_kernel_entropy,0.5341064586754241,0.8006232788224853,0.8009371671620127,True,en,0.7864406779661017
maternn_kappa=3.0_nu=1.0_kernel_entropy_s,0.4220032840722496,0.7570413363477563,0.7558080448312657,True,en,0.7864406779661017
maternn_kappa=3.0_nu=1.0_kernel_entropy,0.4220032840722496,0.7570413363477563,0.7558080448312657,True,en,0.7864406779661017
matern_kappa=3.0_nu=2.0_kernel_entropy_s,0.5287698412698412,0.7947617692575004,0.7950955271209768,True,en,0.7864406779661017
matern_kappa=3.0_nu=2.0_kernel_entropy,0.5287698412698413,0.7947617692575004,0.7950955271209768,True,en,0.7864406779661017
maternn_kappa=3.0_nu=2.0_kernel_entropy_s,0.5059181718664478,0.7912097489331769,0.7898606322892779,True,en,0.7864406779661017
maternn_kappa=3.0_nu=2.0_kernel_entropy,0.505815544608648,0.7910595400757092,0.7897109326143781,True,en,0.7864406779661017
matern_kappa=3.0_nu=3.0_kernel_entropy_s,0.5211754241926655,0.7902956960470726,0.7906445931417708,True,en,0.7864406779661017
matern_kappa=3.0_nu=3.0_kernel_entropy,0.5209701696770662,0.7900903804846968,0.7904399735643522,True,en,0.7864406779661017
maternn_kappa=3.0_nu=3.0_kernel_entropy_s,0.516215106732348,0.7862588608190236,0.7849265268466983,True,en,0.7864406779661017
maternn_kappa=3.0_nu=3.0_kernel_entropy,0.5162493158182813,0.7862588608190236,0.7849265268466983,True,en,0.7864406779661017
weighted_heat_t=0.1_kernel_entropy_s,0.5840175150519977,0.8165797265556394,0.816839525241834,True,en,0.7864406779661017
weighted_heat_t=0.1_kernel_entropy,0.5840175150519977,0.8165797265556394,0.816839525241834,True,en,0.7864406779661017
weighted_heatn_t=0.1_kernel_entropy_s,0.4258689107827039,0.7478993508862553,0.74669704915099,True,en,0.7864406779661017
weighted_heatn_t=0.1_kernel_entropy,0.4258689107827039,0.7478993508862553,0.74669704915099,True,en,0.7864406779661017
weighted_heat_t=0.2_kernel_entropy_s,0.5822044334975369,0.8148111709455819,0.8150769647355393,True,en,0.7864406779661017
weighted_heat_t=0.2_kernel_entropy,0.5822386425834701,0.8148455281227962,0.8151112054477461,True,en,0.7864406779661017
weighted_heatn_t=0.2_kernel_entropy_s,0.4261083743842364,0.747446755845195,0.7462459883304081,True,en,0.7864406779661017
weighted_heatn_t=0.2_kernel_entropy,0.4261083743842364,0.747446755845195,0.7462459883304081,True,en,0.7864406779661017
weighted_heat_t=0.3_kernel_entropy_s,0.5777572523262178,0.8138047396475643,0.8140739450690404,True,en,0.7864406779661017
weighted_heat_t=0.3_kernel_entropy,0.5777572523262179,0.8138047396475643,0.8140739450690404,True,en,0.7864406779661017
weighted_heatn_t=0.3_kernel_entropy_s,0.42556102900930487,0.7466153800721849,0.7454174307803573,True,en,0.7864406779661017
weighted_heatn_t=0.3_kernel_entropy,0.42556102900930487,0.7466153800721849,0.7454174307803573,True,en,0.7864406779661017
weighted_heat_t=0.4_kernel_entropy_s,0.5681787082649151,0.8090164383988567,0.8093018753499895,True,en,0.7864406779661017
weighted_heat_t=0.4_kernel_entropy,0.5681787082649151,0.8090164383988567,0.8093018753499895,True,en,0.7864406779661017
weighted_heatn_t=0.4_kernel_entropy_s,0.42511631089217294,0.7455342890624649,0.7443400044859246,True,en,0.7864406779661017
weighted_heatn_t=0.4_kernel_entropy,0.42511631089217294,0.7455342890624649,0.7443400044859246,True,en,0.7864406779661017
weighted_heat_t=0.5_kernel_entropy_s,0.559900109469075,0.8059440813231754,0.8062399330440564,True,en,0.7864406779661017
weighted_heat_t=0.5_kernel_entropy,0.559900109469075,0.8059440813231754,0.8062399330440564,True,en,0.7864406779661017
weighted_heatn_t=0.5_kernel_entropy_s,0.42511631089217294,0.7456850285567255,0.7444902329988486,True,en,0.7864406779661017
weighted_heatn_t=0.5_kernel_entropy,0.42511631089217294,0.7456850285567255,0.7444902329988486,True,en,0.7864406779661017
weighted_heat_t=0.6_kernel_entropy_s,0.5515530925013682,0.8030887450342588,0.8033942758612038,True,en,0.7864406779661017
weighted_heat_t=0.6_kernel_entropy,0.5515530925013682,0.8030887450342588,0.8033942758612038,True,en,0.7864406779661017
weighted_heatn_t=0.6_kernel_entropy_s,0.42501368363437336,0.7453617097827383,0.7441680102207056,True,en,0.7864406779661017
weighted_heatn_t=0.6_kernel_entropy,0.42501368363437336,0.7453617097827383,0.7441680102207056,True,en,0.7864406779661017
weighted_heat_t=0.7_kernel_entropy_s,0.5504584017515051,0.8022386328204354,0.8025470453836984,True,en,0.7864406779661017
weighted_heat_t=0.7_kernel_entropy,0.5504584017515051,0.8022386328204354,0.8025470453836984,True,en,0.7864406779661017
weighted_heatn_t=0.7_kernel_entropy_s,0.4250478927203065,0.7455367620379776,0.7460373843327067,True,en,0.7864406779661017
weighted_heatn_t=0.7_kernel_entropy,0.4250478927203065,0.7455367620379776,0.7460373843327067,True,en,0.7864406779661017
weighted_matern_kappa=1.0_nu=1.0_kernel_entropy_s,0.5796387520525451,0.8152358916107794,0.8155002456696684,True,en,0.7864406779661017
weighted_matern_kappa=1.0_nu=1.0_kernel_entropy,0.5796387520525451,0.8152358916107794,0.8155002456696684,True,en,0.7864406779661017
weighted_maternn_kappa=1.0_nu=1.0_kernel_entropy_s,0.4256978653530378,0.7455558260084356,0.746056383679536,True,en,0.7864406779661017
weighted_maternn_kappa=1.0_nu=1.0_kernel_entropy,0.4256978653530378,0.7455558260084356,0.746056383679536,True,en,0.7864406779661017
weighted_matern_kappa=1.0_nu=2.0_kernel_entropy_s,0.5779625068418173,0.8151724983303287,0.8154370672816939,True,en,0.7864406779661017
weighted_matern_kappa=1.0_nu=2.0_kernel_entropy,0.5779625068418173,0.8151724983303287,0.8154370672816939,True,en,0.7864406779661017
weighted_maternn_kappa=1.0_nu=2.0_kernel_entropy_s,0.4256978653530377,0.7460533550613626,0.7448573109390632,True,en,0.7864406779661017
weighted_maternn_kappa=1.0_nu=2.0_kernel_entropy,0.4256978653530377,0.7460533550613626,0.7448573109390632,True,en,0.7864406779661017
weighted_matern_kappa=1.0_nu=3.0_kernel_entropy_s,0.5765599343185549,0.8143285594811087,0.8145959892421323,True,en,0.7864406779661017
weighted_matern_kappa=1.0_nu=3.0_kernel_entropy,0.5765599343185549,0.8143285594811087,0.8145959892421323,True,en,0.7864406779661017
weighted_maternn_kappa=1.0_nu=3.0_kernel_entropy_s,0.4252531472359059,0.7456325384021496,0.7444379207770002,True,en,0.7864406779661017
weighted_maternn_kappa=1.0_nu=3.0_kernel_entropy,0.4252531472359059,0.7456325384021496,0.7444379207770002,True,en,0.7864406779661017
weighted_matern_kappa=2.0_nu=1.0_kernel_entropy_s,0.5700259989053093,0.8114544203942338,0.8117315929996195,True,en,0.7864406779661017
weighted_matern_kappa=2.0_nu=1.0_kernel_entropy,0.5700259989053093,0.8114544203942338,0.8117315929996195,True,en,0.7864406779661017
weighted_maternn_kappa=2.0_nu=1.0_kernel_entropy_s,0.40202517788724684,0.7370692646223505,0.7359036750439122,True,en,0.7864406779661017
weighted_maternn_kappa=2.0_nu=1.0_kernel_entropy,0.40202517788724684,0.7370692646223505,0.7359036750439122,True,en,0.7864406779661017
weighted_matern_kappa=2.0_nu=2.0_kernel_entropy_s,0.5541187739463602,0.8071059324868768,0.8073978457292367,True,en,0.7864406779661017
weighted_matern_kappa=2.0_nu=2.0_kernel_entropy,0.5541187739463602,0.8071059324868768,0.8073978457292367,True,en,0.7864406779661017
weighted_maternn_kappa=2.0_nu=2.0_kernel_entropy_s,0.3992200328407225,0.7363470973889135,0.7351839558349953,True,en,0.7864406779661017
weighted_maternn_kappa=2.0_nu=2.0_kernel_entropy,0.3992200328407225,0.7363470973889135,0.7351839558349953,True,en,0.7864406779661017
weighted_matern_kappa=2.0_nu=3.0_kernel_entropy_s,0.5489532019704433,0.8064353312434104,0.8067295177103244,True,en,0.7864406779661017
weighted_matern_kappa=2.0_nu=3.0_kernel_entropy,0.5489532019704433,0.8064353312434104,0.8067295177103244,True,en,0.7864406779661017
weighted_maternn_kappa=2.0_nu=3.0_kernel_entropy_s,0.4033251231527093,0.7376606251849612,0.7364930309944463,True,en,0.7864406779661017
weighted_maternn_kappa=2.0_nu=3.0_kernel_entropy,0.4033251231527093,0.7376606251849612,0.7364930309944463,True,en,0.7864406779661017
weighted_matern_kappa=3.0_nu=1.0_kernel_entropy_s,0.5595238095238095,0.8096183476375948,0.8099017442184269,True,en,0.7864406779661017
weighted_matern_kappa=3.0_nu=1.0_kernel_entropy,0.5595238095238095,0.8096183476375948,0.8099017442184269,True,en,0.7864406779661017
weighted_maternn_kappa=3.0_nu=1.0_kernel_entropy_s,0.4801587301587301,0.7613044722247325,0.7600567294001843,True,en,0.7864406779661017
weighted_maternn_kappa=3.0_nu=1.0_kernel_entropy,0.4801587301587301,0.7613044722247325,0.7600567294001843,True,en,0.7864406779661017
weighted_matern_kappa=3.0_nu=2.0_kernel_entropy_s,0.5456691297208539,0.8052420269170781,0.8055402584834034,True,en,0.7864406779661017
weighted_matern_kappa=3.0_nu=2.0_kernel_entropy,0.5456691297208539,0.8052420269170781,0.8055402584834034,True,en,0.7864406779661017
weighted_maternn_kappa=3.0_nu=2.0_kernel_entropy_s,0.5192939244663382,0.7898452893956134,0.7885007980382827,True,en,0.7864406779661017
weighted_maternn_kappa=3.0_nu=2.0_kernel_entropy,0.5192597153804049,0.7898452893956134,0.7885007980382827,True,en,0.7864406779661017
weighted_matern_kappa=3.0_nu=3.0_kernel_entropy_s,0.5405377668308703,0.8018554902716297,0.8021652016231939,True,en,0.7864406779661017
weighted_matern_kappa=3.0_nu=3.0_kernel_entropy,0.5405377668308703,0.8018554902716297,0.8021652016231939,True,en,0.7864406779661017
weighted_maternn_kappa=3.0_nu=3.0_kernel_entropy_s,0.5197044334975369,0.7826053224188252,0.7812853733224329,True,en,0.7864406779661017
weighted_maternn_kappa=3.0_nu=3.0_kernel_entropy,0.5197044334975369,0.7826053224188252,0.7812853733224329,True,en,0.7864406779661017
weighted_deberta_heat_t=0.1_kernel_entropy_s,0.5738232074438971,0.8162256356553921,0.816486634649723,True,en,0.7864406779661017
weighted_deberta_heat_t=0.1_kernel_entropy,0.5738232074438971,0.8162256356553921,0.816486634649723,True,en,0.7864406779661017
weighted_deberta_heatn_t=0.1_kernel_entropy_s,0.42603995621237,0.7388150002777127,0.7376434929512901,True,en,0.7864406779661017
weighted_deberta_heatn_t=0.1_kernel_entropy,0.42603995621237,0.7388150002777127,0.7376434929512901,True,en,0.7864406779661017
weighted_deberta_heat_t=0.2_kernel_entropy_s,0.575191570881226,0.816403203482002,0.8166636005514971,True,en,0.7864406779661017
weighted_deberta_heat_t=0.2_kernel_entropy,0.575191570881226,0.816403203482002,0.8166636005514971,True,en,0.7864406779661017
weighted_deberta_heatn_t=0.2_kernel_entropy_s,0.4265873015873016,0.7396038263727229,0.7384296450595375,True,en,0.7864406779661017
weighted_deberta_heatn_t=0.2_kernel_entropy,0.4265873015873016,0.7396038263727229,0.7384296450595375,True,en,0.7864406779661017
weighted_deberta_heat_t=0.3_kernel_entropy_s,0.5706075533661741,0.8131367309840275,0.8134082008416512,True,en,0.7864406779661017
weighted_deberta_heat_t=0.3_kernel_entropy,0.5706075533661741,0.8131367309840275,0.8134082008416512,True,en,0.7864406779661017
weighted_deberta_heatn_t=0.3_kernel_entropy_s,0.4269978106185003,0.7406891102581071,0.7395112500164968,True,en,0.7864406779661017
weighted_deberta_heatn_t=0.3_kernel_entropy,0.4269978106185003,0.7406891102581071,0.7395112500164968,True,en,0.7864406779661017
weighted_deberta_heat_t=0.4_kernel_entropy_s,0.5644499178981938,0.8077602554285128,0.8080499506270029,True,en,0.7864406779661017
weighted_deberta_heat_t=0.4_kernel_entropy,0.5644499178981938,0.8077602554285128,0.8080499506270029,True,en,0.7864406779661017
weighted_deberta_heatn_t=0.4_kernel_entropy_s,0.4268609742747673,0.7414526991611916,0.7402722504826216,True,en,0.7864406779661017
weighted_deberta_heatn_t=0.4_kernel_entropy,0.4268609742747673,0.7414526991611916,0.7402722504826216,True,en,0.7864406779661017
weighted_deberta_heat_t=0.5_kernel_entropy_s,0.5566502463054186,0.8027331109126152,0.8030398472789557,True,en,0.7864406779661017
weighted_deberta_heat_t=0.5_kernel_entropy,0.5566502463054186,0.8027331109126152,0.8030398472789557,True,en,0.7864406779661017
weighted_deberta_heatn_t=0.5_kernel_entropy_s,0.42713464696223313,0.7424431163816508,0.7412593103565709,True,en,0.7864406779661017
weighted_deberta_heatn_t=0.5_kernel_entropy,0.42713464696223313,0.7424431163816508,0.7412593103565709,True,en,0.7864406779661017
weighted_deberta_heat_t=0.6_kernel_entropy_s,0.5475506294471811,0.797474488681703,0.7977990508861144,True,en,0.7864406779661017
weighted_deberta_heat_t=0.6_kernel_entropy,0.5475506294471811,0.797474488681703,0.7977990508861144,True,en,0.7864406779661017
weighted_deberta_heatn_t=0.6_kernel_entropy_s,0.42651888341543515,0.7436643314633297,0.7424763857261084,True,en,0.7864406779661017
weighted_deberta_heatn_t=0.6_kernel_entropy,0.42651888341543515,0.7436643314633297,0.7424763857261084,True,en,0.7864406779661017
weighted_deberta_heat_t=0.7_kernel_entropy_s,0.5409824849480022,0.7939341867299036,0.7942707499578804,True,en,0.7864406779661017
weighted_deberta_heat_t=0.7_kernel_entropy,0.5409824849480022,0.7939341867299036,0.7942707499578804,True,en,0.7864406779661017
weighted_deberta_heatn_t=0.7_kernel_entropy_s,0.4255952380952381,0.7442515827832462,0.7430616463635846,True,en,0.7864406779661017
weighted_deberta_heatn_t=0.7_kernel_entropy,0.4255952380952381,0.7442515827832462,0.7430616463635846,True,en,0.7864406779661017
weighted_deberta_matern_kappa=1.0_nu=1.0_kernel_entropy_s,0.5701286261631089,0.8136864105612807,0.8139560170983037,True,en,0.7864406779661017
weighted_deberta_matern_kappa=1.0_nu=1.0_kernel_entropy,0.5701286261631089,0.8136864105612807,0.8139560170983037,True,en,0.7864406779661017
weighted_deberta_maternn_kappa=1.0_nu=1.0_kernel_entropy_s,0.427408319649699,0.7464230745387614,0.7452257771300979,True,en,0.7864406779661017
weighted_deberta_maternn_kappa=1.0_nu=1.0_kernel_entropy,0.427408319649699,0.7464230745387614,0.7452257771300979,True,en,0.7864406779661017
weighted_deberta_matern_kappa=1.0_nu=2.0_kernel_entropy_s,0.5684865900383141,0.8120038759133222,0.8122791859576265,True,en,0.7864406779661017
weighted_deberta_matern_kappa=1.0_nu=2.0_kernel_entropy,0.5684865900383141,0.8120038759133222,0.8122791859576265,True,en,0.7864406779661017
weighted_deberta_maternn_kappa=1.0_nu=2.0_kernel_entropy_s,0.4276477832512315,0.7457247525910702,0.7445298223754496,True,en,0.7864406779661017
weighted_deberta_maternn_kappa=1.0_nu=2.0_kernel_entropy,0.4276477832512315,0.7457247525910702,0.7445298223754496,True,en,0.7864406779661017
weighted_deberta_matern_kappa=1.0_nu=3.0_kernel_entropy_s,0.5665708812260536,0.8107686326650243,0.811048129974577,True,en,0.7864406779661017
weighted_deberta_matern_kappa=1.0_nu=3.0_kernel_entropy,0.5665708812260536,0.8107686326650243,0.811048129974577,True,en,0.7864406779661017
weighted_deberta_maternn_kappa=1.0_nu=3.0_kernel_entropy_s,0.4271346469622331,0.7441599571826338,0.7429703313582284,True,en,0.7864406779661017
weighted_deberta_maternn_kappa=1.0_nu=3.0_kernel_entropy,0.4271346469622331,0.7441599571826338,0.7429703313582284,True,en,0.7864406779661017
weighted_deberta_matern_kappa=2.0_nu=1.0_kernel_entropy_s,0.5506978653530377,0.8032729450997291,0.8035778515196728,True,en,0.7864406779661017
weighted_deberta_matern_kappa=2.0_nu=1.0_kernel_entropy,0.5506978653530377,0.8032729450997291,0.8035778515196728,True,en,0.7864406779661017
weighted_deberta_maternn_kappa=2.0_nu=1.0_kernel_entropy_s,0.40161466885604813,0.7484794455516619,0.7472751773938021,True,en,0.7864406779661017
weighted_deberta_maternn_kappa=2.0_nu=1.0_kernel_entropy,0.40161466885604813,0.7484794455516619,0.7472751773938021,True,en,0.7864406779661017
weighted_deberta_matern_kappa=2.0_nu=2.0_kernel_entropy_s,0.5366037219485496,0.7938482639115199,0.7941851184032876,True,en,0.7864406779661017
weighted_deberta_matern_kappa=2.0_nu=2.0_kernel_entropy,0.5366037219485496,0.7938482639115199,0.7941851184032876,True,en,0.7864406779661017
weighted_deberta_maternn_kappa=2.0_nu=2.0_kernel_entropy_s,0.39730432402846194,0.7458095674490248,0.7446143497254113,True,en,0.7864406779661017
weighted_deberta_maternn_kappa=2.0_nu=2.0_kernel_entropy,0.39730432402846194,0.7458095674490248,0.7446143497254113,True,en,0.7864406779661017
weighted_deberta_matern_kappa=2.0_nu=3.0_kernel_entropy_s,0.5234674329501915,0.7865303218571098,0.7868919829321128,True,en,0.7864406779661017
weighted_deberta_matern_kappa=2.0_nu=3.0_kernel_entropy,0.5234674329501915,0.7865303218571098,0.7868919829321128,True,en,0.7864406779661017
weighted_deberta_maternn_kappa=2.0_nu=3.0_kernel_entropy_s,0.399288451012589,0.7473572806666813,0.7461568164575841,True,en,0.7864406779661017
weighted_deberta_maternn_kappa=2.0_nu=3.0_kernel_entropy,0.399288451012589,0.7473572806666813,0.7461568164575841,True,en,0.7864406779661017
weighted_deberta_matern_kappa=3.0_nu=1.0_kernel_entropy_s,0.5373563218390804,0.7968492694869072,0.7971759510784195,True,en,0.7864406779661017
weighted_deberta_matern_kappa=3.0_nu=1.0_kernel_entropy,0.5373563218390804,0.7968492694869072,0.7971759510784195,True,en,0.7864406779661017
weighted_deberta_maternn_kappa=3.0_nu=1.0_kernel_entropy_s,0.4755062944718117,0.7695226602206993,0.7699419743859952,True,en,0.7864406779661017
weighted_deberta_maternn_kappa=3.0_nu=1.0_kernel_entropy,0.4755062944718117,0.7695226602206993,0.7699419743859952,True,en,0.7864406779661017
weighted_deberta_matern_kappa=3.0_nu=2.0_kernel_entropy_s,0.5107416529830322,0.7823869667989996,0.7827626731453863,True,en,0.7864406779661017
weighted_deberta_matern_kappa=3.0_nu=2.0_kernel_entropy,0.5107416529830322,0.7823869667989996,0.7827626731453863,True,en,0.7864406779661017
weighted_deberta_maternn_kappa=3.0_nu=2.0_kernel_entropy_s,0.4887794198139026,0.772124120006501,0.7725346156640486,True,en,0.7864406779661017
weighted_deberta_maternn_kappa=3.0_nu=2.0_kernel_entropy,0.4887794198139026,0.772124120006501,0.7725346156640486,True,en,0.7864406779661017
weighted_deberta_matern_kappa=3.0_nu=3.0_kernel_entropy_s,0.49438970990695125,0.7754771942007637,0.7758763235051104,True,en,0.7864406779661017
weighted_deberta_matern_kappa=3.0_nu=3.0_kernel_entropy,0.49438970990695125,0.7754771942007637,0.7758763235051104,True,en,0.7864406779661017
weighted_deberta_maternn_kappa=3.0_nu=3.0_kernel_entropy_s,0.5004447181171319,0.7791239529773362,0.779510720387525,True,en,0.7864406779661017
weighted_deberta_maternn_kappa=3.0_nu=3.0_kernel_entropy,0.5004447181171319,0.7791239529773362,0.779510720387525,True,en,0.7864406779661017
semantic_kernel_heat_t=0.1_alpha_0.0,0.5426929392446633,0.7802259823903988,0.7806090141076618,False,en,0.7864406779661017
semantic_kernel_heat_t=0.1_alpha_0.1,0.5445402298850575,0.7814582072381886,0.7818370619220696,False,en,0.7864406779661017
semantic_kernel_heat_t=0.1_alpha_0.2,0.5431718664477285,0.7818937079067545,0.7822710863171827,False,en,0.7864406779661017
semantic_kernel_heat_t=0.1_alpha_0.3,0.5433771209633279,0.7810418347706096,0.7814221008865839,False,en,0.7864406779661017
semantic_kernel_heat_t=0.1_alpha_0.4,0.5435139573070608,0.7784550589193207,0.7771491785127571,False,en,0.7864406779661017
semantic_kernel_heat_t=0.1_alpha_0.5,0.546592775041051,0.7827974827809798,0.7831717975477664,False,en,0.7864406779661017
semantic_kernel_heat_t=0.1_alpha_0.6,0.5506294471811713,0.7859258076097728,0.7862895178856144,False,en,0.7864406779661017
semantic_kernel_heat_t=0.1_alpha_0.7,0.5487821565407771,0.7881777241335102,0.7885338007940171,False,en,0.7864406779661017
semantic_kernel_heat_t=0.1_alpha_0.8,0.5424192665571975,0.7778752406771428,0.776571325756146,False,en,0.7864406779661017
semantic_kernel_heat_t=0.1_alpha_0.9,0.5418035030103996,0.7857786013847744,0.7861428106647685,False,en,0.7864406779661017
semantic_kernel_heat_t=0.1_alpha_1.0,0.542316639299398,0.7879963352423551,0.7883530267804592,False,en,0.7864406779661017
semantic_kernel_heatn_t=0.1_alpha_0.0,0.5426929392446633,0.7802259823903988,0.7806090141076618,False,en,0.7864406779661017
semantic_kernel_heatn_t=0.1_alpha_0.1,0.5441297208538587,0.7812885125708711,0.7816679424909123,False,en,0.7864406779661017
semantic_kernel_heatn_t=0.1_alpha_0.2,0.5422140120415982,0.7807425057320752,0.7811237865227565,False,en,0.7864406779661017
semantic_kernel_heatn_t=0.1_alpha_0.3,0.5418035030103996,0.7800410213143502,0.7804246800183119,False,en,0.7864406779661017
semantic_kernel_heatn_t=0.1_alpha_0.4,0.5412561576354679,0.7778892627419579,0.7765853002885378,False,en,0.7864406779661017
semantic_kernel_heatn_t=0.1_alpha_0.5,0.5408456486042693,0.780001626873073,0.7803854191175136,False,en,0.7864406779661017
semantic_kernel_heatn_t=0.1_alpha_0.6,0.5406403940886699,0.7803579395571956,0.7807405239620289,False,en,0.7864406779661017
semantic_kernel_heatn_t=0.1_alpha_0.7,0.5416666666666666,0.7858930225758131,0.7862568439873631,False,en,0.7864406779661017
semantic_kernel_heatn_t=0.1_alpha_0.8,0.5407088122605362,0.7760249741283142,0.7747273312973132,False,en,0.7864406779661017
semantic_kernel_heatn_t=0.1_alpha_0.9,0.5420771756978653,0.7864500002760398,0.7868119336275889,False,en,0.7864406779661017
semantic_kernel_heatn_t=0.1_alpha_1.0,0.5401614668856048,0.7846728785203317,0.7850408360134257,False,en,0.7864406779661017
semantic_kernel_heat_t=0.2_alpha_0.0,0.5426929392446633,0.7802259823903988,0.7806090141076618,False,en,0.7864406779661017
semantic_kernel_heat_t=0.2_alpha_0.1,0.544471811713191,0.7815723877118621,0.7819508553432899,False,en,0.7864406779661017
semantic_kernel_heat_t=0.2_alpha_0.2,0.5443349753694581,0.7825133731428207,0.7828886509931265,False,en,0.7864406779661017
semantic_kernel_heat_t=0.2_alpha_0.3,0.5440613026819923,0.7813565775620399,0.7817357767532976,False,en,0.7864406779661017
semantic_kernel_heat_t=0.2_alpha_0.4,0.5457717569786534,0.7802637170710185,0.7789517056198729,False,en,0.7864406779661017
semantic_kernel_heat_t=0.2_alpha_0.5,0.548576902025178,0.7838957173800314,0.7842663093176687,False,en,0.7864406779661017
semantic_kernel_heat_t=0.2_alpha_0.6,0.5474137931034483,0.7839328910418392,0.7843033569670635,False,en,0.7864406779661017
semantic_kernel_heat_t=0.2_alpha_0.7,0.5457717569786535,0.7915959262516304,0.7919404157863131,False,en,0.7864406779661017
semantic_kernel_heat_t=0.2_alpha_0.8,0.5435139573070606,0.7818379883911208,0.7805206404270258,False,en,0.7864406779661017
semantic_kernel_heat_t=0.2_alpha_0.9,0.5444033935413246,0.7886150534822961,0.7889696476704342,False,en,0.7864406779661017
semantic_kernel_heat_t=0.2_alpha_1.0,0.5468322386425835,0.7911441774129256,0.791490198299604,False,en,0.7864406779661017
semantic_kernel_heatn_t=0.2_alpha_0.0,0.5426929392446633,0.7802259823903988,0.7806090141076618,False,en,0.7864406779661017
semantic_kernel_heatn_t=0.2_alpha_0.1,0.5441297208538587,0.7812885125708711,0.7816679424909123,False,en,0.7864406779661017
semantic_kernel_heatn_t=0.2_alpha_0.2,0.5422140120415982,0.7807425057320752,0.7811237865227565,False,en,0.7864406779661017
semantic_kernel_heatn_t=0.2_alpha_0.3,0.5418035030103996,0.7800410213143502,0.7804246800183119,False,en,0.7864406779661017
semantic_kernel_heatn_t=0.2_alpha_0.4,0.5412561576354679,0.7778892627419579,0.7765853002885378,False,en,0.7864406779661017
semantic_kernel_heatn_t=0.2_alpha_0.5,0.5407772304324029,0.779974844506583,0.7803587275387065,False,en,0.7864406779661017
semantic_kernel_heatn_t=0.2_alpha_0.6,0.5405035577449371,0.7802381326777029,0.7806211232075515,False,en,0.7864406779661017
semantic_kernel_heatn_t=0.2_alpha_0.7,0.5414614121510674,0.7858461217749092,0.7862101021722249,False,en,0.7864406779661017
semantic_kernel_heatn_t=0.2_alpha_0.8,0.5409140667761356,0.7762075076395372,0.7749092460508711,False,en,0.7864406779661017
semantic_kernel_heatn_t=0.2_alpha_0.9,0.5410509031198687,0.7848226199042274,0.78519006979941,False,en,0.7864406779661017
semantic_kernel_heatn_t=0.2_alpha_1.0,0.5403667214012041,0.7847901504850893,0.7851577104460994,False,en,0.7864406779661017
semantic_kernel_heat_t=0.3_alpha_0.0,0.5426929392446633,0.7802259823903988,0.7806090141076618,False,en,0.7864406779661017
semantic_kernel_heat_t=0.3_alpha_0.1,0.5444718117131909,0.781671605203154,0.7820497365041027,False,en,0.7864406779661017
semantic_kernel_heat_t=0.3_alpha_0.2,0.5444033935413245,0.7817431890224467,0.782121077666381,False,en,0.7864406779661017
semantic_kernel_heat_t=0.3_alpha_0.3,0.5442665571975916,0.782069477454647,0.7824462600360993,False,en,0.7864406779661017
semantic_kernel_heat_t=0.3_alpha_0.4,0.546319102353585,0.7779737541464312,0.7766695052814706,False,en,0.7864406779661017
semantic_kernel_heat_t=0.3_alpha_0.5,0.5476190476190476,0.7847243775249987,0.7850921604451956,False,en,0.7864406779661017
semantic_kernel_heat_t=0.3_alpha_0.6,0.5467296113847838,0.7837076106104514,0.784078840198155,False,en,0.7864406779661017
semantic_kernel_heat_t=0.3_alpha_0.7,0.5462506841817186,0.7880933327360187,0.7884496954690595,False,en,0.7864406779661017
semantic_kernel_heat_t=0.3_alpha_0.8,0.5450191570881225,0.780454503879177,0.7791418456930884,False,en,0.7864406779661017
semantic_kernel_heat_t=0.3_alpha_0.9,0.5448823207443897,0.7912473385007106,0.7915930096887863,False,en,0.7864406779661017
semantic_kernel_heat_t=0.3_alpha_1.0,0.54477969348659,0.7909686203577417,0.7913152363530818,False,en,0.7864406779661017
semantic_kernel_heatn_t=0.3_alpha_0.0,0.5426929392446633,0.7802259823903988,0.7806090141076618,False,en,0.7864406779661017
semantic_kernel_heatn_t=0.3_alpha_0.1,0.5441297208538587,0.7812885125708711,0.7816679424909123,False,en,0.7864406779661017
semantic_kernel_heatn_t=0.3_alpha_0.2,0.5422140120415981,0.780722149703674,0.7811034994978414,False,en,0.7864406779661017
semantic_kernel_heatn_t=0.3_alpha_0.3,0.541735084838533,0.7800055904753479,0.7803893692838486,False,en,0.7864406779661017
semantic_kernel_heatn_t=0.3_alpha_0.4,0.5411877394636014,0.7778717299556475,0.7765678269354014,False,en,0.7864406779661017
semantic_kernel_heatn_t=0.3_alpha_0.5,0.5405719759168035,0.7798302505485835,0.7802146237297173,False,en,0.7864406779661017
semantic_kernel_heatn_t=0.3_alpha_0.6,0.5404351395730707,0.780378625993255,0.7807611402745763,False,en,0.7864406779661017
semantic_kernel_heatn_t=0.3_alpha_0.7,0.5418035030103995,0.7861240839573429,0.7864871221099724,False,en,0.7864406779661017
semantic_kernel_heatn_t=0.3_alpha_0.8,0.5398193760262724,0.7776089006344638,0.7780008038153065,False,en,0.7864406779661017
semantic_kernel_heatn_t=0.3_alpha_0.9,0.5416666666666666,0.7850678928428696,0.7854345113043618,False,en,0.7864406779661017
semantic_kernel_heatn_t=0.3_alpha_1.0,0.5401614668856047,0.7863130093482217,0.7866754070757973,False,en,0.7864406779661017
semantic_kernel_heat_t=0.4_alpha_0.0,0.5426929392446633,0.7802259823903988,0.7806090141076618,False,en,0.7864406779661017
semantic_kernel_heat_t=0.4_alpha_0.1,0.5450191570881227,0.7818679434155249,0.7822454091632114,False,en,0.7864406779661017
semantic_kernel_heat_t=0.4_alpha_0.2,0.5441981390257252,0.7815415081848204,0.781920080492611,False,en,0.7864406779661017
semantic_kernel_heat_t=0.4_alpha_0.3,0.5430350301039957,0.7807640805606441,0.7811452882163132,False,en,0.7864406779661017
semantic_kernel_heat_t=0.4_alpha_0.4,0.5453612479474548,0.7774736653523987,0.776171111703689,False,en,0.7864406779661017
semantic_kernel_heat_t=0.4_alpha_0.5,0.546319102353585,0.783907592322602,0.7842781440061968,False,en,0.7864406779661017
semantic_kernel_heat_t=0.4_alpha_0.6,0.546319102353585,0.7857180440628675,0.786082458621919,False,en,0.7864406779661017
semantic_kernel_heat_t=0.4_alpha_0.7,0.5443349753694582,0.7884609345143685,0.788816051139686,False,en,0.7864406779661017
semantic_kernel_heat_t=0.4_alpha_0.8,0.5413929939792008,0.7771393733313283,0.7758379528759104,False,en,0.7864406779661017
semantic_kernel_heat_t=0.4_alpha_0.9,0.542008757525999,0.7894471928503994,0.7897989662271203,False,en,0.7864406779661017
semantic_kernel_heat_t=0.4_alpha_1.0,0.5386220580186097,0.7903233822558794,0.7906721854990224,False,en,0.7864406779661017
semantic_kernel_heatn_t=0.4_alpha_0.0,0.5426929392446633,0.7802259823903988,0.7806090141076618,False,en,0.7864406779661017
semantic_kernel_heatn_t=0.4_alpha_0.1,0.5441297208538587,0.7812885125708711,0.7816679424909123,False,en,0.7864406779661017
semantic_kernel_heatn_t=0.4_alpha_0.2,0.5422140120415981,0.780722149703674,0.7811034994978414,False,en,0.7864406779661017
semantic_kernel_heatn_t=0.4_alpha_0.3,0.5418035030103996,0.7800263304786663,0.780410038982071,False,en,0.7864406779661017
semantic_kernel_heatn_t=0.4_alpha_0.4,0.5409140667761357,0.777769486947717,0.7764659305139383,False,en,0.7864406779661017
semantic_kernel_heatn_t=0.4_alpha_0.5,0.5405035577449371,0.7799667032517709,0.7803506138813684,False,en,0.7864406779661017
semantic_kernel_heatn_t=0.4_alpha_0.6,0.5406403940886699,0.7805055074420802,0.7808875916167954,False,en,0.7864406779661017
semantic_kernel_heatn_t=0.4_alpha_0.7,0.5419403393541324,0.7878238361063323,0.7881811123872704,False,en,0.7864406779661017
semantic_kernel_heatn_t=0.4_alpha_0.8,0.5396141215106732,0.7768280328415504,0.7772225830318604,False,en,0.7864406779661017
semantic_kernel_heatn_t=0.4_alpha_0.9,0.5421455938697318,0.7870388491437039,0.7873987863973966,False,en,0.7864406779661017
semantic_kernel_heatn_t=0.4_alpha_1.0,0.5406403940886699,0.7865071464405012,0.7868688860762387,False,en,0.7864406779661017
semantic_kernel_heat_t=0.5_alpha_0.0,0.5426929392446633,0.7802259823903988,0.7806090141076618,False,en,0.7864406779661017
semantic_kernel_heat_t=0.5_alpha_0.1,0.5446770662287902,0.7816833750175887,0.7820614664208614,False,en,0.7864406779661017
semantic_kernel_heat_t=0.5_alpha_0.2,0.5436507936507936,0.7812815024356787,0.7816609561188902,False,en,0.7864406779661017
semantic_kernel_heat_t=0.5_alpha_0.3,0.5425561029009305,0.7809883587582693,0.7813688061488617,False,en,0.7864406779661017
semantic_kernel_heat_t=0.5_alpha_0.4,0.5426245210727968,0.7788688703440442,0.7775615871868883,False,en,0.7864406779661017
semantic_kernel_heat_t=0.5_alpha_0.5,0.5448139025725234,0.7843260836030831,0.7846952166721678,False,en,0.7864406779661017
semantic_kernel_heat_t=0.5_alpha_0.6,0.5437876299945266,0.7823783569684898,0.7827540925007426,False,en,0.7864406779661017
semantic_kernel_heat_t=0.5_alpha_0.7,0.5407088122605365,0.7919723890944594,0.7923156024839123,False,en,0.7864406779661017
semantic_kernel_heat_t=0.5_alpha_0.8,0.5370142309797481,0.780743809460418,0.7794301705774438,False,en,0.7864406779661017
semantic_kernel_heat_t=0.5_alpha_0.9,0.5344827586206896,0.7881673780162903,0.788523489748381,False,en,0.7864406779661017
semantic_kernel_heat_t=0.5_alpha_1.0,0.5369116037219486,0.7895226395752881,0.7898741572003991,False,en,0.7864406779661017
semantic_kernel_heatn_t=0.5_alpha_0.0,0.5426929392446633,0.7802259823903988,0.7806090141076618,False,en,0.7864406779661017
semantic_kernel_heatn_t=0.5_alpha_0.1,0.5441297208538587,0.7812885125708711,0.7816679424909123,False,en,0.7864406779661017
semantic_kernel_heatn_t=0.5_alpha_0.2,0.5421455938697317,0.7806976794839315,0.7810791122279963,False,en,0.7864406779661017
semantic_kernel_heatn_t=0.5_alpha_0.3,0.5417350848385332,0.7800027099193314,0.7803864984924288,False,en,0.7864406779661017
semantic_kernel_heatn_t=0.5_alpha_0.4,0.5407772304324028,0.7775701745878568,0.7762672937891966,False,en,0.7864406779661017
semantic_kernel_heatn_t=0.5_alpha_0.5,0.5405035577449371,0.7798386676331939,0.7802230122818373,False,en,0.7864406779661017
semantic_kernel_heatn_t=0.5_alpha_0.6,0.5409824849480022,0.7807233087102681,0.7811046545755996,False,en,0.7864406779661017
semantic_kernel_heatn_t=0.5_alpha_0.7,0.5409824849480023,0.785769061202155,0.7861333028217512,False,en,0.7864406779661017
semantic_kernel_heatn_t=0.5_alpha_0.8,0.5402298850574712,0.7767571226385281,0.777151913202408,False,en,0.7864406779661017
semantic_kernel_heatn_t=0.5_alpha_0.9,0.5400246305418719,0.7841371078576145,0.7845068815224464,False,en,0.7864406779661017
semantic_kernel_heatn_t=0.5_alpha_1.0,0.5405035577449371,0.7876818989853673,0.7880396564090884,False,en,0.7864406779661017
semantic_kernel_heat_t=0.6_alpha_0.0,0.5426929392446633,0.7802259823903988,0.7806090141076618,False,en,0.7864406779661017
semantic_kernel_heat_t=0.6_alpha_0.1,0.5444718117131909,0.7814940662328869,0.7818727993608536,False,en,0.7864406779661017
semantic_kernel_heat_t=0.6_alpha_0.2,0.543240284619595,0.7810775105306824,0.7814576557118769,False,en,0.7864406779661017
semantic_kernel_heat_t=0.6_alpha_0.3,0.5417350848385332,0.7808504136050622,0.7812313286063436,False,en,0.7864406779661017
semantic_kernel_heat_t=0.6_alpha_0.4,0.5402983032293377,0.7798818027133743,0.7785710858871698,False,en,0.7864406779661017
semantic_kernel_heat_t=0.6_alpha_0.5,0.5422140120415982,0.7815008346195336,0.7818795448038167,False,en,0.7864406779661017
semantic_kernel_heat_t=0.6_alpha_0.6,0.5393404488232074,0.7813647328578639,0.781743904404051,False,en,0.7864406779661017
semantic_kernel_heat_t=0.6_alpha_0.7,0.537424740010947,0.7900731661792573,0.7904228176124904,False,en,0.7864406779661017
semantic_kernel_heat_t=0.6_alpha_0.8,0.534072249589491,0.780300145449738,0.7789880105125627,False,en,0.7864406779661017
semantic_kernel_heat_t=0.6_alpha_0.9,0.5318144499178982,0.7880644839900557,0.7884209445154557,False,en,0.7864406779661017
semantic_kernel_heat_t=0.6_alpha_1.0,0.5318486590038314,0.7885993833778271,0.7889540306849634,False,en,0.7864406779661017
semantic_kernel_heatn_t=0.6_alpha_0.0,0.5426929392446633,0.7802259823903988,0.7806090141076618,False,en,0.7864406779661017
semantic_kernel_heatn_t=0.6_alpha_0.1,0.5440613026819923,0.7812523278842304,0.7816318804642264,False,en,0.7864406779661017
semantic_kernel_heatn_t=0.6_alpha_0.2,0.5421455938697317,0.7806976794839315,0.7810791122279963,False,en,0.7864406779661017
semantic_kernel_heatn_t=0.6_alpha_0.3,0.5416666666666667,0.7799463852326414,0.78033036473688,False,en,0.7864406779661017
semantic_kernel_heatn_t=0.6_alpha_0.4,0.5409140667761357,0.777878327110644,0.7765744017271605,False,en,0.7864406779661017
semantic_kernel_heatn_t=0.6_alpha_0.5,0.5408456486042693,0.7801233840533066,0.7805067635615429,False,en,0.7864406779661017
semantic_kernel_heatn_t=0.6_alpha_0.6,0.5410509031198686,0.7812630179273885,0.7816425342699501,False,en,0.7864406779661017
semantic_kernel_heatn_t=0.6_alpha_0.7,0.5401614668856048,0.7845786046896595,0.7849468817550607,False,en,0.7864406779661017
semantic_kernel_heatn_t=0.6_alpha_0.8,0.5401614668856047,0.7778913185054035,0.7782822643375311,False,en,0.7864406779661017
semantic_kernel_heatn_t=0.6_alpha_0.9,0.5407088122605364,0.7869001203571699,0.7872605278779355,False,en,0.7864406779661017
semantic_kernel_heatn_t=0.6_alpha_1.0,0.5402983032293377,0.7843658316382538,0.7847348299682361,False,en,0.7864406779661017
semantic_kernel_heat_t=0.7_alpha_0.0,0.5426929392446633,0.7802259823903988,0.7806090141076618,False,en,0.7864406779661017
semantic_kernel_heat_t=0.7_alpha_0.1,0.5443349753694581,0.7814769999718293,0.7818557909515284,False,en,0.7864406779661017
semantic_kernel_heat_t=0.7_alpha_0.2,0.5428297755883962,0.7809871424388816,0.7813675939525906,False,en,0.7864406779661017
semantic_kernel_heat_t=0.7_alpha_0.3,0.5408456486042692,0.7796224666480582,0.7800075441813973,False,en,0.7864406779661017
semantic_kernel_heat_t=0.7_alpha_0.4,0.5393404488232075,0.7795198119568683,0.778210322217974,False,en,0.7864406779661017
semantic_kernel_heat_t=0.7_alpha_0.5,0.5400246305418719,0.7812251143553199,0.7816047591845664,False,en,0.7864406779661017
semantic_kernel_heat_t=0.7_alpha_0.6,0.5370142309797482,0.7815162303725597,0.7818948883678495,False,en,0.7864406779661017
semantic_kernel_heat_t=0.7_alpha_0.7,0.5333880678708266,0.7886370297181762,0.7889915494105993,False,en,0.7864406779661017
semantic_kernel_heat_t=0.7_alpha_0.8,0.5300355774493705,0.778948762192862,0.7776412082158797,False,en,0.7864406779661017
semantic_kernel_heat_t=0.7_alpha_0.9,0.5317460317460317,0.7871059814876415,0.7874656911740666,False,en,0.7864406779661017
semantic_kernel_heat_t=0.7_alpha_1.0,0.5287698412698413,0.7881813365425459,0.7885374009575984,False,en,0.7864406779661017
semantic_kernel_heatn_t=0.7_alpha_0.0,0.5426929392446633,0.7802259823903988,0.7806090141076618,False,en,0.7864406779661017
semantic_kernel_heatn_t=0.7_alpha_0.1,0.5440613026819923,0.7812523278842304,0.7816318804642264,False,en,0.7864406779661017
semantic_kernel_heatn_t=0.7_alpha_0.2,0.5420771756978653,0.7806517151522528,0.7810333037076115,False,en,0.7864406779661017
semantic_kernel_heatn_t=0.7_alpha_0.3,0.5418035030103996,0.7799052522716892,0.7802893712096938,False,en,0.7864406779661017
semantic_kernel_heatn_t=0.7_alpha_0.4,0.5407772304324028,0.7777087809999284,0.7764054303490235,False,en,0.7864406779661017
semantic_kernel_heatn_t=0.7_alpha_0.5,0.5411877394636015,0.7802506353262008,0.78063358347419,False,en,0.7864406779661017
semantic_kernel_heatn_t=0.7_alpha_0.6,0.5405035577449371,0.7807711150215636,0.7811522988316024,False,en,0.7864406779661017
semantic_kernel_heatn_t=0.7_alpha_0.7,0.5396825396825398,0.7844116480945835,0.7847804911145445,False,en,0.7864406779661017
semantic_kernel_heatn_t=0.7_alpha_0.8,0.5399562123700055,0.7767113853279881,0.7771063309335984,False,en,0.7864406779661017
semantic_kernel_heatn_t=0.7_alpha_0.9,0.5422824302134647,0.785799679677684,0.7861638175058377,False,en,0.7864406779661017
semantic_kernel_heatn_t=0.7_alpha_1.0,0.5402983032293377,0.7872833707393118,0.7876424791062396,False,en,0.7864406779661017
semantic_kernel_matern_kappa=1.0_nu=1.0_alpha_0.0,0.5426929392446633,0.7802259823903988,0.7806090141076618,False,en,0.7864406779661017
semantic_kernel_matern_kappa=1.0_nu=1.0_alpha_0.1,0.5441297208538587,0.781296832077311,0.7816762337956354,False,en,0.7864406779661017
semantic_kernel_matern_kappa=1.0_nu=1.0_alpha_0.2,0.5430350301039957,0.7818140330883148,0.7821916815828732,False,en,0.7864406779661017
semantic_kernel_matern_kappa=1.0_nu=1.0_alpha_0.3,0.5428297755883963,0.7804748240932025,0.7808570122792696,False,en,0.7864406779661017
semantic_kernel_matern_kappa=1.0_nu=1.0_alpha_0.4,0.5434455391351943,0.7794893932104803,0.7781800065859805,False,en,0.7864406779661017
semantic_kernel_matern_kappa=1.0_nu=1.0_alpha_0.5,0.5455665024630542,0.7832874453193404,0.7836600991961664,False,en,0.7864406779661017
semantic_kernel_matern_kappa=1.0_nu=1.0_alpha_0.6,0.5457717569786535,0.7828920418261884,0.7832660360538388,False,en,0.7864406779661017
semantic_kernel_matern_kappa=1.0_nu=1.0_alpha_0.7,0.5447454844006567,0.7887920820799725,0.7891460761711694,False,en,0.7864406779661017
semantic_kernel_matern_kappa=1.0_nu=1.0_alpha_0.8,0.5407772304324029,0.7785616794441954,0.7772554376121238,False,en,0.7864406779661017
semantic_kernel_matern_kappa=1.0_nu=1.0_alpha_0.9,0.539887794198139,0.7879677994215468,0.7883245876912469,False,en,0.7864406779661017
semantic_kernel_matern_kappa=1.0_nu=1.0_alpha_1.0,0.5391009852216749,0.7865137228111788,0.7868754401541342,False,en,0.7864406779661017
semantic_kernel_maternn_kappa=1.0_nu=1.0_alpha_0.0,0.5426929392446633,0.7802259823903988,0.7806090141076618,False,en,0.7864406779661017
semantic_kernel_maternn_kappa=1.0_nu=1.0_alpha_0.1,0.5441297208538587,0.7812885125708711,0.7816679424909123,False,en,0.7864406779661017
semantic_kernel_maternn_kappa=1.0_nu=1.0_alpha_0.2,0.5422824302134646,0.7807568574643293,0.7811380896050707,False,en,0.7864406779661017
semantic_kernel_maternn_kappa=1.0_nu=1.0_alpha_0.3,0.5418035030103996,0.7800410213143502,0.7804246800183119,False,en,0.7864406779661017
semantic_kernel_maternn_kappa=1.0_nu=1.0_alpha_0.4,0.540982484948002,0.7778100618399861,0.7765063678641999,False,en,0.7864406779661017
semantic_kernel_maternn_kappa=1.0_nu=1.0_alpha_0.5,0.5407088122605365,0.7800054748866907,0.7803892540870172,False,en,0.7864406779661017
semantic_kernel_maternn_kappa=1.0_nu=1.0_alpha_0.6,0.5402983032293377,0.7804434587643106,0.7808257532735268,False,en,0.7864406779661017
semantic_kernel_maternn_kappa=1.0_nu=1.0_alpha_0.7,0.5421455938697317,0.7879771090880465,0.7883338657995548,False,en,0.7864406779661017
semantic_kernel_maternn_kappa=1.0_nu=1.0_alpha_0.8,0.5398193760262724,0.777050290279906,0.777444087055171,False,en,0.7864406779661017
semantic_kernel_maternn_kappa=1.0_nu=1.0_alpha_0.9,0.5433771209633279,0.7873462260970543,0.7877051213949727,False,en,0.7864406779661017
semantic_kernel_maternn_kappa=1.0_nu=1.0_alpha_1.0,0.5392036124794746,0.785815795988164,0.7861798791847568,False,en,0.7864406779661017
semantic_kernel_matern_kappa=1.0_nu=2.0_alpha_0.0,0.5426929392446633,0.7802259823903988,0.7806090141076618,False,en,0.7864406779661017
semantic_kernel_matern_kappa=1.0_nu=2.0_alpha_0.1,0.5444033935413245,0.7815355507813853,0.7819141432837637,False,en,0.7864406779661017
semantic_kernel_matern_kappa=1.0_nu=2.0_alpha_0.2,0.5440613026819923,0.7815266365061287,0.7819052592263895,False,en,0.7864406779661017
semantic_kernel_matern_kappa=1.0_nu=2.0_alpha_0.3,0.5426245210727969,0.7807266104706478,0.7811079451435713,False,en,0.7864406779661017
semantic_kernel_matern_kappa=1.0_nu=2.0_alpha_0.4,0.543103448275862,0.7796494895183262,0.7783395601944778,False,en,0.7864406779661017
semantic_kernel_matern_kappa=1.0_nu=2.0_alpha_0.5,0.5461138478379858,0.7834259777778171,0.783798162053089,False,en,0.7864406779661017
semantic_kernel_matern_kappa=1.0_nu=2.0_alpha_0.6,0.5441981390257252,0.7826467829904314,0.7830216086039657,False,en,0.7864406779661017
semantic_kernel_matern_kappa=1.0_nu=2.0_alpha_0.7,0.5421455938697317,0.7896425852650635,0.7899936962946159,False,en,0.7864406779661017
semantic_kernel_matern_kappa=1.0_nu=2.0_alpha_0.8,0.5424192665571975,0.7769670255623979,0.7756661893367053,False,en,0.7864406779661017
semantic_kernel_matern_kappa=1.0_nu=2.0_alpha_0.9,0.5407088122605364,0.787629496424679,0.787987431484199,False,en,0.7864406779661017
semantic_kernel_matern_kappa=1.0_nu=2.0_alpha_1.0,0.5393746579091406,0.7880729512456308,0.7884293830684695,False,en,0.7864406779661017
semantic_kernel_maternn_kappa=1.0_nu=2.0_alpha_0.0,0.5426929392446633,0.7802259823903988,0.7806090141076618,False,en,0.7864406779661017
semantic_kernel_maternn_kappa=1.0_nu=2.0_alpha_0.1,0.5441297208538587,0.7812885125708711,0.7816679424909123,False,en,0.7864406779661017
semantic_kernel_maternn_kappa=1.0_nu=2.0_alpha_0.2,0.5422140120415981,0.780722149703674,0.7811034994978414,False,en,0.7864406779661017
semantic_kernel_maternn_kappa=1.0_nu=2.0_alpha_0.3,0.541871921182266,0.7800617613176686,0.7804453497165343,False,en,0.7864406779661017
semantic_kernel_maternn_kappa=1.0_nu=2.0_alpha_0.4,0.540982484948002,0.7777270619690675,0.776423649348776,False,en,0.7864406779661017
semantic_kernel_maternn_kappa=1.0_nu=2.0_alpha_0.5,0.5406403940886699,0.7800534376990691,0.780437054313591,False,en,0.7864406779661017
semantic_kernel_maternn_kappa=1.0_nu=2.0_alpha_0.6,0.5405719759168035,0.7805143661957074,0.7808964203407492,False,en,0.7864406779661017
semantic_kernel_maternn_kappa=1.0_nu=2.0_alpha_0.7,0.5418035030103996,0.7875613057756587,0.7879194719899211,False,en,0.7864406779661017
semantic_kernel_maternn_kappa=1.0_nu=2.0_alpha_0.8,0.5398193760262725,0.7768643436744609,0.777258770777202,False,en,0.7864406779661017
semantic_kernel_maternn_kappa=1.0_nu=2.0_alpha_0.9,0.542008757525999,0.7871876775620437,0.7875471103126234,False,en,0.7864406779661017
semantic_kernel_maternn_kappa=1.0_nu=2.0_alpha_1.0,0.5395457033388068,0.7862355035773485,0.7865981640363509,False,en,0.7864406779661017
semantic_kernel_matern_kappa=1.0_nu=3.0_alpha_0.0,0.5426929392446633,0.7802259823903988,0.7806090141076618,False,en,0.7864406779661017
semantic_kernel_matern_kappa=1.0_nu=3.0_alpha_0.1,0.5444033935413245,0.7815355507813853,0.7819141432837637,False,en,0.7864406779661017
semantic_kernel_matern_kappa=1.0_nu=3.0_alpha_0.2,0.5442665571975916,0.7815605306500464,0.7819390384749041,False,en,0.7864406779661017
semantic_kernel_matern_kappa=1.0_nu=3.0_alpha_0.3,0.5423508483853312,0.7805220245585469,0.7809040527430366,False,en,0.7864406779661017
semantic_kernel_matern_kappa=1.0_nu=3.0_alpha_0.4,0.5442665571975916,0.782007942879741,0.7823849340529725,False,en,0.7864406779661017
semantic_kernel_matern_kappa=1.0_nu=3.0_alpha_0.5,0.5453612479474548,0.7850438582939133,0.7854105582284528,False,en,0.7864406779661017
semantic_kernel_matern_kappa=1.0_nu=3.0_alpha_0.6,0.5445402298850573,0.7838376535954437,0.7842084423594695,False,en,0.7864406779661017
semantic_kernel_matern_kappa=1.0_nu=3.0_alpha_0.7,0.5423508483853311,0.7752904808436789,0.7739953278204226,False,en,0.7864406779661017
semantic_kernel_matern_kappa=1.0_nu=3.0_alpha_0.8,0.5431718664477284,0.789778689928613,0.7901293395864246,False,en,0.7864406779661017
semantic_kernel_matern_kappa=1.0_nu=3.0_alpha_0.9,0.539272030651341,0.7866396227023191,0.7870009132659825,False,en,0.7864406779661017
semantic_kernel_matern_kappa=1.0_nu=3.0_alpha_1.0,0.5401956759715381,0.7894605416842915,0.7898122698107278,False,en,0.7864406779661017
semantic_kernel_maternn_kappa=1.0_nu=3.0_alpha_0.0,0.5426929392446633,0.7802259823903988,0.7806090141076618,False,en,0.7864406779661017
semantic_kernel_maternn_kappa=1.0_nu=3.0_alpha_0.1,0.5441297208538587,0.7812885125708711,0.7816679424909123,False,en,0.7864406779661017
semantic_kernel_maternn_kappa=1.0_nu=3.0_alpha_0.2,0.5422140120415981,0.780722149703674,0.7811034994978414,False,en,0.7864406779661017
semantic_kernel_maternn_kappa=1.0_nu=3.0_alpha_0.3,0.5418035030103996,0.7800263304786663,0.780410038982071,False,en,0.7864406779661017
semantic_kernel_maternn_kappa=1.0_nu=3.0_alpha_0.4,0.5409824849480022,0.7798473733155693,0.7802316884534252,False,en,0.7864406779661017
semantic_kernel_maternn_kappa=1.0_nu=3.0_alpha_0.5,0.5407088122605362,0.7814147368073021,0.781793738848576,False,en,0.7864406779661017
semantic_kernel_maternn_kappa=1.0_nu=3.0_alpha_0.6,0.5407088122605364,0.780549175182059,0.7809311113305369,False,en,0.7864406779661017
semantic_kernel_maternn_kappa=1.0_nu=3.0_alpha_0.7,0.5405719759168035,0.7760793655894163,0.7747815383805812,False,en,0.7864406779661017
semantic_kernel_maternn_kappa=1.0_nu=3.0_alpha_0.8,0.5413245758073344,0.7848730617621829,0.7852403406680163,False,en,0.7864406779661017
semantic_kernel_maternn_kappa=1.0_nu=3.0_alpha_0.9,0.5420771756978654,0.7870072407448748,0.7873672851456822,False,en,0.7864406779661017
semantic_kernel_maternn_kappa=1.0_nu=3.0_alpha_1.0,0.5396825396825397,0.7865135068792745,0.7868752249542025,False,en,0.7864406779661017
semantic_kernel_matern_kappa=2.0_nu=1.0_alpha_0.0,0.5426929392446633,0.7802259823903988,0.7806090141076618,False,en,0.7864406779661017
semantic_kernel_matern_kappa=2.0_nu=1.0_alpha_0.1,0.5437876299945265,0.781129780870638,0.7815097488642394,False,en,0.7864406779661017
semantic_kernel_matern_kappa=2.0_nu=1.0_alpha_0.2,0.5432402846195948,0.7811373267051774,0.7815172691196787,False,en,0.7864406779661017
semantic_kernel_matern_kappa=2.0_nu=1.0_alpha_0.3,0.5404351395730707,0.7802789940357535,0.780661846052524,False,en,0.7864406779661017
semantic_kernel_matern_kappa=2.0_nu=1.0_alpha_0.4,0.5396141215106732,0.7747340855459734,0.7734408186084719,False,en,0.7864406779661017
semantic_kernel_matern_kappa=2.0_nu=1.0_alpha_0.5,0.5407088122605364,0.7807296475810122,0.7811109719586462,False,en,0.7864406779661017
semantic_kernel_matern_kappa=2.0_nu=1.0_alpha_0.6,0.5402298850574713,0.7816532756199803,0.7820314690551093,False,en,0.7864406779661017
semantic_kernel_matern_kappa=2.0_nu=1.0_alpha_0.7,0.5371510673234811,0.785332363299763,0.7856980852512317,False,en,0.7864406779661017
semantic_kernel_matern_kappa=2.0_nu=1.0_alpha_0.8,0.5317460317460319,0.7730743718643431,0.7717867310749151,False,en,0.7864406779661017
semantic_kernel_matern_kappa=2.0_nu=1.0_alpha_0.9,0.530719759168035,0.7841473768446205,0.7845171156993271,False,en,0.7864406779661017
semantic_kernel_matern_kappa=2.0_nu=1.0_alpha_1.0,0.5275383141762452,0.7827465310014927,0.7831210184861758,False,en,0.7864406779661017
semantic_kernel_maternn_kappa=2.0_nu=1.0_alpha_0.0,0.5426929392446633,0.7802259823903988,0.7806090141076618,False,en,0.7864406779661017
semantic_kernel_maternn_kappa=2.0_nu=1.0_alpha_0.1,0.5441981390257251,0.7813243163660732,0.7817036249173173,False,en,0.7864406779661017
semantic_kernel_maternn_kappa=2.0_nu=1.0_alpha_0.2,0.5423508483853311,0.7807285260227615,0.7811098542022881,False,en,0.7864406779661017
semantic_kernel_maternn_kappa=2.0_nu=1.0_alpha_0.3,0.5413929939792008,0.7800040393778953,0.7803878234443534,False,en,0.7864406779661017
semantic_kernel_maternn_kappa=2.0_nu=1.0_alpha_0.4,0.5414614121510672,0.7784104580160472,0.7771047287989863,False,en,0.7864406779661017
semantic_kernel_maternn_kappa=2.0_nu=1.0_alpha_0.5,0.5406403940886699,0.780807969653864,0.7811890285329459,False,en,0.7864406779661017
semantic_kernel_maternn_kappa=2.0_nu=1.0_alpha_0.6,0.5401614668856047,0.779048857017322,0.7794358789900873,False,en,0.7864406779661017
semantic_kernel_maternn_kappa=2.0_nu=1.0_alpha_0.7,0.5435823754789272,0.7891310027728129,0.7894838479803052,False,en,0.7864406779661017
semantic_kernel_maternn_kappa=2.0_nu=1.0_alpha_0.8,0.542350848385331,0.7774697427266202,0.7761672023749471,False,en,0.7864406779661017
semantic_kernel_maternn_kappa=2.0_nu=1.0_alpha_0.9,0.5361932129173509,0.7830898294017621,0.7834631531630546,False,en,0.7864406779661017
semantic_kernel_maternn_kappa=2.0_nu=1.0_alpha_1.0,0.5325670498084291,0.7849292521098163,0.7852963405398952,False,en,0.7864406779661017
semantic_kernel_matern_kappa=2.0_nu=2.0_alpha_0.0,0.5426929392446633,0.7802259823903988,0.7806090141076618,False,en,0.7864406779661017
semantic_kernel_matern_kappa=2.0_nu=2.0_alpha_0.1,0.5442665571975916,0.7813551764702128,0.7817343804109343,False,en,0.7864406779661017
semantic_kernel_matern_kappa=2.0_nu=2.0_alpha_0.2,0.5426245210727969,0.7807659464485885,0.7811471477792138,False,en,0.7864406779661017
semantic_kernel_matern_kappa=2.0_nu=2.0_alpha_0.3,0.5401614668856048,0.77980200040382,0.7801864693481564,False,en,0.7864406779661017
semantic_kernel_matern_kappa=2.0_nu=2.0_alpha_0.4,0.5364668856048166,0.7739314915109864,0.7726409452312307,False,en,0.7864406779661017
semantic_kernel_matern_kappa=2.0_nu=2.0_alpha_0.5,0.5359195402298851,0.780695239883114,0.781076680897012,False,en,0.7864406779661017
semantic_kernel_matern_kappa=2.0_nu=2.0_alpha_0.6,0.5333880678708265,0.7803756360846688,0.7807581605012734,False,en,0.7864406779661017
semantic_kernel_matern_kappa=2.0_nu=2.0_alpha_0.7,0.5290093048713739,0.7840225659922964,0.784392727934638,False,en,0.7864406779661017
semantic_kernel_matern_kappa=2.0_nu=2.0_alpha_0.8,0.5224411603721949,0.7737126197134072,0.7724228153719485,False,en,0.7864406779661017
semantic_kernel_matern_kappa=2.0_nu=2.0_alpha_0.9,0.5211412151067323,0.7855766306787135,0.7859415246051689,False,en,0.7864406779661017
semantic_kernel_matern_kappa=2.0_nu=2.0_alpha_1.0,0.5249384236453202,0.7877419585015668,0.7880995123337075,False,en,0.7864406779661017
semantic_kernel_maternn_kappa=2.0_nu=2.0_alpha_0.0,0.5426929392446633,0.7802259823903988,0.7806090141076618,False,en,0.7864406779661017
semantic_kernel_maternn_kappa=2.0_nu=2.0_alpha_0.1,0.5439244663382594,0.7811802338292171,0.7815600307958402,False,en,0.7864406779661017
semantic_kernel_maternn_kappa=2.0_nu=2.0_alpha_0.2,0.5424192665571976,0.7806343530951665,0.7810160005049558,False,en,0.7864406779661017
semantic_kernel_maternn_kappa=2.0_nu=2.0_alpha_0.3,0.5413929939792009,0.7798475076042197,0.7802318222868598,False,en,0.7864406779661017
semantic_kernel_maternn_kappa=2.0_nu=2.0_alpha_0.4,0.541119321291735,0.778303162964258,0.776997797459237,False,en,0.7864406779661017
semantic_kernel_maternn_kappa=2.0_nu=2.0_alpha_0.5,0.5405035577449371,0.780362992748627,0.7807455600239979,False,en,0.7864406779661017
semantic_kernel_maternn_kappa=2.0_nu=2.0_alpha_0.6,0.5396825396825397,0.7797372215687829,0.7801219101023905,False,en,0.7864406779661017
semantic_kernel_maternn_kappa=2.0_nu=2.0_alpha_0.7,0.5441297208538588,0.7896350952055888,0.7899862316251733,False,en,0.7864406779661017
semantic_kernel_maternn_kappa=2.0_nu=2.0_alpha_0.8,0.540366721401204,0.774839687356305,0.7735460624465652,False,en,0.7864406779661017
semantic_kernel_maternn_kappa=2.0_nu=2.0_alpha_0.9,0.536672140120416,0.7853039548202005,0.7856697730715999,False,en,0.7864406779661017
semantic_kernel_maternn_kappa=2.0_nu=2.0_alpha_1.0,0.5359879584017515,0.7851683470746915,0.7855346250133639,False,en,0.7864406779661017
semantic_kernel_matern_kappa=2.0_nu=3.0_alpha_0.0,0.5426929392446633,0.7802259823903988,0.7806090141076618,False,en,0.7864406779661017
semantic_kernel_matern_kappa=2.0_nu=3.0_alpha_0.1,0.5441297208538587,0.7813019983074714,0.7816813825131513,False,en,0.7864406779661017
semantic_kernel_matern_kappa=2.0_nu=3.0_alpha_0.2,0.5423508483853312,0.7806046177633974,0.7809863659709216,False,en,0.7864406779661017
semantic_kernel_matern_kappa=2.0_nu=3.0_alpha_0.3,0.5396141215106732,0.7796012379816085,0.7799863874765286,False,en,0.7864406779661017
semantic_kernel_matern_kappa=2.0_nu=3.0_alpha_0.4,0.5347564313081554,0.7730704776279727,0.7717828500393459,False,en,0.7864406779661017
semantic_kernel_matern_kappa=2.0_nu=3.0_alpha_0.5,0.5329091406677613,0.7773122606269259,0.7777051693671163,False,en,0.7864406779661017
semantic_kernel_matern_kappa=2.0_nu=3.0_alpha_0.6,0.5312671045429667,0.7781621682561095,0.7785521959534889,False,en,0.7864406779661017
semantic_kernel_matern_kappa=2.0_nu=3.0_alpha_0.7,0.5245621237000547,0.7835637846707135,0.7839355018039755,False,en,0.7864406779661017
semantic_kernel_matern_kappa=2.0_nu=3.0_alpha_0.8,0.516351943076081,0.7728038537840458,0.7715171300050594,False,en,0.7864406779661017
semantic_kernel_matern_kappa=2.0_nu=3.0_alpha_0.9,0.5162835249042145,0.7805481056869308,0.7809300454608159,False,en,0.7864406779661017
semantic_kernel_matern_kappa=2.0_nu=3.0_alpha_1.0,0.5261015325670497,0.7883501933081031,0.7887056853273401,False,en,0.7864406779661017
semantic_kernel_maternn_kappa=2.0_nu=3.0_alpha_0.0,0.5426929392446633,0.7802259823903988,0.7806090141076618,False,en,0.7864406779661017
semantic_kernel_maternn_kappa=2.0_nu=3.0_alpha_0.1,0.5437876299945266,0.7811224888124106,0.7815024815248535,False,en,0.7864406779661017
semantic_kernel_maternn_kappa=2.0_nu=3.0_alpha_0.2,0.5425561029009305,0.7806957410612162,0.7810771803762054,False,en,0.7864406779661017
semantic_kernel_maternn_kappa=2.0_nu=3.0_alpha_0.3,0.5416666666666667,0.7806928443145256,0.781074293448995,False,en,0.7864406779661017
semantic_kernel_maternn_kappa=2.0_nu=3.0_alpha_0.4,0.5407088122605362,0.7778725504148607,0.776568644613397,False,en,0.7864406779661017
semantic_kernel_maternn_kappa=2.0_nu=3.0_alpha_0.5,0.5393404488232074,0.7786998420129513,0.7790880470874261,False,en,0.7864406779661017
semantic_kernel_maternn_kappa=2.0_nu=3.0_alpha_0.6,0.5392720306513409,0.7793176434471754,0.7797037542795004,False,en,0.7864406779661017
semantic_kernel_maternn_kappa=2.0_nu=3.0_alpha_0.7,0.5431034482758621,0.7896387083806911,0.7899898325522244,False,en,0.7864406779661017
semantic_kernel_maternn_kappa=2.0_nu=3.0_alpha_0.8,0.5400246305418719,0.7746916861043567,0.7733985628937761,False,en,0.7864406779661017
semantic_kernel_maternn_kappa=2.0_nu=3.0_alpha_0.9,0.5379036672140121,0.7862797633575326,0.7866422737833818,False,en,0.7864406779661017
semantic_kernel_maternn_kappa=2.0_nu=3.0_alpha_1.0,0.5362616310892172,0.7858808169706736,0.7862446797571562,False,en,0.7864406779661017
semantic_kernel_matern_kappa=3.0_nu=1.0_alpha_0.0,0.5426929392446633,0.7802259823903988,0.7806090141076618,False,en,0.7864406779661017
semantic_kernel_matern_kappa=3.0_nu=1.0_alpha_0.1,0.5438560481663929,0.7811646625943451,0.7815445123448154,False,en,0.7864406779661017
semantic_kernel_matern_kappa=3.0_nu=1.0_alpha_0.2,0.5431034482758621,0.7810351268565499,0.7814154157112159,False,en,0.7864406779661017
semantic_kernel_matern_kappa=3.0_nu=1.0_alpha_0.3,0.5398193760262725,0.7791481809708656,0.7795348662522628,False,en,0.7864406779661017
semantic_kernel_matern_kappa=3.0_nu=1.0_alpha_0.4,0.5379036672140121,0.7786863482425873,0.7790745990586567,False,en,0.7864406779661017
semantic_kernel_matern_kappa=3.0_nu=1.0_alpha_0.5,0.5363300492610837,0.7847970557873045,0.7851645923405104,False,en,0.7864406779661017
semantic_kernel_matern_kappa=3.0_nu=1.0_alpha_0.6,0.5355090311986863,0.7816695905141862,0.782047728644589,False,en,0.7864406779661017
semantic_kernel_matern_kappa=3.0_nu=1.0_alpha_0.7,0.5298303229337712,0.7725999311116508,0.7713138985959606,False,en,0.7864406779661017
semantic_kernel_matern_kappa=3.0_nu=1.0_alpha_0.8,0.5270935960591133,0.7824828443141425,0.7828582256520031,False,en,0.7864406779661017
semantic_kernel_matern_kappa=3.0_nu=1.0_alpha_0.9,0.5199096880131363,0.7827092169092502,0.7830838308823816,False,en,0.7864406779661017
semantic_kernel_matern_kappa=3.0_nu=1.0_alpha_1.0,0.5199438970990695,0.7832197582284628,0.7835926415530545,False,en,0.7864406779661017
semantic_kernel_maternn_kappa=3.0_nu=1.0_alpha_0.0,0.5426929392446633,0.7802259823903988,0.7806090141076618,False,en,0.7864406779661017
semantic_kernel_maternn_kappa=3.0_nu=1.0_alpha_0.1,0.5439244663382594,0.7812058652486448,0.7815855753291003,False,en,0.7864406779661017
semantic_kernel_maternn_kappa=3.0_nu=1.0_alpha_0.2,0.5425561029009305,0.7809121211751118,0.7812928269981896,False,en,0.7864406779661017
semantic_kernel_maternn_kappa=3.0_nu=1.0_alpha_0.3,0.5419403393541324,0.7808780824038438,0.7812589036125869,False,en,0.7864406779661017
semantic_kernel_maternn_kappa=3.0_nu=1.0_alpha_0.4,0.5410509031198687,0.7807673004357218,0.7811484971765603,False,en,0.7864406779661017
semantic_kernel_maternn_kappa=3.0_nu=1.0_alpha_0.5,0.5394088669950738,0.780654224782796,0.7810358048309324,False,en,0.7864406779661017
semantic_kernel_maternn_kappa=3.0_nu=1.0_alpha_0.6,0.5416666666666666,0.779280714266342,0.7796669502823309,False,en,0.7864406779661017
semantic_kernel_maternn_kappa=3.0_nu=1.0_alpha_0.7,0.5410509031198686,0.7789266676753783,0.7776191885950653,False,en,0.7864406779661017
semantic_kernel_maternn_kappa=3.0_nu=1.0_alpha_0.8,0.5377668308702792,0.7877648989671477,0.7881223750349983,False,en,0.7864406779661017
semantic_kernel_maternn_kappa=3.0_nu=1.0_alpha_0.9,0.5327723043240284,0.7820339874598221,0.7824108903463415,False,en,0.7864406779661017
semantic_kernel_maternn_kappa=3.0_nu=1.0_alpha_1.0,0.5305145046524357,0.7812736669564451,0.7816531472006031,False,en,0.7864406779661017
semantic_kernel_matern_kappa=3.0_nu=2.0_alpha_0.0,0.5426929392446633,0.7802259823903988,0.7806090141076618,False,en,0.7864406779661017
semantic_kernel_matern_kappa=3.0_nu=2.0_alpha_0.1,0.5440613026819923,0.7812252440847824,0.781604888474268,False,en,0.7864406779661017
semantic_kernel_matern_kappa=3.0_nu=2.0_alpha_0.2,0.5414614121510672,0.7800709025931001,0.7804544600045914,False,en,0.7864406779661017
semantic_kernel_matern_kappa=3.0_nu=2.0_alpha_0.3,0.538656267104543,0.7790072068034929,0.7793943699634236,False,en,0.7864406779661017
semantic_kernel_matern_kappa=3.0_nu=2.0_alpha_0.4,0.5353721948549536,0.7778350919204371,0.7782262283511577,False,en,0.7864406779661017
semantic_kernel_matern_kappa=3.0_nu=2.0_alpha_0.5,0.5298303229337711,0.7818853585181453,0.7822627652315856,False,en,0.7864406779661017
semantic_kernel_matern_kappa=3.0_nu=2.0_alpha_0.6,0.5259989053092501,0.7786261534855786,0.7790146083516719,False,en,0.7864406779661017
semantic_kernel_matern_kappa=3.0_nu=2.0_alpha_0.7,0.5189518336070059,0.7713571551840044,0.7700753354680689,False,en,0.7864406779661017
semantic_kernel_matern_kappa=3.0_nu=2.0_alpha_0.8,0.5133415435139572,0.7827422928546848,0.7831167947059674,False,en,0.7864406779661017
semantic_kernel_matern_kappa=3.0_nu=2.0_alpha_0.9,0.5112889983579639,0.7787377490419054,0.7791258256179769,False,en,0.7864406779661017
semantic_kernel_matern_kappa=3.0_nu=2.0_alpha_1.0,0.5220648604269295,0.7866352172705221,0.7869965227678526,False,en,0.7864406779661017
semantic_kernel_maternn_kappa=3.0_nu=2.0_alpha_0.0,0.5426929392446633,0.7802259823903988,0.7806090141076618,False,en,0.7864406779661017
semantic_kernel_maternn_kappa=3.0_nu=2.0_alpha_0.1,0.5439244663382594,0.7812192756194991,0.7815989402410705,False,en,0.7864406779661017
semantic_kernel_maternn_kappa=3.0_nu=2.0_alpha_0.2,0.5431034482758621,0.7803790269224768,0.780761539844716,False,en,0.7864406779661017
semantic_kernel_maternn_kappa=3.0_nu=2.0_alpha_0.3,0.5410509031198687,0.7805430631025805,0.780925019969972,False,en,0.7864406779661017
semantic_kernel_maternn_kappa=3.0_nu=2.0_alpha_0.4,0.5406403940886699,0.7804987769430174,0.7808808839329835,False,en,0.7864406779661017
semantic_kernel_maternn_kappa=3.0_nu=2.0_alpha_0.5,0.5394772851669403,0.7843111740010962,0.7846803576112044,False,en,0.7864406779661017
semantic_kernel_maternn_kappa=3.0_nu=2.0_alpha_0.6,0.5420087575259989,0.7819913112787891,0.782368358830329,False,en,0.7864406779661017
semantic_kernel_maternn_kappa=3.0_nu=2.0_alpha_0.7,0.5392036124794746,0.7760050274827148,0.7747074522674618,False,en,0.7864406779661017
semantic_kernel_maternn_kappa=3.0_nu=2.0_alpha_0.8,0.5360563765736179,0.7890593420696302,0.7894124301947606,False,en,0.7864406779661017
semantic_kernel_maternn_kappa=3.0_nu=2.0_alpha_0.9,0.5296250684181719,0.7848470851846441,0.7852144521466727,False,en,0.7864406779661017
semantic_kernel_maternn_kappa=3.0_nu=2.0_alpha_1.0,0.5279830322933771,0.784718240648794,0.7850860443719611,False,en,0.7864406779661017
semantic_kernel_matern_kappa=3.0_nu=3.0_alpha_0.0,0.5426929392446633,0.7802259823903988,0.7806090141076618,False,en,0.7864406779661017
semantic_kernel_matern_kappa=3.0_nu=3.0_alpha_0.1,0.54371921182266,0.7810839768323612,0.7814641000938889,False,en,0.7864406779661017
semantic_kernel_matern_kappa=3.0_nu=3.0_alpha_0.2,0.5410509031198686,0.7798308619988755,0.7802152331072963,False,en,0.7864406779661017
semantic_kernel_matern_kappa=3.0_nu=3.0_alpha_0.3,0.5376984126984128,0.7785658607050737,0.7789545199534736,False,en,0.7864406779661017
semantic_kernel_matern_kappa=3.0_nu=3.0_alpha_0.4,0.5345511767925561,0.7775061762386691,0.7778984276378027,False,en,0.7864406779661017
semantic_kernel_matern_kappa=3.0_nu=3.0_alpha_0.5,0.5297619047619047,0.7813485402514341,0.7817277666878124,False,en,0.7864406779661017
semantic_kernel_matern_kappa=3.0_nu=3.0_alpha_0.6,0.5219622331691297,0.7753653703955805,0.7757648787636736,False,en,0.7864406779661017
semantic_kernel_matern_kappa=3.0_nu=3.0_alpha_0.7,0.5154625068418172,0.7725723450642417,0.7729813213148139,False,en,0.7864406779661017
semantic_kernel_matern_kappa=3.0_nu=3.0_alpha_0.8,0.509304871373837,0.7814209660599789,0.7817999469851418,False,en,0.7864406779661017
semantic_kernel_matern_kappa=3.0_nu=3.0_alpha_0.9,0.5067049808429119,0.7789325657485735,0.7793199819290294,False,en,0.7864406779661017
semantic_kernel_matern_kappa=3.0_nu=3.0_alpha_1.0,0.5209701696770662,0.7871591266254809,0.7875186561588964,False,en,0.7864406779661017
semantic_kernel_maternn_kappa=3.0_nu=3.0_alpha_0.0,0.5426929392446633,0.7802259823903988,0.7806090141076618,False,en,0.7864406779661017
semantic_kernel_maternn_kappa=3.0_nu=3.0_alpha_0.1,0.5439244663382594,0.7811883456369146,0.7815681151058846,False,en,0.7864406779661017
semantic_kernel_maternn_kappa=3.0_nu=3.0_alpha_0.2,0.5435139573070608,0.7804637241596551,0.7808459499726158,False,en,0.7864406779661017
semantic_kernel_maternn_kappa=3.0_nu=3.0_alpha_0.3,0.5406403940886699,0.7792978784667228,0.7796840562989816,False,en,0.7864406779661017
semantic_kernel_maternn_kappa=3.0_nu=3.0_alpha_0.4,0.5395457033388067,0.780112687383242,0.780496103151377,False,en,0.7864406779661017
semantic_kernel_maternn_kappa=3.0_nu=3.0_alpha_0.5,0.5397509578544061,0.785917833887294,0.7862815711927033,False,en,0.7864406779661017
semantic_kernel_maternn_kappa=3.0_nu=3.0_alpha_0.6,0.5408456486042692,0.7801861758456567,0.7805693425003598,False,en,0.7864406779661017
semantic_kernel_maternn_kappa=3.0_nu=3.0_alpha_0.7,0.5366721401204159,0.7774433701950488,0.7761409192417877,False,en,0.7864406779661017
semantic_kernel_maternn_kappa=3.0_nu=3.0_alpha_0.8,0.5329775588396278,0.7885225988117891,0.7888775064055901,False,en,0.7864406779661017
semantic_kernel_maternn_kappa=3.0_nu=3.0_alpha_0.9,0.5296934865900383,0.7843357283980807,0.784704828772945,False,en,0.7864406779661017
semantic_kernel_maternn_kappa=3.0_nu=3.0_alpha_1.0,0.5272988505747127,0.7862867246127786,0.7866492114411523,False,en,0.7864406779661017
semantic_kernel_prod_heat_t=0.1,0.5416666666666666,0.7864229727402461,0.7867849977105607,False,en,0.7864406779661017
semantic_kernel_sum_heat_t=0.1,0.5329882677708765,0.7826333752779178,0.7830083175724531,False,en,0.7864406779661017
semantic_kernel_prod_heatn_t=0.1,0.539887794198139,0.7812363018694694,0.781615908774939,False,en,0.7864406779661017
semantic_kernel_sum_heatn_t=0.1,0.5231253420908593,0.7797363045591303,0.7801209962012453,False,en,0.7864406779661017
semantic_kernel_prod_heat_t=0.2,0.5461138478379858,0.787434987203991,0.7877935816168014,False,en,0.7864406779661017
semantic_kernel_sum_heat_t=0.2,0.523733862959285,0.7829776534552579,0.7834219697046503,False,en,0.7864406779661017
semantic_kernel_prod_heatn_t=0.2,0.5400930487137383,0.781353573834227,0.7817327832076127,False,en,0.7864406779661017
semantic_kernel_sum_heatn_t=0.2,0.5233990147783251,0.7772206667707129,0.7776138859985513,False,en,0.7864406779661017
semantic_kernel_prod_heat_t=0.3,0.5440613026819924,0.7891783071482557,0.7895309920019329,False,en,0.7864406779661017
semantic_kernel_sum_heat_t=0.3,0.5148717948717949,0.755713287340031,0.7563100227252688,False,en,0.7864406779661017
semantic_kernel_prod_heatn_t=0.3,0.539887794198139,0.7809996954889895,0.7813801044499862,False,en,0.7864406779661017
semantic_kernel_sum_heatn_t=0.3,0.5237411056376574,0.7771760139561259,0.7775693845494374,False,en,0.7864406779661017
semantic_kernel_prod_heat_t=0.4,0.5379036672140121,0.787527310705435,0.7878855921572235,False,en,0.7864406779661017
semantic_kernel_sum_heat_t=0.4,0.49272210138865646,0.7506238684062181,0.7513449907329318,False,en,0.7864406779661017
semantic_kernel_prod_heatn_t=0.4,0.5403667214012041,0.7811938325812691,0.7815735834504275,False,en,0.7864406779661017
semantic_kernel_sum_heatn_t=0.4,0.5226464148877942,0.7799984895417474,0.7803822924212094,False,en,0.7864406779661017
semantic_kernel_prod_heat_t=0.5,0.5361932129173508,0.7874504208260427,0.7878089629214902,False,en,0.7864406779661017
semantic_kernel_sum_heat_t=0.5,0.48326482677627713,0.7494930227022139,0.7502918526724776,False,en,0.7864406779661017
semantic_kernel_prod_heatn_t=0.5,0.5402298850574713,0.7812347982780626,0.7816144102804524,False,en,0.7864406779661017
semantic_kernel_sum_heatn_t=0.5,0.5223727422003284,0.7799463520514291,0.7803303316681465,False,en,0.7864406779661017
semantic_kernel_prod_heat_t=0.6,0.5311302681992338,0.7868869714191347,0.7872474235125716,False,en,0.7864406779661017
semantic_kernel_sum_heat_t=0.6,0.4778947368421052,0.7473660726569016,0.7482008549278536,False,en,0.7864406779661017
semantic_kernel_prod_heatn_t=0.6,0.5400246305418719,0.7839061580918456,0.7842767146372395,False,en,0.7864406779661017
semantic_kernel_sum_heatn_t=0.6,0.5220990695128626,0.7782128126727481,0.7786026686941389,False,en,0.7864406779661017
semantic_kernel_prod_heat_t=0.7,0.5280514504652436,0.7871589838522172,0.7875185138696097,False,en,0.7864406779661017
semantic_kernel_sum_heat_t=0.7,0.4530672579453067,0.7565399624133791,0.7574225957904136,False,en,0.7864406779661017
semantic_kernel_prod_heatn_t=0.7,0.5400246305418719,0.7814816563916791,0.781860431586904,False,en,0.7864406779661017
semantic_kernel_sum_heatn_t=0.7,0.5222359058565955,0.7786455912198579,0.7790339801953263,False,en,0.7864406779661017
semantic_kernel_prod_matern_kappa=1.0_nu=1.0,0.5387931034482758,0.7844246781995128,0.7847934770496264,False,en,0.7864406779661017
semantic_kernel_sum_matern_kappa=1.0_nu=1.0,0.5271620142309797,0.770792696919189,0.7695127906211005,False,en,0.7864406779661017
semantic_kernel_prod_maternn_kappa=1.0_nu=1.0,0.5393404488232074,0.7836105182726821,0.7839820769869547,False,en,0.7864406779661017
semantic_kernel_sum_maternn_kappa=1.0_nu=1.0,0.5213464696223317,0.7620890832146104,0.7608386806917916,False,en,0.7864406779661017
semantic_kernel_prod_matern_kappa=1.0_nu=2.0,0.5390667761357416,0.7883060701375627,0.7886617117268694,False,en,0.7864406779661017
semantic_kernel_sum_matern_kappa=1.0_nu=2.0,0.521967213114754,0.7868800349922296,0.7872523308256714,False,en,0.7864406779661017
semantic_kernel_prod_maternn_kappa=1.0_nu=2.0,0.5396825396825397,0.7840302258618668,0.7844003618385487,False,en,0.7864406779661017
semantic_kernel_sum_maternn_kappa=1.0_nu=2.0,0.5225095785440613,0.7821627315668123,0.78253919803263,False,en,0.7864406779661017
semantic_kernel_prod_matern_kappa=1.0_nu=3.0,0.5396141215106732,0.7856706234813395,0.7860351987881251,False,en,0.7864406779661017
semantic_kernel_sum_matern_kappa=1.0_nu=3.0,0.5210355987055016,0.785020622996867,0.7854480584705477,False,en,0.7864406779661017
semantic_kernel_prod_maternn_kappa=1.0_nu=3.0,0.5395457033388068,0.7842966336164828,0.7846658665160304,False,en,0.7864406779661017
semantic_kernel_sum_maternn_kappa=1.0_nu=3.0,0.5220990695128627,0.7792759657179106,0.7796622178306737,False,en,0.7864406779661017
semantic_kernel_prod_matern_kappa=2.0_nu=1.0,0.5269567597153804,0.7795272781504212,0.7799126783566335,False,en,0.7864406779661017
semantic_kernel_sum_matern_kappa=2.0_nu=1.0,0.5154625068418172,0.7842374979639808,0.7846069313233673,False,en,0.7864406779661017
semantic_kernel_prod_maternn_kappa=2.0_nu=1.0,0.5324302134646961,0.7789661581365183,0.7793534604444727,False,en,0.7864406779661017
semantic_kernel_sum_maternn_kappa=2.0_nu=1.0,0.5178571428571429,0.7798280780072595,0.7802124585529401,False,en,0.7864406779661017
semantic_kernel_prod_matern_kappa=2.0_nu=2.0,0.5242200328407225,0.7844553304363011,0.7848240253805273,False,en,0.7864406779661017
semantic_kernel_sum_matern_kappa=2.0_nu=2.0,0.5120692832135618,0.784662436465308,0.7850916725852825,False,en,0.7864406779661017
semantic_kernel_prod_maternn_kappa=2.0_nu=2.0,0.5357142857142857,0.7832712787235416,0.7836439874023873,False,en,0.7864406779661017
semantic_kernel_sum_maternn_kappa=2.0_nu=2.0,0.5166256157635468,0.7800349382622983,0.7804186175867752,False,en,0.7864406779661017
semantic_kernel_prod_matern_kappa=2.0_nu=3.0,0.5257936507936508,0.7865908247165552,0.7869522806971196,False,en,0.7864406779661017
semantic_kernel_sum_matern_kappa=2.0_nu=3.0,0.49296187683284454,0.7633208761431884,0.7639546769473979,False,en,0.7864406779661017
semantic_kernel_prod_maternn_kappa=2.0_nu=3.0,0.5363984674329502,0.7866473878903057,0.787008652131298,False,en,0.7864406779661017
semantic_kernel_sum_maternn_kappa=2.0_nu=3.0,0.5155309250136836,0.7764854966867483,0.7768812080165662,False,en,0.7864406779661017
semantic_kernel_prod_matern_kappa=3.0_nu=1.0,0.5190886699507389,0.7716513039680286,0.770368487137571,False,en,0.7864406779661017
semantic_kernel_sum_matern_kappa=3.0_nu=1.0,0.5128626163108921,0.7796700338630818,0.780054950151624,False,en,0.7864406779661017
semantic_kernel_prod_maternn_kappa=3.0_nu=1.0,0.5301039956212369,0.7688310311719726,0.7675577745882813,False,en,0.7864406779661017
semantic_kernel_sum_maternn_kappa=3.0_nu=1.0,0.5095101258894362,0.778504032071965,0.7788929009089516,False,en,0.7864406779661017
semantic_kernel_prod_matern_kappa=3.0_nu=2.0,0.5212096332785987,0.7715150068096213,0.7702326520034295,False,en,0.7864406779661017
semantic_kernel_sum_matern_kappa=3.0_nu=2.0,0.5203325320512822,0.7886851334999285,0.7891144674730878,False,en,0.7864406779661017
semantic_kernel_prod_maternn_kappa=3.0_nu=2.0,0.5275725232621783,0.772454998411062,0.771169457192662,False,en,0.7864406779661017
semantic_kernel_sum_maternn_kappa=3.0_nu=2.0,0.506568144499179,0.7784502789063141,0.7788393299574218,False,en,0.7864406779661017
semantic_kernel_prod_matern_kappa=3.0_nu=3.0,0.5201149425287356,0.7718026507222734,0.770519320851971,False,en,0.7864406779661017
semantic_kernel_sum_matern_kappa=3.0_nu=3.0,0.46436561201661875,0.7533288697317635,0.754044699502911,False,en,0.7864406779661017
semantic_kernel_prod_maternn_kappa=3.0_nu=3.0,0.5268883415435138,0.7715659248154482,0.7702833974058467,False,en,0.7864406779661017
semantic_kernel_sum_maternn_kappa=3.0_nu=3.0,0.504584017515052,0.7714443117728998,0.7701621966109004,False,en,0.7864406779661017
full_klu_heat_t=0.1_alpha_0.0,0.5431034482758621,0.7871278248789759,0.7874874605200065,False,en,0.7864406779661017
full_klu_heat_t=0.1_alpha_0.1,0.5440613026819924,0.7929407921021435,0.7932807227695365,False,en,0.7864406779661017
full_klu_heat_t=0.1_alpha_0.2,0.543856048166393,0.7927751106773369,0.7931156029766784,False,en,0.7864406779661017
full_klu_heat_t=0.1_alpha_0.3,0.543992884510126,0.7928074048986671,0.7931477877260718,False,en,0.7864406779661017
full_klu_heat_t=0.1_alpha_0.4,0.5444033935413246,0.7925599680985744,0.7929011896947931,False,en,0.7864406779661017
full_klu_heat_t=0.1_alpha_0.5,0.5446086480569239,0.7927987300522102,0.7931391422858741,False,en,0.7864406779661017
full_klu_heat_t=0.1_alpha_0.6,0.5449507389162561,0.7911842121657311,0.791530097341383,False,en,0.7864406779661017
full_klu_heat_t=0.1_alpha_0.7,0.5441981390257252,0.7885243893739342,0.7888792908980328,False,en,0.7864406779661017
full_klu_heat_t=0.1_alpha_0.8,0.544471811713191,0.7888925348289073,0.7892461884023112,False,en,0.7864406779661017
full_klu_heat_t=0.1_alpha_0.9,0.5428981937602628,0.7870587694072451,0.7874186391346206,False,en,0.7864406779661017
full_klu_heat_t=0.1_alpha_1.0,0.5387931034482759,0.8397406793787499,0.8399219663604592,False,en,0.7864406779661017
full_klu_heatn_t=0.1_alpha_0.0,0.5431034482758621,0.7871278248789759,0.7874874605200065,False,en,0.7864406779661017
full_klu_heatn_t=0.1_alpha_0.1,0.544608648056924,0.7940119772166669,0.7943482767480784,False,en,0.7864406779661017
full_klu_heatn_t=0.1_alpha_0.2,0.5444033935413246,0.7935300325962507,0.7938679658382398,False,en,0.7864406779661017
full_klu_heatn_t=0.1_alpha_0.3,0.5441981390257253,0.7933599230170416,0.7936984329016722,False,en,0.7864406779661017
full_klu_heatn_t=0.1_alpha_0.4,0.543992884510126,0.7934580931804407,0.7937962702848564,False,en,0.7864406779661017
full_klu_heatn_t=0.1_alpha_0.5,0.5439244663382594,0.793255187643097,0.7935940525628934,False,en,0.7864406779661017
full_klu_heatn_t=0.1_alpha_0.6,0.5449507389162562,0.793588492089389,0.7939262271636048,False,en,0.7864406779661017
full_klu_heatn_t=0.1_alpha_0.7,0.5446770662287904,0.7937785864874245,0.7941156771738505,False,en,0.7864406779661017
full_klu_heatn_t=0.1_alpha_0.8,0.5427613574165299,0.7777464571943242,0.7764429788275063,False,en,0.7864406779661017
full_klu_heatn_t=0.1_alpha_0.9,0.5426245210727969,0.777397633209535,0.7760953372969029,False,en,0.7864406779661017
full_klu_heatn_t=0.1_alpha_1.0,0.4503626163108922,0.7456671755709964,0.7444724405317152,False,en,0.7864406779661017
full_klu_heat_t=0.2_alpha_0.0,0.5431034482758621,0.7871278248789759,0.7874874605200065,False,en,0.7864406779661017
full_klu_heat_t=0.2_alpha_0.1,0.544471811713191,0.7932261429033991,0.7935651062799403,False,en,0.7864406779661017
full_klu_heat_t=0.2_alpha_0.2,0.5441981390257251,0.7899351925587461,0.7902853116991675,False,en,0.7864406779661017
full_klu_heat_t=0.2_alpha_0.3,0.5445402298850575,0.7884439463185582,0.7887991205309802,False,en,0.7864406779661017
full_klu_heat_t=0.2_alpha_0.4,0.5437192118226601,0.7885095951368275,0.7888645468108825,False,en,0.7864406779661017
full_klu_heat_t=0.2_alpha_0.5,0.5434455391351943,0.791899515080442,0.7922429755004509,False,en,0.7864406779661017
full_klu_heat_t=0.2_alpha_0.6,0.5440613026819924,0.7885942430123289,0.788948907744433,False,en,0.7864406779661017
full_klu_heat_t=0.2_alpha_0.7,0.5431034482758621,0.7870517846159908,0.787411678020625,False,en,0.7864406779661017
full_klu_heat_t=0.2_alpha_0.8,0.5418035030103996,0.7901384685603325,0.790487898629562,False,en,0.7864406779661017
full_klu_heat_t=0.2_alpha_0.9,0.5319512862616311,0.786146832069055,0.7865097931094412,False,en,0.7864406779661017
full_klu_heat_t=0.2_alpha_1.0,0.5406746031746031,0.8387937693502824,0.8389782661964951,False,en,0.7864406779661017
full_klu_heatn_t=0.2_alpha_0.0,0.5431034482758621,0.7871278248789759,0.7874874605200065,False,en,0.7864406779661017
full_klu_heatn_t=0.2_alpha_0.1,0.5446086480569239,0.7940132935408023,0.7943495886100982,False,en,0.7864406779661017
full_klu_heatn_t=0.2_alpha_0.2,0.5442665571975916,0.7936362277420308,0.793973801000475,False,en,0.7864406779661017
full_klu_heatn_t=0.2_alpha_0.3,0.5444033935413246,0.7935866829233369,0.7939244241303189,False,en,0.7864406779661017
full_klu_heatn_t=0.2_alpha_0.4,0.5437192118226601,0.7934049837982473,0.793743340934467,False,en,0.7864406779661017
full_klu_heatn_t=0.2_alpha_0.5,0.5433771209633279,0.790368215575848,0.7907168668416352,False,en,0.7864406779661017
full_klu_heatn_t=0.2_alpha_0.6,0.5423508483853311,0.7775890870117588,0.7762861421031869,False,en,0.7864406779661017
full_klu_heatn_t=0.2_alpha_0.7,0.5425561029009305,0.779122846617406,0.7778147025237302,False,en,0.7864406779661017
full_klu_heatn_t=0.2_alpha_0.8,0.5415298303229338,0.7774795852348442,0.7761770115187365,False,en,0.7864406779661017
full_klu_heatn_t=0.2_alpha_0.9,0.5408456486042693,0.7776164032525784,0.7763133657465799,False,en,0.7864406779661017
full_klu_heatn_t=0.2_alpha_1.0,0.4516283524904215,0.7463453548965313,0.7451483209442822,False,en,0.7864406779661017
full_klu_heat_t=0.3_alpha_0.0,0.5431034482758621,0.7871278248789759,0.7874874605200065,False,en,0.7864406779661017
full_klu_heat_t=0.3_alpha_0.1,0.5450875752599891,0.793032319244401,0.7933719396502946,False,en,0.7864406779661017
full_klu_heat_t=0.3_alpha_0.2,0.5445402298850575,0.7889174867548056,0.7892710557454098,False,en,0.7864406779661017
full_klu_heat_t=0.3_alpha_0.3,0.544471811713191,0.7888820130730583,0.7892357023134311,False,en,0.7864406779661017
full_klu_heat_t=0.3_alpha_0.4,0.5457717569786535,0.7895183133048909,0.7898698455953252,False,en,0.7864406779661017
full_klu_heat_t=0.3_alpha_0.5,0.543856048166393,0.7901182165496403,0.7904677152697536,False,en,0.7864406779661017
full_klu_heat_t=0.3_alpha_0.6,0.5427613574165299,0.7885303445285214,0.7888852258656553,False,en,0.7864406779661017
full_klu_heat_t=0.3_alpha_0.7,0.541256157635468,0.7901365105032423,0.7904859472099536,False,en,0.7864406779661017
full_klu_heat_t=0.3_alpha_0.8,0.534551176792556,0.7897433083744455,0.790094077969729,False,en,0.7864406779661017
full_klu_heat_t=0.3_alpha_0.9,0.5298987411056376,0.7909747573791519,0.7913213525710294,False,en,0.7864406779661017
full_klu_heat_t=0.3_alpha_1.0,0.5404693486590039,0.8395150346894289,0.8396970865683903,False,en,0.7864406779661017
full_klu_heatn_t=0.3_alpha_0.0,0.5431034482758621,0.7871278248789759,0.7874874605200065,False,en,0.7864406779661017
full_klu_heatn_t=0.3_alpha_0.1,0.5446086480569239,0.7924832657774905,0.7928247473815773,False,en,0.7864406779661017
full_klu_heatn_t=0.3_alpha_0.2,0.5441981390257252,0.7935968985475494,0.7939346051252969,False,en,0.7864406779661017
full_klu_heatn_t=0.3_alpha_0.3,0.544608648056924,0.793638324711999,0.7939758908620703,False,en,0.7864406779661017
full_klu_heatn_t=0.3_alpha_0.4,0.5427613574165299,0.7790019942373025,0.7776942598127119,False,en,0.7864406779661017
full_klu_heatn_t=0.3_alpha_0.5,0.5422824302134647,0.7773772049817311,0.7760749783173289,False,en,0.7864406779661017
full_klu_heatn_t=0.3_alpha_0.6,0.5417350848385332,0.7773782424955856,0.7760760123141871,False,en,0.7864406779661017
full_klu_heatn_t=0.3_alpha_0.7,0.5416666666666666,0.777513039950423,0.7762103528284997,False,en,0.7864406779661017
full_klu_heatn_t=0.3_alpha_0.8,0.5409824849480022,0.7774453019828613,0.7761428444811671,False,en,0.7864406779661017
full_klu_heatn_t=0.3_alpha_0.9,0.535303776683087,0.7765022193550053,0.7752029587435749,False,en,0.7864406779661017
full_klu_heatn_t=0.3_alpha_1.0,0.44923371647509575,0.7450482599529947,0.7438556229327576,False,en,0.7864406779661017
full_klu_heat_t=0.4_alpha_0.0,0.5431034482758621,0.7871278248789759,0.7874874605200065,False,en,0.7864406779661017
full_klu_heat_t=0.4_alpha_0.1,0.5454296661193213,0.7909194738511813,0.7912662564448489,False,en,0.7864406779661017
full_klu_heat_t=0.4_alpha_0.2,0.5451559934318555,0.7891647590693183,0.7895174898486867,False,en,0.7864406779661017
full_klu_heat_t=0.4_alpha_0.3,0.5452928297755884,0.790674950130716,0.7910225616183509,False,en,0.7864406779661017
full_klu_heat_t=0.4_alpha_0.4,0.545703338806787,0.7893696243633016,0.7897216606840464,False,en,0.7864406779661017
full_klu_heat_t=0.4_alpha_0.5,0.5441297208538588,0.7877100442581948,0.7880677062742112,False,en,0.7864406779661017
full_klu_heat_t=0.4_alpha_0.6,0.5422140120415982,0.7887995198534101,0.7891534887318158,False,en,0.7864406779661017
full_klu_heat_t=0.4_alpha_0.7,0.5387931034482758,0.7906929447283602,0.7910404952173591,False,en,0.7864406779661017
full_klu_heat_t=0.4_alpha_0.8,0.5328407224958949,0.788022468843137,0.7883790717927638,False,en,0.7864406779661017
full_klu_heat_t=0.4_alpha_0.9,0.5277777777777778,0.7876442805969756,0.7880021655406572,False,en,0.7864406779661017
full_klu_heat_t=0.4_alpha_1.0,0.5401272577996716,0.8374713999724065,0.8376603794266798,False,en,0.7864406779661017
full_klu_heatn_t=0.4_alpha_0.0,0.5431034482758621,0.7871278248789759,0.7874874605200065,False,en,0.7864406779661017
full_klu_heatn_t=0.4_alpha_0.1,0.5441981390257252,0.7922036829025246,0.7925461122451705,False,en,0.7864406779661017
full_klu_heatn_t=0.4_alpha_0.2,0.5439928845101258,0.7935765364461875,0.7939143120480073,False,en,0.7864406779661017
full_klu_heatn_t=0.4_alpha_0.3,0.5441981390257252,0.7938918114725303,0.7942285183454474,False,en,0.7864406779661017
full_klu_heatn_t=0.4_alpha_0.4,0.5422140120415982,0.7772013845668815,0.7758997539038854,False,en,0.7864406779661017
full_klu_heatn_t=0.4_alpha_0.5,0.5414614121510672,0.7772476358163759,0.7759458483694833,False,en,0.7864406779661017
full_klu_heatn_t=0.4_alpha_0.6,0.541735084838533,0.7776281400832394,0.7763250627913743,False,en,0.7864406779661017
full_klu_heatn_t=0.4_alpha_0.7,0.5409824849480023,0.7774243493236667,0.7761219628479357,False,en,0.7864406779661017
full_klu_heatn_t=0.4_alpha_0.8,0.5400246305418719,0.7779041737148037,0.776600160715713,False,en,0.7864406779661017
full_klu_heatn_t=0.4_alpha_0.9,0.5318828680897647,0.7786402470757607,0.7790286541669718,False,en,0.7864406779661017
full_klu_heatn_t=0.4_alpha_1.0,0.4504310344827586,0.7461142112167849,0.7449179608024332,False,en,0.7864406779661017
full_klu_heat_t=0.5_alpha_0.0,0.5431034482758621,0.7871278248789759,0.7874874605200065,False,en,0.7864406779661017
full_klu_heat_t=0.5_alpha_0.1,0.5448823207443897,0.7900428342330081,0.7903925884863982,False,en,0.7864406779661017
full_klu_heat_t=0.5_alpha_0.2,0.5459085933223864,0.7928434023220566,0.7931836631242972,False,en,0.7864406779661017
full_klu_heat_t=0.5_alpha_0.3,0.5459770114942529,0.7911481855992262,0.7914941928988325,False,en,0.7864406779661017
full_klu_heat_t=0.5_alpha_0.4,0.5467296113847838,0.7907901932302541,0.7911374140633143,False,en,0.7864406779661017
full_klu_heat_t=0.5_alpha_0.5,0.5441981390257252,0.788297815298054,0.7886534848698675,False,en,0.7864406779661017
full_klu_heat_t=0.5_alpha_0.6,0.5438560481663931,0.7891822635071524,0.7895349349494437,False,en,0.7864406779661017
full_klu_heat_t=0.5_alpha_0.7,0.5394772851669403,0.7901735870365789,0.7905228980601262,False,en,0.7864406779661017
full_klu_heat_t=0.5_alpha_0.8,0.5333880678708265,0.7882125134426388,0.7885684721732843,False,en,0.7864406779661017
full_klu_heat_t=0.5_alpha_0.9,0.5268883415435139,0.7847319132002228,0.7850996705757577,False,en,0.7864406779661017
full_klu_heat_t=0.5_alpha_1.0,0.5392036124794746,0.8374868693270785,0.8376757963428614,False,en,0.7864406779661017
full_klu_heatn_t=0.5_alpha_0.0,0.5431034482758621,0.7871278248789759,0.7874874605200065,False,en,0.7864406779661017
full_klu_heatn_t=0.5_alpha_0.1,0.5442665571975916,0.7922395955406082,0.7925819031454979,False,en,0.7864406779661017
full_klu_heatn_t=0.5_alpha_0.2,0.5436507936507937,0.7922143718335336,0.792556764942515,False,en,0.7864406779661017
full_klu_heatn_t=0.5_alpha_0.3,0.5424192665571976,0.7773104367404999,0.7760084364091188,False,en,0.7864406779661017
full_klu_heatn_t=0.5_alpha_0.4,0.5415982484948003,0.7775370232855037,0.7762342548641394,False,en,0.7864406779661017
full_klu_heatn_t=0.5_alpha_0.5,0.5415982484948002,0.7775757576855864,0.7762728579611708,False,en,0.7864406779661017
full_klu_heatn_t=0.5_alpha_0.6,0.5412561576354681,0.7776549498172665,0.7763517816449471,False,en,0.7864406779661017
full_klu_heatn_t=0.5_alpha_0.7,0.5403667214012041,0.7768979996265306,0.7755973973870612,False,en,0.7864406779661017
full_klu_heatn_t=0.5_alpha_0.8,0.5387246852764094,0.7775476154053956,0.7762448110785403,False,en,0.7864406779661017
full_klu_heatn_t=0.5_alpha_0.9,0.5270251778872468,0.7798070672436272,0.7801915190122355,False,en,0.7864406779661017
full_klu_heatn_t=0.5_alpha_1.0,0.4510810071154898,0.745989783693874,0.7447939550677357,False,en,0.7864406779661017
full_klu_heat_t=0.6_alpha_0.0,0.5431034482758621,0.7871278248789759,0.7874874605200065,False,en,0.7864406779661017
full_klu_heat_t=0.6_alpha_0.1,0.545087575259989,0.7928992949763994,0.7932393663120152,False,en,0.7864406779661017
full_klu_heat_t=0.6_alpha_0.2,0.5443349753694582,0.7907266177636034,0.7910740541067202,False,en,0.7864406779661017
full_klu_heat_t=0.6_alpha_0.3,0.5462506841817187,0.789368695221901,0.7897207346922777,False,en,0.7864406779661017
full_klu_heat_t=0.6_alpha_0.4,0.5465243568691844,0.7897668920334298,0.7901175816841065,False,en,0.7864406779661017
full_klu_heat_t=0.6_alpha_0.5,0.5456349206349206,0.791333270309958,0.7916786502037652,False,en,0.7864406779661017
full_klu_heat_t=0.6_alpha_0.6,0.5456349206349206,0.7888330595617403,0.7891869147462194,False,en,0.7864406779661017
full_klu_heat_t=0.6_alpha_0.7,0.5411877394636015,0.7913898411877809,0.7917350293159005,False,en,0.7864406779661017
full_klu_heat_t=0.6_alpha_0.8,0.5359195402298851,0.7910161464439106,0.7913626013338737,False,en,0.7864406779661017
full_klu_heat_t=0.6_alpha_0.9,0.5294198139025725,0.7850337029612344,0.7854004373206304,False,en,0.7864406779661017
full_klu_heat_t=0.6_alpha_1.0,0.5416666666666666,0.8381347111229442,0.8383214420648429,False,en,0.7864406779661017
full_klu_heatn_t=0.6_alpha_0.0,0.5431034482758621,0.7871278248789759,0.7874874605200065,False,en,0.7864406779661017
full_klu_heatn_t=0.6_alpha_0.1,0.5440613026819924,0.7921519205759784,0.7924945253841379,False,en,0.7864406779661017
full_klu_heatn_t=0.6_alpha_0.2,0.5433087027914615,0.7923923180817134,0.792734107983074,False,en,0.7864406779661017
full_klu_heatn_t=0.6_alpha_0.3,0.541735084838533,0.7771303852223037,0.7758289952350519,False,en,0.7864406779661017
full_klu_heatn_t=0.6_alpha_0.4,0.5417350848385332,0.7775643486120614,0.7762614875624715,False,en,0.7864406779661017
full_klu_heatn_t=0.6_alpha_0.5,0.5408456486042693,0.7775918534242268,0.7762888991379854,False,en,0.7864406779661017
full_klu_heatn_t=0.6_alpha_0.6,0.5407088122605365,0.777419327803346,0.776116958349718,False,en,0.7864406779661017
full_klu_heatn_t=0.6_alpha_0.7,0.539887794198139,0.7767871024453122,0.7754868761284911,False,en,0.7864406779661017
full_klu_heatn_t=0.6_alpha_0.8,0.5354406130268199,0.7783516784401159,0.7770461484758546,False,en,0.7864406779661017
full_klu_heatn_t=0.6_alpha_0.9,0.5220306513409961,0.7798495662815713,0.7802338739856441,False,en,0.7864406779661017
full_klu_heatn_t=0.6_alpha_1.0,0.45025998905309245,0.7459041515644118,0.7447086132166784,False,en,0.7864406779661017
full_klu_heat_t=0.7_alpha_0.0,0.5431034482758621,0.7871278248789759,0.7874874605200065,False,en,0.7864406779661017
full_klu_heat_t=0.7_alpha_0.1,0.5455665024630542,0.7930666207012591,0.7934061248310278,False,en,0.7864406779661017
full_klu_heat_t=0.7_alpha_0.2,0.5448823207443897,0.7908925832824518,0.7912394570305894,False,en,0.7864406779661017
full_klu_heat_t=0.7_alpha_0.3,0.5457033388067871,0.7911616621615601,0.7915076237779042,False,en,0.7864406779661017
full_klu_heat_t=0.7_alpha_0.4,0.5465243568691845,0.7934465975486611,0.79378481362132,False,en,0.7864406779661017
full_klu_heat_t=0.7_alpha_0.5,0.5469348659003832,0.7894944412575269,0.7898460544701559,False,en,0.7864406779661017
full_klu_heat_t=0.7_alpha_0.6,0.5453612479474549,0.789161991288812,0.7895147314504875,False,en,0.7864406779661017
full_klu_heat_t=0.7_alpha_0.7,0.5433087027914614,0.7894970930479345,0.7898486972714432,False,en,0.7864406779661017
full_klu_heat_t=0.7_alpha_0.8,0.5377668308702791,0.788633033496032,0.7889875667349711,False,en,0.7864406779661017
full_klu_heat_t=0.7_alpha_0.9,0.5313355227148331,0.786335352811961,0.7866976747989816,False,en,0.7864406779661017
full_klu_heat_t=0.7_alpha_1.0,0.5411535303776683,0.8406404655292188,0.8408187023883843,False,en,0.7864406779661017
full_klu_heatn_t=0.7_alpha_0.0,0.5431034482758621,0.7871278248789759,0.7874874605200065,False,en,0.7864406779661017
full_klu_heatn_t=0.7_alpha_0.1,0.543856048166393,0.7920890649106214,0.792431882788833,False,en,0.7864406779661017
full_klu_heatn_t=0.7_alpha_0.2,0.5428981937602627,0.7922448593526218,0.7925871491140809,False,en,0.7864406779661017
full_klu_heatn_t=0.7_alpha_0.3,0.5429666119321291,0.7926795237434148,0.7930203400662611,False,en,0.7864406779661017
full_klu_heatn_t=0.7_alpha_0.4,0.541256157635468,0.7776810476653091,0.7763777910257083,False,en,0.7864406779661017
full_klu_heatn_t=0.7_alpha_0.5,0.5408456486042693,0.7771471197792427,0.7758456730646793,False,en,0.7864406779661017
full_klu_heatn_t=0.7_alpha_0.6,0.5402298850574712,0.7774202171910952,0.7761178447225934,False,en,0.7864406779661017
full_klu_heatn_t=0.7_alpha_0.7,0.5395457033388068,0.7774359807423044,0.7761335548380357,False,en,0.7864406779661017
full_klu_heatn_t=0.7_alpha_0.8,0.534072249589491,0.7793702776442248,0.779756210055543,False,en,0.7864406779661017
full_klu_heatn_t=0.7_alpha_0.9,0.5181308155446087,0.7765927330349862,0.7769880808517592,False,en,0.7864406779661017
full_klu_heatn_t=0.7_alpha_1.0,0.45080733442802406,0.7456773275217758,0.7461774733233395,False,en,0.7864406779661017
full_klu_matern_kappa=1.0_nu=1.0_alpha_0.0,0.5431034482758621,0.7871278248789759,0.7874874605200065,False,en,0.7864406779661017
full_klu_matern_kappa=1.0_nu=1.0_alpha_0.1,0.5443349753694582,0.792975732028052,0.7933155442550182,False,en,0.7864406779661017
full_klu_matern_kappa=1.0_nu=1.0_alpha_0.2,0.5447454844006568,0.793260988779182,0.7935998340341105,False,en,0.7864406779661017
full_klu_matern_kappa=1.0_nu=1.0_alpha_0.3,0.5454980842911877,0.7935295082737058,0.7938674432930597,False,en,0.7864406779661017
full_klu_matern_kappa=1.0_nu=1.0_alpha_0.4,0.5457033388067871,0.7912157067314836,0.7915614851458955,False,en,0.7864406779661017
full_klu_matern_kappa=1.0_nu=1.0_alpha_0.5,0.5457717569786535,0.7911334755389288,0.7914795327031462,False,en,0.7864406779661017
full_klu_matern_kappa=1.0_nu=1.0_alpha_0.6,0.5455665024630542,0.7890249022701024,0.7893781071403158,False,en,0.7864406779661017
full_klu_matern_kappa=1.0_nu=1.0_alpha_0.7,0.5454296661193213,0.7890408569495442,0.7893940077360985,False,en,0.7864406779661017
full_klu_matern_kappa=1.0_nu=1.0_alpha_0.8,0.5448823207443897,0.7882225916935939,0.7885785162606768,False,en,0.7864406779661017
full_klu_matern_kappa=1.0_nu=1.0_alpha_0.9,0.5407088122605364,0.788826543812904,0.7891804210846671,False,en,0.7864406779661017
full_klu_matern_kappa=1.0_nu=1.0_alpha_1.0,0.540948275862069,0.8353228765404646,0.8355191391250156,False,en,0.7864406779661017
full_klu_maternn_kappa=1.0_nu=1.0_alpha_0.0,0.5431034482758621,0.7871278248789759,0.7874874605200065,False,en,0.7864406779661017
full_klu_maternn_kappa=1.0_nu=1.0_alpha_0.1,0.544471811713191,0.7922914219860893,0.7926335539081129,False,en,0.7864406779661017
full_klu_maternn_kappa=1.0_nu=1.0_alpha_0.2,0.5441297208538588,0.7936423573738244,0.7939799098538557,False,en,0.7864406779661017
full_klu_maternn_kappa=1.0_nu=1.0_alpha_0.3,0.5445402298850575,0.7939918537729347,0.7943282215194096,False,en,0.7864406779661017
full_klu_maternn_kappa=1.0_nu=1.0_alpha_0.4,0.54371921182266,0.7937019911585517,0.7940393414901601,False,en,0.7864406779661017
full_klu_maternn_kappa=1.0_nu=1.0_alpha_0.5,0.5431718664477285,0.7921338801630459,0.7924765461251476,False,en,0.7864406779661017
full_klu_maternn_kappa=1.0_nu=1.0_alpha_0.6,0.5433087027914615,0.7925398711880174,0.7928811609093565,False,en,0.7864406779661017
full_klu_maternn_kappa=1.0_nu=1.0_alpha_0.7,0.54064039408867,0.7769057881588426,0.7756051595175687,False,en,0.7864406779661017
full_klu_maternn_kappa=1.0_nu=1.0_alpha_0.8,0.5405035577449372,0.7774328001117983,0.776130384989328,False,en,0.7864406779661017
full_klu_maternn_kappa=1.0_nu=1.0_alpha_0.9,0.5322933771209634,0.7787956900931754,0.7791835702589037,False,en,0.7864406779661017
full_klu_maternn_kappa=1.0_nu=1.0_alpha_1.0,0.45067049808429116,0.7458074433562689,0.7463071480872071,False,en,0.7864406779661017
full_klu_matern_kappa=1.0_nu=2.0_alpha_0.0,0.5431034482758621,0.7871278248789759,0.7874874605200065,False,en,0.7864406779661017
full_klu_matern_kappa=1.0_nu=2.0_alpha_0.1,0.5449507389162562,0.7933535886982688,0.7936921200551663,False,en,0.7864406779661017
full_klu_matern_kappa=1.0_nu=2.0_alpha_0.2,0.5450191570881227,0.7907932873399874,0.7911404976845402,False,en,0.7864406779661017
full_klu_matern_kappa=1.0_nu=2.0_alpha_0.3,0.5454980842911877,0.7903038238688388,0.7906526934115988,False,en,0.7864406779661017
full_klu_matern_kappa=1.0_nu=2.0_alpha_0.4,0.5452244116037219,0.7888640805232274,0.7892178305519049,False,en,0.7864406779661017
full_klu_matern_kappa=1.0_nu=2.0_alpha_0.5,0.5437192118226601,0.7884349590598836,0.7887901637375891,False,en,0.7864406779661017
full_klu_matern_kappa=1.0_nu=2.0_alpha_0.6,0.545703338806787,0.7902980458670956,0.7906469349963023,False,en,0.7864406779661017
full_klu_matern_kappa=1.0_nu=2.0_alpha_0.7,0.5445402298850575,0.7877834360818455,0.7881408493120191,False,en,0.7864406779661017
full_klu_matern_kappa=1.0_nu=2.0_alpha_0.8,0.5416666666666667,0.7904553966884642,0.790803752425056,False,en,0.7864406779661017
full_klu_matern_kappa=1.0_nu=2.0_alpha_0.9,0.5315407772304325,0.7891795248649157,0.7895322055907398,False,en,0.7864406779661017
full_klu_matern_kappa=1.0_nu=2.0_alpha_1.0,0.5391694033935412,0.8373457201977244,0.8375351256851323,False,en,0.7864406779661017
full_klu_maternn_kappa=1.0_nu=2.0_alpha_0.0,0.5431034482758621,0.7871278248789759,0.7874874605200065,False,en,0.7864406779661017
full_klu_maternn_kappa=1.0_nu=2.0_alpha_0.1,0.5442665571975916,0.7922226863272305,0.7925650512514875,False,en,0.7864406779661017
full_klu_maternn_kappa=1.0_nu=2.0_alpha_0.2,0.5440613026819924,0.79361608715019,0.7939537286818268,False,en,0.7864406779661017
full_klu_maternn_kappa=1.0_nu=2.0_alpha_0.3,0.5441297208538588,0.7938761948775386,0.7942129546880657,False,en,0.7864406779661017
full_klu_maternn_kappa=1.0_nu=2.0_alpha_0.4,0.543240284619595,0.7920291283615191,0.7923721494144733,False,en,0.7864406779661017
full_klu_maternn_kappa=1.0_nu=2.0_alpha_0.5,0.5431034482758621,0.7925501873602133,0.7928914421114771,False,en,0.7864406779661017
full_klu_maternn_kappa=1.0_nu=2.0_alpha_0.6,0.5414614121510674,0.7774878466040758,0.7761852448833264,False,en,0.7864406779661017
full_klu_maternn_kappa=1.0_nu=2.0_alpha_0.7,0.5407088122605365,0.7773356332580176,0.7760335475147127,False,en,0.7864406779661017
full_klu_maternn_kappa=1.0_nu=2.0_alpha_0.8,0.5400930487137384,0.778029648612231,0.7767252102745049,False,en,0.7864406779661017
full_klu_maternn_kappa=1.0_nu=2.0_alpha_0.9,0.5309250136836344,0.7784874546598307,0.7788763796914348,False,en,0.7864406779661017
full_klu_maternn_kappa=1.0_nu=2.0_alpha_1.0,0.4502599890530925,0.7454680906013685,0.7442740304263912,False,en,0.7864406779661017
full_klu_matern_kappa=1.0_nu=3.0_alpha_0.0,0.5431034482758621,0.7871278248789759,0.7874874605200065,False,en,0.7864406779661017
full_klu_matern_kappa=1.0_nu=3.0_alpha_0.1,0.5448139025725233,0.793203275950488,0.7935423168421236,False,en,0.7864406779661017
full_klu_matern_kappa=1.0_nu=3.0_alpha_0.2,0.5454296661193213,0.7902387846450045,0.7905878746597099,False,en,0.7864406779661017
full_klu_matern_kappa=1.0_nu=3.0_alpha_0.3,0.5458401751505201,0.7890882348569729,0.7894412250404511,False,en,0.7864406779661017
full_klu_matern_kappa=1.0_nu=3.0_alpha_0.4,0.5453612479474548,0.7891732126983572,0.789525914821356,False,en,0.7864406779661017
full_klu_matern_kappa=1.0_nu=3.0_alpha_0.5,0.5457033388067871,0.7911917546446319,0.7915376142525586,False,en,0.7864406779661017
full_klu_matern_kappa=1.0_nu=3.0_alpha_0.6,0.5441297208538588,0.7894796462176767,0.7898313095829832,False,en,0.7864406779661017
full_klu_matern_kappa=1.0_nu=3.0_alpha_0.7,0.5425561029009305,0.788488593695386,0.7888436165607678,False,en,0.7864406779661017
full_klu_matern_kappa=1.0_nu=3.0_alpha_0.8,0.5385878489326765,0.7907556015049242,0.7911029395980703,False,en,0.7864406779661017
full_klu_matern_kappa=1.0_nu=3.0_alpha_0.9,0.5296250684181718,0.7877774040549275,0.7881348377326498,False,en,0.7864406779661017
full_klu_matern_kappa=1.0_nu=3.0_alpha_1.0,0.5401614668856048,0.8384844285300505,0.8386699739892132,False,en,0.7864406779661017
full_klu_maternn_kappa=1.0_nu=3.0_alpha_0.0,0.5431034482758621,0.7871278248789759,0.7874874605200065,False,en,0.7864406779661017
full_klu_maternn_kappa=1.0_nu=3.0_alpha_0.1,0.5443349753694581,0.7922520084008875,0.7925942739282846,False,en,0.7864406779661017
full_klu_maternn_kappa=1.0_nu=3.0_alpha_0.2,0.5439244663382595,0.7935177531926018,0.7938557280596881,False,en,0.7864406779661017
full_klu_maternn_kappa=1.0_nu=3.0_alpha_0.3,0.543992884510126,0.7938020121056015,0.7941390233831521,False,en,0.7864406779661017
full_klu_maternn_kappa=1.0_nu=3.0_alpha_0.4,0.5434455391351943,0.7921188792643974,0.792461596077003,False,en,0.7864406779661017
full_klu_maternn_kappa=1.0_nu=3.0_alpha_0.5,0.5417350848385332,0.7776247145934752,0.7763216489134397,False,en,0.7864406779661017
full_klu_maternn_kappa=1.0_nu=3.0_alpha_0.6,0.5409140667761357,0.777224710225494,0.7759230004924688,False,en,0.7864406779661017
full_klu_maternn_kappa=1.0_nu=3.0_alpha_0.7,0.5407088122605365,0.777379981293588,0.776077745217959,False,en,0.7864406779661017
full_klu_maternn_kappa=1.0_nu=3.0_alpha_0.8,0.5400930487137384,0.7773464663043768,0.7760443438388807,False,en,0.7864406779661017
full_klu_maternn_kappa=1.0_nu=3.0_alpha_0.9,0.5298987411056377,0.7789712829356545,0.7793585678714083,False,en,0.7864406779661017
full_klu_maternn_kappa=1.0_nu=3.0_alpha_1.0,0.4499521072796935,0.7452154225584612,0.7440222188853242,False,en,0.7864406779661017
full_klu_matern_kappa=2.0_nu=1.0_alpha_0.0,0.5431034482758621,0.7871278248789759,0.7874874605200065,False,en,0.7864406779661017
full_klu_matern_kappa=2.0_nu=1.0_alpha_0.1,0.5454980842911878,0.7934762098908448,0.7938143255826827,False,en,0.7864406779661017
full_klu_matern_kappa=2.0_nu=1.0_alpha_0.2,0.5455665024630542,0.7935677843144645,0.7939055895845275,False,en,0.7864406779661017
full_klu_matern_kappa=2.0_nu=1.0_alpha_0.3,0.5466611932129173,0.7936943835255852,0.79403175964578,False,en,0.7864406779661017
full_klu_matern_kappa=2.0_nu=1.0_alpha_0.4,0.5457717569786535,0.7910312662953523,0.7913776699315817,False,en,0.7864406779661017
full_klu_matern_kappa=2.0_nu=1.0_alpha_0.5,0.5452244116037219,0.7909885228505272,0.79133507137979,False,en,0.7864406779661017
full_klu_matern_kappa=2.0_nu=1.0_alpha_0.6,0.5461138478379858,0.792017661668962,0.7923607215920606,False,en,0.7864406779661017
full_klu_matern_kappa=2.0_nu=1.0_alpha_0.7,0.5452928297755885,0.788859959786204,0.7892137237834814,False,en,0.7864406779661017
full_klu_matern_kappa=2.0_nu=1.0_alpha_0.8,0.5426929392446633,0.7917259547272151,0.7920700034874043,False,en,0.7864406779661017
full_klu_matern_kappa=2.0_nu=1.0_alpha_0.9,0.5338669950738917,0.7900555677501271,0.7904052788390521,False,en,0.7864406779661017
full_klu_matern_kappa=2.0_nu=1.0_alpha_1.0,0.5389299397920088,0.8372113590253246,0.8374012199743339,False,en,0.7864406779661017
full_klu_maternn_kappa=2.0_nu=1.0_alpha_0.0,0.5431034482758621,0.7871278248789759,0.7874874605200065,False,en,0.7864406779661017
full_klu_maternn_kappa=2.0_nu=1.0_alpha_0.1,0.5437876299945266,0.7928927529768139,0.7932328464886995,False,en,0.7864406779661017
full_klu_maternn_kappa=2.0_nu=1.0_alpha_0.2,0.5432402846195951,0.7926831850266465,0.7930239889383631,False,en,0.7864406779661017
full_klu_maternn_kappa=2.0_nu=1.0_alpha_0.3,0.5428297755883963,0.7926155519495574,0.792956585125942,False,en,0.7864406779661017
full_klu_maternn_kappa=2.0_nu=1.0_alpha_0.4,0.5422824302134647,0.7921666556939696,0.7925092105525767,False,en,0.7864406779661017
full_klu_maternn_kappa=2.0_nu=1.0_alpha_0.5,0.5423508483853312,0.792453487682927,0.7927950702297072,False,en,0.7864406779661017
full_klu_maternn_kappa=2.0_nu=1.0_alpha_0.6,0.5417350848385332,0.790624526936641,0.7909723093503574,False,en,0.7864406779661017
full_klu_maternn_kappa=2.0_nu=1.0_alpha_0.7,0.5393404488232074,0.7898051398711559,0.7901556998681455,False,en,0.7864406779661017
full_klu_maternn_kappa=2.0_nu=1.0_alpha_0.8,0.5348932676518883,0.7909716366939741,0.7913182424644455,False,en,0.7864406779661017
full_klu_maternn_kappa=2.0_nu=1.0_alpha_0.9,0.5216201423097975,0.7866275943849197,0.7869889257225405,False,en,0.7864406779661017
full_klu_maternn_kappa=2.0_nu=1.0_alpha_1.0,0.42798987411056366,0.7343260382572577,0.7331697477512434,False,en,0.7864406779661017
full_klu_matern_kappa=2.0_nu=2.0_alpha_0.0,0.5431034482758621,0.7871278248789759,0.7874874605200065,False,en,0.7864406779661017
full_klu_matern_kappa=2.0_nu=2.0_alpha_0.1,0.5448823207443897,0.7932367627379387,0.7935756901150409,False,en,0.7864406779661017
full_klu_matern_kappa=2.0_nu=2.0_alpha_0.2,0.5456349206349206,0.7936622234336346,0.7939997085710903,False,en,0.7864406779661017
full_klu_matern_kappa=2.0_nu=2.0_alpha_0.3,0.5441981390257252,0.7926560220964942,0.7929969180859402,False,en,0.7864406779661017
full_klu_matern_kappa=2.0_nu=2.0_alpha_0.4,0.5447454844006568,0.7931822346714174,0.7935213468894228,False,en,0.7864406779661017
full_klu_matern_kappa=2.0_nu=2.0_alpha_0.5,0.5441981390257252,0.7908729214537675,0.7912198618521717,False,en,0.7864406779661017
full_klu_matern_kappa=2.0_nu=2.0_alpha_0.6,0.5434455391351943,0.7902737614598642,0.7906227329090953,False,en,0.7864406779661017
full_klu_matern_kappa=2.0_nu=2.0_alpha_0.7,0.5427613574165298,0.7921035252423778,0.7924462941025157,False,en,0.7864406779661017
full_klu_matern_kappa=2.0_nu=2.0_alpha_0.8,0.538656267104543,0.791201115459572,0.7915469433359228,False,en,0.7864406779661017
full_klu_matern_kappa=2.0_nu=2.0_alpha_0.9,0.5321565407772304,0.7873359020784441,0.7876948323730358,False,en,0.7864406779661017
full_klu_matern_kappa=2.0_nu=2.0_alpha_1.0,0.5376299945265463,0.8399330680907647,0.8401137029073488,False,en,0.7864406779661017
full_klu_maternn_kappa=2.0_nu=2.0_alpha_0.0,0.5431034482758621,0.7871278248789759,0.7874874605200065,False,en,0.7864406779661017
full_klu_maternn_kappa=2.0_nu=2.0_alpha_0.1,0.5435823754789272,0.7928133598463152,0.7931537224874567,False,en,0.7864406779661017
full_klu_maternn_kappa=2.0_nu=2.0_alpha_0.2,0.5430350301039957,0.792281879046641,0.7926240433176118,False,en,0.7864406779661017
full_klu_maternn_kappa=2.0_nu=2.0_alpha_0.3,0.5425561029009305,0.7921987720782584,0.7925412180677661,False,en,0.7864406779661017
full_klu_maternn_kappa=2.0_nu=2.0_alpha_0.4,0.5414614121510674,0.7920020723766088,0.7923451851447662,False,en,0.7864406779661017
full_klu_maternn_kappa=2.0_nu=2.0_alpha_0.5,0.5416666666666666,0.7904423887003406,0.7907907885318074,False,en,0.7864406779661017
full_klu_maternn_kappa=2.0_nu=2.0_alpha_0.6,0.5395457033388068,0.7889757740883181,0.789329145494741,False,en,0.7864406779661017
full_klu_maternn_kappa=2.0_nu=2.0_alpha_0.7,0.5368089764641488,0.7865293972517866,0.786891061461045,False,en,0.7864406779661017
full_klu_maternn_kappa=2.0_nu=2.0_alpha_0.8,0.5298303229337711,0.7889284684170447,0.7892820001816753,False,en,0.7864406779661017
full_klu_maternn_kappa=2.0_nu=2.0_alpha_0.9,0.5177887246852765,0.7827002486160222,0.7830748929901477,False,en,0.7864406779661017
full_klu_maternn_kappa=2.0_nu=2.0_alpha_1.0,0.4254926108374384,0.7359163034043432,0.7347546221690169,False,en,0.7864406779661017
full_klu_matern_kappa=2.0_nu=3.0_alpha_0.0,0.5431034482758621,0.7871278248789759,0.7874874605200065,False,en,0.7864406779661017
full_klu_matern_kappa=2.0_nu=3.0_alpha_0.1,0.544608648056924,0.7930934790881885,0.7934328921725777,False,en,0.7864406779661017
full_klu_matern_kappa=2.0_nu=3.0_alpha_0.2,0.5449507389162561,0.7932614364193967,0.7936002801569007,False,en,0.7864406779661017
full_klu_matern_kappa=2.0_nu=3.0_alpha_0.3,0.5441297208538588,0.7932033205507254,0.7935423612911741,False,en,0.7864406779661017
full_klu_matern_kappa=2.0_nu=3.0_alpha_0.4,0.543992884510126,0.7934670307329318,0.7938051775405592,False,en,0.7864406779661017
full_klu_matern_kappa=2.0_nu=3.0_alpha_0.5,0.5434455391351942,0.7932329501417507,0.7935718904429077,False,en,0.7864406779661017
full_klu_matern_kappa=2.0_nu=3.0_alpha_0.6,0.5428981937602627,0.7925838268581706,0.7929249675772381,False,en,0.7864406779661017
full_klu_matern_kappa=2.0_nu=3.0_alpha_0.7,0.5428297755883963,0.792818734678666,0.7931590791000368,False,en,0.7864406779661017
full_klu_matern_kappa=2.0_nu=3.0_alpha_0.8,0.5399562123700055,0.792137828582745,0.7924804811603732,False,en,0.7864406779661017
full_klu_matern_kappa=2.0_nu=3.0_alpha_0.9,0.5342775041050903,0.7876280010919314,0.7879859412203759,False,en,0.7864406779661017
full_klu_matern_kappa=2.0_nu=3.0_alpha_1.0,0.53438013136289,0.8327098457853199,0.8329149661012445,False,en,0.7864406779661017
full_klu_maternn_kappa=2.0_nu=3.0_alpha_0.0,0.5431034482758621,0.7871278248789759,0.7874874605200065,False,en,0.7864406779661017
full_klu_maternn_kappa=2.0_nu=3.0_alpha_0.1,0.5433087027914614,0.7927140335410048,0.7930547328814863,False,en,0.7864406779661017
full_klu_maternn_kappa=2.0_nu=3.0_alpha_0.2,0.5426929392446633,0.7926018851429926,0.7929429646475352,False,en,0.7864406779661017
full_klu_maternn_kappa=2.0_nu=3.0_alpha_0.3,0.541871921182266,0.7923435830186013,0.7926855381235655,False,en,0.7864406779661017
full_klu_maternn_kappa=2.0_nu=3.0_alpha_0.4,0.5420087575259989,0.7922738904491102,0.7926160818000727,False,en,0.7864406779661017
full_klu_maternn_kappa=2.0_nu=3.0_alpha_0.5,0.5407772304324029,0.7885883405697258,0.7889430253101101,False,en,0.7864406779661017
full_klu_maternn_kappa=2.0_nu=3.0_alpha_0.6,0.5389299397920088,0.7911619850139002,0.7915079455358296,False,en,0.7864406779661017
full_klu_maternn_kappa=2.0_nu=3.0_alpha_0.7,0.5359879584017515,0.7863702063205841,0.7867324101601179,False,en,0.7864406779661017
full_klu_maternn_kappa=2.0_nu=3.0_alpha_0.8,0.5283251231527093,0.7889052245764614,0.7892588351337718,False,en,0.7864406779661017
full_klu_maternn_kappa=2.0_nu=3.0_alpha_0.9,0.5163519430760809,0.7819733780817596,0.7823504864237978,False,en,0.7864406779661017
full_klu_maternn_kappa=2.0_nu=3.0_alpha_1.0,0.4502599890530925,0.7421943404560792,0.7410113777392214,False,en,0.7864406779661017
full_klu_matern_kappa=3.0_nu=1.0_alpha_0.0,0.5431034482758621,0.7871278248789759,0.7874874605200065,False,en,0.7864406779661017
full_klu_matern_kappa=3.0_nu=1.0_alpha_0.1,0.5450191570881225,0.79339303606851,0.7937314337055084,False,en,0.7864406779661017
full_klu_matern_kappa=3.0_nu=1.0_alpha_0.2,0.5452244116037219,0.7934502397651277,0.7937884434912902,False,en,0.7864406779661017
full_klu_matern_kappa=3.0_nu=1.0_alpha_0.3,0.5457717569786535,0.7938706917497436,0.7942074702149412,False,en,0.7864406779661017
full_klu_matern_kappa=3.0_nu=1.0_alpha_0.4,0.5446770662287903,0.7930334759841914,0.7933730924689333,False,en,0.7864406779661017
full_klu_matern_kappa=3.0_nu=1.0_alpha_0.5,0.5452928297755885,0.793219547372952,0.7935585331072235,False,en,0.7864406779661017
full_klu_matern_kappa=3.0_nu=1.0_alpha_0.6,0.5448823207443897,0.7900350634638849,0.7903848440588651,False,en,0.7864406779661017
full_klu_matern_kappa=3.0_nu=1.0_alpha_0.7,0.5435823754789272,0.7895025100821303,0.7898540959428113,False,en,0.7864406779661017
full_klu_matern_kappa=3.0_nu=1.0_alpha_0.8,0.5407772304324029,0.7887022026742909,0.7890565014414392,False,en,0.7864406779661017
full_klu_matern_kappa=3.0_nu=1.0_alpha_0.9,0.5331143951833607,0.7910585864440287,0.7914048974695846,False,en,0.7864406779661017
full_klu_matern_kappa=3.0_nu=1.0_alpha_1.0,0.5341064586754242,0.8388966293892592,0.8390807775573738,False,en,0.7864406779661017
full_klu_maternn_kappa=3.0_nu=1.0_alpha_0.0,0.5431034482758621,0.7871278248789759,0.7874874605200065,False,en,0.7864406779661017
full_klu_maternn_kappa=3.0_nu=1.0_alpha_0.1,0.5436507936507937,0.7928908995086781,0.7932309993035065,False,en,0.7864406779661017
full_klu_maternn_kappa=3.0_nu=1.0_alpha_0.2,0.5430350301039957,0.7923683444202005,0.7927102155882102,False,en,0.7864406779661017
full_klu_maternn_kappa=3.0_nu=1.0_alpha_0.3,0.5427613574165298,0.7925052493620884,0.7928466564455492,False,en,0.7864406779661017
full_klu_maternn_kappa=3.0_nu=1.0_alpha_0.4,0.5422140120415982,0.7922753818761722,0.7926175681714498,False,en,0.7864406779661017
full_klu_maternn_kappa=3.0_nu=1.0_alpha_0.5,0.5420771756978654,0.7907029405692643,0.7910504571740569,False,en,0.7864406779661017
full_klu_maternn_kappa=3.0_nu=1.0_alpha_0.6,0.5405035577449371,0.7893867163922721,0.7897386947739358,False,en,0.7864406779661017
full_klu_maternn_kappa=3.0_nu=1.0_alpha_0.7,0.5389299397920088,0.7916916912911005,0.7920358561985308,False,en,0.7864406779661017
full_klu_maternn_kappa=3.0_nu=1.0_alpha_0.8,0.535303776683087,0.7901338089907707,0.7904832548551513,False,en,0.7864406779661017
full_klu_maternn_kappa=3.0_nu=1.0_alpha_0.9,0.5253831417624522,0.7820532347516116,0.782430072393074,False,en,0.7864406779661017
full_klu_maternn_kappa=3.0_nu=1.0_alpha_1.0,0.5037287903667214,0.7998890517254374,0.7985105137161411,False,en,0.7864406779661017
full_klu_matern_kappa=3.0_nu=2.0_alpha_0.0,0.5431034482758621,0.7871278248789759,0.7874874605200065,False,en,0.7864406779661017
full_klu_matern_kappa=3.0_nu=2.0_alpha_0.1,0.5441297208538587,0.7927050784327989,0.7930458081295795,False,en,0.7864406779661017
full_klu_matern_kappa=3.0_nu=2.0_alpha_0.2,0.5446086480569239,0.7928651490955488,0.7932053361799133,False,en,0.7864406779661017
full_klu_matern_kappa=3.0_nu=2.0_alpha_0.3,0.5450875752599891,0.7916635313898586,0.7920077917545812,False,en,0.7864406779661017
full_klu_matern_kappa=3.0_nu=2.0_alpha_0.4,0.5431718664477285,0.7925121865564583,0.792853570124006,False,en,0.7864406779661017
full_klu_matern_kappa=3.0_nu=2.0_alpha_0.5,0.5425561029009305,0.7926216304093425,0.7929626429807788,False,en,0.7864406779661017
full_klu_matern_kappa=3.0_nu=2.0_alpha_0.6,0.5415298303229338,0.7919252143094568,0.7922685876134352,False,en,0.7864406779661017
full_klu_matern_kappa=3.0_nu=2.0_alpha_0.7,0.538656267104543,0.792108061609244,0.792450815091867,False,en,0.7864406779661017
full_klu_matern_kappa=3.0_nu=2.0_alpha_0.8,0.5358511220580187,0.7917025517764829,0.7920466798687086,False,en,0.7864406779661017
full_klu_matern_kappa=3.0_nu=2.0_alpha_0.9,0.5323617952928297,0.7901868697499908,0.7905361357473909,False,en,0.7864406779661017
full_klu_matern_kappa=3.0_nu=2.0_alpha_1.0,0.5313697318007662,0.8324873126517973,0.8326931873173271,False,en,0.7864406779661017
full_klu_maternn_kappa=3.0_nu=2.0_alpha_0.0,0.5431034482758621,0.7871278248789759,0.7874874605200065,False,en,0.7864406779661017
full_klu_maternn_kappa=3.0_nu=2.0_alpha_0.1,0.5434455391351943,0.7923976418985228,0.7927394137530467,False,en,0.7864406779661017
full_klu_maternn_kappa=3.0_nu=2.0_alpha_0.2,0.5434455391351942,0.792681986063775,0.7930227940397726,False,en,0.7864406779661017
full_klu_maternn_kappa=3.0_nu=2.0_alpha_0.3,0.5426929392446633,0.7924170241277209,0.792758730279773,False,en,0.7864406779661017
full_klu_maternn_kappa=3.0_nu=2.0_alpha_0.4,0.5424192665571976,0.7893008678609574,0.7896531372545916,False,en,0.7864406779661017
full_klu_maternn_kappa=3.0_nu=2.0_alpha_0.5,0.5418035030103996,0.7891771103933041,0.7895297993037775,False,en,0.7864406779661017
full_klu_maternn_kappa=3.0_nu=2.0_alpha_0.6,0.5416666666666666,0.7903947018893427,0.7907432633710163,False,en,0.7864406779661017
full_klu_maternn_kappa=3.0_nu=2.0_alpha_0.7,0.5393404488232074,0.7912972511359532,0.7916427531286552,False,en,0.7864406779661017
full_klu_maternn_kappa=3.0_nu=2.0_alpha_0.8,0.5370826491516146,0.7872507483488761,0.7876099673001784,False,en,0.7864406779661017
full_klu_maternn_kappa=3.0_nu=2.0_alpha_0.9,0.5284619594964423,0.7839003422292723,0.7842709184894546,False,en,0.7864406779661017
full_klu_maternn_kappa=3.0_nu=2.0_alpha_1.0,0.5210043787629994,0.8226654989656172,0.8212097526605914,False,en,0.7864406779661017
full_klu_matern_kappa=3.0_nu=3.0_alpha_0.0,0.5431034482758621,0.7871278248789759,0.7874874605200065,False,en,0.7864406779661017
full_klu_matern_kappa=3.0_nu=3.0_alpha_0.1,0.5443349753694582,0.792385365087503,0.7927271785583354,False,en,0.7864406779661017
full_klu_matern_kappa=3.0_nu=3.0_alpha_0.2,0.5441297208538588,0.7912456530172621,0.7915913299188412,False,en,0.7864406779661017
full_klu_matern_kappa=3.0_nu=3.0_alpha_0.3,0.5444033935413245,0.7937666721832166,0.7941038032571145,False,en,0.7864406779661017
full_klu_matern_kappa=3.0_nu=3.0_alpha_0.4,0.5423508483853312,0.7918860288612144,0.7922295349972204,False,en,0.7864406779661017
full_klu_matern_kappa=3.0_nu=3.0_alpha_0.5,0.5417350848385332,0.7919064528921569,0.7922498897941598,False,en,0.7864406779661017
full_klu_matern_kappa=3.0_nu=3.0_alpha_0.6,0.5393404488232074,0.7909855844321421,0.7913321429221452,False,en,0.7864406779661017
full_klu_matern_kappa=3.0_nu=3.0_alpha_0.7,0.5351669403393542,0.7909754858578556,0.7913220785803139,False,en,0.7864406779661017
full_klu_matern_kappa=3.0_nu=3.0_alpha_0.8,0.5311986863711002,0.7896755904474515,0.7900265895950298,False,en,0.7864406779661017
full_klu_matern_kappa=3.0_nu=3.0_alpha_0.9,0.5288040503557745,0.7883653536173333,0.7887207942456916,False,en,0.7864406779661017
full_klu_matern_kappa=3.0_nu=3.0_alpha_1.0,0.5274698960043788,0.8315638431263901,0.8317728481970906,False,en,0.7864406779661017
full_klu_maternn_kappa=3.0_nu=3.0_alpha_0.0,0.5431034482758621,0.7871278248789759,0.7874874605200065,False,en,0.7864406779661017
full_klu_maternn_kappa=3.0_nu=3.0_alpha_0.1,0.5436507936507937,0.7924311292375726,0.7927727875756929,False,en,0.7864406779661017
full_klu_maternn_kappa=3.0_nu=3.0_alpha_0.2,0.5435139573070608,0.7927414839784154,0.7930820902665666,False,en,0.7864406779661017
full_klu_maternn_kappa=3.0_nu=3.0_alpha_0.3,0.5431034482758621,0.790999755851386,0.7913462663026798,False,en,0.7864406779661017
full_klu_maternn_kappa=3.0_nu=3.0_alpha_0.4,0.5433771209633279,0.789754972144026,0.7901057022011074,False,en,0.7864406779661017
full_klu_maternn_kappa=3.0_nu=3.0_alpha_0.5,0.5431718664477285,0.7896990946140576,0.7900500140864949,False,en,0.7864406779661017
full_klu_maternn_kappa=3.0_nu=3.0_alpha_0.6,0.542008757525999,0.7905494288047277,0.790897465788383,False,en,0.7864406779661017
full_klu_maternn_kappa=3.0_nu=3.0_alpha_0.7,0.5420087575259989,0.7900053817342887,0.7903552629453015,False,en,0.7864406779661017
full_klu_maternn_kappa=3.0_nu=3.0_alpha_0.8,0.5397509578544061,0.7875873017272637,0.7879453798196562,False,en,0.7864406779661017
full_klu_maternn_kappa=3.0_nu=3.0_alpha_0.9,0.5326354679802956,0.785848332825052,0.7862123057272824,False,en,0.7864406779661017
full_klu_maternn_kappa=3.0_nu=3.0_alpha_1.0,0.5194991789819376,0.8212600235674342,0.8198090415857923,False,en,0.7864406779661017
deberta_full_klu_heat_t=0.1_alpha_0.0,0.5431034482758621,0.7871278248789759,0.7874874605200065,False,en,0.7864406779661017
deberta_full_klu_heat_t=0.1_alpha_0.1,0.5434455391351943,0.7869079624701606,0.7872683434074923,False,en,0.7864406779661017
deberta_full_klu_heat_t=0.1_alpha_0.2,0.5437876299945266,0.7857669558010809,0.7861312045576299,False,en,0.7864406779661017
deberta_full_klu_heat_t=0.1_alpha_0.3,0.5440613026819924,0.7876905355511725,0.7880482636983992,False,en,0.7864406779661017
deberta_full_klu_heat_t=0.1_alpha_0.4,0.5443349753694582,0.7877440999721222,0.7881016465450406,False,en,0.7864406779661017
deberta_full_klu_heat_t=0.1_alpha_0.5,0.543992884510126,0.7874524478890723,0.7878109831131197,False,en,0.7864406779661017
deberta_full_klu_heat_t=0.1_alpha_0.6,0.543992884510126,0.7871240050088292,0.7874836535985722,False,en,0.7864406779661017
deberta_full_klu_heat_t=0.1_alpha_0.7,0.5449507389162562,0.7846041421115814,0.7849723326094507,False,en,0.7864406779661017
deberta_full_klu_heat_t=0.1_alpha_0.8,0.544608648056924,0.7855737376659402,0.7859386413992184,False,en,0.7864406779661017
deberta_full_klu_heat_t=0.1_alpha_0.9,0.5454296661193213,0.7858747499978666,0.7862386333503587,False,en,0.7864406779661017
deberta_full_klu_heat_t=0.1_alpha_1.0,0.5,0.7646167252782636,0.7650526697315003,False,en,0.7864406779661017
deberta_full_klu_heatn_t=0.1_alpha_0.0,0.5431034482758621,0.7871278248789759,0.7874874605200065,False,en,0.7864406779661017
deberta_full_klu_heatn_t=0.1_alpha_0.1,0.5437876299945266,0.7863595285000529,0.7867217685355885,False,en,0.7864406779661017
deberta_full_klu_heatn_t=0.1_alpha_0.2,0.5435823754789273,0.7859089641516854,0.7862727315239952,False,en,0.7864406779661017
deberta_full_klu_heatn_t=0.1_alpha_0.3,0.5433771209633279,0.7857524769290616,0.7861167747665326,False,en,0.7864406779661017
deberta_full_klu_heatn_t=0.1_alpha_0.4,0.5436507936507937,0.7858564285970859,0.7862203740560213,False,en,0.7864406779661017
deberta_full_klu_heatn_t=0.1_alpha_0.5,0.5433771209633279,0.7884730958212292,0.7888281712217778,False,en,0.7864406779661017
deberta_full_klu_heatn_t=0.1_alpha_0.6,0.5443349753694582,0.787423180108136,0.7877818145450001,False,en,0.7864406779661017
deberta_full_klu_heatn_t=0.1_alpha_0.7,0.544471811713191,0.786271408899275,0.7866339476453217,False,en,0.7864406779661017
deberta_full_klu_heatn_t=0.1_alpha_0.8,0.5460454296661194,0.7869323159722367,0.7872926143553242,False,en,0.7864406779661017
deberta_full_klu_heatn_t=0.1_alpha_0.9,0.5467296113847838,0.7884316935525691,0.7887869092997911,False,en,0.7864406779661017
deberta_full_klu_heatn_t=0.1_alpha_1.0,0.5,0.7646167252782636,0.7650526697315003,False,en,0.7864406779661017
deberta_full_klu_heat_t=0.2_alpha_0.0,0.5431034482758621,0.7871278248789759,0.7874874605200065,False,en,0.7864406779661017
deberta_full_klu_heat_t=0.2_alpha_0.1,0.543856048166393,0.7870438967864853,0.7874038169295244,False,en,0.7864406779661017
deberta_full_klu_heat_t=0.2_alpha_0.2,0.5438560481663931,0.7881980899922579,0.7885540976159555,False,en,0.7864406779661017
deberta_full_klu_heat_t=0.2_alpha_0.3,0.5439928845101258,0.7876683288061826,0.788026132230511,False,en,0.7864406779661017
deberta_full_klu_heat_t=0.2_alpha_0.4,0.5431718664477286,0.786280203697686,0.7866427126308567,False,en,0.7864406779661017
deberta_full_klu_heat_t=0.2_alpha_0.5,0.5438560481663931,0.7865439505742908,0.7869055654502527,False,en,0.7864406779661017
deberta_full_klu_heat_t=0.2_alpha_0.6,0.544471811713191,0.7867514627506125,0.7871123741954682,False,en,0.7864406779661017
deberta_full_klu_heat_t=0.2_alpha_0.7,0.5449507389162562,0.7868890317655945,0.7872494768748063,False,en,0.7864406779661017
deberta_full_klu_heat_t=0.2_alpha_0.8,0.5454980842911877,0.7881416314783531,0.7884978304868437,False,en,0.7864406779661017
deberta_full_klu_heat_t=0.2_alpha_0.9,0.5456349206349206,0.7866648841379351,0.7870260890696136,False,en,0.7864406779661017
deberta_full_klu_heat_t=0.2_alpha_1.0,0.5,0.7646167252782636,0.7650526697315003,False,en,0.7864406779661017
deberta_full_klu_heatn_t=0.2_alpha_0.0,0.5431034482758621,0.7871278248789759,0.7874874605200065,False,en,0.7864406779661017
deberta_full_klu_heatn_t=0.2_alpha_0.1,0.5435823754789272,0.7862964200973726,0.7866588740596969,False,en,0.7864406779661017
deberta_full_klu_heatn_t=0.2_alpha_0.2,0.5437192118226601,0.7858927253466027,0.7862565477657093,False,en,0.7864406779661017
deberta_full_klu_heatn_t=0.2_alpha_0.3,0.5437192118226601,0.7859472897332245,0.7863109271883086,False,en,0.7864406779661017
deberta_full_klu_heatn_t=0.2_alpha_0.4,0.5435823754789273,0.785874435158674,0.7862383195784177,False,en,0.7864406779661017
deberta_full_klu_heatn_t=0.2_alpha_0.5,0.5433771209633279,0.7874875792992273,0.7878459954337487,False,en,0.7864406779661017
deberta_full_klu_heatn_t=0.2_alpha_0.6,0.5443349753694581,0.7874416147479062,0.787800186694466,False,en,0.7864406779661017
deberta_full_klu_heatn_t=0.2_alpha_0.7,0.5447454844006568,0.7865921330799259,0.7869535846253604,False,en,0.7864406779661017
deberta_full_klu_heatn_t=0.2_alpha_0.8,0.5453612479474549,0.7867574849969545,0.7871183760274159,False,en,0.7864406779661017
deberta_full_klu_heatn_t=0.2_alpha_0.9,0.5461822660098523,0.7883497261933079,0.788705219795985,False,en,0.7864406779661017
deberta_full_klu_heatn_t=0.2_alpha_1.0,0.5,0.7646167252782636,0.7650526697315003,False,en,0.7864406779661017
deberta_full_klu_heat_t=0.3_alpha_0.0,0.5431034482758621,0.7871278248789759,0.7874874605200065,False,en,0.7864406779661017
deberta_full_klu_heat_t=0.3_alpha_0.1,0.5431034482758622,0.7868223178148146,0.7871829890730121,False,en,0.7864406779661017
deberta_full_klu_heat_t=0.3_alpha_0.2,0.5431718664477286,0.7868783138629645,0.7872387953040496,False,en,0.7864406779661017
deberta_full_klu_heat_t=0.3_alpha_0.3,0.5439244663382594,0.7866268422916712,0.7869881761787606,False,en,0.7864406779661017
deberta_full_klu_heat_t=0.3_alpha_0.4,0.5441981390257252,0.7875838292486274,0.7879419191121337,False,en,0.7864406779661017
deberta_full_klu_heat_t=0.3_alpha_0.5,0.5441981390257252,0.7869586924250234,0.7873189013964065,False,en,0.7864406779661017
deberta_full_klu_heat_t=0.3_alpha_0.6,0.5445402298850576,0.7869724624929937,0.7873326247861803,False,en,0.7864406779661017
deberta_full_klu_heat_t=0.3_alpha_0.7,0.5450191570881227,0.7878109376616236,0.788168257666103,False,en,0.7864406779661017
deberta_full_klu_heat_t=0.3_alpha_0.8,0.5452244116037219,0.7871072094246372,0.787466914948564,False,en,0.7864406779661017
deberta_full_klu_heat_t=0.3_alpha_0.9,0.5459770114942529,0.7883963888361462,0.7887517242603729,False,en,0.7864406779661017
deberta_full_klu_heat_t=0.3_alpha_1.0,0.5,0.7646167252782636,0.7650526697315003,False,en,0.7864406779661017
deberta_full_klu_heatn_t=0.3_alpha_0.0,0.5431034482758621,0.7871278248789759,0.7874874605200065,False,en,0.7864406779661017
deberta_full_klu_heatn_t=0.3_alpha_0.1,0.5435823754789273,0.786955168556404,0.7873153894731044,False,en,0.7864406779661017
deberta_full_klu_heatn_t=0.3_alpha_0.2,0.5436507936507937,0.7858120688077475,0.7861761646388502,False,en,0.7864406779661017
deberta_full_klu_heatn_t=0.3_alpha_0.3,0.5436507936507937,0.7859375826448926,0.7863012530053609,False,en,0.7864406779661017
deberta_full_klu_heatn_t=0.3_alpha_0.4,0.543856048166393,0.7859739146944161,0.7863374618953947,False,en,0.7864406779661017
deberta_full_klu_heatn_t=0.3_alpha_0.5,0.543992884510126,0.7873959222564636,0.7877546490928249,False,en,0.7864406779661017
deberta_full_klu_heatn_t=0.3_alpha_0.6,0.5444033935413246,0.7875148902105441,0.7878732137657052,False,en,0.7864406779661017
deberta_full_klu_heatn_t=0.3_alpha_0.7,0.5444033935413246,0.7863029721535191,0.7866654039054836,False,en,0.7864406779661017
deberta_full_klu_heatn_t=0.3_alpha_0.8,0.545224411603722,0.7865396273499378,0.7869012568808974,False,en,0.7864406779661017
deberta_full_klu_heatn_t=0.3_alpha_0.9,0.5450875752599891,0.7855531009008496,0.785918074589264,False,en,0.7864406779661017
deberta_full_klu_heatn_t=0.3_alpha_1.0,0.5,0.7646167252782636,0.7650526697315003,False,en,0.7864406779661017
deberta_full_klu_heat_t=0.4_alpha_0.0,0.5431034482758621,0.7871278248789759,0.7874874605200065,False,en,0.7864406779661017
deberta_full_klu_heat_t=0.4_alpha_0.1,0.5433087027914614,0.7870056675528081,0.7873657172864698,False,en,0.7864406779661017
deberta_full_klu_heat_t=0.4_alpha_0.2,0.543992884510126,0.7871040465643392,0.7874637628098262,False,en,0.7864406779661017
deberta_full_klu_heat_t=0.4_alpha_0.3,0.5440613026819924,0.7864716495795031,0.7868335095435829,False,en,0.7864406779661017
deberta_full_klu_heat_t=0.4_alpha_0.4,0.543992884510126,0.7859175619250723,0.7862813001523876,False,en,0.7864406779661017
deberta_full_klu_heat_t=0.4_alpha_0.5,0.5441981390257252,0.7860443500171828,0.7864076584543552,False,en,0.7864406779661017
deberta_full_klu_heat_t=0.4_alpha_0.6,0.5437876299945266,0.7867850676476547,0.7871458651776052,False,en,0.7864406779661017
deberta_full_klu_heat_t=0.4_alpha_0.7,0.5435823754789272,0.7866478151134519,0.7870090779062302,False,en,0.7864406779661017
deberta_full_klu_heat_t=0.4_alpha_0.8,0.5446770662287903,0.7877010791994634,0.7880587716055095,False,en,0.7864406779661017
deberta_full_klu_heat_t=0.4_alpha_0.9,0.5451559934318555,0.7861154164458388,0.7864784839798633,False,en,0.7864406779661017
deberta_full_klu_heat_t=0.4_alpha_1.0,0.5,0.7646167252782636,0.7650526697315003,False,en,0.7864406779661017
deberta_full_klu_heatn_t=0.4_alpha_0.0,0.5431034482758621,0.7871278248789759,0.7874874605200065,False,en,0.7864406779661017
deberta_full_klu_heatn_t=0.4_alpha_0.1,0.5434455391351943,0.7868924304752327,0.7872528640633948,False,en,0.7864406779661017
deberta_full_klu_heatn_t=0.4_alpha_0.2,0.5436507936507937,0.7858354900440899,0.7861995064811712,False,en,0.7864406779661017
deberta_full_klu_heatn_t=0.4_alpha_0.3,0.5437876299945266,0.7859261674908291,0.786289876546735,False,en,0.7864406779661017
deberta_full_klu_heatn_t=0.4_alpha_0.4,0.5440613026819924,0.7886250179235943,0.7889795783339654,False,en,0.7864406779661017
deberta_full_klu_heatn_t=0.4_alpha_0.5,0.543992884510126,0.7872574010834152,0.787616597483075,False,en,0.7864406779661017
deberta_full_klu_heatn_t=0.4_alpha_0.6,0.543992884510126,0.7872557020580571,0.7876149042171248,False,en,0.7864406779661017
deberta_full_klu_heatn_t=0.4_alpha_0.7,0.544471811713191,0.7848972153412835,0.7852644123705776,False,en,0.7864406779661017
deberta_full_klu_heatn_t=0.4_alpha_0.8,0.5452928297755885,0.7865348868972213,0.7868965324975121,False,en,0.7864406779661017
deberta_full_klu_heatn_t=0.4_alpha_0.9,0.5448823207443897,0.7854888561181329,0.7858540475854717,False,en,0.7864406779661017
deberta_full_klu_heatn_t=0.4_alpha_1.0,0.5,0.7646167252782636,0.7650526697315003,False,en,0.7864406779661017
deberta_full_klu_heat_t=0.5_alpha_0.0,0.5431034482758621,0.7871278248789759,0.7874874605200065,False,en,0.7864406779661017
deberta_full_klu_heat_t=0.5_alpha_0.1,0.5434455391351943,0.7870018261325209,0.7873618888879464,False,en,0.7864406779661017
deberta_full_klu_heat_t=0.5_alpha_0.2,0.5437192118226601,0.7870562713547729,0.787416149550123,False,en,0.7864406779661017
deberta_full_klu_heat_t=0.5_alpha_0.3,0.5440613026819924,0.7865013688883624,0.7868631281090223,False,en,0.7864406779661017
deberta_full_klu_heat_t=0.5_alpha_0.4,0.5441297208538588,0.7866635433999509,0.7870247528765038,False,en,0.7864406779661017
deberta_full_klu_heat_t=0.5_alpha_0.5,0.544608648056924,0.7863231824874743,0.7866855457298323,False,en,0.7864406779661017
deberta_full_klu_heat_t=0.5_alpha_0.6,0.5437876299945266,0.7875758929471204,0.7879340097133439,False,en,0.7864406779661017
deberta_full_klu_heat_t=0.5_alpha_0.7,0.5436507936507937,0.7875182959534721,0.7878766079637419,False,en,0.7864406779661017
deberta_full_klu_heat_t=0.5_alpha_0.8,0.5437192118226601,0.7874145516142076,0.7877732153002036,False,en,0.7864406779661017
deberta_full_klu_heat_t=0.5_alpha_0.9,0.5448139025725233,0.7877395012846589,0.7880970634463482,False,en,0.7864406779661017
deberta_full_klu_heat_t=0.5_alpha_1.0,0.5,0.7646167252782636,0.7650526697315003,False,en,0.7864406779661017
deberta_full_klu_heatn_t=0.5_alpha_0.0,0.5431034482758621,0.7871278248789759,0.7874874605200065,False,en,0.7864406779661017
deberta_full_klu_heatn_t=0.5_alpha_0.1,0.5435823754789272,0.7869373686671689,0.7872976499224769,False,en,0.7864406779661017
deberta_full_klu_heatn_t=0.5_alpha_0.2,0.5435823754789272,0.7857963687483044,0.7861605177999477,False,en,0.7864406779661017
deberta_full_klu_heatn_t=0.5_alpha_0.3,0.5438560481663931,0.7858805070160965,0.7862443708532725,False,en,0.7864406779661017
deberta_full_klu_heatn_t=0.5_alpha_0.4,0.5436507936507936,0.7884304717100243,0.7887856915990854,False,en,0.7864406779661017
deberta_full_klu_heatn_t=0.5_alpha_0.5,0.543856048166393,0.7871110994067597,0.7874707917443065,False,en,0.7864406779661017
deberta_full_klu_heatn_t=0.5_alpha_0.6,0.5437876299945266,0.787104165532865,0.787463881375069,False,en,0.7864406779661017
deberta_full_klu_heatn_t=0.5_alpha_0.7,0.5440613026819924,0.7846752219253774,0.7850431714747256,False,en,0.7864406779661017
deberta_full_klu_heatn_t=0.5_alpha_0.8,0.5450875752599891,0.7865152427613958,0.7868769549519776,False,en,0.7864406779661017
deberta_full_klu_heatn_t=0.5_alpha_0.9,0.5448823207443897,0.7854984180764062,0.7858635771303271,False,en,0.7864406779661017
deberta_full_klu_heatn_t=0.5_alpha_1.0,0.5,0.7646167252782636,0.7650526697315003,False,en,0.7864406779661017
deberta_full_klu_heat_t=0.6_alpha_0.0,0.5431034482758621,0.7871278248789759,0.7874874605200065,False,en,0.7864406779661017
deberta_full_klu_heat_t=0.6_alpha_0.1,0.5433087027914615,0.7869254123727818,0.7872857341579013,False,en,0.7864406779661017
deberta_full_klu_heat_t=0.6_alpha_0.2,0.5434455391351943,0.7869683498101433,0.7873285260446277,False,en,0.7864406779661017
deberta_full_klu_heat_t=0.6_alpha_0.3,0.5443349753694582,0.7868875329390044,0.7872479831289843,False,en,0.7864406779661017
deberta_full_klu_heat_t=0.6_alpha_0.4,0.544608648056924,0.7871235317697765,0.7874831819637197,False,en,0.7864406779661017
deberta_full_klu_heat_t=0.6_alpha_0.5,0.5448823207443897,0.7872147743916682,0.787574115288588,False,en,0.7864406779661017
deberta_full_klu_heat_t=0.6_alpha_0.6,0.5447454844006568,0.7866152379381937,0.7869766111620745,False,en,0.7864406779661017
deberta_full_klu_heat_t=0.6_alpha_0.7,0.5439244663382594,0.7876530671834865,0.7880109223421291,False,en,0.7864406779661017
deberta_full_klu_heat_t=0.6_alpha_0.8,0.5441981390257252,0.7870317020641099,0.7873916635451911,False,en,0.7864406779661017
deberta_full_klu_heat_t=0.6_alpha_0.9,0.5442665571975918,0.7876450757683275,0.788002958016513,False,en,0.7864406779661017
deberta_full_klu_heat_t=0.6_alpha_1.0,0.5,0.7646167252782636,0.7650526697315003,False,en,0.7864406779661017
deberta_full_klu_heatn_t=0.6_alpha_0.0,0.5431034482758621,0.7871278248789759,0.7874874605200065,False,en,0.7864406779661017
deberta_full_klu_heatn_t=0.6_alpha_0.1,0.5435139573070608,0.7868798817474371,0.7872403578736593,False,en,0.7864406779661017
deberta_full_klu_heatn_t=0.6_alpha_0.2,0.5435139573070608,0.7857232771480916,0.7860876739678712,False,en,0.7864406779661017
deberta_full_klu_heatn_t=0.6_alpha_0.3,0.5441297208538588,0.7859276659741008,0.7862913699504022,False,en,0.7864406779661017
deberta_full_klu_heatn_t=0.6_alpha_0.4,0.5437876299945266,0.7875735634123069,0.7879316880752584,False,en,0.7864406779661017
deberta_full_klu_heatn_t=0.6_alpha_0.5,0.5435139573070608,0.7872280308711939,0.787587326830895,False,en,0.7864406779661017
deberta_full_klu_heatn_t=0.6_alpha_0.6,0.5433771209633279,0.7869039386549658,0.7872643332323491,False,en,0.7864406779661017
deberta_full_klu_heatn_t=0.6_alpha_0.7,0.5443349753694582,0.7848527644763142,0.7852201121865064,False,en,0.7864406779661017
deberta_full_klu_heatn_t=0.6_alpha_0.8,0.5444033935413246,0.7849296606273414,0.785296747672615,False,en,0.7864406779661017
deberta_full_klu_heatn_t=0.6_alpha_0.9,0.5444033935413246,0.7853601421869736,0.785725769972723,False,en,0.7864406779661017
deberta_full_klu_heatn_t=0.6_alpha_1.0,0.5,0.7646167252782636,0.7650526697315003,False,en,0.7864406779661017
deberta_full_klu_heat_t=0.7_alpha_0.0,0.5431034482758621,0.7871278248789759,0.7874874605200065,False,en,0.7864406779661017
deberta_full_klu_heat_t=0.7_alpha_0.1,0.5434455391351942,0.7869934442655144,0.7873535354340485,False,en,0.7864406779661017
deberta_full_klu_heat_t=0.7_alpha_0.2,0.5437192118226601,0.7871057985734446,0.7874655088799178,False,en,0.7864406779661017
deberta_full_klu_heat_t=0.7_alpha_0.3,0.5445402298850575,0.7869651738454428,0.7873253608459094,False,en,0.7864406779661017
deberta_full_klu_heat_t=0.7_alpha_0.4,0.5448139025725233,0.7872200843785992,0.7875794072755635,False,en,0.7864406779661017
deberta_full_klu_heat_t=0.7_alpha_0.5,0.544471811713191,0.7871250977631087,0.7874847426486,False,en,0.7864406779661017
deberta_full_klu_heat_t=0.7_alpha_0.6,0.5447454844006568,0.7872397736686045,0.7875990298222127,False,en,0.7864406779661017
deberta_full_klu_heat_t=0.7_alpha_0.7,0.5444033935413246,0.786373048637574,0.7867352428421348,False,en,0.7864406779661017
deberta_full_klu_heat_t=0.7_alpha_0.8,0.5443349753694582,0.7879028678826305,0.7882598762592421,False,en,0.7864406779661017
deberta_full_klu_heat_t=0.7_alpha_0.9,0.5446086480569239,0.7878111737753075,0.7881684929794015,False,en,0.7864406779661017
deberta_full_klu_heat_t=0.7_alpha_1.0,0.5,0.7646167252782636,0.7650526697315003,False,en,0.7864406779661017
deberta_full_klu_heatn_t=0.7_alpha_0.0,0.5431034482758621,0.7871278248789759,0.7874874605200065,False,en,0.7864406779661017
deberta_full_klu_heatn_t=0.7_alpha_0.1,0.5434455391351943,0.7868772999964858,0.7872377848744064,False,en,0.7864406779661017
deberta_full_klu_heatn_t=0.7_alpha_0.2,0.5433771209633279,0.7856344864790817,0.78599918428418,False,en,0.7864406779661017
deberta_full_klu_heatn_t=0.7_alpha_0.3,0.5441297208538588,0.7876581808365647,0.7880160186607901,False,en,0.7864406779661017
deberta_full_klu_heatn_t=0.7_alpha_0.4,0.5441297208538588,0.7876226181607059,0.7879805765363749,False,en,0.7864406779661017
deberta_full_klu_heatn_t=0.7_alpha_0.5,0.5435823754789272,0.7872440778666485,0.787603319429755,False,en,0.7864406779661017
deberta_full_klu_heatn_t=0.7_alpha_0.6,0.5435823754789273,0.7845747939792598,0.7849430839623235,False,en,0.7864406779661017
deberta_full_klu_heatn_t=0.7_alpha_0.7,0.543992884510126,0.7860018674201203,0.7863653198660964,False,en,0.7864406779661017
deberta_full_klu_heatn_t=0.7_alpha_0.8,0.5444033935413246,0.7848567244654441,0.7852240587519443,False,en,0.7864406779661017
deberta_full_klu_heatn_t=0.7_alpha_0.9,0.5445402298850575,0.7854179810794462,0.7857834128011534,False,en,0.7864406779661017
deberta_full_klu_heatn_t=0.7_alpha_1.0,0.5,0.7646167252782636,0.7650526697315003,False,en,0.7864406779661017
deberta_full_klu_matern_kappa=1.0_nu=1.0_alpha_0.0,0.5431034482758621,0.7871278248789759,0.7874874605200065,False,en,0.7864406779661017
deberta_full_klu_matern_kappa=1.0_nu=1.0_alpha_0.1,0.5437192118226601,0.7870080021815935,0.7873680440012594,False,en,0.7864406779661017
deberta_full_klu_matern_kappa=1.0_nu=1.0_alpha_0.2,0.5436507936507936,0.787633639638468,0.7879915606531953,False,en,0.7864406779661017
deberta_full_klu_matern_kappa=1.0_nu=1.0_alpha_0.3,0.5441297208538588,0.787743166419449,0.7881007161569527,False,en,0.7864406779661017
deberta_full_klu_matern_kappa=1.0_nu=1.0_alpha_0.4,0.5441297208538588,0.7874301732394917,0.7877887839708256,False,en,0.7864406779661017
deberta_full_klu_matern_kappa=1.0_nu=1.0_alpha_0.5,0.5438560481663931,0.786613739679148,0.7869751179818731,False,en,0.7864406779661017
deberta_full_klu_matern_kappa=1.0_nu=1.0_alpha_0.6,0.5443349753694582,0.7866842429702248,0.7870453822787429,False,en,0.7864406779661017
deberta_full_klu_matern_kappa=1.0_nu=1.0_alpha_0.7,0.5450191570881227,0.7869026408993626,0.7872630398759174,False,en,0.7864406779661017
deberta_full_klu_matern_kappa=1.0_nu=1.0_alpha_0.8,0.5452928297755885,0.7859472387111794,0.7863108763392197,False,en,0.7864406779661017
deberta_full_klu_matern_kappa=1.0_nu=1.0_alpha_0.9,0.5459085933223864,0.7866841340459358,0.7870452737236887,False,en,0.7864406779661017
deberta_full_klu_matern_kappa=1.0_nu=1.0_alpha_1.0,0.5,0.7646167252782636,0.7650526697315003,False,en,0.7864406779661017
deberta_full_klu_maternn_kappa=1.0_nu=1.0_alpha_0.0,0.5431034482758621,0.7871278248789759,0.7874874605200065,False,en,0.7864406779661017
deberta_full_klu_maternn_kappa=1.0_nu=1.0_alpha_0.1,0.5434455391351943,0.7868924304752327,0.7872528640633948,False,en,0.7864406779661017
deberta_full_klu_maternn_kappa=1.0_nu=1.0_alpha_0.2,0.5437192118226601,0.7858506072020642,0.7862145723945422,False,en,0.7864406779661017
deberta_full_klu_maternn_kappa=1.0_nu=1.0_alpha_0.3,0.5437876299945266,0.7859261674908291,0.786289876546735,False,en,0.7864406779661017
deberta_full_klu_maternn_kappa=1.0_nu=1.0_alpha_0.4,0.5440613026819924,0.7886250179235943,0.7889795783339654,False,en,0.7864406779661017
deberta_full_klu_maternn_kappa=1.0_nu=1.0_alpha_0.5,0.543992884510126,0.7872985653140889,0.7876576221739837,False,en,0.7864406779661017
deberta_full_klu_maternn_kappa=1.0_nu=1.0_alpha_0.6,0.543992884510126,0.7872557020580571,0.7876149042171248,False,en,0.7864406779661017
deberta_full_klu_maternn_kappa=1.0_nu=1.0_alpha_0.7,0.5443349753694582,0.7848625902909319,0.7852299046932779,False,en,0.7864406779661017
deberta_full_klu_maternn_kappa=1.0_nu=1.0_alpha_0.8,0.5451559934318555,0.7864997877511798,0.7868615523316268,False,en,0.7864406779661017
deberta_full_klu_maternn_kappa=1.0_nu=1.0_alpha_0.9,0.5448823207443897,0.7854888561181329,0.7858540475854717,False,en,0.7864406779661017
deberta_full_klu_maternn_kappa=1.0_nu=1.0_alpha_1.0,0.5,0.7646167252782636,0.7650526697315003,False,en,0.7864406779661017
deberta_full_klu_matern_kappa=1.0_nu=2.0_alpha_0.0,0.5431034482758621,0.7871278248789759,0.7874874605200065,False,en,0.7864406779661017
deberta_full_klu_matern_kappa=1.0_nu=2.0_alpha_0.1,0.5431718664477284,0.787180124340827,0.7875395826955462,False,en,0.7864406779661017
deberta_full_klu_matern_kappa=1.0_nu=2.0_alpha_0.2,0.543856048166393,0.7881562526096062,0.78851240205494,False,en,0.7864406779661017
deberta_full_klu_matern_kappa=1.0_nu=2.0_alpha_0.3,0.5435823754789273,0.7863772120159722,0.786739392107386,False,en,0.7864406779661017
deberta_full_klu_matern_kappa=1.0_nu=2.0_alpha_0.4,0.5439244663382595,0.7873839771565374,0.7877427444847629,False,en,0.7864406779661017
deberta_full_klu_matern_kappa=1.0_nu=2.0_alpha_0.5,0.543856048166393,0.7866202829996016,0.7869816391215793,False,en,0.7864406779661017
deberta_full_klu_matern_kappa=1.0_nu=2.0_alpha_0.6,0.5448139025725233,0.7869302638841462,0.7872905692234646,False,en,0.7864406779661017
deberta_full_klu_matern_kappa=1.0_nu=2.0_alpha_0.7,0.5448139025725233,0.7876289676123998,0.7879869044645037,False,en,0.7864406779661017
deberta_full_klu_matern_kappa=1.0_nu=2.0_alpha_0.8,0.5455665024630543,0.7881985696202045,0.7885545756180448,False,en,0.7864406779661017
deberta_full_klu_matern_kappa=1.0_nu=2.0_alpha_0.9,0.5456349206349207,0.7866962496661148,0.7870573482739689,False,en,0.7864406779661017
deberta_full_klu_matern_kappa=1.0_nu=2.0_alpha_1.0,0.5,0.7646167252782636,0.7650526697315003,False,en,0.7864406779661017
deberta_full_klu_maternn_kappa=1.0_nu=2.0_alpha_0.0,0.5431034482758621,0.7871278248789759,0.7874874605200065,False,en,0.7864406779661017
deberta_full_klu_maternn_kappa=1.0_nu=2.0_alpha_0.1,0.5435823754789272,0.7869373686671689,0.7872976499224769,False,en,0.7864406779661017
deberta_full_klu_maternn_kappa=1.0_nu=2.0_alpha_0.2,0.5437192118226601,0.7858954121971016,0.7862592255082403,False,en,0.7864406779661017
deberta_full_klu_maternn_kappa=1.0_nu=2.0_alpha_0.3,0.5437876299945266,0.7859261674908291,0.786289876546735,False,en,0.7864406779661017
deberta_full_klu_maternn_kappa=1.0_nu=2.0_alpha_0.4,0.5437192118226601,0.7884832159200166,0.7888382570151455,False,en,0.7864406779661017
deberta_full_klu_maternn_kappa=1.0_nu=2.0_alpha_0.5,0.543856048166393,0.787152062598949,0.7875116160782172,False,en,0.7864406779661017
deberta_full_klu_maternn_kappa=1.0_nu=2.0_alpha_0.6,0.543856048166393,0.7871778413497037,0.7875373074433761,False,en,0.7864406779661017
deberta_full_klu_maternn_kappa=1.0_nu=2.0_alpha_0.7,0.5441981390257252,0.7847826998928088,0.7851502851100638,False,en,0.7864406779661017
deberta_full_klu_maternn_kappa=1.0_nu=2.0_alpha_0.8,0.5452928297755885,0.7865833961920736,0.7869448773540769,False,en,0.7864406779661017
deberta_full_klu_maternn_kappa=1.0_nu=2.0_alpha_0.9,0.5449507389162562,0.7855402056935101,0.7859052230944916,False,en,0.7864406779661017
deberta_full_klu_maternn_kappa=1.0_nu=2.0_alpha_1.0,0.5,0.7646167252782636,0.7650526697315003,False,en,0.7864406779661017
deberta_full_klu_matern_kappa=1.0_nu=3.0_alpha_0.0,0.5431034482758621,0.7871278248789759,0.7874874605200065,False,en,0.7864406779661017
deberta_full_klu_matern_kappa=1.0_nu=3.0_alpha_0.1,0.5433087027914615,0.7868768035215232,0.7872372900824097,False,en,0.7864406779661017
deberta_full_klu_matern_kappa=1.0_nu=3.0_alpha_0.2,0.5433771209633279,0.7869216237101959,0.7872819583382396,False,en,0.7864406779661017
deberta_full_klu_matern_kappa=1.0_nu=3.0_alpha_0.3,0.5439244663382594,0.786597990358549,0.7869594220488016,False,en,0.7864406779661017
deberta_full_klu_matern_kappa=1.0_nu=3.0_alpha_0.4,0.5440613026819924,0.7875289082531185,0.787887184289491,False,en,0.7864406779661017
deberta_full_klu_matern_kappa=1.0_nu=3.0_alpha_0.5,0.5442665571975916,0.786979231727637,0.7873393710742654,False,en,0.7864406779661017
deberta_full_klu_matern_kappa=1.0_nu=3.0_alpha_0.6,0.5445402298850575,0.786953660048386,0.787313886078673,False,en,0.7864406779661017
deberta_full_klu_matern_kappa=1.0_nu=3.0_alpha_0.7,0.5448823207443897,0.7877635629546889,0.7881210435513952,False,en,0.7864406779661017
deberta_full_klu_matern_kappa=1.0_nu=3.0_alpha_0.8,0.545224411603722,0.7870878027548656,0.7874475740641135,False,en,0.7864406779661017
deberta_full_klu_matern_kappa=1.0_nu=3.0_alpha_0.9,0.5460454296661194,0.7884054421912774,0.7887607469261647,False,en,0.7864406779661017
deberta_full_klu_matern_kappa=1.0_nu=3.0_alpha_1.0,0.5,0.7646167252782636,0.7650526697315003,False,en,0.7864406779661017
deberta_full_klu_maternn_kappa=1.0_nu=3.0_alpha_0.0,0.5431034482758621,0.7871278248789759,0.7874874605200065,False,en,0.7864406779661017
deberta_full_klu_maternn_kappa=1.0_nu=3.0_alpha_0.1,0.5435823754789272,0.7869373686671689,0.7872976499224769,False,en,0.7864406779661017
deberta_full_klu_maternn_kappa=1.0_nu=3.0_alpha_0.2,0.5435823754789272,0.7857963687483044,0.7861605177999477,False,en,0.7864406779661017
deberta_full_klu_maternn_kappa=1.0_nu=3.0_alpha_0.3,0.5436507936507937,0.785814007336098,0.7861780965959181,False,en,0.7864406779661017
deberta_full_klu_maternn_kappa=1.0_nu=3.0_alpha_0.4,0.5435823754789272,0.7884500863057351,0.7888052397046413,False,en,0.7864406779661017
deberta_full_klu_maternn_kappa=1.0_nu=3.0_alpha_0.5,0.543856048166393,0.7871463524984212,0.7875059253339625,False,en,0.7864406779661017
deberta_full_klu_maternn_kappa=1.0_nu=3.0_alpha_0.6,0.5437876299945266,0.7871292536254404,0.7874888844232627,False,en,0.7864406779661017
deberta_full_klu_maternn_kappa=1.0_nu=3.0_alpha_0.7,0.5442665571975916,0.7847769115875124,0.7851445164261414,False,en,0.7864406779661017
deberta_full_klu_maternn_kappa=1.0_nu=3.0_alpha_0.8,0.5453612479474549,0.7866043704027991,0.7869657804657829,False,en,0.7864406779661017
deberta_full_klu_maternn_kappa=1.0_nu=3.0_alpha_0.9,0.5446770662287904,0.7854707598724309,0.7858360126829753,False,en,0.7864406779661017
deberta_full_klu_maternn_kappa=1.0_nu=3.0_alpha_1.0,0.5,0.7646167252782636,0.7650526697315003,False,en,0.7864406779661017
deberta_full_klu_matern_kappa=2.0_nu=1.0_alpha_0.0,0.5431034482758621,0.7871278248789759,0.7874874605200065,False,en,0.7864406779661017
deberta_full_klu_matern_kappa=2.0_nu=1.0_alpha_0.1,0.5430350301039957,0.7872243266269616,0.787583635143423,False,en,0.7864406779661017
deberta_full_klu_matern_kappa=2.0_nu=1.0_alpha_0.2,0.5431718664477285,0.7862239800083828,0.7865866795303308,False,en,0.7864406779661017
deberta_full_klu_matern_kappa=2.0_nu=1.0_alpha_0.3,0.5440613026819924,0.7866892735957581,0.7870503958513082,False,en,0.7864406779661017
deberta_full_klu_matern_kappa=2.0_nu=1.0_alpha_0.4,0.5442665571975916,0.7876643087925014,0.7880221258439948,False,en,0.7864406779661017
deberta_full_klu_matern_kappa=2.0_nu=1.0_alpha_0.5,0.5441981390257252,0.7869672347912833,0.7873274148054926,False,en,0.7864406779661017
deberta_full_klu_matern_kappa=2.0_nu=1.0_alpha_0.6,0.5444033935413246,0.7869675693001683,0.7873277481804491,False,en,0.7864406779661017
deberta_full_klu_matern_kappa=2.0_nu=1.0_alpha_0.7,0.5449507389162561,0.7877718415634141,0.7881292940970399,False,en,0.7864406779661017
deberta_full_klu_matern_kappa=2.0_nu=1.0_alpha_0.8,0.5450875752599891,0.7870334036785626,0.7873933593914592,False,en,0.7864406779661017
deberta_full_klu_matern_kappa=2.0_nu=1.0_alpha_0.9,0.54584017515052,0.7883213990414177,0.7886769886683385,False,en,0.7864406779661017
deberta_full_klu_matern_kappa=2.0_nu=1.0_alpha_1.0,0.5,0.7646167252782636,0.7650526697315003,False,en,0.7864406779661017
deberta_full_klu_maternn_kappa=2.0_nu=1.0_alpha_0.0,0.5431034482758621,0.7871278248789759,0.7874874605200065,False,en,0.7864406779661017
deberta_full_klu_maternn_kappa=2.0_nu=1.0_alpha_0.1,0.5439244663382595,0.7871527637555799,0.7875123148580458,False,en,0.7864406779661017
deberta_full_klu_maternn_kappa=2.0_nu=1.0_alpha_0.2,0.5439244663382595,0.7864273742692934,0.7867893843191706,False,en,0.7864406779661017
deberta_full_klu_maternn_kappa=2.0_nu=1.0_alpha_0.3,0.5441981390257252,0.7877693606885986,0.7881268216319695,False,en,0.7864406779661017
deberta_full_klu_maternn_kappa=2.0_nu=1.0_alpha_0.4,0.5441297208538588,0.7876985486931639,0.7880562496771973,False,en,0.7864406779661017
deberta_full_klu_maternn_kappa=2.0_nu=1.0_alpha_0.5,0.543856048166393,0.7874025942443805,0.7877612984638337,False,en,0.7864406779661017
deberta_full_klu_maternn_kappa=2.0_nu=1.0_alpha_0.6,0.5448139025725233,0.786765190161604,0.7871260550728632,False,en,0.7864406779661017
deberta_full_klu_maternn_kappa=2.0_nu=1.0_alpha_0.7,0.5448823207443897,0.7845932541023826,0.7849614815087578,False,en,0.7864406779661017
deberta_full_klu_maternn_kappa=2.0_nu=1.0_alpha_0.8,0.5446086480569239,0.7856130231894314,0.7859777937514436,False,en,0.7864406779661017
deberta_full_klu_maternn_kappa=2.0_nu=1.0_alpha_0.9,0.5459085933223865,0.7867074573381484,0.7870685179538938,False,en,0.7864406779661017
deberta_full_klu_maternn_kappa=2.0_nu=1.0_alpha_1.0,0.5,0.7646167252782636,0.7650526697315003,False,en,0.7864406779661017
deberta_full_klu_matern_kappa=2.0_nu=2.0_alpha_0.0,0.5431034482758621,0.7871278248789759,0.7874874605200065,False,en,0.7864406779661017
deberta_full_klu_matern_kappa=2.0_nu=2.0_alpha_0.1,0.5433087027914615,0.7869406865888168,0.7873009565969329,False,en,0.7864406779661017
deberta_full_klu_matern_kappa=2.0_nu=2.0_alpha_0.2,0.5440613026819924,0.7871904832923211,0.7875499065319507,False,en,0.7864406779661017
deberta_full_klu_matern_kappa=2.0_nu=2.0_alpha_0.3,0.543992884510126,0.7864504475831493,0.7868123794184032,False,en,0.7864406779661017
deberta_full_klu_matern_kappa=2.0_nu=2.0_alpha_0.4,0.5441981390257253,0.7865982648329861,0.7869596955928168,False,en,0.7864406779661017
deberta_full_klu_matern_kappa=2.0_nu=2.0_alpha_0.5,0.5445402298850575,0.7862278976535508,0.7865905838953459,False,en,0.7864406779661017
deberta_full_klu_matern_kappa=2.0_nu=2.0_alpha_0.6,0.5436507936507936,0.7875372692405299,0.7878955169345724,False,en,0.7864406779661017
deberta_full_klu_matern_kappa=2.0_nu=2.0_alpha_0.7,0.543856048166393,0.7867944486821845,0.787155214412018,False,en,0.7864406779661017
deberta_full_klu_matern_kappa=2.0_nu=2.0_alpha_0.8,0.5437876299945266,0.7874295023043569,0.7877881153100473,False,en,0.7864406779661017
deberta_full_klu_matern_kappa=2.0_nu=2.0_alpha_0.9,0.5453612479474549,0.7851414955553572,0.7855078645161291,False,en,0.7864406779661017
deberta_full_klu_matern_kappa=2.0_nu=2.0_alpha_1.0,0.5,0.7646167252782636,0.7650526697315003,False,en,0.7864406779661017
deberta_full_klu_maternn_kappa=2.0_nu=2.0_alpha_0.0,0.5431034482758621,0.7871278248789759,0.7874874605200065,False,en,0.7864406779661017
deberta_full_klu_maternn_kappa=2.0_nu=2.0_alpha_0.1,0.543856048166393,0.787077024645656,0.7874368324908675,False,en,0.7864406779661017
deberta_full_klu_maternn_kappa=2.0_nu=2.0_alpha_0.2,0.5437876299945266,0.7876499906618897,0.788007856249419,False,en,0.7864406779661017
deberta_full_klu_maternn_kappa=2.0_nu=2.0_alpha_0.3,0.5441981390257253,0.787785824014086,0.7881432291495739,False,en,0.7864406779661017
deberta_full_klu_maternn_kappa=2.0_nu=2.0_alpha_0.4,0.5440613026819924,0.7876495150702205,0.7880073822699251,False,en,0.7864406779661017
deberta_full_klu_maternn_kappa=2.0_nu=2.0_alpha_0.5,0.543992884510126,0.7866223177914118,0.7869836670157904,False,en,0.7864406779661017
deberta_full_klu_maternn_kappa=2.0_nu=2.0_alpha_0.6,0.5439244663382595,0.7863971676750867,0.7867592801201984,False,en,0.7864406779661017
deberta_full_klu_maternn_kappa=2.0_nu=2.0_alpha_0.7,0.544608648056924,0.7865831685181011,0.7869446504518804,False,en,0.7864406779661017
deberta_full_klu_maternn_kappa=2.0_nu=2.0_alpha_0.8,0.5446086480569239,0.7856565089889789,0.7860211321415013,False,en,0.7864406779661017
deberta_full_klu_maternn_kappa=2.0_nu=2.0_alpha_0.9,0.5458401751505201,0.7866590303921156,0.787020255167,False,en,0.7864406779661017
deberta_full_klu_maternn_kappa=2.0_nu=2.0_alpha_1.0,0.5,0.7646167252782636,0.7650526697315003,False,en,0.7864406779661017
deberta_full_klu_matern_kappa=2.0_nu=3.0_alpha_0.0,0.5431034482758621,0.7871278248789759,0.7874874605200065,False,en,0.7864406779661017
deberta_full_klu_matern_kappa=2.0_nu=3.0_alpha_0.1,0.5433771209633279,0.7869526232571354,0.787312852801969,False,en,0.7864406779661017
deberta_full_klu_matern_kappa=2.0_nu=3.0_alpha_0.2,0.5435139573070608,0.7869875665363818,0.7873476776294214,False,en,0.7864406779661017
deberta_full_klu_matern_kappa=2.0_nu=3.0_alpha_0.3,0.5444033935413246,0.7869043713575401,0.7872647644681351,False,en,0.7864406779661017
deberta_full_klu_matern_kappa=2.0_nu=3.0_alpha_0.4,0.5446770662287903,0.7871445415298683,0.7875041205042859,False,en,0.7864406779661017
deberta_full_klu_matern_kappa=2.0_nu=3.0_alpha_0.5,0.5448823207443897,0.7872303566725417,0.7875896447481706,False,en,0.7864406779661017
deberta_full_klu_matern_kappa=2.0_nu=3.0_alpha_0.6,0.5447454844006568,0.7871603277689978,0.7875198532307404,False,en,0.7864406779661017
deberta_full_klu_matern_kappa=2.0_nu=3.0_alpha_0.7,0.5441297208538588,0.7877258057898524,0.7880834143769481,False,en,0.7864406779661017
deberta_full_klu_matern_kappa=2.0_nu=3.0_alpha_0.8,0.5441981390257253,0.7870368027460052,0.7873967469366392,False,en,0.7864406779661017
deberta_full_klu_matern_kappa=2.0_nu=3.0_alpha_0.9,0.5441297208538588,0.7876026309624482,0.7879606570913317,False,en,0.7864406779661017
deberta_full_klu_matern_kappa=2.0_nu=3.0_alpha_1.0,0.5,0.7646167252782636,0.7650526697315003,False,en,0.7864406779661017
deberta_full_klu_maternn_kappa=2.0_nu=3.0_alpha_0.0,0.5431034482758621,0.7871278248789759,0.7874874605200065,False,en,0.7864406779661017
deberta_full_klu_maternn_kappa=2.0_nu=3.0_alpha_0.1,0.5436507936507937,0.7869667222780057,0.7873269040295483,False,en,0.7864406779661017
deberta_full_klu_maternn_kappa=2.0_nu=3.0_alpha_0.2,0.5440613026819924,0.7877392333119921,0.7880967963820636,False,en,0.7864406779661017
deberta_full_klu_maternn_kappa=2.0_nu=3.0_alpha_0.3,0.5440613026819923,0.7877318303572064,0.7880894185220397,False,en,0.7864406779661017
deberta_full_klu_maternn_kappa=2.0_nu=3.0_alpha_0.4,0.5442665571975916,0.7877794030713738,0.7881368299727692,False,en,0.7864406779661017
deberta_full_klu_maternn_kappa=2.0_nu=3.0_alpha_0.5,0.5440613026819924,0.7848087017622651,0.7851761988375898,False,en,0.7864406779661017
deberta_full_klu_maternn_kappa=2.0_nu=3.0_alpha_0.6,0.5441297208538588,0.7865442042751866,0.7869058182911454,False,en,0.7864406779661017
deberta_full_klu_maternn_kappa=2.0_nu=3.0_alpha_0.7,0.5445402298850575,0.7865820996107302,0.7869435851679244,False,en,0.7864406779661017
deberta_full_klu_maternn_kappa=2.0_nu=3.0_alpha_0.8,0.5450875752599891,0.7858070616443057,0.7861711744488437,False,en,0.7864406779661017
deberta_full_klu_maternn_kappa=2.0_nu=3.0_alpha_0.9,0.5457717569786535,0.7866327795458634,0.7869940933066675,False,en,0.7864406779661017
deberta_full_klu_maternn_kappa=2.0_nu=3.0_alpha_1.0,0.5,0.7646167252782636,0.7650526697315003,False,en,0.7864406779661017
deberta_full_klu_matern_kappa=3.0_nu=1.0_alpha_0.0,0.5431034482758621,0.7871278248789759,0.7874874605200065,False,en,0.7864406779661017
deberta_full_klu_matern_kappa=3.0_nu=1.0_alpha_0.1,0.5433087027914614,0.7870187012339357,0.7873787067856277,False,en,0.7864406779661017
deberta_full_klu_matern_kappa=3.0_nu=1.0_alpha_0.2,0.5437876299945266,0.7864119096879234,0.7867739721601102,False,en,0.7864406779661017
deberta_full_klu_matern_kappa=3.0_nu=1.0_alpha_0.3,0.544471811713191,0.7867117187025603,0.7870727648730026,False,en,0.7864406779661017
deberta_full_klu_matern_kappa=3.0_nu=1.0_alpha_0.4,0.5441297208538588,0.7859601088503515,0.7863237028508012,False,en,0.7864406779661017
deberta_full_klu_matern_kappa=3.0_nu=1.0_alpha_0.5,0.5441981390257252,0.7875498026123484,0.7879080078203846,False,en,0.7864406779661017
deberta_full_klu_matern_kappa=3.0_nu=1.0_alpha_0.6,0.5437876299945266,0.7867888093153859,0.787149594161717,False,en,0.7864406779661017
deberta_full_klu_matern_kappa=3.0_nu=1.0_alpha_0.7,0.5437192118226601,0.7866729965031743,0.7870341739353094,False,en,0.7864406779661017
deberta_full_klu_matern_kappa=3.0_nu=1.0_alpha_0.8,0.5448823207443898,0.7878048103523081,0.7881621511273275,False,en,0.7864406779661017
deberta_full_klu_matern_kappa=3.0_nu=1.0_alpha_0.9,0.5454296661193213,0.7861991967830002,0.7865619803158816,False,en,0.7864406779661017
deberta_full_klu_matern_kappa=3.0_nu=1.0_alpha_1.0,0.5,0.7646167252782636,0.7650526697315003,False,en,0.7864406779661017
deberta_full_klu_maternn_kappa=3.0_nu=1.0_alpha_0.0,0.5431034482758621,0.7871278248789759,0.7874874605200065,False,en,0.7864406779661017
deberta_full_klu_maternn_kappa=3.0_nu=1.0_alpha_0.1,0.5437192118226601,0.7870080021815935,0.7873680440012594,False,en,0.7864406779661017
deberta_full_klu_maternn_kappa=3.0_nu=1.0_alpha_0.2,0.5436507936507936,0.787633639638468,0.7879915606531953,False,en,0.7864406779661017
deberta_full_klu_maternn_kappa=3.0_nu=1.0_alpha_0.3,0.5441297208538588,0.787743166419449,0.7881007161569527,False,en,0.7864406779661017
deberta_full_klu_maternn_kappa=3.0_nu=1.0_alpha_0.4,0.5441297208538588,0.7874301732394917,0.7877887839708256,False,en,0.7864406779661017
deberta_full_klu_maternn_kappa=3.0_nu=1.0_alpha_0.5,0.5438560481663931,0.786613739679148,0.7869751179818731,False,en,0.7864406779661017
deberta_full_klu_maternn_kappa=3.0_nu=1.0_alpha_0.6,0.5443349753694582,0.7866842429702248,0.7870453822787429,False,en,0.7864406779661017
deberta_full_klu_maternn_kappa=3.0_nu=1.0_alpha_0.7,0.5450191570881227,0.7869026408993626,0.7872630398759174,False,en,0.7864406779661017
deberta_full_klu_maternn_kappa=3.0_nu=1.0_alpha_0.8,0.5452928297755885,0.7859472387111794,0.7863108763392197,False,en,0.7864406779661017
deberta_full_klu_maternn_kappa=3.0_nu=1.0_alpha_0.9,0.5459085933223864,0.7866841340459358,0.7870452737236887,False,en,0.7864406779661017
deberta_full_klu_maternn_kappa=3.0_nu=1.0_alpha_1.0,0.5,0.7646167252782636,0.7650526697315003,False,en,0.7864406779661017
deberta_full_klu_matern_kappa=3.0_nu=2.0_alpha_0.0,0.5431034482758621,0.7871278248789759,0.7874874605200065,False,en,0.7864406779661017
deberta_full_klu_matern_kappa=3.0_nu=2.0_alpha_0.1,0.5434455391351943,0.786982723792925,0.7873428513020441,False,en,0.7864406779661017
deberta_full_klu_matern_kappa=3.0_nu=2.0_alpha_0.2,0.5435139573070608,0.7869875665363818,0.7873476776294214,False,en,0.7864406779661017
deberta_full_klu_matern_kappa=3.0_nu=2.0_alpha_0.3,0.5444033935413246,0.7869043713575401,0.7872647644681351,False,en,0.7864406779661017
deberta_full_klu_matern_kappa=3.0_nu=2.0_alpha_0.4,0.5448139025725233,0.7872150748800067,0.7875744147583222,False,en,0.7864406779661017
deberta_full_klu_matern_kappa=3.0_nu=2.0_alpha_0.5,0.5446770662287904,0.7871675596034422,0.7875270605504917,False,en,0.7864406779661017
deberta_full_klu_matern_kappa=3.0_nu=2.0_alpha_0.6,0.544608648056924,0.7871574743940652,0.787517009528265,False,en,0.7864406779661017
deberta_full_klu_matern_kappa=3.0_nu=2.0_alpha_0.7,0.5443349753694582,0.7863068739757664,0.7866692925012148,False,en,0.7864406779661017
deberta_full_klu_matern_kappa=3.0_nu=2.0_alpha_0.8,0.543992884510126,0.7869832463984066,0.7873433721359817,False,en,0.7864406779661017
deberta_full_klu_matern_kappa=3.0_nu=2.0_alpha_0.9,0.5441981390257252,0.7876396701340798,0.7879975707064492,False,en,0.7864406779661017
deberta_full_klu_matern_kappa=3.0_nu=2.0_alpha_1.0,0.5,0.7646167252782636,0.7650526697315003,False,en,0.7864406779661017
deberta_full_klu_maternn_kappa=3.0_nu=2.0_alpha_0.0,0.5431034482758621,0.7871278248789759,0.7874874605200065,False,en,0.7864406779661017
deberta_full_klu_maternn_kappa=3.0_nu=2.0_alpha_0.1,0.5431718664477284,0.787180124340827,0.7875395826955462,False,en,0.7864406779661017
deberta_full_klu_maternn_kappa=3.0_nu=2.0_alpha_0.2,0.543856048166393,0.7881562526096062,0.78851240205494,False,en,0.7864406779661017
deberta_full_klu_maternn_kappa=3.0_nu=2.0_alpha_0.3,0.5435823754789273,0.7863772120159722,0.786739392107386,False,en,0.7864406779661017
deberta_full_klu_maternn_kappa=3.0_nu=2.0_alpha_0.4,0.5439244663382595,0.7873839771565374,0.7877427444847629,False,en,0.7864406779661017
deberta_full_klu_maternn_kappa=3.0_nu=2.0_alpha_0.5,0.543856048166393,0.7866202829996016,0.7869816391215793,False,en,0.7864406779661017
deberta_full_klu_maternn_kappa=3.0_nu=2.0_alpha_0.6,0.5448139025725233,0.7869302638841462,0.7872905692234646,False,en,0.7864406779661017
deberta_full_klu_maternn_kappa=3.0_nu=2.0_alpha_0.7,0.5448139025725233,0.7876289676123998,0.7879869044645037,False,en,0.7864406779661017
deberta_full_klu_maternn_kappa=3.0_nu=2.0_alpha_0.8,0.5455665024630543,0.7881985696202045,0.7885545756180448,False,en,0.7864406779661017
deberta_full_klu_maternn_kappa=3.0_nu=2.0_alpha_0.9,0.5456349206349207,0.7866962496661148,0.7870573482739689,False,en,0.7864406779661017
deberta_full_klu_maternn_kappa=3.0_nu=2.0_alpha_1.0,0.5,0.7646167252782636,0.7650526697315003,False,en,0.7864406779661017
deberta_full_klu_matern_kappa=3.0_nu=3.0_alpha_0.0,0.5431034482758621,0.7871278248789759,0.7874874605200065,False,en,0.7864406779661017
deberta_full_klu_matern_kappa=3.0_nu=3.0_alpha_0.1,0.543240284619595,0.7869401127391145,0.7873003846924836,False,en,0.7864406779661017
deberta_full_klu_matern_kappa=3.0_nu=3.0_alpha_0.2,0.543856048166393,0.7854318128746038,0.7857971977088698,False,en,0.7864406779661017
deberta_full_klu_matern_kappa=3.0_nu=3.0_alpha_0.3,0.5447454844006568,0.7870966191586745,0.7874563605818079,False,en,0.7864406779661017
deberta_full_klu_matern_kappa=3.0_nu=3.0_alpha_0.4,0.5449507389162561,0.7872851337500877,0.7876442361407079,False,en,0.7864406779661017
deberta_full_klu_matern_kappa=3.0_nu=3.0_alpha_0.5,0.5446770662287904,0.787209432896665,0.7875687919003476,False,en,0.7864406779661017
deberta_full_klu_matern_kappa=3.0_nu=3.0_alpha_0.6,0.5448823207443897,0.7873334463460485,0.7876923849651569,False,en,0.7864406779661017
deberta_full_klu_matern_kappa=3.0_nu=3.0_alpha_0.7,0.5446770662287904,0.7864987225040316,0.7868604906954858,False,en,0.7864406779661017
deberta_full_klu_matern_kappa=3.0_nu=3.0_alpha_0.8,0.5440613026819924,0.7862803711491577,0.7866428795146964,False,en,0.7864406779661017
deberta_full_klu_matern_kappa=3.0_nu=3.0_alpha_0.9,0.544471811713191,0.7872232412118088,0.7875825534076434,False,en,0.7864406779661017
deberta_full_klu_matern_kappa=3.0_nu=3.0_alpha_1.0,0.5,0.7646167252782636,0.7650526697315003,False,en,0.7864406779661017
deberta_full_klu_maternn_kappa=3.0_nu=3.0_alpha_0.0,0.5431034482758621,0.7871278248789759,0.7874874605200065,False,en,0.7864406779661017
deberta_full_klu_maternn_kappa=3.0_nu=3.0_alpha_0.1,0.5433087027914615,0.7868768035215232,0.7872372900824097,False,en,0.7864406779661017
deberta_full_klu_maternn_kappa=3.0_nu=3.0_alpha_0.2,0.5433771209633279,0.7869216237101959,0.7872819583382396,False,en,0.7864406779661017
deberta_full_klu_maternn_kappa=3.0_nu=3.0_alpha_0.3,0.5439244663382594,0.786597990358549,0.7869594220488016,False,en,0.7864406779661017
deberta_full_klu_maternn_kappa=3.0_nu=3.0_alpha_0.4,0.5440613026819924,0.7875289082531185,0.787887184289491,False,en,0.7864406779661017
deberta_full_klu_maternn_kappa=3.0_nu=3.0_alpha_0.5,0.5442665571975916,0.786979231727637,0.7873393710742654,False,en,0.7864406779661017
deberta_full_klu_maternn_kappa=3.0_nu=3.0_alpha_0.6,0.5445402298850575,0.786953660048386,0.787313886078673,False,en,0.7864406779661017
deberta_full_klu_maternn_kappa=3.0_nu=3.0_alpha_0.7,0.5448823207443897,0.7877635629546889,0.7881210435513952,False,en,0.7864406779661017
deberta_full_klu_maternn_kappa=3.0_nu=3.0_alpha_0.8,0.545224411603722,0.7870878027548656,0.7874475740641135,False,en,0.7864406779661017
deberta_full_klu_maternn_kappa=3.0_nu=3.0_alpha_0.9,0.5460454296661194,0.7884054421912774,0.7887607469261647,False,en,0.7864406779661017
deberta_full_klu_maternn_kappa=3.0_nu=3.0_alpha_1.0,0.5,0.7646167252782636,0.7650526697315003,False,en,0.7864406779661017
heat_t=0.1_kernel_entropy_s,0.5851563954570843,0.6230784133193464,0.6236034563307892,True,zh,0.5559322033898305
heat_t=0.1_kernel_entropy,0.5851563954570843,0.6230784133193464,0.6236034563307892,True,zh,0.5559322033898305
heatn_t=0.1_kernel_entropy_s,0.41244647179296223,0.5050194666410095,0.5059447094717007,True,zh,0.5559322033898305
heatn_t=0.1_kernel_entropy,0.41244647179296223,0.5050194666410095,0.5059447094717007,True,zh,0.5559322033898305
heat_t=0.2_kernel_entropy_s,0.5892059206851611,0.6259796007283873,0.6264948092062399,True,zh,0.5559322033898305
heat_t=0.2_kernel_entropy,0.5892059206851611,0.6259796007283873,0.6264948092062399,True,zh,0.5559322033898305
heatn_t=0.2_kernel_entropy_s,0.4150763358778625,0.5069433678346328,0.5078620889663625,True,zh,0.5559322033898305
heatn_t=0.2_kernel_entropy,0.4150763358778625,0.5069433678346328,0.5078620889663625,True,zh,0.5559322033898305
heat_t=0.3_kernel_entropy_s,0.5909746788307577,0.6271462558320869,0.6276575095468762,True,zh,0.5559322033898305
heat_t=0.3_kernel_entropy,0.5909746788307577,0.6271462558320869,0.6276575095468762,True,zh,0.5559322033898305
heatn_t=0.3_kernel_entropy_s,0.41738037609383727,0.5085827925011481,0.5094959562611269,True,zh,0.5559322033898305
heatn_t=0.3_kernel_entropy,0.41738037609383727,0.5085827925011481,0.5094959562611269,True,zh,0.5559322033898305
heat_t=0.4_kernel_entropy_s,0.592254701172966,0.628482908756707,0.628989631444633,True,zh,0.5559322033898305
heat_t=0.4_kernel_entropy,0.592254701172966,0.628482908756707,0.628989631444633,True,zh,0.5559322033898305
heatn_t=0.4_kernel_entropy_s,0.4198706013777695,0.5114862519981959,0.5123895735225915,True,zh,0.5559322033898305
heatn_t=0.4_kernel_entropy,0.4198706013777695,0.5114862519981959,0.5123895735225915,True,zh,0.5559322033898305
heat_t=0.5_kernel_entropy_s,0.5931158071122696,0.6300292860217805,0.6305307667528759,True,zh,0.5559322033898305
heat_t=0.5_kernel_entropy,0.5931158071122696,0.6300292860217805,0.6305307667528759,True,zh,0.5559322033898305
heatn_t=0.5_kernel_entropy_s,0.4227331967976168,0.5144540312592547,0.5153472925149689,True,zh,0.5559322033898305
heatn_t=0.5_kernel_entropy,0.4227331967976168,0.5144540312592547,0.5153472925149689,True,zh,0.5559322033898305
heat_t=0.6_kernel_entropy_s,0.5922314280394712,0.6287151192391958,0.629221054772944,True,zh,0.5559322033898305
heat_t=0.6_kernel_entropy,0.5922314280394712,0.6287151192391958,0.629221054772944,True,zh,0.5559322033898305
heatn_t=0.6_kernel_entropy_s,0.42780673989946005,0.5161889109383487,0.5170762912459981,True,zh,0.5559322033898305
heatn_t=0.6_kernel_entropy,0.42780673989946005,0.5161889109383487,0.5170762912459981,True,zh,0.5559322033898305
heat_t=0.7_kernel_entropy_s,0.5906023086948426,0.6271981280893785,0.6277092059660074,True,zh,0.5559322033898305
heat_t=0.7_kernel_entropy,0.5906023086948426,0.6271981280893785,0.6277092059660074,True,zh,0.5559322033898305
heatn_t=0.7_kernel_entropy_s,0.4321588158629678,0.5177984962326696,0.5186804203189823,True,zh,0.5559322033898305
heatn_t=0.7_kernel_entropy,0.4321588158629678,0.5177984962326696,0.5186804203189823,True,zh,0.5559322033898305
matern_kappa=1.0_nu=1.0_kernel_entropy_s,0.5963042264010426,0.6338437152083102,0.6343322656709767,True,zh,0.5559322033898305
matern_kappa=1.0_nu=1.0_kernel_entropy,0.5963042264010426,0.6338437152083102,0.6343322656709767,True,zh,0.5559322033898305
maternn_kappa=1.0_nu=1.0_kernel_entropy_s,0.43336901880469186,0.5213522434306984,0.5222221209163399,True,zh,0.5559322033898305
maternn_kappa=1.0_nu=1.0_kernel_entropy,0.43336901880469186,0.5213522434306984,0.5222221209163399,True,zh,0.5559322033898305
matern_kappa=1.0_nu=2.0_kernel_entropy_s,0.5933718115807112,0.6300566356483235,0.6305580236688204,True,zh,0.5559322033898305
matern_kappa=1.0_nu=2.0_kernel_entropy,0.5933718115807112,0.6300566356483235,0.6305580236688204,True,zh,0.5559322033898305
maternn_kappa=1.0_nu=2.0_kernel_entropy_s,0.42855148017129024,0.5172264017852511,0.5181102651747755,True,zh,0.5559322033898305
maternn_kappa=1.0_nu=2.0_kernel_entropy,0.42855148017129024,0.5172264017852511,0.5181102651747755,True,zh,0.5559322033898305
matern_kappa=1.0_nu=3.0_kernel_entropy_s,0.5927667101098493,0.6296149775660018,0.6301178627325404,True,zh,0.5559322033898305
matern_kappa=1.0_nu=3.0_kernel_entropy,0.5927667101098493,0.6296149775660018,0.6301178627325404,True,zh,0.5559322033898305
maternn_kappa=1.0_nu=3.0_kernel_entropy_s,0.4275507354310184,0.5166994147000608,0.5175850644864839,True,zh,0.5559322033898305
maternn_kappa=1.0_nu=3.0_kernel_entropy,0.4275507354310184,0.5166994147000608,0.5175850644864839,True,zh,0.5559322033898305
matern_kappa=2.0_nu=1.0_kernel_entropy_s,0.5881353565444052,0.6255604871414712,0.6260771163433473,True,zh,0.5559322033898305
matern_kappa=2.0_nu=1.0_kernel_entropy,0.5881353565444052,0.6255604871414712,0.6260771163433473,True,zh,0.5559322033898305
maternn_kappa=2.0_nu=1.0_kernel_entropy_s,0.4792170917892385,0.5604437924296881,0.5611811561899092,True,zh,0.5559322033898305
maternn_kappa=2.0_nu=1.0_kernel_entropy,0.4792170917892385,0.5604437924296881,0.5611811561899092,True,zh,0.5559322033898305
matern_kappa=2.0_nu=2.0_kernel_entropy_s,0.5784071867436231,0.6171383651859728,0.6176835439537997,True,zh,0.5559322033898305
matern_kappa=2.0_nu=2.0_kernel_entropy,0.5784304598771178,0.6171383651859728,0.6176835439537997,True,zh,0.5559322033898305
maternn_kappa=2.0_nu=2.0_kernel_entropy_s,0.48778160491528577,0.56394696570364,0.5646724543002205,True,zh,0.5559322033898305
maternn_kappa=2.0_nu=2.0_kernel_entropy,0.48778160491528577,0.56394696570364,0.5646724543002205,True,zh,0.5559322033898305
matern_kappa=2.0_nu=3.0_kernel_entropy_s,0.5719372556320983,0.6123440316498063,0.6129054623957219,True,zh,0.5559322033898305
matern_kappa=2.0_nu=3.0_kernel_entropy,0.571960528765593,0.612372376321008,0.6129337109832925,True,zh,0.5559322033898305
maternn_kappa=2.0_nu=3.0_kernel_entropy_s,0.49776577918450937,0.5716248766152205,0.5723243383951517,True,zh,0.5559322033898305
maternn_kappa=2.0_nu=3.0_kernel_entropy,0.49776577918450937,0.5716248766152205,0.5723243383951517,True,zh,0.5559322033898305
matern_kappa=3.0_nu=1.0_kernel_entropy_s,0.5734732824427481,0.612967463457176,0.6135267808749311,True,zh,0.5559322033898305
matern_kappa=3.0_nu=1.0_kernel_entropy,0.5734732824427481,0.612967463457176,0.6135267808749311,True,zh,0.5559322033898305
maternn_kappa=3.0_nu=1.0_kernel_entropy_s,0.528951778067399,0.5882576133938819,0.5889006930152415,True,zh,0.5559322033898305
maternn_kappa=3.0_nu=1.0_kernel_entropy,0.528951778067399,0.5882576133938819,0.5889006930152415,True,zh,0.5559322033898305
matern_kappa=3.0_nu=2.0_kernel_entropy_s,0.553039471234407,0.5965830712029434,0.5971979289334246,True,zh,0.5559322033898305
matern_kappa=3.0_nu=2.0_kernel_entropy,0.553039471234407,0.5965830712029434,0.5971979289334246,True,zh,0.5559322033898305
maternn_kappa=3.0_nu=2.0_kernel_entropy_s,0.5454757028486316,0.6082439596954821,0.6088192889903956,True,zh,0.5559322033898305
maternn_kappa=3.0_nu=2.0_kernel_entropy,0.5454757028486316,0.6082439596954821,0.6088192889903956,True,zh,0.5559322033898305
matern_kappa=3.0_nu=3.0_kernel_entropy_s,0.5434276671010985,0.5895698645621004,0.5902084958744149,True,zh,0.5559322033898305
matern_kappa=3.0_nu=3.0_kernel_entropy,0.5434276671010985,0.5895698645621004,0.5902084958744149,True,zh,0.5559322033898305
maternn_kappa=3.0_nu=3.0_kernel_entropy_s,0.5474073729286911,0.6117907096222581,0.6123540160360637,True,zh,0.5559322033898305
maternn_kappa=3.0_nu=3.0_kernel_entropy,0.5474073729286911,0.6117907096222581,0.6123540160360637,True,zh,0.5559322033898305
weighted_heat_t=0.1_kernel_entropy_s,0.6331688698566376,0.6507415285870992,0.6511727983264479,True,zh,0.5559322033898305
weighted_heat_t=0.1_kernel_entropy,0.6331688698566376,0.6507415285870992,0.6511727983264479,True,zh,0.5559322033898305
weighted_heatn_t=0.1_kernel_entropy_s,0.44139824986036114,0.4753630493203369,0.4746939071249965,True,zh,0.5559322033898305
weighted_heatn_t=0.1_kernel_entropy,0.44139824986036114,0.4753630493203369,0.4746939071249965,True,zh,0.5559322033898305
weighted_heat_t=0.2_kernel_entropy_s,0.628188419288773,0.6461223204688253,0.6465692485407781,True,zh,0.5559322033898305
weighted_heat_t=0.2_kernel_entropy,0.628188419288773,0.6461223204688253,0.6465692485407781,True,zh,0.5559322033898305
weighted_heatn_t=0.2_kernel_entropy_s,0.4420033513312232,0.47518194471113684,0.4745134164297259,True,zh,0.5559322033898305
weighted_heatn_t=0.2_kernel_entropy,0.4420033513312232,0.47518194471113684,0.4745134164297259,True,zh,0.5559322033898305
weighted_heat_t=0.3_kernel_entropy_s,0.6225563209830571,0.6416048134830674,0.6420670551380229,True,zh,0.5559322033898305
weighted_heat_t=0.3_kernel_entropy,0.6225563209830571,0.6416048134830674,0.6420670551380229,True,zh,0.5559322033898305
weighted_heatn_t=0.3_kernel_entropy_s,0.44298082293800034,0.475884827854806,0.4752139169186708,True,zh,0.5559322033898305
weighted_heatn_t=0.3_kernel_entropy,0.44298082293800034,0.475884827854806,0.4752139169186708,True,zh,0.5559322033898305
weighted_heat_t=0.4_kernel_entropy_s,0.6126885123813071,0.6332286082503145,0.6337192438213131,True,zh,0.5559322033898305
weighted_heat_t=0.4_kernel_entropy,0.6126885123813071,0.6332286082503145,0.6337192438213131,True,zh,0.5559322033898305
weighted_heatn_t=0.4_kernel_entropy_s,0.4439582945447775,0.4765517336910556,0.47587856205717033,True,zh,0.5559322033898305
weighted_heatn_t=0.4_kernel_entropy,0.4439582945447775,0.4765517336910556,0.47587856205717033,True,zh,0.5559322033898305
weighted_heat_t=0.5_kernel_entropy_s,0.5978867994786818,0.6228882733031146,0.6234139608569851,True,zh,0.5559322033898305
weighted_heat_t=0.5_kernel_entropy,0.5978867994786818,0.6228882733031146,0.6234139608569851,True,zh,0.5559322033898305
weighted_heatn_t=0.5_kernel_entropy_s,0.44479612735058643,0.4768632098194021,0.47618898233423423,True,zh,0.5559322033898305
weighted_heatn_t=0.5_kernel_entropy,0.44479612735058643,0.4768632098194021,0.47618898233423423,True,zh,0.5559322033898305
weighted_heat_t=0.6_kernel_entropy_s,0.5860640476633774,0.616193577507556,0.6167419589454793,True,zh,0.5559322033898305
weighted_heat_t=0.6_kernel_entropy,0.5860640476633774,0.616193577507556,0.6167419589454793,True,zh,0.5559322033898305
weighted_heatn_t=0.6_kernel_entropy_s,0.4453081362874698,0.4773828632012349,0.4767068741791795,True,zh,0.5559322033898305
weighted_heatn_t=0.6_kernel_entropy,0.4453081362874698,0.4773828632012349,0.4767068741791795,True,zh,0.5559322033898305
weighted_heat_t=0.7_kernel_entropy_s,0.5769875256004469,0.6109222660670122,0.6114885163572762,True,zh,0.5559322033898305
weighted_heat_t=0.7_kernel_entropy,0.5769875256004469,0.6109222660670122,0.6114885163572762,True,zh,0.5559322033898305
weighted_heatn_t=0.7_kernel_entropy_s,0.44619251536026805,0.4782751354509599,0.4775961217772105,True,zh,0.5559322033898305
weighted_heatn_t=0.7_kernel_entropy,0.44619251536026805,0.4782751354509599,0.4775961217772105,True,zh,0.5559322033898305
weighted_matern_kappa=1.0_nu=1.0_kernel_entropy_s,0.6223235896481102,0.6422199035541271,0.6426800601579943,True,zh,0.5559322033898305
weighted_matern_kappa=1.0_nu=1.0_kernel_entropy,0.6223235896481102,0.6422199035541271,0.6426800601579943,True,zh,0.5559322033898305
weighted_maternn_kappa=1.0_nu=1.0_kernel_entropy_s,0.4465648854961832,0.4788152327839071,0.478134388271741,True,zh,0.5559322033898305
weighted_maternn_kappa=1.0_nu=1.0_kernel_entropy,0.4465648854961832,0.4788152327839071,0.478134388271741,True,zh,0.5559322033898305
weighted_matern_kappa=1.0_nu=2.0_kernel_entropy_s,0.6211599329733756,0.6414666683603,0.6419293783038071,True,zh,0.5559322033898305
weighted_matern_kappa=1.0_nu=2.0_kernel_entropy,0.6211599329733756,0.6414666683603,0.6419293783038071,True,zh,0.5559322033898305
weighted_maternn_kappa=1.0_nu=2.0_kernel_entropy_s,0.44549432135542727,0.47767282603868166,0.47699585409175366,True,zh,0.5559322033898305
weighted_maternn_kappa=1.0_nu=2.0_kernel_entropy,0.44549432135542727,0.47767282603868166,0.47699585409175366,True,zh,0.5559322033898305
weighted_matern_kappa=1.0_nu=3.0_kernel_entropy_s,0.620135915099609,0.6403729370282549,0.6408393545355996,True,zh,0.5559322033898305
weighted_matern_kappa=1.0_nu=3.0_kernel_entropy,0.620135915099609,0.6403729370282549,0.6408393545355996,True,zh,0.5559322033898305
weighted_maternn_kappa=1.0_nu=3.0_kernel_entropy_s,0.44535468255445915,0.47754725264104564,0.47687070636665196,True,zh,0.5559322033898305
weighted_maternn_kappa=1.0_nu=3.0_kernel_entropy,0.44535468255445915,0.47754725264104564,0.47687070636665196,True,zh,0.5559322033898305
weighted_matern_kappa=2.0_nu=1.0_kernel_entropy_s,0.6206479240364923,0.640386530925554,0.6408529023518909,True,zh,0.5559322033898305
weighted_matern_kappa=2.0_nu=1.0_kernel_entropy,0.6206479240364923,0.640386530925554,0.6408529023518909,True,zh,0.5559322033898305
weighted_maternn_kappa=2.0_nu=1.0_kernel_entropy_s,0.4531279091416868,0.4884165425828716,0.4877031512578278,True,zh,0.5559322033898305
weighted_maternn_kappa=2.0_nu=1.0_kernel_entropy,0.4531279091416868,0.4884165425828716,0.4877031512578278,True,zh,0.5559322033898305
weighted_matern_kappa=2.0_nu=2.0_kernel_entropy_s,0.611245578104636,0.6338477097317106,0.6343362466536197,True,zh,0.5559322033898305
weighted_matern_kappa=2.0_nu=2.0_kernel_entropy,0.611245578104636,0.6338477097317106,0.6343362466536197,True,zh,0.5559322033898305
weighted_maternn_kappa=2.0_nu=2.0_kernel_entropy_s,0.4447030348166077,0.4857611571506528,0.4850567671321588,True,zh,0.5559322033898305
weighted_maternn_kappa=2.0_nu=2.0_kernel_entropy,0.4447030348166077,0.4857611571506528,0.4850567671321588,True,zh,0.5559322033898305
weighted_matern_kappa=2.0_nu=3.0_kernel_entropy_s,0.6004468441630981,0.6269035968157866,0.6274156731035123,True,zh,0.5559322033898305
weighted_matern_kappa=2.0_nu=3.0_kernel_entropy,0.6004468441630981,0.6269035968157866,0.6274156731035123,True,zh,0.5559322033898305
weighted_maternn_kappa=2.0_nu=3.0_kernel_entropy_s,0.4467510705641407,0.4907689247535614,0.49004755925166754,True,zh,0.5559322033898305
weighted_maternn_kappa=2.0_nu=3.0_kernel_entropy,0.4467510705641407,0.4907689247535614,0.49004755925166754,True,zh,0.5559322033898305
weighted_matern_kappa=3.0_nu=1.0_kernel_entropy_s,0.617855148017129,0.6377768164185645,0.6382520343347554,True,zh,0.5559322033898305
weighted_matern_kappa=3.0_nu=1.0_kernel_entropy,0.617855148017129,0.6377768164185645,0.6382520343347554,True,zh,0.5559322033898305
weighted_maternn_kappa=3.0_nu=1.0_kernel_entropy_s,0.5060975609756098,0.5396194789286627,0.5387325183278703,True,zh,0.5559322033898305
weighted_maternn_kappa=3.0_nu=1.0_kernel_entropy,0.5060975609756098,0.5396194789286627,0.5387325183278703,True,zh,0.5559322033898305
weighted_matern_kappa=3.0_nu=2.0_kernel_entropy_s,0.6057996648668778,0.6304945734128482,0.6309944768985503,True,zh,0.5559322033898305
weighted_matern_kappa=3.0_nu=2.0_kernel_entropy,0.6057996648668778,0.6304945734128482,0.6309944768985503,True,zh,0.5559322033898305
weighted_maternn_kappa=3.0_nu=2.0_kernel_entropy_s,0.5280673989946005,0.5576808562690714,0.5584275859145829,True,zh,0.5559322033898305
weighted_maternn_kappa=3.0_nu=2.0_kernel_entropy,0.5280673989946005,0.5576808562690714,0.5584275859145829,True,zh,0.5559322033898305
weighted_matern_kappa=3.0_nu=3.0_kernel_entropy_s,0.5929994414447961,0.622218644889651,0.6227466023703468,True,zh,0.5559322033898305
weighted_matern_kappa=3.0_nu=3.0_kernel_entropy,0.5929994414447961,0.622218644889651,0.6227466023703468,True,zh,0.5559322033898305
weighted_maternn_kappa=3.0_nu=3.0_kernel_entropy_s,0.5289517780673989,0.5584694063047222,0.5592134628992651,True,zh,0.5559322033898305
weighted_maternn_kappa=3.0_nu=3.0_kernel_entropy,0.5289517780673989,0.5584694063047222,0.5592134628992651,True,zh,0.5559322033898305
weighted_deberta_heat_t=0.1_kernel_entropy_s,0.6165983988084156,0.6503299545486521,0.6507626194542326,True,zh,0.5559322033898305
weighted_deberta_heat_t=0.1_kernel_entropy,0.6165983988084156,0.6503299545486521,0.6507626194542326,True,zh,0.5559322033898305
weighted_deberta_heatn_t=0.1_kernel_entropy_s,0.5086110593930366,0.5687802438958328,0.5694893484985414,True,zh,0.5559322033898305
weighted_deberta_heatn_t=0.1_kernel_entropy,0.5086110593930366,0.5687802438958328,0.5694893484985414,True,zh,0.5559322033898305
weighted_deberta_heat_t=0.2_kernel_entropy_s,0.6130143362502327,0.6468028972188439,0.6472475182509662,True,zh,0.5559322033898305
weighted_deberta_heat_t=0.2_kernel_entropy,0.6130143362502327,0.6468028972188439,0.6472475182509662,True,zh,0.5559322033898305
weighted_deberta_heatn_t=0.2_kernel_entropy_s,0.5101936324706758,0.5703365787846038,0.5710404076758252,True,zh,0.5559322033898305
weighted_deberta_heatn_t=0.2_kernel_entropy,0.5101936324706758,0.5703365787846038,0.5710404076758252,True,zh,0.5559322033898305
weighted_deberta_heat_t=0.3_kernel_entropy_s,0.6078942468814001,0.6416556030193707,0.6421176725064065,True,zh,0.5559322033898305
weighted_deberta_heat_t=0.3_kernel_entropy,0.6078942468814001,0.6416556030193707,0.6421176725064065,True,zh,0.5559322033898305
weighted_deberta_heatn_t=0.3_kernel_entropy_s,0.5127071308881027,0.5723628303228043,0.5730597905647438,True,zh,0.5559322033898305
weighted_deberta_heatn_t=0.3_kernel_entropy,0.5127071308881027,0.5723628303228043,0.5730597905647438,True,zh,0.5559322033898305
weighted_deberta_heat_t=0.4_kernel_entropy_s,0.6017966859057903,0.6350220158913471,0.63550657211441,True,zh,0.5559322033898305
weighted_deberta_heat_t=0.4_kernel_entropy,0.6017966859057903,0.6350220158913471,0.63550657211441,True,zh,0.5559322033898305
weighted_deberta_heatn_t=0.4_kernel_entropy_s,0.51596536957736,0.5746040767719217,0.5752934395682708,True,zh,0.5559322033898305
weighted_deberta_heatn_t=0.4_kernel_entropy,0.51596536957736,0.5746040767719217,0.5752934395682708,True,zh,0.5559322033898305
weighted_deberta_heat_t=0.5_kernel_entropy_s,0.5954663935952337,0.62893316634039,0.6294383627314223,True,zh,0.5559322033898305
weighted_deberta_heat_t=0.5_kernel_entropy,0.5954663935952337,0.62893316634039,0.6294383627314223,True,zh,0.5559322033898305
weighted_deberta_heatn_t=0.5_kernel_entropy_s,0.5186650530627444,0.5776833214692616,0.5783622461479926,True,zh,0.5559322033898305
weighted_deberta_heatn_t=0.5_kernel_entropy,0.5186650530627444,0.5776833214692616,0.5783622461479926,True,zh,0.5559322033898305
weighted_deberta_heat_t=0.6_kernel_entropy_s,0.5862502327313349,0.6230412321425471,0.6235664011918772,True,zh,0.5559322033898305
weighted_deberta_heat_t=0.6_kernel_entropy,0.5862502327313349,0.6230412321425471,0.6235664011918772,True,zh,0.5559322033898305
weighted_deberta_heatn_t=0.6_kernel_entropy_s,0.5210854589461925,0.5793103968560716,0.5799838060250168,True,zh,0.5559322033898305
weighted_deberta_heatn_t=0.6_kernel_entropy,0.5210854589461925,0.5793103968560716,0.5799838060250168,True,zh,0.5559322033898305
weighted_deberta_heat_t=0.7_kernel_entropy_s,0.5778719046732451,0.6173698384213553,0.617914232534147,True,zh,0.5559322033898305
weighted_deberta_heat_t=0.7_kernel_entropy,0.5778719046732451,0.6173698384213553,0.617914232534147,True,zh,0.5559322033898305
weighted_deberta_heatn_t=0.7_kernel_entropy_s,0.524622975237386,0.5817836485427068,0.5824486738076294,True,zh,0.5559322033898305
weighted_deberta_heatn_t=0.7_kernel_entropy,0.524622975237386,0.5817836485427068,0.5824486738076294,True,zh,0.5559322033898305
weighted_deberta_matern_kappa=1.0_nu=1.0_kernel_entropy_s,0.604030906721281,0.6407454629531356,0.641210617660735,True,zh,0.5559322033898305
weighted_deberta_matern_kappa=1.0_nu=1.0_kernel_entropy,0.604030906721281,0.6407454629531356,0.641210617660735,True,zh,0.5559322033898305
weighted_deberta_maternn_kappa=1.0_nu=1.0_kernel_entropy_s,0.5261124557810464,0.5808349626109336,0.5815032037603709,True,zh,0.5559322033898305
weighted_deberta_maternn_kappa=1.0_nu=1.0_kernel_entropy,0.5261124557810464,0.5808349626109336,0.5815032037603709,True,zh,0.5559322033898305
weighted_deberta_matern_kappa=1.0_nu=2.0_kernel_entropy_s,0.6021225097747162,0.6380071371019483,0.63848157427006,True,zh,0.5559322033898305
weighted_deberta_matern_kappa=1.0_nu=2.0_kernel_entropy,0.6021225097747162,0.6380071371019483,0.63848157427006,True,zh,0.5559322033898305
weighted_deberta_maternn_kappa=1.0_nu=2.0_kernel_entropy_s,0.5225283932228635,0.5808730760810875,0.5815411880323208,True,zh,0.5559322033898305
weighted_deberta_maternn_kappa=1.0_nu=2.0_kernel_entropy,0.5225283932228635,0.5808730760810875,0.5815411880323208,True,zh,0.5559322033898305
weighted_deberta_matern_kappa=1.0_nu=3.0_kernel_entropy_s,0.6010053993669707,0.6363757945504022,0.6368557616932649,True,zh,0.5559322033898305
weighted_deberta_matern_kappa=1.0_nu=3.0_kernel_entropy,0.6010053993669707,0.6363757945504022,0.6368557616932649,True,zh,0.5559322033898305
weighted_deberta_maternn_kappa=1.0_nu=3.0_kernel_entropy_s,0.5218301992180228,0.5799285051091745,0.5805998189959057,True,zh,0.5559322033898305
weighted_deberta_maternn_kappa=1.0_nu=3.0_kernel_entropy,0.5218301992180228,0.5799285051091745,0.5805998189959057,True,zh,0.5559322033898305
weighted_deberta_matern_kappa=2.0_nu=1.0_kernel_entropy_s,0.5791752001489481,0.6240989997587023,0.6246205831550963,True,zh,0.5559322033898305
weighted_deberta_matern_kappa=2.0_nu=1.0_kernel_entropy,0.5791752001489481,0.6240989997587023,0.6246205831550963,True,zh,0.5559322033898305
weighted_deberta_maternn_kappa=2.0_nu=1.0_kernel_entropy_s,0.5636287469744926,0.6045009457742259,0.6033940479976859,True,zh,0.5559322033898305
weighted_deberta_maternn_kappa=2.0_nu=1.0_kernel_entropy,0.5636287469744926,0.6045009457742259,0.6033940479976859,True,zh,0.5559322033898305
weighted_deberta_matern_kappa=2.0_nu=2.0_kernel_entropy_s,0.5673059020666542,0.614356227444192,0.6149108371874147,True,zh,0.5559322033898305
weighted_deberta_matern_kappa=2.0_nu=2.0_kernel_entropy,0.5673059020666542,0.614356227444192,0.6149108371874147,True,zh,0.5559322033898305
weighted_deberta_maternn_kappa=2.0_nu=2.0_kernel_entropy_s,0.5677713647365481,0.6073987589279397,0.6062820380559635,True,zh,0.5559322033898305
weighted_deberta_maternn_kappa=2.0_nu=2.0_kernel_entropy,0.5677713647365481,0.6073987589279397,0.6062820380559635,True,zh,0.5559322033898305
weighted_deberta_matern_kappa=2.0_nu=3.0_kernel_entropy_s,0.5567864457270526,0.6066409040601246,0.6072216674419374,True,zh,0.5559322033898305
weighted_deberta_matern_kappa=2.0_nu=3.0_kernel_entropy,0.5567864457270526,0.6066409040601246,0.6072216674419374,True,zh,0.5559322033898305
weighted_deberta_maternn_kappa=2.0_nu=3.0_kernel_entropy_s,0.5703779556879538,0.6100200736026291,0.6088944669181962,True,zh,0.5559322033898305
weighted_deberta_maternn_kappa=2.0_nu=3.0_kernel_entropy,0.5703779556879538,0.6100200736026291,0.6088944669181962,True,zh,0.5559322033898305
weighted_deberta_matern_kappa=3.0_nu=1.0_kernel_entropy_s,0.5695401228821448,0.617441184738842,0.6179853369997101,True,zh,0.5559322033898305
weighted_deberta_matern_kappa=3.0_nu=1.0_kernel_entropy,0.5695401228821448,0.617441184738842,0.6179853369997101,True,zh,0.5559322033898305
weighted_deberta_maternn_kappa=3.0_nu=1.0_kernel_entropy_s,0.5449636939117481,0.5777014983404413,0.5766854461484225,True,zh,0.5559322033898305
weighted_deberta_maternn_kappa=3.0_nu=1.0_kernel_entropy,0.5449636939117481,0.5777014983404413,0.5766854461484225,True,zh,0.5559322033898305
weighted_deberta_matern_kappa=3.0_nu=2.0_kernel_entropy_s,0.553109290634891,0.604896605848003,0.6054832821051112,True,zh,0.5559322033898305
weighted_deberta_matern_kappa=3.0_nu=2.0_kernel_entropy,0.553109290634891,0.604896605848003,0.6054832821051112,True,zh,0.5559322033898305
weighted_deberta_maternn_kappa=3.0_nu=2.0_kernel_entropy_s,0.5120554831502514,0.563312717834626,0.5640403564239829,True,zh,0.5559322033898305
weighted_deberta_maternn_kappa=3.0_nu=2.0_kernel_entropy,0.5120554831502514,0.563312717834626,0.5640403564239829,True,zh,0.5559322033898305
weighted_deberta_matern_kappa=3.0_nu=3.0_kernel_entropy_s,0.542170917892385,0.5978403125288893,0.5984509084243673,True,zh,0.5559322033898305
weighted_deberta_matern_kappa=3.0_nu=3.0_kernel_entropy,0.542170917892385,0.5978403125288893,0.5984509084243673,True,zh,0.5559322033898305
weighted_deberta_maternn_kappa=3.0_nu=3.0_kernel_entropy_s,0.4989759821262334,0.5564820881640815,0.5572328814302877,True,zh,0.5559322033898305
weighted_deberta_maternn_kappa=3.0_nu=3.0_kernel_entropy,0.4989759821262334,0.5564820881640815,0.5572328814302877,True,zh,0.5559322033898305
semantic_kernel_heat_t=0.1_alpha_0.0,0.5705641407559114,0.6149303286745523,0.6154829923119094,False,zh,0.5559322033898305
semantic_kernel_heat_t=0.1_alpha_0.1,0.5684695587413889,0.6121439783016205,0.612706087194479,False,zh,0.5559322033898305
semantic_kernel_heat_t=0.1_alpha_0.2,0.5685626512753676,0.6117306333487399,0.6122941434109302,False,zh,0.5559322033898305
semantic_kernel_heat_t=0.1_alpha_0.3,0.5686557438093465,0.6143490196573853,0.6149036538337838,False,zh,0.5559322033898305
semantic_kernel_heat_t=0.1_alpha_0.4,0.5710296034258053,0.616721823378594,0.6172684141525476,False,zh,0.5559322033898305
semantic_kernel_heat_t=0.1_alpha_0.5,0.5754049525228078,0.6213391203036827,0.6218700592236528,False,zh,0.5559322033898305
semantic_kernel_heat_t=0.1_alpha_0.6,0.575684230124744,0.6184308072949112,0.6189716049030467,False,zh,0.5559322033898305
semantic_kernel_heat_t=0.1_alpha_0.7,0.5728449078383914,0.6188427682258569,0.6193821693562604,False,zh,0.5559322033898305
semantic_kernel_heat_t=0.1_alpha_0.8,0.5710296034258052,0.6140227079764788,0.6145784482941684,False,zh,0.5559322033898305
semantic_kernel_heat_t=0.1_alpha_0.9,0.5714019735617204,0.6166761813988482,0.6172229268913771,False,zh,0.5559322033898305
semantic_kernel_heat_t=0.1_alpha_1.0,0.5728449078383914,0.6187411780042567,0.6192809235082926,False,zh,0.5559322033898305
semantic_kernel_heatn_t=0.1_alpha_0.0,0.5705641407559114,0.6149303286745523,0.6154829923119094,False,zh,0.5559322033898305
semantic_kernel_heatn_t=0.1_alpha_0.1,0.5683299199404208,0.6114593427610193,0.6120237724523206,False,zh,0.5559322033898305
semantic_kernel_heatn_t=0.1_alpha_0.2,0.5681902811394526,0.611068943476596,0.6116346965553021,False,zh,0.5559322033898305
semantic_kernel_heatn_t=0.1_alpha_0.3,0.567026624464718,0.6122295496848231,0.6127913685051964,False,zh,0.5559322033898305
semantic_kernel_heatn_t=0.1_alpha_0.4,0.5673059020666542,0.6124740090956607,0.613034999240065,False,zh,0.5559322033898305
semantic_kernel_heatn_t=0.1_alpha_0.5,0.5680971886054738,0.6128615593581963,0.6134212357728971,False,zh,0.5559322033898305
semantic_kernel_heatn_t=0.1_alpha_0.6,0.568004096071495,0.611247721574002,0.6118128686252592,False,zh,0.5559322033898305
semantic_kernel_heatn_t=0.1_alpha_0.7,0.568004096071495,0.6134650674437631,0.6140226980683432,False,zh,0.5559322033898305
semantic_kernel_heatn_t=0.1_alpha_0.8,0.5678179110035375,0.6114961119296571,0.6120604169797088,False,zh,0.5559322033898305
semantic_kernel_heatn_t=0.1_alpha_0.9,0.5680971886054739,0.6136977781087795,0.6142546198836477,False,zh,0.5559322033898305
semantic_kernel_heatn_t=0.1_alpha_1.0,0.5599050456153417,0.6061444927161659,0.6067269388482972,False,zh,0.5559322033898305
semantic_kernel_heat_t=0.2_alpha_0.0,0.5705641407559114,0.6149303286745523,0.6154829923119094,False,zh,0.5559322033898305
semantic_kernel_heat_t=0.2_alpha_0.1,0.5685161050083783,0.6124504699937625,0.6130115399317325,False,zh,0.5559322033898305
semantic_kernel_heat_t=0.2_alpha_0.2,0.5691212064792404,0.6124423181218693,0.6130034156933033,False,zh,0.5559322033898305
semantic_kernel_heat_t=0.2_alpha_0.3,0.5701917706199963,0.6156974466034433,0.6162475098410415,False,zh,0.5559322033898305
semantic_kernel_heat_t=0.2_alpha_0.4,0.572798361571402,0.620387140286643,0.6209213062575184,False,zh,0.5559322033898305
semantic_kernel_heat_t=0.2_alpha_0.5,0.5733569167752747,0.6236973743504506,0.6242203191889064,False,zh,0.5559322033898305
semantic_kernel_heat_t=0.2_alpha_0.6,0.5717277974306461,0.6205489899769624,0.6210826073048199,False,zh,0.5559322033898305
semantic_kernel_heat_t=0.2_alpha_0.7,0.5724259914354868,0.621115659059582,0.6216473554752949,False,zh,0.5559322033898305
semantic_kernel_heat_t=0.2_alpha_0.8,0.5752187674548501,0.6217894240310942,0.6223188364977512,False,zh,0.5559322033898305
semantic_kernel_heat_t=0.2_alpha_0.9,0.5757307763917334,0.6229724684505791,0.62349787059717,False,zh,0.5559322033898305
semantic_kernel_heat_t=0.2_alpha_1.0,0.5774529882703408,0.6234241739490447,0.6239480448905561,False,zh,0.5559322033898305
semantic_kernel_heatn_t=0.2_alpha_0.0,0.5705641407559114,0.6149303286745523,0.6154829923119094,False,zh,0.5559322033898305
semantic_kernel_heatn_t=0.2_alpha_0.1,0.5683299199404208,0.6114593427610193,0.6120237724523206,False,zh,0.5559322033898305
semantic_kernel_heatn_t=0.2_alpha_0.2,0.5681902811394526,0.611068943476596,0.6116346965553021,False,zh,0.5559322033898305
semantic_kernel_heatn_t=0.2_alpha_0.3,0.5671197169986967,0.61242553283999,0.6129866873106846,False,zh,0.5559322033898305
semantic_kernel_heatn_t=0.2_alpha_0.4,0.5674455408676224,0.6131540924056427,0.6137127771828943,False,zh,0.5559322033898305
semantic_kernel_heatn_t=0.2_alpha_0.5,0.5680971886054738,0.613474732855243,0.6140323307157165,False,zh,0.5559322033898305
semantic_kernel_heatn_t=0.2_alpha_0.6,0.5680971886054739,0.6114733760303614,0.6120377581512583,False,zh,0.5559322033898305
semantic_kernel_heatn_t=0.2_alpha_0.7,0.5683299199404208,0.6138382619212013,0.6143946274797563,False,zh,0.5559322033898305
semantic_kernel_heatn_t=0.2_alpha_0.8,0.568004096071495,0.6113174314079759,0.6118823421547113,False,zh,0.5559322033898305
semantic_kernel_heatn_t=0.2_alpha_0.9,0.5690281139452615,0.6139434354873491,0.6144994445253408,False,zh,0.5559322033898305
semantic_kernel_heatn_t=0.2_alpha_1.0,0.5601377769502887,0.606524179702816,0.6071053387604164,False,zh,0.5559322033898305
semantic_kernel_heat_t=0.3_alpha_0.0,0.5705641407559114,0.6149303286745523,0.6154829923119094,False,zh,0.5559322033898305
semantic_kernel_heat_t=0.3_alpha_0.1,0.5690281139452615,0.6128376895812149,0.6133974469104138,False,zh,0.5559322033898305
semantic_kernel_heat_t=0.3_alpha_0.2,0.5694004840811767,0.6128150686749791,0.6133749026852161,False,zh,0.5559322033898305
semantic_kernel_heat_t=0.3_alpha_0.3,0.5714019735617203,0.6165764374996058,0.6171235211070475,False,zh,0.5559322033898305
semantic_kernel_heat_t=0.3_alpha_0.4,0.5731707317073171,0.6214201808574243,0.6219508449958564,False,zh,0.5559322033898305
semantic_kernel_heat_t=0.3_alpha_0.5,0.5716812511636566,0.622776506251882,0.6233025726771126,False,zh,0.5559322033898305
semantic_kernel_heat_t=0.3_alpha_0.6,0.5749394898529138,0.6205800074540931,0.6211135196379602,False,zh,0.5559322033898305
semantic_kernel_heat_t=0.3_alpha_0.7,0.5770806181344256,0.6234729439583155,0.6239966495777615,False,zh,0.5559322033898305
semantic_kernel_heat_t=0.3_alpha_0.8,0.578337367343139,0.6230321150509942,0.6235573150057192,False,zh,0.5559322033898305
semantic_kernel_heat_t=0.3_alpha_0.9,0.5803388568236827,0.6262917105634205,0.6268058610418323,False,zh,0.5559322033898305
semantic_kernel_heat_t=0.3_alpha_1.0,0.5826196239061627,0.6242281468722832,0.6247492924818514,False,zh,0.5559322033898305
semantic_kernel_heatn_t=0.3_alpha_0.0,0.5705641407559114,0.6149303286745523,0.6154829923119094,False,zh,0.5559322033898305
semantic_kernel_heatn_t=0.3_alpha_0.1,0.5683299199404208,0.6114593427610193,0.6120237724523206,False,zh,0.5559322033898305
semantic_kernel_heatn_t=0.3_alpha_0.2,0.5681902811394526,0.611068943476596,0.6116346965553021,False,zh,0.5559322033898305
semantic_kernel_heatn_t=0.3_alpha_0.3,0.5670731707317073,0.6128670692643405,0.6134267270013933,False,zh,0.5559322033898305
semantic_kernel_heatn_t=0.3_alpha_0.4,0.5675851796685906,0.6134211637384597,0.6139789431891596,False,zh,0.5559322033898305
semantic_kernel_heatn_t=0.3_alpha_0.5,0.5680506423384845,0.6135329907034399,0.6140903910796822,False,zh,0.5559322033898305
semantic_kernel_heatn_t=0.3_alpha_0.6,0.5683764662074102,0.6118444620215977,0.61240758622388,False,zh,0.5559322033898305
semantic_kernel_heatn_t=0.3_alpha_0.7,0.5680506423384845,0.6134079020396069,0.6139657264452182,False,zh,0.5559322033898305
semantic_kernel_heatn_t=0.3_alpha_0.8,0.5678179110035375,0.6117430946895452,0.6123065625099023,False,zh,0.5559322033898305
semantic_kernel_heatn_t=0.3_alpha_0.9,0.5689350214112828,0.6154411036833125,0.615992035879962,False,zh,0.5559322033898305
semantic_kernel_heatn_t=0.3_alpha_1.0,0.5602774157512568,0.6066222204915014,0.6072030472074451,False,zh,0.5559322033898305
semantic_kernel_heat_t=0.4_alpha_0.0,0.5705641407559114,0.6149303286745523,0.6154829923119094,False,zh,0.5559322033898305
semantic_kernel_heat_t=0.4_alpha_0.1,0.5692608452802085,0.6131332246567124,0.6136919801720961,False,zh,0.5559322033898305
semantic_kernel_heat_t=0.4_alpha_0.2,0.5698659467510705,0.6129872522454743,0.613546502582591,False,zh,0.5559322033898305
semantic_kernel_heat_t=0.4_alpha_0.3,0.5716347048966672,0.6166459650507736,0.6171928129716012,False,zh,0.5559322033898305
semantic_kernel_heat_t=0.4_alpha_0.4,0.573775833178179,0.6203518745530932,0.6208861600688282,False,zh,0.5559322033898305
semantic_kernel_heat_t=0.4_alpha_0.5,0.5733569167752746,0.6231939449822931,0.6237185963609799,False,zh,0.5559322033898305
semantic_kernel_heat_t=0.4_alpha_0.6,0.5790355613479798,0.6245825704956027,0.6251025146691597,False,zh,0.5559322033898305
semantic_kernel_heat_t=0.4_alpha_0.7,0.5825730776391733,0.6274940646261162,0.6280041393280442,False,zh,0.5559322033898305
semantic_kernel_heat_t=0.4_alpha_0.8,0.5843418357847701,0.6244117822231793,0.6249323053400326,False,zh,0.5559322033898305
semantic_kernel_heat_t=0.4_alpha_0.9,0.5882051759448892,0.6288641735702836,0.6293696038351129,False,zh,0.5559322033898305
semantic_kernel_heat_t=0.4_alpha_1.0,0.5886706386147831,0.6276419581241703,0.6281515314922067,False,zh,0.5559322033898305
semantic_kernel_heatn_t=0.4_alpha_0.0,0.5705641407559114,0.6149303286745523,0.6154829923119094,False,zh,0.5559322033898305
semantic_kernel_heatn_t=0.4_alpha_0.1,0.5683299199404208,0.6114593427610193,0.6120237724523206,False,zh,0.5559322033898305
semantic_kernel_heatn_t=0.4_alpha_0.2,0.568236827406442,0.6112235507740604,0.6117887797602328,False,zh,0.5559322033898305
semantic_kernel_heatn_t=0.4_alpha_0.3,0.5672128095326754,0.6129850345315843,0.6135442923863752,False,zh,0.5559322033898305
semantic_kernel_heatn_t=0.4_alpha_0.4,0.5675386334016012,0.6133913272424578,0.6139492078338221,False,zh,0.5559322033898305
semantic_kernel_heatn_t=0.4_alpha_0.5,0.5681902811394526,0.613587055065414,0.6141442721726326,False,zh,0.5559322033898305
semantic_kernel_heatn_t=0.4_alpha_0.6,0.5683299199404208,0.6119169651525198,0.6124798435814771,False,zh,0.5559322033898305
semantic_kernel_heatn_t=0.4_alpha_0.7,0.5681437348724633,0.6134133097368508,0.6139711158112849,False,zh,0.5559322033898305
semantic_kernel_heatn_t=0.4_alpha_0.8,0.568841928877304,0.6107777327292214,0.6113444729630034,False,zh,0.5559322033898305
semantic_kernel_heatn_t=0.4_alpha_0.9,0.5626047291007261,0.608031081137923,0.6086071320550653,False,zh,0.5559322033898305
semantic_kernel_heatn_t=0.4_alpha_1.0,0.5604170545522249,0.6068953769345389,0.6074752776964385,False,zh,0.5559322033898305
semantic_kernel_heat_t=0.5_alpha_0.0,0.5705641407559114,0.6149303286745523,0.6154829923119094,False,zh,0.5559322033898305
semantic_kernel_heat_t=0.5_alpha_0.1,0.5694935766151555,0.6134629881056931,0.614020625778877,False,zh,0.5559322033898305
semantic_kernel_heat_t=0.5_alpha_0.2,0.5694935766151554,0.6125711712461624,0.6131318320273447,False,zh,0.5559322033898305
semantic_kernel_heat_t=0.5_alpha_0.3,0.5714019735617204,0.616677695135937,0.6172244354971537,False,zh,0.5559322033898305
semantic_kernel_heat_t=0.5_alpha_0.4,0.5742878421150623,0.6212069009773733,0.6217382880984497,False,zh,0.5559322033898305
semantic_kernel_heat_t=0.5_alpha_0.5,0.5753584062558182,0.6239262634431328,0.6244484323863592,False,zh,0.5559322033898305
semantic_kernel_heat_t=0.5_alpha_0.6,0.5806181344256189,0.6254408603412854,0.6259578950577384,False,zh,0.5559322033898305
semantic_kernel_heat_t=0.5_alpha_0.7,0.5879724446099424,0.6301610338740261,0.6306620680022326,False,zh,0.5559322033898305
semantic_kernel_heat_t=0.5_alpha_0.8,0.5929994414447961,0.6286236755802048,0.6291299210924581,False,zh,0.5559322033898305
semantic_kernel_heat_t=0.5_alpha_0.9,0.5957456711971699,0.6307973559294329,0.6312962330337225,False,zh,0.5559322033898305
semantic_kernel_heat_t=0.5_alpha_1.0,0.5932321727797432,0.6293376141084586,0.6298414394901075,False,zh,0.5559322033898305
semantic_kernel_heatn_t=0.5_alpha_0.0,0.5705641407559114,0.6149303286745523,0.6154829923119094,False,zh,0.5559322033898305
semantic_kernel_heatn_t=0.5_alpha_0.1,0.5683299199404208,0.6114593427610193,0.6120237724523206,False,zh,0.5559322033898305
semantic_kernel_heatn_t=0.5_alpha_0.2,0.5683764662074102,0.6117568820223178,0.6123203031059538,False,zh,0.5559322033898305
semantic_kernel_heatn_t=0.5_alpha_0.3,0.5673524483336436,0.6131977404791031,0.613756277296784,False,zh,0.5559322033898305
semantic_kernel_heatn_t=0.5_alpha_0.4,0.5675386334016012,0.6134021900078909,0.6139600337763214,False,zh,0.5559322033898305
semantic_kernel_heatn_t=0.5_alpha_0.5,0.5680971886054739,0.6136737774592765,0.6142307005922788,False,zh,0.5559322033898305
semantic_kernel_heatn_t=0.5_alpha_0.6,0.5683299199404208,0.6115347234693207,0.6120988976327972,False,zh,0.5559322033898305
semantic_kernel_heatn_t=0.5_alpha_0.7,0.5678644572705269,0.6137041258849636,0.6142609461419465,False,zh,0.5559322033898305
semantic_kernel_heatn_t=0.5_alpha_0.8,0.5704245019549432,0.6156413485775315,0.6161916019779295,False,zh,0.5559322033898305
semantic_kernel_heatn_t=0.5_alpha_0.9,0.5591603053435115,0.6066750649837789,0.6072557125658504,False,zh,0.5559322033898305
semantic_kernel_heatn_t=0.5_alpha_1.0,0.56004468441631,0.6066030453361988,0.607183937052669,False,zh,0.5559322033898305
semantic_kernel_heat_t=0.6_alpha_0.0,0.5705641407559114,0.6149303286745523,0.6154829923119094,False,zh,0.5559322033898305
semantic_kernel_heat_t=0.6_alpha_0.1,0.5692142990132192,0.613256855273309,0.6138151917018569,False,zh,0.5559322033898305
semantic_kernel_heat_t=0.6_alpha_0.2,0.5698194004840812,0.6126919981858386,0.6132522493841744,False,zh,0.5559322033898305
semantic_kernel_heat_t=0.6_alpha_0.3,0.5710761496927946,0.6163480574942874,0.6168959152712388,False,zh,0.5559322033898305
semantic_kernel_heat_t=0.6_alpha_0.4,0.5753118599888289,0.6210272614798903,0.6215592575484159,False,zh,0.5559322033898305
semantic_kernel_heat_t=0.6_alpha_0.5,0.5768478867994786,0.6242873857122613,0.6248083305122024,False,zh,0.5559322033898305
semantic_kernel_heat_t=0.6_alpha_0.6,0.5819679761683113,0.6258415648157803,0.6263572412119809,False,zh,0.5559322033898305
semantic_kernel_heat_t=0.6_alpha_0.7,0.5918823310370509,0.6319598037899179,0.6324547403929857,False,zh,0.5559322033898305
semantic_kernel_heat_t=0.6_alpha_0.8,0.5997951964252467,0.6298531027937475,0.6303551807561243,False,zh,0.5559322033898305
semantic_kernel_heat_t=0.6_alpha_0.9,0.5988177248184696,0.6309386408614432,0.6314370390337603,False,zh,0.5559322033898305
semantic_kernel_heat_t=0.6_alpha_1.0,0.5956991249301806,0.6290578991248766,0.6295626726929107,False,zh,0.5559322033898305
semantic_kernel_heatn_t=0.6_alpha_0.0,0.5705641407559114,0.6149303286745523,0.6154829923119094,False,zh,0.5559322033898305
semantic_kernel_heatn_t=0.6_alpha_0.1,0.5683299199404208,0.6114593427610193,0.6120237724523206,False,zh,0.5559322033898305
semantic_kernel_heatn_t=0.6_alpha_0.2,0.5683764662074102,0.6117568820223178,0.6123203031059538,False,zh,0.5559322033898305
semantic_kernel_heatn_t=0.6_alpha_0.3,0.567398994600633,0.6132310871511053,0.61378951092922,False,zh,0.5559322033898305
semantic_kernel_heatn_t=0.6_alpha_0.4,0.56763172593558,0.6134382251713052,0.6139959467866395,False,zh,0.5559322033898305
semantic_kernel_heatn_t=0.6_alpha_0.5,0.5681437348724633,0.6137130670205422,0.6142698569685909,False,zh,0.5559322033898305
semantic_kernel_heatn_t=0.6_alpha_0.6,0.5680971886054739,0.611431651724462,0.6119961752836838,False,zh,0.5559322033898305
semantic_kernel_heatn_t=0.6_alpha_0.7,0.5685161050083783,0.6146613250777626,0.615214900591719,False,zh,0.5559322033898305
semantic_kernel_heatn_t=0.6_alpha_0.8,0.5687022900763359,0.6116457796614011,0.6122095773632097,False,zh,0.5559322033898305
semantic_kernel_heatn_t=0.6_alpha_0.9,0.5590672128095326,0.6061569043062541,0.6067393083651987,False,zh,0.5559322033898305
semantic_kernel_heatn_t=0.6_alpha_1.0,0.5597654068143736,0.606510179381748,0.6070913858980638,False,zh,0.5559322033898305
semantic_kernel_heat_t=0.7_alpha_0.0,0.5705641407559114,0.6149303286745523,0.6154829923119094,False,zh,0.5559322033898305
semantic_kernel_heat_t=0.7_alpha_0.1,0.5693073915471979,0.6133041325011649,0.6138623086679235,False,zh,0.5559322033898305
semantic_kernel_heat_t=0.7_alpha_0.2,0.5691677527462298,0.6122096700186747,0.6127715562277467,False,zh,0.5559322033898305
semantic_kernel_heat_t=0.7_alpha_0.3,0.5715416123626885,0.6166886260716501,0.6172353293788476,False,zh,0.5559322033898305
semantic_kernel_heat_t=0.7_alpha_0.4,0.5744274809160306,0.6200361412805903,0.6205714970786048,False,zh,0.5559322033898305
semantic_kernel_heat_t=0.7_alpha_0.5,0.5764755166635636,0.623666035030418,0.6241890861038568,False,zh,0.5559322033898305
semantic_kernel_heat_t=0.7_alpha_0.6,0.5838763731148762,0.6264120832806982,0.6269258257160008,False,zh,0.5559322033898305
semantic_kernel_heat_t=0.7_alpha_0.7,0.5941165518525413,0.6311421158867645,0.6316398243132327,False,zh,0.5559322033898305
semantic_kernel_heat_t=0.7_alpha_0.8,0.604403276857196,0.6345758555902464,0.6350619242211097,False,zh,0.5559322033898305
semantic_kernel_heat_t=0.7_alpha_0.9,0.6019828709737479,0.6329876508140453,0.6334791031899126,False,zh,0.5559322033898305
semantic_kernel_heat_t=0.7_alpha_1.0,0.5949078383913611,0.6282834469826091,0.6287908458121423,False,zh,0.5559322033898305
semantic_kernel_heatn_t=0.7_alpha_0.0,0.5705641407559114,0.6149303286745523,0.6154829923119094,False,zh,0.5559322033898305
semantic_kernel_heatn_t=0.7_alpha_0.1,0.5684230124743996,0.6114984658406629,0.6120627629113553,False,zh,0.5559322033898305
semantic_kernel_heatn_t=0.7_alpha_0.2,0.5684695587413889,0.6118110959369225,0.6123743332445767,False,zh,0.5559322033898305
semantic_kernel_heatn_t=0.7_alpha_0.3,0.5675386334016012,0.6133283007042454,0.6138863949448917,False,zh,0.5559322033898305
semantic_kernel_heatn_t=0.7_alpha_0.4,0.5676782722025694,0.6135929008811953,0.6141500981720893,False,zh,0.5559322033898305
semantic_kernel_heatn_t=0.7_alpha_0.5,0.5680971886054739,0.6134799796804306,0.6140375597550558,False,zh,0.5559322033898305
semantic_kernel_heatn_t=0.7_alpha_0.6,0.5677713647365481,0.6109011052346094,0.6114674272565087,False,zh,0.5559322033898305
semantic_kernel_heatn_t=0.7_alpha_0.7,0.568841928877304,0.6150690411721005,0.6156212345976015,False,zh,0.5559322033898305
semantic_kernel_heatn_t=0.7_alpha_0.8,0.5665146155278347,0.6125815876697117,0.6131422131409836,False,zh,0.5559322033898305
semantic_kernel_heatn_t=0.7_alpha_0.9,0.5590206665425432,0.6066695654475305,0.6072502316720978,False,zh,0.5559322033898305
semantic_kernel_heatn_t=0.7_alpha_1.0,0.559579221746416,0.6065149516877022,0.6070961420267097,False,zh,0.5559322033898305
semantic_kernel_matern_kappa=1.0_nu=1.0_alpha_0.0,0.5705641407559114,0.6149303286745523,0.6154829923119094,False,zh,0.5559322033898305
semantic_kernel_matern_kappa=1.0_nu=1.0_alpha_0.1,0.5684695587413889,0.6124790921151055,0.6130400650289354,False,zh,0.5559322033898305
semantic_kernel_matern_kappa=1.0_nu=1.0_alpha_0.2,0.5689350214112827,0.6123680198817459,0.6129293693116212,False,zh,0.5559322033898305
semantic_kernel_matern_kappa=1.0_nu=1.0_alpha_0.3,0.5694004840811767,0.6148264746810626,0.6153794903658554,False,zh,0.5559322033898305
semantic_kernel_matern_kappa=1.0_nu=1.0_alpha_0.4,0.5725190839694656,0.6177197375271722,0.6182629455413002,False,zh,0.5559322033898305
semantic_kernel_matern_kappa=1.0_nu=1.0_alpha_0.5,0.5754980450567864,0.62310156463393,0.62362652916634,False,zh,0.5559322033898305
semantic_kernel_matern_kappa=1.0_nu=1.0_alpha_0.6,0.5747533047849562,0.6201115113019552,0.620646611608372,False,zh,0.5559322033898305
semantic_kernel_matern_kappa=1.0_nu=1.0_alpha_0.7,0.5718208899646249,0.620846174970179,0.6213787848912798,False,zh,0.5559322033898305
semantic_kernel_matern_kappa=1.0_nu=1.0_alpha_0.8,0.5707037795568796,0.6180225742916996,0.618564755740524,False,zh,0.5559322033898305
semantic_kernel_matern_kappa=1.0_nu=1.0_alpha_0.9,0.572798361571402,0.6194113408047879,0.619948814570517,False,zh,0.5559322033898305
semantic_kernel_matern_kappa=1.0_nu=1.0_alpha_1.0,0.5758238689257122,0.6209715025124483,0.6215036875944228,False,zh,0.5559322033898305
semantic_kernel_maternn_kappa=1.0_nu=1.0_alpha_0.0,0.5705641407559114,0.6149303286745523,0.6154829923119094,False,zh,0.5559322033898305
semantic_kernel_maternn_kappa=1.0_nu=1.0_alpha_0.1,0.5683299199404208,0.6114593427610193,0.6120237724523206,False,zh,0.5559322033898305
semantic_kernel_maternn_kappa=1.0_nu=1.0_alpha_0.2,0.568236827406442,0.6112235507740604,0.6117887797602328,False,zh,0.5559322033898305
semantic_kernel_maternn_kappa=1.0_nu=1.0_alpha_0.3,0.5671662632656861,0.6129628440083467,0.6135221770852503,False,zh,0.5559322033898305
semantic_kernel_maternn_kappa=1.0_nu=1.0_alpha_0.4,0.5675851796685906,0.6134211637384597,0.6139789431891596,False,zh,0.5559322033898305
semantic_kernel_maternn_kappa=1.0_nu=1.0_alpha_0.5,0.5680506423384843,0.6136150708419941,0.6141721929804785,False,zh,0.5559322033898305
semantic_kernel_maternn_kappa=1.0_nu=1.0_alpha_0.6,0.5683299199404208,0.6119353921901415,0.6124982081545643,False,zh,0.5559322033898305
semantic_kernel_maternn_kappa=1.0_nu=1.0_alpha_0.7,0.5683764662074102,0.6138376459366749,0.614394013583313,False,zh,0.5559322033898305
semantic_kernel_maternn_kappa=1.0_nu=1.0_alpha_0.8,0.5688884751442935,0.6114170911972963,0.6119816641142374,False,zh,0.5559322033898305
semantic_kernel_maternn_kappa=1.0_nu=1.0_alpha_0.9,0.562232358964811,0.6100219601184345,0.61059126229327,False,zh,0.5559322033898305
semantic_kernel_maternn_kappa=1.0_nu=1.0_alpha_1.0,0.5600446844163098,0.6069242952316063,0.6075040979653802,False,zh,0.5559322033898305
semantic_kernel_matern_kappa=1.0_nu=2.0_alpha_0.0,0.5705641407559114,0.6149303286745523,0.6154829923119094,False,zh,0.5559322033898305
semantic_kernel_matern_kappa=1.0_nu=2.0_alpha_0.1,0.5689815676782722,0.6128170394348296,0.6133768667645247,False,zh,0.5559322033898305
semantic_kernel_matern_kappa=1.0_nu=2.0_alpha_0.2,0.5691677527462298,0.6124039016195038,0.6129651294163696,False,zh,0.5559322033898305
semantic_kernel_matern_kappa=1.0_nu=2.0_alpha_0.3,0.5708899646248371,0.6160710905033261,0.6166198871514332,False,zh,0.5559322033898305
semantic_kernel_matern_kappa=1.0_nu=2.0_alpha_0.4,0.5732172779743065,0.619755016724918,0.6202913254875281,False,zh,0.5559322033898305
semantic_kernel_matern_kappa=1.0_nu=2.0_alpha_0.5,0.5741947495810836,0.6244342218396924,0.624954668890049,False,zh,0.5559322033898305
semantic_kernel_matern_kappa=1.0_nu=2.0_alpha_0.6,0.5733569167752746,0.6205618351343445,0.6210954089192955,False,zh,0.5559322033898305
semantic_kernel_matern_kappa=1.0_nu=2.0_alpha_0.7,0.5739620182461367,0.6226763802270469,0.6232027860625311,False,zh,0.5559322033898305
semantic_kernel_matern_kappa=1.0_nu=2.0_alpha_0.8,0.5769875256004469,0.6215982211606277,0.6221282817726084,False,zh,0.5559322033898305
semantic_kernel_matern_kappa=1.0_nu=2.0_alpha_0.9,0.5792682926829269,0.6247017755035564,0.6252213155923406,False,zh,0.5559322033898305
semantic_kernel_matern_kappa=1.0_nu=2.0_alpha_1.0,0.5821541612362688,0.6265438115813297,0.6270571074800196,False,zh,0.5559322033898305
semantic_kernel_maternn_kappa=1.0_nu=2.0_alpha_0.0,0.5705641407559114,0.6149303286745523,0.6154829923119094,False,zh,0.5559322033898305
semantic_kernel_maternn_kappa=1.0_nu=2.0_alpha_0.1,0.5683299199404208,0.6114593427610193,0.6120237724523206,False,zh,0.5559322033898305
semantic_kernel_maternn_kappa=1.0_nu=2.0_alpha_0.2,0.5683299199404207,0.6113207445253859,0.6118856440412147,False,zh,0.5559322033898305
semantic_kernel_maternn_kappa=1.0_nu=2.0_alpha_0.3,0.5672128095326754,0.6129808406249828,0.6135401126964062,False,zh,0.5559322033898305
semantic_kernel_maternn_kappa=1.0_nu=2.0_alpha_0.4,0.5674920871346119,0.613378143674457,0.6139360689558823,False,zh,0.5559322033898305
semantic_kernel_maternn_kappa=1.0_nu=2.0_alpha_0.5,0.568004096071495,0.6136027658015766,0.6141599296520625,False,zh,0.5559322033898305
semantic_kernel_maternn_kappa=1.0_nu=2.0_alpha_0.6,0.5684695587413889,0.6121458209361393,0.6127079235827793,False,zh,0.5559322033898305
semantic_kernel_maternn_kappa=1.0_nu=2.0_alpha_0.7,0.5680971886054739,0.6135346964674862,0.6140920910614774,False,zh,0.5559322033898305
semantic_kernel_maternn_kappa=1.0_nu=2.0_alpha_0.8,0.5693073915471979,0.6117672409804673,0.612330626948991,False,zh,0.5559322033898305
semantic_kernel_maternn_kappa=1.0_nu=2.0_alpha_0.9,0.5602308694842674,0.6079271136681397,0.6085035170173831,False,zh,0.5559322033898305
semantic_kernel_maternn_kappa=1.0_nu=2.0_alpha_1.0,0.5602308694842675,0.6070354142730922,0.6076148403321491,False,zh,0.5559322033898305
semantic_kernel_matern_kappa=1.0_nu=3.0_alpha_0.0,0.5705641407559114,0.6149303286745523,0.6154829923119094,False,zh,0.5559322033898305
semantic_kernel_matern_kappa=1.0_nu=3.0_alpha_0.1,0.569074660212251,0.6128659324245405,0.6134255940152875,False,zh,0.5559322033898305
semantic_kernel_matern_kappa=1.0_nu=3.0_alpha_0.2,0.5692142990132192,0.6124669280917219,0.6130279422395293,False,zh,0.5559322033898305
semantic_kernel_matern_kappa=1.0_nu=3.0_alpha_0.3,0.5708899646248371,0.6162700475230329,0.6168181697405647,False,zh,0.5559322033898305
semantic_kernel_matern_kappa=1.0_nu=3.0_alpha_0.4,0.5734500093092534,0.6204615473066635,0.6209954610503525,False,zh,0.5559322033898305
semantic_kernel_matern_kappa=1.0_nu=3.0_alpha_0.5,0.5734965555762428,0.6219587543280951,0.6224875927937453,False,zh,0.5559322033898305
semantic_kernel_matern_kappa=1.0_nu=3.0_alpha_0.6,0.5741482033140943,0.6230520331154291,0.6235771655512917,False,zh,0.5559322033898305
semantic_kernel_matern_kappa=1.0_nu=3.0_alpha_0.7,0.5777788121392664,0.6250157832316949,0.6255342588875024,False,zh,0.5559322033898305
semantic_kernel_matern_kappa=1.0_nu=3.0_alpha_0.8,0.5808974120275554,0.6244563094290971,0.6249766816062692,False,zh,0.5559322033898305
semantic_kernel_matern_kappa=1.0_nu=3.0_alpha_0.9,0.5820145224353007,0.6259548595856468,0.6264701519317799,False,zh,0.5559322033898305
semantic_kernel_matern_kappa=1.0_nu=3.0_alpha_1.0,0.5852727611245578,0.6280098574537495,0.6285181837054145,False,zh,0.5559322033898305
semantic_kernel_maternn_kappa=1.0_nu=3.0_alpha_0.0,0.5705641407559114,0.6149303286745523,0.6154829923119094,False,zh,0.5559322033898305
semantic_kernel_maternn_kappa=1.0_nu=3.0_alpha_0.1,0.5683299199404208,0.6114593427610193,0.6120237724523206,False,zh,0.5559322033898305
semantic_kernel_maternn_kappa=1.0_nu=3.0_alpha_0.2,0.5683299199404207,0.6113207445253859,0.6118856440412147,False,zh,0.5559322033898305
semantic_kernel_maternn_kappa=1.0_nu=3.0_alpha_0.3,0.5672593557996648,0.6130017078675853,0.6135609092025932,False,zh,0.5559322033898305
semantic_kernel_maternn_kappa=1.0_nu=3.0_alpha_0.4,0.5675386334016013,0.6133762254235838,0.6139341572075544,False,zh,0.5559322033898305
semantic_kernel_maternn_kappa=1.0_nu=3.0_alpha_0.5,0.5680040960714952,0.6116310455758881,0.6121948932237492,False,zh,0.5559322033898305
semantic_kernel_maternn_kappa=1.0_nu=3.0_alpha_0.6,0.5683764662074102,0.6116391158996094,0.6122029361904409,False,zh,0.5559322033898305
semantic_kernel_maternn_kappa=1.0_nu=3.0_alpha_0.7,0.5679110035375163,0.6135559967778765,0.6141133191674257,False,zh,0.5559322033898305
semantic_kernel_maternn_kappa=1.0_nu=3.0_alpha_0.8,0.5692608452802086,0.614711818949922,0.6152652232982102,False,zh,0.5559322033898305
semantic_kernel_maternn_kappa=1.0_nu=3.0_alpha_0.9,0.5596723142803948,0.6084552190444478,0.6090298322059748,False,zh,0.5559322033898305
semantic_kernel_maternn_kappa=1.0_nu=3.0_alpha_1.0,0.5598584993483522,0.6067214444776079,0.6073019348410563,False,zh,0.5559322033898305
semantic_kernel_matern_kappa=2.0_nu=1.0_alpha_0.0,0.5705641407559114,0.6149303286745523,0.6154829923119094,False,zh,0.5559322033898305
semantic_kernel_matern_kappa=2.0_nu=1.0_alpha_0.1,0.5689350214112828,0.6129653404733584,0.6135246650876687,False,zh,0.5559322033898305
semantic_kernel_matern_kappa=2.0_nu=1.0_alpha_0.2,0.5688884751442934,0.6121289732743433,0.6126911330317012,False,zh,0.5559322033898305
semantic_kernel_matern_kappa=2.0_nu=1.0_alpha_0.3,0.5706106870229007,0.6157823306707331,0.6163321061657302,False,zh,0.5559322033898305
semantic_kernel_matern_kappa=2.0_nu=1.0_alpha_0.4,0.5729845466393596,0.6180543338429718,0.6185964076323004,False,zh,0.5559322033898305
semantic_kernel_matern_kappa=2.0_nu=1.0_alpha_0.5,0.5750325823868925,0.6230746466324594,0.6235997024123321,False,zh,0.5559322033898305
semantic_kernel_matern_kappa=2.0_nu=1.0_alpha_0.6,0.5743343883820518,0.6230143412804892,0.6235396014852836,False,zh,0.5559322033898305
semantic_kernel_matern_kappa=2.0_nu=1.0_alpha_0.7,0.574613665983988,0.6246064948553061,0.6251263579293386,False,zh,0.5559322033898305
semantic_kernel_matern_kappa=2.0_nu=1.0_alpha_0.8,0.5784770061441072,0.6220499932394888,0.6225785224206937,False,zh,0.5559322033898305
semantic_kernel_matern_kappa=2.0_nu=1.0_alpha_0.9,0.5822472537702477,0.6255571250471399,0.6260737656459457,False,zh,0.5559322033898305
semantic_kernel_matern_kappa=2.0_nu=1.0_alpha_1.0,0.5855054924595048,0.6267820088565998,0.6272944973068991,False,zh,0.5559322033898305
semantic_kernel_maternn_kappa=2.0_nu=1.0_alpha_0.0,0.5705641407559114,0.6149303286745523,0.6154829923119094,False,zh,0.5559322033898305
semantic_kernel_maternn_kappa=2.0_nu=1.0_alpha_0.1,0.5683764662074102,0.6115821382741935,0.6121461517095178,False,zh,0.5559322033898305
semantic_kernel_maternn_kappa=2.0_nu=1.0_alpha_0.2,0.5682833736734314,0.6117739167975917,0.6123372801362267,False,zh,0.5559322033898305
semantic_kernel_maternn_kappa=2.0_nu=1.0_alpha_0.3,0.5675851796685906,0.6134424981532732,0.6140002052839229,False,zh,0.5559322033898305
semantic_kernel_maternn_kappa=2.0_nu=1.0_alpha_0.4,0.5676782722025694,0.6137888243878601,0.6143453575312738,False,zh,0.5559322033898305
semantic_kernel_maternn_kappa=2.0_nu=1.0_alpha_0.5,0.5684230124743995,0.6140890604082587,0.6146445758024507,False,zh,0.5559322033898305
semantic_kernel_maternn_kappa=2.0_nu=1.0_alpha_0.6,0.5687488363433253,0.6124058657581406,0.6129670868969092,False,zh,0.5559322033898305
semantic_kernel_maternn_kappa=2.0_nu=1.0_alpha_0.7,0.5675851796685906,0.6176176643803704,0.6181612184051655,False,zh,0.5559322033898305
semantic_kernel_maternn_kappa=2.0_nu=1.0_alpha_0.8,0.5532954757028485,0.605542548170843,0.6061270347929585,False,zh,0.5559322033898305
semantic_kernel_maternn_kappa=2.0_nu=1.0_alpha_0.9,0.5568329919940421,0.6070480790768258,0.6076274622043448,False,zh,0.5559322033898305
semantic_kernel_maternn_kappa=2.0_nu=1.0_alpha_1.0,0.5570657233289891,0.6078076858716194,0.6083844940608509,False,zh,0.5559322033898305
semantic_kernel_matern_kappa=2.0_nu=2.0_alpha_0.0,0.5705641407559114,0.6149303286745523,0.6154829923119094,False,zh,0.5559322033898305
semantic_kernel_matern_kappa=2.0_nu=2.0_alpha_0.1,0.5691677527462298,0.613298422357607,0.6138566178807843,False,zh,0.5559322033898305
semantic_kernel_matern_kappa=2.0_nu=2.0_alpha_0.2,0.5686091975423572,0.6118512385598129,0.6124143397907793,False,zh,0.5559322033898305
semantic_kernel_matern_kappa=2.0_nu=2.0_alpha_0.3,0.5692608452802085,0.6149993630299033,0.6155517926524966,False,zh,0.5559322033898305
semantic_kernel_matern_kappa=2.0_nu=2.0_alpha_0.4,0.5723328989015082,0.6174607283528861,0.6180048143642151,False,zh,0.5559322033898305
semantic_kernel_matern_kappa=2.0_nu=2.0_alpha_0.5,0.5749394898529139,0.6215670393324413,0.6220972056455345,False,zh,0.5559322033898305
semantic_kernel_matern_kappa=2.0_nu=2.0_alpha_0.6,0.576289331595606,0.6230887958152631,0.6236138036318043,False,zh,0.5559322033898305
semantic_kernel_matern_kappa=2.0_nu=2.0_alpha_0.7,0.5792682926829269,0.6274762646836993,0.6279863997244154,False,zh,0.5559322033898305
semantic_kernel_matern_kappa=2.0_nu=2.0_alpha_0.8,0.5898808415565071,0.6285094421926931,0.6290160749367685,False,zh,0.5559322033898305
semantic_kernel_matern_kappa=2.0_nu=2.0_alpha_0.9,0.5962576801340532,0.6314309355004772,0.6319276648774075,False,zh,0.5559322033898305
semantic_kernel_matern_kappa=2.0_nu=2.0_alpha_1.0,0.5995624650902998,0.6317767146713639,0.6322722719155116,False,zh,0.5559322033898305
semantic_kernel_maternn_kappa=2.0_nu=2.0_alpha_0.0,0.5705641407559114,0.6149303286745523,0.6154829923119094,False,zh,0.5559322033898305
semantic_kernel_maternn_kappa=2.0_nu=2.0_alpha_0.1,0.5685161050083783,0.6122529680533915,0.6128147074894644,False,zh,0.5559322033898305
semantic_kernel_maternn_kappa=2.0_nu=2.0_alpha_0.2,0.568236827406442,0.6118369190082651,0.6124000687800841,False,zh,0.5559322033898305
semantic_kernel_maternn_kappa=2.0_nu=2.0_alpha_0.3,0.5674455408676224,0.6133428870993763,0.6139009318946154,False,zh,0.5559322033898305
semantic_kernel_maternn_kappa=2.0_nu=2.0_alpha_0.4,0.5679575498045057,0.6140509236264589,0.6146065682978773,False,zh,0.5559322033898305
semantic_kernel_maternn_kappa=2.0_nu=2.0_alpha_0.5,0.569074660212251,0.6165100936296203,0.6170574021315364,False,zh,0.5559322033898305
semantic_kernel_maternn_kappa=2.0_nu=2.0_alpha_0.6,0.5686091975423571,0.6155956436669333,0.6161460519992316,False,zh,0.5559322033898305
semantic_kernel_maternn_kappa=2.0_nu=2.0_alpha_0.7,0.5615341649599702,0.6136309355088323,0.6141880038687851,False,zh,0.5559322033898305
semantic_kernel_maternn_kappa=2.0_nu=2.0_alpha_0.8,0.5552038726494135,0.6042510207807326,0.6048398854617976,False,zh,0.5559322033898305
semantic_kernel_maternn_kappa=2.0_nu=2.0_alpha_0.9,0.5577173710668404,0.6079464807297965,0.6085228184279833,False,zh,0.5559322033898305
semantic_kernel_maternn_kappa=2.0_nu=2.0_alpha_1.0,0.5580897412027556,0.6074394510824951,0.6080175075252492,False,zh,0.5559322033898305
semantic_kernel_matern_kappa=2.0_nu=3.0_alpha_0.0,0.5705641407559114,0.6149303286745523,0.6154829923119094,False,zh,0.5559322033898305
semantic_kernel_matern_kappa=2.0_nu=3.0_alpha_0.1,0.5691677527462297,0.6128657012639155,0.6134253636382578,False,zh,0.5559322033898305
semantic_kernel_matern_kappa=2.0_nu=3.0_alpha_0.2,0.5682833736734314,0.6116942448165308,0.6122578782296778,False,zh,0.5559322033898305
semantic_kernel_matern_kappa=2.0_nu=3.0_alpha_0.3,0.5684695587413889,0.6145889560407308,0.6151427768734568,False,zh,0.5559322033898305
semantic_kernel_matern_kappa=2.0_nu=3.0_alpha_0.4,0.5709365108918265,0.6175176469689099,0.6180615400357778,False,zh,0.5559322033898305
semantic_kernel_matern_kappa=2.0_nu=3.0_alpha_0.5,0.5735896481102216,0.620540038259266,0.621073685931929,False,zh,0.5559322033898305
semantic_kernel_matern_kappa=2.0_nu=3.0_alpha_0.6,0.5769875256004469,0.620346982202751,0.6208812843027245,False,zh,0.5559322033898305
semantic_kernel_matern_kappa=2.0_nu=3.0_alpha_0.7,0.5813628746974493,0.6264623332034985,0.6269759053000796,False,zh,0.5559322033898305
semantic_kernel_matern_kappa=2.0_nu=3.0_alpha_0.8,0.5922547011729659,0.6289000300654489,0.6294053387828369,False,zh,0.5559322033898305
semantic_kernel_matern_kappa=2.0_nu=3.0_alpha_0.9,0.602820703779557,0.6352742781321914,0.6357579792290141,False,zh,0.5559322033898305
semantic_kernel_matern_kappa=2.0_nu=3.0_alpha_1.0,0.6021690560417055,0.6332372793470645,0.6337278855245149,False,zh,0.5559322033898305
semantic_kernel_maternn_kappa=2.0_nu=3.0_alpha_0.0,0.5705641407559114,0.6149303286745523,0.6154829923119094,False,zh,0.5559322033898305
semantic_kernel_maternn_kappa=2.0_nu=3.0_alpha_0.1,0.5685626512753676,0.6123851925970911,0.6129464838143719,False,zh,0.5559322033898305
semantic_kernel_maternn_kappa=2.0_nu=3.0_alpha_0.2,0.5680506423384845,0.6117082102018108,0.6122717962746688,False,zh,0.5559322033898305
semantic_kernel_maternn_kappa=2.0_nu=3.0_alpha_0.3,0.5676782722025693,0.613507306916472,0.6140647943563989,False,zh,0.5559322033898305
semantic_kernel_maternn_kappa=2.0_nu=3.0_alpha_0.4,0.5684695587413889,0.6146508961067547,0.6152045069731552,False,zh,0.5559322033898305
semantic_kernel_maternn_kappa=2.0_nu=3.0_alpha_0.5,0.5693073915471979,0.6168564620392358,0.6174025964109499,False,zh,0.5559322033898305
semantic_kernel_maternn_kappa=2.0_nu=3.0_alpha_0.6,0.5680506423384845,0.6163434464734197,0.6168913198809501,False,zh,0.5559322033898305
semantic_kernel_maternn_kappa=2.0_nu=3.0_alpha_0.7,0.5598119530813629,0.6128943134414666,0.6134538788253766,False,zh,0.5559322033898305
semantic_kernel_maternn_kappa=2.0_nu=3.0_alpha_0.8,0.5556693353193074,0.6046217899222677,0.6052093977587851,False,zh,0.5559322033898305
semantic_kernel_maternn_kappa=2.0_nu=3.0_alpha_0.9,0.557531185998883,0.6076117483151102,0.6081892206994487,False,zh,0.5559322033898305
semantic_kernel_maternn_kappa=2.0_nu=3.0_alpha_1.0,0.5581828337367344,0.6077915875970692,0.608368450356723,False,zh,0.5559322033898305
semantic_kernel_matern_kappa=3.0_nu=1.0_alpha_0.0,0.5705641407559114,0.6149303286745523,0.6154829923119094,False,zh,0.5559322033898305
semantic_kernel_matern_kappa=3.0_nu=1.0_alpha_0.1,0.5692608452802086,0.6132732507540333,0.6138315316046804,False,zh,0.5559322033898305
semantic_kernel_matern_kappa=3.0_nu=1.0_alpha_0.2,0.5685626512753676,0.6119173064348223,0.6124801837068904,False,zh,0.5559322033898305
semantic_kernel_matern_kappa=3.0_nu=1.0_alpha_0.3,0.5693073915471979,0.614868703660383,0.6154215761960934,False,zh,0.5559322033898305
semantic_kernel_matern_kappa=3.0_nu=1.0_alpha_0.4,0.5713088810277416,0.6179576419641826,0.6185000435225917,False,zh,0.5559322033898305
semantic_kernel_matern_kappa=3.0_nu=1.0_alpha_0.5,0.5747067585179668,0.61912505627466,0.6196635004964235,False,zh,0.5559322033898305
semantic_kernel_matern_kappa=3.0_nu=1.0_alpha_0.6,0.5752653137218394,0.6204038900419382,0.6209379992339822,False,zh,0.5559322033898305
semantic_kernel_matern_kappa=3.0_nu=1.0_alpha_0.7,0.5743809346490412,0.6262780746902338,0.6267922713919445,False,zh,0.5559322033898305
semantic_kernel_matern_kappa=3.0_nu=1.0_alpha_0.8,0.5812697821634705,0.6258317578162195,0.6263474674564862,False,zh,0.5559322033898305
semantic_kernel_matern_kappa=3.0_nu=1.0_alpha_0.9,0.5867622416682182,0.628073195289096,0.6285813068362344,False,zh,0.5559322033898305
semantic_kernel_matern_kappa=3.0_nu=1.0_alpha_1.0,0.5905324892943586,0.6299950304756532,0.6304966273272439,False,zh,0.5559322033898305
semantic_kernel_maternn_kappa=3.0_nu=1.0_alpha_0.0,0.5705641407559114,0.6149303286745523,0.6154829923119094,False,zh,0.5559322033898305
semantic_kernel_maternn_kappa=3.0_nu=1.0_alpha_0.1,0.5684230124743996,0.6122111165746904,0.6127729978801827,False,zh,0.5559322033898305
semantic_kernel_maternn_kappa=3.0_nu=1.0_alpha_0.2,0.5681437348724632,0.6117381240859487,0.6123016087558095,False,zh,0.5559322033898305
semantic_kernel_maternn_kappa=3.0_nu=1.0_alpha_0.3,0.5676317259355799,0.6135674771862221,0.6141247606591329,False,zh,0.5559322033898305
semantic_kernel_maternn_kappa=3.0_nu=1.0_alpha_0.4,0.568236827406442,0.6144989667586682,0.6150530926398079,False,zh,0.5559322033898305
semantic_kernel_maternn_kappa=3.0_nu=1.0_alpha_0.5,0.5687953826103147,0.6151232676964146,0.6156752773031892,False,zh,0.5559322033898305
semantic_kernel_maternn_kappa=3.0_nu=1.0_alpha_0.6,0.568004096071495,0.6169742616346139,0.6175199966856656,False,zh,0.5559322033898305
semantic_kernel_maternn_kappa=3.0_nu=1.0_alpha_0.7,0.5553435114503817,0.6112697185829568,0.611834791068082,False,zh,0.5559322033898305
semantic_kernel_maternn_kappa=3.0_nu=1.0_alpha_0.8,0.5557158815862968,0.6089908609268,0.6095636583531326,False,zh,0.5559322033898305
semantic_kernel_maternn_kappa=3.0_nu=1.0_alpha_0.9,0.5574380934649041,0.6093288028101856,0.6099004546708119,False,zh,0.5559322033898305
semantic_kernel_maternn_kappa=3.0_nu=1.0_alpha_1.0,0.5581828337367343,0.6095664943192409,0.6101373404459381,False,zh,0.5559322033898305
semantic_kernel_matern_kappa=3.0_nu=2.0_alpha_0.0,0.5705641407559114,0.6149303286745523,0.6154829923119094,False,zh,0.5559322033898305
semantic_kernel_matern_kappa=3.0_nu=2.0_alpha_0.1,0.5691212064792404,0.6128610045336575,0.6134206828291194,False,zh,0.5559322033898305
semantic_kernel_matern_kappa=3.0_nu=2.0_alpha_0.2,0.5679110035375162,0.6114403485183537,0.6120048425969183,False,zh,0.5559322033898305
semantic_kernel_matern_kappa=3.0_nu=2.0_alpha_0.3,0.5681437348724632,0.6145369997539655,0.6150909967096975,False,zh,0.5559322033898305
semantic_kernel_matern_kappa=3.0_nu=2.0_alpha_0.4,0.5689815676782722,0.6159129605098899,0.616462293191873,False,zh,0.5559322033898305
semantic_kernel_matern_kappa=3.0_nu=2.0_alpha_0.5,0.571588158629678,0.6169406252656546,0.6174864743382963,False,zh,0.5559322033898305
semantic_kernel_matern_kappa=3.0_nu=2.0_alpha_0.6,0.5751722211878607,0.6185226566058402,0.6190631428603793,False,zh,0.5559322033898305
semantic_kernel_matern_kappa=3.0_nu=2.0_alpha_0.7,0.580850865760566,0.6257865109424865,0.6263023739619863,False,zh,0.5559322033898305
semantic_kernel_matern_kappa=3.0_nu=2.0_alpha_0.8,0.5825730776391733,0.628596218316217,0.6291025569039416,False,zh,0.5559322033898305
semantic_kernel_matern_kappa=3.0_nu=2.0_alpha_0.9,0.5919754235710296,0.630902255837643,0.6314007773490237,False,zh,0.5559322033898305
semantic_kernel_matern_kappa=3.0_nu=2.0_alpha_1.0,0.6023086948426737,0.6330313106183623,0.6335226149948928,False,zh,0.5559322033898305
semantic_kernel_maternn_kappa=3.0_nu=2.0_alpha_0.0,0.5705641407559114,0.6149303286745523,0.6154829923119094,False,zh,0.5559322033898305
semantic_kernel_maternn_kappa=3.0_nu=2.0_alpha_0.1,0.5687953826103147,0.612583278114468,0.6131438978554187,False,zh,0.5559322033898305
semantic_kernel_maternn_kappa=3.0_nu=2.0_alpha_0.2,0.5680040960714952,0.6116879358723024,0.6122515906717011,False,zh,0.5559322033898305
semantic_kernel_maternn_kappa=3.0_nu=2.0_alpha_0.3,0.5679110035375163,0.6138803807668423,0.6144366035496492,False,zh,0.5559322033898305
semantic_kernel_maternn_kappa=3.0_nu=2.0_alpha_0.4,0.568236827406442,0.6158349566797483,0.6163845537814946,False,zh,0.5559322033898305
semantic_kernel_maternn_kappa=3.0_nu=2.0_alpha_0.5,0.5694935766151554,0.6172062715266775,0.6177512201035189,False,zh,0.5559322033898305
semantic_kernel_maternn_kappa=3.0_nu=2.0_alpha_0.6,0.5644665797803016,0.6164201043883455,0.6169677179385372,False,zh,0.5559322033898305
semantic_kernel_maternn_kappa=3.0_nu=2.0_alpha_0.7,0.5560882517222119,0.6118366392829779,0.6123997900030185,False,zh,0.5559322033898305
semantic_kernel_maternn_kappa=3.0_nu=2.0_alpha_0.8,0.5592533978774903,0.6107976536151024,0.6113643263204577,False,zh,0.5559322033898305
semantic_kernel_maternn_kappa=3.0_nu=2.0_alpha_0.9,0.5603705082852355,0.6114203546148672,0.6119849164693759,False,zh,0.5559322033898305
semantic_kernel_maternn_kappa=3.0_nu=2.0_alpha_1.0,0.5601377769502887,0.6101924960288232,0.6107612201158269,False,zh,0.5559322033898305
semantic_kernel_matern_kappa=3.0_nu=3.0_alpha_0.0,0.5705641407559114,0.6149303286745523,0.6154829923119094,False,zh,0.5559322033898305
semantic_kernel_matern_kappa=3.0_nu=3.0_alpha_0.1,0.5691212064792404,0.6129154483770792,0.6134749421171397,False,zh,0.5559322033898305
semantic_kernel_matern_kappa=3.0_nu=3.0_alpha_0.2,0.5677713647365481,0.6108757340116671,0.6114421420377119,False,zh,0.5559322033898305
semantic_kernel_matern_kappa=3.0_nu=3.0_alpha_0.3,0.5679110035375163,0.6142567083584192,0.6148116554544751,False,zh,0.5559322033898305
semantic_kernel_matern_kappa=3.0_nu=3.0_alpha_0.4,0.5686091975423571,0.6155466827795621,0.61609725708097,False,zh,0.5559322033898305
semantic_kernel_matern_kappa=3.0_nu=3.0_alpha_0.5,0.5695866691491343,0.6156922083531664,0.6162422893475452,False,zh,0.5559322033898305
semantic_kernel_matern_kappa=3.0_nu=3.0_alpha_0.6,0.5730776391733383,0.6184344919720378,0.6189752770897423,False,zh,0.5559322033898305
semantic_kernel_matern_kappa=3.0_nu=3.0_alpha_0.7,0.5776857196052876,0.6232171569323208,0.6237417296264314,False,zh,0.5559322033898305
semantic_kernel_matern_kappa=3.0_nu=3.0_alpha_0.8,0.5825730776391733,0.6261975909496647,0.6267120604776146,False,zh,0.5559322033898305
semantic_kernel_matern_kappa=3.0_nu=3.0_alpha_0.9,0.584807298454664,0.6293058225887821,0.6298097557382946,False,zh,0.5559322033898305
semantic_kernel_matern_kappa=3.0_nu=3.0_alpha_1.0,0.6013312232358965,0.632610153473538,0.6331028855014071,False,zh,0.5559322033898305
semantic_kernel_maternn_kappa=3.0_nu=3.0_alpha_0.0,0.5705641407559114,0.6149303286745523,0.6154829923119094,False,zh,0.5559322033898305
semantic_kernel_maternn_kappa=3.0_nu=3.0_alpha_0.1,0.5690281139452615,0.6128483840786171,0.6134081051552825,False,zh,0.5559322033898305
semantic_kernel_maternn_kappa=3.0_nu=3.0_alpha_0.2,0.5681437348724632,0.61173491751923,0.6122984130588086,False,zh,0.5559322033898305
semantic_kernel_maternn_kappa=3.0_nu=3.0_alpha_0.3,0.5684230124743996,0.6141211681967869,0.6146765747510178,False,zh,0.5559322033898305
semantic_kernel_maternn_kappa=3.0_nu=3.0_alpha_0.4,0.5689350214112828,0.6167119551556444,0.6172585793812012,False,zh,0.5559322033898305
semantic_kernel_maternn_kappa=3.0_nu=3.0_alpha_0.5,0.5697728542170918,0.618036315072394,0.6185784499423009,False,zh,0.5559322033898305
semantic_kernel_maternn_kappa=3.0_nu=3.0_alpha_0.6,0.5652578663191212,0.6170571233668541,0.617602577530678,False,zh,0.5559322033898305
semantic_kernel_maternn_kappa=3.0_nu=3.0_alpha_0.7,0.5579966486687767,0.6134846812163759,0.6140422453535913,False,zh,0.5559322033898305
semantic_kernel_maternn_kappa=3.0_nu=3.0_alpha_0.8,0.5601377769502885,0.612160089037304,0.6127221433174994,False,zh,0.5559322033898305
semantic_kernel_maternn_kappa=3.0_nu=3.0_alpha_0.9,0.5620461738968535,0.6130700191153944,0.6136289888868504,False,zh,0.5559322033898305
semantic_kernel_maternn_kappa=3.0_nu=3.0_alpha_1.0,0.5645596723142804,0.6127094716544375,0.6132696636206763,False,zh,0.5559322033898305
semantic_kernel_prod_heat_t=0.1,0.5727518153044127,0.6141493412695627,0.6130097370676146,False,zh,0.5559322033898305
semantic_kernel_sum_heat_t=0.1,0.5693892985441482,0.6207987987795671,0.6213416816548201,False,zh,0.5559322033898305
semantic_kernel_prod_heatn_t=0.1,0.5598119530813629,0.6016093453238756,0.6005122495827605,False,zh,0.5559322033898305
semantic_kernel_sum_heatn_t=0.1,0.5532023831688697,0.6000109793734378,0.6006142170762224,False,zh,0.5559322033898305
semantic_kernel_prod_heat_t=0.2,0.5773598957363619,0.6187845988207477,0.6176292818813379,False,zh,0.5559322033898305
semantic_kernel_sum_heat_t=0.2,0.5765840220385676,0.6111916879213858,0.611859190337939,False,zh,0.5559322033898305
semantic_kernel_prod_heatn_t=0.2,0.5600446844163098,0.6019890323105258,0.6008906494948797,False,zh,0.5559322033898305
semantic_kernel_sum_heatn_t=0.2,0.5540867622416683,0.6022285244724915,0.6028242450732455,False,zh,0.5559322033898305
semantic_kernel_prod_heat_t=0.3,0.5825265313721841,0.6205433396160475,0.6193820608434333,False,zh,0.5559322033898305
semantic_kernel_sum_heat_t=0.3,0.5885622529644268,0.588680907195146,0.5896079885749261,False,zh,0.5559322033898305
semantic_kernel_prod_heatn_t=0.3,0.5601843232172781,0.6020870730992112,0.6009883579419084,False,zh,0.5559322033898305
semantic_kernel_sum_heatn_t=0.3,0.554784956246509,0.6038993639897335,0.6044894207277173,False,zh,0.5559322033898305
semantic_kernel_prod_heat_t=0.4,0.5885775460808044,0.6227833480134595,0.6216144759920404,False,zh,0.5559322033898305
semantic_kernel_sum_heat_t=0.4,0.6189248165046617,0.5956172580484633,0.5967044604565728,False,zh,0.5559322033898305
semantic_kernel_prod_heatn_t=0.4,0.5603239620182462,0.6023602295422487,0.6012605884309017,False,zh,0.5559322033898305
semantic_kernel_sum_heatn_t=0.4,0.5549711413144667,0.6040327893869089,0.6046223938354106,False,zh,0.5559322033898305
semantic_kernel_prod_heat_t=0.5,0.5931390802457643,0.6239521265801139,0.6227792925974521,False,zh,0.5559322033898305
semantic_kernel_sum_heat_t=0.5,0.605246913580247,0.6116558428156252,0.6129848081833551,False,zh,0.5559322033898305
semantic_kernel_prod_heatn_t=0.5,0.5599515918823311,0.6020678979439086,0.6009692477871322,False,zh,0.5559322033898305
semantic_kernel_sum_heatn_t=0.5,0.5552969651833923,0.6052409299697112,0.6058264390264069,False,zh,0.5559322033898305
semantic_kernel_prod_heat_t=0.6,0.5956060323962019,0.6244183239965797,0.6232439096836927,False,zh,0.5559322033898305
semantic_kernel_sum_heat_t=0.6,0.6222484276729561,0.6197496319500918,0.621161776560722,False,zh,0.5559322033898305
semantic_kernel_prod_heatn_t=0.6,0.5596723142803948,0.6019750319894578,0.6008766966325271,False,zh,0.5559322033898305
semantic_kernel_sum_heatn_t=0.6,0.555390057717371,0.60563324110346,0.6062174202919055,False,zh,0.5559322033898305
semantic_kernel_prod_heat_t=0.7,0.5948612921243717,0.6243927074245763,0.6232183799475266,False,zh,0.5559322033898305
semantic_kernel_sum_heat_t=0.7,0.6271266540642724,0.6082616739583183,0.6098023079370322,False,zh,0.5559322033898305
semantic_kernel_prod_heatn_t=0.7,0.5594861292124372,0.601979804295412,0.600881452761173,False,zh,0.5559322033898305
semantic_kernel_sum_heatn_t=0.7,0.5559020666542543,0.6062685002140115,0.6068505259817434,False,zh,0.5559322033898305
semantic_kernel_prod_matern_kappa=1.0_nu=1.0,0.5757307763917334,0.6163796657777545,0.6152325011537447,False,zh,0.5559322033898305
semantic_kernel_sum_matern_kappa=1.0_nu=1.0,0.57447402718302,0.6190792482685105,0.6196178477716506,False,zh,0.5559322033898305
semantic_kernel_prod_maternn_kappa=1.0_nu=1.0,0.5599515918823311,0.602389147839316,0.6012894086998434,False,zh,0.5559322033898305
semantic_kernel_sum_maternn_kappa=1.0_nu=1.0,0.5550642338484453,0.6025524903627781,0.6031471127740735,False,zh,0.5559322033898305
semantic_kernel_prod_matern_kappa=1.0_nu=2.0,0.5820610687022902,0.6213017147425941,0.6201378652068392,False,zh,0.5559322033898305
semantic_kernel_sum_matern_kappa=1.0_nu=2.0,0.589738379476759,0.6227321241554,0.6232714524209322,False,zh,0.5559322033898305
semantic_kernel_prod_maternn_kappa=1.0_nu=2.0,0.5601377769502887,0.6025002668808019,0.6014001510666124,False,zh,0.5559322033898305
semantic_kernel_sum_maternn_kappa=1.0_nu=2.0,0.5548780487804879,0.6040449846373804,0.60463454774605,False,zh,0.5559322033898305
semantic_kernel_prod_matern_kappa=1.0_nu=3.0,0.5853658536585367,0.6277264107417313,0.6282356978297083,False,zh,0.5559322033898305
semantic_kernel_sum_matern_kappa=1.0_nu=3.0,0.5916637841577309,0.6272637874438889,0.6278301825500101,False,zh,0.5559322033898305
semantic_kernel_prod_maternn_kappa=1.0_nu=3.0,0.559951591882331,0.6075717846136622,0.608149392468175,False,zh,0.5559322033898305
semantic_kernel_sum_maternn_kappa=1.0_nu=3.0,0.5550176875814561,0.604490617465206,0.6050786699541204,False,zh,0.5559322033898305
semantic_kernel_prod_matern_kappa=2.0_nu=1.0,0.585412399925526,0.6221634947843042,0.6209967239602724,False,zh,0.5559322033898305
semantic_kernel_sum_matern_kappa=2.0_nu=1.0,0.5850400297896108,0.622172221746975,0.622700336594256,False,zh,0.5559322033898305
semantic_kernel_prod_maternn_kappa=2.0_nu=1.0,0.5569726307950102,0.6024221983432747,0.6013223471681954,False,zh,0.5559322033898305
semantic_kernel_sum_maternn_kappa=2.0_nu=1.0,0.5544591323775834,0.6024312878248157,0.6030263210921719,False,zh,0.5559322033898305
semantic_kernel_prod_matern_kappa=2.0_nu=2.0,0.5994693725563209,0.6282154611101103,0.6270281751459911,False,zh,0.5559322033898305
semantic_kernel_sum_matern_kappa=2.0_nu=2.0,0.607256371814093,0.6359974810019904,0.6365468989744679,False,zh,0.5559322033898305
semantic_kernel_prod_maternn_kappa=2.0_nu=2.0,0.5579966486687769,0.6029043036902049,0.6018028182597124,False,zh,0.5559322033898305
semantic_kernel_sum_maternn_kappa=2.0_nu=2.0,0.55622789052318,0.607170138844058,0.6077491082096541,False,zh,0.5559322033898305
semantic_kernel_prod_matern_kappa=2.0_nu=3.0,0.6020759635077266,0.6285523527448447,0.627363924775184,False,zh,0.5559322033898305
semantic_kernel_sum_matern_kappa=2.0_nu=3.0,0.6311532011443228,0.6352056102669863,0.6358719289300112,False,zh,0.5559322033898305
semantic_kernel_prod_maternn_kappa=2.0_nu=3.0,0.5580897412027557,0.6032564402047791,0.6021537610911862,False,zh,0.5559322033898305
semantic_kernel_sum_maternn_kappa=2.0_nu=3.0,0.5574846397318934,0.6082106086730729,0.6087860510222994,False,zh,0.5559322033898305
semantic_kernel_prod_matern_kappa=3.0_nu=1.0,0.5906255818283375,0.6298589760538844,0.630361034106905,False,zh,0.5559322033898305
semantic_kernel_sum_matern_kappa=3.0_nu=1.0,0.5869606003752345,0.6263643381467685,0.6268832062640444,False,zh,0.5559322033898305
semantic_kernel_prod_maternn_kappa=3.0_nu=1.0,0.5582759262707131,0.6095664943192409,0.6101373404459381,False,zh,0.5559322033898305
semantic_kernel_sum_maternn_kappa=3.0_nu=1.0,0.5548315025134984,0.6068048382972089,0.6073850459697434,False,zh,0.5559322033898305
semantic_kernel_prod_matern_kappa=3.0_nu=2.0,0.6024017873766525,0.6339531873055451,0.6344413666763565,False,zh,0.5559322033898305
semantic_kernel_sum_matern_kappa=3.0_nu=2.0,0.6186472819216182,0.6330071853307647,0.6315987768586955,False,zh,0.5559322033898305
semantic_kernel_prod_maternn_kappa=3.0_nu=2.0,0.5602308694842674,0.6110428361648776,0.6116086777429456,False,zh,0.5559322033898305
semantic_kernel_sum_maternn_kappa=3.0_nu=2.0,0.5553435114503817,0.6069191163046876,0.6074989365941461,False,zh,0.5559322033898305
semantic_kernel_prod_matern_kappa=3.0_nu=3.0,0.6014243157698753,0.6333150856260652,0.6338054280534172,False,zh,0.5559322033898305
semantic_kernel_sum_matern_kappa=3.0_nu=3.0,0.6260304191338675,0.6215124773380662,0.6196018136548405,False,zh,0.5559322033898305
semantic_kernel_prod_maternn_kappa=3.0_nu=3.0,0.5646527648482591,0.6146935986385644,0.6152470647506199,False,zh,0.5559322033898305
semantic_kernel_sum_maternn_kappa=3.0_nu=3.0,0.5602491453191589,0.6073340498875686,0.6079118622496984,False,zh,0.5559322033898305
full_klu_heat_t=0.1_alpha_0.0,0.5705641407559114,0.6160641155226249,0.6166129358147344,False,zh,0.5559322033898305
full_klu_heat_t=0.1_alpha_0.1,0.5712157884937628,0.6169698314504466,0.6175155815190719,False,zh,0.5559322033898305
full_klu_heat_t=0.1_alpha_0.2,0.5721467138335505,0.6176942596119185,0.6182375539918609,False,zh,0.5559322033898305
full_klu_heat_t=0.1_alpha_0.3,0.5722863526345188,0.6177243231597337,0.6182675156293445,False,zh,0.5559322033898305
full_klu_heat_t=0.1_alpha_0.4,0.5735896481102216,0.6169723687795267,0.6175181102470364,False,zh,0.5559322033898305
full_klu_heat_t=0.1_alpha_0.5,0.5753118599888289,0.6187366561532334,0.6192764169855781,False,zh,0.5559322033898305
full_klu_heat_t=0.1_alpha_0.6,0.5764289703965741,0.619375821972687,0.619913416141237,False,zh,0.5559322033898305
full_klu_heat_t=0.1_alpha_0.7,0.5804319493576615,0.6216292867333235,0.622159242038278,False,zh,0.5559322033898305
full_klu_heat_t=0.1_alpha_0.8,0.5875069819400485,0.6272235696137265,0.6277345612479001,False,zh,0.5559322033898305
full_klu_heat_t=0.1_alpha_0.9,0.6009588530999813,0.6334238532622114,0.6339138269857121,False,zh,0.5559322033898305
full_klu_heat_t=0.1_alpha_1.0,0.5804552224911563,0.5840302376821596,0.5846876473906775,False,zh,0.5559322033898305
full_klu_heatn_t=0.1_alpha_0.0,0.5705641407559114,0.6160641155226249,0.6166129358147344,False,zh,0.5559322033898305
full_klu_heatn_t=0.1_alpha_0.1,0.5706572332898902,0.6161702674176165,0.6167187278727938,False,zh,0.5559322033898305
full_klu_heatn_t=0.1_alpha_0.2,0.5702848631539751,0.6152110377377673,0.6157627498189779,False,zh,0.5559322033898305
full_klu_heatn_t=0.1_alpha_0.3,0.5708899646248371,0.6165203782950713,0.6170676519337148,False,zh,0.5559322033898305
full_klu_heatn_t=0.1_alpha_0.4,0.5711692422267735,0.6165194054936516,0.6170666824299269,False,zh,0.5559322033898305
full_klu_heatn_t=0.1_alpha_0.5,0.5706106870229009,0.6173135653414696,0.6178581502104644,False,zh,0.5559322033898305
full_klu_heatn_t=0.1_alpha_0.6,0.5710296034258053,0.6181071227208887,0.6186490175648686,False,zh,0.5559322033898305
full_klu_heatn_t=0.1_alpha_0.7,0.5707968720908584,0.6172685019095532,0.6178132395359442,False,zh,0.5559322033898305
full_klu_heatn_t=0.1_alpha_0.8,0.5699590392850493,0.6164555151045613,0.6170030086184268,False,zh,0.5559322033898305
full_klu_heatn_t=0.1_alpha_0.9,0.5687488363433253,0.6164898506952293,0.6170372278172622,False,zh,0.5559322033898305
full_klu_heatn_t=0.1_alpha_1.0,0.4238968534723515,0.4782498877351902,0.4775709596469182,False,zh,0.5559322033898305
full_klu_heat_t=0.2_alpha_0.0,0.5705641407559114,0.6160641155226249,0.6166129358147344,False,zh,0.5559322033898305
full_klu_heat_t=0.2_alpha_0.1,0.5723794451684976,0.6181557527167868,0.6186974827133228,False,zh,0.5559322033898305
full_klu_heat_t=0.2_alpha_0.2,0.575079128653882,0.6193390405650306,0.6198767594163184,False,zh,0.5559322033898305
full_klu_heat_t=0.2_alpha_0.3,0.5766617017315212,0.6205812868296654,0.6211147946766662,False,zh,0.5559322033898305
full_klu_heat_t=0.2_alpha_0.4,0.5808043194935767,0.6221076089627093,0.6226359428363779,False,zh,0.5559322033898305
full_klu_heat_t=0.2_alpha_0.5,0.5843883820517595,0.62513857259877,0.6256566320194349,False,zh,0.5559322033898305
full_klu_heat_t=0.2_alpha_0.6,0.5900204803574753,0.6279515977767446,0.62846012151884,False,zh,0.5559322033898305
full_klu_heat_t=0.2_alpha_0.7,0.5976075218767455,0.6302833067411495,0.6307839263850605,False,zh,0.5559322033898305
full_klu_heat_t=0.2_alpha_0.8,0.6077546080804319,0.6356327538825646,0.6361152398073523,False,zh,0.5559322033898305
full_klu_heat_t=0.2_alpha_0.9,0.6076149692794638,0.6343405978388177,0.6348274639535841,False,zh,0.5559322033898305
full_klu_heat_t=0.2_alpha_1.0,0.5791519270154534,0.5946094159334606,0.5952309640207875,False,zh,0.5559322033898305
full_klu_heatn_t=0.2_alpha_0.0,0.5705641407559114,0.6160641155226249,0.6166129358147344,False,zh,0.5559322033898305
full_klu_heatn_t=0.2_alpha_0.1,0.5703314094209644,0.6160038980749241,0.6165529224939749,False,zh,0.5559322033898305
full_klu_heatn_t=0.2_alpha_0.2,0.5703779556879538,0.6156263996415153,0.6161767037162726,False,zh,0.5559322033898305
full_klu_heatn_t=0.2_alpha_0.3,0.570517594488922,0.6154380097417333,0.6159889524263202,False,zh,0.5559322033898305
full_klu_heatn_t=0.2_alpha_0.4,0.5710761496927946,0.616470242060707,0.6170176856526873,False,zh,0.5559322033898305
full_klu_heatn_t=0.2_alpha_0.5,0.5702848631539751,0.6171048237720419,0.617650116239577,False,zh,0.5559322033898305
full_klu_heatn_t=0.2_alpha_0.6,0.570517594488922,0.6177171515609361,0.6182603683410514,False,zh,0.5559322033898305
full_klu_heatn_t=0.2_alpha_0.7,0.5698194004840812,0.6171931168574494,0.6177381100263898,False,zh,0.5559322033898305
full_klu_heatn_t=0.2_alpha_0.8,0.5679575498045057,0.6159981458900093,0.6165471898079921,False,zh,0.5559322033898305
full_klu_heatn_t=0.2_alpha_0.9,0.5653044125861105,0.6127743538920034,0.6133343259184539,False,zh,0.5559322033898305
full_klu_heatn_t=0.2_alpha_1.0,0.42410631167380375,0.47561608988576576,0.4749460899257968,False,zh,0.5559322033898305
full_klu_heat_t=0.3_alpha_0.0,0.5705641407559114,0.6160641155226249,0.6166129358147344,False,zh,0.5559322033898305
full_klu_heat_t=0.3_alpha_0.1,0.5743809346490412,0.6188050877164418,0.6193446165773858,False,zh,0.5559322033898305
full_klu_heat_t=0.3_alpha_0.2,0.5784304598771179,0.6214491386323366,0.6219797046088199,False,zh,0.5559322033898305
full_klu_heat_t=0.3_alpha_0.3,0.5826661701731521,0.6254260045268096,0.6259430896019558,False,zh,0.5559322033898305
full_klu_heat_t=0.3_alpha_0.4,0.5871346118041334,0.6256680973636983,0.6261843617851599,False,zh,0.5559322033898305
full_klu_heat_t=0.3_alpha_0.5,0.5925805250418916,0.6286535936078304,0.6291597377030408,False,zh,0.5559322033898305
full_klu_heat_t=0.3_alpha_0.6,0.5998417426922362,0.6317908656852571,0.6322863749598662,False,zh,0.5559322033898305
full_klu_heat_t=0.3_alpha_0.7,0.6075684230124745,0.6363320952541347,0.6368122105302052,False,zh,0.5559322033898305
full_klu_heat_t=0.3_alpha_0.8,0.6103611990318376,0.6336959702282521,0.6341850215213594,False,zh,0.5559322033898305
full_klu_heat_t=0.3_alpha_0.9,0.6020759635077266,0.6310366708555208,0.631534736722773,False,zh,0.5559322033898305
full_klu_heat_t=0.3_alpha_1.0,0.5791053807484641,0.5906151534556372,0.5912502414157703,False,zh,0.5559322033898305
full_klu_heatn_t=0.3_alpha_0.0,0.5705641407559114,0.6160641155226249,0.6166129358147344,False,zh,0.5559322033898305
full_klu_heatn_t=0.3_alpha_0.1,0.570517594488922,0.6161041834795097,0.6166528679480364,False,zh,0.5559322033898305
full_klu_heatn_t=0.3_alpha_0.2,0.570750325823869,0.615860767313025,0.616410276921099,False,zh,0.5559322033898305
full_klu_heatn_t=0.3_alpha_0.3,0.5703779556879538,0.6174810294032942,0.618025046597503,False,zh,0.5559322033898305
full_klu_heatn_t=0.3_alpha_0.4,0.5705641407559114,0.6151762841435299,0.6157281140335344,False,zh,0.5559322033898305
full_klu_heatn_t=0.3_alpha_0.5,0.570145224353007,0.6170440865503974,0.6175895849068195,False,zh,0.5559322033898305
full_klu_heatn_t=0.3_alpha_0.6,0.5694004840811767,0.6169725761013336,0.6175183168660575,False,zh,0.5559322033898305
full_klu_heatn_t=0.3_alpha_0.7,0.5685161050083783,0.6160817103842915,0.6166304710328021,False,zh,0.5559322033898305
full_klu_heatn_t=0.3_alpha_0.8,0.566328430459877,0.614250936258212,0.6148059029207094,False,zh,0.5559322033898305
full_klu_heatn_t=0.3_alpha_0.9,0.5611152485570657,0.6077993847214688,0.6083762210501923,False,zh,0.5559322033898305
full_klu_heatn_t=0.3_alpha_1.0,0.42301247439955314,0.4754410606419431,0.4747716540014446,False,zh,0.5559322033898305
full_klu_heat_t=0.4_alpha_0.0,0.5705641407559114,0.6160641155226249,0.6166129358147344,False,zh,0.5559322033898305
full_klu_heat_t=0.4_alpha_0.1,0.5758238689257122,0.6196751825378476,0.6202117619248209,False,zh,0.5559322033898305
full_klu_heat_t=0.4_alpha_0.2,0.5801061254887359,0.6231292469970025,0.6236541176908936,False,zh,0.5559322033898305
full_klu_heat_t=0.4_alpha_0.3,0.584807298454664,0.6268080593271388,0.6273204594707584,False,zh,0.5559322033898305
full_klu_heat_t=0.4_alpha_0.4,0.5892757400856452,0.6278306646483482,0.6283395983332517,False,zh,0.5559322033898305
full_klu_heat_t=0.4_alpha_0.5,0.5955594861292125,0.6305005028365468,0.6310003862225073,False,zh,0.5559322033898305
full_klu_heat_t=0.4_alpha_0.6,0.6030068888475144,0.6343290949222036,0.6348160000299077,False,zh,0.5559322033898305
full_klu_heat_t=0.4_alpha_0.7,0.6098957363619438,0.6376303127627669,0.63810602730152,False,zh,0.5559322033898305
full_klu_heat_t=0.4_alpha_0.8,0.6104542915658164,0.635807910104941,0.6362898022798221,False,zh,0.5559322033898305
full_klu_heat_t=0.4_alpha_0.9,0.6018897784397692,0.6303922285886117,0.6308924790059213,False,zh,0.5559322033898305
full_klu_heat_t=0.4_alpha_1.0,0.5735431018432322,0.5934383110567425,0.5940638289911092,False,zh,0.5559322033898305
full_klu_heatn_t=0.4_alpha_0.0,0.5705641407559114,0.6160641155226249,0.6166129358147344,False,zh,0.5559322033898305
full_klu_heatn_t=0.4_alpha_0.1,0.5705641407559114,0.6166122373817869,0.6171591996336959,False,zh,0.5559322033898305
full_klu_heatn_t=0.4_alpha_0.2,0.5705641407559114,0.6157705372146406,0.616320352687455,False,zh,0.5559322033898305
full_klu_heatn_t=0.4_alpha_0.3,0.5700055855520387,0.617132667638092,0.6176778657196407,False,zh,0.5559322033898305
full_klu_heatn_t=0.4_alpha_0.4,0.5704710482219327,0.6150172928105413,0.6155696616542172,False,zh,0.5559322033898305
full_klu_heatn_t=0.4_alpha_0.5,0.5690281139452616,0.6154244996613529,0.6159754881428225,False,zh,0.5559322033898305
full_klu_heatn_t=0.4_alpha_0.6,0.5683299199404208,0.6152120018849783,0.6157637106978933,False,zh,0.5559322033898305
full_klu_heatn_t=0.4_alpha_0.7,0.5671662632656861,0.614767191481896,0.6153204081266859,False,zh,0.5559322033898305
full_klu_heatn_t=0.4_alpha_0.8,0.5635822007075032,0.6101302702823224,0.6106992053040601,False,zh,0.5559322033898305
full_klu_heatn_t=0.4_alpha_0.9,0.5589741202755539,0.6068017025005524,0.6073819208029061,False,zh,0.5559322033898305
full_klu_heatn_t=0.4_alpha_1.0,0.42496741761310736,0.47783139134063995,0.4771538818842137,False,zh,0.5559322033898305
full_klu_heat_t=0.5_alpha_0.0,0.5705641407559114,0.6160641155226249,0.6166129358147344,False,zh,0.5559322033898305
full_klu_heat_t=0.5_alpha_0.1,0.5756376838577546,0.6196196838047325,0.6201564513230045,False,zh,0.5559322033898305
full_klu_heat_t=0.5_alpha_0.2,0.5794544777508843,0.6225587230203371,0.6230855276938102,False,zh,0.5559322033898305
full_klu_heat_t=0.5_alpha_0.3,0.5845745671197171,0.6261753156951018,0.6266898607323892,False,zh,0.5559322033898305
full_klu_heat_t=0.5_alpha_0.4,0.5888568236827406,0.6274261728739539,0.6279364777174148,False,zh,0.5559322033898305
full_klu_heat_t=0.5_alpha_0.5,0.5944889219884565,0.6304459642358192,0.6309460324983925,False,zh,0.5559322033898305
full_klu_heat_t=0.5_alpha_0.6,0.6024483336436418,0.6327719811266455,0.6332641645861988,False,zh,0.5559322033898305
full_klu_heat_t=0.5_alpha_0.7,0.6087320796872091,0.6367525198449444,0.6372312099529104,False,zh,0.5559322033898305
full_klu_heat_t=0.5_alpha_0.8,0.6119903183764661,0.6371799546458965,0.6376571958223338,False,zh,0.5559322033898305
full_klu_heat_t=0.5_alpha_0.9,0.602960342580525,0.6313204287685261,0.6318175327445478,False,zh,0.5559322033898305
full_klu_heat_t=0.5_alpha_1.0,0.5710063302923106,0.589175250001839,0.589815218990629,False,zh,0.5559322033898305
full_klu_heatn_t=0.5_alpha_0.0,0.5705641407559114,0.6160641155226249,0.6166129358147344,False,zh,0.5559322033898305
full_klu_heatn_t=0.5_alpha_0.1,0.570517594488922,0.616630024796698,0.6171769267522853,False,zh,0.5559322033898305
full_klu_heatn_t=0.5_alpha_0.2,0.570517594488922,0.6158223280667509,0.6163719679773548,False,zh,0.5559322033898305
full_klu_heatn_t=0.5_alpha_0.3,0.5699590392850493,0.6171665740869604,0.6177116572313941,False,zh,0.5559322033898305
full_klu_heatn_t=0.5_alpha_0.4,0.5698659467510706,0.6149511419153734,0.6155037349993717,False,zh,0.5559322033898305
full_klu_heatn_t=0.5_alpha_0.5,0.5686091975423572,0.6141142347563016,0.6146696648137207,False,zh,0.5559322033898305
full_klu_heatn_t=0.5_alpha_0.6,0.5677713647365481,0.6148840432705989,0.6154368638076305,False,zh,0.5559322033898305
full_klu_heatn_t=0.5_alpha_0.7,0.5662818841928878,0.6134866113724582,0.6140441689667716,False,zh,0.5559322033898305
full_klu_heatn_t=0.5_alpha_0.8,0.5627443679016944,0.6092101420171285,0.6097821961177312,False,zh,0.5559322033898305
full_klu_heatn_t=0.5_alpha_0.9,0.5562744367901694,0.6028152188970692,0.6034089507031636,False,zh,0.5559322033898305
full_klu_heatn_t=0.5_alpha_1.0,0.42201172965928124,0.4763331482727554,0.4756607176063898,False,zh,0.5559322033898305
full_klu_heat_t=0.6_alpha_0.0,0.5705641407559114,0.6160641155226249,0.6166129358147344,False,zh,0.5559322033898305
full_klu_heat_t=0.6_alpha_0.1,0.575079128653882,0.6193082006856675,0.6198460240789191,False,zh,0.5559322033898305
full_klu_heat_t=0.6_alpha_0.2,0.5782442748091604,0.620736944615074,0.6212699248085649,False,zh,0.5559322033898305
full_klu_heat_t=0.6_alpha_0.3,0.5824334388382052,0.6244306264684251,0.6249510857064808,False,zh,0.5559322033898305
full_klu_heat_t=0.6_alpha_0.4,0.5866691491342395,0.627464163956113,0.6279743400162445,False,zh,0.5559322033898305
full_klu_heat_t=0.6_alpha_0.5,0.5913703221001676,0.6295275186667972,0.6300307003041806,False,zh,0.5559322033898305
full_klu_heat_t=0.6_alpha_0.6,0.5983057158815863,0.6307971848747597,0.6312960625588959,False,zh,0.5559322033898305
full_klu_heat_t=0.6_alpha_0.7,0.6044032768571961,0.6351059262378885,0.6355901980190988,False,zh,0.5559322033898305
full_klu_heat_t=0.6_alpha_0.8,0.6126885123813071,0.6380702443871987,0.6385444676323095,False,zh,0.5559322033898305
full_klu_heat_t=0.6_alpha_0.9,0.6058462111338672,0.6335305288646793,0.6340201409759684,False,zh,0.5559322033898305
full_klu_heat_t=0.6_alpha_1.0,0.5701684974865016,0.5903141744656366,0.5909502826935324,False,zh,0.5559322033898305
full_klu_heatn_t=0.6_alpha_0.0,0.5705641407559114,0.6160641155226249,0.6166129358147344,False,zh,0.5559322033898305
full_klu_heatn_t=0.6_alpha_0.1,0.570517594488922,0.6164621548889402,0.617009625895062,False,zh,0.5559322033898305
full_klu_heatn_t=0.6_alpha_0.2,0.5704710482219326,0.6157460171025944,0.6162959156944328,False,zh,0.5559322033898305
full_klu_heatn_t=0.6_alpha_0.3,0.5700055855520387,0.6152328406616849,0.6157844788346788,False,zh,0.5559322033898305
full_klu_heatn_t=0.6_alpha_0.4,0.5695866691491343,0.614878335215091,0.6154311751014633,False,zh,0.5559322033898305
full_klu_heatn_t=0.6_alpha_0.5,0.5685161050083782,0.616031219500812,0.6165801513048599,False,zh,0.5559322033898305
full_klu_heatn_t=0.6_alpha_0.6,0.5666077080618135,0.6146023061708618,0.6151560817489093,False,zh,0.5559322033898305
full_klu_heatn_t=0.6_alpha_0.7,0.5646993111152486,0.6110523752626656,0.6116181845048089,False,zh,0.5559322033898305
full_klu_heatn_t=0.6_alpha_0.8,0.5610221560230869,0.6087384451120899,0.609312098185252,False,zh,0.5559322033898305
full_klu_heatn_t=0.6_alpha_0.9,0.5546918637125301,0.6022193870948579,0.6028151386697733,False,zh,0.5559322033898305
full_klu_heatn_t=0.6_alpha_1.0,0.41840439396760376,0.4730446802860862,0.472383396968828,False,zh,0.5559322033898305
full_klu_heat_t=0.7_alpha_0.0,0.5705641407559114,0.6160641155226249,0.6166129358147344,False,zh,0.5559322033898305
full_klu_heat_t=0.7_alpha_0.1,0.5739154719791473,0.6193844517089978,0.6199220166242044,False,zh,0.5559322033898305
full_klu_heat_t=0.7_alpha_0.2,0.5767547942654999,0.6200155560254786,0.6205509816040191,False,zh,0.5559322033898305
full_klu_heat_t=0.7_alpha_0.3,0.5801526717557253,0.6226105013631753,0.6231371305168422,False,zh,0.5559322033898305
full_klu_heat_t=0.7_alpha_0.4,0.5845280208527277,0.6262162862129891,0.626730692367165,False,zh,0.5559322033898305
full_klu_heat_t=0.7_alpha_0.5,0.588530999813815,0.6278068835945256,0.628315897893171,False,zh,0.5559322033898305
full_klu_heat_t=0.7_alpha_0.6,0.5945354682554459,0.6317293003655189,0.632225018336127,False,zh,0.5559322033898305
full_klu_heat_t=0.7_alpha_0.7,0.6024017873766524,0.634634302867375,0.6351201733718752,False,zh,0.5559322033898305
full_klu_heat_t=0.7_alpha_0.8,0.6102681064978589,0.637332903718784,0.637809626423788,False,zh,0.5559322033898305
full_klu_heat_t=0.7_alpha_0.9,0.6090113572891453,0.6350701219534827,0.6355545151051486,False,zh,0.5559322033898305
full_klu_heat_t=0.7_alpha_1.0,0.5670033513312233,0.5901745040097831,0.5908110856968514,False,zh,0.5559322033898305
full_klu_heatn_t=0.7_alpha_0.0,0.5705641407559114,0.6160641155226249,0.6166129358147344,False,zh,0.5559322033898305
full_klu_heatn_t=0.7_alpha_0.1,0.5706106870229007,0.6165161731044313,0.6170634609979585,False,zh,0.5559322033898305
full_klu_heatn_t=0.7_alpha_0.2,0.5704245019549433,0.6156958470329952,0.6162459156928662,False,zh,0.5559322033898305
full_klu_heatn_t=0.7_alpha_0.3,0.5694935766151554,0.6148612333238717,0.6154141311827566,False,zh,0.5559322033898305
full_klu_heatn_t=0.7_alpha_0.4,0.5696332154161237,0.6149278833616494,0.6154805552882028,False,zh,0.5559322033898305
full_klu_heatn_t=0.7_alpha_0.5,0.5680040960714952,0.6158515950253842,0.6164011357259589,False,zh,0.5559322033898305
full_klu_heatn_t=0.7_alpha_0.6,0.5669800781977286,0.614526390445283,0.6150804233647733,False,zh,0.5559322033898305
full_klu_heatn_t=0.7_alpha_0.7,0.5637683857754608,0.6116775877069084,0.6122412775848339,False,zh,0.5559322033898305
full_klu_heatn_t=0.7_alpha_0.8,0.5592999441444796,0.6072197893345852,0.6077985903934339,False,zh,0.5559322033898305
full_klu_heatn_t=0.7_alpha_0.9,0.5527834667659653,0.5999643943347,0.6005677899528703,False,zh,0.5559322033898305
full_klu_heatn_t=0.7_alpha_1.0,0.4249906907466021,0.4756885646845897,0.4750183190473365,False,zh,0.5559322033898305
full_klu_matern_kappa=1.0_nu=1.0_alpha_0.0,0.5705641407559114,0.6160641155226249,0.6166129358147344,False,zh,0.5559322033898305
full_klu_matern_kappa=1.0_nu=1.0_alpha_0.1,0.5716347048966673,0.617281486044156,0.6178261796565314,False,zh,0.5559322033898305
full_klu_matern_kappa=1.0_nu=1.0_alpha_0.2,0.5724725377024763,0.6182652211067832,0.6188065800240311,False,zh,0.5559322033898305
full_klu_matern_kappa=1.0_nu=1.0_alpha_0.3,0.5735431018432322,0.6178039302682663,0.6183468528832718,False,zh,0.5559322033898305
full_klu_matern_kappa=1.0_nu=1.0_alpha_0.4,0.5751722211878607,0.6184970033652599,0.6190375765799367,False,zh,0.5559322033898305
full_klu_matern_kappa=1.0_nu=1.0_alpha_0.5,0.577732265872277,0.6202203245904769,0.6207550560382886,False,zh,0.5559322033898305
full_klu_matern_kappa=1.0_nu=1.0_alpha_0.6,0.5812232358964812,0.6230324337685154,0.6235576326428423,False,zh,0.5559322033898305
full_klu_matern_kappa=1.0_nu=1.0_alpha_0.7,0.5873673431390802,0.6259917156737798,0.6265068830840208,False,zh,0.5559322033898305
full_klu_matern_kappa=1.0_nu=1.0_alpha_0.8,0.5966300502699684,0.6305947891443358,0.6310943529156936,False,zh,0.5559322033898305
full_klu_matern_kappa=1.0_nu=1.0_alpha_0.9,0.6079873394153789,0.6367108900203193,0.6371897212463349,False,zh,0.5559322033898305
full_klu_matern_kappa=1.0_nu=1.0_alpha_1.0,0.5745671197169988,0.5890046531419294,0.5896452004251599,False,zh,0.5559322033898305
full_klu_maternn_kappa=1.0_nu=1.0_alpha_0.0,0.5705641407559114,0.6160641155226249,0.6166129358147344,False,zh,0.5559322033898305
full_klu_maternn_kappa=1.0_nu=1.0_alpha_0.1,0.5707037795568796,0.616684089670388,0.617230808355217,False,zh,0.5559322033898305
full_klu_maternn_kappa=1.0_nu=1.0_alpha_0.2,0.5706106870229009,0.6158111725659965,0.6163608502918573,False,zh,0.5559322033898305
full_klu_maternn_kappa=1.0_nu=1.0_alpha_0.3,0.5702848631539751,0.615435880330149,0.6159868302330803,False,zh,0.5559322033898305
full_klu_maternn_kappa=1.0_nu=1.0_alpha_0.4,0.5707968720908584,0.6153408894193161,0.615892161325335,False,zh,0.5559322033898305
full_klu_maternn_kappa=1.0_nu=1.0_alpha_0.5,0.5696797616831131,0.6158308687528538,0.6163804797119793,False,zh,0.5559322033898305
full_klu_maternn_kappa=1.0_nu=1.0_alpha_0.6,0.5689350214112828,0.615469205756936,0.6160200426923189,False,zh,0.5559322033898305
full_klu_maternn_kappa=1.0_nu=1.0_alpha_0.7,0.5681437348724633,0.6159936530744836,0.6165427122223495,False,zh,0.5559322033898305
full_klu_maternn_kappa=1.0_nu=1.0_alpha_0.8,0.5660491528579408,0.6138225182116268,0.6143789371386889,False,zh,0.5559322033898305
full_klu_maternn_kappa=1.0_nu=1.0_alpha_0.9,0.5611617948240551,0.6096213838545597,0.6101920439150356,False,zh,0.5559322033898305
full_klu_maternn_kappa=1.0_nu=1.0_alpha_1.0,0.42284956246509026,0.47436756411180764,0.4737017964425978,False,zh,0.5559322033898305
full_klu_matern_kappa=1.0_nu=2.0_alpha_0.0,0.5705641407559114,0.6160641155226249,0.6166129358147344,False,zh,0.5559322033898305
full_klu_matern_kappa=1.0_nu=2.0_alpha_0.1,0.5724259914354869,0.6179286933490189,0.6184711930383271,False,zh,0.5559322033898305
full_klu_matern_kappa=1.0_nu=2.0_alpha_0.2,0.5746136659839881,0.6188898889310916,0.6194291303302912,False,zh,0.5559322033898305
full_klu_matern_kappa=1.0_nu=2.0_alpha_0.3,0.5770340718674363,0.6201465177736404,0.6206814994140514,False,zh,0.5559322033898305
full_klu_matern_kappa=1.0_nu=2.0_alpha_0.4,0.5805715881586296,0.6226373812829338,0.6231639193182286,False,zh,0.5559322033898305
full_klu_matern_kappa=1.0_nu=2.0_alpha_0.5,0.5846211133867064,0.6253417097147831,0.6258590805350547,False,zh,0.5559322033898305
full_klu_matern_kappa=1.0_nu=2.0_alpha_0.6,0.5896946564885497,0.6273934139528698,0.6279038298435208,False,zh,0.5559322033898305
full_klu_matern_kappa=1.0_nu=2.0_alpha_0.7,0.5978867994786818,0.6313338593419705,0.6318309177906245,False,zh,0.5559322033898305
full_klu_matern_kappa=1.0_nu=2.0_alpha_0.8,0.6069633215416125,0.6350444881104974,0.6355289681565465,False,zh,0.5559322033898305
full_klu_matern_kappa=1.0_nu=2.0_alpha_0.9,0.6078011543474213,0.6351277798348539,0.6356119775360746,False,zh,0.5559322033898305
full_klu_matern_kappa=1.0_nu=2.0_alpha_1.0,0.575381679389313,0.5902552670875527,0.5908915750014759,False,zh,0.5559322033898305
full_klu_maternn_kappa=1.0_nu=2.0_alpha_0.0,0.5705641407559114,0.6160641155226249,0.6166129358147344,False,zh,0.5559322033898305
full_klu_maternn_kappa=1.0_nu=2.0_alpha_0.1,0.5705175944889219,0.6166028342879577,0.6171498284147611,False,zh,0.5559322033898305
full_klu_maternn_kappa=1.0_nu=2.0_alpha_0.2,0.570517594488922,0.6157504108208878,0.6163002945187659,False,zh,0.5559322033898305
full_klu_maternn_kappa=1.0_nu=2.0_alpha_0.3,0.5700521318190281,0.6171754545439221,0.6177205075851119,False,zh,0.5559322033898305
full_klu_maternn_kappa=1.0_nu=2.0_alpha_0.4,0.5705641407559114,0.6170958403888716,0.617641163308553,False,zh,0.5559322033898305
full_klu_maternn_kappa=1.0_nu=2.0_alpha_0.5,0.5692142990132192,0.6155971568302443,0.6161475600331753,False,zh,0.5559322033898305
full_klu_maternn_kappa=1.0_nu=2.0_alpha_0.6,0.568469558741389,0.6152432574636726,0.6157948603254733,False,zh,0.5559322033898305
full_klu_maternn_kappa=1.0_nu=2.0_alpha_0.7,0.5672128095326755,0.6139226752822662,0.6144787546938344,False,zh,0.5559322033898305
full_klu_maternn_kappa=1.0_nu=2.0_alpha_0.8,0.5642338484453547,0.6123736747643683,0.61293500502515,False,zh,0.5559322033898305
full_klu_maternn_kappa=1.0_nu=2.0_alpha_0.9,0.5595326754794265,0.6075647732474858,0.6081424048693413,False,zh,0.5559322033898305
full_klu_maternn_kappa=1.0_nu=2.0_alpha_1.0,0.41998696704524296,0.4736776942327411,0.47301426510549416,False,zh,0.5559322033898305
full_klu_matern_kappa=1.0_nu=3.0_alpha_0.0,0.5705641407559114,0.6160641155226249,0.6166129358147344,False,zh,0.5559322033898305
full_klu_matern_kappa=1.0_nu=3.0_alpha_0.1,0.5735431018432322,0.6180586123087446,0.6186006715947994,False,zh,0.5559322033898305
full_klu_matern_kappa=1.0_nu=3.0_alpha_0.2,0.5761962390616273,0.6200117790546779,0.6205472174365092,False,zh,0.5559322033898305
full_klu_matern_kappa=1.0_nu=3.0_alpha_0.3,0.5797803016198101,0.6228457879563665,0.6233716195283615,False,zh,0.5559322033898305
full_klu_matern_kappa=1.0_nu=3.0_alpha_0.4,0.5833643641779929,0.625061143012756,0.6255794649065939,False,zh,0.5559322033898305
full_klu_matern_kappa=1.0_nu=3.0_alpha_0.5,0.5878793520759635,0.626663231460302,0.627176122545843,False,zh,0.5559322033898305
full_klu_matern_kappa=1.0_nu=3.0_alpha_0.6,0.594535468255446,0.6303031324932653,0.6308036849312368,False,zh,0.5559322033898305
full_klu_matern_kappa=1.0_nu=3.0_alpha_0.7,0.6017966859057904,0.632505131421949,0.6329982194567727,False,zh,0.5559322033898305
full_klu_matern_kappa=1.0_nu=3.0_alpha_0.8,0.6101750139638801,0.6352404882865483,0.6357243039252206,False,zh,0.5559322033898305
full_klu_matern_kappa=1.0_nu=3.0_alpha_0.9,0.6049618320610688,0.633108608516188,0.6335996508659464,False,zh,0.5559322033898305
full_klu_matern_kappa=1.0_nu=3.0_alpha_1.0,0.5761962390616273,0.5888418645952171,0.5894829637040296,False,zh,0.5559322033898305
full_klu_maternn_kappa=1.0_nu=3.0_alpha_0.0,0.5705641407559114,0.6160641155226249,0.6166129358147344,False,zh,0.5559322033898305
full_klu_maternn_kappa=1.0_nu=3.0_alpha_0.1,0.5704710482219326,0.6165874435162644,0.6171344898151752,False,zh,0.5559322033898305
full_klu_maternn_kappa=1.0_nu=3.0_alpha_0.2,0.5706106870229009,0.6157728237208124,0.6163226314427585,False,zh,0.5559322033898305
full_klu_maternn_kappa=1.0_nu=3.0_alpha_0.3,0.5698194004840812,0.6170642258531982,0.6176096559407973,False,zh,0.5559322033898305
full_klu_maternn_kappa=1.0_nu=3.0_alpha_0.4,0.5704710482219326,0.6151524746174539,0.6157043852177164,False,zh,0.5559322033898305
full_klu_maternn_kappa=1.0_nu=3.0_alpha_0.5,0.5690281139452616,0.6155248938128322,0.6160755419751442,False,zh,0.5559322033898305
full_klu_maternn_kappa=1.0_nu=3.0_alpha_0.6,0.5680506423384845,0.6150586074927187,0.6156108362866244,False,zh,0.5559322033898305
full_klu_maternn_kappa=1.0_nu=3.0_alpha_0.7,0.5668404393967603,0.6137263222328726,0.6142830672479982,False,zh,0.5559322033898305
full_klu_maternn_kappa=1.0_nu=3.0_alpha_0.8,0.5635356544405139,0.6122810609960672,0.6128427052018259,False,zh,0.5559322033898305
full_klu_maternn_kappa=1.0_nu=3.0_alpha_0.9,0.5586017501396388,0.607239040491976,0.6078177762926639,False,zh,0.5559322033898305
full_klu_maternn_kappa=1.0_nu=3.0_alpha_1.0,0.4227564699311115,0.47559566503358947,0.4749257343104076,False,zh,0.5559322033898305
full_klu_matern_kappa=2.0_nu=1.0_alpha_0.0,0.5705641407559114,0.6160641155226249,0.6166129358147344,False,zh,0.5559322033898305
full_klu_matern_kappa=2.0_nu=1.0_alpha_0.1,0.5722398063675294,0.6169279326000494,0.6174738246986761,False,zh,0.5559322033898305
full_klu_matern_kappa=2.0_nu=1.0_alpha_0.2,0.5742412958480729,0.61861595771228,0.6191561276918821,False,zh,0.5559322033898305
full_klu_matern_kappa=2.0_nu=1.0_alpha_0.3,0.5760566002606591,0.6193930092886049,0.619930545195067,False,zh,0.5559322033898305
full_klu_matern_kappa=2.0_nu=1.0_alpha_0.4,0.5783839136101285,0.6212895887139138,0.6218206955375783,False,zh,0.5559322033898305
full_klu_matern_kappa=2.0_nu=1.0_alpha_0.5,0.5821076149692795,0.6246479851505363,0.6251677075795002,False,zh,0.5559322033898305
full_klu_matern_kappa=2.0_nu=1.0_alpha_0.6,0.5858778625954199,0.6266293041102277,0.6271423102037351,False,zh,0.5559322033898305
full_klu_matern_kappa=2.0_nu=1.0_alpha_0.7,0.5929994414447961,0.6296565262259644,0.6301592705495879,False,zh,0.5559322033898305
full_klu_matern_kappa=2.0_nu=1.0_alpha_0.8,0.6034723515174083,0.6337255686302082,0.6342145195897496,False,zh,0.5559322033898305
full_klu_matern_kappa=2.0_nu=1.0_alpha_0.9,0.6104077452988271,0.6347825355512511,0.6352679035720772,False,zh,0.5559322033898305
full_klu_matern_kappa=2.0_nu=1.0_alpha_1.0,0.5738921988456527,0.5869533039584635,0.5876008049677395,False,zh,0.5559322033898305
full_klu_maternn_kappa=2.0_nu=1.0_alpha_0.0,0.5705641407559114,0.6160641155226249,0.6166129358147344,False,zh,0.5559322033898305
full_klu_maternn_kappa=2.0_nu=1.0_alpha_0.1,0.5704710482219326,0.6164253723138498,0.6169729680066668,False,zh,0.5559322033898305
full_klu_maternn_kappa=2.0_nu=1.0_alpha_0.2,0.5706106870229009,0.6176558816856436,0.6181993061602513,False,zh,0.5559322033898305
full_klu_maternn_kappa=2.0_nu=1.0_alpha_0.3,0.5702848631539752,0.6175752458295214,0.6181189436460142,False,zh,0.5559322033898305
full_klu_maternn_kappa=2.0_nu=1.0_alpha_0.4,0.5702383168869857,0.6150600032214644,0.6156122272840863,False,zh,0.5559322033898305
full_klu_maternn_kappa=2.0_nu=1.0_alpha_0.5,0.5699124930180599,0.614383645922159,0.6149381627213887,False,zh,0.5559322033898305
full_klu_maternn_kappa=2.0_nu=1.0_alpha_0.6,0.5682833736734314,0.6129667641117672,0.6135260839001846,False,zh,0.5559322033898305
full_klu_maternn_kappa=2.0_nu=1.0_alpha_0.7,0.5671197169986968,0.614026798262646,0.6145825247149587,False,zh,0.5559322033898305
full_klu_maternn_kappa=2.0_nu=1.0_alpha_0.8,0.5653509588530999,0.6116944376363035,0.6122580703958242,False,zh,0.5559322033898305
full_klu_maternn_kappa=2.0_nu=1.0_alpha_0.9,0.5617668962949172,0.6090617830955756,0.6096343401077767,False,zh,0.5559322033898305
full_klu_maternn_kappa=2.0_nu=1.0_alpha_1.0,0.43897784397691303,0.4807992789082628,0.4801117088160142,False,zh,0.5559322033898305
full_klu_matern_kappa=2.0_nu=2.0_alpha_0.0,0.5705641407559114,0.6160641155226249,0.6166129358147344,False,zh,0.5559322033898305
full_klu_matern_kappa=2.0_nu=2.0_alpha_0.1,0.5727518153044125,0.6174970255014001,0.6180409884715476,False,zh,0.5559322033898305
full_klu_matern_kappa=2.0_nu=2.0_alpha_0.2,0.5747533047849562,0.6190098694749584,0.6195487041604498,False,zh,0.5559322033898305
full_klu_matern_kappa=2.0_nu=2.0_alpha_0.3,0.5764289703965743,0.6192875668506704,0.6198254601891255,False,zh,0.5559322033898305
full_klu_matern_kappa=2.0_nu=2.0_alpha_0.4,0.5798268478867995,0.6229277393793491,0.6234532931499104,False,zh,0.5559322033898305
full_klu_matern_kappa=2.0_nu=2.0_alpha_0.5,0.5834574567119717,0.625950078927363,0.6264653874791174,False,zh,0.5559322033898305
full_klu_matern_kappa=2.0_nu=2.0_alpha_0.6,0.5874604356730591,0.6278979861786413,0.6284066916549675,False,zh,0.5559322033898305
full_klu_matern_kappa=2.0_nu=2.0_alpha_0.7,0.5942561906535097,0.6316136978644301,0.6321098077079234,False,zh,0.5559322033898305
full_klu_matern_kappa=2.0_nu=2.0_alpha_0.8,0.6064978588717185,0.6360516815488502,0.6365327473798539,False,zh,0.5559322033898305
full_klu_matern_kappa=2.0_nu=2.0_alpha_0.9,0.6112455781046361,0.6367825031572649,0.6372610916268842,False,zh,0.5559322033898305
full_klu_matern_kappa=2.0_nu=2.0_alpha_1.0,0.5672128095326755,0.5814008211610961,0.5820671441459565,False,zh,0.5559322033898305
full_klu_maternn_kappa=2.0_nu=2.0_alpha_0.0,0.5705641407559114,0.6160641155226249,0.6166129358147344,False,zh,0.5559322033898305
full_klu_maternn_kappa=2.0_nu=2.0_alpha_0.1,0.5703779556879538,0.616439100918484,0.6169866500736583,False,zh,0.5559322033898305
full_klu_maternn_kappa=2.0_nu=2.0_alpha_0.2,0.5701917706199963,0.6175215857460835,0.6180654654611643,False,zh,0.5559322033898305
full_klu_maternn_kappa=2.0_nu=2.0_alpha_0.3,0.5700986780860176,0.6153562627336497,0.6159074825267388,False,zh,0.5559322033898305
full_klu_maternn_kappa=2.0_nu=2.0_alpha_0.4,0.5698194004840812,0.6145609414738176,0.6151148572711771,False,zh,0.5559322033898305
full_klu_maternn_kappa=2.0_nu=2.0_alpha_0.5,0.569074660212251,0.6155370575211789,0.6160876644505814,False,zh,0.5559322033898305
full_klu_maternn_kappa=2.0_nu=2.0_alpha_0.6,0.5683299199404208,0.6147849425041851,0.615338098976018,False,zh,0.5559322033898305
full_klu_maternn_kappa=2.0_nu=2.0_alpha_0.7,0.5660956991249302,0.6119888510167033,0.612551485764765,False,zh,0.5559322033898305
full_klu_maternn_kappa=2.0_nu=2.0_alpha_0.8,0.5640476633773972,0.6103458357875886,0.6109140400787999,False,zh,0.5559322033898305
full_klu_maternn_kappa=2.0_nu=2.0_alpha_0.9,0.5601377769502887,0.6081377818687932,0.6087134710885429,False,zh,0.5559322033898305
full_klu_maternn_kappa=2.0_nu=2.0_alpha_1.0,0.4503351331223236,0.4828552836350595,0.4821607440352624,False,zh,0.5559322033898305
full_klu_matern_kappa=2.0_nu=3.0_alpha_0.0,0.5705641407559114,0.6160641155226249,0.6166129358147344,False,zh,0.5559322033898305
full_klu_matern_kappa=2.0_nu=3.0_alpha_0.1,0.5723328989015081,0.6177606251336352,0.6183036945457072,False,zh,0.5559322033898305
full_klu_matern_kappa=2.0_nu=3.0_alpha_0.2,0.5738689257121579,0.6181686077467068,0.6187102941668702,False,zh,0.5559322033898305
full_klu_matern_kappa=2.0_nu=3.0_alpha_0.3,0.5753584062558182,0.6188163492065373,0.6193558398929384,False,zh,0.5559322033898305
full_klu_matern_kappa=2.0_nu=3.0_alpha_0.4,0.5768478867994786,0.620658085563179,0.6211913330754899,False,zh,0.5559322033898305
full_klu_matern_kappa=2.0_nu=3.0_alpha_0.5,0.5800595792217464,0.6232856493791694,0.6238099898954941,False,zh,0.5559322033898305
full_klu_matern_kappa=2.0_nu=3.0_alpha_0.6,0.5838763731148762,0.6261649701416938,0.6266795502486538,False,zh,0.5559322033898305
full_klu_matern_kappa=2.0_nu=3.0_alpha_0.7,0.5900204803574753,0.6301031230001394,0.6306043534363929,False,zh,0.5559322033898305
full_klu_matern_kappa=2.0_nu=3.0_alpha_0.8,0.6009588530999813,0.6353937895564098,0.6358770855297607,False,zh,0.5559322033898305
full_klu_matern_kappa=2.0_nu=3.0_alpha_0.9,0.6125954198473282,0.6379622160061202,0.6384368054491331,False,zh,0.5559322033898305
full_klu_matern_kappa=2.0_nu=3.0_alpha_1.0,0.5663982498603612,0.5862148875385104,0.5868648916542948,False,zh,0.5559322033898305
full_klu_maternn_kappa=2.0_nu=3.0_alpha_0.0,0.5705641407559114,0.6160641155226249,0.6166129358147344,False,zh,0.5559322033898305
full_klu_maternn_kappa=2.0_nu=3.0_alpha_0.1,0.5699590392850494,0.6161373328569817,0.6166859049547374,False,zh,0.5559322033898305
full_klu_maternn_kappa=2.0_nu=3.0_alpha_0.2,0.570145224353007,0.6172686978749826,0.6178134348370842,False,zh,0.5559322033898305
full_klu_maternn_kappa=2.0_nu=3.0_alpha_0.3,0.5696332154161237,0.6149330025546307,0.6154856571279875,False,zh,0.5559322033898305
full_klu_maternn_kappa=2.0_nu=3.0_alpha_0.4,0.5687488363433253,0.6157376962794205,0.6162876230774392,False,zh,0.5559322033898305
full_klu_maternn_kappa=2.0_nu=3.0_alpha_0.5,0.5687488363433253,0.6154809085163123,0.6160317057813246,False,zh,0.5559322033898305
full_klu_maternn_kappa=2.0_nu=3.0_alpha_0.6,0.5677248184695588,0.6134150103946214,0.613972810704114,False,zh,0.5559322033898305
full_klu_maternn_kappa=2.0_nu=3.0_alpha_0.7,0.5658164215229938,0.611721956091233,0.6122854955678557,False,zh,0.5559322033898305
full_klu_maternn_kappa=2.0_nu=3.0_alpha_0.8,0.5641873021783653,0.6106000721855122,0.6111674146584255,False,zh,0.5559322033898305
full_klu_maternn_kappa=2.0_nu=3.0_alpha_0.9,0.559346490411469,0.6068102289913557,0.6073904183903508,False,zh,0.5559322033898305
full_klu_maternn_kappa=2.0_nu=3.0_alpha_1.0,0.4534071867436231,0.4864555848202307,0.48574884080963643,False,zh,0.5559322033898305
full_klu_matern_kappa=3.0_nu=1.0_alpha_0.0,0.5705641407559114,0.6160641155226249,0.6166129358147344,False,zh,0.5559322033898305
full_klu_matern_kappa=3.0_nu=1.0_alpha_0.1,0.5724259914354869,0.6166229315964149,0.6171698575967488,False,zh,0.5559322033898305
full_klu_matern_kappa=3.0_nu=1.0_alpha_0.2,0.5738223794451686,0.6182043146699915,0.618745880049737,False,zh,0.5559322033898305
full_klu_matern_kappa=3.0_nu=1.0_alpha_0.3,0.5753584062558184,0.6194230419098388,0.6199604760108052,False,zh,0.5559322033898305
full_klu_matern_kappa=3.0_nu=1.0_alpha_0.4,0.5771271644014151,0.6205487945436613,0.6210824125340045,False,zh,0.5559322033898305
full_klu_matern_kappa=3.0_nu=1.0_alpha_0.5,0.580618134425619,0.624037144739821,0.624558937814245,False,zh,0.5559322033898305
full_klu_matern_kappa=3.0_nu=1.0_alpha_0.6,0.5846211133867064,0.6261163175898043,0.626631062620669,False,zh,0.5559322033898305
full_klu_matern_kappa=3.0_nu=1.0_alpha_0.7,0.5910444982312418,0.6303604405804774,0.6308607987537466,False,zh,0.5559322033898305
full_klu_matern_kappa=3.0_nu=1.0_alpha_0.8,0.6024017873766525,0.6345979619316775,0.6350839556257902,False,zh,0.5559322033898305
full_klu_matern_kappa=3.0_nu=1.0_alpha_0.9,0.6115248557065723,0.6355317174034705,0.6360145458247974,False,zh,0.5559322033898305
full_klu_matern_kappa=3.0_nu=1.0_alpha_1.0,0.5728914541053808,0.5945254700076162,0.5951473026574038,False,zh,0.5559322033898305
full_klu_maternn_kappa=3.0_nu=1.0_alpha_0.0,0.5705641407559114,0.6160641155226249,0.6166129358147344,False,zh,0.5559322033898305
full_klu_maternn_kappa=3.0_nu=1.0_alpha_0.1,0.5704710482219326,0.6164959745733402,0.6170433309364642,False,zh,0.5559322033898305
full_klu_maternn_kappa=3.0_nu=1.0_alpha_0.2,0.5706572332898903,0.6154036494486592,0.6159547086088161,False,zh,0.5559322033898305
full_klu_maternn_kappa=3.0_nu=1.0_alpha_0.3,0.5708434183578478,0.6158370699729574,0.6163866599109981,False,zh,0.5559322033898305
full_klu_maternn_kappa=3.0_nu=1.0_alpha_0.4,0.5703779556879538,0.6166550707849889,0.6172018878389207,False,zh,0.5559322033898305
full_klu_maternn_kappa=3.0_nu=1.0_alpha_0.5,0.570284863153975,0.6166005725928709,0.6171475743864371,False,zh,0.5559322033898305
full_klu_maternn_kappa=3.0_nu=1.0_alpha_0.6,0.5700055855520387,0.6159898253702206,0.6165388974933552,False,zh,0.5559322033898305
full_klu_maternn_kappa=3.0_nu=1.0_alpha_0.7,0.5700055855520387,0.6154807530908393,0.6160315508827175,False,zh,0.5559322033898305
full_klu_maternn_kappa=3.0_nu=1.0_alpha_0.8,0.5695866691491343,0.6150040612271828,0.6155564749236835,False,zh,0.5559322033898305
full_klu_maternn_kappa=3.0_nu=1.0_alpha_0.9,0.5708434183578477,0.6177959237448462,0.6183388735006091,False,zh,0.5559322033898305
full_klu_maternn_kappa=3.0_nu=1.0_alpha_1.0,0.5691212064792404,0.5891356203732883,0.5897757236998022,False,zh,0.5559322033898305
full_klu_matern_kappa=3.0_nu=2.0_alpha_0.0,0.5705641407559114,0.6160641155226249,0.6166129358147344,False,zh,0.5559322033898305
full_klu_matern_kappa=3.0_nu=2.0_alpha_0.1,0.5718208899646249,0.6175538453236151,0.6180976156841957,False,zh,0.5559322033898305
full_klu_matern_kappa=3.0_nu=2.0_alpha_0.2,0.5724725377024762,0.6169559966939708,0.6175017936600757,False,zh,0.5559322033898305
full_klu_matern_kappa=3.0_nu=2.0_alpha_0.3,0.5736827406442004,0.6179276012103775,0.6184701046018505,False,zh,0.5559322033898305
full_klu_matern_kappa=3.0_nu=2.0_alpha_0.4,0.5747998510519456,0.6192034907251227,0.6197416690673931,False,zh,0.5559322033898305
full_klu_matern_kappa=3.0_nu=2.0_alpha_0.5,0.5763824241295848,0.6213179404371612,0.6218489511532892,False,zh,0.5559322033898305
full_klu_matern_kappa=3.0_nu=2.0_alpha_0.6,0.5788028300130329,0.623152763548827,0.6236775545255933,False,zh,0.5559322033898305
full_klu_matern_kappa=3.0_nu=2.0_alpha_0.7,0.5828989015080991,0.6277119356718239,0.6282212718278344,False,zh,0.5559322033898305
full_klu_matern_kappa=3.0_nu=2.0_alpha_0.8,0.5911375907652207,0.6310963355460638,0.6315941991601277,False,zh,0.5559322033898305
full_klu_matern_kappa=3.0_nu=2.0_alpha_0.9,0.6087786259541985,0.6365538707099009,0.6370332342047653,False,zh,0.5559322033898305
full_klu_matern_kappa=3.0_nu=2.0_alpha_1.0,0.5691910258797245,0.5876075029057257,0.5882527862914517,False,zh,0.5559322033898305
full_klu_maternn_kappa=3.0_nu=2.0_alpha_0.0,0.5705641407559114,0.6160641155226249,0.6166129358147344,False,zh,0.5559322033898305
full_klu_maternn_kappa=3.0_nu=2.0_alpha_0.1,0.5705641407559113,0.6165854055482434,0.6171324587555203,False,zh,0.5559322033898305
full_klu_maternn_kappa=3.0_nu=2.0_alpha_0.2,0.5707968720908584,0.6175129098166319,0.618056818941643,False,zh,0.5559322033898305
full_klu_maternn_kappa=3.0_nu=2.0_alpha_0.3,0.5710296034258052,0.6173579617841531,0.6179023961567319,False,zh,0.5559322033898305
full_klu_maternn_kappa=3.0_nu=2.0_alpha_0.4,0.5706106870229009,0.6171320381400095,0.6176772383554499,False,zh,0.5559322033898305
full_klu_maternn_kappa=3.0_nu=2.0_alpha_0.5,0.5703779556879538,0.6164199816326352,0.616967595598948,False,zh,0.5559322033898305
full_klu_maternn_kappa=3.0_nu=2.0_alpha_0.6,0.5707968720908583,0.6174382192935542,0.6179823816067791,False,zh,0.5559322033898305
full_klu_maternn_kappa=3.0_nu=2.0_alpha_0.7,0.5716812511636568,0.6155449620362804,0.6160955421707166,False,zh,0.5559322033898305
full_klu_maternn_kappa=3.0_nu=2.0_alpha_0.8,0.5737758331781792,0.617877055305312,0.6184197300388361,False,zh,0.5559322033898305
full_klu_maternn_kappa=3.0_nu=2.0_alpha_0.9,0.583969465648855,0.6281580144005308,0.6286658384252575,False,zh,0.5559322033898305
full_klu_maternn_kappa=3.0_nu=2.0_alpha_1.0,0.5671429901321914,0.5884079982185463,0.5890505680608391,False,zh,0.5559322033898305
full_klu_matern_kappa=3.0_nu=3.0_alpha_0.0,0.5705641407559114,0.6160641155226249,0.6166129358147344,False,zh,0.5559322033898305
full_klu_matern_kappa=3.0_nu=3.0_alpha_0.1,0.5714019735617204,0.6165058850652165,0.6170532078334526,False,zh,0.5559322033898305
full_klu_matern_kappa=3.0_nu=3.0_alpha_0.2,0.5716347048966672,0.6166859427533071,0.6172326551564989,False,zh,0.5559322033898305
full_klu_matern_kappa=3.0_nu=3.0_alpha_0.3,0.571960528765593,0.617693218176763,0.6182365160869939,False,zh,0.5559322033898305
full_klu_matern_kappa=3.0_nu=3.0_alpha_0.4,0.572798361571402,0.6187689160258345,0.6193085675026788,False,zh,0.5559322033898305
full_klu_matern_kappa=3.0_nu=3.0_alpha_0.5,0.5741947495810836,0.6195424759358666,0.6200795051757277,False,zh,0.5559322033898305
full_klu_matern_kappa=3.0_nu=3.0_alpha_0.6,0.5754049525228077,0.6212907242909724,0.6218218272652231,False,zh,0.5559322033898305
full_klu_matern_kappa=3.0_nu=3.0_alpha_0.7,0.5772668032023832,0.6235449878120292,0.624068449215022,False,zh,0.5559322033898305
full_klu_matern_kappa=3.0_nu=3.0_alpha_0.8,0.5816421522993857,0.6269655620794901,0.6274774283154745,False,zh,0.5559322033898305
full_klu_matern_kappa=3.0_nu=3.0_alpha_0.9,0.5964438652020109,0.6334803461111576,0.6339701283334754,False,zh,0.5559322033898305
full_klu_matern_kappa=3.0_nu=3.0_alpha_1.0,0.5712623347607522,0.5919554131561573,0.5925859578630683,False,zh,0.5559322033898305
full_klu_maternn_kappa=3.0_nu=3.0_alpha_0.0,0.5705641407559114,0.6160641155226249,0.6166129358147344,False,zh,0.5559322033898305
full_klu_maternn_kappa=3.0_nu=3.0_alpha_0.1,0.5703779556879538,0.6160686659890974,0.6166174708558968,False,zh,0.5559322033898305
full_klu_maternn_kappa=3.0_nu=3.0_alpha_0.2,0.5706572332898902,0.6152149709165929,0.6157666696649939,False,zh,0.5559322033898305
full_klu_maternn_kappa=3.0_nu=3.0_alpha_0.3,0.571122695959784,0.617453254027609,0.6179973653756339,False,zh,0.5559322033898305
full_klu_maternn_kappa=3.0_nu=3.0_alpha_0.4,0.5715881586296779,0.6174520024587503,0.6179961180493814,False,zh,0.5559322033898305
full_klu_maternn_kappa=3.0_nu=3.0_alpha_0.5,0.5712623347607522,0.6174081393856936,0.6179524036647078,False,zh,0.5559322033898305
full_klu_maternn_kappa=3.0_nu=3.0_alpha_0.6,0.571960528765593,0.6177191190328681,0.6182623291435868,False,zh,0.5559322033898305
full_klu_maternn_kappa=3.0_nu=3.0_alpha_0.7,0.5743343883820518,0.6175357531570116,0.6180795848469707,False,zh,0.5559322033898305
full_klu_maternn_kappa=3.0_nu=3.0_alpha_0.8,0.5790821076149693,0.6238976499375145,0.6244199158756751,False,zh,0.5559322033898305
full_klu_maternn_kappa=3.0_nu=3.0_alpha_0.9,0.5943492831874884,0.6336150896286628,0.6341044150932941,False,zh,0.5559322033898305
full_klu_maternn_kappa=3.0_nu=3.0_alpha_1.0,0.5715648854961832,0.5899260393621829,0.5905634633022939,False,zh,0.5559322033898305
deberta_full_klu_heat_t=0.1_alpha_0.0,0.5705641407559114,0.6160641155226249,0.6166129358147344,False,zh,0.5559322033898305
deberta_full_klu_heat_t=0.1_alpha_0.1,0.5704710482219326,0.61597551059561,0.616524631243404,False,zh,0.5559322033898305
deberta_full_klu_heat_t=0.1_alpha_0.2,0.5712157884937628,0.6168593268499384,0.6174054515104298,False,zh,0.5559322033898305
deberta_full_klu_heat_t=0.1_alpha_0.3,0.5706572332898902,0.6155655973372465,0.6161161075215099,False,zh,0.5559322033898305
deberta_full_klu_heat_t=0.1_alpha_0.4,0.5715416123626886,0.6175818768754133,0.6181255522137846,False,zh,0.5559322033898305
deberta_full_klu_heat_t=0.1_alpha_0.5,0.5718208899646249,0.6177511792746095,0.6182942807065428,False,zh,0.5559322033898305
deberta_full_klu_heat_t=0.1_alpha_0.6,0.5713088810277417,0.6171241197485473,0.6176693468059926,False,zh,0.5559322033898305
deberta_full_klu_heat_t=0.1_alpha_0.7,0.5707037795568796,0.6145510494885646,0.6151049988180778,False,zh,0.5559322033898305
deberta_full_klu_heat_t=0.1_alpha_0.8,0.5709830571588158,0.6146504997086852,0.615204111918808,False,zh,0.5559322033898305
deberta_full_klu_heat_t=0.1_alpha_0.9,0.5705641407559114,0.616660419392534,0.6172072183155929,False,zh,0.5559322033898305
deberta_full_klu_heat_t=0.1_alpha_1.0,0.5,0.5639064504003275,0.5646320763369193,False,zh,0.5559322033898305
deberta_full_klu_heatn_t=0.1_alpha_0.0,0.5705641407559114,0.6160641155226249,0.6166129358147344,False,zh,0.5559322033898305
deberta_full_klu_heatn_t=0.1_alpha_0.1,0.5706572332898902,0.6161686156302504,0.6167170816847068,False,zh,0.5559322033898305
deberta_full_klu_heatn_t=0.1_alpha_0.2,0.5706572332898903,0.6155077173616813,0.6160584237492516,False,zh,0.5559322033898305
deberta_full_klu_heatn_t=0.1_alpha_0.3,0.5710761496927946,0.616592806190208,0.6171398343105629,False,zh,0.5559322033898305
deberta_full_klu_heatn_t=0.1_alpha_0.4,0.571355427294731,0.6162956477139574,0.6168436831511808,False,zh,0.5559322033898305
deberta_full_klu_heatn_t=0.1_alpha_0.5,0.5709365108918264,0.616124644391284,0.6166732595007879,False,zh,0.5559322033898305
deberta_full_klu_heatn_t=0.1_alpha_0.6,0.5715416123626885,0.6178227912703469,0.6183656499497523,False,zh,0.5559322033898305
deberta_full_klu_heatn_t=0.1_alpha_0.7,0.5716812511636566,0.6171393322304104,0.6176845077201205,False,zh,0.5559322033898305
deberta_full_klu_heatn_t=0.1_alpha_0.8,0.57219326010054,0.6172744838072217,0.6178192011559934,False,zh,0.5559322033898305
deberta_full_klu_heatn_t=0.1_alpha_0.9,0.57219326010054,0.617758708741971,0.6183017846502862,False,zh,0.5559322033898305
deberta_full_klu_heatn_t=0.1_alpha_1.0,0.5,0.5639064504003275,0.5646320763369193,False,zh,0.5559322033898305
deberta_full_klu_heat_t=0.2_alpha_0.0,0.5705641407559114,0.6160641155226249,0.6166129358147344,False,zh,0.5559322033898305
deberta_full_klu_heat_t=0.2_alpha_0.1,0.5703779556879538,0.6160501248374946,0.6165989925556552,False,zh,0.5559322033898305
deberta_full_klu_heat_t=0.2_alpha_0.2,0.5708434183578477,0.6164345925560746,0.6169821569938333,False,zh,0.5559322033898305
deberta_full_klu_heat_t=0.2_alpha_0.3,0.5712157884937628,0.6174277901404441,0.6179719878067306,False,zh,0.5559322033898305
deberta_full_klu_heat_t=0.2_alpha_0.4,0.5710761496927946,0.6154794330052111,0.6160302352719558,False,zh,0.5559322033898305
deberta_full_klu_heat_t=0.2_alpha_0.5,0.5709365108918265,0.6172249240253982,0.6177698093734304,False,zh,0.5559322033898305
deberta_full_klu_heat_t=0.2_alpha_0.6,0.5704710482219326,0.6166645023708748,0.6172112874533291,False,zh,0.5559322033898305
deberta_full_klu_heat_t=0.2_alpha_0.7,0.5702848631539751,0.615668789582271,0.6162189499623139,False,zh,0.5559322033898305
deberta_full_klu_heat_t=0.2_alpha_0.8,0.5706106870229009,0.6161244411790991,0.6166730569774578,False,zh,0.5559322033898305
deberta_full_klu_heat_t=0.2_alpha_0.9,0.5701452243530069,0.6160700160669037,0.6166188163571681,False,zh,0.5559322033898305
deberta_full_klu_heat_t=0.2_alpha_1.0,0.5,0.5639064504003275,0.5646320763369193,False,zh,0.5559322033898305
deberta_full_klu_heatn_t=0.2_alpha_0.0,0.5705641407559114,0.6160641155226249,0.6166129358147344,False,zh,0.5559322033898305
deberta_full_klu_heatn_t=0.2_alpha_0.1,0.5706106870229007,0.6162146712366704,0.6167629811704272,False,zh,0.5559322033898305
deberta_full_klu_heatn_t=0.2_alpha_0.2,0.5707968720908584,0.6154639297360949,0.6160147845562943,False,zh,0.5559322033898305
deberta_full_klu_heatn_t=0.2_alpha_0.3,0.5709365108918265,0.6165717137561039,0.6171188133762354,False,zh,0.5559322033898305
deberta_full_klu_heatn_t=0.2_alpha_0.4,0.5712623347607522,0.6163165713251628,0.6168645358348909,False,zh,0.5559322033898305
deberta_full_klu_heatn_t=0.2_alpha_0.5,0.5710296034258052,0.6161630670010196,0.6167115518643888,False,zh,0.5559322033898305
deberta_full_klu_heatn_t=0.2_alpha_0.6,0.5717743436976355,0.6178366362175822,0.6183794479649629,False,zh,0.5559322033898305
deberta_full_klu_heatn_t=0.2_alpha_0.7,0.5717277974306461,0.6174941895160904,0.6180381620997473,False,zh,0.5559322033898305
deberta_full_klu_heatn_t=0.2_alpha_0.8,0.5716812511636568,0.6169166595332624,0.6174625898456747,False,zh,0.5559322033898305
deberta_full_klu_heatn_t=0.2_alpha_0.9,0.5716347048966673,0.6171150396223739,0.6176602974599079,False,zh,0.5559322033898305
deberta_full_klu_heatn_t=0.2_alpha_1.0,0.5,0.5639064504003275,0.5646320763369193,False,zh,0.5559322033898305
deberta_full_klu_heat_t=0.3_alpha_0.0,0.5705641407559114,0.6160641155226249,0.6166129358147344,False,zh,0.5559322033898305
deberta_full_klu_heat_t=0.3_alpha_0.1,0.5707037795568796,0.6161090168366797,0.6166576849209449,False,zh,0.5559322033898305
deberta_full_klu_heat_t=0.3_alpha_0.2,0.5704710482219326,0.6165498726380916,0.6170970462959112,False,zh,0.5559322033898305
deberta_full_klu_heat_t=0.3_alpha_0.3,0.5709365108918265,0.6148952945137636,0.6154480769109878,False,zh,0.5559322033898305
deberta_full_klu_heat_t=0.3_alpha_0.4,0.5711692422267735,0.6168305357314692,0.6173767579889723,False,zh,0.5559322033898305
deberta_full_klu_heat_t=0.3_alpha_0.5,0.571122695959784,0.6158546721193543,0.6164042023891018,False,zh,0.5559322033898305
deberta_full_klu_heat_t=0.3_alpha_0.6,0.5703779556879538,0.6156178818459186,0.6161682147945593,False,zh,0.5559322033898305
deberta_full_klu_heat_t=0.3_alpha_0.7,0.5698659467510706,0.6152249823831588,0.6157766471943851,False,zh,0.5559322033898305
deberta_full_klu_heat_t=0.3_alpha_0.8,0.5695866691491343,0.615405293526897,0.6159563471139072,False,zh,0.5559322033898305
deberta_full_klu_heat_t=0.3_alpha_0.9,0.5700521318190281,0.6158810647124879,0.6164305055158182,False,zh,0.5559322033898305
deberta_full_klu_heat_t=0.3_alpha_1.0,0.5,0.5639064504003275,0.5646320763369193,False,zh,0.5559322033898305
deberta_full_klu_heatn_t=0.3_alpha_0.0,0.5705641407559114,0.6160641155226249,0.6166129358147344,False,zh,0.5559322033898305
deberta_full_klu_heatn_t=0.3_alpha_0.1,0.5706572332898903,0.6162412282479932,0.6167894481579826,False,zh,0.5559322033898305
deberta_full_klu_heatn_t=0.3_alpha_0.2,0.5709830571588159,0.6156349100076647,0.6161851852337231,False,zh,0.5559322033898305
deberta_full_klu_heatn_t=0.3_alpha_0.3,0.5709365108918265,0.6152740717410723,0.6158255701476955,False,zh,0.5559322033898305
deberta_full_klu_heatn_t=0.3_alpha_0.4,0.5712623347607522,0.6151280544481023,0.6156800478286,False,zh,0.5559322033898305
deberta_full_klu_heatn_t=0.3_alpha_0.5,0.5714019735617204,0.6163750414053485,0.6169228077114148,False,zh,0.5559322033898305
deberta_full_klu_heatn_t=0.3_alpha_0.6,0.5710761496927946,0.6164607470370096,0.6170082228155109,False,zh,0.5559322033898305
deberta_full_klu_heatn_t=0.3_alpha_0.7,0.5717743436976355,0.6182670772116412,0.6188084298370081,False,zh,0.5559322033898305
deberta_full_klu_heatn_t=0.3_alpha_0.8,0.5713088810277416,0.6176231504636338,0.6181666858915364,False,zh,0.5559322033898305
deberta_full_klu_heatn_t=0.3_alpha_0.9,0.5720070750325824,0.6180165339601881,0.6185587358847124,False,zh,0.5559322033898305
deberta_full_klu_heatn_t=0.3_alpha_1.0,0.5,0.5639064504003275,0.5646320763369193,False,zh,0.5559322033898305
deberta_full_klu_heat_t=0.4_alpha_0.0,0.5705641407559114,0.6160641155226249,0.6166129358147344,False,zh,0.5559322033898305
deberta_full_klu_heat_t=0.4_alpha_0.1,0.5709365108918265,0.6159000659306425,0.6164494423230636,False,zh,0.5559322033898305
deberta_full_klu_heat_t=0.4_alpha_0.2,0.5703314094209645,0.6161407805806394,0.6166893409911963,False,zh,0.5559322033898305
deberta_full_klu_heat_t=0.4_alpha_0.3,0.5704710482219326,0.614521945469539,0.6150759934567437,False,zh,0.5559322033898305
deberta_full_klu_heat_t=0.4_alpha_0.4,0.5704710482219326,0.6146012952075,0.615155074212542,False,zh,0.5559322033898305
deberta_full_klu_heat_t=0.4_alpha_0.5,0.5710761496927946,0.6166326273677168,0.6171795205010293,False,zh,0.5559322033898305
deberta_full_klu_heat_t=0.4_alpha_0.6,0.5707037795568796,0.6166267142138252,0.6171736273917272,False,zh,0.5559322033898305
deberta_full_klu_heat_t=0.4_alpha_0.7,0.5707037795568796,0.6156777965613761,0.6162279264092863,False,zh,0.5559322033898305
deberta_full_klu_heat_t=0.4_alpha_0.8,0.5701917706199963,0.6153386847698561,0.615889964149263,False,zh,0.5559322033898305
deberta_full_klu_heat_t=0.4_alpha_0.9,0.570145224353007,0.6159765767431999,0.6165256937769344,False,zh,0.5559322033898305
deberta_full_klu_heat_t=0.4_alpha_1.0,0.5,0.5639064504003275,0.5646320763369193,False,zh,0.5559322033898305
deberta_full_klu_heatn_t=0.4_alpha_0.0,0.5705641407559114,0.6160641155226249,0.6166129358147344,False,zh,0.5559322033898305
deberta_full_klu_heatn_t=0.4_alpha_0.1,0.5705641407559114,0.6161766564733615,0.6167250952707227,False,zh,0.5559322033898305
deberta_full_klu_heatn_t=0.4_alpha_0.2,0.5709830571588159,0.6156508379614671,0.6162010591944619,False,zh,0.5559322033898305
deberta_full_klu_heatn_t=0.4_alpha_0.3,0.5708434183578477,0.6151478035014442,0.6156997299359983,False,zh,0.5559322033898305
deberta_full_klu_heatn_t=0.4_alpha_0.4,0.5717277974306461,0.6157334295073323,0.6162833707689852,False,zh,0.5559322033898305
deberta_full_klu_heatn_t=0.4_alpha_0.5,0.5714019735617203,0.6164025945329666,0.6169502674386003,False,zh,0.5559322033898305
deberta_full_klu_heatn_t=0.4_alpha_0.6,0.5712623347607523,0.6164441793813202,0.6169917113213663,False,zh,0.5559322033898305
deberta_full_klu_heatn_t=0.4_alpha_0.7,0.5710761496927946,0.6166156881064517,0.617162638660989,False,zh,0.5559322033898305
deberta_full_klu_heatn_t=0.4_alpha_0.8,0.5709830571588159,0.6172490335052612,0.617793837126243,False,zh,0.5559322033898305
deberta_full_klu_heatn_t=0.4_alpha_0.9,0.5708434183578477,0.6153041871780389,0.6158555834984352,False,zh,0.5559322033898305
deberta_full_klu_heatn_t=0.4_alpha_1.0,0.5,0.5639064504003275,0.5646320763369193,False,zh,0.5559322033898305
deberta_full_klu_heat_t=0.5_alpha_0.0,0.5705641407559114,0.6160641155226249,0.6166129358147344,False,zh,0.5559322033898305
deberta_full_klu_heat_t=0.5_alpha_0.1,0.5709830571588159,0.6159514405135686,0.6165006427548614,False,zh,0.5559322033898305
deberta_full_klu_heat_t=0.5_alpha_0.2,0.5703779556879538,0.6165916422249529,0.6171386742909528,False,zh,0.5559322033898305
deberta_full_klu_heat_t=0.5_alpha_0.3,0.5704245019549432,0.6145413449681583,0.6150953271943507,False,zh,0.5559322033898305
deberta_full_klu_heat_t=0.5_alpha_0.4,0.5700521318190281,0.6140679259270176,0.614623512963519,False,zh,0.5559322033898305
deberta_full_klu_heat_t=0.5_alpha_0.5,0.5702848631539751,0.6141537092856708,0.6147090055311257,False,zh,0.5559322033898305
deberta_full_klu_heat_t=0.5_alpha_0.6,0.5706572332898902,0.6164395829198757,0.616987130441147,False,zh,0.5559322033898305
deberta_full_klu_heat_t=0.5_alpha_0.7,0.5704710482219326,0.6156737972061563,0.616223940611203,False,zh,0.5559322033898305
deberta_full_klu_heat_t=0.5_alpha_0.8,0.5700521318190281,0.6153350581870058,0.6158863498599141,False,zh,0.5559322033898305
deberta_full_klu_heat_t=0.5_alpha_0.9,0.5697263079501025,0.6150606882188163,0.6156129099594132,False,zh,0.5559322033898305
deberta_full_klu_heat_t=0.5_alpha_1.0,0.5,0.5639064504003275,0.5646320763369193,False,zh,0.5559322033898305
deberta_full_klu_heatn_t=0.5_alpha_0.0,0.5705641407559114,0.6160641155226249,0.6166129358147344,False,zh,0.5559322033898305
deberta_full_klu_heatn_t=0.5_alpha_0.1,0.5704710482219326,0.6161476861849127,0.6166962231866414,False,zh,0.5559322033898305
deberta_full_klu_heatn_t=0.5_alpha_0.2,0.5710296034258052,0.6155907388922495,0.6161411638509026,False,zh,0.5559322033898305
deberta_full_klu_heatn_t=0.5_alpha_0.3,0.5710296034258053,0.6154324797777879,0.6159834412080155,False,zh,0.5559322033898305
deberta_full_klu_heatn_t=0.5_alpha_0.4,0.5717743436976355,0.6177175185487387,0.6182607340848274,False,zh,0.5559322033898305
deberta_full_klu_heatn_t=0.5_alpha_0.5,0.5714485198287098,0.6153602621061931,0.615911468342087,False,zh,0.5559322033898305
deberta_full_klu_heatn_t=0.5_alpha_0.6,0.571355427294731,0.6162203122234309,0.6167686030351984,False,zh,0.5559322033898305
deberta_full_klu_heatn_t=0.5_alpha_0.7,0.5712623347607523,0.6166172914912371,0.6171642366105716,False,zh,0.5559322033898305
deberta_full_klu_heatn_t=0.5_alpha_0.8,0.5708434183578477,0.6150645174153675,0.6156167261756371,False,zh,0.5559322033898305
deberta_full_klu_heatn_t=0.5_alpha_0.9,0.570750325823869,0.6151654380241718,0.6157173046806826,False,zh,0.5559322033898305
deberta_full_klu_heatn_t=0.5_alpha_1.0,0.5,0.5639064504003275,0.5646320763369193,False,zh,0.5559322033898305
deberta_full_klu_heat_t=0.6_alpha_0.0,0.5705641407559114,0.6160641155226249,0.6166129358147344,False,zh,0.5559322033898305
deberta_full_klu_heat_t=0.6_alpha_0.1,0.5708434183578477,0.6159014069779959,0.6164507788244938,False,zh,0.5559322033898305
deberta_full_klu_heat_t=0.6_alpha_0.2,0.5703779556879539,0.6166596054987437,0.6172064071807646,False,zh,0.5559322033898305
deberta_full_klu_heat_t=0.6_alpha_0.3,0.5706572332898902,0.614531882654737,0.6150858969565681,False,zh,0.5559322033898305
deberta_full_klu_heat_t=0.6_alpha_0.4,0.5700986780860176,0.6138436953006412,0.6144000424409609,False,zh,0.5559322033898305
deberta_full_klu_heat_t=0.6_alpha_0.5,0.5702383168869857,0.6139599396848796,0.614515892776439,False,zh,0.5559322033898305
deberta_full_klu_heat_t=0.6_alpha_0.6,0.5703779556879538,0.6143604712736201,0.6149150666309804,False,zh,0.5559322033898305
deberta_full_klu_heat_t=0.6_alpha_0.7,0.5707037795568796,0.6165827477713863,0.6171298099880763,False,zh,0.5559322033898305
deberta_full_klu_heat_t=0.6_alpha_0.8,0.570284863153975,0.6155055527468731,0.6160562664721206,False,zh,0.5559322033898305
deberta_full_klu_heat_t=0.6_alpha_0.9,0.5701917706199964,0.6155635288122435,0.6161140460084559,False,zh,0.5559322033898305
deberta_full_klu_heat_t=0.6_alpha_1.0,0.5,0.5639064504003275,0.5646320763369193,False,zh,0.5559322033898305
deberta_full_klu_heatn_t=0.6_alpha_0.0,0.5705641407559114,0.6160641155226249,0.6166129358147344,False,zh,0.5559322033898305
deberta_full_klu_heatn_t=0.6_alpha_0.1,0.5704245019549432,0.6159523000750179,0.616501499402543,False,zh,0.5559322033898305
deberta_full_klu_heatn_t=0.6_alpha_0.2,0.5710296034258052,0.6155544765576615,0.6161050244394828,False,zh,0.5559322033898305
deberta_full_klu_heatn_t=0.6_alpha_0.3,0.5708434183578477,0.61553479965811,0.6160854142412856,False,zh,0.5559322033898305
deberta_full_klu_heatn_t=0.6_alpha_0.4,0.5716347048966672,0.6177646456919534,0.6183077014750143,False,zh,0.5559322033898305
deberta_full_klu_heatn_t=0.6_alpha_0.5,0.5716812511636566,0.6175733505570318,0.6181170547981771,False,zh,0.5559322033898305
deberta_full_klu_heatn_t=0.6_alpha_0.6,0.5715416123626885,0.6164275921988837,0.6169751803666668,False,zh,0.5559322033898305
deberta_full_klu_heatn_t=0.6_alpha_0.7,0.5710296034258052,0.6147348555103,0.615288181768553,False,zh,0.5559322033898305
deberta_full_klu_heatn_t=0.6_alpha_0.8,0.5709830571588159,0.6150827365737237,0.6156348835741345,False,zh,0.5559322033898305
deberta_full_klu_heatn_t=0.6_alpha_0.9,0.5711692422267735,0.6173531574650329,0.6178976081234393,False,zh,0.5559322033898305
deberta_full_klu_heatn_t=0.6_alpha_1.0,0.5,0.5639064504003275,0.5646320763369193,False,zh,0.5559322033898305
deberta_full_klu_heat_t=0.7_alpha_0.0,0.5705641407559114,0.6160641155226249,0.6166129358147344,False,zh,0.5559322033898305
deberta_full_klu_heat_t=0.7_alpha_0.1,0.5707968720908584,0.6158236530606125,0.6163732884797118,False,zh,0.5559322033898305
deberta_full_klu_heat_t=0.7_alpha_0.2,0.5703779556879538,0.6166672117504345,0.6172139876485514,False,zh,0.5559322033898305
deberta_full_klu_heat_t=0.7_alpha_0.3,0.5709365108918264,0.6146083043614451,0.6151620596066433,False,zh,0.5559322033898305
deberta_full_klu_heat_t=0.7_alpha_0.4,0.5702383168869857,0.6139953896026047,0.6145512225249514,False,zh,0.5559322033898305
deberta_full_klu_heat_t=0.7_alpha_0.5,0.5702383168869857,0.613882259428338,0.614438475842801,False,zh,0.5559322033898305
deberta_full_klu_heat_t=0.7_alpha_0.6,0.5704710482219326,0.6144479358109542,0.6150022346783575,False,zh,0.5559322033898305
deberta_full_klu_heat_t=0.7_alpha_0.7,0.5704245019549432,0.6164592383904924,0.6170067192830497,False,zh,0.5559322033898305
deberta_full_klu_heat_t=0.7_alpha_0.8,0.5703314094209645,0.615418452079425,0.6159694610611725,False,zh,0.5559322033898305
deberta_full_klu_heat_t=0.7_alpha_0.9,0.5694004840811767,0.6146948468703125,0.6152483087510738,False,zh,0.5559322033898305
deberta_full_klu_heat_t=0.7_alpha_1.0,0.5,0.5639064504003275,0.5646320763369193,False,zh,0.5559322033898305
deberta_full_klu_heatn_t=0.7_alpha_0.0,0.5705641407559114,0.6160641155226249,0.6166129358147344,False,zh,0.5559322033898305
deberta_full_klu_heatn_t=0.7_alpha_0.1,0.5704245019549432,0.615916879217256,0.6164661986154855,False,zh,0.5559322033898305
deberta_full_klu_heatn_t=0.7_alpha_0.2,0.5710296034258053,0.6154929993436421,0.6160437556227989,False,zh,0.5559322033898305
deberta_full_klu_heatn_t=0.7_alpha_0.3,0.5705641407559114,0.6152453131859041,0.6157969090791551,False,zh,0.5559322033898305
deberta_full_klu_heatn_t=0.7_alpha_0.4,0.5716812511636566,0.6178792386200345,0.6184219059524918,False,zh,0.5559322033898305
deberta_full_klu_heatn_t=0.7_alpha_0.5,0.5718208899646249,0.6176673193948561,0.6182107050975681,False,zh,0.5559322033898305
deberta_full_klu_heatn_t=0.7_alpha_0.6,0.571355427294731,0.6170676000380422,0.6176130186877264,False,zh,0.5559322033898305
deberta_full_klu_heatn_t=0.7_alpha_0.7,0.5708434183578477,0.6165706250245844,0.6171177283353313,False,zh,0.5559322033898305
deberta_full_klu_heatn_t=0.7_alpha_0.8,0.5707968720908583,0.6148451683740157,0.6153981206903576,False,zh,0.5559322033898305
deberta_full_klu_heatn_t=0.7_alpha_0.9,0.5709830571588158,0.6171556048241208,0.6177007251524964,False,zh,0.5559322033898305
deberta_full_klu_heatn_t=0.7_alpha_1.0,0.5,0.5639064504003275,0.5646320763369193,False,zh,0.5559322033898305
deberta_full_klu_matern_kappa=1.0_nu=1.0_alpha_0.0,0.5705641407559114,0.6160641155226249,0.6166129358147344,False,zh,0.5559322033898305
deberta_full_klu_matern_kappa=1.0_nu=1.0_alpha_0.1,0.5706572332898902,0.616120192811816,0.6166688230114196,False,zh,0.5559322033898305
deberta_full_klu_matern_kappa=1.0_nu=1.0_alpha_0.2,0.5709830571588159,0.6165263820124115,0.6170736352994708,False,zh,0.5559322033898305
deberta_full_klu_matern_kappa=1.0_nu=1.0_alpha_0.3,0.5709830571588159,0.6154972212126413,0.6160479631803777,False,zh,0.5559322033898305
deberta_full_klu_matern_kappa=1.0_nu=1.0_alpha_0.4,0.5710296034258053,0.615682091854168,0.6162322071417637,False,zh,0.5559322033898305
deberta_full_klu_matern_kappa=1.0_nu=1.0_alpha_0.5,0.5713088810277416,0.6153770565380626,0.615928205843679,False,zh,0.5559322033898305
deberta_full_klu_matern_kappa=1.0_nu=1.0_alpha_0.6,0.5710296034258053,0.617010911883469,0.6175565226963892,False,zh,0.5559322033898305
deberta_full_klu_matern_kappa=1.0_nu=1.0_alpha_0.7,0.5703314094209645,0.6164948152118244,0.6170421755049874,False,zh,0.5559322033898305
deberta_full_klu_matern_kappa=1.0_nu=1.0_alpha_0.8,0.5710761496927946,0.6161484804488202,0.616697014758129,False,zh,0.5559322033898305
deberta_full_klu_matern_kappa=1.0_nu=1.0_alpha_0.9,0.5702848631539751,0.616212772771767,0.616761089140998,False,zh,0.5559322033898305
deberta_full_klu_matern_kappa=1.0_nu=1.0_alpha_1.0,0.5,0.5639064504003275,0.5646320763369193,False,zh,0.5559322033898305
deberta_full_klu_maternn_kappa=1.0_nu=1.0_alpha_0.0,0.5705641407559114,0.6160641155226249,0.6166129358147344,False,zh,0.5559322033898305
deberta_full_klu_maternn_kappa=1.0_nu=1.0_alpha_0.1,0.5705641407559114,0.6161766564733615,0.6167250952707227,False,zh,0.5559322033898305
deberta_full_klu_maternn_kappa=1.0_nu=1.0_alpha_0.2,0.5709830571588159,0.6156508379614671,0.6162010591944619,False,zh,0.5559322033898305
deberta_full_klu_maternn_kappa=1.0_nu=1.0_alpha_0.3,0.5708434183578477,0.6151478035014442,0.6156997299359983,False,zh,0.5559322033898305
deberta_full_klu_maternn_kappa=1.0_nu=1.0_alpha_0.4,0.5717277974306461,0.6157334295073323,0.6162833707689852,False,zh,0.5559322033898305
deberta_full_klu_maternn_kappa=1.0_nu=1.0_alpha_0.5,0.5714019735617203,0.6164025945329666,0.6169502674386003,False,zh,0.5559322033898305
deberta_full_klu_maternn_kappa=1.0_nu=1.0_alpha_0.6,0.5712157884937629,0.6164171844563662,0.6169648079046324,False,zh,0.5559322033898305
deberta_full_klu_maternn_kappa=1.0_nu=1.0_alpha_0.7,0.5710296034258052,0.6166000136338978,0.6171470173222403,False,zh,0.5559322033898305
deberta_full_klu_maternn_kappa=1.0_nu=1.0_alpha_0.8,0.5709830571588159,0.6172490335052612,0.617793837126243,False,zh,0.5559322033898305
deberta_full_klu_maternn_kappa=1.0_nu=1.0_alpha_0.9,0.5708434183578477,0.6153041871780389,0.6158555834984352,False,zh,0.5559322033898305
deberta_full_klu_maternn_kappa=1.0_nu=1.0_alpha_1.0,0.5,0.5639064504003275,0.5646320763369193,False,zh,0.5559322033898305
deberta_full_klu_matern_kappa=1.0_nu=2.0_alpha_0.0,0.5705641407559114,0.6160641155226249,0.6166129358147344,False,zh,0.5559322033898305
deberta_full_klu_matern_kappa=1.0_nu=2.0_alpha_0.1,0.5705641407559114,0.6160941247359364,0.6166428433018991,False,zh,0.5559322033898305
deberta_full_klu_matern_kappa=1.0_nu=2.0_alpha_0.2,0.5710761496927946,0.6167517225512625,0.6172982119720886,False,zh,0.5559322033898305
deberta_full_klu_matern_kappa=1.0_nu=2.0_alpha_0.3,0.5716347048966673,0.615515182643034,0.6160658637245657,False,zh,0.5559322033898305
deberta_full_klu_matern_kappa=1.0_nu=2.0_alpha_0.4,0.571355427294731,0.6172924220108802,0.617837078552182,False,zh,0.5559322033898305
deberta_full_klu_matern_kappa=1.0_nu=2.0_alpha_0.5,0.5706106870229009,0.6168703451090438,0.6174164324195044,False,zh,0.5559322033898305
deberta_full_klu_matern_kappa=1.0_nu=2.0_alpha_0.6,0.5704245019549432,0.616462579354743,0.6170100489219978,False,zh,0.5559322033898305
deberta_full_klu_matern_kappa=1.0_nu=2.0_alpha_0.7,0.5700986780860177,0.6157725399135537,0.6163223485975584,False,zh,0.5559322033898305
deberta_full_klu_matern_kappa=1.0_nu=2.0_alpha_0.8,0.5696332154161236,0.615313494280501,0.6158648590513973,False,zh,0.5559322033898305
deberta_full_klu_matern_kappa=1.0_nu=2.0_alpha_0.9,0.5700521318190281,0.6160761451593133,0.6166249246729933,False,zh,0.5559322033898305
deberta_full_klu_matern_kappa=1.0_nu=2.0_alpha_1.0,0.5,0.5639064504003275,0.5646320763369193,False,zh,0.5559322033898305
deberta_full_klu_maternn_kappa=1.0_nu=2.0_alpha_0.0,0.5705641407559114,0.6160641155226249,0.6166129358147344,False,zh,0.5559322033898305
deberta_full_klu_maternn_kappa=1.0_nu=2.0_alpha_0.1,0.5704710482219326,0.6161476861849127,0.6166962231866414,False,zh,0.5559322033898305
deberta_full_klu_maternn_kappa=1.0_nu=2.0_alpha_0.2,0.5709830571588159,0.6156491364608285,0.6161993634616221,False,zh,0.5559322033898305
deberta_full_klu_maternn_kappa=1.0_nu=2.0_alpha_0.3,0.5710761496927946,0.615353985656258,0.6159052131682534,False,zh,0.5559322033898305
deberta_full_klu_maternn_kappa=1.0_nu=2.0_alpha_0.4,0.5718208899646249,0.6155470577165305,0.6160976307469657,False,zh,0.5559322033898305
deberta_full_klu_maternn_kappa=1.0_nu=2.0_alpha_0.5,0.5714019735617204,0.6165824705624975,0.6171295337188786,False,zh,0.5559322033898305
deberta_full_klu_maternn_kappa=1.0_nu=2.0_alpha_0.6,0.5712157884937628,0.6164845698828084,0.6170319649059002,False,zh,0.5559322033898305
deberta_full_klu_maternn_kappa=1.0_nu=2.0_alpha_0.7,0.571122695959784,0.6165936079298874,0.6171406333324807,False,zh,0.5559322033898305
deberta_full_klu_maternn_kappa=1.0_nu=2.0_alpha_0.8,0.5707968720908583,0.6163672032783156,0.6169149961543039,False,zh,0.5559322033898305
deberta_full_klu_maternn_kappa=1.0_nu=2.0_alpha_0.9,0.5710761496927947,0.6154774317567886,0.6160282408074262,False,zh,0.5559322033898305
deberta_full_klu_maternn_kappa=1.0_nu=2.0_alpha_1.0,0.5,0.5639064504003275,0.5646320763369193,False,zh,0.5559322033898305
deberta_full_klu_matern_kappa=1.0_nu=3.0_alpha_0.0,0.5705641407559114,0.6160641155226249,0.6166129358147344,False,zh,0.5559322033898305
deberta_full_klu_matern_kappa=1.0_nu=3.0_alpha_0.1,0.5706572332898902,0.6160454530665376,0.6165943366212101,False,zh,0.5559322033898305
deberta_full_klu_matern_kappa=1.0_nu=3.0_alpha_0.2,0.5705641407559114,0.6166248428533145,0.6171717623748113,False,zh,0.5559322033898305
deberta_full_klu_matern_kappa=1.0_nu=3.0_alpha_0.3,0.5710296034258053,0.6149453281974396,0.6154979409889565,False,zh,0.5559322033898305
deberta_full_klu_matern_kappa=1.0_nu=3.0_alpha_0.4,0.5712157884937629,0.6170702100585386,0.6176156198606958,False,zh,0.5559322033898305
deberta_full_klu_matern_kappa=1.0_nu=3.0_alpha_0.5,0.5710761496927946,0.6159395646812509,0.6164888071796022,False,zh,0.5559322033898305
deberta_full_klu_matern_kappa=1.0_nu=3.0_alpha_0.6,0.5704710482219326,0.6157688791160651,0.6163187002095528,False,zh,0.5559322033898305
deberta_full_klu_matern_kappa=1.0_nu=3.0_alpha_0.7,0.5697263079501024,0.6151628989781728,0.6157147742416192,False,zh,0.5559322033898305
deberta_full_klu_matern_kappa=1.0_nu=3.0_alpha_0.8,0.5696332154161237,0.6154308233346835,0.6159817903799722,False,zh,0.5559322033898305
deberta_full_klu_matern_kappa=1.0_nu=3.0_alpha_0.9,0.5700521318190281,0.6159532964512469,0.6165024924012255,False,zh,0.5559322033898305
deberta_full_klu_matern_kappa=1.0_nu=3.0_alpha_1.0,0.5,0.5639064504003275,0.5646320763369193,False,zh,0.5559322033898305
deberta_full_klu_maternn_kappa=1.0_nu=3.0_alpha_0.0,0.5705641407559114,0.6160641155226249,0.6166129358147344,False,zh,0.5559322033898305
deberta_full_klu_maternn_kappa=1.0_nu=3.0_alpha_0.1,0.5704710482219326,0.6161476861849127,0.6166962231866414,False,zh,0.5559322033898305
deberta_full_klu_maternn_kappa=1.0_nu=3.0_alpha_0.2,0.5709830571588159,0.6156491364608285,0.6161993634616221,False,zh,0.5559322033898305
deberta_full_klu_maternn_kappa=1.0_nu=3.0_alpha_0.3,0.5709830571588159,0.6153092692427999,0.615860648335858,False,zh,0.5559322033898305
deberta_full_klu_maternn_kappa=1.0_nu=3.0_alpha_0.4,0.5718674362316143,0.6157182623915398,0.6162682550671443,False,zh,0.5559322033898305
deberta_full_klu_maternn_kappa=1.0_nu=3.0_alpha_0.5,0.5714950660956992,0.6166346151896873,0.6171815015846203,False,zh,0.5559322033898305
deberta_full_klu_maternn_kappa=1.0_nu=3.0_alpha_0.6,0.5711692422267735,0.6162517585668089,0.6167999427808024,False,zh,0.5559322033898305
deberta_full_klu_maternn_kappa=1.0_nu=3.0_alpha_0.7,0.5711692422267735,0.6164952916677764,0.6170426503458345,False,zh,0.5559322033898305
deberta_full_klu_maternn_kappa=1.0_nu=3.0_alpha_0.8,0.5708899646248371,0.6164226808813911,0.6169702856977081,False,zh,0.5559322033898305
deberta_full_klu_maternn_kappa=1.0_nu=3.0_alpha_0.9,0.5708899646248371,0.6152457744877169,0.6157973688172327,False,zh,0.5559322033898305
deberta_full_klu_maternn_kappa=1.0_nu=3.0_alpha_1.0,0.5,0.5639064504003275,0.5646320763369193,False,zh,0.5559322033898305
deberta_full_klu_matern_kappa=2.0_nu=1.0_alpha_0.0,0.5705641407559114,0.6160641155226249,0.6166129358147344,False,zh,0.5559322033898305
deberta_full_klu_matern_kappa=2.0_nu=1.0_alpha_0.1,0.5707037795568796,0.6160545506057429,0.6166034033212994,False,zh,0.5559322033898305
deberta_full_klu_matern_kappa=2.0_nu=1.0_alpha_0.2,0.5704710482219326,0.6165498726380916,0.6170970462959112,False,zh,0.5559322033898305
deberta_full_klu_matern_kappa=2.0_nu=1.0_alpha_0.3,0.5708899646248371,0.6148697117969324,0.6154225809152306,False,zh,0.5559322033898305
deberta_full_klu_matern_kappa=2.0_nu=1.0_alpha_0.4,0.5712157884937629,0.6168495377342345,0.6173956955781691,False,zh,0.5559322033898305
deberta_full_klu_matern_kappa=2.0_nu=1.0_alpha_0.5,0.5711692422267735,0.6158693468944947,0.6164188274192418,False,zh,0.5559322033898305
deberta_full_klu_matern_kappa=2.0_nu=1.0_alpha_0.6,0.5703779556879539,0.6156126346591351,0.6161629853948494,False,zh,0.5559322033898305
deberta_full_klu_matern_kappa=2.0_nu=1.0_alpha_0.7,0.5698194004840812,0.615202344392149,0.6157540859423278,False,zh,0.5559322033898305
deberta_full_klu_matern_kappa=2.0_nu=1.0_alpha_0.8,0.5696332154161238,0.6154453244522043,0.6159962423411626,False,zh,0.5559322033898305
deberta_full_klu_matern_kappa=2.0_nu=1.0_alpha_0.9,0.5699590392850493,0.6158155516558083,0.6163652145372968,False,zh,0.5559322033898305
deberta_full_klu_matern_kappa=2.0_nu=1.0_alpha_1.0,0.5,0.5639064504003275,0.5646320763369193,False,zh,0.5559322033898305
deberta_full_klu_maternn_kappa=2.0_nu=1.0_alpha_0.0,0.5705641407559114,0.6160641155226249,0.6166129358147344,False,zh,0.5559322033898305
deberta_full_klu_maternn_kappa=2.0_nu=1.0_alpha_0.1,0.5704710482219326,0.6160032824168036,0.6165523089228311,False,zh,0.5559322033898305
deberta_full_klu_maternn_kappa=2.0_nu=1.0_alpha_0.2,0.5709830571588159,0.6166962556454774,0.6172429330897127,False,zh,0.5559322033898305
deberta_full_klu_maternn_kappa=2.0_nu=1.0_alpha_0.3,0.571122695959784,0.6159906366856253,0.616539706058538,False,zh,0.5559322033898305
deberta_full_klu_maternn_kappa=2.0_nu=1.0_alpha_0.4,0.5714950660956991,0.6175932815888834,0.6181369182672088,False,zh,0.5559322033898305
deberta_full_klu_maternn_kappa=2.0_nu=1.0_alpha_0.5,0.5715416123626885,0.6175498035460842,0.6180935876076057,False,zh,0.5559322033898305
deberta_full_klu_maternn_kappa=2.0_nu=1.0_alpha_0.6,0.5713088810277416,0.6152015061321909,0.615753250523929,False,zh,0.5559322033898305
deberta_full_klu_maternn_kappa=2.0_nu=1.0_alpha_0.7,0.5712623347607522,0.6148921784436532,0.6154449714038269,False,zh,0.5559322033898305
deberta_full_klu_maternn_kappa=2.0_nu=1.0_alpha_0.8,0.5710296034258053,0.6167814133385594,0.6173278021126487,False,zh,0.5559322033898305
deberta_full_klu_maternn_kappa=2.0_nu=1.0_alpha_0.9,0.5707037795568796,0.6161512826634985,0.6166998074737745,False,zh,0.5559322033898305
deberta_full_klu_maternn_kappa=2.0_nu=1.0_alpha_1.0,0.5,0.5639064504003275,0.5646320763369193,False,zh,0.5559322033898305
deberta_full_klu_matern_kappa=2.0_nu=2.0_alpha_0.0,0.5705641407559114,0.6160641155226249,0.6166129358147344,False,zh,0.5559322033898305
deberta_full_klu_matern_kappa=2.0_nu=2.0_alpha_0.1,0.5708899646248371,0.6159237292315993,0.616473025409441,False,zh,0.5559322033898305
deberta_full_klu_matern_kappa=2.0_nu=2.0_alpha_0.2,0.5701452243530069,0.6163338138252195,0.6168817198857947,False,zh,0.5559322033898305
deberta_full_klu_matern_kappa=2.0_nu=2.0_alpha_0.3,0.5704710482219326,0.6144961996224902,0.6150503348837526,False,zh,0.5559322033898305
deberta_full_klu_matern_kappa=2.0_nu=2.0_alpha_0.4,0.5700986780860174,0.6141989901992666,0.6147541329500993,False,zh,0.5559322033898305
deberta_full_klu_matern_kappa=2.0_nu=2.0_alpha_0.5,0.5705641407559113,0.6144531738015814,0.6150074549130843,False,zh,0.5559322033898305
deberta_full_klu_matern_kappa=2.0_nu=2.0_alpha_0.6,0.5708899646248371,0.6166309170151968,0.6171778159463144,False,zh,0.5559322033898305
deberta_full_klu_matern_kappa=2.0_nu=2.0_alpha_0.7,0.5702848631539751,0.6155553187905247,0.6161058638173191,False,zh,0.5559322033898305
deberta_full_klu_matern_kappa=2.0_nu=2.0_alpha_0.8,0.5703314094209645,0.6153488607232919,0.6159001056079414,False,zh,0.5559322033898305
deberta_full_klu_matern_kappa=2.0_nu=2.0_alpha_0.9,0.5698194004840812,0.6151967373656066,0.6157484979226551,False,zh,0.5559322033898305
deberta_full_klu_matern_kappa=2.0_nu=2.0_alpha_1.0,0.5,0.5639064504003275,0.5646320763369193,False,zh,0.5559322033898305
deberta_full_klu_maternn_kappa=2.0_nu=2.0_alpha_0.0,0.5705641407559114,0.6160641155226249,0.6166129358147344,False,zh,0.5559322033898305
deberta_full_klu_maternn_kappa=2.0_nu=2.0_alpha_0.1,0.5704710482219326,0.6159607047946256,0.6165098756315758,False,zh,0.5559322033898305
deberta_full_klu_maternn_kappa=2.0_nu=2.0_alpha_0.2,0.5710296034258053,0.6167240009648014,0.6172705843571069,False,zh,0.5559322033898305
deberta_full_klu_maternn_kappa=2.0_nu=2.0_alpha_0.3,0.5709365108918265,0.6156186315168359,0.6161689619242192,False,zh,0.5559322033898305
deberta_full_klu_maternn_kappa=2.0_nu=2.0_alpha_0.4,0.571355427294731,0.61767969361441,0.6182230373706152,False,zh,0.5559322033898305
deberta_full_klu_maternn_kappa=2.0_nu=2.0_alpha_0.5,0.571355427294731,0.6151631688909982,0.6157150432394861,False,zh,0.5559322033898305
deberta_full_klu_maternn_kappa=2.0_nu=2.0_alpha_0.6,0.5714485198287097,0.6154667843312129,0.6160176294748188,False,zh,0.5559322033898305
deberta_full_klu_maternn_kappa=2.0_nu=2.0_alpha_0.7,0.5706572332898903,0.6167370071298599,0.6172835464334703,False,zh,0.5559322033898305
deberta_full_klu_maternn_kappa=2.0_nu=2.0_alpha_0.8,0.5708899646248371,0.6160437923806903,0.6165926815648062,False,zh,0.5559322033898305
deberta_full_klu_maternn_kappa=2.0_nu=2.0_alpha_0.9,0.5704245019549432,0.616205285147819,0.6167536268988261,False,zh,0.5559322033898305
deberta_full_klu_maternn_kappa=2.0_nu=2.0_alpha_1.0,0.5,0.5639064504003275,0.5646320763369193,False,zh,0.5559322033898305
deberta_full_klu_matern_kappa=2.0_nu=3.0_alpha_0.0,0.5705641407559114,0.6160641155226249,0.6166129358147344,False,zh,0.5559322033898305
deberta_full_klu_matern_kappa=2.0_nu=3.0_alpha_0.1,0.5709365108918265,0.6158885412369038,0.6164379566960836,False,zh,0.5559322033898305
deberta_full_klu_matern_kappa=2.0_nu=3.0_alpha_0.2,0.5703314094209644,0.6166378019055115,0.6171846774980179,False,zh,0.5559322033898305
deberta_full_klu_matern_kappa=2.0_nu=3.0_alpha_0.3,0.5705641407559114,0.6144852853980131,0.6150394576566466,False,zh,0.5559322033898305
deberta_full_klu_matern_kappa=2.0_nu=3.0_alpha_0.4,0.5700521318190281,0.6138658892189374,0.6144221611256356,False,zh,0.5559322033898305
deberta_full_klu_matern_kappa=2.0_nu=3.0_alpha_0.5,0.5702848631539751,0.6139875930226375,0.6145434523740689,False,zh,0.5559322033898305
deberta_full_klu_matern_kappa=2.0_nu=3.0_alpha_0.6,0.5703779556879538,0.6143463837831323,0.6149010268946977,False,zh,0.5559322033898305
deberta_full_klu_matern_kappa=2.0_nu=3.0_alpha_0.7,0.5707037795568795,0.6165505628544088,0.6170977341725122,False,zh,0.5559322033898305
deberta_full_klu_matern_kappa=2.0_nu=3.0_alpha_0.8,0.5703314094209645,0.6155017734573796,0.616052499993778,False,zh,0.5559322033898305
deberta_full_klu_matern_kappa=2.0_nu=3.0_alpha_0.9,0.5700986780860176,0.6154399597720448,0.6159908958463596,False,zh,0.5559322033898305
deberta_full_klu_matern_kappa=2.0_nu=3.0_alpha_1.0,0.5,0.5639064504003275,0.5646320763369193,False,zh,0.5559322033898305
deberta_full_klu_maternn_kappa=2.0_nu=3.0_alpha_0.0,0.5705641407559114,0.6160641155226249,0.6166129358147344,False,zh,0.5559322033898305
deberta_full_klu_maternn_kappa=2.0_nu=3.0_alpha_0.1,0.5704710482219326,0.6160111535876827,0.616560153411775,False,zh,0.5559322033898305
deberta_full_klu_maternn_kappa=2.0_nu=3.0_alpha_0.2,0.5710761496927947,0.6166882357305734,0.617234940360961,False,zh,0.5559322033898305
deberta_full_klu_maternn_kappa=2.0_nu=3.0_alpha_0.3,0.5710761496927946,0.6156866203514049,0.6162367202881625,False,zh,0.5559322033898305
deberta_full_klu_maternn_kappa=2.0_nu=3.0_alpha_0.4,0.5711692422267735,0.6156599673850413,0.6162101576708374,False,zh,0.5559322033898305
deberta_full_klu_maternn_kappa=2.0_nu=3.0_alpha_0.5,0.571122695959784,0.6153475206140143,0.6158987700414073,False,zh,0.5559322033898305
deberta_full_klu_maternn_kappa=2.0_nu=3.0_alpha_0.6,0.5714950660956992,0.6171994832196247,0.6177444548076765,False,zh,0.5559322033898305
deberta_full_klu_maternn_kappa=2.0_nu=3.0_alpha_0.7,0.5707037795568796,0.6166581315880093,0.6172049382663377,False,zh,0.5559322033898305
deberta_full_klu_maternn_kappa=2.0_nu=3.0_alpha_0.8,0.5712157884937629,0.6162419621761095,0.616790179598207,False,zh,0.5559322033898305
deberta_full_klu_maternn_kappa=2.0_nu=3.0_alpha_0.9,0.570284863153975,0.6161954687619602,0.6167438437888515,False,zh,0.5559322033898305
deberta_full_klu_maternn_kappa=2.0_nu=3.0_alpha_1.0,0.5,0.5639064504003275,0.5646320763369193,False,zh,0.5559322033898305
deberta_full_klu_matern_kappa=3.0_nu=1.0_alpha_0.0,0.5705641407559114,0.6160641155226249,0.6166129358147344,False,zh,0.5559322033898305
deberta_full_klu_matern_kappa=3.0_nu=1.0_alpha_0.1,0.5709830571588158,0.6160537589172737,0.61660261431652,False,zh,0.5559322033898305
deberta_full_klu_matern_kappa=3.0_nu=1.0_alpha_0.2,0.5703314094209644,0.6161210529451775,0.6166696802290748,False,zh,0.5559322033898305
deberta_full_klu_matern_kappa=3.0_nu=1.0_alpha_0.3,0.5706106870229009,0.614185594894076,0.6147407830527228,False,zh,0.5559322033898305
deberta_full_klu_matern_kappa=3.0_nu=1.0_alpha_0.4,0.5707968720908583,0.6148130185271335,0.6153660798260073,False,zh,0.5559322033898305
deberta_full_klu_matern_kappa=3.0_nu=1.0_alpha_0.5,0.5708899646248371,0.6165445125302216,0.6170917043578984,False,zh,0.5559322033898305
deberta_full_klu_matern_kappa=3.0_nu=1.0_alpha_0.6,0.5707503258238689,0.6166595540467836,0.617206355903218,False,zh,0.5559322033898305
deberta_full_klu_matern_kappa=3.0_nu=1.0_alpha_0.7,0.570517594488922,0.6153314163614461,0.6158827203795255,False,zh,0.5559322033898305
deberta_full_klu_matern_kappa=3.0_nu=1.0_alpha_0.8,0.5698194004840812,0.6151866449473616,0.6157384397159973,False,zh,0.5559322033898305
deberta_full_klu_matern_kappa=3.0_nu=1.0_alpha_0.9,0.5701452243530069,0.6160353512461553,0.6165842690442866,False,zh,0.5559322033898305
deberta_full_klu_matern_kappa=3.0_nu=1.0_alpha_1.0,0.5,0.5639064504003275,0.5646320763369193,False,zh,0.5559322033898305
deberta_full_klu_maternn_kappa=3.0_nu=1.0_alpha_0.0,0.5705641407559114,0.6160641155226249,0.6166129358147344,False,zh,0.5559322033898305
deberta_full_klu_maternn_kappa=3.0_nu=1.0_alpha_0.1,0.5706572332898902,0.616120192811816,0.6166688230114196,False,zh,0.5559322033898305
deberta_full_klu_maternn_kappa=3.0_nu=1.0_alpha_0.2,0.5709830571588159,0.6165263820124115,0.6170736352994708,False,zh,0.5559322033898305
deberta_full_klu_maternn_kappa=3.0_nu=1.0_alpha_0.3,0.5709830571588159,0.6154972212126413,0.6160479631803777,False,zh,0.5559322033898305
deberta_full_klu_maternn_kappa=3.0_nu=1.0_alpha_0.4,0.5710296034258053,0.615682091854168,0.6162322071417637,False,zh,0.5559322033898305
deberta_full_klu_maternn_kappa=3.0_nu=1.0_alpha_0.5,0.5713088810277416,0.6153770565380626,0.615928205843679,False,zh,0.5559322033898305
deberta_full_klu_maternn_kappa=3.0_nu=1.0_alpha_0.6,0.5710296034258053,0.617010911883469,0.6175565226963892,False,zh,0.5559322033898305
deberta_full_klu_maternn_kappa=3.0_nu=1.0_alpha_0.7,0.5703314094209645,0.6164948152118244,0.6170421755049874,False,zh,0.5559322033898305
deberta_full_klu_maternn_kappa=3.0_nu=1.0_alpha_0.8,0.5710761496927946,0.6161484804488202,0.616697014758129,False,zh,0.5559322033898305
deberta_full_klu_maternn_kappa=3.0_nu=1.0_alpha_0.9,0.5702848631539751,0.616212772771767,0.616761089140998,False,zh,0.5559322033898305
deberta_full_klu_maternn_kappa=3.0_nu=1.0_alpha_1.0,0.5,0.5639064504003275,0.5646320763369193,False,zh,0.5559322033898305
deberta_full_klu_matern_kappa=3.0_nu=2.0_alpha_0.0,0.5705641407559114,0.6160641155226249,0.6166129358147344,False,zh,0.5559322033898305
deberta_full_klu_matern_kappa=3.0_nu=2.0_alpha_0.1,0.5708899646248371,0.615869644789436,0.6164191243043698,False,zh,0.5559322033898305
deberta_full_klu_matern_kappa=3.0_nu=2.0_alpha_0.2,0.5703314094209644,0.6166378019055115,0.6171846774980179,False,zh,0.5559322033898305
deberta_full_klu_matern_kappa=3.0_nu=2.0_alpha_0.3,0.5706572332898902,0.6145145587977761,0.615068631824546,False,zh,0.5559322033898305
deberta_full_klu_matern_kappa=3.0_nu=2.0_alpha_0.4,0.5700986780860174,0.613868964031482,0.6144252255150868,False,zh,0.5559322033898305
deberta_full_klu_matern_kappa=3.0_nu=2.0_alpha_0.5,0.5701917706199963,0.6138354523943064,0.6143918274766813,False,zh,0.5559322033898305
deberta_full_klu_matern_kappa=3.0_nu=2.0_alpha_0.6,0.5704710482219326,0.614421753419895,0.6149761410411663,False,zh,0.5559322033898305
deberta_full_klu_matern_kappa=3.0_nu=2.0_alpha_0.7,0.5706572332898902,0.6165209858061982,0.6170682573854821,False,zh,0.5559322033898305
deberta_full_klu_matern_kappa=3.0_nu=2.0_alpha_0.8,0.5703779556879539,0.6155412440305845,0.6160918367684297,False,zh,0.5559322033898305
deberta_full_klu_matern_kappa=3.0_nu=2.0_alpha_0.9,0.5699590392850493,0.615279730324209,0.6158312095491945,False,zh,0.5559322033898305
deberta_full_klu_matern_kappa=3.0_nu=2.0_alpha_1.0,0.5,0.5639064504003275,0.5646320763369193,False,zh,0.5559322033898305
deberta_full_klu_maternn_kappa=3.0_nu=2.0_alpha_0.0,0.5705641407559114,0.6160641155226249,0.6166129358147344,False,zh,0.5559322033898305
deberta_full_klu_maternn_kappa=3.0_nu=2.0_alpha_0.1,0.5705641407559114,0.6160941247359364,0.6166428433018991,False,zh,0.5559322033898305
deberta_full_klu_maternn_kappa=3.0_nu=2.0_alpha_0.2,0.5710761496927946,0.6167517225512625,0.6172982119720886,False,zh,0.5559322033898305
deberta_full_klu_maternn_kappa=3.0_nu=2.0_alpha_0.3,0.5716347048966673,0.615515182643034,0.6160658637245657,False,zh,0.5559322033898305
deberta_full_klu_maternn_kappa=3.0_nu=2.0_alpha_0.4,0.571355427294731,0.6172924220108802,0.617837078552182,False,zh,0.5559322033898305
deberta_full_klu_maternn_kappa=3.0_nu=2.0_alpha_0.5,0.5706106870229009,0.6168703451090438,0.6174164324195044,False,zh,0.5559322033898305
deberta_full_klu_maternn_kappa=3.0_nu=2.0_alpha_0.6,0.5704245019549432,0.616462579354743,0.6170100489219978,False,zh,0.5559322033898305
deberta_full_klu_maternn_kappa=3.0_nu=2.0_alpha_0.7,0.5700986780860177,0.6157725399135537,0.6163223485975584,False,zh,0.5559322033898305
deberta_full_klu_maternn_kappa=3.0_nu=2.0_alpha_0.8,0.5696332154161236,0.615313494280501,0.6158648590513973,False,zh,0.5559322033898305
deberta_full_klu_maternn_kappa=3.0_nu=2.0_alpha_0.9,0.5700521318190281,0.6160761451593133,0.6166249246729933,False,zh,0.5559322033898305
deberta_full_klu_maternn_kappa=3.0_nu=2.0_alpha_1.0,0.5,0.5639064504003275,0.5646320763369193,False,zh,0.5559322033898305
deberta_full_klu_matern_kappa=3.0_nu=3.0_alpha_0.0,0.5705641407559114,0.6160641155226249,0.6166129358147344,False,zh,0.5559322033898305
deberta_full_klu_matern_kappa=3.0_nu=3.0_alpha_0.1,0.5708434183578477,0.6158501824382668,0.6163997279272724,False,zh,0.5559322033898305
deberta_full_klu_matern_kappa=3.0_nu=3.0_alpha_0.2,0.570284863153975,0.6166153465756121,0.6171622982878809,False,zh,0.5559322033898305
deberta_full_klu_matern_kappa=3.0_nu=3.0_alpha_0.3,0.5707968720908583,0.6145904101991563,0.6151442261025316,False,zh,0.5559322033898305
deberta_full_klu_matern_kappa=3.0_nu=3.0_alpha_0.4,0.570145224353007,0.6138601629158644,0.6144164542337596,False,zh,0.5559322033898305
deberta_full_klu_matern_kappa=3.0_nu=3.0_alpha_0.5,0.5702848631539751,0.6139460524496984,0.6145020526166314,False,zh,0.5559322033898305
deberta_full_klu_matern_kappa=3.0_nu=3.0_alpha_0.6,0.5703779556879538,0.6141640959766459,0.614719357012979,False,zh,0.5559322033898305
deberta_full_klu_matern_kappa=3.0_nu=3.0_alpha_0.7,0.5707968720908583,0.6167014571311772,0.6172481169432578,False,zh,0.5559322033898305
deberta_full_klu_matern_kappa=3.0_nu=3.0_alpha_0.8,0.5704710482219326,0.615583748256411,0.6161341969121348,False,zh,0.5559322033898305
deberta_full_klu_matern_kappa=3.0_nu=3.0_alpha_0.9,0.5699124930180599,0.6152127396862688,0.6157644459981625,False,zh,0.5559322033898305
deberta_full_klu_matern_kappa=3.0_nu=3.0_alpha_1.0,0.5,0.5639064504003275,0.5646320763369193,False,zh,0.5559322033898305
deberta_full_klu_maternn_kappa=3.0_nu=3.0_alpha_0.0,0.5705641407559114,0.6160641155226249,0.6166129358147344,False,zh,0.5559322033898305
deberta_full_klu_maternn_kappa=3.0_nu=3.0_alpha_0.1,0.5706572332898902,0.6160454530665376,0.6165943366212101,False,zh,0.5559322033898305
deberta_full_klu_maternn_kappa=3.0_nu=3.0_alpha_0.2,0.5705641407559114,0.6166248428533145,0.6171717623748113,False,zh,0.5559322033898305
deberta_full_klu_maternn_kappa=3.0_nu=3.0_alpha_0.3,0.5710296034258053,0.6149453281974396,0.6154979409889565,False,zh,0.5559322033898305
deberta_full_klu_maternn_kappa=3.0_nu=3.0_alpha_0.4,0.5712157884937629,0.6170702100585386,0.6176156198606958,False,zh,0.5559322033898305
deberta_full_klu_maternn_kappa=3.0_nu=3.0_alpha_0.5,0.5710761496927946,0.6159395646812509,0.6164888071796022,False,zh,0.5559322033898305
deberta_full_klu_maternn_kappa=3.0_nu=3.0_alpha_0.6,0.5704710482219326,0.6157688791160651,0.6163187002095528,False,zh,0.5559322033898305
deberta_full_klu_maternn_kappa=3.0_nu=3.0_alpha_0.7,0.5697263079501024,0.6151628989781728,0.6157147742416192,False,zh,0.5559322033898305
deberta_full_klu_maternn_kappa=3.0_nu=3.0_alpha_0.8,0.5696332154161237,0.6154308233346835,0.6159817903799722,False,zh,0.5559322033898305
deberta_full_klu_maternn_kappa=3.0_nu=3.0_alpha_0.9,0.5700521318190281,0.6159532964512469,0.6165024924012255,False,zh,0.5559322033898305
deberta_full_klu_maternn_kappa=3.0_nu=3.0_alpha_1.0,0.5,0.5639064504003275,0.5646320763369193,False,zh,0.5559322033898305
heat_t=0.1_kernel_entropy_s,0.6158657872696818,0.7563964571131598,0.7566706661927532,True,fr,0.6745762711864407
heat_t=0.1_kernel_entropy,0.6158657872696818,0.7563964571131598,0.7566706661927532,True,fr,0.6745762711864407
heatn_t=0.1_kernel_entropy_s,0.4413997068676717,0.6112899727291772,0.6103611529422756,True,fr,0.6745762711864407
heatn_t=0.1_kernel_entropy,0.4413997068676717,0.6112899727291772,0.6103611529422756,True,fr,0.6745762711864407
heat_t=0.2_kernel_entropy_s,0.6161798576214405,0.7572167051693655,0.7574881337470735,True,fr,0.6745762711864407
heat_t=0.2_kernel_entropy,0.6161798576214405,0.7572167051693655,0.7574881337470735,True,fr,0.6745762711864407
heatn_t=0.2_kernel_entropy_s,0.4436243718592966,0.612498196536952,0.6115652810761258,True,fr,0.6745762711864407
heatn_t=0.2_kernel_entropy,0.4436243718592966,0.612498196536952,0.6115652810761258,True,fr,0.6745762711864407
heat_t=0.3_kernel_entropy_s,0.6170697236180904,0.7576470338538364,0.757917003690241,True,fr,0.6745762711864407
heat_t=0.3_kernel_entropy,0.6171220686767169,0.7580596989198627,0.7583282698916368,True,fr,0.6745762711864407
heatn_t=0.3_kernel_entropy_s,0.44456658291457285,0.6124553729040927,0.6115226026081237,True,fr,0.6745762711864407
heatn_t=0.3_kernel_entropy,0.44456658291457285,0.6124553729040927,0.6115226026081237,True,fr,0.6745762711864407
heat_t=0.4_kernel_entropy_s,0.6202104271356784,0.7571736525412849,0.7574452270601049,True,fr,0.6745762711864407
heat_t=0.4_kernel_entropy,0.6202104271356783,0.7572354954602707,0.7575068603420773,True,fr,0.6745762711864407
heatn_t=0.4_kernel_entropy_s,0.44566582914572866,0.6128788466529541,0.6119446408527517,True,fr,0.6745762711864407
heatn_t=0.4_kernel_entropy,0.44566582914572866,0.6128788466529541,0.6119446408527517,True,fr,0.6745762711864407
heat_t=0.5_kernel_entropy_s,0.622749162479062,0.7593885357908319,0.75965260223084,True,fr,0.6745762711864407
heat_t=0.5_kernel_entropy,0.6227229899497488,0.7593208453483182,0.7595851412474535,True,fr,0.6745762711864407
heatn_t=0.5_kernel_entropy_s,0.4476811139028476,0.6148431487170346,0.6139022842657674,True,fr,0.6745762711864407
heatn_t=0.5_kernel_entropy,0.4476811139028476,0.6148431487170346,0.6139022842657674,True,fr,0.6745762711864407
heat_t=0.6_kernel_entropy_s,0.6223304020100503,0.7513823767985117,0.7516735827605276,True,fr,0.6745762711864407
heat_t=0.6_kernel_entropy,0.6223304020100502,0.7513823767985117,0.7516735827605276,True,fr,0.6745762711864407
heatn_t=0.6_kernel_entropy_s,0.4526015494137353,0.6189473494295372,0.6179925724334819,True,fr,0.6745762711864407
heatn_t=0.6_kernel_entropy,0.4526015494137353,0.6189473494295372,0.6179925724334819,True,fr,0.6745762711864407
heat_t=0.7_kernel_entropy_s,0.6230108877721943,0.749123004878195,0.7494218697280766,True,fr,0.6745762711864407
heat_t=0.7_kernel_entropy,0.6230108877721943,0.749123004878195,0.7494218697280766,True,fr,0.6745762711864407
heatn_t=0.7_kernel_entropy_s,0.45705087939698497,0.6262501980485011,0.6252706656333985,True,fr,0.6745762711864407
heatn_t=0.7_kernel_entropy,0.45705087939698497,0.6262501980485011,0.6252706656333985,True,fr,0.6745762711864407
matern_kappa=1.0_nu=1.0_kernel_entropy_s,0.6550460636515912,0.7721732290902605,0.7723939575868809,True,fr,0.6745762711864407
matern_kappa=1.0_nu=1.0_kernel_entropy,0.6550460636515912,0.7721732290902605,0.7723939575868809,True,fr,0.6745762711864407
maternn_kappa=1.0_nu=1.0_kernel_entropy_s,0.4592231993299833,0.6245907857658171,0.6236168784770965,True,fr,0.6745762711864407
maternn_kappa=1.0_nu=1.0_kernel_entropy,0.4592231993299833,0.6245907857658171,0.6236168784770965,True,fr,0.6745762711864407
matern_kappa=1.0_nu=2.0_kernel_entropy_s,0.6373010887772196,0.7640503011999061,0.7642985650453072,True,fr,0.6745762711864407
matern_kappa=1.0_nu=2.0_kernel_entropy,0.6377198492462312,0.7641827257112126,0.7644305406599653,True,fr,0.6745762711864407
maternn_kappa=1.0_nu=2.0_kernel_entropy_s,0.4539101758793969,0.6194198499377574,0.6184634712450642,True,fr,0.6745762711864407
maternn_kappa=1.0_nu=2.0_kernel_entropy,0.4539101758793969,0.6194198499377574,0.6184634712450642,True,fr,0.6745762711864407
matern_kappa=1.0_nu=3.0_kernel_entropy_s,0.632066582914573,0.7606841526202015,0.7609438271387541,True,fr,0.6745762711864407
matern_kappa=1.0_nu=3.0_kernel_entropy,0.6320142378559465,0.7607900950150613,0.7610494104068517,True,fr,0.6745762711864407
maternn_kappa=1.0_nu=3.0_kernel_entropy_s,0.45288944723618096,0.618381312103645,0.6174284538781859,True,fr,0.6745762711864407
maternn_kappa=1.0_nu=3.0_kernel_entropy,0.45288944723618096,0.618381312103645,0.6174284538781859,True,fr,0.6745762711864407
matern_kappa=2.0_nu=1.0_kernel_entropy_s,0.6461212311557789,0.7615025768842905,0.7617594770833037,True,fr,0.6745762711864407
matern_kappa=2.0_nu=1.0_kernel_entropy,0.6461212311557789,0.7615025768842905,0.7617594770833037,True,fr,0.6745762711864407
maternn_kappa=2.0_nu=1.0_kernel_entropy_s,0.5152324120603016,0.6908266925531884,0.6913231720211207,True,fr,0.6745762711864407
maternn_kappa=2.0_nu=1.0_kernel_entropy,0.5152324120603016,0.6908266925531884,0.6913231720211207,True,fr,0.6745762711864407
matern_kappa=2.0_nu=2.0_kernel_entropy_s,0.6219901591289781,0.743395528704645,0.743713808727996,True,fr,0.6745762711864407
matern_kappa=2.0_nu=2.0_kernel_entropy,0.6219639865996649,0.7434573716236307,0.7437754420099683,True,fr,0.6745762711864407
maternn_kappa=2.0_nu=2.0_kernel_entropy_s,0.5251518006700168,0.7091508270472684,0.7095851908050512,True,fr,0.6745762711864407
maternn_kappa=2.0_nu=2.0_kernel_entropy,0.5251518006700168,0.7091508270472684,0.7095851908050512,True,fr,0.6745762711864407
matern_kappa=2.0_nu=3.0_kernel_entropy_s,0.6172791038525963,0.7437404735272839,0.7440575842461514,True,fr,0.6745762711864407
matern_kappa=2.0_nu=3.0_kernel_entropy,0.6172267587939698,0.7436675142706513,0.7439848723090327,True,fr,0.6745762711864407
maternn_kappa=2.0_nu=3.0_kernel_entropy_s,0.5336578726968174,0.7159746117944232,0.7163858440784868,True,fr,0.6745762711864407
maternn_kappa=2.0_nu=3.0_kernel_entropy,0.5336578726968174,0.7159746117944232,0.7163858440784868,True,fr,0.6745762711864407
matern_kappa=3.0_nu=1.0_kernel_entropy_s,0.6278528056951423,0.7497923015967969,0.7500888976442424,True,fr,0.6745762711864407
matern_kappa=3.0_nu=1.0_kernel_entropy,0.6278266331658292,0.7496915150135068,0.7499884527103873,True,fr,0.6745762711864407
maternn_kappa=3.0_nu=1.0_kernel_entropy_s,0.5835950586264657,0.7432248835757178,0.743543742057133,True,fr,0.6745762711864407
maternn_kappa=3.0_nu=1.0_kernel_entropy,0.5834903685092127,0.7432614573450105,0.7435801918475468,True,fr,0.6745762711864407
matern_kappa=3.0_nu=2.0_kernel_entropy_s,0.6033553182579565,0.7389587687146273,0.7392920886023513,True,fr,0.6745762711864407
matern_kappa=3.0_nu=2.0_kernel_entropy,0.6035646984924623,0.7394751438188509,0.7398067132824928,True,fr,0.6745762711864407
maternn_kappa=3.0_nu=2.0_kernel_entropy_s,0.6610657453936348,0.7774722338259001,0.777674999594603,True,fr,0.6745762711864407
maternn_kappa=3.0_nu=2.0_kernel_entropy,0.6611180904522613,0.7774722338259001,0.777674999594603,True,fr,0.6745762711864407
matern_kappa=3.0_nu=3.0_kernel_entropy_s,0.5896409128978224,0.7312497887728007,0.7316092407959207,True,fr,0.6745762711864407
matern_kappa=3.0_nu=3.0_kernel_entropy,0.5896147403685092,0.7309929908969551,0.7313533134213492,True,fr,0.6745762711864407
maternn_kappa=3.0_nu=3.0_kernel_entropy_s,0.6709327889447236,0.7777476842637862,0.7779495163021911,True,fr,0.6745762711864407
maternn_kappa=3.0_nu=3.0_kernel_entropy,0.6709589614740368,0.7777476842637862,0.7779495163021911,True,fr,0.6745762711864407
weighted_heat_t=0.1_kernel_entropy_s,0.6530569514237856,0.769489598087163,0.7697194236380309,True,fr,0.6745762711864407
weighted_heat_t=0.1_kernel_entropy,0.6530569514237856,0.769489598087163,0.7697194236380309,True,fr,0.6745762711864407
weighted_heatn_t=0.1_kernel_entropy_s,0.40967860134003353,0.6053238868620533,0.6044152910950402,True,fr,0.6745762711864407
weighted_heatn_t=0.1_kernel_entropy,0.40967860134003353,0.6053238868620533,0.6044152910950402,True,fr,0.6745762711864407
weighted_heat_t=0.2_kernel_entropy_s,0.6478224455611391,0.7670882466929594,0.767326212418045,True,fr,0.6745762711864407
weighted_heat_t=0.2_kernel_entropy,0.6478224455611391,0.7670882466929594,0.767326212418045,True,fr,0.6745762711864407
weighted_heatn_t=0.2_kernel_entropy_s,0.41035908710217756,0.6057975447409685,0.604887343354027,True,fr,0.6745762711864407
weighted_heatn_t=0.2_kernel_entropy,0.41035908710217756,0.6057975447409685,0.604887343354027,True,fr,0.6745762711864407
weighted_heat_t=0.3_kernel_entropy_s,0.6403632747068677,0.7610883579281795,0.7613466622592476,True,fr,0.6745762711864407
weighted_heat_t=0.3_kernel_entropy,0.6404417922948075,0.7615929553715526,0.7618495492028126,True,fr,0.6745762711864407
weighted_heatn_t=0.3_kernel_entropy_s,0.41059463986599665,0.6062527687756771,0.6053410242564146,True,fr,0.6745762711864407
weighted_heatn_t=0.3_kernel_entropy,0.41059463986599665,0.6062527687756771,0.6053410242564146,True,fr,0.6745762711864407
weighted_heat_t=0.4_kernel_entropy_s,0.6286641541038526,0.7532599010712517,0.7535447425442076,True,fr,0.6745762711864407
weighted_heat_t=0.4_kernel_entropy,0.6286641541038526,0.7532599010712517,0.7535447425442076,True,fr,0.6745762711864407
weighted_heatn_t=0.4_kernel_entropy_s,0.41187709380234505,0.6078665603886088,0.6086442606435397,True,fr,0.6745762711864407
weighted_heatn_t=0.4_kernel_entropy,0.41187709380234505,0.6078665603886088,0.6086442606435397,True,fr,0.6745762711864407
weighted_heat_t=0.5_kernel_entropy_s,0.6129082914572864,0.7426034483340238,0.7429244133755802,True,fr,0.6745762711864407
weighted_heat_t=0.5_kernel_entropy,0.6129082914572864,0.7426034483340238,0.7429244133755802,True,fr,0.6745762711864407
weighted_heatn_t=0.5_kernel_entropy_s,0.41260992462311563,0.6084951274463686,0.6092706969655105,True,fr,0.6745762711864407
weighted_heatn_t=0.5_kernel_entropy,0.41260992462311563,0.6084951274463686,0.6092706969655105,True,fr,0.6745762711864407
weighted_heat_t=0.6_kernel_entropy_s,0.6050827051926299,0.7374031061786528,0.7377416994987022,True,fr,0.6745762711864407
weighted_heat_t=0.6_kernel_entropy,0.6050827051926299,0.7374031061786528,0.7377416994987022,True,fr,0.6745762711864407
weighted_heatn_t=0.6_kernel_entropy_s,0.41363065326633164,0.6100223547478375,0.6107927472252794,True,fr,0.6745762711864407
weighted_heatn_t=0.6_kernel_entropy,0.41363065326633164,0.6100223547478375,0.6107927472252794,True,fr,0.6745762711864407
weighted_heat_t=0.7_kernel_entropy_s,0.5976235343383585,0.7354287296120952,0.735774015734065,True,fr,0.6745762711864407
weighted_heat_t=0.7_kernel_entropy,0.5976235343383585,0.7354287296120952,0.735774015734065,True,fr,0.6745762711864407
weighted_heatn_t=0.7_kernel_entropy_s,0.4141541038525963,0.6093556921982393,0.6101283445487307,True,fr,0.6745762711864407
weighted_heatn_t=0.7_kernel_entropy,0.4141541038525963,0.6093556921982393,0.6101283445487307,True,fr,0.6745762711864407
weighted_matern_kappa=1.0_nu=1.0_kernel_entropy_s,0.6432684254606365,0.7627849582189845,0.7630375113626261,True,fr,0.6745762711864407
weighted_matern_kappa=1.0_nu=1.0_kernel_entropy,0.6432684254606365,0.7627849582189845,0.7630375113626261,True,fr,0.6745762711864407
weighted_maternn_kappa=1.0_nu=1.0_kernel_entropy_s,0.4139185510887773,0.609826947879323,0.6105980027529293,True,fr,0.6745762711864407
weighted_maternn_kappa=1.0_nu=1.0_kernel_entropy,0.4139185510887773,0.609826947879323,0.6105980027529293,True,fr,0.6745762711864407
weighted_matern_kappa=1.0_nu=2.0_kernel_entropy_s,0.6418027638190956,0.7613944094729671,0.7616516763411714,True,fr,0.6745762711864407
weighted_matern_kappa=1.0_nu=2.0_kernel_entropy,0.6418027638190956,0.7613944094729671,0.7616516763411714,True,fr,0.6745762711864407
weighted_maternn_kappa=1.0_nu=2.0_kernel_entropy_s,0.4133427554438861,0.6098240004828608,0.6105950653476417,True,fr,0.6745762711864407
weighted_maternn_kappa=1.0_nu=2.0_kernel_entropy,0.4133427554438861,0.6098240004828608,0.6105950653476417,True,fr,0.6745762711864407
weighted_matern_kappa=1.0_nu=3.0_kernel_entropy_s,0.6403109296482411,0.7611838023624959,0.7614417831531087,True,fr,0.6745762711864407
weighted_matern_kappa=1.0_nu=3.0_kernel_entropy,0.6403109296482411,0.7611838023624959,0.7614417831531087,True,fr,0.6745762711864407
weighted_maternn_kappa=1.0_nu=3.0_kernel_entropy_s,0.4141541038525963,0.6099384259160923,0.6107091028980487,True,fr,0.6745762711864407
weighted_maternn_kappa=1.0_nu=3.0_kernel_entropy,0.4141541038525963,0.6099384259160923,0.6107091028980487,True,fr,0.6745762711864407
weighted_matern_kappa=2.0_nu=1.0_kernel_entropy_s,0.6352072864321608,0.7576445526376174,0.7579145308849246,True,fr,0.6745762711864407
weighted_matern_kappa=2.0_nu=1.0_kernel_entropy,0.6352072864321608,0.7576445526376174,0.7579145308849246,True,fr,0.6745762711864407
weighted_maternn_kappa=2.0_nu=1.0_kernel_entropy_s,0.4407715661641541,0.6222186789064181,0.6212528126578987,True,fr,0.6745762711864407
weighted_maternn_kappa=2.0_nu=1.0_kernel_entropy,0.4407715661641541,0.6222186789064181,0.6212528126578987,True,fr,0.6745762711864407
weighted_matern_kappa=2.0_nu=2.0_kernel_entropy_s,0.6173052763819096,0.7468665406173222,0.7471730544985965,True,fr,0.6745762711864407
weighted_matern_kappa=2.0_nu=2.0_kernel_entropy,0.6173052763819096,0.7468665406173222,0.7471730544985965,True,fr,0.6745762711864407
weighted_maternn_kappa=2.0_nu=2.0_kernel_entropy_s,0.45113588777219427,0.626688351431431,0.6257073337506235,True,fr,0.6745762711864407
weighted_maternn_kappa=2.0_nu=2.0_kernel_entropy,0.45113588777219427,0.626688351431431,0.6257073337506235,True,fr,0.6745762711864407
weighted_matern_kappa=2.0_nu=3.0_kernel_entropy_s,0.6041143216080402,0.7420003673555992,0.7423233767394555,True,fr,0.6745762711864407
weighted_matern_kappa=2.0_nu=3.0_kernel_entropy,0.6041143216080402,0.7420003673555992,0.7423233767394555,True,fr,0.6745762711864407
weighted_maternn_kappa=2.0_nu=3.0_kernel_entropy_s,0.457286432160804,0.6286612048642285,0.6276734995446658,True,fr,0.6745762711864407
weighted_maternn_kappa=2.0_nu=3.0_kernel_entropy,0.457286432160804,0.6286612048642285,0.6276734995446658,True,fr,0.6745762711864407
weighted_matern_kappa=3.0_nu=1.0_kernel_entropy_s,0.6253925879396985,0.7512382952935199,0.7515299896674174,True,fr,0.6745762711864407
weighted_matern_kappa=3.0_nu=1.0_kernel_entropy,0.6253925879396985,0.7512382952935199,0.7515299896674174,True,fr,0.6745762711864407
weighted_maternn_kappa=3.0_nu=1.0_kernel_entropy_s,0.5153109296482412,0.651167180200822,0.6501031834394404,True,fr,0.6745762711864407
weighted_maternn_kappa=3.0_nu=1.0_kernel_entropy,0.5153109296482412,0.6509716480336367,0.6499083140931609,True,fr,0.6745762711864407
weighted_matern_kappa=3.0_nu=2.0_kernel_entropy_s,0.6031721105527638,0.7409399177452478,0.7412665218735461,True,fr,0.6745762711864407
weighted_matern_kappa=3.0_nu=2.0_kernel_entropy,0.6031721105527638,0.7409399177452478,0.7412665218735461,True,fr,0.6745762711864407
weighted_maternn_kappa=3.0_nu=2.0_kernel_entropy_s,0.5366677135678393,0.6719136807245298,0.6707793568427288,True,fr,0.6745762711864407
weighted_maternn_kappa=3.0_nu=2.0_kernel_entropy,0.5366677135678393,0.6719136807245298,0.6707793568427288,True,fr,0.6745762711864407
weighted_matern_kappa=3.0_nu=3.0_kernel_entropy_s,0.5956344221105527,0.742171697548818,0.7424941261523581,True,fr,0.6745762711864407
weighted_matern_kappa=3.0_nu=3.0_kernel_entropy,0.5956344221105527,0.742171697548818,0.7424941261523581,True,fr,0.6745762711864407
weighted_maternn_kappa=3.0_nu=3.0_kernel_entropy_s,0.5560615577889447,0.6980649602434255,0.6968419879564757,True,fr,0.6745762711864407
weighted_maternn_kappa=3.0_nu=3.0_kernel_entropy,0.5560615577889447,0.6980649602434255,0.6968419879564757,True,fr,0.6745762711864407
weighted_deberta_heat_t=0.1_kernel_entropy_s,0.6548366834170853,0.7654397824128436,0.7656833361524382,True,fr,0.6745762711864407
weighted_deberta_heat_t=0.1_kernel_entropy,0.6548366834170853,0.7654397824128436,0.7656833361524382,True,fr,0.6745762711864407
weighted_deberta_heatn_t=0.1_kernel_entropy_s,0.429177135678392,0.615152648131392,0.6142107345295678,True,fr,0.6745762711864407
weighted_deberta_heatn_t=0.1_kernel_entropy,0.429177135678392,0.615152648131392,0.6142107345295678,True,fr,0.6745762711864407
weighted_deberta_heat_t=0.2_kernel_entropy_s,0.6528999162479062,0.766114551178043,0.7663558175658911,True,fr,0.6745762711864407
weighted_deberta_heat_t=0.2_kernel_entropy,0.6528999162479062,0.766114551178043,0.7663558175658911,True,fr,0.6745762711864407
weighted_deberta_heatn_t=0.2_kernel_entropy_s,0.43085217755443894,0.6165989222386562,0.6156521060127395,True,fr,0.6745762711864407
weighted_deberta_heatn_t=0.2_kernel_entropy,0.43085217755443894,0.6165989222386562,0.6156521060127395,True,fr,0.6745762711864407
weighted_deberta_heat_t=0.3_kernel_entropy_s,0.6505967336683417,0.7658751157385011,0.7661171937719069,True,fr,0.6745762711864407
weighted_deberta_heat_t=0.3_kernel_entropy,0.6505967336683417,0.7658751157385011,0.7661171937719069,True,fr,0.6745762711864407
weighted_deberta_heatn_t=0.3_kernel_entropy_s,0.4323178391959799,0.6183829397986762,0.6174300760556068,True,fr,0.6745762711864407
weighted_deberta_heatn_t=0.3_kernel_entropy,0.4323178391959799,0.6183829397986762,0.6174300760556068,True,fr,0.6745762711864407
weighted_deberta_heat_t=0.4_kernel_entropy_s,0.645676298157454,0.7623118295490939,0.7625659865187351,True,fr,0.6745762711864407
weighted_deberta_heat_t=0.4_kernel_entropy,0.645676298157454,0.7623118295490939,0.7625659865187351,True,fr,0.6745762711864407
weighted_deberta_heatn_t=0.4_kernel_entropy_s,0.4348304020100503,0.6202276431415301,0.6192685261667902,True,fr,0.6745762711864407
weighted_deberta_heatn_t=0.4_kernel_entropy,0.4348304020100503,0.6202276431415301,0.6192685261667902,True,fr,0.6745762711864407
weighted_deberta_heat_t=0.5_kernel_entropy_s,0.6434254606365158,0.7627632572014593,0.763015883907872,True,fr,0.6745762711864407
weighted_deberta_heat_t=0.5_kernel_entropy,0.6434254606365158,0.7627632572014593,0.763015883907872,True,fr,0.6745762711864407
weighted_deberta_heatn_t=0.5_kernel_entropy_s,0.43786641541038535,0.6230503281487545,0.6220816427502612,True,fr,0.6745762711864407
weighted_deberta_heatn_t=0.5_kernel_entropy,0.43786641541038535,0.6230503281487545,0.6220816427502612,True,fr,0.6745762711864407
weighted_deberta_heat_t=0.6_kernel_entropy_s,0.6370917085427135,0.755165587961224,0.7554439694786207,True,fr,0.6745762711864407
weighted_deberta_heat_t=0.6_kernel_entropy,0.6370917085427135,0.755165587961224,0.7554439694786207,True,fr,0.6745762711864407
weighted_deberta_heatn_t=0.6_kernel_entropy_s,0.4402742881072027,0.6257823296357619,0.6248043832152785,True,fr,0.6745762711864407
weighted_deberta_heatn_t=0.6_kernel_entropy,0.4402742881072027,0.6257823296357619,0.6248043832152785,True,fr,0.6745762711864407
weighted_deberta_heat_t=0.7_kernel_entropy_s,0.6340556951423785,0.7512491514197353,0.7515408089932046,True,fr,0.6745762711864407
weighted_deberta_heat_t=0.7_kernel_entropy,0.6340556951423785,0.7512491514197353,0.7515408089932046,True,fr,0.6745762711864407
weighted_deberta_heatn_t=0.7_kernel_entropy_s,0.442786850921273,0.6277516780190713,0.6267670558413566,True,fr,0.6745762711864407
weighted_deberta_heatn_t=0.7_kernel_entropy,0.442786850921273,0.6277516780190713,0.6267670558413566,True,fr,0.6745762711864407
weighted_deberta_matern_kappa=1.0_nu=1.0_kernel_entropy_s,0.6526381909547739,0.7670773779890236,0.7673153805571735,True,fr,0.6745762711864407
weighted_deberta_matern_kappa=1.0_nu=1.0_kernel_entropy,0.6526381909547739,0.7670773779890236,0.7673153805571735,True,fr,0.6745762711864407
weighted_deberta_maternn_kappa=1.0_nu=1.0_kernel_entropy_s,0.4433103015075377,0.6284013253554703,0.627414500983395,True,fr,0.6745762711864407
weighted_deberta_maternn_kappa=1.0_nu=1.0_kernel_entropy,0.4433103015075377,0.6284013253554703,0.627414500983395,True,fr,0.6745762711864407
weighted_deberta_matern_kappa=1.0_nu=2.0_kernel_entropy_s,0.6493404522613067,0.7640612745921797,0.7643095012396408,True,fr,0.6745762711864407
weighted_deberta_matern_kappa=1.0_nu=2.0_kernel_entropy,0.6493404522613067,0.7640612745921797,0.7643095012396408,True,fr,0.6745762711864407
weighted_deberta_maternn_kappa=1.0_nu=2.0_kernel_entropy_s,0.44173994974874375,0.6267946101252451,0.6258132322454755,True,fr,0.6745762711864407
weighted_deberta_maternn_kappa=1.0_nu=2.0_kernel_entropy,0.44173994974874375,0.6267946101252451,0.6258132322454755,True,fr,0.6745762711864407
weighted_deberta_matern_kappa=1.0_nu=3.0_kernel_entropy_s,0.6481888609715243,0.7643568344801002,0.7646040592296361,True,fr,0.6745762711864407
weighted_deberta_matern_kappa=1.0_nu=3.0_kernel_entropy,0.6481888609715243,0.7643568344801002,0.7646040592296361,True,fr,0.6745762711864407
weighted_deberta_maternn_kappa=1.0_nu=3.0_kernel_entropy_s,0.44043132328308204,0.6259945800777682,0.6250159141642613,True,fr,0.6745762711864407
weighted_deberta_maternn_kappa=1.0_nu=3.0_kernel_entropy,0.44043132328308204,0.6259945800777682,0.6250159141642613,True,fr,0.6745762711864407
weighted_deberta_matern_kappa=2.0_nu=1.0_kernel_entropy_s,0.6480841708542713,0.7622425097221659,0.7624969016742712,True,fr,0.6745762711864407
weighted_deberta_matern_kappa=2.0_nu=1.0_kernel_entropy,0.6480841708542713,0.7622425097221659,0.7624969016742712,True,fr,0.6745762711864407
weighted_deberta_maternn_kappa=2.0_nu=1.0_kernel_entropy_s,0.480108877721943,0.6533452523049413,0.6522738722482915,True,fr,0.6745762711864407
weighted_deberta_maternn_kappa=2.0_nu=1.0_kernel_entropy,0.480108877721943,0.6533452523049413,0.6522738722482915,True,fr,0.6745762711864407
weighted_deberta_matern_kappa=2.0_nu=2.0_kernel_entropy_s,0.6398659966499163,0.7581877684088456,0.7584559052467587,True,fr,0.6745762711864407
weighted_deberta_matern_kappa=2.0_nu=2.0_kernel_entropy,0.6398659966499163,0.7581877684088456,0.7584559052467587,True,fr,0.6745762711864407
weighted_deberta_maternn_kappa=2.0_nu=2.0_kernel_entropy_s,0.49204355108877723,0.6600549565716516,0.6589608317547756,True,fr,0.6745762711864407
weighted_deberta_maternn_kappa=2.0_nu=2.0_kernel_entropy,0.49204355108877723,0.6600549565716516,0.6589608317547756,True,fr,0.6745762711864407
weighted_deberta_matern_kappa=2.0_nu=3.0_kernel_entropy_s,0.6304962311557789,0.7504805364845668,0.7507747995323928,True,fr,0.6745762711864407
weighted_deberta_matern_kappa=2.0_nu=3.0_kernel_entropy,0.6304962311557789,0.7504805364845668,0.7507747995323928,True,fr,0.6745762711864407
weighted_deberta_maternn_kappa=2.0_nu=3.0_kernel_entropy_s,0.49921482412060303,0.6644349713210543,0.6633259989965532,True,fr,0.6745762711864407
weighted_deberta_maternn_kappa=2.0_nu=3.0_kernel_entropy,0.49921482412060303,0.6644349713210543,0.6633259989965532,True,fr,0.6745762711864407
weighted_deberta_matern_kappa=3.0_nu=1.0_kernel_entropy_s,0.6461997487437187,0.7605546583237277,0.7608147718059972,True,fr,0.6745762711864407
weighted_deberta_matern_kappa=3.0_nu=1.0_kernel_entropy,0.6461997487437187,0.7605546583237277,0.7608147718059972,True,fr,0.6745762711864407
weighted_deberta_maternn_kappa=3.0_nu=1.0_kernel_entropy_s,0.5608249581239532,0.6962882482516202,0.6967662139714221,True,fr,0.6745762711864407
weighted_deberta_maternn_kappa=3.0_nu=1.0_kernel_entropy,0.5608249581239532,0.6962882482516202,0.6967662139714221,True,fr,0.6745762711864407
weighted_deberta_matern_kappa=3.0_nu=2.0_kernel_entropy_s,0.6236913735343383,0.7472795499701169,0.7475846638196868,True,fr,0.6745762711864407
weighted_deberta_matern_kappa=3.0_nu=2.0_kernel_entropy,0.6236913735343383,0.7472795499701169,0.7475846638196868,True,fr,0.6745762711864407
weighted_deberta_maternn_kappa=3.0_nu=2.0_kernel_entropy_s,0.6019158291457287,0.7367085493044812,0.7370494970546125,True,fr,0.6745762711864407
weighted_deberta_maternn_kappa=3.0_nu=2.0_kernel_entropy,0.6019158291457287,0.7367085493044812,0.7370494970546125,True,fr,0.6745762711864407
weighted_deberta_matern_kappa=3.0_nu=3.0_kernel_entropy_s,0.602072864321608,0.7369164277344905,0.7372566708119778,True,fr,0.6745762711864407
weighted_deberta_matern_kappa=3.0_nu=3.0_kernel_entropy,0.602072864321608,0.7369164277344905,0.7372566708119778,True,fr,0.6745762711864407
weighted_deberta_maternn_kappa=3.0_nu=3.0_kernel_entropy_s,0.6092964824120602,0.7399188577333555,0.740248923082033,True,fr,0.6745762711864407
weighted_deberta_maternn_kappa=3.0_nu=3.0_kernel_entropy,0.6092964824120602,0.7399188577333555,0.740248923082033,True,fr,0.6745762711864407
semantic_kernel_heat_t=0.1_alpha_0.0,0.6544702680067002,0.7707971077991205,0.7710225011136767,False,fr,0.6745762711864407
semantic_kernel_heat_t=0.1_alpha_0.1,0.6557788944723618,0.7707814417540082,0.771006888173802,False,fr,0.6745762711864407
semantic_kernel_heat_t=0.1_alpha_0.2,0.6574015912897823,0.7706188851686767,0.770844882627743,False,fr,0.6745762711864407
semantic_kernel_heat_t=0.1_alpha_0.3,0.6564070351758794,0.7699050601178845,0.7701334773228856,False,fr,0.6745762711864407
semantic_kernel_heat_t=0.1_alpha_0.4,0.6548890284757118,0.7683702159816559,0.7686038360481358,False,fr,0.6745762711864407
semantic_kernel_heat_t=0.1_alpha_0.5,0.6506490787269682,0.7651979474916986,0.7654423210106868,False,fr,0.6745762711864407
semantic_kernel_heat_t=0.1_alpha_0.6,0.6436348408710219,0.7617325327007402,0.7619886533885113,False,fr,0.6745762711864407
semantic_kernel_heat_t=0.1_alpha_0.7,0.6411746231155778,0.7595494983704333,0.7598130191745784,False,fr,0.6745762711864407
semantic_kernel_heat_t=0.1_alpha_0.8,0.6410175879396985,0.7599217314298877,0.7601839904270514,False,fr,0.6745762711864407
semantic_kernel_heat_t=0.1_alpha_0.9,0.6413840033500837,0.7601879754460281,0.7604493319211033,False,fr,0.6745762711864407
semantic_kernel_heat_t=0.1_alpha_1.0,0.6392378559463987,0.7599969452744938,0.7602589493094725,False,fr,0.6745762711864407
semantic_kernel_heatn_t=0.1_alpha_0.0,0.6544702680067002,0.7707971077991205,0.7710225011136767,False,fr,0.6745762711864407
semantic_kernel_heatn_t=0.1_alpha_0.1,0.6556742043551089,0.7707665724979815,0.7709920693220331,False,fr,0.6745762711864407
semantic_kernel_heatn_t=0.1_alpha_0.2,0.6581344221105527,0.7720954066870015,0.7723163989883784,False,fr,0.6745762711864407
semantic_kernel_heatn_t=0.1_alpha_0.3,0.6588672529313233,0.7723884805871558,0.7726084794176848,False,fr,0.6745762711864407
semantic_kernel_heatn_t=0.1_alpha_0.4,0.6591813232830821,0.7724904323692634,0.7727100856005311,False,fr,0.6745762711864407
semantic_kernel_heatn_t=0.1_alpha_0.5,0.6593383584589615,0.7725528065608328,0.772772248354163,False,fr,0.6745762711864407
semantic_kernel_heatn_t=0.1_alpha_0.6,0.6595477386934674,0.7726418856053359,0.7728610254358033,False,fr,0.6745762711864407
semantic_kernel_heatn_t=0.1_alpha_0.7,0.6596000837520938,0.772628583371243,0.7728477682940293,False,fr,0.6745762711864407
semantic_kernel_heatn_t=0.1_alpha_0.8,0.6599664991624791,0.7726386704022594,0.7728578211317203,False,fr,0.6745762711864407
semantic_kernel_heatn_t=0.1_alpha_0.9,0.657715661641541,0.7696542405470597,0.7698835079878941,False,fr,0.6745762711864407
semantic_kernel_heatn_t=0.1_alpha_1.0,0.6405203098827471,0.7572777926558705,0.757549014157353,False,fr,0.6745762711864407
semantic_kernel_heat_t=0.2_alpha_0.0,0.6544702680067002,0.7707971077991205,0.7710225011136767,False,fr,0.6745762711864407
semantic_kernel_heat_t=0.2_alpha_0.1,0.6556218592964824,0.7705532573017095,0.7707794772281213,False,fr,0.6745762711864407
semantic_kernel_heat_t=0.2_alpha_0.2,0.6558835845896147,0.7683560490694574,0.7685897171593684,False,fr,0.6745762711864407
semantic_kernel_heat_t=0.2_alpha_0.3,0.6564593802345059,0.7687025293945496,0.768935022974884,False,fr,0.6745762711864407
semantic_kernel_heat_t=0.2_alpha_0.4,0.6557788944723618,0.7685353453390736,0.7687684056450199,False,fr,0.6745762711864407
semantic_kernel_heat_t=0.2_alpha_0.5,0.6510678391959799,0.7631349390030233,0.7633863057711258,False,fr,0.6745762711864407
semantic_kernel_heat_t=0.2_alpha_0.6,0.6464091289782246,0.7609111143993817,0.761170019555971,False,fr,0.6745762711864407
semantic_kernel_heat_t=0.2_alpha_0.7,0.6466708542713568,0.7628987086866488,0.7631508762354847,False,fr,0.6745762711864407
semantic_kernel_heat_t=0.2_alpha_0.8,0.6413840033500837,0.7608388993932768,0.7610980493464968,False,fr,0.6745762711864407
semantic_kernel_heat_t=0.2_alpha_0.9,0.6344744556113903,0.7572022227418838,0.7574737004125663,False,fr,0.6745762711864407
semantic_kernel_heat_t=0.2_alpha_1.0,0.6232726130653267,0.7533575282872153,0.753642038820456,False,fr,0.6745762711864407
semantic_kernel_heatn_t=0.2_alpha_0.0,0.6544702680067002,0.7707971077991205,0.7710225011136767,False,fr,0.6745762711864407
semantic_kernel_heatn_t=0.2_alpha_0.1,0.6557265494137353,0.7707834109165174,0.7710088506611841,False,fr,0.6745762711864407
semantic_kernel_heatn_t=0.2_alpha_0.2,0.6580297319932998,0.7720504753502533,0.7722716199612464,False,fr,0.6745762711864407
semantic_kernel_heatn_t=0.2_alpha_0.3,0.6587625628140703,0.7723365765959993,0.7725567513722612,False,fr,0.6745762711864407
semantic_kernel_heatn_t=0.2_alpha_0.4,0.6592336683417085,0.772522356036631,0.7727419010520771,False,fr,0.6745762711864407
semantic_kernel_heatn_t=0.2_alpha_0.5,0.6594953936348408,0.7725995125128968,0.7728187959809657,False,fr,0.6745762711864407
semantic_kernel_heatn_t=0.2_alpha_0.6,0.6596000837520938,0.7725685620588639,0.7727879504437262,False,fr,0.6745762711864407
semantic_kernel_heatn_t=0.2_alpha_0.7,0.6597047738693468,0.7722143858827779,0.7724349748648472,False,fr,0.6745762711864407
semantic_kernel_heatn_t=0.2_alpha_0.8,0.6576633165829145,0.7693161803822229,0.7695465937897178,False,fr,0.6745762711864407
semantic_kernel_heatn_t=0.2_alpha_0.9,0.6538421273031826,0.7671174233326157,0.7673552901538381,False,fr,0.6745762711864407
semantic_kernel_heatn_t=0.2_alpha_1.0,0.640625,0.7572814360847583,0.7575526452356344,False,fr,0.6745762711864407
semantic_kernel_heat_t=0.3_alpha_0.0,0.6544702680067002,0.7707971077991205,0.7710225011136767,False,fr,0.6745762711864407
semantic_kernel_heat_t=0.3_alpha_0.1,0.655464824120603,0.7705411854742585,0.7707674463221195,False,fr,0.6745762711864407
semantic_kernel_heat_t=0.3_alpha_0.2,0.6565640703517588,0.768394176439612,0.7686277152842006,False,fr,0.6745762711864407
semantic_kernel_heat_t=0.3_alpha_0.3,0.6563023450586265,0.7676209511578946,0.7678571111051329,False,fr,0.6745762711864407
semantic_kernel_heat_t=0.3_alpha_0.4,0.6567211055276382,0.7685035541600588,0.7687367222327136,False,fr,0.6745762711864407
semantic_kernel_heat_t=0.3_alpha_0.5,0.6533710217755443,0.7658927885304929,0.7661348066561293,False,fr,0.6745762711864407
semantic_kernel_heat_t=0.3_alpha_0.6,0.6469325795644891,0.7614119111446909,0.7616691186851943,False,fr,0.6745762711864407
semantic_kernel_heat_t=0.3_alpha_0.7,0.6425355946398661,0.759419582657689,0.7596835438540807,False,fr,0.6745762711864407
semantic_kernel_heat_t=0.3_alpha_0.8,0.6381909547738693,0.760492343861632,0.7607526685793661,False,fr,0.6745762711864407
semantic_kernel_heat_t=0.3_alpha_0.9,0.6294493299832495,0.7557097480116314,0.7559862849186876,False,fr,0.6745762711864407
semantic_kernel_heat_t=0.3_alpha_1.0,0.6133793969849247,0.7485642733705427,0.7488650322255348,False,fr,0.6745762711864407
semantic_kernel_heatn_t=0.3_alpha_0.0,0.6544702680067002,0.7707971077991205,0.7710225011136767,False,fr,0.6745762711864407
semantic_kernel_heatn_t=0.3_alpha_0.1,0.6557265494137353,0.7707834109165174,0.7710088506611841,False,fr,0.6745762711864407
semantic_kernel_heatn_t=0.3_alpha_0.2,0.6580820770519262,0.7720509876968055,0.7722721305710306,False,fr,0.6745762711864407
semantic_kernel_heatn_t=0.3_alpha_0.3,0.6587625628140703,0.7723485770086816,0.7725687111055783,False,fr,0.6745762711864407
semantic_kernel_heatn_t=0.3_alpha_0.4,0.659286013400335,0.7725286396140745,0.772748163329258,False,fr,0.6745762711864407
semantic_kernel_heatn_t=0.3_alpha_0.5,0.659390703517588,0.7724859836134204,0.7727056519252163,False,fr,0.6745762711864407
semantic_kernel_heatn_t=0.3_alpha_0.6,0.6596000837520938,0.7720795537892791,0.7723005998292923,False,fr,0.6745762711864407
semantic_kernel_heatn_t=0.3_alpha_0.7,0.6580297319932997,0.7696148350490188,0.7698442360678126,False,fr,0.6745762711864407
semantic_kernel_heatn_t=0.3_alpha_0.8,0.6575586264656617,0.768498103791993,0.7687312903404717,False,fr,0.6745762711864407
semantic_kernel_heatn_t=0.3_alpha_0.9,0.6473513400335007,0.7593763601393585,0.7596404678527615,False,fr,0.6745762711864407
semantic_kernel_heatn_t=0.3_alpha_1.0,0.6407820351758794,0.7574857564884323,0.7577562730277706,False,fr,0.6745762711864407
semantic_kernel_heat_t=0.4_alpha_0.0,0.6544702680067002,0.7707971077991205,0.7710225011136767,False,fr,0.6745762711864407
semantic_kernel_heat_t=0.4_alpha_0.1,0.6556742043551088,0.7707808075146493,0.7710062560844071,False,fr,0.6745762711864407
semantic_kernel_heat_t=0.4_alpha_0.2,0.6572969011725294,0.7694140970492028,0.7696441785357928,False,fr,0.6745762711864407
semantic_kernel_heat_t=0.4_alpha_0.3,0.6559882747068677,0.7676952198672939,0.7679311280561955,False,fr,0.6745762711864407
semantic_kernel_heat_t=0.4_alpha_0.4,0.6566687604690118,0.7667761630188087,0.7670151866546541,False,fr,0.6745762711864407
semantic_kernel_heat_t=0.4_alpha_0.5,0.6544702680067002,0.7670811003248077,0.76731909027487,False,fr,0.6745762711864407
semantic_kernel_heat_t=0.4_alpha_0.6,0.6479794807370185,0.7630883604650665,0.7633398851265177,False,fr,0.6745762711864407
semantic_kernel_heat_t=0.4_alpha_0.7,0.6412269681742043,0.7595627053714162,0.7598261814060664,False,fr,0.6745762711864407
semantic_kernel_heat_t=0.4_alpha_0.8,0.6342650753768844,0.7558275255307971,0.7561036631920256,False,fr,0.6745762711864407
semantic_kernel_heat_t=0.4_alpha_0.9,0.6249476549413735,0.7553824373675575,0.7556600838022208,False,fr,0.6745762711864407
semantic_kernel_heat_t=0.4_alpha_1.0,0.6085636515912898,0.7467179133535812,0.7470249310560884,False,fr,0.6745762711864407
semantic_kernel_heatn_t=0.4_alpha_0.0,0.6544702680067002,0.7707971077991205,0.7710225011136767,False,fr,0.6745762711864407
semantic_kernel_heatn_t=0.4_alpha_0.1,0.6557265494137353,0.7707834109165174,0.7710088506611841,False,fr,0.6745762711864407
semantic_kernel_heatn_t=0.4_alpha_0.2,0.6579773869346733,0.7720134370640167,0.7722347072285225,False,fr,0.6745762711864407
semantic_kernel_heatn_t=0.4_alpha_0.3,0.6587625628140704,0.772347953896711,0.7725680901058516,False,fr,0.6745762711864407
semantic_kernel_heatn_t=0.4_alpha_0.4,0.6591813232830821,0.7724542502190679,0.7726740261016921,False,fr,0.6745762711864407
semantic_kernel_heatn_t=0.4_alpha_0.5,0.6596524288107202,0.7725617708631192,0.7727811822689838,False,fr,0.6745762711864407
semantic_kernel_heatn_t=0.4_alpha_0.6,0.6591289782244556,0.7712654403921849,0.7714892461386292,False,fr,0.6745762711864407
semantic_kernel_heatn_t=0.4_alpha_0.7,0.6579773869346734,0.7702162206575759,0.7704435830810866,False,fr,0.6745762711864407
semantic_kernel_heatn_t=0.4_alpha_0.8,0.6559359296482412,0.7685059336890998,0.7687390936955546,False,fr,0.6745762711864407
semantic_kernel_heatn_t=0.4_alpha_0.9,0.6450481574539364,0.7585570085197937,0.7588238936963138,False,fr,0.6745762711864407
semantic_kernel_heatn_t=0.4_alpha_1.0,0.6409914154103853,0.7576174045713784,0.7578874748460288,False,fr,0.6745762711864407
semantic_kernel_heat_t=0.5_alpha_0.0,0.6544702680067002,0.7707971077991205,0.7710225011136767,False,fr,0.6745762711864407
semantic_kernel_heat_t=0.5_alpha_0.1,0.6554124790619765,0.7706334873153043,0.7708594352755684,False,fr,0.6745762711864407
semantic_kernel_heat_t=0.5_alpha_0.2,0.6577680067001676,0.7703886939975714,0.7706154717656921,False,fr,0.6745762711864407
semantic_kernel_heat_t=0.5_alpha_0.3,0.6565117252931324,0.768951401309233,0.7691830512559583,False,fr,0.6745762711864407
semantic_kernel_heat_t=0.5_alpha_0.4,0.6568257956448912,0.7666279036271049,0.7668674298371595,False,fr,0.6745762711864407
semantic_kernel_heat_t=0.5_alpha_0.5,0.6539991624790619,0.7656430024206515,0.7658858672788637,False,fr,0.6745762711864407
semantic_kernel_heat_t=0.5_alpha_0.6,0.6490787269681743,0.7639299645667178,0.7641786363329093,False,fr,0.6745762711864407
semantic_kernel_heat_t=0.5_alpha_0.7,0.6408082077051926,0.759353355038914,0.7596175407357082,False,fr,0.6745762711864407
semantic_kernel_heat_t=0.5_alpha_0.8,0.6325900335008374,0.7573418486601187,0.7576128530226036,False,fr,0.6745762711864407
semantic_kernel_heat_t=0.5_alpha_0.9,0.6212835008375209,0.7517433403351045,0.7520333226919117,False,fr,0.6745762711864407
semantic_kernel_heat_t=0.5_alpha_1.0,0.6044022194304858,0.7454172384773243,0.7457286652472087,False,fr,0.6745762711864407
semantic_kernel_heatn_t=0.5_alpha_0.0,0.6544702680067002,0.7707971077991205,0.7710225011136767,False,fr,0.6745762711864407
semantic_kernel_heatn_t=0.5_alpha_0.1,0.6557265494137353,0.7707834109165174,0.7710088506611841,False,fr,0.6745762711864407
semantic_kernel_heatn_t=0.5_alpha_0.2,0.6579250418760468,0.7720073473404094,0.7722286381480461,False,fr,0.6745762711864407
semantic_kernel_heatn_t=0.5_alpha_0.3,0.6588149078726968,0.7723576167550292,0.772577720208718,False,fr,0.6745762711864407
semantic_kernel_heatn_t=0.5_alpha_0.4,0.6591289782244557,0.772259939004182,0.7724803735688905,False,fr,0.6745762711864407
semantic_kernel_heatn_t=0.5_alpha_0.5,0.6591813232830821,0.7717520935997146,0.7719742496742689,False,fr,0.6745762711864407
semantic_kernel_heatn_t=0.5_alpha_0.6,0.6575586264656617,0.7692253973599321,0.7694561185064857,False,fr,0.6745762711864407
semantic_kernel_heatn_t=0.5_alpha_0.7,0.6581344221105528,0.7690848853206834,0.7693160827792344,False,fr,0.6745762711864407
semantic_kernel_heatn_t=0.5_alpha_0.8,0.653999162479062,0.7664928513188993,0.7667328353333887,False,fr,0.6745762711864407
semantic_kernel_heatn_t=0.5_alpha_0.9,0.6431637353433836,0.758179304503997,0.758447470033113,False,fr,0.6745762711864407
semantic_kernel_heatn_t=0.5_alpha_1.0,0.641305485762144,0.7578953927623895,0.7581645207041888,False,fr,0.6745762711864407
semantic_kernel_heat_t=0.6_alpha_0.0,0.6544702680067002,0.7707971077991205,0.7710225011136767,False,fr,0.6745762711864407
semantic_kernel_heat_t=0.6_alpha_0.1,0.6554124790619765,0.770657224376848,0.7708830918724967,False,fr,0.6745762711864407
semantic_kernel_heat_t=0.6_alpha_0.2,0.657820351758794,0.7709050311537488,0.7711300586264249,False,fr,0.6745762711864407
semantic_kernel_heat_t=0.6_alpha_0.3,0.6575062814070353,0.769861973200411,0.7700905364627595,False,fr,0.6745762711864407
semantic_kernel_heat_t=0.6_alpha_0.4,0.6580820770519262,0.7682126783648996,0.7684468324571989,False,fr,0.6745762711864407
semantic_kernel_heat_t=0.6_alpha_0.5,0.6544179229480737,0.7653722436443985,0.7656160263289707,False,fr,0.6745762711864407
semantic_kernel_heat_t=0.6_alpha_0.6,0.6514865996649917,0.7642530189704433,0.7645005956369612,False,fr,0.6745762711864407
semantic_kernel_heat_t=0.6_alpha_0.7,0.6423785594639866,0.7612201046853828,0.7614779624172737,False,fr,0.6745762711864407
semantic_kernel_heat_t=0.6_alpha_0.8,0.6318048576214406,0.7559523740142657,0.7562280884602961,False,fr,0.6745762711864407
semantic_kernel_heat_t=0.6_alpha_0.9,0.6217022613065326,0.7527097669971221,0.7529964733313461,False,fr,0.6745762711864407
semantic_kernel_heat_t=0.6_alpha_1.0,0.5995341289782246,0.7449091776628937,0.7452223266728268,False,fr,0.6745762711864407
semantic_kernel_heatn_t=0.6_alpha_0.0,0.6544702680067002,0.7707971077991205,0.7710225011136767,False,fr,0.6745762711864407
semantic_kernel_heatn_t=0.6_alpha_0.1,0.6556218592964823,0.7707261895573445,0.7709518232727203,False,fr,0.6745762711864407
semantic_kernel_heatn_t=0.6_alpha_0.2,0.6578203517587939,0.7719691694584285,0.7721905896826142,False,fr,0.6745762711864407
semantic_kernel_heatn_t=0.6_alpha_0.3,0.6588149078726968,0.772334524415182,0.7725547061479889,False,fr,0.6745762711864407
semantic_kernel_heatn_t=0.6_alpha_0.4,0.6593383584589614,0.7722561614829917,0.772476608852857,False,fr,0.6745762711864407
semantic_kernel_heatn_t=0.6_alpha_0.5,0.6588672529313233,0.7711304428789145,0.7713547062440479,False,fr,0.6745762711864407
semantic_kernel_heatn_t=0.6_alpha_0.6,0.6581344221105527,0.7697788237673066,0.7700076688921401,False,fr,0.6745762711864407
semantic_kernel_heatn_t=0.6_alpha_0.7,0.6565640703517588,0.7677149355839032,0.767950776939867,False,fr,0.6745762711864407
semantic_kernel_heatn_t=0.6_alpha_0.8,0.6522717755443888,0.7637678151997422,0.7640170366248048,False,fr,0.6745762711864407
semantic_kernel_heatn_t=0.6_alpha_0.9,0.6435824958123953,0.7585331112604627,0.7588000774446416,False,fr,0.6745762711864407
semantic_kernel_heatn_t=0.6_alpha_1.0,0.6420383165829145,0.757924350525971,0.7581933803058599,False,fr,0.6745762711864407
semantic_kernel_heat_t=0.7_alpha_0.0,0.6544702680067002,0.7707971077991205,0.7710225011136767,False,fr,0.6745762711864407
semantic_kernel_heat_t=0.7_alpha_0.1,0.6553077889447236,0.7706085061895644,0.7708345388316107,False,fr,0.6745762711864407
semantic_kernel_heat_t=0.7_alpha_0.2,0.6576109715242879,0.7707871635424717,0.7710125905663725,False,fr,0.6745762711864407
semantic_kernel_heat_t=0.7_alpha_0.3,0.6581344221105526,0.7709413707909142,0.7711662750783795,False,fr,0.6745762711864407
semantic_kernel_heat_t=0.7_alpha_0.4,0.659390703517588,0.770118541490592,0.7703462350299229,False,fr,0.6745762711864407
semantic_kernel_heat_t=0.7_alpha_0.5,0.6565640703517588,0.7670760049571088,0.767314012179604,False,fr,0.6745762711864407
semantic_kernel_heat_t=0.7_alpha_0.6,0.6521147403685092,0.7644092576990393,0.7646563047427483,False,fr,0.6745762711864407
semantic_kernel_heat_t=0.7_alpha_0.7,0.6432684254606366,0.760810131044805,0.7610693785178504,False,fr,0.6745762711864407
semantic_kernel_heat_t=0.7_alpha_0.8,0.6332705192629815,0.7570997315164609,0.7573715566150263,False,fr,0.6745762711864407
semantic_kernel_heat_t=0.7_alpha_0.9,0.6222780569514239,0.7536261619190193,0.7539097618297793,False,fr,0.6745762711864407
semantic_kernel_heat_t=0.7_alpha_1.0,0.5978067420435511,0.7444775483912007,0.7447921605512076,False,fr,0.6745762711864407
semantic_kernel_heatn_t=0.7_alpha_0.0,0.6544702680067002,0.7707971077991205,0.7710225011136767,False,fr,0.6745762711864407
semantic_kernel_heatn_t=0.7_alpha_0.1,0.6555695142378559,0.7706861735509419,0.770911942913797,False,fr,0.6745762711864407
semantic_kernel_heatn_t=0.7_alpha_0.2,0.6578203517587938,0.771967329949322,0.7721887564091319,False,fr,0.6745762711864407
semantic_kernel_heatn_t=0.7_alpha_0.3,0.6587625628140703,0.772218779255528,0.7724393533448084,False,fr,0.6745762711864407
semantic_kernel_heatn_t=0.7_alpha_0.4,0.6594953936348409,0.772057124670509,0.7722782467414334,False,fr,0.6745762711864407
semantic_kernel_heatn_t=0.7_alpha_0.5,0.6578726968174204,0.7695634103522555,0.7697929856920555,False,fr,0.6745762711864407
semantic_kernel_heatn_t=0.7_alpha_0.6,0.6578726968174204,0.7694353710458075,0.7696653804171546,False,fr,0.6745762711864407
semantic_kernel_heatn_t=0.7_alpha_0.7,0.6564070351758794,0.7684096912592746,0.7686431775112541,False,fr,0.6745762711864407
semantic_kernel_heatn_t=0.7_alpha_0.8,0.65017797319933,0.7610084054503289,0.7612669808067455,False,fr,0.6745762711864407
semantic_kernel_heatn_t=0.7_alpha_0.9,0.642535594639866,0.7585675237870718,0.7588343733186181,False,fr,0.6745762711864407
semantic_kernel_heatn_t=0.7_alpha_1.0,0.6420383165829145,0.7577896064265818,0.7580590929661298,False,fr,0.6745762711864407
semantic_kernel_matern_kappa=1.0_nu=1.0_alpha_0.0,0.6544702680067002,0.7707971077991205,0.7710225011136767,False,fr,0.6745762711864407
semantic_kernel_matern_kappa=1.0_nu=1.0_alpha_0.1,0.6558312395309883,0.7708146334234767,0.7710399673291368,False,fr,0.6745762711864407
semantic_kernel_matern_kappa=1.0_nu=1.0_alpha_0.2,0.65713986599665,0.7703045528178121,0.770531615810271,False,fr,0.6745762711864407
semantic_kernel_matern_kappa=1.0_nu=1.0_alpha_0.3,0.6572445561139029,0.7694699134526166,0.7696998057310592,False,fr,0.6745762711864407
semantic_kernel_matern_kappa=1.0_nu=1.0_alpha_0.4,0.6555171691792295,0.7694234227262378,0.7696534726003631,False,fr,0.6745762711864407
semantic_kernel_matern_kappa=1.0_nu=1.0_alpha_0.5,0.6546796482412062,0.7670420027792131,0.7672801252633283,False,fr,0.6745762711864407
semantic_kernel_matern_kappa=1.0_nu=1.0_alpha_0.6,0.6492357621440535,0.7626219494197303,0.7628750551355726,False,fr,0.6745762711864407
semantic_kernel_matern_kappa=1.0_nu=1.0_alpha_0.7,0.6461474036850922,0.7623088065244091,0.7625629737415917,False,fr,0.6745762711864407
semantic_kernel_matern_kappa=1.0_nu=1.0_alpha_0.8,0.6451005025125629,0.7610876234590161,0.76134593027981,False,fr,0.6745762711864407
semantic_kernel_matern_kappa=1.0_nu=1.0_alpha_0.9,0.6439489112227805,0.760828232350001,0.7610874184626899,False,fr,0.6745762711864407
semantic_kernel_matern_kappa=1.0_nu=1.0_alpha_1.0,0.6405464824120604,0.7594161287464739,0.7596801016510389,False,fr,0.6745762711864407
semantic_kernel_maternn_kappa=1.0_nu=1.0_alpha_0.0,0.6544702680067002,0.7707971077991205,0.7710225011136767,False,fr,0.6745762711864407
semantic_kernel_maternn_kappa=1.0_nu=1.0_alpha_0.1,0.6557265494137353,0.7707834109165174,0.7710088506611841,False,fr,0.6745762711864407
semantic_kernel_maternn_kappa=1.0_nu=1.0_alpha_0.2,0.6579773869346733,0.7720134370640167,0.7722347072285225,False,fr,0.6745762711864407
semantic_kernel_maternn_kappa=1.0_nu=1.0_alpha_0.3,0.6587102177554439,0.7723294682415793,0.7725496671139577,False,fr,0.6745762711864407
semantic_kernel_maternn_kappa=1.0_nu=1.0_alpha_0.4,0.6591813232830821,0.7724502609690469,0.7726700503745526,False,fr,0.6745762711864407
semantic_kernel_maternn_kappa=1.0_nu=1.0_alpha_0.5,0.6594430485762144,0.7722743994601203,0.7724947850063342,False,fr,0.6745762711864407
semantic_kernel_maternn_kappa=1.0_nu=1.0_alpha_0.6,0.6589719430485762,0.7712015962915122,0.7714256184586367,False,fr,0.6745762711864407
semantic_kernel_maternn_kappa=1.0_nu=1.0_alpha_0.7,0.6575586264656617,0.769824048120717,0.7700527399426578,False,fr,0.6745762711864407
semantic_kernel_maternn_kappa=1.0_nu=1.0_alpha_0.8,0.6539468174204355,0.7673027521693889,0.7675399907572663,False,fr,0.6745762711864407
semantic_kernel_maternn_kappa=1.0_nu=1.0_alpha_0.9,0.6428496649916248,0.7579255773344657,0.758194602955682,False,fr,0.6745762711864407
semantic_kernel_maternn_kappa=1.0_nu=1.0_alpha_1.0,0.6398136515912898,0.7578497492902923,0.7581190319557258,False,fr,0.6745762711864407
semantic_kernel_matern_kappa=1.0_nu=2.0_alpha_0.0,0.6544702680067002,0.7707971077991205,0.7710225011136767,False,fr,0.6745762711864407
semantic_kernel_matern_kappa=1.0_nu=2.0_alpha_0.1,0.6557788944723618,0.7707390453575074,0.7709646354938995,False,fr,0.6745762711864407
semantic_kernel_matern_kappa=1.0_nu=2.0_alpha_0.2,0.6569828308207705,0.7698973243025,0.7701257677306041,False,fr,0.6745762711864407
semantic_kernel_matern_kappa=1.0_nu=2.0_alpha_0.3,0.6563023450586266,0.7682177847594951,0.7684519215419823,False,fr,0.6745762711864407
semantic_kernel_matern_kappa=1.0_nu=2.0_alpha_0.4,0.655464824120603,0.7685882978171581,0.7688211786231786,False,fr,0.6745762711864407
semantic_kernel_matern_kappa=1.0_nu=2.0_alpha_0.5,0.6541561976549414,0.7665781001986723,0.766817795233908,False,fr,0.6745762711864407
semantic_kernel_matern_kappa=1.0_nu=2.0_alpha_0.6,0.6477177554438861,0.7617833644808002,0.7620393128574525,False,fr,0.6745762711864407
semantic_kernel_matern_kappa=1.0_nu=2.0_alpha_0.7,0.646252093802345,0.762158655089322,0.7624133312944199,False,fr,0.6745762711864407
semantic_kernel_matern_kappa=1.0_nu=2.0_alpha_0.8,0.6418027638190955,0.7602131321954606,0.760474403393419,False,fr,0.6745762711864407
semantic_kernel_matern_kappa=1.0_nu=2.0_alpha_0.9,0.6367252931323282,0.7580587415778475,0.7583273157948488,False,fr,0.6745762711864407
semantic_kernel_matern_kappa=1.0_nu=2.0_alpha_1.0,0.6253140703517588,0.7535159205487937,0.7537998941591139,False,fr,0.6745762711864407
semantic_kernel_maternn_kappa=1.0_nu=2.0_alpha_0.0,0.6544702680067002,0.7707971077991205,0.7710225011136767,False,fr,0.6745762711864407
semantic_kernel_maternn_kappa=1.0_nu=2.0_alpha_0.1,0.6557265494137353,0.7707834109165174,0.7710088506611841,False,fr,0.6745762711864407
semantic_kernel_maternn_kappa=1.0_nu=2.0_alpha_0.2,0.6579773869346733,0.7720134370640167,0.7722347072285225,False,fr,0.6745762711864407
semantic_kernel_maternn_kappa=1.0_nu=2.0_alpha_0.3,0.6587102177554439,0.7723125230577086,0.7725327793713883,False,fr,0.6745762711864407
semantic_kernel_maternn_kappa=1.0_nu=2.0_alpha_0.4,0.6591289782244556,0.7723543593421147,0.7725744738378811,False,fr,0.6745762711864407
semantic_kernel_maternn_kappa=1.0_nu=2.0_alpha_0.5,0.6594430485762144,0.7718623798141336,0.7720841620371135,False,fr,0.6745762711864407
semantic_kernel_maternn_kappa=1.0_nu=2.0_alpha_0.6,0.658396147403685,0.7702643389224921,0.7704915382332403,False,fr,0.6745762711864407
semantic_kernel_maternn_kappa=1.0_nu=2.0_alpha_0.7,0.65713986599665,0.7691918304100673,0.7694226653428916,False,fr,0.6745762711864407
semantic_kernel_maternn_kappa=1.0_nu=2.0_alpha_0.8,0.6538944723618091,0.766973443026739,0.7672117979167948,False,fr,0.6745762711864407
semantic_kernel_maternn_kappa=1.0_nu=2.0_alpha_0.9,0.6427973199329984,0.758229337266124,0.7584973331926566,False,fr,0.6745762711864407
semantic_kernel_maternn_kappa=1.0_nu=2.0_alpha_1.0,0.6407820351758795,0.7579027811849544,0.7581718840812536,False,fr,0.6745762711864407
semantic_kernel_matern_kappa=1.0_nu=3.0_alpha_0.0,0.6544702680067002,0.7707971077991205,0.7710225011136767,False,fr,0.6745762711864407
semantic_kernel_matern_kappa=1.0_nu=3.0_alpha_0.1,0.6557265494137353,0.7707756832180777,0.7710011491583323,False,fr,0.6745762711864407
semantic_kernel_matern_kappa=1.0_nu=3.0_alpha_0.2,0.6569828308207706,0.7699228634657048,0.7701512203203745,False,fr,0.6745762711864407
semantic_kernel_matern_kappa=1.0_nu=3.0_alpha_0.3,0.6564070351758793,0.767982444761063,0.7682173793062568,False,fr,0.6745762711864407
semantic_kernel_matern_kappa=1.0_nu=3.0_alpha_0.4,0.656354690117253,0.7686014674710866,0.7688343036342123,False,fr,0.6745762711864407
semantic_kernel_matern_kappa=1.0_nu=3.0_alpha_0.5,0.654574958123953,0.7674610533722177,0.7676977553458482,False,fr,0.6745762711864407
semantic_kernel_matern_kappa=1.0_nu=3.0_alpha_0.6,0.648712311557789,0.7623363942015444,0.7625904679011772,False,fr,0.6745762711864407
semantic_kernel_matern_kappa=1.0_nu=3.0_alpha_0.7,0.6438965661641541,0.7600295938356583,0.7602914871975482,False,fr,0.6745762711864407
semantic_kernel_matern_kappa=1.0_nu=3.0_alpha_0.8,0.6400230318257957,0.7609502320335155,0.7612090045879552,False,fr,0.6745762711864407
semantic_kernel_matern_kappa=1.0_nu=3.0_alpha_0.9,0.6329041038525962,0.75659713586408,0.7568706646767213,False,fr,0.6745762711864407
semantic_kernel_matern_kappa=1.0_nu=3.0_alpha_1.0,0.6196869765494137,0.751685794439617,0.7519759718672564,False,fr,0.6745762711864407
semantic_kernel_maternn_kappa=1.0_nu=3.0_alpha_0.0,0.6544702680067002,0.7707971077991205,0.7710225011136767,False,fr,0.6745762711864407
semantic_kernel_maternn_kappa=1.0_nu=3.0_alpha_0.1,0.6557265494137353,0.7707834109165174,0.7710088506611841,False,fr,0.6745762711864407
semantic_kernel_maternn_kappa=1.0_nu=3.0_alpha_0.2,0.6579250418760468,0.7719937760204085,0.7722151128325199,False,fr,0.6745762711864407
semantic_kernel_maternn_kappa=1.0_nu=3.0_alpha_0.3,0.6588672529313232,0.7723695513534299,0.7725896143508529,False,fr,0.6745762711864407
semantic_kernel_maternn_kappa=1.0_nu=3.0_alpha_0.4,0.6591813232830821,0.7723165228178752,0.7725367655730458,False,fr,0.6745762711864407
semantic_kernel_maternn_kappa=1.0_nu=3.0_alpha_0.5,0.6594430485762144,0.7720196702248674,0.7722409192600143,False,fr,0.6745762711864407
semantic_kernel_maternn_kappa=1.0_nu=3.0_alpha_0.6,0.6580297319933,0.7698395594211691,0.7700681986624303,False,fr,0.6745762711864407
semantic_kernel_maternn_kappa=1.0_nu=3.0_alpha_0.7,0.657715661641541,0.7693716355738389,0.7696018609976334,False,fr,0.6745762711864407
semantic_kernel_maternn_kappa=1.0_nu=3.0_alpha_0.8,0.6543132328308208,0.7671801008899164,0.7674177552448429,False,fr,0.6745762711864407
semantic_kernel_maternn_kappa=1.0_nu=3.0_alpha_0.9,0.6430590452261308,0.7583907229091451,0.7586581717657013,False,fr,0.6745762711864407
semantic_kernel_maternn_kappa=1.0_nu=3.0_alpha_1.0,0.6407035175879396,0.7575966861701826,0.7578668266767015,False,fr,0.6745762711864407
semantic_kernel_matern_kappa=2.0_nu=1.0_alpha_0.0,0.6544702680067002,0.7707971077991205,0.7710225011136767,False,fr,0.6745762711864407
semantic_kernel_matern_kappa=2.0_nu=1.0_alpha_0.1,0.6557788944723618,0.7708097941560644,0.7710351444660208,False,fr,0.6745762711864407
semantic_kernel_matern_kappa=2.0_nu=1.0_alpha_0.2,0.6582391122278056,0.7704469439254109,0.7706735242361493,False,fr,0.6745762711864407
semantic_kernel_matern_kappa=2.0_nu=1.0_alpha_0.3,0.6568257956448911,0.7692355998589275,0.7694662864207387,False,fr,0.6745762711864407
semantic_kernel_matern_kappa=2.0_nu=1.0_alpha_0.4,0.657610971524288,0.7686527586915237,0.7688854209861058,False,fr,0.6745762711864407
semantic_kernel_matern_kappa=2.0_nu=1.0_alpha_0.5,0.6574015912897823,0.7688103122010228,0.7690424404159116,False,fr,0.6745762711864407
semantic_kernel_matern_kappa=2.0_nu=1.0_alpha_0.6,0.6541038525963149,0.7661817178767386,0.7664227565808622,False,fr,0.6745762711864407
semantic_kernel_matern_kappa=2.0_nu=1.0_alpha_0.7,0.6474036850921273,0.7615926333342674,0.761849228257179,False,fr,0.6745762711864407
semantic_kernel_matern_kappa=2.0_nu=1.0_alpha_0.8,0.6422215242881073,0.7617833899971713,0.7620393382873275,False,fr,0.6745762711864407
semantic_kernel_matern_kappa=2.0_nu=1.0_alpha_0.9,0.6376151591289783,0.7584601458011457,0.7587273593258648,False,fr,0.6745762711864407
semantic_kernel_matern_kappa=2.0_nu=1.0_alpha_1.0,0.6281145309882747,0.7545928116977916,0.7548731348296406,False,fr,0.6745762711864407
semantic_kernel_maternn_kappa=2.0_nu=1.0_alpha_0.0,0.6544702680067002,0.7707971077991205,0.7710225011136767,False,fr,0.6745762711864407
semantic_kernel_maternn_kappa=2.0_nu=1.0_alpha_0.1,0.6556218592964824,0.7707468081726836,0.7709723719944481,False,fr,0.6745762711864407
semantic_kernel_maternn_kappa=2.0_nu=1.0_alpha_0.2,0.6578203517587939,0.7719336222659174,0.7721551629890608,False,fr,0.6745762711864407
semantic_kernel_maternn_kappa=2.0_nu=1.0_alpha_0.3,0.6581867671691792,0.7713658515842053,0.7715893169537272,False,fr,0.6745762711864407
semantic_kernel_maternn_kappa=2.0_nu=1.0_alpha_0.4,0.6576633165829144,0.7697625018267131,0.7699914022801589,False,fr,0.6745762711864407
semantic_kernel_maternn_kappa=2.0_nu=1.0_alpha_0.5,0.65625,0.7688062880706951,0.7690384299267036,False,fr,0.6745762711864407
semantic_kernel_maternn_kappa=2.0_nu=1.0_alpha_0.6,0.6538944723618091,0.7666771116372582,0.7669164710404986,False,fr,0.6745762711864407
semantic_kernel_maternn_kappa=2.0_nu=1.0_alpha_0.7,0.6498639028475713,0.7622954288107481,0.7625496413761124,False,fr,0.6745762711864407
semantic_kernel_maternn_kappa=2.0_nu=1.0_alpha_0.8,0.6421168341708543,0.758317347038416,0.7585850446267374,False,fr,0.6745762711864407
semantic_kernel_maternn_kappa=2.0_nu=1.0_alpha_0.9,0.6395519262981574,0.7577148718480977,0.7579846117251998,False,fr,0.6745762711864407
semantic_kernel_maternn_kappa=2.0_nu=1.0_alpha_1.0,0.6384003350083752,0.7570292116056707,0.757301275754781,False,fr,0.6745762711864407
semantic_kernel_matern_kappa=2.0_nu=2.0_alpha_0.0,0.6544702680067002,0.7707971077991205,0.7710225011136767,False,fr,0.6745762711864407
semantic_kernel_matern_kappa=2.0_nu=2.0_alpha_0.1,0.65536013400335,0.7705749902159431,0.7708011364714593,False,fr,0.6745762711864407
semantic_kernel_matern_kappa=2.0_nu=2.0_alpha_0.2,0.657925041876047,0.770927615749609,0.7711525666643332,False,fr,0.6745762711864407
semantic_kernel_matern_kappa=2.0_nu=2.0_alpha_0.3,0.6593907035175879,0.7717406639895915,0.7719628588085868,False,fr,0.6745762711864407
semantic_kernel_matern_kappa=2.0_nu=2.0_alpha_0.4,0.6594430485762144,0.769946833512595,0.7701751091128682,False,fr,0.6745762711864407
semantic_kernel_matern_kappa=2.0_nu=2.0_alpha_0.5,0.658605527638191,0.767890632581206,0.7681258783541282,False,fr,0.6745762711864407
semantic_kernel_matern_kappa=2.0_nu=2.0_alpha_0.6,0.6553077889447236,0.7677090625471232,0.7679449238116862,False,fr,0.6745762711864407
semantic_kernel_matern_kappa=2.0_nu=2.0_alpha_0.7,0.6480318257956448,0.7642611287289098,0.764508677904721,False,fr,0.6745762711864407
semantic_kernel_matern_kappa=2.0_nu=2.0_alpha_0.8,0.6375628140703518,0.7580597597250447,0.7583283304906996,False,fr,0.6745762711864407
semantic_kernel_matern_kappa=2.0_nu=2.0_alpha_0.9,0.6306009212730318,0.7581570742615875,0.7584253151474574,False,fr,0.6745762711864407
semantic_kernel_matern_kappa=2.0_nu=2.0_alpha_1.0,0.6109453517587939,0.7494149828553627,0.7497128579493892,False,fr,0.6745762711864407
semantic_kernel_maternn_kappa=2.0_nu=2.0_alpha_0.0,0.6544702680067002,0.7707971077991205,0.7710225011136767,False,fr,0.6745762711864407
semantic_kernel_maternn_kappa=2.0_nu=2.0_alpha_0.1,0.6555171691792295,0.7707027266669065,0.7709284399175041,False,fr,0.6745762711864407
semantic_kernel_maternn_kappa=2.0_nu=2.0_alpha_0.2,0.657715661641541,0.7716595935735118,0.7718820632074769,False,fr,0.6745762711864407
semantic_kernel_maternn_kappa=2.0_nu=2.0_alpha_0.3,0.6582914572864322,0.77106596896925,0.7712904508900092,False,fr,0.6745762711864407
semantic_kernel_maternn_kappa=2.0_nu=2.0_alpha_0.4,0.6572969011725293,0.769160506827516,0.769391447941976,False,fr,0.6745762711864407
semantic_kernel_maternn_kappa=2.0_nu=2.0_alpha_0.5,0.6563023450586265,0.767809605731383,0.7680451261715926,False,fr,0.6745762711864407
semantic_kernel_maternn_kappa=2.0_nu=2.0_alpha_0.6,0.6549413735343383,0.765485303712349,0.7657287031424537,False,fr,0.6745762711864407
semantic_kernel_maternn_kappa=2.0_nu=2.0_alpha_0.7,0.6489216917922949,0.7597787838046015,0.7600415273699868,False,fr,0.6745762711864407
semantic_kernel_maternn_kappa=2.0_nu=2.0_alpha_0.8,0.6426926298157454,0.7582496833903378,0.7585176103469576,False,fr,0.6745762711864407
semantic_kernel_maternn_kappa=2.0_nu=2.0_alpha_0.9,0.6412793132328308,0.7581261717089973,0.7583945173492828,False,fr,0.6745762711864407
semantic_kernel_maternn_kappa=2.0_nu=2.0_alpha_1.0,0.6398136515912898,0.7575104595747517,0.7577808923748144,False,fr,0.6745762711864407
semantic_kernel_matern_kappa=2.0_nu=3.0_alpha_0.0,0.6544702680067002,0.7707971077991205,0.7710225011136767,False,fr,0.6745762711864407
semantic_kernel_matern_kappa=2.0_nu=3.0_alpha_0.1,0.655464824120603,0.7706273110247924,0.7708532799216344,False,fr,0.6745762711864407
semantic_kernel_matern_kappa=2.0_nu=3.0_alpha_0.2,0.6576109715242882,0.7707587420688625,0.7709842654367416,False,fr,0.6745762711864407
semantic_kernel_matern_kappa=2.0_nu=3.0_alpha_0.3,0.6598618090452261,0.7724942435937089,0.7727138839055717,False,fr,0.6745762711864407
semantic_kernel_matern_kappa=2.0_nu=3.0_alpha_0.4,0.6604376046901173,0.7715873289556626,0.7718100435544339,False,fr,0.6745762711864407
semantic_kernel_matern_kappa=2.0_nu=3.0_alpha_0.5,0.6605946398659966,0.7700500498436975,0.7702779755581027,False,fr,0.6745762711864407
semantic_kernel_matern_kappa=2.0_nu=3.0_alpha_0.6,0.6572969011725293,0.7680380923732477,0.7682728382824678,False,fr,0.6745762711864407
semantic_kernel_matern_kappa=2.0_nu=3.0_alpha_0.7,0.6494974874371859,0.7641528723006161,0.7644007884473708,False,fr,0.6745762711864407
semantic_kernel_matern_kappa=2.0_nu=3.0_alpha_0.8,0.6423785594639865,0.7620893209129428,0.7623442321491471,False,fr,0.6745762711864407
semantic_kernel_matern_kappa=2.0_nu=3.0_alpha_0.9,0.6288211892797321,0.7555642235222755,0.7558412537326856,False,fr,0.6745762711864407
semantic_kernel_matern_kappa=2.0_nu=3.0_alpha_1.0,0.6038787688442212,0.7464395503195209,0.7467475116255333,False,fr,0.6745762711864407
semantic_kernel_maternn_kappa=2.0_nu=3.0_alpha_0.0,0.6544702680067002,0.7707971077991205,0.7710225011136767,False,fr,0.6745762711864407
semantic_kernel_maternn_kappa=2.0_nu=3.0_alpha_0.1,0.6556218592964823,0.7707316529077934,0.7709572681033374,False,fr,0.6745762711864407
semantic_kernel_maternn_kappa=2.0_nu=3.0_alpha_0.2,0.6576633165829145,0.7716818468236258,0.7719042410228448,False,fr,0.6745762711864407
semantic_kernel_maternn_kappa=2.0_nu=3.0_alpha_0.3,0.6577680067001676,0.7703317177643223,0.7705586886722169,False,fr,0.6745762711864407
semantic_kernel_maternn_kappa=2.0_nu=3.0_alpha_0.4,0.65713986599665,0.7691468534055748,0.7693778408028211,False,fr,0.6745762711864407
semantic_kernel_maternn_kappa=2.0_nu=3.0_alpha_0.5,0.6561976549413736,0.7684385507421184,0.7686719391653425,False,fr,0.6745762711864407
semantic_kernel_maternn_kappa=2.0_nu=3.0_alpha_0.6,0.654784338358459,0.7652662684041158,0.7655104103267908,False,fr,0.6745762711864407
semantic_kernel_maternn_kappa=2.0_nu=3.0_alpha_0.7,0.6474560301507538,0.7588625687664581,0.7591284181455319,False,fr,0.6745762711864407
semantic_kernel_maternn_kappa=2.0_nu=3.0_alpha_0.8,0.6431637353433836,0.758596804621222,0.7588635548957035,False,fr,0.6745762711864407
semantic_kernel_maternn_kappa=2.0_nu=3.0_alpha_0.9,0.6416980737018425,0.7578770655954821,0.758146255663271,False,fr,0.6745762711864407
semantic_kernel_maternn_kappa=2.0_nu=3.0_alpha_1.0,0.6401015494137354,0.7567225184338773,0.7569956222208581,False,fr,0.6745762711864407
semantic_kernel_matern_kappa=3.0_nu=1.0_alpha_0.0,0.6544702680067002,0.7707971077991205,0.7710225011136767,False,fr,0.6745762711864407
semantic_kernel_matern_kappa=3.0_nu=1.0_alpha_0.1,0.6556218592964824,0.7707541392155457,0.7709796781863175,False,fr,0.6745762711864407
semantic_kernel_matern_kappa=3.0_nu=1.0_alpha_0.2,0.6574539363484088,0.7707838972744196,0.7710093353704156,False,fr,0.6745762711864407
semantic_kernel_matern_kappa=3.0_nu=1.0_alpha_0.3,0.6585008375209381,0.7705225888499274,0.7707489127371928,False,fr,0.6745762711864407
semantic_kernel_matern_kappa=3.0_nu=1.0_alpha_0.4,0.6583438023450586,0.7695363009433822,0.7697659681794834,False,fr,0.6745762711864407
semantic_kernel_matern_kappa=3.0_nu=1.0_alpha_0.5,0.6577680067001674,0.7678497257802821,0.768085110220326,False,fr,0.6745762711864407
semantic_kernel_matern_kappa=3.0_nu=1.0_alpha_0.6,0.6559882747068676,0.7685474332813974,0.768780452611268,False,fr,0.6745762711864407
semantic_kernel_matern_kappa=3.0_nu=1.0_alpha_0.7,0.6496021775544388,0.7640584478651389,0.7643066840947257,False,fr,0.6745762711864407
semantic_kernel_matern_kappa=3.0_nu=1.0_alpha_0.8,0.6392378559463987,0.7585948485396903,0.7588616054449563,False,fr,0.6745762711864407
semantic_kernel_matern_kappa=3.0_nu=1.0_alpha_0.9,0.6333752093802345,0.7579085214556435,0.7581776048933979,False,fr,0.6745762711864407
semantic_kernel_matern_kappa=3.0_nu=1.0_alpha_1.0,0.6242933417085428,0.753420225140654,0.753704523142188,False,fr,0.6745762711864407
semantic_kernel_maternn_kappa=3.0_nu=1.0_alpha_0.0,0.6544702680067002,0.7707971077991205,0.7710225011136767,False,fr,0.6745762711864407
semantic_kernel_maternn_kappa=3.0_nu=1.0_alpha_0.1,0.6556218592964823,0.7707316529077934,0.7709572681033374,False,fr,0.6745762711864407
semantic_kernel_maternn_kappa=3.0_nu=1.0_alpha_0.2,0.657610971524288,0.7715465977603985,0.7717694504310182,False,fr,0.6745762711864407
semantic_kernel_maternn_kappa=3.0_nu=1.0_alpha_0.3,0.6577680067001674,0.7702914443008201,0.7705185517289299,False,fr,0.6745762711864407
semantic_kernel_maternn_kappa=3.0_nu=1.0_alpha_0.4,0.6564070351758794,0.7693722680872748,0.7696024913669558,False,fr,0.6745762711864407
semantic_kernel_maternn_kappa=3.0_nu=1.0_alpha_0.5,0.6553077889447237,0.767965625943108,0.7682006175012439,False,fr,0.6745762711864407
semantic_kernel_maternn_kappa=3.0_nu=1.0_alpha_0.6,0.6542085427135678,0.7642597985032255,0.7645073521882761,False,fr,0.6745762711864407
semantic_kernel_maternn_kappa=3.0_nu=1.0_alpha_0.7,0.6439489112227805,0.7594127461578728,0.75967673052884,False,fr,0.6745762711864407
semantic_kernel_maternn_kappa=3.0_nu=1.0_alpha_0.8,0.6405464824120602,0.7577396845317403,0.7580093402980503,False,fr,0.6745762711864407
semantic_kernel_maternn_kappa=3.0_nu=1.0_alpha_0.9,0.6401277219430486,0.7583885459572508,0.758656002193305,False,fr,0.6745762711864407
semantic_kernel_maternn_kappa=3.0_nu=1.0_alpha_1.0,0.6395257537688442,0.7579254872348238,0.7581945131614625,False,fr,0.6745762711864407
semantic_kernel_matern_kappa=3.0_nu=2.0_alpha_0.0,0.6544702680067002,0.7707971077991205,0.7710225011136767,False,fr,0.6745762711864407
semantic_kernel_matern_kappa=3.0_nu=2.0_alpha_0.1,0.6556218592964824,0.770633827827225,0.7708597746332114,False,fr,0.6745762711864407
semantic_kernel_matern_kappa=3.0_nu=2.0_alpha_0.2,0.6575586264656617,0.7707744862720817,0.7709999562697804,False,fr,0.6745762711864407
semantic_kernel_matern_kappa=3.0_nu=2.0_alpha_0.3,0.6592860134003351,0.7716629436185283,0.7718854018964086,False,fr,0.6745762711864407
semantic_kernel_matern_kappa=3.0_nu=2.0_alpha_0.4,0.6608040201005025,0.7725185569093478,0.7727381148031913,False,fr,0.6745762711864407
semantic_kernel_matern_kappa=3.0_nu=2.0_alpha_0.5,0.6596000837520939,0.7702757828203689,0.7705029433382429,False,fr,0.6745762711864407
semantic_kernel_matern_kappa=3.0_nu=2.0_alpha_0.6,0.6584484924623115,0.7692325416021334,0.7694632385309167,False,fr,0.6745762711864407
semantic_kernel_matern_kappa=3.0_nu=2.0_alpha_0.7,0.6513295644891123,0.7652434424111633,0.7654876617100854,False,fr,0.6745762711864407
semantic_kernel_matern_kappa=3.0_nu=2.0_alpha_0.8,0.6430067001675042,0.7635240515790909,0.7637740993215116,False,fr,0.6745762711864407
semantic_kernel_matern_kappa=3.0_nu=2.0_alpha_0.9,0.6340556951423785,0.7576506490169628,0.7579206065985772,False,fr,0.6745762711864407
semantic_kernel_matern_kappa=3.0_nu=2.0_alpha_1.0,0.6073335427135678,0.7471862878463092,0.7474917178386716,False,fr,0.6745762711864407
semantic_kernel_maternn_kappa=3.0_nu=2.0_alpha_0.0,0.6544702680067002,0.7707971077991205,0.7710225011136767,False,fr,0.6745762711864407
semantic_kernel_maternn_kappa=3.0_nu=2.0_alpha_0.1,0.6556742043551088,0.7707697470910123,0.7709952331537318,False,fr,0.6745762711864407
semantic_kernel_maternn_kappa=3.0_nu=2.0_alpha_0.2,0.6572969011725294,0.7703610276954298,0.7705878992476258,False,fr,0.6745762711864407
semantic_kernel_maternn_kappa=3.0_nu=2.0_alpha_0.3,0.6565117252931324,0.7688542046705961,0.7690861840974523,False,fr,0.6745762711864407
semantic_kernel_maternn_kappa=3.0_nu=2.0_alpha_0.4,0.656145309882747,0.7682367196361343,0.768470792232599,False,fr,0.6745762711864407
semantic_kernel_maternn_kappa=3.0_nu=2.0_alpha_0.5,0.6550460636515913,0.7661360619308211,0.7663772554008631,False,fr,0.6745762711864407
semantic_kernel_maternn_kappa=3.0_nu=2.0_alpha_0.6,0.6512248743718593,0.7628416277686139,0.763093988812087,False,fr,0.6745762711864407
semantic_kernel_maternn_kappa=3.0_nu=2.0_alpha_0.7,0.6442106365159129,0.7576704419701392,0.757940332456997,False,fr,0.6745762711864407
semantic_kernel_maternn_kappa=3.0_nu=2.0_alpha_0.8,0.643320770519263,0.7583126597798935,0.7585803732572267,False,fr,0.6745762711864407
semantic_kernel_maternn_kappa=3.0_nu=2.0_alpha_0.9,0.6414363484087101,0.7578769592276231,0.758146149655981,False,fr,0.6745762711864407
semantic_kernel_maternn_kappa=3.0_nu=2.0_alpha_1.0,0.6357830820770519,0.7554949878009105,0.7557722527086809,False,fr,0.6745762711864407
semantic_kernel_matern_kappa=3.0_nu=3.0_alpha_0.0,0.6544702680067002,0.7707971077991205,0.7710225011136767,False,fr,0.6745762711864407
semantic_kernel_matern_kappa=3.0_nu=3.0_alpha_0.1,0.6557788944723618,0.7707274925722789,0.770953121870655,False,fr,0.6745762711864407
semantic_kernel_matern_kappa=3.0_nu=3.0_alpha_0.2,0.6575062814070352,0.7707546071848786,0.7709801445693136,False,fr,0.6745762711864407
semantic_kernel_matern_kappa=3.0_nu=3.0_alpha_0.3,0.659286013400335,0.7719378445335698,0.7721593709439415,False,fr,0.6745762711864407
semantic_kernel_matern_kappa=3.0_nu=3.0_alpha_0.4,0.660856365159129,0.7728570306236859,0.7730754411490063,False,fr,0.6745762711864407
semantic_kernel_matern_kappa=3.0_nu=3.0_alpha_0.5,0.6609087102177555,0.7722931128280599,0.7725134349391283,False,fr,0.6745762711864407
semantic_kernel_matern_kappa=3.0_nu=3.0_alpha_0.6,0.6579773869346734,0.7713918363013537,0.7716152135870887,False,fr,0.6745762711864407
semantic_kernel_matern_kappa=3.0_nu=3.0_alpha_0.7,0.6543132328308208,0.7687715264754081,0.7690037861673329,False,fr,0.6745762711864407
semantic_kernel_matern_kappa=3.0_nu=3.0_alpha_0.8,0.6463044388609716,0.7642552151341195,0.7645027843560148,False,fr,0.6745762711864407
semantic_kernel_matern_kappa=3.0_nu=3.0_alpha_0.9,0.6408082077051926,0.7630366279572021,0.763288327983087,False,fr,0.6745762711864407
semantic_kernel_matern_kappa=3.0_nu=3.0_alpha_1.0,0.600162269681742,0.7447075711825398,0.7450214036042708,False,fr,0.6745762711864407
semantic_kernel_maternn_kappa=3.0_nu=3.0_alpha_0.0,0.6544702680067002,0.7707971077991205,0.7710225011136767,False,fr,0.6745762711864407
semantic_kernel_maternn_kappa=3.0_nu=3.0_alpha_0.1,0.6555695142378559,0.7707518291120432,0.7709773759136743,False,fr,0.6745762711864407
semantic_kernel_maternn_kappa=3.0_nu=3.0_alpha_0.2,0.6573492462311559,0.7699385441219297,0.7701668478218324,False,fr,0.6745762711864407
semantic_kernel_maternn_kappa=3.0_nu=3.0_alpha_0.3,0.6561976549413735,0.7687558651546225,0.7689881779357702,False,fr,0.6745762711864407
semantic_kernel_maternn_kappa=3.0_nu=3.0_alpha_0.4,0.6558835845896147,0.7681048597389493,0.7683393793181162,False,fr,0.6745762711864407
semantic_kernel_maternn_kappa=3.0_nu=3.0_alpha_0.5,0.6542085427135678,0.7654644253740432,0.765707895578176,False,fr,0.6745762711864407
semantic_kernel_maternn_kappa=3.0_nu=3.0_alpha_0.6,0.6506490787269681,0.76151312093737,0.7617699853938306,False,fr,0.6745762711864407
semantic_kernel_maternn_kappa=3.0_nu=3.0_alpha_0.7,0.6453098827470688,0.7577590948891642,0.7580286848576524,False,fr,0.6745762711864407
semantic_kernel_maternn_kappa=3.0_nu=3.0_alpha_0.8,0.6414363484087102,0.7570045038094447,0.7572766517137965,False,fr,0.6745762711864407
semantic_kernel_maternn_kappa=3.0_nu=3.0_alpha_0.9,0.635678391959799,0.7549145188380362,0.7551937514372064,False,fr,0.6745762711864407
semantic_kernel_maternn_kappa=3.0_nu=3.0_alpha_1.0,0.6253140703517588,0.7506366856419905,0.7509304193706388,False,fr,0.6745762711864407
semantic_kernel_prod_heat_t=0.1,0.6391855108877723,0.7599592379381006,0.7602213697945586,False,fr,0.6745762711864407
semantic_kernel_sum_heat_t=0.1,0.6356260469011725,0.758750359235789,0.7590165889861532,False,fr,0.6745762711864407
semantic_kernel_prod_heatn_t=0.1,0.6403371021775545,0.7571727839642357,0.7574443614273848,False,fr,0.6745762711864407
semantic_kernel_sum_heatn_t=0.1,0.6521147403685092,0.7681979610583373,0.7684321650398114,False,fr,0.6745762711864407
semantic_kernel_prod_heat_t=0.2,0.6231155778894472,0.7526681598949492,0.7529550072701975,False,fr,0.6745762711864407
semantic_kernel_sum_heat_t=0.2,0.616152450090744,0.7580030291079716,0.7583097340166381,False,fr,0.6745762711864407
semantic_kernel_prod_heatn_t=0.2,0.6404417922948075,0.7571764273931234,0.7574479925056662,False,fr,0.6745762711864407
semantic_kernel_sum_heatn_t=0.2,0.650963149078727,0.7666425933158338,0.7668820697303335,False,fr,0.6745762711864407
semantic_kernel_prod_heat_t=0.3,0.6132747068676717,0.748572137173467,0.7488728693715002,False,fr,0.6745762711864407
semantic_kernel_sum_heat_t=0.3,0.6084443327469213,0.7773576729442653,0.7776885834549457,False,fr,0.6745762711864407
semantic_kernel_prod_heatn_t=0.3,0.6405988274706867,0.7573189048778117,0.75758998701583,False,fr,0.6745762711864407
semantic_kernel_sum_heatn_t=0.3,0.6493927973199329,0.7644831241677013,0.7647299208166014,False,fr,0.6745762711864407
semantic_kernel_prod_heat_t=0.4,0.6084066164154104,0.747065265955946,0.7473711061920046,False,fr,0.6745762711864407
semantic_kernel_sum_heat_t=0.4,0.6016048824593129,0.7918349462602589,0.7921962730464477,False,fr,0.6745762711864407
semantic_kernel_prod_heatn_t=0.4,0.6408082077051926,0.7573336638687134,0.7576046959762541,False,fr,0.6745762711864407
semantic_kernel_sum_heatn_t=0.4,0.6496545226130653,0.7653021564664618,0.765546176734688,False,fr,0.6745762711864407
semantic_kernel_prod_heat_t=0.5,0.6042190117252931,0.7456346978998629,0.7459453875191625,False,fr,0.6745762711864407
semantic_kernel_sum_heat_t=0.5,0.6119585112873703,0.7915192393829816,0.791880400358709,False,fr,0.6745762711864407
semantic_kernel_prod_heatn_t=0.5,0.6411222780569514,0.7575197233963673,0.7577901247936448,False,fr,0.6745762711864407
semantic_kernel_sum_heatn_t=0.5,0.6481365159128978,0.7642394531976784,0.7644870758498669,False,fr,0.6745762711864407
semantic_kernel_prod_heat_t=0.6,0.5994556113902848,0.744181223044087,0.7444968396967959,False,fr,0.6745762711864407
semantic_kernel_sum_heat_t=0.6,0.5940318302387269,0.7907338193906417,0.7911261365742858,False,fr,0.6745762711864407
semantic_kernel_prod_heatn_t=0.6,0.6418551088777219,0.757770578943628,0.7580401299831181,False,fr,0.6745762711864407
semantic_kernel_sum_heatn_t=0.6,0.6469849246231156,0.7631845160626888,0.7634357147729617,False,fr,0.6745762711864407
semantic_kernel_prod_heat_t=0.7,0.5977805695142379,0.7437132825567474,0.7440304854483963,False,fr,0.6745762711864407
semantic_kernel_sum_heat_t=0.7,0.6079449747332959,0.7882109065943379,0.7886036206463989,False,fr,0.6745762711864407
semantic_kernel_prod_heatn_t=0.7,0.6418551088777219,0.7577606659214509,0.7580302505644061,False,fr,0.6745762711864407
semantic_kernel_sum_heatn_t=0.7,0.6467755443886097,0.7632953614920761,0.7635461844551308,False,fr,0.6745762711864407
semantic_kernel_prod_matern_kappa=1.0_nu=1.0,0.6403371021775546,0.7596965560717662,0.7599595783752289,False,fr,0.6745762711864407
semantic_kernel_sum_matern_kappa=1.0_nu=1.0,0.6354166666666667,0.7585279816632556,0.7587949652358995,False,fr,0.6745762711864407
semantic_kernel_prod_maternn_kappa=1.0_nu=1.0,0.6396566164154104,0.7578556389273927,0.7581249016279549,False,fr,0.6745762711864407
semantic_kernel_sum_maternn_kappa=1.0_nu=1.0,0.6488170016750419,0.7640759058298909,0.764324082879936,False,fr,0.6745762711864407
semantic_kernel_prod_matern_kappa=1.0_nu=2.0,0.625209380234506,0.7537953987892201,0.7540784250156745,False,fr,0.6745762711864407
semantic_kernel_sum_matern_kappa=1.0_nu=2.0,0.6240829346092504,0.7543617674651121,0.7546468261394441,False,fr,0.6745762711864407
semantic_kernel_prod_maternn_kappa=1.0_nu=2.0,0.6405988274706867,0.7576218937936501,0.7578919488505979,False,fr,0.6745762711864407
semantic_kernel_sum_maternn_kappa=1.0_nu=2.0,0.6485552763819095,0.7643409966607554,0.7645882750978148,False,fr,0.6745762711864407
semantic_kernel_prod_matern_kappa=1.0_nu=3.0,0.6196084589614741,0.7514023248383277,0.7516934631798696,False,fr,0.6745762711864407
semantic_kernel_sum_matern_kappa=1.0_nu=3.0,0.6113592500689276,0.7505002631554251,0.7508059624731724,False,fr,0.6745762711864407
semantic_kernel_prod_maternn_kappa=1.0_nu=3.0,0.6404941373534339,0.7573615937408541,0.757632531170862,False,fr,0.6745762711864407
semantic_kernel_sum_maternn_kappa=1.0_nu=3.0,0.6484505862646566,0.7647688965969569,0.7650147245257578,False,fr,0.6745762711864407
semantic_kernel_prod_matern_kappa=2.0_nu=1.0,0.6279836683417085,0.7552364829632321,0.755514624158588,False,fr,0.6745762711864407
semantic_kernel_sum_matern_kappa=2.0_nu=1.0,0.6237960636515912,0.7544466167262548,0.7547274354342783,False,fr,0.6745762711864407
semantic_kernel_prod_maternn_kappa=2.0_nu=1.0,0.6381909547738693,0.7570565865178382,0.757328557870636,False,fr,0.6745762711864407
semantic_kernel_sum_maternn_kappa=2.0_nu=1.0,0.644786432160804,0.7619657959052744,0.7622211258703183,False,fr,0.6745762711864407
semantic_kernel_prod_matern_kappa=2.0_nu=2.0,0.6109191792294807,0.7488171025842753,0.7491170043910853,False,fr,0.6745762711864407
semantic_kernel_sum_matern_kappa=2.0_nu=2.0,0.5990025223572575,0.7546076078404778,0.7549207728976087,False,fr,0.6745762711864407
semantic_kernel_prod_maternn_kappa=2.0_nu=2.0,0.6397089614740368,0.7573365989110366,0.7576076210692814,False,fr,0.6745762711864407
semantic_kernel_sum_maternn_kappa=2.0_nu=2.0,0.6429543551088777,0.7605171027765297,0.7607773435657388,False,fr,0.6745762711864407
semantic_kernel_prod_matern_kappa=2.0_nu=3.0,0.6038002512562815,0.7460051644000785,0.7463145982007331,False,fr,0.6745762711864407
semantic_kernel_sum_matern_kappa=2.0_nu=3.0,0.5785929881588112,0.7618356608140402,0.762204318170784,False,fr,0.6745762711864407
semantic_kernel_prod_maternn_kappa=2.0_nu=3.0,0.6399706867671692,0.7567198846009892,0.756992997316217,False,fr,0.6745762711864407
semantic_kernel_sum_maternn_kappa=2.0_nu=3.0,0.6411746231155778,0.7589106870716267,0.7591763733378015,False,fr,0.6745762711864407
semantic_kernel_prod_matern_kappa=3.0_nu=1.0,0.6242148241206029,0.7542108210393559,0.7544924390547928,False,fr,0.6745762711864407
semantic_kernel_sum_matern_kappa=3.0_nu=1.0,0.621178810720268,0.753732878007368,0.754016116168676,False,fr,0.6745762711864407
semantic_kernel_prod_maternn_kappa=3.0_nu=1.0,0.6393425460636516,0.7578754672268206,0.7581446627128083,False,fr,0.6745762711864407
semantic_kernel_sum_maternn_kappa=3.0_nu=1.0,0.6399183417085427,0.7590997835350722,0.7593648287962863,False,fr,0.6745762711864407
semantic_kernel_prod_matern_kappa=3.0_nu=2.0,0.6072550251256282,0.7473844205690948,0.7476891789251088,False,fr,0.6745762711864407
semantic_kernel_sum_matern_kappa=3.0_nu=2.0,0.5871265783800431,0.7539657552188198,0.7542992651374243,False,fr,0.6745762711864407
semantic_kernel_prod_maternn_kappa=3.0_nu=2.0,0.635573701842546,0.755421218455774,0.7556987334291213,False,fr,0.6745762711864407
semantic_kernel_sum_maternn_kappa=3.0_nu=2.0,0.6247906197654942,0.7524280946463695,0.7527157558021216,False,fr,0.6745762711864407
semantic_kernel_prod_matern_kappa=3.0_nu=3.0,0.6002407872696817,0.7446283572633606,0.7449424582068516,False,fr,0.6745762711864407
semantic_kernel_sum_matern_kappa=3.0_nu=3.0,0.5835998578535891,0.7688166598653308,0.7691938094340341,False,fr,0.6745762711864407
semantic_kernel_prod_maternn_kappa=3.0_nu=3.0,0.6252093802345058,0.7504195119701782,0.7507139818807648,False,fr,0.6745762711864407
semantic_kernel_sum_maternn_kappa=3.0_nu=3.0,0.612751256281407,0.747261765390331,0.7475669395266118,False,fr,0.6745762711864407
full_klu_heat_t=0.1_alpha_0.0,0.6544702680067002,0.7707971077991205,0.7710225011136767,False,fr,0.6745762711864407
full_klu_heat_t=0.1_alpha_0.1,0.6534757118927973,0.7695832044078208,0.7698127126491272,False,fr,0.6745762711864407
full_klu_heat_t=0.1_alpha_0.2,0.6527952261306533,0.7689469791874118,0.7691786441243806,False,fr,0.6745762711864407
full_klu_heat_t=0.1_alpha_0.3,0.6516959798994976,0.768489516753298,0.7687227324103825,False,fr,0.6745762711864407
full_klu_heat_t=0.1_alpha_0.4,0.6508061139028476,0.7681096461665247,0.7683441495205136,False,fr,0.6745762711864407
full_klu_heat_t=0.1_alpha_0.5,0.6501256281407035,0.7673743245987195,0.7676113205681923,False,fr,0.6745762711864407
full_klu_heat_t=0.1_alpha_0.6,0.6485029313232831,0.7651367188673124,0.7653812999409595,False,fr,0.6745762711864407
full_klu_heat_t=0.1_alpha_0.7,0.6491310720268008,0.764598355845618,0.7648447618786608,False,fr,0.6745762711864407
full_klu_heat_t=0.1_alpha_0.8,0.6466708542713568,0.7633219349021801,0.7635726677858785,False,fr,0.6745762711864407
full_klu_heat_t=0.1_alpha_0.9,0.638714405360134,0.7596740162039625,0.7599371149137565,False,fr,0.6745762711864407
full_klu_heat_t=0.1_alpha_1.0,0.5780464824120604,0.7216834535664756,0.7220753338445324,False,fr,0.6745762711864407
full_klu_heatn_t=0.1_alpha_0.0,0.6544702680067002,0.7707971077991205,0.7710225011136767,False,fr,0.6745762711864407
full_klu_heatn_t=0.1_alpha_0.1,0.6536327470686767,0.7700272638453415,0.770255266800419,False,fr,0.6745762711864407
full_klu_heatn_t=0.1_alpha_0.2,0.6522194304857621,0.7693039907517696,0.7695344454800457,False,fr,0.6745762711864407
full_klu_heatn_t=0.1_alpha_0.3,0.6513819095477387,0.768927115253679,0.7691588475260165,False,fr,0.6745762711864407
full_klu_heatn_t=0.1_alpha_0.4,0.6512248743718593,0.7688382637476368,0.76907029721152,False,fr,0.6745762711864407
full_klu_heatn_t=0.1_alpha_0.5,0.6501779731993299,0.7683915369366805,0.7686250847287366,False,fr,0.6745762711864407
full_klu_heatn_t=0.1_alpha_0.6,0.6509108040201005,0.768700319410649,0.7689328204824543,False,fr,0.6745762711864407
full_klu_heatn_t=0.1_alpha_0.7,0.6508061139028476,0.7687765036918152,0.76900874651182,False,fr,0.6745762711864407
full_klu_heatn_t=0.1_alpha_0.8,0.6496021775544388,0.7684353847158938,0.7686687838714101,False,fr,0.6745762711864407
full_klu_heatn_t=0.1_alpha_0.9,0.6480318257956449,0.7678024067779927,0.7680379516214342,False,fr,0.6745762711864407
full_klu_heatn_t=0.1_alpha_1.0,0.4260102596314908,0.6025086341356469,0.601609581598215,False,fr,0.6745762711864407
full_klu_heat_t=0.2_alpha_0.0,0.6544702680067002,0.7707971077991205,0.7710225011136767,False,fr,0.6745762711864407
full_klu_heat_t=0.2_alpha_0.1,0.653999162479062,0.7698534880863026,0.7700820801117498,False,fr,0.6745762711864407
full_klu_heat_t=0.2_alpha_0.2,0.6528475711892798,0.7684090778984334,0.7686425662296023,False,fr,0.6745762711864407
full_klu_heat_t=0.2_alpha_0.3,0.6512248743718593,0.7662744719090836,0.7665151961927587,False,fr,0.6745762711864407
full_klu_heat_t=0.2_alpha_0.4,0.6492881072026802,0.7643652765457832,0.7646124726781475,False,fr,0.6745762711864407
full_klu_heat_t=0.2_alpha_0.5,0.6476130653266332,0.7636105237778914,0.7638602783942147,False,fr,0.6745762711864407
full_klu_heat_t=0.2_alpha_0.6,0.6451005025125629,0.7627299195818826,0.7629826592971752,False,fr,0.6745762711864407
full_klu_heat_t=0.2_alpha_0.7,0.6400230318257957,0.7602717580097089,0.7605328304760938,False,fr,0.6745762711864407
full_klu_heat_t=0.2_alpha_0.8,0.6314384422110553,0.7557007772284774,0.755977344544968,False,fr,0.6745762711864407
full_klu_heat_t=0.2_alpha_0.9,0.6126989112227806,0.745358428568887,0.7456700546943932,False,fr,0.6745762711864407
full_klu_heat_t=0.2_alpha_1.0,0.5789101758793971,0.7219719428206002,0.722362845168982,False,fr,0.6745762711864407
full_klu_heatn_t=0.2_alpha_0.0,0.6544702680067002,0.7707971077991205,0.7710225011136767,False,fr,0.6745762711864407
full_klu_heatn_t=0.2_alpha_0.1,0.6535280569514238,0.7699493168308181,0.7701775840130635,False,fr,0.6745762711864407
full_klu_heatn_t=0.2_alpha_0.2,0.6523241206030151,0.7693592894654038,0.7695895567404133,False,fr,0.6745762711864407
full_klu_heatn_t=0.2_alpha_0.3,0.6515912897822446,0.7689079602177927,0.7691397574224552,False,fr,0.6745762711864407
full_klu_heatn_t=0.2_alpha_0.4,0.6515912897822446,0.768996052793427,0.769227551379189,False,fr,0.6745762711864407
full_klu_heatn_t=0.2_alpha_0.5,0.650753768844221,0.7687330000690473,0.7689653903589597,False,fr,0.6745762711864407
full_klu_heatn_t=0.2_alpha_0.6,0.6512772194304858,0.7690685033946111,0.7692997563851149,False,fr,0.6745762711864407
full_klu_heatn_t=0.2_alpha_0.7,0.6507537688442211,0.7692191366358401,0.769449879005187,False,fr,0.6745762711864407
full_klu_heatn_t=0.2_alpha_0.8,0.6482412060301508,0.7681959724289911,0.7684301831515817,False,fr,0.6745762711864407
full_klu_heatn_t=0.2_alpha_0.9,0.645571608040201,0.7671773507214255,0.767415014398957,False,fr,0.6745762711864407
full_klu_heatn_t=0.2_alpha_1.0,0.4239164572864322,0.601102863436826,0.6002085762237969,False,fr,0.6745762711864407
full_klu_heat_t=0.3_alpha_0.0,0.6544702680067002,0.7707971077991205,0.7710225011136767,False,fr,0.6745762711864407
full_klu_heat_t=0.3_alpha_0.1,0.6537897822445561,0.769226764904863,0.7694574814156709,False,fr,0.6745762711864407
full_klu_heat_t=0.3_alpha_0.2,0.6515389447236182,0.7660787548543248,0.7663201425856431,False,fr,0.6745762711864407
full_klu_heat_t=0.3_alpha_0.3,0.64928810720268,0.7642719572026447,0.7645194696717654,False,fr,0.6745762711864407
full_klu_heat_t=0.3_alpha_0.4,0.6471943048576214,0.7633445304954347,0.7635951867839016,False,fr,0.6745762711864407
full_klu_heat_t=0.3_alpha_0.5,0.642430904522613,0.7612457265061476,0.7615034973844088,False,fr,0.6745762711864407
full_klu_heat_t=0.3_alpha_0.6,0.6385573701842546,0.759384259349914,0.7596483402863321,False,fr,0.6745762711864407
full_klu_heat_t=0.3_alpha_0.7,0.6306532663316584,0.7553284472935506,0.755606276745414,False,fr,0.6745762711864407
full_klu_heat_t=0.3_alpha_0.8,0.6177240368509213,0.7485492080117191,0.7488500179357241,False,fr,0.6745762711864407
full_klu_heat_t=0.3_alpha_0.9,0.6050565326633166,0.7421862193973832,0.7425085987743183,False,fr,0.6745762711864407
full_klu_heat_t=0.3_alpha_1.0,0.5788316582914573,0.7209343154333125,0.7213287351626682,False,fr,0.6745762711864407
full_klu_heatn_t=0.3_alpha_0.0,0.6544702680067002,0.7707971077991205,0.7710225011136767,False,fr,0.6745762711864407
full_klu_heatn_t=0.3_alpha_0.1,0.6537374371859297,0.7700640372306837,0.7702919155302178,False,fr,0.6745762711864407
full_klu_heatn_t=0.3_alpha_0.2,0.6521147403685092,0.7692344226755451,0.7694651132278084,False,fr,0.6745762711864407
full_klu_heatn_t=0.3_alpha_0.3,0.6516959798994976,0.7691570888003878,0.7693880415013804,False,fr,0.6745762711864407
full_klu_heatn_t=0.3_alpha_0.4,0.6513819095477387,0.7689791801251624,0.7692107359064101,False,fr,0.6745762711864407
full_klu_heatn_t=0.3_alpha_0.5,0.6514342546063651,0.7691818419936051,0.7694127107854681,False,fr,0.6745762711864407
full_klu_heatn_t=0.3_alpha_0.6,0.6517483249581238,0.769722413176262,0.7699514495234381,False,fr,0.6745762711864407
full_klu_heatn_t=0.3_alpha_0.7,0.6502303182579565,0.7690468451124375,0.769278171520847,False,fr,0.6745762711864407
full_klu_heatn_t=0.3_alpha_0.8,0.6485552763819096,0.7684876633135921,0.7687208852535231,False,fr,0.6745762711864407
full_klu_heatn_t=0.3_alpha_0.9,0.6426926298157454,0.765103618135661,0.7653483114151781,False,fr,0.6745762711864407
full_klu_heatn_t=0.3_alpha_1.0,0.4258532244556114,0.6020711460037027,0.6011735764768874,False,fr,0.6745762711864407
full_klu_heat_t=0.4_alpha_0.0,0.6544702680067002,0.7707971077991205,0.7710225011136767,False,fr,0.6745762711864407
full_klu_heat_t=0.4_alpha_0.1,0.6527952261306533,0.768591156083229,0.768824027200212,False,fr,0.6745762711864407
full_klu_heat_t=0.4_alpha_0.2,0.6513295644891122,0.7658517973237637,0.7660939544026432,False,fr,0.6745762711864407
full_klu_heat_t=0.4_alpha_0.3,0.6478747906197656,0.7637237446439067,0.7639731154606839,False,fr,0.6745762711864407
full_klu_heat_t=0.4_alpha_0.4,0.6452051926298157,0.7625968164905116,0.7628500074027242,False,fr,0.6745762711864407
full_klu_heat_t=0.4_alpha_0.5,0.6419597989949749,0.761071807161396,0.7613301675967582,False,fr,0.6745762711864407
full_klu_heat_t=0.4_alpha_0.6,0.6359924623115578,0.757998840693394,0.7582676179642409,False,fr,0.6745762711864407
full_klu_heat_t=0.4_alpha_0.7,0.626465661641541,0.7532903579540619,0.7535750961833472,False,fr,0.6745762711864407
full_klu_heat_t=0.4_alpha_0.8,0.6153161641541038,0.7475581670749232,0.7478623364597311,False,fr,0.6745762711864407
full_klu_heat_t=0.4_alpha_0.9,0.6019158291457287,0.7413456327086503,0.7416708615319878,False,fr,0.6745762711864407
full_klu_heat_t=0.4_alpha_1.0,0.575978852596315,0.7204481128071665,0.7208441806810175,False,fr,0.6745762711864407
full_klu_heatn_t=0.4_alpha_0.0,0.6544702680067002,0.7707971077991205,0.7710225011136767,False,fr,0.6745762711864407
full_klu_heatn_t=0.4_alpha_0.1,0.6536850921273032,0.770001972538793,0.770230061227113,False,fr,0.6745762711864407
full_klu_heatn_t=0.4_alpha_0.2,0.6522717755443886,0.7693799437897362,0.769610141050087,False,fr,0.6745762711864407
full_klu_heatn_t=0.4_alpha_0.3,0.6519577051926299,0.7693719074809235,0.7696021319829992,False,fr,0.6745762711864407
full_klu_heatn_t=0.4_alpha_0.4,0.6515389447236181,0.7693159182300557,0.7695463325262022,False,fr,0.6745762711864407
full_klu_heatn_t=0.4_alpha_0.5,0.651748324958124,0.7696638673309555,0.769893102138624,False,fr,0.6745762711864407
full_klu_heatn_t=0.4_alpha_0.6,0.6515912897822447,0.7696883951129667,0.7699175467756116,False,fr,0.6745762711864407
full_klu_heatn_t=0.4_alpha_0.7,0.6500209380234506,0.76916516143468,0.7693960867708106,False,fr,0.6745762711864407
full_klu_heatn_t=0.4_alpha_0.8,0.6475607202680067,0.7681659265740967,0.7684002391470427,False,fr,0.6745762711864407
full_klu_heatn_t=0.4_alpha_0.9,0.6377198492462312,0.7612927703014054,0.7615503817091743,False,fr,0.6745762711864407
full_klu_heatn_t=0.4_alpha_1.0,0.42509422110552764,0.6070485476460867,0.6078290208255686,False,fr,0.6745762711864407
full_klu_heat_t=0.5_alpha_0.0,0.6544702680067002,0.7707971077991205,0.7710225011136767,False,fr,0.6745762711864407
full_klu_heat_t=0.5_alpha_0.1,0.6535280569514238,0.7691141983790898,0.7693452964713411,False,fr,0.6745762711864407
full_klu_heat_t=0.5_alpha_0.2,0.6515912897822446,0.7663519476780851,0.7665924093320347,False,fr,0.6745762711864407
full_klu_heat_t=0.5_alpha_0.3,0.6484505862646567,0.7637101499456916,0.7639595668461918,False,fr,0.6745762711864407
full_klu_heat_t=0.5_alpha_0.4,0.6449434673366834,0.7622538463550358,0.7625081998778771,False,fr,0.6745762711864407
full_klu_heat_t=0.5_alpha_0.5,0.641855108877722,0.761010049114306,0.7612686188989803,False,fr,0.6745762711864407
full_klu_heat_t=0.5_alpha_0.6,0.6364112227805695,0.7584348268996368,0.7587021262511404,False,fr,0.6745762711864407
full_klu_heat_t=0.5_alpha_0.7,0.6285594639865997,0.7542668659645515,0.754548293997191,False,fr,0.6745762711864407
full_klu_heat_t=0.5_alpha_0.8,0.615787269681742,0.7482255278942322,0.7485274350389746,False,fr,0.6745762711864407
full_klu_heat_t=0.5_alpha_0.9,0.6023869346733668,0.741553211335126,0.7418777365021025,False,fr,0.6745762711864407
full_klu_heat_t=0.5_alpha_1.0,0.5732045644891123,0.7195405250210645,0.719939669463682,False,fr,0.6745762711864407
full_klu_heatn_t=0.5_alpha_0.0,0.6544702680067002,0.7707971077991205,0.7710225011136767,False,fr,0.6745762711864407
full_klu_heatn_t=0.5_alpha_0.1,0.6538421273031826,0.7700997966924068,0.7703275537734265,False,fr,0.6745762711864407
full_klu_heatn_t=0.5_alpha_0.2,0.6521670854271356,0.7693921431542348,0.7696222990608075,False,fr,0.6745762711864407
full_klu_heatn_t=0.5_alpha_0.3,0.6518530150753769,0.7692995787247782,0.7695300484090781,False,fr,0.6745762711864407
full_klu_heatn_t=0.5_alpha_0.4,0.651643634840871,0.769334372121863,0.7695647238624439,False,fr,0.6745762711864407
full_klu_heatn_t=0.5_alpha_0.5,0.6519053601340032,0.7697742129766453,0.7700030737312776,False,fr,0.6745762711864407
full_klu_heatn_t=0.5_alpha_0.6,0.6513295644891123,0.7698240511121297,0.7700527429239299,False,fr,0.6745762711864407
full_klu_heatn_t=0.5_alpha_0.7,0.6488170016750419,0.768780873235626,0.769013101243618,False,fr,0.6745762711864407
full_klu_heatn_t=0.5_alpha_0.8,0.6453098827470687,0.7668974905472714,0.7671361029033592,False,fr,0.6745762711864407
full_klu_heatn_t=0.5_alpha_0.9,0.6315431323283082,0.757791456924862,0.7580609371915344,False,fr,0.6745762711864407
full_klu_heatn_t=0.5_alpha_1.0,0.4255653266331659,0.6066439700623532,0.6074258146912714,False,fr,0.6745762711864407
full_klu_heat_t=0.6_alpha_0.0,0.6544702680067002,0.7707971077991205,0.7710225011136767,False,fr,0.6745762711864407
full_klu_heat_t=0.6_alpha_0.1,0.6537374371859298,0.7697502366340856,0.7699791786644555,False,fr,0.6745762711864407
full_klu_heat_t=0.6_alpha_0.2,0.6521147403685092,0.7672943659966824,0.7675316330122639,False,fr,0.6745762711864407
full_klu_heat_t=0.6_alpha_0.3,0.6502826633165829,0.765266817580312,0.7655109576413727,False,fr,0.6745762711864407
full_klu_heat_t=0.6_alpha_0.4,0.6459903685092128,0.7624969586476089,0.7627504880609838,False,fr,0.6745762711864407
full_klu_heat_t=0.6_alpha_0.5,0.6427449748743719,0.7613894300219888,0.7616467137696878,False,fr,0.6745762711864407
full_klu_heat_t=0.6_alpha_0.6,0.6367776381909549,0.7587509237554341,0.7590171515921724,False,fr,0.6745762711864407
full_klu_heat_t=0.6_alpha_0.7,0.6318048576214406,0.7560428550451954,0.7563182627758668,False,fr,0.6745762711864407
full_klu_heat_t=0.6_alpha_0.8,0.6175670016750419,0.7491557511195845,0.7494545049652579,False,fr,0.6745762711864407
full_klu_heat_t=0.6_alpha_0.9,0.6024392797319933,0.7425612964073156,0.7428824043367593,False,fr,0.6745762711864407
full_klu_heat_t=0.6_alpha_1.0,0.5693310301507537,0.7182107495004144,0.7186144016566611,False,fr,0.6745762711864407
full_klu_heatn_t=0.6_alpha_0.0,0.6544702680067002,0.7707971077991205,0.7710225011136767,False,fr,0.6745762711864407
full_klu_heatn_t=0.6_alpha_0.1,0.6541561976549414,0.7703341852649391,0.7705611478084248,False,fr,0.6745762711864407
full_klu_heatn_t=0.6_alpha_0.2,0.6521147403685091,0.769410999573958,0.769641091560464,False,fr,0.6745762711864407
full_klu_heatn_t=0.6_alpha_0.3,0.6519053601340034,0.7694916462043313,0.7697214648124292,False,fr,0.6745762711864407
full_klu_heatn_t=0.6_alpha_0.4,0.651748324958124,0.7697346006758232,0.7699635957094414,False,fr,0.6745762711864407
full_klu_heatn_t=0.6_alpha_0.5,0.651853015075377,0.7697648930165388,0.7699937853642563,False,fr,0.6745762711864407
full_klu_heatn_t=0.6_alpha_0.6,0.6503873534338358,0.7694808920525029,0.7697107471153527,False,fr,0.6745762711864407
full_klu_heatn_t=0.6_alpha_0.7,0.6477701005025125,0.76829384546727,0.7685277244168494,False,fr,0.6745762711864407
full_klu_heatn_t=0.6_alpha_0.8,0.6424309045226131,0.7653802467423696,0.7656240022977961,False,fr,0.6745762711864407
full_klu_heatn_t=0.6_alpha_0.9,0.6235343383584591,0.7456111975708608,0.7442270515980554,False,fr,0.6745762711864407
full_klu_heatn_t=0.6_alpha_1.0,0.4257747068676717,0.6043556555532672,0.6051452571805214,False,fr,0.6745762711864407
full_klu_heat_t=0.7_alpha_0.0,0.6544702680067002,0.7707971077991205,0.7710225011136767,False,fr,0.6745762711864407
full_klu_heat_t=0.7_alpha_0.1,0.6533186767169179,0.7694882537844698,0.769718083892296,False,fr,0.6745762711864407
full_klu_heat_t=0.7_alpha_0.2,0.6526905360134003,0.7682897858851246,0.7685236785959995,False,fr,0.6745762711864407
full_klu_heat_t=0.7_alpha_0.3,0.6520623953098827,0.7666209562349536,0.7668605059954902,False,fr,0.6745762711864407
full_klu_heat_t=0.7_alpha_0.4,0.6477701005025125,0.7638488612819777,0.7640978079745582,False,fr,0.6745762711864407
full_klu_heat_t=0.7_alpha_0.5,0.6435824958123952,0.7616485199526073,0.7619049254293552,False,fr,0.6745762711864407
full_klu_heat_t=0.7_alpha_0.6,0.6394472361809045,0.7599645166626936,0.76022663062517,False,fr,0.6745762711864407
full_klu_heat_t=0.7_alpha_0.7,0.6318572026800671,0.756094402524024,0.7563696355174788,False,fr,0.6745762711864407
full_klu_heat_t=0.7_alpha_0.8,0.6214928810720267,0.751227811834712,0.7515195417457577,False,fr,0.6745762711864407
full_klu_heat_t=0.7_alpha_0.9,0.6029103852596316,0.7431451661929749,0.7434642949028062,False,fr,0.6745762711864407
full_klu_heat_t=0.7_alpha_1.0,0.5657192211055277,0.7175177555585319,0.7179237568467853,False,fr,0.6745762711864407
full_klu_heatn_t=0.7_alpha_0.0,0.6544702680067002,0.7707971077991205,0.7710225011136767,False,fr,0.6745762711864407
full_klu_heatn_t=0.7_alpha_0.1,0.6538421273031826,0.7702005841862555,0.7704279996147536,False,fr,0.6745762711864407
full_klu_heatn_t=0.7_alpha_0.2,0.6521670854271358,0.7694598933602717,0.7696898196051292,False,fr,0.6745762711864407
full_klu_heatn_t=0.7_alpha_0.3,0.6520623953098827,0.769579338054101,0.7698088594016912,False,fr,0.6745762711864407
full_klu_heatn_t=0.7_alpha_0.4,0.6520623953098827,0.7699098126177744,0.7701382137126063,False,fr,0.6745762711864407
full_klu_heatn_t=0.7_alpha_0.5,0.6520623953098826,0.7702365827094318,0.7704638761090379,False,fr,0.6745762711864407
full_klu_heatn_t=0.7_alpha_0.6,0.6491310720268006,0.7689422711939495,0.7691739520902182,False,fr,0.6745762711864407
full_klu_heatn_t=0.7_alpha_0.7,0.646566164154104,0.7676043626150612,0.7678405787946482,False,fr,0.6745762711864407
full_klu_heatn_t=0.7_alpha_0.8,0.6418027638190955,0.7648194850619381,0.7650651415044171,False,fr,0.6745762711864407
full_klu_heatn_t=0.7_alpha_0.9,0.6191896984924623,0.7425918336613707,0.7412179228204617,False,fr,0.6745762711864407
full_klu_heatn_t=0.7_alpha_1.0,0.4270048157453937,0.6034262428047383,0.6042189949836825,False,fr,0.6745762711864407
full_klu_matern_kappa=1.0_nu=1.0_alpha_0.0,0.6544702680067002,0.7707971077991205,0.7710225011136767,False,fr,0.6745762711864407
full_klu_matern_kappa=1.0_nu=1.0_alpha_0.1,0.6539468174204355,0.7700899501374148,0.770317740596587,False,fr,0.6745762711864407
full_klu_matern_kappa=1.0_nu=1.0_alpha_0.2,0.6533710217755444,0.7695306762009748,0.7697603625039995,False,fr,0.6745762711864407
full_klu_matern_kappa=1.0_nu=1.0_alpha_0.3,0.651853015075377,0.7687365392690897,0.7689689175617139,False,fr,0.6745762711864407
full_klu_matern_kappa=1.0_nu=1.0_alpha_0.4,0.6504920435510888,0.7671742678466698,0.767411941974624,False,fr,0.6745762711864407
full_klu_matern_kappa=1.0_nu=1.0_alpha_0.5,0.6500209380234505,0.7659812184687023,0.7662229368318362,False,fr,0.6745762711864407
full_klu_matern_kappa=1.0_nu=1.0_alpha_0.6,0.6480318257956448,0.7640603994823373,0.7643086290962726,False,fr,0.6745762711864407
full_klu_matern_kappa=1.0_nu=1.0_alpha_0.7,0.6452575376884422,0.7626336083065928,0.7628866745007846,False,fr,0.6745762711864407
full_klu_matern_kappa=1.0_nu=1.0_alpha_0.8,0.638714405360134,0.7602242786008209,0.7604855120143545,False,fr,0.6745762711864407
full_klu_matern_kappa=1.0_nu=1.0_alpha_0.9,0.6238484087102178,0.752595425506865,0.7528825194393612,False,fr,0.6745762711864407
full_klu_matern_kappa=1.0_nu=1.0_alpha_1.0,0.5766593383584591,0.7204732291115699,0.7208692118454059,False,fr,0.6745762711864407
full_klu_maternn_kappa=1.0_nu=1.0_alpha_0.0,0.6544702680067002,0.7707971077991205,0.7710225011136767,False,fr,0.6745762711864407
full_klu_maternn_kappa=1.0_nu=1.0_alpha_0.1,0.6537374371859297,0.7700666915728491,0.770294560874613,False,fr,0.6745762711864407
full_klu_maternn_kappa=1.0_nu=1.0_alpha_0.2,0.6523241206030151,0.7694091409391022,0.7696392392260654,False,fr,0.6745762711864407
full_klu_maternn_kappa=1.0_nu=1.0_alpha_0.3,0.6518530150753769,0.7692587448278714,0.7694893529321608,False,fr,0.6745762711864407
full_klu_maternn_kappa=1.0_nu=1.0_alpha_0.4,0.6518006700167505,0.7693301729355904,0.769560538910701,False,fr,0.6745762711864407
full_klu_maternn_kappa=1.0_nu=1.0_alpha_0.5,0.6515389447236181,0.7692646249308492,0.7694952131025861,False,fr,0.6745762711864407
full_klu_maternn_kappa=1.0_nu=1.0_alpha_0.6,0.6511725293132329,0.7694772456398247,0.7697071130633955,False,fr,0.6745762711864407
full_klu_maternn_kappa=1.0_nu=1.0_alpha_0.7,0.6503873534338358,0.769386159201334,0.7696163353924929,False,fr,0.6745762711864407
full_klu_maternn_kappa=1.0_nu=1.0_alpha_0.8,0.6474036850921273,0.7681887579637245,0.7684229931421295,False,fr,0.6745762711864407
full_klu_maternn_kappa=1.0_nu=1.0_alpha_0.9,0.6407035175879398,0.7650266863783919,0.7652716404435269,False,fr,0.6745762711864407
full_klu_maternn_kappa=1.0_nu=1.0_alpha_1.0,0.42614112227805695,0.6047940762385655,0.605582191694005,False,fr,0.6745762711864407
full_klu_matern_kappa=1.0_nu=2.0_alpha_0.0,0.6544702680067002,0.7707971077991205,0.7710225011136767,False,fr,0.6745762711864407
full_klu_matern_kappa=1.0_nu=2.0_alpha_0.1,0.6537897822445561,0.7698053904262746,0.7700341454946371,False,fr,0.6745762711864407
full_klu_matern_kappa=1.0_nu=2.0_alpha_0.2,0.6534233668341709,0.769272405202436,0.7695029670003709,False,fr,0.6745762711864407
full_klu_matern_kappa=1.0_nu=2.0_alpha_0.3,0.6516436348408711,0.7670916146001678,0.7673295689086189,False,fr,0.6745762711864407
full_klu_matern_kappa=1.0_nu=2.0_alpha_0.4,0.6491834170854272,0.7644866587556617,0.7647334434229076,False,fr,0.6745762711864407
full_klu_matern_kappa=1.0_nu=2.0_alpha_0.5,0.6471943048576215,0.7635573483725218,0.7638072832444565,False,fr,0.6745762711864407
full_klu_matern_kappa=1.0_nu=2.0_alpha_0.6,0.6437918760469011,0.7622516361797425,0.7625059971947034,False,fr,0.6745762711864407
full_klu_matern_kappa=1.0_nu=2.0_alpha_0.7,0.6389761306532664,0.7599914719263856,0.7602534945150866,False,fr,0.6745762711864407
full_klu_matern_kappa=1.0_nu=2.0_alpha_0.8,0.6290829145728644,0.7547675843415274,0.7550473150237366,False,fr,0.6745762711864407
full_klu_matern_kappa=1.0_nu=2.0_alpha_0.9,0.6111285594639867,0.7452384634209659,0.7455504962079905,False,fr,0.6745762711864407
full_klu_matern_kappa=1.0_nu=2.0_alpha_1.0,0.5759003350083752,0.7206093994700522,0.7210049206094529,False,fr,0.6745762711864407
full_klu_maternn_kappa=1.0_nu=2.0_alpha_0.0,0.6544702680067002,0.7707971077991205,0.7710225011136767,False,fr,0.6745762711864407
full_klu_maternn_kappa=1.0_nu=2.0_alpha_0.1,0.6536327470686768,0.7700002719324602,0.7702283663855475,False,fr,0.6745762711864407
full_klu_maternn_kappa=1.0_nu=2.0_alpha_0.2,0.6522194304857621,0.7693332661094605,0.7695636215992361,False,fr,0.6745762711864407
full_klu_maternn_kappa=1.0_nu=2.0_alpha_0.3,0.6518530150753769,0.7692637424175296,0.7694943335808372,False,fr,0.6745762711864407
full_klu_maternn_kappa=1.0_nu=2.0_alpha_0.4,0.6516436348408711,0.7693723530950412,0.7696025760865605,False,fr,0.6745762711864407
full_klu_maternn_kappa=1.0_nu=2.0_alpha_0.5,0.651748324958124,0.7696466889004321,0.7698759819400686,False,fr,0.6745762711864407
full_klu_maternn_kappa=1.0_nu=2.0_alpha_0.6,0.6514865996649916,0.7696515982740346,0.7698808746717268,False,fr,0.6745762711864407
full_klu_maternn_kappa=1.0_nu=2.0_alpha_0.7,0.6499685929648241,0.769115099507939,0.7693461945455161,False,fr,0.6745762711864407
full_klu_maternn_kappa=1.0_nu=2.0_alpha_0.8,0.6476130653266332,0.7684169581423577,0.768650419760835,False,fr,0.6745762711864407
full_klu_maternn_kappa=1.0_nu=2.0_alpha_0.9,0.636568257956449,0.7611795645418183,0.7614375596979247,False,fr,0.6745762711864407
full_klu_maternn_kappa=1.0_nu=2.0_alpha_1.0,0.4265337102177555,0.6053345225408213,0.6061208059748973,False,fr,0.6745762711864407
full_klu_matern_kappa=1.0_nu=3.0_alpha_0.0,0.6544702680067002,0.7707971077991205,0.7710225011136767,False,fr,0.6745762711864407
full_klu_matern_kappa=1.0_nu=3.0_alpha_0.1,0.6535804020100503,0.7696792599404758,0.7699084425698072,False,fr,0.6745762711864407
full_klu_matern_kappa=1.0_nu=3.0_alpha_0.2,0.6521147403685091,0.7677001679756035,0.7679360593912564,False,fr,0.6745762711864407
full_klu_matern_kappa=1.0_nu=3.0_alpha_0.3,0.6505443886097153,0.7655176614195106,0.7657609511624722,False,fr,0.6745762711864407
full_klu_matern_kappa=1.0_nu=3.0_alpha_0.4,0.6481365159128979,0.7638473371497785,0.7640962890089088,False,fr,0.6745762711864407
full_klu_matern_kappa=1.0_nu=3.0_alpha_0.5,0.6448911222780569,0.7625084064026526,0.7627618970100782,False,fr,0.6745762711864407
full_klu_matern_kappa=1.0_nu=3.0_alpha_0.6,0.6411746231155779,0.7609498819923067,0.7612086557333267,False,fr,0.6745762711864407
full_klu_matern_kappa=1.0_nu=3.0_alpha_0.7,0.6347361809045226,0.7577049260188815,0.757974699610659,False,fr,0.6745762711864407
full_klu_matern_kappa=1.0_nu=3.0_alpha_0.8,0.6221210217755445,0.7513099650355564,0.7516014164611756,False,fr,0.6745762711864407
full_klu_matern_kappa=1.0_nu=3.0_alpha_0.9,0.605998743718593,0.7427448764353425,0.7430653620596064,False,fr,0.6745762711864407
full_klu_matern_kappa=1.0_nu=3.0_alpha_1.0,0.5768163735343383,0.7209748754715772,0.7213691577092778,False,fr,0.6745762711864407
full_klu_maternn_kappa=1.0_nu=3.0_alpha_0.0,0.6544702680067002,0.7707971077991205,0.7710225011136767,False,fr,0.6745762711864407
full_klu_maternn_kappa=1.0_nu=3.0_alpha_0.1,0.6537374371859297,0.7700229212420469,0.7702509389178136,False,fr,0.6745762711864407
full_klu_maternn_kappa=1.0_nu=3.0_alpha_0.2,0.6521670854271356,0.7693367828306568,0.7695671263993434,False,fr,0.6745762711864407
full_klu_maternn_kappa=1.0_nu=3.0_alpha_0.3,0.6519053601340034,0.7693161258499069,0.7695465394422573,False,fr,0.6745762711864407
full_klu_maternn_kappa=1.0_nu=3.0_alpha_0.4,0.6516959798994975,0.7694160242687292,0.7696460992223715,False,fr,0.6745762711864407
full_klu_maternn_kappa=1.0_nu=3.0_alpha_0.5,0.6519053601340034,0.7698147509966288,0.7700434743342445,False,fr,0.6745762711864407
full_klu_maternn_kappa=1.0_nu=3.0_alpha_0.6,0.6513295644891122,0.7695854420607942,0.7698149427168364,False,fr,0.6745762711864407
full_klu_maternn_kappa=1.0_nu=3.0_alpha_0.7,0.6502826633165828,0.7692225408950734,0.7694532717245586,False,fr,0.6745762711864407
full_klu_maternn_kappa=1.0_nu=3.0_alpha_0.8,0.6469325795644891,0.768020830456264,0.768255634880457,False,fr,0.6745762711864407
full_klu_maternn_kappa=1.0_nu=3.0_alpha_0.9,0.6346314907872697,0.7589785877277808,0.7592440438222401,False,fr,0.6745762711864407
full_klu_maternn_kappa=1.0_nu=3.0_alpha_1.0,0.426481365159129,0.6064505370014658,0.6072330373356752,False,fr,0.6745762711864407
full_klu_matern_kappa=2.0_nu=1.0_alpha_0.0,0.6544702680067002,0.7707971077991205,0.7710225011136767,False,fr,0.6745762711864407
full_klu_matern_kappa=2.0_nu=1.0_alpha_0.1,0.6542608877721944,0.7699883844087381,0.7702165191585159,False,fr,0.6745762711864407
full_klu_matern_kappa=2.0_nu=1.0_alpha_0.2,0.6533710217755444,0.7696117124719195,0.7698411240757205,False,fr,0.6745762711864407
full_klu_matern_kappa=2.0_nu=1.0_alpha_0.3,0.6525335008375208,0.7680791529245121,0.7683137596454229,False,fr,0.6745762711864407
full_klu_matern_kappa=2.0_nu=1.0_alpha_0.4,0.6513295644891123,0.7661047653929647,0.7663460649529655,False,fr,0.6745762711864407
full_klu_matern_kappa=2.0_nu=1.0_alpha_0.5,0.6485029313232832,0.7639031738036451,0.7641519363859828,False,fr,0.6745762711864407
full_klu_matern_kappa=2.0_nu=1.0_alpha_0.6,0.6454669179229482,0.7626245043672493,0.7628776014222525,False,fr,0.6745762711864407
full_klu_matern_kappa=2.0_nu=1.0_alpha_0.7,0.6400230318257958,0.7605524136759083,0.7608125347671535,False,fr,0.6745762711864407
full_klu_matern_kappa=2.0_nu=1.0_alpha_0.8,0.6314907872696818,0.7558614455189249,0.7561374681971429,False,fr,0.6745762711864407
full_klu_matern_kappa=2.0_nu=1.0_alpha_0.9,0.6110238693467337,0.7459623705062254,0.746271949370927,False,fr,0.6745762711864407
full_klu_matern_kappa=2.0_nu=1.0_alpha_1.0,0.5679700586264658,0.7177938014223726,0.7181988669619349,False,fr,0.6745762711864407
full_klu_maternn_kappa=2.0_nu=1.0_alpha_0.0,0.6544702680067002,0.7707971077991205,0.7710225011136767,False,fr,0.6745762711864407
full_klu_maternn_kappa=2.0_nu=1.0_alpha_0.1,0.6536850921273032,0.7701722823273216,0.7703997936943245,False,fr,0.6745762711864407
full_klu_maternn_kappa=2.0_nu=1.0_alpha_0.2,0.6524811557788944,0.7696874345603328,0.7699165894790885,False,fr,0.6745762711864407
full_klu_maternn_kappa=2.0_nu=1.0_alpha_0.3,0.6519577051926299,0.7698028886426784,0.7700316521916634,False,fr,0.6745762711864407
full_klu_maternn_kappa=2.0_nu=1.0_alpha_0.4,0.6515912897822446,0.7699949265569426,0.7702230391299469,False,fr,0.6745762711864407
full_klu_maternn_kappa=2.0_nu=1.0_alpha_0.5,0.6516959798994975,0.7700842136944972,0.7703120235992387,False,fr,0.6745762711864407
full_klu_maternn_kappa=2.0_nu=1.0_alpha_0.6,0.6509108040201006,0.7702376487564477,0.7704649385423351,False,fr,0.6745762711864407
full_klu_maternn_kappa=2.0_nu=1.0_alpha_0.7,0.6474560301507537,0.7689930668534186,0.7692245755610111,False,fr,0.6745762711864407
full_klu_maternn_kappa=2.0_nu=1.0_alpha_0.8,0.6412269681742043,0.7664593082186943,0.766699405938608,False,fr,0.6745762711864407
full_klu_maternn_kappa=2.0_nu=1.0_alpha_0.9,0.6231679229480738,0.7529757382773767,0.7532615430140406,False,fr,0.6745762711864407
full_klu_maternn_kappa=2.0_nu=1.0_alpha_1.0,0.4340713986599665,0.6058655181645494,0.6049550863592227,False,fr,0.6745762711864407
full_klu_matern_kappa=2.0_nu=2.0_alpha_0.0,0.6544702680067002,0.7707971077991205,0.7710225011136767,False,fr,0.6745762711864407
full_klu_matern_kappa=2.0_nu=2.0_alpha_0.1,0.6541561976549414,0.7699615429374301,0.7701897686752464,False,fr,0.6745762711864407
full_klu_matern_kappa=2.0_nu=2.0_alpha_0.2,0.6546796482412061,0.7698806252323986,0.77010912526752,False,fr,0.6745762711864407
full_klu_matern_kappa=2.0_nu=2.0_alpha_0.3,0.6528475711892797,0.7672635248748123,0.7675008964365694,False,fr,0.6745762711864407
full_klu_matern_kappa=2.0_nu=2.0_alpha_0.4,0.6519577051926299,0.7657715414671139,0.7660139705997447,False,fr,0.6745762711864407
full_klu_matern_kappa=2.0_nu=2.0_alpha_0.5,0.648607621440536,0.7636835700925159,0.7639330770942132,False,fr,0.6745762711864407
full_klu_matern_kappa=2.0_nu=2.0_alpha_0.6,0.6437918760469011,0.7616169384876701,0.7618734510202315,False,fr,0.6745762711864407
full_klu_matern_kappa=2.0_nu=2.0_alpha_0.7,0.6384526800670016,0.7589214606523217,0.759187110397884,False,fr,0.6745762711864407
full_klu_matern_kappa=2.0_nu=2.0_alpha_0.8,0.6288211892797321,0.7539742668813656,0.754256686775304,False,fr,0.6745762711864407
full_klu_matern_kappa=2.0_nu=2.0_alpha_0.9,0.6048994974874371,0.743887703806378,0.7442043154395538,False,fr,0.6745762711864407
full_klu_matern_kappa=2.0_nu=2.0_alpha_1.0,0.5670540201005025,0.718322787896621,0.7187260602616942,False,fr,0.6745762711864407
full_klu_maternn_kappa=2.0_nu=2.0_alpha_0.0,0.6544702680067002,0.7707971077991205,0.7710225011136767,False,fr,0.6745762711864407
full_klu_maternn_kappa=2.0_nu=2.0_alpha_0.1,0.6535804020100503,0.7701730899951678,0.7704005986243136,False,fr,0.6745762711864407
full_klu_maternn_kappa=2.0_nu=2.0_alpha_0.2,0.6528999162479062,0.7702721974932676,0.7704993701647929,False,fr,0.6745762711864407
full_klu_maternn_kappa=2.0_nu=2.0_alpha_0.3,0.651853015075377,0.7700109249702874,0.7702389833113821,False,fr,0.6745762711864407
full_klu_maternn_kappa=2.0_nu=2.0_alpha_0.4,0.6525335008375209,0.7704986981893684,0.7707251030619239,False,fr,0.6745762711864407
full_klu_maternn_kappa=2.0_nu=2.0_alpha_0.5,0.6520100502512562,0.7709117869734214,0.771136791545014,False,fr,0.6745762711864407
full_klu_maternn_kappa=2.0_nu=2.0_alpha_0.6,0.6490263819095478,0.769698008925577,0.7699271279990267,False,fr,0.6745762711864407
full_klu_maternn_kappa=2.0_nu=2.0_alpha_0.7,0.6451005025125628,0.768357295724258,0.7685909595882207,False,fr,0.6745762711864407
full_klu_maternn_kappa=2.0_nu=2.0_alpha_0.8,0.6351549413735343,0.7637842082984146,0.7640333741536512,False,fr,0.6745762711864407
full_klu_maternn_kappa=2.0_nu=2.0_alpha_0.9,0.6168865159128979,0.7359455489704002,0.7345941679081046,False,fr,0.6745762711864407
full_klu_maternn_kappa=2.0_nu=2.0_alpha_1.0,0.42582705192629816,0.6033889211491159,0.6024868845879096,False,fr,0.6745762711864407
full_klu_matern_kappa=2.0_nu=3.0_alpha_0.0,0.6544702680067002,0.7707971077991205,0.7710225011136767,False,fr,0.6745762711864407
full_klu_matern_kappa=2.0_nu=3.0_alpha_0.1,0.6545226130653267,0.7705368926019998,0.77076316800197,False,fr,0.6745762711864407
full_klu_matern_kappa=2.0_nu=3.0_alpha_0.2,0.6539468174204356,0.7695970878777204,0.7698265490564171,False,fr,0.6745762711864407
full_klu_matern_kappa=2.0_nu=3.0_alpha_0.3,0.6542085427135678,0.7689550830170233,0.7691867204833833,False,fr,0.6745762711864407
full_klu_matern_kappa=2.0_nu=3.0_alpha_0.4,0.6516959798994975,0.7660122374228513,0.7662538506369881,False,fr,0.6745762711864407
full_klu_matern_kappa=2.0_nu=3.0_alpha_0.5,0.6511201842546064,0.7651233875407921,0.7653680138053767,False,fr,0.6745762711864407
full_klu_matern_kappa=2.0_nu=3.0_alpha_0.6,0.6459380234505863,0.7626177392257659,0.7628708592134523,False,fr,0.6745762711864407
full_klu_matern_kappa=2.0_nu=3.0_alpha_0.7,0.6411222780569514,0.7593635468198614,0.7596276979682456,False,fr,0.6745762711864407
full_klu_matern_kappa=2.0_nu=3.0_alpha_0.8,0.6310196817420436,0.7550741744710165,0.7553528658646512,False,fr,0.6745762711864407
full_klu_matern_kappa=2.0_nu=3.0_alpha_0.9,0.609715242881072,0.7463544054444513,0.746662655377159,False,fr,0.6745762711864407
full_klu_matern_kappa=2.0_nu=3.0_alpha_1.0,0.5587311557788945,0.7149548013594629,0.7153694906280519,False,fr,0.6745762711864407
full_klu_maternn_kappa=2.0_nu=3.0_alpha_0.0,0.6544702680067002,0.7707971077991205,0.7710225011136767,False,fr,0.6745762711864407
full_klu_maternn_kappa=2.0_nu=3.0_alpha_0.1,0.6538944723618091,0.770397225220053,0.7706239740687758,False,fr,0.6745762711864407
full_klu_maternn_kappa=2.0_nu=3.0_alpha_0.2,0.6532663316582915,0.7704629354329018,0.7706894615351402,False,fr,0.6745762711864407
full_klu_maternn_kappa=2.0_nu=3.0_alpha_0.3,0.6521670854271358,0.7704248480162268,0.7706515032283522,False,fr,0.6745762711864407
full_klu_maternn_kappa=2.0_nu=3.0_alpha_0.4,0.6529522613065326,0.7708612914071844,0.7710864671501878,False,fr,0.6745762711864407
full_klu_maternn_kappa=2.0_nu=3.0_alpha_0.5,0.6521147403685092,0.7709528779833263,0.7711777432633599,False,fr,0.6745762711864407
full_klu_maternn_kappa=2.0_nu=3.0_alpha_0.6,0.6480318257956449,0.7693033894035884,0.7695338461703328,False,fr,0.6745762711864407
full_klu_maternn_kappa=2.0_nu=3.0_alpha_0.7,0.6442106365159129,0.7681537610376483,0.7683881148497012,False,fr,0.6745762711864407
full_klu_maternn_kappa=2.0_nu=3.0_alpha_0.8,0.6337416247906197,0.7630629553006618,0.7633145660813145,False,fr,0.6745762711864407
full_klu_maternn_kappa=2.0_nu=3.0_alpha_0.9,0.6154208542713568,0.7287691004313287,0.7274420463132335,False,fr,0.6745762711864407
full_klu_maternn_kappa=2.0_nu=3.0_alpha_1.0,0.4114583333333333,0.5961306841498182,0.5952532517818296,False,fr,0.6745762711864407
full_klu_matern_kappa=3.0_nu=1.0_alpha_0.0,0.6544702680067002,0.7707971077991205,0.7710225011136767,False,fr,0.6745762711864407
full_klu_matern_kappa=3.0_nu=1.0_alpha_0.1,0.6542085427135678,0.7703617305756703,0.7705885997452213,False,fr,0.6745762711864407
full_klu_matern_kappa=3.0_nu=1.0_alpha_0.2,0.6535280569514238,0.7695637809572695,0.7697933550407812,False,fr,0.6745762711864407
full_klu_matern_kappa=3.0_nu=1.0_alpha_0.3,0.6536327470686767,0.76887686483027,0.7691087674430256,False,fr,0.6745762711864407
full_klu_matern_kappa=3.0_nu=1.0_alpha_0.4,0.6533186767169179,0.7672269479442103,0.767464443495563,False,fr,0.6745762711864407
full_klu_matern_kappa=3.0_nu=1.0_alpha_0.5,0.6505967336683417,0.7649201337425937,0.7651654490031042,False,fr,0.6745762711864407
full_klu_matern_kappa=3.0_nu=1.0_alpha_0.6,0.647037269681742,0.7629989258345888,0.7632507536642791,False,fr,0.6745762711864407
full_klu_matern_kappa=3.0_nu=1.0_alpha_0.7,0.6422215242881071,0.7610262908172263,0.7612848055452806,False,fr,0.6745762711864407
full_klu_matern_kappa=3.0_nu=1.0_alpha_0.8,0.6334275544388611,0.7564335002614032,0.7567075837710026,False,fr,0.6745762711864407
full_klu_matern_kappa=3.0_nu=1.0_alpha_0.9,0.6100816582914573,0.7458141935550158,0.7461242747144675,False,fr,0.6745762711864407
full_klu_matern_kappa=3.0_nu=1.0_alpha_1.0,0.5651172529313233,0.717177670050954,0.7175848241714364,False,fr,0.6745762711864407
full_klu_maternn_kappa=3.0_nu=1.0_alpha_0.0,0.6544702680067002,0.7707971077991205,0.7710225011136767,False,fr,0.6745762711864407
full_klu_maternn_kappa=3.0_nu=1.0_alpha_0.1,0.6540515075376885,0.7705214301068217,0.7707477579220299,False,fr,0.6745762711864407
full_klu_maternn_kappa=3.0_nu=1.0_alpha_0.2,0.6529522613065327,0.7703676476399186,0.7705944967516246,False,fr,0.6745762711864407
full_klu_maternn_kappa=3.0_nu=1.0_alpha_0.3,0.6523241206030151,0.7704417122407392,0.7706683102860018,False,fr,0.6745762711864407
full_klu_maternn_kappa=3.0_nu=1.0_alpha_0.4,0.6521147403685091,0.7703253568957715,0.7705523493659322,False,fr,0.6745762711864407
full_klu_maternn_kappa=3.0_nu=1.0_alpha_0.5,0.6518006700167505,0.7706632009767906,0.7708890482127786,False,fr,0.6745762711864407
full_klu_maternn_kappa=3.0_nu=1.0_alpha_0.6,0.6507014237855946,0.7704620201546223,0.7706885493594988,False,fr,0.6745762711864407
full_klu_maternn_kappa=3.0_nu=1.0_alpha_0.7,0.648031825795645,0.7695549858843387,0.769784589781657,False,fr,0.6745762711864407
full_klu_maternn_kappa=3.0_nu=1.0_alpha_0.8,0.6420121440536014,0.7669891222925384,0.7672274240325406,False,fr,0.6745762711864407
full_klu_maternn_kappa=3.0_nu=1.0_alpha_0.9,0.6266750418760471,0.7524352723937862,0.752722909218191,False,fr,0.6745762711864407
full_klu_maternn_kappa=3.0_nu=1.0_alpha_1.0,0.49963358458961477,0.6720919834875685,0.6709570551896215,False,fr,0.6745762711864407
full_klu_matern_kappa=3.0_nu=2.0_alpha_0.0,0.6544702680067002,0.7707971077991205,0.7710225011136767,False,fr,0.6745762711864407
full_klu_matern_kappa=3.0_nu=2.0_alpha_0.1,0.6549937185929648,0.7707053883059563,0.7709310925340486,False,fr,0.6745762711864407
full_klu_matern_kappa=3.0_nu=2.0_alpha_0.2,0.6551507537688442,0.7706797635453739,0.7709055546370616,False,fr,0.6745762711864407
full_klu_matern_kappa=3.0_nu=2.0_alpha_0.3,0.6548366834170856,0.7695670676800013,0.7697966306220799,False,fr,0.6745762711864407
full_klu_matern_kappa=3.0_nu=2.0_alpha_0.4,0.6550984087102176,0.7686032834672867,0.7688361134744932,False,fr,0.6745762711864407
full_klu_matern_kappa=3.0_nu=2.0_alpha_0.5,0.6535804020100502,0.7673583986358431,0.7675954485916308,False,fr,0.6745762711864407
full_klu_matern_kappa=3.0_nu=2.0_alpha_0.6,0.6522194304857621,0.765695073506724,0.7659377618527798,False,fr,0.6745762711864407
full_klu_matern_kappa=3.0_nu=2.0_alpha_0.7,0.64928810720268,0.7635912069640329,0.7638410270610809,False,fr,0.6745762711864407
full_klu_matern_kappa=3.0_nu=2.0_alpha_0.8,0.6408605527638191,0.7586493456004846,0.7589159177699514,False,fr,0.6745762711864407
full_klu_matern_kappa=3.0_nu=2.0_alpha_0.9,0.6177240368509213,0.7495984049444515,0.7498956582686845,False,fr,0.6745762711864407
full_klu_matern_kappa=3.0_nu=2.0_alpha_1.0,0.5578936348408711,0.7151367020484499,0.715550774704534,False,fr,0.6745762711864407
full_klu_maternn_kappa=3.0_nu=2.0_alpha_0.0,0.6544702680067002,0.7707971077991205,0.7710225011136767,False,fr,0.6745762711864407
full_klu_maternn_kappa=3.0_nu=2.0_alpha_0.1,0.6543655778894472,0.7706710524072351,0.7708968730282044,False,fr,0.6745762711864407
full_klu_maternn_kappa=3.0_nu=2.0_alpha_0.2,0.6535804020100503,0.7709103536054736,0.7711353630359405,False,fr,0.6745762711864407
full_klu_maternn_kappa=3.0_nu=2.0_alpha_0.3,0.6529522613065326,0.7710511278892394,0.7712756601187443,False,fr,0.6745762711864407
full_klu_maternn_kappa=3.0_nu=2.0_alpha_0.4,0.6521670854271356,0.7707122468153051,0.7709379277942134,False,fr,0.6745762711864407
full_klu_maternn_kappa=3.0_nu=2.0_alpha_0.5,0.6516959798994976,0.7706936324234225,0.7709193765019642,False,fr,0.6745762711864407
full_klu_maternn_kappa=3.0_nu=2.0_alpha_0.6,0.6513295644891123,0.7704068982975156,0.7706336143561451,False,fr,0.6745762711864407
full_klu_maternn_kappa=3.0_nu=2.0_alpha_0.7,0.6507014237855946,0.7701424333719455,0.7703700459218482,False,fr,0.6745762711864407
full_klu_maternn_kappa=3.0_nu=2.0_alpha_0.8,0.6473513400335008,0.766287502637852,0.766528182749565,False,fr,0.6745762711864407
full_klu_maternn_kappa=3.0_nu=2.0_alpha_0.9,0.6325376884422111,0.7568069805669116,0.7570797980415772,False,fr,0.6745762711864407
full_klu_maternn_kappa=3.0_nu=2.0_alpha_1.0,0.5301507537688442,0.6821416900828332,0.6809726949828685,False,fr,0.6745762711864407
full_klu_matern_kappa=3.0_nu=3.0_alpha_0.0,0.6544702680067002,0.7707971077991205,0.7710225011136767,False,fr,0.6745762711864407
full_klu_matern_kappa=3.0_nu=3.0_alpha_0.1,0.6555171691792295,0.7709143557913442,0.7711393516550793,False,fr,0.6745762711864407
full_klu_matern_kappa=3.0_nu=3.0_alpha_0.2,0.6557265494137354,0.7709166894158166,0.7711416773689603,False,fr,0.6745762711864407
full_klu_matern_kappa=3.0_nu=3.0_alpha_0.3,0.655569514237856,0.7703053419387207,0.7705324022561935,False,fr,0.6745762711864407
full_klu_matern_kappa=3.0_nu=3.0_alpha_0.4,0.6555171691792295,0.769471365220948,0.769701252578142,False,fr,0.6745762711864407
full_klu_matern_kappa=3.0_nu=3.0_alpha_0.5,0.6548890284757118,0.7683400201760797,0.7685737426012225,False,fr,0.6745762711864407
full_klu_matern_kappa=3.0_nu=3.0_alpha_0.6,0.654784338358459,0.7677846633982867,0.768020268388778,False,fr,0.6745762711864407
full_klu_matern_kappa=3.0_nu=3.0_alpha_0.7,0.6521670854271358,0.7661770013558913,0.7664180560482212,False,fr,0.6745762711864407
full_klu_matern_kappa=3.0_nu=3.0_alpha_0.8,0.6472989949748744,0.7628573822687073,0.7631096899070954,False,fr,0.6745762711864407
full_klu_matern_kappa=3.0_nu=3.0_alpha_0.9,0.6276695979899497,0.7539348964598093,0.7542174498128039,False,fr,0.6745762711864407
full_klu_matern_kappa=3.0_nu=3.0_alpha_1.0,0.5537322026800671,0.7141413960095944,0.7145588425844541,False,fr,0.6745762711864407
full_klu_maternn_kappa=3.0_nu=3.0_alpha_0.0,0.6544702680067002,0.7707971077991205,0.7710225011136767,False,fr,0.6745762711864407
full_klu_maternn_kappa=3.0_nu=3.0_alpha_0.1,0.6543655778894472,0.7707444624342548,0.770970034207675,False,fr,0.6745762711864407
full_klu_maternn_kappa=3.0_nu=3.0_alpha_0.2,0.6540515075376885,0.7710570377194652,0.7712815499156473,False,fr,0.6745762711864407
full_klu_maternn_kappa=3.0_nu=3.0_alpha_0.3,0.6534233668341708,0.7712929485826678,0.7715166610810087,False,fr,0.6745762711864407
full_klu_maternn_kappa=3.0_nu=3.0_alpha_0.4,0.6534757118927974,0.7713579762705716,0.7715814683360721,False,fr,0.6745762711864407
full_klu_maternn_kappa=3.0_nu=3.0_alpha_0.5,0.6531092964824119,0.7711049977099934,0.7713293473299365,False,fr,0.6745762711864407
full_klu_maternn_kappa=3.0_nu=3.0_alpha_0.6,0.6524288107202679,0.7699566264751037,0.7701848688788938,False,fr,0.6745762711864407
full_klu_maternn_kappa=3.0_nu=3.0_alpha_0.7,0.6518530150753769,0.7686680759336295,0.768900686305357,False,fr,0.6745762711864407
full_klu_maternn_kappa=3.0_nu=3.0_alpha_0.8,0.6490263819095478,0.7648697128401243,0.7651151990189483,False,fr,0.6745762711864407
full_klu_maternn_kappa=3.0_nu=3.0_alpha_0.9,0.6364112227805696,0.75836072817276,0.7586282787063888,False,fr,0.6745762711864407
full_klu_maternn_kappa=3.0_nu=3.0_alpha_1.0,0.5397822445561139,0.6859150321054395,0.6847332460155676,False,fr,0.6745762711864407
deberta_full_klu_heat_t=0.1_alpha_0.0,0.6544702680067002,0.7707971077991205,0.7710225011136767,False,fr,0.6745762711864407
deberta_full_klu_heat_t=0.1_alpha_0.1,0.6541038525963149,0.7702354472120874,0.770462744460837,False,fr,0.6745762711864407
deberta_full_klu_heat_t=0.1_alpha_0.2,0.6526905360134003,0.7695235117898274,0.7697532223789914,False,fr,0.6745762711864407
deberta_full_klu_heat_t=0.1_alpha_0.3,0.651643634840871,0.7690371544057724,0.7692685136640349,False,fr,0.6745762711864407
deberta_full_klu_heat_t=0.1_alpha_0.4,0.651748324958124,0.7690043917376458,0.7692358620558002,False,fr,0.6745762711864407
deberta_full_klu_heat_t=0.1_alpha_0.5,0.651748324958124,0.7690423279378096,0.7692736696586755,False,fr,0.6745762711864407
deberta_full_klu_heat_t=0.1_alpha_0.6,0.6512772194304858,0.768657763761724,0.7688904090899664,False,fr,0.6745762711864407
deberta_full_klu_heat_t=0.1_alpha_0.7,0.6513819095477388,0.7687646419995839,0.768996925028715,False,fr,0.6745762711864407
deberta_full_klu_heat_t=0.1_alpha_0.8,0.6507537688442211,0.7684856070090659,0.7687188359195207,False,fr,0.6745762711864407
deberta_full_klu_heat_t=0.1_alpha_0.9,0.6507537688442211,0.7684188975125944,0.7686523525569355,False,fr,0.6745762711864407
deberta_full_klu_heat_t=0.1_alpha_1.0,0.5,0.6675790829546375,0.6681543678788363,False,fr,0.6745762711864407
deberta_full_klu_heatn_t=0.1_alpha_0.0,0.6544702680067002,0.7707971077991205,0.7710225011136767,False,fr,0.6745762711864407
deberta_full_klu_heatn_t=0.1_alpha_0.1,0.6535280569514238,0.7700140785551144,0.770242126206091,False,fr,0.6745762711864407
deberta_full_klu_heatn_t=0.1_alpha_0.2,0.6521670854271358,0.7692679780086407,0.7694985548140122,False,fr,0.6745762711864407
deberta_full_klu_heatn_t=0.1_alpha_0.3,0.6513295644891122,0.7688831697900977,0.7691150510301084,False,fr,0.6745762711864407
deberta_full_klu_heatn_t=0.1_alpha_0.4,0.6508061139028475,0.7686218090029946,0.768854576211775,False,fr,0.6745762711864407
deberta_full_klu_heatn_t=0.1_alpha_0.5,0.6497592127303182,0.7680740781054256,0.7683087020291132,False,fr,0.6745762711864407
deberta_full_klu_heatn_t=0.1_alpha_0.6,0.6502826633165829,0.768361488628484,0.7685951382792118,False,fr,0.6745762711864407
deberta_full_klu_heatn_t=0.1_alpha_0.7,0.6500209380234506,0.7681525758615788,0.7683869336911777,False,fr,0.6745762711864407
deberta_full_klu_heatn_t=0.1_alpha_0.8,0.6481365159128979,0.7673579102145245,0.7675949618259776,False,fr,0.6745762711864407
deberta_full_klu_heatn_t=0.1_alpha_0.9,0.6487646566164154,0.7676121946247809,0.7678483842551822,False,fr,0.6745762711864407
deberta_full_klu_heatn_t=0.1_alpha_1.0,0.5,0.6675790829546375,0.6681543678788363,False,fr,0.6745762711864407
deberta_full_klu_heat_t=0.2_alpha_0.0,0.6544702680067002,0.7707971077991205,0.7710225011136767,False,fr,0.6745762711864407
deberta_full_klu_heat_t=0.2_alpha_0.1,0.6539468174204356,0.7703115448783027,0.7705385841688616,False,fr,0.6745762711864407
deberta_full_klu_heat_t=0.2_alpha_0.2,0.6539991624790619,0.7701711103987656,0.7703986257384079,False,fr,0.6745762711864407
deberta_full_klu_heat_t=0.2_alpha_0.3,0.6534757118927973,0.7699211035416617,0.7701494663621754,False,fr,0.6745762711864407
deberta_full_klu_heat_t=0.2_alpha_0.4,0.6525335008375209,0.7693886085816017,0.7696187764697766,False,fr,0.6745762711864407
deberta_full_klu_heat_t=0.2_alpha_0.5,0.6532663316582914,0.7697214349375501,0.7699504746007895,False,fr,0.6745762711864407
deberta_full_klu_heat_t=0.2_alpha_0.6,0.6536327470686767,0.7699175392939932,0.7701459141967024,False,fr,0.6745762711864407
deberta_full_klu_heat_t=0.2_alpha_0.7,0.6530569514237856,0.76956670574808,0.7697962699170466,False,fr,0.6745762711864407
deberta_full_klu_heat_t=0.2_alpha_0.8,0.6527428810720267,0.7693475433042973,0.7695778503968022,False,fr,0.6745762711864407
deberta_full_klu_heat_t=0.2_alpha_0.9,0.6515389447236181,0.7687585970613742,0.7689909005818212,False,fr,0.6745762711864407
deberta_full_klu_heat_t=0.2_alpha_1.0,0.5,0.6675790829546375,0.6681543678788363,False,fr,0.6745762711864407
deberta_full_klu_heatn_t=0.2_alpha_0.0,0.6544702680067002,0.7707971077991205,0.7710225011136767,False,fr,0.6745762711864407
deberta_full_klu_heatn_t=0.2_alpha_0.1,0.6535804020100503,0.7699953812455881,0.7702234922772749,False,fr,0.6745762711864407
deberta_full_klu_heatn_t=0.2_alpha_0.2,0.6522717755443886,0.7693550387810535,0.7695853204651625,False,fr,0.6745762711864407
deberta_full_klu_heatn_t=0.2_alpha_0.3,0.6513819095477387,0.768891783309473,0.7691236353511127,False,fr,0.6745762711864407
deberta_full_klu_heatn_t=0.2_alpha_0.4,0.6509108040201005,0.7686833738833216,0.7689159323975926,False,fr,0.6745762711864407
deberta_full_klu_heatn_t=0.2_alpha_0.5,0.6501256281407035,0.7682340285835327,0.7684681103022096,False,fr,0.6745762711864407
deberta_full_klu_heatn_t=0.2_alpha_0.6,0.6504920435510887,0.7683360998905221,0.7685698356047685,False,fr,0.6745762711864407
deberta_full_klu_heatn_t=0.2_alpha_0.7,0.6501256281407035,0.7682519997949637,0.76848602059428,False,fr,0.6745762711864407
deberta_full_klu_heatn_t=0.2_alpha_0.8,0.6488170016750419,0.7675929858171244,0.7678292405621283,False,fr,0.6745762711864407
deberta_full_klu_heatn_t=0.2_alpha_0.9,0.6492357621440537,0.7677489129249501,0.7679846391034867,False,fr,0.6745762711864407
deberta_full_klu_heatn_t=0.2_alpha_1.0,0.5,0.6675790829546375,0.6681543678788363,False,fr,0.6745762711864407
deberta_full_klu_heat_t=0.3_alpha_0.0,0.6544702680067002,0.7707971077991205,0.7710225011136767,False,fr,0.6745762711864407
deberta_full_klu_heat_t=0.3_alpha_0.1,0.6546273031825797,0.7707321154531119,0.7709577290807055,False,fr,0.6745762711864407
deberta_full_klu_heat_t=0.3_alpha_0.2,0.6541561976549414,0.7704740960339793,0.7707005843036716,False,fr,0.6745762711864407
deberta_full_klu_heat_t=0.3_alpha_0.3,0.654889028475712,0.770791042028358,0.771016455904849,False,fr,0.6745762711864407
deberta_full_klu_heat_t=0.3_alpha_0.4,0.6544702680067,0.7705735853000605,0.7707997363180034,False,fr,0.6745762711864407
deberta_full_klu_heat_t=0.3_alpha_0.5,0.6540515075376885,0.770348420367505,0.7705753346564057,False,fr,0.6745762711864407
deberta_full_klu_heat_t=0.3_alpha_0.6,0.653999162479062,0.7702661342498628,0.7704933274747555,False,fr,0.6745762711864407
deberta_full_klu_heat_t=0.3_alpha_0.7,0.6547319932998324,0.770481746723186,0.7707082090583387,False,fr,0.6745762711864407
deberta_full_klu_heat_t=0.3_alpha_0.8,0.6538944723618091,0.7699636442120519,0.7701918628269033,False,fr,0.6745762711864407
deberta_full_klu_heat_t=0.3_alpha_0.9,0.653213986599665,0.7695832296204774,0.7698127377763172,False,fr,0.6745762711864407
deberta_full_klu_heat_t=0.3_alpha_1.0,0.5,0.6675790829546375,0.6681543678788363,False,fr,0.6745762711864407
deberta_full_klu_heatn_t=0.3_alpha_0.0,0.6544702680067002,0.7707971077991205,0.7710225011136767,False,fr,0.6745762711864407
deberta_full_klu_heatn_t=0.3_alpha_0.1,0.6537374371859296,0.7700712129141495,0.7702990668893327,False,fr,0.6745762711864407
deberta_full_klu_heatn_t=0.3_alpha_0.2,0.652324120603015,0.769357868766172,0.7695881408571111,False,fr,0.6745762711864407
deberta_full_klu_heatn_t=0.3_alpha_0.3,0.6515389447236181,0.76896152582115,0.7691931414474958,False,fr,0.6745762711864407
deberta_full_klu_heatn_t=0.3_alpha_0.4,0.6510678391959799,0.7686962219947362,0.7689287369560871,False,fr,0.6745762711864407
deberta_full_klu_heatn_t=0.3_alpha_0.5,0.6503350083752094,0.7683214786701434,0.7685552639478488,False,fr,0.6745762711864407
deberta_full_klu_heatn_t=0.3_alpha_0.6,0.6505443886097152,0.7683861208089084,0.7686196869607196,False,fr,0.6745762711864407
deberta_full_klu_heatn_t=0.3_alpha_0.7,0.6504396984924623,0.768398438345129,0.76863196274258,False,fr,0.6745762711864407
deberta_full_klu_heatn_t=0.3_alpha_0.8,0.648712311557789,0.7675481254575931,0.7677845322716121,False,fr,0.6745762711864407
deberta_full_klu_heatn_t=0.3_alpha_0.9,0.6493927973199329,0.767889106576602,0.768124357522421,False,fr,0.6745762711864407
deberta_full_klu_heatn_t=0.3_alpha_1.0,0.5,0.6675790829546375,0.6681543678788363,False,fr,0.6745762711864407
deberta_full_klu_heat_t=0.4_alpha_0.0,0.6544702680067002,0.7707971077991205,0.7710225011136767,False,fr,0.6745762711864407
deberta_full_klu_heat_t=0.4_alpha_0.1,0.6549937185929648,0.7709356242946038,0.7711605480617177,False,fr,0.6745762711864407
deberta_full_klu_heat_t=0.4_alpha_0.2,0.6549937185929647,0.7709229077665543,0.771147874640543,False,fr,0.6745762711864407
deberta_full_klu_heat_t=0.4_alpha_0.3,0.6555171691792294,0.7711342441594845,0.7713584946389209,False,fr,0.6745762711864407
deberta_full_klu_heat_t=0.4_alpha_0.4,0.65536013400335,0.7710982528247065,0.7713226253086676,False,fr,0.6745762711864407
deberta_full_klu_heat_t=0.4_alpha_0.5,0.6549413735343383,0.7708516474300677,0.7710768558645189,False,fr,0.6745762711864407
deberta_full_klu_heat_t=0.4_alpha_0.6,0.6554124790619766,0.7709740212355594,0.7711988148435515,False,fr,0.6745762711864407
deberta_full_klu_heat_t=0.4_alpha_0.7,0.6553601340033501,0.7709482760525236,0.7711731569323225,False,fr,0.6745762711864407
deberta_full_klu_heat_t=0.4_alpha_0.8,0.6557788944723618,0.7709610130940594,0.7711858507974465,False,fr,0.6745762711864407
deberta_full_klu_heat_t=0.4_alpha_0.9,0.6534233668341708,0.7697854384686003,0.7700142611707177,False,fr,0.6745762711864407
deberta_full_klu_heat_t=0.4_alpha_1.0,0.5,0.6675790829546375,0.6681543678788363,False,fr,0.6745762711864407
deberta_full_klu_heatn_t=0.4_alpha_0.0,0.6544702680067002,0.7707971077991205,0.7710225011136767,False,fr,0.6745762711864407
deberta_full_klu_heatn_t=0.4_alpha_0.1,0.6537897822445561,0.7700858110280732,0.7703136155181244,False,fr,0.6745762711864407
deberta_full_klu_heatn_t=0.4_alpha_0.2,0.6522717755443886,0.7693342698005836,0.7695646218880162,False,fr,0.6745762711864407
deberta_full_klu_heatn_t=0.4_alpha_0.3,0.6515389447236181,0.7689577486371091,0.7691893770674687,False,fr,0.6745762711864407
deberta_full_klu_heatn_t=0.4_alpha_0.4,0.6513819095477387,0.7688409135744714,0.7690729380558908,False,fr,0.6745762711864407
deberta_full_klu_heatn_t=0.4_alpha_0.5,0.6506490787269682,0.7685149529875233,0.768748082420085,False,fr,0.6745762711864407
deberta_full_klu_heatn_t=0.4_alpha_0.6,0.6505967336683417,0.7683966321814206,0.7686301627014606,False,fr,0.6745762711864407
deberta_full_klu_heatn_t=0.4_alpha_0.7,0.6506490787269681,0.7684513795066823,0.7686847244425689,False,fr,0.6745762711864407
deberta_full_klu_heatn_t=0.4_alpha_0.8,0.6489216917922949,0.7676235047117175,0.7678596560028411,False,fr,0.6745762711864407
deberta_full_klu_heatn_t=0.4_alpha_0.9,0.6499162479061976,0.7680752548479866,0.7683098747827162,False,fr,0.6745762711864407
deberta_full_klu_heatn_t=0.4_alpha_1.0,0.5,0.6675790829546375,0.6681543678788363,False,fr,0.6745762711864407
deberta_full_klu_heat_t=0.5_alpha_0.0,0.6544702680067002,0.7707971077991205,0.7710225011136767,False,fr,0.6745762711864407
deberta_full_klu_heat_t=0.5_alpha_0.1,0.6551507537688442,0.7710587398981632,0.7712832463242482,False,fr,0.6745762711864407
deberta_full_klu_heat_t=0.5_alpha_0.2,0.6559882747068677,0.7714166742808775,0.7716399673700719,False,fr,0.6745762711864407
deberta_full_klu_heat_t=0.5_alpha_0.3,0.6561976549413735,0.7715796724608921,0.7718024130138831,False,fr,0.6745762711864407
deberta_full_klu_heat_t=0.5_alpha_0.4,0.6559359296482412,0.7714330010811715,0.7716562388252802,False,fr,0.6745762711864407
deberta_full_klu_heat_t=0.5_alpha_0.5,0.6557788944723618,0.7713780261689122,0.7716014502686556,False,fr,0.6745762711864407
deberta_full_klu_heat_t=0.5_alpha_0.6,0.6557788944723619,0.7713283222133805,0.7715519148011087,False,fr,0.6745762711864407
deberta_full_klu_heat_t=0.5_alpha_0.7,0.6557788944723618,0.7712532568494019,0.771477103895991,False,fr,0.6745762711864407
deberta_full_klu_heat_t=0.5_alpha_0.8,0.655674204355109,0.7710307335947114,0.7712553349574182,False,fr,0.6745762711864407
deberta_full_klu_heat_t=0.5_alpha_0.9,0.6545226130653267,0.7704258849197787,0.7706525366169769,False,fr,0.6745762711864407
deberta_full_klu_heat_t=0.5_alpha_1.0,0.5,0.6675790829546375,0.6681543678788363,False,fr,0.6745762711864407
deberta_full_klu_heatn_t=0.5_alpha_0.0,0.6544702680067002,0.7707971077991205,0.7710225011136767,False,fr,0.6745762711864407
deberta_full_klu_heatn_t=0.5_alpha_0.1,0.6538944723618091,0.7701220924652128,0.7703497739673416,False,fr,0.6745762711864407
deberta_full_klu_heatn_t=0.5_alpha_0.2,0.6522717755443886,0.7693391720964944,0.7695695075659749,False,fr,0.6745762711864407
deberta_full_klu_heatn_t=0.5_alpha_0.3,0.6515912897822446,0.7689970133665996,0.7692285086961814,False,fr,0.6745762711864407
deberta_full_klu_heatn_t=0.5_alpha_0.4,0.6514342546063652,0.7689138957574055,0.7691456728415947,False,fr,0.6745762711864407
deberta_full_klu_heatn_t=0.5_alpha_0.5,0.6509108040201006,0.768620904717598,0.7688536749917526,False,fr,0.6745762711864407
deberta_full_klu_heatn_t=0.5_alpha_0.6,0.6505443886097152,0.7683574392479544,0.768591102625396,False,fr,0.6745762711864407
deberta_full_klu_heatn_t=0.5_alpha_0.7,0.6510678391959799,0.7686172333362846,0.7688500160557997,False,fr,0.6745762711864407
deberta_full_klu_heatn_t=0.5_alpha_0.8,0.6495498324958124,0.7679151575320228,0.7681503201695183,False,fr,0.6745762711864407
deberta_full_klu_heatn_t=0.5_alpha_0.9,0.65017797319933,0.7681386242301126,0.7683730293533774,False,fr,0.6745762711864407
deberta_full_klu_heatn_t=0.5_alpha_1.0,0.5,0.6675790829546375,0.6681543678788363,False,fr,0.6745762711864407
deberta_full_klu_heat_t=0.6_alpha_0.0,0.6544702680067002,0.7707971077991205,0.7710225011136767,False,fr,0.6745762711864407
deberta_full_klu_heat_t=0.6_alpha_0.1,0.6552554438860971,0.7711341670639084,0.7713584178046856,False,fr,0.6745762711864407
deberta_full_klu_heat_t=0.6_alpha_0.2,0.6560929648241206,0.7714811037409414,0.7717041784251865,False,fr,0.6745762711864407
deberta_full_klu_heat_t=0.6_alpha_0.3,0.6564070351758793,0.7716538323654112,0.7718763215288953,False,fr,0.6745762711864407
deberta_full_klu_heat_t=0.6_alpha_0.4,0.6560929648241206,0.771559071597608,0.7717818819840337,False,fr,0.6745762711864407
deberta_full_klu_heat_t=0.6_alpha_0.5,0.6562500000000001,0.771675234939399,0.7718976515517848,False,fr,0.6745762711864407
deberta_full_klu_heat_t=0.6_alpha_0.6,0.656145309882747,0.7715785323868908,0.7718012768045392,False,fr,0.6745762711864407
deberta_full_klu_heat_t=0.6_alpha_0.7,0.6563023450586264,0.7715595049393682,0.7717823138568389,False,fr,0.6745762711864407
deberta_full_klu_heat_t=0.6_alpha_0.8,0.6557265494137353,0.7712206874841576,0.7714446449353748,False,fr,0.6745762711864407
deberta_full_klu_heat_t=0.6_alpha_0.9,0.6560406197654942,0.7711329191858941,0.7713571741567663,False,fr,0.6745762711864407
deberta_full_klu_heat_t=0.6_alpha_1.0,0.5,0.6675790829546375,0.6681543678788363,False,fr,0.6745762711864407
deberta_full_klu_heatn_t=0.6_alpha_0.0,0.6544702680067002,0.7707971077991205,0.7710225011136767,False,fr,0.6745762711864407
deberta_full_klu_heatn_t=0.6_alpha_0.1,0.6539468174204355,0.7701566796401182,0.7703842438975862,False,fr,0.6745762711864407
deberta_full_klu_heatn_t=0.6_alpha_0.2,0.6522194304857621,0.7692905973498747,0.7695210974795131,False,fr,0.6745762711864407
deberta_full_klu_heatn_t=0.6_alpha_0.3,0.6514865996649916,0.768974546891976,0.7692061183790988,False,fr,0.6745762711864407
deberta_full_klu_heatn_t=0.6_alpha_0.4,0.6515912897822445,0.7690154308204247,0.7692468637179596,False,fr,0.6745762711864407
deberta_full_klu_heatn_t=0.6_alpha_0.5,0.6511725293132328,0.768726604311732,0.7689590162821777,False,fr,0.6745762711864407
deberta_full_klu_heatn_t=0.6_alpha_0.6,0.6507014237855947,0.7684775978788619,0.7687108539389107,False,fr,0.6745762711864407
deberta_full_klu_heatn_t=0.6_alpha_0.7,0.6512248743718594,0.7686251847390453,0.7688579405046526,False,fr,0.6745762711864407
deberta_full_klu_heatn_t=0.6_alpha_0.8,0.6501779731993299,0.7681918183141531,0.7684260431184889,False,fr,0.6745762711864407
deberta_full_klu_heatn_t=0.6_alpha_0.9,0.6502303182579565,0.7681638890278852,0.7683982085077676,False,fr,0.6745762711864407
deberta_full_klu_heatn_t=0.6_alpha_1.0,0.5,0.6675790829546375,0.6681543678788363,False,fr,0.6745762711864407
deberta_full_klu_heat_t=0.7_alpha_0.0,0.6544702680067002,0.7707971077991205,0.7710225011136767,False,fr,0.6745762711864407
deberta_full_klu_heat_t=0.7_alpha_0.1,0.655464824120603,0.7712122885402402,0.7714362744624536,False,fr,0.6745762711864407
deberta_full_klu_heat_t=0.7_alpha_0.2,0.6561976549413735,0.7715633037683586,0.7717860998084428,False,fr,0.6745762711864407
deberta_full_klu_heat_t=0.7_alpha_0.3,0.6566164154103852,0.771746452333318,0.771968627530809,False,fr,0.6745762711864407
deberta_full_klu_heat_t=0.7_alpha_0.4,0.6563023450586265,0.7716789033427582,0.7719013075198784,False,fr,0.6745762711864407
deberta_full_klu_heat_t=0.7_alpha_0.5,0.6565640703517588,0.7717344201244414,0.7719566361090813,False,fr,0.6745762711864407
deberta_full_klu_heat_t=0.7_alpha_0.6,0.6564593802345058,0.7717412849804283,0.7719634776943699,False,fr,0.6745762711864407
deberta_full_klu_heat_t=0.7_alpha_0.7,0.6565117252931324,0.7716359443009198,0.7718584941019108,False,fr,0.6745762711864407
deberta_full_klu_heat_t=0.7_alpha_0.8,0.6566164154103852,0.7716025118783114,0.7718251750095485,False,fr,0.6745762711864407
deberta_full_klu_heat_t=0.7_alpha_0.9,0.6558835845896147,0.7711863812198331,0.7714104549634716,False,fr,0.6745762711864407
deberta_full_klu_heat_t=0.7_alpha_1.0,0.5,0.6675790829546375,0.6681543678788363,False,fr,0.6745762711864407
deberta_full_klu_heatn_t=0.7_alpha_0.0,0.6544702680067002,0.7707971077991205,0.7710225011136767,False,fr,0.6745762711864407
deberta_full_klu_heatn_t=0.7_alpha_0.1,0.6540515075376884,0.7702070504729681,0.7704344439818502,False,fr,0.6745762711864407
deberta_full_klu_heatn_t=0.7_alpha_0.2,0.6523241206030151,0.7693192613427545,0.7695496643063154,False,fr,0.6745762711864407
deberta_full_klu_heatn_t=0.7_alpha_0.3,0.6515389447236181,0.7689704221078683,0.76920200757731,False,fr,0.6745762711864407
deberta_full_klu_heatn_t=0.7_alpha_0.4,0.6515912897822446,0.7689627664553463,0.7691943778761526,False,fr,0.6745762711864407
deberta_full_klu_heatn_t=0.7_alpha_0.5,0.6514342546063652,0.7688127082282048,0.7690448283209677,False,fr,0.6745762711864407
deberta_full_klu_heatn_t=0.7_alpha_0.6,0.6509108040201004,0.76856326776269,0.768796233416353,False,fr,0.6745762711864407
deberta_full_klu_heatn_t=0.7_alpha_0.7,0.6510678391959799,0.7686100290557661,0.7688428361965711,False,fr,0.6745762711864407
deberta_full_klu_heatn_t=0.7_alpha_0.8,0.6501256281407035,0.768176575476816,0.7684108519517867,False,fr,0.6745762711864407
deberta_full_klu_heatn_t=0.7_alpha_0.9,0.6505443886097153,0.7682890076223323,0.7685229029713861,False,fr,0.6745762711864407
deberta_full_klu_heatn_t=0.7_alpha_1.0,0.5,0.6675790829546375,0.6681543678788363,False,fr,0.6745762711864407
deberta_full_klu_matern_kappa=1.0_nu=1.0_alpha_0.0,0.6544702680067002,0.7707971077991205,0.7710225011136767,False,fr,0.6745762711864407
deberta_full_klu_matern_kappa=1.0_nu=1.0_alpha_0.1,0.6538944723618091,0.770245900487461,0.7704731623013787,False,fr,0.6745762711864407
deberta_full_klu_matern_kappa=1.0_nu=1.0_alpha_0.2,0.6536850921273031,0.7700498989963529,0.7702778252221051,False,fr,0.6745762711864407
deberta_full_klu_matern_kappa=1.0_nu=1.0_alpha_0.3,0.6528475711892796,0.7696393608051157,0.7698686786857533,False,fr,0.6745762711864407
deberta_full_klu_matern_kappa=1.0_nu=1.0_alpha_0.4,0.6528999162479062,0.7695311143214543,0.7697607991393245,False,fr,0.6745762711864407
deberta_full_klu_matern_kappa=1.0_nu=1.0_alpha_0.5,0.6534757118927974,0.7698332293167935,0.7700618900160355,False,fr,0.6745762711864407
deberta_full_klu_matern_kappa=1.0_nu=1.0_alpha_0.6,0.6534757118927973,0.7698185431849462,0.7700472536676861,False,fr,0.6745762711864407
deberta_full_klu_matern_kappa=1.0_nu=1.0_alpha_0.7,0.6526381909547739,0.7693230522350316,0.7695534423481103,False,fr,0.6745762711864407
deberta_full_klu_matern_kappa=1.0_nu=1.0_alpha_0.8,0.6521670854271356,0.7691050986523121,0.7693362275910949,False,fr,0.6745762711864407
deberta_full_klu_matern_kappa=1.0_nu=1.0_alpha_0.9,0.6512772194304858,0.7687005346515604,0.7689330349937356,False,fr,0.6745762711864407
deberta_full_klu_matern_kappa=1.0_nu=1.0_alpha_1.0,0.5,0.6675790829546375,0.6681543678788363,False,fr,0.6745762711864407
deberta_full_klu_maternn_kappa=1.0_nu=1.0_alpha_0.0,0.6544702680067002,0.7707971077991205,0.7710225011136767,False,fr,0.6745762711864407
deberta_full_klu_maternn_kappa=1.0_nu=1.0_alpha_0.1,0.6537897822445561,0.7700858110280732,0.7703136155181244,False,fr,0.6745762711864407
deberta_full_klu_maternn_kappa=1.0_nu=1.0_alpha_0.2,0.6522717755443886,0.7693342698005836,0.7695646218880162,False,fr,0.6745762711864407
deberta_full_klu_maternn_kappa=1.0_nu=1.0_alpha_0.3,0.6515389447236181,0.7689577486371091,0.7691893770674687,False,fr,0.6745762711864407
deberta_full_klu_maternn_kappa=1.0_nu=1.0_alpha_0.4,0.6513819095477387,0.7688409135744714,0.7690729380558908,False,fr,0.6745762711864407
deberta_full_klu_maternn_kappa=1.0_nu=1.0_alpha_0.5,0.6506490787269682,0.7685149529875233,0.768748082420085,False,fr,0.6745762711864407
deberta_full_klu_maternn_kappa=1.0_nu=1.0_alpha_0.6,0.6505967336683417,0.7683966321814206,0.7686301627014606,False,fr,0.6745762711864407
deberta_full_klu_maternn_kappa=1.0_nu=1.0_alpha_0.7,0.6506490787269681,0.7684513795066823,0.7686847244425689,False,fr,0.6745762711864407
deberta_full_klu_maternn_kappa=1.0_nu=1.0_alpha_0.8,0.6489216917922949,0.7676204493687628,0.7678566110169813,False,fr,0.6745762711864407
deberta_full_klu_maternn_kappa=1.0_nu=1.0_alpha_0.9,0.6499162479061976,0.7680752548479866,0.7683098747827162,False,fr,0.6745762711864407
deberta_full_klu_maternn_kappa=1.0_nu=1.0_alpha_1.0,0.5,0.6675790829546375,0.6681543678788363,False,fr,0.6745762711864407
deberta_full_klu_matern_kappa=1.0_nu=2.0_alpha_0.0,0.6544702680067002,0.7707971077991205,0.7710225011136767,False,fr,0.6745762711864407
deberta_full_klu_matern_kappa=1.0_nu=2.0_alpha_0.1,0.6544179229480737,0.7706061525697797,0.7708321931901982,False,fr,0.6745762711864407
deberta_full_klu_matern_kappa=1.0_nu=2.0_alpha_0.2,0.6545226130653267,0.770604573990525,0.7708306199620596,False,fr,0.6745762711864407
deberta_full_klu_matern_kappa=1.0_nu=2.0_alpha_0.3,0.6542608877721943,0.7705129836968205,0.7707393401439269,False,fr,0.6745762711864407
deberta_full_klu_matern_kappa=1.0_nu=2.0_alpha_0.4,0.653999162479062,0.7703283393725076,0.7705553217325778,False,fr,0.6745762711864407
deberta_full_klu_matern_kappa=1.0_nu=2.0_alpha_0.5,0.6538421273031826,0.7701350191705645,0.770362656853353,False,fr,0.6745762711864407
deberta_full_klu_matern_kappa=1.0_nu=2.0_alpha_0.6,0.6536327470686767,0.7698861714796656,0.770114652713949,False,fr,0.6745762711864407
deberta_full_klu_matern_kappa=1.0_nu=2.0_alpha_0.7,0.6539468174204355,0.7699957935183548,0.7702239031525069,False,fr,0.6745762711864407
deberta_full_klu_matern_kappa=1.0_nu=2.0_alpha_0.8,0.6532139865996649,0.7696018830717024,0.7698313279955042,False,fr,0.6745762711864407
deberta_full_klu_matern_kappa=1.0_nu=2.0_alpha_0.9,0.6521147403685092,0.7690827401060277,0.7693139448364928,False,fr,0.6745762711864407
deberta_full_klu_matern_kappa=1.0_nu=2.0_alpha_1.0,0.5,0.6675790829546375,0.6681543678788363,False,fr,0.6745762711864407
deberta_full_klu_maternn_kappa=1.0_nu=2.0_alpha_0.0,0.6544702680067002,0.7707971077991205,0.7710225011136767,False,fr,0.6745762711864407
deberta_full_klu_maternn_kappa=1.0_nu=2.0_alpha_0.1,0.6537897822445561,0.7700858110280732,0.7703136155181244,False,fr,0.6745762711864407
deberta_full_klu_maternn_kappa=1.0_nu=2.0_alpha_0.2,0.6522717755443886,0.7693342698005836,0.7695646218880162,False,fr,0.6745762711864407
deberta_full_klu_maternn_kappa=1.0_nu=2.0_alpha_0.3,0.6515912897822446,0.7689992075353768,0.7692306954270982,False,fr,0.6745762711864407
deberta_full_klu_maternn_kappa=1.0_nu=2.0_alpha_0.4,0.6514865996649917,0.7689176696361351,0.769149433927515,False,fr,0.6745762711864407
deberta_full_klu_maternn_kappa=1.0_nu=2.0_alpha_0.5,0.6506490787269682,0.768521692224115,0.768754798811807,False,fr,0.6745762711864407
deberta_full_klu_maternn_kappa=1.0_nu=2.0_alpha_0.6,0.6504920435510888,0.7683576323965919,0.7685912951192923,False,fr,0.6745762711864407
deberta_full_klu_maternn_kappa=1.0_nu=2.0_alpha_0.7,0.650858458961474,0.7685508396879288,0.7687838474706586,False,fr,0.6745762711864407
deberta_full_klu_maternn_kappa=1.0_nu=2.0_alpha_0.8,0.64928810720268,0.7678008550987501,0.7680364052021212,False,fr,0.6745762711864407
deberta_full_klu_maternn_kappa=1.0_nu=2.0_alpha_0.9,0.6499685929648241,0.7680859229190347,0.7683205066908115,False,fr,0.6745762711864407
deberta_full_klu_maternn_kappa=1.0_nu=2.0_alpha_1.0,0.5,0.6675790829546375,0.6681543678788363,False,fr,0.6745762711864407
deberta_full_klu_matern_kappa=1.0_nu=3.0_alpha_0.0,0.6544702680067002,0.7707971077991205,0.7710225011136767,False,fr,0.6745762711864407
deberta_full_klu_matern_kappa=1.0_nu=3.0_alpha_0.1,0.6545226130653267,0.7706808547604519,0.7709066421531052,False,fr,0.6745762711864407
deberta_full_klu_matern_kappa=1.0_nu=3.0_alpha_0.2,0.6542085427135679,0.7704961827907599,0.7707225961900903,False,fr,0.6745762711864407
deberta_full_klu_matern_kappa=1.0_nu=3.0_alpha_0.3,0.6546273031825796,0.7706896513391962,0.7709154089129387,False,fr,0.6745762711864407
deberta_full_klu_matern_kappa=1.0_nu=3.0_alpha_0.4,0.6543655778894473,0.7705565527921172,0.7707827615473752,False,fr,0.6745762711864407
deberta_full_klu_matern_kappa=1.0_nu=3.0_alpha_0.5,0.6540515075376884,0.7703790845967582,0.7706058949391191,False,fr,0.6745762711864407
deberta_full_klu_matern_kappa=1.0_nu=3.0_alpha_0.6,0.6535804020100503,0.7700460326712898,0.7702739720032284,False,fr,0.6745762711864407
deberta_full_klu_matern_kappa=1.0_nu=3.0_alpha_0.7,0.6548366834170853,0.7705483302835505,0.7707745669117188,False,fr,0.6745762711864407
deberta_full_klu_matern_kappa=1.0_nu=3.0_alpha_0.8,0.6535804020100503,0.7697973206941113,0.7700261031174982,False,fr,0.6745762711864407
deberta_full_klu_matern_kappa=1.0_nu=3.0_alpha_0.9,0.6530569514237856,0.7694859163448255,0.7697157543761761,False,fr,0.6745762711864407
deberta_full_klu_matern_kappa=1.0_nu=3.0_alpha_1.0,0.5,0.6675790829546375,0.6681543678788363,False,fr,0.6745762711864407
deberta_full_klu_maternn_kappa=1.0_nu=3.0_alpha_0.0,0.6544702680067002,0.7707971077991205,0.7710225011136767,False,fr,0.6745762711864407
deberta_full_klu_maternn_kappa=1.0_nu=3.0_alpha_0.1,0.6538421273031826,0.7701040001218925,0.7703317429539986,False,fr,0.6745762711864407
deberta_full_klu_maternn_kappa=1.0_nu=3.0_alpha_0.2,0.6522717755443886,0.7693422703126164,0.7695725952796693,False,fr,0.6745762711864407
deberta_full_klu_maternn_kappa=1.0_nu=3.0_alpha_0.3,0.6515912897822446,0.7689992075353768,0.7692306954270982,False,fr,0.6745762711864407
deberta_full_klu_maternn_kappa=1.0_nu=3.0_alpha_0.4,0.6514865996649917,0.7689304912654981,0.7691622120937276,False,fr,0.6745762711864407
deberta_full_klu_maternn_kappa=1.0_nu=3.0_alpha_0.5,0.6508061139028476,0.7686036830607005,0.7688365117133531,False,fr,0.6745762711864407
deberta_full_klu_maternn_kappa=1.0_nu=3.0_alpha_0.6,0.6505443886097152,0.7683215219056445,0.7685553070367888,False,fr,0.6745762711864407
deberta_full_klu_maternn_kappa=1.0_nu=3.0_alpha_0.7,0.650858458961474,0.768530416731515,0.7687634937446057,False,fr,0.6745762711864407
deberta_full_klu_maternn_kappa=1.0_nu=3.0_alpha_0.8,0.6494974874371859,0.7678917381940202,0.7681269802191022,False,fr,0.6745762711864407
deberta_full_klu_maternn_kappa=1.0_nu=3.0_alpha_0.9,0.6502303182579564,0.7681755071750629,0.7684097872713955,False,fr,0.6745762711864407
deberta_full_klu_maternn_kappa=1.0_nu=3.0_alpha_1.0,0.5,0.6675790829546375,0.6681543678788363,False,fr,0.6745762711864407
deberta_full_klu_matern_kappa=2.0_nu=1.0_alpha_0.0,0.6544702680067002,0.7707971077991205,0.7710225011136767,False,fr,0.6745762711864407
deberta_full_klu_matern_kappa=2.0_nu=1.0_alpha_0.1,0.6546273031825796,0.7707154778680324,0.7709411478942194,False,fr,0.6745762711864407
deberta_full_klu_matern_kappa=2.0_nu=1.0_alpha_0.2,0.6542085427135679,0.7705088037946346,0.770735174410901,False,fr,0.6745762711864407
deberta_full_klu_matern_kappa=2.0_nu=1.0_alpha_0.3,0.6550460636515913,0.7708445739769094,0.7710698063891681,False,fr,0.6745762711864407
deberta_full_klu_matern_kappa=2.0_nu=1.0_alpha_0.4,0.6544702680067003,0.7705694478712243,0.7707956129143496,False,fr,0.6745762711864407
deberta_full_klu_matern_kappa=2.0_nu=1.0_alpha_0.5,0.6540515075376884,0.7703775386273488,0.770604354210284,False,fr,0.6745762711864407
deberta_full_klu_matern_kappa=2.0_nu=1.0_alpha_0.6,0.6542085427135679,0.7703855830671384,0.7706123713807861,False,fr,0.6745762711864407
deberta_full_klu_matern_kappa=2.0_nu=1.0_alpha_0.7,0.6546796482412061,0.7704370818761509,0.7706636956175646,False,fr,0.6745762711864407
deberta_full_klu_matern_kappa=2.0_nu=1.0_alpha_0.8,0.6538944723618091,0.7699861888367181,0.7702143310291132,False,fr,0.6745762711864407
deberta_full_klu_matern_kappa=2.0_nu=1.0_alpha_0.9,0.653109296482412,0.7695345261481988,0.7697641994005548,False,fr,0.6745762711864407
deberta_full_klu_matern_kappa=2.0_nu=1.0_alpha_1.0,0.5,0.6675790829546375,0.6681543678788363,False,fr,0.6745762711864407
deberta_full_klu_maternn_kappa=2.0_nu=1.0_alpha_0.0,0.6544702680067002,0.7707971077991205,0.7710225011136767,False,fr,0.6745762711864407
deberta_full_klu_maternn_kappa=2.0_nu=1.0_alpha_0.1,0.6540515075376884,0.7702403104107094,0.7704675911740398,False,fr,0.6745762711864407
deberta_full_klu_maternn_kappa=2.0_nu=1.0_alpha_0.2,0.6531092964824121,0.769771240727094,0.7700001115571486,False,fr,0.6745762711864407
deberta_full_klu_maternn_kappa=2.0_nu=1.0_alpha_0.3,0.6521147403685091,0.7692555878777874,0.7694862066836023,False,fr,0.6745762711864407
deberta_full_klu_maternn_kappa=2.0_nu=1.0_alpha_0.4,0.6520100502512562,0.7691417167504244,0.769372721560061,False,fr,0.6745762711864407
deberta_full_klu_maternn_kappa=2.0_nu=1.0_alpha_0.5,0.6519577051926297,0.769101079820346,0.7693322223822879,False,fr,0.6745762711864407
deberta_full_klu_maternn_kappa=2.0_nu=1.0_alpha_0.6,0.651853015075377,0.7690171384175378,0.769248565526608,False,fr,0.6745762711864407
deberta_full_klu_maternn_kappa=2.0_nu=1.0_alpha_0.7,0.6515389447236181,0.768816344414823,0.7690484521815296,False,fr,0.6745762711864407
deberta_full_klu_maternn_kappa=2.0_nu=1.0_alpha_0.8,0.6512248743718593,0.768683853210735,0.7689164101001671,False,fr,0.6745762711864407
deberta_full_klu_maternn_kappa=2.0_nu=1.0_alpha_0.9,0.6505967336683417,0.7683626552845401,0.7685963009805017,False,fr,0.6745762711864407
deberta_full_klu_maternn_kappa=2.0_nu=1.0_alpha_1.0,0.5,0.6675790829546375,0.6681543678788363,False,fr,0.6745762711864407
deberta_full_klu_matern_kappa=2.0_nu=2.0_alpha_0.0,0.6544702680067002,0.7707971077991205,0.7710225011136767,False,fr,0.6745762711864407
deberta_full_klu_matern_kappa=2.0_nu=2.0_alpha_0.1,0.6550984087102177,0.7710352006356049,0.7712597868558003,False,fr,0.6745762711864407
deberta_full_klu_matern_kappa=2.0_nu=2.0_alpha_0.2,0.6560406197654942,0.771408060779593,0.7716313830670968,False,fr,0.6745762711864407
deberta_full_klu_matern_kappa=2.0_nu=2.0_alpha_0.3,0.6559882747068677,0.771444546775066,0.7716677453812293,False,fr,0.6745762711864407
deberta_full_klu_matern_kappa=2.0_nu=2.0_alpha_0.4,0.6557788944723618,0.7713593313810574,0.771582818852963,False,fr,0.6745762711864407
deberta_full_klu_matern_kappa=2.0_nu=2.0_alpha_0.5,0.6556742043551089,0.7713377501038525,0.77156131073263,False,fr,0.6745762711864407
deberta_full_klu_matern_kappa=2.0_nu=2.0_alpha_0.6,0.6556742043551089,0.771277503114989,0.7715012679708473,False,fr,0.6745762711864407
deberta_full_klu_matern_kappa=2.0_nu=2.0_alpha_0.7,0.6553601340033501,0.7710243162295949,0.7712489393460819,False,fr,0.6745762711864407
deberta_full_klu_matern_kappa=2.0_nu=2.0_alpha_0.8,0.6556218592964824,0.7709516680000708,0.7711765373817424,False,fr,0.6745762711864407
deberta_full_klu_matern_kappa=2.0_nu=2.0_alpha_0.9,0.6542085427135678,0.7703413274052948,0.7705682657381352,False,fr,0.6745762711864407
deberta_full_klu_matern_kappa=2.0_nu=2.0_alpha_1.0,0.5,0.6675790829546375,0.6681543678788363,False,fr,0.6745762711864407
deberta_full_klu_maternn_kappa=2.0_nu=2.0_alpha_0.0,0.6544702680067002,0.7707971077991205,0.7710225011136767,False,fr,0.6745762711864407
deberta_full_klu_maternn_kappa=2.0_nu=2.0_alpha_0.1,0.653894472361809,0.7701283697187129,0.7703560299420164,False,fr,0.6745762711864407
deberta_full_klu_maternn_kappa=2.0_nu=2.0_alpha_0.2,0.6535280569514238,0.7699486380123434,0.7701769074956684,False,fr,0.6745762711864407
deberta_full_klu_maternn_kappa=2.0_nu=2.0_alpha_0.3,0.652428810720268,0.7693927507837343,0.7696229046305461,False,fr,0.6745762711864407
deberta_full_klu_maternn_kappa=2.0_nu=2.0_alpha_0.4,0.6526905360134003,0.7694484895276494,0.7696784544295666,False,fr,0.6745762711864407
deberta_full_klu_maternn_kappa=2.0_nu=2.0_alpha_0.5,0.6528475711892797,0.7695006445152701,0.769730432620619,False,fr,0.6745762711864407
deberta_full_klu_maternn_kappa=2.0_nu=2.0_alpha_0.6,0.6526381909547738,0.7693303352509678,0.7695607006758569,False,fr,0.6745762711864407
deberta_full_klu_maternn_kappa=2.0_nu=2.0_alpha_0.7,0.6520100502512564,0.7690671169275736,0.7692983746179656,False,fr,0.6745762711864407
deberta_full_klu_maternn_kappa=2.0_nu=2.0_alpha_0.8,0.6516436348408711,0.7688954981929897,0.7691273376418042,False,fr,0.6745762711864407
deberta_full_klu_maternn_kappa=2.0_nu=2.0_alpha_0.9,0.6508061139028475,0.7684792624510701,0.7687125128685011,False,fr,0.6745762711864407
deberta_full_klu_maternn_kappa=2.0_nu=2.0_alpha_1.0,0.5,0.6675790829546375,0.6681543678788363,False,fr,0.6745762711864407
deberta_full_klu_matern_kappa=2.0_nu=3.0_alpha_0.0,0.6544702680067002,0.7707971077991205,0.7710225011136767,False,fr,0.6745762711864407
deberta_full_klu_matern_kappa=2.0_nu=3.0_alpha_0.1,0.6552554438860971,0.7711341670639084,0.7713584178046856,False,fr,0.6745762711864407
deberta_full_klu_matern_kappa=2.0_nu=3.0_alpha_0.2,0.65625,0.7715505558401694,0.7717733950935696,False,fr,0.6745762711864407
deberta_full_klu_matern_kappa=2.0_nu=3.0_alpha_0.3,0.656354690117253,0.7716164547770131,0.7718390706441868,False,fr,0.6745762711864407
deberta_full_klu_matern_kappa=2.0_nu=3.0_alpha_0.4,0.6561453098827471,0.7715930852030501,0.7718157802891185,False,fr,0.6745762711864407
deberta_full_klu_matern_kappa=2.0_nu=3.0_alpha_0.5,0.6563023450586265,0.771661810286479,0.7718842724061628,False,fr,0.6745762711864407
deberta_full_klu_matern_kappa=2.0_nu=3.0_alpha_0.6,0.6563023450586264,0.7716589099520721,0.771881381903398,False,fr,0.6745762711864407
deberta_full_klu_matern_kappa=2.0_nu=3.0_alpha_0.7,0.6564070351758794,0.7716073575817042,0.7718300042868279,False,fr,0.6745762711864407
deberta_full_klu_matern_kappa=2.0_nu=3.0_alpha_0.8,0.6559359296482412,0.7713024104332747,0.7715260908575456,False,fr,0.6745762711864407
deberta_full_klu_matern_kappa=2.0_nu=3.0_alpha_0.9,0.6561976549413736,0.7712009398935521,0.7714249642857544,False,fr,0.6745762711864407
deberta_full_klu_matern_kappa=2.0_nu=3.0_alpha_1.0,0.5,0.6675790829546375,0.6681543678788363,False,fr,0.6745762711864407
deberta_full_klu_maternn_kappa=2.0_nu=3.0_alpha_0.0,0.6544702680067002,0.7707971077991205,0.7710225011136767,False,fr,0.6745762711864407
deberta_full_klu_maternn_kappa=2.0_nu=3.0_alpha_0.1,0.6537897822445561,0.7701521180127022,0.7703796977333143,False,fr,0.6745762711864407
deberta_full_klu_maternn_kappa=2.0_nu=3.0_alpha_0.2,0.6536850921273032,0.7700401047438044,0.7702680641704126,False,fr,0.6745762711864407
deberta_full_klu_maternn_kappa=2.0_nu=3.0_alpha_0.3,0.6526905360134004,0.7695427254154529,0.7697723708736827,False,fr,0.6745762711864407
deberta_full_klu_maternn_kappa=2.0_nu=3.0_alpha_0.4,0.6528999162479062,0.7695421931274056,0.7697718403900015,False,fr,0.6745762711864407
deberta_full_klu_maternn_kappa=2.0_nu=3.0_alpha_0.5,0.6533186767169179,0.7697048923006837,0.7699339880406586,False,fr,0.6745762711864407
deberta_full_klu_maternn_kappa=2.0_nu=3.0_alpha_0.6,0.6530046063651591,0.7695840812348265,0.7698135865038379,False,fr,0.6745762711864407
deberta_full_klu_maternn_kappa=2.0_nu=3.0_alpha_0.7,0.6521670854271356,0.7691189515246533,0.7693500335045468,False,fr,0.6745762711864407
deberta_full_klu_maternn_kappa=2.0_nu=3.0_alpha_0.8,0.6520100502512564,0.769090020096775,0.7693212001493055,False,fr,0.6745762711864407
deberta_full_klu_maternn_kappa=2.0_nu=3.0_alpha_0.9,0.6510678391959799,0.768595133366855,0.7688279910015207,False,fr,0.6745762711864407
deberta_full_klu_maternn_kappa=2.0_nu=3.0_alpha_1.0,0.5,0.6675790829546375,0.6681543678788363,False,fr,0.6745762711864407
deberta_full_klu_matern_kappa=3.0_nu=1.0_alpha_0.0,0.6544702680067002,0.7707971077991205,0.7710225011136767,False,fr,0.6745762711864407
deberta_full_klu_matern_kappa=3.0_nu=1.0_alpha_0.1,0.6550460636515912,0.7709677340206578,0.7711925489412427,False,fr,0.6745762711864407
deberta_full_klu_matern_kappa=3.0_nu=1.0_alpha_0.2,0.6549413735343383,0.7708955087651501,0.7711205685171095,False,fr,0.6745762711864407
deberta_full_klu_matern_kappa=3.0_nu=1.0_alpha_0.3,0.6554124790619765,0.7711109817352932,0.7713353110704049,False,fr,0.6745762711864407
deberta_full_klu_matern_kappa=3.0_nu=1.0_alpha_0.4,0.6552554438860971,0.771054011148959,0.7712785336047021,False,fr,0.6745762711864407
deberta_full_klu_matern_kappa=3.0_nu=1.0_alpha_0.5,0.6549413735343383,0.7707965282693438,0.7710219235484077,False,fr,0.6745762711864407
deberta_full_klu_matern_kappa=3.0_nu=1.0_alpha_0.6,0.6551507537688442,0.770888389766355,0.7711134736505139,False,fr,0.6745762711864407
deberta_full_klu_matern_kappa=3.0_nu=1.0_alpha_0.7,0.6550460636515913,0.7707874050184071,0.7710128312237455,False,fr,0.6745762711864407
deberta_full_klu_matern_kappa=3.0_nu=1.0_alpha_0.8,0.6550460636515912,0.7706150255635771,0.7708410361060505,False,fr,0.6745762711864407
deberta_full_klu_matern_kappa=3.0_nu=1.0_alpha_0.9,0.6535280569514238,0.7698093592859825,0.7700381009005834,False,fr,0.6745762711864407
deberta_full_klu_matern_kappa=3.0_nu=1.0_alpha_1.0,0.5,0.6675790829546375,0.6681543678788363,False,fr,0.6745762711864407
deberta_full_klu_maternn_kappa=3.0_nu=1.0_alpha_0.0,0.6544702680067002,0.7707971077991205,0.7710225011136767,False,fr,0.6745762711864407
deberta_full_klu_maternn_kappa=3.0_nu=1.0_alpha_0.1,0.6538944723618091,0.770245900487461,0.7704731623013787,False,fr,0.6745762711864407
deberta_full_klu_maternn_kappa=3.0_nu=1.0_alpha_0.2,0.6536850921273031,0.7700498989963529,0.7702778252221051,False,fr,0.6745762711864407
deberta_full_klu_maternn_kappa=3.0_nu=1.0_alpha_0.3,0.6528475711892796,0.7696393608051157,0.7698686786857533,False,fr,0.6745762711864407
deberta_full_klu_maternn_kappa=3.0_nu=1.0_alpha_0.4,0.6528999162479062,0.7695311143214543,0.7697607991393245,False,fr,0.6745762711864407
deberta_full_klu_maternn_kappa=3.0_nu=1.0_alpha_0.5,0.6534757118927974,0.7698332293167935,0.7700618900160355,False,fr,0.6745762711864407
deberta_full_klu_maternn_kappa=3.0_nu=1.0_alpha_0.6,0.6534757118927973,0.7698185431849462,0.7700472536676861,False,fr,0.6745762711864407
deberta_full_klu_maternn_kappa=3.0_nu=1.0_alpha_0.7,0.6526381909547739,0.7693230522350316,0.7695534423481103,False,fr,0.6745762711864407
deberta_full_klu_maternn_kappa=3.0_nu=1.0_alpha_0.8,0.6521670854271356,0.7691050986523121,0.7693362275910949,False,fr,0.6745762711864407
deberta_full_klu_maternn_kappa=3.0_nu=1.0_alpha_0.9,0.6512772194304858,0.7687005346515604,0.7689330349937356,False,fr,0.6745762711864407
deberta_full_klu_maternn_kappa=3.0_nu=1.0_alpha_1.0,0.5,0.6675790829546375,0.6681543678788363,False,fr,0.6745762711864407
deberta_full_klu_matern_kappa=3.0_nu=2.0_alpha_0.0,0.6544702680067002,0.7707971077991205,0.7710225011136767,False,fr,0.6745762711864407
deberta_full_klu_matern_kappa=3.0_nu=2.0_alpha_0.1,0.6554124790619765,0.771200265946032,0.771424292622802,False,fr,0.6745762711864407
deberta_full_klu_matern_kappa=3.0_nu=2.0_alpha_0.2,0.6561976549413735,0.7715363835045684,0.7717592707997843,False,fr,0.6745762711864407
deberta_full_klu_matern_kappa=3.0_nu=2.0_alpha_0.3,0.6564070351758793,0.771648848686958,0.7718713547442674,False,fr,0.6745762711864407
deberta_full_klu_matern_kappa=3.0_nu=2.0_alpha_0.4,0.6561453098827471,0.7715890596563212,0.7718117683883106,False,fr,0.6745762711864407
deberta_full_klu_matern_kappa=3.0_nu=2.0_alpha_0.5,0.6563023450586265,0.7716633117392291,0.7718857687692426,False,fr,0.6745762711864407
deberta_full_klu_matern_kappa=3.0_nu=2.0_alpha_0.6,0.6566164154103854,0.7718138730253938,0.7720358196781661,False,fr,0.6745762711864407
deberta_full_klu_matern_kappa=3.0_nu=2.0_alpha_0.7,0.6566164154103852,0.7716582162637363,0.7718806905665482,False,fr,0.6745762711864407
deberta_full_klu_matern_kappa=3.0_nu=2.0_alpha_0.8,0.6560406197654941,0.7713474550782538,0.7715709828088129,False,fr,0.6745762711864407
deberta_full_klu_matern_kappa=3.0_nu=2.0_alpha_0.9,0.6559882747068676,0.7711468098481998,0.7713710177320812,False,fr,0.6745762711864407
deberta_full_klu_matern_kappa=3.0_nu=2.0_alpha_1.0,0.5,0.6675790829546375,0.6681543678788363,False,fr,0.6745762711864407
deberta_full_klu_maternn_kappa=3.0_nu=2.0_alpha_0.0,0.6544702680067002,0.7707971077991205,0.7710225011136767,False,fr,0.6745762711864407
deberta_full_klu_maternn_kappa=3.0_nu=2.0_alpha_0.1,0.6544179229480737,0.7706061525697797,0.7708321931901982,False,fr,0.6745762711864407
deberta_full_klu_maternn_kappa=3.0_nu=2.0_alpha_0.2,0.6545226130653267,0.770604573990525,0.7708306199620596,False,fr,0.6745762711864407
deberta_full_klu_maternn_kappa=3.0_nu=2.0_alpha_0.3,0.6542608877721943,0.7705129836968205,0.7707393401439269,False,fr,0.6745762711864407
deberta_full_klu_maternn_kappa=3.0_nu=2.0_alpha_0.4,0.653999162479062,0.7703283393725076,0.7705553217325778,False,fr,0.6745762711864407
deberta_full_klu_maternn_kappa=3.0_nu=2.0_alpha_0.5,0.6538421273031826,0.7701350191705645,0.770362656853353,False,fr,0.6745762711864407
deberta_full_klu_maternn_kappa=3.0_nu=2.0_alpha_0.6,0.6536327470686767,0.7698861714796656,0.770114652713949,False,fr,0.6745762711864407
deberta_full_klu_maternn_kappa=3.0_nu=2.0_alpha_0.7,0.6539468174204355,0.7699957935183548,0.7702239031525069,False,fr,0.6745762711864407
deberta_full_klu_maternn_kappa=3.0_nu=2.0_alpha_0.8,0.6532139865996649,0.7696018830717024,0.7698313279955042,False,fr,0.6745762711864407
deberta_full_klu_maternn_kappa=3.0_nu=2.0_alpha_0.9,0.6521147403685092,0.7690827401060277,0.7693139448364928,False,fr,0.6745762711864407
deberta_full_klu_maternn_kappa=3.0_nu=2.0_alpha_1.0,0.5,0.6675790829546375,0.6681543678788363,False,fr,0.6745762711864407
deberta_full_klu_matern_kappa=3.0_nu=3.0_alpha_0.0,0.6544702680067002,0.7707971077991205,0.7710225011136767,False,fr,0.6745762711864407
deberta_full_klu_matern_kappa=3.0_nu=3.0_alpha_0.1,0.6555171691792295,0.7712484732268807,0.7714723364891395,False,fr,0.6745762711864407
deberta_full_klu_matern_kappa=3.0_nu=3.0_alpha_0.2,0.6563546901172529,0.7716562146881418,0.7718786957759556,False,fr,0.6745762711864407
deberta_full_klu_matern_kappa=3.0_nu=3.0_alpha_0.3,0.6567211055276382,0.7718291252808629,0.7720510202310743,False,fr,0.6745762711864407
deberta_full_klu_matern_kappa=3.0_nu=3.0_alpha_0.4,0.6563023450586265,0.7716770855674606,0.7718994959065311,False,fr,0.6745762711864407
deberta_full_klu_matern_kappa=3.0_nu=3.0_alpha_0.5,0.6566164154103853,0.7717495614156595,0.7719717260738885,False,fr,0.6745762711864407
deberta_full_klu_matern_kappa=3.0_nu=3.0_alpha_0.6,0.6566164154103852,0.7717831769481625,0.7720052276554338,False,fr,0.6745762711864407
deberta_full_klu_matern_kappa=3.0_nu=3.0_alpha_0.7,0.6567211055276382,0.7718220687233495,0.7720439875940949,False,fr,0.6745762711864407
deberta_full_klu_matern_kappa=3.0_nu=3.0_alpha_0.8,0.6568257956448912,0.7717371780235145,0.771959384659344,False,fr,0.6745762711864407
deberta_full_klu_matern_kappa=3.0_nu=3.0_alpha_0.9,0.6562500000000001,0.7713075743945144,0.771531237313832,False,fr,0.6745762711864407
deberta_full_klu_matern_kappa=3.0_nu=3.0_alpha_1.0,0.5,0.6675790829546375,0.6681543678788363,False,fr,0.6745762711864407
deberta_full_klu_maternn_kappa=3.0_nu=3.0_alpha_0.0,0.6544702680067002,0.7707971077991205,0.7710225011136767,False,fr,0.6745762711864407
deberta_full_klu_maternn_kappa=3.0_nu=3.0_alpha_0.1,0.6545226130653267,0.7706808547604519,0.7709066421531052,False,fr,0.6745762711864407
deberta_full_klu_maternn_kappa=3.0_nu=3.0_alpha_0.2,0.6542085427135679,0.7704961827907599,0.7707225961900903,False,fr,0.6745762711864407
deberta_full_klu_maternn_kappa=3.0_nu=3.0_alpha_0.3,0.6546273031825796,0.7706896513391962,0.7709154089129387,False,fr,0.6745762711864407
deberta_full_klu_maternn_kappa=3.0_nu=3.0_alpha_0.4,0.6543655778894473,0.7705565527921172,0.7707827615473752,False,fr,0.6745762711864407
deberta_full_klu_maternn_kappa=3.0_nu=3.0_alpha_0.5,0.6540515075376884,0.7703790845967582,0.7706058949391191,False,fr,0.6745762711864407
deberta_full_klu_maternn_kappa=3.0_nu=3.0_alpha_0.6,0.6535804020100503,0.7700460326712898,0.7702739720032284,False,fr,0.6745762711864407
deberta_full_klu_maternn_kappa=3.0_nu=3.0_alpha_0.7,0.6548366834170853,0.7705483302835505,0.7707745669117188,False,fr,0.6745762711864407
deberta_full_klu_maternn_kappa=3.0_nu=3.0_alpha_0.8,0.6535804020100503,0.7697973206941113,0.7700261031174982,False,fr,0.6745762711864407
deberta_full_klu_maternn_kappa=3.0_nu=3.0_alpha_0.9,0.6530569514237856,0.7694859163448255,0.7697157543761761,False,fr,0.6745762711864407
deberta_full_klu_maternn_kappa=3.0_nu=3.0_alpha_1.0,0.5,0.6675790829546375,0.6681543678788363,False,fr,0.6745762711864407
heat_t=0.1_kernel_entropy_s,0.5732519422863485,0.5935751423224414,0.5941714690448185,True,ja,0.5389830508474577
heat_t=0.1_kernel_entropy,0.5732519422863485,0.5935751423224414,0.5941714690448185,True,ja,0.5389830508474577
heatn_t=0.1_kernel_entropy_s,0.46883092859785425,0.5166097163666005,0.5174669428379806,True,ja,0.5389830508474577
heatn_t=0.1_kernel_entropy,0.46883092859785425,0.5166097163666005,0.5174669428379806,True,ja,0.5389830508474577
heat_t=0.2_kernel_entropy_s,0.5740381058083611,0.5955665719602926,0.5961561480737281,True,ja,0.5389830508474577
heat_t=0.2_kernel_entropy,0.5740381058083611,0.5955665719602926,0.5961561480737281,True,ja,0.5389830508474577
heatn_t=0.2_kernel_entropy_s,0.4685072142064373,0.515939444779603,0.5167989433580576,True,ja,0.5389830508474577
heatn_t=0.2_kernel_entropy,0.4685072142064373,0.515939444779603,0.5167989433580576,True,ja,0.5389830508474577
heat_t=0.3_kernel_entropy_s,0.5738531261561228,0.5970546336474338,0.5976391654839635,True,ja,0.5389830508474577
heat_t=0.3_kernel_entropy,0.5738531261561228,0.5970546336474338,0.5976391654839635,True,ja,0.5389830508474577
heatn_t=0.3_kernel_entropy_s,0.46790603033666295,0.5145142648810135,0.5153785945777685,True,ja,0.5389830508474577
heatn_t=0.3_kernel_entropy,0.46790603033666295,0.5145142648810135,0.5153785945777685,True,ja,0.5389830508474577
heat_t=0.4_kernel_entropy_s,0.5745930447650759,0.5959722115013677,0.5965604125655113,True,ja,0.5389830508474577
heat_t=0.4_kernel_entropy,0.5746392896781355,0.5959722115013677,0.5965604125655113,True,ja,0.5389830508474577
heatn_t=0.4_kernel_entropy_s,0.4690852756196818,0.5143735617776308,0.5152383684340583,True,ja,0.5389830508474577
heatn_t=0.4_kernel_entropy,0.4690852756196818,0.5143735617776308,0.5152383684340583,True,ja,0.5389830508474577
heat_t=0.5_kernel_entropy_s,0.5748705142434332,0.5977463232780521,0.5983285104039697,True,ja,0.5389830508474577
heat_t=0.5_kernel_entropy,0.5748242693303736,0.5974685455002744,0.5980516742457775,True,ja,0.5389830508474577
heatn_t=0.5_kernel_entropy_s,0.4689234184239734,0.513850162257521,0.5147167431496099,True,ja,0.5389830508474577
heatn_t=0.5_kernel_entropy,0.4689234184239734,0.513850162257521,0.5147167431496099,True,ja,0.5389830508474577
heat_t=0.6_kernel_entropy_s,0.5744543100258971,0.5944972729891025,0.595090473844813,True,ja,0.5389830508474577
heat_t=0.6_kernel_entropy,0.5744774324824269,0.5944972729891025,0.595090473844813,True,ja,0.5389830508474577
heatn_t=0.6_kernel_entropy_s,0.46878468368479465,0.5134682790660304,0.5143361544774125,True,ja,0.5389830508474577
heatn_t=0.6_kernel_entropy,0.46878468368479465,0.5134682790660304,0.5143361544774125,True,ja,0.5389830508474577
heat_t=0.7_kernel_entropy_s,0.5734369219385868,0.5931911803829318,0.5937888086712058,True,ja,0.5389830508474577
heat_t=0.7_kernel_entropy,0.5734369219385868,0.5931911803829318,0.5937888086712058,True,ja,0.5389830508474577
heatn_t=0.7_kernel_entropy_s,0.46896966333703294,0.5114759992397252,0.5123506281420439,True,ja,0.5389830508474577
heatn_t=0.7_kernel_entropy,0.46896966333703294,0.5114759992397252,0.5123506281420439,True,ja,0.5389830508474577
matern_kappa=1.0_nu=1.0_kernel_entropy_s,0.5690899001109878,0.5941020131871506,0.5946965539065966,True,ja,0.5389830508474577
matern_kappa=1.0_nu=1.0_kernel_entropy,0.5690899001109878,0.5941020131871506,0.5946965539065966,True,ja,0.5389830508474577
maternn_kappa=1.0_nu=1.0_kernel_entropy_s,0.46871531631520535,0.5110289192859737,0.5119050637135594,True,ja,0.5389830508474577
maternn_kappa=1.0_nu=1.0_kernel_entropy,0.46871531631520535,0.5110289192859737,0.5119050637135594,True,ja,0.5389830508474577
matern_kappa=1.0_nu=2.0_kernel_entropy_s,0.5718645948945615,0.597156920860495,0.5977411059607093,True,ja,0.5389830508474577
matern_kappa=1.0_nu=2.0_kernel_entropy,0.5718877173510915,0.597156920860495,0.5977411059607093,True,ja,0.5389830508474577
maternn_kappa=1.0_nu=2.0_kernel_entropy_s,0.4686690714021458,0.5116438776275541,0.5125179374505919,True,ja,0.5389830508474577
maternn_kappa=1.0_nu=2.0_kernel_entropy,0.4686690714021458,0.5116438776275541,0.5125179374505919,True,ja,0.5389830508474577
matern_kappa=1.0_nu=3.0_kernel_entropy_s,0.5732288198298188,0.5960830589611179,0.5966708842711606,True,ja,0.5389830508474577
matern_kappa=1.0_nu=3.0_kernel_entropy,0.5731825749167592,0.5960830589611179,0.5966708842711606,True,ja,0.5389830508474577
maternn_kappa=1.0_nu=3.0_kernel_entropy_s,0.4682991120976692,0.5121599417872751,0.51303225224028,True,ja,0.5389830508474577
maternn_kappa=1.0_nu=3.0_kernel_entropy,0.4682991120976692,0.5121599417872751,0.51303225224028,True,ja,0.5389830508474577
matern_kappa=2.0_nu=1.0_kernel_entropy_s,0.564187939326674,0.5890012835056722,0.589613114834208,True,ja,0.5389830508474577
matern_kappa=2.0_nu=1.0_kernel_entropy,0.564187939326674,0.5890012835056722,0.589613114834208,True,ja,0.5389830508474577
maternn_kappa=2.0_nu=1.0_kernel_entropy_s,0.4954217536071033,0.5149328216879766,0.5141008172938605,True,ja,0.5389830508474577
maternn_kappa=2.0_nu=1.0_kernel_entropy,0.4954217536071033,0.5149328216879766,0.5141008172938605,True,ja,0.5389830508474577
matern_kappa=2.0_nu=2.0_kernel_entropy_s,0.5614363669996301,0.5868129497772754,0.5874321991862462,True,ja,0.5389830508474577
matern_kappa=2.0_nu=2.0_kernel_entropy,0.5614363669996301,0.5867729337708727,0.587392318827323,True,ja,0.5389830508474577
maternn_kappa=2.0_nu=2.0_kernel_entropy_s,0.5012023677395486,0.5213641002821576,0.5205102949436544,True,ja,0.5389830508474577
maternn_kappa=2.0_nu=2.0_kernel_entropy,0.5012023677395486,0.5213641002821576,0.5205102949436544,True,ja,0.5389830508474577
matern_kappa=2.0_nu=3.0_kernel_entropy_s,0.5571818349981502,0.5812458465508328,0.5818839674961647,True,ja,0.5389830508474577
matern_kappa=2.0_nu=3.0_kernel_entropy,0.55720495745468,0.5812583976967524,0.5818964760958268,True,ja,0.5389830508474577
maternn_kappa=2.0_nu=3.0_kernel_entropy_s,0.5043007769145393,0.5198243475909248,0.51897576175307,True,ja,0.5389830508474577
maternn_kappa=2.0_nu=3.0_kernel_entropy,0.5043007769145393,0.5198243475909248,0.51897576175307,True,ja,0.5389830508474577
matern_kappa=3.0_nu=1.0_kernel_entropy_s,0.5602802441731409,0.5863607672255851,0.5869815494567652,True,ja,0.5389830508474577
matern_kappa=3.0_nu=1.0_kernel_entropy,0.5602802441731409,0.5863607672255851,0.5869815494567652,True,ja,0.5389830508474577
maternn_kappa=3.0_nu=1.0_kernel_entropy_s,0.5169718830928598,0.5318770648161957,0.5309876223097804,True,ja,0.5389830508474577
maternn_kappa=3.0_nu=1.0_kernel_entropy,0.51694876063633,0.5317462432568026,0.5308572442133006,True,ja,0.5389830508474577
matern_kappa=3.0_nu=2.0_kernel_entropy_s,0.555817610062893,0.5819368596497518,0.5825726381777993,True,ja,0.5389830508474577
matern_kappa=3.0_nu=2.0_kernel_entropy,0.555817610062893,0.5819368596497518,0.5825726381777993,True,ja,0.5389830508474577
maternn_kappa=3.0_nu=2.0_kernel_entropy_s,0.5356779504254532,0.5645072665310473,0.5635072131713617,True,ja,0.5389830508474577
maternn_kappa=3.0_nu=2.0_kernel_entropy,0.5356779504254532,0.5645072665310473,0.5635072131713617,True,ja,0.5389830508474577
matern_kappa=3.0_nu=3.0_kernel_entropy_s,0.552326119126896,0.5808808562056526,0.5815202144063918,True,ja,0.5389830508474577
matern_kappa=3.0_nu=3.0_kernel_entropy,0.5523492415834259,0.5809026597988847,0.5815419440891385,True,ja,0.5389830508474577
maternn_kappa=3.0_nu=3.0_kernel_entropy_s,0.5494820569737329,0.5832212091269604,0.5838526339279665,True,ja,0.5389830508474577
maternn_kappa=3.0_nu=3.0_kernel_entropy,0.5494820569737329,0.5832212091269604,0.5838526339279665,True,ja,0.5389830508474577
weighted_heat_t=0.1_kernel_entropy_s,0.5929985201627821,0.6078840277101655,0.608431849736313,True,ja,0.5389830508474577
weighted_heat_t=0.1_kernel_entropy,0.5929985201627821,0.6078840277101655,0.608431849736313,True,ja,0.5389830508474577
weighted_heatn_t=0.1_kernel_entropy_s,0.43403163152053276,0.47456113676114886,0.47386598553627635,True,ja,0.5389830508474577
weighted_heatn_t=0.1_kernel_entropy,0.43403163152053276,0.47456113676114886,0.47386598553627635,True,ja,0.5389830508474577
weighted_heat_t=0.2_kernel_entropy_s,0.5935997040325565,0.6081995116218716,0.6087462642110304,True,ja,0.5389830508474577
weighted_heat_t=0.2_kernel_entropy,0.5935997040325565,0.6081995116218716,0.6087462642110304,True,ja,0.5389830508474577
weighted_heatn_t=0.2_kernel_entropy_s,0.434424713281539,0.4751092851456481,0.47441227579065853,True,ja,0.5389830508474577
weighted_heatn_t=0.2_kernel_entropy,0.434424713281539,0.4751092851456481,0.47441227579065853,True,ja,0.5389830508474577
weighted_heat_t=0.3_kernel_entropy_s,0.5900850906400297,0.6057462914846805,0.6063013600743045,True,ja,0.5389830508474577
weighted_heat_t=0.3_kernel_entropy,0.5900850906400297,0.6057462914846805,0.6063013600743045,True,ja,0.5389830508474577
weighted_heatn_t=0.3_kernel_entropy_s,0.4344940806511284,0.47519180628951896,0.47449451720183833,True,ja,0.5389830508474577
weighted_heatn_t=0.3_kernel_entropy,0.4344940806511284,0.47519180628951896,0.47449451720183833,True,ja,0.5389830508474577
weighted_heat_t=0.4_kernel_entropy_s,0.5814835368109508,0.5966429668268121,0.5972288941440895,True,ja,0.5389830508474577
weighted_heat_t=0.4_kernel_entropy,0.5814835368109508,0.5966429668268121,0.5972288941440895,True,ja,0.5389830508474577
weighted_heatn_t=0.4_kernel_entropy_s,0.43523399926008133,0.47616402859398144,0.47546344383747213,True,ja,0.5389830508474577
weighted_heatn_t=0.4_kernel_entropy,0.43523399926008133,0.47616402859398144,0.47546344383747213,True,ja,0.5389830508474577
weighted_heat_t=0.5_kernel_entropy_s,0.573621901590825,0.5910305084987919,0.5916354610985374,True,ja,0.5389830508474577
weighted_heat_t=0.5_kernel_entropy,0.573621901590825,0.5910305084987919,0.5916354610985374,True,ja,0.5389830508474577
weighted_heatn_t=0.5_kernel_entropy_s,0.4355577136514983,0.47691551766053053,0.4762123854834566,True,ja,0.5389830508474577
weighted_heatn_t=0.5_kernel_entropy,0.4355577136514983,0.47691551766053053,0.4762123854834566,True,ja,0.5389830508474577
weighted_heat_t=0.6_kernel_entropy_s,0.5708472068072512,0.5887823830216989,0.5893949563857735,True,ja,0.5389830508474577
weighted_heat_t=0.6_kernel_entropy,0.5708472068072512,0.5887823830216989,0.5893949563857735,True,ja,0.5389830508474577
weighted_heatn_t=0.6_kernel_entropy_s,0.435696448390677,0.4769212312761213,0.476218079730859,True,ja,0.5389830508474577
weighted_heatn_t=0.6_kernel_entropy,0.435696448390677,0.4769212312761213,0.476218079730859,True,ja,0.5389830508474577
weighted_heat_t=0.7_kernel_entropy_s,0.5718645948945617,0.5891787496268668,0.5897899793753306,True,ja,0.5389830508474577
weighted_heat_t=0.7_kernel_entropy,0.5718645948945617,0.5891787496268668,0.5897899793753306,True,ja,0.5389830508474577
weighted_heatn_t=0.7_kernel_entropy_s,0.436112652608213,0.47554106132954177,0.4748425883264712,True,ja,0.5389830508474577
weighted_heatn_t=0.7_kernel_entropy,0.436112652608213,0.47554106132954177,0.4748425883264712,True,ja,0.5389830508474577
weighted_matern_kappa=1.0_nu=1.0_kernel_entropy_s,0.5932297447280799,0.6077883103029739,0.6083364567949086,True,ja,0.5389830508474577
weighted_matern_kappa=1.0_nu=1.0_kernel_entropy,0.5932297447280799,0.6077883103029739,0.6083364567949086,True,ja,0.5389830508474577
weighted_maternn_kappa=1.0_nu=1.0_kernel_entropy_s,0.43583518312985575,0.47859066108252407,0.4778818504531722,True,ja,0.5389830508474577
weighted_maternn_kappa=1.0_nu=1.0_kernel_entropy,0.43583518312985575,0.47859066108252407,0.4778818504531722,True,ja,0.5389830508474577
weighted_matern_kappa=1.0_nu=2.0_kernel_entropy_s,0.5921661117277099,0.6063127768255445,0.6068659251258773,True,ja,0.5389830508474577
weighted_matern_kappa=1.0_nu=2.0_kernel_entropy,0.5921661117277099,0.6063127768255445,0.6068659251258773,True,ja,0.5389830508474577
weighted_maternn_kappa=1.0_nu=2.0_kernel_entropy_s,0.4354421013688494,0.47676687444785953,0.47606424614608284,True,ja,0.5389830508474577
weighted_maternn_kappa=1.0_nu=2.0_kernel_entropy,0.4354421013688494,0.47676687444785953,0.47606424614608284,True,ja,0.5389830508474577
weighted_matern_kappa=1.0_nu=3.0_kernel_entropy_s,0.5901313355530892,0.604703806934762,0.6052624093703178,True,ja,0.5389830508474577
weighted_matern_kappa=1.0_nu=3.0_kernel_entropy,0.5901313355530892,0.604703806934762,0.6052624093703178,True,ja,0.5389830508474577
weighted_maternn_kappa=1.0_nu=3.0_kernel_entropy_s,0.435696448390677,0.4768969994580545,0.47619393005454835,True,ja,0.5389830508474577
weighted_maternn_kappa=1.0_nu=3.0_kernel_entropy,0.435696448390677,0.4768969994580545,0.47619393005454835,True,ja,0.5389830508474577
weighted_matern_kappa=2.0_nu=1.0_kernel_entropy_s,0.5875878653348131,0.6019680326175746,0.602535908864375,True,ja,0.5389830508474577
weighted_matern_kappa=2.0_nu=1.0_kernel_entropy,0.5875878653348131,0.6019680326175746,0.602535908864375,True,ja,0.5389830508474577
weighted_maternn_kappa=2.0_nu=1.0_kernel_entropy_s,0.45084165741768406,0.4864044099699091,0.48566911205619334,True,ja,0.5389830508474577
weighted_maternn_kappa=2.0_nu=1.0_kernel_entropy,0.45084165741768406,0.4864044099699091,0.48566911205619334,True,ja,0.5389830508474577
weighted_matern_kappa=2.0_nu=2.0_kernel_entropy_s,0.5763965963743988,0.5944870076868254,0.5950802433401707,True,ja,0.5389830508474577
weighted_matern_kappa=2.0_nu=2.0_kernel_entropy,0.5763965963743988,0.5944870076868254,0.5950802433401707,True,ja,0.5389830508474577
weighted_maternn_kappa=2.0_nu=2.0_kernel_entropy_s,0.45560488346281913,0.48895918492320994,0.4882152267554151,True,ja,0.5389830508474577
weighted_maternn_kappa=2.0_nu=2.0_kernel_entropy,0.45560488346281913,0.48895918492320994,0.4882152267554151,True,ja,0.5389830508474577
weighted_matern_kappa=2.0_nu=3.0_kernel_entropy_s,0.5730207177210507,0.5917137659227493,0.5923164023956339,True,ja,0.5389830508474577
weighted_matern_kappa=2.0_nu=3.0_kernel_entropy,0.5730207177210507,0.5917137659227493,0.5923164023956339,True,ja,0.5389830508474577
weighted_maternn_kappa=2.0_nu=3.0_kernel_entropy_s,0.4611542730299667,0.4916686894875108,0.490915546558481,True,ja,0.5389830508474577
weighted_maternn_kappa=2.0_nu=3.0_kernel_entropy,0.4611542730299667,0.4916686894875108,0.490915546558481,True,ja,0.5389830508474577
weighted_matern_kappa=3.0_nu=1.0_kernel_entropy_s,0.5802349241583425,0.5970596018117815,0.5976441168070762,True,ja,0.5389830508474577
weighted_matern_kappa=3.0_nu=1.0_kernel_entropy,0.5802349241583425,0.5970596018117815,0.5976441168070762,True,ja,0.5389830508474577
weighted_maternn_kappa=3.0_nu=1.0_kernel_entropy_s,0.5246716611172773,0.5531329755007707,0.5538663943140688,True,ja,0.5389830508474577
weighted_maternn_kappa=3.0_nu=1.0_kernel_entropy,0.5246716611172773,0.5531329755007707,0.5538663943140688,True,ja,0.5389830508474577
weighted_matern_kappa=3.0_nu=2.0_kernel_entropy_s,0.5716796152423232,0.5930242294394836,0.5936224236631591,True,ja,0.5389830508474577
weighted_matern_kappa=3.0_nu=2.0_kernel_entropy,0.5716796152423232,0.5930242294394836,0.5936224236631591,True,ja,0.5389830508474577
weighted_maternn_kappa=3.0_nu=2.0_kernel_entropy_s,0.5682574916759157,0.5986267467847184,0.5992059494241726,True,ja,0.5389830508474577
weighted_maternn_kappa=3.0_nu=2.0_kernel_entropy,0.5682574916759157,0.5986267467847184,0.5992059494241726,True,ja,0.5389830508474577
weighted_matern_kappa=3.0_nu=3.0_kernel_entropy_s,0.5677487976322604,0.5898506954401499,0.5904596474061958,True,ja,0.5389830508474577
weighted_matern_kappa=3.0_nu=3.0_kernel_entropy,0.5677487976322604,0.5898506954401499,0.5904596474061958,True,ja,0.5389830508474577
weighted_maternn_kappa=3.0_nu=3.0_kernel_entropy_s,0.571818349981502,0.5884072108364138,0.589021055970608,True,ja,0.5389830508474577
weighted_maternn_kappa=3.0_nu=3.0_kernel_entropy,0.571818349981502,0.5884072108364138,0.589021055970608,True,ja,0.5389830508474577
weighted_deberta_heat_t=0.1_kernel_entropy_s,0.5712634110247873,0.597312070871145,0.5978957300391199,True,ja,0.5389830508474577
weighted_deberta_heat_t=0.1_kernel_entropy,0.5712634110247873,0.597312070871145,0.5978957300391199,True,ja,0.5389830508474577
weighted_deberta_heatn_t=0.1_kernel_entropy_s,0.46351276359600446,0.5249128187749605,0.5257418991364818,True,ja,0.5389830508474577
weighted_deberta_heatn_t=0.1_kernel_entropy,0.46351276359600446,0.5249128187749605,0.5257418991364818,True,ja,0.5389830508474577
weighted_deberta_heat_t=0.2_kernel_entropy_s,0.5703847576766555,0.596617740334045,0.5972037531648575,True,ja,0.5389830508474577
weighted_deberta_heat_t=0.2_kernel_entropy,0.5703847576766555,0.596617740334045,0.5972037531648575,True,ja,0.5389830508474577
weighted_deberta_heatn_t=0.2_kernel_entropy_s,0.46365149833518315,0.5248515245781549,0.5256808127166144,True,ja,0.5389830508474577
weighted_deberta_heatn_t=0.2_kernel_entropy,0.46365149833518315,0.5248515245781549,0.5256808127166144,True,ja,0.5389830508474577
weighted_deberta_heat_t=0.3_kernel_entropy_s,0.5688124306326303,0.5917298112469283,0.5923323933288835,True,ja,0.5389830508474577
weighted_deberta_heat_t=0.3_kernel_entropy,0.5688124306326303,0.5917298112469283,0.5923323933288835,True,ja,0.5389830508474577
weighted_deberta_heatn_t=0.3_kernel_entropy_s,0.46453015168331485,0.5254819750296504,0.5263091260479356,True,ja,0.5389830508474577
weighted_deberta_heatn_t=0.3_kernel_entropy,0.46453015168331485,0.5254819750296504,0.5263091260479356,True,ja,0.5389830508474577
weighted_deberta_heat_t=0.4_kernel_entropy_s,0.5684887162412134,0.5918806690934625,0.5924827397928871,True,ja,0.5389830508474577
weighted_deberta_heat_t=0.4_kernel_entropy,0.5684887162412134,0.5918806690934625,0.5924827397928871,True,ja,0.5389830508474577
weighted_deberta_heatn_t=0.4_kernel_entropy_s,0.4652700702922678,0.5257383920301182,0.5265646738382321,True,ja,0.5389830508474577
weighted_deberta_heatn_t=0.4_kernel_entropy,0.4652700702922678,0.5257383920301182,0.5265646738382321,True,ja,0.5389830508474577
weighted_deberta_heat_t=0.5_kernel_entropy_s,0.5676100628930818,0.5888130809478784,0.5894255502511864,True,ja,0.5389830508474577
weighted_deberta_heat_t=0.5_kernel_entropy,0.5676100628930818,0.5888130809478784,0.5894255502511864,True,ja,0.5389830508474577
weighted_deberta_heatn_t=0.5_kernel_entropy_s,0.46582500924898257,0.5256288627770787,0.5264555158707962,True,ja,0.5389830508474577
weighted_deberta_heatn_t=0.5_kernel_entropy,0.46582500924898257,0.5256288627770787,0.5264555158707962,True,ja,0.5389830508474577
weighted_deberta_heat_t=0.6_kernel_entropy_s,0.5626156122826489,0.5820653824586661,0.5827007253161748,True,ja,0.5389830508474577
weighted_deberta_heat_t=0.6_kernel_entropy,0.5626156122826489,0.5820653824586661,0.5827007253161748,True,ja,0.5389830508474577
weighted_deberta_heatn_t=0.6_kernel_entropy_s,0.4665649278579356,0.5259323569424069,0.5267579812423435,True,ja,0.5389830508474577
weighted_deberta_heatn_t=0.6_kernel_entropy,0.4665649278579356,0.5259323569424069,0.5267579812423435,True,ja,0.5389830508474577
weighted_deberta_heat_t=0.7_kernel_entropy_s,0.5594709581945986,0.576594813043162,0.5772487002037741,True,ja,0.5389830508474577
weighted_deberta_heat_t=0.7_kernel_entropy,0.5594709581945986,0.576594813043162,0.5772487002037741,True,ja,0.5389830508474577
weighted_deberta_heatn_t=0.7_kernel_entropy_s,0.46725860155382903,0.5256162399811548,0.5264429358640111,True,ja,0.5389830508474577
weighted_deberta_heatn_t=0.7_kernel_entropy,0.46725860155382903,0.5256162399811548,0.5264429358640111,True,ja,0.5389830508474577
weighted_deberta_matern_kappa=1.0_nu=1.0_kernel_entropy_s,0.5706159822419534,0.5934902642372935,0.5940868786819931,True,ja,0.5389830508474577
weighted_deberta_matern_kappa=1.0_nu=1.0_kernel_entropy,0.5706159822419534,0.5934902642372935,0.5940868786819931,True,ja,0.5389830508474577
weighted_deberta_maternn_kappa=1.0_nu=1.0_kernel_entropy_s,0.4669348871624121,0.5251175444656149,0.525945930841744,True,ja,0.5389830508474577
weighted_deberta_maternn_kappa=1.0_nu=1.0_kernel_entropy,0.4669348871624121,0.5251175444656149,0.525945930841744,True,ja,0.5389830508474577
weighted_deberta_matern_kappa=1.0_nu=2.0_kernel_entropy_s,0.5697373288938217,0.5923792085377224,0.5929795892729293,True,ja,0.5389830508474577
weighted_deberta_matern_kappa=1.0_nu=2.0_kernel_entropy,0.5697373288938217,0.5923792085377224,0.5929795892729293,True,ja,0.5389830508474577
weighted_deberta_maternn_kappa=1.0_nu=2.0_kernel_entropy_s,0.466842397336293,0.5258685314280835,0.526694372085696,True,ja,0.5389830508474577
weighted_deberta_maternn_kappa=1.0_nu=2.0_kernel_entropy,0.466842397336293,0.5258685314280835,0.526694372085696,True,ja,0.5389830508474577
weighted_deberta_matern_kappa=1.0_nu=3.0_kernel_entropy_s,0.5694598594154643,0.59208518867706,0.5926865660897606,True,ja,0.5389830508474577
weighted_deberta_matern_kappa=1.0_nu=3.0_kernel_entropy,0.5694598594154643,0.59208518867706,0.5926865660897606,True,ja,0.5389830508474577
weighted_deberta_maternn_kappa=1.0_nu=3.0_kernel_entropy_s,0.4662412134665187,0.5252019186665787,0.5260300190284672,True,ja,0.5389830508474577
weighted_deberta_maternn_kappa=1.0_nu=3.0_kernel_entropy,0.4662412134665187,0.5252019186665787,0.5260300190284672,True,ja,0.5389830508474577
weighted_deberta_matern_kappa=2.0_nu=1.0_kernel_entropy_s,0.567378838327784,0.5886006739658578,0.5892138632928337,True,ja,0.5389830508474577
weighted_deberta_matern_kappa=2.0_nu=1.0_kernel_entropy,0.567378838327784,0.5886006739658578,0.5892138632928337,True,ja,0.5389830508474577
weighted_deberta_maternn_kappa=2.0_nu=1.0_kernel_entropy_s,0.5039770625231225,0.5357104400526942,0.5365029183081894,True,ja,0.5389830508474577
weighted_deberta_maternn_kappa=2.0_nu=1.0_kernel_entropy,0.5039770625231225,0.5357104400526942,0.5365029183081894,True,ja,0.5389830508474577
weighted_deberta_matern_kappa=2.0_nu=2.0_kernel_entropy_s,0.5624768775434702,0.5814002254614525,0.5820378230884433,True,ja,0.5389830508474577
weighted_deberta_matern_kappa=2.0_nu=2.0_kernel_entropy,0.5624768775434702,0.5814002254614525,0.5820378230884433,True,ja,0.5389830508474577
weighted_deberta_maternn_kappa=2.0_nu=2.0_kernel_entropy_s,0.5097114317425084,0.5372685285015936,0.5380557251013297,True,ja,0.5389830508474577
weighted_deberta_maternn_kappa=2.0_nu=2.0_kernel_entropy,0.5097114317425084,0.5372685285015936,0.5380557251013297,True,ja,0.5389830508474577
weighted_deberta_matern_kappa=2.0_nu=3.0_kernel_entropy_s,0.5539678135405105,0.5725441467403063,0.5732117649731316,True,ja,0.5389830508474577
weighted_deberta_matern_kappa=2.0_nu=3.0_kernel_entropy,0.5539678135405105,0.5725441467403063,0.5732117649731316,True,ja,0.5389830508474577
weighted_deberta_maternn_kappa=2.0_nu=3.0_kernel_entropy_s,0.5132722900480947,0.5416231597067586,0.5423955948447822,True,ja,0.5389830508474577
weighted_deberta_maternn_kappa=2.0_nu=3.0_kernel_entropy,0.5132722900480947,0.5416231597067586,0.5423955948447822,True,ja,0.5389830508474577
weighted_deberta_matern_kappa=3.0_nu=1.0_kernel_entropy_s,0.564927857935627,0.5841332563070691,0.5847615894227188,True,ja,0.5389830508474577
weighted_deberta_matern_kappa=3.0_nu=1.0_kernel_entropy,0.564927857935627,0.5841332563070691,0.5847615894227188,True,ja,0.5389830508474577
weighted_deberta_maternn_kappa=3.0_nu=1.0_kernel_entropy_s,0.5190066592674806,0.553922837635481,0.5546535789500174,True,ja,0.5389830508474577
weighted_deberta_maternn_kappa=3.0_nu=1.0_kernel_entropy,0.5190066592674806,0.553922837635481,0.5546535789500174,True,ja,0.5389830508474577
weighted_deberta_matern_kappa=3.0_nu=2.0_kernel_entropy_s,0.5469848316685164,0.5690727223307547,0.5697521081039512,True,ja,0.5389830508474577
weighted_deberta_matern_kappa=3.0_nu=2.0_kernel_entropy,0.5469848316685164,0.5690727223307547,0.5697521081039512,True,ja,0.5389830508474577
weighted_deberta_maternn_kappa=3.0_nu=2.0_kernel_entropy_s,0.5263133555308916,0.553264447903048,0.553997421047186,True,ja,0.5389830508474577
weighted_deberta_maternn_kappa=3.0_nu=2.0_kernel_entropy,0.5263133555308916,0.553264447903048,0.553997421047186,True,ja,0.5389830508474577
weighted_deberta_matern_kappa=3.0_nu=3.0_kernel_entropy_s,0.5333888272290048,0.559824658280826,0.5605353934236833,True,ja,0.5389830508474577
weighted_deberta_matern_kappa=3.0_nu=3.0_kernel_entropy,0.5333888272290048,0.559824658280826,0.5605353934236833,True,ja,0.5389830508474577
weighted_deberta_maternn_kappa=3.0_nu=3.0_kernel_entropy_s,0.5277469478357382,0.553254650793793,0.5539876571484709,True,ja,0.5389830508474577
weighted_deberta_maternn_kappa=3.0_nu=3.0_kernel_entropy,0.5277469478357382,0.553254650793793,0.5539876571484709,True,ja,0.5389830508474577
semantic_kernel_heat_t=0.1_alpha_0.0,0.557528671846097,0.5842606004805548,0.58488850192104,False,ja,0.5389830508474577
semantic_kernel_heat_t=0.1_alpha_0.1,0.5575749167591566,0.5850873319794063,0.5857124309402345,False,ja,0.5389830508474577
semantic_kernel_heat_t=0.1_alpha_0.2,0.5593784683684794,0.5845558651811016,0.5851827657242968,False,ja,0.5389830508474577
semantic_kernel_heat_t=0.1_alpha_0.3,0.5605808361080281,0.5846004507900401,0.5852272001955782,False,ja,0.5389830508474577
semantic_kernel_heat_t=0.1_alpha_0.4,0.5604421013688494,0.5871174307246863,0.5877356479948526,False,ja,0.5389830508474577
semantic_kernel_heat_t=0.1_alpha_0.5,0.5603033666296707,0.5848992647191222,0.5855250011960871,False,ja,0.5389830508474577
semantic_kernel_heat_t=0.1_alpha_0.6,0.5594709581945986,0.5767002832112635,0.5773538128458822,False,ja,0.5389830508474577
semantic_kernel_heat_t=0.1_alpha_0.7,0.5588235294117647,0.5829814056138964,0.583613643308167,False,ja,0.5389830508474577
semantic_kernel_heat_t=0.1_alpha_0.8,0.5588697743248243,0.5742168089943371,0.5748787571856232,False,ja,0.5389830508474577
semantic_kernel_heat_t=0.1_alpha_0.9,0.5581298557158713,0.5804240986175927,0.5810650051491388,False,ja,0.5389830508474577
semantic_kernel_heat_t=0.1_alpha_1.0,0.5569043655197928,0.5802580717297398,0.5808995410642955,False,ja,0.5389830508474577
semantic_kernel_heatn_t=0.1_alpha_0.0,0.557528671846097,0.5842606004805548,0.58488850192104,False,ja,0.5389830508474577
semantic_kernel_heatn_t=0.1_alpha_0.1,0.5577598964113948,0.5851340150939408,0.5857589558069232,False,ja,0.5389830508474577
semantic_kernel_heatn_t=0.1_alpha_0.2,0.5591934887162413,0.5859467941467515,0.586568979676504,False,ja,0.5389830508474577
semantic_kernel_heatn_t=0.1_alpha_0.3,0.560164631890492,0.5867218636799247,0.5873414218553275,False,ja,0.5389830508474577
semantic_kernel_heatn_t=0.1_alpha_0.4,0.5603033666296708,0.584188029375718,0.5848161768199485,False,ja,0.5389830508474577
semantic_kernel_heatn_t=0.1_alpha_0.5,0.5603958564557898,0.586784535978051,0.5874038817049856,False,ja,0.5389830508474577
semantic_kernel_heatn_t=0.1_alpha_0.6,0.5602571217166112,0.5836483903704579,0.584278367099452,False,ja,0.5389830508474577
semantic_kernel_heatn_t=0.1_alpha_0.7,0.560488346281909,0.5901859091984275,0.5907937248466489,False,ja,0.5389830508474577
semantic_kernel_heatn_t=0.1_alpha_0.8,0.5603496115427303,0.5830835152797376,0.5837154068395477,False,ja,0.5389830508474577
semantic_kernel_heatn_t=0.1_alpha_0.9,0.5607658157602664,0.5889442211931384,0.5895562459532421,False,ja,0.5389830508474577
semantic_kernel_heatn_t=0.1_alpha_1.0,0.5613901220865705,0.5816619527078231,0.5822986631238091,False,ja,0.5389830508474577
semantic_kernel_heat_t=0.2_alpha_0.0,0.557528671846097,0.5842606004805548,0.58488850192104,False,ja,0.5389830508474577
semantic_kernel_heat_t=0.2_alpha_0.1,0.5578061413244544,0.5852386810741659,0.5858632669872154,False,ja,0.5389830508474577
semantic_kernel_heat_t=0.2_alpha_0.2,0.5600258971513135,0.5856444723798352,0.5862676827291365,False,ja,0.5389830508474577
semantic_kernel_heat_t=0.2_alpha_0.3,0.5616907140214576,0.5847744333035654,0.5854005929378712,False,ja,0.5389830508474577
semantic_kernel_heat_t=0.2_alpha_0.4,0.5646503884572698,0.5895440977295499,0.5901540890098691,False,ja,0.5389830508474577
semantic_kernel_heat_t=0.2_alpha_0.5,0.5657602663706992,0.5840675741562715,0.5846961299232798,False,ja,0.5389830508474577
semantic_kernel_heat_t=0.2_alpha_0.6,0.5637254901960784,0.5808723072913731,0.5815116944714829,False,ja,0.5389830508474577
semantic_kernel_heat_t=0.2_alpha_0.7,0.5624306326304107,0.5858917792565936,0.5865141512774992,False,ja,0.5389830508474577
semantic_kernel_heat_t=0.2_alpha_0.8,0.5623381428042915,0.5762029819595171,0.5768581973610908,False,ja,0.5389830508474577
semantic_kernel_heat_t=0.2_alpha_0.9,0.5616907140214576,0.5846333003255604,0.5852599383767407,False,ja,0.5389830508474577
semantic_kernel_heat_t=0.2_alpha_1.0,0.5569506104328524,0.5805930270246931,0.581233360917571,False,ja,0.5389830508474577
semantic_kernel_heatn_t=0.2_alpha_0.0,0.557528671846097,0.5842606004805548,0.58488850192104,False,ja,0.5389830508474577
semantic_kernel_heatn_t=0.2_alpha_0.1,0.5577598964113948,0.5851340150939408,0.5857589558069232,False,ja,0.5389830508474577
semantic_kernel_heatn_t=0.2_alpha_0.2,0.5591934887162413,0.5859419600106398,0.5865641619272944,False,ja,0.5389830508474577
semantic_kernel_heatn_t=0.2_alpha_0.3,0.5601183869774327,0.5866948687549707,0.5873145184385935,False,ja,0.5389830508474577
semantic_kernel_heatn_t=0.2_alpha_0.4,0.5603496115427303,0.5843014080605251,0.5849291711702309,False,ja,0.5389830508474577
semantic_kernel_heatn_t=0.2_alpha_0.5,0.5603496115427304,0.5868816151027886,0.5875006317479443,False,ja,0.5389830508474577
semantic_kernel_heatn_t=0.2_alpha_0.6,0.5601183869774325,0.5833478691466198,0.5839788645916271,False,ja,0.5389830508474577
semantic_kernel_heatn_t=0.2_alpha_0.7,0.5603958564557898,0.5886815911907674,0.5892945062220656,False,ja,0.5389830508474577
semantic_kernel_heatn_t=0.2_alpha_0.8,0.5603496115427303,0.5816564500178864,0.5822931790870587,False,ja,0.5389830508474577
semantic_kernel_heatn_t=0.2_alpha_0.9,0.5596559378468369,0.5878544237639567,0.588470142752634,False,ja,0.5389830508474577
semantic_kernel_heatn_t=0.2_alpha_1.0,0.5616675915649278,0.5818300453609411,0.5824661859713234,False,ja,0.5389830508474577
semantic_kernel_heat_t=0.3_alpha_0.0,0.557528671846097,0.5842606004805548,0.58488850192104,False,ja,0.5389830508474577
semantic_kernel_heat_t=0.3_alpha_0.1,0.5583148353681096,0.5839035050012802,0.5845326169349155,False,ja,0.5389830508474577
semantic_kernel_heat_t=0.3_alpha_0.2,0.5602571217166111,0.5859006457295841,0.5865229876946491,False,ja,0.5389830508474577
semantic_kernel_heat_t=0.3_alpha_0.3,0.5635867554568997,0.5857344799024434,0.5863573851414987,False,ja,0.5389830508474577
semantic_kernel_heat_t=0.3_alpha_0.4,0.5665464298927119,0.5901478790642519,0.5907558236281824,False,ja,0.5389830508474577
semantic_kernel_heat_t=0.3_alpha_0.5,0.5676563078061414,0.5845511336426431,0.5851780502249518,False,ja,0.5389830508474577
semantic_kernel_heat_t=0.3_alpha_0.6,0.566638919718831,0.5812797320247377,0.5819177381040563,False,ja,0.5389830508474577
semantic_kernel_heat_t=0.3_alpha_0.7,0.5669163891971882,0.5879079993536288,0.5885235367301377,False,ja,0.5389830508474577
semantic_kernel_heat_t=0.3_alpha_0.8,0.5669626341102479,0.578424024072279,0.5790717105175381,False,ja,0.5389830508474577
semantic_kernel_heat_t=0.3_alpha_0.9,0.5643729189789123,0.5833866629466629,0.584017526887263,False,ja,0.5389830508474577
semantic_kernel_heat_t=0.3_alpha_1.0,0.5599334073251943,0.5822372844942911,0.582872044633035,False,ja,0.5389830508474577
semantic_kernel_heatn_t=0.3_alpha_0.0,0.557528671846097,0.5842606004805548,0.58488850192104,False,ja,0.5389830508474577
semantic_kernel_heatn_t=0.3_alpha_0.1,0.5577598964113948,0.5851340150939408,0.5857589558069232,False,ja,0.5389830508474577
semantic_kernel_heatn_t=0.3_alpha_0.2,0.5591934887162413,0.5859419600106398,0.5865641619272944,False,ja,0.5389830508474577
semantic_kernel_heatn_t=0.3_alpha_0.3,0.5602571217166112,0.5868418937788429,0.5874610450725544,False,ja,0.5389830508474577
semantic_kernel_heatn_t=0.3_alpha_0.4,0.5603496115427302,0.5843410305917554,0.5849686593877959,False,ja,0.5389830508474577
semantic_kernel_heatn_t=0.3_alpha_0.5,0.5602571217166111,0.5864899834604564,0.5871103276705015,False,ja,0.5389830508474577
semantic_kernel_heatn_t=0.3_alpha_0.6,0.560164631890492,0.5832017292030515,0.5838332200376978,False,ja,0.5389830508474577
semantic_kernel_heatn_t=0.3_alpha_0.7,0.5602571217166112,0.5884989356033985,0.5891124698061793,False,ja,0.5389830508474577
semantic_kernel_heatn_t=0.3_alpha_0.8,0.5606270810210877,0.5817643118333631,0.5824006752692626,False,ja,0.5389830508474577
semantic_kernel_heatn_t=0.3_alpha_0.9,0.5585460599334073,0.585380129260775,0.5860042356884461,False,ja,0.5389830508474577
semantic_kernel_heatn_t=0.3_alpha_1.0,0.5615751017388086,0.5816705617996958,0.5823072430323196,False,ja,0.5389830508474577
semantic_kernel_heat_t=0.4_alpha_0.0,0.557528671846097,0.5842606004805548,0.58488850192104,False,ja,0.5389830508474577
semantic_kernel_heat_t=0.4_alpha_0.1,0.5585460599334073,0.5840280531898938,0.5846567429262797,False,ja,0.5389830508474577
semantic_kernel_heat_t=0.4_alpha_0.2,0.5605345911949685,0.5856506907029058,0.5862738799731458,False,ja,0.5389830508474577
semantic_kernel_heat_t=0.4_alpha_0.3,0.5646503884572696,0.585923153052466,0.5865454187215212,False,ja,0.5389830508474577
semantic_kernel_heat_t=0.4_alpha_0.4,0.5674250832408436,0.5897549291673085,0.5903642057647879,False,ja,0.5389830508474577
semantic_kernel_heat_t=0.4_alpha_0.5,0.5696910839807622,0.585938890906122,0.5865611032265208,False,ja,0.5389830508474577
semantic_kernel_heat_t=0.4_alpha_0.6,0.5694136145024047,0.5813140278009306,0.5819519176233806,False,ja,0.5389830508474577
semantic_kernel_heat_t=0.4_alpha_0.7,0.5698760636330005,0.5887514353457144,0.5893641136171653,False,ja,0.5389830508474577
semantic_kernel_heat_t=0.4_alpha_0.8,0.5701072881982983,0.5790512504406053,0.5796968106947854,False,ja,0.5389830508474577
semantic_kernel_heat_t=0.4_alpha_0.9,0.5684887162412134,0.5864754358994516,0.5870958294232627,False,ja,0.5389830508474577
semantic_kernel_heat_t=0.4_alpha_1.0,0.5650897151313357,0.5839117011960069,0.5845407853459313,False,ja,0.5389830508474577
semantic_kernel_heatn_t=0.4_alpha_0.0,0.557528671846097,0.5842606004805548,0.58488850192104,False,ja,0.5389830508474577
semantic_kernel_heatn_t=0.4_alpha_0.1,0.5577598964113948,0.5851340150939408,0.5857589558069232,False,ja,0.5389830508474577
semantic_kernel_heatn_t=0.4_alpha_0.2,0.5591472438031817,0.5859192842736783,0.5865415630572378,False,ja,0.5389830508474577
semantic_kernel_heatn_t=0.4_alpha_0.3,0.5601183869774324,0.5867193856394899,0.5873389522150296,False,ja,0.5389830508474577
semantic_kernel_heatn_t=0.4_alpha_0.4,0.5602571217166112,0.5841838687905722,0.5848120303384812,False,ja,0.5389830508474577
semantic_kernel_heatn_t=0.4_alpha_0.5,0.560164631890492,0.5860518950527867,0.5866737243082814,False,ja,0.5389830508474577
semantic_kernel_heatn_t=0.4_alpha_0.6,0.5600721420643728,0.5835047370643094,0.5841352007536634,False,ja,0.5389830508474577
semantic_kernel_heatn_t=0.4_alpha_0.7,0.5609970403255642,0.589052222496182,0.5896638811501738,False,ja,0.5389830508474577
semantic_kernel_heatn_t=0.4_alpha_0.8,0.5605345911949686,0.5810882770386414,0.5817269321179127,False,ja,0.5389830508474577
semantic_kernel_heatn_t=0.4_alpha_0.9,0.5579448760636331,0.5843770582818157,0.5850045649500935,False,ja,0.5389830508474577
semantic_kernel_heatn_t=0.4_alpha_1.0,0.5616213466518682,0.581717690564069,0.5823542120381694,False,ja,0.5389830508474577
semantic_kernel_heat_t=0.5_alpha_0.0,0.557528671846097,0.5842606004805548,0.58488850192104,False,ja,0.5389830508474577
semantic_kernel_heat_t=0.5_alpha_0.1,0.5591009988901221,0.5842946024145872,0.5849223885942791,False,ja,0.5389830508474577
semantic_kernel_heat_t=0.5_alpha_0.2,0.560488346281909,0.5852686524142723,0.5858931367295585,False,ja,0.5389830508474577
semantic_kernel_heat_t=0.5_alpha_0.3,0.5652053274139844,0.5874620798674108,0.5880791288353983,False,ja,0.5389830508474577
semantic_kernel_heat_t=0.5_alpha_0.4,0.568211246762856,0.5897456439956799,0.5903549520683171,False,ja,0.5389830508474577
semantic_kernel_heat_t=0.5_alpha_0.5,0.571078431372549,0.5853640246186839,0.585988185638362,False,ja,0.5389830508474577
semantic_kernel_heat_t=0.5_alpha_0.6,0.5723732889382167,0.5827705672826748,0.5834035196831528,False,ja,0.5389830508474577
semantic_kernel_heat_t=0.5_alpha_0.7,0.5729744728079911,0.589807879683943,0.5904169767881456,False,ja,0.5389830508474577
semantic_kernel_heat_t=0.5_alpha_0.8,0.5704772475027746,0.579090575922055,0.5797360028695183,False,ja,0.5389830508474577
semantic_kernel_heat_t=0.5_alpha_0.9,0.5693673695893452,0.5878348689926797,0.5884506542687171,False,ja,0.5389830508474577
semantic_kernel_heat_t=0.5_alpha_1.0,0.5649509803921569,0.5832493687880931,0.5838806981326207,False,ja,0.5389830508474577
semantic_kernel_heatn_t=0.5_alpha_0.0,0.557528671846097,0.5842606004805548,0.58488850192104,False,ja,0.5389830508474577
semantic_kernel_heatn_t=0.5_alpha_0.1,0.5577136514983353,0.5851097196614823,0.5857347427318627,False,ja,0.5389830508474577
semantic_kernel_heatn_t=0.5_alpha_0.2,0.5592859785423603,0.586080166144675,0.5867018995659599,False,ja,0.5389830508474577
semantic_kernel_heatn_t=0.5_alpha_0.3,0.560164631890492,0.5868110362630775,0.5874302921585374,False,ja,0.5389830508474577
semantic_kernel_heatn_t=0.5_alpha_0.4,0.560072142064373,0.583811436550042,0.5844408605801222,False,ja,0.5389830508474577
semantic_kernel_heatn_t=0.5_alpha_0.5,0.5601183869774325,0.5863094469560219,0.5869304031542176,False,ja,0.5389830508474577
semantic_kernel_heatn_t=0.5_alpha_0.6,0.5604421013688494,0.5818128447226527,0.5824490436402835,False,ja,0.5389830508474577
semantic_kernel_heatn_t=0.5_alpha_0.7,0.5607658157602664,0.5890144603505599,0.5896262470118249,False,ja,0.5389830508474577
semantic_kernel_heatn_t=0.5_alpha_0.8,0.5589622641509434,0.5770789174960009,0.5777311636245693,False,ja,0.5389830508474577
semantic_kernel_heatn_t=0.5_alpha_0.9,0.5609507954125047,0.5843909354201462,0.585018395047277,False,ja,0.5389830508474577
semantic_kernel_heatn_t=0.5_alpha_1.0,0.5612051424343323,0.5815001459944152,0.5821374049077349,False,ja,0.5389830508474577
semantic_kernel_heat_t=0.6_alpha_0.0,0.557528671846097,0.5842606004805548,0.58488850192104,False,ja,0.5389830508474577
semantic_kernel_heat_t=0.6_alpha_0.1,0.5592859785423603,0.5844734839033526,0.5851006637051166,False,ja,0.5389830508474577
semantic_kernel_heat_t=0.6_alpha_0.2,0.5602571217166112,0.5852893159850034,0.5859137302542873,False,ja,0.5389830508474577
semantic_kernel_heat_t=0.6_alpha_0.3,0.5657140214576397,0.5857641068156735,0.5863869116245144,False,ja,0.5389830508474577
semantic_kernel_heat_t=0.6_alpha_0.4,0.5686274509803921,0.5870548282985408,0.5876732577803211,False,ja,0.5389830508474577
semantic_kernel_heat_t=0.6_alpha_0.5,0.5718183499815019,0.5885574474066646,0.5891707832643497,False,ja,0.5389830508474577
semantic_kernel_heat_t=0.6_alpha_0.6,0.573205697373289,0.5847963701866642,0.5854224554586542,False,ja,0.5389830508474577
semantic_kernel_heat_t=0.6_alpha_0.7,0.5739456159822419,0.5899705916238146,0.5905791371621195,False,ja,0.5389830508474577
semantic_kernel_heat_t=0.6_alpha_0.8,0.5712634110247873,0.579730307457121,0.5803735658231096,False,ja,0.5389830508474577
semantic_kernel_heat_t=0.6_alpha_0.9,0.5677025527192009,0.5860075367355169,0.5866295163581887,False,ja,0.5389830508474577
semantic_kernel_heat_t=0.6_alpha_1.0,0.5648584905660378,0.5856240065022251,0.5862472862273828,False,ja,0.5389830508474577
semantic_kernel_heatn_t=0.6_alpha_0.0,0.557528671846097,0.5842606004805548,0.58488850192104,False,ja,0.5389830508474577
semantic_kernel_heatn_t=0.6_alpha_0.1,0.5577598964113948,0.5851430663334843,0.5857679763642987,False,ja,0.5389830508474577
semantic_kernel_heatn_t=0.6_alpha_0.2,0.5591934887162413,0.5859858953501662,0.5866079483334664,False,ja,0.5389830508474577
semantic_kernel_heatn_t=0.6_alpha_0.3,0.5601183869774325,0.5867301414255882,0.5873496715408362,False,ja,0.5389830508474577
semantic_kernel_heatn_t=0.6_alpha_0.4,0.5601183869774324,0.5834794324965651,0.5841099819641147,False,ja,0.5389830508474577
semantic_kernel_heatn_t=0.6_alpha_0.5,0.5604421013688494,0.5867285613607953,0.5873480968321951,False,ja,0.5389830508474577
semantic_kernel_heatn_t=0.6_alpha_0.6,0.5608583055863856,0.5821772808989695,0.5828122444397313,False,ja,0.5389830508474577
semantic_kernel_heatn_t=0.6_alpha_0.7,0.5610432852386238,0.5876462404437239,0.5882626651385714,False,ja,0.5389830508474577
semantic_kernel_heatn_t=0.6_alpha_0.8,0.558684794672586,0.57571721422285,0.5763740762947175,False,ja,0.5389830508474577
semantic_kernel_heatn_t=0.6_alpha_0.9,0.5620606733259341,0.5844669498224956,0.5850941517736862,False,ja,0.5389830508474577
semantic_kernel_heatn_t=0.6_alpha_1.0,0.5614363669996301,0.5818858487551657,0.5825218002014999,False,ja,0.5389830508474577
semantic_kernel_heat_t=0.7_alpha_0.0,0.557528671846097,0.5842606004805548,0.58488850192104,False,ja,0.5389830508474577
semantic_kernel_heat_t=0.7_alpha_0.1,0.5591472438031817,0.5860742302505815,0.5866959837935414,False,ja,0.5389830508474577
semantic_kernel_heat_t=0.7_alpha_0.2,0.5607195708472068,0.58598380025627,0.5866058603415834,False,ja,0.5389830508474577
semantic_kernel_heat_t=0.7_alpha_0.3,0.5652978172401035,0.5853172661582752,0.5859415856812089,False,ja,0.5389830508474577
semantic_kernel_heat_t=0.7_alpha_0.4,0.568442471328154,0.5889492176876825,0.5895612255105166,False,ja,0.5389830508474577
semantic_kernel_heat_t=0.7_alpha_0.5,0.5709396966333704,0.5857028171393841,0.5863258297098395,False,ja,0.5389830508474577
semantic_kernel_heat_t=0.7_alpha_0.6,0.5729282278949315,0.5846553705756353,0.5852819338124085,False,ja,0.5389830508474577
semantic_kernel_heat_t=0.7_alpha_0.7,0.5730207177210507,0.5914518453069801,0.592055369646359,False,ja,0.5389830508474577
semantic_kernel_heat_t=0.7_alpha_0.8,0.5691823899371069,0.580907158741032,0.5815464277806345,False,ja,0.5389830508474577
semantic_kernel_heat_t=0.7_alpha_0.9,0.565991490935997,0.5859317415275076,0.5865539780830882,False,ja,0.5389830508474577
semantic_kernel_heat_t=0.7_alpha_1.0,0.5647660007399187,0.5867377354040892,0.5873572397770371,False,ja,0.5389830508474577
semantic_kernel_heatn_t=0.7_alpha_0.0,0.557528671846097,0.5842606004805548,0.58488850192104,False,ja,0.5389830508474577
semantic_kernel_heatn_t=0.7_alpha_0.1,0.5577598964113948,0.5851430663334843,0.5857679763642987,False,ja,0.5389830508474577
semantic_kernel_heatn_t=0.7_alpha_0.2,0.5591472438031817,0.5859712343133376,0.5865933369950679,False,ja,0.5389830508474577
semantic_kernel_heatn_t=0.7_alpha_0.3,0.5600258971513133,0.5863911767721718,0.5870118559201432,False,ja,0.5389830508474577
semantic_kernel_heatn_t=0.7_alpha_0.4,0.560164631890492,0.5837416610801307,0.5843713216372277,False,ja,0.5389830508474577
semantic_kernel_heatn_t=0.7_alpha_0.5,0.5603033666296708,0.5848311489291115,0.5854571163070593,False,ja,0.5389830508474577
semantic_kernel_heatn_t=0.7_alpha_0.6,0.5608120606733259,0.5822238104315489,0.5828586162450818,False,ja,0.5389830508474577
semantic_kernel_heatn_t=0.7_alpha_0.7,0.5608583055863855,0.5893515293650974,0.5899621734195334,False,ja,0.5389830508474577
semantic_kernel_heatn_t=0.7_alpha_0.8,0.5584535701072881,0.577055508702927,0.5777078341833365,False,ja,0.5389830508474577
semantic_kernel_heatn_t=0.7_alpha_0.9,0.5621069182389937,0.5840070375356401,0.5846357985115319,False,ja,0.5389830508474577
semantic_kernel_heatn_t=0.7_alpha_1.0,0.5614363669996301,0.5818229982652008,0.5824591627640431,False,ja,0.5389830508474577
semantic_kernel_matern_kappa=1.0_nu=1.0_alpha_0.0,0.557528671846097,0.5842606004805548,0.58488850192104,False,ja,0.5389830508474577
semantic_kernel_matern_kappa=1.0_nu=1.0_alpha_0.1,0.5578986311505735,0.5853822260695463,0.5860063253893908,False,ja,0.5389830508474577
semantic_kernel_matern_kappa=1.0_nu=1.0_alpha_0.2,0.5595172031076582,0.5844251364072608,0.5850524800988419,False,ja,0.5389830508474577
semantic_kernel_matern_kappa=1.0_nu=1.0_alpha_0.3,0.5612745098039216,0.5854116422972517,0.5860356419010702,False,ja,0.5389830508474577
semantic_kernel_matern_kappa=1.0_nu=1.0_alpha_0.4,0.5633555308916018,0.5890005423586124,0.5896123761995111,False,ja,0.5389830508474577
semantic_kernel_matern_kappa=1.0_nu=1.0_alpha_0.5,0.5644654088050315,0.5839371394045371,0.5845661373232461,False,ja,0.5389830508474577
semantic_kernel_matern_kappa=1.0_nu=1.0_alpha_0.6,0.5646041435442102,0.5788702502825669,0.5795164240966046,False,ja,0.5389830508474577
semantic_kernel_matern_kappa=1.0_nu=1.0_alpha_0.7,0.5644654088050314,0.5866191184922573,0.5872390249564318,False,ja,0.5389830508474577
semantic_kernel_matern_kappa=1.0_nu=1.0_alpha_0.8,0.5639104698483167,0.5766694886203341,0.5773231226433965,False,ja,0.5389830508474577
semantic_kernel_matern_kappa=1.0_nu=1.0_alpha_0.9,0.5632630410654829,0.5840955382025432,0.5847239991761745,False,ja,0.5389830508474577
semantic_kernel_matern_kappa=1.0_nu=1.0_alpha_1.0,0.5623150203477618,0.584184450131221,0.5848126097084837,False,ja,0.5389830508474577
semantic_kernel_maternn_kappa=1.0_nu=1.0_alpha_0.0,0.557528671846097,0.5842606004805548,0.58488850192104,False,ja,0.5389830508474577
semantic_kernel_maternn_kappa=1.0_nu=1.0_alpha_0.1,0.5577598964113948,0.5851340150939408,0.5857589558069232,False,ja,0.5389830508474577
semantic_kernel_maternn_kappa=1.0_nu=1.0_alpha_0.2,0.5591009988901221,0.5858985442703599,0.5865208933590155,False,ja,0.5389830508474577
semantic_kernel_maternn_kappa=1.0_nu=1.0_alpha_0.3,0.5601183869774325,0.586724539216072,0.5873440883218607,False,ja,0.5389830508474577
semantic_kernel_maternn_kappa=1.0_nu=1.0_alpha_0.4,0.5602571217166112,0.5841652236176784,0.5847934483695634,False,ja,0.5389830508474577
semantic_kernel_maternn_kappa=1.0_nu=1.0_alpha_0.5,0.560164631890492,0.5860127849052186,0.5866347467374846,False,ja,0.5389830508474577
semantic_kernel_maternn_kappa=1.0_nu=1.0_alpha_0.6,0.5601183869774324,0.5834688722144732,0.5840994574795894,False,ja,0.5389830508474577
semantic_kernel_maternn_kappa=1.0_nu=1.0_alpha_0.7,0.5606733259341472,0.588688488847683,0.5893013804970932,False,ja,0.5389830508474577
semantic_kernel_maternn_kappa=1.0_nu=1.0_alpha_0.8,0.5600258971513133,0.5824866621968188,0.5831205769874184,False,ja,0.5389830508474577
semantic_kernel_maternn_kappa=1.0_nu=1.0_alpha_0.9,0.5588697743248243,0.5839273458576999,0.584556376974873,False,ja,0.5389830508474577
semantic_kernel_maternn_kappa=1.0_nu=1.0_alpha_1.0,0.5606039585645579,0.5811303807868486,0.58176889314155,False,ja,0.5389830508474577
semantic_kernel_matern_kappa=1.0_nu=2.0_alpha_0.0,0.557528671846097,0.5842606004805548,0.58488850192104,False,ja,0.5389830508474577
semantic_kernel_matern_kappa=1.0_nu=2.0_alpha_0.1,0.558361080281169,0.5856490244465974,0.586272219365164,False,ja,0.5389830508474577
semantic_kernel_matern_kappa=1.0_nu=2.0_alpha_0.2,0.5599334073251943,0.5856304169187261,0.5862536749136583,False,ja,0.5389830508474577
semantic_kernel_matern_kappa=1.0_nu=2.0_alpha_0.3,0.5625693673695894,0.585168169650639,0.5857929945854631,False,ja,0.5389830508474577
semantic_kernel_matern_kappa=1.0_nu=2.0_alpha_0.4,0.5650203477617463,0.586885935616775,0.5875049376161205,False,ja,0.5389830508474577
semantic_kernel_matern_kappa=1.0_nu=2.0_alpha_0.5,0.5670088790233074,0.5843492808503419,0.5849768816794042,False,ja,0.5389830508474577
semantic_kernel_matern_kappa=1.0_nu=2.0_alpha_0.6,0.5657140214576397,0.5794402045589927,0.580084446324636,False,ja,0.5389830508474577
semantic_kernel_matern_kappa=1.0_nu=2.0_alpha_0.7,0.567471328153903,0.5882016388472551,0.5888161808356499,False,ja,0.5389830508474577
semantic_kernel_matern_kappa=1.0_nu=2.0_alpha_0.8,0.5666851646318904,0.5777853800267867,0.5784352313671153,False,ja,0.5389830508474577
semantic_kernel_matern_kappa=1.0_nu=2.0_alpha_0.9,0.5655290418054014,0.5843114158234399,0.5849391450085257,False,ja,0.5389830508474577
semantic_kernel_matern_kappa=1.0_nu=2.0_alpha_1.0,0.5615288568257492,0.5827389096947084,0.5833719694090441,False,ja,0.5389830508474577
semantic_kernel_maternn_kappa=1.0_nu=2.0_alpha_0.0,0.557528671846097,0.5842606004805548,0.58488850192104,False,ja,0.5389830508474577
semantic_kernel_maternn_kappa=1.0_nu=2.0_alpha_0.1,0.5577598964113948,0.5851340150939408,0.5857589558069232,False,ja,0.5389830508474577
semantic_kernel_maternn_kappa=1.0_nu=2.0_alpha_0.2,0.5591472438031817,0.5859192842736783,0.5865415630572378,False,ja,0.5389830508474577
semantic_kernel_maternn_kappa=1.0_nu=2.0_alpha_0.3,0.5602108768035516,0.5868466397336783,0.5874657749394072,False,ja,0.5389830508474577
semantic_kernel_maternn_kappa=1.0_nu=2.0_alpha_0.4,0.5603033666296707,0.5839718774466173,0.5846007576092515,False,ja,0.5389830508474577
semantic_kernel_maternn_kappa=1.0_nu=2.0_alpha_0.5,0.5602571217166112,0.586181559205637,0.5868029489216305,False,ja,0.5389830508474577
semantic_kernel_maternn_kappa=1.0_nu=2.0_alpha_0.6,0.560072142064373,0.5816244496001404,0.582261287145305,False,ja,0.5389830508474577
semantic_kernel_maternn_kappa=1.0_nu=2.0_alpha_0.7,0.5606270810210876,0.5888068873924808,0.5894193776908918,False,ja,0.5389830508474577
semantic_kernel_maternn_kappa=1.0_nu=2.0_alpha_0.8,0.5592859785423603,0.580922265823993,0.5815614836531446,False,ja,0.5389830508474577
semantic_kernel_maternn_kappa=1.0_nu=2.0_alpha_0.9,0.5603033666296707,0.5849133205014174,0.5855390093316625,False,ja,0.5389830508474577
semantic_kernel_maternn_kappa=1.0_nu=2.0_alpha_1.0,0.561020162782094,0.581390530445096,0.5820281609365491,False,ja,0.5389830508474577
semantic_kernel_matern_kappa=1.0_nu=3.0_alpha_0.0,0.557528671846097,0.5842606004805548,0.58488850192104,False,ja,0.5389830508474577
semantic_kernel_matern_kappa=1.0_nu=3.0_alpha_0.1,0.5584535701072881,0.5857259938735109,0.5863489278787659,False,ja,0.5389830508474577
semantic_kernel_matern_kappa=1.0_nu=3.0_alpha_0.2,0.559840917499075,0.585498525769135,0.58612223085271,False,ja,0.5389830508474577
semantic_kernel_matern_kappa=1.0_nu=3.0_alpha_0.3,0.5632167961524233,0.5866802131674431,0.5872999125310238,False,ja,0.5389830508474577
semantic_kernel_matern_kappa=1.0_nu=3.0_alpha_0.4,0.5665464298927118,0.587330517802976,0.5879480127440633,False,ja,0.5389830508474577
semantic_kernel_matern_kappa=1.0_nu=3.0_alpha_0.5,0.5678412874583796,0.5869052068262997,0.5875241434995112,False,ja,0.5389830508474577
semantic_kernel_matern_kappa=1.0_nu=3.0_alpha_0.6,0.5672401035886052,0.5818067178021697,0.5824429374890226,False,ja,0.5389830508474577
semantic_kernel_matern_kappa=1.0_nu=3.0_alpha_0.7,0.5678875323714392,0.5834302220459218,0.5840609383285583,False,ja,0.5389830508474577
semantic_kernel_matern_kappa=1.0_nu=3.0_alpha_0.8,0.56673140954495,0.585738587823636,0.5863614791375347,False,ja,0.5389830508474577
semantic_kernel_matern_kappa=1.0_nu=3.0_alpha_0.9,0.5657602663706992,0.5834443717430708,0.5840750400606324,False,ja,0.5389830508474577
semantic_kernel_matern_kappa=1.0_nu=3.0_alpha_1.0,0.5612976322604514,0.5823508731954777,0.582985248287777,False,ja,0.5389830508474577
semantic_kernel_maternn_kappa=1.0_nu=3.0_alpha_0.0,0.557528671846097,0.5842606004805548,0.58488850192104,False,ja,0.5389830508474577
semantic_kernel_maternn_kappa=1.0_nu=3.0_alpha_0.1,0.5577598964113948,0.5851340150939408,0.5857589558069232,False,ja,0.5389830508474577
semantic_kernel_maternn_kappa=1.0_nu=3.0_alpha_0.2,0.5592397336293008,0.5860574904077135,0.5866793006959033,False,ja,0.5389830508474577
semantic_kernel_maternn_kappa=1.0_nu=3.0_alpha_0.3,0.5602108768035516,0.5868466397336783,0.5874657749394072,False,ja,0.5389830508474577
semantic_kernel_maternn_kappa=1.0_nu=3.0_alpha_0.4,0.5603496115427303,0.5865080506460558,0.5871283336114038,False,ja,0.5389830508474577
semantic_kernel_maternn_kappa=1.0_nu=3.0_alpha_0.5,0.5600258971513133,0.5870566322219253,0.587675055588711,False,ja,0.5389830508474577
semantic_kernel_maternn_kappa=1.0_nu=3.0_alpha_0.6,0.560072142064373,0.5815625472311002,0.5821995946148042,False,ja,0.5389830508474577
semantic_kernel_maternn_kappa=1.0_nu=3.0_alpha_0.7,0.5607195708472068,0.5849043028349927,0.5855300222335986,False,ja,0.5389830508474577
semantic_kernel_maternn_kappa=1.0_nu=3.0_alpha_0.8,0.5596559378468369,0.5882160941980206,0.5888305871852263,False,ja,0.5389830508474577
semantic_kernel_maternn_kappa=1.0_nu=3.0_alpha_0.9,0.5609507954125046,0.5853426396195002,0.585966873130701,False,ja,0.5389830508474577
semantic_kernel_maternn_kappa=1.0_nu=3.0_alpha_1.0,0.5611588975212727,0.5813274740869686,0.5819653183287881,False,ja,0.5389830508474577
semantic_kernel_matern_kappa=2.0_nu=1.0_alpha_0.0,0.557528671846097,0.5842606004805548,0.58488850192104,False,ja,0.5389830508474577
semantic_kernel_matern_kappa=2.0_nu=1.0_alpha_0.1,0.5584998150203477,0.5857293926970305,0.5863523151808497,False,ja,0.5389830508474577
semantic_kernel_matern_kappa=2.0_nu=1.0_alpha_0.2,0.559748427672956,0.58572851211669,0.5863514375855275,False,ja,0.5389830508474577
semantic_kernel_matern_kappa=2.0_nu=1.0_alpha_0.3,0.5621994080651129,0.5850003532810876,0.5856257470849608,False,ja,0.5389830508474577
semantic_kernel_matern_kappa=2.0_nu=1.0_alpha_0.4,0.5655752867184609,0.5863356787277358,0.5869565460046714,False,ja,0.5389830508474577
semantic_kernel_matern_kappa=2.0_nu=1.0_alpha_0.5,0.5671013688494265,0.5865270631046516,0.5871472816209875,False,ja,0.5389830508474577
semantic_kernel_matern_kappa=2.0_nu=1.0_alpha_0.6,0.56885867554569,0.5835665840956162,0.5841968381340166,False,ja,0.5389830508474577
semantic_kernel_matern_kappa=2.0_nu=1.0_alpha_0.7,0.5683037365889752,0.588196832016782,0.5888113902995175,False,ja,0.5389830508474577
semantic_kernel_matern_kappa=2.0_nu=1.0_alpha_0.8,0.5661764705882353,0.578442260530635,0.5790898851573912,False,ja,0.5389830508474577
semantic_kernel_matern_kappa=2.0_nu=1.0_alpha_0.9,0.5644654088050315,0.5831599279281834,0.5837915604620666,False,ja,0.5389830508474577
semantic_kernel_matern_kappa=2.0_nu=1.0_alpha_1.0,0.5611588975212727,0.57999808011004,0.5806404307721201,False,ja,0.5389830508474577
semantic_kernel_maternn_kappa=2.0_nu=1.0_alpha_0.0,0.557528671846097,0.5842606004805548,0.58488850192104,False,ja,0.5389830508474577
semantic_kernel_maternn_kappa=2.0_nu=1.0_alpha_0.1,0.557852386237514,0.5852338346526105,0.5858584369942075,False,ja,0.5389830508474577
semantic_kernel_maternn_kappa=2.0_nu=1.0_alpha_0.2,0.5592859785423604,0.5860566693413862,0.5866784824128518,False,ja,0.5389830508474577
semantic_kernel_maternn_kappa=2.0_nu=1.0_alpha_0.3,0.5596559378468369,0.5859617471998977,0.5865838820413345,False,ja,0.5389830508474577
semantic_kernel_maternn_kappa=2.0_nu=1.0_alpha_0.4,0.5602108768035516,0.5820045347404368,0.5826400838613971,False,ja,0.5389830508474577
semantic_kernel_maternn_kappa=2.0_nu=1.0_alpha_0.5,0.5610432852386238,0.5850910032763291,0.5857160897920831,False,ja,0.5389830508474577
semantic_kernel_maternn_kappa=2.0_nu=1.0_alpha_0.6,0.5603958564557898,0.5808258998013335,0.5814654442949687,False,ja,0.5389830508474577
semantic_kernel_maternn_kappa=2.0_nu=1.0_alpha_0.7,0.5588697743248242,0.5828764206117303,0.5835090141873641,False,ja,0.5389830508474577
semantic_kernel_maternn_kappa=2.0_nu=1.0_alpha_0.8,0.5614594894561599,0.575655793341405,0.5763128636196502,False,ja,0.5389830508474577
semantic_kernel_maternn_kappa=2.0_nu=1.0_alpha_0.9,0.5610895301516834,0.5807747215590526,0.5814144395382549,False,ja,0.5389830508474577
semantic_kernel_maternn_kappa=2.0_nu=1.0_alpha_1.0,0.5607426933037366,0.5805759311241515,0.5812163229692349,False,ja,0.5389830508474577
semantic_kernel_matern_kappa=2.0_nu=2.0_alpha_0.0,0.557528671846097,0.5842606004805548,0.58488850192104,False,ja,0.5389830508474577
semantic_kernel_matern_kappa=2.0_nu=2.0_alpha_0.1,0.5587310395856456,0.5840866519598207,0.5847151430563086,False,ja,0.5389830508474577
semantic_kernel_matern_kappa=2.0_nu=2.0_alpha_0.2,0.5600258971513133,0.5851114299159118,0.5857364471888197,False,ja,0.5389830508474577
semantic_kernel_matern_kappa=2.0_nu=2.0_alpha_0.3,0.5617832038475767,0.5835355127750836,0.5841658721399943,False,ja,0.5389830508474577
semantic_kernel_matern_kappa=2.0_nu=2.0_alpha_0.4,0.5650665926748057,0.5853448056161707,0.5859690317850099,False,ja,0.5389830508474577
semantic_kernel_matern_kappa=2.0_nu=2.0_alpha_0.5,0.5672401035886052,0.5857865914209581,0.586409320010798,False,ja,0.5389830508474577
semantic_kernel_matern_kappa=2.0_nu=2.0_alpha_0.6,0.56992230854606,0.583082153927986,0.5837140501025478,False,ja,0.5389830508474577
semantic_kernel_matern_kappa=2.0_nu=2.0_alpha_0.7,0.5695523492415835,0.5898544280575532,0.5904633673706589,False,ja,0.5389830508474577
semantic_kernel_matern_kappa=2.0_nu=2.0_alpha_0.8,0.56673140954495,0.579111634729006,0.5797569902906831,False,ja,0.5389830508474577
semantic_kernel_matern_kappa=2.0_nu=2.0_alpha_0.9,0.5613207547169812,0.5815977758731794,0.5822347038377576,False,ja,0.5389830508474577
semantic_kernel_matern_kappa=2.0_nu=2.0_alpha_1.0,0.5569506104328524,0.5794120452740599,0.5800563824949062,False,ja,0.5389830508474577
semantic_kernel_maternn_kappa=2.0_nu=2.0_alpha_0.0,0.557528671846097,0.5842606004805548,0.58488850192104,False,ja,0.5389830508474577
semantic_kernel_maternn_kappa=2.0_nu=2.0_alpha_0.1,0.5579448760636331,0.5853065938402113,0.5859309495404944,False,ja,0.5389830508474577
semantic_kernel_maternn_kappa=2.0_nu=2.0_alpha_0.2,0.5591934887162412,0.5857726464172517,0.5863954222782906,False,ja,0.5389830508474577
semantic_kernel_maternn_kappa=2.0_nu=2.0_alpha_0.3,0.5600258971513135,0.5845576931922689,0.5851845875388164,False,ja,0.5389830508474577
semantic_kernel_maternn_kappa=2.0_nu=2.0_alpha_0.4,0.5609970403255642,0.5837014973807368,0.5843312940859674,False,ja,0.5389830508474577
semantic_kernel_maternn_kappa=2.0_nu=2.0_alpha_0.5,0.5616907140214576,0.5846665091512697,0.5852930346301595,False,ja,0.5389830508474577
semantic_kernel_maternn_kappa=2.0_nu=2.0_alpha_0.6,0.5612745098039216,0.5791469312300345,0.5797921671425554,False,ja,0.5389830508474577
semantic_kernel_maternn_kappa=2.0_nu=2.0_alpha_0.7,0.5611820199778025,0.5838405944539409,0.584469919643669,False,ja,0.5389830508474577
semantic_kernel_maternn_kappa=2.0_nu=2.0_alpha_0.8,0.5622456529781723,0.5742248764306166,0.574886797274661,False,ja,0.5389830508474577
semantic_kernel_maternn_kappa=2.0_nu=2.0_alpha_0.9,0.561551979282279,0.5815753147174566,0.5822123188215456,False,ja,0.5389830508474577
semantic_kernel_maternn_kappa=2.0_nu=2.0_alpha_1.0,0.5609739178690345,0.5808243088665012,0.5814638587531357,False,ja,0.5389830508474577
semantic_kernel_matern_kappa=2.0_nu=3.0_alpha_0.0,0.557528671846097,0.5842606004805548,0.58488850192104,False,ja,0.5389830508474577
semantic_kernel_matern_kappa=2.0_nu=3.0_alpha_0.1,0.5588235294117647,0.5841417856471482,0.5847700898497807,False,ja,0.5389830508474577
semantic_kernel_matern_kappa=2.0_nu=3.0_alpha_0.2,0.5599334073251943,0.5851519118235007,0.5857767918696033,False,ja,0.5389830508474577
semantic_kernel_matern_kappa=2.0_nu=3.0_alpha_0.3,0.5615982241953386,0.583678206772479,0.5843080824289237,False,ja,0.5389830508474577
semantic_kernel_matern_kappa=2.0_nu=3.0_alpha_0.4,0.5639104698483167,0.5848117690459548,0.5854378021184218,False,ja,0.5389830508474577
semantic_kernel_matern_kappa=2.0_nu=3.0_alpha_0.5,0.5665001849796523,0.5856221236922814,0.5862454097998456,False,ja,0.5389830508474577
semantic_kernel_matern_kappa=2.0_nu=3.0_alpha_0.6,0.5673325934147243,0.5808506129975285,0.5814900737176173,False,ja,0.5389830508474577
semantic_kernel_matern_kappa=2.0_nu=3.0_alpha_0.7,0.56885867554569,0.5897735507445561,0.5903827642180448,False,ja,0.5389830508474577
semantic_kernel_matern_kappa=2.0_nu=3.0_alpha_0.8,0.5652053274139845,0.5798065936405699,0.5804495934093262,False,ja,0.5389830508474577
semantic_kernel_matern_kappa=2.0_nu=3.0_alpha_0.9,0.5577136514983352,0.5808795783642875,0.5815189408966924,False,ja,0.5389830508474577
semantic_kernel_matern_kappa=2.0_nu=3.0_alpha_1.0,0.5560719570847207,0.5822443176479474,0.5828790539454924,False,ja,0.5389830508474577
semantic_kernel_maternn_kappa=2.0_nu=3.0_alpha_0.0,0.557528671846097,0.5842606004805548,0.58488850192104,False,ja,0.5389830508474577
semantic_kernel_maternn_kappa=2.0_nu=3.0_alpha_0.1,0.5578986311505735,0.5853016894655755,0.5859260617908573,False,ja,0.5389830508474577
semantic_kernel_maternn_kappa=2.0_nu=3.0_alpha_0.2,0.5591009988901221,0.585756295452575,0.5863791267406129,False,ja,0.5389830508474577
semantic_kernel_maternn_kappa=2.0_nu=3.0_alpha_0.3,0.5600258971513132,0.5845133347159072,0.5851403794301709,False,ja,0.5389830508474577
semantic_kernel_maternn_kappa=2.0_nu=3.0_alpha_0.4,0.561228264890862,0.5836726165527222,0.5843025111590645,False,ja,0.5389830508474577
semantic_kernel_maternn_kappa=2.0_nu=3.0_alpha_0.5,0.5617832038475769,0.5839291387232038,0.5845581637628666,False,ja,0.5389830508474577
semantic_kernel_maternn_kappa=2.0_nu=3.0_alpha_0.6,0.5611820199778024,0.5785685077541363,0.5792157044242027,False,ja,0.5389830508474577
semantic_kernel_maternn_kappa=2.0_nu=3.0_alpha_0.7,0.5619219385867554,0.5833520881735104,0.5839830693167314,False,ja,0.5389830508474577
semantic_kernel_maternn_kappa=2.0_nu=3.0_alpha_0.8,0.5629393266740659,0.576040400808987,0.5766961673331048,False,ja,0.5389830508474577
semantic_kernel_maternn_kappa=2.0_nu=3.0_alpha_0.9,0.5621069182389937,0.581900697958418,0.5825365990684698,False,ja,0.5389830508474577
semantic_kernel_maternn_kappa=2.0_nu=3.0_alpha_1.0,0.5614826119126897,0.5810967771873032,0.5817354034525114,False,ja,0.5389830508474577
semantic_kernel_matern_kappa=3.0_nu=1.0_alpha_0.0,0.557528671846097,0.5842606004805548,0.58488850192104,False,ja,0.5389830508474577
semantic_kernel_matern_kappa=3.0_nu=1.0_alpha_0.1,0.5587310395856455,0.58410453299452,0.584732963477331,False,ja,0.5389830508474577
semantic_kernel_matern_kappa=3.0_nu=1.0_alpha_0.2,0.5600258971513133,0.5851934080013417,0.5858181473824345,False,ja,0.5389830508474577
semantic_kernel_matern_kappa=3.0_nu=1.0_alpha_0.3,0.5613207547169812,0.5836699744181825,0.584299877980913,False,ja,0.5389830508474577
semantic_kernel_matern_kappa=3.0_nu=1.0_alpha_0.4,0.564511653718091,0.5845265851742598,0.5851535849717155,False,ja,0.5389830508474577
semantic_kernel_matern_kappa=3.0_nu=1.0_alpha_0.5,0.5658527561968183,0.5870030022322279,0.5876216073955889,False,ja,0.5389830508474577
semantic_kernel_matern_kappa=3.0_nu=1.0_alpha_0.6,0.5690436551979282,0.5853010372892489,0.5859254118252979,False,ja,0.5389830508474577
semantic_kernel_matern_kappa=3.0_nu=1.0_alpha_0.7,0.5677487976322605,0.5836708701619353,0.5843007706882464,False,ja,0.5389830508474577
semantic_kernel_matern_kappa=3.0_nu=1.0_alpha_0.8,0.5661764705882353,0.5855919820828708,0.5862153703653822,False,ja,0.5389830508474577
semantic_kernel_matern_kappa=3.0_nu=1.0_alpha_0.9,0.5628005919348872,0.5823437898580446,0.5829781889616571,False,ja,0.5389830508474577
semantic_kernel_matern_kappa=3.0_nu=1.0_alpha_1.0,0.5569968553459119,0.5808038065484366,0.5814434259344545,False,ja,0.5389830508474577
semantic_kernel_maternn_kappa=3.0_nu=1.0_alpha_0.0,0.557528671846097,0.5842606004805548,0.58488850192104,False,ja,0.5389830508474577
semantic_kernel_maternn_kappa=3.0_nu=1.0_alpha_0.1,0.5579448760636331,0.585275904872895,0.585900364603576,False,ja,0.5389830508474577
semantic_kernel_maternn_kappa=3.0_nu=1.0_alpha_0.2,0.5595172031076583,0.5860595973450378,0.5866814004910672,False,ja,0.5389830508474577
semantic_kernel_maternn_kappa=3.0_nu=1.0_alpha_0.3,0.5602108768035516,0.5845686355695736,0.5851954928233165,False,ja,0.5389830508474577
semantic_kernel_maternn_kappa=3.0_nu=1.0_alpha_0.4,0.5613669996300408,0.5849029403242312,0.5855286643415176,False,ja,0.5389830508474577
semantic_kernel_maternn_kappa=3.0_nu=1.0_alpha_0.5,0.561551979282279,0.584809149655484,0.5854351916072408,False,ja,0.5389830508474577
semantic_kernel_maternn_kappa=3.0_nu=1.0_alpha_0.6,0.5607658157602663,0.5784388837557807,0.5790865198292314,False,ja,0.5389830508474577
semantic_kernel_maternn_kappa=3.0_nu=1.0_alpha_0.7,0.5628005919348872,0.5789420654540872,0.5795879958268657,False,ja,0.5389830508474577
semantic_kernel_maternn_kappa=3.0_nu=1.0_alpha_0.8,0.5624768775434703,0.5818096875940948,0.5824458972138563,False,ja,0.5389830508474577
semantic_kernel_maternn_kappa=3.0_nu=1.0_alpha_0.9,0.5623843877173511,0.581384265319336,0.5820219170485034,False,ja,0.5389830508474577
semantic_kernel_maternn_kappa=3.0_nu=1.0_alpha_1.0,0.5618525712171661,0.5820183567089696,0.5826538589757992,False,ja,0.5389830508474577
semantic_kernel_matern_kappa=3.0_nu=2.0_alpha_0.0,0.557528671846097,0.5842606004805548,0.58488850192104,False,ja,0.5389830508474577
semantic_kernel_matern_kappa=3.0_nu=2.0_alpha_0.1,0.5587310395856457,0.5840060844776904,0.5846348486842871,False,ja,0.5389830508474577
semantic_kernel_matern_kappa=3.0_nu=2.0_alpha_0.2,0.5593322234554199,0.5868996148285717,0.5875185704577078,False,ja,0.5389830508474577
semantic_kernel_matern_kappa=3.0_nu=2.0_alpha_0.3,0.5613207547169811,0.5850811096054295,0.5857062296590508,False,ja,0.5389830508474577
semantic_kernel_matern_kappa=3.0_nu=2.0_alpha_0.4,0.5619219385867555,0.5830849737009101,0.5837168603169195,False,ja,0.5389830508474577
semantic_kernel_matern_kappa=3.0_nu=2.0_alpha_0.5,0.5628468368479467,0.5835249010623059,0.5841552963991242,False,ja,0.5389830508474577
semantic_kernel_matern_kappa=3.0_nu=2.0_alpha_0.6,0.565159082500925,0.5809707920975459,0.581609845430855,False,ja,0.5389830508474577
semantic_kernel_matern_kappa=3.0_nu=2.0_alpha_0.7,0.5636792452830188,0.5813347630227219,0.5819725825562847,False,ja,0.5389830508474577
semantic_kernel_matern_kappa=3.0_nu=2.0_alpha_0.8,0.564511653718091,0.5882332855023439,0.5888477202139417,False,ja,0.5389830508474577
semantic_kernel_matern_kappa=3.0_nu=2.0_alpha_0.9,0.5584535701072882,0.5829788917604619,0.5836111379762696,False,ja,0.5389830508474577
semantic_kernel_matern_kappa=3.0_nu=2.0_alpha_1.0,0.5533435072142066,0.5803864759604667,0.5810275100264438,False,ja,0.5389830508474577
semantic_kernel_maternn_kappa=3.0_nu=2.0_alpha_0.0,0.557528671846097,0.5842606004805548,0.58488850192104,False,ja,0.5389830508474577
semantic_kernel_maternn_kappa=3.0_nu=2.0_alpha_0.1,0.5580373658897522,0.5854822333300955,0.5861059936422773,False,ja,0.5389830508474577
semantic_kernel_maternn_kappa=3.0_nu=2.0_alpha_0.2,0.5594247132815391,0.5840975554975232,0.5847260096328663,False,ja,0.5389830508474577
semantic_kernel_maternn_kappa=3.0_nu=2.0_alpha_0.3,0.5611820199778024,0.5843671898498257,0.5849947299704151,False,ja,0.5389830508474577
semantic_kernel_maternn_kappa=3.0_nu=2.0_alpha_0.4,0.5623843877173511,0.5842072787098977,0.584835360902148,False,ja,0.5389830508474577
semantic_kernel_maternn_kappa=3.0_nu=2.0_alpha_0.5,0.5635867554568997,0.5871866582671154,0.5878046408676462,False,ja,0.5389830508474577
semantic_kernel_maternn_kappa=3.0_nu=2.0_alpha_0.6,0.5626156122826489,0.5778757854645862,0.5785253303458037,False,ja,0.5389830508474577
semantic_kernel_maternn_kappa=3.0_nu=2.0_alpha_0.7,0.5653903070662227,0.5801881776881221,0.5808298839516326,False,ja,0.5389830508474577
semantic_kernel_maternn_kappa=3.0_nu=2.0_alpha_0.8,0.5632167961524233,0.5817186662168103,0.5823551843836134,False,ja,0.5389830508474577
semantic_kernel_maternn_kappa=3.0_nu=2.0_alpha_0.9,0.5646041435442102,0.5838860617731043,0.584515232836327,False,ja,0.5389830508474577
semantic_kernel_maternn_kappa=3.0_nu=2.0_alpha_1.0,0.5645810210876804,0.5823682395428613,0.5830025557661863,False,ja,0.5389830508474577
semantic_kernel_matern_kappa=3.0_nu=3.0_alpha_0.0,0.557528671846097,0.5842606004805548,0.58488850192104,False,ja,0.5389830508474577
semantic_kernel_matern_kappa=3.0_nu=3.0_alpha_0.1,0.5584998150203477,0.5838739298208242,0.5845031420093086,False,ja,0.5389830508474577
semantic_kernel_matern_kappa=3.0_nu=3.0_alpha_0.2,0.5592397336293008,0.5867489212955792,0.5873683877502509,False,ja,0.5389830508474577
semantic_kernel_matern_kappa=3.0_nu=3.0_alpha_0.3,0.560164631890492,0.586473349926258,0.5870937505211646,False,ja,0.5389830508474577
semantic_kernel_matern_kappa=3.0_nu=3.0_alpha_0.4,0.5622918978912319,0.5866155149923917,0.5872354336718201,False,ja,0.5389830508474577
semantic_kernel_matern_kappa=3.0_nu=3.0_alpha_0.5,0.5617832038475767,0.5836159466522932,0.5842460333599929,False,ja,0.5389830508474577
semantic_kernel_matern_kappa=3.0_nu=3.0_alpha_0.6,0.5616444691083982,0.5803648327775717,0.5810059402102705,False,ja,0.5389830508474577
semantic_kernel_matern_kappa=3.0_nu=3.0_alpha_0.7,0.5610895301516832,0.5821760056058832,0.5828109734696725,False,ja,0.5389830508474577
semantic_kernel_matern_kappa=3.0_nu=3.0_alpha_0.8,0.5577136514983353,0.5851561680986241,0.5857810337166753,False,ja,0.5389830508474577
semantic_kernel_matern_kappa=3.0_nu=3.0_alpha_0.9,0.5573899371069183,0.5855625748733279,0.5861860628412953,False,ja,0.5389830508474577
semantic_kernel_matern_kappa=3.0_nu=3.0_alpha_1.0,0.5550083240843507,0.5833412212058068,0.5839722391862066,False,ja,0.5389830508474577
semantic_kernel_maternn_kappa=3.0_nu=3.0_alpha_0.0,0.557528671846097,0.5842606004805548,0.58488850192104,False,ja,0.5389830508474577
semantic_kernel_maternn_kappa=3.0_nu=3.0_alpha_0.1,0.558176100628931,0.5855567215675337,0.5861802293772158,False,ja,0.5389830508474577
semantic_kernel_maternn_kappa=3.0_nu=3.0_alpha_0.2,0.5591472438031817,0.5837633185428514,0.5843929056848205,False,ja,0.5389830508474577
semantic_kernel_maternn_kappa=3.0_nu=3.0_alpha_0.3,0.5618294487606363,0.5844562514450277,0.5850834896619046,False,ja,0.5389830508474577
semantic_kernel_maternn_kappa=3.0_nu=3.0_alpha_0.4,0.5636330003699593,0.5849649343291614,0.5855904481972786,False,ja,0.5389830508474577
semantic_kernel_maternn_kappa=3.0_nu=3.0_alpha_0.5,0.5633092859785424,0.5864818268485051,0.5871021987080821,False,ja,0.5389830508474577
semantic_kernel_maternn_kappa=3.0_nu=3.0_alpha_0.6,0.5630780614132446,0.5785056729818905,0.5791530826511848,False,ja,0.5389830508474577
semantic_kernel_maternn_kappa=3.0_nu=3.0_alpha_0.7,0.5656677765445801,0.5785464298677371,0.5791937013780962,False,ja,0.5389830508474577
semantic_kernel_maternn_kappa=3.0_nu=3.0_alpha_0.8,0.5652978172401036,0.5836923759146925,0.5843222035401469,False,ja,0.5389830508474577
semantic_kernel_maternn_kappa=3.0_nu=3.0_alpha_0.9,0.5652978172401036,0.5827809650682045,0.583413882221952,False,ja,0.5389830508474577
semantic_kernel_maternn_kappa=3.0_nu=3.0_alpha_1.0,0.5641648168701443,0.5816092460965264,0.5822461351789915,False,ja,0.5389830508474577
semantic_kernel_prod_heat_t=0.1,0.556465038845727,0.566488610022023,0.5654818402437236,False,ja,0.5389830508474577
semantic_kernel_sum_heat_t=0.1,0.5614255765199161,0.580282249038161,0.5809289358212465,False,ja,0.5389830508474577
semantic_kernel_prod_heatn_t=0.1,0.5610895301516833,0.5685567547747108,0.5675429743362329,False,ja,0.5389830508474577
semantic_kernel_sum_heatn_t=0.1,0.5593322234554199,0.5764926090419873,0.5771468426568407,False,ja,0.5389830508474577
semantic_kernel_prod_heat_t=0.2,0.5564187939326675,0.5716102287640525,0.5722810128205261,False,ja,0.5389830508474577
semantic_kernel_sum_heat_t=0.2,0.5515206812652068,0.5744860286796373,0.5752333085874228,False,ja,0.5389830508474577
semantic_kernel_prod_heatn_t=0.2,0.5613669996300408,0.5687248474278289,0.5677104971837472,False,ja,0.5389830508474577
semantic_kernel_sum_heatn_t=0.2,0.5591472438031817,0.5755843003885096,0.5762416130157476,False,ja,0.5389830508474577
semantic_kernel_prod_heat_t=0.3,0.5594709581945986,0.5730999033510669,0.5737656376631775,False,ja,0.5389830508474577
semantic_kernel_sum_heat_t=0.3,0.5455057762750071,0.5911665611155468,0.5920804238024912,False,ja,0.5389830508474577
semantic_kernel_prod_heatn_t=0.3,0.5612745098039216,0.5685653638665837,0.5675515542447435,False,ja,0.5389830508474577
semantic_kernel_sum_heatn_t=0.3,0.559008509064003,0.5754769545978272,0.5761346311091015,False,ja,0.5389830508474577
semantic_kernel_prod_heat_t=0.4,0.5646041435442102,0.5767112256483226,0.5773647181899341,False,ja,0.5389830508474577
semantic_kernel_sum_heat_t=0.4,0.5616107723577236,0.5792987265434688,0.5775591995479904,False,ja,0.5389830508474577
semantic_kernel_prod_heatn_t=0.4,0.5613207547169812,0.5686124926309568,0.5675985232505932,False,ja,0.5389830508474577
semantic_kernel_sum_heatn_t=0.4,0.5596096929337773,0.576132318217883,0.5767877731575638,False,ja,0.5389830508474577
semantic_kernel_prod_heat_t=0.5,0.564511653718091,0.5748080932301997,0.575468037068144,False,ja,0.5389830508474577
semantic_kernel_sum_heat_t=0.5,0.5697977821265492,0.5844652610869521,0.5856311888734483,False,ja,0.5389830508474577
semantic_kernel_prod_heatn_t=0.5,0.5609045504994451,0.5683949480613031,0.5673817161201588,False,ja,0.5389830508474577
semantic_kernel_sum_heatn_t=0.5,0.5597021827598965,0.5758146865577275,0.5764712182149003,False,ja,0.5389830508474577
semantic_kernel_prod_heat_t=0.6,0.5644654088050315,0.5788496504258738,0.5794958940699342,False,ja,0.5389830508474577
semantic_kernel_sum_heat_t=0.6,0.5661764705882354,0.5750173370505394,0.5728567228271946,False,ja,0.5389830508474577
semantic_kernel_prod_heatn_t=0.6,0.561135775064743,0.5686663113009345,0.5676521594844016,False,ja,0.5389830508474577
semantic_kernel_sum_heatn_t=0.6,0.560164631890492,0.5764077086738337,0.5770622300865452,False,ja,0.5389830508474577
semantic_kernel_prod_heat_t=0.7,0.5643266740658528,0.5792851297777705,0.5799298972206381,False,ja,0.5389830508474577
semantic_kernel_sum_heat_t=0.7,0.5798338198966988,0.5961008110662862,0.5936850442650563,False,ja,0.5389830508474577
semantic_kernel_prod_heatn_t=0.7,0.5611357750647429,0.5686034608109695,0.5675895220469448,False,ja,0.5389830508474577
semantic_kernel_sum_heatn_t=0.7,0.5601183869774324,0.5767524390724134,0.5774057919075025,False,ja,0.5389830508474577
semantic_kernel_prod_matern_kappa=1.0_nu=1.0,0.5619219385867554,0.5732777310005781,0.5739428625070971,False,ja,0.5389830508474577
semantic_kernel_sum_matern_kappa=1.0_nu=1.0,0.5615982241953384,0.5747375837028887,0.5753977665561797,False,ja,0.5389830508474577
semantic_kernel_prod_maternn_kappa=1.0_nu=1.0,0.5603033666296707,0.5678550833236957,0.5668436814325093,False,ja,0.5389830508474577
semantic_kernel_sum_maternn_kappa=1.0_nu=1.0,0.5591009988901221,0.5729081401619173,0.573574524518737,False,ja,0.5389830508474577
semantic_kernel_prod_matern_kappa=1.0_nu=2.0,0.5610895301516833,0.5734975073961965,0.5741618938979848,False,ja,0.5389830508474577
semantic_kernel_sum_matern_kappa=1.0_nu=2.0,0.5616813294232648,0.5823649708471612,0.5830188728414414,False,ja,0.5389830508474577
semantic_kernel_prod_maternn_kappa=1.0_nu=2.0,0.5607195708472068,0.5681152329819431,0.5671029492275084,False,ja,0.5389830508474577
semantic_kernel_sum_maternn_kappa=1.0_nu=2.0,0.5594247132815391,0.5758779473494945,0.5765342645633055,False,ja,0.5389830508474577
semantic_kernel_prod_matern_kappa=1.0_nu=3.0,0.5615057343692194,0.5806528385070482,0.5812929696491387,False,ja,0.5389830508474577
semantic_kernel_sum_matern_kappa=1.0_nu=3.0,0.5475634083784554,0.5757577324635811,0.5764975770444603,False,ja,0.5389830508474577
semantic_kernel_prod_maternn_kappa=1.0_nu=3.0,0.5615057343692195,0.5806790527711,0.5813190950512782,False,ja,0.5389830508474577
semantic_kernel_sum_maternn_kappa=1.0_nu=3.0,0.5591472438031817,0.5770993117998742,0.5777514887952092,False,ja,0.5389830508474577
semantic_kernel_prod_matern_kappa=2.0_nu=1.0,0.5607658157602663,0.5695971209900643,0.5702747291406869,False,ja,0.5389830508474577
semantic_kernel_sum_matern_kappa=2.0_nu=1.0,0.5577598964113948,0.5736546256131629,0.574318479510826,False,ja,0.5389830508474577
semantic_kernel_prod_maternn_kappa=2.0_nu=1.0,0.5604883462819089,0.5676785626103561,0.5666677590944693,False,ja,0.5389830508474577
semantic_kernel_sum_maternn_kappa=2.0_nu=1.0,0.560488346281909,0.572430472803769,0.5730984763719723,False,ja,0.5389830508474577
semantic_kernel_prod_matern_kappa=2.0_nu=2.0,0.5565112837587866,0.5708904710416266,0.5715636949547862,False,ja,0.5389830508474577
semantic_kernel_sum_matern_kappa=2.0_nu=2.0,0.5331701500031382,0.582385250613666,0.5831536514188015,False,ja,0.5389830508474577
semantic_kernel_prod_maternn_kappa=2.0_nu=2.0,0.5606733259341472,0.5675490114033482,0.5665386470440953,False,ja,0.5389830508474577
semantic_kernel_sum_maternn_kappa=2.0_nu=2.0,0.5628468368479467,0.5824819107708492,0.5831158416679776,False,ja,0.5389830508474577
semantic_kernel_prod_matern_kappa=2.0_nu=3.0,0.5556326304106548,0.5750962606483343,0.5757552276475729,False,ja,0.5389830508474577
semantic_kernel_sum_matern_kappa=2.0_nu=3.0,0.5411280846063454,0.5702445957601043,0.568782302257731,False,ja,0.5389830508474577
semantic_kernel_prod_maternn_kappa=2.0_nu=3.0,0.5611820199778024,0.5678214797241503,0.5668101917434708,False,ja,0.5389830508474577
semantic_kernel_sum_maternn_kappa=2.0_nu=3.0,0.5633092859785424,0.5766682396792056,0.5773218779359666,False,ja,0.5389830508474577
semantic_kernel_prod_matern_kappa=3.0_nu=1.0,0.5572512023677395,0.5786602851025762,0.579307170662987,False,ja,0.5389830508474577
semantic_kernel_sum_matern_kappa=3.0_nu=1.0,0.5544302626711062,0.5772787467228435,0.5779303154642024,False,ja,0.5389830508474577
semantic_kernel_prod_maternn_kappa=3.0_nu=1.0,0.5622456529781724,0.5800327572743906,0.5806749903867611,False,ja,0.5389830508474577
semantic_kernel_sum_maternn_kappa=3.0_nu=1.0,0.5638642249352571,0.5820606709551488,0.5826960297838557,False,ja,0.5389830508474577
semantic_kernel_prod_matern_kappa=3.0_nu=2.0,0.553597854236034,0.5792448097310559,0.579889713852048,False,ja,0.5389830508474577
semantic_kernel_sum_matern_kappa=3.0_nu=2.0,0.5375872928933316,0.5714097233502731,0.5701928938904325,False,ja,0.5389830508474577
semantic_kernel_prod_maternn_kappa=3.0_nu=2.0,0.5649741028486867,0.5803426241018799,0.580983806818225,False,ja,0.5389830508474577
semantic_kernel_sum_maternn_kappa=3.0_nu=2.0,0.5625693673695893,0.5818917826678625,0.5825277139992382,False,ja,0.5389830508474577
semantic_kernel_prod_matern_kappa=3.0_nu=3.0,0.5552626711061783,0.5800605165137208,0.5807026555269751,False,ja,0.5389830508474577
semantic_kernel_sum_matern_kappa=3.0_nu=3.0,0.5446428571428572,0.5706580372608194,0.569033477984591,False,ja,0.5389830508474577
semantic_kernel_prod_maternn_kappa=3.0_nu=3.0,0.5645578986311506,0.5799614251864105,0.5806039001024692,False,ja,0.5389830508474577
semantic_kernel_sum_maternn_kappa=3.0_nu=3.0,0.5609507954125046,0.5742744011000588,0.5749361540638679,False,ja,0.5389830508474577
full_klu_heat_t=0.1_alpha_0.0,0.5575749167591565,0.5863271846899961,0.5869480807602799,False,ja,0.5389830508474577
full_klu_heat_t=0.1_alpha_0.1,0.5571124676285609,0.5861120808213554,0.5867337060572955,False,ja,0.5389830508474577
full_klu_heat_t=0.1_alpha_0.2,0.5580604883462819,0.5870699804167756,0.5876883585354431,False,ja,0.5389830508474577
full_klu_heat_t=0.1_alpha_0.3,0.5586616722160562,0.5875220394479767,0.5881388851631487,False,ja,0.5389830508474577
full_klu_heat_t=0.1_alpha_0.4,0.5598640399556049,0.5885784328268191,0.5891916975474865,False,ja,0.5389830508474577
full_klu_heat_t=0.1_alpha_0.5,0.5602571217166111,0.5900949444764453,0.5907030684796565,False,ja,0.5389830508474577
full_klu_heat_t=0.1_alpha_0.6,0.5614132445431003,0.5910831814659866,0.591687955513301,False,ja,0.5389830508474577
full_klu_heat_t=0.1_alpha_0.7,0.5643960414354421,0.5928898372778946,0.5934884870682194,False,ja,0.5389830508474577
full_klu_heat_t=0.1_alpha_0.8,0.5678644099149093,0.5944384889287957,0.5950318890525074,False,ja,0.5389830508474577
full_klu_heat_t=0.1_alpha_0.9,0.5712171661117277,0.5955714422308368,0.5961610018348805,False,ja,0.5389830508474577
full_klu_heat_t=0.1_alpha_1.0,0.5722114317425083,0.6023127867645259,0.6028794943532011,False,ja,0.5389830508474577
full_klu_heatn_t=0.1_alpha_0.0,0.5575749167591565,0.5863271846899961,0.5869480807602799,False,ja,0.5389830508474577
full_klu_heatn_t=0.1_alpha_0.1,0.5570199778024417,0.5859837380987324,0.5866057983947492,False,ja,0.5389830508474577
full_klu_heatn_t=0.1_alpha_0.2,0.5571124676285608,0.586587115465615,0.5872071304146256,False,ja,0.5389830508474577
full_klu_heatn_t=0.1_alpha_0.3,0.5575286718460969,0.586385899948678,0.5870065969841864,False,ja,0.5389830508474577
full_klu_heatn_t=0.1_alpha_0.4,0.5582454679985202,0.5882484193705283,0.5888628027808781,False,ja,0.5389830508474577
full_klu_heatn_t=0.1_alpha_0.5,0.5585229374768774,0.5879066634358475,0.5885222053408912,False,ja,0.5389830508474577
full_klu_heatn_t=0.1_alpha_0.6,0.5579679985201628,0.5883172492230233,0.5889313993118391,False,ja,0.5389830508474577
full_klu_heatn_t=0.1_alpha_0.7,0.5581067332593415,0.5885117327633897,0.5891252235859672,False,ja,0.5389830508474577
full_klu_heatn_t=0.1_alpha_0.8,0.5578755086940437,0.5854977904667926,0.5861214980429179,False,ja,0.5389830508474577
full_klu_heatn_t=0.1_alpha_0.9,0.5563725490196079,0.583435160336296,0.582370944624728,False,ja,0.5389830508474577
full_klu_heatn_t=0.1_alpha_1.0,0.4312338142804292,0.4638167885105601,0.4631580588051809,False,ja,0.5389830508474577
full_klu_heat_t=0.2_alpha_0.0,0.5575749167591565,0.5863271846899961,0.5869480807602799,False,ja,0.5389830508474577
full_klu_heat_t=0.2_alpha_0.1,0.5587310395856456,0.5871226134636467,0.5877408131652063,False,ja,0.5389830508474577
full_klu_heat_t=0.2_alpha_0.2,0.5603496115427302,0.5892380698374093,0.5898490985004138,False,ja,0.5389830508474577
full_klu_heat_t=0.2_alpha_0.3,0.5619913059563448,0.5905201040304614,0.5911267868148453,False,ja,0.5389830508474577
full_klu_heat_t=0.2_alpha_0.4,0.5639104698483167,0.5919603183308302,0.5925621190328401,False,ja,0.5389830508474577
full_klu_heat_t=0.2_alpha_0.5,0.5673557158712541,0.5942640904058014,0.5948580817109469,False,ja,0.5389830508474577
full_klu_heat_t=0.2_alpha_0.6,0.5684887162412134,0.5942978226497848,0.5948916996083405,False,ja,0.5389830508474577
full_klu_heat_t=0.2_alpha_0.7,0.5708240843507214,0.5949786342894828,0.5955702034119716,False,ja,0.5389830508474577
full_klu_heat_t=0.2_alpha_0.8,0.5712634110247873,0.59407755530528,0.5946721789328001,False,ja,0.5389830508474577
full_klu_heat_t=0.2_alpha_0.9,0.5753329633740288,0.5948190625569879,0.5954111726006039,False,ja,0.5389830508474577
full_klu_heat_t=0.2_alpha_1.0,0.5720958194598594,0.6011623147935413,0.601732922287203,False,ja,0.5389830508474577
full_klu_heatn_t=0.2_alpha_0.0,0.5575749167591565,0.5863271846899961,0.5869480807602799,False,ja,0.5389830508474577
full_klu_heatn_t=0.2_alpha_0.1,0.5570199778024417,0.5858350811148241,0.5864576453328203,False,ja,0.5389830508474577
full_klu_heatn_t=0.2_alpha_0.2,0.5571587125416204,0.5866966801257189,0.5873163236691018,False,ja,0.5389830508474577
full_klu_heatn_t=0.2_alpha_0.3,0.5572974472807991,0.5867992873708957,0.5874185830931087,False,ja,0.5389830508474577
full_klu_heatn_t=0.2_alpha_0.4,0.5578061413244543,0.5875003696764929,0.5881172888485173,False,ja,0.5389830508474577
full_klu_heatn_t=0.2_alpha_0.5,0.5578061413244544,0.5877878639082658,0.5884038085235724,False,ja,0.5389830508474577
full_klu_heatn_t=0.2_alpha_0.6,0.5579217536071033,0.5865424188368823,0.5871625852998884,False,ja,0.5389830508474577
full_klu_heatn_t=0.2_alpha_0.7,0.5574361820199778,0.5867984483900179,0.5874177469562338,False,ja,0.5389830508474577
full_klu_heatn_t=0.2_alpha_0.8,0.556465038845727,0.5833550637470672,0.582291119549361,False,ja,0.5389830508474577
full_klu_heatn_t=0.2_alpha_0.9,0.5507075471698113,0.5808658507425122,0.5798103445549908,False,ja,0.5389830508474577
full_klu_heatn_t=0.2_alpha_1.0,0.4324824269330374,0.4642083819256898,0.46354832478500524,False,ja,0.5389830508474577
full_klu_heat_t=0.3_alpha_0.0,0.5575749167591565,0.5863271846899961,0.5869480807602799,False,ja,0.5389830508474577
full_klu_heat_t=0.3_alpha_0.1,0.560072142064373,0.5887080751495709,0.5893209004047375,False,ja,0.5389830508474577
full_klu_heat_t=0.3_alpha_0.2,0.562708102108768,0.5907585895451835,0.5913644639040938,False,ja,0.5389830508474577
full_klu_heat_t=0.3_alpha_0.3,0.5654365519792823,0.5919429067313793,0.5925447664557602,False,ja,0.5389830508474577
full_klu_heat_t=0.3_alpha_0.4,0.5681650018497966,0.594649135879229,0.5952418219454816,False,ja,0.5389830508474577
full_klu_heat_t=0.3_alpha_0.5,0.5697604513503515,0.5949028350998387,0.5954946611687331,False,ja,0.5389830508474577
full_klu_heat_t=0.3_alpha_0.6,0.5711709211986682,0.5946760954403105,0.5952686901182204,False,ja,0.5389830508474577
full_klu_heat_t=0.3_alpha_0.7,0.5720495745467999,0.5946393658015037,0.5952320849866637,False,ja,0.5389830508474577
full_klu_heat_t=0.3_alpha_0.8,0.5741305956344802,0.595709773822189,0.5962988645055841,False,ja,0.5389830508474577
full_klu_heat_t=0.3_alpha_0.9,0.5739918608953015,0.5939147374322622,0.5945099129847757,False,ja,0.5389830508474577
full_klu_heat_t=0.3_alpha_1.0,0.5728126156122827,0.6004367051231092,0.6010097723105688,False,ja,0.5389830508474577
full_klu_heatn_t=0.3_alpha_0.0,0.5575749167591565,0.5863271846899961,0.5869480807602799,False,ja,0.5389830508474577
full_klu_heatn_t=0.3_alpha_0.1,0.5569043655197928,0.5863230773717016,0.5869439873650982,False,ja,0.5389830508474577
full_klu_heatn_t=0.3_alpha_0.2,0.5569737328893822,0.5860651913210562,0.5866869755044551,False,ja,0.5389830508474577
full_klu_heatn_t=0.3_alpha_0.3,0.5570431002589715,0.5867041809886646,0.5873237991053935,False,ja,0.5389830508474577
full_klu_heatn_t=0.3_alpha_0.4,0.5577136514983352,0.5832137515374726,0.5821502863642056,False,ja,0.5389830508474577
full_klu_heatn_t=0.3_alpha_0.5,0.5576442841287459,0.5865353648034276,0.5871555551784117,False,ja,0.5389830508474577
full_klu_heatn_t=0.3_alpha_0.6,0.5578523862375138,0.5883659658352106,0.5889799507829684,False,ja,0.5389830508474577
full_klu_heatn_t=0.3_alpha_0.7,0.5563956714761377,0.5831590029875011,0.5820957234025391,False,ja,0.5389830508474577
full_klu_heatn_t=0.3_alpha_0.8,0.5537134665186829,0.5834321388649032,0.5840628486498483,False,ja,0.5389830508474577
full_klu_heatn_t=0.3_alpha_0.9,0.5476322604513504,0.5806507388368989,0.579595961842278,False,ja,0.5389830508474577
full_klu_heatn_t=0.3_alpha_1.0,0.43047077321494637,0.463337859086841,0.46268075287103383,False,ja,0.5389830508474577
full_klu_heat_t=0.4_alpha_0.0,0.5575749167591565,0.5863271846899961,0.5869480807602799,False,ja,0.5389830508474577
full_klu_heat_t=0.4_alpha_0.1,0.560164631890492,0.589142519490178,0.5897538720526646,False,ja,0.5389830508474577
full_klu_heat_t=0.4_alpha_0.2,0.5638642249352571,0.5915270061371838,0.5921302756940874,False,ja,0.5389830508474577
full_klu_heat_t=0.4_alpha_0.3,0.5672401035886052,0.5929300442584398,0.5935285577539152,False,ja,0.5389830508474577
full_klu_heat_t=0.4_alpha_0.4,0.5687893081761006,0.5942002170217394,0.594794424846831,False,ja,0.5389830508474577
full_klu_heat_t=0.4_alpha_0.5,0.569598594154643,0.5942946377766719,0.5948885255314076,False,ja,0.5389830508474577
full_klu_heat_t=0.4_alpha_0.6,0.5711246762856086,0.5941056303933335,0.5947001588510636,False,ja,0.5389830508474577
full_klu_heat_t=0.4_alpha_0.7,0.5735756566777654,0.5952503545726533,0.5958410026094367,False,ja,0.5389830508474577
full_klu_heat_t=0.4_alpha_0.8,0.5755179430262671,0.5961118058422821,0.5966995337052701,False,ja,0.5389830508474577
full_klu_heat_t=0.4_alpha_0.9,0.5738993710691823,0.5936343489256111,0.5942304749476386,False,ja,0.5389830508474577
full_klu_heat_t=0.4_alpha_1.0,0.5715640029596745,0.6007257411779541,0.6012978285821771,False,ja,0.5389830508474577
full_klu_heatn_t=0.4_alpha_0.0,0.5575749167591565,0.5863271846899961,0.5869480807602799,False,ja,0.5389830508474577
full_klu_heatn_t=0.4_alpha_0.1,0.5569274879763226,0.5861424913400198,0.5867640134894562,False,ja,0.5389830508474577
full_klu_heatn_t=0.4_alpha_0.2,0.5569737328893821,0.5863757538743043,0.5869964853032854,False,ja,0.5389830508474577
full_klu_heatn_t=0.4_alpha_0.3,0.5569043655197927,0.586415850267189,0.5870364457761942,False,ja,0.5389830508474577
full_klu_heatn_t=0.4_alpha_0.4,0.557736773954865,0.5850367551933374,0.5856620256008981,False,ja,0.5389830508474577
full_klu_heatn_t=0.4_alpha_0.5,0.5572049574546799,0.5879136979453612,0.5885292160046098,False,ja,0.5389830508474577
full_klu_heatn_t=0.4_alpha_0.6,0.5564881613022568,0.5859955960731267,0.5866176161726203,False,ja,0.5389830508474577
full_klu_heatn_t=0.4_alpha_0.7,0.554661487236404,0.5825127805991199,0.5814516915985254,False,ja,0.5389830508474577
full_klu_heatn_t=0.4_alpha_0.8,0.551169996300407,0.5828202012868149,0.5834529854364314,False,ja,0.5389830508474577
full_klu_heatn_t=0.4_alpha_0.9,0.5425221975582686,0.583461768448492,0.5840923777941708,False,ja,0.5389830508474577
full_klu_heatn_t=0.4_alpha_1.0,0.4315344062153163,0.4640006881617711,0.46334133506774394,False,ja,0.5389830508474577
full_klu_heat_t=0.5_alpha_0.0,0.5575749167591565,0.5863271846899961,0.5869480807602799,False,ja,0.5389830508474577
full_klu_heat_t=0.5_alpha_0.1,0.5603496115427302,0.5891708881415603,0.5897821445391269,False,ja,0.5389830508474577
full_klu_heat_t=0.5_alpha_0.2,0.5639104698483167,0.5913396264296386,0.5919435311719914,False,ja,0.5389830508474577
full_klu_heat_t=0.5_alpha_0.3,0.5673788383277838,0.5934215920713997,0.5940184393031024,False,ja,0.5389830508474577
full_klu_heat_t=0.5_alpha_0.4,0.5679337772844987,0.5943392315905383,0.5949329681798033,False,ja,0.5389830508474577
full_klu_heat_t=0.5_alpha_0.5,0.5693211246762856,0.5945325090505236,0.5951255904619581,False,ja,0.5389830508474577
full_klu_heat_t=0.5_alpha_0.6,0.5704310025897151,0.5947701993479946,0.5953624750296073,False,ja,0.5389830508474577
full_klu_heat_t=0.5_alpha_0.7,0.5730207177210507,0.5955238610464243,0.5961135819426187,False,ja,0.5389830508474577
full_klu_heat_t=0.5_alpha_0.8,0.5744543100258971,0.5959160497484307,0.5965044411913979,False,ja,0.5389830508474577
full_klu_heat_t=0.5_alpha_0.9,0.5739456159822419,0.5942223741935707,0.5948165069096052,False,ja,0.5389830508474577
full_klu_heat_t=0.5_alpha_1.0,0.5747086570477247,0.6035987265548144,0.6041610750255564,False,ja,0.5389830508474577
full_klu_heatn_t=0.5_alpha_0.0,0.5575749167591565,0.5863271846899961,0.5869480807602799,False,ja,0.5389830508474577
full_klu_heatn_t=0.5_alpha_0.1,0.5569274879763225,0.5857866515623462,0.5864093799483171,False,ja,0.5389830508474577
full_klu_heatn_t=0.5_alpha_0.2,0.5571587125416204,0.586903261702715,0.5875222049695659,False,ja,0.5389830508474577
full_klu_heatn_t=0.5_alpha_0.3,0.5573899371069182,0.5864767024236907,0.5870970916541992,False,ja,0.5389830508474577
full_klu_heatn_t=0.5_alpha_0.4,0.5577367739548649,0.5850996791563614,0.5857247362623526,False,ja,0.5389830508474577
full_klu_heatn_t=0.5_alpha_0.5,0.5567887532371438,0.5863087961737221,0.5869297545779593,False,ja,0.5389830508474577
full_klu_heatn_t=0.5_alpha_0.6,0.5556788753237143,0.5838536006583934,0.5827879665050557,False,ja,0.5389830508474577
full_klu_heatn_t=0.5_alpha_0.7,0.5530660377358491,0.5813943337718207,0.5803370361164034,False,ja,0.5389830508474577
full_klu_heatn_t=0.5_alpha_0.8,0.5506150573436921,0.5817701219590865,0.5807115504454072,False,ja,0.5389830508474577
full_klu_heatn_t=0.5_alpha_0.9,0.5397475027746947,0.5810938803906751,0.5817325164755329,False,ja,0.5389830508474577
full_klu_heatn_t=0.5_alpha_1.0,0.43317610062893086,0.4645355814658654,0.4638744151741972,False,ja,0.5389830508474577
full_klu_heat_t=0.6_alpha_0.0,0.5575749167591565,0.5863271846899961,0.5869480807602799,False,ja,0.5389830508474577
full_klu_heat_t=0.6_alpha_0.1,0.5603958564557899,0.5887516027323845,0.5893642804364229,False,ja,0.5389830508474577
full_klu_heat_t=0.6_alpha_0.2,0.5629855715871254,0.5907949184290769,0.5914006696392282,False,ja,0.5389830508474577
full_klu_heat_t=0.6_alpha_0.3,0.5658065112837588,0.5923102891560289,0.5929109035162583,False,ja,0.5389830508474577
full_klu_heat_t=0.6_alpha_0.4,0.568118756936737,0.5939114856713461,0.5945066722467779,False,ja,0.5389830508474577
full_klu_heat_t=0.6_alpha_0.5,0.5679800221975582,0.5945268344870314,0.5951199351342743,False,ja,0.5389830508474577
full_klu_heat_t=0.6_alpha_0.6,0.5692286348501665,0.5944581732056021,0.5950515066029516,False,ja,0.5389830508474577
full_klu_heat_t=0.6_alpha_0.7,0.5702922678505364,0.5944294557902157,0.595022886534736,False,ja,0.5389830508474577
full_klu_heat_t=0.6_alpha_0.8,0.5730669626341103,0.5950203418868654,0.5956117696276683,False,ja,0.5389830508474577
full_klu_heat_t=0.6_alpha_0.9,0.5745005549389567,0.5939082869496621,0.5945034843682184,False,ja,0.5389830508474577
full_klu_heat_t=0.6_alpha_1.0,0.571194043655198,0.6018818480491035,0.6024500164469836,False,ja,0.5389830508474577
full_klu_heatn_t=0.6_alpha_0.0,0.5575749167591565,0.5863271846899961,0.5869480807602799,False,ja,0.5389830508474577
full_klu_heatn_t=0.6_alpha_0.1,0.5569968553459119,0.5865415990322569,0.5871617682742618,False,ja,0.5389830508474577
full_klu_heatn_t=0.6_alpha_0.2,0.5569968553459119,0.5867937211710214,0.5874130357617084,False,ja,0.5389830508474577
full_klu_heatn_t=0.6_alpha_0.3,0.5573668146503885,0.5831664227439508,0.582103118007272,False,ja,0.5389830508474577
full_klu_heatn_t=0.6_alpha_0.4,0.5570431002589714,0.583041326693766,0.5819784460114947,False,ja,0.5389830508474577
full_klu_heatn_t=0.6_alpha_0.5,0.5558638549759527,0.5826274254537915,0.581565947826571,False,ja,0.5389830508474577
full_klu_heatn_t=0.6_alpha_0.6,0.554869589345172,0.5822827081487889,0.5812223990548057,False,ja,0.5389830508474577
full_klu_heatn_t=0.6_alpha_0.7,0.5522105068442471,0.581713048196468,0.5806546701531705,False,ja,0.5389830508474577
full_klu_heatn_t=0.6_alpha_0.8,0.5490196078431373,0.5810037006181417,0.5799477271429063,False,ja,0.5389830508474577
full_klu_heatn_t=0.6_alpha_0.9,0.5356548279689234,0.5753898522139418,0.5760478239875345,False,ja,0.5389830508474577
full_klu_heatn_t=0.6_alpha_1.0,0.43271365149833513,0.462540714717607,0.46188631068610225,False,ja,0.5389830508474577
full_klu_heat_t=0.7_alpha_0.0,0.5575749167591565,0.5863271846899961,0.5869480807602799,False,ja,0.5389830508474577
full_klu_heat_t=0.7_alpha_0.1,0.5602571217166112,0.5884761912935608,0.589089802595697,False,ja,0.5389830508474577
full_klu_heat_t=0.7_alpha_0.2,0.5619219385867554,0.590058070217254,0.5906663192179539,False,ja,0.5389830508474577
full_klu_heat_t=0.7_alpha_0.3,0.5642341842397337,0.5909080302586736,0.5915133980388939,False,ja,0.5389830508474577
full_klu_heat_t=0.7_alpha_0.4,0.5663614502404735,0.5920925272498915,0.5926938797860739,False,ja,0.5389830508474577
full_klu_heat_t=0.7_alpha_0.5,0.567471328153903,0.5932788539198396,0.5938761850096832,False,ja,0.5389830508474577
full_klu_heat_t=0.7_alpha_0.6,0.5671476137624861,0.5931702051490735,0.5937679045398351,False,ja,0.5389830508474577
full_klu_heat_t=0.7_alpha_0.7,0.5679337772844986,0.5943022334147705,0.5948960954215805,False,ja,0.5389830508474577
full_klu_heat_t=0.7_alpha_0.8,0.5690899001109877,0.5940906077151955,0.5946851870972583,False,ja,0.5389830508474577
full_klu_heat_t=0.7_alpha_0.9,0.5726507584165742,0.5940871199013862,0.5946817111065467,False,ja,0.5389830508474577
full_klu_heat_t=0.7_alpha_1.0,0.5659683684794673,0.5994424726157581,0.6000189100829039,False,ja,0.5389830508474577
full_klu_heatn_t=0.7_alpha_0.0,0.5575749167591565,0.5863271846899961,0.5869480807602799,False,ja,0.5389830508474577
full_klu_heatn_t=0.7_alpha_0.1,0.5566500184979652,0.5861433277310889,0.5867648470453012,False,ja,0.5389830508474577
full_klu_heatn_t=0.7_alpha_0.2,0.5569274879763226,0.5862597222686303,0.5868808470250882,False,ja,0.5389830508474577
full_klu_heatn_t=0.7_alpha_0.3,0.5567193858675545,0.5867861654852915,0.5874055056884726,False,ja,0.5389830508474577
full_klu_heatn_t=0.7_alpha_0.4,0.5563956714761376,0.58425935740768,0.5848872630619717,False,ja,0.5389830508474577
full_klu_heatn_t=0.7_alpha_0.5,0.5550545689974102,0.5839014476110045,0.5845305665188443,False,ja,0.5389830508474577
full_klu_heatn_t=0.7_alpha_0.6,0.5538522012578616,0.5833874279254485,0.5840182892729003,False,ja,0.5389830508474577
full_klu_heatn_t=0.7_alpha_0.7,0.5515168331483538,0.5817714140430768,0.5807128381494518,False,ja,0.5389830508474577
full_klu_heatn_t=0.7_alpha_0.8,0.5479097299297078,0.5860299211325479,0.5866518248759078,False,ja,0.5389830508474577
full_klu_heatn_t=0.7_alpha_0.9,0.5323483166851646,0.5721840041392743,0.5728528431944758,False,ja,0.5389830508474577
full_klu_heatn_t=0.7_alpha_1.0,0.432528671846097,0.4633811637645926,0.4627239107532677,False,ja,0.5389830508474577
full_klu_matern_kappa=1.0_nu=1.0_alpha_0.0,0.5575749167591565,0.5863271846899961,0.5869480807602799,False,ja,0.5389830508474577
full_klu_matern_kappa=1.0_nu=1.0_alpha_0.1,0.5571587125416204,0.5861092356866852,0.5867308705671497,False,ja,0.5389830508474577
full_klu_matern_kappa=1.0_nu=1.0_alpha_0.2,0.55826859045505,0.5867360209012799,0.5873555310861017,False,ja,0.5389830508474577
full_klu_matern_kappa=1.0_nu=1.0_alpha_0.3,0.5596559378468369,0.5890655134455386,0.5896771270454647,False,ja,0.5389830508474577
full_klu_matern_kappa=1.0_nu=1.0_alpha_0.4,0.5606502034776175,0.5898788777607216,0.5904877341934774,False,ja,0.5389830508474577
full_klu_matern_kappa=1.0_nu=1.0_alpha_0.5,0.5628930817610063,0.5916863651885257,0.5922890945452551,False,ja,0.5389830508474577
full_klu_matern_kappa=1.0_nu=1.0_alpha_0.6,0.5659683684794672,0.5931535517524458,0.5937513075953993,False,ja,0.5389830508474577
full_klu_matern_kappa=1.0_nu=1.0_alpha_0.7,0.567378838327784,0.594255307639226,0.5948493287164615,False,ja,0.5389830508474577
full_klu_matern_kappa=1.0_nu=1.0_alpha_0.8,0.571402145763966,0.5961157884304983,0.5967035027931873,False,ja,0.5389830508474577
full_klu_matern_kappa=1.0_nu=1.0_alpha_0.9,0.5721420643729189,0.594491298122937,0.5950845192324311,False,ja,0.5389830508474577
full_klu_matern_kappa=1.0_nu=1.0_alpha_1.0,0.5733444321124677,0.6013764131355108,0.6019462948720812,False,ja,0.5389830508474577
full_klu_maternn_kappa=1.0_nu=1.0_alpha_0.0,0.5575749167591565,0.5863271846899961,0.5869480807602799,False,ja,0.5389830508474577
full_klu_maternn_kappa=1.0_nu=1.0_alpha_0.1,0.5571587125416204,0.5865260690570133,0.587146290943002,False,ja,0.5389830508474577
full_klu_maternn_kappa=1.0_nu=1.0_alpha_0.2,0.5567887532371438,0.5859895990094915,0.5866116394380143,False,ja,0.5389830508474577
full_klu_maternn_kappa=1.0_nu=1.0_alpha_0.3,0.5568581206067333,0.5868294706400681,0.5874486640461145,False,ja,0.5389830508474577
full_klu_maternn_kappa=1.0_nu=1.0_alpha_0.4,0.5581298557158713,0.5877424255031467,0.5883585241469452,False,ja,0.5389830508474577
full_klu_maternn_kappa=1.0_nu=1.0_alpha_0.5,0.5575749167591565,0.5880750180918386,0.5886899893031331,False,ja,0.5389830508474577
full_klu_maternn_kappa=1.0_nu=1.0_alpha_0.6,0.556557528671846,0.5878713069612385,0.5884869687187384,False,ja,0.5389830508474577
full_klu_maternn_kappa=1.0_nu=1.0_alpha_0.7,0.5560488346281909,0.5829678765938044,0.5819052448949228,False,ja,0.5389830508474577
full_klu_maternn_kappa=1.0_nu=1.0_alpha_0.8,0.5526729559748428,0.5810015544060807,0.5799455882061405,False,ja,0.5389830508474577
full_klu_maternn_kappa=1.0_nu=1.0_alpha_0.9,0.5470773214946356,0.5860547617651279,0.5866765813029537,False,ja,0.5389830508474577
full_klu_maternn_kappa=1.0_nu=1.0_alpha_1.0,0.432829263780984,0.4671968837986172,0.46652669614310904,False,ja,0.5389830508474577
full_klu_matern_kappa=1.0_nu=2.0_alpha_0.0,0.5575749167591565,0.5863271846899961,0.5869480807602799,False,ja,0.5389830508474577
full_klu_matern_kappa=1.0_nu=2.0_alpha_0.1,0.5584998150203477,0.5871422114629657,0.5877603447306293,False,ja,0.5389830508474577
full_klu_matern_kappa=1.0_nu=2.0_alpha_0.2,0.560164631890492,0.5888465948566701,0.5894589505535077,False,ja,0.5389830508474577
full_klu_matern_kappa=1.0_nu=2.0_alpha_0.3,0.5625693673695893,0.5912548673406035,0.5918590594019023,False,ja,0.5389830508474577
full_klu_matern_kappa=1.0_nu=2.0_alpha_0.4,0.5647428782833888,0.592821512719022,0.5934203941180209,False,ja,0.5389830508474577
full_klu_matern_kappa=1.0_nu=2.0_alpha_0.5,0.5669857565667776,0.5938618223621793,0.5944571772878118,False,ja,0.5389830508474577
full_klu_matern_kappa=1.0_nu=2.0_alpha_0.6,0.5687661857195708,0.5944768787487392,0.595070148737468,False,ja,0.5389830508474577
full_klu_matern_kappa=1.0_nu=2.0_alpha_0.7,0.5712865334813171,0.5960972460822731,0.5966850233003798,False,ja,0.5389830508474577
full_klu_matern_kappa=1.0_nu=2.0_alpha_0.8,0.5704541250462449,0.5940828708214054,0.5946774764302268,False,ja,0.5389830508474577
full_klu_matern_kappa=1.0_nu=2.0_alpha_0.9,0.5747780244173141,0.5948501912608755,0.5954421957834615,False,ja,0.5389830508474577
full_klu_matern_kappa=1.0_nu=2.0_alpha_1.0,0.5735525342212355,0.5990844737493743,0.5996621247719994,False,ja,0.5389830508474577
full_klu_maternn_kappa=1.0_nu=2.0_alpha_0.0,0.5575749167591565,0.5863271846899961,0.5869480807602799,False,ja,0.5389830508474577
full_klu_maternn_kappa=1.0_nu=2.0_alpha_0.1,0.5569737328893822,0.5861193436516636,0.5867409442678401,False,ja,0.5389830508474577
full_klu_maternn_kappa=1.0_nu=2.0_alpha_0.2,0.5569968553459119,0.5866430789267867,0.5872629041691492,False,ja,0.5389830508474577
full_klu_maternn_kappa=1.0_nu=2.0_alpha_0.3,0.5570431002589715,0.5870607782337524,0.5876791875462607,False,ja,0.5389830508474577
full_klu_maternn_kappa=1.0_nu=2.0_alpha_0.4,0.5576211616722161,0.5869302417939155,0.5875490936028303,False,ja,0.5389830508474577
full_klu_maternn_kappa=1.0_nu=2.0_alpha_0.5,0.5570199778024416,0.5879617482022468,0.5885771033792687,False,ja,0.5389830508474577
full_klu_maternn_kappa=1.0_nu=2.0_alpha_0.6,0.5562338142804291,0.5875740304454118,0.5881906999199146,False,ja,0.5389830508474577
full_klu_maternn_kappa=1.0_nu=2.0_alpha_0.7,0.5548464668886423,0.5822543840889826,0.5811941710087614,False,ja,0.5389830508474577
full_klu_maternn_kappa=1.0_nu=2.0_alpha_0.8,0.5513549759526453,0.5812888711244559,0.5802319309695384,False,ja,0.5389830508474577
full_klu_maternn_kappa=1.0_nu=2.0_alpha_0.9,0.5440251572327044,0.5847771866335729,0.5854033369345564,False,ja,0.5389830508474577
full_klu_maternn_kappa=1.0_nu=2.0_alpha_1.0,0.4313956714761376,0.46692747912031685,0.4662582047010065,False,ja,0.5389830508474577
full_klu_matern_kappa=1.0_nu=3.0_alpha_0.0,0.5575749167591565,0.5863271846899961,0.5869480807602799,False,ja,0.5389830508474577
full_klu_matern_kappa=1.0_nu=3.0_alpha_0.1,0.5594709581945987,0.5881676076422504,0.5887822649906622,False,ja,0.5389830508474577
full_klu_matern_kappa=1.0_nu=3.0_alpha_0.2,0.5612745098039216,0.5899904451719877,0.5905989234101292,False,ja,0.5389830508474577
full_klu_matern_kappa=1.0_nu=3.0_alpha_0.3,0.5635867554568996,0.5918391234573582,0.5924413349894476,False,ja,0.5389830508474577
full_klu_matern_kappa=1.0_nu=3.0_alpha_0.4,0.56673140954495,0.5926207632926226,0.5932203251981516,False,ja,0.5389830508474577
full_klu_matern_kappa=1.0_nu=3.0_alpha_0.5,0.5683037365889752,0.5943047267767604,0.5948985803314959,False,ja,0.5389830508474577
full_klu_matern_kappa=1.0_nu=3.0_alpha_0.6,0.5699685534591195,0.5950848937227875,0.5956761026438077,False,ja,0.5389830508474577
full_klu_matern_kappa=1.0_nu=3.0_alpha_0.7,0.570546614872364,0.5943151422965443,0.5949089605444329,False,ja,0.5389830508474577
full_klu_matern_kappa=1.0_nu=3.0_alpha_0.8,0.5733444321124677,0.5957122913918333,0.596301373541094,False,ja,0.5389830508474577
full_klu_matern_kappa=1.0_nu=3.0_alpha_0.9,0.5727201257861636,0.594984490214709,0.595576039486604,False,ja,0.5389830508474577
full_klu_matern_kappa=1.0_nu=3.0_alpha_1.0,0.5742462079171291,0.6023303102051996,0.6028969583923809,False,ja,0.5389830508474577
full_klu_maternn_kappa=1.0_nu=3.0_alpha_0.0,0.5575749167591565,0.5863271846899961,0.5869480807602799,False,ja,0.5389830508474577
full_klu_maternn_kappa=1.0_nu=3.0_alpha_0.1,0.5569274879763226,0.5863137221086951,0.5869346638148478,False,ja,0.5389830508474577
full_klu_maternn_kappa=1.0_nu=3.0_alpha_0.2,0.556881243063263,0.5860863721773619,0.5867080845612479,False,ja,0.5389830508474577
full_klu_maternn_kappa=1.0_nu=3.0_alpha_0.3,0.5571818349981502,0.587126987052312,0.5877451719281472,False,ja,0.5389830508474577
full_klu_maternn_kappa=1.0_nu=3.0_alpha_0.4,0.5575055493895671,0.5871604118396836,0.5877784834111548,False,ja,0.5389830508474577
full_klu_maternn_kappa=1.0_nu=3.0_alpha_0.5,0.5570199778024416,0.58449133980217,0.5834235438212262,False,ja,0.5389830508474577
full_klu_maternn_kappa=1.0_nu=3.0_alpha_0.6,0.55614132445431,0.5842095860912271,0.5831427452076084,False,ja,0.5389830508474577
full_klu_maternn_kappa=1.0_nu=3.0_alpha_0.7,0.5541527931927488,0.5818254952268535,0.5807667360071819,False,ja,0.5389830508474577
full_klu_maternn_kappa=1.0_nu=3.0_alpha_0.8,0.5506844247132815,0.5815588785430684,0.5805010231087656,False,ja,0.5389830508474577
full_klu_maternn_kappa=1.0_nu=3.0_alpha_0.9,0.5421984831668516,0.5839107071997923,0.5845397947191955,False,ja,0.5389830508474577
full_klu_maternn_kappa=1.0_nu=3.0_alpha_1.0,0.43088697743248233,0.46579695029336154,0.46513150817515947,False,ja,0.5389830508474577
full_klu_matern_kappa=2.0_nu=1.0_alpha_0.0,0.5575749167591565,0.5863271846899961,0.5869480807602799,False,ja,0.5389830508474577
full_klu_matern_kappa=2.0_nu=1.0_alpha_0.1,0.5588235294117647,0.586842614352785,0.5874617632038729,False,ja,0.5389830508474577
full_klu_matern_kappa=2.0_nu=1.0_alpha_0.2,0.5597946725860156,0.588028902958843,0.5886440304926223,False,ja,0.5389830508474577
full_klu_matern_kappa=2.0_nu=1.0_alpha_0.3,0.5610895301516834,0.5897299436487764,0.5903393049429289,False,ja,0.5389830508474577
full_klu_matern_kappa=2.0_nu=1.0_alpha_0.4,0.5634017758046614,0.5917325916610842,0.5923351643179067,False,ja,0.5389830508474577
full_klu_matern_kappa=2.0_nu=1.0_alpha_0.5,0.5667776544580096,0.5933262218701323,0.593923392390653,False,ja,0.5389830508474577
full_klu_matern_kappa=2.0_nu=1.0_alpha_0.6,0.5683037365889752,0.5938651739379801,0.5944605175023385,False,ja,0.5389830508474577
full_klu_matern_kappa=2.0_nu=1.0_alpha_0.7,0.5697142064372919,0.5949764976825335,0.5955680740477579,False,ja,0.5389830508474577
full_klu_matern_kappa=2.0_nu=1.0_alpha_0.8,0.5705234924158342,0.5946923102750633,0.5952848499874316,False,ja,0.5389830508474577
full_klu_matern_kappa=2.0_nu=1.0_alpha_0.9,0.5726045135035146,0.594778460196594,0.5953707078753301,False,ja,0.5389830508474577
full_klu_matern_kappa=2.0_nu=1.0_alpha_1.0,0.5678875323714392,0.5993930629520942,0.5999696679096251,False,ja,0.5389830508474577
full_klu_maternn_kappa=2.0_nu=1.0_alpha_0.0,0.5575749167591565,0.5863271846899961,0.5869480807602799,False,ja,0.5389830508474577
full_klu_maternn_kappa=2.0_nu=1.0_alpha_0.1,0.5565806511283758,0.5858077217762693,0.586430378737786,False,ja,0.5389830508474577
full_klu_maternn_kappa=2.0_nu=1.0_alpha_0.2,0.5571124676285608,0.5869709812024744,0.5875896949116989,False,ja,0.5389830508474577
full_klu_maternn_kappa=2.0_nu=1.0_alpha_0.3,0.5564419163891972,0.5864526081335253,0.5870730790395938,False,ja,0.5389830508474577
full_klu_maternn_kappa=2.0_nu=1.0_alpha_0.4,0.555933222345542,0.5863343132725614,0.5869551851781585,False,ja,0.5389830508474577
full_klu_maternn_kappa=2.0_nu=1.0_alpha_0.5,0.5550314465408805,0.5863477724278843,0.5869685987092261,False,ja,0.5389830508474577
full_klu_maternn_kappa=2.0_nu=1.0_alpha_0.6,0.5540603033666296,0.586041600731836,0.586663464883334,False,ja,0.5389830508474577
full_klu_maternn_kappa=2.0_nu=1.0_alpha_0.7,0.5530197928227896,0.5869847204658398,0.5876033876012903,False,ja,0.5389830508474577
full_klu_maternn_kappa=2.0_nu=1.0_alpha_0.8,0.5514474657787644,0.586527966392894,0.5871481818472356,False,ja,0.5389830508474577
full_klu_maternn_kappa=2.0_nu=1.0_alpha_0.9,0.5452737698853127,0.5844002606399579,0.585027688656174,False,ja,0.5389830508474577
full_klu_maternn_kappa=2.0_nu=1.0_alpha_1.0,0.4442055123936367,0.48099789232467327,0.48197583684365314,False,ja,0.5389830508474577
full_klu_matern_kappa=2.0_nu=2.0_alpha_0.0,0.5575749167591565,0.5863271846899961,0.5869480807602799,False,ja,0.5389830508474577
full_klu_matern_kappa=2.0_nu=2.0_alpha_0.1,0.5587772844987051,0.586575117759781,0.5871951733789808,False,ja,0.5389830508474577
full_klu_matern_kappa=2.0_nu=2.0_alpha_0.2,0.5603496115427303,0.5889650519848533,0.5895770061321038,False,ja,0.5389830508474577
full_klu_matern_kappa=2.0_nu=2.0_alpha_0.3,0.5623381428042915,0.5900745588330688,0.5906827519401557,False,ja,0.5389830508474577
full_klu_matern_kappa=2.0_nu=2.0_alpha_0.4,0.5639567147613762,0.5914056708408859,0.5920093517038786,False,ja,0.5389830508474577
full_klu_matern_kappa=2.0_nu=2.0_alpha_0.5,0.5669626341102478,0.5933442173145829,0.5939413268335969,False,ja,0.5389830508474577
full_klu_matern_kappa=2.0_nu=2.0_alpha_0.6,0.5669163891971882,0.5925449648136146,0.5931447836631404,False,ja,0.5389830508474577
full_klu_matern_kappa=2.0_nu=2.0_alpha_0.7,0.5686274509803921,0.5939082023177794,0.5945034000232233,False,ja,0.5389830508474577
full_klu_matern_kappa=2.0_nu=2.0_alpha_0.8,0.568118756936737,0.59387430858854,0.5944696211879813,False,ja,0.5389830508474577
full_klu_matern_kappa=2.0_nu=2.0_alpha_0.9,0.5701997780244172,0.593962408006424,0.5945574219637708,False,ja,0.5389830508474577
full_klu_matern_kappa=2.0_nu=2.0_alpha_1.0,0.5638179800221975,0.5984865965324018,0.5990662742574572,False,ja,0.5389830508474577
full_klu_maternn_kappa=2.0_nu=2.0_alpha_0.0,0.5575749167591565,0.5863271846899961,0.5869480807602799,False,ja,0.5389830508474577
full_klu_maternn_kappa=2.0_nu=2.0_alpha_0.1,0.5565112837587866,0.5858763556324509,0.5864987799368281,False,ja,0.5389830508474577
full_klu_maternn_kappa=2.0_nu=2.0_alpha_0.2,0.55614132445431,0.5859577052579128,0.5865798538008479,False,ja,0.5389830508474577
full_klu_maternn_kappa=2.0_nu=2.0_alpha_0.3,0.555725120236774,0.5863922937768681,0.5870129691383829,False,ja,0.5389830508474577
full_klu_maternn_kappa=2.0_nu=2.0_alpha_0.4,0.5557019977802442,0.586811843254824,0.5874310964147186,False,ja,0.5389830508474577
full_klu_maternn_kappa=2.0_nu=2.0_alpha_0.5,0.5538522012578616,0.58539052786081,0.5860145990389896,False,ja,0.5389830508474577
full_klu_maternn_kappa=2.0_nu=2.0_alpha_0.6,0.5532047724750278,0.5863885956527659,0.5870092835502947,False,ja,0.5389830508474577
full_klu_maternn_kappa=2.0_nu=2.0_alpha_0.7,0.5517480577136515,0.5871298531006761,0.5877480282610932,False,ja,0.5389830508474577
full_klu_maternn_kappa=2.0_nu=2.0_alpha_0.8,0.5502913429522753,0.5892295048063074,0.5898405625033157,False,ja,0.5389830508474577
full_klu_maternn_kappa=2.0_nu=2.0_alpha_0.9,0.5414816870144283,0.5789182033716571,0.5795642146328506,False,ja,0.5389830508474577
full_klu_maternn_kappa=2.0_nu=2.0_alpha_1.0,0.4525295967443581,0.48846336978107346,0.48941600759681136,False,ja,0.5389830508474577
full_klu_matern_kappa=2.0_nu=3.0_alpha_0.0,0.5575749167591565,0.5863271846899961,0.5869480807602799,False,ja,0.5389830508474577
full_klu_matern_kappa=2.0_nu=3.0_alpha_0.1,0.5585460599334073,0.5869894257696887,0.5876080769549566,False,ja,0.5389830508474577
full_klu_matern_kappa=2.0_nu=3.0_alpha_0.2,0.5598871624121347,0.5884745675957932,0.5890881844019896,False,ja,0.5389830508474577
full_klu_matern_kappa=2.0_nu=3.0_alpha_0.3,0.5611820199778025,0.5895821061274236,0.5901919685657161,False,ja,0.5389830508474577
full_klu_matern_kappa=2.0_nu=3.0_alpha_0.4,0.5630780614132446,0.5908415004892258,0.5914470937940886,False,ja,0.5389830508474577
full_klu_matern_kappa=2.0_nu=3.0_alpha_0.5,0.5651128375878653,0.5917653786226211,0.5923678401372012,False,ja,0.5389830508474577
full_klu_matern_kappa=2.0_nu=3.0_alpha_0.6,0.5659914909359971,0.5922401201774443,0.5928409723986181,False,ja,0.5389830508474577
full_klu_matern_kappa=2.0_nu=3.0_alpha_0.7,0.5671013688494265,0.5930872581664786,0.5936852387334522,False,ja,0.5389830508474577
full_klu_matern_kappa=2.0_nu=3.0_alpha_0.8,0.564835368109508,0.5920934422259099,0.5926947916604789,False,ja,0.5389830508474577
full_klu_matern_kappa=2.0_nu=3.0_alpha_0.9,0.56566777654458,0.5926617054345017,0.5932611285531092,False,ja,0.5389830508474577
full_klu_matern_kappa=2.0_nu=3.0_alpha_1.0,0.5631705512393637,0.5988128189989783,0.5993913908851638,False,ja,0.5389830508474577
full_klu_maternn_kappa=2.0_nu=3.0_alpha_0.0,0.5575749167591565,0.5863271846899961,0.5869480807602799,False,ja,0.5389830508474577
full_klu_maternn_kappa=2.0_nu=3.0_alpha_0.1,0.5565112837587866,0.5856091389943191,0.5862324691178087,False,ja,0.5389830508474577
full_klu_maternn_kappa=2.0_nu=3.0_alpha_0.2,0.5558176100628931,0.5859903374560095,0.5866123753813238,False,ja,0.5389830508474577
full_klu_maternn_kappa=2.0_nu=3.0_alpha_0.3,0.5560488346281909,0.5863163710878233,0.5869373038143857,False,ja,0.5389830508474577
full_klu_maternn_kappa=2.0_nu=3.0_alpha_0.4,0.555401405845357,0.5862760900576317,0.5868971593300591,False,ja,0.5389830508474577
full_klu_maternn_kappa=2.0_nu=3.0_alpha_0.5,0.5538059563448021,0.5854109376994203,0.5860349396917061,False,ja,0.5389830508474577
full_klu_maternn_kappa=2.0_nu=3.0_alpha_0.6,0.5532047724750278,0.5867803986357373,0.587399758387561,False,ja,0.5389830508474577
full_klu_maternn_kappa=2.0_nu=3.0_alpha_0.7,0.5518867924528302,0.5872824976649644,0.5879001553861806,False,ja,0.5389830508474577
full_klu_maternn_kappa=2.0_nu=3.0_alpha_0.8,0.5494589345172031,0.5881978455960142,0.5888124004428877,False,ja,0.5389830508474577
full_klu_maternn_kappa=2.0_nu=3.0_alpha_0.9,0.5411579726230116,0.5777853110633266,0.5784351626374297,False,ja,0.5389830508474577
full_klu_maternn_kappa=2.0_nu=3.0_alpha_1.0,0.44517665556788755,0.48030243560470903,0.4795878223498583,False,ja,0.5389830508474577
full_klu_matern_kappa=3.0_nu=1.0_alpha_0.0,0.5575749167591565,0.5863271846899961,0.5869480807602799,False,ja,0.5389830508474577
full_klu_matern_kappa=3.0_nu=1.0_alpha_0.1,0.5584535701072881,0.5872083783431639,0.5878262873163184,False,ja,0.5389830508474577
full_klu_matern_kappa=3.0_nu=1.0_alpha_0.2,0.5596096929337773,0.5881089852464878,0.5887238413148852,False,ja,0.5389830508474577
full_klu_matern_kappa=3.0_nu=1.0_alpha_0.3,0.5609507954125046,0.589535938619643,0.590145957557962,False,ja,0.5389830508474577
full_klu_matern_kappa=3.0_nu=1.0_alpha_0.4,0.5629855715871254,0.5911489900347706,0.5917535410021908,False,ja,0.5389830508474577
full_klu_matern_kappa=3.0_nu=1.0_alpha_0.5,0.5660377358490566,0.5927291291120059,0.5933283236757745,False,ja,0.5389830508474577
full_klu_matern_kappa=3.0_nu=1.0_alpha_0.6,0.5678412874583795,0.5932817996865467,0.5938791207907405,False,ja,0.5389830508474577
full_klu_matern_kappa=3.0_nu=1.0_alpha_0.7,0.5683037365889753,0.5938983094118568,0.594493540652575,False,ja,0.5389830508474577
full_klu_matern_kappa=3.0_nu=1.0_alpha_0.8,0.5686274509803921,0.5937708695215014,0.5943665327618478,False,ja,0.5389830508474577
full_klu_matern_kappa=3.0_nu=1.0_alpha_0.9,0.5697373288938217,0.5935528961449279,0.5941492982780763,False,ja,0.5389830508474577
full_klu_matern_kappa=3.0_nu=1.0_alpha_1.0,0.565159082500925,0.5988824779757245,0.5994608137297854,False,ja,0.5389830508474577
full_klu_maternn_kappa=3.0_nu=1.0_alpha_0.0,0.5575749167591565,0.5863271846899961,0.5869480807602799,False,ja,0.5389830508474577
full_klu_maternn_kappa=3.0_nu=1.0_alpha_0.1,0.5565112837587866,0.585795177278658,0.5864178767638957,False,ja,0.5389830508474577
full_klu_maternn_kappa=3.0_nu=1.0_alpha_0.2,0.5561413244543101,0.5854563352435886,0.5860801833458941,False,ja,0.5389830508474577
full_klu_maternn_kappa=3.0_nu=1.0_alpha_0.3,0.5563725490196079,0.5863811067214291,0.5870018200051655,False,ja,0.5389830508474577
full_klu_maternn_kappa=3.0_nu=1.0_alpha_0.4,0.5562338142804292,0.5863772805675846,0.5869980068213343,False,ja,0.5389830508474577
full_klu_maternn_kappa=3.0_nu=1.0_alpha_0.5,0.5559100998890122,0.5861746485323194,0.5867960616743241,False,ja,0.5389830508474577
full_klu_maternn_kappa=3.0_nu=1.0_alpha_0.6,0.5550776914539399,0.5871064807518391,0.5877247351405575,False,ja,0.5389830508474577
full_klu_maternn_kappa=3.0_nu=1.0_alpha_0.7,0.5551470588235293,0.5881443160655316,0.5887590523684408,False,ja,0.5389830508474577
full_klu_maternn_kappa=3.0_nu=1.0_alpha_0.8,0.5543840177580466,0.5872009412768866,0.5878188754604352,False,ja,0.5389830508474577
full_klu_maternn_kappa=3.0_nu=1.0_alpha_0.9,0.557089345172031,0.5929460770613688,0.5935445362083598,False,ja,0.5389830508474577
full_klu_maternn_kappa=3.0_nu=1.0_alpha_1.0,0.5370884202737699,0.5741732980634959,0.5748353937494628,False,ja,0.5389830508474577
full_klu_matern_kappa=3.0_nu=2.0_alpha_0.0,0.5575749167591565,0.5863271846899961,0.5869480807602799,False,ja,0.5389830508474577
full_klu_matern_kappa=3.0_nu=2.0_alpha_0.1,0.5576211616722161,0.5858552578391305,0.5864777536614513,False,ja,0.5389830508474577
full_klu_matern_kappa=3.0_nu=2.0_alpha_0.2,0.5588235294117647,0.5872832131196051,0.5879008684155513,False,ja,0.5389830508474577
full_klu_matern_kappa=3.0_nu=2.0_alpha_0.3,0.5599334073251943,0.5880163535101627,0.5886315235844459,False,ja,0.5389830508474577
full_klu_matern_kappa=3.0_nu=2.0_alpha_0.4,0.5608120606733259,0.5885265498696304,0.589139990464729,False,ja,0.5389830508474577
full_klu_matern_kappa=3.0_nu=2.0_alpha_0.5,0.5625462449130596,0.5898715604273155,0.5904804416645913,False,ja,0.5389830508474577
full_klu_matern_kappa=3.0_nu=2.0_alpha_0.6,0.564187939326674,0.5901623886524134,0.5907702840312992,False,ja,0.5389830508474577
full_klu_matern_kappa=3.0_nu=2.0_alpha_0.7,0.5660377358490566,0.5908801769121035,0.5914856391104479,False,ja,0.5389830508474577
full_klu_matern_kappa=3.0_nu=2.0_alpha_0.8,0.5650665926748057,0.5912569575080642,0.5918611424840495,False,ja,0.5389830508474577
full_klu_matern_kappa=3.0_nu=2.0_alpha_0.9,0.5642341842397336,0.5921258667205616,0.5927271062415892,False,ja,0.5389830508474577
full_klu_matern_kappa=3.0_nu=2.0_alpha_1.0,0.5612745098039216,0.5983506074058366,0.5989307461109818,False,ja,0.5389830508474577
full_klu_maternn_kappa=3.0_nu=2.0_alpha_0.0,0.5575749167591565,0.5863271846899961,0.5869480807602799,False,ja,0.5389830508474577
full_klu_maternn_kappa=3.0_nu=2.0_alpha_0.1,0.5567425083240842,0.5863266687193853,0.586947566538722,False,ja,0.5389830508474577
full_klu_maternn_kappa=3.0_nu=2.0_alpha_0.2,0.5566037735849056,0.5864738339177586,0.5870942328720161,False,ja,0.5389830508474577
full_klu_maternn_kappa=3.0_nu=2.0_alpha_0.3,0.5565112837587866,0.587006020931281,0.5876246158617638,False,ja,0.5389830508474577
full_klu_maternn_kappa=3.0_nu=2.0_alpha_0.4,0.5564187939326674,0.5876355390954542,0.5882520000660585,False,ja,0.5389830508474577
full_klu_maternn_kappa=3.0_nu=2.0_alpha_0.5,0.5565344062153164,0.5878901657475923,0.5885057635770029,False,ja,0.5389830508474577
full_klu_maternn_kappa=3.0_nu=2.0_alpha_0.6,0.55720495745468,0.588367839006759,0.5889818176047826,False,ja,0.5389830508474577
full_klu_maternn_kappa=3.0_nu=2.0_alpha_0.7,0.5576211616722161,0.5900858364463013,0.5906939913241909,False,ja,0.5389830508474577
full_klu_maternn_kappa=3.0_nu=2.0_alpha_0.8,0.5606039585645579,0.5922809418613566,0.5928816557039409,False,ja,0.5389830508474577
full_klu_maternn_kappa=3.0_nu=2.0_alpha_0.9,0.5620144284128745,0.5924974348473729,0.5930974148154283,False,ja,0.5389830508474577
full_klu_maternn_kappa=3.0_nu=2.0_alpha_1.0,0.5728588605253423,0.6105042324520482,0.6110431724282234,False,ja,0.5389830508474577
full_klu_matern_kappa=3.0_nu=3.0_alpha_0.0,0.5575749167591565,0.5863271846899961,0.5869480807602799,False,ja,0.5389830508474577
full_klu_matern_kappa=3.0_nu=3.0_alpha_0.1,0.5572974472807991,0.5857714753431397,0.5863942551739213,False,ja,0.5389830508474577
full_klu_matern_kappa=3.0_nu=3.0_alpha_0.2,0.5580373658897522,0.5859417860634897,0.5865639885697955,False,ja,0.5389830508474577
full_klu_matern_kappa=3.0_nu=3.0_alpha_0.3,0.5586847946725861,0.5872462918448357,0.5878640722976455,False,ja,0.5389830508474577
full_klu_matern_kappa=3.0_nu=3.0_alpha_0.4,0.5592859785423604,0.5870976204895962,0.5877159049131018,False,ja,0.5389830508474577
full_klu_matern_kappa=3.0_nu=3.0_alpha_0.5,0.5598871624121347,0.58751206868712,0.5881289482014813,False,ja,0.5389830508474577
full_klu_matern_kappa=3.0_nu=3.0_alpha_0.6,0.5620606733259341,0.5888330438585451,0.5894454454909694,False,ja,0.5389830508474577
full_klu_matern_kappa=3.0_nu=3.0_alpha_0.7,0.5620144284128745,0.5889533695408958,0.5895653632896511,False,ja,0.5389830508474577
full_klu_matern_kappa=3.0_nu=3.0_alpha_0.8,0.562708102108768,0.5889630388761546,0.5895749998475024,False,ja,0.5389830508474577
full_klu_matern_kappa=3.0_nu=3.0_alpha_0.9,0.5605345911949685,0.5895501156588723,0.5901600865394312,False,ja,0.5389830508474577
full_klu_matern_kappa=3.0_nu=3.0_alpha_1.0,0.5550314465408805,0.5966093544947456,0.597195395752132,False,ja,0.5389830508474577
full_klu_maternn_kappa=3.0_nu=3.0_alpha_0.0,0.5575749167591565,0.5863271846899961,0.5869480807602799,False,ja,0.5389830508474577
full_klu_maternn_kappa=3.0_nu=3.0_alpha_0.1,0.556996855345912,0.5864884151494535,0.5871087646758069,False,ja,0.5389830508474577
full_klu_maternn_kappa=3.0_nu=3.0_alpha_0.2,0.5569274879763226,0.5867117895534555,0.5873313818784393,False,ja,0.5389830508474577
full_klu_maternn_kappa=3.0_nu=3.0_alpha_0.3,0.5569737328893821,0.5870968884058917,0.5877151753110369,False,ja,0.5389830508474577
full_klu_maternn_kappa=3.0_nu=3.0_alpha_0.4,0.5571818349981502,0.5877341859397871,0.5883503125143089,False,ja,0.5389830508474577
full_klu_maternn_kappa=3.0_nu=3.0_alpha_0.5,0.5572512023677395,0.5882228453088834,0.5888373154109675,False,ja,0.5389830508474577
full_klu_maternn_kappa=3.0_nu=3.0_alpha_0.6,0.5582223455419904,0.5888500551222484,0.589462399089372,False,ja,0.5389830508474577
full_klu_maternn_kappa=3.0_nu=3.0_alpha_0.7,0.5602108768035516,0.5907474538056687,0.5913533659128486,False,ja,0.5389830508474577
full_klu_maternn_kappa=3.0_nu=3.0_alpha_0.8,0.5631243063263041,0.5919796124815936,0.5925813477797024,False,ja,0.5389830508474577
full_klu_maternn_kappa=3.0_nu=3.0_alpha_0.9,0.5662689604143545,0.5945620380101506,0.5951550193234169,False,ja,0.5389830508474577
full_klu_maternn_kappa=3.0_nu=3.0_alpha_1.0,0.5677487976322605,0.6016095419982583,0.6021786334674971,False,ja,0.5389830508474577
deberta_full_klu_heat_t=0.1_alpha_0.0,0.5575749167591565,0.5863271846899961,0.5869480807602799,False,ja,0.5389830508474577
deberta_full_klu_heat_t=0.1_alpha_0.1,0.5567425083240843,0.5866096245914625,0.5872295632383515,False,ja,0.5389830508474577
deberta_full_klu_heat_t=0.1_alpha_0.2,0.5571124676285609,0.5872573863791941,0.5878751292234129,False,ja,0.5389830508474577
deberta_full_klu_heat_t=0.1_alpha_0.3,0.5574361820199778,0.5875352697156166,0.5881520705824237,False,ja,0.5389830508474577
deberta_full_klu_heat_t=0.1_alpha_0.4,0.5579911209766926,0.5873173737751416,0.5879349132722553,False,ja,0.5389830508474577
deberta_full_klu_heat_t=0.1_alpha_0.5,0.5582223455419905,0.5874846708166022,0.5881016432051008,False,ja,0.5389830508474577
deberta_full_klu_heat_t=0.1_alpha_0.6,0.5586385497595264,0.5879948629269318,0.5886101058506498,False,ja,0.5389830508474577
deberta_full_klu_heat_t=0.1_alpha_0.7,0.5585923048464669,0.5880589074331952,0.5886739332568919,False,ja,0.5389830508474577
deberta_full_klu_heat_t=0.1_alpha_0.8,0.5583148353681096,0.5875714932046505,0.5881881712799695,False,ja,0.5389830508474577
deberta_full_klu_heat_t=0.1_alpha_0.9,0.5578986311505735,0.5880173563505284,0.5886325230253527,False,ja,0.5389830508474577
deberta_full_klu_heat_t=0.1_alpha_1.0,0.5,0.5604658045006801,0.5611743662665208,False,ja,0.5389830508474577
deberta_full_klu_heatn_t=0.1_alpha_0.0,0.5575749167591565,0.5863271846899961,0.5869480807602799,False,ja,0.5389830508474577
deberta_full_klu_heatn_t=0.1_alpha_0.1,0.5570199778024417,0.586705092925715,0.587324707951132,False,ja,0.5389830508474577
deberta_full_klu_heatn_t=0.1_alpha_0.2,0.55720495745468,0.5865295516242569,0.5871497617049329,False,ja,0.5389830508474577
deberta_full_klu_heatn_t=0.1_alpha_0.3,0.5575286718460969,0.5868918430501623,0.5875108250243098,False,ja,0.5389830508474577
deberta_full_klu_heatn_t=0.1_alpha_0.4,0.5584073251942286,0.5898443733078957,0.5904533467048984,False,ja,0.5389830508474577
deberta_full_klu_heatn_t=0.1_alpha_0.5,0.5588235294117647,0.5902130533602828,0.5908207769943962,False,ja,0.5389830508474577
deberta_full_klu_heatn_t=0.1_alpha_0.6,0.5581761006289309,0.590301542251187,0.5909089659229584,False,ja,0.5389830508474577
deberta_full_klu_heatn_t=0.1_alpha_0.7,0.5581761006289309,0.5902811916794871,0.5908886843362473,False,ja,0.5389830508474577
deberta_full_klu_heatn_t=0.1_alpha_0.8,0.5590085090640029,0.587780816810086,0.588396785313861,False,ja,0.5389830508474577
deberta_full_klu_heatn_t=0.1_alpha_0.9,0.5584535701072882,0.5874263629481735,0.5880435329904636,False,ja,0.5389830508474577
deberta_full_klu_heatn_t=0.1_alpha_1.0,0.5,0.5604658045006801,0.5611743662665208,False,ja,0.5389830508474577
deberta_full_klu_heat_t=0.2_alpha_0.0,0.5575749167591565,0.5863271846899961,0.5869480807602799,False,ja,0.5389830508474577
deberta_full_klu_heat_t=0.2_alpha_0.1,0.5569274879763226,0.5865982382973346,0.587218215541831,False,ja,0.5389830508474577
deberta_full_klu_heat_t=0.2_alpha_0.2,0.5564650388457271,0.5865877408174325,0.5872077536466065,False,ja,0.5389830508474577
deberta_full_klu_heat_t=0.2_alpha_0.3,0.5569737328893821,0.5869622975837854,0.5875810407290055,False,ja,0.5389830508474577
deberta_full_klu_heat_t=0.2_alpha_0.4,0.5574824269330374,0.5872379854593084,0.5878557940693572,False,ja,0.5389830508474577
deberta_full_klu_heat_t=0.2_alpha_0.5,0.5582223455419905,0.5877514034148984,0.5883674716250978,False,ja,0.5389830508474577
deberta_full_klu_heat_t=0.2_alpha_0.6,0.5578986311505734,0.5879897090885138,0.5886049694828706,False,ja,0.5389830508474577
deberta_full_klu_heat_t=0.2_alpha_0.7,0.5584073251942286,0.5883300550696395,0.5889441617488058,False,ja,0.5389830508474577
deberta_full_klu_heat_t=0.2_alpha_0.8,0.5586385497595265,0.5876835815835172,0.5882998796982298,False,ja,0.5389830508474577
deberta_full_klu_heat_t=0.2_alpha_0.9,0.5579911209766926,0.5880809920260985,0.5886959429867685,False,ja,0.5389830508474577
deberta_full_klu_heat_t=0.2_alpha_1.0,0.5,0.5604658045006801,0.5611743662665208,False,ja,0.5389830508474577
deberta_full_klu_heatn_t=0.2_alpha_0.0,0.5575749167591565,0.5863271846899961,0.5869480807602799,False,ja,0.5389830508474577
deberta_full_klu_heatn_t=0.2_alpha_0.1,0.5569737328893822,0.5866846830129611,0.5873043672245231,False,ja,0.5389830508474577
deberta_full_klu_heatn_t=0.2_alpha_0.2,0.5573436921938587,0.5866121625476408,0.5872320925912886,False,ja,0.5389830508474577
deberta_full_klu_heatn_t=0.2_alpha_0.3,0.5577598964113948,0.5871083924597376,0.5877266403680901,False,ja,0.5389830508474577
deberta_full_klu_heatn_t=0.2_alpha_0.4,0.5582223455419904,0.589727341897879,0.590336712011526,False,ja,0.5389830508474577
deberta_full_klu_heatn_t=0.2_alpha_0.5,0.5585460599334073,0.5900562522031121,0.5906645073665717,False,ja,0.5389830508474577
deberta_full_klu_heatn_t=0.2_alpha_0.6,0.558361080281169,0.5903993761814327,0.5910064682127625,False,ja,0.5389830508474577
deberta_full_klu_heatn_t=0.2_alpha_0.7,0.5578523862375139,0.5901092683363296,0.5907173437840834,False,ja,0.5389830508474577
deberta_full_klu_heatn_t=0.2_alpha_0.8,0.5589160192378838,0.5877243847213762,0.5883405445203672,False,ja,0.5389830508474577
deberta_full_klu_heatn_t=0.2_alpha_0.9,0.5582223455419905,0.587398292698866,0.5880155578945435,False,ja,0.5389830508474577
deberta_full_klu_heatn_t=0.2_alpha_1.0,0.5,0.5604658045006801,0.5611743662665208,False,ja,0.5389830508474577
deberta_full_klu_heat_t=0.3_alpha_0.0,0.5575749167591565,0.5863271846899961,0.5869480807602799,False,ja,0.5389830508474577
deberta_full_klu_heat_t=0.3_alpha_0.1,0.556881243063263,0.5860676747126041,0.5866894504777266,False,ja,0.5389830508474577
deberta_full_klu_heat_t=0.3_alpha_0.2,0.5564650388457271,0.5859918285570758,0.5866138614278102,False,ja,0.5389830508474577
deberta_full_klu_heat_t=0.3_alpha_0.3,0.556788753237144,0.5861585651637018,0.5867800328256001,False,ja,0.5389830508474577
deberta_full_klu_heat_t=0.3_alpha_0.4,0.5563725490196079,0.5861221005605532,0.5867436918312758,False,ja,0.5389830508474577
deberta_full_klu_heat_t=0.3_alpha_0.5,0.5566037735849056,0.5867742246423757,0.5873936053229905,False,ja,0.5389830508474577
deberta_full_klu_heat_t=0.3_alpha_0.6,0.5569737328893822,0.5870146568839024,0.5876332225399696,False,ja,0.5389830508474577
deberta_full_klu_heat_t=0.3_alpha_0.7,0.5574361820199778,0.5873140704456619,0.5879316211405027,False,ja,0.5389830508474577
deberta_full_klu_heat_t=0.3_alpha_0.8,0.5578061413244544,0.5875838014164406,0.5882004377690078,False,ja,0.5389830508474577
deberta_full_klu_heat_t=0.3_alpha_0.9,0.5576674065852757,0.587034095245513,0.587652595008829,False,ja,0.5389830508474577
deberta_full_klu_heat_t=0.3_alpha_1.0,0.5,0.5604658045006801,0.5611743662665208,False,ja,0.5389830508474577
deberta_full_klu_heatn_t=0.3_alpha_0.0,0.5575749167591565,0.5863271846899961,0.5869480807602799,False,ja,0.5389830508474577
deberta_full_klu_heatn_t=0.3_alpha_0.1,0.5569737328893822,0.5866293072939708,0.5872491792198342,False,ja,0.5389830508474577
deberta_full_klu_heatn_t=0.3_alpha_0.2,0.5574361820199778,0.5873656457872247,0.5879830216503993,False,ja,0.5389830508474577
deberta_full_klu_heatn_t=0.3_alpha_0.3,0.5577598964113948,0.5870830575137768,0.587701391303302,False,ja,0.5389830508474577
deberta_full_klu_heatn_t=0.3_alpha_0.4,0.5579911209766926,0.5896141655700616,0.5902239193322775,False,ja,0.5389830508474577
deberta_full_klu_heatn_t=0.3_alpha_0.5,0.5585923048464669,0.5900521852979244,0.5906604542475032,False,ja,0.5389830508474577
deberta_full_klu_heatn_t=0.3_alpha_0.6,0.5586385497595265,0.59022659093297,0.5908342686770064,False,ja,0.5389830508474577
deberta_full_klu_heatn_t=0.3_alpha_0.7,0.5581761006289307,0.5903269059970968,0.5909342436900685,False,ja,0.5389830508474577
deberta_full_klu_heatn_t=0.3_alpha_0.8,0.5584535701072882,0.5874868767358575,0.588103841646664,False,ja,0.5389830508474577
deberta_full_klu_heatn_t=0.3_alpha_0.9,0.5582223455419905,0.5874252829320215,0.5880424566353831,False,ja,0.5389830508474577
deberta_full_klu_heatn_t=0.3_alpha_1.0,0.5,0.5604658045006801,0.5611743662665208,False,ja,0.5389830508474577
deberta_full_klu_heat_t=0.4_alpha_0.0,0.5575749167591565,0.5863271846899961,0.5869480807602799,False,ja,0.5389830508474577
deberta_full_klu_heat_t=0.4_alpha_0.1,0.5571124676285609,0.586053122751126,0.5866749478449313,False,ja,0.5389830508474577
deberta_full_klu_heat_t=0.4_alpha_0.2,0.5570662227155013,0.586259575481122,0.5868807007351647,False,ja,0.5389830508474577
deberta_full_klu_heat_t=0.4_alpha_0.3,0.5567425083240843,0.58612036188246,0.5867419590470067,False,ja,0.5389830508474577
deberta_full_klu_heat_t=0.4_alpha_0.4,0.5569737328893821,0.5862871275276291,0.586908159384904,False,ja,0.5389830508474577
deberta_full_klu_heat_t=0.4_alpha_0.5,0.5569737328893822,0.5864613875843381,0.5870818287295565,False,ja,0.5389830508474577
deberta_full_klu_heat_t=0.4_alpha_0.6,0.5567887532371439,0.5864500905619723,0.5870705700021815,False,ja,0.5389830508474577
deberta_full_klu_heat_t=0.4_alpha_0.7,0.5576211616722161,0.5868863097610479,0.5875053104921079,False,ja,0.5389830508474577
deberta_full_klu_heat_t=0.4_alpha_0.8,0.5571587125416204,0.5869613419570181,0.587580088341651,False,ja,0.5389830508474577
deberta_full_klu_heat_t=0.4_alpha_0.9,0.5576211616722161,0.587468350123514,0.588085377836396,False,ja,0.5389830508474577
deberta_full_klu_heat_t=0.4_alpha_1.0,0.5,0.5604658045006801,0.5611743662665208,False,ja,0.5389830508474577
deberta_full_klu_heatn_t=0.4_alpha_0.0,0.5575749167591565,0.5863271846899961,0.5869480807602799,False,ja,0.5389830508474577
deberta_full_klu_heatn_t=0.4_alpha_0.1,0.55720495745468,0.586849907157615,0.5874690312873304,False,ja,0.5389830508474577
deberta_full_klu_heatn_t=0.4_alpha_0.2,0.5574361820199778,0.5873829547075154,0.5880002718963839,False,ja,0.5389830508474577
deberta_full_klu_heatn_t=0.4_alpha_0.3,0.557528671846097,0.5869402557102424,0.587559073573678,False,ja,0.5389830508474577
deberta_full_klu_heatn_t=0.4_alpha_0.4,0.5580373658897522,0.5896578714705762,0.590267477077197,False,ja,0.5389830508474577
deberta_full_klu_heatn_t=0.4_alpha_0.5,0.5585923048464669,0.5900662667863683,0.5906744880020882,False,ja,0.5389830508474577
deberta_full_klu_heatn_t=0.4_alpha_0.6,0.5588235294117647,0.590310211684757,0.5909176059686179,False,ja,0.5389830508474577
deberta_full_klu_heatn_t=0.4_alpha_0.7,0.5581298557158713,0.5903275335400654,0.5909348691057728,False,ja,0.5389830508474577
deberta_full_klu_heatn_t=0.4_alpha_0.8,0.5583148353681096,0.5873743616045609,0.5879917079225919,False,ja,0.5389830508474577
deberta_full_klu_heatn_t=0.4_alpha_0.9,0.5580836108028118,0.5873498847599135,0.5879673140502992,False,ja,0.5389830508474577
deberta_full_klu_heatn_t=0.4_alpha_1.0,0.5,0.5604658045006801,0.5611743662665208,False,ja,0.5389830508474577
deberta_full_klu_heat_t=0.5_alpha_0.0,0.5575749167591565,0.5863271846899961,0.5869480807602799,False,ja,0.5389830508474577
deberta_full_klu_heat_t=0.5_alpha_0.1,0.5570662227155013,0.586134970382856,0.5867565180270623,False,ja,0.5389830508474577
deberta_full_klu_heat_t=0.5_alpha_0.2,0.5572974472807992,0.5862709409487998,0.5868920276758335,False,ja,0.5389830508474577
deberta_full_klu_heat_t=0.5_alpha_0.3,0.5570662227155013,0.5862462790083715,0.5868674493352032,False,ja,0.5389830508474577
deberta_full_klu_heat_t=0.5_alpha_0.4,0.556881243063263,0.5873816688551946,0.5879989904028845,False,ja,0.5389830508474577
deberta_full_klu_heat_t=0.5_alpha_0.5,0.55720495745468,0.58756342233921,0.5881801277733948,False,ja,0.5389830508474577
deberta_full_klu_heat_t=0.5_alpha_0.6,0.5572974472807991,0.5877249665306203,0.5883411243573767,False,ja,0.5389830508474577
deberta_full_klu_heat_t=0.5_alpha_0.7,0.5570662227155013,0.58649451624468,0.5871148450893547,False,ja,0.5389830508474577
deberta_full_klu_heat_t=0.5_alpha_0.8,0.55720495745468,0.5866762597728691,0.5872959725377872,False,ja,0.5389830508474577
deberta_full_klu_heat_t=0.5_alpha_0.9,0.5570662227155013,0.5868799352036703,0.5874989575433993,False,ja,0.5389830508474577
deberta_full_klu_heat_t=0.5_alpha_1.0,0.5,0.5604658045006801,0.5611743662665208,False,ja,0.5389830508474577
deberta_full_klu_heatn_t=0.5_alpha_0.0,0.5575749167591565,0.5863271846899961,0.5869480807602799,False,ja,0.5389830508474577
deberta_full_klu_heatn_t=0.5_alpha_0.1,0.55720495745468,0.5868778862400796,0.5874969155254479,False,ja,0.5389830508474577
deberta_full_klu_heatn_t=0.5_alpha_0.2,0.5572974472807991,0.5873883469310844,0.5880056458412289,False,ja,0.5389830508474577
deberta_full_klu_heatn_t=0.5_alpha_0.3,0.5573899371069182,0.5869240174072656,0.587542890315796,False,ja,0.5389830508474577
deberta_full_klu_heatn_t=0.5_alpha_0.4,0.5583148353681096,0.5876660006420648,0.5882823583531891,False,ja,0.5389830508474577
deberta_full_klu_heatn_t=0.5_alpha_0.5,0.5584998150203478,0.5899993003756403,0.5906077485961422,False,ja,0.5389830508474577
deberta_full_klu_heatn_t=0.5_alpha_0.6,0.558684794672586,0.5901711816576416,0.59077904722973,False,ja,0.5389830508474577
deberta_full_klu_heatn_t=0.5_alpha_0.7,0.5584073251942286,0.5900789820482197,0.5906871601613571,False,ja,0.5389830508474577
deberta_full_klu_heatn_t=0.5_alpha_0.8,0.5585460599334073,0.5875871838934331,0.5882038087799766,False,ja,0.5389830508474577
deberta_full_klu_heatn_t=0.5_alpha_0.9,0.5585923048464669,0.5876848015564953,0.5883010955357061,False,ja,0.5389830508474577
deberta_full_klu_heatn_t=0.5_alpha_1.0,0.5,0.5604658045006801,0.5611743662665208,False,ja,0.5389830508474577
deberta_full_klu_heat_t=0.6_alpha_0.0,0.5575749167591565,0.5863271846899961,0.5869480807602799,False,ja,0.5389830508474577
deberta_full_klu_heat_t=0.6_alpha_0.1,0.5570662227155013,0.586143449891689,0.5867649687917976,False,ja,0.5389830508474577
deberta_full_klu_heat_t=0.6_alpha_0.2,0.5573436921938587,0.586290317773296,0.5869113388161789,False,ja,0.5389830508474577
deberta_full_klu_heat_t=0.6_alpha_0.3,0.55720495745468,0.5873916690709708,0.5880089567196243,False,ja,0.5389830508474577
deberta_full_klu_heat_t=0.6_alpha_0.4,0.55720495745468,0.5885651855645634,0.5891784951912046,False,ja,0.5389830508474577
deberta_full_klu_heat_t=0.6_alpha_0.5,0.5571587125416204,0.5885736666121935,0.5891869474895208,False,ja,0.5389830508474577
deberta_full_klu_heat_t=0.6_alpha_0.6,0.5572512023677395,0.5886100763440139,0.5892232337985215,False,ja,0.5389830508474577
deberta_full_klu_heat_t=0.6_alpha_0.7,0.5572512023677396,0.5887093209609173,0.5893221419929947,False,ja,0.5389830508474577
deberta_full_klu_heat_t=0.6_alpha_0.8,0.5571587125416204,0.5877811082075182,0.5883970757235054,False,ja,0.5389830508474577
deberta_full_klu_heat_t=0.6_alpha_0.9,0.5569274879763226,0.5865560730789081,0.5871761932563483,False,ja,0.5389830508474577
deberta_full_klu_heat_t=0.6_alpha_1.0,0.5,0.5604658045006801,0.5611743662665208,False,ja,0.5389830508474577
deberta_full_klu_heatn_t=0.6_alpha_0.0,0.5575749167591565,0.5863271846899961,0.5869480807602799,False,ja,0.5389830508474577
deberta_full_klu_heatn_t=0.6_alpha_0.1,0.5570199778024418,0.5867861469656956,0.5874054872316551,False,ja,0.5389830508474577
deberta_full_klu_heatn_t=0.6_alpha_0.2,0.5573899371069182,0.5874508052963898,0.5880678924832622,False,ja,0.5389830508474577
deberta_full_klu_heatn_t=0.6_alpha_0.3,0.5575749167591565,0.5870077883283344,0.5876263772676408,False,ja,0.5389830508474577
deberta_full_klu_heatn_t=0.6_alpha_0.4,0.5581761006289309,0.5877022527551727,0.5883184875777779,False,ja,0.5389830508474577
deberta_full_klu_heatn_t=0.6_alpha_0.5,0.558361080281169,0.5898846575749979,0.590493494415163,False,ja,0.5389830508474577
deberta_full_klu_heatn_t=0.6_alpha_0.6,0.5588235294117647,0.5902663464429438,0.5908738894225397,False,ja,0.5389830508474577
deberta_full_klu_heatn_t=0.6_alpha_0.7,0.5584998150203477,0.5879668802981421,0.588582218078229,False,ja,0.5389830508474577
deberta_full_klu_heatn_t=0.6_alpha_0.8,0.5586847946725861,0.5877501346079392,0.5883662071191791,False,ja,0.5389830508474577
deberta_full_klu_heatn_t=0.6_alpha_0.9,0.5584073251942286,0.5875653337288668,0.5881820326837646,False,ja,0.5389830508474577
deberta_full_klu_heatn_t=0.6_alpha_1.0,0.5,0.5604658045006801,0.5611743662665208,False,ja,0.5389830508474577
deberta_full_klu_heat_t=0.7_alpha_0.0,0.5575749167591565,0.5863271846899961,0.5869480807602799,False,ja,0.5389830508474577
deberta_full_klu_heat_t=0.7_alpha_0.1,0.5571124676285608,0.5861565825578829,0.586778056940479,False,ja,0.5389830508474577
deberta_full_klu_heat_t=0.7_alpha_0.2,0.5574824269330374,0.5875644802193403,0.5881811820674907,False,ja,0.5389830508474577
deberta_full_klu_heat_t=0.7_alpha_0.3,0.5572974472807992,0.5873769966774337,0.5879943340630144,False,ja,0.5389830508474577
deberta_full_klu_heat_t=0.7_alpha_0.4,0.5573899371069182,0.5886464621645291,0.5892594962772721,False,ja,0.5389830508474577
deberta_full_klu_heat_t=0.7_alpha_0.5,0.5569274879763226,0.5884191542378672,0.5890329588859549,False,ja,0.5389830508474577
deberta_full_klu_heat_t=0.7_alpha_0.6,0.5571587125416204,0.5885124524811272,0.5891259408639835,False,ja,0.5389830508474577
deberta_full_klu_heat_t=0.7_alpha_0.7,0.5572974472807992,0.5886912778147992,0.5893041600100837,False,ja,0.5389830508474577
deberta_full_klu_heat_t=0.7_alpha_0.8,0.5569274879763226,0.5885790627505466,0.5891923253358795,False,ja,0.5389830508474577
deberta_full_klu_heat_t=0.7_alpha_0.9,0.5570199778024417,0.5877952571455187,0.5884111766990041,False,ja,0.5389830508474577
deberta_full_klu_heat_t=0.7_alpha_1.0,0.5,0.5604658045006801,0.5611743662665208,False,ja,0.5389830508474577
deberta_full_klu_heatn_t=0.7_alpha_0.0,0.5575749167591565,0.5863271846899961,0.5869480807602799,False,ja,0.5389830508474577
deberta_full_klu_heatn_t=0.7_alpha_0.1,0.5568349981502035,0.5866978090952706,0.5873174488116382,False,ja,0.5389830508474577
deberta_full_klu_heatn_t=0.7_alpha_0.2,0.5574361820199778,0.5874722930399552,0.5880893073870188,False,ja,0.5389830508474577
deberta_full_klu_heatn_t=0.7_alpha_0.3,0.5574824269330374,0.5869331925809732,0.5875520343872198,False,ja,0.5389830508474577
deberta_full_klu_heatn_t=0.7_alpha_0.4,0.5582223455419905,0.5873841434825586,0.5880014566416814,False,ja,0.5389830508474577
deberta_full_klu_heatn_t=0.7_alpha_0.5,0.5583148353681096,0.5876725008967363,0.5882888365730988,False,ja,0.5389830508474577
deberta_full_klu_heatn_t=0.7_alpha_0.6,0.5585923048464669,0.5879506930952674,0.5885660857472282,False,ja,0.5389830508474577
deberta_full_klu_heatn_t=0.7_alpha_0.7,0.5585923048464669,0.588047102238566,0.5886621680798717,False,ja,0.5389830508474577
deberta_full_klu_heatn_t=0.7_alpha_0.8,0.5583148353681096,0.5882628377367098,0.588877172271242,False,ja,0.5389830508474577
deberta_full_klu_heatn_t=0.7_alpha_0.9,0.5584998150203477,0.588284747653517,0.5888990079171449,False,ja,0.5389830508474577
deberta_full_klu_heatn_t=0.7_alpha_1.0,0.5,0.5604658045006801,0.5611743662665208,False,ja,0.5389830508474577
deberta_full_klu_matern_kappa=1.0_nu=1.0_alpha_0.0,0.5575749167591565,0.5863271846899961,0.5869480807602799,False,ja,0.5389830508474577
deberta_full_klu_matern_kappa=1.0_nu=1.0_alpha_0.1,0.5569737328893822,0.5866910686297998,0.5873107311952029,False,ja,0.5389830508474577
deberta_full_klu_matern_kappa=1.0_nu=1.0_alpha_0.2,0.5567425083240843,0.5867618266200568,0.587381249327866,False,ja,0.5389830508474577
deberta_full_klu_matern_kappa=1.0_nu=1.0_alpha_0.3,0.5569737328893822,0.5870421742307046,0.5876606466076301,False,ja,0.5389830508474577
deberta_full_klu_matern_kappa=1.0_nu=1.0_alpha_0.4,0.5578986311505735,0.5877880842713327,0.5884040281396461,False,ja,0.5389830508474577
deberta_full_klu_matern_kappa=1.0_nu=1.0_alpha_0.5,0.5581761006289307,0.5880111729167938,0.5886263605524106,False,ja,0.5389830508474577
deberta_full_klu_matern_kappa=1.0_nu=1.0_alpha_0.6,0.5583148353681096,0.5882602003706483,0.5888745438454046,False,ja,0.5389830508474577
deberta_full_klu_matern_kappa=1.0_nu=1.0_alpha_0.7,0.5587772844987051,0.5884645108906914,0.5890781617874136,False,ja,0.5389830508474577
deberta_full_klu_matern_kappa=1.0_nu=1.0_alpha_0.8,0.559008509064003,0.5887026431432519,0.5893154868119993,False,ja,0.5389830508474577
deberta_full_klu_matern_kappa=1.0_nu=1.0_alpha_0.9,0.558361080281169,0.5882394041986195,0.5888538181688742,False,ja,0.5389830508474577
deberta_full_klu_matern_kappa=1.0_nu=1.0_alpha_1.0,0.5,0.5604658045006801,0.5611743662665208,False,ja,0.5389830508474577
deberta_full_klu_maternn_kappa=1.0_nu=1.0_alpha_0.0,0.5575749167591565,0.5863271846899961,0.5869480807602799,False,ja,0.5389830508474577
deberta_full_klu_maternn_kappa=1.0_nu=1.0_alpha_0.1,0.55720495745468,0.586849907157615,0.5874690312873304,False,ja,0.5389830508474577
deberta_full_klu_maternn_kappa=1.0_nu=1.0_alpha_0.2,0.5574361820199778,0.5873829547075154,0.5880002718963839,False,ja,0.5389830508474577
deberta_full_klu_maternn_kappa=1.0_nu=1.0_alpha_0.3,0.5574824269330374,0.5868805827182386,0.587499602863003,False,ja,0.5389830508474577
deberta_full_klu_maternn_kappa=1.0_nu=1.0_alpha_0.4,0.5579911209766926,0.5896415187756521,0.590251179815137,False,ja,0.5389830508474577
deberta_full_klu_maternn_kappa=1.0_nu=1.0_alpha_0.5,0.5585923048464669,0.5900662667863683,0.5906744880020882,False,ja,0.5389830508474577
deberta_full_klu_maternn_kappa=1.0_nu=1.0_alpha_0.6,0.5588235294117647,0.590310211684757,0.5909176059686179,False,ja,0.5389830508474577
deberta_full_klu_maternn_kappa=1.0_nu=1.0_alpha_0.7,0.5581298557158713,0.5903275335400654,0.5909348691057728,False,ja,0.5389830508474577
deberta_full_klu_maternn_kappa=1.0_nu=1.0_alpha_0.8,0.55826859045505,0.5873592444465866,0.587976642009221,False,ja,0.5389830508474577
deberta_full_klu_maternn_kappa=1.0_nu=1.0_alpha_0.9,0.5580836108028118,0.5873498847599135,0.5879673140502992,False,ja,0.5389830508474577
deberta_full_klu_maternn_kappa=1.0_nu=1.0_alpha_1.0,0.5,0.5604658045006801,0.5611743662665208,False,ja,0.5389830508474577
deberta_full_klu_matern_kappa=1.0_nu=2.0_alpha_0.0,0.5575749167591565,0.5863271846899961,0.5869480807602799,False,ja,0.5389830508474577
deberta_full_klu_matern_kappa=1.0_nu=2.0_alpha_0.1,0.55720495745468,0.5868245688233341,0.5874437788457083,False,ja,0.5389830508474577
deberta_full_klu_matern_kappa=1.0_nu=2.0_alpha_0.2,0.5564187939326675,0.5865389597582884,0.5871591379469849,False,ja,0.5389830508474577
deberta_full_klu_matern_kappa=1.0_nu=2.0_alpha_0.3,0.5567425083240843,0.5868442682788068,0.5874634115233658,False,ja,0.5389830508474577
deberta_full_klu_matern_kappa=1.0_nu=2.0_alpha_0.4,0.5565575286718462,0.5868550879079231,0.5874741944757732,False,ja,0.5389830508474577
deberta_full_klu_matern_kappa=1.0_nu=2.0_alpha_0.5,0.5572512023677396,0.5871206548406994,0.5877388611816589,False,ja,0.5389830508474577
deberta_full_klu_matern_kappa=1.0_nu=2.0_alpha_0.6,0.5577598964113948,0.5876374233382153,0.5882538779215561,False,ja,0.5389830508474577
deberta_full_klu_matern_kappa=1.0_nu=2.0_alpha_0.7,0.5582223455419904,0.5879296425956698,0.5885451066052565,False,ja,0.5389830508474577
deberta_full_klu_matern_kappa=1.0_nu=2.0_alpha_0.8,0.557944876063633,0.587995039996216,0.5886102823196991,False,ja,0.5389830508474577
deberta_full_klu_matern_kappa=1.0_nu=2.0_alpha_0.9,0.5576674065852757,0.5871186779572093,0.5877368909994687,False,ja,0.5389830508474577
deberta_full_klu_matern_kappa=1.0_nu=2.0_alpha_1.0,0.5,0.5604658045006801,0.5611743662665208,False,ja,0.5389830508474577
deberta_full_klu_maternn_kappa=1.0_nu=2.0_alpha_0.0,0.5575749167591565,0.5863271846899961,0.5869480807602799,False,ja,0.5389830508474577
deberta_full_klu_maternn_kappa=1.0_nu=2.0_alpha_0.1,0.5571587125416204,0.586831921908401,0.587451107005063,False,ja,0.5389830508474577
deberta_full_klu_maternn_kappa=1.0_nu=2.0_alpha_0.2,0.5574361820199778,0.5873982518316561,0.5880155171658665,False,ja,0.5389830508474577
deberta_full_klu_maternn_kappa=1.0_nu=2.0_alpha_0.3,0.5575749167591565,0.5869769373450799,0.5875956308639907,False,ja,0.5389830508474577
deberta_full_klu_maternn_kappa=1.0_nu=2.0_alpha_0.4,0.5581298557158713,0.5897052672218809,0.5903147121649379,False,ja,0.5389830508474577
deberta_full_klu_maternn_kappa=1.0_nu=2.0_alpha_0.5,0.5584535701072881,0.5899839258428632,0.5905924261804255,False,ja,0.5389830508474577
deberta_full_klu_maternn_kappa=1.0_nu=2.0_alpha_0.6,0.5590547539770625,0.5904700426750948,0.5910768951589885,False,ja,0.5389830508474577
deberta_full_klu_maternn_kappa=1.0_nu=2.0_alpha_0.7,0.5584535701072882,0.590519976201526,0.5911266594192284,False,ja,0.5389830508474577
deberta_full_klu_maternn_kappa=1.0_nu=2.0_alpha_0.8,0.557944876063633,0.5872339058759497,0.5878517283150947,False,ja,0.5389830508474577
deberta_full_klu_maternn_kappa=1.0_nu=2.0_alpha_0.9,0.5584073251942286,0.5875394321320836,0.5881562188890044,False,ja,0.5389830508474577
deberta_full_klu_maternn_kappa=1.0_nu=2.0_alpha_1.0,0.5,0.5604658045006801,0.5611743662665208,False,ja,0.5389830508474577
deberta_full_klu_matern_kappa=1.0_nu=3.0_alpha_0.0,0.5575749167591565,0.5863271846899961,0.5869480807602799,False,ja,0.5389830508474577
deberta_full_klu_matern_kappa=1.0_nu=3.0_alpha_0.1,0.5569274879763226,0.586134248170896,0.5867557982632785,False,ja,0.5389830508474577
deberta_full_klu_matern_kappa=1.0_nu=3.0_alpha_0.2,0.5564187939326675,0.5859860839580084,0.5866081363019601,False,ja,0.5389830508474577
deberta_full_klu_matern_kappa=1.0_nu=3.0_alpha_0.3,0.5566037735849056,0.5860723988612103,0.5866941586122698,False,ja,0.5389830508474577
deberta_full_klu_matern_kappa=1.0_nu=3.0_alpha_0.4,0.5563725490196079,0.586523998712364,0.5871442276164703,False,ja,0.5389830508474577
deberta_full_klu_matern_kappa=1.0_nu=3.0_alpha_0.5,0.5566500184979652,0.5867857244072602,0.5874050661056212,False,ja,0.5389830508474577
deberta_full_klu_matern_kappa=1.0_nu=3.0_alpha_0.6,0.55720495745468,0.5871494488229723,0.5877675575572121,False,ja,0.5389830508474577
deberta_full_klu_matern_kappa=1.0_nu=3.0_alpha_0.7,0.5573899371069182,0.5873327078751069,0.5879501953922208,False,ja,0.5389830508474577
deberta_full_klu_matern_kappa=1.0_nu=3.0_alpha_0.8,0.5578061413244543,0.5876203119972905,0.5882368245851768,False,ja,0.5389830508474577
deberta_full_klu_matern_kappa=1.0_nu=3.0_alpha_0.9,0.5577136514983352,0.5870327424522729,0.5876512468013286,False,ja,0.5389830508474577
deberta_full_klu_matern_kappa=1.0_nu=3.0_alpha_1.0,0.5,0.5604658045006801,0.5611743662665208,False,ja,0.5389830508474577
deberta_full_klu_maternn_kappa=1.0_nu=3.0_alpha_0.0,0.5575749167591565,0.5863271846899961,0.5869480807602799,False,ja,0.5389830508474577
deberta_full_klu_maternn_kappa=1.0_nu=3.0_alpha_0.1,0.55720495745468,0.5868778862400796,0.5874969155254479,False,ja,0.5389830508474577
deberta_full_klu_maternn_kappa=1.0_nu=3.0_alpha_0.2,0.5573899371069182,0.587386759570743,0.5880040638617701,False,ja,0.5389830508474577
deberta_full_klu_maternn_kappa=1.0_nu=3.0_alpha_0.3,0.5574361820199778,0.5869379005115277,0.5875567263586878,False,ja,0.5389830508474577
deberta_full_klu_maternn_kappa=1.0_nu=3.0_alpha_0.4,0.5581761006289309,0.5897494407354421,0.5903587359377752,False,ja,0.5389830508474577
deberta_full_klu_maternn_kappa=1.0_nu=3.0_alpha_0.5,0.5584998150203477,0.5899999304582667,0.5906083765428952,False,ja,0.5389830508474577
deberta_full_klu_maternn_kappa=1.0_nu=3.0_alpha_0.6,0.5591009988901221,0.5904896264892561,0.5910964125873389,False,ja,0.5389830508474577
deberta_full_klu_maternn_kappa=1.0_nu=3.0_alpha_0.7,0.5583610802811692,0.590457733333713,0.5910646275441876,False,ja,0.5389830508474577
deberta_full_klu_maternn_kappa=1.0_nu=3.0_alpha_0.8,0.5582223455419904,0.5873638439145945,0.587981225885812,False,ja,0.5389830508474577
deberta_full_klu_maternn_kappa=1.0_nu=3.0_alpha_0.9,0.5583148353681096,0.5875033323860218,0.5881202415149632,False,ja,0.5389830508474577
deberta_full_klu_maternn_kappa=1.0_nu=3.0_alpha_1.0,0.5,0.5604658045006801,0.5611743662665208,False,ja,0.5389830508474577
deberta_full_klu_matern_kappa=2.0_nu=1.0_alpha_0.0,0.5575749167591565,0.5863271846899961,0.5869480807602799,False,ja,0.5389830508474577
deberta_full_klu_matern_kappa=2.0_nu=1.0_alpha_0.1,0.5570662227155013,0.586155679505406,0.586777156949197,False,ja,0.5389830508474577
deberta_full_klu_matern_kappa=2.0_nu=1.0_alpha_0.2,0.5566500184979652,0.5860945391973067,0.5867162238963793,False,ja,0.5389830508474577
deberta_full_klu_matern_kappa=2.0_nu=1.0_alpha_0.3,0.5566962634110248,0.586075878193938,0.5866976261506491,False,ja,0.5389830508474577
deberta_full_klu_matern_kappa=2.0_nu=1.0_alpha_0.4,0.5563725490196079,0.5860986546640067,0.5867203254123446,False,ja,0.5389830508474577
deberta_full_klu_matern_kappa=2.0_nu=1.0_alpha_0.5,0.556465038845727,0.5866750807899004,0.5872947975513708,False,ja,0.5389830508474577
deberta_full_klu_matern_kappa=2.0_nu=1.0_alpha_0.6,0.5570199778024418,0.5870300041625485,0.5876485177939423,False,ja,0.5389830508474577
deberta_full_klu_matern_kappa=2.0_nu=1.0_alpha_0.7,0.5573436921938587,0.5872879977114895,0.5879056367884802,False,ja,0.5389830508474577
deberta_full_klu_matern_kappa=2.0_nu=1.0_alpha_0.8,0.5578986311505734,0.587621256443861,0.5882377658302335,False,ja,0.5389830508474577
deberta_full_klu_matern_kappa=2.0_nu=1.0_alpha_0.9,0.5576674065852757,0.5869895325117261,0.5876081833351567,False,ja,0.5389830508474577
deberta_full_klu_matern_kappa=2.0_nu=1.0_alpha_1.0,0.5,0.5604658045006801,0.5611743662665208,False,ja,0.5389830508474577
deberta_full_klu_maternn_kappa=2.0_nu=1.0_alpha_0.0,0.5575749167591565,0.5863271846899961,0.5869480807602799,False,ja,0.5389830508474577
deberta_full_klu_maternn_kappa=2.0_nu=1.0_alpha_0.1,0.5566962634110248,0.5866536660114908,0.5872734553654306,False,ja,0.5389830508474577
deberta_full_klu_maternn_kappa=2.0_nu=1.0_alpha_0.2,0.55720495745468,0.5868528173205043,0.587471931585261,False,ja,0.5389830508474577
deberta_full_klu_maternn_kappa=2.0_nu=1.0_alpha_0.3,0.5573436921938587,0.587453554664886,0.5880706325318652,False,ja,0.5389830508474577
deberta_full_klu_maternn_kappa=2.0_nu=1.0_alpha_0.4,0.5579911209766926,0.5872963329234576,0.5879139437454923,False,ja,0.5389830508474577
deberta_full_klu_maternn_kappa=2.0_nu=1.0_alpha_0.5,0.5579448760636331,0.5873264040031814,0.5879439128893529,False,ja,0.5389830508474577
deberta_full_klu_maternn_kappa=2.0_nu=1.0_alpha_0.6,0.5582223455419905,0.5879341359918057,0.5885495847695411,False,ja,0.5389830508474577
deberta_full_klu_maternn_kappa=2.0_nu=1.0_alpha_0.7,0.5588235294117647,0.5882265486723675,0.5888410062206771,False,ja,0.5389830508474577
deberta_full_klu_maternn_kappa=2.0_nu=1.0_alpha_0.8,0.5584998150203477,0.5877454243196687,0.5883615127979877,False,ja,0.5389830508474577
deberta_full_klu_maternn_kappa=2.0_nu=1.0_alpha_0.9,0.5584535701072881,0.5883414210274631,0.588955489177959,False,ja,0.5389830508474577
deberta_full_klu_maternn_kappa=2.0_nu=1.0_alpha_1.0,0.5,0.5604658045006801,0.5611743662665208,False,ja,0.5389830508474577
deberta_full_klu_matern_kappa=2.0_nu=2.0_alpha_0.0,0.5575749167591565,0.5863271846899961,0.5869480807602799,False,ja,0.5389830508474577
deberta_full_klu_matern_kappa=2.0_nu=2.0_alpha_0.1,0.5570662227155013,0.5861368067817512,0.5867583482008766,False,ja,0.5389830508474577
deberta_full_klu_matern_kappa=2.0_nu=2.0_alpha_0.2,0.5573436921938587,0.5863109274209382,0.5869318786006087,False,ja,0.5389830508474577
deberta_full_klu_matern_kappa=2.0_nu=2.0_alpha_0.3,0.5569274879763226,0.5862147738340344,0.5868360509580673,False,ja,0.5389830508474577
deberta_full_klu_matern_kappa=2.0_nu=2.0_alpha_0.4,0.5568349981502035,0.5873637669575934,0.587981149189682,False,ja,0.5389830508474577
deberta_full_klu_matern_kappa=2.0_nu=2.0_alpha_0.5,0.5572512023677395,0.5875185730717388,0.5881354305373387,False,ja,0.5389830508474577
deberta_full_klu_matern_kappa=2.0_nu=2.0_alpha_0.6,0.5572974472807991,0.58652385869482,0.5871440880735623,False,ja,0.5389830508474577
deberta_full_klu_matern_kappa=2.0_nu=2.0_alpha_0.7,0.5569274879763226,0.5864832433259184,0.5871036103838772,False,ja,0.5389830508474577
deberta_full_klu_matern_kappa=2.0_nu=2.0_alpha_0.8,0.5571587125416204,0.5866659307928459,0.5872856785712558,False,ja,0.5389830508474577
deberta_full_klu_matern_kappa=2.0_nu=2.0_alpha_0.9,0.5570199778024418,0.5870117237169827,0.5876302993159888,False,ja,0.5389830508474577
deberta_full_klu_matern_kappa=2.0_nu=2.0_alpha_1.0,0.5,0.5604658045006801,0.5611743662665208,False,ja,0.5389830508474577
deberta_full_klu_maternn_kappa=2.0_nu=2.0_alpha_0.0,0.5575749167591565,0.5863271846899961,0.5869480807602799,False,ja,0.5389830508474577
deberta_full_klu_maternn_kappa=2.0_nu=2.0_alpha_0.1,0.5567425083240843,0.5866508627907209,0.587270661647104,False,ja,0.5389830508474577
deberta_full_klu_maternn_kappa=2.0_nu=2.0_alpha_0.2,0.5570662227155014,0.5869376984875757,0.5875565250195627,False,ja,0.5389830508474577
deberta_full_klu_maternn_kappa=2.0_nu=2.0_alpha_0.3,0.5573899371069182,0.5874475460002442,0.588064644235578,False,ja,0.5389830508474577
deberta_full_klu_maternn_kappa=2.0_nu=2.0_alpha_0.4,0.5580373658897522,0.5879094921498378,0.5885250244660204,False,ja,0.5389830508474577
deberta_full_klu_maternn_kappa=2.0_nu=2.0_alpha_0.5,0.557944876063633,0.5879573354960106,0.5885727056313588,False,ja,0.5389830508474577
deberta_full_klu_maternn_kappa=2.0_nu=2.0_alpha_0.6,0.5583610802811692,0.5876888352876776,0.5883051155932234,False,ja,0.5389830508474577
deberta_full_klu_maternn_kappa=2.0_nu=2.0_alpha_0.7,0.5585923048464669,0.5878531071296665,0.5884688305815108,False,ja,0.5389830508474577
deberta_full_klu_maternn_kappa=2.0_nu=2.0_alpha_0.8,0.5588697743248243,0.5880231935002209,0.5886383403880971,False,ja,0.5389830508474577
deberta_full_klu_maternn_kappa=2.0_nu=2.0_alpha_0.9,0.5583610802811692,0.5883263651238467,0.588940484311304,False,ja,0.5389830508474577
deberta_full_klu_maternn_kappa=2.0_nu=2.0_alpha_1.0,0.5,0.5604658045006801,0.5611743662665208,False,ja,0.5389830508474577
deberta_full_klu_matern_kappa=2.0_nu=3.0_alpha_0.0,0.5575749167591565,0.5863271846899961,0.5869480807602799,False,ja,0.5389830508474577
deberta_full_klu_matern_kappa=2.0_nu=3.0_alpha_0.1,0.5570662227155013,0.586143449891689,0.5867649687917976,False,ja,0.5389830508474577
deberta_full_klu_matern_kappa=2.0_nu=3.0_alpha_0.2,0.5573436921938587,0.586290317773296,0.5869113388161789,False,ja,0.5389830508474577
deberta_full_klu_matern_kappa=2.0_nu=3.0_alpha_0.3,0.5571587125416204,0.5873798587913035,0.5879971864748031,False,ja,0.5389830508474577
deberta_full_klu_matern_kappa=2.0_nu=3.0_alpha_0.4,0.55720495745468,0.5885651855645634,0.5891784951912046,False,ja,0.5389830508474577
deberta_full_klu_matern_kappa=2.0_nu=3.0_alpha_0.5,0.5570662227155013,0.5885085710718025,0.5891220726119786,False,ja,0.5389830508474577
deberta_full_klu_matern_kappa=2.0_nu=3.0_alpha_0.6,0.5573436921938588,0.5886369373820559,0.5892500037821974,False,ja,0.5389830508474577
deberta_full_klu_matern_kappa=2.0_nu=3.0_alpha_0.7,0.55720495745468,0.588706957819868,0.5893197868625931,False,ja,0.5389830508474577
deberta_full_klu_matern_kappa=2.0_nu=3.0_alpha_0.8,0.5571124676285609,0.5877370513443805,0.5883531682056664,False,ja,0.5389830508474577
deberta_full_klu_matern_kappa=2.0_nu=3.0_alpha_0.9,0.5567425083240843,0.5864047557734493,0.5870253888909079,False,ja,0.5389830508474577
deberta_full_klu_matern_kappa=2.0_nu=3.0_alpha_1.0,0.5,0.5604658045006801,0.5611743662665208,False,ja,0.5389830508474577
deberta_full_klu_maternn_kappa=2.0_nu=3.0_alpha_0.0,0.5575749167591565,0.5863271846899961,0.5869480807602799,False,ja,0.5389830508474577
deberta_full_klu_maternn_kappa=2.0_nu=3.0_alpha_0.1,0.5570199778024418,0.5867516913250471,0.5873711483897883,False,ja,0.5389830508474577
deberta_full_klu_maternn_kappa=2.0_nu=3.0_alpha_0.2,0.5569274879763226,0.5868521298725948,0.5874712464676833,False,ja,0.5389830508474577
deberta_full_klu_maternn_kappa=2.0_nu=3.0_alpha_0.3,0.5568349981502034,0.586860769560807,0.5874798568688169,False,ja,0.5389830508474577
deberta_full_klu_maternn_kappa=2.0_nu=3.0_alpha_0.4,0.5578061413244544,0.5877003254071562,0.5883165667631446,False,ja,0.5389830508474577
deberta_full_klu_maternn_kappa=2.0_nu=3.0_alpha_0.5,0.5582223455419904,0.588131207937442,0.5887459886746836,False,ja,0.5389830508474577
deberta_full_klu_maternn_kappa=2.0_nu=3.0_alpha_0.6,0.5582223455419905,0.5881776297461181,0.5887922531212965,False,ja,0.5389830508474577
deberta_full_klu_maternn_kappa=2.0_nu=3.0_alpha_0.7,0.5587772844987051,0.5878829328954811,0.5884985552430346,False,ja,0.5389830508474577
deberta_full_klu_maternn_kappa=2.0_nu=3.0_alpha_0.8,0.558684794672586,0.5878620228251155,0.5884777160542634,False,ja,0.5389830508474577
deberta_full_klu_maternn_kappa=2.0_nu=3.0_alpha_0.9,0.5584998150203477,0.5883811007558201,0.5889950343987622,False,ja,0.5389830508474577
deberta_full_klu_maternn_kappa=2.0_nu=3.0_alpha_1.0,0.5,0.5604658045006801,0.5611743662665208,False,ja,0.5389830508474577
deberta_full_klu_matern_kappa=3.0_nu=1.0_alpha_0.0,0.5575749167591565,0.5863271846899961,0.5869480807602799,False,ja,0.5389830508474577
deberta_full_klu_matern_kappa=3.0_nu=1.0_alpha_0.1,0.55720495745468,0.5861307424522441,0.5867523044284186,False,ja,0.5389830508474577
deberta_full_klu_matern_kappa=3.0_nu=1.0_alpha_0.2,0.5571587125416204,0.5862806624259373,0.5869017161988112,False,ja,0.5389830508474577
deberta_full_klu_matern_kappa=3.0_nu=1.0_alpha_0.3,0.556881243063263,0.5861983612302264,0.5868196939902044,False,ja,0.5389830508474577
deberta_full_klu_matern_kappa=3.0_nu=1.0_alpha_0.4,0.5566962634110248,0.5861522500527059,0.5867737391217603,False,ja,0.5389830508474577
deberta_full_klu_matern_kappa=3.0_nu=1.0_alpha_0.5,0.5568349981502034,0.5864156538356836,0.5870362500105584,False,ja,0.5389830508474577
deberta_full_klu_matern_kappa=3.0_nu=1.0_alpha_0.6,0.5568812430632631,0.5865164576662643,0.5871367121332388,False,ja,0.5389830508474577
deberta_full_klu_matern_kappa=3.0_nu=1.0_alpha_0.7,0.5574361820199778,0.5867983205978182,0.587417619597228,False,ja,0.5389830508474577
deberta_full_klu_matern_kappa=3.0_nu=1.0_alpha_0.8,0.5570199778024417,0.5870045507053221,0.5876231506196218,False,ja,0.5389830508474577
deberta_full_klu_matern_kappa=3.0_nu=1.0_alpha_0.9,0.557852386237514,0.5871905997948688,0.5878085690342885,False,ja,0.5389830508474577
deberta_full_klu_matern_kappa=3.0_nu=1.0_alpha_1.0,0.5,0.5604658045006801,0.5611743662665208,False,ja,0.5389830508474577
deberta_full_klu_maternn_kappa=3.0_nu=1.0_alpha_0.0,0.5575749167591565,0.5863271846899961,0.5869480807602799,False,ja,0.5389830508474577
deberta_full_klu_maternn_kappa=3.0_nu=1.0_alpha_0.1,0.5569737328893822,0.5866910686297998,0.5873107311952029,False,ja,0.5389830508474577
deberta_full_klu_maternn_kappa=3.0_nu=1.0_alpha_0.2,0.5567425083240843,0.5867618266200568,0.587381249327866,False,ja,0.5389830508474577
deberta_full_klu_maternn_kappa=3.0_nu=1.0_alpha_0.3,0.5569737328893822,0.5870421742307046,0.5876606466076301,False,ja,0.5389830508474577
deberta_full_klu_maternn_kappa=3.0_nu=1.0_alpha_0.4,0.5578986311505735,0.5877880842713327,0.5884040281396461,False,ja,0.5389830508474577
deberta_full_klu_maternn_kappa=3.0_nu=1.0_alpha_0.5,0.5581761006289307,0.5880111729167938,0.5886263605524106,False,ja,0.5389830508474577
deberta_full_klu_maternn_kappa=3.0_nu=1.0_alpha_0.6,0.5583148353681096,0.5882602003706483,0.5888745438454046,False,ja,0.5389830508474577
deberta_full_klu_maternn_kappa=3.0_nu=1.0_alpha_0.7,0.5587772844987051,0.5884645108906914,0.5890781617874136,False,ja,0.5389830508474577
deberta_full_klu_maternn_kappa=3.0_nu=1.0_alpha_0.8,0.559008509064003,0.5887026431432519,0.5893154868119993,False,ja,0.5389830508474577
deberta_full_klu_maternn_kappa=3.0_nu=1.0_alpha_0.9,0.558361080281169,0.5882394041986195,0.5888538181688742,False,ja,0.5389830508474577
deberta_full_klu_maternn_kappa=3.0_nu=1.0_alpha_1.0,0.5,0.5604658045006801,0.5611743662665208,False,ja,0.5389830508474577
deberta_full_klu_matern_kappa=3.0_nu=2.0_alpha_0.0,0.5575749167591565,0.5863271846899961,0.5869480807602799,False,ja,0.5389830508474577
deberta_full_klu_matern_kappa=3.0_nu=2.0_alpha_0.1,0.5570662227155013,0.586143449891689,0.5867649687917976,False,ja,0.5389830508474577
deberta_full_klu_matern_kappa=3.0_nu=2.0_alpha_0.2,0.5573436921938587,0.5862797203139734,0.586900777280447,False,ja,0.5389830508474577
deberta_full_klu_matern_kappa=3.0_nu=2.0_alpha_0.3,0.5571124676285608,0.5873083801860366,0.5879259501698934,False,ja,0.5389830508474577
deberta_full_klu_matern_kappa=3.0_nu=2.0_alpha_0.4,0.5572974472807991,0.5886329818291198,0.5892460616379152,False,ja,0.5389830508474577
deberta_full_klu_matern_kappa=3.0_nu=2.0_alpha_0.5,0.5570662227155013,0.5884878572314358,0.5891014289880199,False,ja,0.5389830508474577
deberta_full_klu_matern_kappa=3.0_nu=2.0_alpha_0.6,0.55720495745468,0.588565292474073,0.5891786017383089,False,ja,0.5389830508474577
deberta_full_klu_matern_kappa=3.0_nu=2.0_alpha_0.7,0.5572512023677396,0.5886992152796204,0.5893120705682446,False,ja,0.5389830508474577
deberta_full_klu_matern_kappa=3.0_nu=2.0_alpha_0.8,0.5570199778024417,0.5876876922394754,0.5883039764197611,False,ja,0.5389830508474577
deberta_full_klu_matern_kappa=3.0_nu=2.0_alpha_0.9,0.5567425083240843,0.5864605894977069,0.5870810333483036,False,ja,0.5389830508474577
deberta_full_klu_matern_kappa=3.0_nu=2.0_alpha_1.0,0.5,0.5604658045006801,0.5611743662665208,False,ja,0.5389830508474577
deberta_full_klu_maternn_kappa=3.0_nu=2.0_alpha_0.0,0.5575749167591565,0.5863271846899961,0.5869480807602799,False,ja,0.5389830508474577
deberta_full_klu_maternn_kappa=3.0_nu=2.0_alpha_0.1,0.55720495745468,0.5868245688233341,0.5874437788457083,False,ja,0.5389830508474577
deberta_full_klu_maternn_kappa=3.0_nu=2.0_alpha_0.2,0.5564187939326675,0.5865389597582884,0.5871591379469849,False,ja,0.5389830508474577
deberta_full_klu_maternn_kappa=3.0_nu=2.0_alpha_0.3,0.5567425083240843,0.5868442682788068,0.5874634115233658,False,ja,0.5389830508474577
deberta_full_klu_maternn_kappa=3.0_nu=2.0_alpha_0.4,0.5565575286718462,0.5868550879079231,0.5874741944757732,False,ja,0.5389830508474577
deberta_full_klu_maternn_kappa=3.0_nu=2.0_alpha_0.5,0.5572512023677396,0.5871206548406994,0.5877388611816589,False,ja,0.5389830508474577
deberta_full_klu_maternn_kappa=3.0_nu=2.0_alpha_0.6,0.5577598964113948,0.5876374233382153,0.5882538779215561,False,ja,0.5389830508474577
deberta_full_klu_maternn_kappa=3.0_nu=2.0_alpha_0.7,0.5582223455419904,0.5879296425956698,0.5885451066052565,False,ja,0.5389830508474577
deberta_full_klu_maternn_kappa=3.0_nu=2.0_alpha_0.8,0.557944876063633,0.587995039996216,0.5886102823196991,False,ja,0.5389830508474577
deberta_full_klu_maternn_kappa=3.0_nu=2.0_alpha_0.9,0.5576674065852757,0.5871186779572093,0.5877368909994687,False,ja,0.5389830508474577
deberta_full_klu_maternn_kappa=3.0_nu=2.0_alpha_1.0,0.5,0.5604658045006801,0.5611743662665208,False,ja,0.5389830508474577
deberta_full_klu_matern_kappa=3.0_nu=3.0_alpha_0.0,0.5575749167591565,0.5863271846899961,0.5869480807602799,False,ja,0.5389830508474577
deberta_full_klu_matern_kappa=3.0_nu=3.0_alpha_0.1,0.5570662227155013,0.5861059474907457,0.5867275935176374,False,ja,0.5389830508474577
deberta_full_klu_matern_kappa=3.0_nu=3.0_alpha_0.2,0.5574824269330374,0.5875841969479664,0.5882008319597486,False,ja,0.5389830508474577
deberta_full_klu_matern_kappa=3.0_nu=3.0_alpha_0.3,0.5572974472807991,0.588496865684441,0.5891104069038963,False,ja,0.5389830508474577
deberta_full_klu_matern_kappa=3.0_nu=3.0_alpha_0.4,0.55720495745468,0.588472373788547,0.5890859980313781,False,ja,0.5389830508474577
deberta_full_klu_matern_kappa=3.0_nu=3.0_alpha_0.5,0.5567425083240843,0.5882494232452093,0.5888638032525942,False,ja,0.5389830508474577
deberta_full_klu_matern_kappa=3.0_nu=3.0_alpha_0.6,0.55720495745468,0.5885967092433002,0.5892099120100135,False,ja,0.5389830508474577
deberta_full_klu_matern_kappa=3.0_nu=3.0_alpha_0.7,0.5576674065852757,0.5888766680566702,0.5894889218104568,False,ja,0.5389830508474577
deberta_full_klu_matern_kappa=3.0_nu=3.0_alpha_0.8,0.5572512023677395,0.5887646939624538,0.589377327289441,False,ja,0.5389830508474577
deberta_full_klu_matern_kappa=3.0_nu=3.0_alpha_0.9,0.55720495745468,0.5888206389656312,0.5894330826485401,False,ja,0.5389830508474577
deberta_full_klu_matern_kappa=3.0_nu=3.0_alpha_1.0,0.5,0.5604658045006801,0.5611743662665208,False,ja,0.5389830508474577
deberta_full_klu_maternn_kappa=3.0_nu=3.0_alpha_0.0,0.5575749167591565,0.5863271846899961,0.5869480807602799,False,ja,0.5389830508474577
deberta_full_klu_maternn_kappa=3.0_nu=3.0_alpha_0.1,0.5569274879763226,0.586134248170896,0.5867557982632785,False,ja,0.5389830508474577
deberta_full_klu_maternn_kappa=3.0_nu=3.0_alpha_0.2,0.5564187939326675,0.5859860839580084,0.5866081363019601,False,ja,0.5389830508474577
deberta_full_klu_maternn_kappa=3.0_nu=3.0_alpha_0.3,0.5566037735849056,0.5860723988612103,0.5866941586122698,False,ja,0.5389830508474577
deberta_full_klu_maternn_kappa=3.0_nu=3.0_alpha_0.4,0.5563725490196079,0.586523998712364,0.5871442276164703,False,ja,0.5389830508474577
deberta_full_klu_maternn_kappa=3.0_nu=3.0_alpha_0.5,0.5566500184979652,0.5867857244072602,0.5874050661056212,False,ja,0.5389830508474577
deberta_full_klu_maternn_kappa=3.0_nu=3.0_alpha_0.6,0.55720495745468,0.5871494488229723,0.5877675575572121,False,ja,0.5389830508474577
deberta_full_klu_maternn_kappa=3.0_nu=3.0_alpha_0.7,0.5573899371069182,0.5873327078751069,0.5879501953922208,False,ja,0.5389830508474577
deberta_full_klu_maternn_kappa=3.0_nu=3.0_alpha_0.8,0.5578061413244543,0.5876203119972905,0.5882368245851768,False,ja,0.5389830508474577
deberta_full_klu_maternn_kappa=3.0_nu=3.0_alpha_0.9,0.5577136514983352,0.5870327424522729,0.5876512468013286,False,ja,0.5389830508474577
deberta_full_klu_maternn_kappa=3.0_nu=3.0_alpha_1.0,0.5,0.5604658045006801,0.5611743662665208,False,ja,0.5389830508474577
