method,auroc,auarc,prr,is_blackbox,language,accuracy
heat_t=0.1_kernel_entropy_s,0.612984126984127,0.8243516192628864,0.8245448542220066,True,en,0.7627118644067796
heat_t=0.1_kernel_entropy,0.612984126984127,0.8243516192628864,0.8245448542220066,True,en,0.7627118644067796
heatn_t=0.1_kernel_entropy_s,0.37707936507936507,0.6872559139578729,0.6879138801214171,True,en,0.7627118644067796
heatn_t=0.1_kernel_entropy,0.37707936507936507,0.6872559139578729,0.6879138801214171,True,en,0.7627118644067796
heat_t=0.2_kernel_entropy_s,0.6184761904761904,0.832162996955192,0.8323297526678979,True,en,0.7627118644067796
heat_t=0.2_kernel_entropy,0.6184761904761904,0.832162996955192,0.8323297526678979,True,en,0.7627118644067796
heatn_t=0.2_kernel_entropy_s,0.3764444444444445,0.6872903538852211,0.6879482033032488,True,en,0.7627118644067796
heatn_t=0.2_kernel_entropy,0.3764444444444445,0.6872903538852211,0.6879482033032488,True,en,0.7627118644067796
heat_t=0.3_kernel_entropy_s,0.6220634920634921,0.8336681522197247,0.8338298057111947,True,en,0.7627118644067796
heat_t=0.3_kernel_entropy,0.6220634920634921,0.8336681522197247,0.8338298057111947,True,en,0.7627118644067796
heatn_t=0.3_kernel_entropy_s,0.37615873015873014,0.6887713867041039,0.689424215671898,True,en,0.7627118644067796
heatn_t=0.3_kernel_entropy,0.37615873015873014,0.6887713867041039,0.689424215671898,True,en,0.7627118644067796
heat_t=0.4_kernel_entropy_s,0.6228571428571429,0.8341131867930616,0.8342733316927577,True,en,0.7627118644067796
heat_t=0.4_kernel_entropy,0.6228571428571429,0.8341131867930616,0.8342733316927577,True,en,0.7627118644067796
heatn_t=0.4_kernel_entropy_s,0.3745079365079365,0.6858066022104494,0.6864694812951712,True,en,0.7627118644067796
heatn_t=0.4_kernel_entropy,0.3745079365079365,0.6858066022104494,0.6864694812951712,True,en,0.7627118644067796
heat_t=0.5_kernel_entropy_s,0.6225396825396826,0.8312805270366825,0.8314502741728409,True,en,0.7627118644067796
heat_t=0.5_kernel_entropy,0.6225079365079365,0.8311804870206762,0.8313505732755327,True,en,0.7627118644067796
heatn_t=0.5_kernel_entropy_s,0.37942857142857145,0.6868696945165923,0.6875289698985814,True,en,0.7627118644067796
heatn_t=0.5_kernel_entropy,0.37942857142857145,0.6868696945165923,0.6875289698985814,True,en,0.7627118644067796
heat_t=0.6_kernel_entropy_s,0.621079365079365,0.8297717659031995,0.8299466274838782,True,en,0.7627118644067796
heat_t=0.6_kernel_entropy,0.621079365079365,0.8297717659031995,0.8299466274838782,True,en,0.7627118644067796
heatn_t=0.6_kernel_entropy_s,0.38431746031746034,0.6880979897175058,0.6887531013869496,True,en,0.7627118644067796
heatn_t=0.6_kernel_entropy,0.38431746031746034,0.6880979897175058,0.6887531013869496,True,en,0.7627118644067796
heat_t=0.7_kernel_entropy_s,0.618952380952381,0.8285312997164838,0.8287103662672868,True,en,0.7627118644067796
heat_t=0.7_kernel_entropy,0.6189523809523809,0.8285312997164838,0.8287103662672868,True,en,0.7627118644067796
heatn_t=0.7_kernel_entropy_s,0.39431746031746034,0.6931969467365826,0.6938347738059617,True,en,0.7627118644067796
heatn_t=0.7_kernel_entropy,0.39431746031746034,0.6931969467365826,0.6938347738059617,True,en,0.7627118644067796
matern_kappa=1.0_nu=1.0_kernel_entropy_s,0.623079365079365,0.8327890355420452,0.8329536690900498,True,en,0.7627118644067796
matern_kappa=1.0_nu=1.0_kernel_entropy,0.623079365079365,0.8327890355420452,0.8329536690900498,True,en,0.7627118644067796
maternn_kappa=1.0_nu=1.0_kernel_entropy_s,0.39085714285714285,0.6920748384646377,0.6927164692908707,True,en,0.7627118644067796
maternn_kappa=1.0_nu=1.0_kernel_entropy,0.39085714285714285,0.6920748384646377,0.6927164692908707,True,en,0.7627118644067796
matern_kappa=1.0_nu=2.0_kernel_entropy_s,0.6235873015873017,0.8326831863434823,0.8328481787023294,True,en,0.7627118644067796
matern_kappa=1.0_nu=2.0_kernel_entropy,0.6237460317460318,0.8353475854364527,0.8355035459339677,True,en,0.7627118644067796
maternn_kappa=1.0_nu=2.0_kernel_entropy_s,0.38422222222222224,0.6873392988110206,0.6879969823140455,True,en,0.7627118644067796
maternn_kappa=1.0_nu=2.0_kernel_entropy,0.38422222222222224,0.6873392988110206,0.6879969823140455,True,en,0.7627118644067796
matern_kappa=1.0_nu=3.0_kernel_entropy_s,0.6216507936507936,0.8314928831662612,0.8316619104511328,True,en,0.7627118644067796
matern_kappa=1.0_nu=3.0_kernel_entropy,0.6216507936507936,0.8314928831662612,0.8316619104511328,True,en,0.7627118644067796
maternn_kappa=1.0_nu=3.0_kernel_entropy_s,0.3822539682539682,0.6877786593815897,0.6884348535267483,True,en,0.7627118644067796
maternn_kappa=1.0_nu=3.0_kernel_entropy,0.3822539682539682,0.6877786593815897,0.6884348535267483,True,en,0.7627118644067796
matern_kappa=2.0_nu=1.0_kernel_entropy_s,0.6093015873015873,0.8250606050014042,0.825251436619038,True,en,0.7627118644067796
matern_kappa=2.0_nu=1.0_kernel_entropy,0.6093015873015873,0.8250606050014042,0.825251436619038,True,en,0.7627118644067796
maternn_kappa=2.0_nu=1.0_kernel_entropy_s,0.47393650793650793,0.7354600569594991,0.7359546192484614,True,en,0.7627118644067796
maternn_kappa=2.0_nu=1.0_kernel_entropy,0.47393650793650793,0.7354600569594991,0.7359546192484614,True,en,0.7627118644067796
matern_kappa=2.0_nu=2.0_kernel_entropy_s,0.6020634920634921,0.8217890521900529,0.8219909738172168,True,en,0.7627118644067796
matern_kappa=2.0_nu=2.0_kernel_entropy,0.6020634920634921,0.8217890521900529,0.8219909738172168,True,en,0.7627118644067796
maternn_kappa=2.0_nu=2.0_kernel_entropy_s,0.49098412698412697,0.7413441170252117,0.7418187333478496,True,en,0.7627118644067796
maternn_kappa=2.0_nu=2.0_kernel_entropy,0.49098412698412697,0.7413441170252117,0.7418187333478496,True,en,0.7627118644067796
matern_kappa=2.0_nu=3.0_kernel_entropy_s,0.5975873015873016,0.8174349268652763,0.8176516082393036,True,en,0.7627118644067796
matern_kappa=2.0_nu=3.0_kernel_entropy,0.5976507936507937,0.8174621923899601,0.81767878133848,True,en,0.7627118644067796
maternn_kappa=2.0_nu=3.0_kernel_entropy_s,0.498984126984127,0.7465453894844183,0.747002374374991,True,en,0.7627118644067796
maternn_kappa=2.0_nu=3.0_kernel_entropy,0.498984126984127,0.7465453894844183,0.747002374374991,True,en,0.7627118644067796
matern_kappa=3.0_nu=1.0_kernel_entropy_s,0.5952380952380953,0.8180815176321653,0.8182960071730846,True,en,0.7627118644067796
matern_kappa=3.0_nu=1.0_kernel_entropy,0.5952063492063493,0.8179920081441596,0.8182068011070721,True,en,0.7627118644067796
maternn_kappa=3.0_nu=1.0_kernel_entropy_s,0.539968253968254,0.7654363399904415,0.7641343725064176,True,en,0.7627118644067796
maternn_kappa=3.0_nu=1.0_kernel_entropy,0.539968253968254,0.7654363399904415,0.7641343725064176,True,en,0.7627118644067796
matern_kappa=3.0_nu=2.0_kernel_entropy_s,0.5800634920634921,0.8058687949475952,0.8061246835484622,True,en,0.7627118644067796
matern_kappa=3.0_nu=2.0_kernel_entropy,0.5801269841269842,0.8058837131955963,0.806139551226131,True,en,0.7627118644067796
maternn_kappa=3.0_nu=2.0_kernel_entropy_s,0.5573015873015872,0.7866562671551546,0.78528236771464,True,en,0.7627118644067796
maternn_kappa=3.0_nu=2.0_kernel_entropy,0.5573333333333333,0.7866562671551546,0.78528236771464,True,en,0.7627118644067796
matern_kappa=3.0_nu=3.0_kernel_entropy_s,0.5717460317460318,0.7969758561406062,0.7972618902967511,True,en,0.7627118644067796
matern_kappa=3.0_nu=3.0_kernel_entropy,0.5717460317460318,0.7969758561406062,0.7972618902967511,True,en,0.7627118644067796
maternn_kappa=3.0_nu=3.0_kernel_entropy_s,0.5655555555555556,0.7986675761447197,0.7989478756567829,True,en,0.7627118644067796
maternn_kappa=3.0_nu=3.0_kernel_entropy,0.5655555555555556,0.7986675761447197,0.7989478756567829,True,en,0.7627118644067796
weighted_heat_t=0.1_kernel_entropy_s,0.6782857142857143,0.8470086498156795,0.8471250812814006,True,en,0.7627118644067796
weighted_heat_t=0.1_kernel_entropy,0.6782857142857143,0.8470086498156795,0.8471250812814006,True,en,0.7627118644067796
weighted_heatn_t=0.1_kernel_entropy_s,0.3217777777777777,0.6579497725377004,0.6570121662992789,True,en,0.7627118644067796
weighted_heatn_t=0.1_kernel_entropy,0.3217777777777777,0.6579497725377004,0.6570121662992789,True,en,0.7627118644067796
weighted_heat_t=0.2_kernel_entropy_s,0.6831111111111111,0.8489878327418048,0.849097555112861,True,en,0.7627118644067796
weighted_heat_t=0.2_kernel_entropy,0.6831111111111111,0.8489878327418048,0.849097555112861,True,en,0.7627118644067796
weighted_heatn_t=0.2_kernel_entropy_s,0.32266666666666666,0.6586137554028885,0.6576738983750935,True,en,0.7627118644067796
weighted_heatn_t=0.2_kernel_entropy,0.32266666666666666,0.6586137554028885,0.6576738983750935,True,en,0.7627118644067796
weighted_heat_t=0.3_kernel_entropy_s,0.6826666666666666,0.8487190069403732,0.8488296405853325,True,en,0.7627118644067796
weighted_heat_t=0.3_kernel_entropy,0.6826666666666666,0.8487190069403732,0.8488296405853325,True,en,0.7627118644067796
weighted_heatn_t=0.3_kernel_entropy_s,0.32336507936507936,0.6579432068121138,0.6570056228303893,True,en,0.7627118644067796
weighted_heatn_t=0.3_kernel_entropy,0.32336507936507936,0.6579432068121138,0.6570056228303893,True,en,0.7627118644067796
weighted_heat_t=0.4_kernel_entropy_s,0.6829206349206349,0.8479073049658636,0.8480206901429401,True,en,0.7627118644067796
weighted_heat_t=0.4_kernel_entropy,0.6829206349206349,0.8479073049658636,0.8480206901429401,True,en,0.7627118644067796
weighted_heatn_t=0.4_kernel_entropy_s,0.324063492063492,0.6584333124163935,0.6574940670597392,True,en,0.7627118644067796
weighted_heatn_t=0.4_kernel_entropy,0.324063492063492,0.6584333124163935,0.6574940670597392,True,en,0.7627118644067796
weighted_heat_t=0.5_kernel_entropy_s,0.6777777777777778,0.8458302455839377,0.8459506716402748,True,en,0.7627118644067796
weighted_heat_t=0.5_kernel_entropy,0.6777777777777778,0.8458302455839377,0.8459506716402748,True,en,0.7627118644067796
weighted_heatn_t=0.5_kernel_entropy_s,0.3250793650793651,0.6587930040240308,0.6578525393737912,True,en,0.7627118644067796
weighted_heatn_t=0.5_kernel_entropy,0.3250793650793651,0.6587930040240308,0.6578525393737912,True,en,0.7627118644067796
weighted_heat_t=0.6_kernel_entropy_s,0.669079365079365,0.8431584134154069,0.8432878965299424,True,en,0.7627118644067796
weighted_heat_t=0.6_kernel_entropy,0.669079365079365,0.8431584134154069,0.8432878965299424,True,en,0.7627118644067796
weighted_heatn_t=0.6_kernel_entropy_s,0.3265396825396825,0.6588724451024295,0.6579317111603988,True,en,0.7627118644067796
weighted_heatn_t=0.6_kernel_entropy,0.3265396825396825,0.6588724451024295,0.6579317111603988,True,en,0.7627118644067796
weighted_heat_t=0.7_kernel_entropy_s,0.6643809523809524,0.8410105605561112,0.841147324527797,True,en,0.7627118644067796
weighted_heat_t=0.7_kernel_entropy,0.6643809523809524,0.8410105605561112,0.841147324527797,True,en,0.7627118644067796
weighted_heatn_t=0.7_kernel_entropy_s,0.32755555555555554,0.6595605488489549,0.6586174823518511,True,en,0.7627118644067796
weighted_heatn_t=0.7_kernel_entropy,0.32755555555555554,0.6595605488489549,0.6586174823518511,True,en,0.7627118644067796
weighted_matern_kappa=1.0_nu=1.0_kernel_entropy_s,0.6814603174603175,0.8483549747408925,0.8484668423933078,True,en,0.7627118644067796
weighted_matern_kappa=1.0_nu=1.0_kernel_entropy,0.6814603174603175,0.8483549747408925,0.8484668423933078,True,en,0.7627118644067796
weighted_maternn_kappa=1.0_nu=1.0_kernel_entropy_s,0.32882539682539685,0.6604566735323365,0.6595105693244417,True,en,0.7627118644067796
weighted_maternn_kappa=1.0_nu=1.0_kernel_entropy,0.32882539682539685,0.6604566735323365,0.6595105693244417,True,en,0.7627118644067796
weighted_matern_kappa=1.0_nu=2.0_kernel_entropy_s,0.6817142857142857,0.8486924057556486,0.8488031295741155,True,en,0.7627118644067796
weighted_matern_kappa=1.0_nu=2.0_kernel_entropy,0.6817142857142857,0.8486924057556486,0.8488031295741155,True,en,0.7627118644067796
weighted_maternn_kappa=1.0_nu=2.0_kernel_entropy_s,0.3274285714285714,0.659487608195383,0.6585447889547321,True,en,0.7627118644067796
weighted_maternn_kappa=1.0_nu=2.0_kernel_entropy,0.3274285714285714,0.659487608195383,0.6585447889547321,True,en,0.7627118644067796
weighted_matern_kappa=1.0_nu=3.0_kernel_entropy_s,0.6817777777777778,0.8484995232640901,0.8486109009215115,True,en,0.7627118644067796
weighted_matern_kappa=1.0_nu=3.0_kernel_entropy,0.6817777777777778,0.8484995232640901,0.8486109009215115,True,en,0.7627118644067796
weighted_maternn_kappa=1.0_nu=3.0_kernel_entropy_s,0.3271111111111112,0.6594093075857512,0.6584667537708958,True,en,0.7627118644067796
weighted_maternn_kappa=1.0_nu=3.0_kernel_entropy,0.3271111111111112,0.6594093075857512,0.6584667537708958,True,en,0.7627118644067796
weighted_matern_kappa=2.0_nu=1.0_kernel_entropy_s,0.6805079365079365,0.848434604014048,0.8485462017367237,True,en,0.7627118644067796
weighted_matern_kappa=2.0_nu=1.0_kernel_entropy,0.6805079365079365,0.848434604014048,0.8485462017367237,True,en,0.7627118644067796
weighted_maternn_kappa=2.0_nu=1.0_kernel_entropy_s,0.3696507936507937,0.6811028673368982,0.6817816912855982,True,en,0.7627118644067796
weighted_maternn_kappa=2.0_nu=1.0_kernel_entropy,0.3696507936507937,0.6811028673368982,0.6817816912855982,True,en,0.7627118644067796
weighted_matern_kappa=2.0_nu=2.0_kernel_entropy_s,0.6707936507936508,0.8443574674301283,0.8444828859547835,True,en,0.7627118644067796
weighted_matern_kappa=2.0_nu=2.0_kernel_entropy,0.6707936507936508,0.8443574674301283,0.8444828859547835,True,en,0.7627118644067796
weighted_maternn_kappa=2.0_nu=2.0_kernel_entropy_s,0.3946031746031746,0.6941235160492876,0.694758202205742,True,en,0.7627118644067796
weighted_maternn_kappa=2.0_nu=2.0_kernel_entropy,0.3946031746031746,0.6941235160492876,0.694758202205742,True,en,0.7627118644067796
weighted_matern_kappa=2.0_nu=3.0_kernel_entropy_s,0.6636190476190478,0.8425692113346539,0.8427006917443784,True,en,0.7627118644067796
weighted_matern_kappa=2.0_nu=3.0_kernel_entropy,0.6636190476190478,0.8425692113346539,0.8427006917443784,True,en,0.7627118644067796
weighted_maternn_kappa=2.0_nu=3.0_kernel_entropy_s,0.425079365079365,0.7077759202805232,0.7083643271006007,True,en,0.7627118644067796
weighted_maternn_kappa=2.0_nu=3.0_kernel_entropy,0.425079365079365,0.7077759202805232,0.7083643271006007,True,en,0.7627118644067796
weighted_matern_kappa=3.0_nu=1.0_kernel_entropy_s,0.6766984126984127,0.8465314290713302,0.8466494782344898,True,en,0.7627118644067796
weighted_matern_kappa=3.0_nu=1.0_kernel_entropy,0.6766984126984127,0.8465314290713302,0.8466494782344898,True,en,0.7627118644067796
weighted_maternn_kappa=3.0_nu=1.0_kernel_entropy_s,0.595047619047619,0.8005600128866379,0.800833897358898,True,en,0.7627118644067796
weighted_maternn_kappa=3.0_nu=1.0_kernel_entropy,0.595047619047619,0.8005600128866379,0.800833897358898,True,en,0.7627118644067796
weighted_matern_kappa=3.0_nu=2.0_kernel_entropy_s,0.6638095238095238,0.8429734216296529,0.8431035318349877,True,en,0.7627118644067796
weighted_matern_kappa=3.0_nu=2.0_kernel_entropy,0.6638095238095238,0.8429734216296529,0.8431035318349877,True,en,0.7627118644067796
weighted_maternn_kappa=3.0_nu=2.0_kernel_entropy_s,0.633904761904762,0.8366307865879603,0.8367823972510634,True,en,0.7627118644067796
weighted_maternn_kappa=3.0_nu=2.0_kernel_entropy,0.633904761904762,0.8366307865879603,0.8367823972510634,True,en,0.7627118644067796
weighted_matern_kappa=3.0_nu=3.0_kernel_entropy_s,0.6581587301587302,0.8409516402740943,0.8410886039755496,True,en,0.7627118644067796
weighted_matern_kappa=3.0_nu=3.0_kernel_entropy,0.6581587301587302,0.8409516402740943,0.8410886039755496,True,en,0.7627118644067796
weighted_maternn_kappa=3.0_nu=3.0_kernel_entropy_s,0.6438730158730159,0.8423303904335686,0.8424626804056696,True,en,0.7627118644067796
weighted_maternn_kappa=3.0_nu=3.0_kernel_entropy,0.6438730158730159,0.8423303904335686,0.8424626804056696,True,en,0.7627118644067796
weighted_deberta_heat_t=0.1_kernel_entropy_s,0.6401269841269841,0.8395376004835762,0.8396793575402535,True,en,0.7627118644067796
weighted_deberta_heat_t=0.1_kernel_entropy,0.6401269841269841,0.8395376004835762,0.8396793575402535,True,en,0.7627118644067796
weighted_deberta_heatn_t=0.1_kernel_entropy_s,0.4288888888888889,0.7365671157475753,0.7353630100406459,True,en,0.7627118644067796
weighted_deberta_heatn_t=0.1_kernel_entropy,0.4288888888888889,0.7365671157475753,0.7353630100406459,True,en,0.7627118644067796
weighted_deberta_heat_t=0.2_kernel_entropy_s,0.6358730158730158,0.836312890463307,0.8347706634861548,True,en,0.7627118644067796
weighted_deberta_heat_t=0.2_kernel_entropy,0.6358730158730158,0.836312890463307,0.8347706634861548,True,en,0.7627118644067796
weighted_deberta_heatn_t=0.2_kernel_entropy_s,0.43003174603174604,0.737057251659691,0.7358514844750933,True,en,0.7627118644067796
weighted_deberta_heatn_t=0.2_kernel_entropy,0.43003174603174604,0.737057251659691,0.7358514844750933,True,en,0.7627118644067796
weighted_deberta_heat_t=0.3_kernel_entropy_s,0.6309206349206349,0.8340123541711524,0.8324779256221092,True,en,0.7627118644067796
weighted_deberta_heat_t=0.3_kernel_entropy,0.6309206349206349,0.8340123541711524,0.8324779256221092,True,en,0.7627118644067796
weighted_deberta_heatn_t=0.3_kernel_entropy_s,0.4300952380952381,0.7367461140576097,0.7355414015767479,True,en,0.7627118644067796
weighted_deberta_heatn_t=0.3_kernel_entropy,0.4300952380952381,0.7367461140576097,0.7355414015767479,True,en,0.7627118644067796
weighted_deberta_heat_t=0.4_kernel_entropy_s,0.6211428571428572,0.829494189275843,0.827975076540004,True,en,0.7627118644067796
weighted_deberta_heat_t=0.4_kernel_entropy,0.6211428571428572,0.829494189275843,0.827975076540004,True,en,0.7627118644067796
weighted_deberta_heatn_t=0.4_kernel_entropy_s,0.43104761904761907,0.7402215491132532,0.740699970750847,True,en,0.7627118644067796
weighted_deberta_heatn_t=0.4_kernel_entropy,0.43104761904761907,0.7402215491132532,0.740699970750847,True,en,0.7627118644067796
weighted_deberta_heat_t=0.5_kernel_entropy_s,0.6127619047619047,0.8259479596429242,0.8244408680244852,True,en,0.7627118644067796
weighted_deberta_heat_t=0.5_kernel_entropy,0.6127619047619047,0.8259479596429242,0.8244408680244852,True,en,0.7627118644067796
weighted_deberta_heatn_t=0.5_kernel_entropy_s,0.432,0.7412531395312136,0.7417280642521363,True,en,0.7627118644067796
weighted_deberta_heatn_t=0.5_kernel_entropy,0.432,0.7412531395312136,0.7417280642521363,True,en,0.7627118644067796
weighted_deberta_heat_t=0.6_kernel_entropy_s,0.5988571428571429,0.8216566350711542,0.8218590055699075,True,en,0.7627118644067796
weighted_deberta_heat_t=0.6_kernel_entropy,0.5988571428571429,0.8216566350711542,0.8218590055699075,True,en,0.7627118644067796
weighted_deberta_heatn_t=0.6_kernel_entropy_s,0.4337142857142857,0.7419320432433781,0.742404666595785,True,en,0.7627118644067796
weighted_deberta_heatn_t=0.6_kernel_entropy,0.4337142857142857,0.7419320432433781,0.742404666595785,True,en,0.7627118644067796
weighted_deberta_heat_t=0.7_kernel_entropy_s,0.5892063492063493,0.8157614423407991,0.8159837965437231,True,en,0.7627118644067796
weighted_deberta_heat_t=0.7_kernel_entropy,0.5892063492063493,0.8157614423407991,0.8159837965437231,True,en,0.7627118644067796
weighted_deberta_heatn_t=0.7_kernel_entropy_s,0.43333333333333335,0.7411781600975789,0.7416533389860732,True,en,0.7627118644067796
weighted_deberta_heatn_t=0.7_kernel_entropy,0.43333333333333335,0.7411781600975789,0.7416533389860732,True,en,0.7627118644067796
weighted_deberta_matern_kappa=1.0_nu=1.0_kernel_entropy_s,0.6222857142857143,0.8302998228117915,0.828777979114814,True,en,0.7627118644067796
weighted_deberta_matern_kappa=1.0_nu=1.0_kernel_entropy,0.6222857142857143,0.8302998228117915,0.828777979114814,True,en,0.7627118644067796
weighted_deberta_maternn_kappa=1.0_nu=1.0_kernel_entropy_s,0.4341587301587302,0.7395649469857781,0.7400455943932955,True,en,0.7627118644067796
weighted_deberta_maternn_kappa=1.0_nu=1.0_kernel_entropy,0.4341587301587302,0.7395649469857781,0.7400455943932955,True,en,0.7627118644067796
weighted_deberta_matern_kappa=1.0_nu=2.0_kernel_entropy_s,0.6213333333333334,0.829786419521169,0.8282663161743292,True,en,0.7627118644067796
weighted_deberta_matern_kappa=1.0_nu=2.0_kernel_entropy,0.6213333333333334,0.829786419521169,0.8282663161743292,True,en,0.7627118644067796
weighted_deberta_maternn_kappa=1.0_nu=2.0_kernel_entropy_s,0.43409523809523803,0.7409775762186235,0.7414534350524702,True,en,0.7627118644067796
weighted_deberta_maternn_kappa=1.0_nu=2.0_kernel_entropy,0.43409523809523803,0.7409775762186235,0.7414534350524702,True,en,0.7627118644067796
weighted_deberta_matern_kappa=1.0_nu=3.0_kernel_entropy_s,0.6194285714285714,0.828973434616782,0.8274560871509739,True,en,0.7627118644067796
weighted_deberta_matern_kappa=1.0_nu=3.0_kernel_entropy,0.6194285714285714,0.828973434616782,0.8274560871509739,True,en,0.7627118644067796
weighted_deberta_maternn_kappa=1.0_nu=3.0_kernel_entropy_s,0.4339047619047619,0.741175482644792,0.7416506706093973,True,en,0.7627118644067796
weighted_deberta_maternn_kappa=1.0_nu=3.0_kernel_entropy,0.4339047619047619,0.741175482644792,0.7416506706093973,True,en,0.7627118644067796
weighted_deberta_matern_kappa=2.0_nu=1.0_kernel_entropy_s,0.5843809523809524,0.8166284563063938,0.816847871478926,True,en,0.7627118644067796
weighted_deberta_matern_kappa=2.0_nu=1.0_kernel_entropy,0.5843809523809524,0.8166284563063938,0.816847871478926,True,en,0.7627118644067796
weighted_deberta_maternn_kappa=2.0_nu=1.0_kernel_entropy_s,0.4517460317460317,0.7374466080299988,0.7379344362475357,True,en,0.7627118644067796
weighted_deberta_maternn_kappa=2.0_nu=1.0_kernel_entropy,0.4517460317460317,0.7374466080299988,0.7379344362475357,True,en,0.7627118644067796
weighted_deberta_matern_kappa=2.0_nu=2.0_kernel_entropy_s,0.5641904761904762,0.8067944466051555,0.8070471974037937,True,en,0.7627118644067796
weighted_deberta_matern_kappa=2.0_nu=2.0_kernel_entropy,0.5641904761904762,0.8067944466051555,0.8070471974037937,True,en,0.7627118644067796
weighted_deberta_maternn_kappa=2.0_nu=2.0_kernel_entropy_s,0.4516190476190476,0.7350905348781579,0.7355863497843451,True,en,0.7627118644067796
weighted_deberta_maternn_kappa=2.0_nu=2.0_kernel_entropy,0.4516190476190476,0.7350905348781579,0.7355863497843451,True,en,0.7627118644067796
weighted_deberta_matern_kappa=2.0_nu=3.0_kernel_entropy_s,0.5504761904761906,0.8008833503980812,0.8011561388109807,True,en,0.7627118644067796
weighted_deberta_matern_kappa=2.0_nu=3.0_kernel_entropy,0.5504761904761906,0.8008833503980812,0.8011561388109807,True,en,0.7627118644067796
weighted_deberta_maternn_kappa=2.0_nu=3.0_kernel_entropy_s,0.4535238095238095,0.7380293891787086,0.7385152418669281,True,en,0.7627118644067796
weighted_deberta_maternn_kappa=2.0_nu=3.0_kernel_entropy,0.4535238095238095,0.7380293891787086,0.7385152418669281,True,en,0.7627118644067796
weighted_deberta_matern_kappa=3.0_nu=1.0_kernel_entropy_s,0.5593015873015873,0.806674557934515,0.8069277151354265,True,en,0.7627118644067796
weighted_deberta_matern_kappa=3.0_nu=1.0_kernel_entropy,0.5593015873015873,0.806674557934515,0.8069277151354265,True,en,0.7627118644067796
weighted_deberta_maternn_kappa=3.0_nu=1.0_kernel_entropy_s,0.42488888888888887,0.7298987910175586,0.7304122050554767,True,en,0.7627118644067796
weighted_deberta_maternn_kappa=3.0_nu=1.0_kernel_entropy,0.42488888888888887,0.7298987910175586,0.7304122050554767,True,en,0.7627118644067796
weighted_deberta_matern_kappa=3.0_nu=2.0_kernel_entropy_s,0.521079365079365,0.7847012963002236,0.7850289391337936,True,en,0.7627118644067796
weighted_deberta_matern_kappa=3.0_nu=2.0_kernel_entropy,0.521079365079365,0.7847012963002236,0.7850289391337936,True,en,0.7627118644067796
weighted_deberta_maternn_kappa=3.0_nu=2.0_kernel_entropy_s,0.43542857142857144,0.7362834268684098,0.7367751980729349,True,en,0.7627118644067796
weighted_deberta_maternn_kappa=3.0_nu=2.0_kernel_entropy,0.43542857142857144,0.7362834268684098,0.7367751980729349,True,en,0.7627118644067796
weighted_deberta_matern_kappa=3.0_nu=3.0_kernel_entropy_s,0.4971428571428571,0.7688268731842742,0.7692083276216272,True,en,0.7627118644067796
weighted_deberta_matern_kappa=3.0_nu=3.0_kernel_entropy,0.4971428571428571,0.7688268731842742,0.7692083276216272,True,en,0.7627118644067796
weighted_deberta_maternn_kappa=3.0_nu=3.0_kernel_entropy_s,0.43212698412698414,0.7362282236835915,0.736720182017557,True,en,0.7627118644067796
weighted_deberta_maternn_kappa=3.0_nu=3.0_kernel_entropy,0.43212698412698414,0.7362282236835915,0.736720182017557,True,en,0.7627118644067796
semantic_kernel_heat_t=0.1_alpha_0.0,0.6439365079365079,0.8414434450627986,0.8415787416293768,False,en,0.7627118644067796
semantic_kernel_heat_t=0.1_alpha_0.1,0.6366984126984127,0.8383636654963187,0.8385094019936308,False,en,0.7627118644067796
semantic_kernel_heat_t=0.1_alpha_0.2,0.6292698412698413,0.8353429688918892,0.8354989450387079,False,en,0.7627118644067796
semantic_kernel_heat_t=0.1_alpha_0.3,0.6203809523809524,0.831687870809796,0.8318562371196047,False,en,0.7627118644067796
semantic_kernel_heat_t=0.1_alpha_0.4,0.6131428571428571,0.8290898945138612,0.8292670675229783,False,en,0.7627118644067796
semantic_kernel_heat_t=0.1_alpha_0.5,0.608,0.8268380745156507,0.8270228808128972,False,en,0.7627118644067796
semantic_kernel_heat_t=0.1_alpha_0.6,0.606857142857143,0.8255593747798886,0.8257485156525105,False,en,0.7627118644067796
semantic_kernel_heat_t=0.1_alpha_0.7,0.6051428571428572,0.8217740081420425,0.8219759807659793,False,en,0.7627118644067796
semantic_kernel_heat_t=0.1_alpha_0.8,0.5965714285714285,0.8175083575450526,0.8177247900015214,False,en,0.7627118644067796
semantic_kernel_heat_t=0.1_alpha_0.9,0.5893333333333334,0.8144626834779849,0.8146894402533253,False,en,0.7627118644067796
semantic_kernel_heat_t=0.1_alpha_1.0,0.5874285714285714,0.8132433878400924,0.8134742778209849,False,en,0.7627118644067796
semantic_kernel_heatn_t=0.1_alpha_0.0,0.6439365079365079,0.8414434450627986,0.8415787416293768,False,en,0.7627118644067796
semantic_kernel_heatn_t=0.1_alpha_0.1,0.6366349206349207,0.8383423143637383,0.838488123237771,False,en,0.7627118644067796
semantic_kernel_heatn_t=0.1_alpha_0.2,0.6288253968253968,0.8346472757942548,0.8348056102227603,False,en,0.7627118644067796
semantic_kernel_heatn_t=0.1_alpha_0.3,0.6196190476190476,0.8305329472360409,0.8307052285410149,False,en,0.7627118644067796
semantic_kernel_heatn_t=0.1_alpha_0.4,0.6123174603174604,0.8279904807049203,0.8281713805405084,False,en,0.7627118644067796
semantic_kernel_heatn_t=0.1_alpha_0.5,0.6054603174603175,0.825124155449689,0.8253147716420745,False,en,0.7627118644067796
semantic_kernel_heatn_t=0.1_alpha_0.6,0.6039365079365079,0.824626037113277,0.8248183418423959,False,en,0.7627118644067796
semantic_kernel_heatn_t=0.1_alpha_0.7,0.6042539682539683,0.8248188548765387,0.8250105059861212,False,en,0.7627118644067796
semantic_kernel_heatn_t=0.1_alpha_0.8,0.6045714285714285,0.8249097238936818,0.8251010669726977,False,en,0.7627118644067796
semantic_kernel_heatn_t=0.1_alpha_0.9,0.6046349206349206,0.8247184257482483,0.8249104172955539,False,en,0.7627118644067796
semantic_kernel_heatn_t=0.1_alpha_1.0,0.5546031746031747,0.8002835614391481,0.8005583830349591,False,en,0.7627118644067796
semantic_kernel_heat_t=0.2_alpha_0.0,0.6439365079365079,0.8414434450627986,0.8415787416293768,False,en,0.7627118644067796
semantic_kernel_heat_t=0.2_alpha_0.1,0.6374603174603175,0.8386484527047304,0.8387932238216751,False,en,0.7627118644067796
semantic_kernel_heat_t=0.2_alpha_0.2,0.630031746031746,0.8340634700437229,0.8342237834747727,False,en,0.7627118644067796
semantic_kernel_heat_t=0.2_alpha_0.3,0.6231746031746032,0.8327855691362662,0.8329502144347988,False,en,0.7627118644067796
semantic_kernel_heat_t=0.2_alpha_0.4,0.6181587301587302,0.831281643071301,0.8314513864242912,False,en,0.7627118644067796
semantic_kernel_heat_t=0.2_alpha_0.5,0.614095238095238,0.8299516223443075,0.8301258742421348,False,en,0.7627118644067796
semantic_kernel_heat_t=0.2_alpha_0.6,0.608,0.8255825378149358,0.825771600168795,False,en,0.7627118644067796
semantic_kernel_heat_t=0.2_alpha_0.7,0.6003809523809523,0.8219266388623785,0.8221280940940429,False,en,0.7627118644067796
semantic_kernel_heat_t=0.2_alpha_0.8,0.5961904761904762,0.8188161261867741,0.8190281255292033,False,en,0.7627118644067796
semantic_kernel_heat_t=0.2_alpha_0.9,0.5958730158730159,0.816681943545843,0.8169011774056991,False,en,0.7627118644067796
semantic_kernel_heat_t=0.2_alpha_1.0,0.6003809523809523,0.8188647291697391,0.8190765637562937,False,en,0.7627118644067796
semantic_kernel_heatn_t=0.2_alpha_0.0,0.6439365079365079,0.8414434450627986,0.8415787416293768,False,en,0.7627118644067796
semantic_kernel_heatn_t=0.2_alpha_0.1,0.6366349206349207,0.8383423143637383,0.838488123237771,False,en,0.7627118644067796
semantic_kernel_heatn_t=0.2_alpha_0.2,0.6288253968253968,0.8346472757942548,0.8348056102227603,False,en,0.7627118644067796
semantic_kernel_heatn_t=0.2_alpha_0.3,0.6196190476190476,0.8305329472360409,0.8307052285410149,False,en,0.7627118644067796
semantic_kernel_heatn_t=0.2_alpha_0.4,0.6123174603174604,0.8279904807049203,0.8281713805405084,False,en,0.7627118644067796
semantic_kernel_heatn_t=0.2_alpha_0.5,0.6054603174603175,0.825124155449689,0.8253147716420745,False,en,0.7627118644067796
semantic_kernel_heatn_t=0.2_alpha_0.6,0.6041269841269841,0.8247197412214908,0.824911728309565,False,en,0.7627118644067796
semantic_kernel_heatn_t=0.2_alpha_0.7,0.6043174603174603,0.824756882598245,0.8249487437833471,False,en,0.7627118644067796
semantic_kernel_heatn_t=0.2_alpha_0.8,0.6047619047619047,0.8247663632992761,0.8249581923464088,False,en,0.7627118644067796
semantic_kernel_heatn_t=0.2_alpha_0.9,0.6041269841269842,0.8252465527994977,0.8254367540856126,False,en,0.7627118644067796
semantic_kernel_heatn_t=0.2_alpha_1.0,0.5547301587301586,0.8003567664867952,0.8006313399299023,False,en,0.7627118644067796
semantic_kernel_heat_t=0.3_alpha_0.0,0.6439365079365079,0.8414434450627986,0.8415787416293768,False,en,0.7627118644067796
semantic_kernel_heat_t=0.3_alpha_0.1,0.6379047619047619,0.8388640895454145,0.8390081296900178,False,en,0.7627118644067796
semantic_kernel_heat_t=0.3_alpha_0.2,0.6316825396825396,0.8348302320830941,0.83498794632079,False,en,0.7627118644067796
semantic_kernel_heat_t=0.3_alpha_0.3,0.6271746031746032,0.8337253007400355,0.8338867605077079,False,en,0.7627118644067796
semantic_kernel_heat_t=0.3_alpha_0.4,0.6252063492063492,0.8339305971525399,0.8340913610001699,False,en,0.7627118644067796
semantic_kernel_heat_t=0.3_alpha_0.5,0.6234285714285714,0.833505110055142,0.8336673162319159,False,en,0.7627118644067796
semantic_kernel_heat_t=0.3_alpha_0.6,0.6193650793650793,0.8302128621330993,0.8303862284723206,False,en,0.7627118644067796
semantic_kernel_heat_t=0.3_alpha_0.7,0.6153650793650793,0.8276684923637707,0.8278504836852608,False,en,0.7627118644067796
semantic_kernel_heat_t=0.3_alpha_0.8,0.613015873015873,0.8256795505351424,0.825868284032323,False,en,0.7627118644067796
semantic_kernel_heat_t=0.3_alpha_0.9,0.6092063492063492,0.8217824880111151,0.821984431889733,False,en,0.7627118644067796
semantic_kernel_heat_t=0.3_alpha_1.0,0.6138412698412697,0.822586349498073,0.8227855684224978,False,en,0.7627118644067796
semantic_kernel_heatn_t=0.3_alpha_0.0,0.6439365079365079,0.8414434450627986,0.8415787416293768,False,en,0.7627118644067796
semantic_kernel_heatn_t=0.3_alpha_0.1,0.6366349206349207,0.8383423143637383,0.838488123237771,False,en,0.7627118644067796
semantic_kernel_heatn_t=0.3_alpha_0.2,0.6287619047619049,0.834627149400502,0.8347855520540711,False,en,0.7627118644067796
semantic_kernel_heatn_t=0.3_alpha_0.3,0.6196190476190476,0.8305329472360409,0.8307052285410149,False,en,0.7627118644067796
semantic_kernel_heatn_t=0.3_alpha_0.4,0.6124444444444445,0.8280337149147363,0.8282144681936808,False,en,0.7627118644067796
semantic_kernel_heatn_t=0.3_alpha_0.5,0.6054603174603175,0.825124155449689,0.8253147716420745,False,en,0.7627118644067796
semantic_kernel_heatn_t=0.3_alpha_0.6,0.6041269841269841,0.8247041505696457,0.8248961905073873,False,en,0.7627118644067796
semantic_kernel_heatn_t=0.3_alpha_0.7,0.6041269841269842,0.8252286625532479,0.8254189244842652,False,en,0.7627118644067796
semantic_kernel_heatn_t=0.3_alpha_0.8,0.6048888888888889,0.8255993912188986,0.8257883964425748,False,en,0.7627118644067796
semantic_kernel_heatn_t=0.3_alpha_0.9,0.6029841269841271,0.8245076065958925,0.8247003127843924,False,en,0.7627118644067796
semantic_kernel_heatn_t=0.3_alpha_1.0,0.555047619047619,0.8007336346318842,0.8010069305558553,False,en,0.7627118644067796
semantic_kernel_heat_t=0.4_alpha_0.0,0.6439365079365079,0.8414434450627986,0.8415787416293768,False,en,0.7627118644067796
semantic_kernel_heat_t=0.4_alpha_0.1,0.6382222222222221,0.838949446430801,0.8390931972300302,False,en,0.7627118644067796
semantic_kernel_heat_t=0.4_alpha_0.2,0.6341587301587303,0.8365805575064689,0.8367323384376448,False,en,0.7627118644067796
semantic_kernel_heat_t=0.4_alpha_0.3,0.6311746031746032,0.8343412398211464,0.8345006116597301,False,en,0.7627118644067796
semantic_kernel_heat_t=0.4_alpha_0.4,0.6328253968253967,0.8353522946795787,0.8355082392135575,False,en,0.7627118644067796
semantic_kernel_heat_t=0.4_alpha_0.5,0.6327619047619047,0.8362748904044285,0.8364277074952724,False,en,0.7627118644067796
semantic_kernel_heat_t=0.4_alpha_0.6,0.6306031746031746,0.8351544402639723,0.8353110554908856,False,en,0.7627118644067796
semantic_kernel_heat_t=0.4_alpha_0.7,0.6295238095238096,0.8323170923879506,0.8324833257432572,False,en,0.7627118644067796
semantic_kernel_heat_t=0.4_alpha_0.8,0.6281269841269841,0.8305488630056862,0.8307210903588989,False,en,0.7627118644067796
semantic_kernel_heat_t=0.4_alpha_0.9,0.6256507936507936,0.8271747675676866,0.8273584325325534,False,en,0.7627118644067796
semantic_kernel_heat_t=0.4_alpha_1.0,0.6241904761904762,0.8259335284940819,0.8261214010490286,False,en,0.7627118644067796
semantic_kernel_heatn_t=0.4_alpha_0.0,0.6439365079365079,0.8414434450627986,0.8415787416293768,False,en,0.7627118644067796
semantic_kernel_heatn_t=0.4_alpha_0.1,0.6366349206349207,0.8383423143637383,0.838488123237771,False,en,0.7627118644067796
semantic_kernel_heatn_t=0.4_alpha_0.2,0.6288253968253968,0.8346387581395608,0.834797121441472,False,en,0.7627118644067796
semantic_kernel_heatn_t=0.4_alpha_0.3,0.6196825396825397,0.8305467179265034,0.8307189525511707,False,en,0.7627118644067796
semantic_kernel_heatn_t=0.4_alpha_0.4,0.6122539682539683,0.8279123908564182,0.828093555403357,False,en,0.7627118644067796
semantic_kernel_heatn_t=0.4_alpha_0.5,0.6054603174603174,0.8251655082449144,0.825355984258333,False,en,0.7627118644067796
semantic_kernel_heatn_t=0.4_alpha_0.6,0.604,0.8245273952484691,0.8247200343567909,False,en,0.7627118644067796
semantic_kernel_heatn_t=0.4_alpha_0.7,0.6046349206349206,0.8253913154635845,0.8255810260288041,False,en,0.7627118644067796
semantic_kernel_heatn_t=0.4_alpha_0.8,0.6044444444444445,0.8253035991298533,0.8254936070385771,False,en,0.7627118644067796
semantic_kernel_heatn_t=0.4_alpha_0.9,0.5994285714285714,0.8189326861234149,0.8191442903474146,False,en,0.7627118644067796
semantic_kernel_heatn_t=0.4_alpha_1.0,0.5553650793650794,0.800913992761756,0.801186677302236,False,en,0.7627118644067796
semantic_kernel_heat_t=0.5_alpha_0.0,0.6439365079365079,0.8414434450627986,0.8415787416293768,False,en,0.7627118644067796
semantic_kernel_heat_t=0.5_alpha_0.1,0.6389206349206349,0.8391577791754219,0.8393008237619574,False,en,0.7627118644067796
semantic_kernel_heat_t=0.5_alpha_0.2,0.6354920634920634,0.8370214081402352,0.8371716946624831,False,en,0.7627118644067796
semantic_kernel_heat_t=0.5_alpha_0.3,0.633968253968254,0.8351619740238795,0.8353185637126235,False,en,0.7627118644067796
semantic_kernel_heat_t=0.5_alpha_0.4,0.6364444444444445,0.836685518505114,0.8368369436362946,False,en,0.7627118644067796
semantic_kernel_heat_t=0.5_alpha_0.5,0.64,0.8376935433664552,0.8378415514642075,False,en,0.7627118644067796
semantic_kernel_heat_t=0.5_alpha_0.6,0.6390476190476191,0.8373863139898801,0.8375353635431462,False,en,0.7627118644067796
semantic_kernel_heat_t=0.5_alpha_0.7,0.6421587301587303,0.8383448904185502,0.8384906905601937,False,en,0.7627118644067796
semantic_kernel_heat_t=0.5_alpha_0.8,0.6386031746031746,0.8341394860964884,0.8342995418460032,False,en,0.7627118644067796
semantic_kernel_heat_t=0.5_alpha_0.9,0.6312380952380953,0.8298324301723607,0.8300070861114489,False,en,0.7627118644067796
semantic_kernel_heat_t=0.5_alpha_1.0,0.6285079365079365,0.8279866657256778,0.8281675784933988,False,en,0.7627118644067796
semantic_kernel_heatn_t=0.5_alpha_0.0,0.6439365079365079,0.8414434450627986,0.8415787416293768,False,en,0.7627118644067796
semantic_kernel_heatn_t=0.5_alpha_0.1,0.6366984126984128,0.8383684786756168,0.8385141988570669,False,en,0.7627118644067796
semantic_kernel_heatn_t=0.5_alpha_0.2,0.6288253968253968,0.8346387581395608,0.834797121441472,False,en,0.7627118644067796
semantic_kernel_heatn_t=0.5_alpha_0.3,0.6196825396825397,0.8305467179265034,0.8307189525511707,False,en,0.7627118644067796
semantic_kernel_heatn_t=0.5_alpha_0.4,0.6125079365079364,0.8279907355306731,0.828171634502445,False,en,0.7627118644067796
semantic_kernel_heatn_t=0.5_alpha_0.5,0.6054603174603175,0.8250658865273106,0.8252567002414667,False,en,0.7627118644067796
semantic_kernel_heatn_t=0.5_alpha_0.6,0.6041904761904762,0.8245951145208351,0.8247875240723014,False,en,0.7627118644067796
semantic_kernel_heatn_t=0.5_alpha_0.7,0.6048253968253968,0.8255787227129684,0.8257677979993766,False,en,0.7627118644067796
semantic_kernel_heatn_t=0.5_alpha_0.8,0.6037460317460318,0.8249811349093783,0.8251722359171545,False,en,0.7627118644067796
semantic_kernel_heatn_t=0.5_alpha_0.9,0.5941587301587302,0.81549322639926,0.8157164898087657,False,en,0.7627118644067796
semantic_kernel_heatn_t=0.5_alpha_1.0,0.5559365079365078,0.8013122241837618,0.8015835587872181,False,en,0.7627118644067796
semantic_kernel_heat_t=0.6_alpha_0.0,0.6439365079365079,0.8414434450627986,0.8415787416293768,False,en,0.7627118644067796
semantic_kernel_heat_t=0.6_alpha_0.1,0.6393015873015873,0.8393829715802538,0.8395252528027051,False,en,0.7627118644067796
semantic_kernel_heat_t=0.6_alpha_0.2,0.6363809523809524,0.837409509680417,0.8375584806042237,False,en,0.7627118644067796
semantic_kernel_heat_t=0.6_alpha_0.3,0.6355555555555555,0.8364787297152629,0.836630855825392,False,en,0.7627118644067796
semantic_kernel_heat_t=0.6_alpha_0.4,0.6393650793650795,0.8374791558907831,0.8376278907257412,False,en,0.7627118644067796
semantic_kernel_heat_t=0.6_alpha_0.5,0.6425396825396825,0.8386293248407817,0.838774160797943,False,en,0.7627118644067796
semantic_kernel_heat_t=0.6_alpha_0.6,0.6441269841269842,0.8379612627678781,0.8381083633422357,False,en,0.7627118644067796
semantic_kernel_heat_t=0.6_alpha_0.7,0.6486349206349208,0.8404205375584015,0.8405593016080455,False,en,0.7627118644067796
semantic_kernel_heat_t=0.6_alpha_0.8,0.6448253968253969,0.8385549824899429,0.8387000704550732,False,en,0.7627118644067796
semantic_kernel_heat_t=0.6_alpha_0.9,0.6372698412698414,0.8329060725071881,0.8330703093197176,False,en,0.7627118644067796
semantic_kernel_heat_t=0.6_alpha_1.0,0.6286984126984128,0.8290106875324488,0.8291881290398078,False,en,0.7627118644067796
semantic_kernel_heatn_t=0.6_alpha_0.0,0.6439365079365079,0.8414434450627986,0.8415787416293768,False,en,0.7627118644067796
semantic_kernel_heatn_t=0.6_alpha_0.1,0.6366984126984128,0.8383684786756168,0.8385141988570669,False,en,0.7627118644067796
semantic_kernel_heatn_t=0.6_alpha_0.2,0.6287619047619047,0.8346170934227186,0.834775530164348,False,en,0.7627118644067796
semantic_kernel_heatn_t=0.6_alpha_0.3,0.6197460317460317,0.8305605445953822,0.8307327323499856,False,en,0.7627118644067796
semantic_kernel_heatn_t=0.6_alpha_0.4,0.6125714285714287,0.8280663213205446,0.8282469640693001,False,en,0.7627118644067796
semantic_kernel_heatn_t=0.6_alpha_0.5,0.6053968253968255,0.8250377878348534,0.8252286967988146,False,en,0.7627118644067796
semantic_kernel_heatn_t=0.6_alpha_0.6,0.6043809523809524,0.82463005990763,0.8248223510001581,False,en,0.7627118644067796
semantic_kernel_heatn_t=0.6_alpha_0.7,0.6047619047619047,0.8256247077502531,0.825813627155179,False,en,0.7627118644067796
semantic_kernel_heatn_t=0.6_alpha_0.8,0.6036190476190477,0.824648575188172,0.824840803517037,False,en,0.7627118644067796
semantic_kernel_heatn_t=0.6_alpha_0.9,0.5884444444444445,0.8131811746751516,0.8134122755481286,False,en,0.7627118644067796
semantic_kernel_heatn_t=0.6_alpha_1.0,0.5558095238095238,0.8013786911637666,0.8016498004554262,False,en,0.7627118644067796
semantic_kernel_heat_t=0.7_alpha_0.0,0.6439365079365079,0.8414434450627986,0.8415787416293768,False,en,0.7627118644067796
semantic_kernel_heat_t=0.7_alpha_0.1,0.6392380952380953,0.8393525761384233,0.8394949603962707,False,en,0.7627118644067796
semantic_kernel_heat_t=0.7_alpha_0.2,0.6363174603174603,0.8373713546817292,0.8375204549445144,False,en,0.7627118644067796
semantic_kernel_heat_t=0.7_alpha_0.3,0.636,0.8366964939898812,0.8368478819160287,False,en,0.7627118644067796
semantic_kernel_heat_t=0.7_alpha_0.4,0.6392380952380952,0.8375438038675029,0.837692319556777,False,en,0.7627118644067796
semantic_kernel_heat_t=0.7_alpha_0.5,0.6423492063492063,0.8382360793899677,0.8383822483825555,False,en,0.7627118644067796
semantic_kernel_heat_t=0.7_alpha_0.6,0.6464761904761904,0.8387076303617176,0.8388522008764351,False,en,0.7627118644067796
semantic_kernel_heat_t=0.7_alpha_0.7,0.6493333333333333,0.8399790994458733,0.8401193598958987,False,en,0.7627118644067796
semantic_kernel_heat_t=0.7_alpha_0.8,0.6498412698412699,0.8407263174859005,0.8408640449934175,False,en,0.7627118644067796
semantic_kernel_heat_t=0.7_alpha_0.9,0.6417142857142858,0.8361723452008012,0.8363255099025049,False,en,0.7627118644067796
semantic_kernel_heat_t=0.7_alpha_1.0,0.6262857142857143,0.8280848527411121,0.8282654326714927,False,en,0.7627118644067796
semantic_kernel_heatn_t=0.7_alpha_0.0,0.6439365079365079,0.8414434450627986,0.8415787416293768,False,en,0.7627118644067796
semantic_kernel_heatn_t=0.7_alpha_0.1,0.6366984126984128,0.8383684786756168,0.8385141988570669,False,en,0.7627118644067796
semantic_kernel_heatn_t=0.7_alpha_0.2,0.6288888888888889,0.8346982768394815,0.834856438383088,False,en,0.7627118644067796
semantic_kernel_heatn_t=0.7_alpha_0.3,0.6198095238095238,0.8305789303280536,0.8307510557581395,False,en,0.7627118644067796
semantic_kernel_heatn_t=0.7_alpha_0.4,0.6127619047619048,0.828136815412226,0.8283172191979586,False,en,0.7627118644067796
semantic_kernel_heatn_t=0.7_alpha_0.5,0.6057142857142858,0.825722920183032,0.8259115066644569,False,en,0.7627118644067796
semantic_kernel_heatn_t=0.7_alpha_0.6,0.6046984126984126,0.8254325069617705,0.8256220778947929,False,en,0.7627118644067796
semantic_kernel_heatn_t=0.7_alpha_0.7,0.6046349206349206,0.8255711491471162,0.8257602501066289,False,en,0.7627118644067796
semantic_kernel_heatn_t=0.7_alpha_0.8,0.6033015873015872,0.8241523558339465,0.8243462662623176,False,en,0.7627118644067796
semantic_kernel_heatn_t=0.7_alpha_0.9,0.5819047619047619,0.8099947016863206,0.8102366041626495,False,en,0.7627118644067796
semantic_kernel_heatn_t=0.7_alpha_1.0,0.556063492063492,0.8016035981798837,0.8018739450748786,False,en,0.7627118644067796
semantic_kernel_matern_kappa=1.0_nu=1.0_alpha_0.0,0.6439365079365079,0.8414434450627986,0.8415787416293768,False,en,0.7627118644067796
semantic_kernel_matern_kappa=1.0_nu=1.0_alpha_0.1,0.6371428571428571,0.8385833811916622,0.838728372890007,False,en,0.7627118644067796
semantic_kernel_matern_kappa=1.0_nu=1.0_alpha_0.2,0.630031746031746,0.8349841790688877,0.8351413714523943,False,en,0.7627118644067796
semantic_kernel_matern_kappa=1.0_nu=1.0_alpha_0.3,0.622031746031746,0.831634132567775,0.8318026810411161,False,en,0.7627118644067796
semantic_kernel_matern_kappa=1.0_nu=1.0_alpha_0.4,0.6173968253968254,0.8308924056373118,0.8310634684392306,False,en,0.7627118644067796
semantic_kernel_matern_kappa=1.0_nu=1.0_alpha_0.5,0.6119365079365079,0.8286773992280936,0.8288559705263149,False,en,0.7627118644067796
semantic_kernel_matern_kappa=1.0_nu=1.0_alpha_0.6,0.6103492063492064,0.8276588842906114,0.8278409081818412,False,en,0.7627118644067796
semantic_kernel_matern_kappa=1.0_nu=1.0_alpha_0.7,0.6041269841269842,0.8233964496143669,0.8235929224367026,False,en,0.7627118644067796
semantic_kernel_matern_kappa=1.0_nu=1.0_alpha_0.8,0.5951746031746031,0.8183936426403589,0.8186070741304029,False,en,0.7627118644067796
semantic_kernel_matern_kappa=1.0_nu=1.0_alpha_0.9,0.5903492063492065,0.8155723605344498,0.8157953556926496,False,en,0.7627118644067796
semantic_kernel_matern_kappa=1.0_nu=1.0_alpha_1.0,0.5907301587301588,0.8146573940346793,0.814883490774234,False,en,0.7627118644067796
semantic_kernel_maternn_kappa=1.0_nu=1.0_alpha_0.0,0.6439365079365079,0.8414434450627986,0.8415787416293768,False,en,0.7627118644067796
semantic_kernel_maternn_kappa=1.0_nu=1.0_alpha_0.1,0.6366349206349207,0.8383423143637383,0.838488123237771,False,en,0.7627118644067796
semantic_kernel_maternn_kappa=1.0_nu=1.0_alpha_0.2,0.6287619047619049,0.834627149400502,0.8347855520540711,False,en,0.7627118644067796
semantic_kernel_maternn_kappa=1.0_nu=1.0_alpha_0.3,0.6196825396825397,0.8305467179265034,0.8307189525511707,False,en,0.7627118644067796
semantic_kernel_maternn_kappa=1.0_nu=1.0_alpha_0.4,0.6122539682539683,0.8279123908564182,0.828093555403357,False,en,0.7627118644067796
semantic_kernel_maternn_kappa=1.0_nu=1.0_alpha_0.5,0.6055873015873016,0.8251999383709052,0.8253902976720322,False,en,0.7627118644067796
semantic_kernel_maternn_kappa=1.0_nu=1.0_alpha_0.6,0.6041904761904762,0.8247181479381405,0.8249101404271751,False,en,0.7627118644067796
semantic_kernel_maternn_kappa=1.0_nu=1.0_alpha_0.7,0.6043174603174603,0.8245757844877974,0.8247682595647994,False,en,0.7627118644067796
semantic_kernel_maternn_kappa=1.0_nu=1.0_alpha_0.8,0.6046349206349207,0.8254089325252005,0.8255985833715672,False,en,0.7627118644067796
semantic_kernel_maternn_kappa=1.0_nu=1.0_alpha_0.9,0.5998730158730159,0.8181712403870305,0.8183854257830181,False,en,0.7627118644067796
semantic_kernel_maternn_kappa=1.0_nu=1.0_alpha_1.0,0.5540317460317461,0.8004885921671225,0.8007627187435167,False,en,0.7627118644067796
semantic_kernel_matern_kappa=1.0_nu=2.0_alpha_0.0,0.6439365079365079,0.8414434450627986,0.8415787416293768,False,en,0.7627118644067796
semantic_kernel_matern_kappa=1.0_nu=2.0_alpha_0.1,0.6378412698412698,0.8388314473740901,0.8389755981701217,False,en,0.7627118644067796
semantic_kernel_matern_kappa=1.0_nu=2.0_alpha_0.2,0.6313650793650794,0.8355558227515384,0.8357110773598497,False,en,0.7627118644067796
semantic_kernel_matern_kappa=1.0_nu=2.0_alpha_0.3,0.6253968253968254,0.832875084410196,0.833039426267122,False,en,0.7627118644067796
semantic_kernel_matern_kappa=1.0_nu=2.0_alpha_0.4,0.6215873015873016,0.8324551550040131,0.8326209203504518,False,en,0.7627118644067796
semantic_kernel_matern_kappa=1.0_nu=2.0_alpha_0.5,0.6191746031746033,0.8317418609081573,0.8319100442006836,False,en,0.7627118644067796
semantic_kernel_matern_kappa=1.0_nu=2.0_alpha_0.6,0.6130793650793651,0.8287787632858652,0.828956990977111,False,en,0.7627118644067796
semantic_kernel_matern_kappa=1.0_nu=2.0_alpha_0.7,0.6071746031746031,0.8251970977571925,0.8253874666875186,False,en,0.7627118644067796
semantic_kernel_matern_kappa=1.0_nu=2.0_alpha_0.8,0.6026031746031747,0.8211784087552605,0.8213824003601693,False,en,0.7627118644067796
semantic_kernel_matern_kappa=1.0_nu=2.0_alpha_0.9,0.6013333333333333,0.8189215109287256,0.8191331530347413,False,en,0.7627118644067796
semantic_kernel_matern_kappa=1.0_nu=2.0_alpha_1.0,0.6036825396825396,0.8188984842372187,0.8191102043998157,False,en,0.7627118644067796
semantic_kernel_maternn_kappa=1.0_nu=2.0_alpha_0.0,0.6439365079365079,0.8414434450627986,0.8415787416293768,False,en,0.7627118644067796
semantic_kernel_maternn_kappa=1.0_nu=2.0_alpha_0.1,0.6366349206349207,0.8383423143637383,0.838488123237771,False,en,0.7627118644067796
semantic_kernel_maternn_kappa=1.0_nu=2.0_alpha_0.2,0.6287619047619049,0.834627149400502,0.8347855520540711,False,en,0.7627118644067796
semantic_kernel_maternn_kappa=1.0_nu=2.0_alpha_0.3,0.6196825396825397,0.8305467179265034,0.8307189525511707,False,en,0.7627118644067796
semantic_kernel_maternn_kappa=1.0_nu=2.0_alpha_0.4,0.6123809523809524,0.8279526410966821,0.8281336692021285,False,en,0.7627118644067796
semantic_kernel_maternn_kappa=1.0_nu=2.0_alpha_0.5,0.6054603174603175,0.8251352747335836,0.8253258532334812,False,en,0.7627118644067796
semantic_kernel_maternn_kappa=1.0_nu=2.0_alpha_0.6,0.6041269841269842,0.8245702177063217,0.8247627116537692,False,en,0.7627118644067796
semantic_kernel_maternn_kappa=1.0_nu=2.0_alpha_0.7,0.6046984126984126,0.8253593219605418,0.8255491409783142,False,en,0.7627118644067796
semantic_kernel_maternn_kappa=1.0_nu=2.0_alpha_0.8,0.6043174603174604,0.8252556401845781,0.8254458106659978,False,en,0.7627118644067796
semantic_kernel_maternn_kappa=1.0_nu=2.0_alpha_0.9,0.598920634920635,0.8178357959429744,0.8180511184387724,False,en,0.7627118644067796
semantic_kernel_maternn_kappa=1.0_nu=2.0_alpha_1.0,0.5551111111111111,0.8008963071499106,0.8011690516416172,False,en,0.7627118644067796
semantic_kernel_matern_kappa=1.0_nu=3.0_alpha_0.0,0.6439365079365079,0.8414434450627986,0.8415787416293768,False,en,0.7627118644067796
semantic_kernel_matern_kappa=1.0_nu=3.0_alpha_0.1,0.6377777777777779,0.8388570797873631,0.8390011436938583,False,en,0.7627118644067796
semantic_kernel_matern_kappa=1.0_nu=3.0_alpha_0.2,0.6318095238095238,0.8358135993206588,0.8359679801100918,False,en,0.7627118644067796
semantic_kernel_matern_kappa=1.0_nu=3.0_alpha_0.3,0.6270476190476191,0.833556064284365,0.833718097734938,False,en,0.7627118644067796
semantic_kernel_matern_kappa=1.0_nu=3.0_alpha_0.4,0.6251428571428571,0.8338132654497534,0.8339744270319692,False,en,0.7627118644067796
semantic_kernel_matern_kappa=1.0_nu=3.0_alpha_0.5,0.6222857142857143,0.8329779128505608,0.8331419061365025,False,en,0.7627118644067796
semantic_kernel_matern_kappa=1.0_nu=3.0_alpha_0.6,0.6186031746031746,0.8307930819060297,0.830964481398563,False,en,0.7627118644067796
semantic_kernel_matern_kappa=1.0_nu=3.0_alpha_0.7,0.6143492063492063,0.8269691206650149,0.8271534827380262,False,en,0.7627118644067796
semantic_kernel_matern_kappa=1.0_nu=3.0_alpha_0.8,0.6114920634920636,0.824913820678201,0.8251051498698118,False,en,0.7627118644067796
semantic_kernel_matern_kappa=1.0_nu=3.0_alpha_0.9,0.6087619047619047,0.8216422335182032,0.82184465283578,False,en,0.7627118644067796
semantic_kernel_matern_kappa=1.0_nu=3.0_alpha_1.0,0.6116190476190476,0.8217138527745018,0.8219160293149387,False,en,0.7627118644067796
semantic_kernel_maternn_kappa=1.0_nu=3.0_alpha_0.0,0.6439365079365079,0.8414434450627986,0.8415787416293768,False,en,0.7627118644067796
semantic_kernel_maternn_kappa=1.0_nu=3.0_alpha_0.1,0.6366349206349207,0.8383423143637383,0.838488123237771,False,en,0.7627118644067796
semantic_kernel_maternn_kappa=1.0_nu=3.0_alpha_0.2,0.6287619047619049,0.834627149400502,0.8347855520540711,False,en,0.7627118644067796
semantic_kernel_maternn_kappa=1.0_nu=3.0_alpha_0.3,0.6196825396825397,0.8305467179265034,0.8307189525511707,False,en,0.7627118644067796
semantic_kernel_maternn_kappa=1.0_nu=3.0_alpha_0.4,0.6124444444444445,0.8279671149713383,0.8281480940128028,False,en,0.7627118644067796
semantic_kernel_maternn_kappa=1.0_nu=3.0_alpha_0.5,0.6054603174603175,0.8251352747335836,0.8253258532334812,False,en,0.7627118644067796
semantic_kernel_maternn_kappa=1.0_nu=3.0_alpha_0.6,0.6042539682539683,0.8252694918293786,0.8254596153560702,False,en,0.7627118644067796
semantic_kernel_maternn_kappa=1.0_nu=3.0_alpha_0.7,0.6048253968253968,0.8255193541962718,0.8257086307318893,False,en,0.7627118644067796
semantic_kernel_maternn_kappa=1.0_nu=3.0_alpha_0.8,0.6043174603174603,0.8252007722549668,0.8253911287293683,False,en,0.7627118644067796
semantic_kernel_maternn_kappa=1.0_nu=3.0_alpha_0.9,0.5972698412698413,0.8168844123064593,0.8171029598315336,False,en,0.7627118644067796
semantic_kernel_maternn_kappa=1.0_nu=3.0_alpha_1.0,0.5551111111111111,0.8009071109623209,0.8011798188309348,False,en,0.7627118644067796
semantic_kernel_matern_kappa=2.0_nu=1.0_alpha_0.0,0.6439365079365079,0.8414434450627986,0.8415787416293768,False,en,0.7627118644067796
semantic_kernel_matern_kappa=2.0_nu=1.0_alpha_0.1,0.6381587301587301,0.838894482694323,0.8390384198113027,False,en,0.7627118644067796
semantic_kernel_matern_kappa=2.0_nu=1.0_alpha_0.2,0.6327619047619049,0.8360116377065938,0.8361653471794643,False,en,0.7627118644067796
semantic_kernel_matern_kappa=2.0_nu=1.0_alpha_0.3,0.6268571428571429,0.8323775148960708,0.8325435434293159,False,en,0.7627118644067796
semantic_kernel_matern_kappa=2.0_nu=1.0_alpha_0.4,0.6236825396825396,0.8323099986069948,0.8324762560090165,False,en,0.7627118644067796
semantic_kernel_matern_kappa=2.0_nu=1.0_alpha_0.5,0.6217142857142857,0.8326974941230041,0.8328624379809038,False,en,0.7627118644067796
semantic_kernel_matern_kappa=2.0_nu=1.0_alpha_0.6,0.6184761904761905,0.8309230912621958,0.8310940500450471,False,en,0.7627118644067796
semantic_kernel_matern_kappa=2.0_nu=1.0_alpha_0.7,0.6128253968253968,0.8280519534463782,0.8282326448997919,False,en,0.7627118644067796
semantic_kernel_matern_kappa=2.0_nu=1.0_alpha_0.8,0.6064761904761905,0.8232693848831347,0.8234662884333728,False,en,0.7627118644067796
semantic_kernel_matern_kappa=2.0_nu=1.0_alpha_0.9,0.6032380952380951,0.8193904731880925,0.8196005255915342,False,en,0.7627118644067796
semantic_kernel_matern_kappa=2.0_nu=1.0_alpha_1.0,0.6050158730158731,0.8187729320928328,0.8189850778559192,False,en,0.7627118644067796
semantic_kernel_maternn_kappa=2.0_nu=1.0_alpha_0.0,0.6439365079365079,0.8414434450627986,0.8415787416293768,False,en,0.7627118644067796
semantic_kernel_maternn_kappa=2.0_nu=1.0_alpha_0.1,0.6366984126984128,0.8383513880631617,0.8384971661788913,False,en,0.7627118644067796
semantic_kernel_maternn_kappa=2.0_nu=1.0_alpha_0.2,0.6289523809523809,0.8347319002518652,0.8348899478178026,False,en,0.7627118644067796
semantic_kernel_maternn_kappa=2.0_nu=1.0_alpha_0.3,0.6199365079365079,0.8306949971061739,0.8308667290895543,False,en,0.7627118644067796
semantic_kernel_maternn_kappa=2.0_nu=1.0_alpha_0.4,0.6127619047619048,0.828316147241791,0.8284959431230169,False,en,0.7627118644067796
semantic_kernel_maternn_kappa=2.0_nu=1.0_alpha_0.5,0.6059682539682539,0.8260992026662721,0.8262865136138556,False,en,0.7627118644067796
semantic_kernel_maternn_kappa=2.0_nu=1.0_alpha_0.6,0.6046349206349207,0.8255083837453926,0.825697697468979,False,en,0.7627118644067796
semantic_kernel_maternn_kappa=2.0_nu=1.0_alpha_0.7,0.6046349206349206,0.8253361835910815,0.8255260810440048,False,en,0.7627118644067796
semantic_kernel_maternn_kappa=2.0_nu=1.0_alpha_0.8,0.6014603174603175,0.8193923028322136,0.8196023490334718,False,en,0.7627118644067796
semantic_kernel_maternn_kappa=2.0_nu=1.0_alpha_0.9,0.5720000000000001,0.8061436594003408,0.8063986162573002,False,en,0.7627118644067796
semantic_kernel_maternn_kappa=2.0_nu=1.0_alpha_1.0,0.5616507936507936,0.8033593932978363,0.8036237883449738,False,en,0.7627118644067796
semantic_kernel_matern_kappa=2.0_nu=2.0_alpha_0.0,0.6439365079365079,0.8414434450627986,0.8415787416293768,False,en,0.7627118644067796
semantic_kernel_matern_kappa=2.0_nu=2.0_alpha_0.1,0.6390476190476191,0.8394236341714896,0.8395657775546486,False,en,0.7627118644067796
semantic_kernel_matern_kappa=2.0_nu=2.0_alpha_0.2,0.6347301587301587,0.8367312847812076,0.8368825547724692,False,en,0.7627118644067796
semantic_kernel_matern_kappa=2.0_nu=2.0_alpha_0.3,0.6331428571428571,0.8358756012427626,0.8360297718561883,False,en,0.7627118644067796
semantic_kernel_matern_kappa=2.0_nu=2.0_alpha_0.4,0.6314920634920634,0.8343492529954908,0.8345085976707718,False,en,0.7627118644067796
semantic_kernel_matern_kappa=2.0_nu=2.0_alpha_0.5,0.6325079365079366,0.834896396709663,0.8350538866604891,False,en,0.7627118644067796
semantic_kernel_matern_kappa=2.0_nu=2.0_alpha_0.6,0.6317460317460317,0.834803735310316,0.8349615393675808,False,en,0.7627118644067796
semantic_kernel_matern_kappa=2.0_nu=2.0_alpha_0.7,0.6337142857142858,0.8355478517994182,0.8357031334279061,False,en,0.7627118644067796
semantic_kernel_matern_kappa=2.0_nu=2.0_alpha_0.8,0.6316190476190476,0.8332074791801589,0.8333706942751529,False,en,0.7627118644067796
semantic_kernel_matern_kappa=2.0_nu=2.0_alpha_0.9,0.6273015873015874,0.8295673836694679,0.8297429380712777,False,en,0.7627118644067796
semantic_kernel_matern_kappa=2.0_nu=2.0_alpha_1.0,0.6239999999999999,0.8259369431847113,0.8261248041644357,False,en,0.7627118644067796
semantic_kernel_maternn_kappa=2.0_nu=2.0_alpha_0.0,0.6439365079365079,0.8414434450627986,0.8415787416293768,False,en,0.7627118644067796
semantic_kernel_maternn_kappa=2.0_nu=2.0_alpha_0.1,0.6369523809523809,0.838407207531819,0.8385527964290108,False,en,0.7627118644067796
semantic_kernel_maternn_kappa=2.0_nu=2.0_alpha_0.2,0.6293333333333334,0.8348888022108744,0.8350463179057641,False,en,0.7627118644067796
semantic_kernel_maternn_kappa=2.0_nu=2.0_alpha_0.3,0.6201904761904762,0.8308150503529157,0.8309863753761377,False,en,0.7627118644067796
semantic_kernel_maternn_kappa=2.0_nu=2.0_alpha_0.4,0.6132063492063493,0.8285322578328232,0.8287113211357743,False,en,0.7627118644067796
semantic_kernel_maternn_kappa=2.0_nu=2.0_alpha_0.5,0.6065396825396826,0.8263409061428953,0.8265273977566596,False,en,0.7627118644067796
semantic_kernel_maternn_kappa=2.0_nu=2.0_alpha_0.6,0.6049523809523809,0.825657449397341,0.8258462578136327,False,en,0.7627118644067796
semantic_kernel_maternn_kappa=2.0_nu=2.0_alpha_0.7,0.6048253968253967,0.824102781682604,0.8242968601589455,False,en,0.7627118644067796
semantic_kernel_maternn_kappa=2.0_nu=2.0_alpha_0.8,0.596,0.8168219447534759,0.817040704032967,False,en,0.7627118644067796
semantic_kernel_maternn_kappa=2.0_nu=2.0_alpha_0.9,0.5706031746031747,0.806444156543787,0.8066980947663618,False,en,0.7627118644067796
semantic_kernel_maternn_kappa=2.0_nu=2.0_alpha_1.0,0.5640000000000001,0.8044424046162648,0.8047031284385939,False,en,0.7627118644067796
semantic_kernel_matern_kappa=2.0_nu=3.0_alpha_0.0,0.6439365079365079,0.8414434450627986,0.8415787416293768,False,en,0.7627118644067796
semantic_kernel_matern_kappa=2.0_nu=3.0_alpha_0.1,0.6392380952380953,0.8394457239760383,0.8395877924785039,False,en,0.7627118644067796
semantic_kernel_matern_kappa=2.0_nu=3.0_alpha_0.2,0.6355555555555555,0.8371652863518197,0.8373150851513166,False,en,0.7627118644067796
semantic_kernel_matern_kappa=2.0_nu=3.0_alpha_0.3,0.634984126984127,0.8367044130057539,0.8368557740877798,False,en,0.7627118644067796
semantic_kernel_matern_kappa=2.0_nu=3.0_alpha_0.4,0.632825396825397,0.8352213402761147,0.8353777287233258,False,en,0.7627118644067796
semantic_kernel_matern_kappa=2.0_nu=3.0_alpha_0.5,0.6340317460317461,0.8349860617723085,0.8351432477737698,False,en,0.7627118644067796
semantic_kernel_matern_kappa=2.0_nu=3.0_alpha_0.6,0.6369523809523809,0.8361134943446098,0.8362668585407412,False,en,0.7627118644067796
semantic_kernel_matern_kappa=2.0_nu=3.0_alpha_0.7,0.6400634920634921,0.8371345270856827,0.8372844301538783,False,en,0.7627118644067796
semantic_kernel_matern_kappa=2.0_nu=3.0_alpha_0.8,0.6417777777777778,0.8371769945027353,0.837326753613585,False,en,0.7627118644067796
semantic_kernel_matern_kappa=2.0_nu=3.0_alpha_0.9,0.6362539682539682,0.8345451476982365,0.8347038283236776,False,en,0.7627118644067796
semantic_kernel_matern_kappa=2.0_nu=3.0_alpha_1.0,0.6272380952380952,0.8274682178821704,0.8276508881002084,False,en,0.7627118644067796
semantic_kernel_maternn_kappa=2.0_nu=3.0_alpha_0.0,0.6439365079365079,0.8414434450627986,0.8415787416293768,False,en,0.7627118644067796
semantic_kernel_maternn_kappa=2.0_nu=3.0_alpha_0.1,0.6370793650793651,0.8384341359555765,0.8385796335699758,False,en,0.7627118644067796
semantic_kernel_maternn_kappa=2.0_nu=3.0_alpha_0.2,0.6294603174603174,0.83496273499318,0.8351200000684688,False,en,0.7627118644067796
semantic_kernel_maternn_kappa=2.0_nu=3.0_alpha_0.3,0.6204444444444445,0.8309807450696494,0.8311515084158654,False,en,0.7627118644067796
semantic_kernel_maternn_kappa=2.0_nu=3.0_alpha_0.4,0.6133333333333334,0.8285158210533884,0.8286949400742359,False,en,0.7627118644067796
semantic_kernel_maternn_kappa=2.0_nu=3.0_alpha_0.5,0.6071746031746033,0.8265169078850197,0.8267028028827093,False,en,0.7627118644067796
semantic_kernel_maternn_kappa=2.0_nu=3.0_alpha_0.6,0.6052698412698414,0.8261131595522342,0.8263004231883397,False,en,0.7627118644067796
semantic_kernel_maternn_kappa=2.0_nu=3.0_alpha_0.7,0.6045714285714286,0.8239952877244168,0.8241897305870574,False,en,0.7627118644067796
semantic_kernel_maternn_kappa=2.0_nu=3.0_alpha_0.8,0.5947936507936508,0.8167780861597401,0.8169969941124304,False,en,0.7627118644067796
semantic_kernel_maternn_kappa=2.0_nu=3.0_alpha_0.9,0.5719365079365081,0.8071533419015591,0.8074048761059719,False,en,0.7627118644067796
semantic_kernel_maternn_kappa=2.0_nu=3.0_alpha_1.0,0.5662857142857144,0.8053036176844188,0.8055614221404154,False,en,0.7627118644067796
semantic_kernel_matern_kappa=3.0_nu=1.0_alpha_0.0,0.6439365079365079,0.8414434450627986,0.8415787416293768,False,en,0.7627118644067796
semantic_kernel_matern_kappa=3.0_nu=1.0_alpha_0.1,0.6387936507936508,0.8392307537586722,0.839373550973739,False,en,0.7627118644067796
semantic_kernel_matern_kappa=3.0_nu=1.0_alpha_0.2,0.6338412698412699,0.8363718848603783,0.8365243731564562,False,en,0.7627118644067796
semantic_kernel_matern_kappa=3.0_nu=1.0_alpha_0.3,0.6298412698412699,0.8346156090234346,0.834774050796926,False,en,0.7627118644067796
semantic_kernel_matern_kappa=3.0_nu=1.0_alpha_0.4,0.6262222222222222,0.8320768544655399,0.8322439021866851,False,en,0.7627118644067796
semantic_kernel_matern_kappa=3.0_nu=1.0_alpha_0.5,0.6237460317460317,0.8323044978761309,0.8324707739246977,False,en,0.7627118644067796
semantic_kernel_matern_kappa=3.0_nu=1.0_alpha_0.6,0.6234285714285713,0.8331239540213006,0.8332874522524262,False,en,0.7627118644067796
semantic_kernel_matern_kappa=3.0_nu=1.0_alpha_0.7,0.62,0.8310687954047258,0.8312392602752298,False,en,0.7627118644067796
semantic_kernel_matern_kappa=3.0_nu=1.0_alpha_0.8,0.6142857142857142,0.8270883231106609,0.8272722811075853,False,en,0.7627118644067796
semantic_kernel_matern_kappa=3.0_nu=1.0_alpha_0.9,0.6120000000000001,0.8230150212070816,0.8232127870070689,False,en,0.7627118644067796
semantic_kernel_matern_kappa=3.0_nu=1.0_alpha_1.0,0.6116825396825396,0.8209012386280925,0.8211061697927545,False,en,0.7627118644067796
semantic_kernel_maternn_kappa=3.0_nu=1.0_alpha_0.0,0.6439365079365079,0.8414434450627986,0.8415787416293768,False,en,0.7627118644067796
semantic_kernel_maternn_kappa=3.0_nu=1.0_alpha_0.1,0.6372063492063492,0.8385597542895022,0.8387048260790408,False,en,0.7627118644067796
semantic_kernel_maternn_kappa=3.0_nu=1.0_alpha_0.2,0.6295873015873016,0.8350192771169545,0.8351763505240271,False,en,0.7627118644067796
semantic_kernel_maternn_kappa=3.0_nu=1.0_alpha_0.3,0.6205079365079366,0.8309615724697339,0.8311324008078139,False,en,0.7627118644067796
semantic_kernel_maternn_kappa=3.0_nu=1.0_alpha_0.4,0.6133333333333334,0.8287774329255856,0.8289556651265272,False,en,0.7627118644067796
semantic_kernel_maternn_kappa=3.0_nu=1.0_alpha_0.5,0.6070476190476191,0.8264894142142485,0.8266754024108218,False,en,0.7627118644067796
semantic_kernel_maternn_kappa=3.0_nu=1.0_alpha_0.6,0.6064126984126984,0.8262848643510299,0.82647154593697,False,en,0.7627118644067796
semantic_kernel_maternn_kappa=3.0_nu=1.0_alpha_0.7,0.6036190476190477,0.822464700178596,0.8226643314735952,False,en,0.7627118644067796
semantic_kernel_maternn_kappa=3.0_nu=1.0_alpha_0.8,0.5871746031746032,0.8125539072458683,0.8127871344491141,False,en,0.7627118644067796
semantic_kernel_maternn_kappa=3.0_nu=1.0_alpha_0.9,0.5704126984126985,0.8059901780782774,0.8062456552109049,False,en,0.7627118644067796
semantic_kernel_maternn_kappa=3.0_nu=1.0_alpha_1.0,0.5666031746031747,0.8047953222864677,0.8050548497777115,False,en,0.7627118644067796
semantic_kernel_matern_kappa=3.0_nu=2.0_alpha_0.0,0.6439365079365079,0.8414434450627986,0.8415787416293768,False,en,0.7627118644067796
semantic_kernel_matern_kappa=3.0_nu=2.0_alpha_0.1,0.6393650793650794,0.8396129144517581,0.8397544162068482,False,en,0.7627118644067796
semantic_kernel_matern_kappa=3.0_nu=2.0_alpha_0.2,0.6352380952380953,0.8370524027039888,0.837202584159919,False,en,0.7627118644067796
semantic_kernel_matern_kappa=3.0_nu=2.0_alpha_0.3,0.633968253968254,0.8363879975638502,0.8365404312405945,False,en,0.7627118644067796
semantic_kernel_matern_kappa=3.0_nu=2.0_alpha_0.4,0.6307301587301587,0.8347027333564148,0.8348608797931842,False,en,0.7627118644067796
semantic_kernel_matern_kappa=3.0_nu=2.0_alpha_0.5,0.6294603174603174,0.834201417631204,0.834361263443313,False,en,0.7627118644067796
semantic_kernel_matern_kappa=3.0_nu=2.0_alpha_0.6,0.6306666666666667,0.8336638407978009,0.8338255089042604,False,en,0.7627118644067796
semantic_kernel_matern_kappa=3.0_nu=2.0_alpha_0.7,0.6332698412698413,0.8354362603381259,0.8355919202427539,False,en,0.7627118644067796
semantic_kernel_matern_kappa=3.0_nu=2.0_alpha_0.8,0.6359365079365079,0.8362172615018755,0.8363702739449312,False,en,0.7627118644067796
semantic_kernel_matern_kappa=3.0_nu=2.0_alpha_0.9,0.6363174603174603,0.8342932917786582,0.8344528261529792,False,en,0.7627118644067796
semantic_kernel_matern_kappa=3.0_nu=2.0_alpha_1.0,0.6246349206349207,0.8265039006098468,0.8266898396999943,False,en,0.7627118644067796
semantic_kernel_maternn_kappa=3.0_nu=2.0_alpha_0.0,0.6439365079365079,0.8414434450627986,0.8415787416293768,False,en,0.7627118644067796
semantic_kernel_maternn_kappa=3.0_nu=2.0_alpha_0.1,0.637968253968254,0.8389169545651736,0.8390608155063202,False,en,0.7627118644067796
semantic_kernel_maternn_kappa=3.0_nu=2.0_alpha_0.2,0.6311746031746032,0.8355932095712174,0.8357483374445468,False,en,0.7627118644067796
semantic_kernel_maternn_kappa=3.0_nu=2.0_alpha_0.3,0.6228571428571429,0.8316870304579917,0.8318553996164506,False,en,0.7627118644067796
semantic_kernel_maternn_kappa=3.0_nu=2.0_alpha_0.4,0.6177142857142858,0.8308490032799645,0.8310202132085184,False,en,0.7627118644067796
semantic_kernel_maternn_kappa=3.0_nu=2.0_alpha_0.5,0.6113015873015873,0.8279477461892504,0.8281287908876035,False,en,0.7627118644067796
semantic_kernel_maternn_kappa=3.0_nu=2.0_alpha_0.6,0.6079365079365079,0.82684851295299,0.8270332838657032,False,en,0.7627118644067796
semantic_kernel_maternn_kappa=3.0_nu=2.0_alpha_0.7,0.6022857142857143,0.8214688015469789,0.8216718087695429,False,en,0.7627118644067796
semantic_kernel_maternn_kappa=3.0_nu=2.0_alpha_0.8,0.587047619047619,0.8135043045578814,0.8137343100753236,False,en,0.7627118644067796
semantic_kernel_maternn_kappa=3.0_nu=2.0_alpha_0.9,0.5754920634920635,0.808137808882619,0.8083860059108249,False,en,0.7627118644067796
semantic_kernel_maternn_kappa=3.0_nu=2.0_alpha_1.0,0.5707936507936507,0.8051862253621945,0.8054444277582663,False,en,0.7627118644067796
semantic_kernel_matern_kappa=3.0_nu=3.0_alpha_0.0,0.6439365079365079,0.8414434450627986,0.8415787416293768,False,en,0.7627118644067796
semantic_kernel_matern_kappa=3.0_nu=3.0_alpha_0.1,0.6391111111111112,0.8395163611405216,0.839658190194972,False,en,0.7627118644067796
semantic_kernel_matern_kappa=3.0_nu=3.0_alpha_0.2,0.6351746031746033,0.837034022645132,0.8371842664063466,False,en,0.7627118644067796
semantic_kernel_matern_kappa=3.0_nu=3.0_alpha_0.3,0.6334603174603175,0.836204987318696,0.8363580413691525,False,en,0.7627118644067796
semantic_kernel_matern_kappa=3.0_nu=3.0_alpha_0.4,0.6314920634920635,0.834989960031858,0.8351471328188801,False,en,0.7627118644067796
semantic_kernel_matern_kappa=3.0_nu=3.0_alpha_0.5,0.629079365079365,0.8339550688896105,0.8341157497821996,False,en,0.7627118644067796
semantic_kernel_matern_kappa=3.0_nu=3.0_alpha_0.6,0.6295238095238095,0.8339460689495466,0.8341067803504071,False,en,0.7627118644067796
semantic_kernel_matern_kappa=3.0_nu=3.0_alpha_0.7,0.6288253968253968,0.8334773320664971,0.8336396324059442,False,en,0.7627118644067796
semantic_kernel_matern_kappa=3.0_nu=3.0_alpha_0.8,0.6336507936507937,0.8340700802309716,0.8342303712546069,False,en,0.7627118644067796
semantic_kernel_matern_kappa=3.0_nu=3.0_alpha_0.9,0.6385396825396825,0.8357780674577316,0.8359325686941574,False,en,0.7627118644067796
semantic_kernel_matern_kappa=3.0_nu=3.0_alpha_1.0,0.6295238095238095,0.8283600321246712,0.8285396792435821,False,en,0.7627118644067796
semantic_kernel_maternn_kappa=3.0_nu=3.0_alpha_0.0,0.6439365079365079,0.8414434450627986,0.8415787416293768,False,en,0.7627118644067796
semantic_kernel_maternn_kappa=3.0_nu=3.0_alpha_0.1,0.6381587301587301,0.8390303960059435,0.8391738723998332,False,en,0.7627118644067796
semantic_kernel_maternn_kappa=3.0_nu=3.0_alpha_0.2,0.6323174603174603,0.8360066246671114,0.8361603511333361,False,en,0.7627118644067796
semantic_kernel_maternn_kappa=3.0_nu=3.0_alpha_0.3,0.6250158730158731,0.8328468268754985,0.8330112645206778,False,en,0.7627118644067796
semantic_kernel_maternn_kappa=3.0_nu=3.0_alpha_0.4,0.6212063492063492,0.8320636273231641,0.8322307198820801,False,en,0.7627118644067796
semantic_kernel_maternn_kappa=3.0_nu=3.0_alpha_0.5,0.6154920634920634,0.8296792418622874,0.8298544170837826,False,en,0.7627118644067796
semantic_kernel_maternn_kappa=3.0_nu=3.0_alpha_0.6,0.6111111111111112,0.8280402671573885,0.8282209982253411,False,en,0.7627118644067796
semantic_kernel_maternn_kappa=3.0_nu=3.0_alpha_0.7,0.6054603174603175,0.823289172917063,0.8234860093892201,False,en,0.7627118644067796
semantic_kernel_maternn_kappa=3.0_nu=3.0_alpha_0.8,0.5925079365079365,0.8161413582697798,0.816362424622097,False,en,0.7627118644067796
semantic_kernel_maternn_kappa=3.0_nu=3.0_alpha_0.9,0.5813333333333334,0.8103580416872389,0.810598712502548,False,en,0.7627118644067796
semantic_kernel_maternn_kappa=3.0_nu=3.0_alpha_1.0,0.5756190476190475,0.8058084598812377,0.8060645530077535,False,en,0.7627118644067796
semantic_kernel_prod_heat_t=0.1,0.5874285714285714,0.8132433878400924,0.8134742778209849,False,en,0.7627118644067796
semantic_kernel_sum_heat_t=0.1,0.5501235557336539,0.7971594010976708,0.797446852944779,False,en,0.7627118644067796
semantic_kernel_prod_heatn_t=0.1,0.5546031746031745,0.8002835614391481,0.8005583830349591,False,en,0.7627118644067796
semantic_kernel_sum_heatn_t=0.1,0.5189206349206349,0.7902032647051499,0.7905122567983642,False,en,0.7627118644067796
semantic_kernel_prod_heat_t=0.2,0.6003809523809523,0.8188647291697391,0.8190765637562937,False,en,0.7627118644067796
semantic_kernel_sum_heat_t=0.2,0.5589035363046663,0.7782103251499488,0.7786098976022301,False,en,0.7627118644067796
semantic_kernel_prod_heatn_t=0.2,0.5547301587301586,0.8003567664867952,0.8006313399299023,False,en,0.7627118644067796
semantic_kernel_sum_heatn_t=0.2,0.5194285714285714,0.7902957597087179,0.7906044382595473,False,en,0.7627118644067796
semantic_kernel_prod_heat_t=0.3,0.6138412698412697,0.822586349498073,0.8227855684224978,False,en,0.7627118644067796
semantic_kernel_sum_heat_t=0.3,0.5909273384183059,0.750591495391504,0.75121772894292,False,en,0.7627118644067796
semantic_kernel_prod_heatn_t=0.3,0.555047619047619,0.8007336346318842,0.8010069305558553,False,en,0.7627118644067796
semantic_kernel_sum_heatn_t=0.3,0.5197460317460317,0.7907090209793222,0.7910162986444883,False,en,0.7627118644067796
semantic_kernel_prod_heat_t=0.4,0.6241904761904762,0.8259335284940819,0.8261214010490286,False,en,0.7627118644067796
semantic_kernel_sum_heat_t=0.4,0.6352813852813852,0.7737746117098003,0.7743669422663664,False,en,0.7627118644067796
semantic_kernel_prod_heatn_t=0.4,0.5553650793650794,0.800913992761756,0.801186677302236,False,en,0.7627118644067796
semantic_kernel_sum_heatn_t=0.4,0.5198095238095238,0.7904112556862218,0.7907195427252632,False,en,0.7627118644067796
semantic_kernel_prod_heat_t=0.5,0.6285079365079365,0.8279866657256778,0.8281675784933988,False,en,0.7627118644067796
semantic_kernel_sum_heat_t=0.5,0.6044880785413745,0.7684002284883493,0.7691662262034658,False,en,0.7627118644067796
semantic_kernel_prod_heatn_t=0.5,0.5559365079365078,0.8013122241837618,0.8015835587872181,False,en,0.7627118644067796
semantic_kernel_sum_heatn_t=0.5,0.5193015873015874,0.789664825660671,0.7899756429709853,False,en,0.7627118644067796
semantic_kernel_prod_heat_t=0.6,0.6286984126984128,0.8290106875324488,0.8291881290398078,False,en,0.7627118644067796
semantic_kernel_sum_heat_t=0.6,0.6089552238805971,0.7695133605732647,0.7702952931935637,False,en,0.7627118644067796
semantic_kernel_prod_heatn_t=0.6,0.5558095238095238,0.8013786911637666,0.8016498004554262,False,en,0.7627118644067796
semantic_kernel_sum_heatn_t=0.6,0.5203809523809524,0.790458164663374,0.7907662926889335,False,en,0.7627118644067796
semantic_kernel_prod_heat_t=0.7,0.6262857142857143,0.8280848527411121,0.8282654326714927,False,en,0.7627118644067796
semantic_kernel_sum_heat_t=0.7,0.6072984749455338,0.7909432935355575,0.7916480455703633,False,en,0.7627118644067796
semantic_kernel_prod_heatn_t=0.7,0.556063492063492,0.8016035981798837,0.8018739450748786,False,en,0.7627118644067796
semantic_kernel_sum_heatn_t=0.7,0.5213968253968253,0.7911798348685632,0.791485516554444,False,en,0.7627118644067796
semantic_kernel_prod_matern_kappa=1.0_nu=1.0,0.5907301587301588,0.8146573940346793,0.814883490774234,False,en,0.7627118644067796
semantic_kernel_sum_matern_kappa=1.0_nu=1.0,0.5641904761904762,0.8050981476234069,0.8053566485880848,False,en,0.7627118644067796
semantic_kernel_prod_maternn_kappa=1.0_nu=1.0,0.5540317460317461,0.8004885921671225,0.8007627187435167,False,en,0.7627118644067796
semantic_kernel_sum_maternn_kappa=1.0_nu=1.0,0.5198730158730159,0.7906450175411643,0.790952512167138,False,en,0.7627118644067796
semantic_kernel_prod_matern_kappa=1.0_nu=2.0,0.6036825396825396,0.8188984842372187,0.8191102043998157,False,en,0.7627118644067796
semantic_kernel_sum_matern_kappa=1.0_nu=2.0,0.5775938516109962,0.7982490010861382,0.7985276908799352,False,en,0.7627118644067796
semantic_kernel_prod_maternn_kappa=1.0_nu=2.0,0.5551111111111111,0.8008963071499106,0.8011690516416172,False,en,0.7627118644067796
semantic_kernel_sum_maternn_kappa=1.0_nu=2.0,0.5195555555555555,0.7899181792331936,0.7902281377178385,False,en,0.7627118644067796
semantic_kernel_prod_matern_kappa=1.0_nu=3.0,0.6116190476190476,0.8217138527745018,0.8219160293149387,False,en,0.7627118644067796
semantic_kernel_sum_matern_kappa=1.0_nu=3.0,0.5915251002099637,0.7917099765464543,0.7920307163267765,False,en,0.7627118644067796
semantic_kernel_prod_maternn_kappa=1.0_nu=3.0,0.5551111111111111,0.8009071109623209,0.8011798188309348,False,en,0.7627118644067796
semantic_kernel_sum_maternn_kappa=1.0_nu=3.0,0.5194920634920634,0.7897055941991801,0.7900162733110588,False,en,0.7627118644067796
semantic_kernel_prod_matern_kappa=2.0_nu=1.0,0.6050158730158731,0.8187729320928328,0.8189850778559192,False,en,0.7627118644067796
semantic_kernel_sum_matern_kappa=2.0_nu=1.0,0.5821797621368687,0.8102121061933723,0.8104574391004787,False,en,0.7627118644067796
semantic_kernel_prod_maternn_kappa=2.0_nu=1.0,0.5616507936507937,0.8033593932978363,0.8036237883449738,False,en,0.7627118644067796
semantic_kernel_sum_maternn_kappa=2.0_nu=1.0,0.5227936507936508,0.7909874848460786,0.7912938185659338,False,en,0.7627118644067796
semantic_kernel_prod_matern_kappa=2.0_nu=2.0,0.6239999999999999,0.8259369431847113,0.8261248041644357,False,en,0.7627118644067796
semantic_kernel_sum_matern_kappa=2.0_nu=2.0,0.6082451499118167,0.8047239363605669,0.8050305221250943,False,en,0.7627118644067796
semantic_kernel_prod_maternn_kappa=2.0_nu=2.0,0.5640000000000001,0.8044424046162648,0.8047031284385939,False,en,0.7627118644067796
semantic_kernel_sum_maternn_kappa=2.0_nu=2.0,0.521968253968254,0.7906402639062153,0.7909477746462058,False,en,0.7627118644067796
semantic_kernel_prod_matern_kappa=2.0_nu=3.0,0.6272380952380952,0.8274682178821704,0.8276508881002084,False,en,0.7627118644067796
semantic_kernel_sum_matern_kappa=2.0_nu=3.0,0.597254004576659,0.7813067548986041,0.7817751501804878,False,en,0.7627118644067796
semantic_kernel_prod_maternn_kappa=2.0_nu=3.0,0.5662857142857143,0.8053036176844188,0.8055614221404154,False,en,0.7627118644067796
semantic_kernel_sum_maternn_kappa=2.0_nu=3.0,0.5225396825396825,0.790698920881334,0.7910062327841205,False,en,0.7627118644067796
semantic_kernel_prod_matern_kappa=3.0_nu=1.0,0.6116825396825396,0.8209012386280925,0.8211061697927545,False,en,0.7627118644067796
semantic_kernel_sum_matern_kappa=3.0_nu=1.0,0.5901185770750987,0.8106295081357247,0.8108716995863631,False,en,0.7627118644067796
semantic_kernel_prod_maternn_kappa=3.0_nu=1.0,0.5666031746031746,0.8047953222864677,0.8050548497777115,False,en,0.7627118644067796
semantic_kernel_sum_maternn_kappa=3.0_nu=1.0,0.5196825396825397,0.7882692139379028,0.788584762135413,False,en,0.7627118644067796
semantic_kernel_prod_matern_kappa=3.0_nu=2.0,0.6246349206349207,0.8265039006098468,0.8266898396999943,False,en,0.7627118644067796
semantic_kernel_sum_matern_kappa=3.0_nu=2.0,0.6096912955465587,0.8074523326807647,0.8077714340872699,False,en,0.7627118644067796
semantic_kernel_prod_maternn_kappa=3.0_nu=2.0,0.5707936507936507,0.8051862253621945,0.8054444277582663,False,en,0.7627118644067796
semantic_kernel_sum_maternn_kappa=3.0_nu=2.0,0.5176630434782609,0.786110838111266,0.7864389668539816,False,en,0.7627118644067796
semantic_kernel_prod_matern_kappa=3.0_nu=3.0,0.6295238095238095,0.8283600321246712,0.8285396792435821,False,en,0.7627118644067796
semantic_kernel_sum_matern_kappa=3.0_nu=3.0,0.5995354239256678,0.7846482370787495,0.785161530256949,False,en,0.7627118644067796
semantic_kernel_prod_maternn_kappa=3.0_nu=3.0,0.5756190476190475,0.8058084598812377,0.8060645530077535,False,en,0.7627118644067796
semantic_kernel_sum_maternn_kappa=3.0_nu=3.0,0.5199844024176253,0.7849606554530315,0.7852924659311666,False,en,0.7627118644067796
full_klu_heat_t=0.1_alpha_0.0,0.6439365079365079,0.8414434450627986,0.8415787416293768,False,en,0.7627118644067796
full_klu_heat_t=0.1_alpha_0.1,0.6471746031746031,0.8423392361449062,0.8424714961315453,False,en,0.7627118644067796
full_klu_heat_t=0.1_alpha_0.2,0.6506031746031745,0.8437780965688808,0.8439054790625573,False,en,0.7627118644067796
full_klu_heat_t=0.1_alpha_0.3,0.6533333333333333,0.8446349480289611,0.8447594259414168,False,en,0.7627118644067796
full_klu_heat_t=0.1_alpha_0.4,0.6547301587301587,0.8453676004232911,0.8454895947683083,False,en,0.7627118644067796
full_klu_heat_t=0.1_alpha_0.5,0.6563174603174603,0.8457397631173558,0.8458604958939187,False,en,0.7627118644067796
full_klu_heat_t=0.1_alpha_0.6,0.6582222222222223,0.8464185494329066,0.8465369812389082,False,en,0.7627118644067796
full_klu_heat_t=0.1_alpha_0.7,0.6627936507936508,0.8480295644893765,0.8481425352273902,False,en,0.7627118644067796
full_klu_heat_t=0.1_alpha_0.8,0.6686984126984127,0.8487547219961452,0.8488652345731189,False,en,0.7627118644067796
full_klu_heat_t=0.1_alpha_0.9,0.6792380952380953,0.8525578381402605,0.8526554587981018,False,en,0.7627118644067796
full_klu_heat_t=0.1_alpha_1.0,0.6678412698412698,0.8611826868996163,0.8612510707820019,False,en,0.7627118644067796
full_klu_heatn_t=0.1_alpha_0.0,0.6439365079365079,0.8414434450627986,0.8415787416293768,False,en,0.7627118644067796
full_klu_heatn_t=0.1_alpha_0.1,0.6483809523809524,0.8427117012374257,0.8428426986305306,False,en,0.7627118644067796
full_klu_heatn_t=0.1_alpha_0.2,0.6517460317460319,0.8440353202963602,0.8441618308451975,False,en,0.7627118644067796
full_klu_heatn_t=0.1_alpha_0.3,0.6538412698412699,0.8448243122018148,0.8449481482018201,False,en,0.7627118644067796
full_klu_heatn_t=0.1_alpha_0.4,0.6558730158730158,0.8454503013789824,0.8455720153817768,False,en,0.7627118644067796
full_klu_heatn_t=0.1_alpha_0.5,0.6573968253968253,0.8459517007482202,0.8460717150921359,False,en,0.7627118644067796
full_klu_heatn_t=0.1_alpha_0.6,0.6586666666666667,0.8463323934388498,0.8464511172990684,False,en,0.7627118644067796
full_klu_heatn_t=0.1_alpha_0.7,0.6598095238095238,0.8466572011717066,0.846774823988763,False,en,0.7627118644067796
full_klu_heatn_t=0.1_alpha_0.8,0.6597460317460319,0.8466021190604627,0.8467199285965403,False,en,0.7627118644067796
full_klu_heatn_t=0.1_alpha_0.9,0.6587301587301587,0.8463391570394503,0.8464578579722093,False,en,0.7627118644067796
full_klu_heatn_t=0.1_alpha_1.0,0.3297142857142857,0.6606555315143804,0.6597087532116314,False,en,0.7627118644067796
full_klu_heat_t=0.2_alpha_0.0,0.6439365079365079,0.8414434450627986,0.8415787416293768,False,en,0.7627118644067796
full_klu_heat_t=0.2_alpha_0.1,0.6471111111111112,0.8426516498217091,0.8427828507789352,False,en,0.7627118644067796
full_klu_heat_t=0.2_alpha_0.2,0.6492063492063492,0.8437847886054972,0.8439121484143036,False,en,0.7627118644067796
full_klu_heat_t=0.2_alpha_0.3,0.6525079365079366,0.8445610350534004,0.8446857635183157,False,en,0.7627118644067796
full_klu_heat_t=0.2_alpha_0.4,0.656888888888889,0.8461751353218434,0.846294392260425,False,en,0.7627118644067796
full_klu_heat_t=0.2_alpha_0.5,0.6631111111111111,0.847322533323598,0.8474379007774278,False,en,0.7627118644067796
full_klu_heat_t=0.2_alpha_0.6,0.6673650793650794,0.8486047348127974,0.8487157558209011,False,en,0.7627118644067796
full_klu_heat_t=0.2_alpha_0.7,0.6754285714285714,0.8511949077968175,0.8512971485575178,False,en,0.7627118644067796
full_klu_heat_t=0.2_alpha_0.8,0.6801269841269842,0.8533316939620261,0.8534266913797934,False,en,0.7627118644067796
full_klu_heat_t=0.2_alpha_0.9,0.6824126984126984,0.8548268642049026,0.8549167932489653,False,en,0.7627118644067796
full_klu_heat_t=0.2_alpha_1.0,0.669873015873016,0.861787378248015,0.8618537123292197,False,en,0.7627118644067796
full_klu_heatn_t=0.2_alpha_0.0,0.6439365079365079,0.8414434450627986,0.8415787416293768,False,en,0.7627118644067796
full_klu_heatn_t=0.2_alpha_0.1,0.6481904761904762,0.8426614275764065,0.8427925953887014,False,en,0.7627118644067796
full_klu_heatn_t=0.2_alpha_0.2,0.6513015873015874,0.8438209502621525,0.843948187489072,False,en,0.7627118644067796
full_klu_heatn_t=0.2_alpha_0.3,0.6530793650793651,0.8445069574549611,0.8446318692337693,False,en,0.7627118644067796
full_klu_heatn_t=0.2_alpha_0.4,0.655047619047619,0.8451202306241399,0.8452430635108491,False,en,0.7627118644067796
full_klu_heatn_t=0.2_alpha_0.5,0.6562539682539683,0.8455349378864031,0.8456563649857828,False,en,0.7627118644067796
full_klu_heatn_t=0.2_alpha_0.6,0.6568888888888889,0.845656059548214,0.845777076065689,False,en,0.7627118644067796
full_klu_heatn_t=0.2_alpha_0.7,0.6579047619047619,0.8460159121867047,0.8461357088647273,False,en,0.7627118644067796
full_klu_heatn_t=0.2_alpha_0.8,0.6572063492063492,0.8459782655885943,0.8460981898822039,False,en,0.7627118644067796
full_klu_heatn_t=0.2_alpha_0.9,0.652,0.8442669917432102,0.8443927169651091,False,en,0.7627118644067796
full_klu_heatn_t=0.2_alpha_1.0,0.33050793650793653,0.6603375503639186,0.6593918499633745,False,en,0.7627118644067796
full_klu_heat_t=0.3_alpha_0.0,0.6439365079365079,0.8414434450627986,0.8415787416293768,False,en,0.7627118644067796
full_klu_heat_t=0.3_alpha_0.1,0.6472380952380953,0.8430868618006948,0.8432165874630769,False,en,0.7627118644067796
full_klu_heat_t=0.3_alpha_0.2,0.6495238095238095,0.8434791313481868,0.8436075272832891,False,en,0.7627118644067796
full_klu_heat_t=0.3_alpha_0.3,0.6558095238095237,0.8448689094875163,0.844992594310282,False,en,0.7627118644067796
full_klu_heat_t=0.3_alpha_0.4,0.6609523809523811,0.8462278921250939,0.8463469702270543,False,en,0.7627118644067796
full_klu_heat_t=0.3_alpha_0.5,0.6667301587301587,0.8481867663317102,0.8482992041821227,False,en,0.7627118644067796
full_klu_heat_t=0.3_alpha_0.6,0.6742222222222222,0.8507930778674228,0.8508966807634769,False,en,0.7627118644067796
full_klu_heat_t=0.3_alpha_0.7,0.6774603174603174,0.8523061398961724,0.8524046137684004,False,en,0.7627118644067796
full_klu_heat_t=0.3_alpha_0.8,0.6806349206349207,0.8538624140762991,0.8539556124428315,False,en,0.7627118644067796
full_klu_heat_t=0.3_alpha_0.9,0.6793650793650794,0.8527582790514496,0.8528552202485749,False,en,0.7627118644067796
full_klu_heat_t=0.3_alpha_1.0,0.6647936507936508,0.8588726851227402,0.8589488995196236,False,en,0.7627118644067796
full_klu_heatn_t=0.3_alpha_0.0,0.6439365079365079,0.8414434450627986,0.8415787416293768,False,en,0.7627118644067796
full_klu_heatn_t=0.3_alpha_0.1,0.6480634920634921,0.8426176900622974,0.8427490061373519,False,en,0.7627118644067796
full_klu_heatn_t=0.3_alpha_0.2,0.6507936507936507,0.8437041458413856,0.843831779015494,False,en,0.7627118644067796
full_klu_heatn_t=0.3_alpha_0.3,0.6528888888888889,0.8444467190767455,0.844571835053446,False,en,0.7627118644067796
full_klu_heatn_t=0.3_alpha_0.4,0.6540952380952382,0.844805959325029,0.844929857538176,False,en,0.7627118644067796
full_klu_heatn_t=0.3_alpha_0.5,0.6550476190476191,0.8451343969809417,0.8452571818461024,False,en,0.7627118644067796
full_klu_heatn_t=0.3_alpha_0.6,0.6553650793650794,0.8452153182571039,0.845337828812854,False,en,0.7627118644067796
full_klu_heatn_t=0.3_alpha_0.7,0.6551746031746031,0.8452329373777168,0.8453553882076342,False,en,0.7627118644067796
full_klu_heatn_t=0.3_alpha_0.8,0.6533333333333334,0.8445534342415729,0.844678188471952,False,en,0.7627118644067796
full_klu_heatn_t=0.3_alpha_0.9,0.6453968253968254,0.8420127582364535,0.8421461249278668,False,en,0.7627118644067796
full_klu_heatn_t=0.3_alpha_1.0,0.331015873015873,0.6598768591382911,0.6589327204029185,False,en,0.7627118644067796
full_klu_heat_t=0.4_alpha_0.0,0.6439365079365079,0.8414434450627986,0.8415787416293768,False,en,0.7627118644067796
full_klu_heat_t=0.4_alpha_0.1,0.6467301587301587,0.8426330890568627,0.8427643529319357,False,en,0.7627118644067796
full_klu_heat_t=0.4_alpha_0.2,0.6499682539682541,0.8435149205529644,0.8436431951687285,False,en,0.7627118644067796
full_klu_heat_t=0.4_alpha_0.3,0.6559365079365079,0.8443211528340544,0.8444466944590352,False,en,0.7627118644067796
full_klu_heat_t=0.4_alpha_0.4,0.6601269841269841,0.845595905300146,0.8457171257303264,False,en,0.7627118644067796
full_klu_heat_t=0.4_alpha_0.5,0.6660952380952381,0.8474258622323837,0.847540879418726,False,en,0.7627118644067796
full_klu_heat_t=0.4_alpha_0.6,0.672952380952381,0.8502233378697286,0.8503288720878087,False,en,0.7627118644067796
full_klu_heat_t=0.4_alpha_0.7,0.6754920634920635,0.8514611292350047,0.8515624675501516,False,en,0.7627118644067796
full_klu_heat_t=0.4_alpha_0.8,0.6774603174603174,0.8523503575246286,0.8524486815065905,False,en,0.7627118644067796
full_klu_heat_t=0.4_alpha_0.9,0.6765079365079365,0.8518893425617756,0.8519892293063235,False,en,0.7627118644067796
full_klu_heat_t=0.4_alpha_1.0,0.6665396825396825,0.8607475539966022,0.8608174129057777,False,en,0.7627118644067796
full_klu_heatn_t=0.4_alpha_0.0,0.6439365079365079,0.8414434450627986,0.8415787416293768,False,en,0.7627118644067796
full_klu_heatn_t=0.4_alpha_0.1,0.6477460317460318,0.8424014629370238,0.8425335119853844,False,en,0.7627118644067796
full_klu_heatn_t=0.4_alpha_0.2,0.6502857142857142,0.8434611200136456,0.8435895770041192,False,en,0.7627118644067796
full_klu_heatn_t=0.4_alpha_0.3,0.652,0.8441215363714951,0.8442477546624505,False,en,0.7627118644067796
full_klu_heatn_t=0.4_alpha_0.4,0.6532698412698413,0.8445646129288256,0.8446893292653496,False,en,0.7627118644067796
full_klu_heatn_t=0.4_alpha_0.5,0.6535873015873015,0.8447397926406209,0.8448639151476134,False,en,0.7627118644067796
full_klu_heatn_t=0.4_alpha_0.6,0.6535873015873016,0.8445505309774959,0.844675295049448,False,en,0.7627118644067796
full_klu_heatn_t=0.4_alpha_0.7,0.6533333333333333,0.8444281547691843,0.8445533336757409,False,en,0.7627118644067796
full_klu_heatn_t=0.4_alpha_0.8,0.6498412698412699,0.8434704030283849,0.8435988285510121,False,en,0.7627118644067796
full_klu_heatn_t=0.4_alpha_0.9,0.639047619047619,0.8393588692831276,0.839501232208281,False,en,0.7627118644067796
full_klu_heatn_t=0.4_alpha_1.0,0.3336507936507937,0.6618178999841651,0.6608671814493149,False,en,0.7627118644067796
full_klu_heat_t=0.5_alpha_0.0,0.6439365079365079,0.8414434450627986,0.8415787416293768,False,en,0.7627118644067796
full_klu_heat_t=0.5_alpha_0.1,0.6454603174603175,0.8420192047011388,0.8421525495401294,False,en,0.7627118644067796
full_klu_heat_t=0.5_alpha_0.2,0.648,0.8428114521928947,0.8429421114471675,False,en,0.7627118644067796
full_klu_heat_t=0.5_alpha_0.3,0.6534603174603174,0.8440967381134669,0.844223040466314,False,en,0.7627118644067796
full_klu_heat_t=0.5_alpha_0.4,0.6579682539682541,0.8448238047744883,0.8449476424945863,False,en,0.7627118644067796
full_klu_heat_t=0.5_alpha_0.5,0.6639365079365079,0.8463559264192242,0.8464745705066282,False,en,0.7627118644067796
full_klu_heat_t=0.5_alpha_0.6,0.6688253968253969,0.8480135828961046,0.8481266078090107,False,en,0.7627118644067796
full_klu_heat_t=0.5_alpha_0.7,0.672063492063492,0.8498477942604533,0.8499546015077175,False,en,0.7627118644067796
full_klu_heat_t=0.5_alpha_0.8,0.672063492063492,0.8500934076379323,0.8501993822974762,False,en,0.7627118644067796
full_klu_heat_t=0.5_alpha_0.9,0.6725714285714286,0.8507871906453038,0.8508908134980431,False,en,0.7627118644067796
full_klu_heat_t=0.5_alpha_1.0,0.6659365079365078,0.8614791617178146,0.8615465406008165,False,en,0.7627118644067796
full_klu_heatn_t=0.5_alpha_0.0,0.6439365079365079,0.8414434450627986,0.8415787416293768,False,en,0.7627118644067796
full_klu_heatn_t=0.5_alpha_0.1,0.6473650793650794,0.8422225795405751,0.8423552349733304,False,en,0.7627118644067796
full_klu_heatn_t=0.5_alpha_0.2,0.6500317460317461,0.8433717911506097,0.8435005509507886,False,en,0.7627118644067796
full_klu_heatn_t=0.5_alpha_0.3,0.6516190476190477,0.8439778094291011,0.8441045149300308,False,en,0.7627118644067796
full_klu_heatn_t=0.5_alpha_0.4,0.6523809523809524,0.8442954953941207,0.8444211239934741,False,en,0.7627118644067796
full_klu_heatn_t=0.5_alpha_0.5,0.6525714285714286,0.8443437007790684,0.844469165970337,False,en,0.7627118644067796
full_klu_heatn_t=0.5_alpha_0.6,0.6520634920634921,0.8439803574274899,0.8441070542911371,False,en,0.7627118644067796
full_klu_heatn_t=0.5_alpha_0.7,0.6508571428571428,0.843641345887906,0.8437691919432126,False,en,0.7627118644067796
full_klu_heatn_t=0.5_alpha_0.8,0.6466031746031746,0.8422893336828902,0.8424217628304173,False,en,0.7627118644067796
full_klu_heatn_t=0.5_alpha_0.9,0.6318095238095238,0.8368357770996924,0.8369866928797048,False,en,0.7627118644067796
full_klu_heatn_t=0.5_alpha_1.0,0.33152380952380955,0.6637426421561783,0.66448031432583,False,en,0.7627118644067796
full_klu_heat_t=0.6_alpha_0.0,0.6439365079365079,0.8414434450627986,0.8415787416293768,False,en,0.7627118644067796
full_klu_heat_t=0.6_alpha_0.1,0.6445079365079365,0.8416139256416733,0.8417486443079841,False,en,0.7627118644067796
full_klu_heat_t=0.6_alpha_0.2,0.6460952380952381,0.8420818007987222,0.8422149334475516,False,en,0.7627118644067796
full_klu_heat_t=0.6_alpha_0.3,0.6507936507936508,0.8430537707413068,0.8431836085767715,False,en,0.7627118644067796
full_klu_heat_t=0.6_alpha_0.4,0.6544126984126984,0.8438838519159341,0.8440108759169086,False,en,0.7627118644067796
full_klu_heat_t=0.6_alpha_0.5,0.658031746031746,0.8441453261458272,0.84427146379348,False,en,0.7627118644067796
full_klu_heat_t=0.6_alpha_0.6,0.6649523809523811,0.846367183698304,0.8464857896254399,False,en,0.7627118644067796
full_klu_heat_t=0.6_alpha_0.7,0.6676190476190477,0.8475671793625447,0.8476817175077678,False,en,0.7627118644067796
full_klu_heat_t=0.6_alpha_0.8,0.6681904761904761,0.8483902859452777,0.8485020338986948,False,en,0.7627118644067796
full_klu_heat_t=0.6_alpha_0.9,0.6698412698412698,0.8491116168414513,0.8492209196053901,False,en,0.7627118644067796
full_klu_heat_t=0.6_alpha_1.0,0.6577460317460317,0.8572444581395163,0.8573261919499024,False,en,0.7627118644067796
full_klu_heatn_t=0.6_alpha_0.0,0.6439365079365079,0.8414434450627986,0.8415787416293768,False,en,0.7627118644067796
full_klu_heatn_t=0.6_alpha_0.1,0.6471111111111111,0.8421566554378553,0.8422895343421453,False,en,0.7627118644067796
full_klu_heatn_t=0.6_alpha_0.2,0.6495238095238096,0.8431774497031049,0.8433068682878516,False,en,0.7627118644067796
full_klu_heatn_t=0.6_alpha_0.3,0.6507936507936508,0.8438024540902809,0.8439297540160879,False,en,0.7627118644067796
full_klu_heatn_t=0.6_alpha_0.4,0.6514920634920636,0.8438948039961023,0.8440217908713812,False,en,0.7627118644067796
full_klu_heatn_t=0.6_alpha_0.5,0.6515555555555556,0.8438892866963743,0.8440162922743641,False,en,0.7627118644067796
full_klu_heatn_t=0.6_alpha_0.6,0.651047619047619,0.8436664079770934,0.8437941690761654,False,en,0.7627118644067796
full_klu_heatn_t=0.6_alpha_0.7,0.648952380952381,0.8428832800528243,0.8430136958228261,False,en,0.7627118644067796
full_klu_heatn_t=0.6_alpha_0.8,0.6441269841269841,0.8415302395658878,0.8416652419138115,False,en,0.7627118644067796
full_klu_heatn_t=0.6_alpha_0.9,0.6259047619047619,0.8348066956006178,0.834964489623,False,en,0.7627118644067796
full_klu_heatn_t=0.6_alpha_1.0,0.3332380952380952,0.6629118382469518,0.6636523267010414,False,en,0.7627118644067796
full_klu_heat_t=0.7_alpha_0.0,0.6439365079365079,0.8414434450627986,0.8415787416293768,False,en,0.7627118644067796
full_klu_heat_t=0.7_alpha_0.1,0.6433650793650794,0.8410951288096289,0.8412316061092687,False,en,0.7627118644067796
full_klu_heat_t=0.7_alpha_0.2,0.6437460317460318,0.8409976508228338,0.8411344585563274,False,en,0.7627118644067796
full_klu_heat_t=0.7_alpha_0.3,0.6476190476190476,0.8419009080493258,0.8420346538939159,False,en,0.7627118644067796
full_klu_heat_t=0.7_alpha_0.4,0.6513015873015873,0.8429202080954794,0.8430504986856757,False,en,0.7627118644067796
full_klu_heat_t=0.7_alpha_0.5,0.6546666666666667,0.8435891805068197,0.8437172033939268,False,en,0.7627118644067796
full_klu_heat_t=0.7_alpha_0.6,0.6595555555555556,0.8442189410422558,0.8443448291478867,False,en,0.7627118644067796
full_klu_heat_t=0.7_alpha_0.7,0.662920634920635,0.845503739536725,0.8456252723932222,False,en,0.7627118644067796
full_klu_heat_t=0.7_alpha_0.8,0.663873015873016,0.8466482748230313,0.8467659278988969,False,en,0.7627118644067796
full_klu_heat_t=0.7_alpha_0.9,0.6643809523809524,0.8469409045808056,0.8470575656913906,False,en,0.7627118644067796
full_klu_heat_t=0.7_alpha_1.0,0.6603174603174602,0.8595900735736424,0.8596638561452685,False,en,0.7627118644067796
full_klu_heatn_t=0.7_alpha_0.0,0.6439365079365079,0.8414434450627986,0.8415787416293768,False,en,0.7627118644067796
full_klu_heatn_t=0.7_alpha_0.1,0.6467936507936507,0.8420598837315618,0.842193090675534,False,en,0.7627118644067796
full_klu_heatn_t=0.7_alpha_0.2,0.6493968253968254,0.8431640375435865,0.8432935015932808,False,en,0.7627118644067796
full_klu_heatn_t=0.7_alpha_0.3,0.6500952380952382,0.8434465633522612,0.8435750696873496,False,en,0.7627118644067796
full_klu_heatn_t=0.7_alpha_0.4,0.6508571428571428,0.8436934295733998,0.8438210990738404,False,en,0.7627118644067796
full_klu_heatn_t=0.7_alpha_0.5,0.6506666666666667,0.8435496333872283,0.8436777903323678,False,en,0.7627118644067796
full_klu_heatn_t=0.7_alpha_0.6,0.6495873015873016,0.8432213357510274,0.8433506055695099,False,en,0.7627118644067796
full_klu_heatn_t=0.7_alpha_0.7,0.6465396825396825,0.842202137395273,0.842334862123436,False,en,0.7627118644067796
full_klu_heatn_t=0.7_alpha_0.8,0.6408888888888888,0.8401553830271212,0.8402950459056848,False,en,0.7627118644067796
full_klu_heatn_t=0.7_alpha_0.9,0.6192380952380953,0.8320235735168764,0.8321908018514068,False,en,0.7627118644067796
full_klu_heatn_t=0.7_alpha_1.0,0.33126984126984127,0.6630212449177251,0.6637613625017443,False,en,0.7627118644067796
full_klu_matern_kappa=1.0_nu=1.0_alpha_0.0,0.6439365079365079,0.8414434450627986,0.8415787416293768,False,en,0.7627118644067796
full_klu_matern_kappa=1.0_nu=1.0_alpha_0.1,0.6465396825396825,0.8423051642077826,0.8424375396925134,False,en,0.7627118644067796
full_klu_matern_kappa=1.0_nu=1.0_alpha_0.2,0.6477460317460318,0.842972704648089,0.8431028172838696,False,en,0.7627118644067796
full_klu_matern_kappa=1.0_nu=1.0_alpha_0.3,0.6499047619047621,0.8437894492521196,0.8439167932621239,False,en,0.7627118644067796
full_klu_matern_kappa=1.0_nu=1.0_alpha_0.4,0.6521904761904762,0.8443161068683256,0.844441665598275,False,en,0.7627118644067796
full_klu_matern_kappa=1.0_nu=1.0_alpha_0.5,0.6559999999999999,0.8457547164117423,0.8458753984991716,False,en,0.7627118644067796
full_klu_matern_kappa=1.0_nu=1.0_alpha_0.6,0.6623492063492065,0.8477669547102369,0.8478808156508917,False,en,0.7627118644067796
full_klu_matern_kappa=1.0_nu=1.0_alpha_0.7,0.6671746031746031,0.8483354708029465,0.8484474045704057,False,en,0.7627118644067796
full_klu_matern_kappa=1.0_nu=1.0_alpha_0.8,0.6761269841269841,0.8508833235080162,0.8509866204866446,False,en,0.7627118644067796
full_klu_matern_kappa=1.0_nu=1.0_alpha_0.9,0.6785396825396826,0.8527069800122037,0.8528040951043772,False,en,0.7627118644067796
full_klu_matern_kappa=1.0_nu=1.0_alpha_1.0,0.6663492063492064,0.8607496451322434,0.8608194969528237,False,en,0.7627118644067796
full_klu_maternn_kappa=1.0_nu=1.0_alpha_0.0,0.6439365079365079,0.8414434450627986,0.8415787416293768,False,en,0.7627118644067796
full_klu_maternn_kappa=1.0_nu=1.0_alpha_0.1,0.6478095238095238,0.8424429429436606,0.8425748513818292,False,en,0.7627118644067796
full_klu_maternn_kappa=1.0_nu=1.0_alpha_0.2,0.6503492063492065,0.8435197512429691,0.8436480094835129,False,en,0.7627118644067796
full_klu_maternn_kappa=1.0_nu=1.0_alpha_0.3,0.6524444444444445,0.8442932694412668,0.8444189055862231,False,en,0.7627118644067796
full_klu_maternn_kappa=1.0_nu=1.0_alpha_0.4,0.6533968253968254,0.8446153898382933,0.8447399340497004,False,en,0.7627118644067796
full_klu_maternn_kappa=1.0_nu=1.0_alpha_0.5,0.6540952380952381,0.8448663084507189,0.8449900020905585,False,en,0.7627118644067796
full_klu_maternn_kappa=1.0_nu=1.0_alpha_0.6,0.6541587301587302,0.844742245014628,0.8448663592084881,False,en,0.7627118644067796
full_klu_maternn_kappa=1.0_nu=1.0_alpha_0.7,0.6541587301587302,0.8446791436633105,0.8448034717600564,False,en,0.7627118644067796
full_klu_maternn_kappa=1.0_nu=1.0_alpha_0.8,0.6516825396825396,0.8440271262050429,0.8441536645304609,False,en,0.7627118644067796
full_klu_maternn_kappa=1.0_nu=1.0_alpha_0.9,0.6436825396825396,0.8416248509922959,0.84175953262352,False,en,0.7627118644067796
full_klu_maternn_kappa=1.0_nu=1.0_alpha_1.0,0.332984126984127,0.6625100879061667,0.6632519382258184,False,en,0.7627118644067796
full_klu_matern_kappa=1.0_nu=2.0_alpha_0.0,0.6439365079365079,0.8414434450627986,0.8415787416293768,False,en,0.7627118644067796
full_klu_matern_kappa=1.0_nu=2.0_alpha_0.1,0.6466031746031746,0.8425511881794814,0.8426827296846472,False,en,0.7627118644067796
full_klu_matern_kappa=1.0_nu=2.0_alpha_0.2,0.6482539682539683,0.8432664937461785,0.8433956104867114,False,en,0.7627118644067796
full_klu_matern_kappa=1.0_nu=2.0_alpha_0.3,0.6518730158730158,0.8443456546949941,0.8444711132628191,False,en,0.7627118644067796
full_klu_matern_kappa=1.0_nu=2.0_alpha_0.4,0.656126984126984,0.8455955463690581,0.8457167680159541,False,en,0.7627118644067796
full_klu_matern_kappa=1.0_nu=2.0_alpha_0.5,0.6608888888888889,0.8461742137905981,0.8462934738530143,False,en,0.7627118644067796
full_klu_matern_kappa=1.0_nu=2.0_alpha_0.6,0.6670476190476191,0.8481093145833052,0.8482220149820174,False,en,0.7627118644067796
full_klu_matern_kappa=1.0_nu=2.0_alpha_0.7,0.674984126984127,0.8507074219369648,0.8508113151921053,False,en,0.7627118644067796
full_klu_matern_kappa=1.0_nu=2.0_alpha_0.8,0.6770793650793651,0.8522145372776765,0.8523133216672552,False,en,0.7627118644067796
full_klu_matern_kappa=1.0_nu=2.0_alpha_0.9,0.681142857142857,0.854075590741955,0.8541680664757225,False,en,0.7627118644067796
full_klu_matern_kappa=1.0_nu=2.0_alpha_1.0,0.6676825396825397,0.8610833949291974,0.8611521153945336,False,en,0.7627118644067796
full_klu_maternn_kappa=1.0_nu=2.0_alpha_0.0,0.6439365079365079,0.8414434450627986,0.8415787416293768,False,en,0.7627118644067796
full_klu_maternn_kappa=1.0_nu=2.0_alpha_0.1,0.6474920634920635,0.8423036385008127,0.8424360191574314,False,en,0.7627118644067796
full_klu_maternn_kappa=1.0_nu=2.0_alpha_0.2,0.6502222222222221,0.8434415888825467,0.8435701120802445,False,en,0.7627118644067796
full_klu_maternn_kappa=1.0_nu=2.0_alpha_0.3,0.6519365079365079,0.8440733727501237,0.8441997543075924,False,en,0.7627118644067796
full_klu_maternn_kappa=1.0_nu=2.0_alpha_0.4,0.6533333333333333,0.8446029319172246,0.8447275183588726,False,en,0.7627118644067796
full_klu_maternn_kappa=1.0_nu=2.0_alpha_0.5,0.6532698412698413,0.8445879176897406,0.844712555027075,False,en,0.7627118644067796
full_klu_maternn_kappa=1.0_nu=2.0_alpha_0.6,0.6536507936507937,0.8445968902696982,0.8447214971915072,False,en,0.7627118644067796
full_klu_maternn_kappa=1.0_nu=2.0_alpha_0.7,0.653015873015873,0.844288446848556,0.8444140993412841,False,en,0.7627118644067796
full_klu_maternn_kappa=1.0_nu=2.0_alpha_0.8,0.6496507936507937,0.8433142461823868,0.8434432010502546,False,en,0.7627118644067796
full_klu_maternn_kappa=1.0_nu=2.0_alpha_0.9,0.6393015873015873,0.8398031476038257,0.8399440045007732,False,en,0.7627118644067796
full_klu_maternn_kappa=1.0_nu=2.0_alpha_1.0,0.3324444444444445,0.6632667128659175,0.6640059983551972,False,en,0.7627118644067796
full_klu_matern_kappa=1.0_nu=3.0_alpha_0.0,0.6439365079365079,0.8414434450627986,0.8415787416293768,False,en,0.7627118644067796
full_klu_matern_kappa=1.0_nu=3.0_alpha_0.1,0.6460952380952382,0.8423643921045307,0.8424965668167301,False,en,0.7627118644067796
full_klu_matern_kappa=1.0_nu=3.0_alpha_0.2,0.6484444444444444,0.8431487982949413,0.8432783140031056,False,en,0.7627118644067796
full_klu_matern_kappa=1.0_nu=3.0_alpha_0.3,0.6521904761904763,0.8442901204772153,0.8444157672966262,False,en,0.7627118644067796
full_klu_matern_kappa=1.0_nu=3.0_alpha_0.4,0.6577777777777778,0.8450795737267687,0.8452025444334691,False,en,0.7627118644067796
full_klu_matern_kappa=1.0_nu=3.0_alpha_0.5,0.6627936507936508,0.8466565888311484,0.8467742137239358,False,en,0.7627118644067796
full_klu_matern_kappa=1.0_nu=3.0_alpha_0.6,0.6693333333333332,0.8487286817535813,0.8488392826025636,False,en,0.7627118644067796
full_klu_matern_kappa=1.0_nu=3.0_alpha_0.7,0.6743492063492064,0.850746750776561,0.8508505107136011,False,en,0.7627118644067796
full_klu_matern_kappa=1.0_nu=3.0_alpha_0.8,0.6761904761904761,0.8519502349829582,0.8520499153125188,False,en,0.7627118644067796
full_klu_matern_kappa=1.0_nu=3.0_alpha_0.9,0.6789206349206349,0.8532064942306804,0.8533019160543166,False,en,0.7627118644067796
full_klu_matern_kappa=1.0_nu=3.0_alpha_1.0,0.6643809523809525,0.858438171391553,0.8585158587163388,False,en,0.7627118644067796
full_klu_maternn_kappa=1.0_nu=3.0_alpha_0.0,0.6439365079365079,0.8414434450627986,0.8415787416293768,False,en,0.7627118644067796
full_klu_maternn_kappa=1.0_nu=3.0_alpha_0.1,0.6474920634920635,0.8423036385008127,0.8424360191574314,False,en,0.7627118644067796
full_klu_maternn_kappa=1.0_nu=3.0_alpha_0.2,0.6501587301587302,0.8434169019685596,0.8435455088507113,False,en,0.7627118644067796
full_klu_maternn_kappa=1.0_nu=3.0_alpha_0.3,0.6518095238095238,0.8440414940105023,0.8441679836314951,False,en,0.7627118644067796
full_klu_maternn_kappa=1.0_nu=3.0_alpha_0.4,0.652952380952381,0.8444673604096157,0.8445924064156962,False,en,0.7627118644067796
full_klu_maternn_kappa=1.0_nu=3.0_alpha_0.5,0.6530793650793651,0.8444629465169206,0.8445880074853493,False,en,0.7627118644067796
full_klu_maternn_kappa=1.0_nu=3.0_alpha_0.6,0.6531428571428571,0.8444554015540736,0.8445804880986476,False,en,0.7627118644067796
full_klu_maternn_kappa=1.0_nu=3.0_alpha_0.7,0.6525714285714286,0.8442782333648645,0.8444039204795714,False,en,0.7627118644067796
full_klu_maternn_kappa=1.0_nu=3.0_alpha_0.8,0.6485714285714286,0.8429436509181611,0.8430738620411619,False,en,0.7627118644067796
full_klu_maternn_kappa=1.0_nu=3.0_alpha_0.9,0.6369523809523809,0.8387359750857607,0.8388804495166678,False,en,0.7627118644067796
full_klu_maternn_kappa=1.0_nu=3.0_alpha_1.0,0.33041269841269844,0.661785813007619,0.6625301184964183,False,en,0.7627118644067796
full_klu_matern_kappa=2.0_nu=1.0_alpha_0.0,0.6439365079365079,0.8414434450627986,0.8415787416293768,False,en,0.7627118644067796
full_klu_matern_kappa=2.0_nu=1.0_alpha_0.1,0.6451428571428572,0.8418756343937659,0.8420094659117645,False,en,0.7627118644067796
full_klu_matern_kappa=2.0_nu=1.0_alpha_0.2,0.6464761904761904,0.8424568504315582,0.8425887117256999,False,en,0.7627118644067796
full_klu_matern_kappa=2.0_nu=1.0_alpha_0.3,0.6486984126984128,0.8431381406598523,0.843267692495593,False,en,0.7627118644067796
full_klu_matern_kappa=2.0_nu=1.0_alpha_0.4,0.6518730158730158,0.843830811027664,0.8439580148282597,False,en,0.7627118644067796
full_klu_matern_kappa=2.0_nu=1.0_alpha_0.5,0.6572698412698412,0.8452979829894749,0.8454202133257932,False,en,0.7627118644067796
full_klu_matern_kappa=2.0_nu=1.0_alpha_0.6,0.6627936507936509,0.846353925365855,0.8464725762364907,False,en,0.7627118644067796
full_klu_matern_kappa=2.0_nu=1.0_alpha_0.7,0.6688888888888889,0.8479179881102974,0.8480313370733249,False,en,0.7627118644067796
full_klu_matern_kappa=2.0_nu=1.0_alpha_0.8,0.6733333333333332,0.8502691422653327,0.8503745212142751,False,en,0.7627118644067796
full_klu_matern_kappa=2.0_nu=1.0_alpha_0.9,0.673904761904762,0.8513059334986308,0.8514077979010197,False,en,0.7627118644067796
full_klu_matern_kappa=2.0_nu=1.0_alpha_1.0,0.6610158730158731,0.8578119849618063,0.8578917949524557,False,en,0.7627118644067796
full_klu_maternn_kappa=2.0_nu=1.0_alpha_0.0,0.6439365079365079,0.8414434450627986,0.8415787416293768,False,en,0.7627118644067796
full_klu_maternn_kappa=2.0_nu=1.0_alpha_0.1,0.6465396825396825,0.8419266284789437,0.8420602871356366,False,en,0.7627118644067796
full_klu_maternn_kappa=2.0_nu=1.0_alpha_0.2,0.6482539682539683,0.8425187689312901,0.8426504203322125,False,en,0.7627118644067796
full_klu_maternn_kappa=2.0_nu=1.0_alpha_0.3,0.6488253968253967,0.842882876282667,0.8430132934213813,False,en,0.7627118644067796
full_klu_maternn_kappa=2.0_nu=1.0_alpha_0.4,0.6497142857142858,0.8432589336800591,0.8433880760479348,False,en,0.7627118644067796
full_klu_maternn_kappa=2.0_nu=1.0_alpha_0.5,0.649968253968254,0.843263371478014,0.8433924988025067,False,en,0.7627118644067796
full_klu_maternn_kappa=2.0_nu=1.0_alpha_0.6,0.649079365079365,0.8429302934204332,0.8430605498230873,False,en,0.7627118644067796
full_klu_maternn_kappa=2.0_nu=1.0_alpha_0.7,0.6470476190476191,0.8423934794720824,0.8425255555830361,False,en,0.7627118644067796
full_klu_maternn_kappa=2.0_nu=1.0_alpha_0.8,0.6427301587301587,0.841058081223352,0.84119468410803,False,en,0.7627118644067796
full_klu_maternn_kappa=2.0_nu=1.0_alpha_0.9,0.6332698412698412,0.8376671432924144,0.8378152408819433,False,en,0.7627118644067796
full_klu_maternn_kappa=2.0_nu=1.0_alpha_1.0,0.3282857142857143,0.6664759726984019,0.6672043793407917,False,en,0.7627118644067796
full_klu_matern_kappa=2.0_nu=2.0_alpha_0.0,0.6439365079365079,0.8414434450627986,0.8415787416293768,False,en,0.7627118644067796
full_klu_matern_kappa=2.0_nu=2.0_alpha_0.1,0.6437460317460317,0.8413383347792053,0.8414739876518295,False,en,0.7627118644067796
full_klu_matern_kappa=2.0_nu=2.0_alpha_0.2,0.6427936507936508,0.840915281033057,0.8410523679861767,False,en,0.7627118644067796
full_klu_matern_kappa=2.0_nu=2.0_alpha_0.3,0.6452698412698413,0.8414256500427247,0.841561006931405,False,en,0.7627118644067796
full_klu_matern_kappa=2.0_nu=2.0_alpha_0.4,0.6484444444444445,0.842069257002539,0.8422024321727113,False,en,0.7627118644067796
full_klu_matern_kappa=2.0_nu=2.0_alpha_0.5,0.652952380952381,0.8433183568354132,0.8434472977688642,False,en,0.7627118644067796
full_klu_matern_kappa=2.0_nu=2.0_alpha_0.6,0.656888888888889,0.8437978213891816,0.8439251370190602,False,en,0.7627118644067796
full_klu_matern_kappa=2.0_nu=2.0_alpha_0.7,0.6639999999999999,0.84592581525949,0.8460459173508251,False,en,0.7627118644067796
full_klu_matern_kappa=2.0_nu=2.0_alpha_0.8,0.6680634920634921,0.8475763398163305,0.8476908469091681,False,en,0.7627118644067796
full_klu_matern_kappa=2.0_nu=2.0_alpha_0.9,0.665968253968254,0.8481359412114696,0.8482485513504253,False,en,0.7627118644067796
full_klu_matern_kappa=2.0_nu=2.0_alpha_1.0,0.656984126984127,0.8578638473368414,0.8579434815228296,False,en,0.7627118644067796
full_klu_maternn_kappa=2.0_nu=2.0_alpha_0.0,0.6439365079365079,0.8414434450627986,0.8415787416293768,False,en,0.7627118644067796
full_klu_maternn_kappa=2.0_nu=2.0_alpha_0.1,0.6455238095238095,0.841422440984665,0.8415578087515081,False,en,0.7627118644067796
full_klu_maternn_kappa=2.0_nu=2.0_alpha_0.2,0.6468571428571428,0.8422204268310105,0.8423530895610863,False,en,0.7627118644067796
full_klu_maternn_kappa=2.0_nu=2.0_alpha_0.3,0.6472380952380953,0.8423861432220472,0.842518244201645,False,en,0.7627118644067796
full_klu_maternn_kappa=2.0_nu=2.0_alpha_0.4,0.6470476190476191,0.8422127079157684,0.8423453968116587,False,en,0.7627118644067796
full_klu_maternn_kappa=2.0_nu=2.0_alpha_0.5,0.6466031746031745,0.8420619750814411,0.8421951749360918,False,en,0.7627118644067796
full_klu_maternn_kappa=2.0_nu=2.0_alpha_0.6,0.6457777777777778,0.8419573845988336,0.8420909389974931,False,en,0.7627118644067796
full_klu_maternn_kappa=2.0_nu=2.0_alpha_0.7,0.6427936507936508,0.8410416718261782,0.8411783303359313,False,en,0.7627118644067796
full_klu_maternn_kappa=2.0_nu=2.0_alpha_0.8,0.6386031746031746,0.839503980895805,0.8396458519171867,False,en,0.7627118644067796
full_klu_maternn_kappa=2.0_nu=2.0_alpha_0.9,0.6302222222222222,0.836549103995738,0.8367009915489843,False,en,0.7627118644067796
full_klu_maternn_kappa=2.0_nu=2.0_alpha_1.0,0.3516825396825397,0.6795479960191093,0.6802320907180389,False,en,0.7627118644067796
full_klu_matern_kappa=2.0_nu=3.0_alpha_0.0,0.6439365079365079,0.8414434450627986,0.8415787416293768,False,en,0.7627118644067796
full_klu_matern_kappa=2.0_nu=3.0_alpha_0.1,0.6426031746031746,0.8409051791365545,0.8410423003333911,False,en,0.7627118644067796
full_klu_matern_kappa=2.0_nu=3.0_alpha_0.2,0.6419047619047619,0.8405126626026697,0.8406511143640281,False,en,0.7627118644067796
full_klu_matern_kappa=2.0_nu=3.0_alpha_0.3,0.6422857142857142,0.8403422663588513,0.8404812957345955,False,en,0.7627118644067796
full_klu_matern_kappa=2.0_nu=3.0_alpha_0.4,0.6448888888888888,0.8409226493204616,0.8410597112963357,False,en,0.7627118644067796
full_klu_matern_kappa=2.0_nu=3.0_alpha_0.5,0.6481904761904763,0.8417483317592029,0.8418825948115561,False,en,0.7627118644067796
full_klu_matern_kappa=2.0_nu=3.0_alpha_0.6,0.6510476190476191,0.8423525549099597,0.8424847697482426,False,en,0.7627118644067796
full_klu_matern_kappa=2.0_nu=3.0_alpha_0.7,0.6575873015873016,0.8435159736517706,0.8436442446977083,False,en,0.7627118644067796
full_klu_matern_kappa=2.0_nu=3.0_alpha_0.8,0.6617142857142858,0.844720543764796,0.844844731522215,False,en,0.7627118644067796
full_klu_matern_kappa=2.0_nu=3.0_alpha_0.9,0.6602539682539682,0.8459120453954456,0.8460321941642861,False,en,0.7627118644067796
full_klu_matern_kappa=2.0_nu=3.0_alpha_1.0,0.6553333333333333,0.8559620394225929,0.8560481204150702,False,en,0.7627118644067796
full_klu_maternn_kappa=2.0_nu=3.0_alpha_0.0,0.6439365079365079,0.8414434450627986,0.8415787416293768,False,en,0.7627118644067796
full_klu_maternn_kappa=2.0_nu=3.0_alpha_0.1,0.6452063492063492,0.8412587252558585,0.8413946479912741,False,en,0.7627118644067796
full_klu_maternn_kappa=2.0_nu=3.0_alpha_0.2,0.6462857142857144,0.8420006939730864,0.8421341015603078,False,en,0.7627118644067796
full_klu_maternn_kappa=2.0_nu=3.0_alpha_0.3,0.6462857142857144,0.842015239702723,0.8421485979823863,False,en,0.7627118644067796
full_klu_maternn_kappa=2.0_nu=3.0_alpha_0.4,0.6459047619047619,0.8417398734106789,0.8418741651354,False,en,0.7627118644067796
full_klu_maternn_kappa=2.0_nu=3.0_alpha_0.5,0.6457142857142857,0.8418164107091104,0.8419504429853621,False,en,0.7627118644067796
full_klu_maternn_kappa=2.0_nu=3.0_alpha_0.6,0.6438095238095238,0.8413389426192615,0.841474593431411,False,en,0.7627118644067796
full_klu_maternn_kappa=2.0_nu=3.0_alpha_0.7,0.641968253968254,0.8407220517219176,0.8408597936896514,False,en,0.7627118644067796
full_klu_maternn_kappa=2.0_nu=3.0_alpha_0.8,0.6371428571428571,0.8388949599181248,0.839038895417397,False,en,0.7627118644067796
full_klu_maternn_kappa=2.0_nu=3.0_alpha_0.9,0.6299047619047619,0.8362606755005455,0.8364135407775044,False,en,0.7627118644067796
full_klu_maternn_kappa=2.0_nu=3.0_alpha_1.0,0.3842539682539683,0.6917742015616699,0.6924168514960486,False,en,0.7627118644067796
full_klu_matern_kappa=3.0_nu=1.0_alpha_0.0,0.6439365079365079,0.8414434450627986,0.8415787416293768,False,en,0.7627118644067796
full_klu_matern_kappa=3.0_nu=1.0_alpha_0.1,0.6441904761904762,0.8415582523438498,0.8416931597332041,False,en,0.7627118644067796
full_klu_matern_kappa=3.0_nu=1.0_alpha_0.2,0.6444444444444445,0.8416266594831112,0.8417613349838577,False,en,0.7627118644067796
full_klu_matern_kappa=3.0_nu=1.0_alpha_0.3,0.6462857142857144,0.842084156152149,0.8422172808167294,False,en,0.7627118644067796
full_klu_matern_kappa=3.0_nu=1.0_alpha_0.4,0.6487619047619048,0.8426800016838867,0.8428111065331052,False,en,0.7627118644067796
full_klu_matern_kappa=3.0_nu=1.0_alpha_0.5,0.6526349206349206,0.8434915763994282,0.8436199301479161,False,en,0.7627118644067796
full_klu_matern_kappa=3.0_nu=1.0_alpha_0.6,0.6574603174603176,0.8442514668726265,0.8443772447212053,False,en,0.7627118644067796
full_klu_matern_kappa=3.0_nu=1.0_alpha_0.7,0.6644444444444444,0.8461603641012704,0.846279671111786,False,en,0.7627118644067796
full_klu_matern_kappa=3.0_nu=1.0_alpha_0.8,0.6700317460317461,0.8481334746437968,0.8482460931439988,False,en,0.7627118644067796
full_klu_matern_kappa=3.0_nu=1.0_alpha_0.9,0.6683809523809523,0.849161099551089,0.849270234577029,False,en,0.7627118644067796
full_klu_matern_kappa=3.0_nu=1.0_alpha_1.0,0.6615555555555556,0.8601037991309721,0.8601758402600311,False,en,0.7627118644067796
full_klu_maternn_kappa=3.0_nu=1.0_alpha_0.0,0.6439365079365079,0.8414434450627986,0.8415787416293768,False,en,0.7627118644067796
full_klu_maternn_kappa=3.0_nu=1.0_alpha_0.1,0.645079365079365,0.841245292312567,0.8413812605833831,False,en,0.7627118644067796
full_klu_maternn_kappa=3.0_nu=1.0_alpha_0.2,0.6461587301587302,0.8419141356162885,0.8420478366216685,False,en,0.7627118644067796
full_klu_maternn_kappa=3.0_nu=1.0_alpha_0.3,0.6469206349206349,0.8423533689380478,0.8424855810169135,False,en,0.7627118644067796
full_klu_maternn_kappa=3.0_nu=1.0_alpha_0.4,0.6466031746031746,0.8421785933222725,0.8423113978608526,False,en,0.7627118644067796
full_klu_maternn_kappa=3.0_nu=1.0_alpha_0.5,0.6464126984126984,0.8420107889188978,0.8421441622859638,False,en,0.7627118644067796
full_klu_maternn_kappa=3.0_nu=1.0_alpha_0.6,0.6461587301587303,0.8420203915439175,0.8421537323597124,False,en,0.7627118644067796
full_klu_maternn_kappa=3.0_nu=1.0_alpha_0.7,0.645904761904762,0.8418378629367953,0.8419718224936311,False,en,0.7627118644067796
full_klu_maternn_kappa=3.0_nu=1.0_alpha_0.8,0.645968253968254,0.8419638469498509,0.8420973794422358,False,en,0.7627118644067796
full_klu_maternn_kappa=3.0_nu=1.0_alpha_0.9,0.6486349206349207,0.8422044466067358,0.8423371635070633,False,en,0.7627118644067796
full_klu_maternn_kappa=3.0_nu=1.0_alpha_1.0,0.6615873015873016,0.860003402826111,0.8600757842816273,False,en,0.7627118644067796
full_klu_matern_kappa=3.0_nu=2.0_alpha_0.0,0.6439365079365079,0.8414434450627986,0.8415787416293768,False,en,0.7627118644067796
full_klu_matern_kappa=3.0_nu=2.0_alpha_0.1,0.6420317460317461,0.8406394957373238,0.8407775175558527,False,en,0.7627118644067796
full_klu_matern_kappa=3.0_nu=2.0_alpha_0.2,0.6411428571428572,0.840230199115026,0.8403696083797323,False,en,0.7627118644067796
full_klu_matern_kappa=3.0_nu=2.0_alpha_0.3,0.641079365079365,0.8399677436418205,0.840108042586097,False,en,0.7627118644067796
full_klu_matern_kappa=3.0_nu=2.0_alpha_0.4,0.6412063492063492,0.8398001694702623,0.8399410364625779,False,en,0.7627118644067796
full_klu_matern_kappa=3.0_nu=2.0_alpha_0.5,0.6431746031746032,0.8403374436548391,0.8404764893787324,False,en,0.7627118644067796
full_klu_matern_kappa=3.0_nu=2.0_alpha_0.6,0.6457142857142857,0.8409321176321494,0.8410691475120519,False,en,0.7627118644067796
full_klu_matern_kappa=3.0_nu=2.0_alpha_0.7,0.6488253968253969,0.8415792585546189,0.8417140947364792,False,en,0.7627118644067796
full_klu_matern_kappa=3.0_nu=2.0_alpha_0.8,0.6563809523809523,0.843023048377429,0.8431529903564999,False,en,0.7627118644067796
full_klu_matern_kappa=3.0_nu=2.0_alpha_0.9,0.6607619047619049,0.8445379058113867,0.844662712680512,False,en,0.7627118644067796
full_klu_matern_kappa=3.0_nu=2.0_alpha_1.0,0.6517460317460317,0.856419809202001,0.8565043384325142,False,en,0.7627118644067796
full_klu_maternn_kappa=3.0_nu=2.0_alpha_0.0,0.6439365079365079,0.8414434450627986,0.8415787416293768,False,en,0.7627118644067796
full_klu_maternn_kappa=3.0_nu=2.0_alpha_0.1,0.6442539682539682,0.8413774511459314,0.8415129714207025,False,en,0.7627118644067796
full_klu_maternn_kappa=3.0_nu=2.0_alpha_0.2,0.6439365079365079,0.8413612401567458,0.8414968153840225,False,en,0.7627118644067796
full_klu_maternn_kappa=3.0_nu=2.0_alpha_0.3,0.6435555555555555,0.8411912439266771,0.8413273954123609,False,en,0.7627118644067796
full_klu_maternn_kappa=3.0_nu=2.0_alpha_0.4,0.6437460317460317,0.8412533288450408,0.841389269873374,False,en,0.7627118644067796
full_klu_maternn_kappa=3.0_nu=2.0_alpha_0.5,0.6445714285714287,0.8416342884941188,0.8417689381338114,False,en,0.7627118644067796
full_klu_maternn_kappa=3.0_nu=2.0_alpha_0.6,0.6455238095238095,0.8416039151428784,0.8417386677430835,False,en,0.7627118644067796
full_klu_maternn_kappa=3.0_nu=2.0_alpha_0.7,0.6478095238095238,0.842191310814645,0.8423240722430815,False,en,0.7627118644067796
full_klu_maternn_kappa=3.0_nu=2.0_alpha_0.8,0.6512380952380953,0.8432368323723903,0.8433660496599531,False,en,0.7627118644067796
full_klu_maternn_kappa=3.0_nu=2.0_alpha_0.9,0.6606984126984127,0.8458349175647395,0.8459553277838534,False,en,0.7627118644067796
full_klu_maternn_kappa=3.0_nu=2.0_alpha_1.0,0.6599047619047619,0.8598881217309053,0.8599608939697952,False,en,0.7627118644067796
full_klu_matern_kappa=3.0_nu=3.0_alpha_0.0,0.6439365079365079,0.8414434450627986,0.8415787416293768,False,en,0.7627118644067796
full_klu_matern_kappa=3.0_nu=3.0_alpha_0.1,0.6413968253968255,0.8403270193470058,0.8404661004075359,False,en,0.7627118644067796
full_klu_matern_kappa=3.0_nu=3.0_alpha_0.2,0.6396825396825397,0.8396177573903387,0.8397592427286881,False,en,0.7627118644067796
full_klu_matern_kappa=3.0_nu=3.0_alpha_0.3,0.6385396825396825,0.8390903935971621,0.8392336666093866,False,en,0.7627118644067796
full_klu_matern_kappa=3.0_nu=3.0_alpha_0.4,0.6382222222222222,0.8388384419773651,0.8389825690628772,False,en,0.7627118644067796
full_klu_matern_kappa=3.0_nu=3.0_alpha_0.5,0.6384761904761906,0.8387971308011841,0.8389413979245814,False,en,0.7627118644067796
full_klu_matern_kappa=3.0_nu=3.0_alpha_0.6,0.6397460317460317,0.8391459851305744,0.839289069696923,False,en,0.7627118644067796
full_klu_matern_kappa=3.0_nu=3.0_alpha_0.7,0.6412063492063492,0.8393498422519131,0.8394922357771724,False,en,0.7627118644067796
full_klu_matern_kappa=3.0_nu=3.0_alpha_0.8,0.6444444444444445,0.8401837985613583,0.8403233651160769,False,en,0.7627118644067796
full_klu_matern_kappa=3.0_nu=3.0_alpha_0.9,0.6521904761904761,0.8419107430740422,0.8420444555795654,False,en,0.7627118644067796
full_klu_matern_kappa=3.0_nu=3.0_alpha_1.0,0.6514285714285715,0.8571580854976668,0.8572401120966693,False,en,0.7627118644067796
full_klu_maternn_kappa=3.0_nu=3.0_alpha_0.0,0.6439365079365079,0.8414434450627986,0.8415787416293768,False,en,0.7627118644067796
full_klu_maternn_kappa=3.0_nu=3.0_alpha_0.1,0.6431746031746031,0.8409345231554664,0.8410715448810523,False,en,0.7627118644067796
full_klu_maternn_kappa=3.0_nu=3.0_alpha_0.2,0.6425396825396825,0.8408166315560033,0.84095405291413,False,en,0.7627118644067796
full_klu_maternn_kappa=3.0_nu=3.0_alpha_0.3,0.642095238095238,0.8407013641621761,0.8408391762572311,False,en,0.7627118644067796
full_klu_maternn_kappa=3.0_nu=3.0_alpha_0.4,0.6434285714285715,0.8412539960448641,0.8413899348115029,False,en,0.7627118644067796
full_klu_maternn_kappa=3.0_nu=3.0_alpha_0.5,0.6442539682539682,0.8412316382890119,0.8413676528446538,False,en,0.7627118644067796
full_klu_maternn_kappa=3.0_nu=3.0_alpha_0.6,0.6473650793650794,0.8420054712592626,0.8421388626522935,False,en,0.7627118644067796
full_klu_maternn_kappa=3.0_nu=3.0_alpha_0.7,0.6504761904761905,0.8431846571238639,0.8433140512766759,False,en,0.7627118644067796
full_klu_maternn_kappa=3.0_nu=3.0_alpha_0.8,0.6556825396825396,0.8447028757332538,0.844827123382305,False,en,0.7627118644067796
full_klu_maternn_kappa=3.0_nu=3.0_alpha_0.9,0.6672380952380953,0.848016099124646,0.8481291155079638,False,en,0.7627118644067796
full_klu_maternn_kappa=3.0_nu=3.0_alpha_1.0,0.6556507936507936,0.8568664120143281,0.8569494273370029,False,en,0.7627118644067796
deberta_full_klu_heat_t=0.1_alpha_0.0,0.6439365079365079,0.8414434450627986,0.8415787416293768,False,en,0.7627118644067796
deberta_full_klu_heat_t=0.1_alpha_0.1,0.647047619047619,0.8421283662218362,0.8422613410217737,False,en,0.7627118644067796
deberta_full_klu_heat_t=0.1_alpha_0.2,0.6495873015873016,0.8431187236880466,0.8432483413440308,False,en,0.7627118644067796
deberta_full_klu_heat_t=0.1_alpha_0.3,0.6512380952380952,0.8436596660771061,0.8437874500300765,False,en,0.7627118644067796
deberta_full_klu_heat_t=0.1_alpha_0.4,0.6524444444444445,0.8442338858601008,0.8443597233053322,False,en,0.7627118644067796
deberta_full_klu_heat_t=0.1_alpha_0.5,0.652888888888889,0.8443417512740593,0.8444672230738197,False,en,0.7627118644067796
deberta_full_klu_heat_t=0.1_alpha_0.6,0.6537777777777778,0.8446242056519864,0.8447487199792794,False,en,0.7627118644067796
deberta_full_klu_heat_t=0.1_alpha_0.7,0.6531428571428571,0.844325894029598,0.8444514195827294,False,en,0.7627118644067796
deberta_full_klu_heat_t=0.1_alpha_0.8,0.6527619047619048,0.8446492020191025,0.8447736316129474,False,en,0.7627118644067796
deberta_full_klu_heat_t=0.1_alpha_0.9,0.6494603174603175,0.8438589201564404,0.8439860286718538,False,en,0.7627118644067796
deberta_full_klu_heat_t=0.1_alpha_1.0,0.5,0.7462558745213697,0.7467138408185968,False,en,0.7627118644067796
deberta_full_klu_heatn_t=0.1_alpha_0.0,0.6439365079365079,0.8414434450627986,0.8415787416293768,False,en,0.7627118644067796
deberta_full_klu_heatn_t=0.1_alpha_0.1,0.6483809523809524,0.8427217311556766,0.8428526945490586,False,en,0.7627118644067796
deberta_full_klu_heatn_t=0.1_alpha_0.2,0.6520634920634921,0.8441748490279161,0.8443008865980024,False,en,0.7627118644067796
deberta_full_klu_heatn_t=0.1_alpha_0.3,0.6540952380952381,0.8448634972581355,0.8449872004274415,False,en,0.7627118644067796
deberta_full_klu_heatn_t=0.1_alpha_0.4,0.6564444444444444,0.8456510163823663,0.8457720499953189,False,en,0.7627118644067796
deberta_full_klu_heatn_t=0.1_alpha_0.5,0.657968253968254,0.8461487511600241,0.8462680975364423,False,en,0.7627118644067796
deberta_full_klu_heatn_t=0.1_alpha_0.6,0.6591746031746031,0.8465832589440793,0.8467011324127548,False,en,0.7627118644067796
deberta_full_klu_heatn_t=0.1_alpha_0.7,0.6608888888888889,0.8471288630430784,0.8472448870063337,False,en,0.7627118644067796
deberta_full_klu_heatn_t=0.1_alpha_0.8,0.6623492063492064,0.8475406321042812,0.8476552602402103,False,en,0.7627118644067796
deberta_full_klu_heatn_t=0.1_alpha_0.9,0.6625396825396825,0.8475627683676946,0.8476773214654427,False,en,0.7627118644067796
deberta_full_klu_heatn_t=0.1_alpha_1.0,0.5,0.7462558745213697,0.7467138408185968,False,en,0.7627118644067796
deberta_full_klu_heat_t=0.2_alpha_0.0,0.6439365079365079,0.8414434450627986,0.8415787416293768,False,en,0.7627118644067796
deberta_full_klu_heat_t=0.2_alpha_0.1,0.6457777777777778,0.8420437830076049,0.8421770445303024,False,en,0.7627118644067796
deberta_full_klu_heat_t=0.2_alpha_0.2,0.6464761904761905,0.8423311320009974,0.8424634194593105,False,en,0.7627118644067796
deberta_full_klu_heat_t=0.2_alpha_0.3,0.6471746031746032,0.8425154555853871,0.8426471182179904,False,en,0.7627118644067796
deberta_full_klu_heat_t=0.2_alpha_0.4,0.6470476190476191,0.8424181047274554,0.8425500973629669,False,en,0.7627118644067796
deberta_full_klu_heat_t=0.2_alpha_0.5,0.647936507936508,0.8430752033748061,0.8432049685572759,False,en,0.7627118644067796
deberta_full_klu_heat_t=0.2_alpha_0.6,0.6478095238095237,0.8428752057918729,0.8430056489322509,False,en,0.7627118644067796
deberta_full_klu_heat_t=0.2_alpha_0.7,0.6466031746031746,0.8424468280629591,0.8425787233312317,False,en,0.7627118644067796
deberta_full_klu_heat_t=0.2_alpha_0.8,0.6457777777777778,0.8422355271316456,0.8423681386742616,False,en,0.7627118644067796
deberta_full_klu_heat_t=0.2_alpha_0.9,0.6440634920634921,0.8416373577679648,0.841771997003339,False,en,0.7627118644067796
deberta_full_klu_heat_t=0.2_alpha_1.0,0.5,0.7462558745213697,0.7467138408185968,False,en,0.7627118644067796
deberta_full_klu_heatn_t=0.2_alpha_0.0,0.6439365079365079,0.8414434450627986,0.8415787416293768,False,en,0.7627118644067796
deberta_full_klu_heatn_t=0.2_alpha_0.1,0.6483809523809523,0.8427247101077757,0.8428556634030151,False,en,0.7627118644067796
deberta_full_klu_heatn_t=0.2_alpha_0.2,0.652,0.8440742736230162,0.8442006521266785,False,en,0.7627118644067796
deberta_full_klu_heatn_t=0.2_alpha_0.3,0.6537142857142857,0.8446867677177936,0.8448110699702871,False,en,0.7627118644067796
deberta_full_klu_heatn_t=0.2_alpha_0.4,0.6555555555555556,0.8452152113543767,0.8453377222725089,False,en,0.7627118644067796
deberta_full_klu_heatn_t=0.2_alpha_0.5,0.6573333333333333,0.8458457641235994,0.8459661375747171,False,en,0.7627118644067796
deberta_full_klu_heatn_t=0.2_alpha_0.6,0.6583492063492064,0.8461539371009397,0.8462732658978971,False,en,0.7627118644067796
deberta_full_klu_heatn_t=0.2_alpha_0.7,0.6599365079365079,0.8467073709020119,0.846824823652186,False,en,0.7627118644067796
deberta_full_klu_heatn_t=0.2_alpha_0.8,0.6606984126984127,0.8470899810185799,0.847206136785308,False,en,0.7627118644067796
deberta_full_klu_heatn_t=0.2_alpha_0.9,0.6603174603174604,0.8470863515126381,0.847202519582776,False,en,0.7627118644067796
deberta_full_klu_heatn_t=0.2_alpha_1.0,0.5,0.7462558745213697,0.7467138408185968,False,en,0.7627118644067796
deberta_full_klu_heat_t=0.3_alpha_0.0,0.6439365079365079,0.8414434450627986,0.8415787416293768,False,en,0.7627118644067796
deberta_full_klu_heat_t=0.3_alpha_0.1,0.6439365079365079,0.8414465520366374,0.8415818380711009,False,en,0.7627118644067796
deberta_full_klu_heat_t=0.3_alpha_0.2,0.6436825396825397,0.8411550196048517,0.8412912938848468,False,en,0.7627118644067796
deberta_full_klu_heat_t=0.3_alpha_0.3,0.6433015873015874,0.8413711571711685,0.8415066987814471,False,en,0.7627118644067796
deberta_full_klu_heat_t=0.3_alpha_0.4,0.6438095238095238,0.8415152847004193,0.8416503377428021,False,en,0.7627118644067796
deberta_full_klu_heat_t=0.3_alpha_0.5,0.6436825396825397,0.8413263372060849,0.8414620307484486,False,en,0.7627118644067796
deberta_full_klu_heat_t=0.3_alpha_0.6,0.6431746031746032,0.8407891129247522,0.8409266275663746,False,en,0.7627118644067796
deberta_full_klu_heat_t=0.3_alpha_0.7,0.6435555555555557,0.8412100062255368,0.8413460941102072,False,en,0.7627118644067796
deberta_full_klu_heat_t=0.3_alpha_0.8,0.6433650793650793,0.8411716694327576,0.841307887272658,False,en,0.7627118644067796
deberta_full_klu_heat_t=0.3_alpha_0.9,0.6430476190476191,0.8411938883909453,0.8413300309123435,False,en,0.7627118644067796
deberta_full_klu_heat_t=0.3_alpha_1.0,0.5,0.7462558745213697,0.7467138408185968,False,en,0.7627118644067796
deberta_full_klu_heatn_t=0.3_alpha_0.0,0.6439365079365079,0.8414434450627986,0.8415787416293768,False,en,0.7627118644067796
deberta_full_klu_heatn_t=0.3_alpha_0.1,0.6483809523809524,0.8427184859930025,0.8428494603869359,False,en,0.7627118644067796
deberta_full_klu_heatn_t=0.3_alpha_0.2,0.6517460317460317,0.8440566972430757,0.844183135327687,False,en,0.7627118644067796
deberta_full_klu_heatn_t=0.3_alpha_0.3,0.6532063492063491,0.8445198431460725,0.8446447112445719,False,en,0.7627118644067796
deberta_full_klu_heatn_t=0.3_alpha_0.4,0.6551746031746032,0.845124832646502,0.8452476499331354,False,en,0.7627118644067796
deberta_full_klu_heatn_t=0.3_alpha_0.5,0.6566984126984127,0.8456213821281264,0.8457425161961781,False,en,0.7627118644067796
deberta_full_klu_heatn_t=0.3_alpha_0.6,0.6580317460317461,0.8461520736452198,0.8462714087589763,False,en,0.7627118644067796
deberta_full_klu_heatn_t=0.3_alpha_0.7,0.6584126984126984,0.8462296998523227,0.8463487718263941,False,en,0.7627118644067796
deberta_full_klu_heatn_t=0.3_alpha_0.8,0.6593650793650793,0.8466494825250757,0.846767131507036,False,en,0.7627118644067796
deberta_full_klu_heatn_t=0.3_alpha_0.9,0.6574603174603175,0.8460721053518854,0.8461917115446024,False,en,0.7627118644067796
deberta_full_klu_heatn_t=0.3_alpha_1.0,0.5,0.7462558745213697,0.7467138408185968,False,en,0.7627118644067796
deberta_full_klu_heat_t=0.4_alpha_0.0,0.6439365079365079,0.8414434450627986,0.8415787416293768,False,en,0.7627118644067796
deberta_full_klu_heat_t=0.4_alpha_0.1,0.6423492063492062,0.8406908971490563,0.8408287447255116,False,en,0.7627118644067796
deberta_full_klu_heat_t=0.4_alpha_0.2,0.6415873015873016,0.8405451608166647,0.8406835024145858,False,en,0.7627118644067796
deberta_full_klu_heat_t=0.4_alpha_0.3,0.6408253968253969,0.8401302354488711,0.8402699835734627,False,en,0.7627118644067796
deberta_full_klu_heat_t=0.4_alpha_0.4,0.6408253968253969,0.8400045328621437,0.8401447070971986,False,en,0.7627118644067796
deberta_full_klu_heat_t=0.4_alpha_0.5,0.6404444444444445,0.8397751694817183,0.8399161212197578,False,en,0.7627118644067796
deberta_full_klu_heat_t=0.4_alpha_0.6,0.6406984126984127,0.8399887564915964,0.8401289842058737,False,en,0.7627118644067796
deberta_full_klu_heat_t=0.4_alpha_0.7,0.6402539682539683,0.8398781479087634,0.8400187505673893,False,en,0.7627118644067796
deberta_full_klu_heat_t=0.4_alpha_0.8,0.6415238095238095,0.8405375216427516,0.8406758891361775,False,en,0.7627118644067796
deberta_full_klu_heat_t=0.4_alpha_0.9,0.6412698412698413,0.8406133999543697,0.84075151023318,False,en,0.7627118644067796
deberta_full_klu_heat_t=0.4_alpha_1.0,0.5,0.7462558745213697,0.7467138408185968,False,en,0.7627118644067796
deberta_full_klu_heatn_t=0.4_alpha_0.0,0.6439365079365079,0.8414434450627986,0.8415787416293768,False,en,0.7627118644067796
deberta_full_klu_heatn_t=0.4_alpha_0.1,0.648063492063492,0.8425305094605882,0.8426621210631061,False,en,0.7627118644067796
deberta_full_klu_heatn_t=0.4_alpha_0.2,0.6514285714285714,0.8438948559187189,0.8440218426179891,False,en,0.7627118644067796
deberta_full_klu_heatn_t=0.4_alpha_0.3,0.6529523809523808,0.8444724878531442,0.8445975164780604,False,en,0.7627118644067796
deberta_full_klu_heatn_t=0.4_alpha_0.4,0.6544761904761904,0.8448982751412208,0.8450218604193976,False,en,0.7627118644067796
deberta_full_klu_heatn_t=0.4_alpha_0.5,0.656063492063492,0.845442269259709,0.8455640104900265,False,en,0.7627118644067796
deberta_full_klu_heatn_t=0.4_alpha_0.6,0.657079365079365,0.8457122180551817,0.8458330442048367,False,en,0.7627118644067796
deberta_full_klu_heatn_t=0.4_alpha_0.7,0.6575873015873016,0.8456961837535926,0.8458170642568121,False,en,0.7627118644067796
deberta_full_klu_heatn_t=0.4_alpha_0.8,0.6582857142857143,0.8464089701208409,0.8465274343990867,False,en,0.7627118644067796
deberta_full_klu_heatn_t=0.4_alpha_0.9,0.6562539682539683,0.8458826029787712,0.846002851552414,False,en,0.7627118644067796
deberta_full_klu_heatn_t=0.4_alpha_1.0,0.5,0.7462558745213697,0.7467138408185968,False,en,0.7627118644067796
deberta_full_klu_heat_t=0.5_alpha_0.0,0.6439365079365079,0.8414434450627986,0.8415787416293768,False,en,0.7627118644067796
deberta_full_klu_heat_t=0.5_alpha_0.1,0.6415873015873015,0.8403435072640353,0.8404825324333212,False,en,0.7627118644067796
deberta_full_klu_heat_t=0.5_alpha_0.2,0.6401904761904762,0.8399304007176038,0.840070826248064,False,en,0.7627118644067796
deberta_full_klu_heat_t=0.5_alpha_0.3,0.6396825396825397,0.8395037089003556,0.8396455808437556,False,en,0.7627118644067796
deberta_full_klu_heat_t=0.5_alpha_0.4,0.6389841269841271,0.8392684360148156,0.8394111054934209,False,en,0.7627118644067796
deberta_full_klu_heat_t=0.5_alpha_0.5,0.6387936507936508,0.839325188906354,0.8394676660022761,False,en,0.7627118644067796
deberta_full_klu_heat_t=0.5_alpha_0.6,0.6382222222222222,0.8389898803097688,0.8391334940450013,False,en,0.7627118644067796
deberta_full_klu_heat_t=0.5_alpha_0.7,0.6380317460317461,0.839005731389019,0.8391492913917796,False,en,0.7627118644067796
deberta_full_klu_heat_t=0.5_alpha_0.8,0.6387936507936508,0.8394058821810529,0.8395480857404506,False,en,0.7627118644067796
deberta_full_klu_heat_t=0.5_alpha_0.9,0.6403174603174603,0.8401483217022269,0.840288008517485,False,en,0.7627118644067796
deberta_full_klu_heat_t=0.5_alpha_1.0,0.5,0.7462558745213697,0.7467138408185968,False,en,0.7627118644067796
deberta_full_klu_heatn_t=0.5_alpha_0.0,0.6439365079365079,0.8414434450627986,0.8415787416293768,False,en,0.7627118644067796
deberta_full_klu_heatn_t=0.5_alpha_0.1,0.6478730158730158,0.8424467185812492,0.8425786142206463,False,en,0.7627118644067796
deberta_full_klu_heatn_t=0.5_alpha_0.2,0.6508571428571429,0.8436878565747326,0.8438155449666942,False,en,0.7627118644067796
deberta_full_klu_heatn_t=0.5_alpha_0.3,0.6527619047619048,0.8443700393990021,0.8444954153068136,False,en,0.7627118644067796
deberta_full_klu_heatn_t=0.5_alpha_0.4,0.6544761904761904,0.8449317548079056,0.8450552265956869,False,en,0.7627118644067796
deberta_full_klu_heatn_t=0.5_alpha_0.5,0.6554285714285714,0.8452555613280032,0.8453779354665638,False,en,0.7627118644067796
deberta_full_klu_heatn_t=0.5_alpha_0.6,0.6564444444444445,0.8453643587719708,0.8454863641056367,False,en,0.7627118644067796
deberta_full_klu_heatn_t=0.5_alpha_0.7,0.656888888888889,0.8457165590400602,0.845837370474512,False,en,0.7627118644067796
deberta_full_klu_heatn_t=0.5_alpha_0.8,0.6568888888888889,0.8458562959662326,0.845976633716189,False,en,0.7627118644067796
deberta_full_klu_heatn_t=0.5_alpha_0.9,0.6551746031746032,0.8455783835533546,0.8456996633792869,False,en,0.7627118644067796
deberta_full_klu_heatn_t=0.5_alpha_1.0,0.5,0.7462558745213697,0.7467138408185968,False,en,0.7627118644067796
deberta_full_klu_heat_t=0.6_alpha_0.0,0.6439365079365079,0.8414434450627986,0.8415787416293768,False,en,0.7627118644067796
deberta_full_klu_heat_t=0.6_alpha_0.1,0.6413333333333334,0.8403114505728183,0.840450584408854,False,en,0.7627118644067796
deberta_full_klu_heat_t=0.6_alpha_0.2,0.6398095238095238,0.8397792268799218,0.8399201648640692,False,en,0.7627118644067796
deberta_full_klu_heat_t=0.6_alpha_0.3,0.6388571428571429,0.8391856662351094,0.8393286162892392,False,en,0.7627118644067796
deberta_full_klu_heat_t=0.6_alpha_0.4,0.6380952380952382,0.8388769279169268,0.8390209245416266,False,en,0.7627118644067796
deberta_full_klu_heat_t=0.6_alpha_0.5,0.6371428571428571,0.8385690075126229,0.8387140479353035,False,en,0.7627118644067796
deberta_full_klu_heat_t=0.6_alpha_0.6,0.6367619047619048,0.8384555239496139,0.8386009490623385,False,en,0.7627118644067796
deberta_full_klu_heat_t=0.6_alpha_0.7,0.6363809523809524,0.8385264780883431,0.8386716626785637,False,en,0.7627118644067796
deberta_full_klu_heat_t=0.6_alpha_0.8,0.6368888888888888,0.8385511645207173,0.8386962654281161,False,en,0.7627118644067796
deberta_full_klu_heat_t=0.6_alpha_0.9,0.6383492063492062,0.8393118575897626,0.8394543798765883,False,en,0.7627118644067796
deberta_full_klu_heat_t=0.6_alpha_1.0,0.5,0.7462558745213697,0.7467138408185968,False,en,0.7627118644067796
deberta_full_klu_heatn_t=0.6_alpha_0.0,0.6439365079365079,0.8414434450627986,0.8415787416293768,False,en,0.7627118644067796
deberta_full_klu_heatn_t=0.6_alpha_0.1,0.6476825396825397,0.84239757711021,0.842529639330865,False,en,0.7627118644067796
deberta_full_klu_heatn_t=0.6_alpha_0.2,0.6504126984126983,0.8435203863506141,0.8436486424382508,False,en,0.7627118644067796
deberta_full_klu_heatn_t=0.6_alpha_0.3,0.6522539682539683,0.8442620720323404,0.8443878139312252,False,en,0.7627118644067796
deberta_full_klu_heatn_t=0.6_alpha_0.4,0.6539047619047619,0.8446846829139116,0.8448089922335369,False,en,0.7627118644067796
deberta_full_klu_heatn_t=0.6_alpha_0.5,0.654984126984127,0.8449843969628248,0.8451076903026232,False,en,0.7627118644067796
deberta_full_klu_heatn_t=0.6_alpha_0.6,0.6555555555555556,0.8451717529689589,0.8452944112036517,False,en,0.7627118644067796
deberta_full_klu_heatn_t=0.6_alpha_0.7,0.6561269841269841,0.8454034593244671,0.8455253321138873,False,en,0.7627118644067796
deberta_full_klu_heatn_t=0.6_alpha_0.8,0.6561269841269841,0.8455097740638882,0.8456312864643609,False,en,0.7627118644067796
deberta_full_klu_heatn_t=0.6_alpha_0.9,0.6532063492063492,0.8449547584760679,0.845078152285313,False,en,0.7627118644067796
deberta_full_klu_heatn_t=0.6_alpha_1.0,0.5,0.7462558745213697,0.7467138408185968,False,en,0.7627118644067796
deberta_full_klu_heat_t=0.7_alpha_0.0,0.6439365079365079,0.8414434450627986,0.8415787416293768,False,en,0.7627118644067796
deberta_full_klu_heat_t=0.7_alpha_0.1,0.640888888888889,0.8401213389288873,0.8402611172111736,False,en,0.7627118644067796
deberta_full_klu_heat_t=0.7_alpha_0.2,0.6391111111111111,0.839460515574771,0.8396025339362239,False,en,0.7627118644067796
deberta_full_klu_heat_t=0.7_alpha_0.3,0.6382857142857142,0.8390254872511119,0.8391689802848484,False,en,0.7627118644067796
deberta_full_klu_heat_t=0.7_alpha_0.4,0.6375238095238095,0.8386825766156474,0.8388272320583177,False,en,0.7627118644067796
deberta_full_klu_heat_t=0.7_alpha_0.5,0.6366984126984127,0.8384620748667653,0.838607477772991,False,en,0.7627118644067796
deberta_full_klu_heat_t=0.7_alpha_0.6,0.6362539682539682,0.8383868588705217,0.8385325167462263,False,en,0.7627118644067796
deberta_full_klu_heat_t=0.7_alpha_0.7,0.6357460317460317,0.8383390902500912,0.8384849100533227,False,en,0.7627118644067796
deberta_full_klu_heat_t=0.7_alpha_0.8,0.6356190476190476,0.8381676091473786,0.8383140102424836,False,en,0.7627118644067796
deberta_full_klu_heat_t=0.7_alpha_0.9,0.6367619047619048,0.8385734321951388,0.8387184576188956,False,en,0.7627118644067796
deberta_full_klu_heat_t=0.7_alpha_1.0,0.5,0.7462558745213697,0.7467138408185968,False,en,0.7627118644067796
deberta_full_klu_heatn_t=0.7_alpha_0.0,0.6439365079365079,0.8414434450627986,0.8415787416293768,False,en,0.7627118644067796
deberta_full_klu_heatn_t=0.7_alpha_0.1,0.6475555555555554,0.8423511332039488,0.8424833528615742,False,en,0.7627118644067796
deberta_full_klu_heatn_t=0.7_alpha_0.2,0.6503492063492063,0.8434815390427991,0.8436099268162249,False,en,0.7627118644067796
deberta_full_klu_heatn_t=0.7_alpha_0.3,0.6521269841269841,0.8441766906576416,0.8443027219849153,False,en,0.7627118644067796
deberta_full_klu_heatn_t=0.7_alpha_0.4,0.6532698412698412,0.8444374173564257,0.8445625648643815,False,en,0.7627118644067796
deberta_full_klu_heatn_t=0.7_alpha_0.5,0.6547936507936508,0.845013292887651,0.8451364882751619,False,en,0.7627118644067796
deberta_full_klu_heatn_t=0.7_alpha_0.6,0.654920634920635,0.8450027416747898,0.8451259728291239,False,en,0.7627118644067796
deberta_full_klu_heatn_t=0.7_alpha_0.7,0.6554920634920636,0.8452499880309401,0.8453723810620332,False,en,0.7627118644067796
deberta_full_klu_heatn_t=0.7_alpha_0.8,0.6554920634920636,0.8455185719616258,0.8456400545387165,False,en,0.7627118644067796
deberta_full_klu_heatn_t=0.7_alpha_0.9,0.6513650793650795,0.8443645975041634,0.8444899918590759,False,en,0.7627118644067796
deberta_full_klu_heatn_t=0.7_alpha_1.0,0.5,0.7462558745213697,0.7467138408185968,False,en,0.7627118644067796
deberta_full_klu_matern_kappa=1.0_nu=1.0_alpha_0.0,0.6439365079365079,0.8414434450627986,0.8415787416293768,False,en,0.7627118644067796
deberta_full_klu_matern_kappa=1.0_nu=1.0_alpha_0.1,0.645968253968254,0.8420322588367046,0.8421655594243883,False,en,0.7627118644067796
deberta_full_klu_matern_kappa=1.0_nu=1.0_alpha_0.2,0.6471111111111112,0.8424082900971381,0.8425403160025828,False,en,0.7627118644067796
deberta_full_klu_matern_kappa=1.0_nu=1.0_alpha_0.3,0.6483809523809524,0.8430273154681843,0.843157242982541,False,en,0.7627118644067796
deberta_full_klu_matern_kappa=1.0_nu=1.0_alpha_0.4,0.6481904761904762,0.8427971106517134,0.84292781852138,False,en,0.7627118644067796
deberta_full_klu_matern_kappa=1.0_nu=1.0_alpha_0.5,0.6488888888888888,0.8433800757169977,0.8435088074339007,False,en,0.7627118644067796
deberta_full_klu_matern_kappa=1.0_nu=1.0_alpha_0.6,0.6487619047619048,0.8432672348303565,0.8433963490587396,False,en,0.7627118644067796
deberta_full_klu_matern_kappa=1.0_nu=1.0_alpha_0.7,0.6481904761904762,0.8430363129223128,0.8431662099368251,False,en,0.7627118644067796
deberta_full_klu_matern_kappa=1.0_nu=1.0_alpha_0.8,0.6467936507936508,0.8427184424105337,0.8428494169522045,False,en,0.7627118644067796
deberta_full_klu_matern_kappa=1.0_nu=1.0_alpha_0.9,0.6448253968253969,0.8418023086046023,0.8419363886845981,False,en,0.7627118644067796
deberta_full_klu_matern_kappa=1.0_nu=1.0_alpha_1.0,0.5,0.7462558745213697,0.7467138408185968,False,en,0.7627118644067796
deberta_full_klu_maternn_kappa=1.0_nu=1.0_alpha_0.0,0.6439365079365079,0.8414434450627986,0.8415787416293768,False,en,0.7627118644067796
deberta_full_klu_maternn_kappa=1.0_nu=1.0_alpha_0.1,0.648063492063492,0.8425305094605882,0.8426621210631061,False,en,0.7627118644067796
deberta_full_klu_maternn_kappa=1.0_nu=1.0_alpha_0.2,0.6514285714285714,0.8438948559187189,0.8440218426179891,False,en,0.7627118644067796
deberta_full_klu_maternn_kappa=1.0_nu=1.0_alpha_0.3,0.6530158730158729,0.8444926142468969,0.8446175746467495,False,en,0.7627118644067796
deberta_full_klu_maternn_kappa=1.0_nu=1.0_alpha_0.4,0.6544761904761904,0.8448982751412208,0.8450218604193976,False,en,0.7627118644067796
deberta_full_klu_maternn_kappa=1.0_nu=1.0_alpha_0.5,0.656063492063492,0.845442269259709,0.8455640104900265,False,en,0.7627118644067796
deberta_full_klu_maternn_kappa=1.0_nu=1.0_alpha_0.6,0.657079365079365,0.8457122180551817,0.8458330442048367,False,en,0.7627118644067796
deberta_full_klu_maternn_kappa=1.0_nu=1.0_alpha_0.7,0.6575873015873016,0.8456961837535926,0.8458170642568121,False,en,0.7627118644067796
deberta_full_klu_maternn_kappa=1.0_nu=1.0_alpha_0.8,0.6584126984126984,0.8464549068628847,0.846573215423361,False,en,0.7627118644067796
deberta_full_klu_maternn_kappa=1.0_nu=1.0_alpha_0.9,0.6562539682539683,0.8458826029787712,0.846002851552414,False,en,0.7627118644067796
deberta_full_klu_maternn_kappa=1.0_nu=1.0_alpha_1.0,0.5,0.7462558745213697,0.7467138408185968,False,en,0.7627118644067796
deberta_full_klu_matern_kappa=1.0_nu=2.0_alpha_0.0,0.6439365079365079,0.8414434450627986,0.8415787416293768,False,en,0.7627118644067796
deberta_full_klu_matern_kappa=1.0_nu=2.0_alpha_0.1,0.644888888888889,0.8417676535003982,0.8419018510553234,False,en,0.7627118644067796
deberta_full_klu_matern_kappa=1.0_nu=2.0_alpha_0.2,0.6453968253968254,0.8419761272987127,0.8421096181627963,False,en,0.7627118644067796
deberta_full_klu_matern_kappa=1.0_nu=2.0_alpha_0.3,0.6448253968253969,0.8417191929264816,0.8418535547545387,False,en,0.7627118644067796
deberta_full_klu_matern_kappa=1.0_nu=2.0_alpha_0.4,0.645015873015873,0.84196534204936,0.8420988694736109,False,en,0.7627118644067796
deberta_full_klu_matern_kappa=1.0_nu=2.0_alpha_0.5,0.6455873015873016,0.8420995163418361,0.842232588937977,False,en,0.7627118644067796
deberta_full_klu_matern_kappa=1.0_nu=2.0_alpha_0.6,0.6453333333333333,0.8417574895343728,0.8418917215434202,False,en,0.7627118644067796
deberta_full_klu_matern_kappa=1.0_nu=2.0_alpha_0.7,0.6448253968253969,0.8417764514878003,0.8419106192190395,False,en,0.7627118644067796
deberta_full_klu_matern_kappa=1.0_nu=2.0_alpha_0.8,0.6443809523809523,0.8415923187089419,0.8417271106190924,False,en,0.7627118644067796
deberta_full_klu_matern_kappa=1.0_nu=2.0_alpha_0.9,0.6437460317460317,0.8415009780918103,0.8416360796311717,False,en,0.7627118644067796
deberta_full_klu_matern_kappa=1.0_nu=2.0_alpha_1.0,0.5,0.7462558745213697,0.7467138408185968,False,en,0.7627118644067796
deberta_full_klu_maternn_kappa=1.0_nu=2.0_alpha_0.0,0.6439365079365079,0.8414434450627986,0.8415787416293768,False,en,0.7627118644067796
deberta_full_klu_maternn_kappa=1.0_nu=2.0_alpha_0.1,0.648,0.8425171182773432,0.8426487752737026,False,en,0.7627118644067796
deberta_full_klu_maternn_kappa=1.0_nu=2.0_alpha_0.2,0.6513015873015873,0.8438542202888075,0.8439813447359755,False,en,0.7627118644067796
deberta_full_klu_maternn_kappa=1.0_nu=2.0_alpha_0.3,0.652952380952381,0.8444613313682201,0.8445863978117292,False,en,0.7627118644067796
deberta_full_klu_maternn_kappa=1.0_nu=2.0_alpha_0.4,0.6546666666666666,0.8449858419509374,0.8451091303924712,False,en,0.7627118644067796
deberta_full_klu_maternn_kappa=1.0_nu=2.0_alpha_0.5,0.6556825396825396,0.845282318699556,0.8454046021351622,False,en,0.7627118644067796
deberta_full_klu_maternn_kappa=1.0_nu=2.0_alpha_0.6,0.6568253968253969,0.845641324703037,0.8457623911691399,False,en,0.7627118644067796
deberta_full_klu_maternn_kappa=1.0_nu=2.0_alpha_0.7,0.6574603174603175,0.8458295882334912,0.8459500165181348,False,en,0.7627118644067796
deberta_full_klu_maternn_kappa=1.0_nu=2.0_alpha_0.8,0.6574603174603174,0.8461560596530924,0.8462753812549577,False,en,0.7627118644067796
deberta_full_klu_maternn_kappa=1.0_nu=2.0_alpha_0.9,0.6561904761904761,0.8457489100863291,0.8458696118562176,False,en,0.7627118644067796
deberta_full_klu_maternn_kappa=1.0_nu=2.0_alpha_1.0,0.5,0.7462558745213697,0.7467138408185968,False,en,0.7627118644067796
deberta_full_klu_matern_kappa=1.0_nu=3.0_alpha_0.0,0.6439365079365079,0.8414434450627986,0.8415787416293768,False,en,0.7627118644067796
deberta_full_klu_matern_kappa=1.0_nu=3.0_alpha_0.1,0.6438730158730158,0.8414405609090447,0.8415758672524154,False,en,0.7627118644067796
deberta_full_klu_matern_kappa=1.0_nu=3.0_alpha_0.2,0.644,0.8413468316432055,0.8414824557129009,False,en,0.7627118644067796
deberta_full_klu_matern_kappa=1.0_nu=3.0_alpha_0.3,0.6436190476190476,0.8414763297741563,0.8416115148671367,False,en,0.7627118644067796
deberta_full_klu_matern_kappa=1.0_nu=3.0_alpha_0.4,0.6439365079365079,0.8416196454150086,0.8417543446922572,False,en,0.7627118644067796
deberta_full_klu_matern_kappa=1.0_nu=3.0_alpha_0.5,0.6439999999999999,0.8414210631095039,0.8415564355471102,False,en,0.7627118644067796
deberta_full_klu_matern_kappa=1.0_nu=3.0_alpha_0.6,0.6433015873015874,0.8408526380964216,0.8409899373984789,False,en,0.7627118644067796
deberta_full_klu_matern_kappa=1.0_nu=3.0_alpha_0.7,0.6436825396825397,0.8412902702621115,0.8414260860653021,False,en,0.7627118644067796
deberta_full_klu_matern_kappa=1.0_nu=3.0_alpha_0.8,0.6434285714285713,0.8411995494372184,0.8413356727686291,False,en,0.7627118644067796
deberta_full_klu_matern_kappa=1.0_nu=3.0_alpha_0.9,0.6431111111111111,0.8412122741236168,0.8413483543204974,False,en,0.7627118644067796
deberta_full_klu_matern_kappa=1.0_nu=3.0_alpha_1.0,0.5,0.7462558745213697,0.7467138408185968,False,en,0.7627118644067796
deberta_full_klu_maternn_kappa=1.0_nu=3.0_alpha_0.0,0.6439365079365079,0.8414434450627986,0.8415787416293768,False,en,0.7627118644067796
deberta_full_klu_maternn_kappa=1.0_nu=3.0_alpha_0.1,0.6478730158730158,0.8424572771283931,0.842589136976105,False,en,0.7627118644067796
deberta_full_klu_maternn_kappa=1.0_nu=3.0_alpha_0.2,0.6513015873015873,0.8438542202888075,0.8439813447359755,False,en,0.7627118644067796
deberta_full_klu_maternn_kappa=1.0_nu=3.0_alpha_0.3,0.6528253968253968,0.8443941930310948,0.8445194870621874,False,en,0.7627118644067796
deberta_full_klu_maternn_kappa=1.0_nu=3.0_alpha_0.4,0.6546031746031745,0.8449783732183884,0.8451016869776596,False,en,0.7627118644067796
deberta_full_klu_maternn_kappa=1.0_nu=3.0_alpha_0.5,0.6557460317460317,0.8453236774134795,0.8454458206500555,False,en,0.7627118644067796
deberta_full_klu_maternn_kappa=1.0_nu=3.0_alpha_0.6,0.6567619047619048,0.8456138072956645,0.8457349670411144,False,en,0.7627118644067796
deberta_full_klu_maternn_kappa=1.0_nu=3.0_alpha_0.7,0.656952380952381,0.8456650003459699,0.8457859865556561,False,en,0.7627118644067796
deberta_full_klu_maternn_kappa=1.0_nu=3.0_alpha_0.8,0.6570793650793652,0.8460025402145277,0.8461223822212697,False,en,0.7627118644067796
deberta_full_klu_maternn_kappa=1.0_nu=3.0_alpha_0.9,0.6558095238095237,0.8455971187353786,0.845718335052219,False,en,0.7627118644067796
deberta_full_klu_maternn_kappa=1.0_nu=3.0_alpha_1.0,0.5,0.7462558745213697,0.7467138408185968,False,en,0.7627118644067796
deberta_full_klu_matern_kappa=2.0_nu=1.0_alpha_0.0,0.6439365079365079,0.8414434450627986,0.8415787416293768,False,en,0.7627118644067796
deberta_full_klu_matern_kappa=2.0_nu=1.0_alpha_0.1,0.6439365079365079,0.8414614927518793,0.8415967281398505,False,en,0.7627118644067796
deberta_full_klu_matern_kappa=2.0_nu=1.0_alpha_0.2,0.6434920634920636,0.8410608811584473,0.8411974745518201,False,en,0.7627118644067796
deberta_full_klu_matern_kappa=2.0_nu=1.0_alpha_0.3,0.6431111111111111,0.8413126237279003,0.8414483637566306,False,en,0.7627118644067796
deberta_full_klu_matern_kappa=2.0_nu=1.0_alpha_0.4,0.6436190476190476,0.8414042247879326,0.8415396543045952,False,en,0.7627118644067796
deberta_full_klu_matern_kappa=2.0_nu=1.0_alpha_0.5,0.6436825396825396,0.8413185637511065,0.841454283644165,False,en,0.7627118644067796
deberta_full_klu_matern_kappa=2.0_nu=1.0_alpha_0.6,0.6431111111111112,0.8407626405722007,0.8409002449506114,False,en,0.7627118644067796
deberta_full_klu_matern_kappa=2.0_nu=1.0_alpha_0.7,0.6434920634920636,0.8411713544011705,0.8413075733089747,False,en,0.7627118644067796
deberta_full_klu_matern_kappa=2.0_nu=1.0_alpha_0.8,0.6433015873015873,0.8411541762821368,0.8412904534208528,False,en,0.7627118644067796
deberta_full_klu_matern_kappa=2.0_nu=1.0_alpha_0.9,0.6431746031746031,0.8412324126839112,0.8413684246144858,False,en,0.7627118644067796
deberta_full_klu_matern_kappa=2.0_nu=1.0_alpha_1.0,0.5,0.7462558745213697,0.7467138408185968,False,en,0.7627118644067796
deberta_full_klu_maternn_kappa=2.0_nu=1.0_alpha_0.0,0.6439365079365079,0.8414434450627986,0.8415787416293768,False,en,0.7627118644067796
deberta_full_klu_maternn_kappa=2.0_nu=1.0_alpha_0.1,0.6466031746031746,0.8420759685906051,0.8422091210096315,False,en,0.7627118644067796
deberta_full_klu_maternn_kappa=2.0_nu=1.0_alpha_0.2,0.649079365079365,0.8428554860159172,0.8429859960029933,False,en,0.7627118644067796
deberta_full_klu_maternn_kappa=2.0_nu=1.0_alpha_0.3,0.6504126984126983,0.8434044023095659,0.8435330515634434,False,en,0.7627118644067796
deberta_full_klu_maternn_kappa=2.0_nu=1.0_alpha_0.4,0.6517460317460319,0.8439674592824795,0.8440941998686522,False,en,0.7627118644067796
deberta_full_klu_maternn_kappa=2.0_nu=1.0_alpha_0.5,0.652,0.8439784242760893,0.844105127692792,False,en,0.7627118644067796
deberta_full_klu_maternn_kappa=2.0_nu=1.0_alpha_0.6,0.6528253968253969,0.844248159422468,0.8443739484827424,False,en,0.7627118644067796
deberta_full_klu_maternn_kappa=2.0_nu=1.0_alpha_0.7,0.6523174603174603,0.844518799564289,0.8446436712003536,False,en,0.7627118644067796
deberta_full_klu_maternn_kappa=2.0_nu=1.0_alpha_0.8,0.6507936507936507,0.8439611224889549,0.8440878845557835,False,en,0.7627118644067796
deberta_full_klu_maternn_kappa=2.0_nu=1.0_alpha_0.9,0.6477460317460317,0.8430115929059281,0.8431415737171061,False,en,0.7627118644067796
deberta_full_klu_maternn_kappa=2.0_nu=1.0_alpha_1.0,0.5,0.7462558745213697,0.7467138408185968,False,en,0.7627118644067796
deberta_full_klu_matern_kappa=2.0_nu=2.0_alpha_0.0,0.6439365079365079,0.8414434450627986,0.8415787416293768,False,en,0.7627118644067796
deberta_full_klu_matern_kappa=2.0_nu=2.0_alpha_0.1,0.6416507936507937,0.8403955204218037,0.8405343692753005,False,en,0.7627118644067796
deberta_full_klu_matern_kappa=2.0_nu=2.0_alpha_0.2,0.6405079365079366,0.8400908367361886,0.8402307184157383,False,en,0.7627118644067796
deberta_full_klu_matern_kappa=2.0_nu=2.0_alpha_0.3,0.6395555555555555,0.8394568229780669,0.8395988538567969,False,en,0.7627118644067796
deberta_full_klu_matern_kappa=2.0_nu=2.0_alpha_0.4,0.6392380952380953,0.8393769659957945,0.8395192675761592,False,en,0.7627118644067796
deberta_full_klu_matern_kappa=2.0_nu=2.0_alpha_0.5,0.6387936507936508,0.839319963917313,0.8394624587250624,False,en,0.7627118644067796
deberta_full_klu_matern_kappa=2.0_nu=2.0_alpha_0.6,0.6383492063492064,0.8390315131635334,0.8391749857704481,False,en,0.7627118644067796
deberta_full_klu_matern_kappa=2.0_nu=2.0_alpha_0.7,0.6385396825396825,0.839145660662509,0.8392887463287493,False,en,0.7627118644067796
deberta_full_klu_matern_kappa=2.0_nu=2.0_alpha_0.8,0.6395555555555555,0.839718206235889,0.8398593510696771,False,en,0.7627118644067796
deberta_full_klu_matern_kappa=2.0_nu=2.0_alpha_0.9,0.6405079365079366,0.8402166797603126,0.8403561348533398,False,en,0.7627118644067796
deberta_full_klu_matern_kappa=2.0_nu=2.0_alpha_1.0,0.5,0.7462558745213697,0.7467138408185968,False,en,0.7627118644067796
deberta_full_klu_maternn_kappa=2.0_nu=2.0_alpha_0.0,0.6439365079365079,0.8414434450627986,0.8415787416293768,False,en,0.7627118644067796
deberta_full_klu_maternn_kappa=2.0_nu=2.0_alpha_0.1,0.6462857142857144,0.8419883846497485,0.8421218339634897,False,en,0.7627118644067796
deberta_full_klu_maternn_kappa=2.0_nu=2.0_alpha_0.2,0.6482539682539683,0.8427147233289852,0.842845710477712,False,en,0.7627118644067796
deberta_full_klu_maternn_kappa=2.0_nu=2.0_alpha_0.3,0.6493333333333333,0.8431719018418259,0.8433013392328821,False,en,0.7627118644067796
deberta_full_klu_maternn_kappa=2.0_nu=2.0_alpha_0.4,0.6496507936507937,0.8431229998029637,0.843252602963643,False,en,0.7627118644067796
deberta_full_klu_maternn_kappa=2.0_nu=2.0_alpha_0.5,0.6497777777777778,0.8433829536977535,0.8435116756587896,False,en,0.7627118644067796
deberta_full_klu_maternn_kappa=2.0_nu=2.0_alpha_0.6,0.6507936507936508,0.8439790697318137,0.844105770960531,False,en,0.7627118644067796
deberta_full_klu_maternn_kappa=2.0_nu=2.0_alpha_0.7,0.649968253968254,0.8436648352890828,0.8437926017193007,False,en,0.7627118644067796
deberta_full_klu_maternn_kappa=2.0_nu=2.0_alpha_0.8,0.6483174603174604,0.843248581256641,0.8433777587174773,False,en,0.7627118644067796
deberta_full_klu_maternn_kappa=2.0_nu=2.0_alpha_0.9,0.6460317460317461,0.8422615210266879,0.8423940444544056,False,en,0.7627118644067796
deberta_full_klu_maternn_kappa=2.0_nu=2.0_alpha_1.0,0.5,0.7462558745213697,0.7467138408185968,False,en,0.7627118644067796
deberta_full_klu_matern_kappa=2.0_nu=3.0_alpha_0.0,0.6439365079365079,0.8414434450627986,0.8415787416293768,False,en,0.7627118644067796
deberta_full_klu_matern_kappa=2.0_nu=3.0_alpha_0.1,0.6412698412698413,0.8402952536178458,0.8404344423588137,False,en,0.7627118644067796
deberta_full_klu_matern_kappa=2.0_nu=3.0_alpha_0.2,0.6397460317460317,0.8397574232866898,0.8398984351813226,False,en,0.7627118644067796
deberta_full_klu_matern_kappa=2.0_nu=3.0_alpha_0.3,0.6387936507936508,0.8391617178462036,0.8393047490813126,False,en,0.7627118644067796
deberta_full_klu_matern_kappa=2.0_nu=3.0_alpha_0.4,0.6377777777777779,0.8387446890858813,0.838889133977805,False,en,0.7627118644067796
deberta_full_klu_matern_kappa=2.0_nu=3.0_alpha_0.5,0.6370793650793651,0.8385459514159882,0.8386910699949286,False,en,0.7627118644067796
deberta_full_klu_matern_kappa=2.0_nu=3.0_alpha_0.6,0.6366984126984128,0.8384875600982169,0.8386328766138277,False,en,0.7627118644067796
deberta_full_klu_matern_kappa=2.0_nu=3.0_alpha_0.7,0.6361904761904762,0.838465738697713,0.8386111291841729,False,en,0.7627118644067796
deberta_full_klu_matern_kappa=2.0_nu=3.0_alpha_0.8,0.6366984126984127,0.8384953937047528,0.838640683665765,False,en,0.7627118644067796
deberta_full_klu_matern_kappa=2.0_nu=3.0_alpha_0.9,0.6383492063492063,0.839250449776493,0.8393931802253978,False,en,0.7627118644067796
deberta_full_klu_matern_kappa=2.0_nu=3.0_alpha_1.0,0.5,0.7462558745213697,0.7467138408185968,False,en,0.7627118644067796
deberta_full_klu_maternn_kappa=2.0_nu=3.0_alpha_0.0,0.6439365079365079,0.8414434450627986,0.8415787416293768,False,en,0.7627118644067796
deberta_full_klu_maternn_kappa=2.0_nu=3.0_alpha_0.1,0.6459682539682539,0.8418174272091354,0.8419514560396245,False,en,0.7627118644067796
deberta_full_klu_maternn_kappa=2.0_nu=3.0_alpha_0.2,0.6476190476190478,0.842497125226963,0.8426288499963743,False,en,0.7627118644067796
deberta_full_klu_maternn_kappa=2.0_nu=3.0_alpha_0.3,0.6488253968253967,0.842996666070516,0.8431266974811359,False,en,0.7627118644067796
deberta_full_klu_maternn_kappa=2.0_nu=3.0_alpha_0.4,0.6484444444444445,0.8428808425732548,0.8430112666058993,False,en,0.7627118644067796
deberta_full_klu_maternn_kappa=2.0_nu=3.0_alpha_0.5,0.6495238095238095,0.8432952841169867,0.8434243032630423,False,en,0.7627118644067796
deberta_full_klu_maternn_kappa=2.0_nu=3.0_alpha_0.6,0.6495238095238096,0.8434692176213427,0.8435976471622988,False,en,0.7627118644067796
deberta_full_klu_maternn_kappa=2.0_nu=3.0_alpha_0.7,0.6486349206349206,0.843201487458917,0.8433308245597455,False,en,0.7627118644067796
deberta_full_klu_maternn_kappa=2.0_nu=3.0_alpha_0.8,0.6474285714285715,0.8428522585211464,0.8429827794488828,False,en,0.7627118644067796
deberta_full_klu_maternn_kappa=2.0_nu=3.0_alpha_0.9,0.6454603174603175,0.8419920362373492,0.8421254731728274,False,en,0.7627118644067796
deberta_full_klu_maternn_kappa=2.0_nu=3.0_alpha_1.0,0.5,0.7462558745213697,0.7467138408185968,False,en,0.7627118644067796
deberta_full_klu_matern_kappa=3.0_nu=1.0_alpha_0.0,0.6439365079365079,0.8414434450627986,0.8415787416293768,False,en,0.7627118644067796
deberta_full_klu_matern_kappa=3.0_nu=1.0_alpha_0.1,0.6426666666666666,0.8407958223035875,0.8409333142015529,False,en,0.7627118644067796
deberta_full_klu_matern_kappa=3.0_nu=1.0_alpha_0.2,0.6418412698412699,0.8406506925923359,0.8407886764554243,False,en,0.7627118644067796
deberta_full_klu_matern_kappa=3.0_nu=1.0_alpha_0.3,0.641079365079365,0.8402465947826284,0.8403859484688004,False,en,0.7627118644067796
deberta_full_klu_matern_kappa=3.0_nu=1.0_alpha_0.4,0.6410793650793651,0.840186588560595,0.8403261456576891,False,en,0.7627118644067796
deberta_full_klu_matern_kappa=3.0_nu=1.0_alpha_0.5,0.6411428571428571,0.8400826835587402,0.8402225928761796,False,en,0.7627118644067796
deberta_full_klu_matern_kappa=3.0_nu=1.0_alpha_0.6,0.640888888888889,0.8401032967669412,0.8402431362090984,False,en,0.7627118644067796
deberta_full_klu_matern_kappa=3.0_nu=1.0_alpha_0.7,0.640952380952381,0.8402063112185638,0.8403458014591902,False,en,0.7627118644067796
deberta_full_klu_matern_kappa=3.0_nu=1.0_alpha_0.8,0.641968253968254,0.8407934826223628,0.8409309824514508,False,en,0.7627118644067796
deberta_full_klu_matern_kappa=3.0_nu=1.0_alpha_0.9,0.6415873015873016,0.8406527247425271,0.8407907017169706,False,en,0.7627118644067796
deberta_full_klu_matern_kappa=3.0_nu=1.0_alpha_1.0,0.5,0.7462558745213697,0.7467138408185968,False,en,0.7627118644067796
deberta_full_klu_maternn_kappa=3.0_nu=1.0_alpha_0.0,0.6439365079365079,0.8414434450627986,0.8415787416293768,False,en,0.7627118644067796
deberta_full_klu_maternn_kappa=3.0_nu=1.0_alpha_0.1,0.645968253968254,0.8420322588367046,0.8421655594243883,False,en,0.7627118644067796
deberta_full_klu_maternn_kappa=3.0_nu=1.0_alpha_0.2,0.6471111111111112,0.8424082900971381,0.8425403160025828,False,en,0.7627118644067796
deberta_full_klu_maternn_kappa=3.0_nu=1.0_alpha_0.3,0.6483809523809524,0.8430273154681843,0.843157242982541,False,en,0.7627118644067796
deberta_full_klu_maternn_kappa=3.0_nu=1.0_alpha_0.4,0.6481904761904762,0.8427971106517134,0.84292781852138,False,en,0.7627118644067796
deberta_full_klu_maternn_kappa=3.0_nu=1.0_alpha_0.5,0.6488888888888888,0.8433800757169977,0.8435088074339007,False,en,0.7627118644067796
deberta_full_klu_maternn_kappa=3.0_nu=1.0_alpha_0.6,0.6487619047619048,0.8432672348303565,0.8433963490587396,False,en,0.7627118644067796
deberta_full_klu_maternn_kappa=3.0_nu=1.0_alpha_0.7,0.6481904761904762,0.8430363129223128,0.8431662099368251,False,en,0.7627118644067796
deberta_full_klu_maternn_kappa=3.0_nu=1.0_alpha_0.8,0.6467936507936508,0.8427184424105337,0.8428494169522045,False,en,0.7627118644067796
deberta_full_klu_maternn_kappa=3.0_nu=1.0_alpha_0.9,0.6448253968253969,0.8418023086046023,0.8419363886845981,False,en,0.7627118644067796
deberta_full_klu_maternn_kappa=3.0_nu=1.0_alpha_1.0,0.5,0.7462558745213697,0.7467138408185968,False,en,0.7627118644067796
deberta_full_klu_matern_kappa=3.0_nu=2.0_alpha_0.0,0.6439365079365079,0.8414434450627986,0.8415787416293768,False,en,0.7627118644067796
deberta_full_klu_matern_kappa=3.0_nu=2.0_alpha_0.1,0.6412063492063492,0.8402717959589201,0.840411064217376,False,en,0.7627118644067796
deberta_full_klu_matern_kappa=3.0_nu=2.0_alpha_0.2,0.6394285714285715,0.8395645171124893,0.8397061829263566,False,en,0.7627118644067796
deberta_full_klu_matern_kappa=3.0_nu=2.0_alpha_0.3,0.6387301587301587,0.8391446255821624,0.8392877147571495,False,en,0.7627118644067796
deberta_full_klu_matern_kappa=3.0_nu=2.0_alpha_0.4,0.6375238095238095,0.8386120458409931,0.838756940371035,False,en,0.7627118644067796
deberta_full_klu_matern_kappa=3.0_nu=2.0_alpha_0.5,0.637015873015873,0.8385288591519469,0.8386740356707654,False,en,0.7627118644067796
deberta_full_klu_matern_kappa=3.0_nu=2.0_alpha_0.6,0.6366349206349207,0.838468663650749,0.8386140442221139,False,en,0.7627118644067796
deberta_full_klu_matern_kappa=3.0_nu=2.0_alpha_0.7,0.636063492063492,0.8384454979706846,0.8385909570697785,False,en,0.7627118644067796
deberta_full_klu_matern_kappa=3.0_nu=2.0_alpha_0.8,0.6361269841269841,0.838260981171874,0.8384070657516418,False,en,0.7627118644067796
deberta_full_klu_matern_kappa=3.0_nu=2.0_alpha_0.9,0.6382857142857142,0.8391848856096977,0.8393278383100152,False,en,0.7627118644067796
deberta_full_klu_matern_kappa=3.0_nu=2.0_alpha_1.0,0.5,0.7462558745213697,0.7467138408185968,False,en,0.7627118644067796
deberta_full_klu_maternn_kappa=3.0_nu=2.0_alpha_0.0,0.6439365079365079,0.8414434450627986,0.8415787416293768,False,en,0.7627118644067796
deberta_full_klu_maternn_kappa=3.0_nu=2.0_alpha_0.1,0.644888888888889,0.8417676535003982,0.8419018510553234,False,en,0.7627118644067796
deberta_full_klu_maternn_kappa=3.0_nu=2.0_alpha_0.2,0.6453968253968254,0.8419761272987127,0.8421096181627963,False,en,0.7627118644067796
deberta_full_klu_maternn_kappa=3.0_nu=2.0_alpha_0.3,0.6448253968253969,0.8417191929264816,0.8418535547545387,False,en,0.7627118644067796
deberta_full_klu_maternn_kappa=3.0_nu=2.0_alpha_0.4,0.645015873015873,0.84196534204936,0.8420988694736109,False,en,0.7627118644067796
deberta_full_klu_maternn_kappa=3.0_nu=2.0_alpha_0.5,0.6455873015873016,0.8420995163418361,0.842232588937977,False,en,0.7627118644067796
deberta_full_klu_maternn_kappa=3.0_nu=2.0_alpha_0.6,0.6453333333333333,0.8417574895343728,0.8418917215434202,False,en,0.7627118644067796
deberta_full_klu_maternn_kappa=3.0_nu=2.0_alpha_0.7,0.6448253968253969,0.8417764514878003,0.8419106192190395,False,en,0.7627118644067796
deberta_full_klu_maternn_kappa=3.0_nu=2.0_alpha_0.8,0.6443809523809523,0.8415923187089419,0.8417271106190924,False,en,0.7627118644067796
deberta_full_klu_maternn_kappa=3.0_nu=2.0_alpha_0.9,0.6437460317460317,0.8415009780918103,0.8416360796311717,False,en,0.7627118644067796
deberta_full_klu_maternn_kappa=3.0_nu=2.0_alpha_1.0,0.5,0.7462558745213697,0.7467138408185968,False,en,0.7627118644067796
deberta_full_klu_matern_kappa=3.0_nu=3.0_alpha_0.0,0.6439365079365079,0.8414434450627986,0.8415787416293768,False,en,0.7627118644067796
deberta_full_klu_matern_kappa=3.0_nu=3.0_alpha_0.1,0.640952380952381,0.8401417063572958,0.8402814155974518,False,en,0.7627118644067796
deberta_full_klu_matern_kappa=3.0_nu=3.0_alpha_0.2,0.6389841269841271,0.8394209414062769,0.8395630939174535,False,en,0.7627118644067796
deberta_full_klu_matern_kappa=3.0_nu=3.0_alpha_0.3,0.6377777777777779,0.838810255306091,0.8389544779396412,False,en,0.7627118644067796
deberta_full_klu_matern_kappa=3.0_nu=3.0_alpha_0.4,0.6371428571428571,0.8385241887752769,0.8386693811258807,False,en,0.7627118644067796
deberta_full_klu_matern_kappa=3.0_nu=3.0_alpha_0.5,0.636,0.8382165615365706,0.8383627966913733,False,en,0.7627118644067796
deberta_full_klu_matern_kappa=3.0_nu=3.0_alpha_0.6,0.6358095238095239,0.8383576661408334,0.8385034229749437,False,en,0.7627118644067796
deberta_full_klu_matern_kappa=3.0_nu=3.0_alpha_0.7,0.635047619047619,0.8381101929752063,0.8382567887014035,False,en,0.7627118644067796
deberta_full_klu_matern_kappa=3.0_nu=3.0_alpha_0.8,0.6352380952380953,0.8381059837997928,0.8382525937943812,False,en,0.7627118644067796
deberta_full_klu_matern_kappa=3.0_nu=3.0_alpha_0.9,0.6359365079365079,0.8382522527951181,0.8383983669626037,False,en,0.7627118644067796
deberta_full_klu_matern_kappa=3.0_nu=3.0_alpha_1.0,0.5,0.7462558745213697,0.7467138408185968,False,en,0.7627118644067796
deberta_full_klu_maternn_kappa=3.0_nu=3.0_alpha_0.0,0.6439365079365079,0.8414434450627986,0.8415787416293768,False,en,0.7627118644067796
deberta_full_klu_maternn_kappa=3.0_nu=3.0_alpha_0.1,0.6438730158730158,0.8414405609090447,0.8415758672524154,False,en,0.7627118644067796
deberta_full_klu_maternn_kappa=3.0_nu=3.0_alpha_0.2,0.644,0.8413468316432055,0.8414824557129009,False,en,0.7627118644067796
deberta_full_klu_maternn_kappa=3.0_nu=3.0_alpha_0.3,0.6436190476190476,0.8414763297741563,0.8416115148671367,False,en,0.7627118644067796
deberta_full_klu_maternn_kappa=3.0_nu=3.0_alpha_0.4,0.6439365079365079,0.8416196454150086,0.8417543446922572,False,en,0.7627118644067796
deberta_full_klu_maternn_kappa=3.0_nu=3.0_alpha_0.5,0.6439999999999999,0.8414210631095039,0.8415564355471102,False,en,0.7627118644067796
deberta_full_klu_maternn_kappa=3.0_nu=3.0_alpha_0.6,0.6433015873015874,0.8408526380964216,0.8409899373984789,False,en,0.7627118644067796
deberta_full_klu_maternn_kappa=3.0_nu=3.0_alpha_0.7,0.6436825396825397,0.8412902702621115,0.8414260860653021,False,en,0.7627118644067796
deberta_full_klu_maternn_kappa=3.0_nu=3.0_alpha_0.8,0.6434285714285713,0.8411995494372184,0.8413356727686291,False,en,0.7627118644067796
deberta_full_klu_maternn_kappa=3.0_nu=3.0_alpha_0.9,0.6431111111111111,0.8412122741236168,0.8413483543204974,False,en,0.7627118644067796
deberta_full_klu_maternn_kappa=3.0_nu=3.0_alpha_1.0,0.5,0.7462558745213697,0.7467138408185968,False,en,0.7627118644067796
heat_t=0.1_kernel_entropy_s,0.7121990740740741,0.6294720292135955,0.6298087801631156,True,zh,0.4576271186440678
heat_t=0.1_kernel_entropy,0.7121990740740741,0.6294720292135955,0.6298087801631156,True,zh,0.4576271186440678
heatn_t=0.1_kernel_entropy_s,0.2721527777777778,0.3113939202295365,0.3111139868027314,True,zh,0.4576271186440678
heatn_t=0.1_kernel_entropy,0.2721527777777778,0.3113939202295365,0.3111139868027314,True,zh,0.4576271186440678
heat_t=0.2_kernel_entropy_s,0.7144907407407407,0.630827942765709,0.6311600973981033,True,zh,0.4576271186440678
heat_t=0.2_kernel_entropy,0.7144907407407407,0.630827942765709,0.6311600973981033,True,zh,0.4576271186440678
heatn_t=0.2_kernel_entropy_s,0.2722453703703704,0.3113138577405953,0.31103419571205776,True,zh,0.4576271186440678
heatn_t=0.2_kernel_entropy,0.2722453703703704,0.3113138577405953,0.31103419571205776,True,zh,0.4576271186440678
heat_t=0.3_kernel_entropy_s,0.7151388888888888,0.6310203750378718,0.6313518773574792,True,zh,0.4576271186440678
heat_t=0.3_kernel_entropy,0.7150925925925926,0.6308077900038581,0.6311400129506995,True,zh,0.4576271186440678
heatn_t=0.3_kernel_entropy_s,0.27300925925925923,0.31166970342501776,0.3113888351399228,True,zh,0.4576271186440678
heatn_t=0.3_kernel_entropy,0.27300925925925923,0.31166970342501776,0.3113888351399228,True,zh,0.4576271186440678
heat_t=0.4_kernel_entropy_s,0.7149537037037037,0.6305672031380616,0.6309002416336004,True,zh,0.4576271186440678
heat_t=0.4_kernel_entropy,0.7149537037037037,0.6305672031380616,0.6309002416336004,True,zh,0.4576271186440678
heatn_t=0.4_kernel_entropy_s,0.27289351851851856,0.31137791806711257,0.3110980388849258,True,zh,0.4576271186440678
heatn_t=0.4_kernel_entropy,0.27289351851851856,0.31137791806711257,0.3110980388849258,True,zh,0.4576271186440678
heat_t=0.5_kernel_entropy_s,0.7136805555555554,0.629166721452069,0.6295045073431537,True,zh,0.4576271186440678
heat_t=0.5_kernel_entropy,0.7136805555555554,0.629166721452069,0.6295045073431537,True,zh,0.4576271186440678
heatn_t=0.5_kernel_entropy_s,0.2743981481481481,0.31189346003082324,0.3116118332487596,True,zh,0.4576271186440678
heatn_t=0.5_kernel_entropy,0.2743981481481481,0.31189346003082324,0.3116118332487596,True,zh,0.4576271186440678
heat_t=0.6_kernel_entropy_s,0.7125925925925926,0.6297306709786088,0.6300665451763832,True,zh,0.4576271186440678
heat_t=0.6_kernel_entropy,0.7125925925925926,0.6297306709786088,0.6300665451763832,True,zh,0.4576271186440678
heatn_t=0.6_kernel_entropy_s,0.2753935185185185,0.31265793842532863,0.3123737201910802,True,zh,0.4576271186440678
heatn_t=0.6_kernel_entropy,0.2753935185185185,0.31265793842532863,0.3123737201910802,True,zh,0.4576271186440678
heat_t=0.7_kernel_entropy_s,0.7102777777777778,0.626953466656039,0.6272987551057543,True,zh,0.4576271186440678
heat_t=0.7_kernel_entropy,0.710300925925926,0.6269949466626759,0.6273400945021991,True,zh,0.4576271186440678
heatn_t=0.7_kernel_entropy_s,0.27831018518518524,0.3146860761214805,0.31439498284419415,True,zh,0.4576271186440678
heatn_t=0.7_kernel_entropy,0.27831018518518524,0.3146860761214805,0.31439498284419415,True,zh,0.4576271186440678
matern_kappa=1.0_nu=1.0_kernel_entropy_s,0.7107407407407409,0.6280874074365539,0.6284288520192165,True,zh,0.4576271186440678
matern_kappa=1.0_nu=1.0_kernel_entropy,0.7107407407407409,0.6280874074365539,0.6284288520192165,True,zh,0.4576271186440678
maternn_kappa=1.0_nu=1.0_kernel_entropy_s,0.27685185185185185,0.31503085409934917,0.31473859208315486,True,zh,0.4576271186440678
maternn_kappa=1.0_nu=1.0_kernel_entropy,0.27685185185185185,0.31503085409934917,0.31473859208315486,True,zh,0.4576271186440678
matern_kappa=1.0_nu=2.0_kernel_entropy_s,0.7128240740740738,0.6294714029728316,0.6298081560452018,True,zh,0.4576271186440678
matern_kappa=1.0_nu=2.0_kernel_entropy,0.7127546296296294,0.6294714029728316,0.6298081560452018,True,zh,0.4576271186440678
maternn_kappa=1.0_nu=2.0_kernel_entropy_s,0.2751388888888889,0.31254087508472844,0.31225705367536327,True,zh,0.4576271186440678
maternn_kappa=1.0_nu=2.0_kernel_entropy,0.2751388888888889,0.31254087508472844,0.31225705367536327,True,zh,0.4576271186440678
matern_kappa=1.0_nu=3.0_kernel_entropy_s,0.713888888888889,0.6306215487777427,0.6309544030507742,True,zh,0.4576271186440678
matern_kappa=1.0_nu=3.0_kernel_entropy,0.713888888888889,0.6306215487777427,0.6309544030507742,True,zh,0.4576271186440678
maternn_kappa=1.0_nu=3.0_kernel_entropy_s,0.2750462962962963,0.3123712585546111,0.3120880121165346,True,zh,0.4576271186440678
maternn_kappa=1.0_nu=3.0_kernel_entropy,0.2750462962962963,0.3123712585546111,0.3120880121165346,True,zh,0.4576271186440678
matern_kappa=2.0_nu=1.0_kernel_entropy_s,0.7079861111111111,0.6274040688544094,0.6277478298390454,True,zh,0.4576271186440678
matern_kappa=2.0_nu=1.0_kernel_entropy,0.7079861111111111,0.6274040688544094,0.6277478298390454,True,zh,0.4576271186440678
maternn_kappa=2.0_nu=1.0_kernel_entropy_s,0.34152777777777776,0.35296589303549253,0.3542399529212095,True,zh,0.4576271186440678
maternn_kappa=2.0_nu=1.0_kernel_entropy,0.34152777777777776,0.35296589303549253,0.3542399529212095,True,zh,0.4576271186440678
matern_kappa=2.0_nu=2.0_kernel_entropy_s,0.7024305555555554,0.6222866570081417,0.6226477651515787,True,zh,0.4576271186440678
matern_kappa=2.0_nu=2.0_kernel_entropy,0.7024305555555554,0.6222866570081417,0.6226477651515787,True,zh,0.4576271186440678
maternn_kappa=2.0_nu=2.0_kernel_entropy_s,0.3923611111111111,0.36738699669981945,0.3686121714883694,True,zh,0.4576271186440678
maternn_kappa=2.0_nu=2.0_kernel_entropy,0.3923611111111111,0.36738699669981945,0.3686121714883694,True,zh,0.4576271186440678
matern_kappa=2.0_nu=3.0_kernel_entropy_s,0.6977314814814815,0.6166257626008519,0.6170060602168559,True,zh,0.4576271186440678
matern_kappa=2.0_nu=3.0_kernel_entropy,0.6977083333333334,0.6166257626008519,0.6170060602168559,True,zh,0.4576271186440678
maternn_kappa=2.0_nu=3.0_kernel_entropy_s,0.4096527777777778,0.3747349561903637,0.37593522264165746,True,zh,0.4576271186440678
maternn_kappa=2.0_nu=3.0_kernel_entropy,0.4096527777777778,0.3747349561903637,0.37593522264165746,True,zh,0.4576271186440678
matern_kappa=3.0_nu=1.0_kernel_entropy_s,0.6997916666666666,0.6196623979169709,0.6200324018539372,True,zh,0.4576271186440678
matern_kappa=3.0_nu=1.0_kernel_entropy,0.6997685185185185,0.6196322304911018,0.6200023366905287,True,zh,0.4576271186440678
maternn_kappa=3.0_nu=1.0_kernel_entropy_s,0.5678472222222222,0.46610306171116855,0.4652986905166291,True,zh,0.4576271186440678
maternn_kappa=3.0_nu=1.0_kernel_entropy,0.5678472222222222,0.46610306171116855,0.4652986905166291,True,zh,0.4576271186440678
matern_kappa=3.0_nu=2.0_kernel_entropy_s,0.6820138888888889,0.6075770652106792,0.6079880363771585,True,zh,0.4576271186440678
matern_kappa=3.0_nu=2.0_kernel_entropy,0.682037037037037,0.6076526510005507,0.6080633659440133,True,zh,0.4576271186440678
maternn_kappa=3.0_nu=2.0_kernel_entropy_s,0.6369675925925926,0.5332213185606867,0.5321894278514031,True,zh,0.4576271186440678
maternn_kappa=3.0_nu=2.0_kernel_entropy,0.6369444444444444,0.5331357463571217,0.5321041457231044,True,zh,0.4576271186440678
matern_kappa=3.0_nu=3.0_kernel_entropy_s,0.670625,0.6000309161346568,0.6004674674674955,True,zh,0.4576271186440678
matern_kappa=3.0_nu=3.0_kernel_entropy,0.670625,0.6000309161346568,0.6004674674674955,True,zh,0.4576271186440678
maternn_kappa=3.0_nu=3.0_kernel_entropy_s,0.6587731481481482,0.5831753366553571,0.5836690255457528,True,zh,0.4576271186440678
maternn_kappa=3.0_nu=3.0_kernel_entropy,0.6587731481481481,0.5831753366553571,0.5836690255457528,True,zh,0.4576271186440678
weighted_heat_t=0.1_kernel_entropy_s,0.7039351851851852,0.6279261198139643,0.6282681111343307,True,zh,0.4576271186440678
weighted_heat_t=0.1_kernel_entropy,0.7039351851851852,0.6279261198139643,0.6282681111343307,True,zh,0.4576271186440678
weighted_heatn_t=0.1_kernel_entropy_s,0.3115740740740741,0.32817686841787486,0.3278400436412788,True,zh,0.4576271186440678
weighted_heatn_t=0.1_kernel_entropy,0.3115740740740741,0.32817686841787486,0.3278400436412788,True,zh,0.4576271186440678
weighted_heat_t=0.2_kernel_entropy_s,0.7044907407407407,0.6278789468024758,0.6282210980313557,True,zh,0.4576271186440678
weighted_heat_t=0.2_kernel_entropy,0.7044907407407407,0.6278789468024758,0.6282210980313557,True,zh,0.4576271186440678
weighted_heatn_t=0.2_kernel_entropy_s,0.3118518518518518,0.3311469419219938,0.330800049099621,True,zh,0.4576271186440678
weighted_heatn_t=0.2_kernel_entropy,0.3118518518518518,0.3311469419219938,0.330800049099621,True,zh,0.4576271186440678
weighted_heat_t=0.3_kernel_entropy_s,0.7016203703703703,0.6270193785331013,0.6273644435527248,True,zh,0.4576271186440678
weighted_heat_t=0.3_kernel_entropy,0.7016203703703703,0.6270193785331013,0.6273644435527248,True,zh,0.4576271186440678
weighted_heatn_t=0.3_kernel_entropy_s,0.31180555555555556,0.33094628275073207,0.3306000701289398,True,zh,0.4576271186440678
weighted_heatn_t=0.3_kernel_entropy,0.31180555555555556,0.33094628275073207,0.3306000701289398,True,zh,0.4576271186440678
weighted_heat_t=0.4_kernel_entropy_s,0.6927777777777778,0.6217479528478274,0.6221108871070619,True,zh,0.4576271186440678
weighted_heat_t=0.4_kernel_entropy,0.6927777777777778,0.6217479528478274,0.6221108871070619,True,zh,0.4576271186440678
weighted_heatn_t=0.4_kernel_entropy_s,0.3120833333333333,0.3335869541958344,0.33492670539965197,True,zh,0.4576271186440678
weighted_heatn_t=0.4_kernel_entropy,0.3120833333333333,0.3335869541958344,0.33492670539965197,True,zh,0.4576271186440678
weighted_heat_t=0.5_kernel_entropy_s,0.6830555555555555,0.6138363626506329,0.6142261158596884,True,zh,0.4576271186440678
weighted_heat_t=0.5_kernel_entropy,0.6830555555555555,0.6138363626506329,0.6142261158596884,True,zh,0.4576271186440678
weighted_heatn_t=0.5_kernel_entropy_s,0.3121759259259259,0.33217931941879386,0.33182892701168626,True,zh,0.4576271186440678
weighted_heatn_t=0.5_kernel_entropy,0.3121759259259259,0.33217931941879386,0.33182892701168626,True,zh,0.4576271186440678
weighted_heat_t=0.6_kernel_entropy_s,0.6743518518518519,0.6084702617755913,0.6088782051571047,True,zh,0.4576271186440678
weighted_heat_t=0.6_kernel_entropy,0.6743518518518519,0.6084702617755913,0.6088782051571047,True,zh,0.4576271186440678
weighted_heatn_t=0.6_kernel_entropy_s,0.31199074074074074,0.3324324091313271,0.33208115879299055,True,zh,0.4576271186440678
weighted_heatn_t=0.6_kernel_entropy,0.31199074074074074,0.3324324091313271,0.33208115879299055,True,zh,0.4576271186440678
weighted_heat_t=0.7_kernel_entropy_s,0.6655092592592593,0.6031284296396902,0.6035544809267491,True,zh,0.4576271186440678
weighted_heat_t=0.7_kernel_entropy,0.6655092592592593,0.6031284296396902,0.6035544809267491,True,zh,0.4576271186440678
weighted_heatn_t=0.7_kernel_entropy_s,0.31152777777777774,0.3322911073518079,0.33194033600255446,True,zh,0.4576271186440678
weighted_heatn_t=0.7_kernel_entropy,0.31152777777777774,0.3322911073518079,0.33194033600255446,True,zh,0.4576271186440678
weighted_matern_kappa=1.0_nu=1.0_kernel_entropy_s,0.69875,0.6258973722158719,0.6262462406467403,True,zh,0.4576271186440678
weighted_matern_kappa=1.0_nu=1.0_kernel_entropy,0.69875,0.6258973722158719,0.6262462406467403,True,zh,0.4576271186440678
weighted_maternn_kappa=1.0_nu=1.0_kernel_entropy_s,0.31189814814814815,0.32919006002169604,0.3288498006972904,True,zh,0.4576271186440678
weighted_maternn_kappa=1.0_nu=1.0_kernel_entropy,0.31189814814814815,0.32919006002169604,0.3288498006972904,True,zh,0.4576271186440678
weighted_matern_kappa=1.0_nu=2.0_kernel_entropy_s,0.6984259259259259,0.6260850859380225,0.6264333180511885,True,zh,0.4576271186440678
weighted_matern_kappa=1.0_nu=2.0_kernel_entropy,0.6984259259259259,0.6260850859380225,0.6264333180511885,True,zh,0.4576271186440678
weighted_maternn_kappa=1.0_nu=2.0_kernel_entropy_s,0.31222222222222223,0.33097113191103233,0.3306248350547985,True,zh,0.4576271186440678
weighted_maternn_kappa=1.0_nu=2.0_kernel_entropy,0.31222222222222223,0.33097113191103233,0.3306248350547985,True,zh,0.4576271186440678
weighted_matern_kappa=1.0_nu=3.0_kernel_entropy_s,0.6976388888888889,0.6248031879301403,0.6251557654602823,True,zh,0.4576271186440678
weighted_matern_kappa=1.0_nu=3.0_kernel_entropy,0.6976388888888889,0.6248031879301403,0.6251557654602823,True,zh,0.4576271186440678
weighted_maternn_kappa=1.0_nu=3.0_kernel_entropy_s,0.3123611111111111,0.33246257689601266,0.332111224294067,True,zh,0.4576271186440678
weighted_maternn_kappa=1.0_nu=3.0_kernel_entropy,0.3123611111111111,0.33246257689601266,0.332111224294067,True,zh,0.4576271186440678
weighted_matern_kappa=2.0_nu=1.0_kernel_entropy_s,0.6931944444444444,0.6230391492955637,0.6233977066176875,True,zh,0.4576271186440678
weighted_matern_kappa=2.0_nu=1.0_kernel_entropy,0.6931944444444444,0.6230391492955637,0.6233977066176875,True,zh,0.4576271186440678
weighted_maternn_kappa=2.0_nu=1.0_kernel_entropy_s,0.3445833333333333,0.34043850805602127,0.34006011839929595,True,zh,0.4576271186440678
weighted_maternn_kappa=2.0_nu=1.0_kernel_entropy,0.3445833333333333,0.34043850805602127,0.34006011839929595,True,zh,0.4576271186440678
weighted_matern_kappa=2.0_nu=2.0_kernel_entropy_s,0.6840277777777777,0.6185882749420182,0.6189619199738148,True,zh,0.4576271186440678
weighted_matern_kappa=2.0_nu=2.0_kernel_entropy,0.6840277777777777,0.6185882749420182,0.6189619199738148,True,zh,0.4576271186440678
weighted_maternn_kappa=2.0_nu=2.0_kernel_entropy_s,0.3700925925925926,0.34899221903346994,0.34858483374631255,True,zh,0.4576271186440678
weighted_maternn_kappa=2.0_nu=2.0_kernel_entropy,0.3700925925925926,0.34899221903346994,0.34858483374631255,True,zh,0.4576271186440678
weighted_matern_kappa=2.0_nu=3.0_kernel_entropy_s,0.6749537037037037,0.6135783796900085,0.6139690074175747,True,zh,0.4576271186440678
weighted_matern_kappa=2.0_nu=3.0_kernel_entropy,0.6749537037037037,0.6135783796900085,0.6139690074175747,True,zh,0.4576271186440678
weighted_maternn_kappa=2.0_nu=3.0_kernel_entropy_s,0.38388888888888895,0.3553811155497196,0.35495207298623593,True,zh,0.4576271186440678
weighted_maternn_kappa=2.0_nu=3.0_kernel_entropy,0.38388888888888895,0.3553811155497196,0.35495207298623593,True,zh,0.4576271186440678
weighted_matern_kappa=3.0_nu=1.0_kernel_entropy_s,0.6894907407407407,0.6212651253411545,0.6216296963038016,True,zh,0.4576271186440678
weighted_matern_kappa=3.0_nu=1.0_kernel_entropy,0.6894907407407407,0.6212651253411545,0.6216296963038016,True,zh,0.4576271186440678
weighted_maternn_kappa=3.0_nu=1.0_kernel_entropy_s,0.5821759259259259,0.48632003237457494,0.4854471290760918,True,zh,0.4576271186440678
weighted_maternn_kappa=3.0_nu=1.0_kernel_entropy,0.5821759259259259,0.48632003237457494,0.4854471290760918,True,zh,0.4576271186440678
weighted_matern_kappa=3.0_nu=2.0_kernel_entropy_s,0.6767592592592592,0.6152418866906861,0.6156268754114703,True,zh,0.4576271186440678
weighted_matern_kappa=3.0_nu=2.0_kernel_entropy,0.6767592592592592,0.6152418866906861,0.6156268754114703,True,zh,0.4576271186440678
weighted_maternn_kappa=3.0_nu=2.0_kernel_entropy_s,0.6318981481481483,0.551083900616224,0.5499914587813285,True,zh,0.4576271186440678
weighted_maternn_kappa=3.0_nu=2.0_kernel_entropy,0.6318981481481483,0.551083900616224,0.5499914587813285,True,zh,0.4576271186440678
weighted_matern_kappa=3.0_nu=3.0_kernel_entropy_s,0.6677777777777778,0.6105108628667157,0.6109118889563948,True,zh,0.4576271186440678
weighted_matern_kappa=3.0_nu=3.0_kernel_entropy,0.6677777777777778,0.6105108628667157,0.6109118889563948,True,zh,0.4576271186440678
weighted_maternn_kappa=3.0_nu=3.0_kernel_entropy_s,0.6419907407407408,0.5662803779487366,0.5651364226313579,True,zh,0.4576271186440678
weighted_maternn_kappa=3.0_nu=3.0_kernel_entropy,0.6419907407407408,0.5662803779487366,0.5651364226313579,True,zh,0.4576271186440678
weighted_deberta_heat_t=0.1_kernel_entropy_s,0.7056018518518519,0.6251524080274546,0.6255038017606565,True,zh,0.4576271186440678
weighted_deberta_heat_t=0.1_kernel_entropy,0.7056018518518519,0.6251524080274546,0.6255038017606565,True,zh,0.4576271186440678
weighted_deberta_heatn_t=0.1_kernel_entropy_s,0.3307407407407407,0.33969102830757436,0.3393151724805048,True,zh,0.4576271186440678
weighted_deberta_heatn_t=0.1_kernel_entropy,0.3307407407407407,0.33969102830757436,0.3393151724805048,True,zh,0.4576271186440678
weighted_deberta_heat_t=0.2_kernel_entropy_s,0.7037037037037036,0.623424624073021,0.6237818747009837,True,zh,0.4576271186440678
weighted_deberta_heat_t=0.2_kernel_entropy,0.7037037037037036,0.623424624073021,0.6237818747009837,True,zh,0.4576271186440678
weighted_deberta_heatn_t=0.2_kernel_entropy_s,0.3311574074074074,0.3395712822787018,0.3391958323703742,True,zh,0.4576271186440678
weighted_deberta_heatn_t=0.2_kernel_entropy,0.3311574074074074,0.3395712822787018,0.3391958323703742,True,zh,0.4576271186440678
weighted_deberta_heat_t=0.3_kernel_entropy_s,0.6991666666666668,0.6192295296747057,0.6196010009616458,True,zh,0.4576271186440678
weighted_deberta_heat_t=0.3_kernel_entropy,0.6991666666666668,0.6192295296747057,0.6196010009616458,True,zh,0.4576271186440678
weighted_deberta_heatn_t=0.3_kernel_entropy_s,0.3318055555555555,0.33990574281560537,0.3395291591427458,True,zh,0.4576271186440678
weighted_deberta_heatn_t=0.3_kernel_entropy,0.3318055555555555,0.33990574281560537,0.3395291591427458,True,zh,0.4576271186440678
weighted_deberta_heat_t=0.4_kernel_entropy_s,0.6928703703703705,0.6126778585743174,0.6130715389158352,True,zh,0.4576271186440678
weighted_deberta_heat_t=0.4_kernel_entropy,0.6928703703703705,0.6126778585743174,0.6130715389158352,True,zh,0.4576271186440678
weighted_deberta_heatn_t=0.4_kernel_entropy_s,0.33217592592592593,0.33950773392162703,0.33913249943145896,True,zh,0.4576271186440678
weighted_deberta_heatn_t=0.4_kernel_entropy,0.33217592592592593,0.33950773392162703,0.33913249943145896,True,zh,0.4576271186440678
weighted_deberta_heat_t=0.5_kernel_entropy_s,0.6830092592592594,0.6055305103663216,0.6059484190068494,True,zh,0.4576271186440678
weighted_deberta_heat_t=0.5_kernel_entropy,0.6830092592592594,0.6055305103663216,0.6059484190068494,True,zh,0.4576271186440678
weighted_deberta_heatn_t=0.5_kernel_entropy_s,0.3322685185185185,0.33954217177243157,0.33916682054378616,True,zh,0.4576271186440678
weighted_deberta_heatn_t=0.5_kernel_entropy,0.3322685185185185,0.33954217177243157,0.33916682054378616,True,zh,0.4576271186440678
weighted_deberta_heat_t=0.6_kernel_entropy_s,0.6688888888888889,0.5963786513325788,0.5968275832240685,True,zh,0.4576271186440678
weighted_deberta_heat_t=0.6_kernel_entropy,0.6688888888888889,0.5963786513325788,0.5968275832240685,True,zh,0.4576271186440678
weighted_deberta_heatn_t=0.6_kernel_entropy_s,0.33305555555555555,0.340088496605607,0.33971129342837464,True,zh,0.4576271186440678
weighted_deberta_heatn_t=0.6_kernel_entropy,0.33305555555555555,0.340088496605607,0.33971129342837464,True,zh,0.4576271186440678
weighted_deberta_heat_t=0.7_kernel_entropy_s,0.655,0.5879517367697489,0.5884292344733159,True,zh,0.4576271186440678
weighted_deberta_heat_t=0.7_kernel_entropy,0.655,0.5879517367697489,0.5884292344733159,True,zh,0.4576271186440678
weighted_deberta_heatn_t=0.7_kernel_entropy_s,0.3331481481481482,0.340083389790554,0.339706203924559,True,zh,0.4576271186440678
weighted_deberta_heatn_t=0.7_kernel_entropy,0.3331481481481482,0.340083389790554,0.339706203924559,True,zh,0.4576271186440678
weighted_deberta_matern_kappa=1.0_nu=1.0_kernel_entropy_s,0.6935648148148148,0.6176032772753014,0.6179802612822395,True,zh,0.4576271186440678
weighted_deberta_matern_kappa=1.0_nu=1.0_kernel_entropy,0.6935648148148148,0.6176032772753014,0.6179802612822395,True,zh,0.4576271186440678
weighted_deberta_maternn_kappa=1.0_nu=1.0_kernel_entropy_s,0.33384259259259264,0.34026444818568924,0.3398866485624226,True,zh,0.4576271186440678
weighted_deberta_maternn_kappa=1.0_nu=1.0_kernel_entropy,0.33384259259259264,0.34026444818568924,0.3398866485624226,True,zh,0.4576271186440678
weighted_deberta_matern_kappa=1.0_nu=2.0_kernel_entropy_s,0.6938888888888889,0.6171279481587664,0.6175065434508453,True,zh,0.4576271186440678
weighted_deberta_matern_kappa=1.0_nu=2.0_kernel_entropy,0.6938888888888889,0.6171279481587664,0.6175065434508453,True,zh,0.4576271186440678
weighted_deberta_maternn_kappa=1.0_nu=2.0_kernel_entropy_s,0.3334722222222223,0.3404935068930323,0.34011493079957134,True,zh,0.4576271186440678
weighted_deberta_maternn_kappa=1.0_nu=2.0_kernel_entropy,0.3334722222222223,0.3404935068930323,0.34011493079957134,True,zh,0.4576271186440678
weighted_deberta_matern_kappa=1.0_nu=3.0_kernel_entropy_s,0.6923148148148148,0.6154609613864395,0.6158452074811362,True,zh,0.4576271186440678
weighted_deberta_matern_kappa=1.0_nu=3.0_kernel_entropy,0.6923148148148148,0.6154609613864395,0.6158452074811362,True,zh,0.4576271186440678
weighted_deberta_maternn_kappa=1.0_nu=3.0_kernel_entropy_s,0.3331018518518519,0.34007599058305316,0.3396988297991174,True,zh,0.4576271186440678
weighted_deberta_maternn_kappa=1.0_nu=3.0_kernel_entropy,0.3331018518518519,0.34007599058305316,0.3396988297991174,True,zh,0.4576271186440678
weighted_deberta_matern_kappa=2.0_nu=1.0_kernel_entropy_s,0.6748611111111111,0.6065159622515526,0.6069305303772152,True,zh,0.4576271186440678
weighted_deberta_matern_kappa=2.0_nu=1.0_kernel_entropy,0.6748611111111111,0.6065159622515526,0.6069305303772152,True,zh,0.4576271186440678
weighted_deberta_maternn_kappa=2.0_nu=1.0_kernel_entropy_s,0.38046296296296295,0.35892810625593335,0.3584870399951404,True,zh,0.4576271186440678
weighted_deberta_maternn_kappa=2.0_nu=1.0_kernel_entropy,0.38046296296296295,0.35892810625593335,0.3584870399951404,True,zh,0.4576271186440678
weighted_deberta_matern_kappa=2.0_nu=2.0_kernel_entropy_s,0.6539351851851851,0.5908436990573647,0.5913113934989397,True,zh,0.4576271186440678
weighted_deberta_matern_kappa=2.0_nu=2.0_kernel_entropy,0.6539351851851851,0.5908436990573647,0.5913113934989397,True,zh,0.4576271186440678
weighted_deberta_maternn_kappa=2.0_nu=2.0_kernel_entropy_s,0.4009259259259259,0.3662314515797832,0.36576562821619757,True,zh,0.4576271186440678
weighted_deberta_maternn_kappa=2.0_nu=2.0_kernel_entropy,0.4009259259259259,0.3662314515797832,0.36576562821619757,True,zh,0.4576271186440678
weighted_deberta_matern_kappa=2.0_nu=3.0_kernel_entropy_s,0.6312037037037037,0.5756368033830307,0.576156046623502,True,zh,0.4576271186440678
weighted_deberta_matern_kappa=2.0_nu=3.0_kernel_entropy,0.6312037037037037,0.5756368033830307,0.576156046623502,True,zh,0.4576271186440678
weighted_deberta_maternn_kappa=2.0_nu=3.0_kernel_entropy_s,0.41101851851851856,0.37048797453316534,0.3700077222782124,True,zh,0.4576271186440678
weighted_deberta_maternn_kappa=2.0_nu=3.0_kernel_entropy,0.41101851851851856,0.37048797453316534,0.3700077222782124,True,zh,0.4576271186440678
weighted_deberta_matern_kappa=3.0_nu=1.0_kernel_entropy_s,0.6607870370370371,0.5958961008866277,0.596346668542341,True,zh,0.4576271186440678
weighted_deberta_matern_kappa=3.0_nu=1.0_kernel_entropy,0.6607870370370371,0.5958961008866277,0.596346668542341,True,zh,0.4576271186440678
weighted_deberta_maternn_kappa=3.0_nu=1.0_kernel_entropy_s,0.48375,0.4454904057996928,0.4447559080150226,True,zh,0.4576271186440678
weighted_deberta_maternn_kappa=3.0_nu=1.0_kernel_entropy,0.48375,0.4454904057996928,0.4447559080150226,True,zh,0.4576271186440678
weighted_deberta_matern_kappa=3.0_nu=2.0_kernel_entropy_s,0.6143981481481481,0.5677213686823157,0.5682674439048233,True,zh,0.4576271186440678
weighted_deberta_matern_kappa=3.0_nu=2.0_kernel_entropy,0.6143981481481481,0.5677213686823157,0.5682674439048233,True,zh,0.4576271186440678
weighted_deberta_maternn_kappa=3.0_nu=2.0_kernel_entropy_s,0.5076851851851852,0.49178527480853734,0.4925887605187526,True,zh,0.4576271186440678
weighted_deberta_maternn_kappa=3.0_nu=2.0_kernel_entropy,0.5076851851851852,0.49178527480853734,0.4925887605187526,True,zh,0.4576271186440678
weighted_deberta_matern_kappa=3.0_nu=3.0_kernel_entropy_s,0.5834722222222223,0.5511872079507284,0.5517893311757159,True,zh,0.4576271186440678
weighted_deberta_matern_kappa=3.0_nu=3.0_kernel_entropy,0.5834722222222223,0.5511872079507284,0.5517893311757159,True,zh,0.4576271186440678
weighted_deberta_maternn_kappa=3.0_nu=3.0_kernel_entropy_s,0.5212037037037037,0.5038937716512326,0.5046562116094387,True,zh,0.4576271186440678
weighted_deberta_maternn_kappa=3.0_nu=3.0_kernel_entropy,0.5212037037037037,0.5038937716512326,0.5046562116094387,True,zh,0.4576271186440678
semantic_kernel_heat_t=0.1_alpha_0.0,0.6908564814814814,0.6115663868317687,0.6119638348741085,False,zh,0.4576271186440678
semantic_kernel_heat_t=0.1_alpha_0.1,0.685486111111111,0.6071967530120854,0.6076090133724582,False,zh,0.4576271186440678
semantic_kernel_heat_t=0.1_alpha_0.2,0.6777083333333334,0.601708794671967,0.6021396582809504,False,zh,0.4576271186440678
semantic_kernel_heat_t=0.1_alpha_0.3,0.6717592592592593,0.5998745273528621,0.6003116088171644,False,zh,0.4576271186440678
semantic_kernel_heat_t=0.1_alpha_0.4,0.6657638888888888,0.6001870109402488,0.6006230331381532,False,zh,0.4576271186440678
semantic_kernel_heat_t=0.1_alpha_0.5,0.6593518518518519,0.5851077343420694,0.585594872731832,False,zh,0.4576271186440678
semantic_kernel_heat_t=0.1_alpha_0.6,0.653449074074074,0.5783264598840672,0.5788365856448741,False,zh,0.4576271186440678
semantic_kernel_heat_t=0.1_alpha_0.7,0.6474537037037037,0.5756406286566482,0.5761598589300901,False,zh,0.4576271186440678
semantic_kernel_heat_t=0.1_alpha_0.8,0.6418750000000001,0.5697151874665689,0.5702545039813331,False,zh,0.4576271186440678
semantic_kernel_heat_t=0.1_alpha_0.9,0.6388425925925927,0.5705131217867109,0.5710497334393729,False,zh,0.4576271186440678
semantic_kernel_heat_t=0.1_alpha_1.0,0.638912037037037,0.5709357181710604,0.571470897293606,False,zh,0.4576271186440678
semantic_kernel_heatn_t=0.1_alpha_0.0,0.6908564814814814,0.6115663868317687,0.6119638348741085,False,zh,0.4576271186440678
semantic_kernel_heatn_t=0.1_alpha_0.1,0.6855324074074074,0.6071571306180286,0.6075695252916015,False,zh,0.4576271186440678
semantic_kernel_heatn_t=0.1_alpha_0.2,0.677800925925926,0.6016047429159062,0.6020359592427066,False,zh,0.4576271186440678
semantic_kernel_heatn_t=0.1_alpha_0.3,0.6718981481481481,0.5993533447952251,0.5997921929800617,False,zh,0.4576271186440678
semantic_kernel_heatn_t=0.1_alpha_0.4,0.667337962962963,0.6015255585216972,0.6019570432701729,False,zh,0.4576271186440678
semantic_kernel_heatn_t=0.1_alpha_0.5,0.665138888888889,0.5969848918783229,0.5974317687171152,False,zh,0.4576271186440678
semantic_kernel_heatn_t=0.1_alpha_0.6,0.6652083333333333,0.5974656710282227,0.5979109181071848,False,zh,0.4576271186440678
semantic_kernel_heatn_t=0.1_alpha_0.7,0.6650462962962963,0.6015632078163076,0.6019945649400559,False,zh,0.4576271186440678
semantic_kernel_heatn_t=0.1_alpha_0.8,0.6652083333333334,0.5973519602192814,0.5977975927586127,False,zh,0.4576271186440678
semantic_kernel_heatn_t=0.1_alpha_0.9,0.6657870370370371,0.6026004484131752,0.6030282894671034,False,zh,0.4576271186440678
semantic_kernel_heatn_t=0.1_alpha_1.0,0.6303472222222223,0.5672994375937785,0.5678469430911625,False,zh,0.4576271186440678
semantic_kernel_heat_t=0.2_alpha_0.0,0.6908564814814814,0.6115663868317687,0.6119638348741085,False,zh,0.4576271186440678
semantic_kernel_heat_t=0.2_alpha_0.1,0.685486111111111,0.6070801599762428,0.6074928155672454,False,zh,0.4576271186440678
semantic_kernel_heat_t=0.2_alpha_0.2,0.6779398148148148,0.6018572054564839,0.6022875659780621,False,zh,0.4576271186440678
semantic_kernel_heat_t=0.2_alpha_0.3,0.6727777777777778,0.5992182854904866,0.599657591503475,False,zh,0.4576271186440678
semantic_kernel_heat_t=0.2_alpha_0.4,0.6658101851851851,0.5998242367556806,0.6002614886965834,False,zh,0.4576271186440678
semantic_kernel_heat_t=0.2_alpha_0.5,0.6592129629629628,0.591313720068027,0.5917798212180404,False,zh,0.4576271186440678
semantic_kernel_heat_t=0.2_alpha_0.6,0.6511805555555557,0.5816121192660877,0.5821111071984807,False,zh,0.4576271186440678
semantic_kernel_heat_t=0.2_alpha_0.7,0.6422222222222222,0.5721563060531567,0.5726873475896613,False,zh,0.4576271186440678
semantic_kernel_heat_t=0.2_alpha_0.8,0.6372916666666668,0.567747766711036,0.5682937524487005,False,zh,0.4576271186440678
semantic_kernel_heat_t=0.2_alpha_0.9,0.635,0.5696084977197209,0.570148175894644,False,zh,0.4576271186440678
semantic_kernel_heat_t=0.2_alpha_1.0,0.6340509259259259,0.5703425949849797,0.5708797846945969,False,zh,0.4576271186440678
semantic_kernel_heatn_t=0.2_alpha_0.0,0.6908564814814814,0.6115663868317687,0.6119638348741085,False,zh,0.4576271186440678
semantic_kernel_heatn_t=0.2_alpha_0.1,0.6855324074074074,0.6071571306180286,0.6075695252916015,False,zh,0.4576271186440678
semantic_kernel_heatn_t=0.2_alpha_0.2,0.677800925925926,0.6016047429159062,0.6020359592427066,False,zh,0.4576271186440678
semantic_kernel_heatn_t=0.2_alpha_0.3,0.6719444444444445,0.5993730058388334,0.5998117873760644,False,zh,0.4576271186440678
semantic_kernel_heatn_t=0.2_alpha_0.4,0.6672916666666667,0.6015419894591807,0.6019734185095632,False,zh,0.4576271186440678
semantic_kernel_heatn_t=0.2_alpha_0.5,0.6652777777777777,0.59717010964359,0.5976163586255507,False,zh,0.4576271186440678
semantic_kernel_heatn_t=0.2_alpha_0.6,0.6653472222222223,0.5975810642935055,0.5980259202088565,False,zh,0.4576271186440678
semantic_kernel_heatn_t=0.2_alpha_0.7,0.6653703703703703,0.6017347608251664,0.6021655364132914,False,zh,0.4576271186440678
semantic_kernel_heatn_t=0.2_alpha_0.8,0.6658101851851853,0.5983493845948094,0.5987916360345626,False,zh,0.4576271186440678
semantic_kernel_heatn_t=0.2_alpha_0.9,0.6590277777777779,0.5899725604342004,0.5904432078880575,False,zh,0.4576271186440678
semantic_kernel_heatn_t=0.2_alpha_1.0,0.6300694444444443,0.567244388883299,0.5677920809864813,False,zh,0.4576271186440678
semantic_kernel_heat_t=0.3_alpha_0.0,0.6908564814814814,0.6115663868317687,0.6119638348741085,False,zh,0.4576271186440678
semantic_kernel_heat_t=0.3_alpha_0.1,0.6856249999999999,0.6072417173199737,0.6076538252589636,False,zh,0.4576271186440678
semantic_kernel_heat_t=0.3_alpha_0.2,0.6788194444444443,0.602400264146193,0.6028287837908569,False,zh,0.4576271186440678
semantic_kernel_heat_t=0.3_alpha_0.3,0.6736111111111112,0.5991303217912829,0.5995699259863025,False,zh,0.4576271186440678
semantic_kernel_heat_t=0.3_alpha_0.4,0.667800925925926,0.5990736534872295,0.599513449778195,False,zh,0.4576271186440678
semantic_kernel_heat_t=0.3_alpha_0.5,0.6604629629629629,0.5928026920196554,0.5932637458071212,False,zh,0.4576271186440678
semantic_kernel_heat_t=0.3_alpha_0.6,0.6532175925925926,0.5879656279857115,0.5884430786004109,False,zh,0.4576271186440678
semantic_kernel_heat_t=0.3_alpha_0.7,0.6443055555555556,0.5816160576744196,0.5821150322562758,False,zh,0.4576271186440678
semantic_kernel_heat_t=0.3_alpha_0.8,0.6377083333333333,0.5708400458677576,0.5713755493031959,False,zh,0.4576271186440678
semantic_kernel_heat_t=0.3_alpha_0.9,0.6317129629629629,0.5694262831378563,0.569966578989328,False,zh,0.4576271186440678
semantic_kernel_heat_t=0.3_alpha_1.0,0.623912037037037,0.5645579560615647,0.5651147547166849,False,zh,0.4576271186440678
semantic_kernel_heatn_t=0.3_alpha_0.0,0.6908564814814814,0.6115663868317687,0.6119638348741085,False,zh,0.4576271186440678
semantic_kernel_heatn_t=0.3_alpha_0.1,0.6854861111111111,0.6071071106100254,0.6075196748429476,False,zh,0.4576271186440678
semantic_kernel_heatn_t=0.3_alpha_0.2,0.6778472222222222,0.601619793183801,0.602050958492744,False,zh,0.4576271186440678
semantic_kernel_heatn_t=0.3_alpha_0.3,0.6719444444444445,0.5994057112286815,0.5998443819001844,False,zh,0.4576271186440678
semantic_kernel_heatn_t=0.3_alpha_0.4,0.6673842592592594,0.6016327421345199,0.6020638635487148,False,zh,0.4576271186440678
semantic_kernel_heatn_t=0.3_alpha_0.5,0.6653703703703704,0.5971726763178835,0.5976189165992535,False,zh,0.4576271186440678
semantic_kernel_heatn_t=0.3_alpha_0.6,0.6655787037037036,0.597716651194812,0.5981610474935481,False,zh,0.4576271186440678
semantic_kernel_heatn_t=0.3_alpha_0.7,0.6652777777777777,0.6017638138223323,0.6021944909257212,False,zh,0.4576271186440678
semantic_kernel_heatn_t=0.3_alpha_0.8,0.6649305555555556,0.5980292968287986,0.5984726333118267,False,zh,0.4576271186440678
semantic_kernel_heatn_t=0.3_alpha_0.9,0.6535648148148148,0.5813972574406845,0.5818969737182486,False,zh,0.4576271186440678
semantic_kernel_heatn_t=0.3_alpha_1.0,0.630300925925926,0.5670573635413625,0.5676056896287546,False,zh,0.4576271186440678
semantic_kernel_heat_t=0.4_alpha_0.0,0.6908564814814814,0.6115663868317687,0.6119638348741085,False,zh,0.4576271186440678
semantic_kernel_heat_t=0.4_alpha_0.1,0.6858101851851852,0.6073791215477757,0.6077907637097223,False,zh,0.4576271186440678
semantic_kernel_heat_t=0.4_alpha_0.2,0.6790046296296296,0.6026783076771358,0.6031058848013559,False,zh,0.4576271186440678
semantic_kernel_heat_t=0.4_alpha_0.3,0.6744444444444444,0.6012360472199214,0.6016685133626404,False,zh,0.4576271186440678
semantic_kernel_heat_t=0.4_alpha_0.4,0.6692824074074074,0.6001138976119119,0.6005501676516072,False,zh,0.4576271186440678
semantic_kernel_heat_t=0.4_alpha_0.5,0.6624537037037037,0.5940388231667028,0.5944956866790937,False,zh,0.4576271186440678
semantic_kernel_heat_t=0.4_alpha_0.6,0.6561342592592592,0.5908005207603326,0.5912683615690163,False,zh,0.4576271186440678
semantic_kernel_heat_t=0.4_alpha_0.7,0.6497685185185185,0.588822309216448,0.5892968558269754,False,zh,0.4576271186440678
semantic_kernel_heat_t=0.4_alpha_0.8,0.6394675925925927,0.5775924495123983,0.5781050634439564,False,zh,0.4576271186440678
semantic_kernel_heat_t=0.4_alpha_0.9,0.6264814814814815,0.5693938517740432,0.5699342575623414,False,zh,0.4576271186440678
semantic_kernel_heat_t=0.4_alpha_1.0,0.6136342592592592,0.5604788685154516,0.5610494945859824,False,zh,0.4576271186440678
semantic_kernel_heatn_t=0.4_alpha_0.0,0.6908564814814814,0.6115663868317687,0.6119638348741085,False,zh,0.4576271186440678
semantic_kernel_heatn_t=0.4_alpha_0.1,0.6854861111111111,0.6071071106100254,0.6075196748429476,False,zh,0.4576271186440678
semantic_kernel_heatn_t=0.4_alpha_0.2,0.6778472222222223,0.6016036492466843,0.602034869280838,False,zh,0.4576271186440678
semantic_kernel_heatn_t=0.4_alpha_0.3,0.6720833333333334,0.5995061170754106,0.5999444473881109,False,zh,0.4576271186440678
semantic_kernel_heatn_t=0.4_alpha_0.4,0.6673842592592594,0.6015827736935352,0.6020140644922759,False,zh,0.4576271186440678
semantic_kernel_heatn_t=0.4_alpha_0.5,0.6653703703703704,0.5970528715645833,0.5974995179637611,False,zh,0.4576271186440678
semantic_kernel_heatn_t=0.4_alpha_0.6,0.6653935185185186,0.5975800822575262,0.5980249415018127,False,zh,0.4576271186440678
semantic_kernel_heatn_t=0.4_alpha_0.7,0.6657870370370371,0.6026874556373614,0.6031150017515465,False,zh,0.4576271186440678
semantic_kernel_heatn_t=0.4_alpha_0.8,0.6618287037037037,0.5921895919286293,0.5926527240214884,False,zh,0.4576271186440678
semantic_kernel_heatn_t=0.4_alpha_0.9,0.6491666666666668,0.5773266435872092,0.5778401585558018,False,zh,0.4576271186440678
semantic_kernel_heatn_t=0.4_alpha_1.0,0.6303935185185185,0.5670988040673377,0.5676469896783706,False,zh,0.4576271186440678
semantic_kernel_heat_t=0.5_alpha_0.0,0.6908564814814814,0.6115663868317687,0.6119638348741085,False,zh,0.4576271186440678
semantic_kernel_heat_t=0.5_alpha_0.1,0.6856712962962963,0.6073306248848329,0.607742431442247,False,zh,0.4576271186440678
semantic_kernel_heat_t=0.5_alpha_0.2,0.6795138888888889,0.6031181098002454,0.6035441960698107,False,zh,0.4576271186440678
semantic_kernel_heat_t=0.5_alpha_0.3,0.6743055555555556,0.5999433969566098,0.6003802449646282,False,zh,0.4576271186440678
semantic_kernel_heat_t=0.5_alpha_0.4,0.6700231481481483,0.6002408890670938,0.60067672862728,False,zh,0.4576271186440678
semantic_kernel_heat_t=0.5_alpha_0.5,0.664212962962963,0.594055757753609,0.5945125638606206,False,zh,0.4576271186440678
semantic_kernel_heat_t=0.5_alpha_0.6,0.6588194444444445,0.5924545084426741,0.5929167425134516,False,zh,0.4576271186440678
semantic_kernel_heat_t=0.5_alpha_0.7,0.6507870370370371,0.5905522945774556,0.591020976830827,False,zh,0.4576271186440678
semantic_kernel_heat_t=0.5_alpha_0.8,0.6411805555555556,0.5832384701607385,0.5837319450392514,False,zh,0.4576271186440678
semantic_kernel_heat_t=0.5_alpha_0.9,0.6269907407407407,0.5754740421771751,0.5759938371505475,False,zh,0.4576271186440678
semantic_kernel_heat_t=0.5_alpha_1.0,0.6071064814814815,0.5569725457192923,0.5575550576298102,False,zh,0.4576271186440678
semantic_kernel_heatn_t=0.5_alpha_0.0,0.6908564814814814,0.6115663868317687,0.6119638348741085,False,zh,0.4576271186440678
semantic_kernel_heatn_t=0.5_alpha_0.1,0.6854861111111111,0.6071071106100254,0.6075196748429476,False,zh,0.4576271186440678
semantic_kernel_heatn_t=0.5_alpha_0.2,0.6778472222222223,0.6016720912576351,0.6021030792849721,False,zh,0.4576271186440678
semantic_kernel_heatn_t=0.5_alpha_0.3,0.6721759259259259,0.5995524474910051,0.5999906207514493,False,zh,0.4576271186440678
semantic_kernel_heatn_t=0.5_alpha_0.4,0.6675231481481482,0.6016730919615536,0.602104076596674,False,zh,0.4576271186440678
semantic_kernel_heatn_t=0.5_alpha_0.5,0.6654629629629629,0.5972719074894108,0.5977178113939282,False,zh,0.4576271186440678
semantic_kernel_heatn_t=0.5_alpha_0.6,0.6658564814814815,0.5983399676779937,0.5987822510394989,False,zh,0.4576271186440678
semantic_kernel_heatn_t=0.5_alpha_0.7,0.6650462962962964,0.6018891669744604,0.6023194191519099,False,zh,0.4576271186440678
semantic_kernel_heatn_t=0.5_alpha_0.8,0.6578935185185185,0.5849845323827791,0.585472088406302,False,zh,0.4576271186440678
semantic_kernel_heatn_t=0.5_alpha_0.9,0.6434722222222222,0.5738563597001669,0.574381638342953,False,zh,0.4576271186440678
semantic_kernel_heatn_t=0.5_alpha_1.0,0.6309027777777778,0.5673585399632178,0.5679058451135867,False,zh,0.4576271186440678
semantic_kernel_heat_t=0.6_alpha_0.0,0.6908564814814814,0.6115663868317687,0.6119638348741085,False,zh,0.4576271186440678
semantic_kernel_heat_t=0.6_alpha_0.1,0.6857175925925926,0.6073414527361868,0.6077532225890202,False,zh,0.4576271186440678
semantic_kernel_heat_t=0.6_alpha_0.2,0.6794212962962962,0.6031426278969395,0.6035686310543127,False,zh,0.4576271186440678
semantic_kernel_heat_t=0.6_alpha_0.3,0.6749537037037037,0.6002068681540612,0.6006428230393763,False,zh,0.4576271186440678
semantic_kernel_heat_t=0.6_alpha_0.4,0.6715972222222223,0.6009677020216204,0.6014010778090795,False,zh,0.4576271186440678
semantic_kernel_heat_t=0.6_alpha_0.5,0.665648148148148,0.5957744881765284,0.5962254680787167,False,zh,0.4576271186440678
semantic_kernel_heat_t=0.6_alpha_0.6,0.6606712962962963,0.5931038733622623,0.5935639061960243,False,zh,0.4576271186440678
semantic_kernel_heat_t=0.6_alpha_0.7,0.6531481481481481,0.5924548137291146,0.5929170467650227,False,zh,0.4576271186440678
semantic_kernel_heat_t=0.6_alpha_0.8,0.6425231481481481,0.5840628511208685,0.5845535314876521,False,zh,0.4576271186440678
semantic_kernel_heat_t=0.6_alpha_0.9,0.6273611111111111,0.5801630422802804,0.580666942338049,False,zh,0.4576271186440678
semantic_kernel_heat_t=0.6_alpha_1.0,0.6036805555555556,0.555034754606367,0.5556238353003183,False,zh,0.4576271186440678
semantic_kernel_heatn_t=0.6_alpha_0.0,0.6908564814814814,0.6115663868317687,0.6119638348741085,False,zh,0.4576271186440678
semantic_kernel_heatn_t=0.6_alpha_0.1,0.6854398148148149,0.6070874495664172,0.6075000804469448,False,zh,0.4576271186440678
semantic_kernel_heatn_t=0.6_alpha_0.2,0.6778009259259259,0.6016492633345195,0.6020803287446467,False,zh,0.4576271186440678
semantic_kernel_heatn_t=0.6_alpha_0.3,0.6721759259259259,0.5995024790500205,0.5999408216950104,False,zh,0.4576271186440678
semantic_kernel_heatn_t=0.6_alpha_0.4,0.667337962962963,0.6014459211897227,0.601877675895256,False,zh,0.4576271186440678
semantic_kernel_heatn_t=0.6_alpha_0.5,0.6652777777777777,0.5971131088666919,0.5975595510716253,False,zh,0.4576271186440678
semantic_kernel_heatn_t=0.6_alpha_0.6,0.6659490740740741,0.5986210949000654,0.5990624252879364,False,zh,0.4576271186440678
semantic_kernel_heatn_t=0.6_alpha_0.7,0.6631944444444445,0.5994343262480021,0.5998728999194395,False,zh,0.4576271186440678
semantic_kernel_heatn_t=0.6_alpha_0.8,0.6564120370370371,0.5820611960788611,0.5825586617169736,False,zh,0.4576271186440678
semantic_kernel_heatn_t=0.6_alpha_0.9,0.6405555555555555,0.5722558450519257,0.5727865491680956,False,zh,0.4576271186440678
semantic_kernel_heatn_t=0.6_alpha_1.0,0.6311805555555555,0.5674999379991326,0.5680467638341254,False,zh,0.4576271186440678
semantic_kernel_heat_t=0.7_alpha_0.0,0.6908564814814814,0.6115663868317687,0.6119638348741085,False,zh,0.4576271186440678
semantic_kernel_heat_t=0.7_alpha_0.1,0.6860416666666665,0.607558838149411,0.6079698711025385,False,zh,0.4576271186440678
semantic_kernel_heat_t=0.7_alpha_0.2,0.6797916666666667,0.6033305587767681,0.6037559248803114,False,zh,0.4576271186440678
semantic_kernel_heat_t=0.7_alpha_0.3,0.6752314814814815,0.6003603995403626,0.6007958339803005,False,zh,0.4576271186440678
semantic_kernel_heat_t=0.7_alpha_0.4,0.6724305555555556,0.6020162531197542,0.6024460744967111,False,zh,0.4576271186440678
semantic_kernel_heat_t=0.7_alpha_0.5,0.6668518518518519,0.5963321361200172,0.5967812256901935,False,zh,0.4576271186440678
semantic_kernel_heat_t=0.7_alpha_0.6,0.661875,0.5938063208474276,0.5942639725032737,False,zh,0.4576271186440678
semantic_kernel_heat_t=0.7_alpha_0.7,0.6554166666666666,0.5935929249464609,0.5940512999782425,False,zh,0.4576271186440678
semantic_kernel_heat_t=0.7_alpha_0.8,0.6453935185185186,0.584931024960478,0.5854187623650935,False,zh,0.4576271186440678
semantic_kernel_heat_t=0.7_alpha_0.9,0.6282407407407408,0.5812410189269168,0.5817412648265614,False,zh,0.4576271186440678
semantic_kernel_heat_t=0.7_alpha_1.0,0.6011342592592592,0.5532925189591712,0.5538875055366725,False,zh,0.4576271186440678
semantic_kernel_heatn_t=0.7_alpha_0.0,0.6908564814814814,0.6115663868317687,0.6119638348741085,False,zh,0.4576271186440678
semantic_kernel_heatn_t=0.7_alpha_0.1,0.6853935185185185,0.607063496323148,0.6074762084011106,False,zh,0.4576271186440678
semantic_kernel_heatn_t=0.7_alpha_0.2,0.6778009259259259,0.6017063543220615,0.6021372262034175,False,zh,0.4576271186440678
semantic_kernel_heatn_t=0.7_alpha_0.3,0.6722685185185187,0.599568206784606,0.600006326623716,False,zh,0.4576271186440678
semantic_kernel_heatn_t=0.7_alpha_0.4,0.667476851851852,0.601667433705186,0.6020984375208364,False,zh,0.4576271186440678
semantic_kernel_heatn_t=0.7_alpha_0.5,0.6653240740740741,0.5972359706670615,0.5976819963913156,False,zh,0.4576271186440678
semantic_kernel_heatn_t=0.7_alpha_0.6,0.6657175925925926,0.5985872508157355,0.5990286959293163,False,zh,0.4576271186440678
semantic_kernel_heatn_t=0.7_alpha_0.7,0.6622222222222223,0.5955835603059042,0.5960351874212131,False,zh,0.4576271186440678
semantic_kernel_heatn_t=0.7_alpha_0.8,0.6542824074074074,0.5796481307375325,0.580153776258158,False,zh,0.4576271186440678
semantic_kernel_heatn_t=0.7_alpha_0.9,0.6383796296296296,0.5712464028846622,0.5717805288386871,False,zh,0.4576271186440678
semantic_kernel_heatn_t=0.7_alpha_1.0,0.6319675925925925,0.5678947487569478,0.5684402362503886,False,zh,0.4576271186440678
semantic_kernel_matern_kappa=1.0_nu=1.0_alpha_0.0,0.6908564814814814,0.6115663868317687,0.6119638348741085,False,zh,0.4576271186440678
semantic_kernel_matern_kappa=1.0_nu=1.0_alpha_0.1,0.6856712962962962,0.6072564503812863,0.6076685083776956,False,zh,0.4576271186440678
semantic_kernel_matern_kappa=1.0_nu=1.0_alpha_0.2,0.6778009259259259,0.6018243021158638,0.6022547741741898,False,zh,0.4576271186440678
semantic_kernel_matern_kappa=1.0_nu=1.0_alpha_0.3,0.6719907407407408,0.599991877269408,0.600428560937383,False,zh,0.4576271186440678
semantic_kernel_matern_kappa=1.0_nu=1.0_alpha_0.4,0.6681712962962963,0.6019953941056864,0.6024252861911654,False,zh,0.4576271186440678
semantic_kernel_matern_kappa=1.0_nu=1.0_alpha_0.5,0.6630092592592594,0.5940958665635615,0.5945525367085055,False,zh,0.4576271186440678
semantic_kernel_matern_kappa=1.0_nu=1.0_alpha_0.6,0.655625,0.5854723749017365,0.5859582772218053,False,zh,0.4576271186440678
semantic_kernel_matern_kappa=1.0_nu=1.0_alpha_0.7,0.6472222222222223,0.5769482236512145,0.577463021399251,False,zh,0.4576271186440678
semantic_kernel_matern_kappa=1.0_nu=1.0_alpha_0.8,0.6419212962962964,0.5704026672934439,0.5709396533681171,False,zh,0.4576271186440678
semantic_kernel_matern_kappa=1.0_nu=1.0_alpha_0.9,0.6395370370370371,0.5688516720548404,0.5693939157404919,False,zh,0.4576271186440678
semantic_kernel_matern_kappa=1.0_nu=1.0_alpha_1.0,0.6387731481481482,0.5682978105800285,0.5688419317622049,False,zh,0.4576271186440678
semantic_kernel_maternn_kappa=1.0_nu=1.0_alpha_0.0,0.6908564814814814,0.6115663868317687,0.6119638348741085,False,zh,0.4576271186440678
semantic_kernel_maternn_kappa=1.0_nu=1.0_alpha_0.1,0.6854861111111111,0.6071071106100254,0.6075196748429476,False,zh,0.4576271186440678
semantic_kernel_maternn_kappa=1.0_nu=1.0_alpha_0.2,0.6778472222222223,0.6016036492466843,0.602034869280838,False,zh,0.4576271186440678
semantic_kernel_maternn_kappa=1.0_nu=1.0_alpha_0.3,0.672037037037037,0.5994918256445525,0.5999302044027813,False,zh,0.4576271186440678
semantic_kernel_maternn_kappa=1.0_nu=1.0_alpha_0.4,0.6673842592592594,0.6015827736935352,0.6020140644922759,False,zh,0.4576271186440678
semantic_kernel_maternn_kappa=1.0_nu=1.0_alpha_0.5,0.6653703703703704,0.5970513310933223,0.5974979827144367,False,zh,0.4576271186440678
semantic_kernel_maternn_kappa=1.0_nu=1.0_alpha_0.6,0.6655324074074074,0.5976137997002171,0.5980585446480878,False,zh,0.4576271186440678
semantic_kernel_maternn_kappa=1.0_nu=1.0_alpha_0.7,0.6655555555555556,0.6024451063394519,0.602873473976681,False,zh,0.4576271186440678
semantic_kernel_maternn_kappa=1.0_nu=1.0_alpha_0.8,0.6619212962962964,0.5922878916066625,0.5927506904802738,False,zh,0.4576271186440678
semantic_kernel_maternn_kappa=1.0_nu=1.0_alpha_0.9,0.6476851851851851,0.5758853130263325,0.5764037138612331,False,zh,0.4576271186440678
semantic_kernel_maternn_kappa=1.0_nu=1.0_alpha_1.0,0.6284490740740741,0.5660023218195305,0.566554224319539,False,zh,0.4576271186440678
semantic_kernel_matern_kappa=1.0_nu=2.0_alpha_0.0,0.6908564814814814,0.6115663868317687,0.6119638348741085,False,zh,0.4576271186440678
semantic_kernel_matern_kappa=1.0_nu=2.0_alpha_0.1,0.6856712962962963,0.6072064820463412,0.6076187094269369,False,zh,0.4576271186440678
semantic_kernel_matern_kappa=1.0_nu=2.0_alpha_0.2,0.6789120370370371,0.6023895913744508,0.602818147198002,False,zh,0.4576271186440678
semantic_kernel_matern_kappa=1.0_nu=2.0_alpha_0.3,0.6739351851851851,0.59912806764961,0.5995676794857877,False,zh,0.4576271186440678
semantic_kernel_matern_kappa=1.0_nu=2.0_alpha_0.4,0.6685416666666667,0.5999626895767147,0.6003994721860207,False,zh,0.4576271186440678
semantic_kernel_matern_kappa=1.0_nu=2.0_alpha_0.5,0.6622222222222223,0.5925466727916895,0.5930085944409449,False,zh,0.4576271186440678
semantic_kernel_matern_kappa=1.0_nu=2.0_alpha_0.6,0.6545601851851852,0.5869054553258806,0.5873864997462065,False,zh,0.4576271186440678
semantic_kernel_matern_kappa=1.0_nu=2.0_alpha_0.7,0.6460648148148148,0.5759826238566726,0.5765006948243517,False,zh,0.4576271186440678
semantic_kernel_matern_kappa=1.0_nu=2.0_alpha_0.8,0.640162037037037,0.5701053488079568,0.5706433427419029,False,zh,0.4576271186440678
semantic_kernel_matern_kappa=1.0_nu=2.0_alpha_0.9,0.6368981481481482,0.5704125597766883,0.5709495123175199,False,zh,0.4576271186440678
semantic_kernel_matern_kappa=1.0_nu=2.0_alpha_1.0,0.634837962962963,0.5703502742080587,0.5708874378864112,False,zh,0.4576271186440678
semantic_kernel_maternn_kappa=1.0_nu=2.0_alpha_0.0,0.6908564814814814,0.6115663868317687,0.6119638348741085,False,zh,0.4576271186440678
semantic_kernel_maternn_kappa=1.0_nu=2.0_alpha_0.1,0.6854861111111111,0.6071071106100254,0.6075196748429476,False,zh,0.4576271186440678
semantic_kernel_maternn_kappa=1.0_nu=2.0_alpha_0.2,0.6778472222222223,0.6016036492466843,0.602034869280838,False,zh,0.4576271186440678
semantic_kernel_maternn_kappa=1.0_nu=2.0_alpha_0.3,0.6720833333333334,0.5995061170754106,0.5999444473881109,False,zh,0.4576271186440678
semantic_kernel_maternn_kappa=1.0_nu=2.0_alpha_0.4,0.6674305555555556,0.6016232660809664,0.6020544196173767,False,zh,0.4576271186440678
semantic_kernel_maternn_kappa=1.0_nu=2.0_alpha_0.5,0.6655092592592592,0.5972701952412249,0.5977161049499735,False,zh,0.4576271186440678
semantic_kernel_maternn_kappa=1.0_nu=2.0_alpha_0.6,0.6653935185185186,0.5975961781061,0.598040982788188,False,zh,0.4576271186440678
semantic_kernel_maternn_kappa=1.0_nu=2.0_alpha_0.7,0.6655555555555557,0.6024750601742832,0.6029033262730891,False,zh,0.4576271186440678
semantic_kernel_maternn_kappa=1.0_nu=2.0_alpha_0.8,0.6602083333333334,0.590082594049023,0.5905528685075755,False,zh,0.4576271186440678
semantic_kernel_maternn_kappa=1.0_nu=2.0_alpha_0.9,0.646712962962963,0.5754123489596199,0.5759323530625434,False,zh,0.4576271186440678
semantic_kernel_maternn_kappa=1.0_nu=2.0_alpha_1.0,0.6295138888888889,0.5666479906178286,0.5671977044100462,False,zh,0.4576271186440678
semantic_kernel_matern_kappa=1.0_nu=3.0_alpha_0.0,0.6908564814814814,0.6115663868317687,0.6119638348741085,False,zh,0.4576271186440678
semantic_kernel_matern_kappa=1.0_nu=3.0_alpha_0.1,0.6856249999999999,0.6072034360423723,0.6076156737484051,False,zh,0.4576271186440678
semantic_kernel_matern_kappa=1.0_nu=3.0_alpha_0.2,0.6789583333333333,0.6024872092232625,0.6029154341388516,False,zh,0.4576271186440678
semantic_kernel_matern_kappa=1.0_nu=3.0_alpha_0.3,0.6741203703703704,0.5990704466932977,0.599510253854751,False,zh,0.4576271186440678
semantic_kernel_matern_kappa=1.0_nu=3.0_alpha_0.4,0.6694444444444444,0.5978074417676872,0.5982515303017697,False,zh,0.4576271186440678
semantic_kernel_matern_kappa=1.0_nu=3.0_alpha_0.5,0.6623611111111112,0.5921482271959738,0.5926114995082656,False,zh,0.4576271186440678
semantic_kernel_matern_kappa=1.0_nu=3.0_alpha_0.6,0.6555324074074074,0.5892758647969963,0.5897488739309795,False,zh,0.4576271186440678
semantic_kernel_matern_kappa=1.0_nu=3.0_alpha_0.7,0.647361111111111,0.579984340703836,0.5804888465296605,False,zh,0.4576271186440678
semantic_kernel_matern_kappa=1.0_nu=3.0_alpha_0.8,0.6393518518518518,0.5725196589587922,0.573049468790532,False,zh,0.4576271186440678
semantic_kernel_matern_kappa=1.0_nu=3.0_alpha_0.9,0.634212962962963,0.5692258365042716,0.5697668118358573,False,zh,0.4576271186440678
semantic_kernel_matern_kappa=1.0_nu=3.0_alpha_1.0,0.6291898148148147,0.570415070548675,0.5709520145784152,False,zh,0.4576271186440678
semantic_kernel_maternn_kappa=1.0_nu=3.0_alpha_0.0,0.6908564814814814,0.6115663868317687,0.6119638348741085,False,zh,0.4576271186440678
semantic_kernel_maternn_kappa=1.0_nu=3.0_alpha_0.1,0.6854861111111111,0.6071071106100254,0.6075196748429476,False,zh,0.4576271186440678
semantic_kernel_maternn_kappa=1.0_nu=3.0_alpha_0.2,0.6778472222222223,0.6016036492466843,0.602034869280838,False,zh,0.4576271186440678
semantic_kernel_maternn_kappa=1.0_nu=3.0_alpha_0.3,0.6720833333333334,0.5995061170754106,0.5999444473881109,False,zh,0.4576271186440678
semantic_kernel_maternn_kappa=1.0_nu=3.0_alpha_0.4,0.6672222222222223,0.5978057775741153,0.598249871749532,False,zh,0.4576271186440678
semantic_kernel_maternn_kappa=1.0_nu=3.0_alpha_0.5,0.665138888888889,0.59437474352123,0.5948304683205546,False,zh,0.4576271186440678
semantic_kernel_maternn_kappa=1.0_nu=3.0_alpha_0.6,0.6653935185185186,0.5976576813490861,0.5981022775456046,False,zh,0.4576271186440678
semantic_kernel_maternn_kappa=1.0_nu=3.0_alpha_0.7,0.6656018518518518,0.5980107096553914,0.5984541091457868,False,zh,0.4576271186440678
semantic_kernel_maternn_kappa=1.0_nu=3.0_alpha_0.8,0.6591666666666667,0.5901522175587417,0.5906222560053971,False,zh,0.4576271186440678
semantic_kernel_maternn_kappa=1.0_nu=3.0_alpha_0.9,0.6456944444444443,0.5749240421815944,0.5754457015617315,False,zh,0.4576271186440678
semantic_kernel_maternn_kappa=1.0_nu=3.0_alpha_1.0,0.6301157407407407,0.566942187630031,0.5674909041442413,False,zh,0.4576271186440678
semantic_kernel_matern_kappa=2.0_nu=1.0_alpha_0.0,0.6908564814814814,0.6115663868317687,0.6119638348741085,False,zh,0.4576271186440678
semantic_kernel_matern_kappa=2.0_nu=1.0_alpha_0.1,0.685949074074074,0.6075248265228459,0.6079359747696228,False,zh,0.4576271186440678
semantic_kernel_matern_kappa=2.0_nu=1.0_alpha_0.2,0.6794675925925926,0.602911210959614,0.6033379985811815,False,zh,0.4576271186440678
semantic_kernel_matern_kappa=2.0_nu=1.0_alpha_0.3,0.673611111111111,0.5983090265323472,0.5987514147790919,False,zh,0.4576271186440678
semantic_kernel_matern_kappa=2.0_nu=1.0_alpha_0.4,0.6713657407407407,0.6015445446308946,0.601975965019678,False,zh,0.4576271186440678
semantic_kernel_matern_kappa=2.0_nu=1.0_alpha_0.5,0.6658333333333333,0.5955819458339751,0.5960335784220702,False,zh,0.4576271186440678
semantic_kernel_matern_kappa=2.0_nu=1.0_alpha_0.6,0.6596990740740741,0.5920169544736767,0.5924806717782475,False,zh,0.4576271186440678
semantic_kernel_matern_kappa=2.0_nu=1.0_alpha_0.7,0.6523148148148148,0.5842831853381085,0.5847731188092404,False,zh,0.4576271186440678
semantic_kernel_matern_kappa=2.0_nu=1.0_alpha_0.8,0.6452546296296297,0.5745975037017726,0.5751202699920108,False,zh,0.4576271186440678
semantic_kernel_matern_kappa=2.0_nu=1.0_alpha_0.9,0.64,0.5720422395408501,0.5725736677434983,False,zh,0.4576271186440678
semantic_kernel_matern_kappa=2.0_nu=1.0_alpha_1.0,0.637013888888889,0.5699098560451624,0.5704485126664399,False,zh,0.4576271186440678
semantic_kernel_maternn_kappa=2.0_nu=1.0_alpha_0.0,0.6908564814814814,0.6115663868317687,0.6119638348741085,False,zh,0.4576271186440678
semantic_kernel_maternn_kappa=2.0_nu=1.0_alpha_0.1,0.6854398148148146,0.6070831573667563,0.6074958027971132,False,zh,0.4576271186440678
semantic_kernel_maternn_kappa=2.0_nu=1.0_alpha_0.2,0.6778472222222223,0.6017012768168343,0.6021321659100722,False,zh,0.4576271186440678
semantic_kernel_maternn_kappa=2.0_nu=1.0_alpha_0.3,0.6718055555555555,0.5993197335637921,0.5997586956850064,False,zh,0.4576271186440678
semantic_kernel_maternn_kappa=2.0_nu=1.0_alpha_0.4,0.6677083333333335,0.6017483335328153,0.602179063111762,False,zh,0.4576271186440678
semantic_kernel_maternn_kappa=2.0_nu=1.0_alpha_0.5,0.6657870370370371,0.598030062941435,0.598473396827471,False,zh,0.4576271186440678
semantic_kernel_maternn_kappa=2.0_nu=1.0_alpha_0.6,0.663125,0.5937239561708956,0.5941818870290351,False,zh,0.4576271186440678
semantic_kernel_maternn_kappa=2.0_nu=1.0_alpha_0.7,0.65625,0.5844568290528092,0.5849461739011793,False,zh,0.4576271186440678
semantic_kernel_maternn_kappa=2.0_nu=1.0_alpha_0.8,0.6419675925925926,0.5696666854807085,0.5702061664089841,False,zh,0.4576271186440678
semantic_kernel_maternn_kappa=2.0_nu=1.0_alpha_0.9,0.6315277777777778,0.5666344896973976,0.5671842492554472,False,zh,0.4576271186440678
semantic_kernel_maternn_kappa=2.0_nu=1.0_alpha_1.0,0.6294212962962964,0.5652032623905056,0.5657578735665447,False,zh,0.4576271186440678
semantic_kernel_matern_kappa=2.0_nu=2.0_alpha_0.0,0.6908564814814814,0.6115663868317687,0.6119638348741085,False,zh,0.4576271186440678
semantic_kernel_matern_kappa=2.0_nu=2.0_alpha_0.1,0.6862268518518518,0.6076995551583666,0.6081101111046842,False,zh,0.4576271186440678
semantic_kernel_matern_kappa=2.0_nu=2.0_alpha_0.2,0.6800694444444444,0.6033699276446545,0.6037951602944083,False,zh,0.4576271186440678
semantic_kernel_matern_kappa=2.0_nu=2.0_alpha_0.3,0.675138888888889,0.6010194120628494,0.601452612562033,False,zh,0.4576271186440678
semantic_kernel_matern_kappa=2.0_nu=2.0_alpha_0.4,0.6735416666666667,0.6019622094510517,0.6023922140268855,False,zh,0.4576271186440678
semantic_kernel_matern_kappa=2.0_nu=2.0_alpha_0.5,0.6699537037037037,0.597965625569122,0.5984091778869286,False,zh,0.4576271186440678
semantic_kernel_matern_kappa=2.0_nu=2.0_alpha_0.6,0.6641898148148148,0.5960576195572498,0.5965076396920457,False,zh,0.4576271186440678
semantic_kernel_matern_kappa=2.0_nu=2.0_alpha_0.7,0.6612962962962963,0.5935341973986548,0.5939927715068697,False,zh,0.4576271186440678
semantic_kernel_matern_kappa=2.0_nu=2.0_alpha_0.8,0.653263888888889,0.5884670017458565,0.5889427527884876,False,zh,0.4576271186440678
semantic_kernel_matern_kappa=2.0_nu=2.0_alpha_0.9,0.6381944444444445,0.573566298151565,0.5740925600538379,False,zh,0.4576271186440678
semantic_kernel_matern_kappa=2.0_nu=2.0_alpha_1.0,0.6204398148148148,0.5667120944791406,0.5672615909701336,False,zh,0.4576271186440678
semantic_kernel_maternn_kappa=2.0_nu=2.0_alpha_0.0,0.6908564814814814,0.6115663868317687,0.6119638348741085,False,zh,0.4576271186440678
semantic_kernel_maternn_kappa=2.0_nu=2.0_alpha_0.1,0.6853935185185185,0.607118635835639,0.6075311609999997,False,zh,0.4576271186440678
semantic_kernel_maternn_kappa=2.0_nu=2.0_alpha_0.2,0.677662037037037,0.6016265838232818,0.6020577261131081,False,zh,0.4576271186440678
semantic_kernel_maternn_kappa=2.0_nu=2.0_alpha_0.3,0.6719444444444443,0.5993454302804301,0.5997843052941304,False,zh,0.4576271186440678
semantic_kernel_maternn_kappa=2.0_nu=2.0_alpha_0.4,0.668125,0.602298604984933,0.6027274692369231,False,zh,0.4576271186440678
semantic_kernel_maternn_kappa=2.0_nu=2.0_alpha_0.5,0.6658333333333333,0.5958530507282087,0.5963037643166623,False,zh,0.4576271186440678
semantic_kernel_maternn_kappa=2.0_nu=2.0_alpha_0.6,0.661087962962963,0.5913655375845668,0.591831463081982,False,zh,0.4576271186440678
semantic_kernel_maternn_kappa=2.0_nu=2.0_alpha_0.7,0.6518981481481481,0.5795404007015401,0.5800464114087281,False,zh,0.4576271186440678
semantic_kernel_maternn_kappa=2.0_nu=2.0_alpha_0.8,0.6396064814814815,0.5690024416366899,0.5695441742390132,False,zh,0.4576271186440678
semantic_kernel_maternn_kappa=2.0_nu=2.0_alpha_0.9,0.632962962962963,0.5676593700911587,0.568205655478382,False,zh,0.4576271186440678
semantic_kernel_maternn_kappa=2.0_nu=2.0_alpha_1.0,0.6311805555555555,0.5667571732424476,0.5673065169240733,False,zh,0.4576271186440678
semantic_kernel_matern_kappa=2.0_nu=3.0_alpha_0.0,0.6908564814814814,0.6115663868317687,0.6119638348741085,False,zh,0.4576271186440678
semantic_kernel_matern_kappa=2.0_nu=3.0_alpha_0.1,0.686412037037037,0.6077149402984656,0.6081254440917659,False,zh,0.4576271186440678
semantic_kernel_matern_kappa=2.0_nu=3.0_alpha_0.2,0.6808564814814815,0.6041171643333031,0.6045398639773327,False,zh,0.4576271186440678
semantic_kernel_matern_kappa=2.0_nu=3.0_alpha_0.3,0.6761111111111112,0.6018695049482412,0.6022998237766268,False,zh,0.4576271186440678
semantic_kernel_matern_kappa=2.0_nu=3.0_alpha_0.4,0.6738194444444444,0.6025821863668812,0.6030100893260512,False,zh,0.4576271186440678
semantic_kernel_matern_kappa=2.0_nu=3.0_alpha_0.5,0.6718518518518518,0.6000093836617898,0.6004460079860618,False,zh,0.4576271186440678
semantic_kernel_matern_kappa=2.0_nu=3.0_alpha_0.6,0.666875,0.5976645643415524,0.5981091372058931,False,zh,0.4576271186440678
semantic_kernel_matern_kappa=2.0_nu=3.0_alpha_0.7,0.6643981481481481,0.598193075786059,0.598635857086181,False,zh,0.4576271186440678
semantic_kernel_matern_kappa=2.0_nu=3.0_alpha_0.8,0.6590046296296296,0.5926087843493624,0.5930704954509647,False,zh,0.4576271186440678
semantic_kernel_matern_kappa=2.0_nu=3.0_alpha_0.9,0.6432407407407408,0.5838355764169278,0.5843270272064367,False,zh,0.4576271186440678
semantic_kernel_matern_kappa=2.0_nu=3.0_alpha_1.0,0.6108564814814814,0.5605051945969648,0.5610757314265412,False,zh,0.4576271186440678
semantic_kernel_maternn_kappa=2.0_nu=3.0_alpha_0.0,0.6908564814814814,0.6115663868317687,0.6119638348741085,False,zh,0.4576271186440678
semantic_kernel_maternn_kappa=2.0_nu=3.0_alpha_0.1,0.6854398148148149,0.6071726225466024,0.6075849647051632,False,zh,0.4576271186440678
semantic_kernel_maternn_kappa=2.0_nu=3.0_alpha_0.2,0.6778935185185184,0.6016808514943275,0.6021118098259468,False,zh,0.4576271186440678
semantic_kernel_maternn_kappa=2.0_nu=3.0_alpha_0.3,0.6721759259259259,0.5995599432066607,0.5999980910578994,False,zh,0.4576271186440678
semantic_kernel_maternn_kappa=2.0_nu=3.0_alpha_0.4,0.6686342592592592,0.603036768194171,0.6034631301979942,False,zh,0.4576271186440678
semantic_kernel_maternn_kappa=2.0_nu=3.0_alpha_0.5,0.6655555555555555,0.5972407026799647,0.5976867123634971,False,zh,0.4576271186440678
semantic_kernel_maternn_kappa=2.0_nu=3.0_alpha_0.6,0.6597916666666667,0.5891515011614139,0.5896249318670432,False,zh,0.4576271186440678
semantic_kernel_maternn_kappa=2.0_nu=3.0_alpha_0.7,0.6512037037037038,0.5790243243118532,0.5795320844305318,False,zh,0.4576271186440678
semantic_kernel_maternn_kappa=2.0_nu=3.0_alpha_0.8,0.6396990740740741,0.5693198819018152,0.569860538435443,False,zh,0.4576271186440678
semantic_kernel_maternn_kappa=2.0_nu=3.0_alpha_0.9,0.6339351851851852,0.5684409658494914,0.5689846017595678,False,zh,0.4576271186440678
semantic_kernel_maternn_kappa=2.0_nu=3.0_alpha_1.0,0.6323842592592593,0.5675449305474692,0.5680916038653492,False,zh,0.4576271186440678
semantic_kernel_matern_kappa=3.0_nu=1.0_alpha_0.0,0.6908564814814814,0.6115663868317687,0.6119638348741085,False,zh,0.4576271186440678
semantic_kernel_matern_kappa=3.0_nu=1.0_alpha_0.1,0.6863194444444445,0.607736428040014,0.6081468589935125,False,zh,0.4576271186440678
semantic_kernel_matern_kappa=3.0_nu=1.0_alpha_0.2,0.6801157407407408,0.6034760264354815,0.6039008994283173,False,zh,0.4576271186440678
semantic_kernel_matern_kappa=3.0_nu=1.0_alpha_0.3,0.675324074074074,0.5994212839621649,0.5998599018447406,False,zh,0.4576271186440678
semantic_kernel_matern_kappa=3.0_nu=1.0_alpha_0.4,0.6721296296296296,0.5986639919857115,0.599105176959733,False,zh,0.4576271186440678
semantic_kernel_matern_kappa=3.0_nu=1.0_alpha_0.5,0.6687500000000001,0.5958265423702277,0.5962773458175219,False,zh,0.4576271186440678
semantic_kernel_matern_kappa=3.0_nu=1.0_alpha_0.6,0.6644675925925926,0.5957814713886218,0.5962324276189046,False,zh,0.4576271186440678
semantic_kernel_matern_kappa=3.0_nu=1.0_alpha_0.7,0.6602314814814815,0.5927457071559272,0.5932069541124225,False,zh,0.4576271186440678
semantic_kernel_matern_kappa=3.0_nu=1.0_alpha_0.8,0.6516666666666666,0.5819187055918875,0.5824166542485999,False,zh,0.4576271186440678
semantic_kernel_matern_kappa=3.0_nu=1.0_alpha_0.9,0.6435648148148149,0.5741291403135462,0.5746534942762869,False,zh,0.4576271186440678
semantic_kernel_matern_kappa=3.0_nu=1.0_alpha_1.0,0.6361805555555555,0.5700863481918085,0.5706244065346229,False,zh,0.4576271186440678
semantic_kernel_maternn_kappa=3.0_nu=1.0_alpha_0.0,0.6908564814814814,0.6115663868317687,0.6119638348741085,False,zh,0.4576271186440678
semantic_kernel_maternn_kappa=3.0_nu=1.0_alpha_0.1,0.6855787037037037,0.607241018462786,0.6076531287707835,False,zh,0.4576271186440678
semantic_kernel_maternn_kappa=3.0_nu=1.0_alpha_0.2,0.677662037037037,0.6015548339259598,0.6019862194357771,False,zh,0.4576271186440678
semantic_kernel_maternn_kappa=3.0_nu=1.0_alpha_0.3,0.6720833333333334,0.5996545751012998,0.6000924021664549,False,zh,0.4576271186440678
semantic_kernel_maternn_kappa=3.0_nu=1.0_alpha_0.4,0.667962962962963,0.59694157161183,0.5973885952989834,False,zh,0.4576271186440678
semantic_kernel_maternn_kappa=3.0_nu=1.0_alpha_0.5,0.6637037037037037,0.5921528673621352,0.5926161239450501,False,zh,0.4576271186440678
semantic_kernel_maternn_kappa=3.0_nu=1.0_alpha_0.6,0.657662037037037,0.5874304322290889,0.587909697066692,False,zh,0.4576271186440678
semantic_kernel_maternn_kappa=3.0_nu=1.0_alpha_0.7,0.6447685185185185,0.5711646931730341,0.5716990961091324,False,zh,0.4576271186440678
semantic_kernel_maternn_kappa=3.0_nu=1.0_alpha_0.8,0.6336574074074074,0.5672145614044876,0.5677623546177674,False,zh,0.4576271186440678
semantic_kernel_maternn_kappa=3.0_nu=1.0_alpha_0.9,0.6297222222222222,0.5649142446402606,0.5654698355374869,False,zh,0.4576271186440678
semantic_kernel_maternn_kappa=3.0_nu=1.0_alpha_1.0,0.6288194444444444,0.5644474277620998,0.5650046010894216,False,zh,0.4576271186440678
semantic_kernel_matern_kappa=3.0_nu=2.0_alpha_0.0,0.6908564814814814,0.6115663868317687,0.6119638348741085,False,zh,0.4576271186440678
semantic_kernel_matern_kappa=3.0_nu=2.0_alpha_0.1,0.6865046296296297,0.6078305966019406,0.6082407083399748,False,zh,0.4576271186440678
semantic_kernel_matern_kappa=3.0_nu=2.0_alpha_0.2,0.6809490740740741,0.6041580086374672,0.6045805698262284,False,zh,0.4576271186440678
semantic_kernel_matern_kappa=3.0_nu=2.0_alpha_0.3,0.677175925925926,0.6004760741760857,0.6009111164986143,False,zh,0.4576271186440678
semantic_kernel_matern_kappa=3.0_nu=2.0_alpha_0.4,0.6741666666666667,0.599655433550354,0.6000932577055124,False,zh,0.4576271186440678
semantic_kernel_matern_kappa=3.0_nu=2.0_alpha_0.5,0.6723148148148149,0.598276230900664,0.5987187303190415,False,zh,0.4576271186440678
semantic_kernel_matern_kappa=3.0_nu=2.0_alpha_0.6,0.6724768518518518,0.601116827328777,0.6015496976067203,False,zh,0.4576271186440678
semantic_kernel_matern_kappa=3.0_nu=2.0_alpha_0.7,0.6698611111111112,0.5984741689599349,0.5989159974018403,False,zh,0.4576271186440678
semantic_kernel_matern_kappa=3.0_nu=2.0_alpha_0.8,0.6658796296296297,0.5986101472016674,0.5990515147003805,False,zh,0.4576271186440678
semantic_kernel_matern_kappa=3.0_nu=2.0_alpha_0.9,0.6546296296296297,0.5899389972132989,0.5904097584407862,False,zh,0.4576271186440678
semantic_kernel_matern_kappa=3.0_nu=2.0_alpha_1.0,0.6156712962962964,0.5631886091157656,0.5637500496249395,False,zh,0.4576271186440678
semantic_kernel_maternn_kappa=3.0_nu=2.0_alpha_0.0,0.6908564814814814,0.6115663868317687,0.6119638348741085,False,zh,0.4576271186440678
semantic_kernel_maternn_kappa=3.0_nu=2.0_alpha_0.1,0.6858564814814814,0.6074101695611915,0.6078217064756352,False,zh,0.4576271186440678
semantic_kernel_maternn_kappa=3.0_nu=2.0_alpha_0.2,0.6785416666666667,0.6022417929565563,0.6026708497916936,False,zh,0.4576271186440678
semantic_kernel_maternn_kappa=3.0_nu=2.0_alpha_0.3,0.6729166666666666,0.6002369160406592,0.6006727690687316,False,zh,0.4576271186440678
semantic_kernel_maternn_kappa=3.0_nu=2.0_alpha_0.4,0.6692592592592593,0.5994919864050402,0.5999303646183182,False,zh,0.4576271186440678
semantic_kernel_maternn_kappa=3.0_nu=2.0_alpha_0.5,0.6633333333333333,0.5915382844153522,0.5920036243302901,False,zh,0.4576271186440678
semantic_kernel_maternn_kappa=3.0_nu=2.0_alpha_0.6,0.654837962962963,0.5844663139583179,0.5849556266544661,False,zh,0.4576271186440678
semantic_kernel_maternn_kappa=3.0_nu=2.0_alpha_0.7,0.6439351851851852,0.571477158887731,0.5720105026180169,False,zh,0.4576271186440678
semantic_kernel_maternn_kappa=3.0_nu=2.0_alpha_0.8,0.6356481481481482,0.566479390994945,0.5670296763113081,False,zh,0.4576271186440678
semantic_kernel_maternn_kappa=3.0_nu=2.0_alpha_0.9,0.630925925925926,0.5669326943592894,0.5674814430540783,False,zh,0.4576271186440678
semantic_kernel_maternn_kappa=3.0_nu=2.0_alpha_1.0,0.6275694444444444,0.5659224954823787,0.5664746685801403,False,zh,0.4576271186440678
semantic_kernel_matern_kappa=3.0_nu=3.0_alpha_0.0,0.6908564814814814,0.6115663868317687,0.6119638348741085,False,zh,0.4576271186440678
semantic_kernel_matern_kappa=3.0_nu=3.0_alpha_0.1,0.6863657407407407,0.6077257239800665,0.6081361912185138,False,zh,0.4576271186440678
semantic_kernel_matern_kappa=3.0_nu=3.0_alpha_0.2,0.6813657407407407,0.6043480331975268,0.6047699502352369,False,zh,0.4576271186440678
semantic_kernel_matern_kappa=3.0_nu=3.0_alpha_0.3,0.6775925925925925,0.6025724889574338,0.603000424789178,False,zh,0.4576271186440678
semantic_kernel_matern_kappa=3.0_nu=3.0_alpha_0.4,0.6750925925925926,0.6002546367992931,0.6006904297569974,False,zh,0.4576271186440678
semantic_kernel_matern_kappa=3.0_nu=3.0_alpha_0.5,0.6731944444444444,0.5985783735664361,0.5990198487723873,False,zh,0.4576271186440678
semantic_kernel_matern_kappa=3.0_nu=3.0_alpha_0.6,0.6731712962962964,0.6011962060478921,0.6016288072454318,False,zh,0.4576271186440678
semantic_kernel_matern_kappa=3.0_nu=3.0_alpha_0.7,0.6734722222222221,0.600122504778966,0.6005587456418239,False,zh,0.4576271186440678
semantic_kernel_matern_kappa=3.0_nu=3.0_alpha_0.8,0.6699999999999999,0.6000289623234715,0.6004655202793989,False,zh,0.4576271186440678
semantic_kernel_matern_kappa=3.0_nu=3.0_alpha_0.9,0.6656018518518518,0.5977706930041671,0.5982149061103293,False,zh,0.4576271186440678
semantic_kernel_matern_kappa=3.0_nu=3.0_alpha_1.0,0.6067361111111111,0.5576095498647216,0.5581899024391532,False,zh,0.4576271186440678
semantic_kernel_maternn_kappa=3.0_nu=3.0_alpha_0.0,0.6908564814814814,0.6115663868317687,0.6119638348741085,False,zh,0.4576271186440678
semantic_kernel_maternn_kappa=3.0_nu=3.0_alpha_0.1,0.685949074074074,0.6073817423121353,0.6077933755901349,False,zh,0.4576271186440678
semantic_kernel_maternn_kappa=3.0_nu=3.0_alpha_0.2,0.6791435185185184,0.6025699621015339,0.6029979064988914,False,zh,0.4576271186440678
semantic_kernel_maternn_kappa=3.0_nu=3.0_alpha_0.3,0.6732407407407407,0.5984903839324851,0.5989321574083818,False,zh,0.4576271186440678
semantic_kernel_maternn_kappa=3.0_nu=3.0_alpha_0.4,0.6701388888888888,0.5987339409016872,0.5991748887607392,False,zh,0.4576271186440678
semantic_kernel_maternn_kappa=3.0_nu=3.0_alpha_0.5,0.664537037037037,0.5921368248875098,0.5926001358516946,False,zh,0.4576271186440678
semantic_kernel_maternn_kappa=3.0_nu=3.0_alpha_0.6,0.6564583333333334,0.5866280889683748,0.5871100736136414,False,zh,0.4576271186440678
semantic_kernel_maternn_kappa=3.0_nu=3.0_alpha_0.7,0.6462962962962964,0.5737349911881331,0.574260681249604,False,zh,0.4576271186440678
semantic_kernel_maternn_kappa=3.0_nu=3.0_alpha_0.8,0.6370370370370371,0.568140222295425,0.5686848776751762,False,zh,0.4576271186440678
semantic_kernel_maternn_kappa=3.0_nu=3.0_alpha_0.9,0.6332870370370371,0.5690252492348263,0.5695669045232575,False,zh,0.4576271186440678
semantic_kernel_maternn_kappa=3.0_nu=3.0_alpha_1.0,0.6296990740740741,0.567649295383913,0.5681956149226862,False,zh,0.4576271186440678
semantic_kernel_prod_heat_t=0.1,0.6386111111111111,0.5674174108766658,0.5679645164646161,False,zh,0.4576271186440678
semantic_kernel_sum_heat_t=0.1,0.6328721374045803,0.5606425149837949,0.5612076125634138,False,zh,0.4576271186440678
semantic_kernel_prod_heatn_t=0.1,0.6302777777777778,0.5601159276041461,0.5606877839828508,False,zh,0.4576271186440678
semantic_kernel_sum_heatn_t=0.1,0.6067592592592592,0.5430884285131254,0.5437180052277318,False,zh,0.4576271186440678
semantic_kernel_prod_heat_t=0.2,0.6337499999999999,0.564908698698312,0.5654643083953415,False,zh,0.4576271186440678
semantic_kernel_sum_heat_t=0.2,0.6304613297150612,0.5626184864467421,0.5632856641091144,False,zh,0.4576271186440678
semantic_kernel_prod_heatn_t=0.2,0.6300000000000001,0.5600608788936666,0.5606329218781696,False,zh,0.4576271186440678
semantic_kernel_sum_heatn_t=0.2,0.6078703703703703,0.5447418201209622,0.5453657921182539,False,zh,0.4576271186440678
semantic_kernel_prod_heat_t=0.3,0.6236111111111111,0.560644684169262,0.5612147481528309,False,zh,0.4576271186440678
semantic_kernel_sum_heat_t=0.3,0.6237512742099898,0.5628348174907087,0.5636553995800334,False,zh,0.4576271186440678
semantic_kernel_prod_heatn_t=0.3,0.6302314814814814,0.5620978200614108,0.5626629581605993,False,zh,0.4576271186440678
semantic_kernel_sum_heatn_t=0.3,0.6092592592592593,0.5464065604476295,0.5470248892573732,False,zh,0.4576271186440678
semantic_kernel_prod_heat_t=0.4,0.6133333333333333,0.5568987131987478,0.5574814753889963,False,zh,0.4576271186440678
semantic_kernel_sum_heat_t=0.4,0.6152729384436701,0.5933032962285643,0.5942291074067488,False,zh,0.4576271186440678
semantic_kernel_prod_heatn_t=0.4,0.6303240740740742,0.5621392605873861,0.5627042582102153,False,zh,0.4576271186440678
semantic_kernel_sum_heatn_t=0.4,0.6103240740740741,0.5466028240485531,0.5472204875579547,False,zh,0.4576271186440678
semantic_kernel_prod_heat_t=0.5,0.6068055555555556,0.5518375790072341,0.5524374975845724,False,zh,0.4576271186440678
semantic_kernel_sum_heat_t=0.5,0.6162393162393163,0.5941887917478195,0.5951751266985897,False,zh,0.4576271186440678
semantic_kernel_prod_heatn_t=0.5,0.6308333333333334,0.5623989964832662,0.5629631136454314,False,zh,0.4576271186440678
semantic_kernel_sum_heatn_t=0.5,0.611111111111111,0.5475562400655408,0.5481706716562408,False,zh,0.4576271186440678
semantic_kernel_prod_heat_t=0.6,0.6033796296296297,0.550091072497465,0.5506969114358534,False,zh,0.4576271186440678
semantic_kernel_sum_heat_t=0.6,0.6370384468976018,0.6026131380112126,0.6035939273091139,False,zh,0.4576271186440678
semantic_kernel_prod_heatn_t=0.6,0.6311111111111112,0.5625403945191809,0.5631040323659702,False,zh,0.4576271186440678
semantic_kernel_sum_heatn_t=0.6,0.6124074074074074,0.5491142174343768,0.5497233677458605,False,zh,0.4576271186440678
semantic_kernel_prod_heat_t=0.7,0.6008333333333333,0.5482549318493471,0.5488669949933224,False,zh,0.4576271186440678
semantic_kernel_sum_heat_t=0.7,0.6229685807150597,0.6197300653517521,0.6207690311342003,False,zh,0.4576271186440678
semantic_kernel_prod_heatn_t=0.7,0.6318981481481483,0.5629344124190605,0.5634967146119518,False,zh,0.4576271186440678
semantic_kernel_sum_heatn_t=0.7,0.613287037037037,0.5500536664057917,0.5506596321444908,False,zh,0.4576271186440678
semantic_kernel_prod_matern_kappa=1.0_nu=1.0,0.6384722222222222,0.562970045916851,0.5635322273182244,False,zh,0.4576271186440678
semantic_kernel_sum_matern_kappa=1.0_nu=1.0,0.6257175925925927,0.5620757419382123,0.5626409548784965,False,zh,0.4576271186440678
semantic_kernel_prod_maternn_kappa=1.0_nu=1.0,0.6283796296296297,0.558818811829898,0.5593950652112273,False,zh,0.4576271186440678
semantic_kernel_sum_maternn_kappa=1.0_nu=1.0,0.6100694444444444,0.5436766089032764,0.5443041917860519,False,zh,0.4576271186440678
semantic_kernel_prod_matern_kappa=1.0_nu=2.0,0.6345370370370369,0.5670116662738748,0.5675601472672583,False,zh,0.4576271186440678
semantic_kernel_sum_matern_kappa=1.0_nu=2.0,0.6313605645000995,0.5613748031488481,0.5619535434517423,False,zh,0.4576271186440678
semantic_kernel_prod_maternn_kappa=1.0_nu=2.0,0.6294444444444445,0.5616884471378769,0.562254972941891,False,zh,0.4576271186440678
semantic_kernel_sum_maternn_kappa=1.0_nu=2.0,0.6106712962962962,0.5449334361529283,0.5455567586043492,False,zh,0.4576271186440678
semantic_kernel_prod_matern_kappa=1.0_nu=3.0,0.6289814814814814,0.5669167230146774,0.5674655258496176,False,zh,0.4576271186440678
semantic_kernel_sum_matern_kappa=1.0_nu=3.0,0.6308947462793615,0.5579547976857997,0.5585972792331619,False,zh,0.4576271186440678
semantic_kernel_prod_maternn_kappa=1.0_nu=3.0,0.630138888888889,0.5660636019300167,0.5666152967008371,False,zh,0.4576271186440678
semantic_kernel_sum_maternn_kappa=1.0_nu=3.0,0.6099305555555556,0.5425868163275934,0.5432180934224898,False,zh,0.4576271186440678
semantic_kernel_prod_matern_kappa=2.0_nu=1.0,0.6370370370370371,0.5661240567259843,0.566675546565293,False,zh,0.4576271186440678
semantic_kernel_sum_matern_kappa=2.0_nu=1.0,0.6299440298507464,0.5539453952214313,0.5545370474705509,False,zh,0.4576271186440678
semantic_kernel_prod_maternn_kappa=2.0_nu=1.0,0.6296759259259261,0.5607009099860819,0.5612707833736613,False,zh,0.4576271186440678
semantic_kernel_sum_maternn_kappa=2.0_nu=1.0,0.6133796296296297,0.5423457430877313,0.5429778373800509,False,zh,0.4576271186440678
semantic_kernel_prod_matern_kappa=2.0_nu=2.0,0.6201388888888889,0.5594818783247589,0.5600558840230547,False,zh,0.4576271186440678
semantic_kernel_sum_matern_kappa=2.0_nu=2.0,0.6210756562017499,0.5688087447552971,0.5694615097762759,False,zh,0.4576271186440678
semantic_kernel_prod_maternn_kappa=2.0_nu=2.0,0.6311111111111111,0.5617976297624959,0.5623637854559181,False,zh,0.4576271186440678
semantic_kernel_sum_maternn_kappa=2.0_nu=2.0,0.614537037037037,0.5539848421057072,0.5545774818250846,False,zh,0.4576271186440678
semantic_kernel_prod_matern_kappa=2.0_nu=3.0,0.6105555555555555,0.5557245013941668,0.5563112439634139,False,zh,0.4576271186440678
semantic_kernel_sum_matern_kappa=2.0_nu=3.0,0.6183473389355743,0.5516907434709408,0.5526268494286933,False,zh,0.4576271186440678
semantic_kernel_prod_maternn_kappa=2.0_nu=3.0,0.6323148148148149,0.5625853870675176,0.5631488723971939,False,zh,0.4576271186440678
semantic_kernel_sum_maternn_kappa=2.0_nu=3.0,0.6148611111111111,0.5469430987951158,0.5475596088308002,False,zh,0.4576271186440678
semantic_kernel_prod_matern_kappa=3.0_nu=1.0,0.6362962962962964,0.5702185215969964,0.5707561318943694,False,zh,0.4576271186440678
semantic_kernel_sum_matern_kappa=3.0_nu=1.0,0.6334280303030302,0.564535354741054,0.5650884096811883,False,zh,0.4576271186440678
semantic_kernel_prod_maternn_kappa=3.0_nu=1.0,0.6291666666666665,0.563909747307042,0.5644687432799741,False,zh,0.4576271186440678
semantic_kernel_sum_maternn_kappa=3.0_nu=1.0,0.6090277777777777,0.5511031169310426,0.5517055252103342,False,zh,0.4576271186440678
semantic_kernel_prod_matern_kappa=3.0_nu=2.0,0.615787037037037,0.5615744945675141,0.5621414066514276,False,zh,0.4576271186440678
semantic_kernel_sum_matern_kappa=3.0_nu=2.0,0.6213256907701352,0.5724872181398747,0.5731636369972651,False,zh,0.4576271186440678
semantic_kernel_prod_maternn_kappa=3.0_nu=2.0,0.6279166666666667,0.5645064889643314,0.5650634620841879,False,zh,0.4576271186440678
semantic_kernel_sum_maternn_kappa=3.0_nu=2.0,0.6087037037037039,0.5534612959692929,0.5540557104213361,False,zh,0.4576271186440678
semantic_kernel_prod_matern_kappa=3.0_nu=3.0,0.6068518518518519,0.5561485678875129,0.5567338729432232,False,zh,0.4576271186440678
semantic_kernel_sum_matern_kappa=3.0_nu=3.0,0.6167685962167544,0.5824060556830272,0.5833150615874082,False,zh,0.4576271186440678
semantic_kernel_prod_maternn_kappa=3.0_nu=3.0,0.6300462962962964,0.5671232854059325,0.5676713880293769,False,zh,0.4576271186440678
semantic_kernel_sum_maternn_kappa=3.0_nu=3.0,0.6258826335877862,0.5575117117693135,0.5580875681228653,False,zh,0.4576271186440678
full_klu_heat_t=0.1_alpha_0.0,0.6906944444444444,0.6161675868411319,0.6165494375953045,False,zh,0.4576271186440678
full_klu_heat_t=0.1_alpha_0.1,0.6941666666666667,0.619302654798311,0.6196738782034761,False,zh,0.4576271186440678
full_klu_heat_t=0.1_alpha_0.2,0.6951388888888889,0.6168989382015598,0.6172783097985785,False,zh,0.4576271186440678
full_klu_heat_t=0.1_alpha_0.3,0.6968981481481481,0.6182023581916398,0.6185773114158106,False,zh,0.4576271186440678
full_klu_heat_t=0.1_alpha_0.4,0.6977314814814813,0.618417211465313,0.6187914363733018,False,zh,0.4576271186440678
full_klu_heat_t=0.1_alpha_0.5,0.6998148148148147,0.6195378332116315,0.6199082594018364,False,zh,0.4576271186440678
full_klu_heat_t=0.1_alpha_0.6,0.7007407407407409,0.6196981973694147,0.620068079952305,False,zh,0.4576271186440678
full_klu_heat_t=0.1_alpha_0.7,0.7019907407407406,0.6208265183825836,0.6211925761484801,False,zh,0.4576271186440678
full_klu_heat_t=0.1_alpha_0.8,0.7040740740740741,0.6224320448003078,0.6227926601037712,False,zh,0.4576271186440678
full_klu_heat_t=0.1_alpha_0.9,0.7049074074074074,0.6248880509512642,0.6252403408101481,False,zh,0.4576271186440678
full_klu_heat_t=0.1_alpha_1.0,0.6613425925925926,0.5869361523864699,0.5857221774947261,False,zh,0.4576271186440678
full_klu_heatn_t=0.1_alpha_0.0,0.6906944444444444,0.6161675868411319,0.6165494375953045,False,zh,0.4576271186440678
full_klu_heatn_t=0.1_alpha_0.1,0.69375,0.6160780812051849,0.6164602353682929,False,zh,0.4576271186440678
full_klu_heatn_t=0.1_alpha_0.2,0.6949537037037037,0.617076931083014,0.6174556993143326,False,zh,0.4576271186440678
full_klu_heatn_t=0.1_alpha_0.3,0.6960185185185186,0.6178727922930553,0.6182488626897636,False,zh,0.4576271186440678
full_klu_heatn_t=0.1_alpha_0.4,0.6968518518518519,0.6183534458971311,0.6187278869595884,False,zh,0.4576271186440678
full_klu_heatn_t=0.1_alpha_0.5,0.6974537037037037,0.6187868312688952,0.6191598032283974,False,zh,0.4576271186440678
full_klu_heatn_t=0.1_alpha_0.6,0.6981481481481481,0.619112666901997,0.6194845343339292,False,zh,0.4576271186440678
full_klu_heatn_t=0.1_alpha_0.7,0.6988888888888889,0.619047798354858,0.6194198856801704,False,zh,0.4576271186440678
full_klu_heatn_t=0.1_alpha_0.8,0.6990277777777778,0.6203403443689277,0.620708050182328,False,zh,0.4576271186440678
full_klu_heatn_t=0.1_alpha_0.9,0.6968981481481481,0.6048743692757015,0.603599586869079,False,zh,0.4576271186440678
full_klu_heatn_t=0.1_alpha_1.0,0.34,0.3396408523008635,0.34096008181618953,False,zh,0.4576271186440678
full_klu_heat_t=0.2_alpha_0.0,0.6906944444444444,0.6161675868411319,0.6165494375953045,False,zh,0.4576271186440678
full_klu_heat_t=0.2_alpha_0.1,0.6943518518518519,0.6164082292903098,0.6167892643073665,False,zh,0.4576271186440678
full_klu_heat_t=0.2_alpha_0.2,0.6963425925925926,0.6169711226197697,0.6173502495238452,False,zh,0.4576271186440678
full_klu_heat_t=0.2_alpha_0.3,0.6991203703703703,0.6182012566094834,0.6185762135678311,False,zh,0.4576271186440678
full_klu_heat_t=0.2_alpha_0.4,0.7002314814814815,0.6191386094561028,0.6195103889471737,False,zh,0.4576271186440678
full_klu_heat_t=0.2_alpha_0.5,0.7030555555555555,0.6216229145078103,0.6219862726258245,False,zh,0.4576271186440678
full_klu_heat_t=0.2_alpha_0.6,0.7035185185185185,0.6224847126174922,0.6228451493859822,False,zh,0.4576271186440678
full_klu_heat_t=0.2_alpha_0.7,0.7042592592592594,0.6240908115236656,0.6244458038890837,False,zh,0.4576271186440678
full_klu_heat_t=0.2_alpha_0.8,0.7012962962962962,0.6239108794381185,0.6242664817428096,False,zh,0.4576271186440678
full_klu_heat_t=0.2_alpha_0.9,0.6935185185185185,0.6204607137882734,0.6208280115697439,False,zh,0.4576271186440678
full_klu_heat_t=0.2_alpha_1.0,0.6615972222222222,0.5871303420678261,0.5859157089059759,False,zh,0.4576271186440678
full_klu_heatn_t=0.2_alpha_0.0,0.6906944444444444,0.6161675868411319,0.6165494375953045,False,zh,0.4576271186440678
full_klu_heatn_t=0.2_alpha_0.1,0.6935648148148148,0.615911965685563,0.6162946829521273,False,zh,0.4576271186440678
full_klu_heatn_t=0.2_alpha_0.2,0.6948611111111112,0.6169791907436117,0.6173582902981148,False,zh,0.4576271186440678
full_klu_heatn_t=0.2_alpha_0.3,0.6956018518518519,0.6176592768480927,0.6180360710259706,False,zh,0.4576271186440678
full_klu_heatn_t=0.2_alpha_0.4,0.6961574074074075,0.6181004946286663,0.6184757931530506,False,zh,0.4576271186440678
full_klu_heatn_t=0.2_alpha_0.5,0.6963425925925925,0.6180441842525661,0.6184196736595813,False,zh,0.4576271186440678
full_klu_heatn_t=0.2_alpha_0.6,0.6969444444444444,0.6190057777031406,0.6193780074713402,False,zh,0.4576271186440678
full_klu_heatn_t=0.2_alpha_0.7,0.695925925925926,0.612853207766118,0.6132462937035956,False,zh,0.4576271186440678
full_klu_heatn_t=0.2_alpha_0.8,0.6952777777777777,0.6039894887383646,0.6027177059267839,False,zh,0.4576271186440678
full_klu_heatn_t=0.2_alpha_0.9,0.6907407407407407,0.6010725548957141,0.5998106599954643,False,zh,0.4576271186440678
full_klu_heatn_t=0.2_alpha_1.0,0.3393055555555556,0.33889257840590065,0.34021434444290444,False,zh,0.4576271186440678
full_klu_heat_t=0.3_alpha_0.0,0.6906944444444444,0.6161675868411319,0.6165494375953045,False,zh,0.4576271186440678
full_klu_heat_t=0.3_alpha_0.1,0.6950462962962962,0.6160161602043052,0.616398524269111,False,zh,0.4576271186440678
full_klu_heat_t=0.3_alpha_0.2,0.6980555555555557,0.617226723883578,0.6176049843426915,False,zh,0.4576271186440678
full_klu_heat_t=0.3_alpha_0.3,0.6998148148148147,0.6185539057501762,0.6189276672877079,False,zh,0.4576271186440678
full_klu_heat_t=0.3_alpha_0.4,0.7028240740740741,0.621035794135543,0.6214011424921074,False,zh,0.4576271186440678
full_klu_heat_t=0.3_alpha_0.5,0.7014814814814814,0.6215551900153293,0.6219187777078943,False,zh,0.4576271186440678
full_klu_heat_t=0.3_alpha_0.6,0.7019907407407406,0.6231147954991161,0.6234730963934311,False,zh,0.4576271186440678
full_klu_heat_t=0.3_alpha_0.7,0.7002777777777778,0.6228130219416892,0.6231723457972157,False,zh,0.4576271186440678
full_klu_heat_t=0.3_alpha_0.8,0.6962037037037038,0.6210709437395303,0.6214361729448947,False,zh,0.4576271186440678
full_klu_heat_t=0.3_alpha_0.9,0.6872222222222222,0.618563497802993,0.6189372268250916,False,zh,0.4576271186440678
full_klu_heat_t=0.3_alpha_1.0,0.6625694444444445,0.5917194106079766,0.5904892212815834,False,zh,0.4576271186440678
full_klu_heatn_t=0.3_alpha_0.0,0.6906944444444444,0.6161675868411319,0.6165494375953045,False,zh,0.4576271186440678
full_klu_heatn_t=0.3_alpha_0.1,0.6934259259259258,0.6158335632499403,0.6162165462874728,False,zh,0.4576271186440678
full_klu_heatn_t=0.3_alpha_0.2,0.6947685185185186,0.6170027841812213,0.6173818037579698,False,zh,0.4576271186440678
full_klu_heatn_t=0.3_alpha_0.3,0.6953703703703704,0.6175980541493167,0.6179750558617666,False,zh,0.4576271186440678
full_klu_heatn_t=0.3_alpha_0.4,0.6950925925925925,0.6180817192323993,0.6184570814021947,False,zh,0.4576271186440678
full_klu_heatn_t=0.3_alpha_0.5,0.6950925925925926,0.6180545930304404,0.6184300471534628,False,zh,0.4576271186440678
full_klu_heatn_t=0.3_alpha_0.6,0.6945370370370371,0.6104748360533543,0.6108759842678245,False,zh,0.4576271186440678
full_klu_heatn_t=0.3_alpha_0.7,0.6933333333333334,0.6030008478186899,0.6017324163322607,False,zh,0.4576271186440678
full_klu_heatn_t=0.3_alpha_0.8,0.6920833333333333,0.6016692978585562,0.6004053801008054,False,zh,0.4576271186440678
full_klu_heatn_t=0.3_alpha_0.9,0.6836111111111111,0.5904457671387011,0.5892198952477972,False,zh,0.4576271186440678
full_klu_heatn_t=0.3_alpha_1.0,0.3402546296296296,0.3398475669947765,0.34116609578232654,False,zh,0.4576271186440678
full_klu_heat_t=0.4_alpha_0.0,0.6906944444444444,0.6161675868411319,0.6165494375953045,False,zh,0.4576271186440678
full_klu_heat_t=0.4_alpha_0.1,0.6949537037037038,0.6158690253739172,0.61625188820086,False,zh,0.4576271186440678
full_klu_heat_t=0.4_alpha_0.2,0.6982407407407407,0.617442947250677,0.617820474749224,False,zh,0.4576271186440678
full_klu_heat_t=0.4_alpha_0.3,0.7004166666666666,0.6191597870113701,0.6195314947141182,False,zh,0.4576271186440678
full_klu_heat_t=0.4_alpha_0.4,0.7012962962962962,0.6201264950987344,0.6204949258249151,False,zh,0.4576271186440678
full_klu_heat_t=0.4_alpha_0.5,0.701111111111111,0.621663020069518,0.6220262422364757,False,zh,0.4576271186440678
full_klu_heat_t=0.4_alpha_0.6,0.6998148148148149,0.6219703002854148,0.6223324808245219,False,zh,0.4576271186440678
full_klu_heat_t=0.4_alpha_0.7,0.6992129629629629,0.6201526252117553,0.6205209673612816,False,zh,0.4576271186440678
full_klu_heat_t=0.4_alpha_0.8,0.6936111111111112,0.6197342382811073,0.6201039986914156,False,zh,0.4576271186440678
full_klu_heat_t=0.4_alpha_0.9,0.6840277777777778,0.6167295024110583,0.6171094483666887,False,zh,0.4576271186440678
full_klu_heat_t=0.4_alpha_1.0,0.6576851851851853,0.5892352838910431,0.5880135153331819,False,zh,0.4576271186440678
full_klu_heatn_t=0.4_alpha_0.0,0.6906944444444444,0.6161675868411319,0.6165494375953045,False,zh,0.4576271186440678
full_klu_heatn_t=0.4_alpha_0.1,0.6934259259259259,0.6158267930242582,0.6162097990117082,False,zh,0.4576271186440678
full_klu_heatn_t=0.4_alpha_0.2,0.6945370370370371,0.6168672623613459,0.6172467413340941,False,zh,0.4576271186440678
full_klu_heatn_t=0.4_alpha_0.3,0.6947685185185185,0.6170440789528687,0.6174229585473405,False,zh,0.4576271186440678
full_klu_heatn_t=0.4_alpha_0.4,0.6946759259259259,0.6178543878847668,0.6182305206692998,False,zh,0.4576271186440678
full_klu_heatn_t=0.4_alpha_0.5,0.693287037037037,0.6097505064581701,0.6101541100271999,False,zh,0.4576271186440678
full_klu_heatn_t=0.4_alpha_0.6,0.6927777777777776,0.6009732330824962,0.5997116748663591,False,zh,0.4576271186440678
full_klu_heatn_t=0.4_alpha_0.7,0.6918518518518517,0.6019017002875944,0.6006369947249993,False,zh,0.4576271186440678
full_klu_heatn_t=0.4_alpha_0.8,0.6893055555555555,0.5999791366428917,0.5987209482451938,False,zh,0.4576271186440678
full_klu_heatn_t=0.4_alpha_0.9,0.6767129629629629,0.5817434357771515,0.5805470633145916,False,zh,0.4576271186440678
full_klu_heatn_t=0.4_alpha_1.0,0.33988425925925925,0.34051012893965066,0.3418264117545062,False,zh,0.4576271186440678
full_klu_heat_t=0.5_alpha_0.0,0.6906944444444444,0.6161675868411319,0.6165494375953045,False,zh,0.4576271186440678
full_klu_heat_t=0.5_alpha_0.1,0.6941666666666666,0.6156707067713741,0.6160542418647662,False,zh,0.4576271186440678
full_klu_heat_t=0.5_alpha_0.2,0.6976388888888888,0.6170289927184981,0.6174079234527474,False,zh,0.4576271186440678
full_klu_heat_t=0.5_alpha_0.3,0.6992592592592594,0.6182271967883002,0.6186020658138381,False,zh,0.4576271186440678
full_klu_heat_t=0.5_alpha_0.4,0.7007407407407407,0.6206762330493176,0.6210428002570219,False,zh,0.4576271186440678
full_klu_heat_t=0.5_alpha_0.5,0.700787037037037,0.6212591957368208,0.6216237867998216,False,zh,0.4576271186440678
full_klu_heat_t=0.5_alpha_0.6,0.6991203703703703,0.6205760115126484,0.6209429184543751,False,zh,0.4576271186440678
full_klu_heat_t=0.5_alpha_0.7,0.6975925925925927,0.6190891139013808,0.6194610611739931,False,zh,0.4576271186440678
full_klu_heat_t=0.5_alpha_0.8,0.6933796296296296,0.6176629060550001,0.6180396879304816,False,zh,0.4576271186440678
full_klu_heat_t=0.5_alpha_0.9,0.6829166666666666,0.6157491409154097,0.6161324101303474,False,zh,0.4576271186440678
full_klu_heat_t=0.5_alpha_1.0,0.6561805555555555,0.5877260844618292,0.5865094318342365,False,zh,0.4576271186440678
full_klu_heatn_t=0.5_alpha_0.0,0.6906944444444444,0.6161675868411319,0.6165494375953045,False,zh,0.4576271186440678
full_klu_heatn_t=0.5_alpha_0.1,0.6933796296296296,0.6158679928313062,0.6162508591583935,False,zh,0.4576271186440678
full_klu_heatn_t=0.5_alpha_0.2,0.6943981481481482,0.616833052568659,0.617212647506806,False,zh,0.4576271186440678
full_klu_heatn_t=0.5_alpha_0.3,0.6940740740740742,0.6172417604474517,0.6176199699351622,False,zh,0.4576271186440678
full_klu_heatn_t=0.5_alpha_0.4,0.693287037037037,0.6168149230125168,0.6171945794067863,False,zh,0.4576271186440678
full_klu_heatn_t=0.5_alpha_0.5,0.6921759259259259,0.603862875727559,0.6042864373668624,False,zh,0.4576271186440678
full_klu_heatn_t=0.5_alpha_0.6,0.6912037037037037,0.6003039949406084,0.5990447053283422,False,zh,0.4576271186440678
full_klu_heatn_t=0.5_alpha_0.7,0.6906018518518517,0.6006678529081606,0.599407329879055,False,zh,0.4576271186440678
full_klu_heatn_t=0.5_alpha_0.8,0.6859722222222221,0.5972020444820383,0.5959532699560722,False,zh,0.4576271186440678
full_klu_heatn_t=0.5_alpha_0.9,0.6693981481481481,0.5687487339365871,0.5675964113107751,False,zh,0.4576271186440678
full_klu_heatn_t=0.5_alpha_1.0,0.3392824074074074,0.33962906277234134,0.3409483322521708,False,zh,0.4576271186440678
full_klu_heat_t=0.6_alpha_0.0,0.6906944444444444,0.6161675868411319,0.6165494375953045,False,zh,0.4576271186440678
full_klu_heat_t=0.6_alpha_0.1,0.6936574074074074,0.6155142755685692,0.6158983409372251,False,zh,0.4576271186440678
full_klu_heat_t=0.6_alpha_0.2,0.6955555555555555,0.6160632783912474,0.6164454827333857,False,zh,0.4576271186440678
full_klu_heat_t=0.6_alpha_0.3,0.6972685185185185,0.6169346592751388,0.6173139097837724,False,zh,0.4576271186440678
full_klu_heat_t=0.6_alpha_0.4,0.6992592592592591,0.6196759509013385,0.620045908895985,False,zh,0.4576271186440678
full_klu_heat_t=0.6_alpha_0.5,0.6995833333333332,0.6211565311247849,0.6215214702034195,False,zh,0.4576271186440678
full_klu_heat_t=0.6_alpha_0.6,0.6995833333333332,0.6207415108859464,0.6211078568128485,False,zh,0.4576271186440678
full_klu_heat_t=0.6_alpha_0.7,0.6964814814814815,0.6174470514454766,0.6178245650314989,False,zh,0.4576271186440678
full_klu_heat_t=0.6_alpha_0.8,0.6940740740740742,0.6173889301793335,0.6177666407865969,False,zh,0.4576271186440678
full_klu_heat_t=0.6_alpha_0.9,0.6842592592592593,0.6155803449565264,0.6159641863611552,False,zh,0.4576271186440678
full_klu_heat_t=0.6_alpha_1.0,0.6540972222222222,0.5885591257649636,0.5873396492685468,False,zh,0.4576271186440678
full_klu_heatn_t=0.6_alpha_0.0,0.6906944444444444,0.6161675868411319,0.6165494375953045,False,zh,0.4576271186440678
full_klu_heatn_t=0.6_alpha_0.1,0.6933796296296297,0.6158367530042638,0.6162197252290699,False,zh,0.4576271186440678
full_klu_heatn_t=0.6_alpha_0.2,0.6939814814814815,0.6164465530169836,0.6168274581231025,False,zh,0.4576271186440678
full_klu_heatn_t=0.6_alpha_0.3,0.6933333333333334,0.61671429261447,0.6170942901287328,False,zh,0.4576271186440678
full_klu_heatn_t=0.6_alpha_0.4,0.6926851851851852,0.6164941802670687,0.6168749239248821,False,zh,0.4576271186440678
full_klu_heatn_t=0.6_alpha_0.5,0.6916666666666667,0.6020564273486873,0.60079119728758,False,zh,0.4576271186440678
full_klu_heatn_t=0.6_alpha_0.6,0.6900925925925926,0.5992913896248186,0.5980355325729448,False,zh,0.4576271186440678
full_klu_heatn_t=0.6_alpha_0.7,0.688425925925926,0.599494665363559,0.5982381192413844,False,zh,0.4576271186440678
full_klu_heatn_t=0.6_alpha_0.8,0.6828240740740741,0.5942802525592518,0.593041382412685,False,zh,0.4576271186440678
full_klu_heatn_t=0.6_alpha_0.9,0.6643518518518519,0.5673248320947102,0.5661773362548028,False,zh,0.4576271186440678
full_klu_heatn_t=0.6_alpha_1.0,0.33914351851851854,0.33960959516300915,0.3409289306347346,False,zh,0.4576271186440678
full_klu_heat_t=0.7_alpha_0.0,0.6906944444444444,0.6161675868411319,0.6165494375953045,False,zh,0.4576271186440678
full_klu_heat_t=0.7_alpha_0.1,0.6925925925925925,0.6151528024049424,0.6155380931063563,False,zh,0.4576271186440678
full_klu_heat_t=0.7_alpha_0.2,0.6936111111111111,0.6151039528079121,0.6154894091011803,False,zh,0.4576271186440678
full_klu_heat_t=0.7_alpha_0.3,0.6953703703703702,0.6161352133864688,0.6165171738811656,False,zh,0.4576271186440678
full_klu_heat_t=0.7_alpha_0.4,0.6970833333333333,0.6177274994563753,0.618104062371174,False,zh,0.4576271186440678
full_klu_heat_t=0.7_alpha_0.5,0.6983333333333334,0.619904905096132,0.620274086974864,False,zh,0.4576271186440678
full_klu_heat_t=0.7_alpha_0.6,0.6994444444444444,0.6215915556863192,0.6219550201054234,False,zh,0.4576271186440678
full_klu_heat_t=0.7_alpha_0.7,0.6975925925925925,0.618200288905242,0.618575249143943,False,zh,0.4576271186440678
full_klu_heat_t=0.7_alpha_0.8,0.6944444444444444,0.6163998869472258,0.6167809502434115,False,zh,0.4576271186440678
full_klu_heat_t=0.7_alpha_0.9,0.6866666666666666,0.6145936425904477,0.61498082874886,False,zh,0.4576271186440678
full_klu_heat_t=0.7_alpha_1.0,0.6521527777777778,0.5805055910234111,0.5793134146447625,False,zh,0.4576271186440678
full_klu_heatn_t=0.7_alpha_0.0,0.6906944444444444,0.6161675868411319,0.6165494375953045,False,zh,0.4576271186440678
full_klu_heatn_t=0.7_alpha_0.1,0.6929629629629629,0.6156035437849452,0.6159873065494776,False,zh,0.4576271186440678
full_klu_heatn_t=0.7_alpha_0.2,0.6934722222222222,0.6160919072058747,0.6164740145011837,False,zh,0.4576271186440678
full_klu_heatn_t=0.7_alpha_0.3,0.6927777777777777,0.6156912364080176,0.616074701909421,False,zh,0.4576271186440678
full_klu_heatn_t=0.7_alpha_0.4,0.6925462962962963,0.6164653411788119,0.6168461825962466,False,zh,0.4576271186440678
full_klu_heatn_t=0.7_alpha_0.5,0.6906481481481482,0.60158892480081,0.6003252794941023,False,zh,0.4576271186440678
full_klu_heatn_t=0.7_alpha_0.6,0.689537037037037,0.5986046298755111,0.5973511008227874,False,zh,0.4576271186440678
full_klu_heatn_t=0.7_alpha_0.7,0.6862962962962962,0.5975563850171703,0.5963064093368478,False,zh,0.4576271186440678
full_klu_heatn_t=0.7_alpha_0.8,0.6799074074074073,0.5907539026219997,0.5895269862040338,False,zh,0.4576271186440678
full_klu_heatn_t=0.7_alpha_0.9,0.6590740740740741,0.5554936012501763,0.5543862112775387,False,zh,0.4576271186440678
full_klu_heatn_t=0.7_alpha_1.0,0.340162037037037,0.3405688749283127,0.34188495860422363,False,zh,0.4576271186440678
full_klu_matern_kappa=1.0_nu=1.0_alpha_0.0,0.6906944444444444,0.6161675868411319,0.6165494375953045,False,zh,0.4576271186440678
full_klu_matern_kappa=1.0_nu=1.0_alpha_0.1,0.6937037037037037,0.6188498623306158,0.6192226206255019,False,zh,0.4576271186440678
full_klu_matern_kappa=1.0_nu=1.0_alpha_0.2,0.6943055555555555,0.6164404719841552,0.6168213977039446,False,zh,0.4576271186440678
full_klu_matern_kappa=1.0_nu=1.0_alpha_0.3,0.6951388888888889,0.6165485244435054,0.6169290838837715,False,zh,0.4576271186440678
full_klu_matern_kappa=1.0_nu=1.0_alpha_0.4,0.6969444444444445,0.6171667375464889,0.6175452013491178,False,zh,0.4576271186440678
full_klu_matern_kappa=1.0_nu=1.0_alpha_0.5,0.6986111111111111,0.6176935654761204,0.6180702434213609,False,zh,0.4576271186440678
full_klu_matern_kappa=1.0_nu=1.0_alpha_0.6,0.6995370370370371,0.6189141375212523,0.6192866779341363,False,zh,0.4576271186440678
full_klu_matern_kappa=1.0_nu=1.0_alpha_0.7,0.7012499999999999,0.6210155358703364,0.6213809528989862,False,zh,0.4576271186440678
full_klu_matern_kappa=1.0_nu=1.0_alpha_0.8,0.7015277777777778,0.6216128245399092,0.6219762168612045,False,zh,0.4576271186440678
full_klu_matern_kappa=1.0_nu=1.0_alpha_0.9,0.6984259259259259,0.6224632723215117,0.622823781768971,False,zh,0.4576271186440678
full_klu_matern_kappa=1.0_nu=1.0_alpha_1.0,0.6569212962962964,0.5890021805885288,0.5877812022113542,False,zh,0.4576271186440678
full_klu_maternn_kappa=1.0_nu=1.0_alpha_0.0,0.6906944444444444,0.6161675868411319,0.6165494375953045,False,zh,0.4576271186440678
full_klu_maternn_kappa=1.0_nu=1.0_alpha_0.1,0.6934259259259258,0.6158299507860368,0.6162129460692095,False,zh,0.4576271186440678
full_klu_maternn_kappa=1.0_nu=1.0_alpha_0.2,0.6946296296296296,0.6168970652188253,0.6172764431649379,False,zh,0.4576271186440678
full_klu_maternn_kappa=1.0_nu=1.0_alpha_0.3,0.6949074074074074,0.6171834158923564,0.6175618231582197,False,zh,0.4576271186440678
full_klu_maternn_kappa=1.0_nu=1.0_alpha_0.4,0.6950000000000001,0.617379083672791,0.6177568276580426,False,zh,0.4576271186440678
full_klu_maternn_kappa=1.0_nu=1.0_alpha_0.5,0.6939351851851852,0.6165652086587938,0.6169457115423979,False,zh,0.4576271186440678
full_klu_maternn_kappa=1.0_nu=1.0_alpha_0.6,0.6939351851851852,0.6165902926200983,0.6169707104733253,False,zh,0.4576271186440678
full_klu_maternn_kappa=1.0_nu=1.0_alpha_0.7,0.6935648148148148,0.6174846100403768,0.6178619963091282,False,zh,0.4576271186440678
full_klu_maternn_kappa=1.0_nu=1.0_alpha_0.8,0.6908796296296296,0.6006639186316755,0.5994034089391005,False,zh,0.4576271186440678
full_klu_maternn_kappa=1.0_nu=1.0_alpha_0.9,0.6818055555555556,0.5917470034488437,0.5905167205873968,False,zh,0.4576271186440678
full_klu_maternn_kappa=1.0_nu=1.0_alpha_1.0,0.3394675925925926,0.33574157921020326,0.3353791113461756,False,zh,0.4576271186440678
full_klu_matern_kappa=1.0_nu=2.0_alpha_0.0,0.6906944444444444,0.6161675868411319,0.6165494375953045,False,zh,0.4576271186440678
full_klu_matern_kappa=1.0_nu=2.0_alpha_0.1,0.6938888888888888,0.6160098880082492,0.6163922733347366,False,zh,0.4576271186440678
full_klu_matern_kappa=1.0_nu=2.0_alpha_0.2,0.6955555555555556,0.6163944786598159,0.6167755602891793,False,zh,0.4576271186440678
full_klu_matern_kappa=1.0_nu=2.0_alpha_0.3,0.6969907407407407,0.6167821502980775,0.6171619177862943,False,zh,0.4576271186440678
full_klu_matern_kappa=1.0_nu=2.0_alpha_0.4,0.69875,0.6179208767427404,0.6182967841413143,False,zh,0.4576271186440678
full_klu_matern_kappa=1.0_nu=2.0_alpha_0.5,0.7012037037037037,0.6194699444826453,0.6198406008041347,False,zh,0.4576271186440678
full_klu_matern_kappa=1.0_nu=2.0_alpha_0.6,0.7018055555555555,0.621464037796541,0.6218279344796783,False,zh,0.4576271186440678
full_klu_matern_kappa=1.0_nu=2.0_alpha_0.7,0.7019907407407406,0.6221533670657409,0.622514927039491,False,zh,0.4576271186440678
full_klu_matern_kappa=1.0_nu=2.0_alpha_0.8,0.6995833333333332,0.6225665407728358,0.6229267001577482,False,zh,0.4576271186440678
full_klu_matern_kappa=1.0_nu=2.0_alpha_0.9,0.6917592592592593,0.6193942098439338,0.6197651228930121,False,zh,0.4576271186440678
full_klu_matern_kappa=1.0_nu=2.0_alpha_1.0,0.6568981481481482,0.5888694926983448,0.5876489641106285,False,zh,0.4576271186440678
full_klu_maternn_kappa=1.0_nu=2.0_alpha_0.0,0.6906944444444444,0.6161675868411319,0.6165494375953045,False,zh,0.4576271186440678
full_klu_maternn_kappa=1.0_nu=2.0_alpha_0.1,0.6934259259259259,0.6158925011256806,0.6162752843738039,False,zh,0.4576271186440678
full_klu_maternn_kappa=1.0_nu=2.0_alpha_0.2,0.6945833333333333,0.6168916219043179,0.617271018302344,False,zh,0.4576271186440678
full_klu_maternn_kappa=1.0_nu=2.0_alpha_0.3,0.6945833333333333,0.6168976219713274,0.6172769980301434,False,zh,0.4576271186440678
full_klu_maternn_kappa=1.0_nu=2.0_alpha_0.4,0.6941666666666666,0.6167514561686216,0.617131327704735,False,zh,0.4576271186440678
full_klu_maternn_kappa=1.0_nu=2.0_alpha_0.5,0.6936111111111111,0.6163496596105202,0.6167308931688642,False,zh,0.4576271186440678
full_klu_maternn_kappa=1.0_nu=2.0_alpha_0.6,0.6935185185185185,0.6171008464043792,0.6174795335668121,False,zh,0.4576271186440678
full_klu_maternn_kappa=1.0_nu=2.0_alpha_0.7,0.691712962962963,0.6033553555087305,0.6020857223013181,False,zh,0.4576271186440678
full_klu_maternn_kappa=1.0_nu=2.0_alpha_0.8,0.6893981481481481,0.5998497702987273,0.5985920204310098,False,zh,0.4576271186440678
full_klu_maternn_kappa=1.0_nu=2.0_alpha_0.9,0.6777777777777777,0.5830961737787623,0.5818952157636548,False,zh,0.4576271186440678
full_klu_maternn_kappa=1.0_nu=2.0_alpha_1.0,0.3396527777777778,0.3401078628258457,0.3414255092546463,False,zh,0.4576271186440678
full_klu_matern_kappa=1.0_nu=3.0_alpha_0.0,0.6906944444444444,0.6161675868411319,0.6165494375953045,False,zh,0.4576271186440678
full_klu_matern_kappa=1.0_nu=3.0_alpha_0.1,0.6940277777777779,0.6160049925318101,0.6163873944531327,False,zh,0.4576271186440678
full_klu_matern_kappa=1.0_nu=3.0_alpha_0.2,0.6959722222222222,0.6162734151193874,0.6166549071336336,False,zh,0.4576271186440678
full_klu_matern_kappa=1.0_nu=3.0_alpha_0.3,0.6976851851851852,0.6172129849227566,0.6175912919546186,False,zh,0.4576271186440678
full_klu_matern_kappa=1.0_nu=3.0_alpha_0.4,0.7002314814814814,0.6186842658664738,0.6190575855053062,False,zh,0.4576271186440678
full_klu_matern_kappa=1.0_nu=3.0_alpha_0.5,0.7016666666666667,0.6205043982179521,0.6208715479166099,False,zh,0.4576271186440678
full_klu_matern_kappa=1.0_nu=3.0_alpha_0.6,0.7016203703703703,0.6213257245759918,0.6216900901175038,False,zh,0.4576271186440678
full_klu_matern_kappa=1.0_nu=3.0_alpha_0.7,0.7006944444444444,0.6226189434225788,0.6229789251713905,False,zh,0.4576271186440678
full_klu_matern_kappa=1.0_nu=3.0_alpha_0.8,0.6981018518518519,0.6199232416777877,0.6202923613986157,False,zh,0.4576271186440678
full_klu_matern_kappa=1.0_nu=3.0_alpha_0.9,0.6885185185185184,0.6188341205102798,0.6192069321672689,False,zh,0.4576271186440678
full_klu_matern_kappa=1.0_nu=3.0_alpha_1.0,0.6566435185185184,0.5886325681365263,0.5874128426829179,False,zh,0.4576271186440678
full_klu_maternn_kappa=1.0_nu=3.0_alpha_0.0,0.6906944444444444,0.6161675868411319,0.6165494375953045,False,zh,0.4576271186440678
full_klu_maternn_kappa=1.0_nu=3.0_alpha_0.1,0.6933333333333334,0.6158486982386722,0.6162316299711581,False,zh,0.4576271186440678
full_klu_maternn_kappa=1.0_nu=3.0_alpha_0.2,0.6943981481481482,0.6168376684877622,0.6172172477787259,False,zh,0.4576271186440678
full_klu_maternn_kappa=1.0_nu=3.0_alpha_0.3,0.6944907407407407,0.6168209666564493,0.6172006025637902,False,zh,0.4576271186440678
full_klu_maternn_kappa=1.0_nu=3.0_alpha_0.4,0.6938425925925925,0.6164971185342004,0.6168778522317863,False,zh,0.4576271186440678
full_klu_maternn_kappa=1.0_nu=3.0_alpha_0.5,0.693287037037037,0.616869958923216,0.6172494287550765,False,zh,0.4576271186440678
full_klu_maternn_kappa=1.0_nu=3.0_alpha_0.6,0.6930555555555555,0.6099266366457313,0.6103296431632781,False,zh,0.4576271186440678
full_klu_maternn_kappa=1.0_nu=3.0_alpha_0.7,0.6910648148148149,0.6011181457101032,0.59985609626472,False,zh,0.4576271186440678
full_klu_maternn_kappa=1.0_nu=3.0_alpha_0.8,0.6884722222222223,0.5990227954474325,0.5977678488842956,False,zh,0.4576271186440678
full_klu_maternn_kappa=1.0_nu=3.0_alpha_0.9,0.6745833333333333,0.5745031286713809,0.573331299622739,False,zh,0.4576271186440678
full_klu_maternn_kappa=1.0_nu=3.0_alpha_1.0,0.3393981481481481,0.3395685708726581,0.34088804540977474,False,zh,0.4576271186440678
full_klu_matern_kappa=2.0_nu=1.0_alpha_0.0,0.6906944444444444,0.6161675868411319,0.6165494375953045,False,zh,0.4576271186440678
full_klu_matern_kappa=2.0_nu=1.0_alpha_0.1,0.6928703703703704,0.6153840340449375,0.6157685409102835,False,zh,0.4576271186440678
full_klu_matern_kappa=2.0_nu=1.0_alpha_0.2,0.6941203703703704,0.6158029018776752,0.6161859888520628,False,zh,0.4576271186440678
full_klu_matern_kappa=2.0_nu=1.0_alpha_0.3,0.6946296296296296,0.6156471308045045,0.6160307458164284,False,zh,0.4576271186440678
full_klu_matern_kappa=2.0_nu=1.0_alpha_0.4,0.6956481481481482,0.615939326753796,0.6163219512709766,False,zh,0.4576271186440678
full_klu_matern_kappa=2.0_nu=1.0_alpha_0.5,0.6985648148148147,0.6175628590897667,0.6179399801075032,False,zh,0.4576271186440678
full_klu_matern_kappa=2.0_nu=1.0_alpha_0.6,0.6981944444444445,0.61897376305211,0.6193461013445505,False,zh,0.4576271186440678
full_klu_matern_kappa=2.0_nu=1.0_alpha_0.7,0.6991666666666666,0.6210045097290193,0.6213699641344194,False,zh,0.4576271186440678
full_klu_matern_kappa=2.0_nu=1.0_alpha_0.8,0.6977314814814815,0.6201940050560253,0.6205622069348931,False,zh,0.4576271186440678
full_klu_matern_kappa=2.0_nu=1.0_alpha_0.9,0.6933333333333332,0.6182008769516534,0.6185758351969768,False,zh,0.4576271186440678
full_klu_matern_kappa=2.0_nu=1.0_alpha_1.0,0.6536111111111111,0.5880956110666999,0.5868777058065484,False,zh,0.4576271186440678
full_klu_maternn_kappa=2.0_nu=1.0_alpha_0.0,0.6906944444444444,0.6161675868411319,0.6165494375953045,False,zh,0.4576271186440678
full_klu_maternn_kappa=2.0_nu=1.0_alpha_0.1,0.6925462962962963,0.615330236345892,0.6157149255763196,False,zh,0.4576271186440678
full_klu_maternn_kappa=2.0_nu=1.0_alpha_0.2,0.6931018518518518,0.6156146951002885,0.615998420063752,False,zh,0.4576271186440678
full_klu_maternn_kappa=2.0_nu=1.0_alpha_0.3,0.6926388888888888,0.6154847547644466,0.6158689202036249,False,zh,0.4576271186440678
full_klu_maternn_kappa=2.0_nu=1.0_alpha_0.4,0.6923148148148148,0.6155845703315364,0.61596839741286,False,zh,0.4576271186440678
full_klu_maternn_kappa=2.0_nu=1.0_alpha_0.5,0.6907407407407407,0.6141729276531536,0.6145615399638954,False,zh,0.4576271186440678
full_klu_maternn_kappa=2.0_nu=1.0_alpha_0.6,0.6905092592592592,0.6136316578839337,0.6140221050074527,False,zh,0.4576271186440678
full_klu_maternn_kappa=2.0_nu=1.0_alpha_0.7,0.6879629629629629,0.6104859588318892,0.6108870693420253,False,zh,0.4576271186440678
full_klu_maternn_kappa=2.0_nu=1.0_alpha_0.8,0.6837962962962962,0.5975760439068318,0.5963260015862054,False,zh,0.4576271186440678
full_klu_maternn_kappa=2.0_nu=1.0_alpha_0.9,0.6739351851851851,0.5874670086813071,0.5862512342766993,False,zh,0.4576271186440678
full_klu_maternn_kappa=2.0_nu=1.0_alpha_1.0,0.33754629629629634,0.33731725957457914,0.3369494504211808,False,zh,0.4576271186440678
full_klu_matern_kappa=2.0_nu=2.0_alpha_0.0,0.6906944444444444,0.6161675868411319,0.6165494375953045,False,zh,0.4576271186440678
full_klu_matern_kappa=2.0_nu=2.0_alpha_0.1,0.6918981481481482,0.614944058872479,0.6153300571790877,False,zh,0.4576271186440678
full_klu_matern_kappa=2.0_nu=2.0_alpha_0.2,0.6927777777777777,0.6149407231738668,0.6153267327879283,False,zh,0.4576271186440678
full_klu_matern_kappa=2.0_nu=2.0_alpha_0.3,0.693287037037037,0.6151016682242576,0.6154871322618771,False,zh,0.4576271186440678
full_klu_matern_kappa=2.0_nu=2.0_alpha_0.4,0.6955092592592593,0.6158884364054331,0.6162712334322691,False,zh,0.4576271186440678
full_klu_matern_kappa=2.0_nu=2.0_alpha_0.5,0.6972222222222222,0.6174766261996845,0.6178540395323026,False,zh,0.4576271186440678
full_klu_matern_kappa=2.0_nu=2.0_alpha_0.6,0.6984722222222222,0.6202524546652991,0.6206204584098982,False,zh,0.4576271186440678
full_klu_matern_kappa=2.0_nu=2.0_alpha_0.7,0.6981944444444443,0.6211762354683092,0.6215411077525592,False,zh,0.4576271186440678
full_klu_matern_kappa=2.0_nu=2.0_alpha_0.8,0.6964351851851852,0.620305694962506,0.6206735182315213,False,zh,0.4576271186440678
full_klu_matern_kappa=2.0_nu=2.0_alpha_0.9,0.6928240740740741,0.6176016458126504,0.6179786353499704,False,zh,0.4576271186440678
full_klu_matern_kappa=2.0_nu=2.0_alpha_1.0,0.6503935185185186,0.5794556053076485,0.5782669882026125,False,zh,0.4576271186440678
full_klu_maternn_kappa=2.0_nu=2.0_alpha_0.0,0.6906944444444444,0.6161675868411319,0.6165494375953045,False,zh,0.4576271186440678
full_klu_maternn_kappa=2.0_nu=2.0_alpha_0.1,0.6919907407407406,0.6148700626945351,0.6152563118356453,False,zh,0.4576271186440678
full_klu_maternn_kappa=2.0_nu=2.0_alpha_0.2,0.6917592592592592,0.6144313563757586,0.6148190926569326,False,zh,0.4576271186440678
full_klu_maternn_kappa=2.0_nu=2.0_alpha_0.3,0.692037037037037,0.6151611516426443,0.6155464140415574,False,zh,0.4576271186440678
full_klu_maternn_kappa=2.0_nu=2.0_alpha_0.4,0.6908333333333333,0.6142458526375986,0.6146342177450034,False,zh,0.4576271186440678
full_klu_maternn_kappa=2.0_nu=2.0_alpha_0.5,0.6898148148148148,0.6131439559573116,0.6135360563077006,False,zh,0.4576271186440678
full_klu_maternn_kappa=2.0_nu=2.0_alpha_0.6,0.6881481481481481,0.6113368260478086,0.6117350522622974,False,zh,0.4576271186440678
full_klu_maternn_kappa=2.0_nu=2.0_alpha_0.7,0.6847685185185186,0.6069602405398016,0.6073733026373684,False,zh,0.4576271186440678
full_klu_maternn_kappa=2.0_nu=2.0_alpha_0.8,0.679537037037037,0.5939371644694628,0.5926994573333698,False,zh,0.4576271186440678
full_klu_maternn_kappa=2.0_nu=2.0_alpha_0.9,0.6680092592592592,0.5755394442796845,0.5743641022967773,False,zh,0.4576271186440678
full_klu_maternn_kappa=2.0_nu=2.0_alpha_1.0,0.3389814814814815,0.3382801834977057,0.3379091101954153,False,zh,0.4576271186440678
full_klu_matern_kappa=2.0_nu=3.0_alpha_0.0,0.6906944444444444,0.6161675868411319,0.6165494375953045,False,zh,0.4576271186440678
full_klu_matern_kappa=2.0_nu=3.0_alpha_0.1,0.6915277777777776,0.6148209081633196,0.6152073239299592,False,zh,0.4576271186440678
full_klu_matern_kappa=2.0_nu=3.0_alpha_0.2,0.691712962962963,0.6146921333374398,0.6150789856289129,False,zh,0.4576271186440678
full_klu_matern_kappa=2.0_nu=3.0_alpha_0.3,0.6924999999999999,0.6149295650575075,0.6153156124956924,False,zh,0.4576271186440678
full_klu_matern_kappa=2.0_nu=3.0_alpha_0.4,0.6939814814814813,0.6155679969932122,0.6159518802553438,False,zh,0.4576271186440678
full_klu_matern_kappa=2.0_nu=3.0_alpha_0.5,0.6950462962962964,0.6157541591060796,0.6161374113102016,False,zh,0.4576271186440678
full_klu_matern_kappa=2.0_nu=3.0_alpha_0.6,0.6958333333333333,0.6177482701126269,0.6181247626184214,False,zh,0.4576271186440678
full_klu_matern_kappa=2.0_nu=3.0_alpha_0.7,0.6977777777777776,0.6209104512849837,0.6212762245325669,False,zh,0.4576271186440678
full_klu_matern_kappa=2.0_nu=3.0_alpha_0.8,0.6975,0.6211047345646727,0.6214698492248671,False,zh,0.4576271186440678
full_klu_matern_kappa=2.0_nu=3.0_alpha_0.9,0.6925925925925925,0.616229677688846,0.6166113179655687,False,zh,0.4576271186440678
full_klu_matern_kappa=2.0_nu=3.0_alpha_1.0,0.6480787037037037,0.5779221598271513,0.5767387408423883,False,zh,0.4576271186440678
full_klu_maternn_kappa=2.0_nu=3.0_alpha_0.0,0.6906944444444444,0.6161675868411319,0.6165494375953045,False,zh,0.4576271186440678
full_klu_maternn_kappa=2.0_nu=3.0_alpha_0.1,0.6917592592592593,0.614685901477819,0.6150727748942401,False,zh,0.4576271186440678
full_klu_maternn_kappa=2.0_nu=3.0_alpha_0.2,0.6912499999999999,0.6142196011989615,0.6146080552942937,False,zh,0.4576271186440678
full_klu_maternn_kappa=2.0_nu=3.0_alpha_0.3,0.6915740740740741,0.6149378973891549,0.6153239165821477,False,zh,0.4576271186440678
full_klu_maternn_kappa=2.0_nu=3.0_alpha_0.4,0.6906481481481481,0.6138632967209041,0.6142529586280265,False,zh,0.4576271186440678
full_klu_maternn_kappa=2.0_nu=3.0_alpha_0.5,0.6893981481481483,0.6126282039472641,0.6130220526095516,False,zh,0.4576271186440678
full_klu_maternn_kappa=2.0_nu=3.0_alpha_0.6,0.6866203703703704,0.6096168844290901,0.6100209409541509,False,zh,0.4576271186440678
full_klu_maternn_kappa=2.0_nu=3.0_alpha_0.7,0.6840277777777779,0.6062722629702855,0.6066876571952067,False,zh,0.4576271186440678
full_klu_maternn_kappa=2.0_nu=3.0_alpha_0.8,0.6787500000000001,0.5927823132442558,0.5915485208580787,False,zh,0.4576271186440678
full_klu_maternn_kappa=2.0_nu=3.0_alpha_0.9,0.6676851851851852,0.5763401711793055,0.5751621148679249,False,zh,0.4576271186440678
full_klu_maternn_kappa=2.0_nu=3.0_alpha_1.0,0.36129629629629634,0.34597423829707274,0.3455770834530896,False,zh,0.4576271186440678
full_klu_matern_kappa=3.0_nu=1.0_alpha_0.0,0.6906944444444444,0.6161675868411319,0.6165494375953045,False,zh,0.4576271186440678
full_klu_matern_kappa=3.0_nu=1.0_alpha_0.1,0.6920833333333334,0.6149934202758065,0.6153792512556242,False,zh,0.4576271186440678
full_klu_matern_kappa=3.0_nu=1.0_alpha_0.2,0.6930092592592592,0.615376953388854,0.6157614842564241,False,zh,0.4576271186440678
full_klu_matern_kappa=3.0_nu=1.0_alpha_0.3,0.693148148148148,0.6151405463365723,0.6155258785839808,False,zh,0.4576271186440678
full_klu_matern_kappa=3.0_nu=1.0_alpha_0.4,0.6942592592592592,0.6155549797777664,0.615938907166052,False,zh,0.4576271186440678
full_klu_matern_kappa=3.0_nu=1.0_alpha_0.5,0.6962962962962964,0.6171513690750823,0.6175298849742247,False,zh,0.4576271186440678
full_klu_matern_kappa=3.0_nu=1.0_alpha_0.6,0.6975925925925925,0.6179653370080878,0.6183410936938978,False,zh,0.4576271186440678
full_klu_matern_kappa=3.0_nu=1.0_alpha_0.7,0.6992129629629629,0.6213940194474453,0.6217581534809187,False,zh,0.4576271186440678
full_klu_matern_kappa=3.0_nu=1.0_alpha_0.8,0.6984259259259259,0.620879694805789,0.6212455723126237,False,zh,0.4576271186440678
full_klu_matern_kappa=3.0_nu=1.0_alpha_0.9,0.6948148148148148,0.6184373637843319,0.6188115203793748,False,zh,0.4576271186440678
full_klu_matern_kappa=3.0_nu=1.0_alpha_1.0,0.6512731481481482,0.5881221316961872,0.5869041365355968,False,zh,0.4576271186440678
full_klu_maternn_kappa=3.0_nu=1.0_alpha_0.0,0.6906944444444444,0.6161675868411319,0.6165494375953045,False,zh,0.4576271186440678
full_klu_maternn_kappa=3.0_nu=1.0_alpha_0.1,0.6918055555555556,0.6146951427635854,0.615081984853614,False,zh,0.4576271186440678
full_klu_maternn_kappa=3.0_nu=1.0_alpha_0.2,0.6917129629629629,0.6144437454150322,0.6148314396994629,False,zh,0.4576271186440678
full_klu_maternn_kappa=3.0_nu=1.0_alpha_0.3,0.6920833333333333,0.6151158757573292,0.6155012916338197,False,zh,0.4576271186440678
full_klu_maternn_kappa=3.0_nu=1.0_alpha_0.4,0.69125,0.6143251345398262,0.6147132308950202,False,zh,0.4576271186440678
full_klu_maternn_kappa=3.0_nu=1.0_alpha_0.5,0.6907407407407407,0.6136149302128118,0.6140054340403006,False,zh,0.4576271186440678
full_klu_maternn_kappa=3.0_nu=1.0_alpha_0.6,0.6896296296296297,0.6124247180443132,0.6128192564893225,False,zh,0.4576271186440678
full_klu_maternn_kappa=3.0_nu=1.0_alpha_0.7,0.6875925925925926,0.6087815996284154,0.6091884876273769,False,zh,0.4576271186440678
full_klu_maternn_kappa=3.0_nu=1.0_alpha_0.8,0.6856018518518519,0.5977168531811246,0.5964663335409243,False,zh,0.4576271186440678
full_klu_maternn_kappa=3.0_nu=1.0_alpha_0.9,0.6841203703703703,0.5966877348188739,0.5954407037154947,False,zh,0.4576271186440678
full_klu_maternn_kappa=3.0_nu=1.0_alpha_1.0,0.608611111111111,0.50903605167003,0.508086144916308,False,zh,0.4576271186440678
full_klu_matern_kappa=3.0_nu=2.0_alpha_0.0,0.6906944444444444,0.6161675868411319,0.6165494375953045,False,zh,0.4576271186440678
full_klu_matern_kappa=3.0_nu=2.0_alpha_0.1,0.690787037037037,0.6144427576666229,0.6148304552993532,False,zh,0.4576271186440678
full_klu_matern_kappa=3.0_nu=2.0_alpha_0.2,0.6912962962962963,0.6144323946508843,0.6148201274124814,False,zh,0.4576271186440678
full_klu_matern_kappa=3.0_nu=2.0_alpha_0.3,0.6916666666666667,0.6146749484200235,0.615061858965454,False,zh,0.4576271186440678
full_klu_matern_kappa=3.0_nu=2.0_alpha_0.4,0.6927777777777777,0.6152654969411269,0.6156504056271639,False,zh,0.4576271186440678
full_klu_matern_kappa=3.0_nu=2.0_alpha_0.5,0.6940277777777778,0.6166168014439901,0.616997129436797,False,zh,0.4576271186440678
full_klu_matern_kappa=3.0_nu=2.0_alpha_0.6,0.6951851851851851,0.6159848144802729,0.6163672848017703,False,zh,0.4576271186440678
full_klu_matern_kappa=3.0_nu=2.0_alpha_0.7,0.697037037037037,0.6171111633857239,0.6174898155753386,False,zh,0.4576271186440678
full_klu_matern_kappa=3.0_nu=2.0_alpha_0.8,0.6984722222222222,0.6205030847359025,0.6208702388870422,False,zh,0.4576271186440678
full_klu_matern_kappa=3.0_nu=2.0_alpha_0.9,0.6966203703703703,0.6193867058801145,0.6197576443663583,False,zh,0.4576271186440678
full_klu_matern_kappa=3.0_nu=2.0_alpha_1.0,0.6489583333333333,0.5787871610602237,0.5776008098678909,False,zh,0.4576271186440678
full_klu_maternn_kappa=3.0_nu=2.0_alpha_0.0,0.6906944444444444,0.6161675868411319,0.6165494375953045,False,zh,0.4576271186440678
full_klu_maternn_kappa=3.0_nu=2.0_alpha_0.1,0.691111111111111,0.6142763280666594,0.6146645898675251,False,zh,0.4576271186440678
full_klu_maternn_kappa=3.0_nu=2.0_alpha_0.2,0.6913888888888887,0.6142550900628586,0.6146434238569574,False,zh,0.4576271186440678
full_klu_maternn_kappa=3.0_nu=2.0_alpha_0.3,0.6909259259259258,0.6140900250939887,0.6144789184303548,False,zh,0.4576271186440678
full_klu_maternn_kappa=3.0_nu=2.0_alpha_0.4,0.6904166666666667,0.6136915721445577,0.614081816168888,False,zh,0.4576271186440678
full_klu_maternn_kappa=3.0_nu=2.0_alpha_0.5,0.6897685185185185,0.6128111330995296,0.6132043616629957,False,zh,0.4576271186440678
full_klu_maternn_kappa=3.0_nu=2.0_alpha_0.6,0.689212962962963,0.6122293351887567,0.6126245359485305,False,zh,0.4576271186440678
full_klu_maternn_kappa=3.0_nu=2.0_alpha_0.7,0.6880555555555555,0.6097822883556198,0.6101857841894043,False,zh,0.4576271186440678
full_klu_maternn_kappa=3.0_nu=2.0_alpha_0.8,0.6881018518518518,0.609715638001839,0.6101193597690262,False,zh,0.4576271186440678
full_klu_maternn_kappa=3.0_nu=2.0_alpha_0.9,0.6901851851851852,0.6039099843365996,0.6026384710314656,False,zh,0.4576271186440678
full_klu_maternn_kappa=3.0_nu=2.0_alpha_1.0,0.6396296296296295,0.5628037751426612,0.5616716049195405,False,zh,0.4576271186440678
full_klu_matern_kappa=3.0_nu=3.0_alpha_0.0,0.6906944444444444,0.6161675868411319,0.6165494375953045,False,zh,0.4576271186440678
full_klu_matern_kappa=3.0_nu=3.0_alpha_0.1,0.6903703703703704,0.6147855158739564,0.6151720516144584,False,zh,0.4576271186440678
full_klu_matern_kappa=3.0_nu=3.0_alpha_0.2,0.6905555555555556,0.6140407490802627,0.6144298094539637,False,zh,0.4576271186440678
full_klu_matern_kappa=3.0_nu=3.0_alpha_0.3,0.6907870370370368,0.6143046935033387,0.6146928591501817,False,zh,0.4576271186440678
full_klu_matern_kappa=3.0_nu=3.0_alpha_0.4,0.6915277777777779,0.6148304940081393,0.6152168772803898,False,zh,0.4576271186440678
full_klu_matern_kappa=3.0_nu=3.0_alpha_0.5,0.6920370370370371,0.6151380906787998,0.6155234312504717,False,zh,0.4576271186440678
full_klu_matern_kappa=3.0_nu=3.0_alpha_0.6,0.6926851851851852,0.6159493646607507,0.6163319551511279,False,zh,0.4576271186440678
full_klu_matern_kappa=3.0_nu=3.0_alpha_0.7,0.6948611111111112,0.6163752726335163,0.6167564193680536,False,zh,0.4576271186440678
full_klu_matern_kappa=3.0_nu=3.0_alpha_0.8,0.696388888888889,0.6176524627009746,0.6180292799776562,False,zh,0.4576271186440678
full_klu_matern_kappa=3.0_nu=3.0_alpha_0.9,0.6969907407407407,0.619973113740308,0.6203420644032969,False,zh,0.4576271186440678
full_klu_matern_kappa=3.0_nu=3.0_alpha_1.0,0.6434953703703703,0.5770539637272762,0.5758734877801399,False,zh,0.4576271186440678
full_klu_maternn_kappa=3.0_nu=3.0_alpha_0.0,0.6906944444444444,0.6161675868411319,0.6165494375953045,False,zh,0.4576271186440678
full_klu_maternn_kappa=3.0_nu=3.0_alpha_0.1,0.6911574074074075,0.61431596284697,0.6147040902926482,False,zh,0.4576271186440678
full_klu_maternn_kappa=3.0_nu=3.0_alpha_0.2,0.6913888888888888,0.6141419482648409,0.6145306655904584,False,zh,0.4576271186440678
full_klu_maternn_kappa=3.0_nu=3.0_alpha_0.3,0.691111111111111,0.6139963362530427,0.6143855471787003,False,zh,0.4576271186440678
full_klu_maternn_kappa=3.0_nu=3.0_alpha_0.4,0.6907407407407407,0.6135585492998934,0.6139492442491209,False,zh,0.4576271186440678
full_klu_maternn_kappa=3.0_nu=3.0_alpha_0.5,0.6900462962962962,0.6130554153400549,0.6134478158281295,False,zh,0.4576271186440678
full_klu_maternn_kappa=3.0_nu=3.0_alpha_0.6,0.6902777777777778,0.6129364015606098,0.6133292054852248,False,zh,0.4576271186440678
full_klu_maternn_kappa=3.0_nu=3.0_alpha_0.7,0.6898611111111111,0.6132786214398891,0.6136702652971167,False,zh,0.4576271186440678
full_klu_maternn_kappa=3.0_nu=3.0_alpha_0.8,0.6914351851851852,0.6140433012258468,0.614432352948207,False,zh,0.4576271186440678
full_klu_maternn_kappa=3.0_nu=3.0_alpha_0.9,0.6929629629629629,0.6159415623301416,0.6163241792690971,False,zh,0.4576271186440678
full_klu_maternn_kappa=3.0_nu=3.0_alpha_1.0,0.6421759259259259,0.5643966600190636,0.5632590901861924,False,zh,0.4576271186440678
deberta_full_klu_heat_t=0.1_alpha_0.0,0.6906944444444444,0.6161675868411319,0.6165494375953045,False,zh,0.4576271186440678
deberta_full_klu_heat_t=0.1_alpha_0.1,0.6923611111111112,0.6153804856827887,0.6157650045764811,False,zh,0.4576271186440678
deberta_full_klu_heat_t=0.1_alpha_0.2,0.6938425925925926,0.6134472619824738,0.6138383341768452,False,zh,0.4576271186440678
deberta_full_klu_heat_t=0.1_alpha_0.3,0.6944907407407407,0.6160919302820446,0.6164740374991292,False,zh,0.4576271186440678
deberta_full_klu_heat_t=0.1_alpha_0.4,0.6949537037037037,0.616213559745255,0.6165952546590746,False,zh,0.4576271186440678
deberta_full_klu_heat_t=0.1_alpha_0.5,0.6957407407407408,0.6167999742459771,0.6171796813140313,False,zh,0.4576271186440678
deberta_full_klu_heat_t=0.1_alpha_0.6,0.6961111111111111,0.6168731720204583,0.6172526309604637,False,zh,0.4576271186440678
deberta_full_klu_heat_t=0.1_alpha_0.7,0.6966666666666667,0.6172531077996259,0.6176312788217359,False,zh,0.4576271186440678
deberta_full_klu_heat_t=0.1_alpha_0.8,0.6974074074074075,0.6175669875015617,0.6179440945246819,False,zh,0.4576271186440678
deberta_full_klu_heat_t=0.1_alpha_0.9,0.6977777777777778,0.6164278350327559,0.6168088035896687,False,zh,0.4576271186440678
deberta_full_klu_heat_t=0.1_alpha_1.0,0.5,0.4196014094826398,0.4189546710075191,False,zh,0.4576271186440678
deberta_full_klu_heatn_t=0.1_alpha_0.0,0.6906944444444444,0.6161675868411319,0.6165494375953045,False,zh,0.4576271186440678
deberta_full_klu_heatn_t=0.1_alpha_0.1,0.6931481481481481,0.613082650617903,0.6134749587830017,False,zh,0.4576271186440678
deberta_full_klu_heatn_t=0.1_alpha_0.2,0.6947222222222221,0.6163166083108372,0.6166979539074853,False,zh,0.4576271186440678
deberta_full_klu_heatn_t=0.1_alpha_0.3,0.695787037037037,0.6170133176010999,0.6173923014713404,False,zh,0.4576271186440678
deberta_full_klu_heatn_t=0.1_alpha_0.4,0.6968981481481481,0.6178661725363701,0.6182422653729317,False,zh,0.4576271186440678
deberta_full_klu_heatn_t=0.1_alpha_0.5,0.6977777777777778,0.6184270819679212,0.6188012734165792,False,zh,0.4576271186440678
deberta_full_klu_heatn_t=0.1_alpha_0.6,0.6991203703703703,0.619199391828809,0.6195709652779386,False,zh,0.4576271186440678
deberta_full_klu_heatn_t=0.1_alpha_0.7,0.6993055555555555,0.6193399155547058,0.6197110126522222,False,zh,0.4576271186440678
deberta_full_klu_heatn_t=0.1_alpha_0.8,0.6999074074074074,0.6196153299276497,0.6199854934171222,False,zh,0.4576271186440678
deberta_full_klu_heatn_t=0.1_alpha_0.9,0.7011574074074074,0.6202469346174739,0.6206149570740996,False,zh,0.4576271186440678
deberta_full_klu_heatn_t=0.1_alpha_1.0,0.5,0.4196014094826398,0.4189546710075191,False,zh,0.4576271186440678
deberta_full_klu_heat_t=0.2_alpha_0.0,0.6906944444444444,0.6161675868411319,0.6165494375953045,False,zh,0.4576271186440678
deberta_full_klu_heat_t=0.2_alpha_0.1,0.6913425925925927,0.6148443197869823,0.6152306561921859,False,zh,0.4576271186440678
deberta_full_klu_heat_t=0.2_alpha_0.2,0.6922685185185186,0.6124737905180919,0.6128681626157323,False,zh,0.4576271186440678
deberta_full_klu_heat_t=0.2_alpha_0.3,0.6925462962962964,0.6125625751433674,0.6129566462761765,False,zh,0.4576271186440678
deberta_full_klu_heat_t=0.2_alpha_0.4,0.6931944444444444,0.6152434090431037,0.6156283926033712,False,zh,0.4576271186440678
deberta_full_klu_heat_t=0.2_alpha_0.5,0.69375,0.6154341030881858,0.6158184402279616,False,zh,0.4576271186440678
deberta_full_klu_heat_t=0.2_alpha_0.6,0.6939351851851852,0.6155173773386877,0.6159014321928684,False,zh,0.4576271186440678
deberta_full_klu_heat_t=0.2_alpha_0.7,0.6949074074074073,0.6160240711677681,0.6164064084157488,False,zh,0.4576271186440678
deberta_full_klu_heat_t=0.2_alpha_0.8,0.6954166666666667,0.6163491758323049,0.6167304110305751,False,zh,0.4576271186440678
deberta_full_klu_heat_t=0.2_alpha_0.9,0.6959259259259261,0.6153309647972012,0.6157156515583022,False,zh,0.4576271186440678
deberta_full_klu_heat_t=0.2_alpha_1.0,0.5,0.4196014094826398,0.4189546710075191,False,zh,0.4576271186440678
deberta_full_klu_heatn_t=0.2_alpha_0.0,0.6906944444444444,0.6161675868411319,0.6165494375953045,False,zh,0.4576271186440678
deberta_full_klu_heatn_t=0.2_alpha_0.1,0.6930092592592593,0.6130340604899285,0.6134265333673254,False,zh,0.4576271186440678
deberta_full_klu_heatn_t=0.2_alpha_0.2,0.6943981481481482,0.6160661453971226,0.6164483400205968,False,zh,0.4576271186440678
deberta_full_klu_heatn_t=0.2_alpha_0.3,0.6956481481481481,0.6169106727871678,0.6172900046059301,False,zh,0.4576271186440678
deberta_full_klu_heatn_t=0.2_alpha_0.4,0.6966203703703703,0.6174621802929743,0.6178396425947676,False,zh,0.4576271186440678
deberta_full_klu_heatn_t=0.2_alpha_0.5,0.6978703703703704,0.6185116978496157,0.6188856024647763,False,zh,0.4576271186440678
deberta_full_klu_heatn_t=0.2_alpha_0.6,0.6986574074074074,0.6189595558604271,0.6193319423128393,False,zh,0.4576271186440678
deberta_full_klu_heatn_t=0.2_alpha_0.7,0.6994907407407407,0.6192956587452658,0.619666905865865,False,zh,0.4576271186440678
deberta_full_klu_heatn_t=0.2_alpha_0.8,0.6994907407407407,0.6190402460892757,0.6194123590154884,False,zh,0.4576271186440678
deberta_full_klu_heatn_t=0.2_alpha_0.9,0.6999537037037037,0.6191967950689429,0.6195683773206483,False,zh,0.4576271186440678
deberta_full_klu_heatn_t=0.2_alpha_1.0,0.5,0.4196014094826398,0.4189546710075191,False,zh,0.4576271186440678
deberta_full_klu_heat_t=0.3_alpha_0.0,0.6906944444444444,0.6161675868411319,0.6165494375953045,False,zh,0.4576271186440678
deberta_full_klu_heat_t=0.3_alpha_0.1,0.6910185185185185,0.6117112563775109,0.612108213336645,False,zh,0.4576271186440678
deberta_full_klu_heat_t=0.3_alpha_0.2,0.6911111111111111,0.6116553633739311,0.612052509800874,False,zh,0.4576271186440678
deberta_full_klu_heat_t=0.3_alpha_0.3,0.6914351851851852,0.611777623489683,0.6121743554755555,False,zh,0.4576271186440678
deberta_full_klu_heat_t=0.3_alpha_0.4,0.6915740740740741,0.6117225007310894,0.6121194195737706,False,zh,0.4576271186440678
deberta_full_klu_heat_t=0.3_alpha_0.5,0.6919444444444445,0.61193164184718,0.6123278517369252,False,zh,0.4576271186440678
deberta_full_klu_heat_t=0.3_alpha_0.6,0.6925925925925926,0.6144979404340472,0.6148854510065487,False,zh,0.4576271186440678
deberta_full_klu_heat_t=0.3_alpha_0.7,0.6926388888888889,0.6146366289117389,0.6150236693538077,False,zh,0.4576271186440678
deberta_full_klu_heat_t=0.3_alpha_0.8,0.6932870370370372,0.6135417194196273,0.6139324714192966,False,zh,0.4576271186440678
deberta_full_klu_heat_t=0.3_alpha_0.9,0.6949074074074073,0.6147062393137805,0.6150930437883848,False,zh,0.4576271186440678
deberta_full_klu_heat_t=0.3_alpha_1.0,0.5,0.4196014094826398,0.4189546710075191,False,zh,0.4576271186440678
deberta_full_klu_heatn_t=0.3_alpha_0.0,0.6906944444444444,0.6161675868411319,0.6165494375953045,False,zh,0.4576271186440678
deberta_full_klu_heatn_t=0.3_alpha_0.1,0.692962962962963,0.613011384752967,0.6134039344972689,False,zh,0.4576271186440678
deberta_full_klu_heatn_t=0.3_alpha_0.2,0.694212962962963,0.6159479529417307,0.6163305482175961,False,zh,0.4576271186440678
deberta_full_klu_heatn_t=0.3_alpha_0.3,0.6954629629629631,0.6167860571384894,0.6171658113831794,False,zh,0.4576271186440678
deberta_full_klu_heatn_t=0.3_alpha_0.4,0.6964814814814814,0.6174447675335337,0.6178222888616304,False,zh,0.4576271186440678
deberta_full_klu_heatn_t=0.3_alpha_0.5,0.6976851851851852,0.6180776880644157,0.6184530638991872,False,zh,0.4576271186440678
deberta_full_klu_heatn_t=0.3_alpha_0.6,0.6983796296296296,0.6184586846635153,0.6188327689843917,False,zh,0.4576271186440678
deberta_full_klu_heatn_t=0.3_alpha_0.7,0.6987962962962962,0.618643129450215,0.6190165885345263,False,zh,0.4576271186440678
deberta_full_klu_heatn_t=0.3_alpha_0.8,0.6992592592592592,0.6188852849608011,0.6192579231789748,False,zh,0.4576271186440678
deberta_full_klu_heatn_t=0.3_alpha_0.9,0.6993518518518518,0.6187861407141182,0.619159115014484,False,zh,0.4576271186440678
deberta_full_klu_heatn_t=0.3_alpha_1.0,0.5,0.4196014094826398,0.4189546710075191,False,zh,0.4576271186440678
deberta_full_klu_heat_t=0.4_alpha_0.0,0.6906944444444444,0.6161675868411319,0.6165494375953045,False,zh,0.4576271186440678
deberta_full_klu_heat_t=0.4_alpha_0.1,0.690138888888889,0.6111430564592958,0.6115419395198474,False,zh,0.4576271186440678
deberta_full_klu_heat_t=0.4_alpha_0.2,0.6902777777777778,0.611149581729147,0.6115484426701399,False,zh,0.4576271186440678
deberta_full_klu_heat_t=0.4_alpha_0.3,0.6901388888888891,0.6109712072614643,0.6113706728616695,False,zh,0.4576271186440678
deberta_full_klu_heat_t=0.4_alpha_0.4,0.6904166666666668,0.6110525325521037,0.6114517224733577,False,zh,0.4576271186440678
deberta_full_klu_heat_t=0.4_alpha_0.5,0.6911574074074076,0.6111921871808279,0.6115909036965608,False,zh,0.4576271186440678
deberta_full_klu_heat_t=0.4_alpha_0.6,0.6915740740740742,0.6112992713112714,0.6116976248299519,False,zh,0.4576271186440678
deberta_full_klu_heat_t=0.4_alpha_0.7,0.6918055555555556,0.611349201607855,0.611747385871293,False,zh,0.4576271186440678
deberta_full_klu_heat_t=0.4_alpha_0.8,0.6922685185185186,0.6129205275358397,0.6133133852707081,False,zh,0.4576271186440678
deberta_full_klu_heat_t=0.4_alpha_0.9,0.6936574074074074,0.6137290540516542,0.6141191710186723,False,zh,0.4576271186440678
deberta_full_klu_heat_t=0.4_alpha_1.0,0.5,0.4196014094826398,0.4189546710075191,False,zh,0.4576271186440678
deberta_full_klu_heatn_t=0.4_alpha_0.0,0.6906944444444444,0.6161675868411319,0.6165494375953045,False,zh,0.4576271186440678
deberta_full_klu_heatn_t=0.4_alpha_0.1,0.6929166666666667,0.6129923453586681,0.6133849596432897,False,zh,0.4576271186440678
deberta_full_klu_heatn_t=0.4_alpha_0.2,0.6940277777777777,0.6157955078526576,0.6161786198915369,False,zh,0.4576271186440678
deberta_full_klu_heatn_t=0.4_alpha_0.3,0.695324074074074,0.6166990434119776,0.6170790926184523,False,zh,0.4576271186440678
deberta_full_klu_heatn_t=0.4_alpha_0.4,0.6964814814814815,0.6174416767291002,0.6178192085344999,False,zh,0.4576271186440678
deberta_full_klu_heatn_t=0.4_alpha_0.5,0.6976388888888889,0.6180341494586273,0.6184096728818931,False,zh,0.4576271186440678
deberta_full_klu_heatn_t=0.4_alpha_0.6,0.6976388888888889,0.6180021470602718,0.6183777789662438,False,zh,0.4576271186440678
deberta_full_klu_heatn_t=0.4_alpha_0.7,0.6983333333333334,0.6183819210669909,0.6187562656034487,False,zh,0.4576271186440678
deberta_full_klu_heatn_t=0.4_alpha_0.8,0.6989814814814815,0.6186525759553382,0.6190260030175981,False,zh,0.4576271186440678
deberta_full_klu_heatn_t=0.4_alpha_0.9,0.6989351851851853,0.6185379737359928,0.6189117892803523,False,zh,0.4576271186440678
deberta_full_klu_heatn_t=0.4_alpha_1.0,0.5,0.4196014094826398,0.4189546710075191,False,zh,0.4576271186440678
deberta_full_klu_heat_t=0.5_alpha_0.0,0.6906944444444444,0.6161675868411319,0.6165494375953045,False,zh,0.4576271186440678
deberta_full_klu_heat_t=0.5_alpha_0.1,0.6899074074074074,0.6110159034213876,0.6114152175091864,False,zh,0.4576271186440678
deberta_full_klu_heat_t=0.5_alpha_0.2,0.6897685185185185,0.6108254916547121,0.6112254512061267,False,zh,0.4576271186440678
deberta_full_klu_heat_t=0.5_alpha_0.3,0.689675925925926,0.6107189830862146,0.6111193036836242,False,zh,0.4576271186440678
deberta_full_klu_heat_t=0.5_alpha_0.4,0.689675925925926,0.6105992782299525,0.6110000046065358,False,zh,0.4576271186440678
deberta_full_klu_heat_t=0.5_alpha_0.5,0.6900000000000002,0.6108250910277995,0.6112250519372715,False,zh,0.4576271186440678
deberta_full_klu_heat_t=0.5_alpha_0.6,0.69,0.6104904540095053,0.6108915492817512,False,zh,0.4576271186440678
deberta_full_klu_heat_t=0.5_alpha_0.7,0.6902777777777778,0.6105540463288452,0.610954926033907,False,zh,0.4576271186440678
deberta_full_klu_heat_t=0.5_alpha_0.8,0.6911574074074075,0.6135960065760508,0.613986574551461,False,zh,0.4576271186440678
deberta_full_klu_heat_t=0.5_alpha_0.9,0.6921759259259259,0.6128182604182602,0.6132114648213238,False,zh,0.4576271186440678
deberta_full_klu_heat_t=0.5_alpha_1.0,0.5,0.4196014094826398,0.4189546710075191,False,zh,0.4576271186440678
deberta_full_klu_heatn_t=0.5_alpha_0.0,0.6906944444444444,0.6161675868411319,0.6165494375953045,False,zh,0.4576271186440678
deberta_full_klu_heatn_t=0.5_alpha_0.1,0.6928240740740741,0.6156987514864427,0.616082191513004,False,zh,0.4576271186440678
deberta_full_klu_heatn_t=0.5_alpha_0.2,0.6939351851851852,0.6157462727529035,0.6161295516904259,False,zh,0.4576271186440678
deberta_full_klu_heatn_t=0.5_alpha_0.3,0.6950462962962963,0.6164380594793136,0.6168189933770856,False,zh,0.4576271186440678
deberta_full_klu_heatn_t=0.5_alpha_0.4,0.6958796296296297,0.6170213773590739,0.6174003339081009,False,zh,0.4576271186440678
deberta_full_klu_heatn_t=0.5_alpha_0.5,0.6966203703703704,0.6174512348332928,0.6178287342383394,False,zh,0.4576271186440678
deberta_full_klu_heatn_t=0.5_alpha_0.6,0.6976851851851852,0.6180098587096026,0.6183854644743906,False,zh,0.4576271186440678
deberta_full_klu_heatn_t=0.5_alpha_0.7,0.6976388888888889,0.6179142350008402,0.6182901649137933,False,zh,0.4576271186440678
deberta_full_klu_heatn_t=0.5_alpha_0.8,0.6981944444444445,0.6181390083088877,0.6185141762784238,False,zh,0.4576271186440678
deberta_full_klu_heatn_t=0.5_alpha_0.9,0.6986574074074074,0.6183430399476575,0.6187175162845198,False,zh,0.4576271186440678
deberta_full_klu_heatn_t=0.5_alpha_1.0,0.5,0.4196014094826398,0.4189546710075191,False,zh,0.4576271186440678
deberta_full_klu_heat_t=0.6_alpha_0.0,0.6906944444444444,0.6161675868411319,0.6165494375953045,False,zh,0.4576271186440678
deberta_full_klu_heat_t=0.6_alpha_0.1,0.6897685185185185,0.6135215442824739,0.6139123646724385,False,zh,0.4576271186440678
deberta_full_klu_heat_t=0.6_alpha_0.2,0.6895370370370372,0.6106439409072728,0.61104451588495,False,zh,0.4576271186440678
deberta_full_klu_heat_t=0.6_alpha_0.3,0.6893055555555556,0.610470232697501,0.6108713965165671,False,zh,0.4576271186440678
deberta_full_klu_heat_t=0.6_alpha_0.4,0.6890277777777779,0.610300200674144,0.6107019408729504,False,zh,0.4576271186440678
deberta_full_klu_heat_t=0.6_alpha_0.5,0.6892129629629631,0.6103363006351717,0.6107379184612288,False,zh,0.4576271186440678
deberta_full_klu_heat_t=0.6_alpha_0.6,0.6892592592592593,0.6103823667446326,0.6107838284143865,False,zh,0.4576271186440678
deberta_full_klu_heat_t=0.6_alpha_0.7,0.6893518518518518,0.6101122346343187,0.6105146120061415,False,zh,0.4576271186440678
deberta_full_klu_heat_t=0.6_alpha_0.8,0.6899074074074074,0.6103969911844308,0.6107984032798125,False,zh,0.4576271186440678
deberta_full_klu_heat_t=0.6_alpha_0.9,0.6914814814814815,0.6124474782263291,0.6128419395181789,False,zh,0.4576271186440678
deberta_full_klu_heat_t=0.6_alpha_1.0,0.5,0.4196014094826398,0.4189546710075191,False,zh,0.4576271186440678
deberta_full_klu_heatn_t=0.6_alpha_0.0,0.6906944444444444,0.6161675868411319,0.6165494375953045,False,zh,0.4576271186440678
deberta_full_klu_heatn_t=0.6_alpha_0.1,0.6927777777777777,0.6156817712038021,0.6160652687906434,False,zh,0.4576271186440678
deberta_full_klu_heatn_t=0.6_alpha_0.2,0.693888888888889,0.6156790510086143,0.6160625578164564,False,zh,0.4576271186440678
deberta_full_klu_heatn_t=0.6_alpha_0.3,0.6950000000000001,0.6163839282278871,0.6167650456214266,False,zh,0.4576271186440678
deberta_full_klu_heatn_t=0.6_alpha_0.4,0.6956944444444444,0.6169241845297387,0.6173034705459839,False,zh,0.4576271186440678
deberta_full_klu_heatn_t=0.6_alpha_0.5,0.6963425925925926,0.6172911798814917,0.617669221845697,False,zh,0.4576271186440678
deberta_full_klu_heatn_t=0.6_alpha_0.6,0.6973148148148149,0.6176797471164777,0.618056471903615,False,zh,0.4576271186440678
deberta_full_klu_heatn_t=0.6_alpha_0.7,0.6977314814814816,0.6178811884206161,0.6182572303558752,False,zh,0.4576271186440678
deberta_full_klu_heatn_t=0.6_alpha_0.8,0.6980092592592592,0.6180244835201595,0.6184000397093183,False,zh,0.4576271186440678
deberta_full_klu_heatn_t=0.6_alpha_0.9,0.6979629629629629,0.6179833355829656,0.6183590312566575,False,zh,0.4576271186440678
deberta_full_klu_heatn_t=0.6_alpha_1.0,0.5,0.4196014094826398,0.4189546710075191,False,zh,0.4576271186440678
deberta_full_klu_heat_t=0.7_alpha_0.0,0.6906944444444444,0.6161675868411319,0.6165494375953045,False,zh,0.4576271186440678
deberta_full_klu_heat_t=0.7_alpha_0.1,0.6896296296296296,0.6134373492936755,0.6138284550903819,False,zh,0.4576271186440678
deberta_full_klu_heat_t=0.7_alpha_0.2,0.689351851851852,0.6105270731207562,0.6109280442604216,False,zh,0.4576271186440678
deberta_full_klu_heat_t=0.7_alpha_0.3,0.6891203703703704,0.6103677956800821,0.6107693067432753,False,zh,0.4576271186440678
deberta_full_klu_heat_t=0.7_alpha_0.4,0.689212962962963,0.610394491687917,0.6107959122561681,False,zh,0.4576271186440678
deberta_full_klu_heat_t=0.7_alpha_0.5,0.688888888888889,0.6101511308252784,0.6105533763456064,False,zh,0.4576271186440678
deberta_full_klu_heat_t=0.7_alpha_0.6,0.6889351851851852,0.6102157959664771,0.6106178222829367,False,zh,0.4576271186440678
deberta_full_klu_heat_t=0.7_alpha_0.7,0.6883796296296297,0.6097981487865616,0.6102015908561734,False,zh,0.4576271186440678
deberta_full_klu_heat_t=0.7_alpha_0.8,0.6894444444444444,0.6100749612246648,0.6104774649470287,False,zh,0.4576271186440678
deberta_full_klu_heat_t=0.7_alpha_0.9,0.6900000000000001,0.6129729420401069,0.6133656220986897,False,zh,0.4576271186440678
deberta_full_klu_heat_t=0.7_alpha_1.0,0.5,0.4196014094826398,0.4189546710075191,False,zh,0.4576271186440678
deberta_full_klu_heatn_t=0.7_alpha_0.0,0.6906944444444444,0.6161675868411319,0.6165494375953045,False,zh,0.4576271186440678
deberta_full_klu_heatn_t=0.7_alpha_0.1,0.6926851851851852,0.6156091353118384,0.6159928791220425,False,zh,0.4576271186440678
deberta_full_klu_heatn_t=0.7_alpha_0.2,0.6938425925925925,0.6156846431942619,0.6160681310455425,False,zh,0.4576271186440678
deberta_full_klu_heatn_t=0.7_alpha_0.3,0.6949537037037037,0.6163484541210562,0.6167296917658052,False,zh,0.4576271186440678
deberta_full_klu_heatn_t=0.7_alpha_0.4,0.6956481481481482,0.6168274155876112,0.6172070296341686,False,zh,0.4576271186440678
deberta_full_klu_heatn_t=0.7_alpha_0.5,0.6962500000000001,0.6171158238179957,0.6174944602095348,False,zh,0.4576271186440678
deberta_full_klu_heatn_t=0.7_alpha_0.6,0.6966203703703705,0.617259479956934,0.6176376293785106,False,zh,0.4576271186440678
deberta_full_klu_heatn_t=0.7_alpha_0.7,0.6971759259259259,0.6175607661900187,0.6179378943023307,False,zh,0.4576271186440678
deberta_full_klu_heatn_t=0.7_alpha_0.8,0.6976851851851851,0.6178917367388325,0.6182677429170805,False,zh,0.4576271186440678
deberta_full_klu_heatn_t=0.7_alpha_0.9,0.6979166666666667,0.6166467481082015,0.6170269745868926,False,zh,0.4576271186440678
deberta_full_klu_heatn_t=0.7_alpha_1.0,0.5,0.4196014094826398,0.4189546710075191,False,zh,0.4576271186440678
deberta_full_klu_matern_kappa=1.0_nu=1.0_alpha_0.0,0.6906944444444444,0.6161675868411319,0.6165494375953045,False,zh,0.4576271186440678
deberta_full_klu_matern_kappa=1.0_nu=1.0_alpha_0.1,0.6915277777777779,0.6149555388887855,0.6153414982800846,False,zh,0.4576271186440678
deberta_full_klu_matern_kappa=1.0_nu=1.0_alpha_0.2,0.6924537037037037,0.612621713808926,0.6130155844716825,False,zh,0.4576271186440678
deberta_full_klu_matern_kappa=1.0_nu=1.0_alpha_0.3,0.692962962962963,0.6150977282500648,0.6154832056435291,False,zh,0.4576271186440678
deberta_full_klu_matern_kappa=1.0_nu=1.0_alpha_0.4,0.693287037037037,0.6152810295543731,0.6156658855874837,False,zh,0.4576271186440678
deberta_full_klu_matern_kappa=1.0_nu=1.0_alpha_0.5,0.6944444444444444,0.6158519676042247,0.6162348882541155,False,zh,0.4576271186440678
deberta_full_klu_matern_kappa=1.0_nu=1.0_alpha_0.6,0.6944907407407408,0.6158097437752805,0.6161928075567948,False,zh,0.4576271186440678
deberta_full_klu_matern_kappa=1.0_nu=1.0_alpha_0.7,0.6956018518518519,0.6164390009188117,0.6168199316252632,False,zh,0.4576271186440678
deberta_full_klu_matern_kappa=1.0_nu=1.0_alpha_0.8,0.695787037037037,0.6165386708582665,0.6169192637005165,False,zh,0.4576271186440678
deberta_full_klu_matern_kappa=1.0_nu=1.0_alpha_0.9,0.6961111111111112,0.6155028832067019,0.6158869871935334,False,zh,0.4576271186440678
deberta_full_klu_matern_kappa=1.0_nu=1.0_alpha_1.0,0.5,0.4196014094826398,0.4189546710075191,False,zh,0.4576271186440678
deberta_full_klu_maternn_kappa=1.0_nu=1.0_alpha_0.0,0.6906944444444444,0.6161675868411319,0.6165494375953045,False,zh,0.4576271186440678
deberta_full_klu_maternn_kappa=1.0_nu=1.0_alpha_0.1,0.6929166666666667,0.6129923453586681,0.6133849596432897,False,zh,0.4576271186440678
deberta_full_klu_maternn_kappa=1.0_nu=1.0_alpha_0.2,0.6940277777777777,0.6157955078526576,0.6161786198915369,False,zh,0.4576271186440678
deberta_full_klu_maternn_kappa=1.0_nu=1.0_alpha_0.3,0.6952777777777778,0.616676215488862,0.617056342078127,False,zh,0.4576271186440678
deberta_full_klu_maternn_kappa=1.0_nu=1.0_alpha_0.4,0.6964814814814815,0.6174416767291002,0.6178192085344999,False,zh,0.4576271186440678
deberta_full_klu_maternn_kappa=1.0_nu=1.0_alpha_0.5,0.6975925925925927,0.6180210167924334,0.6183965847332117,False,zh,0.4576271186440678
deberta_full_klu_maternn_kappa=1.0_nu=1.0_alpha_0.6,0.6976851851851852,0.6180231431130139,0.6183987038459258,False,zh,0.4576271186440678
deberta_full_klu_maternn_kappa=1.0_nu=1.0_alpha_0.7,0.6983333333333333,0.6183612658592609,0.6187356804133719,False,zh,0.4576271186440678
deberta_full_klu_maternn_kappa=1.0_nu=1.0_alpha_0.8,0.6989814814814815,0.6186634971658708,0.6190368872070782,False,zh,0.4576271186440678
deberta_full_klu_maternn_kappa=1.0_nu=1.0_alpha_0.9,0.6988888888888889,0.6185093908742767,0.6188833033096928,False,zh,0.4576271186440678
deberta_full_klu_maternn_kappa=1.0_nu=1.0_alpha_1.0,0.5,0.4196014094826398,0.4189546710075191,False,zh,0.4576271186440678
deberta_full_klu_matern_kappa=1.0_nu=2.0_alpha_0.0,0.6906944444444444,0.6161675868411319,0.6165494375953045,False,zh,0.4576271186440678
deberta_full_klu_matern_kappa=1.0_nu=2.0_alpha_0.1,0.6910185185185186,0.6145667704575974,0.6149540477079853,False,zh,0.4576271186440678
deberta_full_klu_matern_kappa=1.0_nu=2.0_alpha_0.2,0.69125,0.6118620577693417,0.6122585035373169,False,zh,0.4576271186440678
deberta_full_klu_matern_kappa=1.0_nu=2.0_alpha_0.3,0.6916203703703704,0.6120295056430618,0.6124253837911262,False,zh,0.4576271186440678
deberta_full_klu_matern_kappa=1.0_nu=2.0_alpha_0.4,0.6923148148148148,0.6123128612493294,0.6127077788699149,False,zh,0.4576271186440678
deberta_full_klu_matern_kappa=1.0_nu=2.0_alpha_0.5,0.6924537037037037,0.6145438944117448,0.6149312492080509,False,zh,0.4576271186440678
deberta_full_klu_matern_kappa=1.0_nu=2.0_alpha_0.6,0.6930555555555555,0.6148536154953923,0.6152399203897199,False,zh,0.4576271186440678
deberta_full_klu_matern_kappa=1.0_nu=2.0_alpha_0.7,0.6937037037037038,0.6153216875225523,0.615706405732042,False,zh,0.4576271186440678
deberta_full_klu_matern_kappa=1.0_nu=2.0_alpha_0.8,0.6945833333333332,0.6145596110216519,0.6149469125413142,False,zh,0.4576271186440678
deberta_full_klu_matern_kappa=1.0_nu=2.0_alpha_0.9,0.6952314814814816,0.6149295319693738,0.6153155795197218,False,zh,0.4576271186440678
deberta_full_klu_matern_kappa=1.0_nu=2.0_alpha_1.0,0.5,0.4196014094826398,0.4189546710075191,False,zh,0.4576271186440678
deberta_full_klu_maternn_kappa=1.0_nu=2.0_alpha_0.0,0.6906944444444444,0.6161675868411319,0.6165494375953045,False,zh,0.4576271186440678
deberta_full_klu_maternn_kappa=1.0_nu=2.0_alpha_0.1,0.6928703703703705,0.6157314568762909,0.6161147860371241,False,zh,0.4576271186440678
deberta_full_klu_maternn_kappa=1.0_nu=2.0_alpha_0.2,0.6940277777777779,0.6157890918053534,0.6161722255935456,False,zh,0.4576271186440678
deberta_full_klu_maternn_kappa=1.0_nu=2.0_alpha_0.3,0.6950925925925926,0.6165143246187341,0.6168949999906098,False,zh,0.4576271186440678
deberta_full_klu_maternn_kappa=1.0_nu=2.0_alpha_0.4,0.6962499999999999,0.6172753133095296,0.6176534090587245,False,zh,0.4576271186440678
deberta_full_klu_maternn_kappa=1.0_nu=2.0_alpha_0.5,0.6970833333333334,0.6177846317090601,0.6181610009552058,False,zh,0.4576271186440678
deberta_full_klu_maternn_kappa=1.0_nu=2.0_alpha_0.6,0.6977314814814816,0.6180400868697541,0.6184155901662025,False,zh,0.4576271186440678
deberta_full_klu_maternn_kappa=1.0_nu=2.0_alpha_0.7,0.6981018518518518,0.6182281125164902,0.618602978437865,False,zh,0.4576271186440678
deberta_full_klu_maternn_kappa=1.0_nu=2.0_alpha_0.8,0.6983796296296297,0.6183273972325257,0.618701926595541,False,zh,0.4576271186440678
deberta_full_klu_maternn_kappa=1.0_nu=2.0_alpha_0.9,0.6987037037037038,0.6183510024309525,0.6187254517763461,False,zh,0.4576271186440678
deberta_full_klu_maternn_kappa=1.0_nu=2.0_alpha_1.0,0.5,0.4196014094826398,0.4189546710075191,False,zh,0.4576271186440678
deberta_full_klu_matern_kappa=1.0_nu=3.0_alpha_0.0,0.6906944444444444,0.6161675868411319,0.6165494375953045,False,zh,0.4576271186440678
deberta_full_klu_matern_kappa=1.0_nu=3.0_alpha_0.1,0.6910185185185185,0.6117445423903158,0.6121413865155082,False,zh,0.4576271186440678
deberta_full_klu_matern_kappa=1.0_nu=3.0_alpha_0.2,0.6911111111111111,0.6116882195925747,0.6120852546425051,False,zh,0.4576271186440678
deberta_full_klu_matern_kappa=1.0_nu=3.0_alpha_0.3,0.6915277777777779,0.6118136091694264,0.6122102191699436,False,zh,0.4576271186440678
deberta_full_klu_matern_kappa=1.0_nu=3.0_alpha_0.4,0.6915740740740741,0.6117261540437093,0.6121230605022799,False,zh,0.4576271186440678
deberta_full_klu_matern_kappa=1.0_nu=3.0_alpha_0.5,0.6919444444444445,0.6119160845985594,0.6123123472247406,False,zh,0.4576271186440678
deberta_full_klu_matern_kappa=1.0_nu=3.0_alpha_0.6,0.6926388888888889,0.6145509398761873,0.6149382707895629,False,zh,0.4576271186440678
deberta_full_klu_matern_kappa=1.0_nu=3.0_alpha_0.7,0.6925925925925926,0.6145815052428887,0.6149687325448517,False,zh,0.4576271186440678
deberta_full_klu_matern_kappa=1.0_nu=3.0_alpha_0.8,0.6935185185185186,0.613731809411883,0.6141219170386971,False,zh,0.4576271186440678
deberta_full_klu_matern_kappa=1.0_nu=3.0_alpha_0.9,0.6948611111111112,0.6147163177124029,0.6151030880229439,False,zh,0.4576271186440678
deberta_full_klu_matern_kappa=1.0_nu=3.0_alpha_1.0,0.5,0.4196014094826398,0.4189546710075191,False,zh,0.4576271186440678
deberta_full_klu_maternn_kappa=1.0_nu=3.0_alpha_0.0,0.6906944444444444,0.6161675868411319,0.6165494375953045,False,zh,0.4576271186440678
deberta_full_klu_maternn_kappa=1.0_nu=3.0_alpha_0.1,0.6928240740740741,0.6156987514864427,0.616082191513004,False,zh,0.4576271186440678
deberta_full_klu_maternn_kappa=1.0_nu=3.0_alpha_0.2,0.6939814814814815,0.615769983038251,0.6161531816019249,False,zh,0.4576271186440678
deberta_full_klu_maternn_kappa=1.0_nu=3.0_alpha_0.3,0.695,0.6164188670808803,0.61679986603763,False,zh,0.4576271186440678
deberta_full_klu_maternn_kappa=1.0_nu=3.0_alpha_0.4,0.6962037037037038,0.6172464882201718,0.6176246816815341,False,zh,0.4576271186440678
deberta_full_klu_maternn_kappa=1.0_nu=3.0_alpha_0.5,0.6968055555555556,0.6175798823484746,0.6179569456602493,False,zh,0.4576271186440678
deberta_full_klu_maternn_kappa=1.0_nu=3.0_alpha_0.6,0.6978240740740741,0.6180726496074221,0.6184480425217089,False,zh,0.4576271186440678
deberta_full_klu_maternn_kappa=1.0_nu=3.0_alpha_0.7,0.6979166666666666,0.6180340972553577,0.6184096208555837,False,zh,0.4576271186440678
deberta_full_klu_maternn_kappa=1.0_nu=3.0_alpha_0.8,0.698287037037037,0.6181871017731343,0.618562106713978,False,zh,0.4576271186440678
deberta_full_klu_maternn_kappa=1.0_nu=3.0_alpha_0.9,0.6987962962962962,0.6184244083213608,0.6187986088332275,False,zh,0.4576271186440678
deberta_full_klu_maternn_kappa=1.0_nu=3.0_alpha_1.0,0.5,0.4196014094826398,0.4189546710075191,False,zh,0.4576271186440678
deberta_full_klu_matern_kappa=2.0_nu=1.0_alpha_0.0,0.6906944444444444,0.6161675868411319,0.6165494375953045,False,zh,0.4576271186440678
deberta_full_klu_matern_kappa=2.0_nu=1.0_alpha_0.1,0.6909722222222222,0.6116652920458323,0.6120624048162602,False,zh,0.4576271186440678
deberta_full_klu_matern_kappa=2.0_nu=1.0_alpha_0.2,0.6910648148148149,0.6116166924217622,0.6120139699366784,False,zh,0.4576271186440678
deberta_full_klu_matern_kappa=2.0_nu=1.0_alpha_0.3,0.6913425925925926,0.611680531070864,0.6120775921835797,False,zh,0.4576271186440678
deberta_full_klu_matern_kappa=2.0_nu=1.0_alpha_0.4,0.6914351851851853,0.6116122548783623,0.6120095474357985,False,zh,0.4576271186440678
deberta_full_klu_matern_kappa=2.0_nu=1.0_alpha_0.5,0.6917592592592593,0.6115715187390678,0.6119689493851116,False,zh,0.4576271186440678
deberta_full_klu_matern_kappa=2.0_nu=1.0_alpha_0.6,0.6925925925925925,0.614516245799225,0.6149036943196413,False,zh,0.4576271186440678
deberta_full_klu_matern_kappa=2.0_nu=1.0_alpha_0.7,0.6925925925925925,0.6145910313835958,0.6149782263935565,False,zh,0.4576271186440678
deberta_full_klu_matern_kappa=2.0_nu=1.0_alpha_0.8,0.6931944444444444,0.613512892949156,0.6139037426656743,False,zh,0.4576271186440678
deberta_full_klu_matern_kappa=2.0_nu=1.0_alpha_0.9,0.694861111111111,0.6146651903922067,0.6150521340156976,False,zh,0.4576271186440678
deberta_full_klu_matern_kappa=2.0_nu=1.0_alpha_1.0,0.5,0.4196014094826398,0.4189546710075191,False,zh,0.4576271186440678
deberta_full_klu_maternn_kappa=2.0_nu=1.0_alpha_0.0,0.6906944444444444,0.6161675868411319,0.6165494375953045,False,zh,0.4576271186440678
deberta_full_klu_maternn_kappa=2.0_nu=1.0_alpha_0.1,0.6923148148148149,0.6152866022373975,0.6156714393800572,False,zh,0.4576271186440678
deberta_full_klu_maternn_kappa=2.0_nu=1.0_alpha_0.2,0.6935185185185185,0.6132595602732784,0.6136512687446302,False,zh,0.4576271186440678
deberta_full_klu_maternn_kappa=2.0_nu=1.0_alpha_0.3,0.694212962962963,0.6158336150888664,0.6162165979506739,False,zh,0.4576271186440678
deberta_full_klu_maternn_kappa=2.0_nu=1.0_alpha_0.4,0.6947222222222221,0.6161352301641347,0.6165171906019581,False,zh,0.4576271186440678
deberta_full_klu_maternn_kappa=2.0_nu=1.0_alpha_0.5,0.6950000000000001,0.6162150694409188,0.6165967592371259,False,zh,0.4576271186440678
deberta_full_klu_maternn_kappa=2.0_nu=1.0_alpha_0.6,0.6958333333333333,0.6166717130837371,0.6170518549353924,False,zh,0.4576271186440678
deberta_full_klu_maternn_kappa=2.0_nu=1.0_alpha_0.7,0.6965277777777777,0.6170824747963171,0.6174612242353872,False,zh,0.4576271186440678
deberta_full_klu_maternn_kappa=2.0_nu=1.0_alpha_0.8,0.6968518518518518,0.6172165679031946,0.61759486278936,False,zh,0.4576271186440678
deberta_full_klu_maternn_kappa=2.0_nu=1.0_alpha_0.9,0.6972685185185187,0.6160691458953782,0.616451330347672,False,zh,0.4576271186440678
deberta_full_klu_maternn_kappa=2.0_nu=1.0_alpha_1.0,0.5,0.4196014094826398,0.4189546710075191,False,zh,0.4576271186440678
deberta_full_klu_matern_kappa=2.0_nu=2.0_alpha_0.0,0.6906944444444444,0.6161675868411319,0.6165494375953045,False,zh,0.4576271186440678
deberta_full_klu_matern_kappa=2.0_nu=2.0_alpha_0.1,0.689861111111111,0.6110010503185743,0.6114004147558741,False,zh,0.4576271186440678
deberta_full_klu_matern_kappa=2.0_nu=2.0_alpha_0.2,0.6897222222222222,0.6107973970694236,0.6111974518567206,False,zh,0.4576271186440678
deberta_full_klu_matern_kappa=2.0_nu=2.0_alpha_0.3,0.6897685185185186,0.6107716577688347,0.6111717998079982,False,zh,0.4576271186440678
deberta_full_klu_matern_kappa=2.0_nu=2.0_alpha_0.4,0.689675925925926,0.6106650031776347,0.6110655067577853,False,zh,0.4576271186440678
deberta_full_klu_matern_kappa=2.0_nu=2.0_alpha_0.5,0.6901851851851852,0.610604236341007,0.6110049459104342,False,zh,0.4576271186440678
deberta_full_klu_matern_kappa=2.0_nu=2.0_alpha_0.6,0.6900925925925926,0.6105279153010077,0.6109288835858248,False,zh,0.4576271186440678
deberta_full_klu_matern_kappa=2.0_nu=2.0_alpha_0.7,0.6905092592592593,0.6106911883388937,0.6110916031557857,False,zh,0.4576271186440678
deberta_full_klu_matern_kappa=2.0_nu=2.0_alpha_0.8,0.6913425925925927,0.6124123641454035,0.6128069444680362,False,zh,0.4576271186440678
deberta_full_klu_matern_kappa=2.0_nu=2.0_alpha_0.9,0.6923611111111111,0.6129404866288515,0.6133332767057776,False,zh,0.4576271186440678
deberta_full_klu_matern_kappa=2.0_nu=2.0_alpha_1.0,0.5,0.4196014094826398,0.4189546710075191,False,zh,0.4576271186440678
deberta_full_klu_maternn_kappa=2.0_nu=2.0_alpha_0.0,0.6906944444444444,0.6161675868411319,0.6165494375953045,False,zh,0.4576271186440678
deberta_full_klu_maternn_kappa=2.0_nu=2.0_alpha_0.1,0.6918518518518519,0.6150718999525233,0.6154574648995387,False,zh,0.4576271186440678
deberta_full_klu_maternn_kappa=2.0_nu=2.0_alpha_0.2,0.6931481481481481,0.6130584689840023,0.6134508591207415,False,zh,0.4576271186440678
deberta_full_klu_maternn_kappa=2.0_nu=2.0_alpha_0.3,0.6938425925925926,0.6156239606490307,0.6160076542038544,False,zh,0.4576271186440678
deberta_full_klu_maternn_kappa=2.0_nu=2.0_alpha_0.4,0.6940277777777778,0.6156281691087263,0.6160118483975849,False,zh,0.4576271186440678
deberta_full_klu_maternn_kappa=2.0_nu=2.0_alpha_0.5,0.6950462962962964,0.616145919637701,0.6165278438400207,False,zh,0.4576271186440678
deberta_full_klu_maternn_kappa=2.0_nu=2.0_alpha_0.6,0.6956018518518519,0.6164159028045222,0.6167969118096663,False,zh,0.4576271186440678
deberta_full_klu_maternn_kappa=2.0_nu=2.0_alpha_0.7,0.6957870370370371,0.6165251800079652,0.6169058185819111,False,zh,0.4576271186440678
deberta_full_klu_maternn_kappa=2.0_nu=2.0_alpha_0.8,0.696388888888889,0.6169018368754605,0.6172811986464659,False,zh,0.4576271186440678
deberta_full_klu_maternn_kappa=2.0_nu=2.0_alpha_0.9,0.6965277777777779,0.6156665257265366,0.6160500749929619,False,zh,0.4576271186440678
deberta_full_klu_maternn_kappa=2.0_nu=2.0_alpha_1.0,0.5,0.4196014094826398,0.4189546710075191,False,zh,0.4576271186440678
deberta_full_klu_matern_kappa=2.0_nu=3.0_alpha_0.0,0.6906944444444444,0.6161675868411319,0.6165494375953045,False,zh,0.4576271186440678
deberta_full_klu_matern_kappa=2.0_nu=3.0_alpha_0.1,0.6897222222222222,0.6134980866235482,0.6138889865310008,False,zh,0.4576271186440678
deberta_full_klu_matern_kappa=2.0_nu=3.0_alpha_0.2,0.6895370370370372,0.6106439409072728,0.61104451588495,False,zh,0.4576271186440678
deberta_full_klu_matern_kappa=2.0_nu=3.0_alpha_0.3,0.6893981481481481,0.6104995073747244,0.6109005719575966,False,zh,0.4576271186440678
deberta_full_klu_matern_kappa=2.0_nu=3.0_alpha_0.4,0.6890277777777778,0.6103004912893648,0.6107022305030348,False,zh,0.4576271186440678
deberta_full_klu_matern_kappa=2.0_nu=3.0_alpha_0.5,0.6892129629629631,0.6103363006351717,0.6107379184612288,False,zh,0.4576271186440678
deberta_full_klu_matern_kappa=2.0_nu=3.0_alpha_0.6,0.6891203703703705,0.6103203999208143,0.6107220716475981,False,zh,0.4576271186440678
deberta_full_klu_matern_kappa=2.0_nu=3.0_alpha_0.7,0.689212962962963,0.610044894154163,0.6104474997987998,False,zh,0.4576271186440678
deberta_full_klu_matern_kappa=2.0_nu=3.0_alpha_0.8,0.6900000000000001,0.6104360070188742,0.61083728685719,False,zh,0.4576271186440678
deberta_full_klu_matern_kappa=2.0_nu=3.0_alpha_0.9,0.6911111111111111,0.6121790540608598,0.6125744252651351,False,zh,0.4576271186440678
deberta_full_klu_matern_kappa=2.0_nu=3.0_alpha_1.0,0.5,0.4196014094826398,0.4189546710075191,False,zh,0.4576271186440678
deberta_full_klu_maternn_kappa=2.0_nu=3.0_alpha_0.0,0.6906944444444444,0.6161675868411319,0.6165494375953045,False,zh,0.4576271186440678
deberta_full_klu_maternn_kappa=2.0_nu=3.0_alpha_0.1,0.691574074074074,0.6149838835599872,0.6153697468676551,False,zh,0.4576271186440678
deberta_full_klu_maternn_kappa=2.0_nu=3.0_alpha_0.2,0.6927314814814816,0.6127688093893859,0.6131621814230559,False,zh,0.4576271186440678
deberta_full_klu_maternn_kappa=2.0_nu=3.0_alpha_0.3,0.6933333333333334,0.6152657248809421,0.6156506327943017,False,zh,0.4576271186440678
deberta_full_klu_maternn_kappa=2.0_nu=3.0_alpha_0.4,0.6937500000000001,0.6155042297153857,0.615888329137781,False,zh,0.4576271186440678
deberta_full_klu_maternn_kappa=2.0_nu=3.0_alpha_0.5,0.6946759259259261,0.6159554307301226,0.6163380006575527,False,zh,0.4576271186440678
deberta_full_klu_maternn_kappa=2.0_nu=3.0_alpha_0.6,0.6948611111111112,0.6159633230442089,0.616345866218032,False,zh,0.4576271186440678
deberta_full_klu_maternn_kappa=2.0_nu=3.0_alpha_0.7,0.6956481481481481,0.6165079699589393,0.6168886668720345,False,zh,0.4576271186440678
deberta_full_klu_maternn_kappa=2.0_nu=3.0_alpha_0.8,0.6960648148148149,0.6167360036341865,0.6171159275517724,False,zh,0.4576271186440678
deberta_full_klu_maternn_kappa=2.0_nu=3.0_alpha_0.9,0.6960185185185184,0.615455815971667,0.6158400795084478,False,zh,0.4576271186440678
deberta_full_klu_maternn_kappa=2.0_nu=3.0_alpha_1.0,0.5,0.4196014094826398,0.4189546710075191,False,zh,0.4576271186440678
deberta_full_klu_matern_kappa=3.0_nu=1.0_alpha_0.0,0.6906944444444444,0.6161675868411319,0.6165494375953045,False,zh,0.4576271186440678
deberta_full_klu_matern_kappa=3.0_nu=1.0_alpha_0.1,0.690324074074074,0.6112572066961087,0.6116557028067051,False,zh,0.4576271186440678
deberta_full_klu_matern_kappa=3.0_nu=1.0_alpha_0.2,0.6902777777777778,0.6111625245098777,0.6115613415770376,False,zh,0.4576271186440678
deberta_full_klu_matern_kappa=3.0_nu=1.0_alpha_0.3,0.6903240740740741,0.6111139512816787,0.6115129330038492,False,zh,0.4576271186440678
deberta_full_klu_matern_kappa=3.0_nu=1.0_alpha_0.4,0.6906944444444445,0.6112230473673781,0.6116216592723093,False,zh,0.4576271186440678
deberta_full_klu_matern_kappa=3.0_nu=1.0_alpha_0.5,0.6911111111111111,0.6111206748496623,0.6115196337800771,False,zh,0.4576271186440678
deberta_full_klu_matern_kappa=3.0_nu=1.0_alpha_0.6,0.6915277777777779,0.6112289228063812,0.61162751479457,False,zh,0.4576271186440678
deberta_full_klu_matern_kappa=3.0_nu=1.0_alpha_0.7,0.6920833333333334,0.614084746954666,0.6144736581830301,False,zh,0.4576271186440678
deberta_full_klu_matern_kappa=3.0_nu=1.0_alpha_0.8,0.6925462962962964,0.6131292146073402,0.6135213649284069,False,zh,0.4576271186440678
deberta_full_klu_matern_kappa=3.0_nu=1.0_alpha_0.9,0.6938425925925926,0.6138703380661654,0.6142599761043208,False,zh,0.4576271186440678
deberta_full_klu_matern_kappa=3.0_nu=1.0_alpha_1.0,0.5,0.4196014094826398,0.4189546710075191,False,zh,0.4576271186440678
deberta_full_klu_maternn_kappa=3.0_nu=1.0_alpha_0.0,0.6906944444444444,0.6161675868411319,0.6165494375953045,False,zh,0.4576271186440678
deberta_full_klu_maternn_kappa=3.0_nu=1.0_alpha_0.1,0.6915277777777779,0.6149555388887855,0.6153414982800846,False,zh,0.4576271186440678
deberta_full_klu_maternn_kappa=3.0_nu=1.0_alpha_0.2,0.6924537037037037,0.612621713808926,0.6130155844716825,False,zh,0.4576271186440678
deberta_full_klu_maternn_kappa=3.0_nu=1.0_alpha_0.3,0.692962962962963,0.6150977282500648,0.6154832056435291,False,zh,0.4576271186440678
deberta_full_klu_maternn_kappa=3.0_nu=1.0_alpha_0.4,0.693287037037037,0.6152810295543731,0.6156658855874837,False,zh,0.4576271186440678
deberta_full_klu_maternn_kappa=3.0_nu=1.0_alpha_0.5,0.6944444444444444,0.6158519676042247,0.6162348882541155,False,zh,0.4576271186440678
deberta_full_klu_maternn_kappa=3.0_nu=1.0_alpha_0.6,0.6944907407407408,0.6158097437752805,0.6161928075567948,False,zh,0.4576271186440678
deberta_full_klu_maternn_kappa=3.0_nu=1.0_alpha_0.7,0.6956018518518519,0.6164390009188117,0.6168199316252632,False,zh,0.4576271186440678
deberta_full_klu_maternn_kappa=3.0_nu=1.0_alpha_0.8,0.695787037037037,0.6165386708582665,0.6169192637005165,False,zh,0.4576271186440678
deberta_full_klu_maternn_kappa=3.0_nu=1.0_alpha_0.9,0.6961111111111112,0.6155028832067019,0.6158869871935334,False,zh,0.4576271186440678
deberta_full_klu_maternn_kappa=3.0_nu=1.0_alpha_1.0,0.5,0.4196014094826398,0.4189546710075191,False,zh,0.4576271186440678
deberta_full_klu_matern_kappa=3.0_nu=2.0_alpha_0.0,0.6906944444444444,0.6161675868411319,0.6165494375953045,False,zh,0.4576271186440678
deberta_full_klu_matern_kappa=3.0_nu=2.0_alpha_0.1,0.6898148148148148,0.6135554180171316,0.6139461235808771,False,zh,0.4576271186440678
deberta_full_klu_matern_kappa=3.0_nu=2.0_alpha_0.2,0.6894907407407408,0.6106201551692014,0.6110208107764992,False,zh,0.4576271186440678
deberta_full_klu_matern_kappa=3.0_nu=2.0_alpha_0.3,0.6892592592592592,0.6104256324165115,0.6108269474229708,False,zh,0.4576271186440678
deberta_full_klu_matern_kappa=3.0_nu=2.0_alpha_0.4,0.6891666666666666,0.6103652919227318,0.610766811473238,False,zh,0.4576271186440678
deberta_full_klu_matern_kappa=3.0_nu=2.0_alpha_0.5,0.6891666666666668,0.610314882832065,0.6107165732608445,False,zh,0.4576271186440678
deberta_full_klu_matern_kappa=3.0_nu=2.0_alpha_0.6,0.6889814814814814,0.6102182391193949,0.61062025715398,False,zh,0.4576271186440678
deberta_full_klu_matern_kappa=3.0_nu=2.0_alpha_0.7,0.6889814814814815,0.610154935433197,0.610557168056549,False,zh,0.4576271186440678
deberta_full_klu_matern_kappa=3.0_nu=2.0_alpha_0.8,0.69,0.6104383267320697,0.6108395987069509,False,zh,0.4576271186440678
deberta_full_klu_matern_kappa=3.0_nu=2.0_alpha_0.9,0.6908796296296297,0.6133896217815654,0.6137808893664484,False,zh,0.4576271186440678
deberta_full_klu_matern_kappa=3.0_nu=2.0_alpha_1.0,0.5,0.4196014094826398,0.4189546710075191,False,zh,0.4576271186440678
deberta_full_klu_maternn_kappa=3.0_nu=2.0_alpha_0.0,0.6906944444444444,0.6161675868411319,0.6165494375953045,False,zh,0.4576271186440678
deberta_full_klu_maternn_kappa=3.0_nu=2.0_alpha_0.1,0.6910185185185186,0.6145667704575974,0.6149540477079853,False,zh,0.4576271186440678
deberta_full_klu_maternn_kappa=3.0_nu=2.0_alpha_0.2,0.69125,0.6118620577693417,0.6122585035373169,False,zh,0.4576271186440678
deberta_full_klu_maternn_kappa=3.0_nu=2.0_alpha_0.3,0.6916203703703704,0.6120295056430618,0.6124253837911262,False,zh,0.4576271186440678
deberta_full_klu_maternn_kappa=3.0_nu=2.0_alpha_0.4,0.6923148148148148,0.6123128612493294,0.6127077788699149,False,zh,0.4576271186440678
deberta_full_klu_maternn_kappa=3.0_nu=2.0_alpha_0.5,0.6924537037037037,0.6145438944117448,0.6149312492080509,False,zh,0.4576271186440678
deberta_full_klu_maternn_kappa=3.0_nu=2.0_alpha_0.6,0.6930555555555555,0.6148536154953923,0.6152399203897199,False,zh,0.4576271186440678
deberta_full_klu_maternn_kappa=3.0_nu=2.0_alpha_0.7,0.6937037037037038,0.6153216875225523,0.615706405732042,False,zh,0.4576271186440678
deberta_full_klu_maternn_kappa=3.0_nu=2.0_alpha_0.8,0.6945833333333332,0.6145596110216519,0.6149469125413142,False,zh,0.4576271186440678
deberta_full_klu_maternn_kappa=3.0_nu=2.0_alpha_0.9,0.6952314814814816,0.6149295319693738,0.6153155795197218,False,zh,0.4576271186440678
deberta_full_klu_maternn_kappa=3.0_nu=2.0_alpha_1.0,0.5,0.4196014094826398,0.4189546710075191,False,zh,0.4576271186440678
deberta_full_klu_matern_kappa=3.0_nu=3.0_alpha_0.0,0.6906944444444444,0.6161675868411319,0.6165494375953045,False,zh,0.4576271186440678
deberta_full_klu_matern_kappa=3.0_nu=3.0_alpha_0.1,0.6895370370370371,0.6133619985997322,0.6137533598225197,False,zh,0.4576271186440678
deberta_full_klu_matern_kappa=3.0_nu=3.0_alpha_0.2,0.6893055555555555,0.6105038990053376,0.6109049487013264,False,zh,0.4576271186440678
deberta_full_klu_matern_kappa=3.0_nu=3.0_alpha_0.3,0.6891203703703703,0.6103717288772927,0.6107732266076139,False,zh,0.4576271186440678
deberta_full_klu_matern_kappa=3.0_nu=3.0_alpha_0.4,0.6893518518518519,0.6105086717752966,0.6109097052924041,False,zh,0.4576271186440678
deberta_full_klu_matern_kappa=3.0_nu=3.0_alpha_0.5,0.68875,0.6101020586276595,0.61050447049442,False,zh,0.4576271186440678
deberta_full_klu_matern_kappa=3.0_nu=3.0_alpha_0.6,0.6886111111111113,0.6100295698377424,0.6104322274292144,False,zh,0.4576271186440678
deberta_full_klu_matern_kappa=3.0_nu=3.0_alpha_0.7,0.6881944444444444,0.6096999304857539,0.6101037054987581,False,zh,0.4576271186440678
deberta_full_klu_matern_kappa=3.0_nu=3.0_alpha_0.8,0.6886111111111111,0.6099137409279436,0.610316791159788,False,zh,0.4576271186440678
deberta_full_klu_matern_kappa=3.0_nu=3.0_alpha_0.9,0.6895833333333333,0.6127124016419865,0.6131059648883596,False,zh,0.4576271186440678
deberta_full_klu_matern_kappa=3.0_nu=3.0_alpha_1.0,0.5,0.4196014094826398,0.4189546710075191,False,zh,0.4576271186440678
deberta_full_klu_maternn_kappa=3.0_nu=3.0_alpha_0.0,0.6906944444444444,0.6161675868411319,0.6165494375953045,False,zh,0.4576271186440678
deberta_full_klu_maternn_kappa=3.0_nu=3.0_alpha_0.1,0.6910185185185185,0.6117445423903158,0.6121413865155082,False,zh,0.4576271186440678
deberta_full_klu_maternn_kappa=3.0_nu=3.0_alpha_0.2,0.6911111111111111,0.6116882195925747,0.6120852546425051,False,zh,0.4576271186440678
deberta_full_klu_maternn_kappa=3.0_nu=3.0_alpha_0.3,0.6915277777777779,0.6118136091694264,0.6122102191699436,False,zh,0.4576271186440678
deberta_full_klu_maternn_kappa=3.0_nu=3.0_alpha_0.4,0.6915740740740741,0.6117261540437093,0.6121230605022799,False,zh,0.4576271186440678
deberta_full_klu_maternn_kappa=3.0_nu=3.0_alpha_0.5,0.6919444444444445,0.6119160845985594,0.6123123472247406,False,zh,0.4576271186440678
deberta_full_klu_maternn_kappa=3.0_nu=3.0_alpha_0.6,0.6926388888888889,0.6145509398761873,0.6149382707895629,False,zh,0.4576271186440678
deberta_full_klu_maternn_kappa=3.0_nu=3.0_alpha_0.7,0.6925925925925926,0.6145815052428887,0.6149687325448517,False,zh,0.4576271186440678
deberta_full_klu_maternn_kappa=3.0_nu=3.0_alpha_0.8,0.6935185185185186,0.613731809411883,0.6141219170386971,False,zh,0.4576271186440678
deberta_full_klu_maternn_kappa=3.0_nu=3.0_alpha_0.9,0.6948611111111112,0.6147163177124029,0.6151030880229439,False,zh,0.4576271186440678
deberta_full_klu_maternn_kappa=3.0_nu=3.0_alpha_1.0,0.5,0.4196014094826398,0.4189546710075191,False,zh,0.4576271186440678
heat_t=0.1_kernel_entropy_s,0.5390034186263337,0.6950330592483402,0.6955037888952432,True,fr,0.6677966101694915
heat_t=0.1_kernel_entropy,0.5390034186263337,0.6950330592483402,0.6955037888952432,True,fr,0.6677966101694915
heatn_t=0.1_kernel_entropy_s,0.5520563555371387,0.7113491881557381,0.7100696936368533,True,fr,0.6677966101694915
heatn_t=0.1_kernel_entropy,0.5520563555371387,0.7113491881557381,0.7100696936368533,True,fr,0.6677966101694915
heat_t=0.2_kernel_entropy_s,0.5411271107427742,0.6975728333050025,0.6980349535483237,True,fr,0.6677966101694915
heat_t=0.2_kernel_entropy,0.5411271107427742,0.6975728333050025,0.6980349535483237,True,fr,0.6677966101694915
heatn_t=0.2_kernel_entropy_s,0.5551641976587589,0.7129499844654776,0.7116650635184242,True,fr,0.6677966101694915
heatn_t=0.2_kernel_entropy,0.5551641976587589,0.7129499844654776,0.7116650635184242,True,fr,0.6677966101694915
heat_t=0.3_kernel_entropy_s,0.541619185745364,0.6992886981397102,0.6997450018920662,True,fr,0.6677966101694915
heat_t=0.3_kernel_entropy,0.541619185745364,0.6992886981397102,0.6997450018920662,True,fr,0.6677966101694915
heatn_t=0.3_kernel_entropy_s,0.5573914845125867,0.7139325111527273,0.7126442596067342,True,fr,0.6677966101694915
heatn_t=0.3_kernel_entropy,0.5573914845125867,0.7139325111527273,0.7126442596067342,True,fr,0.6677966101694915
heat_t=0.4_kernel_entropy_s,0.5422925515383819,0.6983574256465165,0.6988168862547817,True,fr,0.6677966101694915
heat_t=0.4_kernel_entropy,0.5422925515383819,0.6983574256465165,0.6988168862547817,True,fr,0.6677966101694915
heatn_t=0.4_kernel_entropy_s,0.562389930591526,0.7148861323820117,0.7135946482216818,True,fr,0.6677966101694915
heatn_t=0.4_kernel_entropy,0.562389930591526,0.7148861323820117,0.7135946482216818,True,fr,0.6677966101694915
heat_t=0.5_kernel_entropy_s,0.5433802962809489,0.6991242403525734,0.6995811015889537,True,fr,0.6677966101694915
heat_t=0.5_kernel_entropy,0.5433802962809489,0.6991242403525734,0.6995811015889537,True,fr,0.6677966101694915
heatn_t=0.5_kernel_entropy_s,0.5660416450844297,0.7173965911521447,0.7160965969620857,True,fr,0.6677966101694915
heatn_t=0.5_kernel_entropy,0.5660416450844297,0.7173965911521447,0.7160965969620857,True,fr,0.6677966101694915
heat_t=0.6_kernel_entropy_s,0.5438464725991919,0.6992658875967503,0.6997222686729808,True,fr,0.6677966101694915
heat_t=0.6_kernel_entropy,0.5438464725991919,0.6992658875967503,0.6997222686729808,True,fr,0.6677966101694915
heatn_t=0.6_kernel_entropy_s,0.5672329845643841,0.717216400130826,0.7159170167577884,True,fr,0.6677966101694915
heatn_t=0.6_kernel_entropy,0.5672329845643841,0.717216400130826,0.7159170167577884,True,fr,0.6677966101694915
heat_t=0.7_kernel_entropy_s,0.5442608515487413,0.6975934267230695,0.6980554771581938,True,fr,0.6677966101694915
heat_t=0.7_kernel_entropy,0.5442608515487413,0.6975934267230695,0.6980554771581938,True,fr,0.6677966101694915
heatn_t=0.7_kernel_entropy_s,0.570392624054698,0.7187273785200963,0.7174228731864171,True,fr,0.6677966101694915
heatn_t=0.7_kernel_entropy,0.570392624054698,0.7187273785200963,0.7174228731864171,True,fr,0.6677966101694915
matern_kappa=1.0_nu=1.0_kernel_entropy_s,0.5524189371179944,0.7014600100126258,0.7019089533857517,True,fr,0.6677966101694915
matern_kappa=1.0_nu=1.0_kernel_entropy,0.5524189371179944,0.7014600100126258,0.7019089533857517,True,fr,0.6677966101694915
maternn_kappa=1.0_nu=1.0_kernel_entropy_s,0.5695638661555993,0.7177359027195889,0.7164347583208266,True,fr,0.6677966101694915
maternn_kappa=1.0_nu=1.0_kernel_entropy,0.5695638661555993,0.7177359027195889,0.7164347583208266,True,fr,0.6677966101694915
matern_kappa=1.0_nu=2.0_kernel_entropy_s,0.5466435305086502,0.6992668718855638,0.699723249625222,True,fr,0.6677966101694915
matern_kappa=1.0_nu=2.0_kernel_entropy,0.5466435305086502,0.6992668718855638,0.699723249625222,True,fr,0.6677966101694915
maternn_kappa=1.0_nu=2.0_kernel_entropy_s,0.5671811871956904,0.7172166478378241,0.7159172636251018,True,fr,0.6677966101694915
maternn_kappa=1.0_nu=2.0_kernel_entropy,0.5671811871956904,0.7172166478378241,0.7159172636251018,True,fr,0.6677966101694915
matern_kappa=1.0_nu=3.0_kernel_entropy_s,0.5447529265513312,0.6986019315093527,0.6990605632841846,True,fr,0.6677966101694915
matern_kappa=1.0_nu=3.0_kernel_entropy,0.5447529265513312,0.6986019315093527,0.6990605632841846,True,fr,0.6677966101694915
maternn_kappa=1.0_nu=3.0_kernel_entropy_s,0.5662488345592044,0.717179403662436,0.7158801457011558,True,fr,0.6677966101694915
maternn_kappa=1.0_nu=3.0_kernel_entropy,0.5662488345592044,0.717179403662436,0.7158801457011558,True,fr,0.6677966101694915
matern_kappa=2.0_nu=1.0_kernel_entropy_s,0.5502952450015539,0.6981841660148603,0.6986442139439109,True,fr,0.6677966101694915
matern_kappa=2.0_nu=1.0_kernel_entropy,0.5502952450015539,0.6981841660148603,0.6986442139439109,True,fr,0.6677966101694915
maternn_kappa=2.0_nu=1.0_kernel_entropy_s,0.5839117372837461,0.717760773339137,0.71645954463319,True,fr,0.6677966101694915
maternn_kappa=2.0_nu=1.0_kernel_entropy,0.5839117372837461,0.717760773339137,0.71645954463319,True,fr,0.6677966101694915
matern_kappa=2.0_nu=2.0_kernel_entropy_s,0.5449083186574123,0.6938323397615911,0.6943071396440424,True,fr,0.6677966101694915
matern_kappa=2.0_nu=2.0_kernel_entropy,0.5449083186574122,0.6938331927079522,0.6943079896990598,True,fr,0.6677966101694915
maternn_kappa=2.0_nu=2.0_kernel_entropy_s,0.5766860043509789,0.7084771716065068,0.7072074127369415,True,fr,0.6677966101694915
maternn_kappa=2.0_nu=2.0_kernel_entropy,0.5766860043509789,0.7084771716065068,0.7072074127369415,True,fr,0.6677966101694915
matern_kappa=2.0_nu=3.0_kernel_entropy_s,0.5428623225940122,0.692780940820116,0.6932593047667757,True,fr,0.6677966101694915
matern_kappa=2.0_nu=3.0_kernel_entropy,0.5429141199627059,0.692780940820116,0.6932593047667757,True,fr,0.6677966101694915
maternn_kappa=2.0_nu=3.0_kernel_entropy_s,0.5719206464311613,0.7053624961214798,0.7041032954738977,True,fr,0.6677966101694915
maternn_kappa=2.0_nu=3.0_kernel_entropy,0.5719206464311613,0.7053624961214798,0.7041032954738977,True,fr,0.6677966101694915
matern_kappa=3.0_nu=1.0_kernel_entropy_s,0.5411530094271212,0.6927233368730685,0.6932018960873454,True,fr,0.6677966101694915
matern_kappa=3.0_nu=1.0_kernel_entropy,0.5411530094271211,0.6927233368730685,0.6932018960873454,True,fr,0.6677966101694915
maternn_kappa=3.0_nu=1.0_kernel_entropy_s,0.5647985082357816,0.7067223577712074,0.707153462677355,True,fr,0.6677966101694915
maternn_kappa=3.0_nu=1.0_kernel_entropy,0.5647985082357816,0.7067223577712074,0.707153462677355,True,fr,0.6677966101694915
matern_kappa=3.0_nu=2.0_kernel_entropy_s,0.5350927172899617,0.6859083567794793,0.686410017621192,True,fr,0.6677966101694915
matern_kappa=3.0_nu=2.0_kernel_entropy,0.5350927172899617,0.6858917647768246,0.6863934818626141,True,fr,0.6677966101694915
maternn_kappa=3.0_nu=2.0_kernel_entropy_s,0.5486895265720502,0.6985476792670906,0.6990064949478284,True,fr,0.6677966101694915
maternn_kappa=3.0_nu=2.0_kernel_entropy,0.5486636278877034,0.6985316351135802,0.698990505181279,True,fr,0.6677966101694915
matern_kappa=3.0_nu=3.0_kernel_entropy_s,0.5319330777996478,0.6838523146864814,0.6843609451624079,True,fr,0.6677966101694915
matern_kappa=3.0_nu=3.0_kernel_entropy,0.5319330777996478,0.6838523146864814,0.6843609451624079,True,fr,0.6677966101694915
maternn_kappa=3.0_nu=3.0_kernel_entropy_s,0.5404278462654097,0.6898400648952345,0.6903283979128261,True,fr,0.6677966101694915
maternn_kappa=3.0_nu=3.0_kernel_entropy,0.5404278462654097,0.6898400648952345,0.6903283979128261,True,fr,0.6677966101694915
weighted_heat_t=0.1_kernel_entropy_s,0.5559929555578577,0.7018320382382564,0.702279720498753,True,fr,0.6677966101694915
weighted_heat_t=0.1_kernel_entropy,0.5559929555578577,0.7018320382382564,0.702279720498753,True,fr,0.6677966101694915
weighted_heatn_t=0.1_kernel_entropy_s,0.41867813115093755,0.6157409746196736,0.6147855757398941,True,fr,0.6677966101694915
weighted_heatn_t=0.1_kernel_entropy,0.41867813115093755,0.6157409746196736,0.6147855757398941,True,fr,0.6677966101694915
weighted_heat_t=0.2_kernel_entropy_s,0.5587900134673158,0.7038271057450742,0.7042680250648699,True,fr,0.6677966101694915
weighted_heat_t=0.2_kernel_entropy,0.5587900134673158,0.7038271057450742,0.7042680250648699,True,fr,0.6677966101694915
weighted_heatn_t=0.2_kernel_entropy_s,0.4188853206257122,0.615892824894867,0.6149369112683919,True,fr,0.6677966101694915
weighted_heatn_t=0.2_kernel_entropy,0.4188853206257122,0.615892824894867,0.6149369112683919,True,fr,0.6677966101694915
weighted_heat_t=0.3_kernel_entropy_s,0.5618978555889361,0.70471087158871,0.7051487950920864,True,fr,0.6677966101694915
weighted_heat_t=0.3_kernel_entropy,0.5618978555889361,0.70471087158871,0.7051487950920864,True,fr,0.6677966101694915
weighted_heatn_t=0.3_kernel_entropy_s,0.4189371179944059,0.6161528968579821,0.6151961016316322,True,fr,0.6677966101694915
weighted_heatn_t=0.3_kernel_entropy,0.4189371179944059,0.6161528968579821,0.6151961016316322,True,fr,0.6677966101694915
weighted_heat_t=0.4_kernel_entropy_s,0.5622604371697918,0.7038928648436358,0.7043335612512327,True,fr,0.6677966101694915
weighted_heat_t=0.4_kernel_entropy,0.5622604371697918,0.7038928648436358,0.7043335612512327,True,fr,0.6677966101694915
weighted_heatn_t=0.4_kernel_entropy_s,0.4193514969439553,0.6167607430087982,0.6158018872870218,True,fr,0.6677966101694915
weighted_heatn_t=0.4_kernel_entropy,0.4193514969439553,0.6167607430087982,0.6158018872870218,True,fr,0.6677966101694915
weighted_heat_t=0.5_kernel_entropy_s,0.5643841292862323,0.7046664240866396,0.7051044982595145,True,fr,0.6677966101694915
weighted_heat_t=0.5_kernel_entropy,0.5643841292862323,0.7046664240866396,0.7051044982595145,True,fr,0.6677966101694915
weighted_heatn_t=0.5_kernel_entropy_s,0.4197658758935046,0.6171109488202031,0.616150905960083,True,fr,0.6677966101694915
weighted_heatn_t=0.5_kernel_entropy,0.4197658758935046,0.6171109488202031,0.616150905960083,True,fr,0.6677966101694915
weighted_heat_t=0.6_kernel_entropy_s,0.5639179529679893,0.703207353159197,0.7036503733352157,True,fr,0.6677966101694915
weighted_heat_t=0.6_kernel_entropy,0.5639179529679893,0.703207353159197,0.7036503733352157,True,fr,0.6677966101694915
weighted_heatn_t=0.6_kernel_entropy_s,0.4199730653682794,0.6174307531594044,0.6164696262167786,True,fr,0.6677966101694915
weighted_heatn_t=0.6_kernel_entropy,0.4199730653682794,0.6174307531594044,0.6164696262167786,True,fr,0.6677966101694915
weighted_heat_t=0.7_kernel_entropy_s,0.5630373977001969,0.702018164422485,0.7024652157467638,True,fr,0.6677966101694915
weighted_heat_t=0.7_kernel_entropy,0.5630373977001969,0.702018164422485,0.7024652157467638,True,fr,0.6677966101694915
weighted_heatn_t=0.7_kernel_entropy_s,0.4197658758935046,0.6170334406948157,0.6160736605741036,True,fr,0.6677966101694915
weighted_heatn_t=0.7_kernel_entropy,0.4197658758935046,0.6170334406948157,0.6160736605741036,True,fr,0.6677966101694915
weighted_matern_kappa=1.0_nu=1.0_kernel_entropy_s,0.5613798819019994,0.7040366011694622,0.7044768103352766,True,fr,0.6677966101694915
weighted_matern_kappa=1.0_nu=1.0_kernel_entropy,0.5613798819019994,0.7040366011694622,0.7044768103352766,True,fr,0.6677966101694915
weighted_maternn_kappa=1.0_nu=1.0_kernel_entropy_s,0.4199212679995856,0.6166177483823349,0.6156593773881058,True,fr,0.6677966101694915
weighted_maternn_kappa=1.0_nu=1.0_kernel_entropy,0.4199212679995856,0.6166177483823349,0.6156593773881058,True,fr,0.6677966101694915
weighted_matern_kappa=1.0_nu=2.0_kernel_entropy_s,0.5613798819019994,0.7047598653291828,0.705197622752083,True,fr,0.6677966101694915
weighted_matern_kappa=1.0_nu=2.0_kernel_entropy,0.5613798819019994,0.7047598653291828,0.705197622752083,True,fr,0.6677966101694915
weighted_maternn_kappa=1.0_nu=2.0_kernel_entropy_s,0.41976587589350467,0.6172580045747448,0.6162974632205414,True,fr,0.6677966101694915
weighted_maternn_kappa=1.0_nu=2.0_kernel_entropy,0.41976587589350467,0.6172580045747448,0.6162974632205414,True,fr,0.6677966101694915
weighted_matern_kappa=1.0_nu=3.0_kernel_entropy_s,0.5618978555889361,0.7037423863485048,0.7041835928526955,True,fr,0.6677966101694915
weighted_matern_kappa=1.0_nu=3.0_kernel_entropy,0.5618978555889361,0.7037423863485048,0.7041835928526955,True,fr,0.6677966101694915
weighted_maternn_kappa=1.0_nu=3.0_kernel_entropy_s,0.4200248627369729,0.6175031242564152,0.6165417519880366,True,fr,0.6677966101694915
weighted_maternn_kappa=1.0_nu=3.0_kernel_entropy,0.4200248627369729,0.6175031242564152,0.6165417519880366,True,fr,0.6677966101694915
weighted_matern_kappa=2.0_nu=1.0_kernel_entropy_s,0.561431679270693,0.7028289894023011,0.7032732921673264,True,fr,0.6677966101694915
weighted_matern_kappa=2.0_nu=1.0_kernel_entropy,0.561431679270693,0.7028289894023011,0.7032732921673264,True,fr,0.6677966101694915
weighted_maternn_kappa=2.0_nu=1.0_kernel_entropy_s,0.44866880762457273,0.6244240624688532,0.6234392293929748,True,fr,0.6677966101694915
weighted_maternn_kappa=2.0_nu=1.0_kernel_entropy,0.44866880762457273,0.6244240624688532,0.6234392293929748,True,fr,0.6677966101694915
weighted_matern_kappa=2.0_nu=2.0_kernel_entropy_s,0.5623122345384854,0.7029089326913758,0.7033529644622007,True,fr,0.6677966101694915
weighted_matern_kappa=2.0_nu=2.0_kernel_entropy,0.5623122345384854,0.7029089326913758,0.7033529644622007,True,fr,0.6677966101694915
weighted_maternn_kappa=2.0_nu=2.0_kernel_entropy_s,0.46125556821713465,0.6267567383272695,0.6257639978756,True,fr,0.6677966101694915
weighted_maternn_kappa=2.0_nu=2.0_kernel_entropy,0.46125556821713465,0.6267567383272695,0.6257639978756,True,fr,0.6677966101694915
weighted_matern_kappa=2.0_nu=3.0_kernel_entropy_s,0.5618460582202424,0.7023384035693443,0.7027843693371932,True,fr,0.6677966101694915
weighted_matern_kappa=2.0_nu=3.0_kernel_entropy,0.5618460582202424,0.7023384035693443,0.7027843693371932,True,fr,0.6677966101694915
weighted_maternn_kappa=2.0_nu=3.0_kernel_entropy_s,0.4728063814358231,0.6324332733521403,0.6314212904088611,True,fr,0.6677966101694915
weighted_maternn_kappa=2.0_nu=3.0_kernel_entropy,0.4728063814358231,0.6324332733521403,0.6314212904088611,True,fr,0.6677966101694915
weighted_matern_kappa=3.0_nu=1.0_kernel_entropy_s,0.5606029213715943,0.7021253587937492,0.702572046747278,True,fr,0.6677966101694915
weighted_matern_kappa=3.0_nu=1.0_kernel_entropy,0.5606029213715943,0.7021253587937492,0.702572046747278,True,fr,0.6677966101694915
weighted_maternn_kappa=3.0_nu=1.0_kernel_entropy_s,0.5466176318243032,0.7032188252045254,0.7019668912380176,True,fr,0.6677966101694915
weighted_maternn_kappa=3.0_nu=1.0_kernel_entropy,0.5466176318243032,0.7032188252045254,0.7019668912380176,True,fr,0.6677966101694915
weighted_matern_kappa=3.0_nu=2.0_kernel_entropy_s,0.5621050450637107,0.702719454464924,0.7031641285348217,True,fr,0.6677966101694915
weighted_matern_kappa=3.0_nu=2.0_kernel_entropy,0.5621050450637107,0.702719454464924,0.7031641285348217,True,fr,0.6677966101694915
weighted_maternn_kappa=3.0_nu=2.0_kernel_entropy_s,0.5614834766393867,0.7235633780739809,0.7239373947757122,True,fr,0.6677966101694915
weighted_maternn_kappa=3.0_nu=2.0_kernel_entropy,0.5614834766393867,0.7235633780739809,0.7239373947757122,True,fr,0.6677966101694915
weighted_matern_kappa=3.0_nu=3.0_kernel_entropy_s,0.5633481819123589,0.7034478076901043,0.7038900127660184,True,fr,0.6677966101694915
weighted_matern_kappa=3.0_nu=3.0_kernel_entropy,0.5633481819123589,0.7034478076901043,0.7038900127660184,True,fr,0.6677966101694915
weighted_maternn_kappa=3.0_nu=3.0_kernel_entropy_s,0.5687869056251942,0.7264791902463272,0.7268433228389997,True,fr,0.6677966101694915
weighted_maternn_kappa=3.0_nu=3.0_kernel_entropy,0.5687869056251942,0.7264791902463272,0.7268433228389997,True,fr,0.6677966101694915
weighted_deberta_heat_t=0.1_kernel_entropy_s,0.5280741738319693,0.6886431201258432,0.689135510583331,True,fr,0.6677966101694915
weighted_deberta_heat_t=0.1_kernel_entropy,0.5280741738319693,0.6886431201258432,0.689135510583331,True,fr,0.6677966101694915
weighted_deberta_heatn_t=0.1_kernel_entropy_s,0.4947684657619393,0.6541421926617963,0.6547515354157721,True,fr,0.6677966101694915
weighted_deberta_heatn_t=0.1_kernel_entropy,0.4947684657619393,0.6541421926617963,0.6547515354157721,True,fr,0.6677966101694915
weighted_deberta_heat_t=0.2_kernel_entropy_s,0.5274526054076454,0.6879210615090425,0.6884158996228587,True,fr,0.6677966101694915
weighted_deberta_heat_t=0.2_kernel_entropy,0.5274526054076454,0.6879210615090425,0.6884158996228587,True,fr,0.6677966101694915
weighted_deberta_heatn_t=0.2_kernel_entropy_s,0.4956490210297317,0.6537146281399975,0.6543254202652339,True,fr,0.6677966101694915
weighted_deberta_heatn_t=0.2_kernel_entropy,0.4956490210297317,0.6537146281399975,0.6543254202652339,True,fr,0.6677966101694915
weighted_deberta_heat_t=0.3_kernel_entropy_s,0.5267792396146276,0.6868451664947554,0.6873436517103146,True,fr,0.6677966101694915
weighted_deberta_heat_t=0.3_kernel_entropy,0.5267792396146276,0.6868451664947554,0.6873436517103146,True,fr,0.6677966101694915
weighted_deberta_heatn_t=0.3_kernel_entropy_s,0.49533823681756967,0.6527760430775745,0.6533900168470904,True,fr,0.6677966101694915
weighted_deberta_heatn_t=0.3_kernel_entropy,0.49533823681756967,0.6527760430775745,0.6533900168470904,True,fr,0.6677966101694915
weighted_deberta_heat_t=0.4_kernel_entropy_s,0.5257432922407541,0.6836722409097685,0.6841814818052769,True,fr,0.6677966101694915
weighted_deberta_heat_t=0.4_kernel_entropy,0.5257432922407541,0.6836722409097685,0.6841814818052769,True,fr,0.6677966101694915
weighted_deberta_heatn_t=0.4_kernel_entropy_s,0.4959598052418937,0.6520792902916503,0.6526956259350168,True,fr,0.6677966101694915
weighted_deberta_heatn_t=0.4_kernel_entropy,0.4959598052418937,0.6520792902916503,0.6526956259350168,True,fr,0.6677966101694915
weighted_deberta_heat_t=0.5_kernel_entropy_s,0.5234642080182327,0.6808142575931053,0.6813331865676533,True,fr,0.6677966101694915
weighted_deberta_heat_t=0.5_kernel_entropy,0.5234642080182327,0.6808142575931053,0.6813331865676533,True,fr,0.6677966101694915
weighted_deberta_heatn_t=0.5_kernel_entropy_s,0.4958044131358127,0.6497754969166661,0.6503996420291002,True,fr,0.6677966101694915
weighted_deberta_heatn_t=0.5_kernel_entropy,0.4958044131358127,0.6497754969166661,0.6503996420291002,True,fr,0.6677966101694915
weighted_deberta_heat_t=0.6_kernel_entropy_s,0.5219102869574226,0.6776856751969497,0.6782152095355524,True,fr,0.6677966101694915
weighted_deberta_heat_t=0.6_kernel_entropy,0.5219102869574226,0.6776856751969497,0.6782152095355524,True,fr,0.6677966101694915
weighted_deberta_heatn_t=0.6_kernel_entropy_s,0.4958044131358127,0.6486402145490741,0.6492682080763137,True,fr,0.6677966101694915
weighted_deberta_heatn_t=0.6_kernel_entropy,0.4958044131358127,0.6486402145490741,0.6492682080763137,True,fr,0.6677966101694915
weighted_deberta_heat_t=0.7_kernel_entropy_s,0.5207189474774682,0.6764705124043211,0.677004165938831,True,fr,0.6677966101694915
weighted_deberta_heat_t=0.7_kernel_entropy,0.5207189474774682,0.6764705124043211,0.677004165938831,True,fr,0.6677966101694915
weighted_deberta_heatn_t=0.7_kernel_entropy_s,0.49647777892883044,0.6478603186687498,0.6484909559108379,True,fr,0.6677966101694915
weighted_deberta_heatn_t=0.7_kernel_entropy,0.49647777892883044,0.6478603186687498,0.6484909559108379,True,fr,0.6677966101694915
weighted_deberta_matern_kappa=1.0_nu=1.0_kernel_entropy_s,0.5260022790842226,0.6817652610690044,0.682280966302956,True,fr,0.6677966101694915
weighted_deberta_matern_kappa=1.0_nu=1.0_kernel_entropy,0.5260022790842226,0.6817652610690044,0.682280966302956,True,fr,0.6677966101694915
weighted_deberta_maternn_kappa=1.0_nu=1.0_kernel_entropy_s,0.496218792085362,0.6471681354455816,0.647801119071477,True,fr,0.6677966101694915
weighted_deberta_maternn_kappa=1.0_nu=1.0_kernel_entropy,0.496218792085362,0.6471681354455816,0.647801119071477,True,fr,0.6677966101694915
weighted_deberta_matern_kappa=1.0_nu=2.0_kernel_entropy_s,0.5252253185538175,0.6819860754806918,0.6825010321912139,True,fr,0.6677966101694915
weighted_deberta_matern_kappa=1.0_nu=2.0_kernel_entropy,0.5252253185538175,0.6819860754806918,0.6825010321912139,True,fr,0.6677966101694915
weighted_deberta_maternn_kappa=1.0_nu=2.0_kernel_entropy_s,0.4961669947166684,0.6496745605285836,0.6502990477982655,True,fr,0.6677966101694915
weighted_deberta_maternn_kappa=1.0_nu=2.0_kernel_entropy,0.4961669947166684,0.6496745605285836,0.6502990477982655,True,fr,0.6677966101694915
weighted_deberta_matern_kappa=1.0_nu=3.0_kernel_entropy_s,0.5247073448668806,0.6819486800798589,0.6824637635544518,True,fr,0.6677966101694915
weighted_deberta_matern_kappa=1.0_nu=3.0_kernel_entropy,0.5247073448668806,0.6819486800798589,0.6824637635544518,True,fr,0.6677966101694915
weighted_deberta_maternn_kappa=1.0_nu=3.0_kernel_entropy_s,0.49590800787320005,0.6496120945107245,0.6502367935296195,True,fr,0.6677966101694915
weighted_deberta_maternn_kappa=1.0_nu=3.0_kernel_entropy,0.49590800787320005,0.6496120945107245,0.6502367935296195,True,fr,0.6677966101694915
weighted_deberta_matern_kappa=2.0_nu=1.0_kernel_entropy_s,0.5178182948306226,0.6773953045273459,0.6779258231733032,True,fr,0.6677966101694915
weighted_deberta_matern_kappa=2.0_nu=1.0_kernel_entropy,0.5178182948306226,0.6773953045273459,0.6779258231733032,True,fr,0.6677966101694915
weighted_deberta_maternn_kappa=2.0_nu=1.0_kernel_entropy_s,0.4976173210400912,0.6408869523927214,0.6415412281645589,True,fr,0.6677966101694915
weighted_deberta_maternn_kappa=2.0_nu=1.0_kernel_entropy,0.4976173210400912,0.6408869523927214,0.6415412281645589,True,fr,0.6677966101694915
weighted_deberta_matern_kappa=2.0_nu=2.0_kernel_entropy_s,0.5148140474463897,0.6741886918507363,0.6747300803701736,True,fr,0.6677966101694915
weighted_deberta_matern_kappa=2.0_nu=2.0_kernel_entropy,0.5148140474463897,0.6741886918507363,0.6747300803701736,True,fr,0.6677966101694915
weighted_deberta_maternn_kappa=2.0_nu=2.0_kernel_entropy_s,0.4898477157360406,0.6365496930355866,0.637218671381516,True,fr,0.6677966101694915
weighted_deberta_maternn_kappa=2.0_nu=2.0_kernel_entropy,0.4898477157360406,0.6365496930355866,0.637218671381516,True,fr,0.6677966101694915
weighted_deberta_matern_kappa=2.0_nu=3.0_kernel_entropy_s,0.5125867605925619,0.673760912295667,0.674303750915291,True,fr,0.6677966101694915
weighted_deberta_matern_kappa=2.0_nu=3.0_kernel_entropy,0.5125867605925619,0.673760912295667,0.674303750915291,True,fr,0.6677966101694915
weighted_deberta_maternn_kappa=2.0_nu=3.0_kernel_entropy_s,0.4868434683518078,0.6346342776515964,0.6353097489310309,True,fr,0.6677966101694915
weighted_deberta_maternn_kappa=2.0_nu=3.0_kernel_entropy,0.4868434683518078,0.6346342776515964,0.6353097489310309,True,fr,0.6677966101694915
weighted_deberta_matern_kappa=3.0_nu=1.0_kernel_entropy_s,0.513985289547291,0.6748380085390457,0.6753771959849633,True,fr,0.6677966101694915
weighted_deberta_matern_kappa=3.0_nu=1.0_kernel_entropy,0.513985289547291,0.6748380085390457,0.6753771959849633,True,fr,0.6677966101694915
weighted_deberta_maternn_kappa=3.0_nu=1.0_kernel_entropy_s,0.47663938671915473,0.6455038063909853,0.6444475165560489,True,fr,0.6677966101694915
weighted_deberta_maternn_kappa=3.0_nu=1.0_kernel_entropy,0.47663938671915473,0.6455038063909853,0.6444475165560489,True,fr,0.6677966101694915
weighted_deberta_matern_kappa=3.0_nu=2.0_kernel_entropy_s,0.5103076763700404,0.6739497780900722,0.6744919764866643,True,fr,0.6677966101694915
weighted_deberta_matern_kappa=3.0_nu=2.0_kernel_entropy,0.5103076763700404,0.6739497780900722,0.6744919764866643,True,fr,0.6677966101694915
weighted_deberta_maternn_kappa=3.0_nu=2.0_kernel_entropy_s,0.485859318346628,0.6538650382745481,0.6527804052806845,True,fr,0.6677966101694915
weighted_deberta_maternn_kappa=3.0_nu=2.0_kernel_entropy,0.485859318346628,0.6538650382745481,0.6527804052806845,True,fr,0.6677966101694915
weighted_deberta_matern_kappa=3.0_nu=3.0_kernel_entropy_s,0.509582513208329,0.6741191580264098,0.6746607822537263,True,fr,0.6677966101694915
weighted_deberta_matern_kappa=3.0_nu=3.0_kernel_entropy,0.509582513208329,0.6741191580264098,0.6746607822537263,True,fr,0.6677966101694915
weighted_deberta_maternn_kappa=3.0_nu=3.0_kernel_entropy_s,0.4894851341551849,0.6547990940753565,0.6537112947906425,True,fr,0.6677966101694915
weighted_deberta_maternn_kappa=3.0_nu=3.0_kernel_entropy,0.4894851341551849,0.6547990940753565,0.6537112947906425,True,fr,0.6677966101694915
semantic_kernel_heat_t=0.1_alpha_0.0,0.5119651921682379,0.6648291468404162,0.6654022626310749,False,fr,0.6677966101694915
semantic_kernel_heat_t=0.1_alpha_0.1,0.513519113229048,0.6637086855666914,0.6642855995311593,False,fr,0.6677966101694915
semantic_kernel_heat_t=0.1_alpha_0.2,0.5153838185020201,0.6625718589733685,0.6631526265873052,False,fr,0.6677966101694915
semantic_kernel_heat_t=0.1_alpha_0.3,0.5160053869263441,0.661341459701571,0.661926398160497,False,fr,0.6677966101694915
semantic_kernel_heat_t=0.1_alpha_0.4,0.5162643737698125,0.660039102116674,0.6606284553470743,False,fr,0.6677966101694915
semantic_kernel_heat_t=0.1_alpha_0.5,0.5187506474671086,0.6587874890125791,0.6576861697450271,False,fr,0.6677966101694915
semantic_kernel_heat_t=0.1_alpha_0.6,0.518543457992334,0.6589397209957992,0.6595328009418635,False,fr,0.6677966101694915
semantic_kernel_heat_t=0.1_alpha_0.7,0.5203563658966125,0.6576241527636348,0.6582216922630284,False,fr,0.6677966101694915
semantic_kernel_heat_t=0.1_alpha_0.8,0.5222210711695846,0.6584578635021878,0.6590525768634846,False,fr,0.6677966101694915
semantic_kernel_heat_t=0.1_alpha_0.9,0.5226872474878276,0.6584616227444118,0.6590563233625145,False,fr,0.6677966101694915
semantic_kernel_heat_t=0.1_alpha_1.0,0.5239303843364757,0.6595116542669642,0.660102795456177,False,fr,0.6677966101694915
semantic_kernel_heatn_t=0.1_alpha_0.0,0.5119651921682379,0.6648291468404162,0.6654022626310749,False,fr,0.6677966101694915
semantic_kernel_heatn_t=0.1_alpha_0.1,0.513674505335129,0.6639082048628178,0.6644844424906887,False,fr,0.6677966101694915
semantic_kernel_heatn_t=0.1_alpha_0.2,0.5153320211333264,0.6620772832573929,0.6626597273991807,False,fr,0.6677966101694915
semantic_kernel_heatn_t=0.1_alpha_0.3,0.5162643737698125,0.6610665064458621,0.6616523769497227,False,fr,0.6677966101694915
semantic_kernel_heatn_t=0.1_alpha_0.4,0.5164197658758936,0.6600691240506802,0.6606583755118126,False,fr,0.6677966101694915
semantic_kernel_heatn_t=0.1_alpha_0.5,0.5159535895576504,0.6597427962059675,0.6603331538631838,False,fr,0.6677966101694915
semantic_kernel_heatn_t=0.1_alpha_0.6,0.5157981974515695,0.6597111236692089,0.6603015886909566,False,fr,0.6677966101694915
semantic_kernel_heatn_t=0.1_alpha_0.7,0.5154874132394074,0.6596136000162287,0.6602043956266304,False,fr,0.6677966101694915
semantic_kernel_heatn_t=0.1_alpha_0.8,0.515539210608101,0.6598209264536019,0.660411019262521,False,fr,0.6677966101694915
semantic_kernel_heatn_t=0.1_alpha_0.9,0.5154356158707138,0.659254244138624,0.659846257904543,False,fr,0.6677966101694915
semantic_kernel_heatn_t=0.1_alpha_1.0,0.5191650264166581,0.6538118318568984,0.6544222944780098,False,fr,0.6677966101694915
semantic_kernel_heat_t=0.2_alpha_0.0,0.5119651921682379,0.6648291468404162,0.6654022626310749,False,fr,0.6677966101694915
semantic_kernel_heat_t=0.2_alpha_0.1,0.5134155184916606,0.663864028094969,0.6644404154745954,False,fr,0.6677966101694915
semantic_kernel_heat_t=0.2_alpha_0.2,0.5149694395524708,0.6626008064927369,0.6631814759794895,False,fr,0.6677966101694915
semantic_kernel_heat_t=0.2_alpha_0.3,0.5175075106184606,0.6618733071411574,0.6624564427274068,False,fr,0.6677966101694915
semantic_kernel_heat_t=0.2_alpha_0.4,0.5187506474671086,0.6610077236867942,0.6615937934542447,False,fr,0.6677966101694915
semantic_kernel_heat_t=0.2_alpha_0.5,0.5208225422148556,0.6568188371028856,0.6557241912316376,False,fr,0.6677966101694915
semantic_kernel_heat_t=0.2_alpha_0.6,0.5237749922303947,0.6557595875025688,0.654668532307932,False,fr,0.6677966101694915
semantic_kernel_heat_t=0.2_alpha_0.7,0.5267792396146276,0.6607058181290484,0.6612929113051695,False,fr,0.6677966101694915
semantic_kernel_heat_t=0.2_alpha_0.8,0.5299906764736351,0.6631364395810837,0.663715293362452,False,fr,0.6677966101694915
semantic_kernel_heat_t=0.2_alpha_0.9,0.5338236817569667,0.6668422824005293,0.6674085740028487,False,fr,0.6677966101694915
semantic_kernel_heat_t=0.2_alpha_1.0,0.5372423080907489,0.6705118474315823,0.6710656998304066,False,fr,0.6677966101694915
semantic_kernel_heatn_t=0.2_alpha_0.0,0.5119651921682379,0.6648291468404162,0.6654022626310749,False,fr,0.6677966101694915
semantic_kernel_heatn_t=0.2_alpha_0.1,0.513674505335129,0.6639082048628178,0.6644844424906887,False,fr,0.6677966101694915
semantic_kernel_heatn_t=0.2_alpha_0.2,0.5153320211333264,0.6620458576436692,0.662628408312961,False,fr,0.6677966101694915
semantic_kernel_heatn_t=0.2_alpha_0.3,0.5162643737698125,0.6610665064458621,0.6616523769497227,False,fr,0.6677966101694915
semantic_kernel_heatn_t=0.2_alpha_0.4,0.5164197658758934,0.660067249191409,0.6606565070079966,False,fr,0.6677966101694915
semantic_kernel_heatn_t=0.2_alpha_0.5,0.5160571842950378,0.6598029563244368,0.6603931100490479,False,fr,0.6677966101694915
semantic_kernel_heatn_t=0.2_alpha_0.6,0.5157464000828758,0.6596860569531802,0.6602766069468464,False,fr,0.6677966101694915
semantic_kernel_heatn_t=0.2_alpha_0.7,0.5156946027141821,0.6599118070691582,0.6605015918081941,False,fr,0.6677966101694915
semantic_kernel_heatn_t=0.2_alpha_0.8,0.5153320211333263,0.6599948823431596,0.6605843854710973,False,fr,0.6677966101694915
semantic_kernel_heatn_t=0.2_alpha_0.9,0.5141924790220657,0.6580613905747559,0.6586574479120779,False,fr,0.6677966101694915
semantic_kernel_heatn_t=0.2_alpha_1.0,0.5197347974722885,0.6541788598098417,0.6547880782684007,False,fr,0.6677966101694915
semantic_kernel_heat_t=0.3_alpha_0.0,0.5119651921682379,0.6648291468404162,0.6654022626310749,False,fr,0.6677966101694915
semantic_kernel_heat_t=0.3_alpha_0.1,0.5137263027038226,0.663993593200249,0.6645695413761287,False,fr,0.6677966101694915
semantic_kernel_heat_t=0.3_alpha_0.2,0.5159017921889568,0.6632897900932369,0.6638681240423606,False,fr,0.6677966101694915
semantic_kernel_heat_t=0.3_alpha_0.3,0.5189578369418834,0.6633765525093034,0.6639545923485423,False,fr,0.6677966101694915
semantic_kernel_heat_t=0.3_alpha_0.4,0.521703097482648,0.6628046377907344,0.6633846163239345,False,fr,0.6677966101694915
semantic_kernel_heat_t=0.3_alpha_0.5,0.5247591422355744,0.6604205591966222,0.6593137040979379,False,fr,0.6677966101694915
semantic_kernel_heat_t=0.3_alpha_0.6,0.5312338133222833,0.6601169873200565,0.659011161278581,False,fr,0.6677966101694915
semantic_kernel_heat_t=0.3_alpha_0.7,0.5387962291515591,0.6652108912981627,0.6640877977855749,False,fr,0.6677966101694915
semantic_kernel_heat_t=0.3_alpha_0.8,0.5433026002279084,0.6714188764269735,0.671969654151237,False,fr,0.6677966101694915
semantic_kernel_heat_t=0.3_alpha_0.9,0.5480161607790325,0.675937113626086,0.6764725752920476,False,fr,0.6677966101694915
semantic_kernel_heat_t=0.3_alpha_1.0,0.5513311923754274,0.6770470396525281,0.6775787388573831,False,fr,0.6677966101694915
semantic_kernel_heatn_t=0.3_alpha_0.0,0.5119651921682379,0.6648291468404162,0.6654022626310749,False,fr,0.6677966101694915
semantic_kernel_heatn_t=0.3_alpha_0.1,0.5136227079664353,0.6638903966924292,0.6644666946869794,False,fr,0.6677966101694915
semantic_kernel_heatn_t=0.3_alpha_0.2,0.5153320211333264,0.6620458576436692,0.662628408312961,False,fr,0.6677966101694915
semantic_kernel_heatn_t=0.3_alpha_0.3,0.5163679685071998,0.6611030034104496,0.6616887501957862,False,fr,0.6677966101694915
semantic_kernel_heatn_t=0.3_alpha_0.4,0.5164197658758934,0.660067249191409,0.6606565070079966,False,fr,0.6677966101694915
semantic_kernel_heatn_t=0.3_alpha_0.5,0.5161089816637314,0.6598561748907747,0.6604461482134661,False,fr,0.6677966101694915
semantic_kernel_heatn_t=0.3_alpha_0.6,0.5158499948202632,0.6597338393125577,0.6603242273321245,False,fr,0.6677966101694915
semantic_kernel_heatn_t=0.3_alpha_0.7,0.5156428053454885,0.6600006425409657,0.660590126142809,False,fr,0.6677966101694915
semantic_kernel_heatn_t=0.3_alpha_0.8,0.5154874132394074,0.6593771640050985,0.6599687610935041,False,fr,0.6677966101694915
semantic_kernel_heatn_t=0.3_alpha_0.9,0.5153320211333264,0.6585141088901102,0.6591086315890751,False,fr,0.6677966101694915
semantic_kernel_heatn_t=0.3_alpha_1.0,0.5206153527400808,0.6543264569902891,0.6549351751194229,False,fr,0.6677966101694915
semantic_kernel_heat_t=0.4_alpha_0.0,0.5119651921682379,0.6648291468404162,0.6654022626310749,False,fr,0.6677966101694915
semantic_kernel_heat_t=0.4_alpha_0.1,0.5133637211229669,0.66411754632768,0.6646930743234669,False,fr,0.6677966101694915
semantic_kernel_heat_t=0.4_alpha_0.2,0.5159017921889568,0.6637019428679796,0.6642788796890534,False,fr,0.6677966101694915
semantic_kernel_heat_t=0.4_alpha_0.3,0.5177147000932353,0.6638455618756802,0.6644220118526601,False,fr,0.6677966101694915
semantic_kernel_heat_t=0.4_alpha_0.4,0.5232052211747643,0.6640144326404789,0.6645903101741882,False,fr,0.6677966101694915
semantic_kernel_heat_t=0.4_alpha_0.5,0.5302496633171035,0.6661344640841143,0.6667031550705572,False,fr,0.6677966101694915
semantic_kernel_heat_t=0.4_alpha_0.6,0.538330052833316,0.6679234146743681,0.6667911261672846,False,fr,0.6677966101694915
semantic_kernel_heat_t=0.4_alpha_0.7,0.5459442660312857,0.6705783775640248,0.6694370891827391,False,fr,0.6677966101694915
semantic_kernel_heat_t=0.4_alpha_0.8,0.5544908318657413,0.6740207424505129,0.6728677850357138,False,fr,0.6677966101694915
semantic_kernel_heat_t=0.4_alpha_0.9,0.5621050450637107,0.6822348729588712,0.6827489862881115,False,fr,0.6677966101694915
semantic_kernel_heat_t=0.4_alpha_1.0,0.5688387029938878,0.6846139458197713,0.6851199944952459,False,fr,0.6677966101694915
semantic_kernel_heatn_t=0.4_alpha_0.0,0.5119651921682379,0.6648291468404162,0.6654022626310749,False,fr,0.6677966101694915
semantic_kernel_heatn_t=0.4_alpha_0.1,0.5136227079664353,0.6638903966924292,0.6644666946869794,False,fr,0.6677966101694915
semantic_kernel_heatn_t=0.4_alpha_0.2,0.5153320211333264,0.6620458576436692,0.662628408312961,False,fr,0.6677966101694915
semantic_kernel_heatn_t=0.4_alpha_0.3,0.5164715632445872,0.6611340090099683,0.6617196506915777,False,fr,0.6677966101694915
semantic_kernel_heatn_t=0.4_alpha_0.4,0.5163161711385063,0.6600390407958407,0.6606283942341082,False,fr,0.6677966101694915
semantic_kernel_heatn_t=0.4_alpha_0.5,0.5163161711385061,0.659948012337523,0.6605376743468355,False,fr,0.6677966101694915
semantic_kernel_heatn_t=0.4_alpha_0.6,0.5160053869263441,0.6600787457303047,0.660667964575574,False,fr,0.6677966101694915
semantic_kernel_heatn_t=0.4_alpha_0.7,0.5157464000828758,0.6592756620589323,0.6598676032217317,False,fr,0.6677966101694915
semantic_kernel_heatn_t=0.4_alpha_0.8,0.5153838185020201,0.6587438073008249,0.6593375513611094,False,fr,0.6677966101694915
semantic_kernel_heatn_t=0.4_alpha_0.9,0.5155392106081012,0.6579951234854595,0.6585914054569825,False,fr,0.6677966101694915
semantic_kernel_heatn_t=0.4_alpha_1.0,0.5206671501087745,0.6543699209542049,0.6549784917478678,False,fr,0.6677966101694915
semantic_kernel_heat_t=0.5_alpha_0.0,0.5119651921682379,0.6648291468404162,0.6654022626310749,False,fr,0.6677966101694915
semantic_kernel_heat_t=0.5_alpha_0.1,0.5133119237542734,0.6641209375934947,0.6646964540934649,False,fr,0.6677966101694915
semantic_kernel_heat_t=0.5_alpha_0.2,0.5152802237646328,0.6640022817647978,0.6645782004879163,False,fr,0.6677966101694915
semantic_kernel_heat_t=0.5_alpha_0.3,0.518388065886253,0.664987790563127,0.6655603685784546,False,fr,0.6677966101694915
semantic_kernel_heat_t=0.5_alpha_0.4,0.5229980316999897,0.6646386556966263,0.6652124172199758,False,fr,0.6677966101694915
semantic_kernel_heat_t=0.5_alpha_0.5,0.5331503159639491,0.6696312180785083,0.6701880556615804,False,fr,0.6677966101694915
semantic_kernel_heat_t=0.5_alpha_0.6,0.5428882212783591,0.6736225302195455,0.674165837930953,False,fr,0.6677966101694915
semantic_kernel_heat_t=0.5_alpha_0.7,0.5526779239614628,0.6782368292619998,0.6770695800275007,False,fr,0.6677966101694915
semantic_kernel_heat_t=0.5_alpha_0.8,0.5640215477053766,0.6797924426618173,0.6786199201615559,False,fr,0.6677966101694915
semantic_kernel_heat_t=0.5_alpha_0.9,0.5723091266963638,0.6843322463621917,0.6831443346968443,False,fr,0.6677966101694915
semantic_kernel_heat_t=0.5_alpha_1.0,0.579042784626541,0.6884296773150974,0.6889227913075369,False,fr,0.6677966101694915
semantic_kernel_heatn_t=0.5_alpha_0.0,0.5119651921682379,0.6648291468404162,0.6654022626310749,False,fr,0.6677966101694915
semantic_kernel_heatn_t=0.5_alpha_0.1,0.513674505335129,0.6639038941549062,0.6644801463953462,False,fr,0.6677966101694915
semantic_kernel_heatn_t=0.5_alpha_0.2,0.5153320211333264,0.6620458576436692,0.662628408312961,False,fr,0.6677966101694915
semantic_kernel_heatn_t=0.5_alpha_0.3,0.5164197658758936,0.6611241695341061,0.6617098445698709,False,fr,0.6677966101694915
semantic_kernel_heatn_t=0.5_alpha_0.4,0.5163161711385061,0.6601132728766159,0.6607023746807114,False,fr,0.6677966101694915
semantic_kernel_heatn_t=0.5_alpha_0.5,0.5163679685071998,0.660024544250778,0.6606139468298761,False,fr,0.6677966101694915
semantic_kernel_heatn_t=0.5_alpha_0.6,0.5160053869263441,0.6601386837795988,0.66072769944504,False,fr,0.6677966101694915
semantic_kernel_heatn_t=0.5_alpha_0.7,0.5159535895576505,0.6596950068832523,0.6602855265381726,False,fr,0.6677966101694915
semantic_kernel_heatn_t=0.5_alpha_0.8,0.5156946027141821,0.6612795935324198,0.6618647417071736,False,fr,0.6677966101694915
semantic_kernel_heatn_t=0.5_alpha_0.9,0.5170413343002176,0.6559933147050387,0.6565963824690377,False,fr,0.6677966101694915
semantic_kernel_heatn_t=0.5_alpha_1.0,0.5222210711695845,0.655482895800704,0.6560876937982769,False,fr,0.6677966101694915
semantic_kernel_heat_t=0.6_alpha_0.0,0.5119651921682379,0.6648291468404162,0.6654022626310749,False,fr,0.6677966101694915
semantic_kernel_heat_t=0.6_alpha_0.1,0.5130529369108049,0.6641112050887645,0.6646867545802763,False,fr,0.6677966101694915
semantic_kernel_heat_t=0.6_alpha_0.2,0.5149694395524707,0.6639469207057083,0.6645230270934338,False,fr,0.6677966101694915
semantic_kernel_heat_t=0.6_alpha_0.3,0.5173521185123796,0.6646798658269626,0.6652534876549552,False,fr,0.6677966101694915
semantic_kernel_heat_t=0.6_alpha_0.4,0.5221174764321972,0.6650136489038532,0.6655861392637885,False,fr,0.6677966101694915
semantic_kernel_heat_t=0.6_alpha_0.5,0.5301978659484099,0.6683083385312532,0.6688696604517735,False,fr,0.6677966101694915
semantic_kernel_heat_t=0.6_alpha_0.6,0.541645084429711,0.6767958274412573,0.6773283782129301,False,fr,0.6677966101694915
semantic_kernel_heat_t=0.6_alpha_0.7,0.556251942401326,0.6829743969619435,0.6834860034301564,False,fr,0.6677966101694915
semantic_kernel_heat_t=0.6_alpha_0.8,0.5694084740495183,0.6866175366546777,0.6854218782425762,False,fr,0.6677966101694915
semantic_kernel_heat_t=0.6_alpha_0.9,0.5780586346213613,0.6877237760993654,0.6865243677230447,False,fr,0.6677966101694915
semantic_kernel_heat_t=0.6_alpha_1.0,0.5825132083290169,0.6899329799393763,0.6904209979907165,False,fr,0.6677966101694915
semantic_kernel_heatn_t=0.6_alpha_0.0,0.5119651921682379,0.6648291468404162,0.6654022626310749,False,fr,0.6677966101694915
semantic_kernel_heatn_t=0.6_alpha_0.1,0.513674505335129,0.6639038941549062,0.6644801463953462,False,fr,0.6677966101694915
semantic_kernel_heatn_t=0.6_alpha_0.2,0.5153838185020201,0.6620613183734156,0.6626438166334542,False,fr,0.6677966101694915
semantic_kernel_heatn_t=0.6_alpha_0.3,0.5163679685071999,0.6611120465385039,0.6616977626691692,False,fr,0.6677966101694915
semantic_kernel_heatn_t=0.6_alpha_0.4,0.5162643737698125,0.6600838757441962,0.6606730771995879,False,fr,0.6677966101694915
semantic_kernel_heatn_t=0.6_alpha_0.5,0.5163679685071999,0.6602026741149349,0.6607914728639851,False,fr,0.6677966101694915
semantic_kernel_heatn_t=0.6_alpha_0.6,0.5161089816637314,0.6594428649502249,0.6600342393235621,False,fr,0.6677966101694915
semantic_kernel_heatn_t=0.6_alpha_0.7,0.5161089816637315,0.6593836006501637,0.6599751759194334,False,fr,0.6677966101694915
semantic_kernel_heatn_t=0.6_alpha_0.8,0.5159535895576505,0.6615954428771371,0.6621795203761459,False,fr,0.6677966101694915
semantic_kernel_heatn_t=0.6_alpha_0.9,0.5192168237853517,0.6558599849565881,0.6564635046858361,False,fr,0.6677966101694915
semantic_kernel_heatn_t=0.6_alpha_1.0,0.5233088159121517,0.6559854125334912,0.6565885070845124,False,fr,0.6677966101694915
semantic_kernel_heat_t=0.7_alpha_0.0,0.5119651921682379,0.6648291468404162,0.6654022626310749,False,fr,0.6677966101694915
semantic_kernel_heat_t=0.7_alpha_0.1,0.513052936910805,0.6640793487787464,0.6646550062577498,False,fr,0.6677966101694915
semantic_kernel_heat_t=0.7_alpha_0.2,0.514762250077696,0.6636251340434136,0.6642023312333842,False,fr,0.6677966101694915
semantic_kernel_heat_t=0.7_alpha_0.3,0.5163161711385061,0.6638214300630789,0.6643979618428134,False,fr,0.6677966101694915
semantic_kernel_heat_t=0.7_alpha_0.4,0.5195794053662074,0.6646715838457715,0.6652452337482764,False,fr,0.6677966101694915
semantic_kernel_heat_t=0.7_alpha_0.5,0.5275044027763389,0.6679329551519806,0.6684955495585323,False,fr,0.6677966101694915
semantic_kernel_heat_t=0.7_alpha_0.6,0.5387444317828655,0.6756047093298481,0.6761412977900342,False,fr,0.6677966101694915
semantic_kernel_heat_t=0.7_alpha_0.7,0.5565109292447944,0.6858582393036843,0.6863600700351454,False,fr,0.6677966101694915
semantic_kernel_heat_t=0.7_alpha_0.8,0.5705480161607791,0.6883592313898252,0.6888525841820115,False,fr,0.6677966101694915
semantic_kernel_heat_t=0.7_alpha_0.9,0.5811664767429814,0.691863493272495,0.6906500519566042,False,fr,0.6677966101694915
semantic_kernel_heat_t=0.7_alpha_1.0,0.5855692530819435,0.6911767604565847,0.691660562302782,False,fr,0.6677966101694915
semantic_kernel_heatn_t=0.7_alpha_0.0,0.5119651921682379,0.6648291468404162,0.6654022626310749,False,fr,0.6677966101694915
semantic_kernel_heatn_t=0.7_alpha_0.1,0.5136227079664353,0.663863401767475,0.6644397912702454,False,fr,0.6677966101694915
semantic_kernel_heatn_t=0.7_alpha_0.2,0.5153838185020201,0.6620613183734156,0.6626438166334542,False,fr,0.6677966101694915
semantic_kernel_heatn_t=0.7_alpha_0.3,0.5163161711385061,0.6610960861717904,0.6616818564053937,False,fr,0.6677966101694915
semantic_kernel_heatn_t=0.7_alpha_0.4,0.5164197658758934,0.6601910601321529,0.6607798982506363,False,fr,0.6677966101694915
semantic_kernel_heatn_t=0.7_alpha_0.5,0.5165233606132809,0.6602725191164138,0.6608610811027471,False,fr,0.6677966101694915
semantic_kernel_heatn_t=0.7_alpha_0.6,0.5162643737698125,0.6597801432293449,0.6603703742864818,False,fr,0.6677966101694915
semantic_kernel_heatn_t=0.7_alpha_0.7,0.5165751579819745,0.6592700558021547,0.6598620159692143,False,fr,0.6677966101694915
semantic_kernel_heatn_t=0.7_alpha_0.8,0.5163161711385061,0.6583244430945452,0.6589196087284104,False,fr,0.6677966101694915
semantic_kernel_heatn_t=0.7_alpha_0.9,0.5213923132704859,0.6560844956639655,0.6566872543399681,False,fr,0.6677966101694915
semantic_kernel_heatn_t=0.7_alpha_1.0,0.5241375738112504,0.6567085412871305,0.6573091845542411,False,fr,0.6677966101694915
semantic_kernel_matern_kappa=1.0_nu=1.0_alpha_0.0,0.5119651921682379,0.6648291468404162,0.6654022626310749,False,fr,0.6677966101694915
semantic_kernel_matern_kappa=1.0_nu=1.0_alpha_0.1,0.5137263027038227,0.6639121850485565,0.6644884091842724,False,fr,0.6677966101694915
semantic_kernel_matern_kappa=1.0_nu=1.0_alpha_0.2,0.515228426395939,0.6626195686315519,0.6632001745178338,False,fr,0.6677966101694915
semantic_kernel_matern_kappa=1.0_nu=1.0_alpha_0.3,0.5166269553506683,0.6611887185946829,0.6617741748200728,False,fr,0.6677966101694915
semantic_kernel_matern_kappa=1.0_nu=1.0_alpha_0.4,0.5178700921993163,0.6616131512221166,0.6621971686928374,False,fr,0.6677966101694915
semantic_kernel_matern_kappa=1.0_nu=1.0_alpha_0.5,0.5179736869367036,0.6589970501949665,0.6578950205505251,False,fr,0.6677966101694915
semantic_kernel_matern_kappa=1.0_nu=1.0_alpha_0.6,0.5216513001139542,0.6564418881598373,0.6553485200816166,False,fr,0.6677966101694915
semantic_kernel_matern_kappa=1.0_nu=1.0_alpha_0.7,0.5246555474981871,0.6592775382704477,0.6598694730732081,False,fr,0.6677966101694915
semantic_kernel_matern_kappa=1.0_nu=1.0_alpha_0.8,0.526261265927691,0.6594914034784005,0.6600826133143541,False,fr,0.6677966101694915
semantic_kernel_matern_kappa=1.0_nu=1.0_alpha_0.9,0.5270900238267896,0.6601197056483853,0.6607087856464746,False,fr,0.6677966101694915
semantic_kernel_matern_kappa=1.0_nu=1.0_alpha_1.0,0.529058323837149,0.6618458837029695,0.6624291122500263,False,fr,0.6677966101694915
semantic_kernel_maternn_kappa=1.0_nu=1.0_alpha_0.0,0.5119651921682379,0.6648291468404162,0.6654022626310749,False,fr,0.6677966101694915
semantic_kernel_maternn_kappa=1.0_nu=1.0_alpha_0.1,0.5136227079664353,0.6638903966924292,0.6644666946869794,False,fr,0.6677966101694915
semantic_kernel_maternn_kappa=1.0_nu=1.0_alpha_0.2,0.5153320211333264,0.6620458576436692,0.662628408312961,False,fr,0.6677966101694915
semantic_kernel_maternn_kappa=1.0_nu=1.0_alpha_0.3,0.5164197658758936,0.6611224397564166,0.6617081206558346,False,fr,0.6677966101694915
semantic_kernel_maternn_kappa=1.0_nu=1.0_alpha_0.4,0.5164715632445871,0.6600849646109102,0.6606741623752282,False,fr,0.6677966101694915
semantic_kernel_maternn_kappa=1.0_nu=1.0_alpha_0.5,0.5164715632445871,0.660010051969526,0.6605995036750013,False,fr,0.6677966101694915
semantic_kernel_maternn_kappa=1.0_nu=1.0_alpha_0.6,0.5159535895576505,0.6600515666958304,0.6606408776734201,False,fr,0.6677966101694915
semantic_kernel_maternn_kappa=1.0_nu=1.0_alpha_0.7,0.5156946027141821,0.6593059357990343,0.6598977743389859,False,fr,0.6677966101694915
semantic_kernel_maternn_kappa=1.0_nu=1.0_alpha_0.8,0.5167823474567492,0.660759445043805,0.6613463564337743,False,fr,0.6677966101694915
semantic_kernel_maternn_kappa=1.0_nu=1.0_alpha_0.9,0.5161089816637315,0.6583366051882023,0.6589317295946313,False,fr,0.6677966101694915
semantic_kernel_maternn_kappa=1.0_nu=1.0_alpha_1.0,0.5254843053972859,0.6584326203522126,0.6590274192835093,False,fr,0.6677966101694915
semantic_kernel_matern_kappa=1.0_nu=2.0_alpha_0.0,0.5119651921682379,0.6648291468404162,0.6654022626310749,False,fr,0.6677966101694915
semantic_kernel_matern_kappa=1.0_nu=2.0_alpha_0.1,0.513674505335129,0.6638871456680178,0.6644634546829897,False,fr,0.6677966101694915
semantic_kernel_matern_kappa=1.0_nu=2.0_alpha_0.2,0.5154874132394075,0.6628807991016918,0.6634605194609564,False,fr,0.6677966101694915
semantic_kernel_matern_kappa=1.0_nu=2.0_alpha_0.3,0.5176629027245415,0.6623626259541225,0.6629441028325315,False,fr,0.6677966101694915
semantic_kernel_matern_kappa=1.0_nu=2.0_alpha_0.4,0.5179736869367036,0.6615003395028849,0.6620847393862133,False,fr,0.6677966101694915
semantic_kernel_matern_kappa=1.0_nu=2.0_alpha_0.5,0.5224282606443593,0.6607929210676744,0.6596848037253593,False,fr,0.6677966101694915
semantic_kernel_matern_kappa=1.0_nu=2.0_alpha_0.6,0.5260022790842225,0.6575079457801124,0.6564109639472466,False,fr,0.6677966101694915
semantic_kernel_matern_kappa=1.0_nu=2.0_alpha_0.7,0.5291619185745364,0.661848411921609,0.6624316318984333,False,fr,0.6677966101694915
semantic_kernel_matern_kappa=1.0_nu=2.0_alpha_0.8,0.5356365896612452,0.6662144796276848,0.6667828993749969,False,fr,0.6677966101694915
semantic_kernel_matern_kappa=1.0_nu=2.0_alpha_0.9,0.5401947581062883,0.6701608425753061,0.6707158848211008,False,fr,0.6677966101694915
semantic_kernel_matern_kappa=1.0_nu=2.0_alpha_1.0,0.5435615870713768,0.673923738313374,0.6744660249803955,False,fr,0.6677966101694915
semantic_kernel_maternn_kappa=1.0_nu=2.0_alpha_0.0,0.5119651921682379,0.6648291468404162,0.6654022626310749,False,fr,0.6677966101694915
semantic_kernel_maternn_kappa=1.0_nu=2.0_alpha_0.1,0.5136227079664353,0.6638903966924292,0.6644666946869794,False,fr,0.6677966101694915
semantic_kernel_maternn_kappa=1.0_nu=2.0_alpha_0.2,0.5153320211333264,0.6620458576436692,0.662628408312961,False,fr,0.6677966101694915
semantic_kernel_maternn_kappa=1.0_nu=2.0_alpha_0.3,0.5165233606132809,0.661151274799533,0.661736857953042,False,fr,0.6677966101694915
semantic_kernel_maternn_kappa=1.0_nu=2.0_alpha_0.4,0.5163161711385063,0.6600390407958407,0.6606283942341082,False,fr,0.6677966101694915
semantic_kernel_maternn_kappa=1.0_nu=2.0_alpha_0.5,0.5163161711385061,0.6599305240484159,0.6605202453400645,False,fr,0.6677966101694915
semantic_kernel_maternn_kappa=1.0_nu=2.0_alpha_0.6,0.5161089816637314,0.6601224149499479,0.6607114857639642,False,fr,0.6677966101694915
semantic_kernel_maternn_kappa=1.0_nu=2.0_alpha_0.7,0.5159017921889568,0.6593450428727489,0.6599367488463489,False,fr,0.6677966101694915
semantic_kernel_maternn_kappa=1.0_nu=2.0_alpha_0.8,0.5156946027141821,0.6590914776375466,0.6596840431543168,False,fr,0.6677966101694915
semantic_kernel_maternn_kappa=1.0_nu=2.0_alpha_0.9,0.5167305500880555,0.6577917477011942,0.6583887190821553,False,fr,0.6677966101694915
semantic_kernel_maternn_kappa=1.0_nu=2.0_alpha_1.0,0.5240857764425567,0.6570111545199024,0.6576107719794444,False,fr,0.6677966101694915
semantic_kernel_matern_kappa=1.0_nu=3.0_alpha_0.0,0.5119651921682379,0.6648291468404162,0.6654022626310749,False,fr,0.6677966101694915
semantic_kernel_matern_kappa=1.0_nu=3.0_alpha_0.1,0.5135709105977416,0.6639933661859705,0.6645693151313901,False,fr,0.6677966101694915
semantic_kernel_matern_kappa=1.0_nu=3.0_alpha_0.2,0.5158499948202631,0.663387236588047,0.6639652402100696,False,fr,0.6677966101694915
semantic_kernel_matern_kappa=1.0_nu=3.0_alpha_0.3,0.5184398632549466,0.6633551365396557,0.6639332489754018,False,fr,0.6677966101694915
semantic_kernel_matern_kappa=1.0_nu=3.0_alpha_0.4,0.5192168237853517,0.6620448287048879,0.6626273828621078,False,fr,0.6677966101694915
semantic_kernel_matern_kappa=1.0_nu=3.0_alpha_0.5,0.5247591422355744,0.6635104588520296,0.6640880447714625,False,fr,0.6677966101694915
semantic_kernel_matern_kappa=1.0_nu=3.0_alpha_0.6,0.5292655133119237,0.6595419421446106,0.6584380654088144,False,fr,0.6677966101694915
semantic_kernel_matern_kappa=1.0_nu=3.0_alpha_0.7,0.5359991712421008,0.6628566794383901,0.6617415663049879,False,fr,0.6677966101694915
semantic_kernel_matern_kappa=1.0_nu=3.0_alpha_0.8,0.5415414896923236,0.6704833853727821,0.6710373342531616,False,fr,0.6677966101694915
semantic_kernel_matern_kappa=1.0_nu=3.0_alpha_0.9,0.5478607686729515,0.6747745739353038,0.6753139764137766,False,fr,0.6677966101694915
semantic_kernel_matern_kappa=1.0_nu=3.0_alpha_1.0,0.5524707344866882,0.6786506093829784,0.6791768727582386,False,fr,0.6677966101694915
semantic_kernel_maternn_kappa=1.0_nu=3.0_alpha_0.0,0.5119651921682379,0.6648291468404162,0.6654022626310749,False,fr,0.6677966101694915
semantic_kernel_maternn_kappa=1.0_nu=3.0_alpha_0.1,0.513674505335129,0.6639038941549062,0.6644801463953462,False,fr,0.6677966101694915
semantic_kernel_maternn_kappa=1.0_nu=3.0_alpha_0.2,0.5153320211333264,0.6620458576436692,0.662628408312961,False,fr,0.6677966101694915
semantic_kernel_maternn_kappa=1.0_nu=3.0_alpha_0.3,0.5165233606132809,0.661151274799533,0.661736857953042,False,fr,0.6677966101694915
semantic_kernel_maternn_kappa=1.0_nu=3.0_alpha_0.4,0.5163679685071998,0.6601262551687694,0.6607153129650949,False,fr,0.6677966101694915
semantic_kernel_maternn_kappa=1.0_nu=3.0_alpha_0.5,0.5163161711385061,0.6599350347627722,0.6605247407638635,False,fr,0.6677966101694915
semantic_kernel_maternn_kappa=1.0_nu=3.0_alpha_0.6,0.5160571842950378,0.6601162577727271,0.6607053494585305,False,fr,0.6677966101694915
semantic_kernel_maternn_kappa=1.0_nu=3.0_alpha_0.7,0.5161089816637314,0.6593534282116822,0.6599451057604045,False,fr,0.6677966101694915
semantic_kernel_maternn_kappa=1.0_nu=3.0_alpha_0.8,0.5156946027141821,0.6587179829620131,0.659311814562429,False,fr,0.6677966101694915
semantic_kernel_maternn_kappa=1.0_nu=3.0_alpha_0.9,0.5169895369315239,0.6576164382462397,0.6582140038965398,False,fr,0.6677966101694915
semantic_kernel_maternn_kappa=1.0_nu=3.0_alpha_1.0,0.5237231948617009,0.6567760557255861,0.6573764701301934,False,fr,0.6677966101694915
semantic_kernel_matern_kappa=2.0_nu=1.0_alpha_0.0,0.5119651921682379,0.6648291468404162,0.6654022626310749,False,fr,0.6677966101694915
semantic_kernel_matern_kappa=2.0_nu=1.0_alpha_0.1,0.5134155184916607,0.6642355667175839,0.6648106946442522,False,fr,0.6677966101694915
semantic_kernel_matern_kappa=2.0_nu=1.0_alpha_0.2,0.5150730342898581,0.6631210083166414,0.6636999144073807,False,fr,0.6677966101694915
semantic_kernel_matern_kappa=2.0_nu=1.0_alpha_0.3,0.5170931316689111,0.663905204408824,0.6644814522077254,False,fr,0.6677966101694915
semantic_kernel_matern_kappa=2.0_nu=1.0_alpha_0.4,0.5167823474567492,0.6621389804956759,0.6627212154942828,False,fr,0.6677966101694915
semantic_kernel_matern_kappa=2.0_nu=1.0_alpha_0.5,0.5193204185227391,0.6620110559275116,0.6625937245687227,False,fr,0.6677966101694915
semantic_kernel_matern_kappa=2.0_nu=1.0_alpha_0.6,0.5249145343416556,0.6623292096174929,0.6612158845173819,False,fr,0.6677966101694915
semantic_kernel_matern_kappa=2.0_nu=1.0_alpha_0.7,0.5291619185745364,0.6596510521859805,0.6585468055856374,False,fr,0.6677966101694915
semantic_kernel_matern_kappa=2.0_nu=1.0_alpha_0.8,0.5336682896508858,0.6655818958796524,0.6661524599786527,False,fr,0.6677966101694915
semantic_kernel_matern_kappa=2.0_nu=1.0_alpha_0.9,0.5397803791567388,0.6694615876877479,0.6700190002890937,False,fr,0.6677966101694915
semantic_kernel_matern_kappa=2.0_nu=1.0_alpha_1.0,0.5464104423495287,0.6748102794834885,0.6753495609262046,False,fr,0.6677966101694915
semantic_kernel_maternn_kappa=2.0_nu=1.0_alpha_0.0,0.5119651921682379,0.6648291468404162,0.6654022626310749,False,fr,0.6677966101694915
semantic_kernel_maternn_kappa=2.0_nu=1.0_alpha_0.1,0.5135709105977416,0.6637014322177504,0.6642783707698419,False,fr,0.6677966101694915
semantic_kernel_maternn_kappa=2.0_nu=1.0_alpha_0.2,0.5154356158707137,0.6621799781828435,0.6627620742062398,False,fr,0.6677966101694915
semantic_kernel_maternn_kappa=2.0_nu=1.0_alpha_0.3,0.5164197658758936,0.6612306436422944,0.661815957748879,False,fr,0.6677966101694915
semantic_kernel_maternn_kappa=2.0_nu=1.0_alpha_0.4,0.5166269553506682,0.6606008199492812,0.6611882690514354,False,fr,0.6677966101694915
semantic_kernel_maternn_kappa=2.0_nu=1.0_alpha_0.5,0.5164715632445872,0.6598232855769873,0.660413370388878,False,fr,0.6677966101694915
semantic_kernel_maternn_kappa=2.0_nu=1.0_alpha_0.6,0.5174039158810733,0.6603372164347576,0.6609255591081473,False,fr,0.6677966101694915
semantic_kernel_maternn_kappa=2.0_nu=1.0_alpha_0.7,0.5203045685279187,0.6620171080877529,0.6625997562131665,False,fr,0.6677966101694915
semantic_kernel_maternn_kappa=2.0_nu=1.0_alpha_0.8,0.5248627369729617,0.659719733238326,0.6603101690750934,False,fr,0.6677966101694915
semantic_kernel_maternn_kappa=2.0_nu=1.0_alpha_0.9,0.5346524396560655,0.6618392156811291,0.66242246683165,False,fr,0.6677966101694915
semantic_kernel_maternn_kappa=2.0_nu=1.0_alpha_1.0,0.5363617528229566,0.6621592736590244,0.6627414398672471,False,fr,0.6677966101694915
semantic_kernel_matern_kappa=2.0_nu=2.0_alpha_0.0,0.5119651921682379,0.6648291468404162,0.6654022626310749,False,fr,0.6677966101694915
semantic_kernel_matern_kappa=2.0_nu=2.0_alpha_0.1,0.5128975448047239,0.6639057646310254,0.6644820105308685,False,fr,0.6677966101694915
semantic_kernel_matern_kappa=2.0_nu=2.0_alpha_0.2,0.5140888842846784,0.6631426559121336,0.6637214886211935,False,fr,0.6677966101694915
semantic_kernel_matern_kappa=2.0_nu=2.0_alpha_0.3,0.5150212369211644,0.663540943728478,0.6641184263093468,False,fr,0.6677966101694915
semantic_kernel_matern_kappa=2.0_nu=2.0_alpha_0.4,0.5156428053454885,0.6634663423696783,0.664044077836509,False,fr,0.6677966101694915
semantic_kernel_matern_kappa=2.0_nu=2.0_alpha_0.5,0.5174557132497669,0.6629890733383192,0.6635684266662732,False,fr,0.6677966101694915
semantic_kernel_matern_kappa=2.0_nu=2.0_alpha_0.6,0.5252253185538175,0.6659567148866857,0.6665260084127808,False,fr,0.6677966101694915
semantic_kernel_matern_kappa=2.0_nu=2.0_alpha_0.7,0.5343934528125971,0.6719369605421078,0.672485982049032,False,fr,0.6677966101694915
semantic_kernel_matern_kappa=2.0_nu=2.0_alpha_0.8,0.5474981870920956,0.6730419781314522,0.6718923385618023,False,fr,0.6677966101694915
semantic_kernel_matern_kappa=2.0_nu=2.0_alpha_0.9,0.5639179529679892,0.6830445827591736,0.6835559513094297,False,fr,0.6677966101694915
semantic_kernel_matern_kappa=2.0_nu=2.0_alpha_1.0,0.5765047135605511,0.689214050976565,0.6897045060752368,False,fr,0.6677966101694915
semantic_kernel_maternn_kappa=2.0_nu=2.0_alpha_0.0,0.5119651921682379,0.6648291468404162,0.6654022626310749,False,fr,0.6677966101694915
semantic_kernel_maternn_kappa=2.0_nu=2.0_alpha_0.1,0.5134673158603543,0.6636304942274867,0.6642076732473418,False,fr,0.6677966101694915
semantic_kernel_maternn_kappa=2.0_nu=2.0_alpha_0.2,0.5153838185020201,0.6621289098480567,0.6627111789844523,False,fr,0.6677966101694915
semantic_kernel_maternn_kappa=2.0_nu=2.0_alpha_0.3,0.5165233606132809,0.6614610083147958,0.6620455415241855,False,fr,0.6677966101694915
semantic_kernel_maternn_kappa=2.0_nu=2.0_alpha_0.4,0.5165751579819746,0.6616279798642233,0.6622119470683606,False,fr,0.6677966101694915
semantic_kernel_maternn_kappa=2.0_nu=2.0_alpha_0.5,0.5171967264062985,0.6608953862005879,0.6614818367730766,False,fr,0.6677966101694915
semantic_kernel_maternn_kappa=2.0_nu=2.0_alpha_0.6,0.519631202734901,0.6608687414948622,0.6614552823883872,False,fr,0.6677966101694915
semantic_kernel_maternn_kappa=2.0_nu=2.0_alpha_0.7,0.5215477053765669,0.6595012160941418,0.6600923926669914,False,fr,0.6677966101694915
semantic_kernel_maternn_kappa=2.0_nu=2.0_alpha_0.8,0.5297316896301668,0.6594781448051174,0.6600693995857262,False,fr,0.6677966101694915
semantic_kernel_maternn_kappa=2.0_nu=2.0_alpha_0.9,0.5344452501812909,0.6614198695264754,0.6620045421893848,False,fr,0.6677966101694915
semantic_kernel_maternn_kappa=2.0_nu=2.0_alpha_1.0,0.5352740080803895,0.6616751918957056,0.6622589990590583,False,fr,0.6677966101694915
semantic_kernel_matern_kappa=2.0_nu=3.0_alpha_0.0,0.5119651921682379,0.6648291468404162,0.6654022626310749,False,fr,0.6677966101694915
semantic_kernel_matern_kappa=2.0_nu=3.0_alpha_0.1,0.5132083290168858,0.6640366786558646,0.6646124807793523,False,fr,0.6677966101694915
semantic_kernel_matern_kappa=2.0_nu=3.0_alpha_0.2,0.5133637211229669,0.6628405361391027,0.663420392982986,False,fr,0.6677966101694915
semantic_kernel_matern_kappa=2.0_nu=3.0_alpha_0.3,0.514606857971615,0.66330559443237,0.6638838748074627,False,fr,0.6677966101694915
semantic_kernel_matern_kappa=2.0_nu=3.0_alpha_0.4,0.514606857971615,0.6627371174961263,0.6633173249116809,False,fr,0.6677966101694915
semantic_kernel_matern_kappa=2.0_nu=3.0_alpha_0.5,0.5158499948202632,0.6629345352380194,0.6635140734408896,False,fr,0.6677966101694915
semantic_kernel_matern_kappa=2.0_nu=3.0_alpha_0.6,0.5202527711592252,0.6650200109897105,0.6655924797832531,False,fr,0.6677966101694915
semantic_kernel_matern_kappa=2.0_nu=3.0_alpha_0.7,0.532062571221382,0.6720967333268978,0.6726452132311618,False,fr,0.6677966101694915
semantic_kernel_matern_kappa=2.0_nu=3.0_alpha_0.8,0.5492075002589868,0.6810508001736901,0.6815689273089819,False,fr,0.6677966101694915
semantic_kernel_matern_kappa=2.0_nu=3.0_alpha_0.9,0.5717911530094272,0.6842245130073401,0.6830369665398058,False,fr,0.6677966101694915
semantic_kernel_matern_kappa=2.0_nu=3.0_alpha_1.0,0.5840153320211332,0.692448131964547,0.6929276240768188,False,fr,0.6677966101694915
semantic_kernel_maternn_kappa=2.0_nu=3.0_alpha_0.0,0.5119651921682379,0.6648291468404162,0.6654022626310749,False,fr,0.6677966101694915
semantic_kernel_maternn_kappa=2.0_nu=3.0_alpha_0.1,0.5134673158603543,0.6637789663147342,0.6643556420393784,False,fr,0.6677966101694915
semantic_kernel_maternn_kappa=2.0_nu=3.0_alpha_0.2,0.5153320211333264,0.6623647363307265,0.6629462060553164,False,fr,0.6677966101694915
semantic_kernel_maternn_kappa=2.0_nu=3.0_alpha_0.3,0.5165233606132809,0.661529308035151,0.6621136097200648,False,fr,0.6677966101694915
semantic_kernel_maternn_kappa=2.0_nu=3.0_alpha_0.4,0.5164197658758936,0.660107048065377,0.6606961709705275,False,fr,0.6677966101694915
semantic_kernel_maternn_kappa=2.0_nu=3.0_alpha_0.5,0.5174039158810733,0.6602382881659439,0.6608269661893974,False,fr,0.6677966101694915
semantic_kernel_maternn_kappa=2.0_nu=3.0_alpha_0.6,0.5203563658966124,0.6606612534175615,0.661248497660501,False,fr,0.6677966101694915
semantic_kernel_maternn_kappa=2.0_nu=3.0_alpha_0.7,0.5223246659069719,0.6595221742753083,0.6601132798034759,False,fr,0.6677966101694915
semantic_kernel_maternn_kappa=2.0_nu=3.0_alpha_0.8,0.5309748264788149,0.6597296105300798,0.6603200128845024,False,fr,0.6677966101694915
semantic_kernel_maternn_kappa=2.0_nu=3.0_alpha_0.9,0.5342898580752098,0.6609319943269294,0.6615183208040745,False,fr,0.6677966101694915
semantic_kernel_maternn_kappa=2.0_nu=3.0_alpha_1.0,0.5346006422873718,0.6611873994288742,0.6617728601260127,False,fr,0.6677966101694915
semantic_kernel_matern_kappa=3.0_nu=1.0_alpha_0.0,0.5119651921682379,0.6648291468404162,0.6654022626310749,False,fr,0.6677966101694915
semantic_kernel_matern_kappa=3.0_nu=1.0_alpha_0.1,0.5132601263855796,0.6641962648317032,0.6647715259851034,False,fr,0.6677966101694915
semantic_kernel_matern_kappa=3.0_nu=1.0_alpha_0.2,0.5143996684968404,0.6629045570514545,0.6634841968752959,False,fr,0.6677966101694915
semantic_kernel_matern_kappa=3.0_nu=1.0_alpha_0.3,0.5159535895576505,0.6634936453008611,0.6640712882153827,False,fr,0.6677966101694915
semantic_kernel_matern_kappa=3.0_nu=1.0_alpha_0.4,0.5166787527193619,0.6623859225921691,0.6629673204989235,False,fr,0.6677966101694915
semantic_kernel_matern_kappa=3.0_nu=1.0_alpha_0.5,0.5164715632445872,0.66075233470878,0.6613392702015799,False,fr,0.6677966101694915
semantic_kernel_matern_kappa=3.0_nu=1.0_alpha_0.6,0.5211333264270175,0.6626951892126048,0.6632755387579341,False,fr,0.6677966101694915
semantic_kernel_matern_kappa=3.0_nu=1.0_alpha_0.7,0.5268828343520149,0.6635568608899106,0.6624393742600627,False,fr,0.6677966101694915
semantic_kernel_matern_kappa=3.0_nu=1.0_alpha_0.8,0.5333057080700301,0.6655112165523633,0.6643871049880664,False,fr,0.6677966101694915
semantic_kernel_matern_kappa=3.0_nu=1.0_alpha_0.9,0.5433026002279084,0.671467626398339,0.6720182388684625,False,fr,0.6677966101694915
semantic_kernel_matern_kappa=3.0_nu=1.0_alpha_1.0,0.5517455713249767,0.6791069839761065,0.6796317003188477,False,fr,0.6677966101694915
semantic_kernel_maternn_kappa=3.0_nu=1.0_alpha_0.0,0.5119651921682379,0.6648291468404162,0.6654022626310749,False,fr,0.6677966101694915
semantic_kernel_maternn_kappa=3.0_nu=1.0_alpha_0.1,0.5135709105977416,0.6637128185648837,0.6642897185191884,False,fr,0.6677966101694915
semantic_kernel_maternn_kappa=3.0_nu=1.0_alpha_0.2,0.515228426395939,0.6624284638198232,0.6630097175190265,False,fr,0.6677966101694915
semantic_kernel_maternn_kappa=3.0_nu=1.0_alpha_0.3,0.5163161711385061,0.661389655084751,0.6619744301694969,False,fr,0.6677966101694915
semantic_kernel_maternn_kappa=3.0_nu=1.0_alpha_0.4,0.5167305500880555,0.6602061110519943,0.6607948981504104,False,fr,0.6677966101694915
semantic_kernel_maternn_kappa=3.0_nu=1.0_alpha_0.5,0.5184916606236404,0.660566186241107,0.6611537527456616,False,fr,0.6677966101694915
semantic_kernel_maternn_kappa=3.0_nu=1.0_alpha_0.6,0.5208743395835491,0.6599861633531929,0.6605756960370287,False,fr,0.6677966101694915
semantic_kernel_maternn_kappa=3.0_nu=1.0_alpha_0.7,0.5255361027659795,0.660683132393989,0.6612703024709068,False,fr,0.6677966101694915
semantic_kernel_maternn_kappa=3.0_nu=1.0_alpha_0.8,0.5324251528022377,0.660110635761737,0.6606997465052049,False,fr,0.6677966101694915
semantic_kernel_maternn_kappa=3.0_nu=1.0_alpha_0.9,0.5342898580752098,0.6598711654126563,0.6604610879200193,False,fr,0.6677966101694915
semantic_kernel_maternn_kappa=3.0_nu=1.0_alpha_1.0,0.5344452501812907,0.6600121015430818,0.66060154630085,False,fr,0.6677966101694915
semantic_kernel_matern_kappa=3.0_nu=2.0_alpha_0.0,0.5119651921682379,0.6648291468404162,0.6654022626310749,False,fr,0.6677966101694915
semantic_kernel_matern_kappa=3.0_nu=2.0_alpha_0.1,0.5127939500673366,0.6638828334007094,0.6644591570335366,False,fr,0.6677966101694915
semantic_kernel_matern_kappa=3.0_nu=2.0_alpha_0.2,0.5133119237542734,0.662663620649812,0.6632440772072185,False,fr,0.6677966101694915
semantic_kernel_matern_kappa=3.0_nu=2.0_alpha_0.3,0.5138816948099036,0.6625140120027381,0.6630949757081007,False,fr,0.6677966101694915
semantic_kernel_matern_kappa=3.0_nu=2.0_alpha_0.4,0.5139334921785973,0.6627303818775637,0.6633106121257236,False,fr,0.6677966101694915
semantic_kernel_matern_kappa=3.0_nu=2.0_alpha_0.5,0.5128457474360303,0.6618193710976576,0.6624026895179528,False,fr,0.6677966101694915
semantic_kernel_matern_kappa=3.0_nu=2.0_alpha_0.6,0.5132083290168858,0.6609072209353972,0.6614936313901408,False,fr,0.6677966101694915
semantic_kernel_matern_kappa=3.0_nu=2.0_alpha_0.7,0.5161607790324252,0.6629703715424528,0.6635497882663248,False,fr,0.6677966101694915
semantic_kernel_matern_kappa=3.0_nu=2.0_alpha_0.8,0.5305604475292656,0.6713971834849409,0.6719480347446012,False,fr,0.6677966101694915
semantic_kernel_matern_kappa=3.0_nu=2.0_alpha_0.9,0.5533512897544804,0.676447520027077,0.6752863362476115,False,fr,0.6677966101694915
semantic_kernel_matern_kappa=3.0_nu=2.0_alpha_1.0,0.5817880451673054,0.6916054704696765,0.692087819061592,False,fr,0.6677966101694915
semantic_kernel_maternn_kappa=3.0_nu=2.0_alpha_0.0,0.5119651921682379,0.6648291468404162,0.6654022626310749,False,fr,0.6677966101694915
semantic_kernel_maternn_kappa=3.0_nu=2.0_alpha_0.1,0.513519113229048,0.6639123851418729,0.6644886085993064,False,fr,0.6677966101694915
semantic_kernel_maternn_kappa=3.0_nu=2.0_alpha_0.2,0.5152284263959391,0.6624812000202982,0.6630622749527202,False,fr,0.6677966101694915
semantic_kernel_maternn_kappa=3.0_nu=2.0_alpha_0.3,0.517455713249767,0.6627520656136462,0.663332222357616,False,fr,0.6677966101694915
semantic_kernel_maternn_kappa=3.0_nu=2.0_alpha_0.4,0.5179736869367036,0.6615715454111105,0.6621557039184788,False,fr,0.6677966101694915
semantic_kernel_maternn_kappa=3.0_nu=2.0_alpha_0.5,0.5197347974722885,0.6606577626072323,0.6612450186834273,False,fr,0.6677966101694915
semantic_kernel_maternn_kappa=3.0_nu=2.0_alpha_0.6,0.5221174764321972,0.6593292574897015,0.6599210169730744,False,fr,0.6677966101694915
semantic_kernel_maternn_kappa=3.0_nu=2.0_alpha_0.7,0.5279187817258884,0.6602438354297515,0.660832494648921,False,fr,0.6677966101694915
semantic_kernel_maternn_kappa=3.0_nu=2.0_alpha_0.8,0.5329949238578681,0.6603489946129335,0.6609372973602956,False,fr,0.6677966101694915
semantic_kernel_maternn_kappa=3.0_nu=2.0_alpha_0.9,0.5343934528125972,0.6614375321716922,0.662022144961228,False,fr,0.6677966101694915
semantic_kernel_maternn_kappa=3.0_nu=2.0_alpha_1.0,0.5354294001864706,0.6625546907725003,0.6631355165837282,False,fr,0.6677966101694915
semantic_kernel_matern_kappa=3.0_nu=3.0_alpha_0.0,0.5119651921682379,0.6648291468404162,0.6654022626310749,False,fr,0.6677966101694915
semantic_kernel_matern_kappa=3.0_nu=3.0_alpha_0.1,0.5126903553299492,0.6637868655785302,0.664363514526009,False,fr,0.6677966101694915
semantic_kernel_matern_kappa=3.0_nu=3.0_alpha_0.2,0.5127939500673366,0.6625818217000479,0.66316255554203,False,fr,0.6677966101694915
semantic_kernel_matern_kappa=3.0_nu=3.0_alpha_0.3,0.513208329016886,0.66192845928954,0.6625114079193544,False,fr,0.6677966101694915
semantic_kernel_matern_kappa=3.0_nu=3.0_alpha_0.4,0.5123277737490936,0.6615546743335354,0.6621388900309972,False,fr,0.6677966101694915
semantic_kernel_matern_kappa=3.0_nu=3.0_alpha_0.5,0.5116544079560758,0.661946683726365,0.6625295705784274,False,fr,0.6677966101694915
semantic_kernel_matern_kappa=3.0_nu=3.0_alpha_0.6,0.5108774474256708,0.658581538600579,0.6591758327242542,False,fr,0.6677966101694915
semantic_kernel_matern_kappa=3.0_nu=3.0_alpha_0.7,0.5106184605822024,0.6597323137930936,0.6603227069839128,False,fr,0.6677966101694915
semantic_kernel_matern_kappa=3.0_nu=3.0_alpha_0.8,0.5145032632342276,0.6633909557782266,0.663968946792825,False,fr,0.6677966101694915
semantic_kernel_matern_kappa=3.0_nu=3.0_alpha_0.9,0.5400393660002072,0.6768275035700124,0.6773599469649776,False,fr,0.6677966101694915
semantic_kernel_matern_kappa=3.0_nu=3.0_alpha_1.0,0.5864498083497359,0.6926271356236245,0.6931060209438317,False,fr,0.6677966101694915
semantic_kernel_maternn_kappa=3.0_nu=3.0_alpha_0.0,0.5119651921682379,0.6648291468404162,0.6654022626310749,False,fr,0.6677966101694915
semantic_kernel_maternn_kappa=3.0_nu=3.0_alpha_0.1,0.513519113229048,0.6639181536498369,0.6644943575530061,False,fr,0.6677966101694915
semantic_kernel_maternn_kappa=3.0_nu=3.0_alpha_0.2,0.5151766290272454,0.6629132864030821,0.6634928966359013,False,fr,0.6677966101694915
semantic_kernel_maternn_kappa=3.0_nu=3.0_alpha_0.3,0.5170413343002176,0.663626740904466,0.66420393264745,False,fr,0.6677966101694915
semantic_kernel_maternn_kappa=3.0_nu=3.0_alpha_0.4,0.517611105355848,0.6615071997992235,0.66209157642731,False,fr,0.6677966101694915
semantic_kernel_maternn_kappa=3.0_nu=3.0_alpha_0.5,0.519320418522739,0.6606506434596864,0.6612379236685849,False,fr,0.6677966101694915
semantic_kernel_maternn_kappa=3.0_nu=3.0_alpha_0.6,0.5219620843261162,0.6599211531769384,0.660510906234253,False,fr,0.6677966101694915
semantic_kernel_maternn_kappa=3.0_nu=3.0_alpha_0.7,0.5272972133015643,0.6599801257666215,0.6605696789168525,False,fr,0.6677966101694915
semantic_kernel_maternn_kappa=3.0_nu=3.0_alpha_0.8,0.531441002797058,0.6606126746920962,0.6612000836086813,False,fr,0.6677966101694915
semantic_kernel_maternn_kappa=3.0_nu=3.0_alpha_0.9,0.5343934528125971,0.6630941023313861,0.6636730996288551,False,fr,0.6677966101694915
semantic_kernel_maternn_kappa=3.0_nu=3.0_alpha_1.0,0.5405055423184503,0.6692302320211456,0.6697884288789883,False,fr,0.6677966101694915
semantic_kernel_prod_heat_t=0.1,0.5239303843364757,0.6595116542669642,0.660102795456177,False,fr,0.6677966101694915
semantic_kernel_sum_heat_t=0.1,0.5361882104150144,0.662076913679124,0.6626653629801854,False,fr,0.6677966101694915
semantic_kernel_prod_heatn_t=0.1,0.5191650264166581,0.6538118318568984,0.6544222944780098,False,fr,0.6677966101694915
semantic_kernel_sum_heatn_t=0.1,0.5252771159225111,0.6511610656792306,0.651780513948402,False,fr,0.6677966101694915
semantic_kernel_prod_heat_t=0.2,0.5372423080907489,0.6705118474315823,0.6710656998304066,False,fr,0.6677966101694915
semantic_kernel_sum_heat_t=0.2,0.515441028056247,0.6384293470078013,0.6391627162577709,False,fr,0.6677966101694915
semantic_kernel_prod_heatn_t=0.2,0.5197347974722885,0.6541788598098417,0.6547880782684007,False,fr,0.6677966101694915
semantic_kernel_sum_heatn_t=0.2,0.5255361027659795,0.6525152081639939,0.6531300661196574,False,fr,0.6677966101694915
semantic_kernel_prod_heat_t=0.3,0.5513311923754274,0.6770470396525281,0.6775787388573831,False,fr,0.6677966101694915
semantic_kernel_sum_heat_t=0.3,0.511224365975003,0.6370158287281771,0.6379982938955358,False,fr,0.6677966101694915
semantic_kernel_prod_heatn_t=0.3,0.5206153527400808,0.6543264569902891,0.6549351751194229,False,fr,0.6677966101694915
semantic_kernel_sum_heatn_t=0.3,0.5260022790842225,0.6529955633405955,0.6536087929736266,False,fr,0.6677966101694915
semantic_kernel_prod_heat_t=0.4,0.5688387029938878,0.6846139458197713,0.6851199944952459,False,fr,0.6677966101694915
semantic_kernel_sum_heat_t=0.4,0.5108350951374206,0.6649774976748621,0.6662820806131869,False,fr,0.6677966101694915
semantic_kernel_prod_heatn_t=0.4,0.5206671501087745,0.6543699209542049,0.6549784917478678,False,fr,0.6677966101694915
semantic_kernel_sum_heatn_t=0.4,0.5257950896094479,0.6516501041999423,0.6522678947114163,False,fr,0.6677966101694915
semantic_kernel_prod_heat_t=0.5,0.579042784626541,0.6884296773150974,0.6889227913075369,False,fr,0.6677966101694915
semantic_kernel_sum_heat_t=0.5,0.530952380952381,0.6906196877576732,0.6922134908800963,False,fr,0.6677966101694915
semantic_kernel_prod_heatn_t=0.5,0.5222210711695845,0.655482895800704,0.6560876937982769,False,fr,0.6677966101694915
semantic_kernel_sum_heatn_t=0.5,0.5262612659276908,0.6523221351002337,0.6529376475408593,False,fr,0.6677966101694915
semantic_kernel_prod_heat_t=0.6,0.5825132083290169,0.6899329799393763,0.6904209979907165,False,fr,0.6677966101694915
semantic_kernel_sum_heat_t=0.6,0.536231884057971,0.718117926143406,0.7198447677938774,False,fr,0.6677966101694915
semantic_kernel_prod_heatn_t=0.6,0.5233088159121517,0.6559854125334912,0.6565885070845124,False,fr,0.6677966101694915
semantic_kernel_sum_heatn_t=0.6,0.5268828343520149,0.6528918621072031,0.6535054432698387,False,fr,0.6677966101694915
semantic_kernel_prod_heat_t=0.7,0.5855692530819435,0.6911767604565847,0.691660562302782,False,fr,0.6677966101694915
semantic_kernel_sum_heat_t=0.7,0.5648148148148149,0.7494529037844239,0.7511966134540846,False,fr,0.6677966101694915
semantic_kernel_prod_heatn_t=0.7,0.5241375738112504,0.6567085412871305,0.6573091845542411,False,fr,0.6677966101694915
semantic_kernel_sum_heatn_t=0.7,0.5270900238267896,0.6532435822769593,0.6538559711678331,False,fr,0.6677966101694915
semantic_kernel_prod_matern_kappa=1.0_nu=1.0,0.529058323837149,0.6618458837029695,0.6624291122500263,False,fr,0.6677966101694915
semantic_kernel_sum_matern_kappa=1.0_nu=1.0,0.5406091370558376,0.6677351947138908,0.6682984594948088,False,fr,0.6677966101694915
semantic_kernel_prod_maternn_kappa=1.0_nu=1.0,0.5254843053972859,0.6584326203522126,0.6590274192835093,False,fr,0.6677966101694915
semantic_kernel_sum_maternn_kappa=1.0_nu=1.0,0.5259504817155288,0.6520204394793208,0.6526369746169662,False,fr,0.6677966101694915
semantic_kernel_prod_matern_kappa=1.0_nu=2.0,0.5435615870713768,0.673923738313374,0.6744660249803955,False,fr,0.6677966101694915
semantic_kernel_sum_matern_kappa=1.0_nu=2.0,0.5568421052631579,0.6767169053979045,0.6772664367239939,False,fr,0.6677966101694915
semantic_kernel_prod_maternn_kappa=1.0_nu=2.0,0.5240857764425567,0.6570111545199024,0.6576107719794444,False,fr,0.6677966101694915
semantic_kernel_sum_maternn_kappa=1.0_nu=2.0,0.5258468869781416,0.6517235938668993,0.6523411352608581,False,fr,0.6677966101694915
semantic_kernel_prod_matern_kappa=1.0_nu=3.0,0.5524707344866882,0.6786506093829784,0.6791768727582386,False,fr,0.6677966101694915
semantic_kernel_sum_matern_kappa=1.0_nu=3.0,0.5429439746300211,0.6618873100048137,0.6625368558539076,False,fr,0.6677966101694915
semantic_kernel_prod_maternn_kappa=1.0_nu=3.0,0.5237231948617009,0.6567760557255861,0.6573764701301934,False,fr,0.6677966101694915
semantic_kernel_sum_maternn_kappa=1.0_nu=3.0,0.5258468869781415,0.6518169624798531,0.6524341873700392,False,fr,0.6677966101694915
semantic_kernel_prod_matern_kappa=2.0_nu=1.0,0.5464104423495287,0.6748102794834885,0.6753495609262046,False,fr,0.6677966101694915
semantic_kernel_sum_matern_kappa=2.0_nu=1.0,0.5538317367763431,0.6772461213357432,0.6777770302200888,False,fr,0.6677966101694915
semantic_kernel_prod_maternn_kappa=2.0_nu=1.0,0.5363617528229566,0.6621592736590244,0.6627414398672471,False,fr,0.6677966101694915
semantic_kernel_sum_maternn_kappa=2.0_nu=1.0,0.5289029317310681,0.6545268138911835,0.6551348528443819,False,fr,0.6677966101694915
semantic_kernel_prod_matern_kappa=2.0_nu=2.0,0.5765047135605511,0.689214050976565,0.6897045060752368,False,fr,0.6677966101694915
semantic_kernel_sum_matern_kappa=2.0_nu=2.0,0.5571992110453649,0.6728208489190508,0.6734578894168477,False,fr,0.6677966101694915
semantic_kernel_prod_maternn_kappa=2.0_nu=2.0,0.5352740080803895,0.6616751918957056,0.6622589990590583,False,fr,0.6677966101694915
semantic_kernel_sum_maternn_kappa=2.0_nu=2.0,0.5309230291101212,0.6564127246917169,0.6570143707269475,False,fr,0.6677966101694915
semantic_kernel_prod_matern_kappa=2.0_nu=3.0,0.5840153320211332,0.692448131964547,0.6929276240768188,False,fr,0.6677966101694915
semantic_kernel_sum_matern_kappa=2.0_nu=3.0,0.5178571428571429,0.6752746739745761,0.6762130338737264,False,fr,0.6677966101694915
semantic_kernel_prod_maternn_kappa=2.0_nu=3.0,0.5346006422873718,0.6611873994288742,0.6617728601260127,False,fr,0.6677966101694915
semantic_kernel_sum_maternn_kappa=2.0_nu=3.0,0.5308194343727338,0.6565945848431126,0.6571956144032537,False,fr,0.6677966101694915
semantic_kernel_prod_matern_kappa=3.0_nu=1.0,0.5517455713249767,0.6791069839761065,0.6796317003188477,False,fr,0.6677966101694915
semantic_kernel_sum_matern_kappa=3.0_nu=1.0,0.5596105789254477,0.6798781421610628,0.6804000985936215,False,fr,0.6677966101694915
semantic_kernel_prod_maternn_kappa=3.0_nu=1.0,0.5344452501812907,0.6600121015430818,0.66060154630085,False,fr,0.6677966101694915
semantic_kernel_sum_maternn_kappa=3.0_nu=1.0,0.5320107738526882,0.6570436407198981,0.6576431480567281,False,fr,0.6677966101694915
semantic_kernel_prod_matern_kappa=3.0_nu=2.0,0.5817880451673054,0.6916054704696765,0.692087819061592,False,fr,0.6677966101694915
semantic_kernel_sum_matern_kappa=3.0_nu=2.0,0.5495065789473685,0.6751905015844235,0.6758845378101144,False,fr,0.6677966101694915
semantic_kernel_prod_maternn_kappa=3.0_nu=2.0,0.5354294001864706,0.6625546907725003,0.6631355165837282,False,fr,0.6677966101694915
semantic_kernel_sum_maternn_kappa=3.0_nu=2.0,0.5405573396871438,0.6656619164031629,0.6662322092461513,False,fr,0.6677966101694915
semantic_kernel_prod_matern_kappa=3.0_nu=3.0,0.5864498083497359,0.6926271356236245,0.6931060209438317,False,fr,0.6677966101694915
semantic_kernel_sum_matern_kappa=3.0_nu=3.0,0.5010869565217391,0.6745316926275103,0.6756251223426565,False,fr,0.6677966101694915
semantic_kernel_prod_maternn_kappa=3.0_nu=3.0,0.5405055423184503,0.6692302320211456,0.6697884288789883,False,fr,0.6677966101694915
semantic_kernel_sum_maternn_kappa=3.0_nu=3.0,0.5487931213094375,0.6712221096726121,0.6717735544028227,False,fr,0.6677966101694915
full_klu_heat_t=0.1_alpha_0.0,0.5119651921682379,0.6648291468404162,0.6654022626310749,False,fr,0.6677966101694915
full_klu_heat_t=0.1_alpha_0.1,0.5117062053247694,0.6654111767791223,0.665982319586938,False,fr,0.6677966101694915
full_klu_heat_t=0.1_alpha_0.2,0.5109810421630582,0.6652380844069815,0.665809813968601,False,fr,0.6677966101694915
full_klu_heat_t=0.1_alpha_0.3,0.510670257950896,0.6660096274175829,0.6665787415791664,False,fr,0.6677966101694915
full_klu_heat_t=0.1_alpha_0.4,0.5104112711074278,0.6665523238116412,0.6671195983244314,False,fr,0.6677966101694915
full_klu_heat_t=0.1_alpha_0.5,0.5093235263648606,0.6662177292310754,0.6667861379627827,False,fr,0.6677966101694915
full_klu_heat_t=0.1_alpha_0.6,0.5101522842639594,0.664469329694172,0.6633487499497331,False,fr,0.6677966101694915
full_klu_heat_t=0.1_alpha_0.7,0.5102558790013467,0.662412899516112,0.6612992907214295,False,fr,0.6677966101694915
full_klu_heat_t=0.1_alpha_0.8,0.5140888842846784,0.6649999397615587,0.6638775613389254,False,fr,0.6677966101694915
full_klu_heat_t=0.1_alpha_0.9,0.5294727027866983,0.6730223170051224,0.6718727440833585,False,fr,0.6677966101694915
full_klu_heat_t=0.1_alpha_1.0,0.5671293898269968,0.7089575867611206,0.7093811146198449,False,fr,0.6677966101694915
full_klu_heatn_t=0.1_alpha_0.0,0.5119651921682379,0.6648291468404162,0.6654022626310749,False,fr,0.6677966101694915
full_klu_heatn_t=0.1_alpha_0.1,0.5107738526882833,0.6644192021446171,0.6649937075783126,False,fr,0.6677966101694915
full_klu_heatn_t=0.1_alpha_0.2,0.5098932974204909,0.6645996684679217,0.6651735621513687,False,fr,0.6677966101694915
full_klu_heatn_t=0.1_alpha_0.3,0.5090645395213923,0.665251089505281,0.6658227749818213,False,fr,0.6677966101694915
full_klu_heatn_t=0.1_alpha_0.4,0.5085983632031492,0.6655961392644875,0.6661666550808273,False,fr,0.6677966101694915
full_klu_heatn_t=0.1_alpha_0.5,0.5077178079353568,0.6658390585162439,0.6664087508774931,False,fr,0.6677966101694915
full_klu_heatn_t=0.1_alpha_0.6,0.5066300631927898,0.6654008315822991,0.6659720094585787,False,fr,0.6677966101694915
full_klu_heatn_t=0.1_alpha_0.7,0.5060084947684658,0.6653520988229935,0.6659234418950672,False,fr,0.6677966101694915
full_klu_heatn_t=0.1_alpha_0.8,0.5049725473945923,0.6652267648269781,0.6657985327600553,False,fr,0.6677966101694915
full_klu_heatn_t=0.1_alpha_0.9,0.5031078421216202,0.6649507969016712,0.6655235003192409,False,fr,0.6677966101694915
full_klu_heatn_t=0.1_alpha_1.0,0.4288045167305501,0.6135458429664412,0.6125978852109101,False,fr,0.6677966101694915
full_klu_heat_t=0.2_alpha_0.0,0.5119651921682379,0.6648291468404162,0.6654022626310749,False,fr,0.6677966101694915
full_klu_heat_t=0.2_alpha_0.1,0.5125349632238682,0.66595713899365,0.6665264310820945,False,fr,0.6677966101694915
full_klu_heat_t=0.2_alpha_0.2,0.5125349632238683,0.6671053883857347,0.6676707881033584,False,fr,0.6677966101694915
full_klu_heat_t=0.2_alpha_0.3,0.5121723816430125,0.664596192758637,0.6634751829699119,False,fr,0.6677966101694915
full_klu_heat_t=0.2_alpha_0.4,0.5128457474360303,0.6629262006858365,0.6618108518871888,False,fr,0.6677966101694915
full_klu_heat_t=0.2_alpha_0.5,0.5142442763907593,0.664098175385828,0.6629788537915872,False,fr,0.6677966101694915
full_klu_heat_t=0.2_alpha_0.6,0.5189060395731897,0.6668213831229515,0.6656928303160423,False,fr,0.6677966101694915
full_klu_heat_t=0.2_alpha_0.7,0.5250699264477365,0.6706403703008373,0.669498871774681,False,fr,0.6677966101694915
full_klu_heat_t=0.2_alpha_0.8,0.5402983528436756,0.6780266270376376,0.6768600903530516,False,fr,0.6677966101694915
full_klu_heat_t=0.2_alpha_0.9,0.5543872371283539,0.687026936874216,0.6858298906647601,False,fr,0.6677966101694915
full_klu_heat_t=0.2_alpha_1.0,0.5705998135294726,0.7124698858709438,0.7128815076309907,False,fr,0.6677966101694915
full_klu_heatn_t=0.2_alpha_0.0,0.5119651921682379,0.6648291468404162,0.6654022626310749,False,fr,0.6677966101694915
full_klu_heatn_t=0.2_alpha_0.1,0.5107738526882833,0.6643971015423065,0.6649716818932978,False,fr,0.6677966101694915
full_klu_heatn_t=0.2_alpha_0.2,0.509893297420491,0.6644206222108864,0.6649951228307978,False,fr,0.6677966101694915
full_klu_heatn_t=0.2_alpha_0.3,0.5093235263648607,0.6655138304246129,0.6660846252539693,False,fr,0.6677966101694915
full_klu_heatn_t=0.2_alpha_0.4,0.5084429710970683,0.6653197414407974,0.6658911941989125,False,fr,0.6677966101694915
full_klu_heatn_t=0.2_alpha_0.5,0.5080803895162126,0.6658347939325047,0.6664045007499698,False,fr,0.6677966101694915
full_klu_heatn_t=0.2_alpha_0.6,0.5065782658240962,0.665007273873816,0.6655797858440224,False,fr,0.6677966101694915
full_klu_heatn_t=0.2_alpha_0.7,0.5053351289754481,0.6649091643497778,0.6654820088946422,False,fr,0.6677966101694915
full_klu_heatn_t=0.2_alpha_0.8,0.5038330052833315,0.6645590867623353,0.6651331180108858,False,fr,0.6677966101694915
full_klu_heatn_t=0.2_alpha_0.9,0.49694395524707347,0.66122197839295,0.6618073218732613,False,fr,0.6677966101694915
full_klu_heatn_t=0.2_alpha_1.0,0.4264477364549881,0.6122281699282662,0.611284678861,False,fr,0.6677966101694915
full_klu_heat_t=0.3_alpha_0.0,0.5119651921682379,0.6648291468404162,0.6654022626310749,False,fr,0.6677966101694915
full_klu_heat_t=0.3_alpha_0.1,0.5123795711177872,0.6659484803655609,0.6665178018052869,False,fr,0.6677966101694915
full_klu_heat_t=0.3_alpha_0.2,0.5125349632238683,0.6631914122324076,0.6620751644115682,False,fr,0.6677966101694915
full_klu_heat_t=0.3_alpha_0.3,0.5146586553403087,0.6634718173932972,0.6623546190464885,False,fr,0.6677966101694915
full_klu_heat_t=0.3_alpha_0.4,0.5175593079871542,0.6650215367263432,0.6638990850936597,False,fr,0.6677966101694915
full_klu_heat_t=0.3_alpha_0.5,0.5223764632756656,0.6677295868752466,0.66659795541155,False,fr,0.6677966101694915
full_klu_heat_t=0.3_alpha_0.6,0.5293691080493111,0.6717750532215614,0.6706297083126231,False,fr,0.6677966101694915
full_klu_heat_t=0.3_alpha_0.7,0.5394177975758832,0.6778620701315913,0.6766960912670258,False,fr,0.6677966101694915
full_klu_heat_t=0.3_alpha_0.8,0.5514347871128147,0.6842945292277036,0.6831067454170496,False,fr,0.6677966101694915
full_klu_heat_t=0.3_alpha_0.9,0.5592561897855588,0.6925303860656455,0.6913146840962188,False,fr,0.6677966101694915
full_klu_heat_t=0.3_alpha_1.0,0.5740961359162955,0.7138762962898039,0.7142831505569053,False,fr,0.6677966101694915
full_klu_heatn_t=0.3_alpha_0.0,0.5119651921682379,0.6648291468404162,0.6654022626310749,False,fr,0.6677966101694915
full_klu_heatn_t=0.3_alpha_0.1,0.5109810421630581,0.6644815729180036,0.6650558669253483,False,fr,0.6677966101694915
full_klu_heatn_t=0.3_alpha_0.2,0.509893297420491,0.6643826406550813,0.6649572700260293,False,fr,0.6677966101694915
full_klu_heatn_t=0.3_alpha_0.3,0.509427121102248,0.6649864551552369,0.6655590376973708,False,fr,0.6677966101694915
full_klu_heatn_t=0.3_alpha_0.4,0.5078732000414379,0.6649749796222455,0.6655476010644912,False,fr,0.6677966101694915
full_klu_heatn_t=0.3_alpha_0.5,0.5077696053040506,0.6653404106400818,0.6659117933331147,False,fr,0.6677966101694915
full_klu_heatn_t=0.3_alpha_0.6,0.5065264684554025,0.6650013348158113,0.6655738669184179,False,fr,0.6677966101694915
full_klu_heatn_t=0.3_alpha_0.7,0.5046617631824304,0.6644006469373853,0.6649752152700882,False,fr,0.6677966101694915
full_klu_heatn_t=0.3_alpha_0.8,0.5009841500051797,0.6629760092692563,0.6635554068821902,False,fr,0.6677966101694915
full_klu_heatn_t=0.3_alpha_0.9,0.49285196312027346,0.6587462738363115,0.6593400095354588,False,fr,0.6677966101694915
full_klu_heatn_t=0.3_alpha_1.0,0.42613695224282605,0.6117742782927285,0.6108323258411759,False,fr,0.6677966101694915
full_klu_heat_t=0.4_alpha_0.0,0.5119651921682379,0.6648291468404162,0.6654022626310749,False,fr,0.6677966101694915
full_klu_heat_t=0.4_alpha_0.1,0.5132601263855796,0.666250509350377,0.6668188069630359,False,fr,0.6677966101694915
full_klu_heat_t=0.4_alpha_0.2,0.513674505335129,0.6637286392840791,0.6626105703545899,False,fr,0.6677966101694915
full_klu_heat_t=0.4_alpha_0.3,0.5149176421837771,0.6634704811975312,0.6623532873801998,False,fr,0.6677966101694915
full_klu_heat_t=0.4_alpha_0.4,0.5192168237853517,0.6659429386907261,0.6648173636615532,False,fr,0.6677966101694915
full_klu_heat_t=0.4_alpha_0.5,0.5236196001243136,0.6679890749278783,0.6668565638436643,False,fr,0.6677966101694915
full_klu_heat_t=0.4_alpha_0.6,0.5313892054283643,0.6725817015144401,0.671433622204509,False,fr,0.6677966101694915
full_klu_heat_t=0.4_alpha_0.7,0.5408163265306123,0.6781537507286708,0.6769867831163185,False,fr,0.6677966101694915
full_klu_heat_t=0.4_alpha_0.8,0.550916813425878,0.683150565524491,0.6819666595568986,False,fr,0.6677966101694915
full_klu_heat_t=0.4_alpha_0.9,0.5577022687247488,0.6906064903277056,0.6893973100387465,False,fr,0.6677966101694915
full_klu_heat_t=0.4_alpha_1.0,0.568968196415622,0.7121627898490677,0.7125754526125784,False,fr,0.6677966101694915
full_klu_heatn_t=0.4_alpha_0.0,0.5119651921682379,0.6648291468404162,0.6654022626310749,False,fr,0.6677966101694915
full_klu_heatn_t=0.4_alpha_0.1,0.5110328395317517,0.6644901090549409,0.6650643741262284,False,fr,0.6677966101694915
full_klu_heatn_t=0.4_alpha_0.2,0.510048689526572,0.6644655929594887,0.6650399411361846,False,fr,0.6677966101694915
full_klu_heatn_t=0.4_alpha_0.3,0.5089609447840049,0.664716526047151,0.6652900236032107,False,fr,0.6677966101694915
full_klu_heatn_t=0.4_alpha_0.4,0.5078732000414379,0.6648445077046417,0.6654175714245741,False,fr,0.6677966101694915
full_klu_heatn_t=0.4_alpha_0.5,0.5075624158292759,0.6651137176368902,0.6656858687807814,False,fr,0.6677966101694915
full_klu_heatn_t=0.4_alpha_0.6,0.5059049000310785,0.664348473966224,0.6649232191564562,False,fr,0.6677966101694915
full_klu_heatn_t=0.4_alpha_0.7,0.5032114368590075,0.6632337843430998,0.663812308142224,False,fr,0.6677966101694915
full_klu_heatn_t=0.4_alpha_0.8,0.49839428157049626,0.6613510811762061,0.6619359870199639,False,fr,0.6677966101694915
full_klu_heatn_t=0.4_alpha_0.9,0.4881384025691494,0.6550958514909915,0.6557019615031736,False,fr,0.6677966101694915
full_klu_heatn_t=0.4_alpha_1.0,0.4258520667150109,0.611331231012968,0.6103907804166011,False,fr,0.6677966101694915
full_klu_heat_t=0.5_alpha_0.0,0.5119651921682379,0.6648291468404162,0.6654022626310749,False,fr,0.6677966101694915
full_klu_heat_t=0.5_alpha_0.1,0.5132083290168858,0.665973918878022,0.6665431540855025,False,fr,0.6677966101694915
full_klu_heat_t=0.5_alpha_0.2,0.5133119237542733,0.6626858615595245,0.6615713274697794,False,fr,0.6677966101694915
full_klu_heat_t=0.5_alpha_0.3,0.514762250077696,0.6626562864449784,0.661541852609859,False,fr,0.6677966101694915
full_klu_heat_t=0.5_alpha_0.4,0.5182326737801719,0.6648127203094905,0.6636909765290677,False,fr,0.6677966101694915
full_klu_heat_t=0.5_alpha_0.5,0.5219102869574226,0.6671615094349114,0.6660318036574532,False,fr,0.6677966101694915
full_klu_heat_t=0.5_alpha_0.6,0.528747539624987,0.6709691122508508,0.6698264993452031,False,fr,0.6677966101694915
full_klu_heat_t=0.5_alpha_0.7,0.538330052833316,0.6757846834420536,0.6746257465662661,False,fr,0.6677966101694915
full_klu_heat_t=0.5_alpha_0.8,0.54713560551124,0.6805522662828721,0.6793771681093191,False,fr,0.6677966101694915
full_klu_heat_t=0.5_alpha_0.9,0.5532994923857868,0.6852470788671188,0.6840560660746362,False,fr,0.6677966101694915
full_klu_heat_t=0.5_alpha_1.0,0.5639956490210296,0.7043204723465131,0.7047597192371512,False,fr,0.6677966101694915
full_klu_heatn_t=0.5_alpha_0.0,0.5119651921682379,0.6648291468404162,0.6654022626310749,False,fr,0.6677966101694915
full_klu_heatn_t=0.5_alpha_0.1,0.5108774474256708,0.6643436107210177,0.664918372396827,False,fr,0.6677966101694915
full_klu_heatn_t=0.5_alpha_0.2,0.5101004868952657,0.6643222189572904,0.664897053147553,False,fr,0.6677966101694915
full_klu_heatn_t=0.5_alpha_0.3,0.5090645395213924,0.6646311055451529,0.6652048926622363,False,fr,0.6677966101694915
full_klu_heatn_t=0.5_alpha_0.4,0.5076660105666632,0.6642192155375601,0.6647943988919575,False,fr,0.6677966101694915
full_klu_heatn_t=0.5_alpha_0.5,0.5071998342484202,0.6644318587546743,0.6650063212846067,False,fr,0.6677966101694915
full_klu_heatn_t=0.5_alpha_0.6,0.5052833316067543,0.6632828546043336,0.6638612120635892,False,fr,0.6677966101694915
full_klu_heatn_t=0.5_alpha_0.7,0.5015539210608101,0.6620500096975896,0.6626325462921224,False,fr,0.6677966101694915
full_klu_heatn_t=0.5_alpha_0.8,0.4977209157774785,0.6604980557788953,0.6610858532341692,False,fr,0.6677966101694915
full_klu_heatn_t=0.5_alpha_0.9,0.4834248420180255,0.6519928973886115,0.6526095258892763,False,fr,0.6677966101694915
full_klu_heatn_t=0.5_alpha_1.0,0.427716771987983,0.6139514649297997,0.6130021321845622,False,fr,0.6677966101694915
full_klu_heat_t=0.6_alpha_0.0,0.5119651921682379,0.6648291468404162,0.6654022626310749,False,fr,0.6677966101694915
full_klu_heat_t=0.6_alpha_0.1,0.5127939500673366,0.665601488349371,0.6661719860332197,False,fr,0.6677966101694915
full_klu_heat_t=0.6_alpha_0.2,0.512742152698643,0.6647347723255566,0.665308208029825,False,fr,0.6677966101694915
full_klu_heat_t=0.6_alpha_0.3,0.5137781000725163,0.6632738503768483,0.6621573231046717,False,fr,0.6677966101694915
full_klu_heat_t=0.6_alpha_0.4,0.5156428053454885,0.6629308824950227,0.6618155178258353,False,fr,0.6677966101694915
full_klu_heat_t=0.6_alpha_0.5,0.5181290790427846,0.6642589898591746,0.6631391231311259,False,fr,0.6677966101694915
full_klu_heat_t=0.6_alpha_0.6,0.523723194861701,0.6680267008979315,0.6668940622680563,False,fr,0.6677966101694915
full_klu_heat_t=0.6_alpha_0.7,0.5328913291204807,0.6729973385748305,0.6718478503257115,False,fr,0.6677966101694915
full_klu_heat_t=0.6_alpha_0.8,0.5424738423288097,0.6770815473069379,0.6759182142824559,False,fr,0.6677966101694915
full_klu_heat_t=0.6_alpha_0.9,0.5499326634206982,0.6804555389427547,0.6792807686584903,False,fr,0.6677966101694915
full_klu_heat_t=0.6_alpha_1.0,0.565368279291412,0.7056693631654247,0.7061040375448123,False,fr,0.6677966101694915
full_klu_heatn_t=0.6_alpha_0.0,0.5119651921682379,0.6648291468404162,0.6654022626310749,False,fr,0.6677966101694915
full_klu_heatn_t=0.6_alpha_0.1,0.5107738526882835,0.6643099041413875,0.6648847800767886,False,fr,0.6677966101694915
full_klu_heatn_t=0.6_alpha_0.2,0.5101004868952657,0.6642545818923865,0.6648296453608352,False,fr,0.6677966101694915
full_klu_heatn_t=0.6_alpha_0.3,0.5091163368900861,0.6646379054753837,0.6652116695418561,False,fr,0.6677966101694915
full_klu_heatn_t=0.6_alpha_0.4,0.5082875789909873,0.6645442741657244,0.6651183556264668,False,fr,0.6677966101694915
full_klu_heatn_t=0.6_alpha_0.5,0.5069408474049518,0.664084005085957,0.6646596467808682,False,fr,0.6677966101694915
full_klu_heatn_t=0.6_alpha_0.6,0.5054905210815291,0.663582615202752,0.6641599565243858,False,fr,0.6677966101694915
full_klu_heatn_t=0.6_alpha_0.7,0.5004143789495493,0.66137976756876,0.6619645761705092,False,fr,0.6677966101694915
full_klu_heatn_t=0.6_alpha_0.8,0.49694395524707347,0.6598452245949666,0.6604352350373048,False,fr,0.6677966101694915
full_klu_heatn_t=0.6_alpha_0.9,0.48042059463379266,0.6498250315834213,0.6504490087817308,False,fr,0.6677966101694915
full_klu_heatn_t=0.6_alpha_1.0,0.4231068061742464,0.6123537145383153,0.6114097978961,False,fr,0.6677966101694915
full_klu_heat_t=0.7_alpha_0.0,0.5119651921682379,0.6648291468404162,0.6654022626310749,False,fr,0.6677966101694915
full_klu_heat_t=0.7_alpha_0.1,0.5129493421734176,0.6653223050100529,0.6658937490781026,False,fr,0.6677966101694915
full_klu_heat_t=0.7_alpha_0.2,0.5124831658551745,0.6654841081020537,0.6660550036850459,False,fr,0.6677966101694915
full_klu_heat_t=0.7_alpha_0.3,0.51382989744121,0.6654979924736202,0.6660688409909461,False,fr,0.6677966101694915
full_klu_heat_t=0.7_alpha_0.4,0.5134673158603543,0.6632005005024906,0.6620842218739559,False,fr,0.6677966101694915
full_klu_heat_t=0.7_alpha_0.5,0.5163679685071999,0.6635612380060925,0.6624437365385626,False,fr,0.6677966101694915
full_klu_heat_t=0.7_alpha_0.6,0.5198383922096756,0.6644043122404844,0.6632839528941937,False,fr,0.6677966101694915
full_klu_heat_t=0.7_alpha_0.7,0.525277115922511,0.6686259639653003,0.6674912939351967,False,fr,0.6677966101694915
full_klu_heat_t=0.7_alpha_0.8,0.5358955765047135,0.6741268370385685,0.6729735199810978,False,fr,0.6677966101694915
full_klu_heat_t=0.7_alpha_0.9,0.5449601160261058,0.6762314437150224,0.6750709923976316,False,fr,0.6677966101694915
full_klu_heat_t=0.7_alpha_1.0,0.5649280016575158,0.7061682270805808,0.7066012103958492,False,fr,0.6677966101694915
full_klu_heatn_t=0.7_alpha_0.0,0.5119651921682379,0.6648291468404162,0.6654022626310749,False,fr,0.6677966101694915
full_klu_heatn_t=0.7_alpha_0.1,0.5108256500569771,0.664393482631974,0.664968075250458,False,fr,0.6677966101694915
full_klu_heatn_t=0.7_alpha_0.2,0.5098415000517974,0.6639576926435626,0.6645337625162445,False,fr,0.6677966101694915
full_klu_heatn_t=0.7_alpha_0.3,0.5090645395213923,0.6643953615267616,0.6649699477761106,False,fr,0.6677966101694915
full_klu_heatn_t=0.7_alpha_0.4,0.5082357816222935,0.6645021573167207,0.6650763815464427,False,fr,0.6677966101694915
full_klu_heatn_t=0.7_alpha_0.5,0.5068372526675644,0.66401824612394,0.6645941107305868,False,fr,0.6677966101694915
full_klu_heatn_t=0.7_alpha_0.6,0.5038848026520253,0.6626002730505616,0.6631809443455927,False,fr,0.6677966101694915
full_klu_heatn_t=0.7_alpha_0.7,0.4993784315756759,0.6605958490756714,0.6611833150282445,False,fr,0.6677966101694915
full_klu_heatn_t=0.7_alpha_0.8,0.49450947891847097,0.6584310315188453,0.6590258358360179,False,fr,0.6677966101694915
full_klu_heatn_t=0.7_alpha_0.9,0.47689837356262305,0.6472717828471257,0.6479044151258974,False,fr,0.6677966101694915
full_klu_heatn_t=0.7_alpha_1.0,0.42520459960634,0.6136642761251376,0.612715916901272,False,fr,0.6677966101694915
full_klu_matern_kappa=1.0_nu=1.0_alpha_0.0,0.5119651921682379,0.6648291468404162,0.6654022626310749,False,fr,0.6677966101694915
full_klu_matern_kappa=1.0_nu=1.0_alpha_0.1,0.5113436237439137,0.6651768961400506,0.6657488331195242,False,fr,0.6677966101694915
full_klu_matern_kappa=1.0_nu=1.0_alpha_0.2,0.5117580026934632,0.6657345987288676,0.666304645191091,False,fr,0.6677966101694915
full_klu_matern_kappa=1.0_nu=1.0_alpha_0.3,0.5110846369004454,0.6659737216489942,0.6665429575250473,False,fr,0.6677966101694915
full_klu_matern_kappa=1.0_nu=1.0_alpha_0.4,0.5103594737387341,0.6664705221692705,0.6670380739757636,False,fr,0.6677966101694915
full_klu_matern_kappa=1.0_nu=1.0_alpha_0.5,0.5118098000621568,0.664552170156865,0.6634313095972985,False,fr,0.6677966101694915
full_klu_matern_kappa=1.0_nu=1.0_alpha_0.6,0.5114990158499948,0.6615505021167378,0.6604398167030701,False,fr,0.6677966101694915
full_klu_matern_kappa=1.0_nu=1.0_alpha_0.7,0.5162125764011188,0.6651543805861939,0.6640314786353416,False,fr,0.6677966101694915
full_klu_matern_kappa=1.0_nu=1.0_alpha_0.8,0.5231534238060707,0.6685442714905276,0.6674098783840674,False,fr,0.6677966101694915
full_klu_matern_kappa=1.0_nu=1.0_alpha_0.9,0.5440795607583134,0.6792916205120096,0.6781207957139511,False,fr,0.6677966101694915
full_klu_matern_kappa=1.0_nu=1.0_alpha_1.0,0.5669998964052626,0.7105125408393586,0.7109307976673089,False,fr,0.6677966101694915
full_klu_maternn_kappa=1.0_nu=1.0_alpha_0.0,0.5119651921682379,0.6648291468404162,0.6654022626310749,False,fr,0.6677966101694915
full_klu_maternn_kappa=1.0_nu=1.0_alpha_0.1,0.5110846369004455,0.6645144044873996,0.6650885872012889,False,fr,0.6677966101694915
full_klu_maternn_kappa=1.0_nu=1.0_alpha_0.2,0.510048689526572,0.6644563849320839,0.6650307643224318,False,fr,0.6677966101694915
full_klu_maternn_kappa=1.0_nu=1.0_alpha_0.3,0.509427121102248,0.6648822854605051,0.6654552211202482,False,fr,0.6677966101694915
full_klu_maternn_kappa=1.0_nu=1.0_alpha_0.4,0.5080285921475189,0.6650441219263641,0.6656165089879179,False,fr,0.6677966101694915
full_klu_maternn_kappa=1.0_nu=1.0_alpha_0.5,0.5077696053040506,0.6652313084363337,0.6658030609673452,False,fr,0.6677966101694915
full_klu_maternn_kappa=1.0_nu=1.0_alpha_0.6,0.5059566973997721,0.6645439619547763,0.665118044473861,False,fr,0.6677966101694915
full_klu_maternn_kappa=1.0_nu=1.0_alpha_0.7,0.5041437894954937,0.6633886764155084,0.66396667515676,False,fr,0.6677966101694915
full_klu_maternn_kappa=1.0_nu=1.0_alpha_0.8,0.49999999999999994,0.6624132532343323,0.6629945584948422,False,fr,0.6677966101694915
full_klu_maternn_kappa=1.0_nu=1.0_alpha_0.9,0.4923339894333368,0.6581363754399908,0.6587321785913289,False,fr,0.6677966101694915
full_klu_maternn_kappa=1.0_nu=1.0_alpha_1.0,0.42450533512897537,0.6132151641987456,0.6122683273881896,False,fr,0.6677966101694915
full_klu_matern_kappa=1.0_nu=2.0_alpha_0.0,0.5119651921682379,0.6648291468404162,0.6654022626310749,False,fr,0.6677966101694915
full_klu_matern_kappa=1.0_nu=2.0_alpha_0.1,0.5124313684864809,0.665522119029693,0.666092885762083,False,fr,0.6677966101694915
full_klu_matern_kappa=1.0_nu=2.0_alpha_0.2,0.5116026105873821,0.665806635478976,0.666376437748826,False,fr,0.6677966101694915
full_klu_matern_kappa=1.0_nu=2.0_alpha_0.3,0.5121205842743188,0.6641447164522066,0.6630252370916391,False,fr,0.6677966101694915
full_klu_matern_kappa=1.0_nu=2.0_alpha_0.4,0.5125867605925619,0.6621387387491277,0.6610260593129772,False,fr,0.6677966101694915
full_klu_matern_kappa=1.0_nu=2.0_alpha_0.5,0.5154874132394074,0.6645305219022045,0.6634097347265523,False,fr,0.6677966101694915
full_klu_matern_kappa=1.0_nu=2.0_alpha_0.6,0.5189060395731897,0.6661556485519029,0.6650293524723532,False,fr,0.6677966101694915
full_klu_matern_kappa=1.0_nu=2.0_alpha_0.7,0.5263130632963846,0.6704491826763441,0.6693083322438302,False,fr,0.6677966101694915
full_klu_matern_kappa=1.0_nu=2.0_alpha_0.8,0.5396249870506579,0.6769595549444559,0.6757966354534062,False,fr,0.6677966101694915
full_klu_matern_kappa=1.0_nu=2.0_alpha_0.9,0.5526779239614628,0.6842347665338145,0.6830471853085635,False,fr,0.6677966101694915
full_klu_matern_kappa=1.0_nu=2.0_alpha_1.0,0.5658862529783486,0.7085274958916675,0.7089524816855423,False,fr,0.6677966101694915
full_klu_maternn_kappa=1.0_nu=2.0_alpha_0.0,0.5119651921682379,0.6648291468404162,0.6654022626310749,False,fr,0.6677966101694915
full_klu_maternn_kappa=1.0_nu=2.0_alpha_0.1,0.5110846369004454,0.6645089011021466,0.6650831024715791,False,fr,0.6677966101694915
full_klu_maternn_kappa=1.0_nu=2.0_alpha_0.2,0.5101004868952657,0.6644225838837334,0.6649970778539064,False,fr,0.6677966101694915
full_klu_maternn_kappa=1.0_nu=2.0_alpha_0.3,0.5089609447840049,0.6647269984435072,0.6653004604999182,False,fr,0.6677966101694915
full_klu_maternn_kappa=1.0_nu=2.0_alpha_0.4,0.5079767947788252,0.6644368703456897,0.665011315887178,False,fr,0.6677966101694915
full_klu_maternn_kappa=1.0_nu=2.0_alpha_0.5,0.5075624158292757,0.6650462039972371,0.6656185840009236,False,fr,0.6677966101694915
full_klu_maternn_kappa=1.0_nu=2.0_alpha_0.6,0.5058531026623847,0.663955676313866,0.6645317530215639,False,fr,0.6677966101694915
full_klu_maternn_kappa=1.0_nu=2.0_alpha_0.7,0.5035740184398633,0.6632714239937244,0.6638498202008126,False,fr,0.6677966101694915
full_klu_maternn_kappa=1.0_nu=2.0_alpha_0.8,0.4982906868331089,0.6612177826185588,0.6618031403218342,False,fr,0.6677966101694915
full_klu_maternn_kappa=1.0_nu=2.0_alpha_0.9,0.4890707552056356,0.6561464664871177,0.6567490150925334,False,fr,0.6677966101694915
full_klu_maternn_kappa=1.0_nu=2.0_alpha_1.0,0.4204392416865223,0.6118099883248576,0.6108679148223487,False,fr,0.6677966101694915
full_klu_matern_kappa=1.0_nu=3.0_alpha_0.0,0.5119651921682379,0.6648291468404162,0.6654022626310749,False,fr,0.6677966101694915
full_klu_matern_kappa=1.0_nu=3.0_alpha_0.1,0.5123795711177872,0.6657310505897576,0.6663011090795711,False,fr,0.6677966101694915
full_klu_matern_kappa=1.0_nu=3.0_alpha_0.2,0.5122759763803998,0.6649503375802414,0.6655230425548329,False,fr,0.6677966101694915
full_klu_matern_kappa=1.0_nu=3.0_alpha_0.3,0.5133119237542733,0.6639487781353891,0.6628299629725055,False,fr,0.6677966101694915
full_klu_matern_kappa=1.0_nu=3.0_alpha_0.4,0.5142960737594531,0.6635818229354191,0.6624642516884677,False,fr,0.6677966101694915
full_klu_matern_kappa=1.0_nu=3.0_alpha_0.5,0.5178182948306226,0.6652813740397769,0.6641580416026412,False,fr,0.6677966101694915
full_klu_matern_kappa=1.0_nu=3.0_alpha_0.6,0.5219102869574226,0.6681478310398189,0.6670147817992932,False,fr,0.6677966101694915
full_klu_matern_kappa=1.0_nu=3.0_alpha_0.7,0.5320107738526882,0.6733196668784505,0.6721690859910141,False,fr,0.6677966101694915
full_klu_matern_kappa=1.0_nu=3.0_alpha_0.8,0.5445457370765565,0.6796387712766032,0.6784667696962918,False,fr,0.6677966101694915
full_klu_matern_kappa=1.0_nu=3.0_alpha_0.9,0.5545426292344349,0.6860868605007842,0.6848930009908992,False,fr,0.6677966101694915
full_klu_matern_kappa=1.0_nu=3.0_alpha_1.0,0.5668186056148348,0.7088811731531722,0.7093049600410759,False,fr,0.6677966101694915
full_klu_maternn_kappa=1.0_nu=3.0_alpha_0.0,0.5119651921682379,0.6648291468404162,0.6654022626310749,False,fr,0.6677966101694915
full_klu_maternn_kappa=1.0_nu=3.0_alpha_0.1,0.5110328395317518,0.6644088610861401,0.664983401574271,False,fr,0.6677966101694915
full_klu_maternn_kappa=1.0_nu=3.0_alpha_0.2,0.5101004868952657,0.6644225838837334,0.6649970778539064,False,fr,0.6677966101694915
full_klu_maternn_kappa=1.0_nu=3.0_alpha_0.3,0.5087537553092303,0.6645242407876062,0.665098390158105,False,fr,0.6677966101694915
full_klu_maternn_kappa=1.0_nu=3.0_alpha_0.4,0.5080285921475188,0.664472575246555,0.665046899754481,False,fr,0.6677966101694915
full_klu_maternn_kappa=1.0_nu=3.0_alpha_0.5,0.5073552263545011,0.6644667178115085,0.6650410621751466,False,fr,0.6677966101694915
full_klu_maternn_kappa=1.0_nu=3.0_alpha_0.6,0.5056977105563037,0.6637053082850828,0.664282233697963,False,fr,0.6677966101694915
full_klu_maternn_kappa=1.0_nu=3.0_alpha_0.7,0.503159639490314,0.6631781514893169,0.6637568638743861,False,fr,0.6677966101694915
full_klu_maternn_kappa=1.0_nu=3.0_alpha_0.8,0.4981352947270279,0.6612139619874271,0.6617993326419943,False,fr,0.6677966101694915
full_klu_maternn_kappa=1.0_nu=3.0_alpha_0.9,0.48741323940743814,0.6542873444496898,0.654896195163707,False,fr,0.6677966101694915
full_klu_maternn_kappa=1.0_nu=3.0_alpha_1.0,0.4211903035325805,0.6120708728894916,0.6111279150325264,False,fr,0.6677966101694915
full_klu_matern_kappa=2.0_nu=1.0_alpha_0.0,0.5119651921682379,0.6648291468404162,0.6654022626310749,False,fr,0.6677966101694915
full_klu_matern_kappa=2.0_nu=1.0_alpha_0.1,0.5114990158499948,0.6648452323337246,0.6654182935972874,False,fr,0.6677966101694915
full_klu_matern_kappa=2.0_nu=1.0_alpha_0.2,0.511447218481301,0.6652629098426786,0.6658345552502788,False,fr,0.6677966101694915
full_klu_matern_kappa=2.0_nu=1.0_alpha_0.3,0.5110846369004454,0.6655893033772452,0.6661598423660842,False,fr,0.6677966101694915
full_klu_matern_kappa=2.0_nu=1.0_alpha_0.4,0.5110328395317518,0.663430570309961,0.6640084270380112,False,fr,0.6677966101694915
full_klu_matern_kappa=2.0_nu=1.0_alpha_0.5,0.5122759763803999,0.6614923423583297,0.6603818540963853,False,fr,0.6677966101694915
full_klu_matern_kappa=2.0_nu=1.0_alpha_0.6,0.5159017921889568,0.6646690675835425,0.6635478107615126,False,fr,0.6677966101694915
full_klu_matern_kappa=2.0_nu=1.0_alpha_0.7,0.5199937843157567,0.6669295433968718,0.6658006239449663,False,fr,0.6677966101694915
full_klu_matern_kappa=2.0_nu=1.0_alpha_0.8,0.5318553817466073,0.6720586378217202,0.6709123316090524,False,fr,0.6677966101694915
full_klu_matern_kappa=2.0_nu=1.0_alpha_0.9,0.5475499844607894,0.6800912789852482,0.6789177434805009,False,fr,0.6677966101694915
full_klu_matern_kappa=2.0_nu=1.0_alpha_1.0,0.5639179529679892,0.7051236081796676,0.7055601325759558,False,fr,0.6677966101694915
full_klu_maternn_kappa=2.0_nu=1.0_alpha_0.0,0.5119651921682379,0.6648291468404162,0.6654022626310749,False,fr,0.6677966101694915
full_klu_maternn_kappa=2.0_nu=1.0_alpha_0.1,0.5108774474256708,0.6648386193687004,0.6654117030490939,False,fr,0.6677966101694915
full_klu_maternn_kappa=2.0_nu=1.0_alpha_0.2,0.5096343105770227,0.663827737223709,0.6644042476232379,False,fr,0.6677966101694915
full_klu_maternn_kappa=2.0_nu=1.0_alpha_0.3,0.5088055526779239,0.6642112929473002,0.6647865031579355,False,fr,0.6677966101694915
full_klu_maternn_kappa=2.0_nu=1.0_alpha_0.4,0.5081321868849062,0.6641150916434351,0.6646906279601853,False,fr,0.6677966101694915
full_klu_maternn_kappa=2.0_nu=1.0_alpha_0.5,0.5069408474049518,0.663530928999597,0.6641084455286991,False,fr,0.6677966101694915
full_klu_maternn_kappa=2.0_nu=1.0_alpha_0.6,0.5049207500258986,0.6626806170996449,0.6632610160419673,False,fr,0.6677966101694915
full_klu_maternn_kappa=2.0_nu=1.0_alpha_0.7,0.5009841500051797,0.6612398771572452,0.6618251599637791,False,fr,0.6677966101694915
full_klu_maternn_kappa=2.0_nu=1.0_alpha_0.8,0.49533823681756967,0.6582224767197693,0.6588179880023626,False,fr,0.6677966101694915
full_klu_maternn_kappa=2.0_nu=1.0_alpha_0.9,0.48741323940743814,0.6536545868421851,0.6542655824972446,False,fr,0.6677966101694915
full_klu_maternn_kappa=2.0_nu=1.0_alpha_1.0,0.4173831969335958,0.6069076765392354,0.6059822210427795,False,fr,0.6677966101694915
full_klu_matern_kappa=2.0_nu=2.0_alpha_0.0,0.5119651921682379,0.6648291468404162,0.6654022626310749,False,fr,0.6677966101694915
full_klu_matern_kappa=2.0_nu=2.0_alpha_0.1,0.5119651921682379,0.6647926985895141,0.6653659379335657,False,fr,0.6677966101694915
full_klu_matern_kappa=2.0_nu=2.0_alpha_0.2,0.5116544079560759,0.6645308551424864,0.6651049820914432,False,fr,0.6677966101694915
full_klu_matern_kappa=2.0_nu=2.0_alpha_0.3,0.5113436237439137,0.6650347288302173,0.6656071477327751,False,fr,0.6677966101694915
full_klu_matern_kappa=2.0_nu=2.0_alpha_0.4,0.5114472184813011,0.6632899627609558,0.6638682961247653,False,fr,0.6677966101694915
full_klu_matern_kappa=2.0_nu=2.0_alpha_0.5,0.5121723816430126,0.6630893949857295,0.6619734929860651,False,fr,0.6677966101694915
full_klu_matern_kappa=2.0_nu=2.0_alpha_0.6,0.5150212369211644,0.6625039755227031,0.6613900579957949,False,fr,0.6677966101694915
full_klu_matern_kappa=2.0_nu=2.0_alpha_0.7,0.5204599606339998,0.6657864670881086,0.6646614224711481,False,fr,0.6677966101694915
full_klu_matern_kappa=2.0_nu=2.0_alpha_0.8,0.5292655133119238,0.6705942151836426,0.6694528731155108,False,fr,0.6677966101694915
full_klu_matern_kappa=2.0_nu=2.0_alpha_0.9,0.5424738423288097,0.6768215503079397,0.6756590986292169,False,fr,0.6677966101694915
full_klu_matern_kappa=2.0_nu=2.0_alpha_1.0,0.5663783279809386,0.7087346451431188,0.7091589287361413,False,fr,0.6677966101694915
full_klu_maternn_kappa=2.0_nu=2.0_alpha_0.0,0.5119651921682379,0.6648291468404162,0.6654022626310749,False,fr,0.6677966101694915
full_klu_maternn_kappa=2.0_nu=2.0_alpha_0.1,0.5110328395317518,0.6648080280064793,0.6653812153864056,False,fr,0.6677966101694915
full_klu_maternn_kappa=2.0_nu=2.0_alpha_0.2,0.509582513208329,0.6637711781919317,0.6643478803169921,False,fr,0.6677966101694915
full_klu_maternn_kappa=2.0_nu=2.0_alpha_0.3,0.5088055526779239,0.6633402287980084,0.6639183917684719,False,fr,0.6677966101694915
full_klu_maternn_kappa=2.0_nu=2.0_alpha_0.4,0.5079249974101316,0.663479740250823,0.6640574303011073,False,fr,0.6677966101694915
full_klu_maternn_kappa=2.0_nu=2.0_alpha_0.5,0.5066300631927898,0.6631219551944734,0.6637008580754572,False,fr,0.6677966101694915
full_klu_maternn_kappa=2.0_nu=2.0_alpha_0.6,0.5038330052833315,0.6615626359082069,0.6621468246172799,False,fr,0.6677966101694915
full_klu_maternn_kappa=2.0_nu=2.0_alpha_0.7,0.49994820263130635,0.6601037440215883,0.6606928781268872,False,fr,0.6677966101694915
full_klu_maternn_kappa=2.0_nu=2.0_alpha_0.8,0.4947166683932456,0.6575278867008715,0.6581257525259017,False,fr,0.6677966101694915
full_klu_maternn_kappa=2.0_nu=2.0_alpha_0.9,0.4848233709727546,0.6521370520853296,0.6527531919260056,False,fr,0.6677966101694915
full_klu_maternn_kappa=2.0_nu=2.0_alpha_1.0,0.42486791670983115,0.6052046596555913,0.6042849770977241,False,fr,0.6677966101694915
full_klu_matern_kappa=2.0_nu=3.0_alpha_0.0,0.5119651921682379,0.6648291468404162,0.6654022626310749,False,fr,0.6677966101694915
full_klu_matern_kappa=2.0_nu=3.0_alpha_0.1,0.5119651921682379,0.6643726665387573,0.6649473297202692,False,fr,0.6677966101694915
full_klu_matern_kappa=2.0_nu=3.0_alpha_0.2,0.5117580026934632,0.6644213398898637,0.6649958380769652,False,fr,0.6677966101694915
full_klu_matern_kappa=2.0_nu=3.0_alpha_0.3,0.5108256500569771,0.6642252679957141,0.6648004308333042,False,fr,0.6677966101694915
full_klu_matern_kappa=2.0_nu=3.0_alpha_0.4,0.5108774474256708,0.6629363425488007,0.6635158746251938,False,fr,0.6677966101694915
full_klu_matern_kappa=2.0_nu=3.0_alpha_0.5,0.5103076763700404,0.662242554621318,0.662824438521194,False,fr,0.6677966101694915
full_klu_matern_kappa=2.0_nu=3.0_alpha_0.6,0.5121205842743188,0.6630759318156203,0.6619600754538207,False,fr,0.6677966101694915
full_klu_matern_kappa=2.0_nu=3.0_alpha_0.7,0.5161089816637315,0.6626705539798093,0.6615560717801652,False,fr,0.6677966101694915
full_klu_matern_kappa=2.0_nu=3.0_alpha_0.8,0.521703097482648,0.6660843381504344,0.6649582838010591,False,fr,0.6677966101694915
full_klu_matern_kappa=2.0_nu=3.0_alpha_0.9,0.5327877343830933,0.6726549135324909,0.6715065860462273,False,fr,0.6677966101694915
full_klu_matern_kappa=2.0_nu=3.0_alpha_1.0,0.5676214648295868,0.7102284427162718,0.7106476625887072,False,fr,0.6677966101694915
full_klu_maternn_kappa=2.0_nu=3.0_alpha_0.0,0.5119651921682379,0.6648291468404162,0.6654022626310749,False,fr,0.6677966101694915
full_klu_maternn_kappa=2.0_nu=3.0_alpha_0.1,0.5110846369004455,0.6648717521148348,0.6654447234808346,False,fr,0.6677966101694915
full_klu_maternn_kappa=2.0_nu=3.0_alpha_0.2,0.5093235263648606,0.6633090345104695,0.6638873032242806,False,fr,0.6677966101694915
full_klu_maternn_kappa=2.0_nu=3.0_alpha_0.3,0.508650160571843,0.6632725146326615,0.6638509071426685,False,fr,0.6677966101694915
full_klu_maternn_kappa=2.0_nu=3.0_alpha_0.4,0.5076142131979695,0.662758094619412,0.6633382309260741,False,fr,0.6677966101694915
full_klu_maternn_kappa=2.0_nu=3.0_alpha_0.5,0.5069408474049518,0.6630461336285627,0.663625293531804,False,fr,0.6677966101694915
full_klu_maternn_kappa=2.0_nu=3.0_alpha_0.6,0.5038330052833316,0.6611768294222459,0.6617623259499155,False,fr,0.6677966101694915
full_klu_maternn_kappa=2.0_nu=3.0_alpha_0.7,0.4996374184191443,0.6597197269169798,0.6603101627751756,False,fr,0.6677966101694915
full_klu_maternn_kappa=2.0_nu=3.0_alpha_0.8,0.49383611312545317,0.6566653286385365,0.6572661183892017,False,fr,0.6677966101694915
full_klu_maternn_kappa=2.0_nu=3.0_alpha_0.9,0.48513415518491654,0.6524898559360357,0.6531047998314551,False,fr,0.6677966101694915
full_klu_maternn_kappa=2.0_nu=3.0_alpha_1.0,0.41585517455713245,0.6008235032885285,0.5999186721081767,False,fr,0.6677966101694915
full_klu_matern_kappa=3.0_nu=1.0_alpha_0.0,0.5119651921682379,0.6648291468404162,0.6654022626310749,False,fr,0.6677966101694915
full_klu_matern_kappa=3.0_nu=1.0_alpha_0.1,0.5118615974308506,0.6649095849830737,0.6654824281020625,False,fr,0.6677966101694915
full_klu_matern_kappa=3.0_nu=1.0_alpha_0.2,0.5111882316378328,0.6645559739506355,0.6651300157510901,False,fr,0.6677966101694915
full_klu_matern_kappa=3.0_nu=1.0_alpha_0.3,0.5108256500569771,0.6646941421734469,0.6652677156070446,False,fr,0.6677966101694915
full_klu_matern_kappa=3.0_nu=1.0_alpha_0.4,0.5099450947891848,0.6631929422859942,0.6637716045327696,False,fr,0.6677966101694915
full_klu_matern_kappa=3.0_nu=1.0_alpha_0.5,0.5107220553195898,0.6616401353195753,0.6605291460645419,False,fr,0.6677966101694915
full_klu_matern_kappa=3.0_nu=1.0_alpha_0.6,0.5128975448047239,0.662249625819904,0.6611365704953781,False,fr,0.6677966101694915
full_klu_matern_kappa=3.0_nu=1.0_alpha_0.7,0.5168859421941365,0.6639339504665193,0.66281518556692,False,fr,0.6677966101694915
full_klu_matern_kappa=3.0_nu=1.0_alpha_0.8,0.5261576711903035,0.6699508924864167,0.6688117311731907,False,fr,0.6677966101694915
full_klu_matern_kappa=3.0_nu=1.0_alpha_0.9,0.5411271107427743,0.676669340519954,0.6755074048066143,False,fr,0.6677966101694915
full_klu_matern_kappa=3.0_nu=1.0_alpha_1.0,0.5622604371697917,0.7031705397264277,0.7036136846937441,False,fr,0.6677966101694915
full_klu_maternn_kappa=3.0_nu=1.0_alpha_0.0,0.5119651921682379,0.6648291468404162,0.6654022626310749,False,fr,0.6677966101694915
full_klu_maternn_kappa=3.0_nu=1.0_alpha_0.1,0.5108774474256708,0.6645451089170819,0.6651191875481586,False,fr,0.6677966101694915
full_klu_maternn_kappa=3.0_nu=1.0_alpha_0.2,0.509893297420491,0.6638468723627594,0.6644233178974103,False,fr,0.6677966101694915
full_klu_maternn_kappa=3.0_nu=1.0_alpha_0.3,0.5087019579405366,0.6631420320375413,0.6637208668614302,False,fr,0.6677966101694915
full_klu_maternn_kappa=3.0_nu=1.0_alpha_0.4,0.5080285921475189,0.6630585030883449,0.663637621061214,False,fr,0.6677966101694915
full_klu_maternn_kappa=3.0_nu=1.0_alpha_0.5,0.5076660105666633,0.6633752410782392,0.6639532853630069,False,fr,0.6677966101694915
full_klu_maternn_kappa=3.0_nu=1.0_alpha_0.6,0.5049725473945923,0.6613587070742091,0.6619435870674653,False,fr,0.6677966101694915
full_klu_maternn_kappa=3.0_nu=1.0_alpha_0.7,0.5020718947477468,0.6609263552282558,0.6615127008209898,False,fr,0.6677966101694915
full_klu_maternn_kappa=3.0_nu=1.0_alpha_0.8,0.4984978763078835,0.6594749742016126,0.66006623973003,False,fr,0.6677966101694915
full_klu_maternn_kappa=3.0_nu=1.0_alpha_0.9,0.4936807210193722,0.6572847981855794,0.6578834880394748,False,fr,0.6677966101694915
full_klu_maternn_kappa=3.0_nu=1.0_alpha_1.0,0.5567699160882627,0.7102771545703952,0.7090012940636641,False,fr,0.6677966101694915
full_klu_matern_kappa=3.0_nu=2.0_alpha_0.0,0.5119651921682379,0.6648291468404162,0.6654022626310749,False,fr,0.6677966101694915
full_klu_matern_kappa=3.0_nu=2.0_alpha_0.1,0.5116026105873821,0.6640490606906209,0.6646248208411094,False,fr,0.6677966101694915
full_klu_matern_kappa=3.0_nu=2.0_alpha_0.2,0.5114472184813011,0.6640931319249359,0.6646687426814099,False,fr,0.6677966101694915
full_klu_matern_kappa=3.0_nu=2.0_alpha_0.3,0.5107738526882833,0.6637129337052345,0.6642898332692329,False,fr,0.6677966101694915
full_klu_matern_kappa=3.0_nu=2.0_alpha_0.4,0.5099450947891847,0.6634337257151346,0.6640115717468961,False,fr,0.6677966101694915
full_klu_matern_kappa=3.0_nu=2.0_alpha_0.5,0.5088573500466176,0.6633578035038529,0.6639359068990424,False,fr,0.6677966101694915
full_klu_matern_kappa=3.0_nu=2.0_alpha_0.6,0.5084947684657619,0.6612471157192894,0.6618323739883248,False,fr,0.6677966101694915
full_klu_matern_kappa=3.0_nu=2.0_alpha_0.7,0.508339376359681,0.6627912704811154,0.6633712943272292,False,fr,0.6677966101694915
full_klu_matern_kappa=3.0_nu=2.0_alpha_0.8,0.5153320211333264,0.6639230650572057,0.662804337057299,False,fr,0.6677966101694915
full_klu_matern_kappa=3.0_nu=2.0_alpha_0.9,0.5209261369522428,0.6662031685470482,0.6650767113827692,False,fr,0.6677966101694915
full_klu_matern_kappa=3.0_nu=2.0_alpha_1.0,0.5636848648088677,0.7064582468938505,0.7068902470911077,False,fr,0.6677966101694915
full_klu_maternn_kappa=3.0_nu=2.0_alpha_0.0,0.5119651921682379,0.6648291468404162,0.6654022626310749,False,fr,0.6677966101694915
full_klu_maternn_kappa=3.0_nu=2.0_alpha_0.1,0.5105148658448151,0.6641258340327006,0.664701333934572,False,fr,0.6677966101694915
full_klu_maternn_kappa=3.0_nu=2.0_alpha_0.2,0.5102558790013467,0.6638746715673346,0.6644510228673937,False,fr,0.6677966101694915
full_klu_maternn_kappa=3.0_nu=2.0_alpha_0.3,0.5094789184709417,0.6632763821622755,0.6638547615620126,False,fr,0.6677966101694915
full_klu_maternn_kappa=3.0_nu=2.0_alpha_0.4,0.5087019579405365,0.6628130534201049,0.6633930034257479,False,fr,0.6677966101694915
full_klu_maternn_kappa=3.0_nu=2.0_alpha_0.5,0.5077696053040506,0.6620872026320647,0.6626696131488534,False,fr,0.6677966101694915
full_klu_maternn_kappa=3.0_nu=2.0_alpha_0.6,0.5062156842432404,0.6611707952881543,0.6617563122705156,False,fr,0.6677966101694915
full_klu_maternn_kappa=3.0_nu=2.0_alpha_0.7,0.5049725473945923,0.6617197817430561,0.6623034377543839,False,fr,0.6677966101694915
full_klu_maternn_kappa=3.0_nu=2.0_alpha_0.8,0.5049207500258986,0.6610873153130498,0.6616731152783775,False,fr,0.6677966101694915
full_klu_maternn_kappa=3.0_nu=2.0_alpha_0.9,0.507562415829276,0.6595818695178173,0.6584778574349934,False,fr,0.6677966101694915
full_klu_maternn_kappa=3.0_nu=2.0_alpha_1.0,0.5543095410753134,0.7011039501550033,0.7015541005106973,False,fr,0.6677966101694915
full_klu_matern_kappa=3.0_nu=3.0_alpha_0.0,0.5119651921682379,0.6648291468404162,0.6654022626310749,False,fr,0.6677966101694915
full_klu_matern_kappa=3.0_nu=3.0_alpha_0.1,0.5118098000621569,0.663988743646367,0.6645647082614122,False,fr,0.6677966101694915
full_klu_matern_kappa=3.0_nu=3.0_alpha_0.2,0.5110846369004454,0.6634323951418676,0.6640102456840469,False,fr,0.6677966101694915
full_klu_matern_kappa=3.0_nu=3.0_alpha_0.3,0.510359473738734,0.6629328469895684,0.6635123909153148,False,fr,0.6677966101694915
full_klu_matern_kappa=3.0_nu=3.0_alpha_0.4,0.5096343105770227,0.6628093452341465,0.6633893078099113,False,fr,0.6677966101694915
full_klu_matern_kappa=3.0_nu=3.0_alpha_0.5,0.5077178079353568,0.6620455253623296,0.6626280771579989,False,fr,0.6677966101694915
full_klu_matern_kappa=3.0_nu=3.0_alpha_0.6,0.5057495079249974,0.661703258240721,0.662286970263921,False,fr,0.6677966101694915
full_klu_matern_kappa=3.0_nu=3.0_alpha_0.7,0.5047653579198177,0.6623525441058797,0.6629340551600456,False,fr,0.6677966101694915
full_klu_matern_kappa=3.0_nu=3.0_alpha_0.8,0.5063710763493214,0.6606441839680515,0.6612314860735318,False,fr,0.6677966101694915
full_klu_matern_kappa=3.0_nu=3.0_alpha_0.9,0.5159017921889568,0.6651313176338025,0.665703409116687,False,fr,0.6677966101694915
full_klu_matern_kappa=3.0_nu=3.0_alpha_1.0,0.5607842121620221,0.7043009028404844,0.7047402160684312,False,fr,0.6677966101694915
full_klu_maternn_kappa=3.0_nu=3.0_alpha_0.0,0.5119651921682379,0.6648291468404162,0.6654022626310749,False,fr,0.6677966101694915
full_klu_maternn_kappa=3.0_nu=3.0_alpha_0.1,0.5109292447943644,0.6641902858947031,0.6647655673156863,False,fr,0.6677966101694915
full_klu_maternn_kappa=3.0_nu=3.0_alpha_0.2,0.5108774474256708,0.6640424588478263,0.6646182413774431,False,fr,0.6677966101694915
full_klu_maternn_kappa=3.0_nu=3.0_alpha_0.3,0.509893297420491,0.6632065871881063,0.6637852031809763,False,fr,0.6677966101694915
full_klu_maternn_kappa=3.0_nu=3.0_alpha_0.4,0.5095825132083289,0.6629375242187073,0.6635170522894397,False,fr,0.6677966101694915
full_klu_maternn_kappa=3.0_nu=3.0_alpha_0.5,0.5083393763596809,0.6624688973240768,0.6630500139605536,False,fr,0.6677966101694915
full_klu_maternn_kappa=3.0_nu=3.0_alpha_0.6,0.5071998342484201,0.6621006820996693,0.6626830469233477,False,fr,0.6677966101694915
full_klu_maternn_kappa=3.0_nu=3.0_alpha_0.7,0.5068890500362581,0.6631652481847055,0.6637440043097904,False,fr,0.6677966101694915
full_klu_maternn_kappa=3.0_nu=3.0_alpha_0.8,0.5079249974101315,0.6610892935114072,0.6599801715167406,False,fr,0.6677966101694915
full_klu_maternn_kappa=3.0_nu=3.0_alpha_0.9,0.5167305500880555,0.6641728599561065,0.6630532851938309,False,fr,0.6677966101694915
full_klu_maternn_kappa=3.0_nu=3.0_alpha_1.0,0.5699523464208018,0.7118738322920601,0.7122874745727134,False,fr,0.6677966101694915
deberta_full_klu_heat_t=0.1_alpha_0.0,0.5119651921682379,0.6648291468404162,0.6654022626310749,False,fr,0.6677966101694915
deberta_full_klu_heat_t=0.1_alpha_0.1,0.5109810421630582,0.6644260132594101,0.6650004956045807,False,fr,0.6677966101694915
deberta_full_klu_heat_t=0.1_alpha_0.2,0.5099450947891847,0.6640625254551591,0.664638239962378,False,fr,0.6677966101694915
deberta_full_klu_heat_t=0.1_alpha_0.3,0.509893297420491,0.6648793724746667,0.665452318008938,False,fr,0.6677966101694915
deberta_full_klu_heat_t=0.1_alpha_0.4,0.5087537553092303,0.6648998113243321,0.6654726875743675,False,fr,0.6677966101694915
deberta_full_klu_heat_t=0.1_alpha_0.5,0.5083911737283746,0.6649663307865945,0.6655389815469273,False,fr,0.6677966101694915
deberta_full_klu_heat_t=0.1_alpha_0.6,0.5071998342484202,0.6639574676337131,0.6645335382691403,False,fr,0.6677966101694915
deberta_full_klu_heat_t=0.1_alpha_0.7,0.505335128975448,0.6634521320850317,0.664029915722319,False,fr,0.6677966101694915
deberta_full_klu_heat_t=0.1_alpha_0.8,0.5038330052833315,0.6622270484839657,0.6628089849470193,False,fr,0.6677966101694915
deberta_full_klu_heat_t=0.1_alpha_0.9,0.4995338236817569,0.6600484068327972,0.6606377285217869,False,fr,0.6677966101694915
deberta_full_klu_heat_t=0.1_alpha_1.0,0.5,0.6696469989398978,0.6702037830285245,False,fr,0.6677966101694915
deberta_full_klu_heatn_t=0.1_alpha_0.0,0.5119651921682379,0.6648291468404162,0.6654022626310749,False,fr,0.6677966101694915
deberta_full_klu_heatn_t=0.1_alpha_0.1,0.5110328395317518,0.6646855330163836,0.6652591356335644,False,fr,0.6677966101694915
deberta_full_klu_heatn_t=0.1_alpha_0.2,0.510048689526572,0.6646734010314993,0.6652470447740527,False,fr,0.6677966101694915
deberta_full_klu_heatn_t=0.1_alpha_0.3,0.509582513208329,0.6654698901959661,0.6660408339752503,False,fr,0.6677966101694915
deberta_full_klu_heatn_t=0.1_alpha_0.4,0.5088055526779239,0.6658083113129337,0.6663781079019907,False,fr,0.6677966101694915
deberta_full_klu_heatn_t=0.1_alpha_0.5,0.5078732000414379,0.6658284530594614,0.6663981813714116,False,fr,0.6677966101694915
deberta_full_klu_heatn_t=0.1_alpha_0.6,0.5064746710867087,0.6653967103886453,0.6659679022350729,False,fr,0.6677966101694915
deberta_full_klu_heatn_t=0.1_alpha_0.7,0.5062156842432404,0.6655690707352205,0.6661396783092867,False,fr,0.6677966101694915
deberta_full_klu_heatn_t=0.1_alpha_0.8,0.505335128975448,0.665624910604103,0.6661953288904782,False,fr,0.6677966101694915
deberta_full_klu_heatn_t=0.1_alpha_0.9,0.5051279395006734,0.6660962303699641,0.6666650509622175,False,fr,0.6677966101694915
deberta_full_klu_heatn_t=0.1_alpha_1.0,0.5,0.6696469989398978,0.6702037830285245,False,fr,0.6677966101694915
deberta_full_klu_heat_t=0.2_alpha_0.0,0.5119651921682379,0.6648291468404162,0.6654022626310749,False,fr,0.6677966101694915
deberta_full_klu_heat_t=0.2_alpha_0.1,0.5110328395317518,0.6642991006536048,0.6648740132109985,False,fr,0.6677966101694915
deberta_full_klu_heat_t=0.2_alpha_0.2,0.5102558790013467,0.6641068461805406,0.6646824104480125,False,fr,0.6677966101694915
deberta_full_klu_heat_t=0.2_alpha_0.3,0.509427121102248,0.6636462178065599,0.6642233435261469,False,fr,0.6677966101694915
deberta_full_klu_heat_t=0.2_alpha_0.4,0.5081839842535999,0.6630891980489196,0.663668211971075,False,fr,0.6677966101694915
deberta_full_klu_heat_t=0.2_alpha_0.5,0.5076142131979695,0.662811590492887,0.6633915454576051,False,fr,0.6677966101694915
deberta_full_klu_heat_t=0.2_alpha_0.6,0.5055423184502228,0.6611942560908193,0.661779693545036,False,fr,0.6677966101694915
deberta_full_klu_heat_t=0.2_alpha_0.7,0.5040401947581064,0.6608924543726327,0.6614789148835212,False,fr,0.6677966101694915
deberta_full_klu_heat_t=0.2_alpha_0.8,0.5018129079042785,0.6602491394874228,0.6608377807267356,False,fr,0.6677966101694915
deberta_full_klu_heat_t=0.2_alpha_0.9,0.4985496736765772,0.6589442547920283,0.6595373193692918,False,fr,0.6677966101694915
deberta_full_klu_heat_t=0.2_alpha_1.0,0.5,0.6696469989398978,0.6702037830285245,False,fr,0.6677966101694915
deberta_full_klu_heatn_t=0.2_alpha_0.0,0.5119651921682379,0.6648291468404162,0.6654022626310749,False,fr,0.6677966101694915
deberta_full_klu_heatn_t=0.2_alpha_0.1,0.5110846369004455,0.6645660063877812,0.6651400141799743,False,fr,0.6677966101694915
deberta_full_klu_heatn_t=0.2_alpha_0.2,0.510048689526572,0.6645770600147427,0.6651510303370138,False,fr,0.6677966101694915
deberta_full_klu_heatn_t=0.2_alpha_0.3,0.5096861079457163,0.6652014052987906,0.6657732591963701,False,fr,0.6677966101694915
deberta_full_klu_heatn_t=0.2_alpha_0.4,0.5088573500466176,0.6657087372797101,0.6662788714078628,False,fr,0.6677966101694915
deberta_full_klu_heatn_t=0.2_alpha_0.5,0.5080285921475188,0.6658424395152736,0.6664121204155089,False,fr,0.6677966101694915
deberta_full_klu_heatn_t=0.2_alpha_0.6,0.5063710763493214,0.6652571171108034,0.6658287821547828,False,fr,0.6677966101694915
deberta_full_klu_heatn_t=0.2_alpha_0.7,0.5055423184502227,0.6651495038091786,0.6657215336440111,False,fr,0.6677966101694915
deberta_full_klu_heatn_t=0.2_alpha_0.8,0.5049725473945923,0.6646549335065286,0.6652286398508614,False,fr,0.6677966101694915
deberta_full_klu_heatn_t=0.2_alpha_0.9,0.5034186263337823,0.6641472040435225,0.6647226315046791,False,fr,0.6677966101694915
deberta_full_klu_heatn_t=0.2_alpha_1.0,0.5,0.6696469989398978,0.6702037830285245,False,fr,0.6677966101694915
deberta_full_klu_heat_t=0.3_alpha_0.0,0.5119651921682379,0.6648291468404162,0.6654022626310749,False,fr,0.6677966101694915
deberta_full_klu_heat_t=0.3_alpha_0.1,0.5111364342691391,0.6643202605591809,0.6648951013880812,False,fr,0.6677966101694915
deberta_full_klu_heat_t=0.3_alpha_0.2,0.5106184605822024,0.6640544605554857,0.6646302024013476,False,fr,0.6677966101694915
deberta_full_klu_heat_t=0.3_alpha_0.3,0.5094789184709416,0.6627565642082044,0.6633367057027011,False,fr,0.6677966101694915
deberta_full_klu_heat_t=0.3_alpha_0.4,0.5088055526779239,0.6625002221779486,0.66308123262848,False,fr,0.6677966101694915
deberta_full_klu_heat_t=0.3_alpha_0.5,0.5077178079353568,0.6620527724583232,0.6626352996875653,False,fr,0.6677966101694915
deberta_full_klu_heat_t=0.3_alpha_0.6,0.505801305293691,0.6607809084302625,0.6613677470629896,False,fr,0.6677966101694915
deberta_full_klu_heat_t=0.3_alpha_0.7,0.5038848026520253,0.6597833541191245,0.6603735742918894,False,fr,0.6677966101694915
deberta_full_klu_heat_t=0.3_alpha_0.8,0.5020200973790531,0.6595386256644032,0.6601296754251503,False,fr,0.6677966101694915
deberta_full_klu_heat_t=0.3_alpha_0.9,0.49917124210090125,0.6585180265704357,0.6591125359891282,False,fr,0.6677966101694915
deberta_full_klu_heat_t=0.3_alpha_1.0,0.5,0.6696469989398978,0.6702037830285245,False,fr,0.6677966101694915
deberta_full_klu_heatn_t=0.3_alpha_0.0,0.5119651921682379,0.6648291468404162,0.6654022626310749,False,fr,0.6677966101694915
deberta_full_klu_heatn_t=0.3_alpha_0.1,0.5111882316378328,0.6646069811139839,0.6651808500088,False,fr,0.6677966101694915
deberta_full_klu_heatn_t=0.3_alpha_0.2,0.510359473738734,0.6646904467162158,0.6652640326767871,False,fr,0.6677966101694915
deberta_full_klu_heatn_t=0.3_alpha_0.3,0.509893297420491,0.6652907013370466,0.6658622525361912,False,fr,0.6677966101694915
deberta_full_klu_heatn_t=0.3_alpha_0.4,0.5089091474153113,0.6657279852145759,0.6662980540954916,False,fr,0.6677966101694915
deberta_full_klu_heatn_t=0.3_alpha_0.5,0.5078214026727442,0.6653513976779043,0.665922743126741,False,fr,0.6677966101694915
deberta_full_klu_heatn_t=0.3_alpha_0.6,0.506578265824096,0.6651737563452724,0.665745703968118,False,fr,0.6677966101694915
deberta_full_klu_heatn_t=0.3_alpha_0.7,0.5051279395006734,0.6643282336784112,0.6649030474797887,False,fr,0.6677966101694915
deberta_full_klu_heatn_t=0.3_alpha_0.8,0.5044545737076556,0.6643901802356585,0.6649647840487063,False,fr,0.6677966101694915
deberta_full_klu_heatn_t=0.3_alpha_0.9,0.5031078421216202,0.6633688703373843,0.6639469362178839,False,fr,0.6677966101694915
deberta_full_klu_heatn_t=0.3_alpha_1.0,0.5,0.6696469989398978,0.6702037830285245,False,fr,0.6677966101694915
deberta_full_klu_heat_t=0.4_alpha_0.0,0.5119651921682379,0.6648291468404162,0.6654022626310749,False,fr,0.6677966101694915
deberta_full_klu_heat_t=0.4_alpha_0.1,0.5117580026934632,0.6645371395528198,0.6651112451986908,False,fr,0.6677966101694915
deberta_full_klu_heat_t=0.4_alpha_0.2,0.5105666632135087,0.6633496515641325,0.663927782593016,False,fr,0.6677966101694915
deberta_full_klu_heat_t=0.4_alpha_0.3,0.5099968921578784,0.6629841485144976,0.6635635185367696,False,fr,0.6677966101694915
deberta_full_klu_heat_t=0.4_alpha_0.4,0.5090127421526986,0.6621816052456274,0.6627636957535566,False,fr,0.6677966101694915
deberta_full_klu_heat_t=0.4_alpha_0.5,0.5084429710970683,0.6619633519011977,0.6625461822509724,False,fr,0.6677966101694915
deberta_full_klu_heat_t=0.4_alpha_0.6,0.5069408474049517,0.6609529452053131,0.6615392006625316,False,fr,0.6677966101694915
deberta_full_klu_heat_t=0.4_alpha_0.7,0.505335128975448,0.6600708307158429,0.6606600763916697,False,fr,0.6677966101694915
deberta_full_klu_heat_t=0.4_alpha_0.8,0.5041437894954937,0.6601117951114518,0.6607009019249206,False,fr,0.6677966101694915
deberta_full_klu_heat_t=0.4_alpha_0.9,0.5005179736869367,0.6587539030700238,0.6593476129073619,False,fr,0.6677966101694915
deberta_full_klu_heat_t=0.4_alpha_1.0,0.5,0.6696469989398978,0.6702037830285245,False,fr,0.6677966101694915
deberta_full_klu_heatn_t=0.4_alpha_0.0,0.5119651921682379,0.6648291468404162,0.6654022626310749,False,fr,0.6677966101694915
deberta_full_klu_heatn_t=0.4_alpha_0.1,0.5109810421630581,0.6644859313384421,0.6650602105714805,False,fr,0.6677966101694915
deberta_full_klu_heatn_t=0.4_alpha_0.2,0.5105148658448151,0.6647649587169429,0.6653382920944608,False,fr,0.6677966101694915
deberta_full_klu_heatn_t=0.4_alpha_0.3,0.5096861079457162,0.6650690939766463,0.6656413963871822,False,fr,0.6677966101694915
deberta_full_klu_heatn_t=0.4_alpha_0.4,0.5089091474153112,0.6651844934852214,0.6657564047109824,False,fr,0.6677966101694915
deberta_full_klu_heatn_t=0.4_alpha_0.5,0.5078732000414379,0.6648869294307527,0.6654598493482238,False,fr,0.6677966101694915
deberta_full_klu_heatn_t=0.4_alpha_0.6,0.5064746710867087,0.6643357981405011,0.6649105862996342,False,fr,0.6677966101694915
deberta_full_klu_heatn_t=0.4_alpha_0.7,0.505801305293691,0.6645730087286376,0.665146992784082,False,fr,0.6677966101694915
deberta_full_klu_heatn_t=0.4_alpha_0.8,0.5047135605511239,0.6644508361523894,0.66502523435216,False,fr,0.6677966101694915
deberta_full_klu_heatn_t=0.4_alpha_0.9,0.5022790842225215,0.6624627737368977,0.6630439111312972,False,fr,0.6677966101694915
deberta_full_klu_heatn_t=0.4_alpha_1.0,0.5,0.6696469989398978,0.6702037830285245,False,fr,0.6677966101694915
deberta_full_klu_heat_t=0.5_alpha_0.0,0.5119651921682379,0.6648291468404162,0.6654022626310749,False,fr,0.6677966101694915
deberta_full_klu_heat_t=0.5_alpha_0.1,0.5116544079560759,0.6639331450357049,0.664509298120617,False,fr,0.6677966101694915
deberta_full_klu_heat_t=0.5_alpha_0.2,0.5109810421630581,0.6631579897954127,0.6637367705252072,False,fr,0.6677966101694915
deberta_full_klu_heat_t=0.5_alpha_0.3,0.5102040816326531,0.66255883182516,0.6631396435989212,False,fr,0.6677966101694915
deberta_full_klu_heat_t=0.5_alpha_0.4,0.5092199316274733,0.6621766654905643,0.662758772743426,False,fr,0.6677966101694915
deberta_full_klu_heat_t=0.5_alpha_0.5,0.509116336890086,0.6618022683124201,0.6623856447082583,False,fr,0.6677966101694915
deberta_full_klu_heat_t=0.5_alpha_0.6,0.5081839842535999,0.6612519246401818,0.6618371666077906,False,fr,0.6677966101694915
deberta_full_klu_heat_t=0.5_alpha_0.7,0.5070962395110328,0.6608996405675911,0.6614860767184966,False,fr,0.6677966101694915
deberta_full_klu_heat_t=0.5_alpha_0.8,0.5054387237128355,0.6599607282034317,0.660550347108114,False,fr,0.6677966101694915
deberta_full_klu_heat_t=0.5_alpha_0.9,0.5019165026416658,0.6590737661818964,0.6596663917374993,False,fr,0.6677966101694915
deberta_full_klu_heat_t=0.5_alpha_1.0,0.5,0.6696469989398978,0.6702037830285245,False,fr,0.6677966101694915
deberta_full_klu_heatn_t=0.5_alpha_0.0,0.5119651921682379,0.6648291468404162,0.6654022626310749,False,fr,0.6677966101694915
deberta_full_klu_heatn_t=0.5_alpha_0.1,0.5109810421630581,0.6644801499128985,0.6650544487439896,False,fr,0.6677966101694915
deberta_full_klu_heatn_t=0.5_alpha_0.2,0.5106702579508962,0.664792089473141,0.6653653308819939,False,fr,0.6677966101694915
deberta_full_klu_heatn_t=0.5_alpha_0.3,0.5096861079457162,0.6651109717160525,0.6656831321681498,False,fr,0.6677966101694915
deberta_full_klu_heatn_t=0.5_alpha_0.4,0.508960944784005,0.6652359506651899,0.6658076874598325,False,fr,0.6677966101694915
deberta_full_klu_heatn_t=0.5_alpha_0.5,0.5079249974101315,0.664929060896114,0.6655018379950586,False,fr,0.6677966101694915
deberta_full_klu_heatn_t=0.5_alpha_0.6,0.5067854552988708,0.6645026842761115,0.6650769067195306,False,fr,0.6677966101694915
deberta_full_klu_heatn_t=0.5_alpha_0.7,0.5061638868745467,0.664492514250185,0.6650667711682682,False,fr,0.6677966101694915
deberta_full_klu_heatn_t=0.5_alpha_0.8,0.504558168445043,0.6634680911418248,0.6640458206806145,False,fr,0.6677966101694915
deberta_full_klu_heatn_t=0.5_alpha_0.9,0.5017611105355848,0.6617039472286503,0.6622876569162981,False,fr,0.6677966101694915
deberta_full_klu_heatn_t=0.5_alpha_1.0,0.5,0.6696469989398978,0.6702037830285245,False,fr,0.6677966101694915
deberta_full_klu_heat_t=0.6_alpha_0.0,0.5119651921682379,0.6648291468404162,0.6654022626310749,False,fr,0.6677966101694915
deberta_full_klu_heat_t=0.6_alpha_0.1,0.5117580026934632,0.6638835745583366,0.6644598956787652,False,fr,0.6677966101694915
deberta_full_klu_heat_t=0.6_alpha_0.2,0.5111364342691391,0.663157367708066,0.663736150546631,False,fr,0.6677966101694915
deberta_full_klu_heat_t=0.6_alpha_0.3,0.5104112711074278,0.6626060503237118,0.6631867020347662,False,fr,0.6677966101694915
deberta_full_klu_heat_t=0.6_alpha_0.4,0.5098932974204909,0.662346325153395,0.6629278572887555,False,fr,0.6677966101694915
deberta_full_klu_heat_t=0.6_alpha_0.5,0.5097379053144101,0.6622649912638512,0.6628467991073119,False,fr,0.6677966101694915
deberta_full_klu_heat_t=0.6_alpha_0.6,0.508650160571843,0.6613108564989629,0.6618958986975587,False,fr,0.6677966101694915
deberta_full_klu_heat_t=0.6_alpha_0.7,0.5079249974101316,0.661083738623608,0.6616695507133068,False,fr,0.6677966101694915
deberta_full_klu_heat_t=0.6_alpha_0.8,0.5064228737180152,0.6604268112212709,0.66101485018352,False,fr,0.6677966101694915
deberta_full_klu_heat_t=0.6_alpha_0.9,0.504247384232881,0.6593722216968763,0.659963835538869,False,fr,0.6677966101694915
deberta_full_klu_heat_t=0.6_alpha_1.0,0.5,0.6696469989398978,0.6702037830285245,False,fr,0.6677966101694915
deberta_full_klu_heatn_t=0.6_alpha_0.0,0.5119651921682379,0.6648291468404162,0.6654022626310749,False,fr,0.6677966101694915
deberta_full_klu_heatn_t=0.6_alpha_0.1,0.5108774474256708,0.6643917037143331,0.6649663023630464,False,fr,0.6677966101694915
deberta_full_klu_heatn_t=0.6_alpha_0.2,0.5105148658448151,0.6644840117860324,0.6650582975260281,False,fr,0.6677966101694915
deberta_full_klu_heatn_t=0.6_alpha_0.3,0.5096343105770227,0.66493566031492,0.6655084150429533,False,fr,0.6677966101694915
deberta_full_klu_heatn_t=0.6_alpha_0.4,0.5089609447840049,0.6653151793816054,0.665886647604328,False,fr,0.6677966101694915
deberta_full_klu_heatn_t=0.6_alpha_0.5,0.5081321868849062,0.6649177811258749,0.6654905964613288,False,fr,0.6677966101694915
deberta_full_klu_heatn_t=0.6_alpha_0.6,0.5068372526675644,0.6645057923811242,0.6650800042885942,False,fr,0.6677966101694915
deberta_full_klu_heatn_t=0.6_alpha_0.7,0.5065782658240962,0.6649673629039516,0.6655400101655816,False,fr,0.6677966101694915
deberta_full_klu_heatn_t=0.6_alpha_0.8,0.5045063710763493,0.6632712977898416,0.6638496944247395,False,fr,0.6677966101694915
deberta_full_klu_heatn_t=0.6_alpha_0.9,0.501087744742567,0.6611261426282491,0.6617118109755592,False,fr,0.6677966101694915
deberta_full_klu_heatn_t=0.6_alpha_1.0,0.5,0.6696469989398978,0.6702037830285245,False,fr,0.6677966101694915
deberta_full_klu_heat_t=0.7_alpha_0.0,0.5119651921682379,0.6648291468404162,0.6654022626310749,False,fr,0.6677966101694915
deberta_full_klu_heat_t=0.7_alpha_0.1,0.5117580026934632,0.6638542835626591,0.6644307039745984,False,fr,0.6677966101694915
deberta_full_klu_heat_t=0.7_alpha_0.2,0.5113954211126075,0.6632987694731296,0.6638770729836775,False,fr,0.6677966101694915
deberta_full_klu_heat_t=0.7_alpha_0.3,0.5106184605822024,0.6626558549813288,0.6632363378630355,False,fr,0.6677966101694915
deberta_full_klu_heat_t=0.7_alpha_0.4,0.5099968921578784,0.662488649861716,0.6630696995404382,False,fr,0.6677966101694915
deberta_full_klu_heat_t=0.7_alpha_0.5,0.5101522842639594,0.662504139791876,0.6630851369623602,False,fr,0.6677966101694915
deberta_full_klu_heat_t=0.7_alpha_0.6,0.5089091474153113,0.6613916732251045,0.6619764414686964,False,fr,0.6677966101694915
deberta_full_klu_heat_t=0.7_alpha_0.7,0.5084947684657619,0.6612191924020541,0.6618045453264021,False,fr,0.6677966101694915
deberta_full_klu_heat_t=0.7_alpha_0.8,0.5072516316171138,0.6607705357384925,0.6613574095328867,False,fr,0.6677966101694915
deberta_full_klu_heat_t=0.7_alpha_0.9,0.5054387237128354,0.6597048133125187,0.6602952997253059,False,fr,0.6677966101694915
deberta_full_klu_heat_t=0.7_alpha_1.0,0.5,0.6696469989398978,0.6702037830285245,False,fr,0.6677966101694915
deberta_full_klu_heatn_t=0.7_alpha_0.0,0.5119651921682379,0.6648291468404162,0.6654022626310749,False,fr,0.6677966101694915
deberta_full_klu_heatn_t=0.7_alpha_0.1,0.5109292447943644,0.6643606709005647,0.664935374745257,False,fr,0.6677966101694915
deberta_full_klu_heatn_t=0.7_alpha_0.2,0.5104630684761213,0.6643762965602664,0.6649509474366206,False,fr,0.6677966101694915
deberta_full_klu_heatn_t=0.7_alpha_0.3,0.5095307158396354,0.6647950302649597,0.6653682617050268,False,fr,0.6677966101694915
deberta_full_klu_heatn_t=0.7_alpha_0.4,0.5090127421526986,0.6649705388430551,0.6655431753387897,False,fr,0.6677966101694915
deberta_full_klu_heatn_t=0.7_alpha_0.5,0.508339376359681,0.6648570525944835,0.6654300737893658,False,fr,0.6677966101694915
deberta_full_klu_heatn_t=0.7_alpha_0.6,0.5071998342484202,0.6643615406526269,0.6649362415490069,False,fr,0.6677966101694915
deberta_full_klu_heatn_t=0.7_alpha_0.7,0.5062156842432405,0.6639713372900526,0.6645473609096957,False,fr,0.6677966101694915
deberta_full_klu_heatn_t=0.7_alpha_0.8,0.504402776338962,0.6631199232881277,0.6636988330569298,False,fr,0.6677966101694915
deberta_full_klu_heatn_t=0.7_alpha_0.9,0.5005697710556303,0.660937329161028,0.6615236375539898,False,fr,0.6677966101694915
deberta_full_klu_heatn_t=0.7_alpha_1.0,0.5,0.6696469989398978,0.6702037830285245,False,fr,0.6677966101694915
deberta_full_klu_matern_kappa=1.0_nu=1.0_alpha_0.0,0.5119651921682379,0.6648291468404162,0.6654022626310749,False,fr,0.6677966101694915
deberta_full_klu_matern_kappa=1.0_nu=1.0_alpha_0.1,0.5110846369004455,0.6646382914655875,0.6652120542236185,False,fr,0.6677966101694915
deberta_full_klu_matern_kappa=1.0_nu=1.0_alpha_0.2,0.510359473738734,0.6643346655560487,0.6649094575544512,False,fr,0.6677966101694915
deberta_full_klu_matern_kappa=1.0_nu=1.0_alpha_0.3,0.5093753237335543,0.6638324100275281,0.664408904587044,False,fr,0.6677966101694915
deberta_full_klu_matern_kappa=1.0_nu=1.0_alpha_0.4,0.5087537553092303,0.6637235749960086,0.6643004384878349,False,fr,0.6677966101694915
deberta_full_klu_matern_kappa=1.0_nu=1.0_alpha_0.5,0.5078214026727442,0.6632365747896363,0.6638150891296196,False,fr,0.6677966101694915
deberta_full_klu_matern_kappa=1.0_nu=1.0_alpha_0.6,0.5063710763493214,0.6622337071024338,0.6628156209938991,False,fr,0.6677966101694915
deberta_full_klu_matern_kappa=1.0_nu=1.0_alpha_0.7,0.5045063710763493,0.661547191527723,0.6621314325906282,False,fr,0.6677966101694915
deberta_full_klu_matern_kappa=1.0_nu=1.0_alpha_0.8,0.5023826789599088,0.660718950634183,0.6613059992933373,False,fr,0.6677966101694915
deberta_full_klu_matern_kappa=1.0_nu=1.0_alpha_0.9,0.49865326841396457,0.6590653930659398,0.6596580470049865,False,fr,0.6677966101694915
deberta_full_klu_matern_kappa=1.0_nu=1.0_alpha_1.0,0.5,0.6696469989398978,0.6702037830285245,False,fr,0.6677966101694915
deberta_full_klu_maternn_kappa=1.0_nu=1.0_alpha_0.0,0.5119651921682379,0.6648291468404162,0.6654022626310749,False,fr,0.6677966101694915
deberta_full_klu_maternn_kappa=1.0_nu=1.0_alpha_0.1,0.5109810421630581,0.6644859313384421,0.6650602105714805,False,fr,0.6677966101694915
deberta_full_klu_maternn_kappa=1.0_nu=1.0_alpha_0.2,0.5105148658448151,0.6647649587169429,0.6653382920944608,False,fr,0.6677966101694915
deberta_full_klu_maternn_kappa=1.0_nu=1.0_alpha_0.3,0.5096861079457162,0.6650690939766463,0.6656413963871822,False,fr,0.6677966101694915
deberta_full_klu_maternn_kappa=1.0_nu=1.0_alpha_0.4,0.5089091474153112,0.6651844934852214,0.6657564047109824,False,fr,0.6677966101694915
deberta_full_klu_maternn_kappa=1.0_nu=1.0_alpha_0.5,0.5078732000414379,0.6648869294307527,0.6654598493482238,False,fr,0.6677966101694915
deberta_full_klu_maternn_kappa=1.0_nu=1.0_alpha_0.6,0.5064746710867087,0.6643357981405011,0.6649105862996342,False,fr,0.6677966101694915
deberta_full_klu_maternn_kappa=1.0_nu=1.0_alpha_0.7,0.5056977105563037,0.6645261267099632,0.6651002696875048,False,fr,0.6677966101694915
deberta_full_klu_maternn_kappa=1.0_nu=1.0_alpha_0.8,0.5047135605511239,0.6644508361523894,0.66502523435216,False,fr,0.6677966101694915
deberta_full_klu_maternn_kappa=1.0_nu=1.0_alpha_0.9,0.5022790842225214,0.6625374304652606,0.6631183147860046,False,fr,0.6677966101694915
deberta_full_klu_maternn_kappa=1.0_nu=1.0_alpha_1.0,0.5,0.6696469989398978,0.6702037830285245,False,fr,0.6677966101694915
deberta_full_klu_matern_kappa=1.0_nu=2.0_alpha_0.0,0.5119651921682379,0.6648291468404162,0.6654022626310749,False,fr,0.6677966101694915
deberta_full_klu_matern_kappa=1.0_nu=2.0_alpha_0.1,0.5110328395317518,0.6643376996770209,0.6649124813902676,False,fr,0.6677966101694915
deberta_full_klu_matern_kappa=1.0_nu=2.0_alpha_0.2,0.5101004868952657,0.6636940693789989,0.6642710328898659,False,fr,0.6677966101694915
deberta_full_klu_matern_kappa=1.0_nu=2.0_alpha_0.3,0.5092199316274733,0.6630505664315186,0.6636297113083091,False,fr,0.6677966101694915
deberta_full_klu_matern_kappa=1.0_nu=2.0_alpha_0.4,0.5083911737283746,0.6625057281048599,0.6630867198912324,False,fr,0.6677966101694915
deberta_full_klu_matern_kappa=1.0_nu=2.0_alpha_0.5,0.5069926447736455,0.6619021651325318,0.6624852028950816,False,fr,0.6677966101694915
deberta_full_klu_matern_kappa=1.0_nu=2.0_alpha_0.6,0.505179736869367,0.6604298690131128,0.6610178976099659,False,fr,0.6677966101694915
deberta_full_klu_matern_kappa=1.0_nu=2.0_alpha_0.7,0.5033150315963948,0.659868004907576,0.6604579381285156,False,fr,0.6677966101694915
deberta_full_klu_matern_kappa=1.0_nu=2.0_alpha_0.8,0.5013467315860354,0.659468974238876,0.66006026010615,False,fr,0.6677966101694915
deberta_full_klu_matern_kappa=1.0_nu=2.0_alpha_0.9,0.4983942815704962,0.6585855465250035,0.659179827062494,False,fr,0.6677966101694915
deberta_full_klu_matern_kappa=1.0_nu=2.0_alpha_1.0,0.5,0.6696469989398978,0.6702037830285245,False,fr,0.6677966101694915
deberta_full_klu_maternn_kappa=1.0_nu=2.0_alpha_0.0,0.5119651921682379,0.6648291468404162,0.6654022626310749,False,fr,0.6677966101694915
deberta_full_klu_maternn_kappa=1.0_nu=2.0_alpha_0.1,0.5109292447943644,0.6644614611186994,0.6650358233016352,False,fr,0.6677966101694915
deberta_full_klu_maternn_kappa=1.0_nu=2.0_alpha_0.2,0.5105666632135087,0.664719525288981,0.6652930126781192,False,fr,0.6677966101694915
deberta_full_klu_maternn_kappa=1.0_nu=2.0_alpha_0.3,0.50973790531441,0.6651052554847329,0.6656774353138855,False,fr,0.6677966101694915
deberta_full_klu_maternn_kappa=1.0_nu=2.0_alpha_0.4,0.5089091474153112,0.66519950778486,0.6657713681146902,False,fr,0.6677966101694915
deberta_full_klu_maternn_kappa=1.0_nu=2.0_alpha_0.5,0.5080285921475189,0.6649616168712864,0.665534283610993,False,fr,0.6677966101694915
deberta_full_klu_maternn_kappa=1.0_nu=2.0_alpha_0.6,0.5068890500362581,0.6645175735046427,0.6650917454761007,False,fr,0.6677966101694915
deberta_full_klu_maternn_kappa=1.0_nu=2.0_alpha_0.7,0.5058531026623847,0.6644022220364965,0.6649767850298804,False,fr,0.6677966101694915
deberta_full_klu_maternn_kappa=1.0_nu=2.0_alpha_0.8,0.5044545737076557,0.6640403807321656,0.6646161703062422,False,fr,0.6677966101694915
deberta_full_klu_maternn_kappa=1.0_nu=2.0_alpha_0.9,0.5018129079042785,0.6620916555955371,0.6626740510175344,False,fr,0.6677966101694915
deberta_full_klu_maternn_kappa=1.0_nu=2.0_alpha_1.0,0.5,0.6696469989398978,0.6702037830285245,False,fr,0.6677966101694915
deberta_full_klu_matern_kappa=1.0_nu=3.0_alpha_0.0,0.5119651921682379,0.6648291468404162,0.6654022626310749,False,fr,0.6677966101694915
deberta_full_klu_matern_kappa=1.0_nu=3.0_alpha_0.1,0.5110328395317517,0.6642738250620484,0.6648488232994135,False,fr,0.6677966101694915
deberta_full_klu_matern_kappa=1.0_nu=3.0_alpha_0.2,0.5105666632135087,0.6636246376354866,0.664201836508196,False,fr,0.6677966101694915
deberta_full_klu_matern_kappa=1.0_nu=3.0_alpha_0.3,0.509582513208329,0.6627850690167592,0.6633651138847861,False,fr,0.6677966101694915
deberta_full_klu_matern_kappa=1.0_nu=3.0_alpha_0.4,0.5088055526779239,0.6625304336074399,0.6631113416463461,False,fr,0.6677966101694915
deberta_full_klu_matern_kappa=1.0_nu=3.0_alpha_0.5,0.5076142131979695,0.6620143982154181,0.6625970555268396,False,fr,0.6677966101694915
deberta_full_klu_matern_kappa=1.0_nu=3.0_alpha_0.6,0.5056977105563037,0.6606707168308803,0.6612579289944527,False,fr,0.6677966101694915
deberta_full_klu_matern_kappa=1.0_nu=3.0_alpha_0.7,0.5038330052833316,0.6597888484368035,0.6603790499847627,False,fr,0.6677966101694915
deberta_full_klu_matern_kappa=1.0_nu=3.0_alpha_0.8,0.5018647052729721,0.6594224010408927,0.6600138447834143,False,fr,0.6677966101694915
deberta_full_klu_matern_kappa=1.0_nu=3.0_alpha_0.9,0.49917124210090125,0.6585308249101105,0.6591252909446008,False,fr,0.6677966101694915
deberta_full_klu_matern_kappa=1.0_nu=3.0_alpha_1.0,0.5,0.6696469989398978,0.6702037830285245,False,fr,0.6677966101694915
deberta_full_klu_maternn_kappa=1.0_nu=3.0_alpha_0.0,0.5119651921682379,0.6648291468404162,0.6654022626310749,False,fr,0.6677966101694915
deberta_full_klu_maternn_kappa=1.0_nu=3.0_alpha_0.1,0.5109810421630581,0.6644801499128985,0.6650544487439896,False,fr,0.6677966101694915
deberta_full_klu_maternn_kappa=1.0_nu=3.0_alpha_0.2,0.5105666632135087,0.6647404822533272,0.6653138986019081,False,fr,0.6677966101694915
deberta_full_klu_maternn_kappa=1.0_nu=3.0_alpha_0.3,0.5096861079457163,0.6650895810121789,0.6656618139751368,False,fr,0.6677966101694915
deberta_full_klu_maternn_kappa=1.0_nu=3.0_alpha_0.4,0.5088573500466176,0.6652039792434634,0.6657758244158068,False,fr,0.6677966101694915
deberta_full_klu_maternn_kappa=1.0_nu=3.0_alpha_0.5,0.5078732000414379,0.664880715373271,0.6654536563553438,False,fr,0.6677966101694915
deberta_full_klu_maternn_kappa=1.0_nu=3.0_alpha_0.6,0.5069408474049519,0.664537816593352,0.6651119199441702,False,fr,0.6677966101694915
deberta_full_klu_maternn_kappa=1.0_nu=3.0_alpha_0.7,0.5056977105563036,0.6642999210544163,0.6648748308307904,False,fr,0.6677966101694915
deberta_full_klu_maternn_kappa=1.0_nu=3.0_alpha_0.8,0.5044027763389619,0.6635847899522844,0.6641621239018859,False,fr,0.6677966101694915
deberta_full_klu_maternn_kappa=1.0_nu=3.0_alpha_0.9,0.5020718947477468,0.6619158045090973,0.6624987960364723,False,fr,0.6677966101694915
deberta_full_klu_maternn_kappa=1.0_nu=3.0_alpha_1.0,0.5,0.6696469989398978,0.6702037830285245,False,fr,0.6677966101694915
deberta_full_klu_matern_kappa=2.0_nu=1.0_alpha_0.0,0.5119651921682379,0.6648291468404162,0.6654022626310749,False,fr,0.6677966101694915
deberta_full_klu_matern_kappa=2.0_nu=1.0_alpha_0.1,0.5111882316378328,0.6643394772854194,0.6649142529728748,False,fr,0.6677966101694915
deberta_full_klu_matern_kappa=2.0_nu=1.0_alpha_0.2,0.510359473738734,0.6634516537863968,0.6640294390450353,False,fr,0.6677966101694915
deberta_full_klu_matern_kappa=2.0_nu=1.0_alpha_0.3,0.5096343105770227,0.6628209168282582,0.6634008401782802,False,fr,0.6677966101694915
deberta_full_klu_matern_kappa=2.0_nu=1.0_alpha_0.4,0.5088573500466176,0.6625837225285497,0.6631644499270453,False,fr,0.6677966101694915
deberta_full_klu_matern_kappa=2.0_nu=1.0_alpha_0.5,0.5077696053040506,0.6620087596917477,0.6625914361168087,False,fr,0.6677966101694915
deberta_full_klu_matern_kappa=2.0_nu=1.0_alpha_0.6,0.5056977105563037,0.6607227650219865,0.6613098007510129,False,fr,0.6677966101694915
deberta_full_klu_matern_kappa=2.0_nu=1.0_alpha_0.7,0.5040401947581064,0.6598215784647556,0.6604116690634675,False,fr,0.6677966101694915
deberta_full_klu_matern_kappa=2.0_nu=1.0_alpha_0.8,0.5019165026416658,0.6594953306013958,0.6600865271250681,False,fr,0.6677966101694915
deberta_full_klu_matern_kappa=2.0_nu=1.0_alpha_0.9,0.4993266342069822,0.6586064013280497,0.6592006111712927,False,fr,0.6677966101694915
deberta_full_klu_matern_kappa=2.0_nu=1.0_alpha_1.0,0.5,0.6696469989398978,0.6702037830285245,False,fr,0.6677966101694915
deberta_full_klu_maternn_kappa=2.0_nu=1.0_alpha_0.0,0.5119651921682379,0.6648291468404162,0.6654022626310749,False,fr,0.6677966101694915
deberta_full_klu_maternn_kappa=2.0_nu=1.0_alpha_0.1,0.5109810421630581,0.6643276033684049,0.6649024193064264,False,fr,0.6677966101694915
deberta_full_klu_maternn_kappa=2.0_nu=1.0_alpha_0.2,0.5099450947891847,0.6640474863744036,0.6646232518615572,False,fr,0.6677966101694915
deberta_full_klu_maternn_kappa=2.0_nu=1.0_alpha_0.3,0.50973790531441,0.664745131945451,0.665318532532364,False,fr,0.6677966101694915
deberta_full_klu_maternn_kappa=2.0_nu=1.0_alpha_0.4,0.5087019579405366,0.6647831663989586,0.6653564380555206,False,fr,0.6677966101694915
deberta_full_klu_maternn_kappa=2.0_nu=1.0_alpha_0.5,0.5081321868849062,0.6643061545175655,0.6648810431635559,False,fr,0.6677966101694915
deberta_full_klu_maternn_kappa=2.0_nu=1.0_alpha_0.6,0.5074588210918886,0.6638778318482268,0.6644541724354693,False,fr,0.6677966101694915
deberta_full_klu_maternn_kappa=2.0_nu=1.0_alpha_0.7,0.505179736869367,0.6629507115802149,0.663530194948027,False,fr,0.6677966101694915
deberta_full_klu_maternn_kappa=2.0_nu=1.0_alpha_0.8,0.5035222210711695,0.6620720398676927,0.6626545017836827,False,fr,0.6677966101694915
deberta_full_klu_maternn_kappa=2.0_nu=1.0_alpha_0.9,0.4992230394695949,0.6596389789699464,0.6602296885499966,False,fr,0.6677966101694915
deberta_full_klu_maternn_kappa=2.0_nu=1.0_alpha_1.0,0.5,0.6696469989398978,0.6702037830285245,False,fr,0.6677966101694915
deberta_full_klu_matern_kappa=2.0_nu=2.0_alpha_0.0,0.5119651921682379,0.6648291468404162,0.6654022626310749,False,fr,0.6677966101694915
deberta_full_klu_matern_kappa=2.0_nu=2.0_alpha_0.1,0.5116026105873821,0.6639793889538743,0.6645553852797417,False,fr,0.6677966101694915
deberta_full_klu_matern_kappa=2.0_nu=2.0_alpha_0.2,0.5107220553195897,0.6630636807126251,0.6636427811342254,False,fr,0.6677966101694915
deberta_full_klu_matern_kappa=2.0_nu=2.0_alpha_0.3,0.5100486895265721,0.6625441992183796,0.663125060594198,False,fr,0.6677966101694915
deberta_full_klu_matern_kappa=2.0_nu=2.0_alpha_0.4,0.5091681342587796,0.662207968644702,0.6627899697851767,False,fr,0.6677966101694915
deberta_full_klu_matern_kappa=2.0_nu=2.0_alpha_0.5,0.5090645395213923,0.6618054452774689,0.6623888109039341,False,fr,0.6677966101694915
deberta_full_klu_matern_kappa=2.0_nu=2.0_alpha_0.6,0.5079767947788252,0.6611811734269695,0.6617666552291991,False,fr,0.6677966101694915
deberta_full_klu_matern_kappa=2.0_nu=2.0_alpha_0.7,0.5065264684554024,0.6605493213975315,0.6611369450710475,False,fr,0.6677966101694915
deberta_full_klu_matern_kappa=2.0_nu=2.0_alpha_0.8,0.505179736869367,0.6598410005138614,0.6604310252751185,False,fr,0.6677966101694915
deberta_full_klu_matern_kappa=2.0_nu=2.0_alpha_0.9,0.5018647052729721,0.6592877648424263,0.6598796649788411,False,fr,0.6677966101694915
deberta_full_klu_matern_kappa=2.0_nu=2.0_alpha_1.0,0.5,0.6696469989398978,0.6702037830285245,False,fr,0.6677966101694915
deberta_full_klu_maternn_kappa=2.0_nu=2.0_alpha_0.0,0.5119651921682379,0.6648291468404162,0.6654022626310749,False,fr,0.6677966101694915
deberta_full_klu_maternn_kappa=2.0_nu=2.0_alpha_0.1,0.5112400290065264,0.6648965056669752,0.6654693931226285,False,fr,0.6677966101694915
deberta_full_klu_maternn_kappa=2.0_nu=2.0_alpha_0.2,0.5101522842639594,0.6643375670333029,0.6649123491961892,False,fr,0.6677966101694915
deberta_full_klu_maternn_kappa=2.0_nu=2.0_alpha_0.3,0.5094789184709416,0.6640110859393196,0.6645869748177786,False,fr,0.6677966101694915
deberta_full_klu_maternn_kappa=2.0_nu=2.0_alpha_0.4,0.509116336890086,0.6642409415075268,0.6648160512145681,False,fr,0.6677966101694915
deberta_full_klu_maternn_kappa=2.0_nu=2.0_alpha_0.5,0.5083911737283746,0.664208923120708,0.664784141364654,False,fr,0.6677966101694915
deberta_full_klu_maternn_kappa=2.0_nu=2.0_alpha_0.6,0.5070444421423391,0.6635519508762946,0.6641293961447977,False,fr,0.6677966101694915
deberta_full_klu_maternn_kappa=2.0_nu=2.0_alpha_0.7,0.5048171552885113,0.6620235600346132,0.6626061862890205,False,fr,0.6677966101694915
deberta_full_klu_maternn_kappa=2.0_nu=2.0_alpha_0.8,0.5023826789599088,0.6607744635138447,0.661361323993746,False,fr,0.6677966101694915
deberta_full_klu_maternn_kappa=2.0_nu=2.0_alpha_0.9,0.49865326841396457,0.6591456519885205,0.6597380338634229,False,fr,0.6677966101694915
deberta_full_klu_maternn_kappa=2.0_nu=2.0_alpha_1.0,0.5,0.6696469989398978,0.6702037830285245,False,fr,0.6677966101694915
deberta_full_klu_matern_kappa=2.0_nu=3.0_alpha_0.0,0.5119651921682379,0.6648291468404162,0.6654022626310749,False,fr,0.6677966101694915
deberta_full_klu_matern_kappa=2.0_nu=3.0_alpha_0.1,0.5117580026934632,0.6638835745583366,0.6644598956787652,False,fr,0.6677966101694915
deberta_full_klu_matern_kappa=2.0_nu=3.0_alpha_0.2,0.5111364342691391,0.663157367708066,0.663736150546631,False,fr,0.6677966101694915
deberta_full_klu_matern_kappa=2.0_nu=3.0_alpha_0.3,0.5104630684761214,0.662640063929154,0.663220600339851,False,fr,0.6677966101694915
deberta_full_klu_matern_kappa=2.0_nu=3.0_alpha_0.4,0.5098932974204909,0.662346325153395,0.6629278572887555,False,fr,0.6677966101694915
deberta_full_klu_matern_kappa=2.0_nu=3.0_alpha_0.5,0.5097897026831038,0.6622876670008127,0.6628693979773683,False,fr,0.6677966101694915
deberta_full_klu_matern_kappa=2.0_nu=3.0_alpha_0.6,0.508650160571843,0.6613929081308798,0.6619776721883505,False,fr,0.6677966101694915
deberta_full_klu_matern_kappa=2.0_nu=3.0_alpha_0.7,0.5078732000414379,0.661030880471603,0.661616871741478,False,fr,0.6677966101694915
deberta_full_klu_matern_kappa=2.0_nu=3.0_alpha_0.8,0.5066300631927898,0.6605037855054919,0.661091563537964,False,fr,0.6677966101694915
deberta_full_klu_matern_kappa=2.0_nu=3.0_alpha_0.9,0.5042991816015746,0.6593860483657551,0.6599776153376838,False,fr,0.6677966101694915
deberta_full_klu_matern_kappa=2.0_nu=3.0_alpha_1.0,0.5,0.6696469989398978,0.6702037830285245,False,fr,0.6677966101694915
deberta_full_klu_maternn_kappa=2.0_nu=3.0_alpha_0.0,0.5119651921682379,0.6648291468404162,0.6654022626310749,False,fr,0.6677966101694915
deberta_full_klu_maternn_kappa=2.0_nu=3.0_alpha_0.1,0.5113436237439138,0.6650858732415469,0.6656581187732188,False,fr,0.6677966101694915
deberta_full_klu_maternn_kappa=2.0_nu=3.0_alpha_0.2,0.5102558790013467,0.6642411622357891,0.6648162711945991,False,fr,0.6677966101694915
deberta_full_klu_maternn_kappa=2.0_nu=3.0_alpha_0.3,0.5094789184709416,0.663878834601414,0.6644551717894931,False,fr,0.6677966101694915
deberta_full_klu_maternn_kappa=2.0_nu=3.0_alpha_0.4,0.508650160571843,0.6635112969472347,0.6640888800256669,False,fr,0.6677966101694915
deberta_full_klu_maternn_kappa=2.0_nu=3.0_alpha_0.5,0.5083911737283746,0.6638742366070776,0.6644505893815781,False,fr,0.6677966101694915
deberta_full_klu_maternn_kappa=2.0_nu=3.0_alpha_0.6,0.5064746710867087,0.6628016528494511,0.6633816415010964,False,fr,0.6677966101694915
deberta_full_klu_maternn_kappa=2.0_nu=3.0_alpha_0.7,0.504558168445043,0.6616483387048627,0.662232236895981,False,fr,0.6677966101694915
deberta_full_klu_maternn_kappa=2.0_nu=3.0_alpha_0.8,0.5022790842225214,0.6606205976801661,0.6612079797391647,False,fr,0.6677966101694915
deberta_full_klu_maternn_kappa=2.0_nu=3.0_alpha_0.9,0.49875686315135187,0.6593012313829856,0.6598930858701102,False,fr,0.6677966101694915
deberta_full_klu_maternn_kappa=2.0_nu=3.0_alpha_1.0,0.5,0.6696469989398978,0.6702037830285245,False,fr,0.6677966101694915
deberta_full_klu_matern_kappa=3.0_nu=1.0_alpha_0.0,0.5119651921682379,0.6648291468404162,0.6654022626310749,False,fr,0.6677966101694915
deberta_full_klu_matern_kappa=3.0_nu=1.0_alpha_0.1,0.5118098000621568,0.6647131488688443,0.6652866578729659,False,fr,0.6677966101694915
deberta_full_klu_matern_kappa=3.0_nu=1.0_alpha_0.2,0.5105148658448151,0.6633867224331809,0.6639647277981013,False,fr,0.6677966101694915
deberta_full_klu_matern_kappa=3.0_nu=1.0_alpha_0.3,0.509893297420491,0.662656937837111,0.66323741704812,False,fr,0.6677966101694915
deberta_full_klu_matern_kappa=3.0_nu=1.0_alpha_0.4,0.5090645395213923,0.6622236922666498,0.6628056401067112,False,fr,0.6677966101694915
deberta_full_klu_matern_kappa=3.0_nu=1.0_alpha_0.5,0.5083911737283746,0.6620298835285453,0.6626124883473798,False,fr,0.6677966101694915
deberta_full_klu_matern_kappa=3.0_nu=1.0_alpha_0.6,0.5066300631927898,0.6607905442711309,0.6613773502399907,False,fr,0.6677966101694915
deberta_full_klu_matern_kappa=3.0_nu=1.0_alpha_0.7,0.5046617631824304,0.6593965810772855,0.6599881123451075,False,fr,0.6677966101694915
deberta_full_klu_matern_kappa=3.0_nu=1.0_alpha_0.8,0.5034186263337822,0.6598432550018101,0.6604332721207353,False,fr,0.6677966101694915
deberta_full_klu_matern_kappa=3.0_nu=1.0_alpha_0.9,0.49994820263130624,0.6583605537252973,0.6589555969502446,False,fr,0.6677966101694915
deberta_full_klu_matern_kappa=3.0_nu=1.0_alpha_1.0,0.5,0.6696469989398978,0.6702037830285245,False,fr,0.6677966101694915
deberta_full_klu_maternn_kappa=3.0_nu=1.0_alpha_0.0,0.5119651921682379,0.6648291468404162,0.6654022626310749,False,fr,0.6677966101694915
deberta_full_klu_maternn_kappa=3.0_nu=1.0_alpha_0.1,0.5110846369004455,0.6646382914655875,0.6652120542236185,False,fr,0.6677966101694915
deberta_full_klu_maternn_kappa=3.0_nu=1.0_alpha_0.2,0.510359473738734,0.6643346655560487,0.6649094575544512,False,fr,0.6677966101694915
deberta_full_klu_maternn_kappa=3.0_nu=1.0_alpha_0.3,0.5093753237335543,0.6638324100275281,0.664408904587044,False,fr,0.6677966101694915
deberta_full_klu_maternn_kappa=3.0_nu=1.0_alpha_0.4,0.5087537553092303,0.6637235749960086,0.6643004384878349,False,fr,0.6677966101694915
deberta_full_klu_maternn_kappa=3.0_nu=1.0_alpha_0.5,0.5078214026727442,0.6632365747896363,0.6638150891296196,False,fr,0.6677966101694915
deberta_full_klu_maternn_kappa=3.0_nu=1.0_alpha_0.6,0.5063710763493214,0.6622337071024338,0.6628156209938991,False,fr,0.6677966101694915
deberta_full_klu_maternn_kappa=3.0_nu=1.0_alpha_0.7,0.5045063710763493,0.661547191527723,0.6621314325906282,False,fr,0.6677966101694915
deberta_full_klu_maternn_kappa=3.0_nu=1.0_alpha_0.8,0.5023826789599088,0.660718950634183,0.6613059992933373,False,fr,0.6677966101694915
deberta_full_klu_maternn_kappa=3.0_nu=1.0_alpha_0.9,0.49865326841396457,0.6590653930659398,0.6596580470049865,False,fr,0.6677966101694915
deberta_full_klu_maternn_kappa=3.0_nu=1.0_alpha_1.0,0.5,0.6696469989398978,0.6702037830285245,False,fr,0.6677966101694915
deberta_full_klu_matern_kappa=3.0_nu=2.0_alpha_0.0,0.5119651921682379,0.6648291468404162,0.6654022626310749,False,fr,0.6677966101694915
deberta_full_klu_matern_kappa=3.0_nu=2.0_alpha_0.1,0.5118098000621568,0.6639002478943377,0.6644765124949831,False,fr,0.6677966101694915
deberta_full_klu_matern_kappa=3.0_nu=2.0_alpha_0.2,0.5112400290065264,0.6631889165594906,0.6637675924527966,False,fr,0.6677966101694915
deberta_full_klu_matern_kappa=3.0_nu=2.0_alpha_0.3,0.5105148658448151,0.6626645341488966,0.6632449876096962,False,fr,0.6677966101694915
deberta_full_klu_matern_kappa=3.0_nu=2.0_alpha_0.4,0.5099450947891847,0.6623674516164025,0.6629489121366342,False,fr,0.6677966101694915
deberta_full_klu_matern_kappa=3.0_nu=2.0_alpha_0.5,0.5099450947891847,0.6624210498301242,0.6630023286614957,False,fr,0.6677966101694915
deberta_full_klu_matern_kappa=3.0_nu=2.0_alpha_0.6,0.5087537553092303,0.6613030432961436,0.6618881119801728,False,fr,0.6677966101694915
deberta_full_klu_matern_kappa=3.0_nu=2.0_alpha_0.7,0.5080803895162125,0.6611510148059517,0.6617365988407949,False,fr,0.6677966101694915
deberta_full_klu_matern_kappa=3.0_nu=2.0_alpha_0.8,0.5066818605614835,0.6604057429841429,0.660993853364145,False,fr,0.6677966101694915
deberta_full_klu_matern_kappa=3.0_nu=2.0_alpha_0.9,0.504402776338962,0.6592697718351048,0.6598617329647646,False,fr,0.6677966101694915
deberta_full_klu_matern_kappa=3.0_nu=2.0_alpha_1.0,0.5,0.6696469989398978,0.6702037830285245,False,fr,0.6677966101694915
deberta_full_klu_maternn_kappa=3.0_nu=2.0_alpha_0.0,0.5119651921682379,0.6648291468404162,0.6654022626310749,False,fr,0.6677966101694915
deberta_full_klu_maternn_kappa=3.0_nu=2.0_alpha_0.1,0.5110328395317518,0.6643376996770209,0.6649124813902676,False,fr,0.6677966101694915
deberta_full_klu_maternn_kappa=3.0_nu=2.0_alpha_0.2,0.5101004868952657,0.6636940693789989,0.6642710328898659,False,fr,0.6677966101694915
deberta_full_klu_maternn_kappa=3.0_nu=2.0_alpha_0.3,0.5092199316274733,0.6630505664315186,0.6636297113083091,False,fr,0.6677966101694915
deberta_full_klu_maternn_kappa=3.0_nu=2.0_alpha_0.4,0.5083911737283746,0.6625057281048599,0.6630867198912324,False,fr,0.6677966101694915
deberta_full_klu_maternn_kappa=3.0_nu=2.0_alpha_0.5,0.5069926447736455,0.6619021651325318,0.6624852028950816,False,fr,0.6677966101694915
deberta_full_klu_maternn_kappa=3.0_nu=2.0_alpha_0.6,0.505179736869367,0.6604298690131128,0.6610178976099659,False,fr,0.6677966101694915
deberta_full_klu_maternn_kappa=3.0_nu=2.0_alpha_0.7,0.5033150315963948,0.659868004907576,0.6604579381285156,False,fr,0.6677966101694915
deberta_full_klu_maternn_kappa=3.0_nu=2.0_alpha_0.8,0.5013467315860354,0.659468974238876,0.66006026010615,False,fr,0.6677966101694915
deberta_full_klu_maternn_kappa=3.0_nu=2.0_alpha_0.9,0.4983942815704962,0.6585855465250035,0.659179827062494,False,fr,0.6677966101694915
deberta_full_klu_maternn_kappa=3.0_nu=2.0_alpha_1.0,0.5,0.6696469989398978,0.6702037830285245,False,fr,0.6677966101694915
deberta_full_klu_matern_kappa=3.0_nu=3.0_alpha_0.0,0.5119651921682379,0.6648291468404162,0.6654022626310749,False,fr,0.6677966101694915
deberta_full_klu_matern_kappa=3.0_nu=3.0_alpha_0.1,0.5117062053247695,0.6637946105706553,0.6643712332639233,False,fr,0.6677966101694915
deberta_full_klu_matern_kappa=3.0_nu=3.0_alpha_0.2,0.5114990158499948,0.6633902306252618,0.6639682240980058,False,fr,0.6677966101694915
deberta_full_klu_matern_kappa=3.0_nu=3.0_alpha_0.3,0.5106184605822024,0.6626558549813288,0.6632363378630355,False,fr,0.6677966101694915
deberta_full_klu_matern_kappa=3.0_nu=3.0_alpha_0.4,0.5102558790013467,0.6625982848805672,0.6631789629151575,False,fr,0.6677966101694915
deberta_full_klu_matern_kappa=3.0_nu=3.0_alpha_0.5,0.5103076763700404,0.6625528638201306,0.6631336958244175,False,fr,0.6677966101694915
deberta_full_klu_matern_kappa=3.0_nu=3.0_alpha_0.6,0.5091681342587797,0.6614548308661963,0.6620393850160896,False,fr,0.6677966101694915
deberta_full_klu_matern_kappa=3.0_nu=3.0_alpha_0.7,0.508650160571843,0.6611306035260942,0.6617162567517167,False,fr,0.6677966101694915
deberta_full_klu_matern_kappa=3.0_nu=3.0_alpha_0.8,0.5082357816222935,0.661223001834087,0.6618083418451063,False,fr,0.6677966101694915
deberta_full_klu_matern_kappa=3.0_nu=3.0_alpha_0.9,0.5063192789806278,0.6603173321135039,0.6609057421913724,False,fr,0.6677966101694915
deberta_full_klu_matern_kappa=3.0_nu=3.0_alpha_1.0,0.5,0.6696469989398978,0.6702037830285245,False,fr,0.6677966101694915
deberta_full_klu_maternn_kappa=3.0_nu=3.0_alpha_0.0,0.5119651921682379,0.6648291468404162,0.6654022626310749,False,fr,0.6677966101694915
deberta_full_klu_maternn_kappa=3.0_nu=3.0_alpha_0.1,0.5110328395317517,0.6642738250620484,0.6648488232994135,False,fr,0.6677966101694915
deberta_full_klu_maternn_kappa=3.0_nu=3.0_alpha_0.2,0.5105666632135087,0.6636246376354866,0.664201836508196,False,fr,0.6677966101694915
deberta_full_klu_maternn_kappa=3.0_nu=3.0_alpha_0.3,0.509582513208329,0.6627850690167592,0.6633651138847861,False,fr,0.6677966101694915
deberta_full_klu_maternn_kappa=3.0_nu=3.0_alpha_0.4,0.5088055526779239,0.6625304336074399,0.6631113416463461,False,fr,0.6677966101694915
deberta_full_klu_maternn_kappa=3.0_nu=3.0_alpha_0.5,0.5076142131979695,0.6620143982154181,0.6625970555268396,False,fr,0.6677966101694915
deberta_full_klu_maternn_kappa=3.0_nu=3.0_alpha_0.6,0.5056977105563037,0.6606707168308803,0.6612579289944527,False,fr,0.6677966101694915
deberta_full_klu_maternn_kappa=3.0_nu=3.0_alpha_0.7,0.5038330052833316,0.6597888484368035,0.6603790499847627,False,fr,0.6677966101694915
deberta_full_klu_maternn_kappa=3.0_nu=3.0_alpha_0.8,0.5018647052729721,0.6594224010408927,0.6600138447834143,False,fr,0.6677966101694915
deberta_full_klu_maternn_kappa=3.0_nu=3.0_alpha_0.9,0.49917124210090125,0.6585308249101105,0.6591252909446008,False,fr,0.6677966101694915
deberta_full_klu_maternn_kappa=3.0_nu=3.0_alpha_1.0,0.5,0.6696469989398978,0.6702037830285245,False,fr,0.6677966101694915
heat_t=0.1_kernel_entropy_s,0.6676223776223776,0.5683694276663138,0.5688845787015155,True,ja,0.4406779661016949
heat_t=0.1_kernel_entropy,0.6676223776223776,0.5683694276663138,0.5688845787015155,True,ja,0.4406779661016949
heatn_t=0.1_kernel_entropy_s,0.35363636363636364,0.34833847151084585,0.347904574939795,True,ja,0.4406779661016949
heatn_t=0.1_kernel_entropy,0.35363636363636364,0.34833847151084585,0.347904574939795,True,ja,0.4406779661016949
heat_t=0.2_kernel_entropy_s,0.6717249417249418,0.5713492271121903,0.5718542771323213,True,ja,0.4406779661016949
heat_t=0.2_kernel_entropy,0.6717249417249418,0.5713492271121903,0.5718542771323213,True,ja,0.4406779661016949
heatn_t=0.2_kernel_entropy_s,0.3545454545454545,0.348312657483666,0.347878848417792,True,ja,0.4406779661016949
heatn_t=0.2_kernel_entropy,0.3545454545454545,0.348312657483666,0.347878848417792,True,ja,0.4406779661016949
heat_t=0.3_kernel_entropy_s,0.6736596736596737,0.5716914512705864,0.5721953412088246,True,ja,0.4406779661016949
heat_t=0.3_kernel_entropy,0.6736596736596737,0.5716914512705864,0.5721953412088246,True,ja,0.4406779661016949
heatn_t=0.3_kernel_entropy_s,0.35638694638694635,0.34931085663665656,0.34887366384484025,True,ja,0.4406779661016949
heatn_t=0.3_kernel_entropy,0.35638694638694635,0.34931085663665656,0.34887366384484025,True,ja,0.4406779661016949
heat_t=0.4_kernel_entropy_s,0.6746853146853147,0.5719765938548289,0.5724795172080358,True,ja,0.4406779661016949
heat_t=0.4_kernel_entropy,0.6746853146853147,0.5719765938548289,0.5724795172080358,True,ja,0.4406779661016949
heatn_t=0.4_kernel_entropy_s,0.35808857808857814,0.35189088411537156,0.35144494546769517,True,ja,0.4406779661016949
heatn_t=0.4_kernel_entropy,0.35808857808857814,0.35189088411537156,0.35144494546769517,True,ja,0.4406779661016949
heat_t=0.5_kernel_entropy_s,0.6757808857808858,0.5747937388140972,0.5752871125233744,True,ja,0.4406779661016949
heat_t=0.5_kernel_entropy,0.6757808857808858,0.5747937388140972,0.5752871125233744,True,ja,0.4406779661016949
heatn_t=0.5_kernel_entropy_s,0.3604428904428904,0.3556581770322167,0.35689438315431365,True,ja,0.4406779661016949
heatn_t=0.5_kernel_entropy,0.3604428904428904,0.3556581770322167,0.35689438315431365,True,ja,0.4406779661016949
heat_t=0.6_kernel_entropy_s,0.6761305361305361,0.5744050901953385,0.5748997813575606,True,ja,0.4406779661016949
heat_t=0.6_kernel_entropy,0.6761305361305361,0.5744050901953385,0.5748997813575606,True,ja,0.4406779661016949
heatn_t=0.6_kernel_entropy_s,0.36286713286713285,0.3576251857702613,0.3588547240661277,True,ja,0.4406779661016949
heatn_t=0.6_kernel_entropy,0.36286713286713285,0.3576251857702613,0.3588547240661277,True,ja,0.4406779661016949
heat_t=0.7_kernel_entropy_s,0.6754778554778555,0.5716561317144531,0.5721601413800003,True,ja,0.4406779661016949
heat_t=0.7_kernel_entropy,0.6754778554778555,0.5716561317144531,0.5721601413800003,True,ja,0.4406779661016949
heatn_t=0.7_kernel_entropy_s,0.36634032634032637,0.3626350157686483,0.3638475715899439,True,ja,0.4406779661016949
heatn_t=0.7_kernel_entropy,0.36634032634032637,0.3626350157686483,0.3638475715899439,True,ja,0.4406779661016949
matern_kappa=1.0_nu=1.0_kernel_entropy_s,0.6832867132867133,0.5779389834056534,0.5784216952688573,True,ja,0.4406779661016949
matern_kappa=1.0_nu=1.0_kernel_entropy,0.6832867132867133,0.5779389834056534,0.5784216952688573,True,ja,0.4406779661016949
maternn_kappa=1.0_nu=1.0_kernel_entropy_s,0.366013986013986,0.3608985126509348,0.3621169549234769,True,ja,0.4406779661016949
maternn_kappa=1.0_nu=1.0_kernel_entropy,0.366013986013986,0.3608985126509348,0.3621169549234769,True,ja,0.4406779661016949
matern_kappa=1.0_nu=2.0_kernel_entropy_s,0.6796736596736597,0.5743888032389598,0.5748835496112034,True,ja,0.4406779661016949
matern_kappa=1.0_nu=2.0_kernel_entropy,0.6796736596736597,0.5743888032389598,0.5748835496112034,True,ja,0.4406779661016949
maternn_kappa=1.0_nu=2.0_kernel_entropy_s,0.3633100233100233,0.35821047939570994,0.3594380336453884,True,ja,0.4406779661016949
maternn_kappa=1.0_nu=2.0_kernel_entropy,0.3633100233100233,0.35821047939570994,0.3594380336453884,True,ja,0.4406779661016949
matern_kappa=1.0_nu=3.0_kernel_entropy_s,0.6780885780885781,0.5738105010088139,0.5743072077276005,True,ja,0.4406779661016949
matern_kappa=1.0_nu=3.0_kernel_entropy,0.6780885780885781,0.5738105010088139,0.5743072077276005,True,ja,0.4406779661016949
maternn_kappa=1.0_nu=3.0_kernel_entropy_s,0.36291375291375294,0.3580718906982604,0.3592999147401335,True,ja,0.4406779661016949
maternn_kappa=1.0_nu=3.0_kernel_entropy,0.36291375291375294,0.3580718906982604,0.3592999147401335,True,ja,0.4406779661016949
matern_kappa=2.0_nu=1.0_kernel_entropy_s,0.6755244755244756,0.5718522199231567,0.5723555648829116,True,ja,0.4406779661016949
matern_kappa=2.0_nu=1.0_kernel_entropy,0.6755244755244756,0.5718522199231567,0.5723555648829116,True,ja,0.4406779661016949
maternn_kappa=2.0_nu=1.0_kernel_entropy_s,0.4641491841491841,0.41938300287525443,0.4204031926385615,True,ja,0.4406779661016949
maternn_kappa=2.0_nu=1.0_kernel_entropy,0.4641491841491841,0.41938300287525443,0.4204031926385615,True,ja,0.4406779661016949
matern_kappa=2.0_nu=2.0_kernel_entropy_s,0.6691375291375291,0.5689743928328679,0.5694874931386915,True,ja,0.4406779661016949
matern_kappa=2.0_nu=2.0_kernel_entropy,0.6691375291375291,0.5689743928328679,0.5694874931386915,True,ja,0.4406779661016949
maternn_kappa=2.0_nu=2.0_kernel_entropy_s,0.49818181818181817,0.433463605870343,0.4344360647760397,True,ja,0.4406779661016949
maternn_kappa=2.0_nu=2.0_kernel_entropy,0.49818181818181817,0.433463605870343,0.4344360647760397,True,ja,0.4406779661016949
matern_kappa=2.0_nu=3.0_kernel_entropy_s,0.6652214452214452,0.5654791030371888,0.5660040517829977,True,ja,0.4406779661016949
matern_kappa=2.0_nu=3.0_kernel_entropy,0.6652214452214452,0.5654791030371888,0.5660040517829977,True,ja,0.4406779661016949
maternn_kappa=2.0_nu=3.0_kernel_entropy_s,0.5189277389277389,0.4447220452652031,0.4456563399695612,True,ja,0.4406779661016949
maternn_kappa=2.0_nu=3.0_kernel_entropy,0.5189277389277389,0.4447220452652031,0.4456563399695612,True,ja,0.4406779661016949
matern_kappa=3.0_nu=1.0_kernel_entropy_s,0.6638228438228437,0.5640274515464925,0.5645573211448122,True,ja,0.4406779661016949
matern_kappa=3.0_nu=1.0_kernel_entropy,0.6638228438228437,0.5640274515464925,0.5645573211448122,True,ja,0.4406779661016949
maternn_kappa=3.0_nu=1.0_kernel_entropy_s,0.5999533799533799,0.48820623487595033,0.48899312554772967,True,ja,0.4406779661016949
maternn_kappa=3.0_nu=1.0_kernel_entropy,0.5999533799533799,0.48820623487595033,0.48899312554772967,True,ja,0.4406779661016949
matern_kappa=3.0_nu=2.0_kernel_entropy_s,0.6423776223776223,0.551208364584474,0.5517816887148684,True,ja,0.4406779661016949
matern_kappa=3.0_nu=2.0_kernel_entropy,0.6423776223776223,0.551208364584474,0.5517816887148684,True,ja,0.4406779661016949
maternn_kappa=3.0_nu=2.0_kernel_entropy_s,0.6262703962703963,0.5443377814508348,0.5449343956935466,True,ja,0.4406779661016949
maternn_kappa=3.0_nu=2.0_kernel_entropy,0.6262703962703963,0.5443377814508348,0.5449343956935466,True,ja,0.4406779661016949
matern_kappa=3.0_nu=3.0_kernel_entropy_s,0.6297435897435898,0.5430369123039773,0.5436379362726107,True,ja,0.4406779661016949
matern_kappa=3.0_nu=3.0_kernel_entropy,0.6297435897435898,0.5430369123039773,0.5436379362726107,True,ja,0.4406779661016949
maternn_kappa=3.0_nu=3.0_kernel_entropy_s,0.635104895104895,0.5501962891357473,0.5507730440303747,True,ja,0.4406779661016949
maternn_kappa=3.0_nu=3.0_kernel_entropy,0.635104895104895,0.5501962891357473,0.5507730440303747,True,ja,0.4406779661016949
weighted_heat_t=0.1_kernel_entropy_s,0.688065268065268,0.5901057988926965,0.5905472673135714,True,ja,0.4406779661016949
weighted_heat_t=0.1_kernel_entropy,0.688065268065268,0.5901057988926965,0.5905472673135714,True,ja,0.4406779661016949
weighted_heatn_t=0.1_kernel_entropy_s,0.3493473193473194,0.3408276625922867,0.3404192263904513,True,ja,0.4406779661016949
weighted_heatn_t=0.1_kernel_entropy,0.3493473193473194,0.3408276625922867,0.3404192263904513,True,ja,0.4406779661016949
weighted_heat_t=0.2_kernel_entropy_s,0.6818181818181819,0.5848377436157726,0.5852970698511457,True,ja,0.4406779661016949
weighted_heat_t=0.2_kernel_entropy,0.6818181818181819,0.5848377436157726,0.5852970698511457,True,ja,0.4406779661016949
weighted_heatn_t=0.2_kernel_entropy_s,0.34960372960372954,0.3414024197314406,0.34099203520032,True,ja,0.4406779661016949
weighted_heatn_t=0.2_kernel_entropy,0.34960372960372954,0.3414024197314406,0.34099203520032,True,ja,0.4406779661016949
weighted_heat_t=0.3_kernel_entropy_s,0.6706759906759907,0.5758288442513662,0.5763187091286525,True,ja,0.4406779661016949
weighted_heat_t=0.3_kernel_entropy,0.6706759906759907,0.5758288442513662,0.5763187091286525,True,ja,0.4406779661016949
weighted_heatn_t=0.3_kernel_entropy_s,0.3499300699300699,0.3418108335151262,0.3413990645305015,True,ja,0.4406779661016949
weighted_heatn_t=0.3_kernel_entropy,0.3499300699300699,0.3418108335151262,0.3413990645305015,True,ja,0.4406779661016949
weighted_heat_t=0.4_kernel_entropy_s,0.656969696969697,0.5636959754815061,0.5642269687275038,True,ja,0.4406779661016949
weighted_heat_t=0.4_kernel_entropy,0.656969696969697,0.5636959754815061,0.5642269687275038,True,ja,0.4406779661016949
weighted_heatn_t=0.4_kernel_entropy_s,0.3502097902097902,0.34398431828533194,0.3435651815557236,True,ja,0.4406779661016949
weighted_heatn_t=0.4_kernel_entropy,0.3502097902097902,0.34398431828533194,0.3435651815557236,True,ja,0.4406779661016949
weighted_heat_t=0.5_kernel_entropy_s,0.6468531468531469,0.5552308075573179,0.5557904962878044,True,ja,0.4406779661016949
weighted_heat_t=0.5_kernel_entropy,0.6468531468531469,0.5552308075573179,0.5557904962878044,True,ja,0.4406779661016949
weighted_heatn_t=0.5_kernel_entropy_s,0.3498834498834499,0.34374491402454466,0.3433265888348034,True,ja,0.4406779661016949
weighted_heatn_t=0.5_kernel_entropy,0.3498834498834499,0.34374491402454466,0.3433265888348034,True,ja,0.4406779661016949
weighted_heat_t=0.6_kernel_entropy_s,0.6347319347319347,0.5453863254142582,0.5459793852706535,True,ja,0.4406779661016949
weighted_heat_t=0.6_kernel_entropy,0.6347319347319347,0.5453863254142582,0.5459793852706535,True,ja,0.4406779661016949
weighted_heatn_t=0.6_kernel_entropy_s,0.35004662004662007,0.3444508812644112,0.34403016296538214,True,ja,0.4406779661016949
weighted_heatn_t=0.6_kernel_entropy,0.35004662004662007,0.3444508812644112,0.34403016296538214,True,ja,0.4406779661016949
weighted_heat_t=0.7_kernel_entropy_s,0.6255944055944056,0.53977182818966,0.5403839202400368,True,ja,0.4406779661016949
weighted_heat_t=0.7_kernel_entropy,0.6255944055944056,0.53977182818966,0.5403839202400368,True,ja,0.4406779661016949
weighted_heatn_t=0.7_kernel_entropy_s,0.3497202797202797,0.34482687525740396,0.3444048824024665,True,ja,0.4406779661016949
weighted_heatn_t=0.7_kernel_entropy,0.3497202797202797,0.34482687525740396,0.3444048824024665,True,ja,0.4406779661016949
weighted_matern_kappa=1.0_nu=1.0_kernel_entropy_s,0.6732167832167832,0.578169148080359,0.5786510797243268,True,ja,0.4406779661016949
weighted_matern_kappa=1.0_nu=1.0_kernel_entropy,0.6732167832167832,0.578169148080359,0.5786510797243268,True,ja,0.4406779661016949
weighted_maternn_kappa=1.0_nu=1.0_kernel_entropy_s,0.3504895104895105,0.3453393782808386,0.34491564812751657,True,ja,0.4406779661016949
weighted_maternn_kappa=1.0_nu=1.0_kernel_entropy,0.3504895104895105,0.3453393782808386,0.34491564812751657,True,ja,0.4406779661016949
weighted_matern_kappa=1.0_nu=2.0_kernel_entropy_s,0.6696503496503496,0.5751896365131229,0.5756816681963016,True,ja,0.4406779661016949
weighted_matern_kappa=1.0_nu=2.0_kernel_entropy,0.6696503496503496,0.5751896365131229,0.5756816681963016,True,ja,0.4406779661016949
weighted_maternn_kappa=1.0_nu=2.0_kernel_entropy_s,0.3503030303030303,0.3446531735285421,0.3442317694930245,True,ja,0.4406779661016949
weighted_maternn_kappa=1.0_nu=2.0_kernel_entropy,0.3503030303030303,0.3446531735285421,0.3442317694930245,True,ja,0.4406779661016949
weighted_matern_kappa=1.0_nu=3.0_kernel_entropy_s,0.6663636363636364,0.5720932478695577,0.5725957757854264,True,ja,0.4406779661016949
weighted_matern_kappa=1.0_nu=3.0_kernel_entropy,0.6663636363636364,0.5720932478695577,0.5725957757854264,True,ja,0.4406779661016949
weighted_maternn_kappa=1.0_nu=3.0_kernel_entropy_s,0.3500699300699301,0.34454878972924896,0.3441277395371188,True,ja,0.4406779661016949
weighted_maternn_kappa=1.0_nu=3.0_kernel_entropy,0.3500699300699301,0.34454878972924896,0.3441277395371188,True,ja,0.4406779661016949
weighted_matern_kappa=2.0_nu=1.0_kernel_entropy_s,0.6526806526806527,0.565031562099991,0.5655580279337227,True,ja,0.4406779661016949
weighted_matern_kappa=2.0_nu=1.0_kernel_entropy,0.6526806526806527,0.565031562099991,0.5655580279337227,True,ja,0.4406779661016949
weighted_maternn_kappa=2.0_nu=1.0_kernel_entropy_s,0.34529137529137527,0.3512876770323553,0.35253869840868907,True,ja,0.4406779661016949
weighted_maternn_kappa=2.0_nu=1.0_kernel_entropy,0.34529137529137527,0.3512876770323553,0.35253869840868907,True,ja,0.4406779661016949
weighted_matern_kappa=2.0_nu=2.0_kernel_entropy_s,0.6305827505827506,0.5542269172742638,0.554790009022659,True,ja,0.4406779661016949
weighted_matern_kappa=2.0_nu=2.0_kernel_entropy,0.6305827505827506,0.5542269172742638,0.554790009022659,True,ja,0.4406779661016949
weighted_maternn_kappa=2.0_nu=2.0_kernel_entropy_s,0.3768065268065268,0.3650904133200979,0.3662946457598632,True,ja,0.4406779661016949
weighted_maternn_kappa=2.0_nu=2.0_kernel_entropy,0.3768065268065268,0.3650904133200979,0.3662946457598632,True,ja,0.4406779661016949
weighted_matern_kappa=2.0_nu=3.0_kernel_entropy_s,0.612960372960373,0.5466267868201382,0.5472156417226152,True,ja,0.4406779661016949
weighted_matern_kappa=2.0_nu=3.0_kernel_entropy,0.612960372960373,0.5466267868201382,0.5472156417226152,True,ja,0.4406779661016949
weighted_maternn_kappa=2.0_nu=3.0_kernel_entropy_s,0.39540792540792546,0.3710369843711758,0.3722210589429713,True,ja,0.4406779661016949
weighted_maternn_kappa=2.0_nu=3.0_kernel_entropy,0.39540792540792546,0.3710369843711758,0.3722210589429713,True,ja,0.4406779661016949
weighted_matern_kappa=3.0_nu=1.0_kernel_entropy_s,0.638974358974359,0.5580472802718053,0.5585974216371579,True,ja,0.4406779661016949
weighted_matern_kappa=3.0_nu=1.0_kernel_entropy,0.638974358974359,0.5580472802718053,0.5585974216371579,True,ja,0.4406779661016949
weighted_maternn_kappa=3.0_nu=1.0_kernel_entropy_s,0.5477855477855478,0.4592655309039444,0.45845561040274746,True,ja,0.4406779661016949
weighted_maternn_kappa=3.0_nu=1.0_kernel_entropy,0.5477855477855478,0.4592655309039444,0.45845561040274746,True,ja,0.4406779661016949
weighted_matern_kappa=3.0_nu=2.0_kernel_entropy_s,0.6030769230769231,0.5440470099755835,0.5446446098843132,True,ja,0.4406779661016949
weighted_matern_kappa=3.0_nu=2.0_kernel_entropy,0.6030769230769231,0.5440470099755835,0.5446446098843132,True,ja,0.4406779661016949
weighted_maternn_kappa=3.0_nu=2.0_kernel_entropy_s,0.5766666666666667,0.49268700261861903,0.4917637889929655,True,ja,0.4406779661016949
weighted_maternn_kappa=3.0_nu=2.0_kernel_entropy,0.5766666666666667,0.49268700261861903,0.4917637889929655,True,ja,0.4406779661016949
weighted_matern_kappa=3.0_nu=3.0_kernel_entropy_s,0.5882051282051282,0.5366502639349224,0.5372729375590443,True,ja,0.4406779661016949
weighted_matern_kappa=3.0_nu=3.0_kernel_entropy,0.5882051282051282,0.5366502639349224,0.5372729375590443,True,ja,0.4406779661016949
weighted_maternn_kappa=3.0_nu=3.0_kernel_entropy_s,0.5815850815850816,0.49976559940783344,0.49881839053882665,True,ja,0.4406779661016949
weighted_maternn_kappa=3.0_nu=3.0_kernel_entropy,0.5815850815850816,0.49976559940783344,0.49881839053882665,True,ja,0.4406779661016949
weighted_deberta_heat_t=0.1_kernel_entropy_s,0.6867132867132867,0.5994499456555447,0.5998597390026473,True,ja,0.4406779661016949
weighted_deberta_heat_t=0.1_kernel_entropy,0.6867132867132867,0.5994499456555447,0.5998597390026473,True,ja,0.4406779661016949
weighted_deberta_heatn_t=0.1_kernel_entropy_s,0.397016317016317,0.3879205885008146,0.3890474305162384,True,ja,0.4406779661016949
weighted_deberta_heatn_t=0.1_kernel_entropy,0.397016317016317,0.3879205885008146,0.3890474305162384,True,ja,0.4406779661016949
weighted_deberta_heat_t=0.2_kernel_entropy_s,0.6837762237762238,0.5971830505043665,0.5976005282418121,True,ja,0.4406779661016949
weighted_deberta_heat_t=0.2_kernel_entropy,0.6837762237762238,0.5971830505043665,0.5976005282418121,True,ja,0.4406779661016949
weighted_deberta_heatn_t=0.2_kernel_entropy_s,0.3977156177156177,0.38826089583704904,0.38938658426828227,True,ja,0.4406779661016949
weighted_deberta_heatn_t=0.2_kernel_entropy,0.3977156177156177,0.38826089583704904,0.38938658426828227,True,ja,0.4406779661016949
weighted_deberta_heat_t=0.3_kernel_entropy_s,0.677016317016317,0.5928025925845659,0.5932349193319092,True,ja,0.4406779661016949
weighted_deberta_heat_t=0.3_kernel_entropy,0.677016317016317,0.5928025925845659,0.5932349193319092,True,ja,0.4406779661016949
weighted_deberta_heatn_t=0.3_kernel_entropy_s,0.3983216783216783,0.3905204819249005,0.3916385107422766,True,ja,0.4406779661016949
weighted_deberta_heatn_t=0.3_kernel_entropy,0.3983216783216783,0.3905204819249005,0.3916385107422766,True,ja,0.4406779661016949
weighted_deberta_heat_t=0.4_kernel_entropy_s,0.6686713286713286,0.5867299773608337,0.5871828892445287,True,ja,0.4406779661016949
weighted_deberta_heat_t=0.4_kernel_entropy,0.6686713286713286,0.5867299773608337,0.5871828892445287,True,ja,0.4406779661016949
weighted_deberta_heatn_t=0.4_kernel_entropy_s,0.39944055944055945,0.39213497255193935,0.39324752851973216,True,ja,0.4406779661016949
weighted_deberta_heatn_t=0.4_kernel_entropy,0.39944055944055945,0.39213497255193935,0.39324752851973216,True,ja,0.4406779661016949
weighted_deberta_heat_t=0.5_kernel_entropy_s,0.6570629370629371,0.5783078580095155,0.5787893194503335,True,ja,0.4406779661016949
weighted_deberta_heat_t=0.5_kernel_entropy,0.6570629370629371,0.5783078580095155,0.5787893194503335,True,ja,0.4406779661016949
weighted_deberta_heatn_t=0.5_kernel_entropy_s,0.39990675990675995,0.39336480193189005,0.39447318898653055,True,ja,0.4406779661016949
weighted_deberta_heatn_t=0.5_kernel_entropy,0.39990675990675995,0.39336480193189005,0.39447318898653055,True,ja,0.4406779661016949
weighted_deberta_heat_t=0.6_kernel_entropy_s,0.6462937062937063,0.5713205913760762,0.5718257384664992,True,ja,0.4406779661016949
weighted_deberta_heat_t=0.6_kernel_entropy,0.6462937062937063,0.5713205913760762,0.5718257384664992,True,ja,0.4406779661016949
weighted_deberta_heatn_t=0.6_kernel_entropy_s,0.40074592074592075,0.3941931133905008,0.3952986926096884,True,ja,0.4406779661016949
weighted_deberta_heatn_t=0.6_kernel_entropy,0.40074592074592075,0.3941931133905008,0.3952986926096884,True,ja,0.4406779661016949
weighted_deberta_heat_t=0.7_kernel_entropy_s,0.6347785547785547,0.5635663742287149,0.5640978068009934,True,ja,0.4406779661016949
weighted_deberta_heat_t=0.7_kernel_entropy,0.6347785547785547,0.5635663742287149,0.5640978068009934,True,ja,0.4406779661016949
weighted_deberta_heatn_t=0.7_kernel_entropy_s,0.4000932400932401,0.39426370340039496,0.39536904333141343,True,ja,0.4406779661016949
weighted_deberta_heatn_t=0.7_kernel_entropy,0.4000932400932401,0.39426370340039496,0.39536904333141343,True,ja,0.4406779661016949
weighted_deberta_matern_kappa=1.0_nu=1.0_kernel_entropy_s,0.6684382284382285,0.588218454861283,0.5886663210585359,True,ja,0.4406779661016949
weighted_deberta_matern_kappa=1.0_nu=1.0_kernel_entropy,0.6684382284382285,0.588218454861283,0.5886663210585359,True,ja,0.4406779661016949
weighted_deberta_maternn_kappa=1.0_nu=1.0_kernel_entropy_s,0.4011188811188811,0.39481186439408955,0.39591534615224805,True,ja,0.4406779661016949
weighted_deberta_maternn_kappa=1.0_nu=1.0_kernel_entropy,0.4011188811188811,0.39481186439408955,0.39591534615224805,True,ja,0.4406779661016949
weighted_deberta_matern_kappa=1.0_nu=2.0_kernel_entropy_s,0.6682517482517483,0.5883166902128864,0.5887642234089473,True,ja,0.4406779661016949
weighted_deberta_matern_kappa=1.0_nu=2.0_kernel_entropy,0.6682517482517483,0.5883166902128864,0.5887642234089473,True,ja,0.4406779661016949
weighted_deberta_maternn_kappa=1.0_nu=2.0_kernel_entropy_s,0.40111888111888117,0.394616787469646,0.3957209305055145,True,ja,0.4406779661016949
weighted_deberta_maternn_kappa=1.0_nu=2.0_kernel_entropy,0.40111888111888117,0.394616787469646,0.3957209305055145,True,ja,0.4406779661016949
weighted_deberta_matern_kappa=1.0_nu=3.0_kernel_entropy_s,0.6674592074592074,0.5877589266219908,0.5882083505420886,True,ja,0.4406779661016949
weighted_deberta_matern_kappa=1.0_nu=3.0_kernel_entropy,0.6674592074592074,0.5877589266219908,0.5882083505420886,True,ja,0.4406779661016949
weighted_deberta_maternn_kappa=1.0_nu=3.0_kernel_entropy_s,0.4012587412587413,0.39441391522622693,0.39551874596461545,True,ja,0.4406779661016949
weighted_deberta_maternn_kappa=1.0_nu=3.0_kernel_entropy,0.4012587412587413,0.39441391522622693,0.39551874596461545,True,ja,0.4406779661016949
weighted_deberta_matern_kappa=2.0_nu=1.0_kernel_entropy_s,0.6422377622377622,0.5736499471561302,0.5741471981252647,True,ja,0.4406779661016949
weighted_deberta_matern_kappa=2.0_nu=1.0_kernel_entropy,0.6422377622377622,0.5736499471561302,0.5741471981252647,True,ja,0.4406779661016949
weighted_deberta_maternn_kappa=2.0_nu=1.0_kernel_entropy_s,0.4091375291375292,0.39178015320833837,0.3911989966993299,True,ja,0.4406779661016949
weighted_deberta_maternn_kappa=2.0_nu=1.0_kernel_entropy,0.4091375291375292,0.39178015320833837,0.3911989966993299,True,ja,0.4406779661016949
weighted_deberta_matern_kappa=2.0_nu=2.0_kernel_entropy_s,0.6253146853146854,0.5631077564587489,0.5636407436675356,True,ja,0.4406779661016949
weighted_deberta_matern_kappa=2.0_nu=2.0_kernel_entropy,0.6253146853146854,0.5631077564587489,0.5636407436675356,True,ja,0.4406779661016949
weighted_deberta_maternn_kappa=2.0_nu=2.0_kernel_entropy_s,0.41393939393939394,0.39186234584157736,0.39128091071347315,True,ja,0.4406779661016949
weighted_deberta_maternn_kappa=2.0_nu=2.0_kernel_entropy,0.41393939393939394,0.39186234584157736,0.39128091071347315,True,ja,0.4406779661016949
weighted_deberta_matern_kappa=2.0_nu=3.0_kernel_entropy_s,0.6088111888111887,0.552560899199681,0.553129638466973,True,ja,0.4406779661016949
weighted_deberta_matern_kappa=2.0_nu=3.0_kernel_entropy,0.6088111888111887,0.552560899199681,0.553129638466973,True,ja,0.4406779661016949
weighted_deberta_maternn_kappa=2.0_nu=3.0_kernel_entropy_s,0.42289044289044286,0.3950112918844487,0.39441918236297885,True,ja,0.4406779661016949
weighted_deberta_maternn_kappa=2.0_nu=3.0_kernel_entropy,0.42289044289044286,0.3950112918844487,0.39441918236297885,True,ja,0.4406779661016949
weighted_deberta_matern_kappa=3.0_nu=1.0_kernel_entropy_s,0.6266666666666667,0.5658971674076629,0.5664206989861145,True,ja,0.4406779661016949
weighted_deberta_matern_kappa=3.0_nu=1.0_kernel_entropy,0.6266666666666667,0.5658971674076629,0.5664206989861145,True,ja,0.4406779661016949
weighted_deberta_maternn_kappa=3.0_nu=1.0_kernel_entropy_s,0.45202797202797196,0.42648418402560306,0.4257853867341632,True,ja,0.4406779661016949
weighted_deberta_maternn_kappa=3.0_nu=1.0_kernel_entropy,0.45202797202797196,0.42648418402560306,0.4257853867341632,True,ja,0.4406779661016949
weighted_deberta_matern_kappa=3.0_nu=2.0_kernel_entropy_s,0.590955710955711,0.5448211232721648,0.5454160990680247,True,ja,0.4406779661016949
weighted_deberta_matern_kappa=3.0_nu=2.0_kernel_entropy,0.590955710955711,0.5448211232721648,0.5454160990680247,True,ja,0.4406779661016949
weighted_deberta_maternn_kappa=3.0_nu=2.0_kernel_entropy_s,0.47030303030303033,0.4560036080396689,0.4568996601583508,True,ja,0.4406779661016949
weighted_deberta_maternn_kappa=3.0_nu=2.0_kernel_entropy,0.47030303030303033,0.4560036080396689,0.4568996601583508,True,ja,0.4406779661016949
weighted_deberta_matern_kappa=3.0_nu=3.0_kernel_entropy_s,0.5682517482517482,0.5331195226873487,0.533754164925869,True,ja,0.4406779661016949
weighted_deberta_matern_kappa=3.0_nu=3.0_kernel_entropy,0.5682517482517482,0.5331195226873487,0.533754164925869,True,ja,0.4406779661016949
weighted_deberta_maternn_kappa=3.0_nu=3.0_kernel_entropy_s,0.4801864801864802,0.46272408938776316,0.4635973602137397,True,ja,0.4406779661016949
weighted_deberta_maternn_kappa=3.0_nu=3.0_kernel_entropy,0.4801864801864802,0.46272408938776316,0.4635973602137397,True,ja,0.4406779661016949
semantic_kernel_heat_t=0.1_alpha_0.0,0.6600466200466201,0.5518030464201396,0.5523743546799046,False,ja,0.4406779661016949
semantic_kernel_heat_t=0.1_alpha_0.1,0.6593939393939394,0.5509545789849295,0.551528763405492,False,ja,0.4406779661016949
semantic_kernel_heat_t=0.1_alpha_0.2,0.6565034965034966,0.5484395669678761,0.5490222768529031,False,ja,0.4406779661016949
semantic_kernel_heat_t=0.1_alpha_0.3,0.6545454545454545,0.5479214956585134,0.5485059617174705,False,ja,0.4406779661016949
semantic_kernel_heat_t=0.1_alpha_0.4,0.6541491841491842,0.5448405069932569,0.5454354170815878,False,ja,0.4406779661016949
semantic_kernel_heat_t=0.1_alpha_0.5,0.6563170163170164,0.5484327892459926,0.549015522106348,False,ja,0.4406779661016949
semantic_kernel_heat_t=0.1_alpha_0.6,0.6523776223776224,0.5425313653456375,0.5431341030327739,False,ja,0.4406779661016949
semantic_kernel_heat_t=0.1_alpha_0.7,0.6488111888111887,0.5457754148280647,0.5463671557372944,False,ja,0.4406779661016949
semantic_kernel_heat_t=0.1_alpha_0.8,0.6454778554778555,0.5386056571809832,0.5392217023534235,False,ja,0.4406779661016949
semantic_kernel_heat_t=0.1_alpha_0.9,0.6425641025641026,0.5414732914063922,0.5420796157848479,False,ja,0.4406779661016949
semantic_kernel_heat_t=0.1_alpha_1.0,0.643006993006993,0.5428883658381705,0.5434898933541455,False,ja,0.4406779661016949
semantic_kernel_heatn_t=0.1_alpha_0.0,0.6600466200466201,0.5518030464201396,0.5523743546799046,False,ja,0.4406779661016949
semantic_kernel_heatn_t=0.1_alpha_0.1,0.6596270396270397,0.5513664253457485,0.5519392136769523,False,ja,0.4406779661016949
semantic_kernel_heatn_t=0.1_alpha_0.2,0.655897435897436,0.5481994868729185,0.5487830105887759,False,ja,0.4406779661016949
semantic_kernel_heatn_t=0.1_alpha_0.3,0.6542191142191143,0.5479264464263583,0.5485108957030514,False,ja,0.4406779661016949
semantic_kernel_heatn_t=0.1_alpha_0.4,0.6532634032634033,0.5448279304436757,0.545422883164378,False,ja,0.4406779661016949
semantic_kernel_heatn_t=0.1_alpha_0.5,0.6533799533799535,0.5473210235561671,0.5479075251137762,False,ja,0.4406779661016949
semantic_kernel_heatn_t=0.1_alpha_0.6,0.6532634032634033,0.5445592013697881,0.5451550650365035,False,ja,0.4406779661016949
semantic_kernel_heatn_t=0.1_alpha_0.7,0.6534731934731934,0.5504631563377433,0.5510390065977877,False,ja,0.4406779661016949
semantic_kernel_heatn_t=0.1_alpha_0.8,0.6534498834498834,0.5447554224226814,0.5453506209332855,False,ja,0.4406779661016949
semantic_kernel_heatn_t=0.1_alpha_0.9,0.6533333333333333,0.5502072970813013,0.5507840146608591,False,ja,0.4406779661016949
semantic_kernel_heatn_t=0.1_alpha_1.0,0.6306293706293706,0.5344574215396558,0.5350875285278293,False,ja,0.4406779661016949
semantic_kernel_heat_t=0.2_alpha_0.0,0.6600466200466201,0.5518030464201396,0.5523743546799046,False,ja,0.4406779661016949
semantic_kernel_heat_t=0.2_alpha_0.1,0.6597668997668998,0.551285506299624,0.551858568932679,False,ja,0.4406779661016949
semantic_kernel_heat_t=0.2_alpha_0.2,0.6573426573426573,0.5490626112502609,0.5496432091207714,False,ja,0.4406779661016949
semantic_kernel_heat_t=0.2_alpha_0.3,0.6555244755244755,0.5477366638248983,0.5483217564324439,False,ja,0.4406779661016949
semantic_kernel_heat_t=0.2_alpha_0.4,0.6534965034965035,0.5437923480667642,0.5443908112362018,False,ja,0.4406779661016949
semantic_kernel_heat_t=0.2_alpha_0.5,0.6502564102564102,0.5439635047710449,0.5445613877482646,False,ja,0.4406779661016949
semantic_kernel_heat_t=0.2_alpha_0.6,0.6466899766899767,0.5390060254426143,0.5396207134345066,False,ja,0.4406779661016949
semantic_kernel_heat_t=0.2_alpha_0.7,0.6406526806526807,0.5398954658132573,0.5405071387530459,False,ja,0.4406779661016949
semantic_kernel_heat_t=0.2_alpha_0.8,0.6353613053613054,0.5315165962512177,0.532156672138674,False,ja,0.4406779661016949
semantic_kernel_heat_t=0.2_alpha_0.9,0.631981351981352,0.5348857618375179,0.5355144168246817,False,ja,0.4406779661016949
semantic_kernel_heat_t=0.2_alpha_1.0,0.6293473193473194,0.5342237653892596,0.5348546644321802,False,ja,0.4406779661016949
semantic_kernel_heatn_t=0.2_alpha_0.0,0.6600466200466201,0.5518030464201396,0.5523743546799046,False,ja,0.4406779661016949
semantic_kernel_heatn_t=0.2_alpha_0.1,0.6596270396270397,0.5513664253457485,0.5519392136769523,False,ja,0.4406779661016949
semantic_kernel_heatn_t=0.2_alpha_0.2,0.655897435897436,0.5481994868729185,0.5487830105887759,False,ja,0.4406779661016949
semantic_kernel_heatn_t=0.2_alpha_0.3,0.6542191142191143,0.5479134846698985,0.5484979778847492,False,ja,0.4406779661016949
semantic_kernel_heatn_t=0.2_alpha_0.4,0.6532167832167831,0.5446232041295912,0.5452188508377989,False,ja,0.4406779661016949
semantic_kernel_heatn_t=0.2_alpha_0.5,0.6534731934731934,0.5471946639469998,0.547781593842267,False,ja,0.4406779661016949
semantic_kernel_heatn_t=0.2_alpha_0.6,0.6534498834498834,0.5446753670467769,0.5452708369315363,False,ja,0.4406779661016949
semantic_kernel_heatn_t=0.2_alpha_0.7,0.6536130536130536,0.55066398240579,0.5512391518995019,False,ja,0.4406779661016949
semantic_kernel_heatn_t=0.2_alpha_0.8,0.6534965034965035,0.5444484492359642,0.5450446883336417,False,ja,0.4406779661016949
semantic_kernel_heatn_t=0.2_alpha_0.9,0.6534265734265735,0.549109990677305,0.5496904279395883,False,ja,0.4406779661016949
semantic_kernel_heatn_t=0.2_alpha_1.0,0.6301631701631702,0.5342765461403116,0.5349072662654321,False,ja,0.4406779661016949
semantic_kernel_heat_t=0.3_alpha_0.0,0.6600466200466201,0.5518030464201396,0.5523743546799046,False,ja,0.4406779661016949
semantic_kernel_heat_t=0.3_alpha_0.1,0.6596736596736597,0.5512595979825139,0.5518327484403726,False,ja,0.4406779661016949
semantic_kernel_heat_t=0.3_alpha_0.2,0.6569230769230769,0.5490183565735334,0.549599104459897,False,ja,0.4406779661016949
semantic_kernel_heat_t=0.3_alpha_0.3,0.6557109557109557,0.5456162347862559,0.5462085152888477,False,ja,0.4406779661016949
semantic_kernel_heat_t=0.3_alpha_0.4,0.6517715617715617,0.5462108749022658,0.5468011396756509,False,ja,0.4406779661016949
semantic_kernel_heat_t=0.3_alpha_0.5,0.6467599067599068,0.5415478826743582,0.542153954201058,False,ja,0.4406779661016949
semantic_kernel_heat_t=0.3_alpha_0.6,0.6394172494172494,0.5350141619929237,0.5356423817253234,False,ja,0.4406779661016949
semantic_kernel_heat_t=0.3_alpha_0.7,0.6310955710955711,0.5345985661860476,0.5352281947177927,False,ja,0.4406779661016949
semantic_kernel_heat_t=0.3_alpha_0.8,0.6252447552447553,0.5245399144243673,0.5252036400807282,False,ja,0.4406779661016949
semantic_kernel_heat_t=0.3_alpha_0.9,0.6193006993006993,0.5286764932794157,0.529326196634573,False,ja,0.4406779661016949
semantic_kernel_heat_t=0.3_alpha_1.0,0.6132167832167832,0.5240994002464215,0.5247646191711822,False,ja,0.4406779661016949
semantic_kernel_heatn_t=0.3_alpha_0.0,0.6600466200466201,0.5518030464201396,0.5523743546799046,False,ja,0.4406779661016949
semantic_kernel_heatn_t=0.3_alpha_0.1,0.6596270396270397,0.5513664253457485,0.5519392136769523,False,ja,0.4406779661016949
semantic_kernel_heatn_t=0.3_alpha_0.2,0.655897435897436,0.5481994868729185,0.5487830105887759,False,ja,0.4406779661016949
semantic_kernel_heatn_t=0.3_alpha_0.3,0.6542657342657343,0.5479313865674996,0.5485158190979517,False,ja,0.4406779661016949
semantic_kernel_heatn_t=0.3_alpha_0.4,0.6532167832167832,0.5446078080378629,0.545203506936212,False,ja,0.4406779661016949
semantic_kernel_heatn_t=0.3_alpha_0.5,0.6535664335664336,0.5472171994302442,0.5478040529340428,False,ja,0.4406779661016949
semantic_kernel_heatn_t=0.3_alpha_0.6,0.6536829836829836,0.544905475981085,0.5455001658355587,False,ja,0.4406779661016949
semantic_kernel_heatn_t=0.3_alpha_0.7,0.6537529137529138,0.550130698992131,0.5507076762262282,False,ja,0.4406779661016949
semantic_kernel_heatn_t=0.3_alpha_0.8,0.6531235431235431,0.5439818441086874,0.5445796649186608,False,ja,0.4406779661016949
semantic_kernel_heatn_t=0.3_alpha_0.9,0.6523076923076924,0.5465029838653754,0.5470922584388856,False,ja,0.4406779661016949
semantic_kernel_heatn_t=0.3_alpha_1.0,0.6297902097902099,0.5334930102731781,0.5341263864520854,False,ja,0.4406779661016949
semantic_kernel_heat_t=0.4_alpha_0.0,0.6600466200466201,0.5518030464201396,0.5523743546799046,False,ja,0.4406779661016949
semantic_kernel_heat_t=0.4_alpha_0.1,0.6599999999999999,0.5513711455305312,0.5519439178611086,False,ja,0.4406779661016949
semantic_kernel_heat_t=0.4_alpha_0.2,0.6570629370629371,0.5491231338941792,0.5497035266031849,False,ja,0.4406779661016949
semantic_kernel_heat_t=0.4_alpha_0.3,0.6546386946386946,0.5455750582529876,0.5461674783370482,False,ja,0.4406779661016949
semantic_kernel_heat_t=0.4_alpha_0.4,0.64990675990676,0.5447871762141109,0.5453822670847438,False,ja,0.4406779661016949
semantic_kernel_heat_t=0.4_alpha_0.5,0.6430769230769231,0.5387062296096919,0.5393219338586451,False,ja,0.4406779661016949
semantic_kernel_heat_t=0.4_alpha_0.6,0.6340093240093241,0.5318760385081549,0.5325148959472826,False,ja,0.4406779661016949
semantic_kernel_heat_t=0.4_alpha_0.7,0.6274592074592075,0.533258332531606,0.5338925042282815,False,ja,0.4406779661016949
semantic_kernel_heat_t=0.4_alpha_0.8,0.6155944055944056,0.5208668328587741,0.5215430096390864,False,ja,0.4406779661016949
semantic_kernel_heat_t=0.4_alpha_0.9,0.6066200466200466,0.5201830642537296,0.5208615588937198,False,ja,0.4406779661016949
semantic_kernel_heat_t=0.4_alpha_1.0,0.5978321678321679,0.5177085026165199,0.518395385601043,False,ja,0.4406779661016949
semantic_kernel_heatn_t=0.4_alpha_0.0,0.6600466200466201,0.5518030464201396,0.5523743546799046,False,ja,0.4406779661016949
semantic_kernel_heatn_t=0.4_alpha_0.1,0.6596270396270397,0.5513664253457485,0.5519392136769523,False,ja,0.4406779661016949
semantic_kernel_heatn_t=0.4_alpha_0.2,0.6559906759906761,0.5482590833610864,0.54884240505495,False,ja,0.4406779661016949
semantic_kernel_heatn_t=0.4_alpha_0.3,0.6542657342657343,0.5477557728437492,0.5483408006749597,False,ja,0.4406779661016949
semantic_kernel_heatn_t=0.4_alpha_0.4,0.6533566433566433,0.5446668924043431,0.545262391016704,False,ja,0.4406779661016949
semantic_kernel_heatn_t=0.4_alpha_0.5,0.6536596736596737,0.547415220026217,0.548001402273758,False,ja,0.4406779661016949
semantic_kernel_heatn_t=0.4_alpha_0.6,0.6537762237762238,0.5446161823657827,0.5452118528765795,False,ja,0.4406779661016949
semantic_kernel_heatn_t=0.4_alpha_0.7,0.6534731934731935,0.5502788595191035,0.5508553345141264,False,ja,0.4406779661016949
semantic_kernel_heatn_t=0.4_alpha_0.8,0.6528438228438229,0.5435781965009914,0.5441773856079402,False,ja,0.4406779661016949
semantic_kernel_heatn_t=0.4_alpha_0.9,0.6480186480186481,0.5444404293653414,0.545036695649021,False,ja,0.4406779661016949
semantic_kernel_heatn_t=0.4_alpha_1.0,0.6299766899766901,0.5334708727225261,0.534104323943978,False,ja,0.4406779661016949
semantic_kernel_heat_t=0.5_alpha_0.0,0.6600466200466201,0.5518030464201396,0.5523743546799046,False,ja,0.4406779661016949
semantic_kernel_heat_t=0.5_alpha_0.1,0.6596736596736597,0.5512188573700425,0.5517921459316724,False,ja,0.4406779661016949
semantic_kernel_heat_t=0.5_alpha_0.2,0.6568298368298369,0.5488901164956218,0.5494712990941142,False,ja,0.4406779661016949
semantic_kernel_heat_t=0.5_alpha_0.3,0.6538927738927739,0.5455102274160765,0.5461028672656859,False,ja,0.4406779661016949
semantic_kernel_heat_t=0.5_alpha_0.4,0.6484615384615384,0.542856952926509,0.5434585869269304,False,ja,0.4406779661016949
semantic_kernel_heat_t=0.5_alpha_0.5,0.641025641025641,0.5375944691501084,0.5382139420785856,False,ja,0.4406779661016949
semantic_kernel_heat_t=0.5_alpha_0.6,0.6317249417249418,0.5305564199397532,0.5311997506621637,False,ja,0.4406779661016949
semantic_kernel_heat_t=0.5_alpha_0.7,0.622051282051282,0.531066104021877,0.5317077070016363,False,ja,0.4406779661016949
semantic_kernel_heat_t=0.5_alpha_0.8,0.6087878787878788,0.5184753090034953,0.5191595926443338,False,ja,0.4406779661016949
semantic_kernel_heat_t=0.5_alpha_0.9,0.5954312354312354,0.514679986182179,0.5153771353241066,False,ja,0.4406779661016949
semantic_kernel_heat_t=0.5_alpha_1.0,0.5842191142191142,0.511375060793462,0.5120834130723005,False,ja,0.4406779661016949
semantic_kernel_heatn_t=0.5_alpha_0.0,0.6600466200466201,0.5518030464201396,0.5523743546799046,False,ja,0.4406779661016949
semantic_kernel_heatn_t=0.5_alpha_0.1,0.6596270396270397,0.5513664253457485,0.5519392136769523,False,ja,0.4406779661016949
semantic_kernel_heatn_t=0.5_alpha_0.2,0.6560372960372961,0.5483330259816128,0.5489160970225255,False,ja,0.4406779661016949
semantic_kernel_heatn_t=0.5_alpha_0.3,0.6542191142191143,0.5477166767455399,0.5483018371058969,False,ja,0.4406779661016949
semantic_kernel_heatn_t=0.5_alpha_0.4,0.6533566433566433,0.5446812577606508,0.545276707676889,False,ja,0.4406779661016949
semantic_kernel_heatn_t=0.5_alpha_0.5,0.6535664335664335,0.5471298079913482,0.5477169577373127,False,ja,0.4406779661016949
semantic_kernel_heatn_t=0.5_alpha_0.6,0.6535897435897435,0.5443790370137132,0.5449755114070594,False,ja,0.4406779661016949
semantic_kernel_heatn_t=0.5_alpha_0.7,0.652913752913753,0.5495110879429537,0.5500901655534888,False,ja,0.4406779661016949
semantic_kernel_heatn_t=0.5_alpha_0.8,0.652983682983683,0.5428783688519367,0.5434799302560009,False,ja,0.4406779661016949
semantic_kernel_heatn_t=0.5_alpha_0.9,0.642890442890443,0.5411636366813601,0.5417710107368499,False,ja,0.4406779661016949
semantic_kernel_heatn_t=0.5_alpha_1.0,0.6297435897435898,0.5334240022265836,0.5340576123310726,False,ja,0.4406779661016949
semantic_kernel_heat_t=0.6_alpha_0.0,0.6600466200466201,0.5518030464201396,0.5523743546799046,False,ja,0.4406779661016949
semantic_kernel_heat_t=0.6_alpha_0.1,0.6593939393939394,0.5511089191718566,0.5516825804053447,False,ja,0.4406779661016949
semantic_kernel_heat_t=0.6_alpha_0.2,0.6563170163170162,0.5485134101216693,0.5490958696909207,False,ja,0.4406779661016949
semantic_kernel_heat_t=0.6_alpha_0.3,0.6535198135198135,0.545666996823384,0.5462591052512736,False,ja,0.4406779661016949
semantic_kernel_heat_t=0.6_alpha_0.4,0.6483216783216783,0.5435058013969613,0.5441052359110422,False,ja,0.4406779661016949
semantic_kernel_heat_t=0.6_alpha_0.5,0.64013986013986,0.5374676432070087,0.5380875460539369,False,ja,0.4406779661016949
semantic_kernel_heat_t=0.6_alpha_0.6,0.6298601398601399,0.530424557069138,0.5310683347843302,False,ja,0.4406779661016949
semantic_kernel_heat_t=0.6_alpha_0.7,0.6183682983682983,0.5283725783334864,0.5290233119087995,False,ja,0.4406779661016949
semantic_kernel_heat_t=0.6_alpha_0.8,0.6024941724941726,0.5144303936696291,0.5151283888878704,False,ja,0.4406779661016949
semantic_kernel_heat_t=0.6_alpha_0.9,0.5877855477855477,0.5135716323795132,0.5142725386529754,False,ja,0.4406779661016949
semantic_kernel_heat_t=0.6_alpha_1.0,0.5723076923076924,0.5069085474306014,0.5076320404327039,False,ja,0.4406779661016949
semantic_kernel_heatn_t=0.6_alpha_0.0,0.6600466200466201,0.5518030464201396,0.5523743546799046,False,ja,0.4406779661016949
semantic_kernel_heatn_t=0.6_alpha_0.1,0.6595804195804196,0.5513440479737471,0.5519169121604491,False,ja,0.4406779661016949
semantic_kernel_heatn_t=0.6_alpha_0.2,0.655944055944056,0.5481074586554457,0.5486912943313624,False,ja,0.4406779661016949
semantic_kernel_heatn_t=0.6_alpha_0.3,0.6541724941724942,0.5477041382118648,0.5482893410757257,False,ja,0.4406779661016949
semantic_kernel_heatn_t=0.6_alpha_0.4,0.653123543123543,0.5447097135277241,0.5453050669837347,False,ja,0.4406779661016949
semantic_kernel_heatn_t=0.6_alpha_0.5,0.6535198135198136,0.5470654231889991,0.5476527911885307,False,ja,0.4406779661016949
semantic_kernel_heatn_t=0.6_alpha_0.6,0.6532167832167832,0.5441689857071822,0.5447661721388557,False,ja,0.4406779661016949
semantic_kernel_heatn_t=0.6_alpha_0.7,0.6525407925407927,0.5489024208625888,0.5494835617513626,False,ja,0.4406779661016949
semantic_kernel_heatn_t=0.6_alpha_0.8,0.6519580419580419,0.5409165012541655,0.5415247130568661,False,ja,0.4406779661016949
semantic_kernel_heatn_t=0.6_alpha_0.9,0.637995337995338,0.5379881807370803,0.5386063190500082,False,ja,0.4406779661016949
semantic_kernel_heatn_t=0.6_alpha_1.0,0.6295571095571096,0.5333362071061366,0.5339701148212034,False,ja,0.4406779661016949
semantic_kernel_heat_t=0.7_alpha_0.0,0.6600466200466201,0.5518030464201396,0.5523743546799046,False,ja,0.4406779661016949
semantic_kernel_heat_t=0.7_alpha_0.1,0.6593006993006993,0.5510530519785235,0.5516269025923279,False,ja,0.4406779661016949
semantic_kernel_heat_t=0.7_alpha_0.2,0.6558508158508158,0.5481026765418182,0.5486865284282895,False,ja,0.4406779661016949
semantic_kernel_heat_t=0.7_alpha_0.3,0.6532400932400932,0.5453984721740723,0.5459914908550106,False,ja,0.4406779661016949
semantic_kernel_heat_t=0.7_alpha_0.4,0.6480885780885781,0.5439031814204367,0.5445012688835907,False,ja,0.4406779661016949
semantic_kernel_heat_t=0.7_alpha_0.5,0.6395337995337995,0.5375891850673944,0.5382086759080162,False,ja,0.4406779661016949
semantic_kernel_heat_t=0.7_alpha_0.6,0.6282750582750583,0.5300191558551692,0.5306643078117648,False,ja,0.4406779661016949
semantic_kernel_heat_t=0.7_alpha_0.7,0.6154778554778555,0.5277334477519436,0.5283863478716009,False,ja,0.4406779661016949
semantic_kernel_heat_t=0.7_alpha_0.8,0.5998834498834498,0.513217898674208,0.5139200040449762,False,ja,0.4406779661016949
semantic_kernel_heat_t=0.7_alpha_0.9,0.5821445221445222,0.5095804281260928,0.5102948639054988,False,ja,0.4406779661016949
semantic_kernel_heat_t=0.7_alpha_1.0,0.5644522144522145,0.5026945740917435,0.5034323517492318,False,ja,0.4406779661016949
semantic_kernel_heatn_t=0.7_alpha_0.0,0.6600466200466201,0.5518030464201396,0.5523743546799046,False,ja,0.4406779661016949
semantic_kernel_heatn_t=0.7_alpha_0.1,0.6595804195804197,0.5513503807585303,0.5519232234781652,False,ja,0.4406779661016949
semantic_kernel_heatn_t=0.7_alpha_0.2,0.655944055944056,0.5481074586554457,0.5486912943313624,False,ja,0.4406779661016949
semantic_kernel_heatn_t=0.7_alpha_0.3,0.6541258741258742,0.5476857377929584,0.5482710030311208,False,ja,0.4406779661016949
semantic_kernel_heatn_t=0.7_alpha_0.4,0.6530303030303031,0.5446363070924278,0.5452319093838123,False,ja,0.4406779661016949
semantic_kernel_heatn_t=0.7_alpha_0.5,0.6536130536130536,0.5468990895976362,0.5474870214398505,False,ja,0.4406779661016949
semantic_kernel_heatn_t=0.7_alpha_0.6,0.6527505827505828,0.5441732220786146,0.5447703941497071,False,ja,0.4406779661016949
semantic_kernel_heatn_t=0.7_alpha_0.7,0.6528671328671328,0.5495067334430833,0.5500858258146349,False,ja,0.4406779661016949
semantic_kernel_heatn_t=0.7_alpha_0.8,0.651025641025641,0.5400930122168067,0.5407040155077696,False,ja,0.4406779661016949
semantic_kernel_heatn_t=0.7_alpha_0.9,0.6346853146853146,0.5361022309737449,0.5367267623367181,False,ja,0.4406779661016949
semantic_kernel_heatn_t=0.7_alpha_1.0,0.6292307692307693,0.5332677272402307,0.5339018670904363,False,ja,0.4406779661016949
semantic_kernel_matern_kappa=1.0_nu=1.0_alpha_0.0,0.6600466200466201,0.5518030464201396,0.5523743546799046,False,ja,0.4406779661016949
semantic_kernel_matern_kappa=1.0_nu=1.0_alpha_0.1,0.6594405594405595,0.5510215362294058,0.5515954936762582,False,ja,0.4406779661016949
semantic_kernel_matern_kappa=1.0_nu=1.0_alpha_0.2,0.6565967365967367,0.548842339988729,0.5494236845414819,False,ja,0.4406779661016949
semantic_kernel_matern_kappa=1.0_nu=1.0_alpha_0.3,0.6546386946386946,0.548110880284299,0.5486947043614737,False,ja,0.4406779661016949
semantic_kernel_matern_kappa=1.0_nu=1.0_alpha_0.4,0.6527505827505827,0.542848223314696,0.5434498869070219,False,ja,0.4406779661016949
semantic_kernel_matern_kappa=1.0_nu=1.0_alpha_0.5,0.6518881118881119,0.5446446383984461,0.5452402124481153,False,ja,0.4406779661016949
semantic_kernel_matern_kappa=1.0_nu=1.0_alpha_0.6,0.6483216783216783,0.539657869614781,0.5402703479654116,False,ja,0.4406779661016949
semantic_kernel_matern_kappa=1.0_nu=1.0_alpha_0.7,0.642937062937063,0.5417060465870043,0.5423115819648479,False,ja,0.4406779661016949
semantic_kernel_matern_kappa=1.0_nu=1.0_alpha_0.8,0.6382051282051282,0.5327326579755718,0.5333686116198948,False,ja,0.4406779661016949
semantic_kernel_matern_kappa=1.0_nu=1.0_alpha_0.9,0.6348717948717949,0.537139345208399,0.5377603609298989,False,ja,0.4406779661016949
semantic_kernel_matern_kappa=1.0_nu=1.0_alpha_1.0,0.6328438228438228,0.5364314045895149,0.5370548201097227,False,ja,0.4406779661016949
semantic_kernel_maternn_kappa=1.0_nu=1.0_alpha_0.0,0.6600466200466201,0.5518030464201396,0.5523743546799046,False,ja,0.4406779661016949
semantic_kernel_maternn_kappa=1.0_nu=1.0_alpha_0.1,0.6596270396270397,0.5513664253457485,0.5519392136769523,False,ja,0.4406779661016949
semantic_kernel_maternn_kappa=1.0_nu=1.0_alpha_0.2,0.6560372960372961,0.5483330259816128,0.5489160970225255,False,ja,0.4406779661016949
semantic_kernel_maternn_kappa=1.0_nu=1.0_alpha_0.3,0.6541724941724942,0.5476987935302848,0.5482840145117104,False,ja,0.4406779661016949
semantic_kernel_maternn_kappa=1.0_nu=1.0_alpha_0.4,0.6533100233100233,0.5446570861266548,0.5452526179806348,False,ja,0.4406779661016949
semantic_kernel_maternn_kappa=1.0_nu=1.0_alpha_0.5,0.6535198135198136,0.5473369577621442,0.5479234053054958,False,ja,0.4406779661016949
semantic_kernel_maternn_kappa=1.0_nu=1.0_alpha_0.6,0.6536829836829837,0.5446574221818413,0.5452529528966515,False,ja,0.4406779661016949
semantic_kernel_maternn_kappa=1.0_nu=1.0_alpha_0.7,0.6531934731934732,0.550130515685078,0.5507074935405551,False,ja,0.4406779661016949
semantic_kernel_maternn_kappa=1.0_nu=1.0_alpha_0.8,0.6521911421911422,0.5431354924009724,0.5437361821997856,False,ja,0.4406779661016949
semantic_kernel_maternn_kappa=1.0_nu=1.0_alpha_0.9,0.6466666666666667,0.5430753603474492,0.5436762539837319,False,ja,0.4406779661016949
semantic_kernel_maternn_kappa=1.0_nu=1.0_alpha_1.0,0.6285780885780886,0.533051314386097,0.5336861878391979,False,ja,0.4406779661016949
semantic_kernel_matern_kappa=1.0_nu=2.0_alpha_0.0,0.6600466200466201,0.5518030464201396,0.5523743546799046,False,ja,0.4406779661016949
semantic_kernel_matern_kappa=1.0_nu=2.0_alpha_0.1,0.6597202797202797,0.5512524821307938,0.5518256567101838,False,ja,0.4406779661016949
semantic_kernel_matern_kappa=1.0_nu=2.0_alpha_0.2,0.6566899766899768,0.5489468560953428,0.5495278463562089,False,ja,0.4406779661016949
semantic_kernel_matern_kappa=1.0_nu=2.0_alpha_0.3,0.654918414918415,0.5456515299970446,0.5462436908548541,False,ja,0.4406779661016949
semantic_kernel_matern_kappa=1.0_nu=2.0_alpha_0.4,0.6514918414918416,0.5448614237332279,0.5454562629173555,False,ja,0.4406779661016949
semantic_kernel_matern_kappa=1.0_nu=2.0_alpha_0.5,0.648018648018648,0.5421092210366454,0.5427133897214393,False,ja,0.4406779661016949
semantic_kernel_matern_kappa=1.0_nu=2.0_alpha_0.6,0.641981351981352,0.536211434851486,0.5368355960318228,False,ja,0.4406779661016949
semantic_kernel_matern_kappa=1.0_nu=2.0_alpha_0.7,0.6351981351981353,0.5367495210200115,0.5373718581794379,False,ja,0.4406779661016949
semantic_kernel_matern_kappa=1.0_nu=2.0_alpha_0.8,0.6280885780885781,0.527039021050127,0.5276942751586039,False,ja,0.4406779661016949
semantic_kernel_matern_kappa=1.0_nu=2.0_alpha_0.9,0.6238228438228439,0.5307518550905,0.531394523320874,False,ja,0.4406779661016949
semantic_kernel_matern_kappa=1.0_nu=2.0_alpha_1.0,0.6207925407925408,0.5292288389731139,0.5298766699699876,False,ja,0.4406779661016949
semantic_kernel_maternn_kappa=1.0_nu=2.0_alpha_0.0,0.6600466200466201,0.5518030464201396,0.5523743546799046,False,ja,0.4406779661016949
semantic_kernel_maternn_kappa=1.0_nu=2.0_alpha_0.1,0.6596270396270397,0.5513664253457485,0.5519392136769523,False,ja,0.4406779661016949
semantic_kernel_maternn_kappa=1.0_nu=2.0_alpha_0.2,0.6560372960372961,0.5483330259816128,0.5489160970225255,False,ja,0.4406779661016949
semantic_kernel_maternn_kappa=1.0_nu=2.0_alpha_0.3,0.6542191142191143,0.547735764840548,0.5483208604954981,False,ja,0.4406779661016949
semantic_kernel_maternn_kappa=1.0_nu=2.0_alpha_0.4,0.6533100233100233,0.5446518421364483,0.5452473917666666,False,ja,0.4406779661016949
semantic_kernel_maternn_kappa=1.0_nu=2.0_alpha_0.5,0.6537062937062937,0.5474516924729294,0.5480377510850579,False,ja,0.4406779661016949
semantic_kernel_maternn_kappa=1.0_nu=2.0_alpha_0.6,0.6536829836829836,0.5442256356287882,0.5448226300268292,False,ja,0.4406779661016949
semantic_kernel_maternn_kappa=1.0_nu=2.0_alpha_0.7,0.6533799533799534,0.5502017633906202,0.5507784997284516,False,ja,0.4406779661016949
semantic_kernel_maternn_kappa=1.0_nu=2.0_alpha_0.8,0.653030303030303,0.5435949650224741,0.544194097286977,False,ja,0.4406779661016949
semantic_kernel_maternn_kappa=1.0_nu=2.0_alpha_0.9,0.6453613053613054,0.5427604369698851,0.5433623981430409,False,ja,0.4406779661016949
semantic_kernel_maternn_kappa=1.0_nu=2.0_alpha_1.0,0.6286713286713287,0.5331199625591321,0.5337546033065617,False,ja,0.4406779661016949
semantic_kernel_matern_kappa=1.0_nu=3.0_alpha_0.0,0.6600466200466201,0.5518030464201396,0.5523743546799046,False,ja,0.4406779661016949
semantic_kernel_matern_kappa=1.0_nu=3.0_alpha_0.1,0.6596736596736597,0.5512312926276592,0.5518045390358736,False,ja,0.4406779661016949
semantic_kernel_matern_kappa=1.0_nu=3.0_alpha_0.2,0.6567365967365967,0.5489293563043327,0.5495104058865243,False,ja,0.4406779661016949
semantic_kernel_matern_kappa=1.0_nu=3.0_alpha_0.3,0.6547319347319347,0.5455547366488736,0.5461472256197277,False,ja,0.4406779661016949
semantic_kernel_matern_kappa=1.0_nu=3.0_alpha_0.4,0.6505827505827506,0.5414321948006902,0.5420386584896738,False,ja,0.4406779661016949
semantic_kernel_matern_kappa=1.0_nu=3.0_alpha_0.5,0.6455477855477856,0.5412297227645837,0.5418368727994524,False,ja,0.4406779661016949
semantic_kernel_matern_kappa=1.0_nu=3.0_alpha_0.6,0.6403030303030304,0.5358089134214246,0.5364344390811854,False,ja,0.4406779661016949
semantic_kernel_matern_kappa=1.0_nu=3.0_alpha_0.7,0.6312820512820513,0.5327708804041816,0.5334067044809501,False,ja,0.4406779661016949
semantic_kernel_matern_kappa=1.0_nu=3.0_alpha_0.8,0.6254079254079254,0.5316348052493647,0.5322744804283527,False,ja,0.4406779661016949
semantic_kernel_matern_kappa=1.0_nu=3.0_alpha_0.9,0.6182750582750582,0.5271675824035033,0.5278224007107825,False,ja,0.4406779661016949
semantic_kernel_matern_kappa=1.0_nu=3.0_alpha_1.0,0.6112587412587414,0.5245961473977954,0.5252596824339073,False,ja,0.4406779661016949
semantic_kernel_maternn_kappa=1.0_nu=3.0_alpha_0.0,0.6600466200466201,0.5518030464201396,0.5523743546799046,False,ja,0.4406779661016949
semantic_kernel_maternn_kappa=1.0_nu=3.0_alpha_0.1,0.6596270396270397,0.5513664253457485,0.5519392136769523,False,ja,0.4406779661016949
semantic_kernel_maternn_kappa=1.0_nu=3.0_alpha_0.2,0.6560372960372961,0.5483330259816128,0.5489160970225255,False,ja,0.4406779661016949
semantic_kernel_maternn_kappa=1.0_nu=3.0_alpha_0.3,0.6542191142191143,0.547735764840548,0.5483208604954981,False,ja,0.4406779661016949
semantic_kernel_maternn_kappa=1.0_nu=3.0_alpha_0.4,0.6533333333333332,0.5472002891827434,0.547787200009415,False,ja,0.4406779661016949
semantic_kernel_maternn_kappa=1.0_nu=3.0_alpha_0.5,0.6537529137529138,0.5482799725495703,0.5488632234326254,False,ja,0.4406779661016949
semantic_kernel_maternn_kappa=1.0_nu=3.0_alpha_0.6,0.6536363636363636,0.5442775035932796,0.544874322167712,False,ja,0.4406779661016949
semantic_kernel_maternn_kappa=1.0_nu=3.0_alpha_0.7,0.6531468531468532,0.5468014584683372,0.5473897212635321,False,ja,0.4406779661016949
semantic_kernel_maternn_kappa=1.0_nu=3.0_alpha_0.8,0.6531934731934732,0.5491058660769976,0.5496863173209767,False,ja,0.4406779661016949
semantic_kernel_maternn_kappa=1.0_nu=3.0_alpha_0.9,0.6441958041958041,0.5420757838116892,0.5426800658430082,False,ja,0.4406779661016949
semantic_kernel_maternn_kappa=1.0_nu=3.0_alpha_1.0,0.6293240093240093,0.53308986232701,0.5337246051091246,False,ja,0.4406779661016949
semantic_kernel_matern_kappa=2.0_nu=1.0_alpha_0.0,0.6600466200466201,0.5518030464201396,0.5523743546799046,False,ja,0.4406779661016949
semantic_kernel_matern_kappa=2.0_nu=1.0_alpha_0.1,0.6593939393939394,0.55107159496419,0.551645382720416,False,ja,0.4406779661016949
semantic_kernel_matern_kappa=2.0_nu=1.0_alpha_0.2,0.6565967365967366,0.5487660209174972,0.5493476241789662,False,ja,0.4406779661016949
semantic_kernel_matern_kappa=2.0_nu=1.0_alpha_0.3,0.6544988344988345,0.5460258698682029,0.5466167617772966,False,ja,0.4406779661016949
semantic_kernel_matern_kappa=2.0_nu=1.0_alpha_0.4,0.6504195804195805,0.5445941137611525,0.5451898590807787,False,ja,0.4406779661016949
semantic_kernel_matern_kappa=2.0_nu=1.0_alpha_0.5,0.6462470862470864,0.5406689654959342,0.5412780164029001,False,ja,0.4406779661016949
semantic_kernel_matern_kappa=2.0_nu=1.0_alpha_0.6,0.6398834498834498,0.535304045123805,0.5359312822015239,False,ja,0.4406779661016949
semantic_kernel_matern_kappa=2.0_nu=1.0_alpha_0.7,0.6324941724941725,0.536335772147442,0.5369595118454197,False,ja,0.4406779661016949
semantic_kernel_matern_kappa=2.0_nu=1.0_alpha_0.8,0.6237062937062937,0.5252734856804608,0.5259347246545978,False,ja,0.4406779661016949
semantic_kernel_matern_kappa=2.0_nu=1.0_alpha_0.9,0.6157109557109557,0.5265343553986752,0.527191320238174,False,ja,0.4406779661016949
semantic_kernel_matern_kappa=2.0_nu=1.0_alpha_1.0,0.6094405594405595,0.5237193992005201,0.5243859062644196,False,ja,0.4406779661016949
semantic_kernel_maternn_kappa=2.0_nu=1.0_alpha_0.0,0.6600466200466201,0.5518030464201396,0.5523743546799046,False,ja,0.4406779661016949
semantic_kernel_maternn_kappa=2.0_nu=1.0_alpha_0.1,0.6595337995337996,0.5513136484372385,0.5518866156732168,False,ja,0.4406779661016949
semantic_kernel_maternn_kappa=2.0_nu=1.0_alpha_0.2,0.6557575757575758,0.5480366340458864,0.5486207098052253,False,ja,0.4406779661016949
semantic_kernel_maternn_kappa=2.0_nu=1.0_alpha_0.3,0.6539860139860141,0.547805774928729,0.5483906332613463,False,ja,0.4406779661016949
semantic_kernel_maternn_kappa=2.0_nu=1.0_alpha_0.4,0.6529836829836829,0.5445502105431455,0.5451461046872393,False,ja,0.4406779661016949
semantic_kernel_maternn_kappa=2.0_nu=1.0_alpha_0.5,0.6531468531468532,0.5469794090762803,0.5475670686490755,False,ja,0.4406779661016949
semantic_kernel_maternn_kappa=2.0_nu=1.0_alpha_0.6,0.6519114219114219,0.5427103225683821,0.543312453620865,False,ja,0.4406779661016949
semantic_kernel_maternn_kappa=2.0_nu=1.0_alpha_0.7,0.6491375291375292,0.5444391940216013,0.545035464492887,False,ja,0.4406779661016949
semantic_kernel_maternn_kappa=2.0_nu=1.0_alpha_0.8,0.6351282051282052,0.5312540209338052,0.5318949869070833,False,ja,0.4406779661016949
semantic_kernel_maternn_kappa=2.0_nu=1.0_alpha_0.9,0.6255944055944056,0.5317202036465576,0.5323595893394535,False,ja,0.4406779661016949
semantic_kernel_maternn_kappa=2.0_nu=1.0_alpha_1.0,0.6246153846153846,0.5312272567249732,0.5318683134243828,False,ja,0.4406779661016949
semantic_kernel_matern_kappa=2.0_nu=2.0_alpha_0.0,0.6600466200466201,0.5518030464201396,0.5523743546799046,False,ja,0.4406779661016949
semantic_kernel_matern_kappa=2.0_nu=2.0_alpha_0.1,0.6590675990675992,0.5507595705904935,0.5513344160564608,False,ja,0.4406779661016949
semantic_kernel_matern_kappa=2.0_nu=2.0_alpha_0.2,0.6565501165501165,0.5485445635549226,0.5491269175193156,False,ja,0.4406779661016949
semantic_kernel_matern_kappa=2.0_nu=2.0_alpha_0.3,0.6534265734265734,0.545467603800398,0.5460603881368403,False,ja,0.4406779661016949
semantic_kernel_matern_kappa=2.0_nu=2.0_alpha_0.4,0.6496270396270396,0.5411971188424012,0.54180437939904,False,ja,0.4406779661016949
semantic_kernel_matern_kappa=2.0_nu=2.0_alpha_0.5,0.641958041958042,0.5388860873483513,0.5395011819100546,False,ja,0.4406779661016949
semantic_kernel_matern_kappa=2.0_nu=2.0_alpha_0.6,0.632004662004662,0.5307172975458515,0.5313600829204447,False,ja,0.4406779661016949
semantic_kernel_matern_kappa=2.0_nu=2.0_alpha_0.7,0.6205594405594406,0.5304267346261311,0.5310705049597743,False,ja,0.4406779661016949
semantic_kernel_matern_kappa=2.0_nu=2.0_alpha_0.8,0.6076689976689976,0.5194760799453954,0.5201569711423631,False,ja,0.4406779661016949
semantic_kernel_matern_kappa=2.0_nu=2.0_alpha_0.9,0.593053613053613,0.5166405221274106,0.5173310253847783,False,ja,0.4406779661016949
semantic_kernel_matern_kappa=2.0_nu=2.0_alpha_1.0,0.5771794871794872,0.5099747465831388,0.510687845689809,False,ja,0.4406779661016949
semantic_kernel_maternn_kappa=2.0_nu=2.0_alpha_0.0,0.6600466200466201,0.5518030464201396,0.5523743546799046,False,ja,0.4406779661016949
semantic_kernel_maternn_kappa=2.0_nu=2.0_alpha_0.1,0.6596270396270397,0.5511456889972985,0.5517192255873106,False,ja,0.4406779661016949
semantic_kernel_maternn_kappa=2.0_nu=2.0_alpha_0.2,0.6558508158508158,0.5480953240122206,0.5486792008225211,False,ja,0.4406779661016949
semantic_kernel_maternn_kappa=2.0_nu=2.0_alpha_0.3,0.6540326340326339,0.5476547316500958,0.5482401019938272,False,ja,0.4406779661016949
semantic_kernel_maternn_kappa=2.0_nu=2.0_alpha_0.4,0.6522377622377622,0.5438368741831949,0.5444351864166446,False,ja,0.4406779661016949
semantic_kernel_maternn_kappa=2.0_nu=2.0_alpha_0.5,0.6520745920745921,0.5454063746432293,0.5459993665361365,False,ja,0.4406779661016949
semantic_kernel_maternn_kappa=2.0_nu=2.0_alpha_0.6,0.6510256410256411,0.5412569985149052,0.5418640560896034,False,ja,0.4406779661016949
semantic_kernel_maternn_kappa=2.0_nu=2.0_alpha_0.7,0.6434498834498834,0.5405634549657022,0.5411728635354824,False,ja,0.4406779661016949
semantic_kernel_maternn_kappa=2.0_nu=2.0_alpha_0.8,0.6312587412587413,0.531084640505582,0.5317261806498033,False,ja,0.4406779661016949
semantic_kernel_maternn_kappa=2.0_nu=2.0_alpha_0.9,0.6257342657342657,0.5313622024681985,0.532002801724411,False,ja,0.4406779661016949
semantic_kernel_maternn_kappa=2.0_nu=2.0_alpha_1.0,0.6251748251748253,0.5313461842607285,0.5319868378159492,False,ja,0.4406779661016949
semantic_kernel_matern_kappa=2.0_nu=3.0_alpha_0.0,0.6600466200466201,0.5518030464201396,0.5523743546799046,False,ja,0.4406779661016949
semantic_kernel_matern_kappa=2.0_nu=3.0_alpha_0.1,0.6590675990675989,0.550819476893768,0.5513941192875208,False,ja,0.4406779661016949
semantic_kernel_matern_kappa=2.0_nu=3.0_alpha_0.2,0.6565034965034964,0.5483860353034089,0.5489689266517053,False,ja,0.4406779661016949
semantic_kernel_matern_kappa=2.0_nu=3.0_alpha_0.3,0.6526340326340326,0.5451447797007958,0.5457386583562196,False,ja,0.4406779661016949
semantic_kernel_matern_kappa=2.0_nu=3.0_alpha_0.4,0.6486013986013985,0.5407767356945188,0.5413854212787776,False,ja,0.4406779661016949
semantic_kernel_matern_kappa=2.0_nu=3.0_alpha_0.5,0.642004662004662,0.5400372611617,0.5406484534392902,False,ja,0.4406779661016949
semantic_kernel_matern_kappa=2.0_nu=3.0_alpha_0.6,0.631072261072261,0.5315783442404756,0.532218210812714,False,ja,0.4406779661016949
semantic_kernel_matern_kappa=2.0_nu=3.0_alpha_0.7,0.6155244755244755,0.5284773352858787,0.5291277137528786,False,ja,0.4406779661016949
semantic_kernel_matern_kappa=2.0_nu=3.0_alpha_0.8,0.6019813519813519,0.5192033004385841,0.5198851163118461,False,ja,0.4406779661016949
semantic_kernel_matern_kappa=2.0_nu=3.0_alpha_0.9,0.5852680652680652,0.5156510529731205,0.5163449103632145,False,ja,0.4406779661016949
semantic_kernel_matern_kappa=2.0_nu=3.0_alpha_1.0,0.5624009324009325,0.5035533709086246,0.5042882373904627,False,ja,0.4406779661016949
semantic_kernel_maternn_kappa=2.0_nu=3.0_alpha_0.0,0.6600466200466201,0.5518030464201396,0.5523743546799046,False,ja,0.4406779661016949
semantic_kernel_maternn_kappa=2.0_nu=3.0_alpha_0.1,0.6596736596736597,0.5511922829773563,0.5517656616216733,False,ja,0.4406779661016949
semantic_kernel_maternn_kappa=2.0_nu=3.0_alpha_0.2,0.655804195804196,0.5480744097879179,0.5486583574938939,False,ja,0.4406779661016949
semantic_kernel_maternn_kappa=2.0_nu=3.0_alpha_0.3,0.6539860139860139,0.5477412563460389,0.5483263333857162,False,ja,0.4406779661016949
semantic_kernel_maternn_kappa=2.0_nu=3.0_alpha_0.4,0.6516317016317017,0.5435434017657013,0.5441427088209053,False,ja,0.4406779661016949
semantic_kernel_maternn_kappa=2.0_nu=3.0_alpha_0.5,0.6520745920745921,0.5456778626349571,0.5462699342295873,False,ja,0.4406779661016949
semantic_kernel_maternn_kappa=2.0_nu=3.0_alpha_0.6,0.6503729603729603,0.5403311064752806,0.5409413026670622,False,ja,0.4406779661016949
semantic_kernel_maternn_kappa=2.0_nu=3.0_alpha_0.7,0.6407459207459207,0.5398402870680306,0.5404521470544129,False,ja,0.4406779661016949
semantic_kernel_maternn_kappa=2.0_nu=3.0_alpha_0.8,0.6302797202797203,0.5292951429710531,0.5299427492086116,False,ja,0.4406779661016949
semantic_kernel_maternn_kappa=2.0_nu=3.0_alpha_0.9,0.6259673659673659,0.5309343722252067,0.5315764217534292,False,ja,0.4406779661016949
semantic_kernel_maternn_kappa=2.0_nu=3.0_alpha_1.0,0.6247086247086248,0.5321540770612396,0.5327919919967975,False,ja,0.4406779661016949
semantic_kernel_matern_kappa=3.0_nu=1.0_alpha_0.0,0.6600466200466201,0.5518030464201396,0.5523743546799046,False,ja,0.4406779661016949
semantic_kernel_matern_kappa=3.0_nu=1.0_alpha_0.1,0.6593473193473194,0.5510838863460967,0.5516576324366211,False,ja,0.4406779661016949
semantic_kernel_matern_kappa=3.0_nu=1.0_alpha_0.2,0.6565967365967367,0.5485793299192604,0.5491615660315708,False,ja,0.4406779661016949
semantic_kernel_matern_kappa=3.0_nu=1.0_alpha_0.3,0.653053613053613,0.5452179687381189,0.5458115992951112,False,ja,0.4406779661016949
semantic_kernel_matern_kappa=3.0_nu=1.0_alpha_0.4,0.65002331002331,0.5446039041694957,0.5451996163012968,False,ja,0.4406779661016949
semantic_kernel_matern_kappa=3.0_nu=1.0_alpha_0.5,0.6446153846153846,0.5406226931029607,0.541231900865496,False,ja,0.4406779661016949
semantic_kernel_matern_kappa=3.0_nu=1.0_alpha_0.6,0.6378321678321679,0.5333535570063762,0.5339874059082218,False,ja,0.4406779661016949
semantic_kernel_matern_kappa=3.0_nu=1.0_alpha_0.7,0.6286713286713287,0.5299972650093392,0.5306424911721919,False,ja,0.4406779661016949
semantic_kernel_matern_kappa=3.0_nu=1.0_alpha_0.8,0.6167832167832168,0.5288591593203874,0.5295082434686262,False,ja,0.4406779661016949
semantic_kernel_matern_kappa=3.0_nu=1.0_alpha_0.9,0.6047552447552448,0.5219017250441405,0.5225743937153497,False,ja,0.4406779661016949
semantic_kernel_matern_kappa=3.0_nu=1.0_alpha_1.0,0.5952214452214453,0.5192901295719539,0.5199716511091705,False,ja,0.4406779661016949
semantic_kernel_maternn_kappa=3.0_nu=1.0_alpha_0.0,0.6600466200466201,0.5518030464201396,0.5523743546799046,False,ja,0.4406779661016949
semantic_kernel_maternn_kappa=3.0_nu=1.0_alpha_0.1,0.6596270396270396,0.5511571190540374,0.5517306168980943,False,ja,0.4406779661016949
semantic_kernel_maternn_kappa=3.0_nu=1.0_alpha_0.2,0.655897435897436,0.5481391621201752,0.5487228903267198,False,ja,0.4406779661016949
semantic_kernel_maternn_kappa=3.0_nu=1.0_alpha_0.3,0.6539860139860139,0.5476388356002184,0.5482242598288647,False,ja,0.4406779661016949
semantic_kernel_maternn_kappa=3.0_nu=1.0_alpha_0.4,0.6515617715617715,0.5459601897602384,0.5465513043137659,False,ja,0.4406779661016949
semantic_kernel_maternn_kappa=3.0_nu=1.0_alpha_0.5,0.6512354312354312,0.5454496462984417,0.546042491507772,False,ja,0.4406779661016949
semantic_kernel_maternn_kappa=3.0_nu=1.0_alpha_0.6,0.6477622377622377,0.5385222833669601,0.5391386111624985,False,ja,0.4406779661016949
semantic_kernel_maternn_kappa=3.0_nu=1.0_alpha_0.7,0.6372027972027972,0.5351246946173767,0.5357525396629138,False,ja,0.4406779661016949
semantic_kernel_maternn_kappa=3.0_nu=1.0_alpha_0.8,0.6275058275058275,0.5336764275858952,0.5343091820112001,False,ja,0.4406779661016949
semantic_kernel_maternn_kappa=3.0_nu=1.0_alpha_0.9,0.6245687645687646,0.5310730754243478,0.5317146547722342,False,ja,0.4406779661016949
semantic_kernel_maternn_kappa=3.0_nu=1.0_alpha_1.0,0.622983682983683,0.5305298477129119,0.5311732685106676,False,ja,0.4406779661016949
semantic_kernel_matern_kappa=3.0_nu=2.0_alpha_0.0,0.6600466200466201,0.5518030464201396,0.5523743546799046,False,ja,0.4406779661016949
semantic_kernel_matern_kappa=3.0_nu=2.0_alpha_0.1,0.6594405594405595,0.5511100723943705,0.5516837297186298,False,ja,0.4406779661016949
semantic_kernel_matern_kappa=3.0_nu=2.0_alpha_0.2,0.6566433566433567,0.5488531463746272,0.5494344542955636,False,ja,0.4406779661016949
semantic_kernel_matern_kappa=3.0_nu=2.0_alpha_0.3,0.6524009324009326,0.5455862654219236,0.546178647515581,False,ja,0.4406779661016949
semantic_kernel_matern_kappa=3.0_nu=2.0_alpha_0.4,0.6489044289044288,0.5420492607739642,0.5426536327138858,False,ja,0.4406779661016949
semantic_kernel_matern_kappa=3.0_nu=2.0_alpha_0.5,0.644988344988345,0.5421122695492004,0.5427164279000535,False,ja,0.4406779661016949
semantic_kernel_matern_kappa=3.0_nu=2.0_alpha_0.6,0.6354545454545454,0.5345334423967144,0.5351632916870673,False,ja,0.4406779661016949
semantic_kernel_matern_kappa=3.0_nu=2.0_alpha_0.7,0.6228904428904429,0.5293454331172915,0.5299928688797781,False,ja,0.4406779661016949
semantic_kernel_matern_kappa=3.0_nu=2.0_alpha_0.8,0.6033566433566434,0.5241542123641171,0.5248192454850891,False,ja,0.4406779661016949
semantic_kernel_matern_kappa=3.0_nu=2.0_alpha_0.9,0.588904428904429,0.5183076556558519,0.518992507613123,False,ja,0.4406779661016949
semantic_kernel_matern_kappa=3.0_nu=2.0_alpha_1.0,0.5652447552447553,0.5059169346480386,0.506643789049404,False,ja,0.4406779661016949
semantic_kernel_maternn_kappa=3.0_nu=2.0_alpha_0.0,0.6600466200466201,0.5518030464201396,0.5523743546799046,False,ja,0.4406779661016949
semantic_kernel_maternn_kappa=3.0_nu=2.0_alpha_0.1,0.6595337995337995,0.5510922453125396,0.5516659630675848,False,ja,0.4406779661016949
semantic_kernel_maternn_kappa=3.0_nu=2.0_alpha_0.2,0.656083916083916,0.5483636964123713,0.5489466634857221,False,ja,0.4406779661016949
semantic_kernel_maternn_kappa=3.0_nu=2.0_alpha_0.3,0.6528671328671328,0.5471593115481661,0.5477463612820735,False,ja,0.4406779661016949
semantic_kernel_maternn_kappa=3.0_nu=2.0_alpha_0.4,0.6503496503496504,0.5425763972009964,0.5431789822377755,False,ja,0.4406779661016949
semantic_kernel_maternn_kappa=3.0_nu=2.0_alpha_0.5,0.6482517482517482,0.5426056661232203,0.543208151943314,False,ja,0.4406779661016949
semantic_kernel_maternn_kappa=3.0_nu=2.0_alpha_0.6,0.6406759906759907,0.5344098921236776,0.5350401602285154,False,ja,0.4406779661016949
semantic_kernel_maternn_kappa=3.0_nu=2.0_alpha_0.7,0.631095571095571,0.5303948891461077,0.5310387674305306,False,ja,0.4406779661016949
semantic_kernel_maternn_kappa=3.0_nu=2.0_alpha_0.8,0.6234965034965037,0.5313122645346253,0.5319530330719685,False,ja,0.4406779661016949
semantic_kernel_maternn_kappa=3.0_nu=2.0_alpha_0.9,0.6148251748251748,0.5263445326656427,0.5270021409720332,False,ja,0.4406779661016949
semantic_kernel_maternn_kappa=3.0_nu=2.0_alpha_1.0,0.6065734265734266,0.5213870232965031,0.5220614367193991,False,ja,0.4406779661016949
semantic_kernel_matern_kappa=3.0_nu=3.0_alpha_0.0,0.6600466200466201,0.5518030464201396,0.5523743546799046,False,ja,0.4406779661016949
semantic_kernel_matern_kappa=3.0_nu=3.0_alpha_0.1,0.6594405594405595,0.5511072419656295,0.5516809088845626,False,ja,0.4406779661016949
semantic_kernel_matern_kappa=3.0_nu=3.0_alpha_0.2,0.6566433566433567,0.5489718319362987,0.5495527375332973,False,ja,0.4406779661016949
semantic_kernel_matern_kappa=3.0_nu=3.0_alpha_0.3,0.6524475524475525,0.5454338019849028,0.5460267009037705,False,ja,0.4406779661016949
semantic_kernel_matern_kappa=3.0_nu=3.0_alpha_0.4,0.6485780885780885,0.5416211128716721,0.5422269361604151,False,ja,0.4406779661016949
semantic_kernel_matern_kappa=3.0_nu=3.0_alpha_0.5,0.6446153846153846,0.5436485999194711,0.5442475503707639,False,ja,0.4406779661016949
semantic_kernel_matern_kappa=3.0_nu=3.0_alpha_0.6,0.6364801864801866,0.5375500981488721,0.538169721487523,False,ja,0.4406779661016949
semantic_kernel_matern_kappa=3.0_nu=3.0_alpha_0.7,0.623030303030303,0.5309816989751259,0.5316235880736876,False,ja,0.4406779661016949
semantic_kernel_matern_kappa=3.0_nu=3.0_alpha_0.8,0.6034965034965035,0.5264597581012723,0.5271169758129658,False,ja,0.4406779661016949
semantic_kernel_matern_kappa=3.0_nu=3.0_alpha_0.9,0.5879254079254079,0.5187239038650288,0.5194073448114213,False,ja,0.4406779661016949
semantic_kernel_matern_kappa=3.0_nu=3.0_alpha_1.0,0.5543356643356643,0.5034274587298369,0.50416275203262,False,ja,0.4406779661016949
semantic_kernel_maternn_kappa=3.0_nu=3.0_alpha_0.0,0.6600466200466201,0.5518030464201396,0.5523743546799046,False,ja,0.4406779661016949
semantic_kernel_maternn_kappa=3.0_nu=3.0_alpha_0.1,0.6594871794871795,0.5510595472969494,0.5516333758927253,False,ja,0.4406779661016949
semantic_kernel_maternn_kappa=3.0_nu=3.0_alpha_0.2,0.6560839160839161,0.5482075250870353,0.5487910215547093,False,ja,0.4406779661016949
semantic_kernel_maternn_kappa=3.0_nu=3.0_alpha_0.3,0.6527272727272727,0.5448361560945023,0.5454310809316424,False,ja,0.4406779661016949
semantic_kernel_maternn_kappa=3.0_nu=3.0_alpha_0.4,0.6484848484848484,0.5412847736636512,0.5418917370853026,False,ja,0.4406779661016949
semantic_kernel_maternn_kappa=3.0_nu=3.0_alpha_0.5,0.6463869463869464,0.5415684589423482,0.5421744607189871,False,ja,0.4406779661016949
semantic_kernel_maternn_kappa=3.0_nu=3.0_alpha_0.6,0.6386247086247085,0.533936212417185,0.5345680862159432,False,ja,0.4406779661016949
semantic_kernel_maternn_kappa=3.0_nu=3.0_alpha_0.7,0.6275058275058275,0.5286520047226858,0.5293017910898999,False,ja,0.4406779661016949
semantic_kernel_maternn_kappa=3.0_nu=3.0_alpha_0.8,0.6177156177156178,0.5275495281773599,0.528203051753202,False,ja,0.4406779661016949
semantic_kernel_maternn_kappa=3.0_nu=3.0_alpha_0.9,0.6047552447552448,0.5209568653338017,0.5216327369192831,False,ja,0.4406779661016949
semantic_kernel_maternn_kappa=3.0_nu=3.0_alpha_1.0,0.5906759906759907,0.5129054762971108,0.5136086407267846,False,ja,0.4406779661016949
semantic_kernel_prod_heat_t=0.1,0.6431235431235431,0.541561350341986,0.5421673762155754,False,ja,0.4406779661016949
semantic_kernel_sum_heat_t=0.1,0.6287374614197531,0.536380336187838,0.537015885563647,False,ja,0.4406779661016949
semantic_kernel_prod_heatn_t=0.1,0.6306293706293706,0.5327567412675469,0.5333926132735919,False,ja,0.4406779661016949
semantic_kernel_sum_heatn_t=0.1,0.621002331002331,0.5248467504638069,0.5255094359980002,False,ja,0.4406779661016949
semantic_kernel_prod_heat_t=0.2,0.6294638694638695,0.5324748375346431,0.5331116651465624,False,ja,0.4406779661016949
semantic_kernel_sum_heat_t=0.2,0.6120068027210882,0.5116277590547063,0.5124549343821798,False,ja,0.4406779661016949
semantic_kernel_prod_heatn_t=0.2,0.6301631701631702,0.5325758658682027,0.5332123510111948,False,ja,0.4406779661016949
semantic_kernel_sum_heatn_t=0.2,0.6207692307692307,0.5241281083012512,0.5247932299105719,False,ja,0.4406779661016949
semantic_kernel_prod_heat_t=0.3,0.6133333333333333,0.5225399770543453,0.5232104821594182,False,ja,0.4406779661016949
semantic_kernel_sum_heat_t=0.3,0.6121406109613658,0.5287895346094664,0.5271698666987794,False,ja,0.4406779661016949
semantic_kernel_prod_heatn_t=0.3,0.6297902097902099,0.5343757443191774,0.5350061281792848,False,ja,0.4406779661016949
semantic_kernel_sum_heatn_t=0.3,0.6199766899766899,0.5235726510431307,0.5242396555584111,False,ja,0.4406779661016949
semantic_kernel_prod_heat_t=0.4,0.597948717948718,0.5161461194214836,0.5168382986202272,False,ja,0.4406779661016949
semantic_kernel_sum_heat_t=0.4,0.585096843615495,0.5285295453881858,0.5298504595300422,False,ja,0.4406779661016949
semantic_kernel_prod_heatn_t=0.4,0.6299766899766901,0.5343536067685255,0.5349840656711773,False,ja,0.4406779661016949
semantic_kernel_sum_heatn_t=0.4,0.6190442890442891,0.5225797245562448,0.5232500949240231,False,ja,0.4406779661016949
semantic_kernel_prod_heat_t=0.5,0.5843356643356643,0.5098098102765759,0.51052346848937,False,ja,0.4406779661016949
semantic_kernel_sum_heat_t=0.5,0.5607786016949153,0.5419903836177307,0.5435988959328222,False,ja,0.4406779661016949
semantic_kernel_prod_heatn_t=0.5,0.6297435897435898,0.534306736272583,0.534937354058272,False,ja,0.4406779661016949
semantic_kernel_sum_heatn_t=0.5,0.6182517482517482,0.5220839683111365,0.5227560192085592,False,ja,0.4406779661016949
semantic_kernel_prod_heat_t=0.6,0.5724475524475524,0.5048907806169163,0.5056211135065228,False,ja,0.4406779661016949
semantic_kernel_sum_heat_t=0.6,0.5606389578163772,0.532994530740842,0.5347057206066119,False,ja,0.4406779661016949
semantic_kernel_prod_heatn_t=0.6,0.6295571095571096,0.5342189411521359,0.5348498565484027,False,ja,0.4406779661016949
semantic_kernel_sum_heatn_t=0.6,0.6175990675990677,0.5220658860292544,0.522737998222548,False,ja,0.4406779661016949
semantic_kernel_prod_heat_t=0.7,0.5645687645687646,0.5013423490873978,0.5020847105584604,False,ja,0.4406779661016949
semantic_kernel_sum_heat_t=0.7,0.5250754147812972,0.5420594555717615,0.5392003619791615,False,ja,0.4406779661016949
semantic_kernel_prod_heatn_t=0.7,0.6292307692307693,0.5341504612862301,0.5347816088176356,False,ja,0.4406779661016949
semantic_kernel_sum_heatn_t=0.7,0.6166200466200467,0.5215121045288885,0.5221860939476071,False,ja,0.4406779661016949
semantic_kernel_prod_matern_kappa=1.0_nu=1.0,0.632960372960373,0.5348520392727738,0.5354808085737164,False,ja,0.4406779661016949
semantic_kernel_sum_matern_kappa=1.0_nu=1.0,0.6115384615384616,0.5214848775179342,0.5221589592316052,False,ja,0.4406779661016949
semantic_kernel_prod_maternn_kappa=1.0_nu=1.0,0.6285780885780886,0.5339340484320964,0.5345659295663973,False,ja,0.4406779661016949
semantic_kernel_sum_maternn_kappa=1.0_nu=1.0,0.6192773892773893,0.5227183090981258,0.5233882096877961,False,ja,0.4406779661016949
semantic_kernel_prod_matern_kappa=1.0_nu=2.0,0.6208857808857808,0.5276091434758674,0.5282624649659521,False,ja,0.4406779661016949
semantic_kernel_sum_matern_kappa=1.0_nu=2.0,0.5999747983870969,0.5151892614239112,0.5159044747962036,False,ja,0.4406779661016949
semantic_kernel_prod_maternn_kappa=1.0_nu=2.0,0.6286713286713287,0.5340026966051314,0.534634345033761,False,ja,0.4406779661016949
semantic_kernel_sum_maternn_kappa=1.0_nu=2.0,0.6189976689976691,0.522562854721796,0.5232332822754537,False,ja,0.4406779661016949
semantic_kernel_prod_matern_kappa=1.0_nu=3.0,0.6113752913752915,0.5240838545685758,0.5247491261905495,False,ja,0.4406779661016949
semantic_kernel_sum_matern_kappa=1.0_nu=3.0,0.5969161600810537,0.522974015044432,0.523758085631283,False,ja,0.4406779661016949
semantic_kernel_prod_maternn_kappa=1.0_nu=3.0,0.6293240093240093,0.5320087155825979,0.5326471232689308,False,ja,0.4406779661016949
semantic_kernel_sum_maternn_kappa=1.0_nu=3.0,0.6189044289044289,0.5265214249329742,0.5271784336045602,False,ja,0.4406779661016949
semantic_kernel_prod_matern_kappa=2.0_nu=1.0,0.6095104895104895,0.5229071695467539,0.5235764299315135,False,ja,0.4406779661016949
semantic_kernel_sum_matern_kappa=2.0_nu=1.0,0.5902797202797203,0.5136700293870728,0.5143706021113569,False,ja,0.4406779661016949
semantic_kernel_prod_maternn_kappa=2.0_nu=1.0,0.6245687645687646,0.5303769165889187,0.5310208557972641,False,ja,0.4406779661016949
semantic_kernel_sum_maternn_kappa=2.0_nu=1.0,0.6099067599067599,0.5231924378272714,0.5238607312009108,False,ja,0.4406779661016949
semantic_kernel_prod_matern_kappa=2.0_nu=2.0,0.5772960372960374,0.510885133966896,0.5115951470146383,False,ja,0.4406779661016949
semantic_kernel_sum_matern_kappa=2.0_nu=2.0,0.5533724558015153,0.5166030280416466,0.5175080271108189,False,ja,0.4406779661016949
semantic_kernel_prod_maternn_kappa=2.0_nu=2.0,0.6251748251748253,0.5322289183067279,0.5328665795431486,False,ja,0.4406779661016949
semantic_kernel_sum_maternn_kappa=2.0_nu=2.0,0.602027972027972,0.5167427276314572,0.5174328844294892,False,ja,0.4406779661016949
semantic_kernel_prod_matern_kappa=2.0_nu=3.0,0.5625174825174826,0.5044944616306276,0.505226137974425,False,ja,0.4406779661016949
semantic_kernel_sum_matern_kappa=2.0_nu=3.0,0.5412371134020618,0.517563321791001,0.5187408663038483,False,ja,0.4406779661016949
semantic_kernel_prod_maternn_kappa=2.0_nu=3.0,0.6247086247086248,0.531506198862341,0.5321463099951834,False,ja,0.4406779661016949
semantic_kernel_sum_maternn_kappa=2.0_nu=3.0,0.5993006993006994,0.5158935472427484,0.5148916673641317,False,ja,0.4406779661016949
semantic_kernel_prod_matern_kappa=3.0_nu=1.0,0.5952913752913753,0.5166642862739722,0.5173547089749108,False,ja,0.4406779661016949
semantic_kernel_sum_matern_kappa=3.0_nu=1.0,0.577424844015882,0.5139139105716932,0.5146177419989958,False,ja,0.4406779661016949
semantic_kernel_prod_maternn_kappa=3.0_nu=1.0,0.622937062937063,0.5279180887236019,0.5285703629416603,False,ja,0.4406779661016949
semantic_kernel_sum_maternn_kappa=3.0_nu=1.0,0.5936130536130537,0.515386061391774,0.5160808170584149,False,ja,0.4406779661016949
semantic_kernel_prod_matern_kappa=3.0_nu=2.0,0.5653146853146853,0.5035052556907413,0.5042402852750129,False,ja,0.4406779661016949
semantic_kernel_sum_matern_kappa=3.0_nu=2.0,0.5588766480043346,0.5327945459156919,0.5337397257367155,False,ja,0.4406779661016949
semantic_kernel_prod_maternn_kappa=3.0_nu=2.0,0.6065268065268066,0.5187752643071931,0.5194585311503918,False,ja,0.4406779661016949
semantic_kernel_sum_maternn_kappa=3.0_nu=2.0,0.5684848484848485,0.502016367222991,0.5027564438868142,False,ja,0.4406779661016949
semantic_kernel_prod_matern_kappa=3.0_nu=3.0,0.5544055944055943,0.4990718903286503,0.4998219482700814,False,ja,0.4406779661016949
semantic_kernel_sum_matern_kappa=3.0_nu=3.0,0.5492109282199219,0.525892007423462,0.5272207572487607,False,ja,0.4406779661016949
semantic_kernel_prod_maternn_kappa=3.0_nu=3.0,0.5906293706293706,0.5102937173078008,0.5110057351577773,False,ja,0.4406779661016949
semantic_kernel_sum_maternn_kappa=3.0_nu=3.0,0.5553911205073996,0.4913520438072619,0.4921276754783325,False,ja,0.4406779661016949
full_klu_heat_t=0.1_alpha_0.0,0.6600932400932401,0.5592050548425561,0.5597512715483469,False,ja,0.4406779661016949
full_klu_heat_t=0.1_alpha_0.1,0.6611655011655011,0.5547206838167702,0.5552821017802755,False,ja,0.4406779661016949
full_klu_heat_t=0.1_alpha_0.2,0.6617482517482517,0.5550542459339045,0.5556145331783688,False,ja,0.4406779661016949
full_klu_heat_t=0.1_alpha_0.3,0.6621212121212121,0.5560281574500978,0.5565851432995919,False,ja,0.4406779661016949
full_klu_heat_t=0.1_alpha_0.4,0.6626806526806527,0.5540988206664375,0.5546623466406219,False,ja,0.4406779661016949
full_klu_heat_t=0.1_alpha_0.5,0.6631002331002331,0.5544756632559115,0.5550379117975892,False,ja,0.4406779661016949
full_klu_heat_t=0.1_alpha_0.6,0.6627272727272727,0.5539098219214011,0.5544739885692976,False,ja,0.4406779661016949
full_klu_heat_t=0.1_alpha_0.7,0.6633566433566433,0.5570744029470514,0.5576278422016405,False,ja,0.4406779661016949
full_klu_heat_t=0.1_alpha_0.8,0.6632867132867133,0.5565881185027407,0.5571432061791749,False,ja,0.4406779661016949
full_klu_heat_t=0.1_alpha_0.9,0.6593473193473194,0.5491600438906963,0.5480453962268325,False,ja,0.4406779661016949
full_klu_heat_t=0.1_alpha_1.0,0.6087412587412587,0.4950476608886746,0.49411644503159713,False,ja,0.4406779661016949
full_klu_heatn_t=0.1_alpha_0.0,0.6600932400932401,0.5592050548425561,0.5597512715483469,False,ja,0.4406779661016949
full_klu_heatn_t=0.1_alpha_0.1,0.6610489510489511,0.5553534664700841,0.5559127394076461,False,ja,0.4406779661016949
full_klu_heatn_t=0.1_alpha_0.2,0.6605827505827506,0.5551308031558757,0.5556908308843332,False,ja,0.4406779661016949
full_klu_heatn_t=0.1_alpha_0.3,0.6608624708624709,0.5531169674862935,0.5536838217763429,False,ja,0.4406779661016949
full_klu_heatn_t=0.1_alpha_0.4,0.660885780885781,0.5557053512489945,0.5562634313567972,False,ja,0.4406779661016949
full_klu_heatn_t=0.1_alpha_0.5,0.6604662004662005,0.5559013792962351,0.5564587949021829,False,ja,0.4406779661016949
full_klu_heatn_t=0.1_alpha_0.6,0.66009324009324,0.5552312480866425,0.5557909353238092,False,ja,0.4406779661016949
full_klu_heatn_t=0.1_alpha_0.7,0.6595104895104895,0.5572846032274659,0.5578373299387317,False,ja,0.4406779661016949
full_klu_heatn_t=0.1_alpha_0.8,0.6596969696969697,0.5589660352699726,0.5595130622116026,False,ja,0.4406779661016949
full_klu_heatn_t=0.1_alpha_0.9,0.6600932400932402,0.5568018085075964,0.557356171811133,False,ja,0.4406779661016949
full_klu_heatn_t=0.1_alpha_1.0,0.3782517482517482,0.3537088023819735,0.3532567012994951,False,ja,0.4406779661016949
full_klu_heat_t=0.2_alpha_0.0,0.6600932400932401,0.5592050548425561,0.5597512715483469,False,ja,0.4406779661016949
full_klu_heat_t=0.2_alpha_0.1,0.6617016317016318,0.5554599907387268,0.5560189025770729,False,ja,0.4406779661016949
full_klu_heat_t=0.2_alpha_0.2,0.6624475524475524,0.5559698236726061,0.5565270072637186,False,ja,0.4406779661016949
full_klu_heat_t=0.2_alpha_0.3,0.6639860139860141,0.5573685241411843,0.5579209663747764,False,ja,0.4406779661016949
full_klu_heat_t=0.2_alpha_0.4,0.6644289044289045,0.5550652535050061,0.5556255034356701,False,ja,0.4406779661016949
full_klu_heat_t=0.2_alpha_0.5,0.6649417249417251,0.5566095757692605,0.5571645907091981,False,ja,0.4406779661016949
full_klu_heat_t=0.2_alpha_0.6,0.6643822843822844,0.5544650805732667,0.555027364988445,False,ja,0.4406779661016949
full_klu_heat_t=0.2_alpha_0.7,0.6625174825174825,0.5541560900701945,0.5530245066565695,False,ja,0.4406779661016949
full_klu_heat_t=0.2_alpha_0.8,0.6567599067599068,0.549179410737998,0.5497596126780414,False,ja,0.4406779661016949
full_klu_heat_t=0.2_alpha_0.9,0.6417249417249418,0.5368516872771204,0.5357787628560143,False,ja,0.4406779661016949
full_klu_heat_t=0.2_alpha_1.0,0.6071328671328671,0.49062974311167684,0.48971350324706386,False,ja,0.4406779661016949
full_klu_heatn_t=0.2_alpha_0.0,0.6600932400932401,0.5592050548425561,0.5597512715483469,False,ja,0.4406779661016949
full_klu_heatn_t=0.2_alpha_0.1,0.6614219114219113,0.5546764531743458,0.5552380210722322,False,ja,0.4406779661016949
full_klu_heatn_t=0.2_alpha_0.2,0.6608624708624709,0.5543069905654606,0.5548698108789705,False,ja,0.4406779661016949
full_klu_heatn_t=0.2_alpha_0.3,0.6614918414918415,0.5565332066354791,0.5570884804538362,False,ja,0.4406779661016949
full_klu_heatn_t=0.2_alpha_0.4,0.6612354312354312,0.5566876665567575,0.5572424167821611,False,ja,0.4406779661016949
full_klu_heatn_t=0.2_alpha_0.5,0.6606526806526807,0.5575818732523476,0.5581335922686138,False,ja,0.4406779661016949
full_klu_heatn_t=0.2_alpha_0.6,0.6599766899766899,0.5587585015859621,0.5593062320316058,False,ja,0.4406779661016949
full_klu_heatn_t=0.2_alpha_0.7,0.66006993006993,0.5592998955536983,0.559845790765553,False,ja,0.4406779661016949
full_klu_heatn_t=0.2_alpha_0.8,0.6594871794871795,0.5588392158829869,0.5593866727208442,False,ja,0.4406779661016949
full_klu_heatn_t=0.2_alpha_0.9,0.6575291375291376,0.5529120896499194,0.553479638441109,False,ja,0.4406779661016949
full_klu_heatn_t=0.2_alpha_1.0,0.3785780885780886,0.3545188586333338,0.354064011597461,False,ja,0.4406779661016949
full_klu_heat_t=0.3_alpha_0.0,0.6600932400932401,0.5592050548425561,0.5597512715483469,False,ja,0.4406779661016949
full_klu_heat_t=0.3_alpha_0.1,0.6615617715617716,0.554398383032972,0.5549608935415071,False,ja,0.4406779661016949
full_klu_heat_t=0.3_alpha_0.2,0.6637995337995338,0.5545100763581066,0.5550722082452006,False,ja,0.4406779661016949
full_klu_heat_t=0.3_alpha_0.3,0.6653146853146854,0.5571542039226818,0.5577073726654892,False,ja,0.4406779661016949
full_klu_heat_t=0.3_alpha_0.4,0.6647086247086247,0.5569770492746086,0.5575308185416467,False,ja,0.4406779661016949
full_klu_heat_t=0.3_alpha_0.5,0.6640326340326341,0.5561079984769404,0.5566647136788858,False,ja,0.4406779661016949
full_klu_heat_t=0.3_alpha_0.6,0.6605128205128206,0.5492512842741795,0.54813632732088,False,ja,0.4406779661016949
full_klu_heat_t=0.3_alpha_0.7,0.6555011655011656,0.5475748222748329,0.5481604634978023,False,ja,0.4406779661016949
full_klu_heat_t=0.3_alpha_0.8,0.646060606060606,0.5394909967517434,0.5384091255188589,False,ja,0.4406779661016949
full_klu_heat_t=0.3_alpha_0.9,0.6337062937062937,0.5315894591894643,0.5305343728296723,False,ja,0.4406779661016949
full_klu_heat_t=0.3_alpha_1.0,0.6095804195804195,0.494931217415338,0.49400039628189907,False,ja,0.4406779661016949
full_klu_heatn_t=0.3_alpha_0.0,0.6600932400932401,0.5592050548425561,0.5597512715483469,False,ja,0.4406779661016949
full_klu_heatn_t=0.3_alpha_0.1,0.6614685314685316,0.5546160010277676,0.5551777738481849,False,ja,0.4406779661016949
full_klu_heatn_t=0.3_alpha_0.2,0.6611421911421911,0.5563484566651261,0.5569043567545693,False,ja,0.4406779661016949
full_klu_heatn_t=0.3_alpha_0.3,0.6614685314685315,0.5560823595557304,0.5566391616692732,False,ja,0.4406779661016949
full_klu_heatn_t=0.3_alpha_0.4,0.6615617715617716,0.5579321704562067,0.5584827020243242,False,ja,0.4406779661016949
full_klu_heatn_t=0.3_alpha_0.5,0.6609557109557109,0.5587379932396603,0.5592857932051218,False,ja,0.4406779661016949
full_klu_heatn_t=0.3_alpha_0.6,0.6598368298368298,0.5588253802478148,0.5593728839861302,False,ja,0.4406779661016949
full_klu_heatn_t=0.3_alpha_0.7,0.6596037296037296,0.5560371705065305,0.5565941258032908,False,ja,0.4406779661016949
full_klu_heatn_t=0.3_alpha_0.8,0.6582051282051284,0.5524954054104316,0.5530643666905687,False,ja,0.4406779661016949
full_klu_heatn_t=0.3_alpha_0.9,0.6544522144522145,0.5486562588951034,0.547543318976987,False,ja,0.4406779661016949
full_klu_heatn_t=0.3_alpha_1.0,0.37659673659673654,0.3534355353914477,0.3529843606377507,False,ja,0.4406779661016949
full_klu_heat_t=0.4_alpha_0.0,0.6600932400932401,0.5592050548425561,0.5597512715483469,False,ja,0.4406779661016949
full_klu_heat_t=0.4_alpha_0.1,0.6617482517482518,0.5560622421005177,0.5566191124088239,False,ja,0.4406779661016949
full_klu_heat_t=0.4_alpha_0.2,0.6637529137529138,0.5556697023193875,0.5562279032710195,False,ja,0.4406779661016949
full_klu_heat_t=0.4_alpha_0.3,0.6639860139860141,0.5572700400004515,0.5578228160785885,False,ja,0.4406779661016949
full_klu_heat_t=0.4_alpha_0.4,0.6637062937062936,0.5570487155506758,0.5576022418811848,False,ja,0.4406779661016949
full_klu_heat_t=0.4_alpha_0.5,0.6622610722610722,0.5526015945821812,0.5514752806447868,False,ja,0.4406779661016949
full_klu_heat_t=0.4_alpha_0.6,0.658065268065268,0.5500946614898415,0.5489768456307262,False,ja,0.4406779661016949
full_klu_heat_t=0.4_alpha_0.7,0.6526107226107226,0.5473529193461311,0.5462443975281809,False,ja,0.4406779661016949
full_klu_heat_t=0.4_alpha_0.8,0.6425874125874127,0.5404532540532165,0.5393681209311745,False,ja,0.4406779661016949
full_klu_heat_t=0.4_alpha_0.9,0.631818181818182,0.5337912078091843,0.5327286578947492,False,ja,0.4406779661016949
full_klu_heat_t=0.4_alpha_1.0,0.6086013986013987,0.4929625946871447,0.49203844685108944,False,ja,0.4406779661016949
full_klu_heatn_t=0.4_alpha_0.0,0.6600932400932401,0.5592050548425561,0.5597512715483469,False,ja,0.4406779661016949
full_klu_heatn_t=0.4_alpha_0.1,0.6613519813519814,0.5558480288828673,0.556405625337674,False,ja,0.4406779661016949
full_klu_heatn_t=0.4_alpha_0.2,0.661095571095571,0.5542917999348037,0.5548546717419768,False,ja,0.4406779661016949
full_klu_heatn_t=0.4_alpha_0.3,0.6614918414918416,0.5569956334900629,0.5575493397597604,False,ja,0.4406779661016949
full_klu_heatn_t=0.4_alpha_0.4,0.6618414918414918,0.5600045010853557,0.5605480078038828,False,ja,0.4406779661016949
full_klu_heatn_t=0.4_alpha_0.5,0.661048951048951,0.5594519285144102,0.5599973083602964,False,ja,0.4406779661016949
full_klu_heatn_t=0.4_alpha_0.6,0.6606526806526807,0.5589527444016564,0.5594998163970775,False,ja,0.4406779661016949
full_klu_heatn_t=0.4_alpha_0.7,0.6593706293706293,0.5560231210485382,0.55658012397058,False,ja,0.4406779661016949
full_klu_heatn_t=0.4_alpha_0.8,0.6582051282051282,0.5530872839589629,0.5536542388711387,False,ja,0.4406779661016949
full_klu_heatn_t=0.4_alpha_0.9,0.6515151515151516,0.5476722082610723,0.5465626041078173,False,ja,0.4406779661016949
full_klu_heatn_t=0.4_alpha_1.0,0.37829836829836827,0.3551156459435852,0.354658775899881,False,ja,0.4406779661016949
full_klu_heat_t=0.5_alpha_0.0,0.6600932400932401,0.5592050548425561,0.5597512715483469,False,ja,0.4406779661016949
full_klu_heat_t=0.5_alpha_0.1,0.6617482517482518,0.5534500564971345,0.5540157816718928,False,ja,0.4406779661016949
full_klu_heat_t=0.5_alpha_0.2,0.6630069930069928,0.5554416260522115,0.5560006001437321,False,ja,0.4406779661016949
full_klu_heat_t=0.5_alpha_0.3,0.6631002331002331,0.5539831659034365,0.554547083927665,False,ja,0.4406779661016949
full_klu_heat_t=0.5_alpha_0.4,0.6621212121212121,0.5561769947487291,0.5567334760650074,False,ja,0.4406779661016949
full_klu_heat_t=0.5_alpha_0.5,0.6603496503496503,0.5528654675616065,0.5517382591395361,False,ja,0.4406779661016949
full_klu_heat_t=0.5_alpha_0.6,0.6579254079254079,0.5513416760419377,0.5502196330148493,False,ja,0.4406779661016949
full_klu_heat_t=0.5_alpha_0.7,0.6516317016317017,0.5458105989443032,0.544707305331105,False,ja,0.4406779661016949
full_klu_heat_t=0.5_alpha_0.8,0.642074592074592,0.5411374392651881,0.5400499868712412,False,ja,0.4406779661016949
full_klu_heat_t=0.5_alpha_0.9,0.629020979020979,0.5315447995220696,0.5304898645509807,False,ja,0.4406779661016949
full_klu_heat_t=0.5_alpha_1.0,0.6059207459207459,0.4919816775285776,0.49106085483543277,False,ja,0.4406779661016949
full_klu_heatn_t=0.5_alpha_0.0,0.6600932400932401,0.5592050548425561,0.5597512715483469,False,ja,0.4406779661016949
full_klu_heatn_t=0.5_alpha_0.1,0.6614685314685314,0.5550039506061633,0.5555644083432638,False,ja,0.4406779661016949
full_klu_heatn_t=0.5_alpha_0.2,0.6614219114219114,0.5552071359690518,0.5557669049422104,False,ja,0.4406779661016949
full_klu_heatn_t=0.5_alpha_0.3,0.6613986013986015,0.5599365010873117,0.5604802383143068,False,ja,0.4406779661016949
full_klu_heatn_t=0.5_alpha_0.4,0.6617948717948718,0.5580544444867399,0.5586045615666183,False,ja,0.4406779661016949
full_klu_heatn_t=0.5_alpha_0.5,0.6613519813519815,0.5571907074793034,0.557743752481241,False,ja,0.4406779661016949
full_klu_heatn_t=0.5_alpha_0.6,0.6605594405594406,0.5565916018678124,0.5571466777362295,False,ja,0.4406779661016949
full_klu_heatn_t=0.5_alpha_0.7,0.6586480186480187,0.5525199494941753,0.5530888275740284,False,ja,0.4406779661016949
full_klu_heatn_t=0.5_alpha_0.8,0.657039627039627,0.5489160401403419,0.5478022196078353,False,ja,0.4406779661016949
full_klu_heatn_t=0.5_alpha_0.9,0.6437296037296037,0.5391503356070372,0.5380696191576941,False,ja,0.4406779661016949
full_klu_heatn_t=0.5_alpha_1.0,0.37846153846153846,0.3547057637049448,0.354250283092558,False,ja,0.4406779661016949
full_klu_heat_t=0.6_alpha_0.0,0.6600932400932401,0.5592050548425561,0.5597512715483469,False,ja,0.4406779661016949
full_klu_heat_t=0.6_alpha_0.1,0.6614219114219114,0.5559187868023627,0.5564761433998151,False,ja,0.4406779661016949
full_klu_heat_t=0.6_alpha_0.2,0.6621678321678323,0.5521113637569954,0.5509867116190085,False,ja,0.4406779661016949
full_klu_heat_t=0.6_alpha_0.3,0.6625407925407927,0.5556205051444674,0.5561788728661841,False,ja,0.4406779661016949
full_klu_heat_t=0.6_alpha_0.4,0.6597435897435898,0.5554881199769921,0.5560469364619881,False,ja,0.4406779661016949
full_klu_heat_t=0.6_alpha_0.5,0.6584382284382284,0.5526065038415696,0.5531750885168553,False,ja,0.4406779661016949
full_klu_heat_t=0.6_alpha_0.6,0.6566666666666666,0.5491223166285399,0.5480077968537003,False,ja,0.4406779661016949
full_klu_heat_t=0.6_alpha_0.7,0.6517249417249418,0.548112807026557,0.5470017093181647,False,ja,0.4406779661016949
full_klu_heat_t=0.6_alpha_0.8,0.6407226107226107,0.5412664781958583,0.5401785883818073,False,ja,0.4406779661016949
full_klu_heat_t=0.6_alpha_0.9,0.6271561771561771,0.5334500984555859,0.5323887048440444,False,ja,0.4406779661016949
full_klu_heat_t=0.6_alpha_1.0,0.5998368298368298,0.4915823701528978,0.4906629010440773,False,ja,0.4406779661016949
full_klu_heatn_t=0.6_alpha_0.0,0.6600932400932401,0.5592050548425561,0.5597512715483469,False,ja,0.4406779661016949
full_klu_heatn_t=0.6_alpha_0.1,0.6616083916083916,0.5549448995437989,0.5555055574539922,False,ja,0.4406779661016949
full_klu_heatn_t=0.6_alpha_0.2,0.6614685314685316,0.5552779059166529,0.5558374349916841,False,ja,0.4406779661016949
full_klu_heatn_t=0.6_alpha_0.3,0.6615384615384615,0.5602030458300401,0.5607458795155343,False,ja,0.4406779661016949
full_klu_heatn_t=0.6_alpha_0.4,0.6613286713286713,0.5574715511374042,0.5580236441269412,False,ja,0.4406779661016949
full_klu_heatn_t=0.6_alpha_0.5,0.6614918414918415,0.5591143654117294,0.5596608895393198,False,ja,0.4406779661016949
full_klu_heatn_t=0.6_alpha_0.6,0.6603729603729603,0.5563208875080661,0.556876881052279,False,ja,0.4406779661016949
full_klu_heatn_t=0.6_alpha_0.7,0.6591142191142192,0.5537749921523842,0.5543396158503452,False,ja,0.4406779661016949
full_klu_heatn_t=0.6_alpha_0.8,0.6566666666666666,0.5498255839345487,0.5487086802027396,False,ja,0.4406779661016949
full_klu_heatn_t=0.6_alpha_0.9,0.6376689976689978,0.5351083056465863,0.5340412909937193,False,ja,0.4406779661016949
full_klu_heatn_t=0.6_alpha_1.0,0.3775291375291375,0.3548452480582589,0.35438929461755575,False,ja,0.4406779661016949
full_klu_heat_t=0.7_alpha_0.0,0.6600932400932401,0.5592050548425561,0.5597512715483469,False,ja,0.4406779661016949
full_klu_heat_t=0.7_alpha_0.1,0.661048951048951,0.5543140671515799,0.5548768634766622,False,ja,0.4406779661016949
full_klu_heat_t=0.7_alpha_0.2,0.6608158508158508,0.5524843489606392,0.5513584324660298,False,ja,0.4406779661016949
full_klu_heat_t=0.7_alpha_0.3,0.661002331002331,0.5547144890239859,0.5535810127325516,False,ja,0.4406779661016949
full_klu_heat_t=0.7_alpha_0.4,0.6594172494172494,0.5557712045274337,0.5563290614037841,False,ja,0.4406779661016949
full_klu_heat_t=0.7_alpha_0.5,0.6567599067599068,0.5531941083166081,0.5537607011123172,False,ja,0.4406779661016949
full_klu_heat_t=0.7_alpha_0.6,0.6547552447552447,0.5502032068039888,0.5490850229946562,False,ja,0.4406779661016949
full_klu_heat_t=0.7_alpha_0.7,0.6500932400932401,0.5474141608777865,0.5463054314614241,False,ja,0.4406779661016949
full_klu_heat_t=0.7_alpha_0.8,0.641002331002331,0.5427272165114627,0.5416343750421047,False,ja,0.4406779661016949
full_klu_heat_t=0.7_alpha_0.9,0.6264568764568764,0.5338948832078361,0.5328319818513717,False,ja,0.4406779661016949
full_klu_heat_t=0.7_alpha_1.0,0.5936363636363636,0.488005969153824,0.4870986234382207,False,ja,0.4406779661016949
full_klu_heatn_t=0.7_alpha_0.0,0.6600932400932401,0.5592050548425561,0.5597512715483469,False,ja,0.4406779661016949
full_klu_heatn_t=0.7_alpha_0.1,0.6615151515151515,0.552866290478092,0.5534339945207114,False,ja,0.4406779661016949
full_klu_heatn_t=0.7_alpha_0.2,0.6613286713286715,0.5539178644172222,0.5544820038024212,False,ja,0.4406779661016949
full_klu_heatn_t=0.7_alpha_0.3,0.6617016317016318,0.5573440392164203,0.5578965644497572,False,ja,0.4406779661016949
full_klu_heatn_t=0.7_alpha_0.4,0.6617016317016318,0.5555595701545124,0.5561181444355169,False,ja,0.4406779661016949
full_klu_heatn_t=0.7_alpha_0.5,0.660932400932401,0.558901468927788,0.5594487147383747,False,ja,0.4406779661016949
full_klu_heatn_t=0.7_alpha_0.6,0.6598368298368298,0.5538598491916047,0.5544241852385853,False,ja,0.4406779661016949
full_klu_heatn_t=0.7_alpha_0.7,0.6592773892773892,0.5534810454888317,0.5540466656161606,False,ja,0.4406779661016949
full_klu_heatn_t=0.7_alpha_0.8,0.6546853146853148,0.5488125269877409,0.5476990573472769,False,ja,0.4406779661016949
full_klu_heatn_t=0.7_alpha_0.9,0.6324475524475524,0.5316910668963339,0.5306356361036375,False,ja,0.4406779661016949
full_klu_heatn_t=0.7_alpha_1.0,0.376037296037296,0.35388850860465976,0.3534357983485451,False,ja,0.4406779661016949
full_klu_matern_kappa=1.0_nu=1.0_alpha_0.0,0.6600932400932401,0.5592050548425561,0.5597512715483469,False,ja,0.4406779661016949
full_klu_matern_kappa=1.0_nu=1.0_alpha_0.1,0.6614685314685315,0.5554798621943341,0.5560387066718138,False,ja,0.4406779661016949
full_klu_matern_kappa=1.0_nu=1.0_alpha_0.2,0.6627039627039628,0.5567113861114599,0.5572660559315933,False,ja,0.4406779661016949
full_klu_matern_kappa=1.0_nu=1.0_alpha_0.3,0.6629370629370629,0.5566100263000225,0.5571650397127372,False,ja,0.4406779661016949
full_klu_matern_kappa=1.0_nu=1.0_alpha_0.4,0.6633799533799534,0.5566696597041912,0.557224470969773,False,ja,0.4406779661016949
full_klu_matern_kappa=1.0_nu=1.0_alpha_0.5,0.6645687645687646,0.5574346699425269,0.5579868879530636,False,ja,0.4406779661016949
full_klu_matern_kappa=1.0_nu=1.0_alpha_0.6,0.663962703962704,0.5542495442082392,0.5548125592551634,False,ja,0.4406779661016949
full_klu_matern_kappa=1.0_nu=1.0_alpha_0.7,0.6629603729603729,0.5533767625153586,0.5539427361442925,False,ja,0.4406779661016949
full_klu_matern_kappa=1.0_nu=1.0_alpha_0.8,0.6611188811188811,0.5545449826423252,0.555106996203032,False,ja,0.4406779661016949
full_klu_matern_kappa=1.0_nu=1.0_alpha_0.9,0.6504195804195806,0.5439950033798786,0.5428978643279159,False,ja,0.4406779661016949
full_klu_matern_kappa=1.0_nu=1.0_alpha_1.0,0.6080885780885781,0.4942036459973568,0.4932752912077075,False,ja,0.4406779661016949
full_klu_maternn_kappa=1.0_nu=1.0_alpha_0.0,0.6600932400932401,0.5592050548425561,0.5597512715483469,False,ja,0.4406779661016949
full_klu_maternn_kappa=1.0_nu=1.0_alpha_0.1,0.6615151515151515,0.5546525404584715,0.5552141894164118,False,ja,0.4406779661016949
full_klu_maternn_kappa=1.0_nu=1.0_alpha_0.2,0.6613986013986015,0.5553252299417003,0.5558845985963076,False,ja,0.4406779661016949
full_klu_maternn_kappa=1.0_nu=1.0_alpha_0.3,0.6617016317016318,0.5553832406794232,0.5559424126874619,False,ja,0.4406779661016949
full_klu_maternn_kappa=1.0_nu=1.0_alpha_0.4,0.6614452214452214,0.5541208500096375,0.5546843013080823,False,ja,0.4406779661016949
full_klu_maternn_kappa=1.0_nu=1.0_alpha_0.5,0.6610023310023311,0.5544537289335055,0.5550160518288186,False,ja,0.4406779661016949
full_klu_maternn_kappa=1.0_nu=1.0_alpha_0.6,0.6605361305361306,0.5551835967523667,0.5557434455194802,False,ja,0.4406779661016949
full_klu_maternn_kappa=1.0_nu=1.0_alpha_0.7,0.6601631701631702,0.5561980411151762,0.5567544510878395,False,ja,0.4406779661016949
full_klu_maternn_kappa=1.0_nu=1.0_alpha_0.8,0.6587412587412587,0.5583894538435639,0.5589384352985038,False,ja,0.4406779661016949
full_klu_maternn_kappa=1.0_nu=1.0_alpha_0.9,0.6550582750582751,0.5512264356562377,0.5517996985287618,False,ja,0.4406779661016949
full_klu_maternn_kappa=1.0_nu=1.0_alpha_1.0,0.37771561771561774,0.3562140284409162,0.3557534350667126,False,ja,0.4406779661016949
full_klu_matern_kappa=1.0_nu=2.0_alpha_0.0,0.6600932400932401,0.5592050548425561,0.5597512715483469,False,ja,0.4406779661016949
full_klu_matern_kappa=1.0_nu=2.0_alpha_0.1,0.6618881118881119,0.5555118201917655,0.5560705563370505,False,ja,0.4406779661016949
full_klu_matern_kappa=1.0_nu=2.0_alpha_0.2,0.6626340326340326,0.5565354130564657,0.5570906793954297,False,ja,0.4406779661016949
full_klu_matern_kappa=1.0_nu=2.0_alpha_0.3,0.6639627039627041,0.5573016853190861,0.5578543541249564,False,ja,0.4406779661016949
full_klu_matern_kappa=1.0_nu=2.0_alpha_0.4,0.6648717948717948,0.5576387519603048,0.5581902781673912,False,ja,0.4406779661016949
full_klu_matern_kappa=1.0_nu=2.0_alpha_0.5,0.6634731934731934,0.5565611402449576,0.5571163193731132,False,ja,0.4406779661016949
full_klu_matern_kappa=1.0_nu=2.0_alpha_0.6,0.6626806526806526,0.55624746314863,0.5568037055889764,False,ja,0.4406779661016949
full_klu_matern_kappa=1.0_nu=2.0_alpha_0.7,0.6598368298368298,0.5528596078432205,0.5517324192846023,False,ja,0.4406779661016949
full_klu_matern_kappa=1.0_nu=2.0_alpha_0.8,0.654079254079254,0.5481563167982026,0.5470450715990591,False,ja,0.4406779661016949
full_klu_matern_kappa=1.0_nu=2.0_alpha_0.9,0.6387645687645688,0.5377987778892108,0.5367226429914537,False,ja,0.4406779661016949
full_klu_matern_kappa=1.0_nu=2.0_alpha_1.0,0.6078787878787879,0.49201246692104317,0.49109153985707643,False,ja,0.4406779661016949
full_klu_maternn_kappa=1.0_nu=2.0_alpha_0.0,0.6600932400932401,0.5592050548425561,0.5597512715483469,False,ja,0.4406779661016949
full_klu_maternn_kappa=1.0_nu=2.0_alpha_0.1,0.6613286713286713,0.5532494713875802,0.5538158765118624,False,ja,0.4406779661016949
full_klu_maternn_kappa=1.0_nu=2.0_alpha_0.2,0.6612820512820512,0.554377826876558,0.5549404070669794,False,ja,0.4406779661016949
full_klu_maternn_kappa=1.0_nu=2.0_alpha_0.3,0.6615850815850817,0.5559514973695743,0.5565087430837482,False,ja,0.4406779661016949
full_klu_maternn_kappa=1.0_nu=2.0_alpha_0.4,0.6617482517482518,0.5557797814052992,0.5563376092074875,False,ja,0.4406779661016949
full_klu_maternn_kappa=1.0_nu=2.0_alpha_0.5,0.661072261072261,0.5563485482024236,0.5569044479815708,False,ja,0.4406779661016949
full_klu_maternn_kappa=1.0_nu=2.0_alpha_0.6,0.6608624708624709,0.554628127992251,0.5551898597043141,False,ja,0.4406779661016949
full_klu_maternn_kappa=1.0_nu=2.0_alpha_0.7,0.6598368298368298,0.5585268336817268,0.5590753494423001,False,ja,0.4406779661016949
full_klu_maternn_kappa=1.0_nu=2.0_alpha_0.8,0.6584848484848486,0.5544203874526602,0.5549828233699423,False,ja,0.4406779661016949
full_klu_maternn_kappa=1.0_nu=2.0_alpha_0.9,0.6527505827505828,0.5491341626906739,0.5480196027596914,False,ja,0.4406779661016949
full_klu_maternn_kappa=1.0_nu=2.0_alpha_1.0,0.376946386946387,0.3542211965522131,0.3537673585403441,False,ja,0.4406779661016949
full_klu_matern_kappa=1.0_nu=3.0_alpha_0.0,0.6600932400932401,0.5592050548425561,0.5597512715483469,False,ja,0.4406779661016949
full_klu_matern_kappa=1.0_nu=3.0_alpha_0.1,0.6616550116550116,0.554558687175156,0.5551206542798194,False,ja,0.4406779661016949
full_klu_matern_kappa=1.0_nu=3.0_alpha_0.2,0.6631235431235432,0.5561363470815488,0.5566929661865295,False,ja,0.4406779661016949
full_klu_matern_kappa=1.0_nu=3.0_alpha_0.3,0.6644055944055944,0.556025310699642,0.5565823061991375,False,ja,0.4406779661016949
full_klu_matern_kappa=1.0_nu=3.0_alpha_0.4,0.6639860139860141,0.5557438843939105,0.5563018338808832,False,ja,0.4406779661016949
full_klu_matern_kappa=1.0_nu=3.0_alpha_0.5,0.6631934731934733,0.5554205604556137,0.5559796059559364,False,ja,0.4406779661016949
full_klu_matern_kappa=1.0_nu=3.0_alpha_0.6,0.6614685314685316,0.5544703443479537,0.5550326109198279,False,ja,0.4406779661016949
full_klu_matern_kappa=1.0_nu=3.0_alpha_0.7,0.6572727272727273,0.5496178274353369,0.5485016279628471,False,ja,0.4406779661016949
full_klu_matern_kappa=1.0_nu=3.0_alpha_0.8,0.6494871794871795,0.5449923980832047,0.5438918780322476,False,ja,0.4406779661016949
full_klu_matern_kappa=1.0_nu=3.0_alpha_0.9,0.635034965034965,0.5336275715915013,0.5325655763761092,False,ja,0.4406779661016949
full_klu_matern_kappa=1.0_nu=3.0_alpha_1.0,0.6078787878787879,0.4920122430829581,0.4910913167777645,False,ja,0.4406779661016949
full_klu_maternn_kappa=1.0_nu=3.0_alpha_0.0,0.6600932400932401,0.5592050548425561,0.5597512715483469,False,ja,0.4406779661016949
full_klu_maternn_kappa=1.0_nu=3.0_alpha_0.1,0.6613286713286713,0.5551677567740239,0.5557276592359791,False,ja,0.4406779661016949
full_klu_maternn_kappa=1.0_nu=3.0_alpha_0.2,0.6614685314685315,0.5559588787542473,0.5565160994467782,False,ja,0.4406779661016949
full_klu_maternn_kappa=1.0_nu=3.0_alpha_0.3,0.6616783216783215,0.5560224679187329,0.556579473054774,False,ja,0.4406779661016949
full_klu_maternn_kappa=1.0_nu=3.0_alpha_0.4,0.6617482517482517,0.5580731008116698,0.5586231546497686,False,ja,0.4406779661016949
full_klu_maternn_kappa=1.0_nu=3.0_alpha_0.5,0.6612820512820512,0.5588511810207188,0.5593985972987872,False,ja,0.4406779661016949
full_klu_maternn_kappa=1.0_nu=3.0_alpha_0.6,0.6609324009324009,0.5580477840223861,0.5585979236801097,False,ja,0.4406779661016949
full_klu_maternn_kappa=1.0_nu=3.0_alpha_0.7,0.6597435897435897,0.5586843635132763,0.5592323452744208,False,ja,0.4406779661016949
full_klu_maternn_kappa=1.0_nu=3.0_alpha_0.8,0.6585314685314685,0.5525732295923413,0.5531419270616922,False,ja,0.4406779661016949
full_klu_maternn_kappa=1.0_nu=3.0_alpha_0.9,0.6507692307692308,0.5422615051466062,0.5411702423598409,False,ja,0.4406779661016949
full_klu_maternn_kappa=1.0_nu=3.0_alpha_1.0,0.37745920745920747,0.35517616323161433,0.3547190880445609,False,ja,0.4406779661016949
full_klu_matern_kappa=2.0_nu=1.0_alpha_0.0,0.6600932400932401,0.5592050548425561,0.5597512715483469,False,ja,0.4406779661016949
full_klu_matern_kappa=2.0_nu=1.0_alpha_0.1,0.6612820512820512,0.5527816762502546,0.5533496671207652,False,ja,0.4406779661016949
full_klu_matern_kappa=2.0_nu=1.0_alpha_0.2,0.6611655011655012,0.5546319789469683,0.5551936976049475,False,ja,0.4406779661016949
full_klu_matern_kappa=2.0_nu=1.0_alpha_0.3,0.6621212121212121,0.5533337896051163,0.5538999089049323,False,ja,0.4406779661016949
full_klu_matern_kappa=2.0_nu=1.0_alpha_0.4,0.6621445221445221,0.5557283281810208,0.5562863304009183,False,ja,0.4406779661016949
full_klu_matern_kappa=2.0_nu=1.0_alpha_0.5,0.6616550116550117,0.5540937289655985,0.5546572721997858,False,ja,0.4406779661016949
full_klu_matern_kappa=2.0_nu=1.0_alpha_0.6,0.657948717948718,0.5530494830804432,0.5536165661311904,False,ja,0.4406779661016949
full_klu_matern_kappa=2.0_nu=1.0_alpha_0.7,0.6572727272727272,0.5515727073795156,0.5521447964495879,False,ja,0.4406779661016949
full_klu_matern_kappa=2.0_nu=1.0_alpha_0.8,0.6498135198135198,0.5443124954008867,0.5432142801047848,False,ja,0.4406779661016949
full_klu_matern_kappa=2.0_nu=1.0_alpha_0.9,0.6345920745920747,0.5377225743052894,0.5366466977247657,False,ja,0.4406779661016949
full_klu_matern_kappa=2.0_nu=1.0_alpha_1.0,0.5969696969696969,0.48852852640464933,0.4876194093085348,False,ja,0.4406779661016949
full_klu_maternn_kappa=2.0_nu=1.0_alpha_0.0,0.6600932400932401,0.5592050548425561,0.5597512715483469,False,ja,0.4406779661016949
full_klu_maternn_kappa=2.0_nu=1.0_alpha_0.1,0.6617016317016317,0.5553284167846466,0.5558877746363964,False,ja,0.4406779661016949
full_klu_maternn_kappa=2.0_nu=1.0_alpha_0.2,0.6613986013986014,0.5524957382560368,0.5530646984078836,False,ja,0.4406779661016949
full_klu_maternn_kappa=2.0_nu=1.0_alpha_0.3,0.6626340326340328,0.5559882164210541,0.5565453376638669,False,ja,0.4406779661016949
full_klu_maternn_kappa=2.0_nu=1.0_alpha_0.4,0.6626340326340325,0.5550105633145881,0.5555709986357279,False,ja,0.4406779661016949
full_klu_maternn_kappa=2.0_nu=1.0_alpha_0.5,0.6621678321678321,0.5549373609898388,0.5554980444544524,False,ja,0.4406779661016949
full_klu_maternn_kappa=2.0_nu=1.0_alpha_0.6,0.6613519813519814,0.5548816360059967,0.5554425083688607,False,ja,0.4406779661016949
full_klu_maternn_kappa=2.0_nu=1.0_alpha_0.7,0.6606060606060606,0.5535722300443198,0.5541375410714605,False,ja,0.4406779661016949
full_klu_maternn_kappa=2.0_nu=1.0_alpha_0.8,0.6597435897435897,0.5511247407149946,0.5516983483161332,False,ja,0.4406779661016949
full_klu_maternn_kappa=2.0_nu=1.0_alpha_0.9,0.6528671328671328,0.5463774338206346,0.5452722187332794,False,ja,0.4406779661016949
full_klu_maternn_kappa=2.0_nu=1.0_alpha_1.0,0.3655710955710955,0.3485605621959868,0.34982082802939307,False,ja,0.4406779661016949
full_klu_matern_kappa=2.0_nu=2.0_alpha_0.0,0.6600932400932401,0.5592050548425561,0.5597512715483469,False,ja,0.4406779661016949
full_klu_matern_kappa=2.0_nu=2.0_alpha_0.1,0.6606759906759906,0.5526756006708679,0.5532439511196136,False,ja,0.4406779661016949
full_klu_matern_kappa=2.0_nu=2.0_alpha_0.2,0.6598368298368298,0.5503994265548088,0.5492805775937785,False,ja,0.4406779661016949
full_klu_matern_kappa=2.0_nu=2.0_alpha_0.3,0.66011655011655,0.5515609103102904,0.5504381241161905,False,ja,0.4406779661016949
full_klu_matern_kappa=2.0_nu=2.0_alpha_0.4,0.6590909090909092,0.5544889320191123,0.5550511355819316,False,ja,0.4406779661016949
full_klu_matern_kappa=2.0_nu=2.0_alpha_0.5,0.6565734265734267,0.552318471944762,0.552888032999359,False,ja,0.4406779661016949
full_klu_matern_kappa=2.0_nu=2.0_alpha_0.6,0.6527972027972028,0.5491561122046333,0.549736393122756,False,ja,0.4406779661016949
full_klu_matern_kappa=2.0_nu=2.0_alpha_0.7,0.6504195804195805,0.5491500321637277,0.5497303336921587,False,ja,0.4406779661016949
full_klu_matern_kappa=2.0_nu=2.0_alpha_0.8,0.6430303030303031,0.5432717064289412,0.5438719344852867,False,ja,0.4406779661016949
full_klu_matern_kappa=2.0_nu=2.0_alpha_0.9,0.6247086247086246,0.5323186116260368,0.5312610535630701,False,ja,0.4406779661016949
full_klu_matern_kappa=2.0_nu=2.0_alpha_1.0,0.5860372960372959,0.48467193178859524,0.48377588789456905,False,ja,0.4406779661016949
full_klu_maternn_kappa=2.0_nu=2.0_alpha_0.0,0.6600932400932401,0.5592050548425561,0.5597512715483469,False,ja,0.4406779661016949
full_klu_maternn_kappa=2.0_nu=2.0_alpha_0.1,0.6615151515151515,0.5553179412018312,0.5558773345640312,False,ja,0.4406779661016949
full_klu_maternn_kappa=2.0_nu=2.0_alpha_0.2,0.6613752913752915,0.5526131608332298,0.553181722942442,False,ja,0.4406779661016949
full_klu_maternn_kappa=2.0_nu=2.0_alpha_0.3,0.6618414918414919,0.5528354859208131,0.5534032943856607,False,ja,0.4406779661016949
full_klu_maternn_kappa=2.0_nu=2.0_alpha_0.4,0.6625641025641026,0.5533406891168204,0.5539067850284611,False,ja,0.4406779661016949
full_klu_maternn_kappa=2.0_nu=2.0_alpha_0.5,0.6623076923076923,0.5528864441656429,0.5534540798906775,False,ja,0.4406779661016949
full_klu_maternn_kappa=2.0_nu=2.0_alpha_0.6,0.6615850815850817,0.5518951163783162,0.5524661125365281,False,ja,0.4406779661016949
full_klu_maternn_kappa=2.0_nu=2.0_alpha_0.7,0.660979020979021,0.5536957451391376,0.5542606374710417,False,ja,0.4406779661016949
full_klu_maternn_kappa=2.0_nu=2.0_alpha_0.8,0.6580885780885782,0.5524966984712271,0.5530656553681071,False,ja,0.4406779661016949
full_klu_maternn_kappa=2.0_nu=2.0_alpha_0.9,0.6482284382284382,0.5445034501915069,0.5434045875910302,False,ja,0.4406779661016949
full_klu_maternn_kappa=2.0_nu=2.0_alpha_1.0,0.36829836829836826,0.35010158300453953,0.3513566250385948,False,ja,0.4406779661016949
full_klu_matern_kappa=2.0_nu=3.0_alpha_0.0,0.6600932400932401,0.5592050548425561,0.5597512715483469,False,ja,0.4406779661016949
full_klu_matern_kappa=2.0_nu=3.0_alpha_0.1,0.6598368298368298,0.5518052908554667,0.5523765915069765,False,ja,0.4406779661016949
full_klu_matern_kappa=2.0_nu=3.0_alpha_0.2,0.6591841491841491,0.552311365349042,0.5511860352395566,False,ja,0.4406779661016949
full_klu_matern_kappa=2.0_nu=3.0_alpha_0.3,0.6590442890442891,0.5511013167263451,0.5499800884765976,False,ja,0.4406779661016949
full_klu_matern_kappa=2.0_nu=3.0_alpha_0.4,0.6568997668997669,0.5511984888182375,0.5500769311715684,False,ja,0.4406779661016949
full_klu_matern_kappa=2.0_nu=3.0_alpha_0.5,0.6546153846153846,0.5505191078197784,0.5493998531595448,False,ja,0.4406779661016949
full_klu_matern_kappa=2.0_nu=3.0_alpha_0.6,0.6504195804195805,0.547088149993322,0.5476754409528392,False,ja,0.4406779661016949
full_klu_matern_kappa=2.0_nu=3.0_alpha_0.7,0.6461771561771562,0.5471549860320983,0.5477420504287719,False,ja,0.4406779661016949
full_klu_matern_kappa=2.0_nu=3.0_alpha_0.8,0.6391841491841491,0.5422591195599017,0.5411678648598709,False,ja,0.4406779661016949
full_klu_matern_kappa=2.0_nu=3.0_alpha_0.9,0.6215617715617716,0.532784496277594,0.5317253589446218,False,ja,0.4406779661016949
full_klu_matern_kappa=2.0_nu=3.0_alpha_1.0,0.5806526806526806,0.48570882589030706,0.4848092671010208,False,ja,0.4406779661016949
full_klu_maternn_kappa=2.0_nu=3.0_alpha_0.0,0.6600932400932401,0.5592050548425561,0.5597512715483469,False,ja,0.4406779661016949
full_klu_maternn_kappa=2.0_nu=3.0_alpha_0.1,0.6613752913752915,0.5543186651823551,0.5548814459208923,False,ja,0.4406779661016949
full_klu_maternn_kappa=2.0_nu=3.0_alpha_0.2,0.6614685314685315,0.5547555132715679,0.5553168131691248,False,ja,0.4406779661016949
full_klu_maternn_kappa=2.0_nu=3.0_alpha_0.3,0.661934731934732,0.5553213552458156,0.5558807370349852,False,ja,0.4406779661016949
full_klu_maternn_kappa=2.0_nu=3.0_alpha_0.4,0.6623543123543125,0.5550468213721309,0.5556071337846011,False,ja,0.4406779661016949
full_klu_maternn_kappa=2.0_nu=3.0_alpha_0.5,0.6618181818181819,0.5552717451996741,0.5558312951584915,False,ja,0.4406779661016949
full_klu_maternn_kappa=2.0_nu=3.0_alpha_0.6,0.6616317016317017,0.5545053398745443,0.5550674878175148,False,ja,0.4406779661016949
full_klu_maternn_kappa=2.0_nu=3.0_alpha_0.7,0.6606993006993007,0.5510560576455803,0.551629898070683,False,ja,0.4406779661016949
full_klu_maternn_kappa=2.0_nu=3.0_alpha_0.8,0.6579953379953379,0.5529907044408658,0.5535579867412387,False,ja,0.4406779661016949
full_klu_maternn_kappa=2.0_nu=3.0_alpha_0.9,0.6472960372960372,0.5433841946694191,0.5422891261554579,False,ja,0.4406779661016949
full_klu_maternn_kappa=2.0_nu=3.0_alpha_1.0,0.3681351981351981,0.35056466434644684,0.3518181366132414,False,ja,0.4406779661016949
full_klu_matern_kappa=3.0_nu=1.0_alpha_0.0,0.6600932400932401,0.5592050548425561,0.5597512715483469,False,ja,0.4406779661016949
full_klu_matern_kappa=3.0_nu=1.0_alpha_0.1,0.6607226107226107,0.5532889575728832,0.5538552288456898,False,ja,0.4406779661016949
full_klu_matern_kappa=3.0_nu=1.0_alpha_0.2,0.661095571095571,0.5526297966920843,0.5531983024085547,False,ja,0.4406779661016949
full_klu_matern_kappa=3.0_nu=1.0_alpha_0.3,0.660815850815851,0.5543942008592608,0.554956725544656,False,ja,0.4406779661016949
full_klu_matern_kappa=3.0_nu=1.0_alpha_0.4,0.6601165501165501,0.5520170077731406,0.5525875907401835,False,ja,0.4406779661016949
full_klu_matern_kappa=3.0_nu=1.0_alpha_0.5,0.6585780885780885,0.5528201558137625,0.5533880162450747,False,ja,0.4406779661016949
full_klu_matern_kappa=3.0_nu=1.0_alpha_0.6,0.6543589743589744,0.5486360402993536,0.5492180841730875,False,ja,0.4406779661016949
full_klu_matern_kappa=3.0_nu=1.0_alpha_0.7,0.6511655011655011,0.5476834979547762,0.5482687707856104,False,ja,0.4406779661016949
full_klu_matern_kappa=3.0_nu=1.0_alpha_0.8,0.6464335664335664,0.5443814236105396,0.5432829746594898,False,ja,0.4406779661016949
full_klu_matern_kappa=3.0_nu=1.0_alpha_0.9,0.6295804195804195,0.5352172057595905,0.5358447372080354,False,ja,0.4406779661016949
full_klu_matern_kappa=3.0_nu=1.0_alpha_1.0,0.5883682983682983,0.48550883174642256,0.4846099509033867,False,ja,0.4406779661016949
full_klu_maternn_kappa=3.0_nu=1.0_alpha_0.0,0.6600932400932401,0.5592050548425561,0.5597512715483469,False,ja,0.4406779661016949
full_klu_maternn_kappa=3.0_nu=1.0_alpha_0.1,0.6616083916083916,0.5527297373201279,0.5532979042548083,False,ja,0.4406779661016949
full_klu_maternn_kappa=3.0_nu=1.0_alpha_0.2,0.6616083916083916,0.5547995790847715,0.5553607296066905,False,ja,0.4406779661016949
full_klu_maternn_kappa=3.0_nu=1.0_alpha_0.3,0.662051282051282,0.5555909892546709,0.5561494570302512,False,ja,0.4406779661016949
full_klu_maternn_kappa=3.0_nu=1.0_alpha_0.4,0.6625641025641025,0.5532553999342642,0.5538217849617781,False,ja,0.4406779661016949
full_klu_maternn_kappa=3.0_nu=1.0_alpha_0.5,0.6621678321678321,0.5526025545717098,0.553171152634351,False,ja,0.4406779661016949
full_klu_maternn_kappa=3.0_nu=1.0_alpha_0.6,0.6620512820512822,0.5547109903585355,0.5552724411812212,False,ja,0.4406779661016949
full_klu_maternn_kappa=3.0_nu=1.0_alpha_0.7,0.6618648018648019,0.5520853236816418,0.552655675069334,False,ja,0.4406779661016949
full_klu_maternn_kappa=3.0_nu=1.0_alpha_0.8,0.6597435897435897,0.5497468961743184,0.5503251744349167,False,ja,0.4406779661016949
full_klu_maternn_kappa=3.0_nu=1.0_alpha_0.9,0.6575524475524476,0.5451404906759295,0.5440394686161835,False,ja,0.4406779661016949
full_klu_maternn_kappa=3.0_nu=1.0_alpha_1.0,0.5707459207459207,0.4904460336985712,0.4895304165777315,False,ja,0.4406779661016949
full_klu_matern_kappa=3.0_nu=2.0_alpha_0.0,0.6600932400932401,0.5592050548425561,0.5597512715483469,False,ja,0.4406779661016949
full_klu_matern_kappa=3.0_nu=2.0_alpha_0.1,0.6600699300699301,0.5516282087084117,0.552200109638386,False,ja,0.4406779661016949
full_klu_matern_kappa=3.0_nu=2.0_alpha_0.2,0.658997668997669,0.5490402104707819,0.5479259690219008,False,ja,0.4406779661016949
full_klu_matern_kappa=3.0_nu=2.0_alpha_0.3,0.6577389277389276,0.5506336671881847,0.5495140241911091,False,ja,0.4406779661016949
full_klu_matern_kappa=3.0_nu=2.0_alpha_0.4,0.6562470862470862,0.5488459566493691,0.5477323736880182,False,ja,0.4406779661016949
full_klu_matern_kappa=3.0_nu=2.0_alpha_0.5,0.6531235431235431,0.5462872849119289,0.5451823754140946,False,ja,0.4406779661016949
full_klu_matern_kappa=3.0_nu=2.0_alpha_0.6,0.6513053613053612,0.5451033772654081,0.5440024810138333,False,ja,0.4406779661016949
full_klu_matern_kappa=3.0_nu=2.0_alpha_0.7,0.6468764568764569,0.544973757281213,0.5455682156736525,False,ja,0.4406779661016949
full_klu_matern_kappa=3.0_nu=2.0_alpha_0.8,0.6390909090909092,0.5400297058989622,0.5406409237876126,False,ja,0.4406779661016949
full_klu_matern_kappa=3.0_nu=2.0_alpha_0.9,0.6219347319347319,0.5342429312506378,0.5348737653245369,False,ja,0.4406779661016949
full_klu_matern_kappa=3.0_nu=2.0_alpha_1.0,0.574032634032634,0.48242940852513616,0.4815409664048843,False,ja,0.4406779661016949
full_klu_maternn_kappa=3.0_nu=2.0_alpha_0.0,0.6600932400932401,0.5592050548425561,0.5597512715483469,False,ja,0.4406779661016949
full_klu_maternn_kappa=3.0_nu=2.0_alpha_0.1,0.6616083916083916,0.5536535500855901,0.5542185854515742,False,ja,0.4406779661016949
full_klu_maternn_kappa=3.0_nu=2.0_alpha_0.2,0.6616550116550116,0.552338952867323,0.5529084444950638,False,ja,0.4406779661016949
full_klu_maternn_kappa=3.0_nu=2.0_alpha_0.3,0.6617249417249418,0.5548931079526256,0.5554539414275348,False,ja,0.4406779661016949
full_klu_maternn_kappa=3.0_nu=2.0_alpha_0.4,0.6617016317016318,0.5551562000359329,0.5557161416732717,False,ja,0.4406779661016949
full_klu_maternn_kappa=3.0_nu=2.0_alpha_0.5,0.6613053613053613,0.5544854339492671,0.5550476493699504,False,ja,0.4406779661016949
full_klu_maternn_kappa=3.0_nu=2.0_alpha_0.6,0.6609090909090909,0.5534203669610664,0.55398619277832,False,ja,0.4406779661016949
full_klu_maternn_kappa=3.0_nu=2.0_alpha_0.7,0.6596270396270396,0.5526043352376505,0.5531729272641359,False,ja,0.4406779661016949
full_klu_maternn_kappa=3.0_nu=2.0_alpha_0.8,0.6593473193473194,0.5531045062116733,0.5536714027433316,False,ja,0.4406779661016949
full_klu_maternn_kappa=3.0_nu=2.0_alpha_0.9,0.6513752913752914,0.5473419941263088,0.5479284245972394,False,ja,0.4406779661016949
full_klu_maternn_kappa=3.0_nu=2.0_alpha_1.0,0.5721911421911421,0.47152095114847453,0.47066948684983856,False,ja,0.4406779661016949
full_klu_matern_kappa=3.0_nu=3.0_alpha_0.0,0.6600932400932401,0.5592050548425561,0.5597512715483469,False,ja,0.4406779661016949
full_klu_matern_kappa=3.0_nu=3.0_alpha_0.1,0.6599300699300699,0.5533997357622025,0.5539656315157233,False,ja,0.4406779661016949
full_klu_matern_kappa=3.0_nu=3.0_alpha_0.2,0.6585780885780885,0.5513021081707824,0.5501801992720707,False,ja,0.4406779661016949
full_klu_matern_kappa=3.0_nu=3.0_alpha_0.3,0.6575990675990676,0.5507525581785777,0.5496325121611956,False,ja,0.4406779661016949
full_klu_matern_kappa=3.0_nu=3.0_alpha_0.4,0.655128205128205,0.5488893227971023,0.547775592831861,False,ja,0.4406779661016949
full_klu_matern_kappa=3.0_nu=3.0_alpha_0.5,0.6532167832167831,0.5482372645913582,0.5471257449929157,False,ja,0.4406779661016949
full_klu_matern_kappa=3.0_nu=3.0_alpha_0.6,0.6497668997668997,0.5460667984318903,0.5449626363458528,False,ja,0.4406779661016949
full_klu_matern_kappa=3.0_nu=3.0_alpha_0.7,0.6453379953379954,0.5433160913297941,0.5422212536746113,False,ja,0.4406779661016949
full_klu_matern_kappa=3.0_nu=3.0_alpha_0.8,0.6396503496503496,0.5420434116937952,0.5426478034611073,False,ja,0.4406779661016949
full_klu_matern_kappa=3.0_nu=3.0_alpha_0.9,0.6175058275058276,0.5335843483869307,0.5342174149451134,False,ja,0.4406779661016949
full_klu_matern_kappa=3.0_nu=3.0_alpha_1.0,0.5703496503496504,0.48204681062257515,0.48115966544436584,False,ja,0.4406779661016949
full_klu_maternn_kappa=3.0_nu=3.0_alpha_0.0,0.6600932400932401,0.5592050548425561,0.5597512715483469,False,ja,0.4406779661016949
full_klu_maternn_kappa=3.0_nu=3.0_alpha_0.1,0.6614918414918416,0.5550736739548282,0.5556338953415942,False,ja,0.4406779661016949
full_klu_maternn_kappa=3.0_nu=3.0_alpha_0.2,0.6613286713286712,0.5534851388970312,0.5540507451484,False,ja,0.4406779661016949
full_klu_maternn_kappa=3.0_nu=3.0_alpha_0.3,0.6614219114219115,0.5547908076481336,0.555351987903736,False,ja,0.4406779661016949
full_klu_maternn_kappa=3.0_nu=3.0_alpha_0.4,0.6613519813519814,0.5548803496500654,0.5554412263734579,False,ja,0.4406779661016949
full_klu_maternn_kappa=3.0_nu=3.0_alpha_0.5,0.6606759906759907,0.5540772930734943,0.5546408920225699,False,ja,0.4406779661016949
full_klu_maternn_kappa=3.0_nu=3.0_alpha_0.6,0.6597435897435898,0.5508538833248942,0.5514284090866771,False,ja,0.4406779661016949
full_klu_maternn_kappa=3.0_nu=3.0_alpha_0.7,0.6583916083916083,0.5531364731496118,0.5537032613187685,False,ja,0.4406779661016949
full_klu_maternn_kappa=3.0_nu=3.0_alpha_0.8,0.6550116550116549,0.5504750465131829,0.5510508564675479,False,ja,0.4406779661016949
full_klu_maternn_kappa=3.0_nu=3.0_alpha_0.9,0.6434032634032634,0.5423871294359597,0.5429903560583832,False,ja,0.4406779661016949
full_klu_maternn_kappa=3.0_nu=3.0_alpha_1.0,0.578041958041958,0.48227265199028835,0.48138474124812075,False,ja,0.4406779661016949
deberta_full_klu_heat_t=0.1_alpha_0.0,0.6600932400932401,0.5592050548425561,0.5597512715483469,False,ja,0.4406779661016949
deberta_full_klu_heat_t=0.1_alpha_0.1,0.6613053613053612,0.5590873503146638,0.5596339660188543,False,ja,0.4406779661016949
deberta_full_klu_heat_t=0.1_alpha_0.2,0.6604662004662004,0.5588273156601853,0.5593748128377809,False,ja,0.4406779661016949
deberta_full_klu_heat_t=0.1_alpha_0.3,0.6606526806526807,0.5587812482713794,0.559328901609615,False,ja,0.4406779661016949
deberta_full_klu_heat_t=0.1_alpha_0.4,0.6605594405594406,0.5583877704248279,0.558936757586272,False,ja,0.4406779661016949
deberta_full_klu_heat_t=0.1_alpha_0.5,0.6602331002331002,0.5580405809055584,0.5585907449806272,False,ja,0.4406779661016949
deberta_full_klu_heat_t=0.1_alpha_0.6,0.6606060606060606,0.5562772986829163,0.5568334399858584,False,ja,0.4406779661016949
deberta_full_klu_heat_t=0.1_alpha_0.7,0.6601398601398601,0.5558964990469112,0.556453931196077,False,ja,0.4406779661016949
deberta_full_klu_heat_t=0.1_alpha_0.8,0.658974358974359,0.5549307752007369,0.5554914809900592,False,ja,0.4406779661016949
deberta_full_klu_heat_t=0.1_alpha_0.9,0.6587412587412587,0.5562836418167469,0.5568397616175406,False,ja,0.4406779661016949
deberta_full_klu_heat_t=0.1_alpha_1.0,0.5,0.4361943463430718,0.43715754850140326,False,ja,0.4406779661016949
deberta_full_klu_heatn_t=0.1_alpha_0.0,0.6600932400932401,0.5592050548425561,0.5597512715483469,False,ja,0.4406779661016949
deberta_full_klu_heatn_t=0.1_alpha_0.1,0.6609324009324009,0.5596484604403479,0.5601931740763157,False,ja,0.4406779661016949
deberta_full_klu_heatn_t=0.1_alpha_0.2,0.6606060606060605,0.5595117386677152,0.5600569157673191,False,ja,0.4406779661016949
deberta_full_klu_heatn_t=0.1_alpha_0.3,0.661025641025641,0.5596639054669676,0.560208566746913,False,ja,0.4406779661016949
deberta_full_klu_heatn_t=0.1_alpha_0.4,0.6606526806526807,0.5573717978716295,0.5579242290078303,False,ja,0.4406779661016949
deberta_full_klu_heatn_t=0.1_alpha_0.5,0.6608391608391608,0.5575188969593066,0.5580708294545321,False,ja,0.4406779661016949
deberta_full_klu_heatn_t=0.1_alpha_0.6,0.6600466200466201,0.5570394694162262,0.5575930270895638,False,ja,0.4406779661016949
deberta_full_klu_heatn_t=0.1_alpha_0.7,0.6592074592074593,0.5567965205597496,0.557350901788533,False,ja,0.4406779661016949
deberta_full_klu_heatn_t=0.1_alpha_0.8,0.6592540792540793,0.5567862193185575,0.5573406354668027,False,ja,0.4406779661016949
deberta_full_klu_heatn_t=0.1_alpha_0.9,0.6590675990675992,0.556795358262274,0.5573497434310488,False,ja,0.4406779661016949
deberta_full_klu_heatn_t=0.1_alpha_1.0,0.5,0.4361943463430718,0.43715754850140326,False,ja,0.4406779661016949
deberta_full_klu_heat_t=0.2_alpha_0.0,0.6600932400932401,0.5592050548425561,0.5597512715483469,False,ja,0.4406779661016949
deberta_full_klu_heat_t=0.2_alpha_0.1,0.6603263403263402,0.5579881766484781,0.5585385183650963,False,ja,0.4406779661016949
deberta_full_klu_heat_t=0.2_alpha_0.2,0.6603263403263404,0.5579656855632438,0.5585161035208289,False,ja,0.4406779661016949
deberta_full_klu_heat_t=0.2_alpha_0.3,0.6599533799533799,0.5578437428680402,0.5583945741906936,False,ja,0.4406779661016949
deberta_full_klu_heat_t=0.2_alpha_0.4,0.6598135198135198,0.5577624765215928,0.5583135833233869,False,ja,0.4406779661016949
deberta_full_klu_heat_t=0.2_alpha_0.5,0.6593939393939394,0.5572161976937269,0.5577691562881578,False,ja,0.4406779661016949
deberta_full_klu_heat_t=0.2_alpha_0.6,0.6593473193473194,0.5573199989366341,0.5578726056624449,False,ja,0.4406779661016949
deberta_full_klu_heat_t=0.2_alpha_0.7,0.6590675990675992,0.5568560734374678,0.5574102527920894,False,ja,0.4406779661016949
deberta_full_klu_heat_t=0.2_alpha_0.8,0.6589277389277389,0.5564325258164775,0.5569881409257466,False,ja,0.4406779661016949
deberta_full_klu_heat_t=0.2_alpha_0.9,0.6579487179487179,0.5554699285486246,0.5560288066994796,False,ja,0.4406779661016949
deberta_full_klu_heat_t=0.2_alpha_1.0,0.5,0.4361943463430718,0.43715754850140326,False,ja,0.4406779661016949
deberta_full_klu_heatn_t=0.2_alpha_0.0,0.6600932400932401,0.5592050548425561,0.5597512715483469,False,ja,0.4406779661016949
deberta_full_klu_heatn_t=0.2_alpha_0.1,0.661072261072261,0.5597178202738335,0.5602622987917217,False,ja,0.4406779661016949
deberta_full_klu_heatn_t=0.2_alpha_0.2,0.6605594405594406,0.5594069140713154,0.5599524465085342,False,ja,0.4406779661016949
deberta_full_klu_heatn_t=0.2_alpha_0.3,0.660979020979021,0.5597050226340088,0.5602495445337269,False,ja,0.4406779661016949
deberta_full_klu_heatn_t=0.2_alpha_0.4,0.6602797202797204,0.557122586707576,0.5576758626273836,False,ja,0.4406779661016949
deberta_full_klu_heatn_t=0.2_alpha_0.5,0.6608391608391608,0.5574589114697357,0.5580110473056039,False,ja,0.4406779661016949
deberta_full_klu_heatn_t=0.2_alpha_0.6,0.6602331002331003,0.5571516044259106,0.5577047819805715,False,ja,0.4406779661016949
deberta_full_klu_heatn_t=0.2_alpha_0.7,0.6593939393939394,0.5566004276016814,0.5571554735523564,False,ja,0.4406779661016949
deberta_full_klu_heatn_t=0.2_alpha_0.8,0.6597668997668997,0.5567996905852152,0.5573540610681496,False,ja,0.4406779661016949
deberta_full_klu_heatn_t=0.2_alpha_0.9,0.6594871794871795,0.5559485510474729,0.5565058067491792,False,ja,0.4406779661016949
deberta_full_klu_heatn_t=0.2_alpha_1.0,0.5,0.4361943463430718,0.43715754850140326,False,ja,0.4406779661016949
deberta_full_klu_heat_t=0.3_alpha_0.0,0.6600932400932401,0.5592050548425561,0.5597512715483469,False,ja,0.4406779661016949
deberta_full_klu_heat_t=0.3_alpha_0.1,0.6598135198135198,0.5574607154429058,0.5580128451636106,False,ja,0.4406779661016949
deberta_full_klu_heat_t=0.3_alpha_0.2,0.6595337995337995,0.5572763250556532,0.5578290798285183,False,ja,0.4406779661016949
deberta_full_klu_heat_t=0.3_alpha_0.3,0.6595337995337995,0.5581869001741493,0.5587365682516975,False,ja,0.4406779661016949
deberta_full_klu_heat_t=0.3_alpha_0.4,0.6595804195804197,0.5579733494871124,0.5585237414652946,False,ja,0.4406779661016949
deberta_full_klu_heat_t=0.3_alpha_0.5,0.6591142191142191,0.5563823581921385,0.5569381433611511,False,ja,0.4406779661016949
deberta_full_klu_heat_t=0.3_alpha_0.6,0.6590209790209789,0.5561063363777687,0.5566630572139486,False,ja,0.4406779661016949
deberta_full_klu_heat_t=0.3_alpha_0.7,0.6586480186480187,0.5565733906607699,0.5571285282620922,False,ja,0.4406779661016949
deberta_full_klu_heat_t=0.3_alpha_0.8,0.6585081585081585,0.5557786263653239,0.5563364580829019,False,ja,0.4406779661016949
deberta_full_klu_heat_t=0.3_alpha_0.9,0.6583682983682984,0.5558551556820733,0.5564127279782387,False,ja,0.4406779661016949
deberta_full_klu_heat_t=0.3_alpha_1.0,0.5,0.4361943463430718,0.43715754850140326,False,ja,0.4406779661016949
deberta_full_klu_heatn_t=0.3_alpha_0.0,0.6600932400932401,0.5592050548425561,0.5597512715483469,False,ja,0.4406779661016949
deberta_full_klu_heatn_t=0.3_alpha_0.1,0.661072261072261,0.5596345256813758,0.5601792865538147,False,ja,0.4406779661016949
deberta_full_klu_heatn_t=0.3_alpha_0.2,0.6605128205128206,0.5594039155584448,0.559949458160114,False,ja,0.4406779661016949
deberta_full_klu_heatn_t=0.3_alpha_0.3,0.6610722610722611,0.5596906240760542,0.5602351947844432,False,ja,0.4406779661016949
deberta_full_klu_heatn_t=0.3_alpha_0.4,0.6606060606060606,0.5574269526166613,0.5579791967876248,False,ja,0.4406779661016949
deberta_full_klu_heatn_t=0.3_alpha_0.5,0.6606060606060606,0.5573826563889056,0.5579350507165732,False,ja,0.4406779661016949
deberta_full_klu_heatn_t=0.3_alpha_0.6,0.66009324009324,0.5568915407913813,0.5574455999176845,False,ja,0.4406779661016949
deberta_full_klu_heatn_t=0.3_alpha_0.7,0.66004662004662,0.557023853522514,0.5575774641310848,False,ja,0.4406779661016949
deberta_full_klu_heatn_t=0.3_alpha_0.8,0.6602331002331002,0.5565117281922802,0.5570670748189194,False,ja,0.4406779661016949
deberta_full_klu_heatn_t=0.3_alpha_0.9,0.6593006993006992,0.5553975410045648,0.5559566645369252,False,ja,0.4406779661016949
deberta_full_klu_heatn_t=0.3_alpha_1.0,0.5,0.4361943463430718,0.43715754850140326,False,ja,0.4406779661016949
deberta_full_klu_heat_t=0.4_alpha_0.0,0.6600932400932401,0.5592050548425561,0.5597512715483469,False,ja,0.4406779661016949
deberta_full_klu_heat_t=0.4_alpha_0.1,0.6599067599067598,0.5584378520969353,0.5589866694899993,False,ja,0.4406779661016949
deberta_full_klu_heat_t=0.4_alpha_0.2,0.6595804195804196,0.5583325233479869,0.5588816977876575,False,ja,0.4406779661016949
deberta_full_klu_heat_t=0.4_alpha_0.3,0.6595804195804195,0.5584457852491546,0.5589945757501772,False,ja,0.4406779661016949
deberta_full_klu_heat_t=0.4_alpha_0.4,0.6594871794871794,0.557987249093814,0.5585375939546854,False,ja,0.4406779661016949
deberta_full_klu_heat_t=0.4_alpha_0.5,0.6589277389277389,0.5574085644717863,0.5579608709754442,False,ja,0.4406779661016949
deberta_full_klu_heat_t=0.4_alpha_0.6,0.6588811188811188,0.5571000591131575,0.5576534113976921,False,ja,0.4406779661016949
deberta_full_klu_heat_t=0.4_alpha_0.7,0.658974358974359,0.5568469624715764,0.5574011727108281,False,ja,0.4406779661016949
deberta_full_klu_heat_t=0.4_alpha_0.8,0.6583682983682984,0.5562451594664662,0.5568014097159047,False,ja,0.4406779661016949
deberta_full_klu_heat_t=0.4_alpha_0.9,0.6574825174825174,0.5549654897902432,0.5555260779029909,False,ja,0.4406779661016949
deberta_full_klu_heat_t=0.4_alpha_1.0,0.5,0.4361943463430718,0.43715754850140326,False,ja,0.4406779661016949
deberta_full_klu_heatn_t=0.4_alpha_0.0,0.6600932400932401,0.5592050548425561,0.5597512715483469,False,ja,0.4406779661016949
deberta_full_klu_heatn_t=0.4_alpha_0.1,0.6611655011655011,0.5596702605473795,0.5602149002846794,False,ja,0.4406779661016949
deberta_full_klu_heatn_t=0.4_alpha_0.2,0.6605128205128206,0.5594039155584448,0.559949458160114,False,ja,0.4406779661016949
deberta_full_klu_heatn_t=0.4_alpha_0.3,0.6611655011655011,0.5596706643857974,0.5602153027541534,False,ja,0.4406779661016949
deberta_full_klu_heatn_t=0.4_alpha_0.4,0.6606993006993007,0.5574569117362314,0.5580090543508573,False,ja,0.4406779661016949
deberta_full_klu_heatn_t=0.4_alpha_0.5,0.6604662004662005,0.5571520658098655,0.557705241800513,False,ja,0.4406779661016949
deberta_full_klu_heatn_t=0.4_alpha_0.6,0.6605128205128206,0.5569862263712386,0.5575399645294747,False,ja,0.4406779661016949
deberta_full_klu_heatn_t=0.4_alpha_0.7,0.6602797202797203,0.5565190255194579,0.5570743474093948,False,ja,0.4406779661016949
deberta_full_klu_heatn_t=0.4_alpha_0.8,0.6602331002331001,0.5563613990722109,0.5569172552890878,False,ja,0.4406779661016949
deberta_full_klu_heatn_t=0.4_alpha_0.9,0.6593473193473193,0.5553244189238725,0.5558837903276929,False,ja,0.4406779661016949
deberta_full_klu_heatn_t=0.4_alpha_1.0,0.5,0.4361943463430718,0.43715754850140326,False,ja,0.4406779661016949
deberta_full_klu_heat_t=0.5_alpha_0.0,0.6600932400932401,0.5592050548425561,0.5597512715483469,False,ja,0.4406779661016949
deberta_full_klu_heat_t=0.5_alpha_0.1,0.6603263403263402,0.5588848626276185,0.5594321647307481,False,ja,0.4406779661016949
deberta_full_klu_heat_t=0.5_alpha_0.2,0.6596270396270396,0.5582312661931128,0.5587807838773764,False,ja,0.4406779661016949
deberta_full_klu_heat_t=0.5_alpha_0.3,0.6597668997668997,0.5582199890007474,0.5587695449127815,False,ja,0.4406779661016949
deberta_full_klu_heat_t=0.5_alpha_0.4,0.6589743589743589,0.5574484540095062,0.558000625294392,False,ja,0.4406779661016949
deberta_full_klu_heat_t=0.5_alpha_0.5,0.6588344988344988,0.5572140894894018,0.557767055230288,False,ja,0.4406779661016949
deberta_full_klu_heat_t=0.5_alpha_0.6,0.6589277389277389,0.5571439865790855,0.5576971899569558,False,ja,0.4406779661016949
deberta_full_klu_heat_t=0.5_alpha_0.7,0.6591142191142191,0.5569214024119827,0.5574753603124535,False,ja,0.4406779661016949
deberta_full_klu_heat_t=0.5_alpha_0.8,0.6589277389277389,0.5564650460154684,0.5570205508867748,False,ja,0.4406779661016949
deberta_full_klu_heat_t=0.5_alpha_0.9,0.6578088578088578,0.555951399471261,0.5565086455172934,False,ja,0.4406779661016949
deberta_full_klu_heat_t=0.5_alpha_1.0,0.5,0.4361943463430718,0.43715754850140326,False,ja,0.4406779661016949
deberta_full_klu_heatn_t=0.5_alpha_0.0,0.6600932400932401,0.5592050548425561,0.5597512715483469,False,ja,0.4406779661016949
deberta_full_klu_heatn_t=0.5_alpha_0.1,0.6613519813519813,0.5595632541724406,0.5601082566432148,False,ja,0.4406779661016949
deberta_full_klu_heatn_t=0.5_alpha_0.2,0.6606060606060606,0.5593760920066572,0.559921728925451,False,ja,0.4406779661016949
deberta_full_klu_heatn_t=0.5_alpha_0.3,0.660979020979021,0.5595939937006689,0.5601388919696525,False,ja,0.4406779661016949
deberta_full_klu_heatn_t=0.5_alpha_0.4,0.6608857808857809,0.5594388916407849,0.559984315679463,False,ja,0.4406779661016949
deberta_full_klu_heatn_t=0.5_alpha_0.5,0.6605128205128206,0.5568948538854668,0.5574489017809426,False,ja,0.4406779661016949
deberta_full_klu_heatn_t=0.5_alpha_0.6,0.6602797202797203,0.5563234198664546,0.5568794048264017,False,ja,0.4406779661016949
deberta_full_klu_heatn_t=0.5_alpha_0.7,0.6600932400932401,0.5562006776475472,0.5567570786828124,False,ja,0.4406779661016949
deberta_full_klu_heatn_t=0.5_alpha_0.8,0.6600932400932401,0.5561163385913558,0.5566730255217269,False,ja,0.4406779661016949
deberta_full_klu_heatn_t=0.5_alpha_0.9,0.6596270396270396,0.5554127281755707,0.5559718002259953,False,ja,0.4406779661016949
deberta_full_klu_heatn_t=0.5_alpha_1.0,0.5,0.4361943463430718,0.43715754850140326,False,ja,0.4406779661016949
deberta_full_klu_heat_t=0.6_alpha_0.0,0.6600932400932401,0.5592050548425561,0.5597512715483469,False,ja,0.4406779661016949
deberta_full_klu_heat_t=0.6_alpha_0.1,0.6602797202797203,0.5589097827223588,0.5594570003505909,False,ja,0.4406779661016949
deberta_full_klu_heat_t=0.6_alpha_0.2,0.6596270396270396,0.5581012816629285,0.558651239972718,False,ja,0.4406779661016949
deberta_full_klu_heat_t=0.6_alpha_0.3,0.6596736596736597,0.5580115225678626,0.5585617851457709,False,ja,0.4406779661016949
deberta_full_klu_heat_t=0.6_alpha_0.4,0.6588344988344988,0.5573231401154802,0.5578757361932273,False,ja,0.4406779661016949
deberta_full_klu_heat_t=0.6_alpha_0.5,0.6584149184149184,0.5568318381571449,0.5573860996652591,False,ja,0.4406779661016949
deberta_full_klu_heat_t=0.6_alpha_0.6,0.6581351981351982,0.5565103002437901,0.5570656517109327,False,ja,0.4406779661016949
deberta_full_klu_heat_t=0.6_alpha_0.7,0.6583682983682984,0.5565277816001202,0.5570830738084278,False,ja,0.4406779661016949
deberta_full_klu_heat_t=0.6_alpha_0.8,0.6586946386946386,0.5563490482875284,0.5569049463714718,False,ja,0.4406779661016949
deberta_full_klu_heat_t=0.6_alpha_0.9,0.6583216783216783,0.5559066756359969,0.5564640732882505,False,ja,0.4406779661016949
deberta_full_klu_heat_t=0.6_alpha_1.0,0.5,0.4361943463430718,0.43715754850140326,False,ja,0.4406779661016949
deberta_full_klu_heatn_t=0.6_alpha_0.0,0.6600932400932401,0.5592050548425561,0.5597512715483469,False,ja,0.4406779661016949
deberta_full_klu_heatn_t=0.6_alpha_0.1,0.6613986013986014,0.5593815922784605,0.5599272105522652,False,ja,0.4406779661016949
deberta_full_klu_heatn_t=0.6_alpha_0.2,0.6604662004662004,0.5593051290429223,0.5598510065141356,False,ja,0.4406779661016949
deberta_full_klu_heatn_t=0.6_alpha_0.3,0.661025641025641,0.5596471190056951,0.560191837188899,False,ja,0.4406779661016949
deberta_full_klu_heatn_t=0.6_alpha_0.4,0.660979020979021,0.5591751128307718,0.5597214310349076,False,ja,0.4406779661016949
deberta_full_klu_heatn_t=0.6_alpha_0.5,0.6606993006993006,0.5568223108928685,0.5573766046967937,False,ja,0.4406779661016949
deberta_full_klu_heatn_t=0.6_alpha_0.6,0.6606993006993007,0.55646793751593,0.5570234325855399,False,ja,0.4406779661016949
deberta_full_klu_heatn_t=0.6_alpha_0.7,0.66013986013986,0.5561218835535622,0.5566785516874513,False,ja,0.4406779661016949
deberta_full_klu_heatn_t=0.6_alpha_0.8,0.6596270396270396,0.5555587720791106,0.5561173490654556,False,ja,0.4406779661016949
deberta_full_klu_heatn_t=0.6_alpha_0.9,0.6600932400932401,0.5557480547760156,0.5563059901260999,False,ja,0.4406779661016949
deberta_full_klu_heatn_t=0.6_alpha_1.0,0.5,0.4361943463430718,0.43715754850140326,False,ja,0.4406779661016949
deberta_full_klu_heat_t=0.7_alpha_0.0,0.6600932400932401,0.5592050548425561,0.5597512715483469,False,ja,0.4406779661016949
deberta_full_klu_heat_t=0.7_alpha_0.1,0.6604662004662004,0.5590598041106061,0.5596065131917595,False,ja,0.4406779661016949
deberta_full_klu_heat_t=0.7_alpha_0.2,0.6596736596736597,0.5581420908725876,0.5586919108460732,False,ja,0.4406779661016949
deberta_full_klu_heat_t=0.7_alpha_0.3,0.6594871794871795,0.557937710383037,0.5584882231717415,False,ja,0.4406779661016949
deberta_full_klu_heat_t=0.7_alpha_0.4,0.6588344988344987,0.5572061730293358,0.55775916560568,False,ja,0.4406779661016949
deberta_full_klu_heat_t=0.7_alpha_0.5,0.6584149184149184,0.556808851623643,0.5573631910522098,False,ja,0.4406779661016949
deberta_full_klu_heat_t=0.7_alpha_0.6,0.6581351981351982,0.5564829075122624,0.557038351836122,False,ja,0.4406779661016949
deberta_full_klu_heat_t=0.7_alpha_0.7,0.6580885780885781,0.5563326855833941,0.5568886391341312,False,ja,0.4406779661016949
deberta_full_klu_heat_t=0.7_alpha_0.8,0.6581818181818182,0.5560761745238023,0.5566329976035551,False,ja,0.4406779661016949
deberta_full_klu_heat_t=0.7_alpha_0.9,0.6578088578088577,0.5556295559428284,0.5561878929838724,False,ja,0.4406779661016949
deberta_full_klu_heat_t=0.7_alpha_1.0,0.5,0.4361943463430718,0.43715754850140326,False,ja,0.4406779661016949
deberta_full_klu_heatn_t=0.7_alpha_0.0,0.6600932400932401,0.5592050548425561,0.5597512715483469,False,ja,0.4406779661016949
deberta_full_klu_heatn_t=0.7_alpha_0.1,0.6613519813519813,0.559190086110477,0.5597363535577324,False,ja,0.4406779661016949
deberta_full_klu_heatn_t=0.7_alpha_0.2,0.6602331002331002,0.5589155548642384,0.559462752925888,False,ja,0.4406779661016949
deberta_full_klu_heatn_t=0.7_alpha_0.3,0.6608391608391609,0.5592011159329353,0.5597473459909621,False,ja,0.4406779661016949
deberta_full_klu_heatn_t=0.7_alpha_0.4,0.6609324009324009,0.5588701452487367,0.5594174972412862,False,ja,0.4406779661016949
deberta_full_klu_heatn_t=0.7_alpha_0.5,0.6603729603729603,0.5563865758774595,0.5569423467492336,False,ja,0.4406779661016949
deberta_full_klu_heatn_t=0.7_alpha_0.6,0.6606993006993007,0.5564597724660831,0.5570152952138281,False,ja,0.4406779661016949
deberta_full_klu_heatn_t=0.7_alpha_0.7,0.6603729603729602,0.5560797289985315,0.5566365400292174,False,ja,0.4406779661016949
deberta_full_klu_heatn_t=0.7_alpha_0.8,0.6591142191142191,0.5549424854819667,0.5555031515754204,False,ja,0.4406779661016949
deberta_full_klu_heatn_t=0.7_alpha_0.9,0.6595337995337994,0.5553019285824727,0.5558613762247384,False,ja,0.4406779661016949
deberta_full_klu_heatn_t=0.7_alpha_1.0,0.5,0.4361943463430718,0.43715754850140326,False,ja,0.4406779661016949
deberta_full_klu_matern_kappa=1.0_nu=1.0_alpha_0.0,0.6600932400932401,0.5592050548425561,0.5597512715483469,False,ja,0.4406779661016949
deberta_full_klu_matern_kappa=1.0_nu=1.0_alpha_0.1,0.6605594405594406,0.5581714228137379,0.5587211433569144,False,ja,0.4406779661016949
deberta_full_klu_matern_kappa=1.0_nu=1.0_alpha_0.2,0.66013986013986,0.5579837628358688,0.5585341195145637,False,ja,0.4406779661016949
deberta_full_klu_matern_kappa=1.0_nu=1.0_alpha_0.3,0.6603263403263404,0.5583180022135721,0.5588672258774272,False,ja,0.4406779661016949
deberta_full_klu_matern_kappa=1.0_nu=1.0_alpha_0.4,0.66004662004662,0.5581165004389772,0.5586664071596954,False,ja,0.4406779661016949
deberta_full_klu_matern_kappa=1.0_nu=1.0_alpha_0.5,0.6597668997668997,0.5577329422751823,0.5582841491930659,False,ja,0.4406779661016949
deberta_full_klu_matern_kappa=1.0_nu=1.0_alpha_0.6,0.6595804195804197,0.557442497168029,0.5579946886455979,False,ja,0.4406779661016949
deberta_full_klu_matern_kappa=1.0_nu=1.0_alpha_0.7,0.6592540792540792,0.5570211892274405,0.5575748088675198,False,ja,0.4406779661016949
deberta_full_klu_matern_kappa=1.0_nu=1.0_alpha_0.8,0.6588811188811189,0.5565482052580344,0.5571034282336033,False,ja,0.4406779661016949
deberta_full_klu_matern_kappa=1.0_nu=1.0_alpha_0.9,0.6577156177156177,0.5552988845098032,0.5558583424709593,False,ja,0.4406779661016949
deberta_full_klu_matern_kappa=1.0_nu=1.0_alpha_1.0,0.5,0.4361943463430718,0.43715754850140326,False,ja,0.4406779661016949
deberta_full_klu_maternn_kappa=1.0_nu=1.0_alpha_0.0,0.6600932400932401,0.5592050548425561,0.5597512715483469,False,ja,0.4406779661016949
deberta_full_klu_maternn_kappa=1.0_nu=1.0_alpha_0.1,0.6611655011655011,0.5596702605473795,0.5602149002846794,False,ja,0.4406779661016949
deberta_full_klu_maternn_kappa=1.0_nu=1.0_alpha_0.2,0.6605128205128206,0.5594039155584448,0.559949458160114,False,ja,0.4406779661016949
deberta_full_klu_maternn_kappa=1.0_nu=1.0_alpha_0.3,0.6611655011655011,0.5596706643857974,0.5602153027541534,False,ja,0.4406779661016949
deberta_full_klu_maternn_kappa=1.0_nu=1.0_alpha_0.4,0.6606993006993007,0.5574569117362314,0.5580090543508573,False,ja,0.4406779661016949
deberta_full_klu_maternn_kappa=1.0_nu=1.0_alpha_0.5,0.6604662004662005,0.5571520658098655,0.557705241800513,False,ja,0.4406779661016949
deberta_full_klu_maternn_kappa=1.0_nu=1.0_alpha_0.6,0.6604662004662005,0.556945246123718,0.5574991231980473,False,ja,0.4406779661016949
deberta_full_klu_maternn_kappa=1.0_nu=1.0_alpha_0.7,0.6602797202797203,0.5565190255194579,0.5570743474093948,False,ja,0.4406779661016949
deberta_full_klu_maternn_kappa=1.0_nu=1.0_alpha_0.8,0.6602797202797202,0.5563814070754123,0.5569371954685494,False,ja,0.4406779661016949
deberta_full_klu_maternn_kappa=1.0_nu=1.0_alpha_0.9,0.6593473193473193,0.5553085019581688,0.5558679273178051,False,ja,0.4406779661016949
deberta_full_klu_maternn_kappa=1.0_nu=1.0_alpha_1.0,0.5,0.4361943463430718,0.43715754850140326,False,ja,0.4406779661016949
deberta_full_klu_matern_kappa=1.0_nu=2.0_alpha_0.0,0.6600932400932401,0.5592050548425561,0.5597512715483469,False,ja,0.4406779661016949
deberta_full_klu_matern_kappa=1.0_nu=2.0_alpha_0.1,0.6596736596736597,0.5573862512712058,0.5579386334128317,False,ja,0.4406779661016949
deberta_full_klu_matern_kappa=1.0_nu=2.0_alpha_0.2,0.6593473193473194,0.5572017938617339,0.5577548012827139,False,ja,0.4406779661016949
deberta_full_klu_matern_kappa=1.0_nu=2.0_alpha_0.3,0.6593939393939394,0.5570706542109927,0.5576241061731616,False,ja,0.4406779661016949
deberta_full_klu_matern_kappa=1.0_nu=2.0_alpha_0.4,0.6601398601398603,0.5574510626253315,0.5580032250674519,False,ja,0.4406779661016949
deberta_full_klu_matern_kappa=1.0_nu=2.0_alpha_0.5,0.6589277389277389,0.5565767841146603,0.5571319102127491,False,ja,0.4406779661016949
deberta_full_klu_matern_kappa=1.0_nu=2.0_alpha_0.6,0.6589277389277388,0.5565372564412354,0.5570925165314375,False,ja,0.4406779661016949
deberta_full_klu_matern_kappa=1.0_nu=2.0_alpha_0.7,0.6586013986013987,0.5562044463552094,0.5567608346151945,False,ja,0.4406779661016949
deberta_full_klu_matern_kappa=1.0_nu=2.0_alpha_0.8,0.6587412587412587,0.5562237861390115,0.5567801088404074,False,ja,0.4406779661016949
deberta_full_klu_matern_kappa=1.0_nu=2.0_alpha_0.9,0.6582284382284382,0.5556013737428387,0.5561598063167641,False,ja,0.4406779661016949
deberta_full_klu_matern_kappa=1.0_nu=2.0_alpha_1.0,0.5,0.4361943463430718,0.43715754850140326,False,ja,0.4406779661016949
deberta_full_klu_maternn_kappa=1.0_nu=2.0_alpha_0.0,0.6600932400932401,0.5592050548425561,0.5597512715483469,False,ja,0.4406779661016949
deberta_full_klu_maternn_kappa=1.0_nu=2.0_alpha_0.1,0.6612121212121211,0.5594699297885094,0.5600152486131276,False,ja,0.4406779661016949
deberta_full_klu_maternn_kappa=1.0_nu=2.0_alpha_0.2,0.6606526806526807,0.5594711165959927,0.5600164313975347,False,ja,0.4406779661016949
deberta_full_klu_maternn_kappa=1.0_nu=2.0_alpha_0.3,0.6610722610722611,0.5596273246675368,0.5601721099501921,False,ja,0.4406779661016949
deberta_full_klu_maternn_kappa=1.0_nu=2.0_alpha_0.4,0.6607459207459208,0.5574649469114137,0.5580170622881574,False,ja,0.4406779661016949
deberta_full_klu_maternn_kappa=1.0_nu=2.0_alpha_0.5,0.6605594405594405,0.557184975019114,0.55773803945312,False,ja,0.4406779661016949
deberta_full_klu_maternn_kappa=1.0_nu=2.0_alpha_0.6,0.6605128205128205,0.5567140576800318,0.5572687184440007,False,ja,0.4406779661016949
deberta_full_klu_maternn_kappa=1.0_nu=2.0_alpha_0.7,0.6603729603729604,0.5565928269637124,0.557147898679262,False,ja,0.4406779661016949
deberta_full_klu_maternn_kappa=1.0_nu=2.0_alpha_0.8,0.6604662004662004,0.5563804882116823,0.5569362797196115,False,ja,0.4406779661016949
deberta_full_klu_maternn_kappa=1.0_nu=2.0_alpha_0.9,0.6588811188811189,0.5550590129483527,0.5556192840334458,False,ja,0.4406779661016949
deberta_full_klu_maternn_kappa=1.0_nu=2.0_alpha_1.0,0.5,0.4361943463430718,0.43715754850140326,False,ja,0.4406779661016949
deberta_full_klu_matern_kappa=1.0_nu=3.0_alpha_0.0,0.6600932400932401,0.5592050548425561,0.5597512715483469,False,ja,0.4406779661016949
deberta_full_klu_matern_kappa=1.0_nu=3.0_alpha_0.1,0.6598135198135198,0.5574915986127735,0.5580436236447669,False,ja,0.4406779661016949
deberta_full_klu_matern_kappa=1.0_nu=3.0_alpha_0.2,0.6597668997668997,0.5575074695619757,0.5580594407941413,False,ja,0.4406779661016949
deberta_full_klu_matern_kappa=1.0_nu=3.0_alpha_0.3,0.6593473193473192,0.557980033242505,0.5585304025638893,False,ja,0.4406779661016949
deberta_full_klu_matern_kappa=1.0_nu=3.0_alpha_0.4,0.6595804195804196,0.5580137784979101,0.5585640334285981,False,ja,0.4406779661016949
deberta_full_klu_matern_kappa=1.0_nu=3.0_alpha_0.5,0.6592540792540793,0.5565556585893958,0.5571108562994347,False,ja,0.4406779661016949
deberta_full_klu_matern_kappa=1.0_nu=3.0_alpha_0.6,0.6588344988344987,0.5560030658202947,0.5565601367261609,False,ja,0.4406779661016949
deberta_full_klu_matern_kappa=1.0_nu=3.0_alpha_0.7,0.6586480186480186,0.5566049703216198,0.5571600008732444,False,ja,0.4406779661016949
deberta_full_klu_matern_kappa=1.0_nu=3.0_alpha_0.8,0.6585081585081585,0.5558865003454698,0.5564439663885389,False,ja,0.4406779661016949
deberta_full_klu_matern_kappa=1.0_nu=3.0_alpha_0.9,0.6584149184149184,0.5558863608246809,0.5564438273407017,False,ja,0.4406779661016949
deberta_full_klu_matern_kappa=1.0_nu=3.0_alpha_1.0,0.5,0.4361943463430718,0.43715754850140326,False,ja,0.4406779661016949
deberta_full_klu_maternn_kappa=1.0_nu=3.0_alpha_0.0,0.6600932400932401,0.5592050548425561,0.5597512715483469,False,ja,0.4406779661016949
deberta_full_klu_maternn_kappa=1.0_nu=3.0_alpha_0.1,0.6612121212121211,0.5594699297885094,0.5600152486131276,False,ja,0.4406779661016949
deberta_full_klu_maternn_kappa=1.0_nu=3.0_alpha_0.2,0.6606526806526807,0.5594705742439965,0.5600158908840197,False,ja,0.4406779661016949
deberta_full_klu_maternn_kappa=1.0_nu=3.0_alpha_0.3,0.660932400932401,0.5595403504924492,0.5600854306028166,False,ja,0.4406779661016949
deberta_full_klu_maternn_kappa=1.0_nu=3.0_alpha_0.4,0.6607925407925408,0.5574792383422718,0.5580313052734871,False,ja,0.4406779661016949
deberta_full_klu_maternn_kappa=1.0_nu=3.0_alpha_0.5,0.6605594405594406,0.5571790202562565,0.5577321048758993,False,ja,0.4406779661016949
deberta_full_klu_maternn_kappa=1.0_nu=3.0_alpha_0.6,0.6603729603729603,0.5565912421138961,0.557146319201818,False,ja,0.4406779661016949
deberta_full_klu_maternn_kappa=1.0_nu=3.0_alpha_0.7,0.6603729603729603,0.5566113163251221,0.5571663253648702,False,ja,0.4406779661016949
deberta_full_klu_maternn_kappa=1.0_nu=3.0_alpha_0.8,0.6602797202797203,0.5562811995514596,0.5568373276311185,False,ja,0.4406779661016949
deberta_full_klu_maternn_kappa=1.0_nu=3.0_alpha_0.9,0.6588811188811189,0.5549520031254015,0.5555126369556572,False,ja,0.4406779661016949
deberta_full_klu_maternn_kappa=1.0_nu=3.0_alpha_1.0,0.5,0.4361943463430718,0.43715754850140326,False,ja,0.4406779661016949
deberta_full_klu_matern_kappa=2.0_nu=1.0_alpha_0.0,0.6600932400932401,0.5592050548425561,0.5597512715483469,False,ja,0.4406779661016949
deberta_full_klu_matern_kappa=2.0_nu=1.0_alpha_0.1,0.6597668997668997,0.5585007783380478,0.55904938242182,False,ja,0.4406779661016949
deberta_full_klu_matern_kappa=2.0_nu=1.0_alpha_0.2,0.6595337995337995,0.558291353599484,0.5588406675976242,False,ja,0.4406779661016949
deberta_full_klu_matern_kappa=2.0_nu=1.0_alpha_0.3,0.6595337995337995,0.5582364262732779,0.5587859264657442,False,ja,0.4406779661016949
deberta_full_klu_matern_kappa=2.0_nu=1.0_alpha_0.4,0.6595337995337995,0.557894423606258,0.558445083129799,False,ja,0.4406779661016949
deberta_full_klu_matern_kappa=2.0_nu=1.0_alpha_0.5,0.6591142191142191,0.5563823581921385,0.5569381433611511,False,ja,0.4406779661016949
deberta_full_klu_matern_kappa=2.0_nu=1.0_alpha_0.6,0.6590209790209789,0.5560691251471565,0.556625972123101,False,ja,0.4406779661016949
deberta_full_klu_matern_kappa=2.0_nu=1.0_alpha_0.7,0.6587412587412587,0.5566325484109185,0.5571874854774944,False,ja,0.4406779661016949
deberta_full_klu_matern_kappa=2.0_nu=1.0_alpha_0.8,0.6586013986013985,0.5558228953989268,0.5563805770519841,False,ja,0.4406779661016949
deberta_full_klu_matern_kappa=2.0_nu=1.0_alpha_0.9,0.6583682983682984,0.5558551556820733,0.5564127279782387,False,ja,0.4406779661016949
deberta_full_klu_matern_kappa=2.0_nu=1.0_alpha_1.0,0.5,0.4361943463430718,0.43715754850140326,False,ja,0.4406779661016949
deberta_full_klu_maternn_kappa=2.0_nu=1.0_alpha_0.0,0.6600932400932401,0.5592050548425561,0.5597512715483469,False,ja,0.4406779661016949
deberta_full_klu_maternn_kappa=2.0_nu=1.0_alpha_0.1,0.6611188811188811,0.5587500439114956,0.5592978030272222,False,ja,0.4406779661016949
deberta_full_klu_maternn_kappa=2.0_nu=1.0_alpha_0.2,0.6604662004662003,0.5585818787664432,0.5591302079335088,False,ja,0.4406779661016949
deberta_full_klu_maternn_kappa=2.0_nu=1.0_alpha_0.3,0.6604195804195804,0.5585712953904699,0.5591196604333865,False,ja,0.4406779661016949
deberta_full_klu_maternn_kappa=2.0_nu=1.0_alpha_0.4,0.6605594405594404,0.5585154594534223,0.5590640137707018,False,ja,0.4406779661016949
deberta_full_klu_maternn_kappa=2.0_nu=1.0_alpha_0.5,0.6606060606060606,0.5583485780958359,0.5588976981126326,False,ja,0.4406779661016949
deberta_full_klu_maternn_kappa=2.0_nu=1.0_alpha_0.6,0.6605128205128205,0.5580815764175566,0.5586316015247881,False,ja,0.4406779661016949
deberta_full_klu_maternn_kappa=2.0_nu=1.0_alpha_0.7,0.6599533799533799,0.5554413748131908,0.5560003497563692,False,ja,0.4406779661016949
deberta_full_klu_maternn_kappa=2.0_nu=1.0_alpha_0.8,0.6592074592074593,0.5550453769487741,0.5556056942575947,False,ja,0.4406779661016949
deberta_full_klu_maternn_kappa=2.0_nu=1.0_alpha_0.9,0.6583682983682984,0.5561495635662259,0.5567061378695637,False,ja,0.4406779661016949
deberta_full_klu_maternn_kappa=2.0_nu=1.0_alpha_1.0,0.5,0.4361943463430718,0.43715754850140326,False,ja,0.4406779661016949
deberta_full_klu_matern_kappa=2.0_nu=2.0_alpha_0.0,0.6600932400932401,0.5592050548425561,0.5597512715483469,False,ja,0.4406779661016949
deberta_full_klu_matern_kappa=2.0_nu=2.0_alpha_0.1,0.6602797202797203,0.5587807112582955,0.5593283664169143,False,ja,0.4406779661016949
deberta_full_klu_matern_kappa=2.0_nu=2.0_alpha_0.2,0.6595804195804196,0.5582220095045357,0.5587715585674045,False,ja,0.4406779661016949
deberta_full_klu_matern_kappa=2.0_nu=2.0_alpha_0.3,0.6595337995337995,0.5581169601992942,0.5586668653615029,False,ja,0.4406779661016949
deberta_full_klu_matern_kappa=2.0_nu=2.0_alpha_0.4,0.6588811188811189,0.5573663878988062,0.5579188373738978,False,ja,0.4406779661016949
deberta_full_klu_matern_kappa=2.0_nu=2.0_alpha_0.5,0.6588811188811189,0.5572376423279599,0.5577905282287154,False,ja,0.4406779661016949
deberta_full_klu_matern_kappa=2.0_nu=2.0_alpha_0.6,0.6588344988344987,0.5570692153253047,0.5576226721650525,False,ja,0.4406779661016949
deberta_full_klu_matern_kappa=2.0_nu=2.0_alpha_0.7,0.6589277389277389,0.5568696495919245,0.5574237829256835,False,ja,0.4406779661016949
deberta_full_klu_matern_kappa=2.0_nu=2.0_alpha_0.8,0.6586946386946386,0.5564279919305035,0.5569836224088777,False,ja,0.4406779661016949
deberta_full_klu_matern_kappa=2.0_nu=2.0_alpha_0.9,0.6579487179487179,0.5560353602147997,0.5565923216481422,False,ja,0.4406779661016949
deberta_full_klu_matern_kappa=2.0_nu=2.0_alpha_1.0,0.5,0.4361943463430718,0.43715754850140326,False,ja,0.4406779661016949
deberta_full_klu_maternn_kappa=2.0_nu=2.0_alpha_0.0,0.6600932400932401,0.5592050548425561,0.5597512715483469,False,ja,0.4406779661016949
deberta_full_klu_maternn_kappa=2.0_nu=2.0_alpha_0.1,0.6605594405594405,0.5583521570164307,0.5589012649012932,False,ja,0.4406779661016949
deberta_full_klu_maternn_kappa=2.0_nu=2.0_alpha_0.2,0.6603263403263404,0.5582228975637876,0.5587724436162862,False,ja,0.4406779661016949
deberta_full_klu_maternn_kappa=2.0_nu=2.0_alpha_0.3,0.6604662004662004,0.5584623347089444,0.5590110691101032,False,ja,0.4406779661016949
deberta_full_klu_maternn_kappa=2.0_nu=2.0_alpha_0.4,0.6602331002331002,0.5582792022036636,0.5588285573929761,False,ja,0.4406779661016949
deberta_full_klu_maternn_kappa=2.0_nu=2.0_alpha_0.5,0.66009324009324,0.558089282065739,0.5586392810521291,False,ja,0.4406779661016949
deberta_full_klu_maternn_kappa=2.0_nu=2.0_alpha_0.6,0.6602797202797203,0.5577215031973872,0.5582727488918056,False,ja,0.4406779661016949
deberta_full_klu_maternn_kappa=2.0_nu=2.0_alpha_0.7,0.6593939393939394,0.5570541056674927,0.5576076137264193,False,ja,0.4406779661016949
deberta_full_klu_maternn_kappa=2.0_nu=2.0_alpha_0.8,0.6585547785547785,0.5564052565742104,0.5569609641215887,False,ja,0.4406779661016949
deberta_full_klu_maternn_kappa=2.0_nu=2.0_alpha_0.9,0.6578088578088578,0.5556744281077535,0.5562326130397639,False,ja,0.4406779661016949
deberta_full_klu_maternn_kappa=2.0_nu=2.0_alpha_1.0,0.5,0.4361943463430718,0.43715754850140326,False,ja,0.4406779661016949
deberta_full_klu_matern_kappa=2.0_nu=3.0_alpha_0.0,0.6600932400932401,0.5592050548425561,0.5597512715483469,False,ja,0.4406779661016949
deberta_full_klu_matern_kappa=2.0_nu=3.0_alpha_0.1,0.6603729603729603,0.5589835496028482,0.5595305171738585,False,ja,0.4406779661016949
deberta_full_klu_matern_kappa=2.0_nu=3.0_alpha_0.2,0.6596270396270396,0.5581012816629285,0.558651239972718,False,ja,0.4406779661016949
deberta_full_klu_matern_kappa=2.0_nu=3.0_alpha_0.3,0.6597202797202797,0.5580281137781409,0.5585783201146585,False,ja,0.4406779661016949
deberta_full_klu_matern_kappa=2.0_nu=3.0_alpha_0.4,0.6587412587412588,0.5571781462204864,0.5577312338029622,False,ja,0.4406779661016949
deberta_full_klu_matern_kappa=2.0_nu=3.0_alpha_0.5,0.6583682983682984,0.5568149159653826,0.5573692348368589,False,ja,0.4406779661016949
deberta_full_klu_matern_kappa=2.0_nu=3.0_alpha_0.6,0.6581818181818182,0.5565039335251203,0.55705930657436,False,ja,0.4406779661016949
deberta_full_klu_matern_kappa=2.0_nu=3.0_alpha_0.7,0.6583216783216783,0.5565111895974655,0.5570665380498498,False,ja,0.4406779661016949
deberta_full_klu_matern_kappa=2.0_nu=3.0_alpha_0.8,0.6586946386946386,0.5563762403724161,0.5569320462798005,False,ja,0.4406779661016949
deberta_full_klu_matern_kappa=2.0_nu=3.0_alpha_0.9,0.6581818181818182,0.5557805361588695,0.5563383614025711,False,ja,0.4406779661016949
deberta_full_klu_matern_kappa=2.0_nu=3.0_alpha_1.0,0.5,0.4361943463430718,0.43715754850140326,False,ja,0.4406779661016949
deberta_full_klu_maternn_kappa=2.0_nu=3.0_alpha_0.0,0.6600932400932401,0.5592050548425561,0.5597512715483469,False,ja,0.4406779661016949
deberta_full_klu_maternn_kappa=2.0_nu=3.0_alpha_0.1,0.6607925407925408,0.5583697400859091,0.5589187883671463,False,ja,0.4406779661016949
deberta_full_klu_maternn_kappa=2.0_nu=3.0_alpha_0.2,0.6603263403263403,0.5580025866646563,0.5585528795337621,False,ja,0.4406779661016949
deberta_full_klu_maternn_kappa=2.0_nu=3.0_alpha_0.3,0.6602797202797203,0.5582984014371065,0.5588476915442717,False,ja,0.4406779661016949
deberta_full_klu_maternn_kappa=2.0_nu=3.0_alpha_0.4,0.6599533799533799,0.5580387918017604,0.5585889619415878,False,ja,0.4406779661016949
deberta_full_klu_maternn_kappa=2.0_nu=3.0_alpha_0.5,0.66,0.5579652393795994,0.5585156588496714,False,ja,0.4406779661016949
deberta_full_klu_maternn_kappa=2.0_nu=3.0_alpha_0.6,0.6594871794871795,0.5573270992351712,0.5578796818921735,False,ja,0.4406779661016949
deberta_full_klu_maternn_kappa=2.0_nu=3.0_alpha_0.7,0.6590209790209791,0.5568199208374442,0.5573742227432523,False,ja,0.4406779661016949
deberta_full_klu_maternn_kappa=2.0_nu=3.0_alpha_0.8,0.6587878787878787,0.5563881117760363,0.5569438774413745,False,ja,0.4406779661016949
deberta_full_klu_maternn_kappa=2.0_nu=3.0_alpha_0.9,0.6578554778554777,0.5554876613192015,0.5560464793589697,False,ja,0.4406779661016949
deberta_full_klu_maternn_kappa=2.0_nu=3.0_alpha_1.0,0.5,0.4361943463430718,0.43715754850140326,False,ja,0.4406779661016949
deberta_full_klu_matern_kappa=3.0_nu=1.0_alpha_0.0,0.6600932400932401,0.5592050548425561,0.5597512715483469,False,ja,0.4406779661016949
deberta_full_klu_matern_kappa=3.0_nu=1.0_alpha_0.1,0.6599533799533799,0.5584633321761868,0.5590120631961009,False,ja,0.4406779661016949
deberta_full_klu_matern_kappa=3.0_nu=1.0_alpha_0.2,0.6595804195804196,0.5582830541298078,0.5588323962617435,False,ja,0.4406779661016949
deberta_full_klu_matern_kappa=3.0_nu=1.0_alpha_0.3,0.6594871794871794,0.5583967860576413,0.5589457426576182,False,ja,0.4406779661016949
deberta_full_klu_matern_kappa=3.0_nu=1.0_alpha_0.4,0.6594871794871794,0.5581231972312628,0.5586730812509902,False,ja,0.4406779661016949
deberta_full_klu_matern_kappa=3.0_nu=1.0_alpha_0.5,0.659020979020979,0.5577257070351761,0.5582769384792968,False,ja,0.4406779661016949
deberta_full_klu_matern_kappa=3.0_nu=1.0_alpha_0.6,0.6588344988344987,0.5571971349511482,0.5577501581650455,False,ja,0.4406779661016949
deberta_full_klu_matern_kappa=3.0_nu=1.0_alpha_0.7,0.6590675990675992,0.5568613025426401,0.5574154641714815,False,ja,0.4406779661016949
deberta_full_klu_matern_kappa=3.0_nu=1.0_alpha_0.8,0.6584149184149183,0.5562811158864782,0.5568372442497473,False,ja,0.4406779661016949
deberta_full_klu_matern_kappa=3.0_nu=1.0_alpha_0.9,0.6578554778554779,0.5554388685614218,0.5559978520003691,False,ja,0.4406779661016949
deberta_full_klu_matern_kappa=3.0_nu=1.0_alpha_1.0,0.5,0.4361943463430718,0.43715754850140326,False,ja,0.4406779661016949
deberta_full_klu_maternn_kappa=3.0_nu=1.0_alpha_0.0,0.6600932400932401,0.5592050548425561,0.5597512715483469,False,ja,0.4406779661016949
deberta_full_klu_maternn_kappa=3.0_nu=1.0_alpha_0.1,0.6605594405594406,0.5581714228137379,0.5587211433569144,False,ja,0.4406779661016949
deberta_full_klu_maternn_kappa=3.0_nu=1.0_alpha_0.2,0.66013986013986,0.5579837628358688,0.5585341195145637,False,ja,0.4406779661016949
deberta_full_klu_maternn_kappa=3.0_nu=1.0_alpha_0.3,0.6603263403263404,0.5583180022135721,0.5588672258774272,False,ja,0.4406779661016949
deberta_full_klu_maternn_kappa=3.0_nu=1.0_alpha_0.4,0.66004662004662,0.5581165004389772,0.5586664071596954,False,ja,0.4406779661016949
deberta_full_klu_maternn_kappa=3.0_nu=1.0_alpha_0.5,0.6597668997668997,0.5577329422751823,0.5582841491930659,False,ja,0.4406779661016949
deberta_full_klu_maternn_kappa=3.0_nu=1.0_alpha_0.6,0.6595804195804197,0.557442497168029,0.5579946886455979,False,ja,0.4406779661016949
deberta_full_klu_maternn_kappa=3.0_nu=1.0_alpha_0.7,0.6592540792540792,0.5570211892274405,0.5575748088675198,False,ja,0.4406779661016949
deberta_full_klu_maternn_kappa=3.0_nu=1.0_alpha_0.8,0.6588811188811189,0.5565482052580344,0.5571034282336033,False,ja,0.4406779661016949
deberta_full_klu_maternn_kappa=3.0_nu=1.0_alpha_0.9,0.6577156177156177,0.5552988845098032,0.5558583424709593,False,ja,0.4406779661016949
deberta_full_klu_maternn_kappa=3.0_nu=1.0_alpha_1.0,0.5,0.4361943463430718,0.43715754850140326,False,ja,0.4406779661016949
deberta_full_klu_matern_kappa=3.0_nu=2.0_alpha_0.0,0.6600932400932401,0.5592050548425561,0.5597512715483469,False,ja,0.4406779661016949
deberta_full_klu_matern_kappa=3.0_nu=2.0_alpha_0.1,0.6603729603729603,0.5590162171829973,0.5595630740164477,False,ja,0.4406779661016949
deberta_full_klu_matern_kappa=3.0_nu=2.0_alpha_0.2,0.6596736596736597,0.5580801440284121,0.5586301739912001,False,ja,0.4406779661016949
deberta_full_klu_matern_kappa=3.0_nu=2.0_alpha_0.3,0.6598135198135199,0.5581207643902466,0.5586706566568926,False,ja,0.4406779661016949
deberta_full_klu_matern_kappa=3.0_nu=2.0_alpha_0.4,0.6588344988344987,0.5572334713808537,0.5577863714204129,False,ja,0.4406779661016949
deberta_full_klu_matern_kappa=3.0_nu=2.0_alpha_0.5,0.6585547785547785,0.5569113092067839,0.5574653013215095,False,ja,0.4406779661016949
deberta_full_klu_matern_kappa=3.0_nu=2.0_alpha_0.6,0.658041958041958,0.5564158551644671,0.556971526784421,False,ja,0.4406779661016949
deberta_full_klu_matern_kappa=3.0_nu=2.0_alpha_0.7,0.6580885780885781,0.5563224811099261,0.5568784692520988,False,ja,0.4406779661016949
deberta_full_klu_matern_kappa=3.0_nu=2.0_alpha_0.8,0.6586480186480187,0.5563699750992065,0.5569258022448053,False,ja,0.4406779661016949
deberta_full_klu_matern_kappa=3.0_nu=2.0_alpha_0.9,0.6581351981351982,0.5558316028105299,0.5563892549469376,False,ja,0.4406779661016949
deberta_full_klu_matern_kappa=3.0_nu=2.0_alpha_1.0,0.5,0.4361943463430718,0.43715754850140326,False,ja,0.4406779661016949
deberta_full_klu_maternn_kappa=3.0_nu=2.0_alpha_0.0,0.6600932400932401,0.5592050548425561,0.5597512715483469,False,ja,0.4406779661016949
deberta_full_klu_maternn_kappa=3.0_nu=2.0_alpha_0.1,0.6596736596736597,0.5573862512712058,0.5579386334128317,False,ja,0.4406779661016949
deberta_full_klu_maternn_kappa=3.0_nu=2.0_alpha_0.2,0.6593473193473194,0.5572017938617339,0.5577548012827139,False,ja,0.4406779661016949
deberta_full_klu_maternn_kappa=3.0_nu=2.0_alpha_0.3,0.6593939393939394,0.5570706542109927,0.5576241061731616,False,ja,0.4406779661016949
deberta_full_klu_maternn_kappa=3.0_nu=2.0_alpha_0.4,0.6601398601398603,0.5574510626253315,0.5580032250674519,False,ja,0.4406779661016949
deberta_full_klu_maternn_kappa=3.0_nu=2.0_alpha_0.5,0.6589277389277389,0.5565767841146603,0.5571319102127491,False,ja,0.4406779661016949
deberta_full_klu_maternn_kappa=3.0_nu=2.0_alpha_0.6,0.6589277389277388,0.5565372564412354,0.5570925165314375,False,ja,0.4406779661016949
deberta_full_klu_maternn_kappa=3.0_nu=2.0_alpha_0.7,0.6586013986013987,0.5562044463552094,0.5567608346151945,False,ja,0.4406779661016949
deberta_full_klu_maternn_kappa=3.0_nu=2.0_alpha_0.8,0.6587412587412587,0.5562237861390115,0.5567801088404074,False,ja,0.4406779661016949
deberta_full_klu_maternn_kappa=3.0_nu=2.0_alpha_0.9,0.6582284382284382,0.5556013737428387,0.5561598063167641,False,ja,0.4406779661016949
deberta_full_klu_maternn_kappa=3.0_nu=2.0_alpha_1.0,0.5,0.4361943463430718,0.43715754850140326,False,ja,0.4406779661016949
deberta_full_klu_matern_kappa=3.0_nu=3.0_alpha_0.0,0.6600932400932401,0.5592050548425561,0.5597512715483469,False,ja,0.4406779661016949
deberta_full_klu_matern_kappa=3.0_nu=3.0_alpha_0.1,0.6605594405594405,0.559101814962566,0.5596483816340516,False,ja,0.4406779661016949
deberta_full_klu_matern_kappa=3.0_nu=3.0_alpha_0.2,0.6597202797202797,0.5581568751517039,0.558706645008989,False,ja,0.4406779661016949
deberta_full_klu_matern_kappa=3.0_nu=3.0_alpha_0.3,0.6593473193473193,0.5578592347227989,0.5584100135306906,False,ja,0.4406779661016949
deberta_full_klu_matern_kappa=3.0_nu=3.0_alpha_0.4,0.659067599067599,0.5574047978136891,0.5579571170856795,False,ja,0.4406779661016949
deberta_full_klu_matern_kappa=3.0_nu=3.0_alpha_0.5,0.6584149184149184,0.5568474347220542,0.5574016433604569,False,ja,0.4406779661016949
deberta_full_klu_matern_kappa=3.0_nu=3.0_alpha_0.6,0.6581351981351982,0.5565798954831044,0.5571350110341815,False,ja,0.4406779661016949
deberta_full_klu_matern_kappa=3.0_nu=3.0_alpha_0.7,0.657948717948718,0.55628099716755,0.556837125933256,False,ja,0.4406779661016949
deberta_full_klu_matern_kappa=3.0_nu=3.0_alpha_0.8,0.6579020979020979,0.5561107553368094,0.5566674611934671,False,ja,0.4406779661016949
deberta_full_klu_matern_kappa=3.0_nu=3.0_alpha_0.9,0.6576223776223775,0.5554673511870019,0.5560262380746759,False,ja,0.4406779661016949
deberta_full_klu_matern_kappa=3.0_nu=3.0_alpha_1.0,0.5,0.4361943463430718,0.43715754850140326,False,ja,0.4406779661016949
deberta_full_klu_maternn_kappa=3.0_nu=3.0_alpha_0.0,0.6600932400932401,0.5592050548425561,0.5597512715483469,False,ja,0.4406779661016949
deberta_full_klu_maternn_kappa=3.0_nu=3.0_alpha_0.1,0.6598135198135198,0.5574915986127735,0.5580436236447669,False,ja,0.4406779661016949
deberta_full_klu_maternn_kappa=3.0_nu=3.0_alpha_0.2,0.6597668997668997,0.5575074695619757,0.5580594407941413,False,ja,0.4406779661016949
deberta_full_klu_maternn_kappa=3.0_nu=3.0_alpha_0.3,0.6593473193473192,0.557980033242505,0.5585304025638893,False,ja,0.4406779661016949
deberta_full_klu_maternn_kappa=3.0_nu=3.0_alpha_0.4,0.6595804195804196,0.5580137784979101,0.5585640334285981,False,ja,0.4406779661016949
deberta_full_klu_maternn_kappa=3.0_nu=3.0_alpha_0.5,0.6592540792540793,0.5565556585893958,0.5571108562994347,False,ja,0.4406779661016949
deberta_full_klu_maternn_kappa=3.0_nu=3.0_alpha_0.6,0.6588344988344987,0.5560030658202947,0.5565601367261609,False,ja,0.4406779661016949
deberta_full_klu_maternn_kappa=3.0_nu=3.0_alpha_0.7,0.6586480186480186,0.5566049703216198,0.5571600008732444,False,ja,0.4406779661016949
deberta_full_klu_maternn_kappa=3.0_nu=3.0_alpha_0.8,0.6585081585081585,0.5558865003454698,0.5564439663885389,False,ja,0.4406779661016949
deberta_full_klu_maternn_kappa=3.0_nu=3.0_alpha_0.9,0.6584149184149184,0.5558863608246809,0.5564438273407017,False,ja,0.4406779661016949
deberta_full_klu_maternn_kappa=3.0_nu=3.0_alpha_1.0,0.5,0.4361943463430718,0.43715754850140326,False,ja,0.4406779661016949
