method,auroc,auarc,prr,is_blackbox,language,accuracy
heat_t=0.1_kernel_entropy_s,0.6560839160839161,0.5729359856815694,0.5734356568590925,True,ja,0.4406779661016949
heat_t=0.1_kernel_entropy,0.6560839160839161,0.5729359856815694,0.5734356568590925,True,ja,0.4406779661016949
heatn_t=0.1_kernel_entropy_s,0.3906060606060606,0.3636686787600797,0.36318281538479413,True,ja,0.4406779661016949
heatn_t=0.1_kernel_entropy,0.3906060606060606,0.3636686787600797,0.36318281538479413,True,ja,0.4406779661016949
heat_t=0.2_kernel_entropy_s,0.6566899766899768,0.5731403450576313,0.5736393234915067,True,ja,0.4406779661016949
heat_t=0.2_kernel_entropy,0.6566899766899768,0.5731403450576313,0.5736393234915067,True,ja,0.4406779661016949
heatn_t=0.2_kernel_entropy_s,0.3924708624708625,0.36498092779603775,0.36449061611893535,True,ja,0.4406779661016949
heatn_t=0.2_kernel_entropy,0.3924708624708625,0.36498092779603775,0.36449061611893535,True,ja,0.4406779661016949
heat_t=0.3_kernel_entropy_s,0.6570862470862471,0.5734518295674099,0.573949752121591,True,ja,0.4406779661016949
heat_t=0.3_kernel_entropy,0.6570862470862471,0.5734518295674099,0.573949752121591,True,ja,0.4406779661016949
heatn_t=0.3_kernel_entropy_s,0.3934498834498834,0.3654561012601928,0.3649641788255849,True,ja,0.4406779661016949
heatn_t=0.3_kernel_entropy,0.3934498834498834,0.3654561012601928,0.3649641788255849,True,ja,0.4406779661016949
heat_t=0.4_kernel_entropy_s,0.656969696969697,0.5743101344898942,0.5748051475358638,True,ja,0.4406779661016949
heat_t=0.4_kernel_entropy,0.656969696969697,0.5743101344898942,0.5748051475358638,True,ja,0.4406779661016949
heatn_t=0.4_kernel_entropy_s,0.39517482517482516,0.36589559567286956,0.36540218342669323,True,ja,0.4406779661016949
heatn_t=0.4_kernel_entropy,0.39517482517482516,0.36589559567286956,0.36540218342669323,True,ja,0.4406779661016949
heat_t=0.5_kernel_entropy_s,0.6567365967365967,0.5744519144708506,0.5749464469067151,True,ja,0.4406779661016949
heat_t=0.5_kernel_entropy,0.6567365967365967,0.5744519144708506,0.5749464469067151,True,ja,0.4406779661016949
heatn_t=0.5_kernel_entropy_s,0.3982284382284382,0.3671917384009042,0.366693932450565,True,ja,0.4406779661016949
heatn_t=0.5_kernel_entropy,0.3982284382284382,0.3671917384009042,0.366693932450565,True,ja,0.4406779661016949
heat_t=0.6_kernel_entropy_s,0.6561771561771561,0.5743460495335664,0.5748409408336249,True,ja,0.4406779661016949
heat_t=0.6_kernel_entropy,0.6561771561771561,0.5743460495335664,0.5748409408336249,True,ja,0.4406779661016949
heatn_t=0.6_kernel_entropy_s,0.4017948717948718,0.3700393616670059,0.3695319027564427,True,ja,0.4406779661016949
heatn_t=0.6_kernel_entropy,0.4017948717948718,0.3700393616670059,0.3695319027564427,True,ja,0.4406779661016949
heat_t=0.7_kernel_entropy_s,0.6538927738927739,0.571470414066596,0.5719750532834917,True,ja,0.4406779661016949
heat_t=0.7_kernel_entropy,0.6538927738927739,0.571470414066596,0.5719750532834917,True,ja,0.4406779661016949
heatn_t=0.7_kernel_entropy_s,0.40652680652680656,0.37276205426908293,0.3722453658920719,True,ja,0.4406779661016949
heatn_t=0.7_kernel_entropy,0.40652680652680656,0.37276205426908293,0.3722453658920719,True,ja,0.4406779661016949
matern_kappa=1.0_nu=1.0_kernel_entropy_s,0.6554545454545454,0.5745613944605044,0.5750555557777598,True,ja,0.4406779661016949
matern_kappa=1.0_nu=1.0_kernel_entropy,0.6554545454545454,0.5745613944605044,0.5750555557777598,True,ja,0.4406779661016949
maternn_kappa=1.0_nu=1.0_kernel_entropy_s,0.40417249417249423,0.3705462736808488,0.37003709642447585,True,ja,0.4406779661016949
maternn_kappa=1.0_nu=1.0_kernel_entropy,0.40417249417249423,0.3705462736808488,0.37003709642447585,True,ja,0.4406779661016949
matern_kappa=1.0_nu=2.0_kernel_entropy_s,0.6561305361305361,0.5743720578768532,0.5748668610130363,True,ja,0.4406779661016949
matern_kappa=1.0_nu=2.0_kernel_entropy,0.6561305361305361,0.5743720578768532,0.5748668610130363,True,ja,0.4406779661016949
maternn_kappa=1.0_nu=2.0_kernel_entropy_s,0.4012587412587412,0.36866322059525514,0.3681604265696809,True,ja,0.4406779661016949
maternn_kappa=1.0_nu=2.0_kernel_entropy,0.4012587412587412,0.36866322059525514,0.3681604265696809,True,ja,0.4406779661016949
matern_kappa=1.0_nu=3.0_kernel_entropy_s,0.6562937062937063,0.5741104930470664,0.5746061828436893,True,ja,0.4406779661016949
matern_kappa=1.0_nu=3.0_kernel_entropy,0.6562937062937063,0.5741104930470664,0.5746061828436893,True,ja,0.4406779661016949
maternn_kappa=1.0_nu=3.0_kernel_entropy_s,0.40055944055944054,0.3685735906097766,0.3680711004146616,True,ja,0.4406779661016949
maternn_kappa=1.0_nu=3.0_kernel_entropy,0.40055944055944054,0.3685735906097766,0.3680711004146616,True,ja,0.4406779661016949
matern_kappa=2.0_nu=1.0_kernel_entropy_s,0.6507925407925408,0.5704138338945821,0.5709220547391797,True,ja,0.4406779661016949
matern_kappa=2.0_nu=1.0_kernel_entropy,0.6507925407925408,0.5704138338945821,0.5709220547391797,True,ja,0.4406779661016949
maternn_kappa=2.0_nu=1.0_kernel_entropy_s,0.48382284382284385,0.40766790956123833,0.40703289625103356,True,ja,0.4406779661016949
maternn_kappa=2.0_nu=1.0_kernel_entropy,0.48382284382284385,0.40766790956123833,0.40703289625103356,True,ja,0.4406779661016949
matern_kappa=2.0_nu=2.0_kernel_entropy_s,0.6506526806526806,0.5693695797706119,0.5698813404596975,True,ja,0.4406779661016949
matern_kappa=2.0_nu=2.0_kernel_entropy,0.6506526806526806,0.5693695797706119,0.5698813404596975,True,ja,0.4406779661016949
maternn_kappa=2.0_nu=2.0_kernel_entropy_s,0.5110256410256411,0.42290360686811834,0.42221694712636487,True,ja,0.4406779661016949
maternn_kappa=2.0_nu=2.0_kernel_entropy,0.5110256410256411,0.42290360686811834,0.42221694712636487,True,ja,0.4406779661016949
matern_kappa=2.0_nu=3.0_kernel_entropy_s,0.6475058275058276,0.5664851095063995,0.5670066480607875,True,ja,0.4406779661016949
matern_kappa=2.0_nu=3.0_kernel_entropy,0.6475058275058276,0.5664851095063995,0.5670066480607875,True,ja,0.4406779661016949
maternn_kappa=2.0_nu=3.0_kernel_entropy_s,0.5241958041958041,0.434397169738674,0.4336715487668508,True,ja,0.4406779661016949
maternn_kappa=2.0_nu=3.0_kernel_entropy,0.5241958041958041,0.434397169738674,0.4336715487668508,True,ja,0.4406779661016949
matern_kappa=3.0_nu=1.0_kernel_entropy_s,0.6472727272727273,0.5679404363498842,0.5684570415929383,True,ja,0.4406779661016949
matern_kappa=3.0_nu=1.0_kernel_entropy,0.6472727272727273,0.5679404363498842,0.5684570415929383,True,ja,0.4406779661016949
maternn_kappa=3.0_nu=1.0_kernel_entropy_s,0.5886480186480186,0.4856408217675605,0.48474149350072426,True,ja,0.4406779661016949
maternn_kappa=3.0_nu=1.0_kernel_entropy,0.5886480186480186,0.4856408217675605,0.48474149350072426,True,ja,0.4406779661016949
matern_kappa=3.0_nu=2.0_kernel_entropy_s,0.6431235431235431,0.5634296034326316,0.5639614996347273,True,ja,0.4406779661016949
matern_kappa=3.0_nu=2.0_kernel_entropy,0.6431235431235431,0.5634296034326316,0.5639614996347273,True,ja,0.4406779661016949
maternn_kappa=3.0_nu=2.0_kernel_entropy_s,0.6306060606060606,0.5461111626490553,0.5450068501758409,True,ja,0.4406779661016949
maternn_kappa=3.0_nu=2.0_kernel_entropy,0.6306060606060606,0.5461111626490553,0.5450068501758409,True,ja,0.4406779661016949
matern_kappa=3.0_nu=3.0_kernel_entropy_s,0.6396736596736596,0.5621370824951862,0.5626733601241884,True,ja,0.4406779661016949
matern_kappa=3.0_nu=3.0_kernel_entropy,0.6396736596736596,0.5621370824951862,0.5626733601241884,True,ja,0.4406779661016949
maternn_kappa=3.0_nu=3.0_kernel_entropy_s,0.6368298368298368,0.562994328201273,0.5635276999126275,True,ja,0.4406779661016949
maternn_kappa=3.0_nu=3.0_kernel_entropy,0.6368298368298368,0.562994328201273,0.5635276999126275,True,ja,0.4406779661016949
weighted_heat_t=0.1_kernel_entropy_s,0.6787878787878789,0.5817135864710433,0.582183503069619,True,ja,0.4406779661016949
weighted_heat_t=0.1_kernel_entropy,0.6787878787878789,0.5817135864710433,0.582183503069619,True,ja,0.4406779661016949
weighted_heatn_t=0.1_kernel_entropy_s,0.3266666666666666,0.32322757112545664,0.32457371150486475,True,ja,0.4406779661016949
weighted_heatn_t=0.1_kernel_entropy,0.3266666666666666,0.32322757112545664,0.32457371150486475,True,ja,0.4406779661016949
weighted_heat_t=0.2_kernel_entropy_s,0.6805128205128205,0.5823722796833186,0.5828399634235474,True,ja,0.4406779661016949
weighted_heat_t=0.2_kernel_entropy,0.6805128205128205,0.5823722796833186,0.5828399634235474,True,ja,0.4406779661016949
weighted_heatn_t=0.2_kernel_entropy_s,0.327086247086247,0.3237675092436828,0.32511181932438504,True,ja,0.4406779661016949
weighted_heatn_t=0.2_kernel_entropy,0.327086247086247,0.3237675092436828,0.32511181932438504,True,ja,0.4406779661016949
weighted_heat_t=0.3_kernel_entropy_s,0.6837296037296037,0.5840370732061622,0.5844991135785169,True,ja,0.4406779661016949
weighted_heat_t=0.3_kernel_entropy,0.6837296037296037,0.5840370732061622,0.5844991135785169,True,ja,0.4406779661016949
weighted_heatn_t=0.3_kernel_entropy_s,0.3273659673659674,0.325052110700467,0.32639206619995975,True,ja,0.4406779661016949
weighted_heatn_t=0.3_kernel_entropy,0.3273659673659674,0.325052110700467,0.32639206619995975,True,ja,0.4406779661016949
weighted_heat_t=0.4_kernel_entropy_s,0.6841491841491841,0.582063682557336,0.5825324123895174,True,ja,0.4406779661016949
weighted_heat_t=0.4_kernel_entropy,0.6841491841491841,0.582063682557336,0.5825324123895174,True,ja,0.4406779661016949
weighted_heatn_t=0.4_kernel_entropy_s,0.3271794871794872,0.3265313277396649,0.3278662689441096,True,ja,0.4406779661016949
weighted_heatn_t=0.4_kernel_entropy,0.3271794871794872,0.3265313277396649,0.3278662689441096,True,ja,0.4406779661016949
weighted_heat_t=0.5_kernel_entropy_s,0.6863403263403264,0.5824307339569834,0.5828982195471322,True,ja,0.4406779661016949
weighted_heat_t=0.5_kernel_entropy,0.6863403263403264,0.5824307339569834,0.5828982195471322,True,ja,0.4406779661016949
weighted_heatn_t=0.5_kernel_entropy_s,0.3277855477855478,0.3266688999891965,0.32800337484703257,True,ja,0.4406779661016949
weighted_heatn_t=0.5_kernel_entropy,0.3277855477855478,0.3266688999891965,0.32800337484703257,True,ja,0.4406779661016949
weighted_heat_t=0.6_kernel_entropy_s,0.6855944055944057,0.5813203695679531,0.5817916191051832,True,ja,0.4406779661016949
weighted_heat_t=0.6_kernel_entropy,0.6855944055944057,0.5813203695679531,0.5817916191051832,True,ja,0.4406779661016949
weighted_heatn_t=0.6_kernel_entropy_s,0.32890442890442884,0.3275993412773132,0.32893066209688454,True,ja,0.4406779661016949
weighted_heatn_t=0.6_kernel_entropy,0.32890442890442884,0.3275993412773132,0.32893066209688454,True,ja,0.4406779661016949
weighted_heat_t=0.7_kernel_entropy_s,0.6825641025641025,0.5782994073098433,0.5787808973971009,True,ja,0.4406779661016949
weighted_heat_t=0.7_kernel_entropy,0.6825641025641025,0.5782994073098433,0.5787808973971009,True,ja,0.4406779661016949
weighted_heatn_t=0.7_kernel_entropy_s,0.3296969696969697,0.32899891944356335,0.3303254959303677,True,ja,0.4406779661016949
weighted_heatn_t=0.7_kernel_entropy,0.3296969696969697,0.32899891944356335,0.3303254959303677,True,ja,0.4406779661016949
weighted_matern_kappa=1.0_nu=1.0_kernel_entropy_s,0.6868065268065268,0.585437529015818,0.5858948220803435,True,ja,0.4406779661016949
weighted_matern_kappa=1.0_nu=1.0_kernel_entropy,0.6868065268065268,0.585437529015818,0.5858948220803435,True,ja,0.4406779661016949
weighted_maternn_kappa=1.0_nu=1.0_kernel_entropy_s,0.32988344988344986,0.3298460603414825,0.3311697651642261,True,ja,0.4406779661016949
weighted_maternn_kappa=1.0_nu=1.0_kernel_entropy,0.32988344988344986,0.3298460603414825,0.3311697651642261,True,ja,0.4406779661016949
weighted_matern_kappa=1.0_nu=2.0_kernel_entropy_s,0.6866200466200468,0.5856804942208254,0.5861369636744864,True,ja,0.4406779661016949
weighted_matern_kappa=1.0_nu=2.0_kernel_entropy,0.6866200466200468,0.5856804942208254,0.5861369636744864,True,ja,0.4406779661016949
weighted_maternn_kappa=1.0_nu=2.0_kernel_entropy_s,0.3290909090909091,0.3289760318289724,0.33030268590091094,True,ja,0.4406779661016949
weighted_maternn_kappa=1.0_nu=2.0_kernel_entropy,0.3290909090909091,0.3289760318289724,0.33030268590091094,True,ja,0.4406779661016949
weighted_matern_kappa=1.0_nu=3.0_kernel_entropy_s,0.6857342657342658,0.5846817432495405,0.5851415982997143,True,ja,0.4406779661016949
weighted_matern_kappa=1.0_nu=3.0_kernel_entropy,0.6857342657342658,0.5846817432495405,0.5851415982997143,True,ja,0.4406779661016949
weighted_maternn_kappa=1.0_nu=3.0_kernel_entropy_s,0.32885780885780885,0.32809121898780835,0.32942087242531015,True,ja,0.4406779661016949
weighted_maternn_kappa=1.0_nu=3.0_kernel_entropy,0.32885780885780885,0.32809121898780835,0.32942087242531015,True,ja,0.4406779661016949
weighted_matern_kappa=2.0_nu=1.0_kernel_entropy_s,0.6884382284382284,0.5854892546705281,0.5859463723938513,True,ja,0.4406779661016949
weighted_matern_kappa=2.0_nu=1.0_kernel_entropy,0.6884382284382284,0.5854892546705281,0.5859463723938513,True,ja,0.4406779661016949
weighted_maternn_kappa=2.0_nu=1.0_kernel_entropy_s,0.38536130536130536,0.35447816387383535,0.35571837004053714,True,ja,0.4406779661016949
weighted_maternn_kappa=2.0_nu=1.0_kernel_entropy,0.38536130536130536,0.35447816387383535,0.35571837004053714,True,ja,0.4406779661016949
weighted_matern_kappa=2.0_nu=2.0_kernel_entropy_s,0.6827039627039627,0.581794083935048,0.5822637276608643,True,ja,0.4406779661016949
weighted_matern_kappa=2.0_nu=2.0_kernel_entropy,0.6827039627039627,0.581794083935048,0.5822637276608643,True,ja,0.4406779661016949
weighted_maternn_kappa=2.0_nu=2.0_kernel_entropy_s,0.4119347319347319,0.3664644865542622,0.3676640611186574,True,ja,0.4406779661016949
weighted_maternn_kappa=2.0_nu=2.0_kernel_entropy,0.4119347319347319,0.3664644865542622,0.3676640611186574,True,ja,0.4406779661016949
weighted_matern_kappa=2.0_nu=3.0_kernel_entropy_s,0.6776223776223778,0.580412963207998,0.5808872886989906,True,ja,0.4406779661016949
weighted_matern_kappa=2.0_nu=3.0_kernel_entropy,0.6776223776223778,0.580412963207998,0.5808872886989906,True,ja,0.4406779661016949
weighted_maternn_kappa=2.0_nu=3.0_kernel_entropy_s,0.43449883449883453,0.3786311520200776,0.37978948365069026,True,ja,0.4406779661016949
weighted_maternn_kappa=2.0_nu=3.0_kernel_entropy,0.43449883449883453,0.3786311520200776,0.37978948365069026,True,ja,0.4406779661016949
weighted_matern_kappa=3.0_nu=1.0_kernel_entropy_s,0.6845221445221445,0.5830533615035811,0.5835187364918769,True,ja,0.4406779661016949
weighted_matern_kappa=3.0_nu=1.0_kernel_entropy,0.6845221445221445,0.5830533615035811,0.5835187364918769,True,ja,0.4406779661016949
weighted_maternn_kappa=3.0_nu=1.0_kernel_entropy_s,0.6406993006993007,0.5326810910436826,0.5333172194911645,True,ja,0.4406779661016949
weighted_maternn_kappa=3.0_nu=1.0_kernel_entropy,0.6406993006993007,0.5326810910436826,0.5333172194911645,True,ja,0.4406779661016949
weighted_matern_kappa=3.0_nu=2.0_kernel_entropy_s,0.6734265734265734,0.5788474563878765,0.5793270886816491,True,ja,0.4406779661016949
weighted_matern_kappa=3.0_nu=2.0_kernel_entropy,0.6734265734265734,0.5788474563878765,0.5793270886816491,True,ja,0.4406779661016949
weighted_maternn_kappa=3.0_nu=2.0_kernel_entropy_s,0.6672261072261072,0.560160413954963,0.560703392155288,True,ja,0.4406779661016949
weighted_maternn_kappa=3.0_nu=2.0_kernel_entropy,0.6672261072261072,0.560160413954963,0.560703392155288,True,ja,0.4406779661016949
weighted_matern_kappa=3.0_nu=3.0_kernel_entropy_s,0.6668531468531469,0.5761586330890167,0.5766473800380398,True,ja,0.4406779661016949
weighted_matern_kappa=3.0_nu=3.0_kernel_entropy,0.6668531468531469,0.5761586330890167,0.5766473800380398,True,ja,0.4406779661016949
weighted_maternn_kappa=3.0_nu=3.0_kernel_entropy_s,0.6649883449883451,0.555180714909617,0.555740573445689,True,ja,0.4406779661016949
weighted_maternn_kappa=3.0_nu=3.0_kernel_entropy,0.6649883449883451,0.555180714909617,0.555740573445689,True,ja,0.4406779661016949
weighted_deberta_heat_t=0.1_kernel_entropy_s,0.6578088578088578,0.5730624890365175,0.5735617313891083,True,ja,0.4406779661016949
weighted_deberta_heat_t=0.1_kernel_entropy,0.6578088578088578,0.5730624890365175,0.5735617313891083,True,ja,0.4406779661016949
weighted_deberta_heatn_t=0.1_kernel_entropy_s,0.4458741258741259,0.3972910491553694,0.39669121164315063,True,ja,0.4406779661016949
weighted_deberta_heatn_t=0.1_kernel_entropy,0.4458741258741259,0.3972910491553694,0.39669121164315063,True,ja,0.4406779661016949
weighted_deberta_heat_t=0.2_kernel_entropy_s,0.654918414918415,0.5717452443352526,0.5722489519241193,True,ja,0.4406779661016949
weighted_deberta_heat_t=0.2_kernel_entropy,0.654918414918415,0.5717452443352526,0.5722489519241193,True,ja,0.4406779661016949
weighted_deberta_heatn_t=0.2_kernel_entropy_s,0.44652680652680654,0.39770054360601753,0.3970993179770169,True,ja,0.4406779661016949
weighted_deberta_heatn_t=0.2_kernel_entropy,0.44652680652680654,0.39770054360601753,0.3970993179770169,True,ja,0.4406779661016949
weighted_deberta_heat_t=0.3_kernel_entropy_s,0.6494638694638694,0.5689138745314253,0.5694271799840335,True,ja,0.4406779661016949
weighted_deberta_heat_t=0.3_kernel_entropy,0.6494638694638694,0.5689138745314253,0.5694271799840335,True,ja,0.4406779661016949
weighted_deberta_heatn_t=0.3_kernel_entropy_s,0.44741258741258744,0.3987872391231502,0.39818232978053214,True,ja,0.4406779661016949
weighted_deberta_heatn_t=0.3_kernel_entropy,0.44741258741258744,0.3987872391231502,0.39818232978053214,True,ja,0.4406779661016949
weighted_deberta_heat_t=0.4_kernel_entropy_s,0.6436829836829836,0.5651501844169007,0.5656762481410834,True,ja,0.4406779661016949
weighted_deberta_heat_t=0.4_kernel_entropy,0.6436829836829836,0.5651501844169007,0.5656762481410834,True,ja,0.4406779661016949
weighted_deberta_heatn_t=0.4_kernel_entropy_s,0.44815850815850816,0.39847371387483155,0.3978698673296655,True,ja,0.4406779661016949
weighted_deberta_heatn_t=0.4_kernel_entropy,0.44815850815850816,0.39847371387483155,0.3978698673296655,True,ja,0.4406779661016949
weighted_deberta_heat_t=0.5_kernel_entropy_s,0.6386480186480185,0.561625666650545,0.5621636778925799,True,ja,0.4406779661016949
weighted_deberta_heat_t=0.5_kernel_entropy,0.6386480186480185,0.561625666650545,0.5621636778925799,True,ja,0.4406779661016949
weighted_deberta_heatn_t=0.5_kernel_entropy_s,0.4492307692307692,0.3993189163951972,0.39871220475674174,True,ja,0.4406779661016949
weighted_deberta_heatn_t=0.5_kernel_entropy,0.4492307692307692,0.3993189163951972,0.39871220475674174,True,ja,0.4406779661016949
weighted_deberta_heat_t=0.6_kernel_entropy_s,0.6313752913752914,0.5560664212953097,0.5566232774368538,True,ja,0.4406779661016949
weighted_deberta_heat_t=0.6_kernel_entropy,0.6313752913752914,0.5560664212953097,0.5566232774368538,True,ja,0.4406779661016949
weighted_deberta_heatn_t=0.6_kernel_entropy_s,0.451002331002331,0.4015323786909052,0.40091816379043044,True,ja,0.4406779661016949
weighted_deberta_heatn_t=0.6_kernel_entropy,0.451002331002331,0.4015323786909052,0.40091816379043044,True,ja,0.4406779661016949
weighted_deberta_heat_t=0.7_kernel_entropy_s,0.6255477855477856,0.5529132081669345,0.5534807531665409,True,ja,0.4406779661016949
weighted_deberta_heat_t=0.7_kernel_entropy,0.6255477855477856,0.5529132081669345,0.5534807531665409,True,ja,0.4406779661016949
weighted_deberta_heatn_t=0.7_kernel_entropy_s,0.4508624708624709,0.401655821717529,0.40104118836611646,True,ja,0.4406779661016949
weighted_deberta_heatn_t=0.7_kernel_entropy,0.4508624708624709,0.401655821717529,0.40104118836611646,True,ja,0.4406779661016949
weighted_deberta_matern_kappa=1.0_nu=1.0_kernel_entropy_s,0.6444755244755244,0.5653281870272238,0.5658536473527275,True,ja,0.4406779661016949
weighted_deberta_matern_kappa=1.0_nu=1.0_kernel_entropy,0.6444755244755244,0.5653281870272238,0.5658536473527275,True,ja,0.4406779661016949
weighted_deberta_maternn_kappa=1.0_nu=1.0_kernel_entropy_s,0.45202797202797207,0.40334547235786156,0.4027251113771598,True,ja,0.4406779661016949
weighted_deberta_maternn_kappa=1.0_nu=1.0_kernel_entropy,0.45202797202797207,0.40334547235786156,0.4027251113771598,True,ja,0.4406779661016949
weighted_deberta_matern_kappa=1.0_nu=2.0_kernel_entropy_s,0.6445221445221445,0.5647431883558669,0.5652706317277143,True,ja,0.4406779661016949
weighted_deberta_matern_kappa=1.0_nu=2.0_kernel_entropy,0.6445221445221445,0.5647431883558669,0.5652706317277143,True,ja,0.4406779661016949
weighted_deberta_maternn_kappa=1.0_nu=2.0_kernel_entropy_s,0.45165501165501165,0.402242824587004,0.40162620139535593,True,ja,0.4406779661016949
weighted_deberta_maternn_kappa=1.0_nu=2.0_kernel_entropy,0.45165501165501165,0.402242824587004,0.40162620139535593,True,ja,0.4406779661016949
weighted_deberta_matern_kappa=1.0_nu=3.0_kernel_entropy_s,0.6434032634032634,0.5640927608226685,0.5646224090336114,True,ja,0.4406779661016949
weighted_deberta_matern_kappa=1.0_nu=3.0_kernel_entropy,0.6434032634032634,0.5640927608226685,0.5646224090336114,True,ja,0.4406779661016949
weighted_deberta_maternn_kappa=1.0_nu=3.0_kernel_entropy_s,0.4510489510489511,0.4016463510546957,0.401031749807225,True,ja,0.4406779661016949
weighted_deberta_maternn_kappa=1.0_nu=3.0_kernel_entropy,0.4510489510489511,0.4016463510546957,0.401031749807225,True,ja,0.4406779661016949
weighted_deberta_matern_kappa=2.0_nu=1.0_kernel_entropy_s,0.6313286713286712,0.5569291269970638,0.5574830587125004,True,ja,0.4406779661016949
weighted_deberta_matern_kappa=2.0_nu=1.0_kernel_entropy,0.6313286713286712,0.5569291269970638,0.5574830587125004,True,ja,0.4406779661016949
weighted_deberta_maternn_kappa=2.0_nu=1.0_kernel_entropy_s,0.46610722610722605,0.42443972194643986,0.4254427702891667,True,ja,0.4406779661016949
weighted_deberta_maternn_kappa=2.0_nu=1.0_kernel_entropy,0.46610722610722605,0.42443972194643986,0.4254427702891667,True,ja,0.4406779661016949
weighted_deberta_matern_kappa=2.0_nu=2.0_kernel_entropy_s,0.6194871794871795,0.5498599907373471,0.5504378856265454,True,ja,0.4406779661016949
weighted_deberta_matern_kappa=2.0_nu=2.0_kernel_entropy,0.6194871794871795,0.5498599907373471,0.5504378856265454,True,ja,0.4406779661016949
weighted_deberta_maternn_kappa=2.0_nu=2.0_kernel_entropy_s,0.48354312354312357,0.436520869329903,0.437482964630652,True,ja,0.4406779661016949
weighted_deberta_maternn_kappa=2.0_nu=2.0_kernel_entropy,0.48354312354312357,0.436520869329903,0.437482964630652,True,ja,0.4406779661016949
weighted_deberta_matern_kappa=2.0_nu=3.0_kernel_entropy_s,0.6095571095571095,0.5445326593429857,0.5451286129826733,True,ja,0.4406779661016949
weighted_deberta_matern_kappa=2.0_nu=3.0_kernel_entropy,0.6095571095571095,0.5445326593429857,0.5451286129826733,True,ja,0.4406779661016949
weighted_deberta_maternn_kappa=2.0_nu=3.0_kernel_entropy_s,0.49659673659673664,0.44387541442227313,0.4448125790616921,True,ja,0.4406779661016949
weighted_deberta_maternn_kappa=2.0_nu=3.0_kernel_entropy,0.49659673659673664,0.44387541442227313,0.4448125790616921,True,ja,0.4406779661016949
weighted_deberta_matern_kappa=3.0_nu=1.0_kernel_entropy_s,0.6209324009324009,0.552422148478567,0.5529913580872866,True,ja,0.4406779661016949
weighted_deberta_matern_kappa=3.0_nu=1.0_kernel_entropy,0.6209324009324009,0.552422148478567,0.5529913580872866,True,ja,0.4406779661016949
weighted_deberta_maternn_kappa=3.0_nu=1.0_kernel_entropy_s,0.512913752913753,0.48287273157622346,0.48367770192020526,True,ja,0.4406779661016949
weighted_deberta_maternn_kappa=3.0_nu=1.0_kernel_entropy,0.512913752913753,0.48287273157622346,0.48367770192020526,True,ja,0.4406779661016949
weighted_deberta_matern_kappa=3.0_nu=2.0_kernel_entropy_s,0.5996270396270397,0.5403726638818613,0.5409827192010782,True,ja,0.4406779661016949
weighted_deberta_matern_kappa=3.0_nu=2.0_kernel_entropy,0.5996270396270397,0.5403726638818613,0.5409827192010782,True,ja,0.4406779661016949
weighted_deberta_maternn_kappa=3.0_nu=2.0_kernel_entropy_s,0.5124475524475525,0.4826194764286779,0.48342530526468525,True,ja,0.4406779661016949
weighted_deberta_maternn_kappa=3.0_nu=2.0_kernel_entropy,0.5124475524475525,0.4826194764286779,0.48342530526468525,True,ja,0.4406779661016949
weighted_deberta_matern_kappa=3.0_nu=3.0_kernel_entropy_s,0.5841025641025642,0.5344520637006464,0.535082188850986,True,ja,0.4406779661016949
weighted_deberta_matern_kappa=3.0_nu=3.0_kernel_entropy,0.5841025641025642,0.5344520637006464,0.535082188850986,True,ja,0.4406779661016949
weighted_deberta_maternn_kappa=3.0_nu=3.0_kernel_entropy_s,0.5102564102564102,0.4806155253799934,0.48142814727040306,True,ja,0.4406779661016949
weighted_deberta_maternn_kappa=3.0_nu=3.0_kernel_entropy,0.5102564102564102,0.4806155253799934,0.48142814727040306,True,ja,0.4406779661016949
semantic_kernel_heat_t=0.1_alpha_0.0,0.642937062937063,0.5607818907392482,0.5613227622386097,False,ja,0.4406779661016949
semantic_kernel_heat_t=0.1_alpha_0.1,0.6434965034965034,0.560125038946655,0.5606681370622625,False,ja,0.4406779661016949
semantic_kernel_heat_t=0.1_alpha_0.2,0.6425174825174825,0.5579804005709073,0.5585307686471105,False,ja,0.4406779661016949
semantic_kernel_heat_t=0.1_alpha_0.3,0.6429370629370629,0.5595074128130146,0.5600526045765327,False,ja,0.4406779661016949
semantic_kernel_heat_t=0.1_alpha_0.4,0.6435198135198136,0.5608703059218234,0.5614108777087014,False,ja,0.4406779661016949
semantic_kernel_heat_t=0.1_alpha_0.5,0.6432167832167832,0.556952774016731,0.557506625572779,False,ja,0.4406779661016949
semantic_kernel_heat_t=0.1_alpha_0.6,0.6465501165501165,0.5553535451666163,0.5559128178374103,False,ja,0.4406779661016949
semantic_kernel_heat_t=0.1_alpha_0.7,0.6502564102564102,0.5571144516017015,0.5576677550981393,False,ja,0.4406779661016949
semantic_kernel_heat_t=0.1_alpha_0.8,0.6491142191142191,0.5545125253131723,0.5550746488987236,False,ja,0.4406779661016949
semantic_kernel_heat_t=0.1_alpha_0.9,0.6479720279720279,0.553610347084454,0.5541755289012892,False,ja,0.4406779661016949
semantic_kernel_heat_t=0.1_alpha_1.0,0.6484382284382285,0.5531237241675274,0.5536905555535727,False,ja,0.4406779661016949
semantic_kernel_heatn_t=0.1_alpha_0.0,0.642937062937063,0.5607818907392482,0.5613227622386097,False,ja,0.4406779661016949
semantic_kernel_heatn_t=0.1_alpha_0.1,0.6432634032634031,0.5600310721955862,0.5605744888425531,False,ja,0.4406779661016949
semantic_kernel_heatn_t=0.1_alpha_0.2,0.6421911421911422,0.5576073659527148,0.5581589985530474,False,ja,0.4406779661016949
semantic_kernel_heatn_t=0.1_alpha_0.3,0.6417249417249417,0.5573847293651452,0.5579371166657746,False,ja,0.4406779661016949
semantic_kernel_heatn_t=0.1_alpha_0.4,0.6412820512820512,0.5580373764105789,0.5585875513483425,False,ja,0.4406779661016949
semantic_kernel_heatn_t=0.1_alpha_0.5,0.6405128205128204,0.5570656723703026,0.5576191412200671,False,ja,0.4406779661016949
semantic_kernel_heatn_t=0.1_alpha_0.6,0.64011655011655,0.5575546751733798,0.5581064863865237,False,ja,0.4406779661016949
semantic_kernel_heatn_t=0.1_alpha_0.7,0.63995337995338,0.5572163594529767,0.5577693174990711,False,ja,0.4406779661016949
semantic_kernel_heatn_t=0.1_alpha_0.8,0.6400699300699301,0.5574479912441841,0.5580001640977661,False,ja,0.4406779661016949
semantic_kernel_heatn_t=0.1_alpha_0.9,0.6406060606060606,0.5594744622525898,0.5600197657129229,False,ja,0.4406779661016949
semantic_kernel_heatn_t=0.1_alpha_1.0,0.6334731934731934,0.5445724406106205,0.5451682593985534,False,ja,0.4406779661016949
semantic_kernel_heat_t=0.2_alpha_0.0,0.642937062937063,0.5607818907392482,0.5613227622386097,False,ja,0.4406779661016949
semantic_kernel_heat_t=0.2_alpha_0.1,0.6436363636363636,0.5599317179609452,0.5604754714019281,False,ja,0.4406779661016949
semantic_kernel_heat_t=0.2_alpha_0.2,0.6435897435897435,0.559794053425702,0.560338273526126,False,ja,0.4406779661016949
semantic_kernel_heat_t=0.2_alpha_0.3,0.6448018648018647,0.5633066111195747,0.5638389242447654,False,ja,0.4406779661016949
semantic_kernel_heat_t=0.2_alpha_0.4,0.6478554778554779,0.5651603873560611,0.5656864164940094,False,ja,0.4406779661016949
semantic_kernel_heat_t=0.2_alpha_0.5,0.6524475524475525,0.5666744263412871,0.5671953231436924,False,ja,0.4406779661016949
semantic_kernel_heat_t=0.2_alpha_0.6,0.6542424242424243,0.5651664734463466,0.5656924819534805,False,ja,0.4406779661016949
semantic_kernel_heat_t=0.2_alpha_0.7,0.6540326340326339,0.5612326473185707,0.5617719908295276,False,ja,0.4406779661016949
semantic_kernel_heat_t=0.2_alpha_0.8,0.6556876456876457,0.558763964871603,0.5593116767976342,False,ja,0.4406779661016949
semantic_kernel_heat_t=0.2_alpha_0.9,0.6578088578088578,0.5579340366514418,0.5584845618934736,False,ja,0.4406779661016949
semantic_kernel_heat_t=0.2_alpha_1.0,0.6622377622377623,0.560401423406838,0.5609435846259702,False,ja,0.4406779661016949
semantic_kernel_heatn_t=0.2_alpha_0.0,0.642937062937063,0.5607818907392482,0.5613227622386097,False,ja,0.4406779661016949
semantic_kernel_heatn_t=0.2_alpha_0.1,0.6432634032634031,0.5600310721955862,0.5605744888425531,False,ja,0.4406779661016949
semantic_kernel_heatn_t=0.2_alpha_0.2,0.6421911421911422,0.5576000101801696,0.5581516677153243,False,ja,0.4406779661016949
semantic_kernel_heatn_t=0.2_alpha_0.3,0.6417249417249417,0.5573669822543748,0.5579194297147017,False,ja,0.4406779661016949
semantic_kernel_heatn_t=0.2_alpha_0.4,0.6411888111888112,0.557937591598695,0.5584881047900583,False,ja,0.4406779661016949
semantic_kernel_heatn_t=0.2_alpha_0.5,0.6404662004662005,0.5566883657353339,0.5572431135906407,False,ja,0.4406779661016949
semantic_kernel_heatn_t=0.2_alpha_0.6,0.6400699300699301,0.5573727637360035,0.5579251915980878,False,ja,0.4406779661016949
semantic_kernel_heatn_t=0.2_alpha_0.7,0.6402331002331002,0.5581264858401083,0.558676358712009,False,ja,0.4406779661016949
semantic_kernel_heatn_t=0.2_alpha_0.8,0.6406759906759907,0.5596277224610275,0.5601725063952302,False,ja,0.4406779661016949
semantic_kernel_heatn_t=0.2_alpha_0.9,0.6387412587412586,0.5534343279585154,0.5540001064503537,False,ja,0.4406779661016949
semantic_kernel_heatn_t=0.2_alpha_1.0,0.6342191142191141,0.5448951429568183,0.545489867838493,False,ja,0.4406779661016949
semantic_kernel_heat_t=0.3_alpha_0.0,0.642937062937063,0.5607818907392482,0.5613227622386097,False,ja,0.4406779661016949
semantic_kernel_heat_t=0.3_alpha_0.1,0.6440093240093241,0.5601876187685019,0.5607305047491199,False,ja,0.4406779661016949
semantic_kernel_heat_t=0.3_alpha_0.2,0.6442424242424243,0.5601560546837596,0.5606990476612752,False,ja,0.4406779661016949
semantic_kernel_heat_t=0.3_alpha_0.3,0.6459673659673659,0.564645663589452,0.5651734375537278,False,ja,0.4406779661016949
semantic_kernel_heat_t=0.3_alpha_0.4,0.6513986013986014,0.5684073134583894,0.5689223360671772,False,ja,0.4406779661016949
semantic_kernel_heat_t=0.3_alpha_0.5,0.6551981351981352,0.5710219744895964,0.5715281338406514,False,ja,0.4406779661016949
semantic_kernel_heat_t=0.3_alpha_0.6,0.6595104895104895,0.5706031391832183,0.5711107183149727,False,ja,0.4406779661016949
semantic_kernel_heat_t=0.3_alpha_0.7,0.6604662004662005,0.5688553218225845,0.5693688257589515,False,ja,0.4406779661016949
semantic_kernel_heat_t=0.3_alpha_0.8,0.6611888111888111,0.5658427539341362,0.5663664699650403,False,ja,0.4406779661016949
semantic_kernel_heat_t=0.3_alpha_0.9,0.6647086247086249,0.5643350874569573,0.5648639142216825,False,ja,0.4406779661016949
semantic_kernel_heat_t=0.3_alpha_1.0,0.67011655011655,0.5647055205182363,0.5652330915776689,False,ja,0.4406779661016949
semantic_kernel_heatn_t=0.3_alpha_0.0,0.642937062937063,0.5607818907392482,0.5613227622386097,False,ja,0.4406779661016949
semantic_kernel_heatn_t=0.3_alpha_0.1,0.6432634032634031,0.5600310721955862,0.5605744888425531,False,ja,0.4406779661016949
semantic_kernel_heatn_t=0.3_alpha_0.2,0.6421911421911422,0.5575881239607671,0.558139821788191,False,ja,0.4406779661016949
semantic_kernel_heatn_t=0.3_alpha_0.3,0.6417249417249418,0.5573524273870032,0.5579049241858637,False,ja,0.4406779661016949
semantic_kernel_heatn_t=0.3_alpha_0.4,0.6412354312354313,0.557696897740212,0.5582482268429599,False,ja,0.4406779661016949
semantic_kernel_heatn_t=0.3_alpha_0.5,0.6405128205128204,0.5568500284108164,0.5574042282570538,False,ja,0.4406779661016949
semantic_kernel_heatn_t=0.3_alpha_0.6,0.6402564102564103,0.5580114465160979,0.5585617093518089,False,ja,0.4406779661016949
semantic_kernel_heatn_t=0.3_alpha_0.7,0.6404195804195805,0.5586790810189,0.5592270806868048,False,ja,0.4406779661016949
semantic_kernel_heatn_t=0.3_alpha_0.8,0.641002331002331,0.559984233511659,0.5605278089338258,False,ja,0.4406779661016949
semantic_kernel_heatn_t=0.3_alpha_0.9,0.6386946386946386,0.5490215142113979,0.5496022513939043,False,ja,0.4406779661016949
semantic_kernel_heatn_t=0.3_alpha_1.0,0.6345920745920746,0.5450081981833322,0.5456025398269508,False,ja,0.4406779661016949
semantic_kernel_heat_t=0.4_alpha_0.0,0.642937062937063,0.5607818907392482,0.5613227622386097,False,ja,0.4406779661016949
semantic_kernel_heat_t=0.4_alpha_0.1,0.6442424242424243,0.5602965253582531,0.5608390421639907,False,ja,0.4406779661016949
semantic_kernel_heat_t=0.4_alpha_0.2,0.6446153846153846,0.559909371912823,0.5604532011031215,False,ja,0.4406779661016949
semantic_kernel_heat_t=0.4_alpha_0.3,0.6476923076923076,0.5645684753748986,0.5650965109941392,False,ja,0.4406779661016949
semantic_kernel_heat_t=0.4_alpha_0.4,0.6530769230769231,0.5702152360120547,0.5707241300698134,False,ja,0.4406779661016949
semantic_kernel_heat_t=0.4_alpha_0.5,0.6572494172494172,0.5730426329532206,0.5735419426145684,False,ja,0.4406779661016949
semantic_kernel_heat_t=0.4_alpha_0.6,0.6603496503496503,0.573933562099443,0.5744298516619902,False,ja,0.4406779661016949
semantic_kernel_heat_t=0.4_alpha_0.7,0.662890442890443,0.572181022991926,0.5726832533650071,False,ja,0.4406779661016949
semantic_kernel_heat_t=0.4_alpha_0.8,0.6671561771561771,0.5741865675256406,0.5746819994426751,False,ja,0.4406779661016949
semantic_kernel_heat_t=0.4_alpha_0.9,0.6708624708624709,0.5714955544153706,0.5720001084107451,False,ja,0.4406779661016949
semantic_kernel_heat_t=0.4_alpha_1.0,0.6701631701631701,0.5639358410151255,0.5644660211576196,False,ja,0.4406779661016949
semantic_kernel_heatn_t=0.4_alpha_0.0,0.642937062937063,0.5607818907392482,0.5613227622386097,False,ja,0.4406779661016949
semantic_kernel_heatn_t=0.4_alpha_0.1,0.6432167832167831,0.5599415627075806,0.5604852827765406,False,ja,0.4406779661016949
semantic_kernel_heatn_t=0.4_alpha_0.2,0.6421911421911422,0.5575408828420974,0.5580927408089067,False,ja,0.4406779661016949
semantic_kernel_heatn_t=0.4_alpha_0.3,0.6417715617715618,0.5573661425504879,0.5579185928572689,False,ja,0.4406779661016949
semantic_kernel_heatn_t=0.4_alpha_0.4,0.6411888111888112,0.5576692301949436,0.5582206530859806,False,ja,0.4406779661016949
semantic_kernel_heatn_t=0.4_alpha_0.5,0.6405128205128205,0.5569804077417686,0.5575341656241722,False,ja,0.4406779661016949
semantic_kernel_heatn_t=0.4_alpha_0.6,0.6403496503496503,0.5582737725825495,0.5588231461773574,False,ja,0.4406779661016949
semantic_kernel_heatn_t=0.4_alpha_0.7,0.6406993006993007,0.559589745218703,0.5601346578893205,False,ja,0.4406779661016949
semantic_kernel_heatn_t=0.4_alpha_0.8,0.64002331002331,0.5567319818231073,0.5572865818272692,False,ja,0.4406779661016949
semantic_kernel_heatn_t=0.4_alpha_0.9,0.6391142191142191,0.5492461186164612,0.5498260944281032,False,ja,0.4406779661016949
semantic_kernel_heatn_t=0.4_alpha_1.0,0.6350116550116551,0.5453404370043055,0.5459336524146328,False,ja,0.4406779661016949
semantic_kernel_heat_t=0.5_alpha_0.0,0.642937062937063,0.5607818907392482,0.5613227622386097,False,ja,0.4406779661016949
semantic_kernel_heat_t=0.5_alpha_0.1,0.644055944055944,0.5601308090887809,0.5606738876445844,False,ja,0.4406779661016949
semantic_kernel_heat_t=0.5_alpha_0.2,0.6447552447552447,0.5598253400942861,0.5603694541382066,False,ja,0.4406779661016949
semantic_kernel_heat_t=0.5_alpha_0.3,0.6481585081585082,0.5643195831113277,0.5648484624331565,False,ja,0.4406779661016949
semantic_kernel_heat_t=0.5_alpha_0.4,0.6530769230769231,0.5702352954237372,0.5707441214834902,False,ja,0.4406779661016949
semantic_kernel_heat_t=0.5_alpha_0.5,0.6565501165501165,0.5730213446128392,0.5735207264380529,False,ja,0.4406779661016949
semantic_kernel_heat_t=0.5_alpha_0.6,0.6616083916083916,0.5751713018415893,0.575663395676197,False,ja,0.4406779661016949
semantic_kernel_heat_t=0.5_alpha_0.7,0.6651282051282051,0.5773301889318185,0.5778149645051034,False,ja,0.4406779661016949
semantic_kernel_heat_t=0.5_alpha_0.8,0.6687412587412587,0.5777385599328879,0.5782219511976945,False,ja,0.4406779661016949
semantic_kernel_heat_t=0.5_alpha_0.9,0.6711888111888111,0.5763896587030031,0.5768776225143517,False,ja,0.4406779661016949
semantic_kernel_heat_t=0.5_alpha_1.0,0.6695104895104895,0.5635521397423933,0.5640836205671677,False,ja,0.4406779661016949
semantic_kernel_heatn_t=0.5_alpha_0.0,0.642937062937063,0.5607818907392482,0.5613227622386097,False,ja,0.4406779661016949
semantic_kernel_heatn_t=0.5_alpha_0.1,0.6432167832167832,0.5599341975857923,0.560477942621267,False,ja,0.4406779661016949
semantic_kernel_heatn_t=0.5_alpha_0.2,0.6421911421911422,0.5575408828420974,0.5580927408089067,False,ja,0.4406779661016949
semantic_kernel_heatn_t=0.5_alpha_0.3,0.6417249417249418,0.5570569279555591,0.5576104264474074,False,ja,0.4406779661016949
semantic_kernel_heatn_t=0.5_alpha_0.4,0.6412354312354313,0.5578218937055203,0.5583727990931315,False,ja,0.4406779661016949
semantic_kernel_heatn_t=0.5_alpha_0.5,0.6406526806526807,0.5575281796672806,0.5580800806956994,False,ja,0.4406779661016949
semantic_kernel_heatn_t=0.5_alpha_0.6,0.6406293706293706,0.5595488602183092,0.5600939114821484,False,ja,0.4406779661016949
semantic_kernel_heatn_t=0.5_alpha_0.7,0.6411655011655012,0.5604859240350817,0.5610277988114063,False,ja,0.4406779661016949
semantic_kernel_heatn_t=0.5_alpha_0.8,0.638904428904429,0.5525645811409834,0.5531333079271186,False,ja,0.4406779661016949
semantic_kernel_heatn_t=0.5_alpha_0.9,0.6385547785547785,0.547756489964714,0.548341515365006,False,ja,0.4406779661016949
semantic_kernel_heatn_t=0.5_alpha_1.0,0.6358508158508158,0.545680675533467,0.546272737592848,False,ja,0.4406779661016949
semantic_kernel_heat_t=0.6_alpha_0.0,0.642937062937063,0.5607818907392482,0.5613227622386097,False,ja,0.4406779661016949
semantic_kernel_heat_t=0.6_alpha_0.1,0.6439627039627039,0.5600516278238759,0.560594974790747,False,ja,0.4406779661016949
semantic_kernel_heat_t=0.6_alpha_0.2,0.6441025641025641,0.5594277138722129,0.559973175801632,False,ja,0.4406779661016949
semantic_kernel_heat_t=0.6_alpha_0.3,0.6480186480186481,0.5638383800609099,0.5643688905795199,False,ja,0.4406779661016949
semantic_kernel_heat_t=0.6_alpha_0.4,0.6527039627039627,0.5697316917277466,0.5702422249186724,False,ja,0.4406779661016949
semantic_kernel_heat_t=0.6_alpha_0.5,0.6556643356643357,0.5726830413199642,0.5731835699360011,False,ja,0.4406779661016949
semantic_kernel_heat_t=0.6_alpha_0.6,0.6591841491841492,0.5742781813683218,0.5747733027299574,False,ja,0.4406779661016949
semantic_kernel_heat_t=0.6_alpha_0.7,0.6637296037296038,0.5777895355667844,0.578272754032832,False,ja,0.4406779661016949
semantic_kernel_heat_t=0.6_alpha_0.8,0.6690675990675992,0.5805676708766128,0.5810414719348305,False,ja,0.4406779661016949
semantic_kernel_heat_t=0.6_alpha_0.9,0.6710489510489511,0.5792706346424205,0.5797488324336355,False,ja,0.4406779661016949
semantic_kernel_heat_t=0.6_alpha_1.0,0.6659673659673659,0.5618630067443942,0.5624002134437381,False,ja,0.4406779661016949
semantic_kernel_heatn_t=0.6_alpha_0.0,0.642937062937063,0.5607818907392482,0.5613227622386097,False,ja,0.4406779661016949
semantic_kernel_heatn_t=0.6_alpha_0.1,0.6432167832167832,0.5599341975857923,0.560477942621267,False,ja,0.4406779661016949
semantic_kernel_heatn_t=0.6_alpha_0.2,0.6421445221445221,0.5575035052536994,0.5580554899241982,False,ja,0.4406779661016949
semantic_kernel_heatn_t=0.6_alpha_0.3,0.6418181818181818,0.5571208028554946,0.5576740848222584,False,ja,0.4406779661016949
semantic_kernel_heatn_t=0.6_alpha_0.4,0.6411421911421913,0.5578705094482486,0.5584212500367318,False,ja,0.4406779661016949
semantic_kernel_heatn_t=0.6_alpha_0.5,0.6408391608391608,0.5577356680875823,0.5582868657654237,False,ja,0.4406779661016949
semantic_kernel_heatn_t=0.6_alpha_0.6,0.6405361305361306,0.5594441972804156,0.5599896033338747,False,ja,0.4406779661016949
semantic_kernel_heatn_t=0.6_alpha_0.7,0.6405594405594405,0.5592776601072085,0.5598236306934581,False,ja,0.4406779661016949
semantic_kernel_heatn_t=0.6_alpha_0.8,0.6395104895104894,0.5504753154890031,0.5510511245315857,False,ja,0.4406779661016949
semantic_kernel_heatn_t=0.6_alpha_0.9,0.6393939393939394,0.5473233122656543,0.5479098060649261,False,ja,0.4406779661016949
semantic_kernel_heatn_t=0.6_alpha_1.0,0.6362703962703964,0.5458554529887951,0.5464469225822257,False,ja,0.4406779661016949
semantic_kernel_heat_t=0.7_alpha_0.0,0.642937062937063,0.5607818907392482,0.5613227622386097,False,ja,0.4406779661016949
semantic_kernel_heat_t=0.7_alpha_0.1,0.6437296037296037,0.5599363116269278,0.5604800494961614,False,ja,0.4406779661016949
semantic_kernel_heat_t=0.7_alpha_0.2,0.6441025641025641,0.559534750986512,0.5600798500782554,False,ja,0.4406779661016949
semantic_kernel_heat_t=0.7_alpha_0.3,0.6474125874125873,0.5629692035378612,0.5635026604175662,False,ja,0.4406779661016949
semantic_kernel_heat_t=0.7_alpha_0.4,0.6515384615384615,0.5683182721479934,0.5688335965917317,False,ja,0.4406779661016949
semantic_kernel_heat_t=0.7_alpha_0.5,0.6548717948717949,0.5721097247442424,0.5726121968062986,False,ja,0.4406779661016949
semantic_kernel_heat_t=0.7_alpha_0.6,0.6571794871794873,0.5736949372212886,0.5741920356817277,False,ja,0.4406779661016949
semantic_kernel_heat_t=0.7_alpha_0.7,0.6617715617715617,0.5770848002806657,0.5775704076798865,False,ja,0.4406779661016949
semantic_kernel_heat_t=0.7_alpha_0.8,0.6689277389277389,0.5821580139382756,0.582626424003064,False,ja,0.4406779661016949
semantic_kernel_heat_t=0.7_alpha_0.9,0.6698368298368298,0.579394512213858,0.5798722900811021,False,ja,0.4406779661016949
semantic_kernel_heat_t=0.7_alpha_1.0,0.662937062937063,0.5597498120163188,0.5602941820876223,False,ja,0.4406779661016949
semantic_kernel_heatn_t=0.7_alpha_0.0,0.642937062937063,0.5607818907392482,0.5613227622386097,False,ja,0.4406779661016949
semantic_kernel_heatn_t=0.7_alpha_0.1,0.6432167832167832,0.5599341975857923,0.560477942621267,False,ja,0.4406779661016949
semantic_kernel_heatn_t=0.7_alpha_0.2,0.6421911421911422,0.5576091308878834,0.5581607575053851,False,ja,0.4406779661016949
semantic_kernel_heatn_t=0.7_alpha_0.3,0.6418648018648019,0.557235991411392,0.557788882908475,False,ja,0.4406779661016949
semantic_kernel_heatn_t=0.7_alpha_0.4,0.6411888111888112,0.5583161280105269,0.5588653580276127,False,ja,0.4406779661016949
semantic_kernel_heatn_t=0.7_alpha_0.5,0.6406526806526807,0.5579640091999083,0.5585144328400811,False,ja,0.4406779661016949
semantic_kernel_heatn_t=0.7_alpha_0.6,0.6411888111888112,0.5600908021820272,0.5606340163544637,False,ja,0.4406779661016949
semantic_kernel_heatn_t=0.7_alpha_0.7,0.6402797202797201,0.5576374813174986,0.5581890118318489,False,ja,0.4406779661016949
semantic_kernel_heatn_t=0.7_alpha_0.8,0.6397902097902098,0.5499749592999068,0.5505524644651643,False,ja,0.4406779661016949
semantic_kernel_heatn_t=0.7_alpha_0.9,0.63995337995338,0.5475760371494726,0.548161674254223,False,ja,0.4406779661016949
semantic_kernel_heatn_t=0.7_alpha_1.0,0.6367365967365968,0.5460512803700981,0.5466420861418974,False,ja,0.4406779661016949
semantic_kernel_matern_kappa=1.0_nu=1.0_alpha_0.0,0.642937062937063,0.5607818907392482,0.5613227622386097,False,ja,0.4406779661016949
semantic_kernel_matern_kappa=1.0_nu=1.0_alpha_0.1,0.6434032634032634,0.559765714945285,0.5603100311083549,False,ja,0.4406779661016949
semantic_kernel_matern_kappa=1.0_nu=1.0_alpha_0.2,0.643076923076923,0.5588011816920857,0.5593487674594035,False,ja,0.4406779661016949
semantic_kernel_matern_kappa=1.0_nu=1.0_alpha_0.3,0.6438694638694639,0.5610677652532567,0.561607667686469,False,ja,0.4406779661016949
semantic_kernel_matern_kappa=1.0_nu=1.0_alpha_0.4,0.645990675990676,0.5640442436891423,0.5645740563649446,False,ja,0.4406779661016949
semantic_kernel_matern_kappa=1.0_nu=1.0_alpha_0.5,0.6503962703962705,0.5681592574087393,0.5686751208854921,False,ja,0.4406779661016949
semantic_kernel_matern_kappa=1.0_nu=1.0_alpha_0.6,0.6519114219114219,0.563161075048676,0.5636938815164799,False,ja,0.4406779661016949
semantic_kernel_matern_kappa=1.0_nu=1.0_alpha_0.7,0.6528205128205129,0.5600158203289319,0.5605592886771419,False,ja,0.4406779661016949
semantic_kernel_matern_kappa=1.0_nu=1.0_alpha_0.8,0.651072261072261,0.5575812072304558,0.5581329285044231,False,ja,0.4406779661016949
semantic_kernel_matern_kappa=1.0_nu=1.0_alpha_0.9,0.6515617715617715,0.5565651476278974,0.5571203131717042,False,ja,0.4406779661016949
semantic_kernel_matern_kappa=1.0_nu=1.0_alpha_1.0,0.6533333333333333,0.5572936476940306,0.5578463437460875,False,ja,0.4406779661016949
semantic_kernel_maternn_kappa=1.0_nu=1.0_alpha_0.0,0.642937062937063,0.5607818907392482,0.5613227622386097,False,ja,0.4406779661016949
semantic_kernel_maternn_kappa=1.0_nu=1.0_alpha_0.1,0.6432167832167831,0.5599415627075806,0.5604852827765406,False,ja,0.4406779661016949
semantic_kernel_maternn_kappa=1.0_nu=1.0_alpha_0.2,0.6421911421911422,0.5575408828420974,0.5580927408089067,False,ja,0.4406779661016949
semantic_kernel_maternn_kappa=1.0_nu=1.0_alpha_0.3,0.6417249417249418,0.5573524273870032,0.5579049241858637,False,ja,0.4406779661016949
semantic_kernel_maternn_kappa=1.0_nu=1.0_alpha_0.4,0.6412354312354313,0.557712641742731,0.5582639174759789,False,ja,0.4406779661016949
semantic_kernel_maternn_kappa=1.0_nu=1.0_alpha_0.5,0.6404662004662005,0.5569940529761067,0.5575477646034787,False,ja,0.4406779661016949
semantic_kernel_maternn_kappa=1.0_nu=1.0_alpha_0.6,0.6402097902097902,0.5581956107298314,0.5587452492800721,False,ja,0.4406779661016949
semantic_kernel_maternn_kappa=1.0_nu=1.0_alpha_0.7,0.6405594405594406,0.5594871669437387,0.5600324273373221,False,ja,0.4406779661016949
semantic_kernel_maternn_kappa=1.0_nu=1.0_alpha_0.8,0.641095571095571,0.5580331291843901,0.5585833185195307,False,ja,0.4406779661016949
semantic_kernel_maternn_kappa=1.0_nu=1.0_alpha_0.9,0.6433566433566433,0.550748300976899,0.5513231846449461,False,ja,0.4406779661016949
semantic_kernel_maternn_kappa=1.0_nu=1.0_alpha_1.0,0.6384615384615385,0.5468329470898107,0.547421103143916,False,ja,0.4406779661016949
semantic_kernel_matern_kappa=1.0_nu=2.0_alpha_0.0,0.642937062937063,0.5607818907392482,0.5613227622386097,False,ja,0.4406779661016949
semantic_kernel_matern_kappa=1.0_nu=2.0_alpha_0.1,0.6437296037296037,0.5599902928511374,0.5605338477331704,False,ja,0.4406779661016949
semantic_kernel_matern_kappa=1.0_nu=2.0_alpha_0.2,0.6434498834498834,0.5592689422699846,0.5598149424082248,False,ja,0.4406779661016949
semantic_kernel_matern_kappa=1.0_nu=2.0_alpha_0.3,0.6452680652680652,0.5638167646558246,0.5643473484469942,False,ja,0.4406779661016949
semantic_kernel_matern_kappa=1.0_nu=2.0_alpha_0.4,0.6485081585081586,0.566809056957362,0.5673294973847974,False,ja,0.4406779661016949
semantic_kernel_matern_kappa=1.0_nu=2.0_alpha_0.5,0.6536130536130537,0.5705617185516698,0.571069438092345,False,ja,0.4406779661016949
semantic_kernel_matern_kappa=1.0_nu=2.0_alpha_0.6,0.6548018648018648,0.5670356145501816,0.567555286985777,False,ja,0.4406779661016949
semantic_kernel_matern_kappa=1.0_nu=2.0_alpha_0.7,0.6554312354312354,0.5635201638107681,0.564051753028531,False,ja,0.4406779661016949
semantic_kernel_matern_kappa=1.0_nu=2.0_alpha_0.8,0.6553146853146852,0.5597814373047634,0.5603257001716994,False,ja,0.4406779661016949
semantic_kernel_matern_kappa=1.0_nu=2.0_alpha_0.9,0.6583216783216783,0.5605628623705575,0.5611044763389652,False,ja,0.4406779661016949
semantic_kernel_matern_kappa=1.0_nu=2.0_alpha_1.0,0.6625641025641026,0.5621763055281277,0.5627124501976962,False,ja,0.4406779661016949
semantic_kernel_maternn_kappa=1.0_nu=2.0_alpha_0.0,0.642937062937063,0.5607818907392482,0.5613227622386097,False,ja,0.4406779661016949
semantic_kernel_maternn_kappa=1.0_nu=2.0_alpha_0.1,0.6432167832167831,0.5599415627075806,0.5604852827765406,False,ja,0.4406779661016949
semantic_kernel_maternn_kappa=1.0_nu=2.0_alpha_0.2,0.6421911421911422,0.5575408828420974,0.5580927408089067,False,ja,0.4406779661016949
semantic_kernel_maternn_kappa=1.0_nu=2.0_alpha_0.3,0.6417249417249418,0.5573524273870032,0.5579049241858637,False,ja,0.4406779661016949
semantic_kernel_maternn_kappa=1.0_nu=2.0_alpha_0.4,0.6412354312354313,0.5578105013518698,0.5583614453576291,False,ja,0.4406779661016949
semantic_kernel_maternn_kappa=1.0_nu=2.0_alpha_0.5,0.6405594405594406,0.5574310301676096,0.5579832605163664,False,ja,0.4406779661016949
semantic_kernel_maternn_kappa=1.0_nu=2.0_alpha_0.6,0.6403496503496504,0.5583659277912327,0.5589149889955026,False,ja,0.4406779661016949
semantic_kernel_maternn_kappa=1.0_nu=2.0_alpha_0.7,0.640932400932401,0.559764175271833,0.5603084966541346,False,ja,0.4406779661016949
semantic_kernel_maternn_kappa=1.0_nu=2.0_alpha_0.8,0.6399766899766901,0.555306848046132,0.5558662790122497,False,ja,0.4406779661016949
semantic_kernel_maternn_kappa=1.0_nu=2.0_alpha_0.9,0.6413986013986014,0.549310918846159,0.5498906749960054,False,ja,0.4406779661016949
semantic_kernel_maternn_kappa=1.0_nu=2.0_alpha_1.0,0.6374358974358973,0.5465940346354233,0.5471830005622553,False,ja,0.4406779661016949
semantic_kernel_matern_kappa=1.0_nu=3.0_alpha_0.0,0.642937062937063,0.5607818907392482,0.5613227622386097,False,ja,0.4406779661016949
semantic_kernel_matern_kappa=1.0_nu=3.0_alpha_0.1,0.644055944055944,0.5602267639398915,0.5607695172250132,False,ja,0.4406779661016949
semantic_kernel_matern_kappa=1.0_nu=3.0_alpha_0.2,0.6437296037296037,0.5592613717710025,0.5598073975719511,False,ja,0.4406779661016949
semantic_kernel_matern_kappa=1.0_nu=3.0_alpha_0.3,0.6468065268065268,0.5648093590770669,0.5653365781413847,False,ja,0.4406779661016949
semantic_kernel_matern_kappa=1.0_nu=3.0_alpha_0.4,0.6504428904428904,0.568347718379247,0.5688629430052524,False,ja,0.4406779661016949
semantic_kernel_matern_kappa=1.0_nu=3.0_alpha_0.5,0.6542191142191143,0.5716264098519019,0.5721305202695254,False,ja,0.4406779661016949
semantic_kernel_matern_kappa=1.0_nu=3.0_alpha_0.6,0.656107226107226,0.5689727648583421,0.5694858706827235,False,ja,0.4406779661016949
semantic_kernel_matern_kappa=1.0_nu=3.0_alpha_0.7,0.657948717948718,0.5665857369219629,0.5671069343664676,False,ja,0.4406779661016949
semantic_kernel_matern_kappa=1.0_nu=3.0_alpha_0.8,0.6583682983682984,0.5628680836440161,0.5634018833030222,False,ja,0.4406779661016949
semantic_kernel_matern_kappa=1.0_nu=3.0_alpha_0.9,0.6613053613053614,0.5627716240330315,0.5633057506737699,False,ja,0.4406779661016949
semantic_kernel_matern_kappa=1.0_nu=3.0_alpha_1.0,0.6655011655011654,0.563492092716732,0.5640237770907459,False,ja,0.4406779661016949
semantic_kernel_maternn_kappa=1.0_nu=3.0_alpha_0.0,0.642937062937063,0.5607818907392482,0.5613227622386097,False,ja,0.4406779661016949
semantic_kernel_maternn_kappa=1.0_nu=3.0_alpha_0.1,0.6432167832167831,0.5599415627075806,0.5604852827765406,False,ja,0.4406779661016949
semantic_kernel_maternn_kappa=1.0_nu=3.0_alpha_0.2,0.6421911421911422,0.5575408828420974,0.5580927408089067,False,ja,0.4406779661016949
semantic_kernel_maternn_kappa=1.0_nu=3.0_alpha_0.3,0.6417249417249418,0.5570569279555591,0.5576104264474074,False,ja,0.4406779661016949
semantic_kernel_maternn_kappa=1.0_nu=3.0_alpha_0.4,0.6413053613053613,0.5571302292430264,0.5576834792559342,False,ja,0.4406779661016949
semantic_kernel_maternn_kappa=1.0_nu=3.0_alpha_0.5,0.6405128205128204,0.557392741669253,0.5579451018095295,False,ja,0.4406779661016949
semantic_kernel_maternn_kappa=1.0_nu=3.0_alpha_0.6,0.6404895104895105,0.5586324096574513,0.5591805675333611,False,ja,0.4406779661016949
semantic_kernel_maternn_kappa=1.0_nu=3.0_alpha_0.7,0.6412121212121211,0.5593497630602202,0.5598954892296799,False,ja,0.4406779661016949
semantic_kernel_maternn_kappa=1.0_nu=3.0_alpha_0.8,0.6393939393939394,0.5546289044993007,0.5551906335791364,False,ja,0.4406779661016949
semantic_kernel_maternn_kappa=1.0_nu=3.0_alpha_0.9,0.6407925407925408,0.5489153488655896,0.5494964459306244,False,ja,0.4406779661016949
semantic_kernel_maternn_kappa=1.0_nu=3.0_alpha_1.0,0.6366433566433566,0.5460612737040784,0.5466520456001691,False,ja,0.4406779661016949
semantic_kernel_matern_kappa=2.0_nu=1.0_alpha_0.0,0.642937062937063,0.5607818907392482,0.5613227622386097,False,ja,0.4406779661016949
semantic_kernel_matern_kappa=2.0_nu=1.0_alpha_0.1,0.6436363636363636,0.5599915056981715,0.5605350564688584,False,ja,0.4406779661016949
semantic_kernel_matern_kappa=2.0_nu=1.0_alpha_0.2,0.6426573426573426,0.5584679839021165,0.5590166991534681,False,ja,0.4406779661016949
semantic_kernel_matern_kappa=2.0_nu=1.0_alpha_0.3,0.6445687645687646,0.5616670288754408,0.5622048999065439,False,ja,0.4406779661016949
semantic_kernel_matern_kappa=2.0_nu=1.0_alpha_0.4,0.6468298368298369,0.5644330064199979,0.5649615012560346,False,ja,0.4406779661016949
semantic_kernel_matern_kappa=2.0_nu=1.0_alpha_0.5,0.6509090909090909,0.5688841015895918,0.5693975079674266,False,ja,0.4406779661016949
semantic_kernel_matern_kappa=2.0_nu=1.0_alpha_0.6,0.6521445221445221,0.5694276017734907,0.5699391657778207,False,ja,0.4406779661016949
semantic_kernel_matern_kappa=2.0_nu=1.0_alpha_0.7,0.6522144522144522,0.5643430397789468,0.5648718395866482,False,ja,0.4406779661016949
semantic_kernel_matern_kappa=2.0_nu=1.0_alpha_0.8,0.6525641025641026,0.5604467683304307,0.5609887758379575,False,ja,0.4406779661016949
semantic_kernel_matern_kappa=2.0_nu=1.0_alpha_0.9,0.6532867132867133,0.5593620850840393,0.5599077694839267,False,ja,0.4406779661016949
semantic_kernel_matern_kappa=2.0_nu=1.0_alpha_1.0,0.6556177156177156,0.5600752982319502,0.5606185649601498,False,ja,0.4406779661016949
semantic_kernel_maternn_kappa=2.0_nu=1.0_alpha_0.0,0.642937062937063,0.5607818907392482,0.5613227622386097,False,ja,0.4406779661016949
semantic_kernel_maternn_kappa=2.0_nu=1.0_alpha_0.1,0.6433100233100233,0.5600495143677757,0.5605928684989048,False,ja,0.4406779661016949
semantic_kernel_maternn_kappa=2.0_nu=1.0_alpha_0.2,0.6423310023310024,0.557482500844998,0.5580345567168822,False,ja,0.4406779661016949
semantic_kernel_maternn_kappa=2.0_nu=1.0_alpha_0.3,0.6417249417249418,0.5577857198166165,0.55833674782758,False,ja,0.4406779661016949
semantic_kernel_maternn_kappa=2.0_nu=1.0_alpha_0.4,0.6414219114219114,0.5589534285344149,0.5595004982107418,False,ja,0.4406779661016949
semantic_kernel_maternn_kappa=2.0_nu=1.0_alpha_0.5,0.6417249417249418,0.5593411135719132,0.5598868690616723,False,ja,0.4406779661016949
semantic_kernel_maternn_kappa=2.0_nu=1.0_alpha_0.6,0.6436596736596736,0.562060322054545,0.562596859888431,False,ja,0.4406779661016949
semantic_kernel_maternn_kappa=2.0_nu=1.0_alpha_0.7,0.6453613053613053,0.5536571093426575,0.5542221326433632,False,ja,0.4406779661016949
semantic_kernel_maternn_kappa=2.0_nu=1.0_alpha_0.8,0.6480885780885781,0.5540433475737611,0.5546070615923275,False,ja,0.4406779661016949
semantic_kernel_maternn_kappa=2.0_nu=1.0_alpha_0.9,0.6441958041958041,0.5504154982252576,0.5509915100382257,False,ja,0.4406779661016949
semantic_kernel_maternn_kappa=2.0_nu=1.0_alpha_1.0,0.6437296037296037,0.5503294747713177,0.5509057781892144,False,ja,0.4406779661016949
semantic_kernel_matern_kappa=2.0_nu=2.0_alpha_0.0,0.642937062937063,0.5607818907392482,0.5613227622386097,False,ja,0.4406779661016949
semantic_kernel_matern_kappa=2.0_nu=2.0_alpha_0.1,0.6434498834498835,0.5598043316834564,0.5603485169423289,False,ja,0.4406779661016949
semantic_kernel_matern_kappa=2.0_nu=2.0_alpha_0.2,0.6424708624708625,0.5582586552864215,0.5588080801263009,False,ja,0.4406779661016949
semantic_kernel_matern_kappa=2.0_nu=2.0_alpha_0.3,0.6444289044289044,0.5601125139584515,0.5606556545316461,False,ja,0.4406779661016949
semantic_kernel_matern_kappa=2.0_nu=2.0_alpha_0.4,0.6466899766899766,0.563552261155251,0.5640837415684563,False,ja,0.4406779661016949
semantic_kernel_matern_kappa=2.0_nu=2.0_alpha_0.5,0.6483916083916084,0.5689159452818142,0.5694292437149295,False,ja,0.4406779661016949
semantic_kernel_matern_kappa=2.0_nu=2.0_alpha_0.6,0.6507459207459207,0.5701497276341394,0.570658843754196,False,ja,0.4406779661016949
semantic_kernel_matern_kappa=2.0_nu=2.0_alpha_0.7,0.6514219114219114,0.5705565410216754,0.5710642781132997,False,ja,0.4406779661016949
semantic_kernel_matern_kappa=2.0_nu=2.0_alpha_0.8,0.652937062937063,0.5689212914409214,0.5694345717514634,False,ja,0.4406779661016949
semantic_kernel_matern_kappa=2.0_nu=2.0_alpha_0.9,0.656969696969697,0.5661981949963744,0.5667207061423217,False,ja,0.4406779661016949
semantic_kernel_matern_kappa=2.0_nu=2.0_alpha_1.0,0.6631701631701632,0.5642563756895143,0.5647854692737899,False,ja,0.4406779661016949
semantic_kernel_maternn_kappa=2.0_nu=2.0_alpha_0.0,0.642937062937063,0.5607818907392482,0.5613227622386097,False,ja,0.4406779661016949
semantic_kernel_maternn_kappa=2.0_nu=2.0_alpha_0.1,0.6433566433566433,0.5600718917397773,0.560615170015408,False,ja,0.4406779661016949
semantic_kernel_maternn_kappa=2.0_nu=2.0_alpha_0.2,0.6420979020979022,0.5573651366299013,0.5579175903465826,False,ja,0.4406779661016949
semantic_kernel_maternn_kappa=2.0_nu=2.0_alpha_0.3,0.6418648018648019,0.5579445089621308,0.5584949987048042,False,ja,0.4406779661016949
semantic_kernel_maternn_kappa=2.0_nu=2.0_alpha_0.4,0.6417948717948718,0.5601709427589303,0.5607138852683944,False,ja,0.4406779661016949
semantic_kernel_maternn_kappa=2.0_nu=2.0_alpha_0.5,0.642937062937063,0.5613316549315922,0.5618706628235219,False,ja,0.4406779661016949
semantic_kernel_maternn_kappa=2.0_nu=2.0_alpha_0.6,0.6437995337995338,0.559106113224243,0.55965266532535,False,ja,0.4406779661016949
semantic_kernel_maternn_kappa=2.0_nu=2.0_alpha_0.7,0.646993006993007,0.5555922645680518,0.5561507280205358,False,ja,0.4406779661016949
semantic_kernel_maternn_kappa=2.0_nu=2.0_alpha_0.8,0.645011655011655,0.5517202486514966,0.5522918375816639,False,ja,0.4406779661016949
semantic_kernel_maternn_kappa=2.0_nu=2.0_alpha_0.9,0.6436363636363637,0.5501191994165167,0.5506962156322263,False,ja,0.4406779661016949
semantic_kernel_maternn_kappa=2.0_nu=2.0_alpha_1.0,0.6432634032634033,0.5497259941429924,0.5503043432579342,False,ja,0.4406779661016949
semantic_kernel_matern_kappa=2.0_nu=3.0_alpha_0.0,0.642937062937063,0.5607818907392482,0.5613227622386097,False,ja,0.4406779661016949
semantic_kernel_matern_kappa=2.0_nu=3.0_alpha_0.1,0.6433100233100233,0.559983110240317,0.5605266894701832,False,ja,0.4406779661016949
semantic_kernel_matern_kappa=2.0_nu=3.0_alpha_0.2,0.642004662004662,0.5579368612093775,0.5584873768766365,False,ja,0.4406779661016949
semantic_kernel_matern_kappa=2.0_nu=3.0_alpha_0.3,0.6437762237762238,0.5596342004753053,0.5601789624501377,False,ja,0.4406779661016949
semantic_kernel_matern_kappa=2.0_nu=3.0_alpha_0.4,0.6454778554778555,0.5628133312374028,0.5633473164977875,False,ja,0.4406779661016949
semantic_kernel_matern_kappa=2.0_nu=3.0_alpha_0.5,0.6464335664335664,0.5661808534175676,0.566703423348528,False,ja,0.4406779661016949
semantic_kernel_matern_kappa=2.0_nu=3.0_alpha_0.6,0.6480419580419581,0.5684139001279975,0.5689289004090919,False,ja,0.4406779661016949
semantic_kernel_matern_kappa=2.0_nu=3.0_alpha_0.7,0.6479254079254079,0.5693607416445966,0.5698725322934313,False,ja,0.4406779661016949
semantic_kernel_matern_kappa=2.0_nu=3.0_alpha_0.8,0.6502797202797204,0.5715798575519634,0.5720841257739934,False,ja,0.4406779661016949
semantic_kernel_matern_kappa=2.0_nu=3.0_alpha_0.9,0.6582284382284382,0.572954727177774,0.5734543348248012,False,ja,0.4406779661016949
semantic_kernel_matern_kappa=2.0_nu=3.0_alpha_1.0,0.6619114219114219,0.5631848266225608,0.563717552576555,False,ja,0.4406779661016949
semantic_kernel_maternn_kappa=2.0_nu=3.0_alpha_0.0,0.642937062937063,0.5607818907392482,0.5613227622386097,False,ja,0.4406779661016949
semantic_kernel_maternn_kappa=2.0_nu=3.0_alpha_0.1,0.6433100233100232,0.5600771814143324,0.5606204417588629,False,ja,0.4406779661016949
semantic_kernel_maternn_kappa=2.0_nu=3.0_alpha_0.2,0.641958041958042,0.5573840517461655,0.5579364413438085,False,ja,0.4406779661016949
semantic_kernel_maternn_kappa=2.0_nu=3.0_alpha_0.3,0.6418648018648019,0.5578494622611851,0.5584002741960653,False,ja,0.4406779661016949
semantic_kernel_maternn_kappa=2.0_nu=3.0_alpha_0.4,0.642074592074592,0.5602543545074951,0.5607970142652691,False,ja,0.4406779661016949
semantic_kernel_maternn_kappa=2.0_nu=3.0_alpha_0.5,0.6441025641025641,0.5623916330875556,0.5629270478331938,False,ja,0.4406779661016949
semantic_kernel_maternn_kappa=2.0_nu=3.0_alpha_0.6,0.6440792540792541,0.5579742554431871,0.5585246443503318,False,ja,0.4406779661016949
semantic_kernel_maternn_kappa=2.0_nu=3.0_alpha_0.7,0.6467599067599068,0.555390373096045,0.5559495209264,False,ja,0.4406779661016949
semantic_kernel_maternn_kappa=2.0_nu=3.0_alpha_0.8,0.6442191142191143,0.5515108098310963,0.5520831087233666,False,ja,0.4406779661016949
semantic_kernel_maternn_kappa=2.0_nu=3.0_alpha_0.9,0.6433566433566433,0.5503161574889675,0.5508925060501942,False,ja,0.4406779661016949
semantic_kernel_maternn_kappa=2.0_nu=3.0_alpha_1.0,0.6433100233100233,0.5502464145192282,0.5508229994973014,False,ja,0.4406779661016949
semantic_kernel_matern_kappa=3.0_nu=1.0_alpha_0.0,0.642937062937063,0.5607818907392482,0.5613227622386097,False,ja,0.4406779661016949
semantic_kernel_matern_kappa=3.0_nu=1.0_alpha_0.1,0.6434498834498834,0.5601775320786249,0.560720452251412,False,ja,0.4406779661016949
semantic_kernel_matern_kappa=3.0_nu=1.0_alpha_0.2,0.6420979020979022,0.5580554824520924,0.558605596013444,False,ja,0.4406779661016949
semantic_kernel_matern_kappa=3.0_nu=1.0_alpha_0.3,0.6431701631701632,0.5591365815894893,0.5596830304080024,False,ja,0.4406779661016949
semantic_kernel_matern_kappa=3.0_nu=1.0_alpha_0.4,0.6459673659673659,0.5630463094042346,0.5635795049081214,False,ja,0.4406779661016949
semantic_kernel_matern_kappa=3.0_nu=1.0_alpha_0.5,0.6475524475524476,0.5675845369345693,0.5681023486163195,False,ja,0.4406779661016949
semantic_kernel_matern_kappa=3.0_nu=1.0_alpha_0.6,0.6494405594405595,0.5688282883610003,0.5693418839362202,False,ja,0.4406779661016949
semantic_kernel_matern_kappa=3.0_nu=1.0_alpha_0.7,0.6485314685314685,0.5672989640392032,0.5678177437646664,False,ja,0.4406779661016949
semantic_kernel_matern_kappa=3.0_nu=1.0_alpha_0.8,0.6487179487179487,0.5622836284775481,0.5628194093405084,False,ja,0.4406779661016949
semantic_kernel_matern_kappa=3.0_nu=1.0_alpha_0.9,0.6479720279720279,0.5585109910267957,0.559059560491284,False,ja,0.4406779661016949
semantic_kernel_matern_kappa=3.0_nu=1.0_alpha_1.0,0.6554778554778555,0.5611760328564842,0.5617155682808718,False,ja,0.4406779661016949
semantic_kernel_maternn_kappa=3.0_nu=1.0_alpha_0.0,0.642937062937063,0.5607818907392482,0.5613227622386097,False,ja,0.4406779661016949
semantic_kernel_maternn_kappa=3.0_nu=1.0_alpha_0.1,0.6432634032634031,0.5600346644075298,0.560578068877507,False,ja,0.4406779661016949
semantic_kernel_maternn_kappa=3.0_nu=1.0_alpha_0.2,0.6420979020979022,0.5574997159386761,0.5580517134543106,False,ja,0.4406779661016949
semantic_kernel_maternn_kappa=3.0_nu=1.0_alpha_0.3,0.6422377622377622,0.5581209095993083,0.5586708013737202,False,ja,0.4406779661016949
semantic_kernel_maternn_kappa=3.0_nu=1.0_alpha_0.4,0.6426107226107227,0.560224592805491,0.5607673534503904,False,ja,0.4406779661016949
semantic_kernel_maternn_kappa=3.0_nu=1.0_alpha_0.5,0.6448951048951048,0.5628745276134928,0.5634083054285347,False,ja,0.4406779661016949
semantic_kernel_maternn_kappa=3.0_nu=1.0_alpha_0.6,0.6462703962703963,0.5596350299367562,0.5601797890998548,False,ja,0.4406779661016949
semantic_kernel_maternn_kappa=3.0_nu=1.0_alpha_0.7,0.6482517482517482,0.5552919144872003,0.5558513960755516,False,ja,0.4406779661016949
semantic_kernel_maternn_kappa=3.0_nu=1.0_alpha_0.8,0.6448951048951049,0.551654887258779,0.5522266977529894,False,ja,0.4406779661016949
semantic_kernel_maternn_kappa=3.0_nu=1.0_alpha_0.9,0.644009324009324,0.5508687080814173,0.5514431835897882,False,ja,0.4406779661016949
semantic_kernel_maternn_kappa=3.0_nu=1.0_alpha_1.0,0.6437296037296036,0.5498506069073201,0.5504285336061117,False,ja,0.4406779661016949
semantic_kernel_matern_kappa=3.0_nu=2.0_alpha_0.0,0.642937062937063,0.5607818907392482,0.5613227622386097,False,ja,0.4406779661016949
semantic_kernel_matern_kappa=3.0_nu=2.0_alpha_0.1,0.642937062937063,0.5598649806010998,0.560408960270421,False,ja,0.4406779661016949
semantic_kernel_matern_kappa=3.0_nu=2.0_alpha_0.2,0.6417249417249418,0.5578306831327364,0.5583815587256792,False,ja,0.4406779661016949
semantic_kernel_matern_kappa=3.0_nu=2.0_alpha_0.3,0.6413986013986014,0.5572839729619415,0.5578367018097005,False,ja,0.4406779661016949
semantic_kernel_matern_kappa=3.0_nu=2.0_alpha_0.4,0.6418648018648019,0.5587830157494413,0.5593306630962257,False,ja,0.4406779661016949
semantic_kernel_matern_kappa=3.0_nu=2.0_alpha_0.5,0.6414918414918416,0.5604543506583923,0.5609963324631124,False,ja,0.4406779661016949
semantic_kernel_matern_kappa=3.0_nu=2.0_alpha_0.6,0.6398368298368298,0.5626796718327816,0.5632141101758936,False,ja,0.4406779661016949
semantic_kernel_matern_kappa=3.0_nu=2.0_alpha_0.7,0.6404662004662005,0.5665108181727705,0.5670322695791369,False,ja,0.4406779661016949
semantic_kernel_matern_kappa=3.0_nu=2.0_alpha_0.8,0.6411188811188812,0.5666683689555212,0.5671892862914375,False,ja,0.4406779661016949
semantic_kernel_matern_kappa=3.0_nu=2.0_alpha_0.9,0.6462470862470863,0.5668546907219335,0.5673749764586417,False,ja,0.4406779661016949
semantic_kernel_matern_kappa=3.0_nu=2.0_alpha_1.0,0.6610256410256411,0.5644515654439273,0.5649799973680185,False,ja,0.4406779661016949
semantic_kernel_maternn_kappa=3.0_nu=2.0_alpha_0.0,0.642937062937063,0.5607818907392482,0.5613227622386097,False,ja,0.4406779661016949
semantic_kernel_maternn_kappa=3.0_nu=2.0_alpha_0.1,0.6430303030303031,0.5595072156237796,0.5600524080557358,False,ja,0.4406779661016949
semantic_kernel_maternn_kappa=3.0_nu=2.0_alpha_0.2,0.6427505827505828,0.5585249090799816,0.5590734313646286,False,ja,0.4406779661016949
semantic_kernel_maternn_kappa=3.0_nu=2.0_alpha_0.3,0.6430769230769231,0.5601661579960878,0.560709116725087,False,ja,0.4406779661016949
semantic_kernel_maternn_kappa=3.0_nu=2.0_alpha_0.4,0.6441491841491841,0.5621748311049963,0.5627109807726094,False,ja,0.4406779661016949
semantic_kernel_maternn_kappa=3.0_nu=2.0_alpha_0.5,0.6468065268065268,0.564708400419306,0.5652359617163621,False,ja,0.4406779661016949
semantic_kernel_maternn_kappa=3.0_nu=2.0_alpha_0.6,0.6465034965034965,0.5593755101175548,0.559921149008854,False,ja,0.4406779661016949
semantic_kernel_maternn_kappa=3.0_nu=2.0_alpha_0.7,0.6456410256410257,0.5547562860439221,0.5553175833219116,False,ja,0.4406779661016949
semantic_kernel_maternn_kappa=3.0_nu=2.0_alpha_0.8,0.6446620046620046,0.5520604992369129,0.5526309347752651,False,ja,0.4406779661016949
semantic_kernel_maternn_kappa=3.0_nu=2.0_alpha_0.9,0.6432634032634033,0.5505607719893233,0.5511362913488538,False,ja,0.4406779661016949
semantic_kernel_maternn_kappa=3.0_nu=2.0_alpha_1.0,0.6434032634032634,0.5504667774482226,0.5510426154333162,False,ja,0.4406779661016949
semantic_kernel_matern_kappa=3.0_nu=3.0_alpha_0.0,0.642937062937063,0.5607818907392482,0.5613227622386097,False,ja,0.4406779661016949
semantic_kernel_matern_kappa=3.0_nu=3.0_alpha_0.1,0.6429836829836829,0.5598683916311908,0.5604123597376982,False,ja,0.4406779661016949
semantic_kernel_matern_kappa=3.0_nu=3.0_alpha_0.2,0.6415850815850817,0.5581947047701208,0.5587443463914114,False,ja,0.4406779661016949
semantic_kernel_matern_kappa=3.0_nu=3.0_alpha_0.3,0.6405128205128205,0.5564584448887178,0.557013972136725,False,ja,0.4406779661016949
semantic_kernel_matern_kappa=3.0_nu=3.0_alpha_0.4,0.6403263403263404,0.5574895097181807,0.5580415418311728,False,ja,0.4406779661016949
semantic_kernel_matern_kappa=3.0_nu=3.0_alpha_0.5,0.6381818181818182,0.5579849967259967,0.5585353492220131,False,ja,0.4406779661016949
semantic_kernel_matern_kappa=3.0_nu=3.0_alpha_0.6,0.6352214452214453,0.5587126823422865,0.5592605681074004,False,ja,0.4406779661016949
semantic_kernel_matern_kappa=3.0_nu=3.0_alpha_0.7,0.6337062937062937,0.5616360595857178,0.562174035597464,False,ja,0.4406779661016949
semantic_kernel_matern_kappa=3.0_nu=3.0_alpha_0.8,0.6359906759906759,0.5642085839075376,0.5647378394978538,False,ja,0.4406779661016949
semantic_kernel_matern_kappa=3.0_nu=3.0_alpha_0.9,0.6403729603729603,0.5681819435254072,0.5686977301000697,False,ja,0.4406779661016949
semantic_kernel_matern_kappa=3.0_nu=3.0_alpha_1.0,0.6572027972027972,0.5609353361287595,0.561475687474258,False,ja,0.4406779661016949
semantic_kernel_maternn_kappa=3.0_nu=3.0_alpha_0.0,0.642937062937063,0.5607818907392482,0.5613227622386097,False,ja,0.4406779661016949
semantic_kernel_maternn_kappa=3.0_nu=3.0_alpha_0.1,0.6433566433566433,0.559704734669878,0.5602492575457458,False,ja,0.4406779661016949
semantic_kernel_maternn_kappa=3.0_nu=3.0_alpha_0.2,0.6421911421911422,0.5581288036511816,0.5586786686660955,False,ja,0.4406779661016949
semantic_kernel_maternn_kappa=3.0_nu=3.0_alpha_0.3,0.6428438228438229,0.5602762681178284,0.5608188535921775,False,ja,0.4406779661016949
semantic_kernel_maternn_kappa=3.0_nu=3.0_alpha_0.4,0.6445221445221445,0.5628346366539247,0.5633685496925583,False,ja,0.4406779661016949
semantic_kernel_maternn_kappa=3.0_nu=3.0_alpha_0.5,0.6468065268065267,0.566377847339359,0.5668997494943133,False,ja,0.4406779661016949
semantic_kernel_maternn_kappa=3.0_nu=3.0_alpha_0.6,0.6456643356643357,0.5600476686033156,0.5605910289912733,False,ja,0.4406779661016949
semantic_kernel_maternn_kappa=3.0_nu=3.0_alpha_0.7,0.6450815850815851,0.5554722041642861,0.5560310746011897,False,ja,0.4406779661016949
semantic_kernel_maternn_kappa=3.0_nu=3.0_alpha_0.8,0.643822843822844,0.5518866041058299,0.5524576291192029,False,ja,0.4406779661016949
semantic_kernel_maternn_kappa=3.0_nu=3.0_alpha_0.9,0.6427039627039627,0.5516914061677218,0.5522630928690208,False,ja,0.4406779661016949
semantic_kernel_maternn_kappa=3.0_nu=3.0_alpha_1.0,0.6437296037296036,0.5526388681490138,0.5532073431147827,False,ja,0.4406779661016949
semantic_kernel_prod_heat_t=0.1,0.6482517482517482,0.5504329680886075,0.5510089206817,False,ja,0.4406779661016949
semantic_kernel_sum_heat_t=0.1,0.6478896722560975,0.5483558984036832,0.5489409058824096,False,ja,0.4406779661016949
semantic_kernel_prod_heatn_t=0.1,0.6333799533799533,0.5419080415176499,0.5425128921669151,False,ja,0.4406779661016949
semantic_kernel_sum_heatn_t=0.1,0.6325174825174824,0.5433403045955463,0.5439403001157338,False,ja,0.4406779661016949
semantic_kernel_prod_heat_t=0.2,0.662051282051282,0.5574123861770393,0.5579646797257639,False,ja,0.4406779661016949
semantic_kernel_sum_heat_t=0.2,0.6752721088435374,0.5519984506569126,0.5526608476513158,False,ja,0.4406779661016949
semantic_kernel_prod_heatn_t=0.2,0.6341258741258741,0.5422307438638478,0.5428345006068545,False,ja,0.4406779661016949
semantic_kernel_sum_heatn_t=0.2,0.6330303030303029,0.5431120916831367,0.543712860806417,False,ja,0.4406779661016949
semantic_kernel_prod_heat_t=0.3,0.6699300699300699,0.5616050801571636,0.5621431611839218,False,ja,0.4406779661016949
semantic_kernel_sum_heat_t=0.3,0.6884143717728055,0.5575669305444321,0.5583631027612325,False,ja,0.4406779661016949
semantic_kernel_prod_heatn_t=0.3,0.6344988344988345,0.5423437990903618,0.5429471725953124,False,ja,0.4406779661016949
semantic_kernel_sum_heatn_t=0.3,0.6332634032634032,0.5423228871089691,0.5429263315019924,False,ja,0.4406779661016949
semantic_kernel_prod_heat_t=0.4,0.6699766899766899,0.5617486301104622,0.5622862245272092,False,ja,0.4406779661016949
semantic_kernel_sum_heat_t=0.4,0.6961525537634408,0.5502255727099205,0.5512038917120926,False,ja,0.4406779661016949
semantic_kernel_prod_heatn_t=0.4,0.634918414918415,0.5426760379113349,0.5432782851829944,False,ja,0.4406779661016949
semantic_kernel_sum_heatn_t=0.4,0.6344289044289044,0.5437197516599903,0.5443184609189423,False,ja,0.4406779661016949
semantic_kernel_prod_heat_t=0.5,0.6693240093240095,0.5613114524865355,0.5618505288613296,False,ja,0.4406779661016949
semantic_kernel_sum_heat_t=0.5,0.6939614661654135,0.5575484642540485,0.5587194699197089,False,ja,0.4406779661016949
semantic_kernel_prod_heatn_t=0.5,0.6357575757575757,0.5430162764404964,0.5436173703612095,False,ja,0.4406779661016949
semantic_kernel_sum_heatn_t=0.5,0.6355944055944056,0.5453181302921368,0.5459114213184375,False,ja,0.4406779661016949
semantic_kernel_prod_heat_t=0.6,0.6657808857808858,0.5595706933875205,0.5601156706406165,False,ja,0.4406779661016949
semantic_kernel_sum_heat_t=0.6,0.6733870967741936,0.5805634490047008,0.5818754763468126,False,ja,0.4406779661016949
semantic_kernel_prod_heatn_t=0.6,0.6361771561771562,0.5431910538958247,0.5437915553505873,False,ja,0.4406779661016949
semantic_kernel_sum_heatn_t=0.6,0.6360606060606062,0.5456363701695097,0.546228582416565,False,ja,0.4406779661016949
semantic_kernel_prod_heat_t=0.7,0.6627505827505829,0.5580542330206394,0.5586043508173519,False,ja,0.4406779661016949
semantic_kernel_sum_heat_t=0.7,0.678448275862069,0.5830575417624085,0.5844318375005481,False,ja,0.4406779661016949
semantic_kernel_prod_heatn_t=0.7,0.6366433566433567,0.5433868812771276,0.5439867189102588,False,ja,0.4406779661016949
semantic_kernel_sum_heatn_t=0.7,0.6365268065268066,0.5455263951160167,0.5461189801598636,False,ja,0.4406779661016949
semantic_kernel_prod_matern_kappa=1.0_nu=1.0,0.6531468531468532,0.5546223568999906,0.5551841081750784,False,ja,0.4406779661016949
semantic_kernel_sum_matern_kappa=1.0_nu=1.0,0.6524708624708625,0.5564435696520545,0.5569991473245929,False,ja,0.4406779661016949
semantic_kernel_prod_maternn_kappa=1.0_nu=1.0,0.6383682983682984,0.5441685479968401,0.5447657359122775,False,ja,0.4406779661016949
semantic_kernel_sum_maternn_kappa=1.0_nu=1.0,0.6342424242424243,0.5435080902532787,0.5441075170085247,False,ja,0.4406779661016949
semantic_kernel_prod_matern_kappa=1.0_nu=2.0,0.6623776223776224,0.559517427085596,0.5600625849024274,False,ja,0.4406779661016949
semantic_kernel_sum_matern_kappa=1.0_nu=2.0,0.6672124330786423,0.5583863215852822,0.5589494826816614,False,ja,0.4406779661016949
semantic_kernel_prod_maternn_kappa=1.0_nu=2.0,0.6373426573426573,0.5439296355424528,0.5445276333306168,False,ja,0.4406779661016949
semantic_kernel_sum_maternn_kappa=1.0_nu=2.0,0.6347086247086248,0.544119573372692,0.5447169273038042,False,ja,0.4406779661016949
semantic_kernel_prod_matern_kappa=1.0_nu=3.0,0.6655011655011654,0.5633587481466239,0.5638908845361297,False,ja,0.4406779661016949
semantic_kernel_sum_matern_kappa=1.0_nu=3.0,0.6745647969052224,0.5630357485732875,0.5636576121485974,False,ja,0.4406779661016949
semantic_kernel_prod_maternn_kappa=1.0_nu=3.0,0.6367365967365968,0.5460612737040784,0.5466520456001691,False,ja,0.4406779661016949
semantic_kernel_sum_maternn_kappa=1.0_nu=3.0,0.6349417249417248,0.5439710882874313,0.5445689455578159,False,ja,0.4406779661016949
semantic_kernel_prod_matern_kappa=2.0_nu=1.0,0.6554312354312355,0.55746079078551,0.5580129202508162,False,ja,0.4406779661016949
semantic_kernel_sum_matern_kappa=2.0_nu=1.0,0.6519580419580419,0.5578922586746964,0.5584429255369884,False,ja,0.4406779661016949
semantic_kernel_prod_maternn_kappa=2.0_nu=1.0,0.6436363636363637,0.5476650756783472,0.548250410957576,False,ja,0.4406779661016949
semantic_kernel_sum_maternn_kappa=2.0_nu=1.0,0.6365268065268066,0.5456021075074768,0.5461944358991494,False,ja,0.4406779661016949
semantic_kernel_prod_matern_kappa=2.0_nu=2.0,0.662983682983683,0.5617061141632557,0.5622438527018576,False,ja,0.4406779661016949
semantic_kernel_sum_matern_kappa=2.0_nu=2.0,0.6737008220786846,0.5673012288750168,0.5679564432021218,False,ja,0.4406779661016949
semantic_kernel_prod_maternn_kappa=2.0_nu=2.0,0.6431701631701632,0.5470615950500219,0.5476489760262958,False,ja,0.4406779661016949
semantic_kernel_sum_maternn_kappa=2.0_nu=2.0,0.6364335664335664,0.5465370739942015,0.5471262330079528,False,ja,0.4406779661016949
semantic_kernel_prod_matern_kappa=2.0_nu=3.0,0.6617249417249418,0.5612216956368037,0.5617610762721056,False,ja,0.4406779661016949
semantic_kernel_sum_matern_kappa=2.0_nu=3.0,0.6608146067415731,0.587916663180543,0.5887969574252294,False,ja,0.4406779661016949
semantic_kernel_prod_maternn_kappa=2.0_nu=3.0,0.6432167832167832,0.5475820154262576,0.548167632265663,False,ja,0.4406779661016949
semantic_kernel_sum_maternn_kappa=2.0_nu=3.0,0.6365501165501166,0.546167218142743,0.5467576309051433,False,ja,0.4406779661016949
semantic_kernel_prod_matern_kappa=3.0_nu=1.0,0.6554778554778555,0.5613248499590828,0.5618638809187159,False,ja,0.4406779661016949
semantic_kernel_sum_matern_kappa=3.0_nu=1.0,0.6516827377576102,0.5590507217678267,0.5596005026449717,False,ja,0.4406779661016949
semantic_kernel_prod_maternn_kappa=3.0_nu=1.0,0.6438228438228437,0.5505308790161636,0.5511064997078066,False,ja,0.4406779661016949
semantic_kernel_sum_maternn_kappa=3.0_nu=1.0,0.6358974358974359,0.5472904366199234,0.5478770418620622,False,ja,0.4406779661016949
semantic_kernel_prod_matern_kappa=3.0_nu=2.0,0.661025641025641,0.5647397189828549,0.5652671741152887,False,ja,0.4406779661016949
semantic_kernel_sum_matern_kappa=3.0_nu=2.0,0.673781512605042,0.5801835823941007,0.5808599610237309,False,ja,0.4406779661016949
semantic_kernel_prod_maternn_kappa=3.0_nu=2.0,0.6434965034965034,0.5511470495570662,0.5517205815350111,False,ja,0.4406779661016949
semantic_kernel_sum_maternn_kappa=3.0_nu=2.0,0.6355710955710956,0.5488936000818477,0.5494747708715733,False,ja,0.4406779661016949
semantic_kernel_prod_matern_kappa=3.0_nu=3.0,0.6572027972027972,0.5611090561166465,0.5616488185808303,False,ja,0.4406779661016949
semantic_kernel_sum_matern_kappa=3.0_nu=3.0,0.6474928876244666,0.5972791781932245,0.5982750947830474,False,ja,0.4406779661016949
semantic_kernel_prod_maternn_kappa=3.0_nu=3.0,0.6438228438228437,0.5526388681490138,0.5532073431147827,False,ja,0.4406779661016949
semantic_kernel_sum_maternn_kappa=3.0_nu=3.0,0.635248592870544,0.5508684953381343,0.5514474747260119,False,ja,0.4406779661016949
full_klu_heat_t=0.1_alpha_0.0,0.6428438228438229,0.5613487841632845,0.5618877339900221,False,ja,0.4406779661016949
full_klu_heat_t=0.1_alpha_0.1,0.6424941724941725,0.5591231604698701,0.5596696547837039,False,ja,0.4406779661016949
full_klu_heat_t=0.1_alpha_0.2,0.642913752913753,0.5595631983933551,0.560108201053211,False,ja,0.4406779661016949
full_klu_heat_t=0.1_alpha_0.3,0.6425407925407925,0.5596978748456996,0.5602424209752085,False,ja,0.4406779661016949
full_klu_heat_t=0.1_alpha_0.4,0.6436130536130535,0.5608713382412782,0.5614119065287682,False,ja,0.4406779661016949
full_klu_heat_t=0.1_alpha_0.5,0.645011655011655,0.5626564737686048,0.5631909907492225,False,ja,0.4406779661016949
full_klu_heat_t=0.1_alpha_0.6,0.6457575757575758,0.5636481181867398,0.5641792736608553,False,ja,0.4406779661016949
full_klu_heat_t=0.1_alpha_0.7,0.6484149184149185,0.5657805928007078,0.5663045195473183,False,ja,0.4406779661016949
full_klu_heat_t=0.1_alpha_0.8,0.6530303030303031,0.5687591280402174,0.5692729580572027,False,ja,0.4406779661016949
full_klu_heat_t=0.1_alpha_0.9,0.6610955710955712,0.568644856428428,0.5674641585525717,False,ja,0.4406779661016949
full_klu_heat_t=0.1_alpha_1.0,0.6621911421911422,0.5501410182876233,0.5507179605410579,False,ja,0.4406779661016949
full_klu_heatn_t=0.1_alpha_0.0,0.6428438228438229,0.5613487841632845,0.5618877339900221,False,ja,0.4406779661016949
full_klu_heatn_t=0.1_alpha_0.1,0.6423076923076924,0.5586198988258673,0.5591680991113757,False,ja,0.4406779661016949
full_klu_heatn_t=0.1_alpha_0.2,0.6424009324009324,0.5584801865754079,0.5590288604617653,False,ja,0.4406779661016949
full_klu_heatn_t=0.1_alpha_0.3,0.6412820512820513,0.5579562647534491,0.5585067146459826,False,ja,0.4406779661016949
full_klu_heatn_t=0.1_alpha_0.4,0.6413286713286714,0.557816404331325,0.5583673283269843,False,ja,0.4406779661016949
full_klu_heatn_t=0.1_alpha_0.5,0.6414219114219115,0.5578590245389953,0.5584098040593745,False,ja,0.4406779661016949
full_klu_heatn_t=0.1_alpha_0.6,0.641002331002331,0.5577967307432943,0.5583477214290825,False,ja,0.4406779661016949
full_klu_heatn_t=0.1_alpha_0.7,0.6395104895104895,0.5567860965859406,0.5573405131502284,False,ja,0.4406779661016949
full_klu_heatn_t=0.1_alpha_0.8,0.6392307692307693,0.557306737646446,0.5578593893257828,False,ja,0.4406779661016949
full_klu_heatn_t=0.1_alpha_0.9,0.6367599067599068,0.556223079568369,0.5567794046649198,False,ja,0.4406779661016949
full_klu_heatn_t=0.1_alpha_1.0,0.3327738927738928,0.3298844132178196,0.33120798803081286,False,ja,0.4406779661016949
full_klu_heat_t=0.2_alpha_0.0,0.6428438228438229,0.5613487841632845,0.5618877339900221,False,ja,0.4406779661016949
full_klu_heat_t=0.2_alpha_0.1,0.6444055944055944,0.561767541533337,0.5623050718435658,False,ja,0.4406779661016949
full_klu_heat_t=0.2_alpha_0.2,0.646083916083916,0.5633706613515119,0.5639027573572724,False,ja,0.4406779661016949
full_klu_heat_t=0.2_alpha_0.3,0.6472960372960372,0.5656916176315006,0.5662158459888542,False,ja,0.4406779661016949
full_klu_heat_t=0.2_alpha_0.4,0.6500466200466202,0.5675443937222193,0.5680623414826552,False,ja,0.4406779661016949
full_klu_heat_t=0.2_alpha_0.5,0.6522377622377622,0.568781317132709,0.5692950719324316,False,ja,0.4406779661016949
full_klu_heat_t=0.2_alpha_0.6,0.6559673659673659,0.570887501383181,0.5713941165752748,False,ja,0.4406779661016949
full_klu_heat_t=0.2_alpha_0.7,0.6595104895104895,0.5699197907497946,0.5704296863169167,False,ja,0.4406779661016949
full_klu_heat_t=0.2_alpha_0.8,0.6681351981351982,0.5775031736593064,0.5779873628436843,False,ja,0.4406779661016949
full_klu_heat_t=0.2_alpha_0.9,0.6751748251748253,0.580030819153927,0.5805064400484928,False,ja,0.4406779661016949
full_klu_heat_t=0.2_alpha_1.0,0.6629370629370629,0.5515748061615291,0.552146888117086,False,ja,0.4406779661016949
full_klu_heatn_t=0.2_alpha_0.0,0.6428438228438229,0.5613487841632845,0.5618877339900221,False,ja,0.4406779661016949
full_klu_heatn_t=0.2_alpha_0.1,0.642027972027972,0.5584058401248012,0.5589547660330251,False,ja,0.4406779661016949
full_klu_heatn_t=0.2_alpha_0.2,0.642027972027972,0.5583056672647271,0.5588549327419681,False,ja,0.4406779661016949
full_klu_heatn_t=0.2_alpha_0.3,0.6410955710955711,0.5577227503573308,0.5582739918240883,False,ja,0.4406779661016949
full_klu_heatn_t=0.2_alpha_0.4,0.6408624708624708,0.5575570609744018,0.5581088641000848,False,ja,0.4406779661016949
full_klu_heatn_t=0.2_alpha_0.5,0.6407226107226107,0.5572243138620632,0.5577772449440591,False,ja,0.4406779661016949
full_klu_heatn_t=0.2_alpha_0.6,0.6403030303030303,0.5579302901563423,0.5584808280983576,False,ja,0.4406779661016949
full_klu_heatn_t=0.2_alpha_0.7,0.6390909090909092,0.5572906735141467,0.5578433796481692,False,ja,0.4406779661016949
full_klu_heatn_t=0.2_alpha_0.8,0.6375990675990676,0.5565876988669277,0.5571427879658563,False,ja,0.4406779661016949
full_klu_heatn_t=0.2_alpha_0.9,0.6330769230769231,0.5537551380788985,0.5543198290788035,False,ja,0.4406779661016949
full_klu_heatn_t=0.2_alpha_1.0,0.3325874125874126,0.3302610222517416,0.3315833204239419,False,ja,0.4406779661016949
full_klu_heat_t=0.3_alpha_0.0,0.6428438228438229,0.5613487841632845,0.5618877339900221,False,ja,0.4406779661016949
full_klu_heat_t=0.3_alpha_0.1,0.6461305361305362,0.5634561103714868,0.5639879167195524,False,ja,0.4406779661016949
full_klu_heat_t=0.3_alpha_0.2,0.6486013986013985,0.5665137041410259,0.567035145764449,False,ja,0.4406779661016949
full_klu_heat_t=0.3_alpha_0.3,0.6520046620046621,0.5692674532091919,0.5697795600900111,False,ja,0.4406779661016949
full_klu_heat_t=0.3_alpha_0.4,0.6556410256410257,0.5714203919936378,0.5719252007768825,False,ja,0.4406779661016949
full_klu_heat_t=0.3_alpha_0.5,0.6576456876456878,0.5720734724195105,0.5725760673708031,False,ja,0.4406779661016949
full_klu_heat_t=0.3_alpha_0.6,0.662913752913753,0.5750167496337066,0.5755093673741036,False,ja,0.4406779661016949
full_klu_heat_t=0.3_alpha_0.7,0.669067599067599,0.5782179110467454,0.578699677392522,False,ja,0.4406779661016949
full_klu_heat_t=0.3_alpha_0.8,0.6727505827505829,0.5811434673791014,0.5816153165847684,False,ja,0.4406779661016949
full_klu_heat_t=0.3_alpha_0.9,0.675034965034965,0.576268985130276,0.576757358004583,False,ja,0.4406779661016949
full_klu_heat_t=0.3_alpha_1.0,0.6654312354312353,0.5529610654055125,0.5535284481771915,False,ja,0.4406779661016949
full_klu_heatn_t=0.3_alpha_0.0,0.6428438228438229,0.5613487841632845,0.5618877339900221,False,ja,0.4406779661016949
full_klu_heatn_t=0.3_alpha_0.1,0.641981351981352,0.5582867367679686,0.5588360664163852,False,ja,0.4406779661016949
full_klu_heatn_t=0.3_alpha_0.2,0.6421212121212121,0.5583864417234214,0.5589354333889381,False,ja,0.4406779661016949
full_klu_heatn_t=0.3_alpha_0.3,0.6410489510489511,0.557579196366573,0.5581309244570282,False,ja,0.4406779661016949
full_klu_heatn_t=0.3_alpha_0.4,0.6409557109557109,0.5580760281586643,0.558626072073553,False,ja,0.4406779661016949
full_klu_heatn_t=0.3_alpha_0.5,0.6404428904428905,0.5577276678983557,0.5582788926954828,False,ja,0.4406779661016949
full_klu_heatn_t=0.3_alpha_0.6,0.6396503496503496,0.5578068572698558,0.5583578136284354,False,ja,0.4406779661016949
full_klu_heatn_t=0.3_alpha_0.7,0.638018648018648,0.5566714499418737,0.5572262551388532,False,ja,0.4406779661016949
full_klu_heatn_t=0.3_alpha_0.8,0.6354545454545455,0.5554537680242286,0.5560127009565223,False,ja,0.4406779661016949
full_klu_heatn_t=0.3_alpha_0.9,0.6285081585081586,0.5521996927492925,0.5527696564452301,False,ja,0.4406779661016949
full_klu_heatn_t=0.3_alpha_1.0,0.33270396270396274,0.3318036993852639,0.3331207681434523,False,ja,0.4406779661016949
full_klu_heat_t=0.4_alpha_0.0,0.6428438228438229,0.5613487841632845,0.5618877339900221,False,ja,0.4406779661016949
full_klu_heat_t=0.4_alpha_0.1,0.6464568764568764,0.5634758520196388,0.5640075914468631,False,ja,0.4406779661016949
full_klu_heat_t=0.4_alpha_0.2,0.6505594405594405,0.5674161423192611,0.5679345248302157,False,ja,0.4406779661016949
full_klu_heat_t=0.4_alpha_0.3,0.6532167832167833,0.5696157394516451,0.570126665701134,False,ja,0.4406779661016949
full_klu_heat_t=0.4_alpha_0.4,0.6575524475524475,0.5700099401956613,0.5705195301714415,False,ja,0.4406779661016949
full_klu_heat_t=0.4_alpha_0.5,0.6598834498834498,0.5731540142964457,0.5736529463939184,False,ja,0.4406779661016949
full_klu_heat_t=0.4_alpha_0.6,0.6652913752913753,0.5766596440260621,0.5771466926329258,False,ja,0.4406779661016949
full_klu_heat_t=0.4_alpha_0.7,0.6721911421911422,0.5809968362858182,0.5814691825460386,False,ja,0.4406779661016949
full_klu_heat_t=0.4_alpha_0.8,0.6747552447552448,0.5826528077002233,0.5831195404980222,False,ja,0.4406779661016949
full_klu_heat_t=0.4_alpha_0.9,0.6760606060606061,0.5779629000269699,0.5784455308168814,False,ja,0.4406779661016949
full_klu_heat_t=0.4_alpha_1.0,0.6638461538461538,0.549589161407529,0.5501679743622521,False,ja,0.4406779661016949
full_klu_heatn_t=0.4_alpha_0.0,0.6428438228438229,0.5613487841632845,0.5618877339900221,False,ja,0.4406779661016949
full_klu_heatn_t=0.4_alpha_0.1,0.6417482517482518,0.558167564474213,0.5587172980965067,False,ja,0.4406779661016949
full_klu_heatn_t=0.4_alpha_0.2,0.642074592074592,0.5583903188920653,0.5589392974146374,False,ja,0.4406779661016949
full_klu_heatn_t=0.4_alpha_0.3,0.6408624708624708,0.5573653028561649,0.5579177560093672,False,ja,0.4406779661016949
full_klu_heatn_t=0.4_alpha_0.4,0.6403962703962703,0.5577503091986691,0.5583014572456257,False,ja,0.4406779661016949
full_klu_heatn_t=0.4_alpha_0.5,0.6396503496503496,0.5573110024380232,0.5578636396604396,False,ja,0.4406779661016949
full_klu_heatn_t=0.4_alpha_0.6,0.6388578088578087,0.5571363290153326,0.5576895583510463,False,ja,0.4406779661016949
full_klu_heatn_t=0.4_alpha_0.7,0.636899766899767,0.5560758677536921,0.5566326918733435,False,ja,0.4406779661016949
full_klu_heatn_t=0.4_alpha_0.8,0.6341025641025642,0.5543398118127271,0.5549025208677715,False,ja,0.4406779661016949
full_klu_heatn_t=0.4_alpha_0.9,0.6223543123543123,0.5489674750232967,0.5495483953894917,False,ja,0.4406779661016949
full_klu_heatn_t=0.4_alpha_1.0,0.33354312354312354,0.3321661860606435,0.3334820260504408,False,ja,0.4406779661016949
full_klu_heat_t=0.5_alpha_0.0,0.6428438228438229,0.5613487841632845,0.5618877339900221,False,ja,0.4406779661016949
full_klu_heat_t=0.5_alpha_0.1,0.6462237762237761,0.5632862797143641,0.5638186617595726,False,ja,0.4406779661016949
full_klu_heat_t=0.5_alpha_0.2,0.6503263403263403,0.5672979606238373,0.5678167437507085,False,ja,0.4406779661016949
full_klu_heat_t=0.5_alpha_0.3,0.652983682983683,0.5692543451802704,0.5697664964950858,False,ja,0.4406779661016949
full_klu_heat_t=0.5_alpha_0.4,0.6568065268065268,0.5720033308309538,0.5725061635503433,False,ja,0.4406779661016949
full_klu_heat_t=0.5_alpha_0.5,0.6598834498834498,0.5716599122774096,0.5721639091274892,False,ja,0.4406779661016949
full_klu_heat_t=0.5_alpha_0.6,0.6644988344988345,0.572237423154198,0.571044547086051,False,ja,0.4406779661016949
full_klu_heat_t=0.5_alpha_0.7,0.671072261072261,0.5760140325942938,0.5748083544602481,False,ja,0.4406779661016949
full_klu_heat_t=0.5_alpha_0.8,0.6746620046620047,0.5831364206952931,0.5836015141270068,False,ja,0.4406779661016949
full_klu_heat_t=0.5_alpha_0.9,0.6755011655011656,0.5804366054062882,0.5809108507542358,False,ja,0.4406779661016949
full_klu_heat_t=0.5_alpha_1.0,0.6618181818181819,0.549235455653138,0.5498154676104184,False,ja,0.4406779661016949
full_klu_heatn_t=0.5_alpha_0.0,0.6428438228438229,0.5613487841632845,0.5618877339900221,False,ja,0.4406779661016949
full_klu_heatn_t=0.5_alpha_0.1,0.6415151515151515,0.5580389118627763,0.5585890815956174,False,ja,0.4406779661016949
full_klu_heatn_t=0.5_alpha_0.2,0.6416083916083916,0.5580305702145469,0.5585807682241615,False,ja,0.4406779661016949
full_klu_heatn_t=0.5_alpha_0.3,0.6409090909090909,0.558213845500761,0.5587634222382191,False,ja,0.4406779661016949
full_klu_heatn_t=0.5_alpha_0.4,0.6399300699300698,0.557488897033934,0.5580409312238217,False,ja,0.4406779661016949
full_klu_heatn_t=0.5_alpha_0.5,0.6388111888111888,0.5570775598388112,0.5576309883920724,False,ja,0.4406779661016949
full_klu_heatn_t=0.5_alpha_0.6,0.6372261072261072,0.5564111768395702,0.5569668643182525,False,ja,0.4406779661016949
full_klu_heatn_t=0.5_alpha_0.7,0.6359207459207459,0.5556472735594351,0.556205550540762,False,ja,0.4406779661016949
full_klu_heatn_t=0.5_alpha_0.8,0.6318648018648019,0.5532279198117673,0.5537943979922388,False,ja,0.4406779661016949
full_klu_heatn_t=0.5_alpha_0.9,0.6171328671328671,0.5451753779036377,0.5457691528363402,False,ja,0.4406779661016949
full_klu_heatn_t=0.5_alpha_1.0,0.33412587412587413,0.3323710236898257,0.33368616931477824,False,ja,0.4406779661016949
full_klu_heat_t=0.6_alpha_0.0,0.6428438228438229,0.5613487841632845,0.5618877339900221,False,ja,0.4406779661016949
full_klu_heat_t=0.6_alpha_0.1,0.6455244755244756,0.5623976643148669,0.5629330586156668,False,ja,0.4406779661016949
full_klu_heat_t=0.6_alpha_0.2,0.6481818181818182,0.5651585097929701,0.5656845452955391,False,ja,0.4406779661016949
full_klu_heat_t=0.6_alpha_0.3,0.6516317016317017,0.5686205214667924,0.5691348213365688,False,ja,0.4406779661016949
full_klu_heat_t=0.6_alpha_0.4,0.6546153846153846,0.5701984527225838,0.570707403672849,False,ja,0.4406779661016949
full_klu_heat_t=0.6_alpha_0.5,0.6584848484848485,0.5704067887849613,0.5709150335112864,False,ja,0.4406779661016949
full_klu_heat_t=0.6_alpha_0.6,0.663939393939394,0.5730681944244063,0.571872502182462,False,ja,0.4406779661016949
full_klu_heat_t=0.6_alpha_0.7,0.6695804195804196,0.5761051923233632,0.5748992051732869,False,ja,0.4406779661016949
full_klu_heat_t=0.6_alpha_0.8,0.6748018648018647,0.5790012888824052,0.5777854844558574,False,ja,0.4406779661016949
full_klu_heat_t=0.6_alpha_0.9,0.6754079254079255,0.584571976542448,0.5850322036831543,False,ja,0.4406779661016949
full_klu_heat_t=0.6_alpha_1.0,0.6626806526806527,0.5497219028465781,0.5503002658303214,False,ja,0.4406779661016949
full_klu_heatn_t=0.6_alpha_0.0,0.6428438228438229,0.5613487841632845,0.5618877339900221,False,ja,0.4406779661016949
full_klu_heatn_t=0.6_alpha_0.1,0.6415151515151515,0.558037785087691,0.5585879586401086,False,ja,0.4406779661016949
full_klu_heatn_t=0.6_alpha_0.2,0.6416083916083916,0.5578995483024671,0.5584501904541566,False,ja,0.4406779661016949
full_klu_heatn_t=0.6_alpha_0.3,0.6414219114219114,0.5584902050364275,0.5590388449619001,False,ja,0.4406779661016949
full_klu_heatn_t=0.6_alpha_0.4,0.6396037296037296,0.5574553416400445,0.5580074895770302,False,ja,0.4406779661016949
full_klu_heatn_t=0.6_alpha_0.5,0.6381118881118881,0.5568008698179812,0.5573552363035162,False,ja,0.4406779661016949
full_klu_heatn_t=0.6_alpha_0.6,0.6372261072261073,0.5562083819311876,0.5567647568502372,False,ja,0.4406779661016949
full_klu_heatn_t=0.6_alpha_0.7,0.6355011655011655,0.5555899523590656,0.5561484236495462,False,ja,0.4406779661016949
full_klu_heatn_t=0.6_alpha_0.8,0.6309790209790209,0.5529301212948998,0.5534976089618692,False,ja,0.4406779661016949
full_klu_heatn_t=0.6_alpha_0.9,0.6107459207459207,0.5407545070176022,0.541363267953308,False,ja,0.4406779661016949
full_klu_heatn_t=0.6_alpha_1.0,0.33340326340326343,0.3317075770474024,0.3330249716440242,False,ja,0.4406779661016949
full_klu_heat_t=0.7_alpha_0.0,0.6428438228438229,0.5613487841632845,0.5618877339900221,False,ja,0.4406779661016949
full_klu_heat_t=0.7_alpha_0.1,0.645011655011655,0.5616674938779161,0.5622053633327397,False,ja,0.4406779661016949
full_klu_heat_t=0.7_alpha_0.2,0.6477156177156178,0.5642269802149544,0.5647561734449066,False,ja,0.4406779661016949
full_klu_heat_t=0.7_alpha_0.3,0.6495804195804197,0.5668954650461467,0.5674156125648067,False,ja,0.4406779661016949
full_klu_heat_t=0.7_alpha_0.4,0.6528438228438229,0.5690823512934884,0.5695950856384286,False,ja,0.4406779661016949
full_klu_heat_t=0.7_alpha_0.5,0.6560606060606061,0.5709983319070192,0.571504571402422,False,ja,0.4406779661016949
full_klu_heat_t=0.7_alpha_0.6,0.6603030303030303,0.5716670516408088,0.5721710242896563,False,ja,0.4406779661016949
full_klu_heat_t=0.7_alpha_0.7,0.666969696969697,0.5750486885371047,0.5738462827557953,False,ja,0.4406779661016949
full_klu_heat_t=0.7_alpha_0.8,0.6734965034965035,0.5788388107322566,0.5776235570790993,False,ja,0.4406779661016949
full_klu_heat_t=0.7_alpha_0.9,0.6731235431235432,0.5786058768925004,0.5773914128455795,False,ja,0.4406779661016949
full_klu_heat_t=0.7_alpha_1.0,0.6578088578088578,0.5500652708771507,0.5506424699014683,False,ja,0.4406779661016949
full_klu_heatn_t=0.7_alpha_0.0,0.6428438228438229,0.5613487841632845,0.5618877339900221,False,ja,0.4406779661016949
full_klu_heatn_t=0.7_alpha_0.1,0.6414685314685316,0.5579889068196524,0.5585392460611142,False,ja,0.4406779661016949
full_klu_heatn_t=0.7_alpha_0.2,0.6411888111888112,0.5575725171188387,0.5581242678508117,False,ja,0.4406779661016949
full_klu_heatn_t=0.7_alpha_0.3,0.6407692307692308,0.5573484802916986,0.5579009904705431,False,ja,0.4406779661016949
full_klu_heatn_t=0.7_alpha_0.4,0.6392773892773893,0.557144424261643,0.5576976261558437,False,ja,0.4406779661016949
full_klu_heatn_t=0.7_alpha_0.5,0.6376923076923076,0.5565317319050048,0.5570870107224483,False,ja,0.4406779661016949
full_klu_heatn_t=0.7_alpha_0.6,0.6363869463869465,0.5556421635225647,0.5562004578260504,False,ja,0.4406779661016949
full_klu_heatn_t=0.7_alpha_0.7,0.6340093240093241,0.5543124132791043,0.5548752152105341,False,ja,0.4406779661016949
full_klu_heatn_t=0.7_alpha_0.8,0.6285081585081584,0.5511240595108593,0.5516976694211644,False,ja,0.4406779661016949
full_klu_heatn_t=0.7_alpha_0.9,0.6072494172494173,0.5386922085064295,0.5393079602845462,False,ja,0.4406779661016949
full_klu_heatn_t=0.7_alpha_1.0,0.33445221445221446,0.33127776964154915,0.3325966212124281,False,ja,0.4406779661016949
full_klu_matern_kappa=1.0_nu=1.0_alpha_0.0,0.6428438228438229,0.5613487841632845,0.5618877339900221,False,ja,0.4406779661016949
full_klu_matern_kappa=1.0_nu=1.0_alpha_0.1,0.6431468531468532,0.5597914712641905,0.5603357001177045,False,ja,0.4406779661016949
full_klu_matern_kappa=1.0_nu=1.0_alpha_0.2,0.6435664335664335,0.5607322724919198,0.5612733121887297,False,ja,0.4406779661016949
full_klu_matern_kappa=1.0_nu=1.0_alpha_0.3,0.6454778554778555,0.561979849847321,0.5625166604683498,False,ja,0.4406779661016949
full_klu_matern_kappa=1.0_nu=1.0_alpha_0.4,0.6467365967365968,0.5636190936596587,0.5641503475220017,False,ja,0.4406779661016949
full_klu_matern_kappa=1.0_nu=1.0_alpha_0.5,0.6489743589743591,0.5660124135583396,0.5665355544718734,False,ja,0.4406779661016949
full_klu_matern_kappa=1.0_nu=1.0_alpha_0.6,0.6517715617715618,0.5682134374798211,0.5687291172953162,False,ja,0.4406779661016949
full_klu_matern_kappa=1.0_nu=1.0_alpha_0.7,0.6562004662004662,0.5708059944088754,0.5713128858957972,False,ja,0.4406779661016949
full_klu_matern_kappa=1.0_nu=1.0_alpha_0.8,0.6606759906759907,0.5691114706953584,0.5679291910762243,False,ja,0.4406779661016949
full_klu_matern_kappa=1.0_nu=1.0_alpha_0.9,0.6735897435897436,0.5819362821523112,0.5824054438502723,False,ja,0.4406779661016949
full_klu_matern_kappa=1.0_nu=1.0_alpha_1.0,0.6665034965034964,0.5519647631283244,0.5525355231958583,False,ja,0.4406779661016949
full_klu_maternn_kappa=1.0_nu=1.0_alpha_0.0,0.6428438228438229,0.5613487841632845,0.5618877339900221,False,ja,0.4406779661016949
full_klu_maternn_kappa=1.0_nu=1.0_alpha_0.1,0.6418881118881119,0.5582294203202303,0.5587789442616901,False,ja,0.4406779661016949
full_klu_maternn_kappa=1.0_nu=1.0_alpha_0.2,0.6420745920745919,0.5583840788078152,0.5589330784832152,False,ja,0.4406779661016949
full_klu_maternn_kappa=1.0_nu=1.0_alpha_0.3,0.641002331002331,0.557476891553321,0.5580289664397533,False,ja,0.4406779661016949
full_klu_maternn_kappa=1.0_nu=1.0_alpha_0.4,0.6404895104895104,0.5569923887391848,0.5575461060080379,False,ja,0.4406779661016949
full_klu_maternn_kappa=1.0_nu=1.0_alpha_0.5,0.6398834498834498,0.5567298759991826,0.5572844831417305,False,ja,0.4406779661016949
full_klu_maternn_kappa=1.0_nu=1.0_alpha_0.6,0.6394638694638693,0.5568121756593041,0.5573665038199535,False,ja,0.4406779661016949
full_klu_maternn_kappa=1.0_nu=1.0_alpha_0.7,0.6378321678321679,0.5569066038312084,0.5574606118963596,False,ja,0.4406779661016949
full_klu_maternn_kappa=1.0_nu=1.0_alpha_0.8,0.6353146853146853,0.5553437438695831,0.5559030497651128,False,ja,0.4406779661016949
full_klu_maternn_kappa=1.0_nu=1.0_alpha_0.9,0.6287878787878788,0.5524857982372242,0.55305479208405,False,ja,0.4406779661016949
full_klu_maternn_kappa=1.0_nu=1.0_alpha_1.0,0.3355011655011655,0.331713439900637,0.33303081462318007,False,ja,0.4406779661016949
full_klu_matern_kappa=1.0_nu=2.0_alpha_0.0,0.6428438228438229,0.5613487841632845,0.5618877339900221,False,ja,0.4406779661016949
full_klu_matern_kappa=1.0_nu=2.0_alpha_0.1,0.6444055944055944,0.5614926792321022,0.5620311412789454,False,ja,0.4406779661016949
full_klu_matern_kappa=1.0_nu=2.0_alpha_0.2,0.6462703962703963,0.5632768762917881,0.5638092902130053,False,ja,0.4406779661016949
full_klu_matern_kappa=1.0_nu=2.0_alpha_0.3,0.647902097902098,0.5654264771395857,0.5659516042782679,False,ja,0.4406779661016949
full_klu_matern_kappa=1.0_nu=2.0_alpha_0.4,0.6512587412587413,0.5684176253063841,0.5689326129597551,False,ja,0.4406779661016949
full_klu_matern_kappa=1.0_nu=2.0_alpha_0.5,0.655034965034965,0.5704415766127953,0.5709497034142802,False,ja,0.4406779661016949
full_klu_matern_kappa=1.0_nu=2.0_alpha_0.6,0.6578321678321678,0.5728882737820011,0.5733881066947769,False,ja,0.4406779661016949
full_klu_matern_kappa=1.0_nu=2.0_alpha_0.7,0.6620745920745921,0.5717887081710207,0.5722922684248505,False,ja,0.4406779661016949
full_klu_matern_kappa=1.0_nu=2.0_alpha_0.8,0.6712587412587413,0.5804532532688531,0.5809274421833682,False,ja,0.4406779661016949
full_klu_matern_kappa=1.0_nu=2.0_alpha_0.9,0.6774592074592074,0.5818666079330621,0.5823360058148174,False,ja,0.4406779661016949
full_klu_matern_kappa=1.0_nu=2.0_alpha_1.0,0.6636130536130536,0.5487743042115029,0.5493558793940091,False,ja,0.4406779661016949
full_klu_maternn_kappa=1.0_nu=2.0_alpha_0.0,0.6428438228438229,0.5613487841632845,0.5618877339900221,False,ja,0.4406779661016949
full_klu_maternn_kappa=1.0_nu=2.0_alpha_0.1,0.6417016317016317,0.5581421811865696,0.5586920008539061,False,ja,0.4406779661016949
full_klu_maternn_kappa=1.0_nu=2.0_alpha_0.2,0.641981351981352,0.5582854453698533,0.5588347793958904,False,ja,0.4406779661016949
full_klu_maternn_kappa=1.0_nu=2.0_alpha_0.3,0.640955710955711,0.5574775869556046,0.558029659484741,False,ja,0.4406779661016949
full_klu_maternn_kappa=1.0_nu=2.0_alpha_0.4,0.6403496503496504,0.5569415018665778,0.5574953916333041,False,ja,0.4406779661016949
full_klu_maternn_kappa=1.0_nu=2.0_alpha_0.5,0.6396037296037297,0.5566236445688538,0.5571786118179454,False,ja,0.4406779661016949
full_klu_maternn_kappa=1.0_nu=2.0_alpha_0.6,0.638997668997669,0.5574511636798993,0.5580033257794618,False,ja,0.4406779661016949
full_klu_maternn_kappa=1.0_nu=2.0_alpha_0.7,0.6368997668997669,0.5563481348342518,0.5569040360146471,False,ja,0.4406779661016949
full_klu_maternn_kappa=1.0_nu=2.0_alpha_0.8,0.6342424242424243,0.5543080000580543,0.5548708169495553,False,ja,0.4406779661016949
full_klu_maternn_kappa=1.0_nu=2.0_alpha_0.9,0.6246386946386947,0.5502150331864464,0.5507917245419189,False,ja,0.4406779661016949
full_klu_maternn_kappa=1.0_nu=2.0_alpha_1.0,0.3308624708624709,0.3306309737096599,0.33195201780912154,False,ja,0.4406779661016949
full_klu_matern_kappa=1.0_nu=3.0_alpha_0.0,0.6428438228438229,0.5613487841632845,0.5618877339900221,False,ja,0.4406779661016949
full_klu_matern_kappa=1.0_nu=3.0_alpha_0.1,0.6451515151515153,0.5623610283724907,0.5628965468629257,False,ja,0.4406779661016949
full_klu_matern_kappa=1.0_nu=3.0_alpha_0.2,0.6472960372960372,0.564723436298783,0.565250946626756,False,ja,0.4406779661016949
full_klu_matern_kappa=1.0_nu=3.0_alpha_0.3,0.6506993006993007,0.5679134012929616,0.5684300981802766,False,ja,0.4406779661016949
full_klu_matern_kappa=1.0_nu=3.0_alpha_0.4,0.6533100233100233,0.569851121211081,0.5703612495563005,False,ja,0.4406779661016949
full_klu_matern_kappa=1.0_nu=3.0_alpha_0.5,0.6566200466200466,0.5722608854114697,0.5727628450644845,False,ja,0.4406779661016949
full_klu_matern_kappa=1.0_nu=3.0_alpha_0.6,0.6594172494172493,0.5706139312165318,0.5711214737651227,False,ja,0.4406779661016949
full_klu_matern_kappa=1.0_nu=3.0_alpha_0.7,0.6663636363636365,0.5770167679626791,0.577502605979927,False,ja,0.4406779661016949
full_klu_matern_kappa=1.0_nu=3.0_alpha_0.8,0.6725641025641027,0.5811577123841325,0.5816295133016468,False,ja,0.4406779661016949
full_klu_matern_kappa=1.0_nu=3.0_alpha_0.9,0.6772727272727274,0.5812383709566745,0.5817098984552987,False,ja,0.4406779661016949
full_klu_matern_kappa=1.0_nu=3.0_alpha_1.0,0.6656643356643357,0.5531031636167807,0.5536700646996081,False,ja,0.4406779661016949
full_klu_maternn_kappa=1.0_nu=3.0_alpha_0.0,0.6428438228438229,0.5613487841632845,0.5618877339900221,False,ja,0.4406779661016949
full_klu_maternn_kappa=1.0_nu=3.0_alpha_0.1,0.6417016317016317,0.5581421811865696,0.5586920008539061,False,ja,0.4406779661016949
full_klu_maternn_kappa=1.0_nu=3.0_alpha_0.2,0.6418881118881119,0.5582053322292959,0.5587549378253012,False,ja,0.4406779661016949
full_klu_maternn_kappa=1.0_nu=3.0_alpha_0.3,0.6409090909090909,0.5573685496382642,0.5579209917854254,False,ja,0.4406779661016949
full_klu_maternn_kappa=1.0_nu=3.0_alpha_0.4,0.6401165501165501,0.5568280871940703,0.5573823614173136,False,ja,0.4406779661016949
full_klu_maternn_kappa=1.0_nu=3.0_alpha_0.5,0.6395104895104894,0.5573919747673564,0.5579443375073004,False,ja,0.4406779661016949
full_klu_maternn_kappa=1.0_nu=3.0_alpha_0.6,0.6382517482517482,0.5571326242724429,0.557685866166607,False,ja,0.4406779661016949
full_klu_maternn_kappa=1.0_nu=3.0_alpha_0.7,0.6364801864801864,0.5560292223002379,0.5565862045400706,False,ja,0.4406779661016949
full_klu_maternn_kappa=1.0_nu=3.0_alpha_0.8,0.6333566433566433,0.5537102232143215,0.5542750664680047,False,ja,0.4406779661016949
full_klu_maternn_kappa=1.0_nu=3.0_alpha_0.9,0.6225407925407925,0.5492359841195535,0.5498159942854223,False,ja,0.4406779661016949
full_klu_maternn_kappa=1.0_nu=3.0_alpha_1.0,0.3343589743589744,0.3322994207727856,0.33361480911949093,False,ja,0.4406779661016949
full_klu_matern_kappa=2.0_nu=1.0_alpha_0.0,0.6428438228438229,0.5613487841632845,0.5618877339900221,False,ja,0.4406779661016949
full_klu_matern_kappa=2.0_nu=1.0_alpha_0.1,0.6442191142191143,0.5606694457478838,0.5612106984167075,False,ja,0.4406779661016949
full_klu_matern_kappa=2.0_nu=1.0_alpha_0.2,0.6465967365967366,0.5630338811105225,0.5635671187442185,False,ja,0.4406779661016949
full_klu_matern_kappa=2.0_nu=1.0_alpha_0.3,0.6478088578088579,0.5646397998324999,0.5651675936739179,False,ja,0.4406779661016949
full_klu_matern_kappa=2.0_nu=1.0_alpha_0.4,0.6513986013986014,0.568510774396185,0.5690254462899296,False,ja,0.4406779661016949
full_klu_matern_kappa=2.0_nu=1.0_alpha_0.5,0.6528904428904428,0.5690492093302417,0.5695620560208201,False,ja,0.4406779661016949
full_klu_matern_kappa=2.0_nu=1.0_alpha_0.6,0.6559673659673659,0.570916040445884,0.5714225588953923,False,ja,0.4406779661016949
full_klu_matern_kappa=2.0_nu=1.0_alpha_0.7,0.6602097902097902,0.5709545892449868,0.5697660617663625,False,ja,0.4406779661016949
full_klu_matern_kappa=2.0_nu=1.0_alpha_0.8,0.6693473193473193,0.575529396143946,0.5743253608453255,False,ja,0.4406779661016949
full_klu_matern_kappa=2.0_nu=1.0_alpha_0.9,0.6744755244755245,0.5823529973590748,0.5828207464631147,False,ja,0.4406779661016949
full_klu_matern_kappa=2.0_nu=1.0_alpha_1.0,0.6607925407925408,0.5458033546428337,0.5463950008408269,False,ja,0.4406779661016949
full_klu_maternn_kappa=2.0_nu=1.0_alpha_0.0,0.6428438228438229,0.5613487841632845,0.5618877339900221,False,ja,0.4406779661016949
full_klu_maternn_kappa=2.0_nu=1.0_alpha_0.1,0.6416550116550116,0.5580642046330516,0.5586142886276884,False,ja,0.4406779661016949
full_klu_maternn_kappa=2.0_nu=1.0_alpha_0.2,0.6411888111888112,0.5574414598321318,0.5579936548260935,False,ja,0.4406779661016949
full_klu_maternn_kappa=2.0_nu=1.0_alpha_0.3,0.6410955710955711,0.5573811901060799,0.5579335894041978,False,ja,0.4406779661016949
full_klu_maternn_kappa=2.0_nu=1.0_alpha_0.4,0.6398368298368298,0.5566210932544254,0.5571760691520404,False,ja,0.4406779661016949
full_klu_maternn_kappa=2.0_nu=1.0_alpha_0.5,0.6389044289044289,0.5562592168918832,0.5568154194890322,False,ja,0.4406779661016949
full_klu_maternn_kappa=2.0_nu=1.0_alpha_0.6,0.6376923076923077,0.5554256904262439,0.5559847185368357,False,ja,0.4406779661016949
full_klu_maternn_kappa=2.0_nu=1.0_alpha_0.7,0.6368997668997669,0.5549026808898236,0.5554634819140983,False,ja,0.4406779661016949
full_klu_maternn_kappa=2.0_nu=1.0_alpha_0.8,0.6346620046620047,0.5527148953978688,0.55328311264415,False,ja,0.4406779661016949
full_klu_maternn_kappa=2.0_nu=1.0_alpha_0.9,0.6292540792540793,0.551793159121134,0.5523645008971668,False,ja,0.4406779661016949
full_klu_maternn_kappa=2.0_nu=1.0_alpha_1.0,0.3589277389277389,0.3444661371146528,0.34574028235511445,False,ja,0.4406779661016949
full_klu_matern_kappa=2.0_nu=2.0_alpha_0.0,0.6428438228438229,0.5613487841632845,0.5618877339900221,False,ja,0.4406779661016949
full_klu_matern_kappa=2.0_nu=2.0_alpha_0.1,0.6441258741258742,0.5606139653177662,0.5611554060558445,False,ja,0.4406779661016949
full_klu_matern_kappa=2.0_nu=2.0_alpha_0.2,0.6464568764568766,0.5628128888481221,0.5633468756081313,False,ja,0.4406779661016949
full_klu_matern_kappa=2.0_nu=2.0_alpha_0.3,0.6472960372960372,0.564473760660165,0.5650021173462352,False,ja,0.4406779661016949
full_klu_matern_kappa=2.0_nu=2.0_alpha_0.4,0.6494871794871796,0.5669898209680615,0.5675096486361387,False,ja,0.4406779661016949
full_klu_matern_kappa=2.0_nu=2.0_alpha_0.5,0.6524242424242425,0.5673449385063087,0.5678635623861207,False,ja,0.4406779661016949
full_klu_matern_kappa=2.0_nu=2.0_alpha_0.6,0.6551282051282051,0.5714729528605635,0.5719775834713782,False,ja,0.4406779661016949
full_klu_matern_kappa=2.0_nu=2.0_alpha_0.7,0.6604895104895104,0.5713542485555705,0.5701643662996223,False,ja,0.4406779661016949
full_klu_matern_kappa=2.0_nu=2.0_alpha_0.8,0.6677622377622379,0.5759822703538808,0.5747766998884468,False,ja,0.4406779661016949
full_klu_matern_kappa=2.0_nu=2.0_alpha_0.9,0.673030303030303,0.578440200239428,0.5772262978082802,False,ja,0.4406779661016949
full_klu_matern_kappa=2.0_nu=2.0_alpha_1.0,0.6580885780885781,0.5475278129756913,0.5481136135522172,False,ja,0.4406779661016949
full_klu_maternn_kappa=2.0_nu=2.0_alpha_0.0,0.6428438228438229,0.5613487841632845,0.5618877339900221,False,ja,0.4406779661016949
full_klu_maternn_kappa=2.0_nu=2.0_alpha_0.1,0.6417482517482518,0.5569594320782325,0.5575132610645804,False,ja,0.4406779661016949
full_klu_maternn_kappa=2.0_nu=2.0_alpha_0.2,0.6411888111888111,0.5574162073051065,0.5579684879008547,False,ja,0.4406779661016949
full_klu_maternn_kappa=2.0_nu=2.0_alpha_0.3,0.6401165501165501,0.55700799953072,0.5575616638816356,False,ja,0.4406779661016949
full_klu_maternn_kappa=2.0_nu=2.0_alpha_0.4,0.6396969696969697,0.5568154106084446,0.5573697278031645,False,ja,0.4406779661016949
full_klu_maternn_kappa=2.0_nu=2.0_alpha_0.5,0.6385780885780885,0.5560465250010505,0.5566034485876598,False,ja,0.4406779661016949
full_klu_maternn_kappa=2.0_nu=2.0_alpha_0.6,0.636993006993007,0.5548970581902481,0.5554578782745213,False,ja,0.4406779661016949
full_klu_maternn_kappa=2.0_nu=2.0_alpha_0.7,0.6357808857808858,0.5529356030402508,0.5535030721250324,False,ja,0.4406779661016949
full_klu_maternn_kappa=2.0_nu=2.0_alpha_0.8,0.633030303030303,0.5514977404566831,0.5520700836519176,False,ja,0.4406779661016949
full_klu_maternn_kappa=2.0_nu=2.0_alpha_0.9,0.6265034965034966,0.5498655023018438,0.5504433785077727,False,ja,0.4406779661016949
full_klu_maternn_kappa=2.0_nu=2.0_alpha_1.0,0.3882983682983683,0.3581253688687416,0.35935321162868095,False,ja,0.4406779661016949
full_klu_matern_kappa=2.0_nu=3.0_alpha_0.0,0.6428438228438229,0.5613487841632845,0.5618877339900221,False,ja,0.4406779661016949
full_klu_matern_kappa=2.0_nu=3.0_alpha_0.1,0.6436130536130537,0.5594838754246754,0.5600291469759506,False,ja,0.4406779661016949
full_klu_matern_kappa=2.0_nu=3.0_alpha_0.2,0.6453379953379954,0.5612944520947261,0.5618335860979671,False,ja,0.4406779661016949
full_klu_matern_kappa=2.0_nu=3.0_alpha_0.3,0.6464568764568766,0.5634917110052107,0.564023396673162,False,ja,0.4406779661016949
full_klu_matern_kappa=2.0_nu=3.0_alpha_0.4,0.6474358974358974,0.5654082178246702,0.5659334068593352,False,ja,0.4406779661016949
full_klu_matern_kappa=2.0_nu=3.0_alpha_0.5,0.65,0.5672535299442225,0.567772463683567,False,ja,0.4406779661016949
full_klu_matern_kappa=2.0_nu=3.0_alpha_0.6,0.6515850815850817,0.5695931641509886,0.5701041669269202,False,ja,0.4406779661016949
full_klu_matern_kappa=2.0_nu=3.0_alpha_0.7,0.6556876456876456,0.5676431616743416,0.566465859373923,False,ja,0.4406779661016949
full_klu_matern_kappa=2.0_nu=3.0_alpha_0.8,0.6621212121212122,0.5730603315342718,0.5718646659461925,False,ja,0.4406779661016949
full_klu_matern_kappa=2.0_nu=3.0_alpha_0.9,0.66995337995338,0.5776512769315413,0.5764400488166915,False,ja,0.4406779661016949
full_klu_matern_kappa=2.0_nu=3.0_alpha_1.0,0.6557808857808858,0.5466735427883234,0.5472622391959928,False,ja,0.4406779661016949
full_klu_maternn_kappa=2.0_nu=3.0_alpha_0.0,0.6428438228438229,0.5613487841632845,0.5618877339900221,False,ja,0.4406779661016949
full_klu_maternn_kappa=2.0_nu=3.0_alpha_0.1,0.6417016317016316,0.5569218808220382,0.55747583710078,False,ja,0.4406779661016949
full_klu_maternn_kappa=2.0_nu=3.0_alpha_0.2,0.6407226107226107,0.556269873593426,0.556826040066163,False,ja,0.4406779661016949
full_klu_maternn_kappa=2.0_nu=3.0_alpha_0.3,0.6402097902097901,0.5571088627249985,0.5576621851667809,False,ja,0.4406779661016949
full_klu_maternn_kappa=2.0_nu=3.0_alpha_0.4,0.6397902097902097,0.5569496598715973,0.5575035219840695,False,ja,0.4406779661016949
full_klu_maternn_kappa=2.0_nu=3.0_alpha_0.5,0.6384382284382285,0.5558229509367325,0.556380632401526,False,ja,0.4406779661016949
full_klu_maternn_kappa=2.0_nu=3.0_alpha_0.6,0.6367132867132868,0.5534742139438367,0.5540398572289451,False,ja,0.4406779661016949
full_klu_maternn_kappa=2.0_nu=3.0_alpha_0.7,0.6349883449883451,0.5521418828908927,0.552712042552452,False,ja,0.4406779661016949
full_klu_maternn_kappa=2.0_nu=3.0_alpha_0.8,0.6327505827505827,0.5514391148308762,0.5520116567570454,False,ja,0.4406779661016949
full_klu_maternn_kappa=2.0_nu=3.0_alpha_0.9,0.6269230769230769,0.5501293368189618,0.5507063186705954,False,ja,0.4406779661016949
full_klu_maternn_kappa=2.0_nu=3.0_alpha_1.0,0.4494172494172494,0.3815388402791893,0.3826873153394321,False,ja,0.4406779661016949
full_klu_matern_kappa=3.0_nu=1.0_alpha_0.0,0.6428438228438229,0.5613487841632845,0.5618877339900221,False,ja,0.4406779661016949
full_klu_matern_kappa=3.0_nu=1.0_alpha_0.1,0.6437062937062937,0.5602518513247131,0.5607945195678524,False,ja,0.4406779661016949
full_klu_matern_kappa=3.0_nu=1.0_alpha_0.2,0.6456177156177156,0.562120516835798,0.5626568506195777,False,ja,0.4406779661016949
full_klu_matern_kappa=3.0_nu=1.0_alpha_0.3,0.6468764568764568,0.5634933475496485,0.5640250276699916,False,ja,0.4406779661016949
full_klu_matern_kappa=3.0_nu=1.0_alpha_0.4,0.649020979020979,0.5665173909962009,0.5670388201218098,False,ja,0.4406779661016949
full_klu_matern_kappa=3.0_nu=1.0_alpha_0.5,0.6516317016317017,0.568533573851556,0.5690481684590112,False,ja,0.4406779661016949
full_klu_matern_kappa=3.0_nu=1.0_alpha_0.6,0.6542890442890443,0.5701175352592647,0.5706267605060159,False,ja,0.4406779661016949
full_klu_matern_kappa=3.0_nu=1.0_alpha_0.7,0.6574592074592075,0.5686642301811133,0.5674834666315192,False,ja,0.4406779661016949
full_klu_matern_kappa=3.0_nu=1.0_alpha_0.8,0.6637062937062936,0.573352104900033,0.5721554502496967,False,ja,0.4406779661016949
full_klu_matern_kappa=3.0_nu=1.0_alpha_0.9,0.6720512820512821,0.5824483699301289,0.5829157957373178,False,ja,0.4406779661016949
full_klu_matern_kappa=3.0_nu=1.0_alpha_1.0,0.656993006993007,0.5457344621833687,0.5463263419151229,False,ja,0.4406779661016949
full_klu_maternn_kappa=3.0_nu=1.0_alpha_0.0,0.6428438228438229,0.5613487841632845,0.5618877339900221,False,ja,0.4406779661016949
full_klu_maternn_kappa=3.0_nu=1.0_alpha_0.1,0.6418881118881119,0.5570680227010532,0.5576214835835949,False,ja,0.4406779661016949
full_klu_maternn_kappa=3.0_nu=1.0_alpha_0.2,0.6413286713286713,0.5565074560703047,0.5570628171787132,False,ja,0.4406779661016949
full_klu_maternn_kappa=3.0_nu=1.0_alpha_0.3,0.6409090909090909,0.5574938480848075,0.558045865491472,False,ja,0.4406779661016949
full_klu_maternn_kappa=3.0_nu=1.0_alpha_0.4,0.6407226107226107,0.557513500613378,0.5580654514013017,False,ja,0.4406779661016949
full_klu_maternn_kappa=3.0_nu=1.0_alpha_0.5,0.6405827505827506,0.5571322868312525,0.5576855298692851,False,ja,0.4406779661016949
full_klu_maternn_kappa=3.0_nu=1.0_alpha_0.6,0.6397435897435898,0.556627253613064,0.5571822086281073,False,ja,0.4406779661016949
full_klu_maternn_kappa=3.0_nu=1.0_alpha_0.7,0.6406759906759907,0.556325105404471,0.5568810846507299,False,ja,0.4406779661016949
full_klu_maternn_kappa=3.0_nu=1.0_alpha_0.8,0.6417482517482518,0.5567251169664508,0.5572797402413132,False,ja,0.4406779661016949
full_klu_maternn_kappa=3.0_nu=1.0_alpha_0.9,0.6476689976689978,0.5621788113949022,0.5627149475700071,False,ja,0.4406779661016949
full_klu_maternn_kappa=3.0_nu=1.0_alpha_1.0,0.6626573426573427,0.5680140743760267,0.5685304299986532,False,ja,0.4406779661016949
full_klu_matern_kappa=3.0_nu=2.0_alpha_0.0,0.6428438228438229,0.5613487841632845,0.5618877339900221,False,ja,0.4406779661016949
full_klu_matern_kappa=3.0_nu=2.0_alpha_0.1,0.6433333333333333,0.559265735174019,0.5598117461837709,False,ja,0.4406779661016949
full_klu_matern_kappa=3.0_nu=2.0_alpha_0.2,0.6437062937062937,0.5603065782416312,0.560849060969798,False,ja,0.4406779661016949
full_klu_matern_kappa=3.0_nu=2.0_alpha_0.3,0.644918414918415,0.5609832054623751,0.5615233945389463,False,ja,0.4406779661016949
full_klu_matern_kappa=3.0_nu=2.0_alpha_0.4,0.644825174825175,0.5628706749166115,0.5634044657916427,False,ja,0.4406779661016949
full_klu_matern_kappa=3.0_nu=2.0_alpha_0.5,0.6451981351981352,0.5638566811211355,0.5643871296022532,False,ja,0.4406779661016949
full_klu_matern_kappa=3.0_nu=2.0_alpha_0.6,0.6464568764568766,0.5656571291319422,0.566181474399464,False,ja,0.4406779661016949
full_klu_matern_kappa=3.0_nu=2.0_alpha_0.7,0.6481351981351983,0.5680000343455596,0.5685164375615097,False,ja,0.4406779661016949
full_klu_matern_kappa=3.0_nu=2.0_alpha_0.8,0.6508391608391609,0.5674310129427672,0.5679493450448285,False,ja,0.4406779661016949
full_klu_matern_kappa=3.0_nu=2.0_alpha_0.9,0.6593706293706293,0.5729574939164812,0.571762176930496,False,ja,0.4406779661016949
full_klu_matern_kappa=3.0_nu=2.0_alpha_1.0,0.6533566433566433,0.5524024885420332,0.5529717647946055,False,ja,0.4406779661016949
full_klu_maternn_kappa=3.0_nu=2.0_alpha_0.0,0.6428438228438229,0.5613487841632845,0.5618877339900221,False,ja,0.4406779661016949
full_klu_maternn_kappa=3.0_nu=2.0_alpha_0.1,0.6423076923076922,0.557678398374594,0.5582297901870559,False,ja,0.4406779661016949
full_klu_maternn_kappa=3.0_nu=2.0_alpha_0.2,0.6417016317016316,0.5573769495301519,0.5579293632031035,False,ja,0.4406779661016949
full_klu_maternn_kappa=3.0_nu=2.0_alpha_0.3,0.6416083916083917,0.5576745891733565,0.558225993898365,False,ja,0.4406779661016949
full_klu_maternn_kappa=3.0_nu=2.0_alpha_0.4,0.6411421911421911,0.5579653251014787,0.5585157442809681,False,ja,0.4406779661016949
full_klu_maternn_kappa=3.0_nu=2.0_alpha_0.5,0.6416550116550117,0.5584371639867016,0.5589859837123429,False,ja,0.4406779661016949
full_klu_maternn_kappa=3.0_nu=2.0_alpha_0.6,0.6424941724941724,0.5583634455726961,0.5589125151912661,False,ja,0.4406779661016949
full_klu_maternn_kappa=3.0_nu=2.0_alpha_0.7,0.6442657342657343,0.5589028862553055,0.5594501272613921,False,ja,0.4406779661016949
full_klu_maternn_kappa=3.0_nu=2.0_alpha_0.8,0.6484615384615384,0.5607165344114919,0.5612576274577271,False,ja,0.4406779661016949
full_klu_maternn_kappa=3.0_nu=2.0_alpha_0.9,0.6558275058275058,0.5692415803998674,0.569753774985125,False,ja,0.4406779661016949
full_klu_maternn_kappa=3.0_nu=2.0_alpha_1.0,0.6666200466200465,0.5568387752648429,0.5573930132573379,False,ja,0.4406779661016949
full_klu_matern_kappa=3.0_nu=3.0_alpha_0.0,0.6428438228438229,0.5613487841632845,0.5618877339900221,False,ja,0.4406779661016949
full_klu_matern_kappa=3.0_nu=3.0_alpha_0.1,0.6429603729603729,0.558962949769028,0.5595099871699833,False,ja,0.4406779661016949
full_klu_matern_kappa=3.0_nu=3.0_alpha_0.2,0.6431934731934731,0.5579448996340108,0.558495388052373,False,ja,0.4406779661016949
full_klu_matern_kappa=3.0_nu=3.0_alpha_0.3,0.6431934731934733,0.5597158700825213,0.5602603552112275,False,ja,0.4406779661016949
full_klu_matern_kappa=3.0_nu=3.0_alpha_0.4,0.6424009324009324,0.5593743439785239,0.5599199868228368,False,ja,0.4406779661016949
full_klu_matern_kappa=3.0_nu=3.0_alpha_0.5,0.6415617715617716,0.5602029728432758,0.5607458067761828,False,ja,0.4406779661016949
full_klu_matern_kappa=3.0_nu=3.0_alpha_0.6,0.6415617715617715,0.5615522386078606,0.5620904987585149,False,ja,0.4406779661016949
full_klu_matern_kappa=3.0_nu=3.0_alpha_0.7,0.640909090909091,0.5627665431833515,0.5633006870473092,False,ja,0.4406779661016949
full_klu_matern_kappa=3.0_nu=3.0_alpha_0.8,0.6408624708624708,0.563716624864887,0.564247548112975,False,ja,0.4406779661016949
full_klu_matern_kappa=3.0_nu=3.0_alpha_0.9,0.647016317016317,0.5654895901619894,0.5643195881039855,False,ja,0.4406779661016949
full_klu_matern_kappa=3.0_nu=3.0_alpha_1.0,0.6498601398601398,0.551368520797382,0.5519413020253597,False,ja,0.4406779661016949
full_klu_maternn_kappa=3.0_nu=3.0_alpha_0.0,0.6428438228438229,0.5613487841632845,0.5618877339900221,False,ja,0.4406779661016949
full_klu_maternn_kappa=3.0_nu=3.0_alpha_0.1,0.6425407925407924,0.5575751496380761,0.5581268914462549,False,ja,0.4406779661016949
full_klu_maternn_kappa=3.0_nu=3.0_alpha_0.2,0.6424009324009323,0.5576432732135479,0.5581947840943524,False,ja,0.4406779661016949
full_klu_maternn_kappa=3.0_nu=3.0_alpha_0.3,0.6426806526806528,0.558163760368069,0.5587135068856377,False,ja,0.4406779661016949
full_klu_maternn_kappa=3.0_nu=3.0_alpha_0.4,0.6421678321678321,0.5580100712900956,0.5585603387875897,False,ja,0.4406779661016949
full_klu_maternn_kappa=3.0_nu=3.0_alpha_0.5,0.6426340326340327,0.5580920762703854,0.5586420657848955,False,ja,0.4406779661016949
full_klu_maternn_kappa=3.0_nu=3.0_alpha_0.6,0.644032634032634,0.5594025452716442,0.5599480925183534,False,ja,0.4406779661016949
full_klu_maternn_kappa=3.0_nu=3.0_alpha_0.7,0.6467832167832168,0.5607068224358017,0.5612479484039883,False,ja,0.4406779661016949
full_klu_maternn_kappa=3.0_nu=3.0_alpha_0.8,0.6501864801864803,0.5652121512996104,0.5657380049665637,False,ja,0.4406779661016949
full_klu_maternn_kappa=3.0_nu=3.0_alpha_0.9,0.656993006993007,0.5672911472003683,0.5661150381693532,False,ja,0.4406779661016949
full_klu_maternn_kappa=3.0_nu=3.0_alpha_1.0,0.6593240093240093,0.5470818177440337,0.5476691301688026,False,ja,0.4406779661016949
deberta_full_klu_heat_t=0.1_alpha_0.0,0.6428438228438229,0.5613487841632845,0.5618877339900221,False,ja,0.4406779661016949
deberta_full_klu_heat_t=0.1_alpha_0.1,0.6425641025641026,0.5610363905032307,0.5615763992915277,False,ja,0.4406779661016949
deberta_full_klu_heat_t=0.1_alpha_0.2,0.6423776223776223,0.5607606831496152,0.561301626539111,False,ja,0.4406779661016949
deberta_full_klu_heat_t=0.1_alpha_0.3,0.642051282051282,0.5606406386755101,0.5611819889954265,False,ja,0.4406779661016949
deberta_full_klu_heat_t=0.1_alpha_0.4,0.6417715617715618,0.5607174610993713,0.5612585510042916,False,ja,0.4406779661016949
deberta_full_klu_heat_t=0.1_alpha_0.5,0.6412121212121212,0.5603771597456357,0.5609194032144669,False,ja,0.4406779661016949
deberta_full_klu_heat_t=0.1_alpha_0.6,0.6413053613053613,0.5602993382357022,0.5608418455062619,False,ja,0.4406779661016949
deberta_full_klu_heat_t=0.1_alpha_0.7,0.641072261072261,0.5600179566299357,0.5605614177364473,False,ja,0.4406779661016949
deberta_full_klu_heat_t=0.1_alpha_0.8,0.6413053613053614,0.5603680805275059,0.5609103547733477,False,ja,0.4406779661016949
deberta_full_klu_heat_t=0.1_alpha_0.9,0.6407925407925408,0.55992976057378,0.5604735206499732,False,ja,0.4406779661016949
deberta_full_klu_heat_t=0.1_alpha_1.0,0.5,0.4361943463430718,0.43715754850140326,False,ja,0.4406779661016949
deberta_full_klu_heatn_t=0.1_alpha_0.0,0.6428438228438229,0.5613487841632845,0.5618877339900221,False,ja,0.4406779661016949
deberta_full_klu_heatn_t=0.1_alpha_0.1,0.6425174825174825,0.5608933637374329,0.5614338573622242,False,ja,0.4406779661016949
deberta_full_klu_heatn_t=0.1_alpha_0.2,0.6424242424242423,0.5605875333375505,0.5611290636755617,False,ja,0.4406779661016949
deberta_full_klu_heatn_t=0.1_alpha_0.3,0.641864801864802,0.5605528018664148,0.5610944499382262,False,ja,0.4406779661016949
deberta_full_klu_heatn_t=0.1_alpha_0.4,0.6414452214452214,0.5601241659675813,0.5606672670424397,False,ja,0.4406779661016949
deberta_full_klu_heatn_t=0.1_alpha_0.5,0.6416783216783217,0.5602831710452787,0.5608257331198738,False,ja,0.4406779661016949
deberta_full_klu_heatn_t=0.1_alpha_0.6,0.6420512820512821,0.5606435244951823,0.5611848650326592,False,ja,0.4406779661016949
deberta_full_klu_heatn_t=0.1_alpha_0.7,0.641025641025641,0.5602440030445203,0.5607866978919994,False,ja,0.4406779661016949
deberta_full_klu_heatn_t=0.1_alpha_0.8,0.6408857808857809,0.5599784997488346,0.5605220946074856,False,ja,0.4406779661016949
deberta_full_klu_heatn_t=0.1_alpha_0.9,0.6412587412587413,0.5601291039674021,0.5606721883032783,False,ja,0.4406779661016949
deberta_full_klu_heatn_t=0.1_alpha_1.0,0.5,0.4361943463430718,0.43715754850140326,False,ja,0.4406779661016949
deberta_full_klu_heat_t=0.2_alpha_0.0,0.6428438228438229,0.5613487841632845,0.5618877339900221,False,ja,0.4406779661016949
deberta_full_klu_heat_t=0.2_alpha_0.1,0.6427505827505828,0.5605119506144208,0.5610537371650527,False,ja,0.4406779661016949
deberta_full_klu_heat_t=0.2_alpha_0.2,0.6423310023310023,0.5608750888358396,0.5614156444094497,False,ja,0.4406779661016949
deberta_full_klu_heat_t=0.2_alpha_0.3,0.6422843822843822,0.5610802337683992,0.5616200939354583,False,ja,0.4406779661016949
deberta_full_klu_heat_t=0.2_alpha_0.4,0.6423776223776223,0.5611710742136191,0.5617106264469657,False,ja,0.4406779661016949
deberta_full_klu_heat_t=0.2_alpha_0.5,0.6418181818181817,0.560723123162358,0.5612641938738443,False,ja,0.4406779661016949
deberta_full_klu_heat_t=0.2_alpha_0.6,0.6418181818181817,0.5606278697484459,0.5611692633528609,False,ja,0.4406779661016949
deberta_full_klu_heat_t=0.2_alpha_0.7,0.642004662004662,0.5604515881756804,0.5609935793447489,False,ja,0.4406779661016949
deberta_full_klu_heat_t=0.2_alpha_0.8,0.6424708624708624,0.5608571717840288,0.561397788093408,False,ja,0.4406779661016949
deberta_full_klu_heat_t=0.2_alpha_0.9,0.6412121212121211,0.5603591408698302,0.5609014454195964,False,ja,0.4406779661016949
deberta_full_klu_heat_t=0.2_alpha_1.0,0.5,0.4361943463430718,0.43715754850140326,False,ja,0.4406779661016949
deberta_full_klu_heatn_t=0.2_alpha_0.0,0.6428438228438229,0.5613487841632845,0.5618877339900221,False,ja,0.4406779661016949
deberta_full_klu_heatn_t=0.2_alpha_0.1,0.6425174825174826,0.5608883116937255,0.5614288224440885,False,ja,0.4406779661016949
deberta_full_klu_heatn_t=0.2_alpha_0.2,0.6425174825174825,0.5607607623289032,0.5613017054499944,False,ja,0.4406779661016949
deberta_full_klu_heatn_t=0.2_alpha_0.3,0.6415850815850817,0.5603812292906604,0.5609234589644236,False,ja,0.4406779661016949
deberta_full_klu_heatn_t=0.2_alpha_0.4,0.6413986013986013,0.5603095488873132,0.5608520215454946,False,ja,0.4406779661016949
deberta_full_klu_heatn_t=0.2_alpha_0.5,0.6416783216783217,0.560223451745419,0.5607662162583188,False,ja,0.4406779661016949
deberta_full_klu_heatn_t=0.2_alpha_0.6,0.641958041958042,0.5605008303870659,0.5610426546333839,False,ja,0.4406779661016949
deberta_full_klu_heatn_t=0.2_alpha_0.7,0.6412587412587413,0.560059500775523,0.5606028210544225,False,ja,0.4406779661016949
deberta_full_klu_heatn_t=0.2_alpha_0.8,0.6409790209790209,0.5601137095823377,0.56065684610257,False,ja,0.4406779661016949
deberta_full_klu_heatn_t=0.2_alpha_0.9,0.6410722610722612,0.5601569161088414,0.5606999061662719,False,ja,0.4406779661016949
deberta_full_klu_heatn_t=0.2_alpha_1.0,0.5,0.4361943463430718,0.43715754850140326,False,ja,0.4406779661016949
deberta_full_klu_heat_t=0.3_alpha_0.0,0.6428438228438229,0.5613487841632845,0.5618877339900221,False,ja,0.4406779661016949
deberta_full_klu_heat_t=0.3_alpha_0.1,0.6426573426573426,0.5610652339457685,0.5616051449596839,False,ja,0.4406779661016949
deberta_full_klu_heat_t=0.3_alpha_0.2,0.6425641025641025,0.5609736819684505,0.561513903328052,False,ja,0.4406779661016949
deberta_full_klu_heat_t=0.3_alpha_0.3,0.6423310023310023,0.5609871701464489,0.561527345783413,False,ja,0.4406779661016949
deberta_full_klu_heat_t=0.3_alpha_0.4,0.6426573426573428,0.5610219760341528,0.5615620336850569,False,ja,0.4406779661016949
deberta_full_klu_heat_t=0.3_alpha_0.5,0.6427039627039628,0.5610686942310297,0.5616085935151647,False,ja,0.4406779661016949
deberta_full_klu_heat_t=0.3_alpha_0.6,0.6425174825174825,0.5609075986452117,0.5614480440160782,False,ja,0.4406779661016949
deberta_full_klu_heat_t=0.3_alpha_0.7,0.6422377622377622,0.56067136907992,0.5612126152289739,False,ja,0.4406779661016949
deberta_full_klu_heat_t=0.3_alpha_0.8,0.6423776223776223,0.5607647260960843,0.5613056557806767,False,ja,0.4406779661016949
deberta_full_klu_heat_t=0.3_alpha_0.9,0.6416783216783218,0.5603349960855202,0.5608773824820128,False,ja,0.4406779661016949
deberta_full_klu_heat_t=0.3_alpha_1.0,0.5,0.4361943463430718,0.43715754850140326,False,ja,0.4406779661016949
deberta_full_klu_heatn_t=0.3_alpha_0.0,0.6428438228438229,0.5613487841632845,0.5618877339900221,False,ja,0.4406779661016949
deberta_full_klu_heatn_t=0.3_alpha_0.1,0.6425641025641028,0.5609169872644144,0.5614574008094532,False,ja,0.4406779661016949
deberta_full_klu_heatn_t=0.3_alpha_0.2,0.6426107226107226,0.5607860809594354,0.5613269382546605,False,ja,0.4406779661016949
deberta_full_klu_heatn_t=0.3_alpha_0.3,0.6415850815850814,0.5602614063665788,0.5608040422197458,False,ja,0.4406779661016949
deberta_full_klu_heatn_t=0.3_alpha_0.4,0.6416783216783217,0.5605093260571384,0.5610511215045747,False,ja,0.4406779661016949
deberta_full_klu_heatn_t=0.3_alpha_0.5,0.6416317016317017,0.5602483285121662,0.5607910086970432,False,ja,0.4406779661016949
deberta_full_klu_heatn_t=0.3_alpha_0.6,0.6412587412587412,0.5598990982679539,0.560442962284167,False,ja,0.4406779661016949
deberta_full_klu_heatn_t=0.3_alpha_0.7,0.6414918414918415,0.5605830287470754,0.5611245743548848,False,ja,0.4406779661016949
deberta_full_klu_heatn_t=0.3_alpha_0.8,0.641072261072261,0.5602036394985792,0.5607464711716377,False,ja,0.4406779661016949
deberta_full_klu_heatn_t=0.3_alpha_0.9,0.6408391608391608,0.5599764902474713,0.5605200919179913,False,ja,0.4406779661016949
deberta_full_klu_heatn_t=0.3_alpha_1.0,0.5,0.4361943463430718,0.43715754850140326,False,ja,0.4406779661016949
deberta_full_klu_heat_t=0.4_alpha_0.0,0.6428438228438229,0.5613487841632845,0.5618877339900221,False,ja,0.4406779661016949
deberta_full_klu_heat_t=0.4_alpha_0.1,0.6427972027972028,0.5612170488267378,0.5617564452139382,False,ja,0.4406779661016949
deberta_full_klu_heat_t=0.4_alpha_0.2,0.6430769230769231,0.5611591356774208,0.5616987283803816,False,ja,0.4406779661016949
deberta_full_klu_heat_t=0.4_alpha_0.3,0.6429370629370629,0.5609576535792611,0.5614979292723851,False,ja,0.4406779661016949
deberta_full_klu_heat_t=0.4_alpha_0.4,0.642983682983683,0.5610900290586494,0.5616298560213346,False,ja,0.4406779661016949
deberta_full_klu_heat_t=0.4_alpha_0.5,0.6432634032634033,0.5612553726434097,0.5617946391193672,False,ja,0.4406779661016949
deberta_full_klu_heat_t=0.4_alpha_0.6,0.642937062937063,0.5607718545771816,0.5613127600974313,False,ja,0.4406779661016949
deberta_full_klu_heat_t=0.4_alpha_0.7,0.6425641025641025,0.5605365275218073,0.5610782307608888,False,ja,0.4406779661016949
deberta_full_klu_heat_t=0.4_alpha_0.8,0.6423776223776225,0.5608065667371334,0.5613473545890443,False,ja,0.4406779661016949
deberta_full_klu_heat_t=0.4_alpha_0.9,0.6423776223776224,0.5606980100378569,0.5612391658785788,False,ja,0.4406779661016949
deberta_full_klu_heat_t=0.4_alpha_1.0,0.5,0.4361943463430718,0.43715754850140326,False,ja,0.4406779661016949
deberta_full_klu_heatn_t=0.4_alpha_0.0,0.6428438228438229,0.5613487841632845,0.5618877339900221,False,ja,0.4406779661016949
deberta_full_klu_heatn_t=0.4_alpha_0.1,0.6425174825174828,0.5608826371160825,0.5614231671023021,False,ja,0.4406779661016949
deberta_full_klu_heatn_t=0.4_alpha_0.2,0.6427505827505828,0.5608904151982015,0.561430918818041,False,ja,0.4406779661016949
deberta_full_klu_heatn_t=0.4_alpha_0.3,0.6417249417249417,0.5604889725002467,0.561030836942791,False,ja,0.4406779661016949
deberta_full_klu_heatn_t=0.4_alpha_0.4,0.6415384615384615,0.5605121659334483,0.5610539517541853,False,ja,0.4406779661016949
deberta_full_klu_heatn_t=0.4_alpha_0.5,0.6413519813519812,0.5602701565552892,0.5608127627467995,False,ja,0.4406779661016949
deberta_full_klu_heatn_t=0.4_alpha_0.6,0.6415384615384616,0.5604987913620406,0.5610406225203078,False,ja,0.4406779661016949
deberta_full_klu_heatn_t=0.4_alpha_0.7,0.6413986013986014,0.5603698382338309,0.5609121065213462,False,ja,0.4406779661016949
deberta_full_klu_heatn_t=0.4_alpha_0.8,0.6407459207459207,0.5598962297672618,0.5604401035072062,False,ja,0.4406779661016949
deberta_full_klu_heatn_t=0.4_alpha_0.9,0.6409324009324009,0.5599577673796375,0.5605014325175061,False,ja,0.4406779661016949
deberta_full_klu_heatn_t=0.4_alpha_1.0,0.5,0.4361943463430718,0.43715754850140326,False,ja,0.4406779661016949
deberta_full_klu_heat_t=0.5_alpha_0.0,0.6428438228438229,0.5613487841632845,0.5618877339900221,False,ja,0.4406779661016949
deberta_full_klu_heat_t=0.5_alpha_0.1,0.642890442890443,0.5611614613003427,0.5617010461198358,False,ja,0.4406779661016949
deberta_full_klu_heat_t=0.5_alpha_0.2,0.6430303030303031,0.5606198899138107,0.5611613105685126,False,ja,0.4406779661016949
deberta_full_klu_heat_t=0.5_alpha_0.3,0.642937062937063,0.5601926402853106,0.5607355092438379,False,ja,0.4406779661016949
deberta_full_klu_heat_t=0.5_alpha_0.4,0.6431701631701632,0.5605001675819659,0.5610419940750807,False,ja,0.4406779661016949
deberta_full_klu_heat_t=0.5_alpha_0.5,0.6430769230769231,0.56043626100054,0.5609783041261341,False,ja,0.4406779661016949
deberta_full_klu_heat_t=0.5_alpha_0.6,0.6432634032634033,0.5604282387967972,0.5609703091163024,False,ja,0.4406779661016949
deberta_full_klu_heat_t=0.5_alpha_0.7,0.6427505827505827,0.5601271836547779,0.5606702745001884,False,ja,0.4406779661016949
deberta_full_klu_heat_t=0.5_alpha_0.8,0.6425641025641025,0.560632684543581,0.5611740618266564,False,ja,0.4406779661016949
deberta_full_klu_heat_t=0.5_alpha_0.9,0.6424708624708624,0.5609333625096329,0.5614737205453659,False,ja,0.4406779661016949
deberta_full_klu_heat_t=0.5_alpha_1.0,0.5,0.4361943463430718,0.43715754850140326,False,ja,0.4406779661016949
deberta_full_klu_heatn_t=0.5_alpha_0.0,0.6428438228438229,0.5613487841632845,0.5618877339900221,False,ja,0.4406779661016949
deberta_full_klu_heatn_t=0.5_alpha_0.1,0.6424708624708627,0.5608570629766523,0.5613976796548701,False,ja,0.4406779661016949
deberta_full_klu_heatn_t=0.5_alpha_0.2,0.6426107226107225,0.5608297414441954,0.5613704507377772,False,ja,0.4406779661016949
deberta_full_klu_heatn_t=0.5_alpha_0.3,0.6419114219114219,0.5607295398102953,0.5612705887704328,False,ja,0.4406779661016949
deberta_full_klu_heatn_t=0.5_alpha_0.4,0.6415850815850815,0.5606754094803635,0.5612166419331448,False,ja,0.4406779661016949
deberta_full_klu_heatn_t=0.5_alpha_0.5,0.641025641025641,0.5598949692767963,0.5604388472895897,False,ja,0.4406779661016949
deberta_full_klu_heatn_t=0.5_alpha_0.6,0.6414918414918415,0.5603016945146515,0.560844193797825,False,ja,0.4406779661016949
deberta_full_klu_heatn_t=0.5_alpha_0.7,0.6413519813519813,0.5602565174492711,0.5607991698750392,False,ja,0.4406779661016949
deberta_full_klu_heatn_t=0.5_alpha_0.8,0.6408857808857809,0.5598956142151691,0.5604394900417308,False,ja,0.4406779661016949
deberta_full_klu_heatn_t=0.5_alpha_0.9,0.6404195804195805,0.5598084705993237,0.560352641827973,False,ja,0.4406779661016949
deberta_full_klu_heatn_t=0.5_alpha_1.0,0.5,0.4361943463430718,0.43715754850140326,False,ja,0.4406779661016949
deberta_full_klu_heat_t=0.6_alpha_0.0,0.6428438228438229,0.5613487841632845,0.5618877339900221,False,ja,0.4406779661016949
deberta_full_klu_heat_t=0.6_alpha_0.1,0.6430303030303031,0.5612112155840476,0.561750631744952,False,ja,0.4406779661016949
deberta_full_klu_heat_t=0.6_alpha_0.2,0.643030303030303,0.560544980028181,0.5610866546146985,False,ja,0.4406779661016949
deberta_full_klu_heat_t=0.6_alpha_0.3,0.6427505827505827,0.5601356853194933,0.5606787473457013,False,ja,0.4406779661016949
deberta_full_klu_heat_t=0.6_alpha_0.4,0.6428438228438229,0.5599901428716516,0.5605336982620897,False,ja,0.4406779661016949
deberta_full_klu_heat_t=0.6_alpha_0.5,0.6425174825174825,0.5596986654833193,0.5602432089327007,False,ja,0.4406779661016949
deberta_full_klu_heat_t=0.6_alpha_0.6,0.6421911421911423,0.5600956138210875,0.5606388116828833,False,ja,0.4406779661016949
deberta_full_klu_heat_t=0.6_alpha_0.7,0.6423776223776224,0.5601465995209294,0.5606896245498443,False,ja,0.4406779661016949
deberta_full_klu_heat_t=0.6_alpha_0.8,0.6425641025641025,0.5595731993065065,0.5601181680649618,False,ja,0.4406779661016949
deberta_full_klu_heat_t=0.6_alpha_0.9,0.6424242424242423,0.5604863635881467,0.561028236874461,False,ja,0.4406779661016949
deberta_full_klu_heat_t=0.6_alpha_1.0,0.5,0.4361943463430718,0.43715754850140326,False,ja,0.4406779661016949
deberta_full_klu_heatn_t=0.6_alpha_0.0,0.6428438228438229,0.5613487841632845,0.5618877339900221,False,ja,0.4406779661016949
deberta_full_klu_heatn_t=0.6_alpha_0.1,0.6424708624708624,0.5609081547234671,0.5614485982093227,False,ja,0.4406779661016949
deberta_full_klu_heatn_t=0.6_alpha_0.2,0.6427039627039627,0.5610165744652262,0.5615566504265334,False,ja,0.4406779661016949
deberta_full_klu_heatn_t=0.6_alpha_0.3,0.6419114219114218,0.5606313006297132,0.5611726826040222,False,ja,0.4406779661016949
deberta_full_klu_heatn_t=0.6_alpha_0.4,0.6415384615384614,0.5607135443781002,0.5612546475600416,False,ja,0.4406779661016949
deberta_full_klu_heatn_t=0.6_alpha_0.5,0.6411655011655012,0.5600947475393528,0.560637948337697,False,ja,0.4406779661016949
deberta_full_klu_heatn_t=0.6_alpha_0.6,0.6412121212121212,0.5601413313598471,0.5606843742469353,False,ja,0.4406779661016949
deberta_full_klu_heatn_t=0.6_alpha_0.7,0.6410722610722611,0.5600219245812653,0.5605653722370944,False,ja,0.4406779661016949
deberta_full_klu_heatn_t=0.6_alpha_0.8,0.6410722610722611,0.560054335041386,0.5605976728312487,False,ja,0.4406779661016949
deberta_full_klu_heatn_t=0.6_alpha_0.9,0.640885780885781,0.5602138593569745,0.5607566563864452,False,ja,0.4406779661016949
deberta_full_klu_heatn_t=0.6_alpha_1.0,0.5,0.4361943463430718,0.43715754850140326,False,ja,0.4406779661016949
deberta_full_klu_heat_t=0.7_alpha_0.0,0.6428438228438229,0.5613487841632845,0.5618877339900221,False,ja,0.4406779661016949
deberta_full_klu_heat_t=0.7_alpha_0.1,0.643030303030303,0.561193984339903,0.5617334589118045,False,ja,0.4406779661016949
deberta_full_klu_heat_t=0.7_alpha_0.2,0.642937062937063,0.5603936035009931,0.5609357912282809,False,ja,0.4406779661016949
deberta_full_klu_heat_t=0.7_alpha_0.3,0.6427505827505828,0.5601502424770817,0.5606932551569928,False,ja,0.4406779661016949
deberta_full_klu_heat_t=0.7_alpha_0.4,0.6426107226107226,0.5598078548028642,0.560352028118959,False,ja,0.4406779661016949
deberta_full_klu_heat_t=0.7_alpha_0.5,0.6425174825174825,0.5601587960238674,0.5607017797087046,False,ja,0.4406779661016949
deberta_full_klu_heat_t=0.7_alpha_0.6,0.6422377622377622,0.559788586000934,0.5603328246350014,False,ja,0.4406779661016949
deberta_full_klu_heat_t=0.7_alpha_0.7,0.6423776223776223,0.5600438534908974,0.5605872268114395,False,ja,0.4406779661016949
deberta_full_klu_heat_t=0.7_alpha_0.8,0.642051282051282,0.5597152738447504,0.5602597609946014,False,ja,0.4406779661016949
deberta_full_klu_heat_t=0.7_alpha_0.9,0.6426107226107226,0.5603967628623693,0.5609389398799572,False,ja,0.4406779661016949
deberta_full_klu_heat_t=0.7_alpha_1.0,0.5,0.4361943463430718,0.43715754850140326,False,ja,0.4406779661016949
deberta_full_klu_heatn_t=0.7_alpha_0.0,0.6428438228438229,0.5613487841632845,0.5618877339900221,False,ja,0.4406779661016949
deberta_full_klu_heatn_t=0.7_alpha_0.1,0.6424708624708624,0.5609103350827904,0.5614507711775973,False,ja,0.4406779661016949
deberta_full_klu_heatn_t=0.7_alpha_0.2,0.6426573426573426,0.5609458893297837,0.5614862049017195,False,ja,0.4406779661016949
deberta_full_klu_heatn_t=0.7_alpha_0.3,0.641958041958042,0.5606751163963883,0.5612163498426748,False,ja,0.4406779661016949
deberta_full_klu_heatn_t=0.7_alpha_0.4,0.6413519813519813,0.5604151064693036,0.5609572213051732,False,ja,0.4406779661016949
deberta_full_klu_heatn_t=0.7_alpha_0.5,0.6411188811188813,0.5603114708851612,0.5608539370280957,False,ja,0.4406779661016949
deberta_full_klu_heatn_t=0.7_alpha_0.6,0.6413519813519812,0.5603925533425402,0.5609347446296871,False,ja,0.4406779661016949
deberta_full_klu_heatn_t=0.7_alpha_0.7,0.6410722610722611,0.5599906802748675,0.5605342338435997,False,ja,0.4406779661016949
deberta_full_klu_heatn_t=0.7_alpha_0.8,0.6408857808857809,0.5599821791303814,0.5605257615165525,False,ja,0.4406779661016949
deberta_full_klu_heatn_t=0.7_alpha_0.9,0.6407459207459207,0.5598980404166765,0.5604419080188263,False,ja,0.4406779661016949
deberta_full_klu_heatn_t=0.7_alpha_1.0,0.5,0.4361943463430718,0.43715754850140326,False,ja,0.4406779661016949
deberta_full_klu_matern_kappa=1.0_nu=1.0_alpha_0.0,0.6428438228438229,0.5613487841632845,0.5618877339900221,False,ja,0.4406779661016949
deberta_full_klu_matern_kappa=1.0_nu=1.0_alpha_0.1,0.6426573426573426,0.5604552872439049,0.5609972658737589,False,ja,0.4406779661016949
deberta_full_klu_matern_kappa=1.0_nu=1.0_alpha_0.2,0.6421911421911422,0.5607219658246867,0.5612630404593516,False,ja,0.4406779661016949
deberta_full_klu_matern_kappa=1.0_nu=1.0_alpha_0.3,0.6421445221445221,0.5608962724347193,0.5614367561995197,False,ja,0.4406779661016949
deberta_full_klu_matern_kappa=1.0_nu=1.0_alpha_0.4,0.6424708624708624,0.5612697571979431,0.5618089749126988,False,ja,0.4406779661016949
deberta_full_klu_matern_kappa=1.0_nu=1.0_alpha_0.5,0.6420979020979021,0.5609223217935713,0.5614627172554603,False,ja,0.4406779661016949
deberta_full_klu_matern_kappa=1.0_nu=1.0_alpha_0.6,0.6422377622377622,0.5609594351292428,0.5614997047832144,False,ja,0.4406779661016949
deberta_full_klu_matern_kappa=1.0_nu=1.0_alpha_0.7,0.6420512820512821,0.5606170231853758,0.5611584535578011,False,ja,0.4406779661016949
deberta_full_klu_matern_kappa=1.0_nu=1.0_alpha_0.8,0.6421445221445221,0.5606348277221276,0.561176197740191,False,ja,0.4406779661016949
deberta_full_klu_matern_kappa=1.0_nu=1.0_alpha_0.9,0.6408857808857809,0.5600574510116964,0.5606007782389477,False,ja,0.4406779661016949
deberta_full_klu_matern_kappa=1.0_nu=1.0_alpha_1.0,0.5,0.4361943463430718,0.43715754850140326,False,ja,0.4406779661016949
deberta_full_klu_maternn_kappa=1.0_nu=1.0_alpha_0.0,0.6428438228438229,0.5613487841632845,0.5618877339900221,False,ja,0.4406779661016949
deberta_full_klu_maternn_kappa=1.0_nu=1.0_alpha_0.1,0.6425174825174828,0.5608826371160825,0.5614231671023021,False,ja,0.4406779661016949
deberta_full_klu_maternn_kappa=1.0_nu=1.0_alpha_0.2,0.6427505827505828,0.5608904151982015,0.561430918818041,False,ja,0.4406779661016949
deberta_full_klu_maternn_kappa=1.0_nu=1.0_alpha_0.3,0.6417249417249417,0.5604889725002467,0.561030836942791,False,ja,0.4406779661016949
deberta_full_klu_maternn_kappa=1.0_nu=1.0_alpha_0.4,0.6415384615384615,0.5605121659334483,0.5610539517541853,False,ja,0.4406779661016949
deberta_full_klu_maternn_kappa=1.0_nu=1.0_alpha_0.5,0.6413519813519812,0.5602701565552892,0.5608127627467995,False,ja,0.4406779661016949
deberta_full_klu_maternn_kappa=1.0_nu=1.0_alpha_0.6,0.6414918414918416,0.5604637257894198,0.5610056758140348,False,ja,0.4406779661016949
deberta_full_klu_maternn_kappa=1.0_nu=1.0_alpha_0.7,0.6414452214452214,0.5603902056622394,0.5609324049076245,False,ja,0.4406779661016949
deberta_full_klu_maternn_kappa=1.0_nu=1.0_alpha_0.8,0.6407925407925408,0.5599168440735904,0.5604606479345302,False,ja,0.4406779661016949
deberta_full_klu_maternn_kappa=1.0_nu=1.0_alpha_0.9,0.6409324009324009,0.5599632955956522,0.5605069419938054,False,ja,0.4406779661016949
deberta_full_klu_maternn_kappa=1.0_nu=1.0_alpha_1.0,0.5,0.4361943463430718,0.43715754850140326,False,ja,0.4406779661016949
deberta_full_klu_matern_kappa=1.0_nu=2.0_alpha_0.0,0.6428438228438229,0.5613487841632845,0.5618877339900221,False,ja,0.4406779661016949
deberta_full_klu_matern_kappa=1.0_nu=2.0_alpha_0.1,0.6425174825174825,0.5609045576048884,0.5614450132843662,False,ja,0.4406779661016949
deberta_full_klu_matern_kappa=1.0_nu=2.0_alpha_0.2,0.6426573426573426,0.5609906089032808,0.5615307728834419,False,ja,0.4406779661016949
deberta_full_klu_matern_kappa=1.0_nu=2.0_alpha_0.3,0.6426107226107226,0.5611420804216256,0.5616817309390129,False,ja,0.4406779661016949
deberta_full_klu_matern_kappa=1.0_nu=2.0_alpha_0.4,0.6425174825174825,0.5610545647116676,0.5615945118924784,False,ja,0.4406779661016949
deberta_full_klu_matern_kappa=1.0_nu=2.0_alpha_0.5,0.6426107226107226,0.5610128098648028,0.5615528985874674,False,ja,0.4406779661016949
deberta_full_klu_matern_kappa=1.0_nu=2.0_alpha_0.6,0.642051282051282,0.5607070987822812,0.5612482238137001,False,ja,0.4406779661016949
deberta_full_klu_matern_kappa=1.0_nu=2.0_alpha_0.7,0.6418648018648019,0.5604483651598409,0.5609903672543868,False,ja,0.4406779661016949
deberta_full_klu_matern_kappa=1.0_nu=2.0_alpha_0.8,0.6423310023310024,0.5606727608013493,0.5612140022327036,False,ja,0.4406779661016949
deberta_full_klu_matern_kappa=1.0_nu=2.0_alpha_0.9,0.6411655011655012,0.560220321655305,0.5607630967786796,False,ja,0.4406779661016949
deberta_full_klu_matern_kappa=1.0_nu=2.0_alpha_1.0,0.5,0.4361943463430718,0.43715754850140326,False,ja,0.4406779661016949
deberta_full_klu_maternn_kappa=1.0_nu=2.0_alpha_0.0,0.6428438228438229,0.5613487841632845,0.5618877339900221,False,ja,0.4406779661016949
deberta_full_klu_maternn_kappa=1.0_nu=2.0_alpha_0.1,0.6424708624708627,0.5608570629766523,0.5613976796548701,False,ja,0.4406779661016949
deberta_full_klu_maternn_kappa=1.0_nu=2.0_alpha_0.2,0.6426573426573426,0.5608208651643152,0.5613616045469814,False,ja,0.4406779661016949
deberta_full_klu_maternn_kappa=1.0_nu=2.0_alpha_0.3,0.6416783216783215,0.5604378939065413,0.5609799314968609,False,ja,0.4406779661016949
deberta_full_klu_maternn_kappa=1.0_nu=2.0_alpha_0.4,0.6415384615384615,0.5605666454878492,0.5611082466321304,False,ja,0.4406779661016949
deberta_full_klu_maternn_kappa=1.0_nu=2.0_alpha_0.5,0.6412121212121211,0.5601550522870644,0.5606980486625349,False,ja,0.4406779661016949
deberta_full_klu_maternn_kappa=1.0_nu=2.0_alpha_0.6,0.6415384615384615,0.5605121851144583,0.561053970870175,False,ja,0.4406779661016949
deberta_full_klu_maternn_kappa=1.0_nu=2.0_alpha_0.7,0.6413986013986014,0.5604368939525288,0.560978934932523,False,ja,0.4406779661016949
deberta_full_klu_maternn_kappa=1.0_nu=2.0_alpha_0.8,0.6406060606060606,0.559792519422767,0.5603367447232012,False,ja,0.4406779661016949
deberta_full_klu_maternn_kappa=1.0_nu=2.0_alpha_0.9,0.6409324009324009,0.5599912162149558,0.560534767966942,False,ja,0.4406779661016949
deberta_full_klu_maternn_kappa=1.0_nu=2.0_alpha_1.0,0.5,0.4361943463430718,0.43715754850140326,False,ja,0.4406779661016949
deberta_full_klu_matern_kappa=1.0_nu=3.0_alpha_0.0,0.6428438228438229,0.5613487841632845,0.5618877339900221,False,ja,0.4406779661016949
deberta_full_klu_matern_kappa=1.0_nu=3.0_alpha_0.1,0.6425641025641025,0.5609036653156618,0.561444124019849,False,ja,0.4406779661016949
deberta_full_klu_matern_kappa=1.0_nu=3.0_alpha_0.2,0.6426107226107226,0.5610204520272812,0.5615605148443102,False,ja,0.4406779661016949
deberta_full_klu_matern_kappa=1.0_nu=3.0_alpha_0.3,0.6424242424242423,0.5610679169649688,0.5616078188839041,False,ja,0.4406779661016949
deberta_full_klu_matern_kappa=1.0_nu=3.0_alpha_0.4,0.6424708624708625,0.5610226679543404,0.5615627232597522,False,ja,0.4406779661016949
deberta_full_klu_matern_kappa=1.0_nu=3.0_alpha_0.5,0.6427505827505828,0.5611303872570945,0.5616700774123276,False,ja,0.4406779661016949
deberta_full_klu_matern_kappa=1.0_nu=3.0_alpha_0.6,0.6424708624708624,0.5608429702606794,0.5613836347108156,False,ja,0.4406779661016949
deberta_full_klu_matern_kappa=1.0_nu=3.0_alpha_0.7,0.6421911421911422,0.5606021061191584,0.56114358705791,False,ja,0.4406779661016949
deberta_full_klu_matern_kappa=1.0_nu=3.0_alpha_0.8,0.6422843822843822,0.5607250606590407,0.5612661248027416,False,ja,0.4406779661016949
deberta_full_klu_matern_kappa=1.0_nu=3.0_alpha_0.9,0.6416317016317017,0.5604078415487606,0.5609499810114794,False,ja,0.4406779661016949
deberta_full_klu_matern_kappa=1.0_nu=3.0_alpha_1.0,0.5,0.4361943463430718,0.43715754850140326,False,ja,0.4406779661016949
deberta_full_klu_maternn_kappa=1.0_nu=3.0_alpha_0.0,0.6428438228438229,0.5613487841632845,0.5618877339900221,False,ja,0.4406779661016949
deberta_full_klu_maternn_kappa=1.0_nu=3.0_alpha_0.1,0.6424708624708627,0.5608570629766523,0.5613976796548701,False,ja,0.4406779661016949
deberta_full_klu_maternn_kappa=1.0_nu=3.0_alpha_0.2,0.6426573426573426,0.5608208651643152,0.5613616045469814,False,ja,0.4406779661016949
deberta_full_klu_maternn_kappa=1.0_nu=3.0_alpha_0.3,0.6417249417249417,0.560474467675834,0.5610163812872746,False,ja,0.4406779661016949
deberta_full_klu_maternn_kappa=1.0_nu=3.0_alpha_0.4,0.6414452214452214,0.5604137560492455,0.5609558754628101,False,ja,0.4406779661016949
deberta_full_klu_maternn_kappa=1.0_nu=3.0_alpha_0.5,0.6412587412587412,0.5601686762440852,0.5607116264366504,False,ja,0.4406779661016949
deberta_full_klu_maternn_kappa=1.0_nu=3.0_alpha_0.6,0.6415850815850815,0.5604632765438016,0.5610052280912831,False,ja,0.4406779661016949
deberta_full_klu_maternn_kappa=1.0_nu=3.0_alpha_0.7,0.6413986013986014,0.5603058779120191,0.5608483630141847,False,ja,0.4406779661016949
deberta_full_klu_maternn_kappa=1.0_nu=3.0_alpha_0.8,0.6407459207459207,0.5598467867471317,0.5603908280905341,False,ja,0.4406779661016949
deberta_full_klu_maternn_kappa=1.0_nu=3.0_alpha_0.9,0.6408391608391608,0.5600975593524619,0.560640750619236,False,ja,0.4406779661016949
deberta_full_klu_maternn_kappa=1.0_nu=3.0_alpha_1.0,0.5,0.4361943463430718,0.43715754850140326,False,ja,0.4406779661016949
deberta_full_klu_matern_kappa=2.0_nu=1.0_alpha_0.0,0.6428438228438229,0.5613487841632845,0.5618877339900221,False,ja,0.4406779661016949
deberta_full_klu_matern_kappa=2.0_nu=1.0_alpha_0.1,0.6426573426573426,0.5610652339457685,0.5616051449596839,False,ja,0.4406779661016949
deberta_full_klu_matern_kappa=2.0_nu=1.0_alpha_0.2,0.6424708624708625,0.5608963635694978,0.5614368470253669,False,ja,0.4406779661016949
deberta_full_klu_matern_kappa=2.0_nu=1.0_alpha_0.3,0.6423310023310023,0.5609334802200356,0.5614738378567502,False,ja,0.4406779661016949
deberta_full_klu_matern_kappa=2.0_nu=1.0_alpha_0.4,0.6425174825174824,0.5609002127428688,0.5614406831506925,False,ja,0.4406779661016949
deberta_full_klu_matern_kappa=2.0_nu=1.0_alpha_0.5,0.6427505827505828,0.5610688407587681,0.5616087395461988,False,ja,0.4406779661016949
deberta_full_klu_matern_kappa=2.0_nu=1.0_alpha_0.6,0.6425641025641026,0.5609211254869746,0.5614615250041404,False,ja,0.4406779661016949
deberta_full_klu_matern_kappa=2.0_nu=1.0_alpha_0.7,0.6423310023310023,0.5607409114691703,0.5612819218813115,False,ja,0.4406779661016949
deberta_full_klu_matern_kappa=2.0_nu=1.0_alpha_0.8,0.6424708624708624,0.5608225306097849,0.5613632643468733,False,ja,0.4406779661016949
deberta_full_klu_matern_kappa=2.0_nu=1.0_alpha_0.9,0.6416783216783218,0.5603371666419226,0.560879545680597,False,ja,0.4406779661016949
deberta_full_klu_matern_kappa=2.0_nu=1.0_alpha_1.0,0.5,0.4361943463430718,0.43715754850140326,False,ja,0.4406779661016949
deberta_full_klu_maternn_kappa=2.0_nu=1.0_alpha_0.0,0.6428438228438229,0.5613487841632845,0.5618877339900221,False,ja,0.4406779661016949
deberta_full_klu_maternn_kappa=2.0_nu=1.0_alpha_0.1,0.6425174825174825,0.5610020745369847,0.561542199650591,False,ja,0.4406779661016949
deberta_full_klu_maternn_kappa=2.0_nu=1.0_alpha_0.2,0.642004662004662,0.560428192600354,0.5609702630764573,False,ja,0.4406779661016949
deberta_full_klu_maternn_kappa=2.0_nu=1.0_alpha_0.3,0.6419114219114219,0.5604353443685408,0.5609773906013621,False,ja,0.4406779661016949
deberta_full_klu_maternn_kappa=2.0_nu=1.0_alpha_0.4,0.6418181818181818,0.5606949166058588,0.5612360829327909,False,ja,0.4406779661016949
deberta_full_klu_maternn_kappa=2.0_nu=1.0_alpha_0.5,0.6415850815850817,0.5606312781909398,0.5611726602413124,False,ja,0.4406779661016949
deberta_full_klu_maternn_kappa=2.0_nu=1.0_alpha_0.6,0.6416317016317016,0.5606482648063942,0.5611895892750195,False,ja,0.4406779661016949
deberta_full_klu_maternn_kappa=2.0_nu=1.0_alpha_0.7,0.6413053613053614,0.5603593007311689,0.5609016047390323,False,ja,0.4406779661016949
deberta_full_klu_maternn_kappa=2.0_nu=1.0_alpha_0.8,0.6410722610722612,0.5601366374576187,0.5606796962562396,False,ja,0.4406779661016949
deberta_full_klu_maternn_kappa=2.0_nu=1.0_alpha_0.9,0.6413519813519813,0.5601886789280273,0.5607315613148842,False,ja,0.4406779661016949
deberta_full_klu_maternn_kappa=2.0_nu=1.0_alpha_1.0,0.5,0.4361943463430718,0.43715754850140326,False,ja,0.4406779661016949
deberta_full_klu_matern_kappa=2.0_nu=2.0_alpha_0.0,0.6428438228438229,0.5613487841632845,0.5618877339900221,False,ja,0.4406779661016949
deberta_full_klu_matern_kappa=2.0_nu=2.0_alpha_0.1,0.6428438228438228,0.5611744911575938,0.5617140318080794,False,ja,0.4406779661016949
deberta_full_klu_matern_kappa=2.0_nu=2.0_alpha_0.2,0.643076923076923,0.5605583560181013,0.5610999852622802,False,ja,0.4406779661016949
deberta_full_klu_matern_kappa=2.0_nu=2.0_alpha_0.3,0.6431235431235431,0.5602974629216497,0.5608399765492064,False,ja,0.4406779661016949
deberta_full_klu_matern_kappa=2.0_nu=2.0_alpha_0.4,0.642983682983683,0.5602821211959834,0.5608246868293897,False,ja,0.4406779661016949
deberta_full_klu_matern_kappa=2.0_nu=2.0_alpha_0.5,0.6431235431235431,0.5604503309627908,0.5609923263935978,False,ja,0.4406779661016949
deberta_full_klu_matern_kappa=2.0_nu=2.0_alpha_0.6,0.6431701631701632,0.5603626941254627,0.5609049866302944,False,ja,0.4406779661016949
deberta_full_klu_matern_kappa=2.0_nu=2.0_alpha_0.7,0.6424242424242425,0.560471849182478,0.5610137716701674,False,ja,0.4406779661016949
deberta_full_klu_matern_kappa=2.0_nu=2.0_alpha_0.8,0.6423776223776225,0.5604825804192117,0.5610244665298273,False,ja,0.4406779661016949
deberta_full_klu_matern_kappa=2.0_nu=2.0_alpha_0.9,0.6426107226107227,0.5609856751189488,0.5615258558238028,False,ja,0.4406779661016949
deberta_full_klu_matern_kappa=2.0_nu=2.0_alpha_1.0,0.5,0.4361943463430718,0.43715754850140326,False,ja,0.4406779661016949
deberta_full_klu_maternn_kappa=2.0_nu=2.0_alpha_0.0,0.6428438228438229,0.5613487841632845,0.5618877339900221,False,ja,0.4406779661016949
deberta_full_klu_maternn_kappa=2.0_nu=2.0_alpha_0.1,0.6426573426573428,0.5611173841662871,0.5616571183997942,False,ja,0.4406779661016949
deberta_full_klu_maternn_kappa=2.0_nu=2.0_alpha_0.2,0.641958041958042,0.5604130276090475,0.560955149491901,False,ja,0.4406779661016949
deberta_full_klu_maternn_kappa=2.0_nu=2.0_alpha_0.3,0.642051282051282,0.5607241213728715,0.5612651887005935,False,ja,0.4406779661016949
deberta_full_klu_maternn_kappa=2.0_nu=2.0_alpha_0.4,0.6421445221445221,0.5609585657772455,0.5614988383781729,False,ja,0.4406779661016949
deberta_full_klu_maternn_kappa=2.0_nu=2.0_alpha_0.5,0.6420512820512821,0.5607726364976008,0.5613135393672727,False,ja,0.4406779661016949
deberta_full_klu_maternn_kappa=2.0_nu=2.0_alpha_0.6,0.6419114219114219,0.5608388079149784,0.561379486474761,False,ja,0.4406779661016949
deberta_full_klu_maternn_kappa=2.0_nu=2.0_alpha_0.7,0.6413519813519813,0.5604538409823642,0.5609958245147998,False,ja,0.4406779661016949
deberta_full_klu_maternn_kappa=2.0_nu=2.0_alpha_0.8,0.6417715617715618,0.5605723238810546,0.5611139057765455,False,ja,0.4406779661016949
deberta_full_klu_maternn_kappa=2.0_nu=2.0_alpha_0.9,0.641072261072261,0.5600620156276348,0.5606053273816118,False,ja,0.4406779661016949
deberta_full_klu_maternn_kappa=2.0_nu=2.0_alpha_1.0,0.5,0.4361943463430718,0.43715754850140326,False,ja,0.4406779661016949
deberta_full_klu_matern_kappa=2.0_nu=3.0_alpha_0.0,0.6428438228438229,0.5613487841632845,0.5618877339900221,False,ja,0.4406779661016949
deberta_full_klu_matern_kappa=2.0_nu=3.0_alpha_0.1,0.6430303030303031,0.5612112155840476,0.561750631744952,False,ja,0.4406779661016949
deberta_full_klu_matern_kappa=2.0_nu=3.0_alpha_0.2,0.643076923076923,0.5605635666978215,0.5611051782786792,False,ja,0.4406779661016949
deberta_full_klu_matern_kappa=2.0_nu=3.0_alpha_0.3,0.6428438228438229,0.5602231719942108,0.5607659374554198,False,ja,0.4406779661016949
deberta_full_klu_matern_kappa=2.0_nu=3.0_alpha_0.4,0.6427505827505828,0.5598909365224454,0.5604348282055924,False,ja,0.4406779661016949
deberta_full_klu_matern_kappa=2.0_nu=3.0_alpha_0.5,0.6425641025641026,0.5597130780279982,0.5602575726212959,False,ja,0.4406779661016949
deberta_full_klu_matern_kappa=2.0_nu=3.0_alpha_0.6,0.6422377622377623,0.560018255679624,0.5605617157724078,False,ja,0.4406779661016949
deberta_full_klu_matern_kappa=2.0_nu=3.0_alpha_0.7,0.6422377622377623,0.5599689428584587,0.5605125701133481,False,ja,0.4406779661016949
deberta_full_klu_matern_kappa=2.0_nu=3.0_alpha_0.8,0.6427039627039628,0.5602830241369428,0.5608255867095322,False,ja,0.4406779661016949
deberta_full_klu_matern_kappa=2.0_nu=3.0_alpha_0.9,0.6424242424242423,0.5604141621806435,0.5609562802174917,False,ja,0.4406779661016949
deberta_full_klu_matern_kappa=2.0_nu=3.0_alpha_1.0,0.5,0.4361943463430718,0.43715754850140326,False,ja,0.4406779661016949
deberta_full_klu_maternn_kappa=2.0_nu=3.0_alpha_0.0,0.6428438228438229,0.5613487841632845,0.5618877339900221,False,ja,0.4406779661016949
deberta_full_klu_maternn_kappa=2.0_nu=3.0_alpha_0.1,0.6426573426573426,0.5610303883172082,0.5615704174518985,False,ja,0.4406779661016949
deberta_full_klu_maternn_kappa=2.0_nu=3.0_alpha_0.2,0.642051282051282,0.5607033944280132,0.5612445320165651,False,ja,0.4406779661016949
deberta_full_klu_maternn_kappa=2.0_nu=3.0_alpha_0.3,0.6419114219114219,0.5607485775890844,0.5612895620143783,False,ja,0.4406779661016949
deberta_full_klu_maternn_kappa=2.0_nu=3.0_alpha_0.4,0.6424242424242425,0.5612343676251863,0.5617737053045954,False,ja,0.4406779661016949
deberta_full_klu_maternn_kappa=2.0_nu=3.0_alpha_0.5,0.6418648018648019,0.5607138094443703,0.5612549117277821,False,ja,0.4406779661016949
deberta_full_klu_maternn_kappa=2.0_nu=3.0_alpha_0.6,0.6420979020979021,0.5609862200271629,0.5615263988848703,False,ja,0.4406779661016949
deberta_full_klu_maternn_kappa=2.0_nu=3.0_alpha_0.7,0.641911421911422,0.560625763108531,0.5611671638540983,False,ja,0.4406779661016949
deberta_full_klu_maternn_kappa=2.0_nu=3.0_alpha_0.8,0.6420979020979021,0.5607634773451848,0.561304411262831,False,ja,0.4406779661016949
deberta_full_klu_maternn_kappa=2.0_nu=3.0_alpha_0.9,0.641025641025641,0.5601290057052302,0.5606720903741984,False,ja,0.4406779661016949
deberta_full_klu_maternn_kappa=2.0_nu=3.0_alpha_1.0,0.5,0.4361943463430718,0.43715754850140326,False,ja,0.4406779661016949
deberta_full_klu_matern_kappa=3.0_nu=1.0_alpha_0.0,0.6428438228438229,0.5613487841632845,0.5618877339900221,False,ja,0.4406779661016949
deberta_full_klu_matern_kappa=3.0_nu=1.0_alpha_0.1,0.6428438228438228,0.5611320765990685,0.5616717610277187,False,ja,0.4406779661016949
deberta_full_klu_matern_kappa=3.0_nu=1.0_alpha_0.2,0.6430303030303031,0.5611890698981976,0.5617285611292235,False,ja,0.4406779661016949
deberta_full_klu_matern_kappa=3.0_nu=1.0_alpha_0.3,0.643076923076923,0.5611685397344888,0.5617081005592901,False,ja,0.4406779661016949
deberta_full_klu_matern_kappa=3.0_nu=1.0_alpha_0.4,0.6428438228438228,0.5609833250512547,0.5615235137224398,False,ja,0.4406779661016949
deberta_full_klu_matern_kappa=3.0_nu=1.0_alpha_0.5,0.6432634032634033,0.561257688271078,0.5617969468974501,False,ja,0.4406779661016949
deberta_full_klu_matern_kappa=3.0_nu=1.0_alpha_0.6,0.642937062937063,0.5608739018451059,0.5614144614424135,False,ja,0.4406779661016949
deberta_full_klu_matern_kappa=3.0_nu=1.0_alpha_0.7,0.6425174825174826,0.5606063527403545,0.5611478192837799,False,ja,0.4406779661016949
deberta_full_klu_matern_kappa=3.0_nu=1.0_alpha_0.8,0.6419114219114221,0.560597328560589,0.5611388256944544,False,ja,0.4406779661016949
deberta_full_klu_matern_kappa=3.0_nu=1.0_alpha_0.9,0.6423310023310023,0.5606039821680044,0.5611454567472683,False,ja,0.4406779661016949
deberta_full_klu_matern_kappa=3.0_nu=1.0_alpha_1.0,0.5,0.4361943463430718,0.43715754850140326,False,ja,0.4406779661016949
deberta_full_klu_maternn_kappa=3.0_nu=1.0_alpha_0.0,0.6428438228438229,0.5613487841632845,0.5618877339900221,False,ja,0.4406779661016949
deberta_full_klu_maternn_kappa=3.0_nu=1.0_alpha_0.1,0.6426573426573426,0.5604552872439049,0.5609972658737589,False,ja,0.4406779661016949
deberta_full_klu_maternn_kappa=3.0_nu=1.0_alpha_0.2,0.6421911421911422,0.5607219658246867,0.5612630404593516,False,ja,0.4406779661016949
deberta_full_klu_maternn_kappa=3.0_nu=1.0_alpha_0.3,0.6421445221445221,0.5608962724347193,0.5614367561995197,False,ja,0.4406779661016949
deberta_full_klu_maternn_kappa=3.0_nu=1.0_alpha_0.4,0.6424708624708624,0.5612697571979431,0.5618089749126988,False,ja,0.4406779661016949
deberta_full_klu_maternn_kappa=3.0_nu=1.0_alpha_0.5,0.6420979020979021,0.5609223217935713,0.5614627172554603,False,ja,0.4406779661016949
deberta_full_klu_maternn_kappa=3.0_nu=1.0_alpha_0.6,0.6422377622377622,0.5609594351292428,0.5614997047832144,False,ja,0.4406779661016949
deberta_full_klu_maternn_kappa=3.0_nu=1.0_alpha_0.7,0.6420512820512821,0.5606170231853758,0.5611584535578011,False,ja,0.4406779661016949
deberta_full_klu_maternn_kappa=3.0_nu=1.0_alpha_0.8,0.6421445221445221,0.5606348277221276,0.561176197740191,False,ja,0.4406779661016949
deberta_full_klu_maternn_kappa=3.0_nu=1.0_alpha_0.9,0.6408857808857809,0.5600574510116964,0.5606007782389477,False,ja,0.4406779661016949
deberta_full_klu_maternn_kappa=3.0_nu=1.0_alpha_1.0,0.5,0.4361943463430718,0.43715754850140326,False,ja,0.4406779661016949
deberta_full_klu_matern_kappa=3.0_nu=2.0_alpha_0.0,0.6428438228438229,0.5613487841632845,0.5618877339900221,False,ja,0.4406779661016949
deberta_full_klu_matern_kappa=3.0_nu=2.0_alpha_0.1,0.6430769230769231,0.5612753921980895,0.5618145908111497,False,ja,0.4406779661016949
deberta_full_klu_matern_kappa=3.0_nu=2.0_alpha_0.2,0.643030303030303,0.5605411893258201,0.5610828767621762,False,ja,0.4406779661016949
deberta_full_klu_matern_kappa=3.0_nu=2.0_alpha_0.3,0.642937062937063,0.5602793566048874,0.5608219316097889,False,ja,0.4406779661016949
deberta_full_klu_matern_kappa=3.0_nu=2.0_alpha_0.4,0.6426573426573426,0.5598431766444167,0.5603872302254554,False,ja,0.4406779661016949
deberta_full_klu_matern_kappa=3.0_nu=2.0_alpha_0.5,0.6424242424242425,0.5602117519368424,0.5607545561101102,False,ja,0.4406779661016949
deberta_full_klu_matern_kappa=3.0_nu=2.0_alpha_0.6,0.6420979020979021,0.5598255974044437,0.5603697105761265,False,ja,0.4406779661016949
deberta_full_klu_matern_kappa=3.0_nu=2.0_alpha_0.7,0.6423310023310023,0.5599234625132072,0.5604672439387586,False,ja,0.4406779661016949
deberta_full_klu_matern_kappa=3.0_nu=2.0_alpha_0.8,0.6424708624708624,0.5601294003821199,0.5606724837132002,False,ja,0.4406779661016949
deberta_full_klu_matern_kappa=3.0_nu=2.0_alpha_0.9,0.6422377622377622,0.5602076941557514,0.5607505120842095,False,ja,0.4406779661016949
deberta_full_klu_matern_kappa=3.0_nu=2.0_alpha_1.0,0.5,0.4361943463430718,0.43715754850140326,False,ja,0.4406779661016949
deberta_full_klu_maternn_kappa=3.0_nu=2.0_alpha_0.0,0.6428438228438229,0.5613487841632845,0.5618877339900221,False,ja,0.4406779661016949
deberta_full_klu_maternn_kappa=3.0_nu=2.0_alpha_0.1,0.6425174825174825,0.5609045576048884,0.5614450132843662,False,ja,0.4406779661016949
deberta_full_klu_maternn_kappa=3.0_nu=2.0_alpha_0.2,0.6426573426573426,0.5609906089032808,0.5615307728834419,False,ja,0.4406779661016949
deberta_full_klu_maternn_kappa=3.0_nu=2.0_alpha_0.3,0.6426107226107226,0.5611420804216256,0.5616817309390129,False,ja,0.4406779661016949
deberta_full_klu_maternn_kappa=3.0_nu=2.0_alpha_0.4,0.6425174825174825,0.5610545647116676,0.5615945118924784,False,ja,0.4406779661016949
deberta_full_klu_maternn_kappa=3.0_nu=2.0_alpha_0.5,0.6426107226107226,0.5610128098648028,0.5615528985874674,False,ja,0.4406779661016949
deberta_full_klu_maternn_kappa=3.0_nu=2.0_alpha_0.6,0.642051282051282,0.5607070987822812,0.5612482238137001,False,ja,0.4406779661016949
deberta_full_klu_maternn_kappa=3.0_nu=2.0_alpha_0.7,0.6418648018648019,0.5604483651598409,0.5609903672543868,False,ja,0.4406779661016949
deberta_full_klu_maternn_kappa=3.0_nu=2.0_alpha_0.8,0.6423310023310024,0.5606727608013493,0.5612140022327036,False,ja,0.4406779661016949
deberta_full_klu_maternn_kappa=3.0_nu=2.0_alpha_0.9,0.6411655011655012,0.560220321655305,0.5607630967786796,False,ja,0.4406779661016949
deberta_full_klu_maternn_kappa=3.0_nu=2.0_alpha_1.0,0.5,0.4361943463430718,0.43715754850140326,False,ja,0.4406779661016949
deberta_full_klu_matern_kappa=3.0_nu=3.0_alpha_0.0,0.6428438228438229,0.5613487841632845,0.5618877339900221,False,ja,0.4406779661016949
deberta_full_klu_matern_kappa=3.0_nu=3.0_alpha_0.1,0.6431235431235431,0.560554941647613,0.561096582465929,False,ja,0.4406779661016949
deberta_full_klu_matern_kappa=3.0_nu=3.0_alpha_0.2,0.6428904428904428,0.5602877764126014,0.5608303228757819,False,ja,0.4406779661016949
deberta_full_klu_matern_kappa=3.0_nu=3.0_alpha_0.3,0.6426107226107225,0.5599847068522401,0.5605282806698626,False,ja,0.4406779661016949
deberta_full_klu_matern_kappa=3.0_nu=3.0_alpha_0.4,0.6425174825174825,0.5603497889611104,0.5608921252122622,False,ja,0.4406779661016949
deberta_full_klu_matern_kappa=3.0_nu=3.0_alpha_0.5,0.6423310023310024,0.5600257135515435,0.5605691483634055,False,ja,0.4406779661016949
deberta_full_klu_matern_kappa=3.0_nu=3.0_alpha_0.6,0.6423776223776223,0.560010028454395,0.5605535164360779,False,ja,0.4406779661016949
deberta_full_klu_matern_kappa=3.0_nu=3.0_alpha_0.7,0.6427039627039627,0.5601677650859722,0.5607107183672091,False,ja,0.4406779661016949
deberta_full_klu_matern_kappa=3.0_nu=3.0_alpha_0.8,0.6422843822843822,0.5598962455772382,0.5604401192635894,False,ja,0.4406779661016949
deberta_full_klu_matern_kappa=3.0_nu=3.0_alpha_0.9,0.6426107226107225,0.5601787820043607,0.5607216979401114,False,ja,0.4406779661016949
deberta_full_klu_matern_kappa=3.0_nu=3.0_alpha_1.0,0.5,0.4361943463430718,0.43715754850140326,False,ja,0.4406779661016949
deberta_full_klu_maternn_kappa=3.0_nu=3.0_alpha_0.0,0.6428438228438229,0.5613487841632845,0.5618877339900221,False,ja,0.4406779661016949
deberta_full_klu_maternn_kappa=3.0_nu=3.0_alpha_0.1,0.6425641025641025,0.5609036653156618,0.561444124019849,False,ja,0.4406779661016949
deberta_full_klu_maternn_kappa=3.0_nu=3.0_alpha_0.2,0.6426107226107226,0.5610204520272812,0.5615605148443102,False,ja,0.4406779661016949
deberta_full_klu_maternn_kappa=3.0_nu=3.0_alpha_0.3,0.6424242424242423,0.5610679169649688,0.5616078188839041,False,ja,0.4406779661016949
deberta_full_klu_maternn_kappa=3.0_nu=3.0_alpha_0.4,0.6424708624708625,0.5610226679543404,0.5615627232597522,False,ja,0.4406779661016949
deberta_full_klu_maternn_kappa=3.0_nu=3.0_alpha_0.5,0.6427505827505828,0.5611303872570945,0.5616700774123276,False,ja,0.4406779661016949
deberta_full_klu_maternn_kappa=3.0_nu=3.0_alpha_0.6,0.6424708624708624,0.5608429702606794,0.5613836347108156,False,ja,0.4406779661016949
deberta_full_klu_maternn_kappa=3.0_nu=3.0_alpha_0.7,0.6421911421911422,0.5606021061191584,0.56114358705791,False,ja,0.4406779661016949
deberta_full_klu_maternn_kappa=3.0_nu=3.0_alpha_0.8,0.6422843822843822,0.5607250606590407,0.5612661248027416,False,ja,0.4406779661016949
deberta_full_klu_maternn_kappa=3.0_nu=3.0_alpha_0.9,0.6416317016317017,0.5604078415487606,0.5609499810114794,False,ja,0.4406779661016949
deberta_full_klu_maternn_kappa=3.0_nu=3.0_alpha_1.0,0.5,0.4361943463430718,0.43715754850140326,False,ja,0.4406779661016949
