method,auroc,auarc,prr,is_blackbox,language,accuracy
heat_t=0.1_kernel_entropy_s,0.6938888888888888,0.6056078689859734,0.6060255153938924,True,zh,0.4576271186440678
heat_t=0.1_kernel_entropy,0.6938888888888888,0.6056078689859734,0.6060255153938924,True,zh,0.4576271186440678
heatn_t=0.1_kernel_entropy_s,0.303125,0.33214801016757656,0.3334926391477611,True,zh,0.4576271186440678
heatn_t=0.1_kernel_entropy,0.303125,0.33214801016757656,0.3334926391477611,True,zh,0.4576271186440678
heat_t=0.2_kernel_entropy_s,0.6978703703703704,0.6073622830561197,0.6077739822976993,True,zh,0.4576271186440678
heat_t=0.2_kernel_entropy,0.6979166666666667,0.6077402120054773,0.6081506301319741,True,zh,0.4576271186440678
heatn_t=0.2_kernel_entropy_s,0.3039351851851852,0.3333083946201286,0.33464909009369437,True,zh,0.4576271186440678
heatn_t=0.2_kernel_entropy,0.3039351851851852,0.3333083946201286,0.33464909009369437,True,zh,0.4576271186440678
heat_t=0.3_kernel_entropy_s,0.6994212962962962,0.6074546871710318,0.6078660731783233,True,zh,0.4576271186440678
heat_t=0.3_kernel_entropy,0.6994212962962962,0.6074546871710318,0.6078660731783233,True,zh,0.4576271186440678
heatn_t=0.3_kernel_entropy_s,0.30541666666666667,0.33406474192063684,0.3354028735050483,True,zh,0.4576271186440678
heatn_t=0.3_kernel_entropy,0.30541666666666667,0.33406474192063684,0.3354028735050483,True,zh,0.4576271186440678
heat_t=0.4_kernel_entropy_s,0.6997453703703703,0.6100350776442544,0.610437716565196,True,zh,0.4576271186440678
heat_t=0.4_kernel_entropy,0.6997453703703703,0.6100350776442544,0.610437716565196,True,zh,0.4576271186440678
heatn_t=0.4_kernel_entropy_s,0.306087962962963,0.33485915920628884,0.33619459785074896,True,zh,0.4576271186440678
heatn_t=0.4_kernel_entropy,0.306087962962963,0.33485915920628884,0.33619459785074896,True,zh,0.4576271186440678
heat_t=0.5_kernel_entropy_s,0.6975462962962963,0.605794255592949,0.606211270181861,True,zh,0.4576271186440678
heat_t=0.5_kernel_entropy,0.6975462962962963,0.605794255592949,0.606211270181861,True,zh,0.4576271186440678
heatn_t=0.5_kernel_entropy_s,0.3087037037037037,0.3359777011246231,0.33730934810156343,True,zh,0.4576271186440678
heatn_t=0.5_kernel_entropy,0.3087037037037037,0.3359777011246231,0.33730934810156343,True,zh,0.4576271186440678
heat_t=0.6_kernel_entropy_s,0.6953009259259257,0.6051274164878866,0.6055466915483414,True,zh,0.4576271186440678
heat_t=0.6_kernel_entropy,0.6953009259259257,0.6051274164878866,0.6055466915483414,True,zh,0.4576271186440678
heatn_t=0.6_kernel_entropy_s,0.3113194444444444,0.33938276804120104,0.3407028724184242,True,zh,0.4576271186440678
heatn_t=0.6_kernel_entropy,0.3113194444444444,0.33938276804120104,0.3407028724184242,True,zh,0.4576271186440678
heat_t=0.7_kernel_entropy_s,0.6933333333333331,0.605284200732121,0.6057029443205614,True,zh,0.4576271186440678
heat_t=0.7_kernel_entropy,0.6933333333333331,0.605284200732121,0.6057029443205614,True,zh,0.4576271186440678
heatn_t=0.7_kernel_entropy_s,0.3161111111111111,0.345256123859002,0.34655631855548685,True,zh,0.4576271186440678
heatn_t=0.7_kernel_entropy,0.3161111111111111,0.345256123859002,0.34655631855548685,True,zh,0.4576271186440678
matern_kappa=1.0_nu=1.0_kernel_entropy_s,0.6983564814814814,0.6080241891352844,0.6084336446274429,True,zh,0.4576271186440678
matern_kappa=1.0_nu=1.0_kernel_entropy,0.6983564814814814,0.6080241891352844,0.6084336446274429,True,zh,0.4576271186440678
maternn_kappa=1.0_nu=1.0_kernel_entropy_s,0.3141666666666667,0.34614770147164975,0.3474448738711426,True,zh,0.4576271186440678
maternn_kappa=1.0_nu=1.0_kernel_entropy,0.3141666666666667,0.34614770147164975,0.3474448738711426,True,zh,0.4576271186440678
matern_kappa=1.0_nu=2.0_kernel_entropy_s,0.6989583333333331,0.6085791961542414,0.6089867702666746,True,zh,0.4576271186440678
matern_kappa=1.0_nu=2.0_kernel_entropy,0.6990046296296295,0.6087270813952943,0.6091341542018256,True,zh,0.4576271186440678
maternn_kappa=1.0_nu=2.0_kernel_entropy_s,0.3119212962962963,0.34064837568058065,0.34196418986241606,True,zh,0.4576271186440678
maternn_kappa=1.0_nu=2.0_kernel_entropy,0.3119212962962963,0.34064837568058065,0.34196418986241606,True,zh,0.4576271186440678
matern_kappa=1.0_nu=3.0_kernel_entropy_s,0.6991666666666666,0.6085944723412815,0.6090019946700299,True,zh,0.4576271186440678
matern_kappa=1.0_nu=3.0_kernel_entropy,0.6991435185185184,0.6084881798242747,0.6088960624666401,True,zh,0.4576271186440678
maternn_kappa=1.0_nu=3.0_kernel_entropy_s,0.31113425925925925,0.3394971860529632,0.34081690257251934,True,zh,0.4576271186440678
maternn_kappa=1.0_nu=3.0_kernel_entropy,0.31113425925925925,0.3394971860529632,0.34081690257251934,True,zh,0.4576271186440678
matern_kappa=2.0_nu=1.0_kernel_entropy_s,0.6931944444444444,0.6061470203439601,0.6065628391201568,True,zh,0.4576271186440678
matern_kappa=2.0_nu=1.0_kernel_entropy,0.6931944444444444,0.6061470203439601,0.6065628391201568,True,zh,0.4576271186440678
maternn_kappa=2.0_nu=1.0_kernel_entropy_s,0.37902777777777774,0.37400286303585717,0.37520561115886114,True,zh,0.4576271186440678
maternn_kappa=2.0_nu=1.0_kernel_entropy,0.37902777777777774,0.37400286303585717,0.37520561115886114,True,zh,0.4576271186440678
matern_kappa=2.0_nu=2.0_kernel_entropy_s,0.6823611111111111,0.5976611413907565,0.5981057258583203,True,zh,0.4576271186440678
matern_kappa=2.0_nu=2.0_kernel_entropy,0.6823611111111111,0.5976611413907565,0.5981057258583203,True,zh,0.4576271186440678
maternn_kappa=2.0_nu=2.0_kernel_entropy_s,0.39388888888888884,0.3776585921425084,0.37884894796345603,True,zh,0.4576271186440678
maternn_kappa=2.0_nu=2.0_kernel_entropy,0.39388888888888884,0.3776585921425084,0.37884894796345603,True,zh,0.4576271186440678
matern_kappa=2.0_nu=3.0_kernel_entropy_s,0.6732175925925925,0.58999124309113,0.5904618272139467,True,zh,0.4576271186440678
matern_kappa=2.0_nu=3.0_kernel_entropy,0.6732175925925925,0.58999124309113,0.5904618272139467,True,zh,0.4576271186440678
maternn_kappa=2.0_nu=3.0_kernel_entropy_s,0.4140277777777778,0.3883203318660354,0.38947454619639477,True,zh,0.4576271186440678
maternn_kappa=2.0_nu=3.0_kernel_entropy,0.4140277777777778,0.3883203318660354,0.38947454619639477,True,zh,0.4576271186440678
matern_kappa=3.0_nu=1.0_kernel_entropy_s,0.6784490740740741,0.5963711607157653,0.5968201179991766,True,zh,0.4576271186440678
matern_kappa=3.0_nu=1.0_kernel_entropy,0.6784490740740741,0.5963711607157653,0.5968201179991766,True,zh,0.4576271186440678
maternn_kappa=3.0_nu=1.0_kernel_entropy_s,0.5719907407407407,0.4881271421548755,0.48894302831476416,True,zh,0.4576271186440678
maternn_kappa=3.0_nu=1.0_kernel_entropy,0.5719907407407407,0.4881271421548755,0.48894302831476416,True,zh,0.4576271186440678
matern_kappa=3.0_nu=2.0_kernel_entropy_s,0.6520833333333332,0.5793986972981222,0.5799051883558304,True,zh,0.4576271186440678
matern_kappa=3.0_nu=2.0_kernel_entropy,0.6520833333333332,0.5793986972981222,0.5799051883558304,True,zh,0.4576271186440678
maternn_kappa=3.0_nu=2.0_kernel_entropy_s,0.6318287037037037,0.5684318761702486,0.5689755428927971,True,zh,0.4576271186440678
maternn_kappa=3.0_nu=2.0_kernel_entropy,0.6318287037037037,0.5684318761702486,0.5689755428927971,True,zh,0.4576271186440678
matern_kappa=3.0_nu=3.0_kernel_entropy_s,0.6377083333333333,0.5674444076939127,0.5679914217672284,True,zh,0.4576271186440678
matern_kappa=3.0_nu=3.0_kernel_entropy,0.6377083333333333,0.5674444076939127,0.5679914217672284,True,zh,0.4576271186440678
maternn_kappa=3.0_nu=3.0_kernel_entropy_s,0.6477546296296297,0.5779929049639125,0.5785041614193638,True,zh,0.4576271186440678
maternn_kappa=3.0_nu=3.0_kernel_entropy,0.6477546296296297,0.5779929049639125,0.5785041614193638,True,zh,0.4576271186440678
weighted_heat_t=0.1_kernel_entropy_s,0.7044907407407407,0.6070161543515962,0.6074290269108179,True,zh,0.4576271186440678
weighted_heat_t=0.1_kernel_entropy,0.7044907407407407,0.6070161543515962,0.6074290269108179,True,zh,0.4576271186440678
weighted_heatn_t=0.1_kernel_entropy_s,0.2979861111111111,0.32638291401656194,0.3260521704413262,True,zh,0.4576271186440678
weighted_heatn_t=0.1_kernel_entropy,0.2979861111111111,0.32638291401656194,0.3260521704413262,True,zh,0.4576271186440678
weighted_heat_t=0.2_kernel_entropy_s,0.7053703703703703,0.6077313817567634,0.6081418298163067,True,zh,0.4576271186440678
weighted_heat_t=0.2_kernel_entropy,0.7053703703703703,0.6077313817567634,0.6081418298163067,True,zh,0.4576271186440678
weighted_heatn_t=0.2_kernel_entropy_s,0.2984259259259259,0.3272505311928283,0.3269168465424188,True,zh,0.4576271186440678
weighted_heatn_t=0.2_kernel_entropy,0.2984259259259259,0.3272505311928283,0.3269168465424188,True,zh,0.4576271186440678
weighted_heat_t=0.3_kernel_entropy_s,0.7034259259259259,0.6056172075529739,0.6060348223047334,True,zh,0.4576271186440678
weighted_heat_t=0.3_kernel_entropy,0.7034259259259259,0.6056172075529739,0.6060348223047334,True,zh,0.4576271186440678
weighted_heatn_t=0.3_kernel_entropy_s,0.29842592592592593,0.3270714502614415,0.3267383726650367,True,zh,0.4576271186440678
weighted_heatn_t=0.3_kernel_entropy,0.29842592592592593,0.3270714502614415,0.3267383726650367,True,zh,0.4576271186440678
weighted_heat_t=0.4_kernel_entropy_s,0.6966666666666667,0.6018928045475784,0.6023230443942715,True,zh,0.4576271186440678
weighted_heat_t=0.4_kernel_entropy,0.6966666666666667,0.6018928045475784,0.6023230443942715,True,zh,0.4576271186440678
weighted_heatn_t=0.4_kernel_entropy_s,0.2992824074074074,0.3276864085327148,0.3273512463320006,True,zh,0.4576271186440678
weighted_heatn_t=0.4_kernel_entropy,0.2992824074074074,0.3276864085327148,0.3273512463320006,True,zh,0.4576271186440678
weighted_heat_t=0.5_kernel_entropy_s,0.6878703703703704,0.597397962690529,0.5978434392892797,True,zh,0.4576271186440678
weighted_heat_t=0.5_kernel_entropy,0.6878703703703704,0.597397962690529,0.5978434392892797,True,zh,0.4576271186440678
weighted_heatn_t=0.5_kernel_entropy_s,0.2997222222222222,0.32824438582008153,0.32790733217093554,True,zh,0.4576271186440678
weighted_heatn_t=0.5_kernel_entropy,0.2997222222222222,0.32824438582008153,0.32790733217093554,True,zh,0.4576271186440678
weighted_heat_t=0.6_kernel_entropy_s,0.6787037037037037,0.5943117294818856,0.5947676678881234,True,zh,0.4576271186440678
weighted_heat_t=0.6_kernel_entropy,0.6787037037037037,0.5943117294818856,0.5947676678881234,True,zh,0.4576271186440678
weighted_heatn_t=0.6_kernel_entropy_s,0.29988425925925927,0.32826736194328576,0.3279302304089764,True,zh,0.4576271186440678
weighted_heatn_t=0.6_kernel_entropy,0.29988425925925927,0.32826736194328576,0.3279302304089764,True,zh,0.4576271186440678
weighted_heat_t=0.7_kernel_entropy_s,0.6712499999999999,0.5914902395223263,0.5919557423013083,True,zh,0.4576271186440678
weighted_heat_t=0.7_kernel_entropy,0.6712499999999999,0.5914902395223263,0.5919557423013083,True,zh,0.4576271186440678
weighted_heatn_t=0.7_kernel_entropy_s,0.30081018518518515,0.32946214062996754,0.3291209589984152,True,zh,0.4576271186440678
weighted_heatn_t=0.7_kernel_entropy,0.30081018518518515,0.32946214062996754,0.3291209589984152,True,zh,0.4576271186440678
weighted_matern_kappa=1.0_nu=1.0_kernel_entropy_s,0.7039814814814815,0.6055270115655296,0.6059449320663991,True,zh,0.4576271186440678
weighted_matern_kappa=1.0_nu=1.0_kernel_entropy,0.7039814814814815,0.6055270115655296,0.6059449320663991,True,zh,0.4576271186440678
weighted_maternn_kappa=1.0_nu=1.0_kernel_entropy_s,0.3014583333333334,0.33133416911166524,0.330986641620853,True,zh,0.4576271186440678
weighted_maternn_kappa=1.0_nu=1.0_kernel_entropy,0.3014583333333334,0.33133416911166524,0.330986641620853,True,zh,0.4576271186440678
weighted_matern_kappa=1.0_nu=2.0_kernel_entropy_s,0.7030092592592593,0.6047470001801132,0.605167564787374,True,zh,0.4576271186440678
weighted_matern_kappa=1.0_nu=2.0_kernel_entropy,0.7030092592592593,0.6047470001801132,0.605167564787374,True,zh,0.4576271186440678
weighted_maternn_kappa=1.0_nu=2.0_kernel_entropy_s,0.3005092592592592,0.3298415003737042,0.32949903277691883,True,zh,0.4576271186440678
weighted_maternn_kappa=1.0_nu=2.0_kernel_entropy,0.3005092592592592,0.3298415003737042,0.32949903277691883,True,zh,0.4576271186440678
weighted_matern_kappa=1.0_nu=3.0_kernel_entropy_s,0.7009259259259258,0.6027613842170475,0.603188679725878,True,zh,0.4576271186440678
weighted_matern_kappa=1.0_nu=3.0_kernel_entropy,0.7009259259259258,0.6027613842170475,0.603188679725878,True,zh,0.4576271186440678
weighted_maternn_kappa=1.0_nu=3.0_kernel_entropy_s,0.3002083333333333,0.32835975982235793,0.3280223150748992,True,zh,0.4576271186440678
weighted_maternn_kappa=1.0_nu=3.0_kernel_entropy,0.3002083333333333,0.32835975982235793,0.3280223150748992,True,zh,0.4576271186440678
weighted_matern_kappa=2.0_nu=1.0_kernel_entropy_s,0.6968055555555557,0.6004637869263919,0.6008988709006144,True,zh,0.4576271186440678
weighted_matern_kappa=2.0_nu=1.0_kernel_entropy,0.6968055555555557,0.6004637869263919,0.6008988709006144,True,zh,0.4576271186440678
weighted_maternn_kappa=2.0_nu=1.0_kernel_entropy_s,0.33865740740740735,0.3506189263256181,0.35020602677645335,True,zh,0.4576271186440678
weighted_maternn_kappa=2.0_nu=1.0_kernel_entropy,0.33865740740740735,0.3506189263256181,0.35020602677645335,True,zh,0.4576271186440678
weighted_matern_kappa=2.0_nu=2.0_kernel_entropy_s,0.6825925925925926,0.5926229726088345,0.5930846356146421,True,zh,0.4576271186440678
weighted_matern_kappa=2.0_nu=2.0_kernel_entropy,0.6825925925925926,0.5926229726088345,0.5930846356146421,True,zh,0.4576271186440678
weighted_maternn_kappa=2.0_nu=2.0_kernel_entropy_s,0.38939814814814816,0.3700793417600259,0.369600474700914,True,zh,0.4576271186440678
weighted_maternn_kappa=2.0_nu=2.0_kernel_entropy,0.38939814814814816,0.3700793417600259,0.369600474700914,True,zh,0.4576271186440678
weighted_matern_kappa=2.0_nu=3.0_kernel_entropy_s,0.6678240740740741,0.5866613817026175,0.5871432534911579,True,zh,0.4576271186440678
weighted_matern_kappa=2.0_nu=3.0_kernel_entropy,0.6678240740740741,0.5866613817026175,0.5871432534911579,True,zh,0.4576271186440678
weighted_maternn_kappa=2.0_nu=3.0_kernel_entropy_s,0.42627314814814815,0.3860842679571993,0.3855511469109783,True,zh,0.4576271186440678
weighted_maternn_kappa=2.0_nu=3.0_kernel_entropy,0.42627314814814815,0.3860842679571993,0.3855511469109783,True,zh,0.4576271186440678
weighted_matern_kappa=3.0_nu=1.0_kernel_entropy_s,0.6894444444444445,0.5957178932224598,0.5961690649719498,True,zh,0.4576271186440678
weighted_matern_kappa=3.0_nu=1.0_kernel_entropy,0.6894444444444445,0.5957178932224598,0.5961690649719498,True,zh,0.4576271186440678
weighted_maternn_kappa=3.0_nu=1.0_kernel_entropy_s,0.6230092592592592,0.5313185519780568,0.5302931113249856,True,zh,0.4576271186440678
weighted_maternn_kappa=3.0_nu=1.0_kernel_entropy,0.6230092592592592,0.5313185519780568,0.5302931113249856,True,zh,0.4576271186440678
weighted_matern_kappa=3.0_nu=2.0_kernel_entropy_s,0.6661574074074074,0.5859620112207706,0.5864462537567071,True,zh,0.4576271186440678
weighted_matern_kappa=3.0_nu=2.0_kernel_entropy,0.6661574074074074,0.5859620112207706,0.5864462537567071,True,zh,0.4576271186440678
weighted_maternn_kappa=3.0_nu=2.0_kernel_entropy_s,0.6518287037037036,0.5726251533920165,0.5714596903612708,True,zh,0.4576271186440678
weighted_maternn_kappa=3.0_nu=2.0_kernel_entropy,0.6518287037037036,0.5726251533920165,0.5714596903612708,True,zh,0.4576271186440678
weighted_matern_kappa=3.0_nu=3.0_kernel_entropy_s,0.6533333333333333,0.5813081085973838,0.5818081270744166,True,zh,0.4576271186440678
weighted_matern_kappa=3.0_nu=3.0_kernel_entropy,0.6533333333333333,0.5813081085973838,0.5818081270744166,True,zh,0.4576271186440678
weighted_maternn_kappa=3.0_nu=3.0_kernel_entropy_s,0.6581018518518518,0.5878991629943753,0.58837683891413,True,zh,0.4576271186440678
weighted_maternn_kappa=3.0_nu=3.0_kernel_entropy,0.6581018518518518,0.5878991629943753,0.58837683891413,True,zh,0.4576271186440678
weighted_deberta_heat_t=0.1_kernel_entropy_s,0.700324074074074,0.6125305273865415,0.6129247071558142,True,zh,0.4576271186440678
weighted_deberta_heat_t=0.1_kernel_entropy,0.700324074074074,0.6125305273865415,0.6129247071558142,True,zh,0.4576271186440678
weighted_deberta_heatn_t=0.1_kernel_entropy_s,0.31560185185185186,0.3323905784926481,0.3320394699530867,True,zh,0.4576271186440678
weighted_deberta_heatn_t=0.1_kernel_entropy,0.31560185185185186,0.3323905784926481,0.3320394699530867,True,zh,0.4576271186440678
weighted_deberta_heat_t=0.2_kernel_entropy_s,0.6983796296296295,0.6105872266390204,0.6109879938684545,True,zh,0.4576271186440678
weighted_deberta_heat_t=0.2_kernel_entropy,0.6983796296296295,0.6105872266390204,0.6109879938684545,True,zh,0.4576271186440678
weighted_deberta_heatn_t=0.2_kernel_entropy_s,0.31620370370370376,0.3333380150518267,0.33298369486291207,True,zh,0.4576271186440678
weighted_deberta_heatn_t=0.2_kernel_entropy,0.31620370370370376,0.3333380150518267,0.33298369486291207,True,zh,0.4576271186440678
weighted_deberta_heat_t=0.3_kernel_entropy_s,0.694212962962963,0.6073560879026665,0.607767808144766,True,zh,0.4576271186440678
weighted_deberta_heat_t=0.3_kernel_entropy,0.694212962962963,0.6073560879026665,0.607767808144766,True,zh,0.4576271186440678
weighted_deberta_heatn_t=0.3_kernel_entropy_s,0.3161574074074074,0.33345401656273727,0.33309930314836195,True,zh,0.4576271186440678
weighted_deberta_heatn_t=0.3_kernel_entropy,0.3161574074074074,0.33345401656273727,0.33309930314836195,True,zh,0.4576271186440678
weighted_deberta_heat_t=0.4_kernel_entropy_s,0.6878703703703704,0.6020935207151602,0.6025230801680647,True,zh,0.4576271186440678
weighted_deberta_heat_t=0.4_kernel_entropy,0.6878703703703704,0.6020935207151602,0.6025230801680647,True,zh,0.4576271186440678
weighted_deberta_heatn_t=0.4_kernel_entropy_s,0.31569444444444444,0.3329629645551745,0.33260991572387566,True,zh,0.4576271186440678
weighted_deberta_heatn_t=0.4_kernel_entropy,0.31569444444444444,0.3329629645551745,0.33260991572387566,True,zh,0.4576271186440678
weighted_deberta_heat_t=0.5_kernel_entropy_s,0.6779166666666667,0.596022595336628,0.5964727341975956,True,zh,0.4576271186440678
weighted_deberta_heat_t=0.5_kernel_entropy,0.6779166666666667,0.596022595336628,0.5964727341975956,True,zh,0.4576271186440678
weighted_deberta_heatn_t=0.5_kernel_entropy_s,0.31560185185185186,0.332730896762672,0.33237863460185624,True,zh,0.4576271186440678
weighted_deberta_heatn_t=0.5_kernel_entropy,0.31560185185185186,0.332730896762672,0.33237863460185624,True,zh,0.4576271186440678
weighted_deberta_heat_t=0.6_kernel_entropy_s,0.66625,0.5875220373836263,0.5880009916952819,True,zh,0.4576271186440678
weighted_deberta_heat_t=0.6_kernel_entropy,0.66625,0.5875220373836263,0.5880009916952819,True,zh,0.4576271186440678
weighted_deberta_heatn_t=0.6_kernel_entropy_s,0.3151851851851852,0.3333847544263921,0.33303027579891964,True,zh,0.4576271186440678
weighted_deberta_heatn_t=0.6_kernel_entropy,0.3151851851851852,0.3333847544263921,0.33303027579891964,True,zh,0.4576271186440678
weighted_deberta_heat_t=0.7_kernel_entropy_s,0.6542129629629629,0.5808161474717661,0.5813178336136313,True,zh,0.4576271186440678
weighted_deberta_heat_t=0.7_kernel_entropy,0.6542129629629629,0.5808161474717661,0.5813178336136313,True,zh,0.4576271186440678
weighted_deberta_heatn_t=0.7_kernel_entropy_s,0.3146759259259259,0.33259340151966404,0.33224160544441783,True,zh,0.4576271186440678
weighted_deberta_heatn_t=0.7_kernel_entropy,0.3146759259259259,0.33259340151966404,0.33224160544441783,True,zh,0.4576271186440678
weighted_deberta_matern_kappa=1.0_nu=1.0_kernel_entropy_s,0.6891666666666666,0.6061616973764402,0.6065774663999846,True,zh,0.4576271186440678
weighted_deberta_matern_kappa=1.0_nu=1.0_kernel_entropy,0.6891666666666666,0.6061616973764402,0.6065774663999846,True,zh,0.4576271186440678
weighted_deberta_maternn_kappa=1.0_nu=1.0_kernel_entropy_s,0.31550925925925927,0.33365554881477066,0.33330015224021897,True,zh,0.4576271186440678
weighted_deberta_maternn_kappa=1.0_nu=1.0_kernel_entropy,0.31550925925925927,0.33365554881477066,0.33330015224021897,True,zh,0.4576271186440678
weighted_deberta_matern_kappa=1.0_nu=2.0_kernel_entropy_s,0.6890740740740741,0.6049113690038347,0.6053313764286421,True,zh,0.4576271186440678
weighted_deberta_matern_kappa=1.0_nu=2.0_kernel_entropy,0.6890740740740741,0.6049113690038347,0.6053313764286421,True,zh,0.4576271186440678
weighted_deberta_maternn_kappa=1.0_nu=2.0_kernel_entropy_s,0.3161574074074074,0.334127956421274,0.33377095846500543,True,zh,0.4576271186440678
weighted_deberta_maternn_kappa=1.0_nu=2.0_kernel_entropy,0.3161574074074074,0.334127956421274,0.33377095846500543,True,zh,0.4576271186440678
weighted_deberta_matern_kappa=1.0_nu=3.0_kernel_entropy_s,0.6879166666666666,0.6043132776561024,0.6047353125092073,True,zh,0.4576271186440678
weighted_deberta_matern_kappa=1.0_nu=3.0_kernel_entropy,0.6879166666666666,0.6043132776561024,0.6047353125092073,True,zh,0.4576271186440678
weighted_deberta_maternn_kappa=1.0_nu=3.0_kernel_entropy_s,0.31578703703703703,0.3335598927141794,0.33320482039759586,True,zh,0.4576271186440678
weighted_deberta_maternn_kappa=1.0_nu=3.0_kernel_entropy,0.31578703703703703,0.3335598927141794,0.33320482039759586,True,zh,0.4576271186440678
weighted_deberta_matern_kappa=2.0_nu=1.0_kernel_entropy_s,0.6761111111111111,0.5960133492579716,0.5964635194615786,True,zh,0.4576271186440678
weighted_deberta_matern_kappa=2.0_nu=1.0_kernel_entropy,0.6761111111111111,0.5960133492579716,0.5964635194615786,True,zh,0.4576271186440678
weighted_deberta_maternn_kappa=2.0_nu=1.0_kernel_entropy_s,0.3608796296296296,0.36016901077080443,0.359723738054029,True,zh,0.4576271186440678
weighted_deberta_maternn_kappa=2.0_nu=1.0_kernel_entropy,0.3608796296296296,0.36016901077080443,0.359723738054029,True,zh,0.4576271186440678
weighted_deberta_matern_kappa=2.0_nu=2.0_kernel_entropy_s,0.6603703703703704,0.5856474897633186,0.5861327984736869,True,zh,0.4576271186440678
weighted_deberta_matern_kappa=2.0_nu=2.0_kernel_entropy,0.6603703703703704,0.5856474897633186,0.5861327984736869,True,zh,0.4576271186440678
weighted_deberta_maternn_kappa=2.0_nu=2.0_kernel_entropy_s,0.3875925925925926,0.37692177440062286,0.3764197126545937,True,zh,0.4576271186440678
weighted_deberta_maternn_kappa=2.0_nu=2.0_kernel_entropy,0.3875925925925926,0.37692177440062286,0.3764197126545937,True,zh,0.4576271186440678
weighted_deberta_matern_kappa=2.0_nu=3.0_kernel_entropy_s,0.6439814814814815,0.573336964477255,0.5738640037818136,True,zh,0.4576271186440678
weighted_deberta_matern_kappa=2.0_nu=3.0_kernel_entropy,0.6439814814814815,0.573336964477255,0.5738640037818136,True,zh,0.4576271186440678
weighted_deberta_maternn_kappa=2.0_nu=3.0_kernel_entropy_s,0.4058333333333333,0.3902141359322784,0.3896670153335995,True,zh,0.4576271186440678
weighted_deberta_maternn_kappa=2.0_nu=3.0_kernel_entropy,0.4058333333333333,0.3902141359322784,0.3896670153335995,True,zh,0.4576271186440678
weighted_deberta_matern_kappa=3.0_nu=1.0_kernel_entropy_s,0.6674074074074074,0.5906984290713877,0.5911666159535932,True,zh,0.4576271186440678
weighted_deberta_matern_kappa=3.0_nu=1.0_kernel_entropy,0.6674074074074074,0.5906984290713877,0.5911666159535932,True,zh,0.4576271186440678
weighted_deberta_maternn_kappa=3.0_nu=1.0_kernel_entropy_s,0.5256481481481482,0.5128374103084966,0.5135695328475255,True,zh,0.4576271186440678
weighted_deberta_maternn_kappa=3.0_nu=1.0_kernel_entropy,0.5256481481481482,0.5128374103084966,0.5135695328475255,True,zh,0.4576271186440678
weighted_deberta_matern_kappa=3.0_nu=2.0_kernel_entropy_s,0.6405555555555555,0.5731747392677333,0.5737023284882565,True,zh,0.4576271186440678
weighted_deberta_matern_kappa=3.0_nu=2.0_kernel_entropy,0.6405555555555555,0.5731747392677333,0.5737023284882565,True,zh,0.4576271186440678
weighted_deberta_maternn_kappa=3.0_nu=2.0_kernel_entropy_s,0.5518981481481482,0.5274099687234929,0.5280926927594201,True,zh,0.4576271186440678
weighted_deberta_maternn_kappa=3.0_nu=2.0_kernel_entropy,0.5518981481481482,0.5274099687234929,0.5280926927594201,True,zh,0.4576271186440678
weighted_deberta_matern_kappa=3.0_nu=3.0_kernel_entropy_s,0.6211111111111112,0.562152698125922,0.5627176501977731,True,zh,0.4576271186440678
weighted_deberta_matern_kappa=3.0_nu=3.0_kernel_entropy,0.6211111111111112,0.562152698125922,0.5627176501977731,True,zh,0.4576271186440678
weighted_deberta_maternn_kappa=3.0_nu=3.0_kernel_entropy_s,0.5602314814814815,0.53061870224007,0.5312905492132293,True,zh,0.4576271186440678
weighted_deberta_maternn_kappa=3.0_nu=3.0_kernel_entropy,0.5602314814814815,0.53061870224007,0.5312905492132293,True,zh,0.4576271186440678
semantic_kernel_heat_t=0.1_alpha_0.0,0.6636805555555556,0.575706109304545,0.576225117609689,False,zh,0.4576271186440678
semantic_kernel_heat_t=0.1_alpha_0.1,0.6618287037037037,0.574663801956518,0.5751863435069097,False,zh,0.4576271186440678
semantic_kernel_heat_t=0.1_alpha_0.2,0.6578935185185185,0.5732631081905182,0.5737903978553708,False,zh,0.4576271186440678
semantic_kernel_heat_t=0.1_alpha_0.3,0.655162037037037,0.5712540309355778,0.5717881310318029,False,zh,0.4576271186440678
semantic_kernel_heat_t=0.1_alpha_0.4,0.6556018518518519,0.5768622718877017,0.5773773609976485,False,zh,0.4576271186440678
semantic_kernel_heat_t=0.1_alpha_0.5,0.6542824074074074,0.5732003919992088,0.5737278942613201,False,zh,0.4576271186440678
semantic_kernel_heat_t=0.1_alpha_0.6,0.6478472222222222,0.5705640180395568,0.5711004571625481,False,zh,0.4576271186440678
semantic_kernel_heat_t=0.1_alpha_0.7,0.6416203703703705,0.566800442248782,0.56734963925581,False,zh,0.4576271186440678
semantic_kernel_heat_t=0.1_alpha_0.8,0.6383101851851851,0.5611891756838348,0.5617573939334559,False,zh,0.4576271186440678
semantic_kernel_heat_t=0.1_alpha_0.9,0.6368055555555555,0.5631421517889047,0.5637037497805424,False,zh,0.4576271186440678
semantic_kernel_heat_t=0.1_alpha_1.0,0.637361111111111,0.5616639071434217,0.5622305161338578,False,zh,0.4576271186440678
semantic_kernel_heatn_t=0.1_alpha_0.0,0.6636805555555556,0.575706109304545,0.576225117609689,False,zh,0.4576271186440678
semantic_kernel_heatn_t=0.1_alpha_0.1,0.6618287037037038,0.5746368067282848,0.5751594397879246,False,zh,0.4576271186440678
semantic_kernel_heatn_t=0.1_alpha_0.2,0.6570138888888889,0.572298950293756,0.5728295082904621,False,zh,0.4576271186440678
semantic_kernel_heatn_t=0.1_alpha_0.3,0.6535879629629631,0.5698307525630772,0.5703696773317517,False,zh,0.4576271186440678
semantic_kernel_heatn_t=0.1_alpha_0.4,0.6527777777777778,0.5737212770394241,0.5742470135895347,False,zh,0.4576271186440678
semantic_kernel_heatn_t=0.1_alpha_0.5,0.6506712962962964,0.5686121055830166,0.569155161358403,False,zh,0.4576271186440678
semantic_kernel_heatn_t=0.1_alpha_0.6,0.6505787037037037,0.5711399909944452,0.5716744776667422,False,zh,0.4576271186440678
semantic_kernel_heatn_t=0.1_alpha_0.7,0.6510185185185186,0.5725293227196028,0.5730590997928314,False,zh,0.4576271186440678
semantic_kernel_heatn_t=0.1_alpha_0.8,0.6509027777777778,0.5715065522756176,0.5720397963673003,False,zh,0.4576271186440678
semantic_kernel_heatn_t=0.1_alpha_0.9,0.6513888888888888,0.5730783401709247,0.573606256168047,False,zh,0.4576271186440678
semantic_kernel_heatn_t=0.1_alpha_1.0,0.6195601851851852,0.5510451221745054,0.5516477270461919,False,zh,0.4576271186440678
semantic_kernel_heat_t=0.2_alpha_0.0,0.6636805555555556,0.575706109304545,0.576225117609689,False,zh,0.4576271186440678
semantic_kernel_heat_t=0.2_alpha_0.1,0.6622453703703705,0.5748828537295656,0.5754046527315739,False,zh,0.4576271186440678
semantic_kernel_heat_t=0.2_alpha_0.2,0.6597916666666667,0.5745726187853553,0.5750954694312423,False,zh,0.4576271186440678
semantic_kernel_heat_t=0.2_alpha_0.3,0.6564583333333334,0.5720582675152144,0.5725896413857459,False,zh,0.4576271186440678
semantic_kernel_heat_t=0.2_alpha_0.4,0.6553703703703703,0.5750625988587321,0.5755837885552181,False,zh,0.4576271186440678
semantic_kernel_heat_t=0.2_alpha_0.5,0.6507638888888889,0.5684004665039462,0.5689442396999397,False,zh,0.4576271186440678
semantic_kernel_heat_t=0.2_alpha_0.6,0.6438194444444445,0.5667381624145311,0.5672875705396413,False,zh,0.4576271186440678
semantic_kernel_heat_t=0.2_alpha_0.7,0.6412962962962963,0.566634102509177,0.567183863379729,False,zh,0.4576271186440678
semantic_kernel_heat_t=0.2_alpha_0.8,0.6374768518518519,0.5589747295701909,0.5595504544168072,False,zh,0.4576271186440678
semantic_kernel_heat_t=0.2_alpha_0.9,0.6349074074074074,0.5601933994829219,0.5607649932450884,False,zh,0.4576271186440678
semantic_kernel_heat_t=0.2_alpha_1.0,0.6338425925925926,0.5576160434842095,0.5581963740463716,False,zh,0.4576271186440678
semantic_kernel_heatn_t=0.2_alpha_0.0,0.6636805555555556,0.575706109304545,0.576225117609689,False,zh,0.4576271186440678
semantic_kernel_heatn_t=0.2_alpha_0.1,0.6617824074074075,0.5745836604697814,0.5751064736862297,False,zh,0.4576271186440678
semantic_kernel_heatn_t=0.2_alpha_0.2,0.6570601851851853,0.5723482453741069,0.5728786362688457,False,zh,0.4576271186440678
semantic_kernel_heatn_t=0.2_alpha_0.3,0.6536805555555556,0.5699946348377632,0.5705330040733031,False,zh,0.4576271186440678
semantic_kernel_heatn_t=0.2_alpha_0.4,0.6530092592592593,0.5739716095254926,0.5744964974909047,False,zh,0.4576271186440678
semantic_kernel_heatn_t=0.2_alpha_0.5,0.6504861111111111,0.5684912260881764,0.5690346916245623,False,zh,0.4576271186440678
semantic_kernel_heatn_t=0.2_alpha_0.6,0.6505324074074075,0.5710460823499054,0.5715808873565906,False,zh,0.4576271186440678
semantic_kernel_heatn_t=0.2_alpha_0.7,0.6512037037037037,0.5730386662403415,0.5735667167253641,False,zh,0.4576271186440678
semantic_kernel_heatn_t=0.2_alpha_0.8,0.6508101851851852,0.5716073403890812,0.5721402428261421,False,zh,0.4576271186440678
semantic_kernel_heatn_t=0.2_alpha_0.9,0.6489351851851852,0.5725919593931862,0.5731215241387076,False,zh,0.4576271186440678
semantic_kernel_heatn_t=0.2_alpha_1.0,0.6194675925925927,0.550995343160249,0.5515981167743568,False,zh,0.4576271186440678
semantic_kernel_heat_t=0.3_alpha_0.0,0.6636805555555556,0.575706109304545,0.576225117609689,False,zh,0.4576271186440678
semantic_kernel_heat_t=0.3_alpha_0.1,0.6624305555555556,0.5748926407844971,0.5754144066100481,False,zh,0.4576271186440678
semantic_kernel_heat_t=0.3_alpha_0.2,0.6606712962962963,0.5751292326978262,0.5756501965168914,False,zh,0.4576271186440678
semantic_kernel_heat_t=0.3_alpha_0.3,0.6570601851851853,0.5716292401718182,0.5721620683723274,False,zh,0.4576271186440678
semantic_kernel_heat_t=0.3_alpha_0.4,0.6565740740740741,0.5755418215239552,0.57606138673683,False,zh,0.4576271186440678
semantic_kernel_heat_t=0.3_alpha_0.5,0.6505324074074075,0.5673821310370094,0.5679293562176366,False,zh,0.4576271186440678
semantic_kernel_heat_t=0.3_alpha_0.6,0.6462731481481483,0.5659618334830462,0.5665138732316529,False,zh,0.4576271186440678
semantic_kernel_heat_t=0.3_alpha_0.7,0.6437499999999999,0.5686739027374942,0.5692167490310011,False,zh,0.4576271186440678
semantic_kernel_heat_t=0.3_alpha_0.8,0.6383101851851852,0.5606530436557887,0.5612230793021149,False,zh,0.4576271186440678
semantic_kernel_heat_t=0.3_alpha_0.9,0.632962962962963,0.5585621273645756,0.5591392508627365,False,zh,0.4576271186440678
semantic_kernel_heat_t=0.3_alpha_1.0,0.6281944444444445,0.5546598241946046,0.5552501758391045,False,zh,0.4576271186440678
semantic_kernel_heatn_t=0.3_alpha_0.0,0.6636805555555556,0.575706109304545,0.576225117609689,False,zh,0.4576271186440678
semantic_kernel_heatn_t=0.3_alpha_0.1,0.6617824074074075,0.5745836604697814,0.5751064736862297,False,zh,0.4576271186440678
semantic_kernel_heatn_t=0.3_alpha_0.2,0.6570601851851853,0.5723482453741069,0.5728786362688457,False,zh,0.4576271186440678
semantic_kernel_heatn_t=0.3_alpha_0.3,0.653726851851852,0.570041875956433,0.5705800850525875,False,zh,0.4576271186440678
semantic_kernel_heatn_t=0.3_alpha_0.4,0.6529166666666667,0.5738823712783596,0.5744075617463043,False,zh,0.4576271186440678
semantic_kernel_heatn_t=0.3_alpha_0.5,0.6503472222222223,0.568423303713657,0.5689669994953804,False,zh,0.4576271186440678
semantic_kernel_heatn_t=0.3_alpha_0.6,0.6507175925925927,0.5715791729410669,0.5721121708610024,False,zh,0.4576271186440678
semantic_kernel_heatn_t=0.3_alpha_0.7,0.6512962962962962,0.5732323737672762,0.5737597676166143,False,zh,0.4576271186440678
semantic_kernel_heatn_t=0.3_alpha_0.8,0.6504861111111111,0.5715012225437223,0.5720344847022928,False,zh,0.4576271186440678
semantic_kernel_heatn_t=0.3_alpha_0.9,0.6427777777777778,0.5676826923081197,0.5682288986369806,False,zh,0.4576271186440678
semantic_kernel_heatn_t=0.3_alpha_1.0,0.6199768518518519,0.551246830612295,0.5518487517265652,False,zh,0.4576271186440678
semantic_kernel_heat_t=0.4_alpha_0.0,0.6636805555555556,0.575706109304545,0.576225117609689,False,zh,0.4576271186440678
semantic_kernel_heat_t=0.4_alpha_0.1,0.6628935185185186,0.5750923169580702,0.5756134059152361,False,zh,0.4576271186440678
semantic_kernel_heat_t=0.4_alpha_0.2,0.661550925925926,0.5753682414642218,0.5758883950840789,False,zh,0.4576271186440678
semantic_kernel_heat_t=0.4_alpha_0.3,0.6587268518518519,0.5724123980780926,0.5729425715060382,False,zh,0.4576271186440678
semantic_kernel_heat_t=0.4_alpha_0.4,0.6581018518518519,0.5766894838807423,0.5772051587127467,False,zh,0.4576271186440678
semantic_kernel_heat_t=0.4_alpha_0.5,0.6531250000000002,0.5684990517501107,0.5690424907588292,False,zh,0.4576271186440678
semantic_kernel_heat_t=0.4_alpha_0.6,0.6481712962962963,0.5648668066248868,0.565422558328945,False,zh,0.4576271186440678
semantic_kernel_heat_t=0.4_alpha_0.7,0.6455092592592592,0.5673823462307009,0.567929570681858,False,zh,0.4576271186440678
semantic_kernel_heat_t=0.4_alpha_0.8,0.6381712962962962,0.5588917379932863,0.559467744167282,False,zh,0.4576271186440678
semantic_kernel_heat_t=0.4_alpha_0.9,0.6305092592592593,0.557021979286215,0.5576043236253193,False,zh,0.4576271186440678
semantic_kernel_heat_t=0.4_alpha_1.0,0.6210648148148148,0.549850362354602,0.5504570172595763,False,zh,0.4576271186440678
semantic_kernel_heatn_t=0.4_alpha_0.0,0.6636805555555556,0.575706109304545,0.576225117609689,False,zh,0.4576271186440678
semantic_kernel_heatn_t=0.4_alpha_0.1,0.6618287037037036,0.5746385211237204,0.5751611483718503,False,zh,0.4576271186440678
semantic_kernel_heatn_t=0.4_alpha_0.2,0.6571527777777778,0.5725114980004138,0.5730413354964192,False,zh,0.4576271186440678
semantic_kernel_heatn_t=0.4_alpha_0.3,0.653726851851852,0.570041875956433,0.5705800850525875,False,zh,0.4576271186440678
semantic_kernel_heatn_t=0.4_alpha_0.4,0.6529629629629631,0.5738802297717094,0.5744054274989986,False,zh,0.4576271186440678
semantic_kernel_heatn_t=0.4_alpha_0.5,0.6505787037037039,0.5688292766673638,0.5693715962695831,False,zh,0.4576271186440678
semantic_kernel_heatn_t=0.4_alpha_0.6,0.6507175925925928,0.5716721835341937,0.5722048661639829,False,zh,0.4576271186440678
semantic_kernel_heatn_t=0.4_alpha_0.7,0.6510185185185184,0.5729640778613059,0.5734923811882915,False,zh,0.4576271186440678
semantic_kernel_heatn_t=0.4_alpha_0.8,0.649050925925926,0.5710899010445869,0.571624557513324,False,zh,0.4576271186440678
semantic_kernel_heatn_t=0.4_alpha_0.9,0.6367592592592592,0.5634245494896387,0.563985190200935,False,zh,0.4576271186440678
semantic_kernel_heatn_t=0.4_alpha_1.0,0.619837962962963,0.5511646045405851,0.5517668043873019,False,zh,0.4576271186440678
semantic_kernel_heat_t=0.5_alpha_0.0,0.6636805555555556,0.575706109304545,0.576225117609689,False,zh,0.4576271186440678
semantic_kernel_heat_t=0.5_alpha_0.1,0.6628472222222223,0.5750354972028382,0.5755567787693441,False,zh,0.4576271186440678
semantic_kernel_heat_t=0.5_alpha_0.2,0.6620601851851852,0.575289886174568,0.5758103054055764,False,zh,0.4576271186440678
semantic_kernel_heat_t=0.5_alpha_0.3,0.659513888888889,0.572908369753276,0.5734368619213057,False,zh,0.4576271186440678
semantic_kernel_heat_t=0.5_alpha_0.4,0.6581944444444444,0.5765126598503942,0.5770289340858913,False,zh,0.4576271186440678
semantic_kernel_heat_t=0.5_alpha_0.5,0.6548842592592594,0.5677923011887156,0.5683381359620489,False,zh,0.4576271186440678
semantic_kernel_heat_t=0.5_alpha_0.6,0.6505787037037036,0.5681510857432899,0.5686957042977941,False,zh,0.4576271186440678
semantic_kernel_heat_t=0.5_alpha_0.7,0.6454629629629629,0.5670491241301455,0.5675974781477452,False,zh,0.4576271186440678
semantic_kernel_heat_t=0.5_alpha_0.8,0.638449074074074,0.5600686747058634,0.5606406912638843,False,zh,0.4576271186440678
semantic_kernel_heat_t=0.5_alpha_0.9,0.6281944444444444,0.5563005842762057,0.5568853740221238,False,zh,0.4576271186440678
semantic_kernel_heat_t=0.5_alpha_1.0,0.6119907407407408,0.5462696651328538,0.5468884579945119,False,zh,0.4576271186440678
semantic_kernel_heatn_t=0.5_alpha_0.0,0.6636805555555556,0.575706109304545,0.576225117609689,False,zh,0.4576271186440678
semantic_kernel_heatn_t=0.5_alpha_0.1,0.6617824074074073,0.5746248059602357,0.5751474797004452,False,zh,0.4576271186440678
semantic_kernel_heatn_t=0.5_alpha_0.2,0.6571990740740741,0.5725578000130079,0.5730874805530385,False,zh,0.4576271186440678
semantic_kernel_heatn_t=0.5_alpha_0.3,0.6535879629629631,0.5699261956552344,0.5704647968880032,False,zh,0.4576271186440678
semantic_kernel_heatn_t=0.5_alpha_0.4,0.6530555555555555,0.5739957417168587,0.5745205478782323,False,zh,0.4576271186440678
semantic_kernel_heatn_t=0.5_alpha_0.5,0.6504398148148148,0.5687888255534903,0.5693312822781295,False,zh,0.4576271186440678
semantic_kernel_heatn_t=0.5_alpha_0.6,0.650625,0.5715440669828551,0.5720771839060387,False,zh,0.4576271186440678
semantic_kernel_heatn_t=0.5_alpha_0.7,0.6506018518518518,0.5727727321620201,0.5733016841184946,False,zh,0.4576271186440678
semantic_kernel_heatn_t=0.5_alpha_0.8,0.647800925925926,0.5708361250727733,0.5713716417990419,False,zh,0.4576271186440678
semantic_kernel_heatn_t=0.5_alpha_0.9,0.6323148148148148,0.5588384896059908,0.5594146762829945,False,zh,0.4576271186440678
semantic_kernel_heatn_t=0.5_alpha_1.0,0.6200231481481481,0.5512276250553179,0.5518296112731711,False,zh,0.4576271186440678
semantic_kernel_heat_t=0.6_alpha_0.0,0.6636805555555556,0.575706109304545,0.576225117609689,False,zh,0.4576271186440678
semantic_kernel_heat_t=0.6_alpha_0.1,0.6629398148148148,0.5750920278654866,0.5756131178026275,False,zh,0.4576271186440678
semantic_kernel_heat_t=0.6_alpha_0.2,0.6618750000000001,0.5733898192529663,0.5739166793887935,False,zh,0.4576271186440678
semantic_kernel_heat_t=0.6_alpha_0.3,0.659513888888889,0.5724443633247231,0.5729744283959005,False,zh,0.4576271186440678
semantic_kernel_heat_t=0.6_alpha_0.4,0.6594444444444444,0.5749342161637602,0.5754558410558221,False,zh,0.4576271186440678
semantic_kernel_heat_t=0.6_alpha_0.5,0.6559953703703704,0.5684919388409813,0.5690354019612561,False,zh,0.4576271186440678
semantic_kernel_heat_t=0.6_alpha_0.6,0.6512731481481482,0.5683463962896358,0.5688903527744913,False,zh,0.4576271186440678
semantic_kernel_heat_t=0.6_alpha_0.7,0.6458333333333334,0.5684466832363583,0.5689902997654622,False,zh,0.4576271186440678
semantic_kernel_heat_t=0.6_alpha_0.8,0.6369675925925926,0.5577642575468535,0.5583440856884644,False,zh,0.4576271186440678
semantic_kernel_heat_t=0.6_alpha_0.9,0.6249074074074074,0.555831900643026,0.5564182791470227,False,zh,0.4576271186440678
semantic_kernel_heat_t=0.6_alpha_1.0,0.6089814814814815,0.5466357517136575,0.5472533036038554,False,zh,0.4576271186440678
semantic_kernel_heatn_t=0.6_alpha_0.0,0.6636805555555556,0.575706109304545,0.576225117609689,False,zh,0.4576271186440678
semantic_kernel_heatn_t=0.6_alpha_0.1,0.6617361111111112,0.5745699453062967,0.5750928050148246,False,zh,0.4576271186440678
semantic_kernel_heatn_t=0.6_alpha_0.2,0.6571990740740741,0.5725684642028305,0.5730981085930651,False,zh,0.4576271186440678
semantic_kernel_heatn_t=0.6_alpha_0.3,0.6534027777777778,0.5698382551812771,0.5703771545173475,False,zh,0.4576271186440678
semantic_kernel_heatn_t=0.6_alpha_0.4,0.6531018518518519,0.5742518910874669,0.5747758289458891,False,zh,0.4576271186440678
semantic_kernel_heatn_t=0.6_alpha_0.5,0.6503935185185185,0.5690187151817727,0.5695603926195364,False,zh,0.4576271186440678
semantic_kernel_heatn_t=0.6_alpha_0.6,0.650625,0.5715362411879413,0.5720693846392434,False,zh,0.4576271186440678
semantic_kernel_heatn_t=0.6_alpha_0.7,0.6492592592592593,0.572072513325552,0.572603838905201,False,zh,0.4576271186440678
semantic_kernel_heatn_t=0.6_alpha_0.8,0.6445601851851852,0.5677678630588243,0.5683137806732759,False,zh,0.4576271186440678
semantic_kernel_heatn_t=0.6_alpha_0.9,0.6285648148148147,0.5581823760815412,0.5587607868721869,False,zh,0.4576271186440678
semantic_kernel_heatn_t=0.6_alpha_1.0,0.6203472222222223,0.5513288927489312,0.5519305356864672,False,zh,0.4576271186440678
semantic_kernel_heat_t=0.7_alpha_0.0,0.6636805555555556,0.575706109304545,0.576225117609689,False,zh,0.4576271186440678
semantic_kernel_heat_t=0.7_alpha_0.1,0.6629398148148148,0.5749939306694896,0.5755153531394981,False,zh,0.4576271186440678
semantic_kernel_heat_t=0.7_alpha_0.2,0.6615972222222222,0.5733586500289845,0.5738856158231983,False,zh,0.4576271186440678
semantic_kernel_heat_t=0.7_alpha_0.3,0.6598379629629629,0.5724745980625858,0.5730045606431262,False,zh,0.4576271186440678
semantic_kernel_heat_t=0.7_alpha_0.4,0.6589351851851853,0.5745954252768547,0.575118198612601,False,zh,0.4576271186440678
semantic_kernel_heat_t=0.7_alpha_0.5,0.6565046296296297,0.5687028985099075,0.5692456465126605,False,zh,0.4576271186440678
semantic_kernel_heat_t=0.7_alpha_0.6,0.6534027777777778,0.5695691308289106,0.5701089424509211,False,zh,0.4576271186440678
semantic_kernel_heat_t=0.7_alpha_0.7,0.6471759259259259,0.5694260181368762,0.5699663148866564,False,zh,0.4576271186440678
semantic_kernel_heat_t=0.7_alpha_0.8,0.6383101851851852,0.5609260978289324,0.5614952078678921,False,zh,0.4576271186440678
semantic_kernel_heat_t=0.7_alpha_0.9,0.625,0.5569703066678033,0.5575528261683262,False,zh,0.4576271186440678
semantic_kernel_heat_t=0.7_alpha_1.0,0.6031944444444444,0.5434700556283689,0.5440983386917373,False,zh,0.4576271186440678
semantic_kernel_heatn_t=0.7_alpha_0.0,0.6636805555555556,0.575706109304545,0.576225117609689,False,zh,0.4576271186440678
semantic_kernel_heatn_t=0.7_alpha_0.1,0.6617361111111112,0.5745699453062967,0.5750928050148246,False,zh,0.4576271186440678
semantic_kernel_heatn_t=0.7_alpha_0.2,0.6572453703703703,0.5725914463686698,0.5731210128532574,False,zh,0.4576271186440678
semantic_kernel_heatn_t=0.7_alpha_0.3,0.6533101851851852,0.5697641518260701,0.5703033023599547,False,zh,0.4576271186440678
semantic_kernel_heatn_t=0.7_alpha_0.4,0.653425925925926,0.5746077723252911,0.575130503806636,False,zh,0.4576271186440678
semantic_kernel_heatn_t=0.7_alpha_0.5,0.6503935185185186,0.5690631793213036,0.5696047060331705,False,zh,0.4576271186440678
semantic_kernel_heatn_t=0.7_alpha_0.6,0.650162037037037,0.5712501042042988,0.5717842176114775,False,zh,0.4576271186440678
semantic_kernel_heatn_t=0.7_alpha_0.7,0.6483796296296297,0.5720114011285471,0.572542933868186,False,zh,0.4576271186440678
semantic_kernel_heatn_t=0.7_alpha_0.8,0.6412731481481482,0.5656720915914666,0.5662251135159769,False,zh,0.4576271186440678
semantic_kernel_heatn_t=0.7_alpha_0.9,0.6265740740740741,0.5571085213771039,0.5576905723531884,False,zh,0.4576271186440678
semantic_kernel_heatn_t=0.7_alpha_1.0,0.6205787037037038,0.5515173323849222,0.5521183365440311,False,zh,0.4576271186440678
semantic_kernel_matern_kappa=1.0_nu=1.0_alpha_0.0,0.6636805555555556,0.575706109304545,0.576225117609689,False,zh,0.4576271186440678
semantic_kernel_matern_kappa=1.0_nu=1.0_alpha_0.1,0.6618287037037037,0.574592643445433,0.5751154262111164,False,zh,0.4576271186440678
semantic_kernel_matern_kappa=1.0_nu=1.0_alpha_0.2,0.6592824074074073,0.5740887501631143,0.5746132410416191,False,zh,0.4576271186440678
semantic_kernel_matern_kappa=1.0_nu=1.0_alpha_0.3,0.6558101851851852,0.5715267295648733,0.5720599052589654,False,zh,0.4576271186440678
semantic_kernel_matern_kappa=1.0_nu=1.0_alpha_0.4,0.655277777777778,0.5753637700374099,0.575883938814646,False,zh,0.4576271186440678
semantic_kernel_matern_kappa=1.0_nu=1.0_alpha_0.5,0.6534953703703705,0.5706601913355593,0.5711963044473779,False,zh,0.4576271186440678
semantic_kernel_matern_kappa=1.0_nu=1.0_alpha_0.6,0.6474768518518519,0.56976071389951,0.570299876087383,False,zh,0.4576271186440678
semantic_kernel_matern_kappa=1.0_nu=1.0_alpha_0.7,0.6420833333333333,0.5678900706276504,0.5684355739791568,False,zh,0.4576271186440678
semantic_kernel_matern_kappa=1.0_nu=1.0_alpha_0.8,0.6377546296296297,0.5609038215129742,0.5614730070648692,False,zh,0.4576271186440678
semantic_kernel_matern_kappa=1.0_nu=1.0_alpha_0.9,0.6365740740740741,0.561977480613228,0.5625430266427495,False,zh,0.4576271186440678
semantic_kernel_matern_kappa=1.0_nu=1.0_alpha_1.0,0.6361111111111111,0.561557684755696,0.5621246538220225,False,zh,0.4576271186440678
semantic_kernel_maternn_kappa=1.0_nu=1.0_alpha_0.0,0.6636805555555556,0.575706109304545,0.576225117609689,False,zh,0.4576271186440678
semantic_kernel_maternn_kappa=1.0_nu=1.0_alpha_0.1,0.6617824074074075,0.5745836604697814,0.5751064736862297,False,zh,0.4576271186440678
semantic_kernel_maternn_kappa=1.0_nu=1.0_alpha_0.2,0.6571064814814817,0.5724655336687352,0.5729955269760344,False,zh,0.4576271186440678
semantic_kernel_maternn_kappa=1.0_nu=1.0_alpha_0.3,0.653726851851852,0.570041875956433,0.5705800850525875,False,zh,0.4576271186440678
semantic_kernel_maternn_kappa=1.0_nu=1.0_alpha_0.4,0.6529629629629631,0.5738802297717094,0.5744054274989986,False,zh,0.4576271186440678
semantic_kernel_maternn_kappa=1.0_nu=1.0_alpha_0.5,0.6505324074074075,0.5688043337215025,0.5693467378760806,False,zh,0.4576271186440678
semantic_kernel_maternn_kappa=1.0_nu=1.0_alpha_0.6,0.6505324074074074,0.5715916157332783,0.5721245714742572,False,zh,0.4576271186440678
semantic_kernel_maternn_kappa=1.0_nu=1.0_alpha_0.7,0.6510185185185186,0.5729017501091584,0.5734302647166597,False,zh,0.4576271186440678
semantic_kernel_maternn_kappa=1.0_nu=1.0_alpha_0.8,0.6496527777777777,0.5713869319352992,0.5719205815196611,False,zh,0.4576271186440678
semantic_kernel_maternn_kappa=1.0_nu=1.0_alpha_0.9,0.6367592592592592,0.5632530980768133,0.5638143199793393,False,zh,0.4576271186440678
semantic_kernel_maternn_kappa=1.0_nu=1.0_alpha_1.0,0.6211805555555555,0.5513748982087328,0.5519763851955576,False,zh,0.4576271186440678
semantic_kernel_matern_kappa=1.0_nu=2.0_alpha_0.0,0.6636805555555556,0.575706109304545,0.576225117609689,False,zh,0.4576271186440678
semantic_kernel_matern_kappa=1.0_nu=2.0_alpha_0.1,0.6625231481481482,0.5748635720102492,0.5753854363740181,False,zh,0.4576271186440678
semantic_kernel_matern_kappa=1.0_nu=2.0_alpha_0.2,0.6605324074074075,0.574797656061657,0.5753197438693193,False,zh,0.4576271186440678
semantic_kernel_matern_kappa=1.0_nu=2.0_alpha_0.3,0.6562731481481483,0.5716295805837062,0.5721624076302768,False,zh,0.4576271186440678
semantic_kernel_matern_kappa=1.0_nu=2.0_alpha_0.4,0.6568055555555555,0.5759802280907302,0.5764983071796499,False,zh,0.4576271186440678
semantic_kernel_matern_kappa=1.0_nu=2.0_alpha_0.5,0.6522916666666668,0.5693856113751802,0.5699260450970338,False,zh,0.4576271186440678
semantic_kernel_matern_kappa=1.0_nu=2.0_alpha_0.6,0.6467824074074073,0.5679458567368114,0.5684911709828631,False,zh,0.4576271186440678
semantic_kernel_matern_kappa=1.0_nu=2.0_alpha_0.7,0.6434259259259258,0.5688756770854163,0.5694178393980829,False,zh,0.4576271186440678
semantic_kernel_matern_kappa=1.0_nu=2.0_alpha_0.8,0.6390509259259259,0.5602470546395406,0.5608184665198203,False,zh,0.4576271186440678
semantic_kernel_matern_kappa=1.0_nu=2.0_alpha_0.9,0.635462962962963,0.5609039618390634,0.5614731469152769,False,zh,0.4576271186440678
semantic_kernel_matern_kappa=1.0_nu=2.0_alpha_1.0,0.6321064814814814,0.557708610827755,0.5582886276023119,False,zh,0.4576271186440678
semantic_kernel_maternn_kappa=1.0_nu=2.0_alpha_0.0,0.6636805555555556,0.575706109304545,0.576225117609689,False,zh,0.4576271186440678
semantic_kernel_maternn_kappa=1.0_nu=2.0_alpha_0.1,0.6618287037037036,0.5746385211237204,0.5751611483718503,False,zh,0.4576271186440678
semantic_kernel_maternn_kappa=1.0_nu=2.0_alpha_0.2,0.6571064814814815,0.5724923892333115,0.5730222915047986,False,zh,0.4576271186440678
semantic_kernel_maternn_kappa=1.0_nu=2.0_alpha_0.3,0.6536342592592593,0.5699460866525691,0.5704846204582282,False,zh,0.4576271186440678
semantic_kernel_maternn_kappa=1.0_nu=2.0_alpha_0.4,0.6529629629629631,0.5738802297717094,0.5744054274989986,False,zh,0.4576271186440678
semantic_kernel_maternn_kappa=1.0_nu=2.0_alpha_0.5,0.6505787037037037,0.5688515748401722,0.569393818855365,False,zh,0.4576271186440678
semantic_kernel_maternn_kappa=1.0_nu=2.0_alpha_0.6,0.6505324074074075,0.571648131955539,0.5721808961161035,False,zh,0.4576271186440678
semantic_kernel_maternn_kappa=1.0_nu=2.0_alpha_0.7,0.6509259259259259,0.5728549745806202,0.5733836477492351,False,zh,0.4576271186440678
semantic_kernel_maternn_kappa=1.0_nu=2.0_alpha_0.8,0.6488657407407408,0.5716962952112292,0.5722288961065201,False,zh,0.4576271186440678
semantic_kernel_maternn_kappa=1.0_nu=2.0_alpha_0.9,0.6342129629629629,0.560046121420731,0.5606182144305658,False,zh,0.4576271186440678
semantic_kernel_maternn_kappa=1.0_nu=2.0_alpha_1.0,0.6205324074074074,0.5510521605217156,0.5516547415345978,False,zh,0.4576271186440678
semantic_kernel_matern_kappa=1.0_nu=3.0_alpha_0.0,0.6636805555555556,0.575706109304545,0.576225117609689,False,zh,0.4576271186440678
semantic_kernel_matern_kappa=1.0_nu=3.0_alpha_0.1,0.6625694444444445,0.5748823905877413,0.5754041911597219,False,zh,0.4576271186440678
semantic_kernel_matern_kappa=1.0_nu=3.0_alpha_0.2,0.6607175925925927,0.5750793976889663,0.5756005304402648,False,zh,0.4576271186440678
semantic_kernel_matern_kappa=1.0_nu=3.0_alpha_0.3,0.6568750000000001,0.5718686585613437,0.5724006751740919,False,zh,0.4576271186440678
semantic_kernel_matern_kappa=1.0_nu=3.0_alpha_0.4,0.6563657407407408,0.5709290058094866,0.5714642076858003,False,zh,0.4576271186440678
semantic_kernel_matern_kappa=1.0_nu=3.0_alpha_0.5,0.6523148148148148,0.5678477727929336,0.5683934195269306,False,zh,0.4576271186440678
semantic_kernel_matern_kappa=1.0_nu=3.0_alpha_0.6,0.6475231481481482,0.567665176929462,0.5682114426324876,False,zh,0.4576271186440678
semantic_kernel_matern_kappa=1.0_nu=3.0_alpha_0.7,0.6440046296296297,0.5619200400199712,0.5624857807633681,False,zh,0.4576271186440678
semantic_kernel_matern_kappa=1.0_nu=3.0_alpha_0.8,0.6390277777777778,0.5646778264395796,0.5652342187544355,False,zh,0.4576271186440678
semantic_kernel_matern_kappa=1.0_nu=3.0_alpha_0.9,0.6337962962962963,0.5593536284011684,0.559928068844968,False,zh,0.4576271186440678
semantic_kernel_matern_kappa=1.0_nu=3.0_alpha_1.0,0.6289351851851851,0.5561783530505923,0.556763557139648,False,zh,0.4576271186440678
semantic_kernel_maternn_kappa=1.0_nu=3.0_alpha_0.0,0.6636805555555556,0.575706109304545,0.576225117609689,False,zh,0.4576271186440678
semantic_kernel_maternn_kappa=1.0_nu=3.0_alpha_0.1,0.6618287037037036,0.5746385211237204,0.5751611483718503,False,zh,0.4576271186440678
semantic_kernel_maternn_kappa=1.0_nu=3.0_alpha_0.2,0.6571527777777779,0.5725077800050048,0.5730376301043845,False,zh,0.4576271186440678
semantic_kernel_maternn_kappa=1.0_nu=3.0_alpha_0.3,0.6536342592592593,0.5699460866525691,0.5704846204582282,False,zh,0.4576271186440678
semantic_kernel_maternn_kappa=1.0_nu=3.0_alpha_0.4,0.6523842592592594,0.5691278204274632,0.5696691280169365,False,zh,0.4576271186440678
semantic_kernel_maternn_kappa=1.0_nu=3.0_alpha_0.5,0.6504166666666668,0.5698756948056187,0.5704144672277082,False,zh,0.4576271186440678
semantic_kernel_maternn_kappa=1.0_nu=3.0_alpha_0.6,0.6505324074074075,0.5717015994884775,0.5722341824031676,False,zh,0.4576271186440678
semantic_kernel_maternn_kappa=1.0_nu=3.0_alpha_0.7,0.650300925925926,0.5690119533674414,0.5695536537266095,False,zh,0.4576271186440678
semantic_kernel_maternn_kappa=1.0_nu=3.0_alpha_0.8,0.6484722222222222,0.5726480362312129,0.573177410885758,False,zh,0.4576271186440678
semantic_kernel_maternn_kappa=1.0_nu=3.0_alpha_0.9,0.6334722222222222,0.5595260352197045,0.5600998912336106,False,zh,0.4576271186440678
semantic_kernel_maternn_kappa=1.0_nu=3.0_alpha_1.0,0.6203935185185185,0.5510223711981184,0.5516250531917587,False,zh,0.4576271186440678
semantic_kernel_matern_kappa=2.0_nu=1.0_alpha_0.0,0.6636805555555556,0.575706109304545,0.576225117609689,False,zh,0.4576271186440678
semantic_kernel_matern_kappa=2.0_nu=1.0_alpha_0.1,0.6627083333333333,0.5750242458585371,0.575545565565193,False,zh,0.4576271186440678
semantic_kernel_matern_kappa=2.0_nu=1.0_alpha_0.2,0.660162037037037,0.573889237726737,0.5744144049185854,False,zh,0.4576271186440678
semantic_kernel_matern_kappa=2.0_nu=1.0_alpha_0.3,0.6576157407407409,0.5723921267083769,0.57292236885283,False,zh,0.4576271186440678
semantic_kernel_matern_kappa=2.0_nu=1.0_alpha_0.4,0.6573148148148148,0.5759886175666025,0.5765066682166209,False,zh,0.4576271186440678
semantic_kernel_matern_kappa=2.0_nu=1.0_alpha_0.5,0.654236111111111,0.5704002827833382,0.5709372769410965,False,zh,0.4576271186440678
semantic_kernel_matern_kappa=2.0_nu=1.0_alpha_0.6,0.6504861111111112,0.5702990363870349,0.5708363737529163,False,zh,0.4576271186440678
semantic_kernel_matern_kappa=2.0_nu=1.0_alpha_0.7,0.6456944444444445,0.5697917303867672,0.5703307874340056,False,zh,0.4576271186440678
semantic_kernel_matern_kappa=2.0_nu=1.0_alpha_0.8,0.6409953703703704,0.5632396385257996,0.5638009060539225,False,zh,0.4576271186440678
semantic_kernel_matern_kappa=2.0_nu=1.0_alpha_0.9,0.6367129629629631,0.5623318851106298,0.5628962297689736,False,zh,0.4576271186440678
semantic_kernel_matern_kappa=2.0_nu=1.0_alpha_1.0,0.6321296296296296,0.5581486820783197,0.5587272070859254,False,zh,0.4576271186440678
semantic_kernel_maternn_kappa=2.0_nu=1.0_alpha_0.0,0.6636805555555556,0.575706109304545,0.576225117609689,False,zh,0.4576271186440678
semantic_kernel_maternn_kappa=2.0_nu=1.0_alpha_0.1,0.6617361111111111,0.5746319857486822,0.5751546351506258,False,zh,0.4576271186440678
semantic_kernel_maternn_kappa=2.0_nu=1.0_alpha_0.2,0.6570601851851853,0.5724181837760512,0.5729483375914614,False,zh,0.4576271186440678
semantic_kernel_maternn_kappa=2.0_nu=1.0_alpha_0.3,0.653726851851852,0.5702391828783129,0.5707767231374442,False,zh,0.4576271186440678
semantic_kernel_maternn_kappa=2.0_nu=1.0_alpha_0.4,0.653425925925926,0.5747801381154387,0.5753022853059695,False,zh,0.4576271186440678
semantic_kernel_maternn_kappa=2.0_nu=1.0_alpha_0.5,0.6505324074074074,0.5689168682045589,0.5694588908863131,False,zh,0.4576271186440678
semantic_kernel_maternn_kappa=2.0_nu=1.0_alpha_0.6,0.6494212962962963,0.5710002919461161,0.5715352521745091,False,zh,0.4576271186440678
semantic_kernel_maternn_kappa=2.0_nu=1.0_alpha_0.7,0.6456481481481482,0.5702786378801593,0.5708160443935216,False,zh,0.4576271186440678
semantic_kernel_maternn_kappa=2.0_nu=1.0_alpha_0.8,0.6319212962962963,0.5587353753356816,0.5593119115525845,False,zh,0.4576271186440678
semantic_kernel_maternn_kappa=2.0_nu=1.0_alpha_0.9,0.6243055555555556,0.5513201163589339,0.5519217890469443,False,zh,0.4576271186440678
semantic_kernel_maternn_kappa=2.0_nu=1.0_alpha_1.0,0.622662037037037,0.5496009469977787,0.5502084473785388,False,zh,0.4576271186440678
semantic_kernel_matern_kappa=2.0_nu=2.0_alpha_0.0,0.6636805555555556,0.575706109304545,0.576225117609689,False,zh,0.4576271186440678
semantic_kernel_matern_kappa=2.0_nu=2.0_alpha_0.1,0.6629398148148149,0.5751387845824092,0.5756597160222046,False,zh,0.4576271186440678
semantic_kernel_matern_kappa=2.0_nu=2.0_alpha_0.2,0.6612268518518518,0.572687881171134,0.5732171207580862,False,zh,0.4576271186440678
semantic_kernel_matern_kappa=2.0_nu=2.0_alpha_0.3,0.6591435185185185,0.5724117081238076,0.5729418838905813,False,zh,0.4576271186440678
semantic_kernel_matern_kappa=2.0_nu=2.0_alpha_0.4,0.6589814814814816,0.5751694602114306,0.5756902876660428,False,zh,0.4576271186440678
semantic_kernel_matern_kappa=2.0_nu=2.0_alpha_0.5,0.6560879629629631,0.5693116825373745,0.569852366865458,False,zh,0.4576271186440678
semantic_kernel_matern_kappa=2.0_nu=2.0_alpha_0.6,0.6554398148148148,0.5717395873745061,0.5722720415167013,False,zh,0.4576271186440678
semantic_kernel_matern_kappa=2.0_nu=2.0_alpha_0.7,0.6506018518518518,0.5714385027004598,0.5719719774686685,False,zh,0.4576271186440678
semantic_kernel_matern_kappa=2.0_nu=2.0_alpha_0.8,0.6435879629629631,0.5633647892520837,0.5639256325404562,False,zh,0.4576271186440678
semantic_kernel_matern_kappa=2.0_nu=2.0_alpha_0.9,0.6330555555555556,0.5613631146143656,0.5619307432404933,False,zh,0.4576271186440678
semantic_kernel_matern_kappa=2.0_nu=2.0_alpha_1.0,0.6158796296296296,0.5502244636374124,0.550829850402445,False,zh,0.4576271186440678
semantic_kernel_maternn_kappa=2.0_nu=2.0_alpha_0.0,0.6636805555555556,0.575706109304545,0.576225117609689,False,zh,0.4576271186440678
semantic_kernel_maternn_kappa=2.0_nu=2.0_alpha_0.1,0.661875,0.5747247443884534,0.5752470793543301,False,zh,0.4576271186440678
semantic_kernel_maternn_kappa=2.0_nu=2.0_alpha_0.2,0.6571064814814815,0.5724437866101935,0.5729738536363354,False,zh,0.4576271186440678
semantic_kernel_maternn_kappa=2.0_nu=2.0_alpha_0.3,0.653726851851852,0.5704360810933566,0.5709729539009115,False,zh,0.4576271186440678
semantic_kernel_maternn_kappa=2.0_nu=2.0_alpha_0.4,0.6531944444444445,0.5742934414555878,0.5748172384653046,False,zh,0.4576271186440678
semantic_kernel_maternn_kappa=2.0_nu=2.0_alpha_0.5,0.6500231481481482,0.5686251838697534,0.5691681953119646,False,zh,0.4576271186440678
semantic_kernel_maternn_kappa=2.0_nu=2.0_alpha_0.6,0.6487731481481482,0.5714959361540849,0.5720292162326203,False,zh,0.4576271186440678
semantic_kernel_maternn_kappa=2.0_nu=2.0_alpha_0.7,0.640787037037037,0.5657877164501094,0.5663403464259464,False,zh,0.4576271186440678
semantic_kernel_maternn_kappa=2.0_nu=2.0_alpha_0.8,0.6295601851851852,0.5567387242036893,0.5573220287295142,False,zh,0.4576271186440678
semantic_kernel_maternn_kappa=2.0_nu=2.0_alpha_0.9,0.6245370370370371,0.5522382843385563,0.5528368445927375,False,zh,0.4576271186440678
semantic_kernel_maternn_kappa=2.0_nu=2.0_alpha_1.0,0.6237731481481481,0.5515961985821585,0.5521969353982259,False,zh,0.4576271186440678
semantic_kernel_matern_kappa=2.0_nu=3.0_alpha_0.0,0.6636805555555556,0.575706109304545,0.576225117609689,False,zh,0.4576271186440678
semantic_kernel_matern_kappa=2.0_nu=3.0_alpha_0.1,0.6628472222222223,0.5749982520121981,0.5755196598335874,False,zh,0.4576271186440678
semantic_kernel_matern_kappa=2.0_nu=3.0_alpha_0.2,0.6613194444444445,0.572717461365297,0.5732466006804046,False,zh,0.4576271186440678
semantic_kernel_matern_kappa=2.0_nu=3.0_alpha_0.3,0.6593287037037038,0.5707551548889193,0.5712909460903876,False,zh,0.4576271186440678
semantic_kernel_matern_kappa=2.0_nu=3.0_alpha_0.4,0.6592129629629631,0.5754026299788004,0.5759226670274215,False,zh,0.4576271186440678
semantic_kernel_matern_kappa=2.0_nu=3.0_alpha_0.5,0.656550925925926,0.5694915453199555,0.5700316199436914,False,zh,0.4576271186440678
semantic_kernel_matern_kappa=2.0_nu=3.0_alpha_0.6,0.6563657407407408,0.5720716899532646,0.5726030183240062,False,zh,0.4576271186440678
semantic_kernel_matern_kappa=2.0_nu=3.0_alpha_0.7,0.6532407407407408,0.5725893871820846,0.5731189606469657,False,zh,0.4576271186440678
semantic_kernel_matern_kappa=2.0_nu=3.0_alpha_0.8,0.6442824074074074,0.5643508701505502,0.5649083707918096,False,zh,0.4576271186440678
semantic_kernel_matern_kappa=2.0_nu=3.0_alpha_0.9,0.6317592592592592,0.5622305241414647,0.5627952123963141,False,zh,0.4576271186440678
semantic_kernel_matern_kappa=2.0_nu=3.0_alpha_1.0,0.6078240740740741,0.5466797004088911,0.5472971033204611,False,zh,0.4576271186440678
semantic_kernel_maternn_kappa=2.0_nu=3.0_alpha_0.0,0.6636805555555556,0.575706109304545,0.576225117609689,False,zh,0.4576271186440678
semantic_kernel_maternn_kappa=2.0_nu=3.0_alpha_0.1,0.6617824074074075,0.5746869975824139,0.5752094605035653,False,zh,0.4576271186440678
semantic_kernel_maternn_kappa=2.0_nu=3.0_alpha_0.2,0.6573842592592593,0.57270899960932,0.5732381676083461,False,zh,0.4576271186440678
semantic_kernel_maternn_kappa=2.0_nu=3.0_alpha_0.3,0.6539120370370372,0.5705531576696355,0.5710896336074403,False,zh,0.4576271186440678
semantic_kernel_maternn_kappa=2.0_nu=3.0_alpha_0.4,0.6531944444444445,0.5742549152303008,0.5747788428373914,False,zh,0.4576271186440678
semantic_kernel_maternn_kappa=2.0_nu=3.0_alpha_0.5,0.6497453703703703,0.5684301779617352,0.5689738504409226,False,zh,0.4576271186440678
semantic_kernel_maternn_kappa=2.0_nu=3.0_alpha_0.6,0.6473842592592594,0.5709923101825851,0.5715272974678035,False,zh,0.4576271186440678
semantic_kernel_maternn_kappa=2.0_nu=3.0_alpha_0.7,0.6394444444444444,0.5649705552885156,0.5655259553021884,False,zh,0.4576271186440678
semantic_kernel_maternn_kappa=2.0_nu=3.0_alpha_0.8,0.6288657407407408,0.5565251154142596,0.5571091440376758,False,zh,0.4576271186440678
semantic_kernel_maternn_kappa=2.0_nu=3.0_alpha_0.9,0.6245833333333333,0.552502590177564,0.5531002544797485,False,zh,0.4576271186440678
semantic_kernel_maternn_kappa=2.0_nu=3.0_alpha_1.0,0.6246990740740741,0.5523143634024721,0.5529126657615214,False,zh,0.4576271186440678
semantic_kernel_matern_kappa=3.0_nu=1.0_alpha_0.0,0.6636805555555556,0.575706109304545,0.576225117609689,False,zh,0.4576271186440678
semantic_kernel_matern_kappa=3.0_nu=1.0_alpha_0.1,0.6627083333333333,0.5750816192236285,0.5756027444443012,False,zh,0.4576271186440678
semantic_kernel_matern_kappa=3.0_nu=1.0_alpha_0.2,0.6603009259259259,0.5741798726304184,0.5747040546192035,False,zh,0.4576271186440678
semantic_kernel_matern_kappa=3.0_nu=1.0_alpha_0.3,0.657800925925926,0.5722027091579115,0.572733593395756,False,zh,0.4576271186440678
semantic_kernel_matern_kappa=3.0_nu=1.0_alpha_0.4,0.6571064814814815,0.5717436190358514,0.5722760595113978,False,zh,0.4576271186440678
semantic_kernel_matern_kappa=3.0_nu=1.0_alpha_0.5,0.6551851851851852,0.5673276415497444,0.5678750514404978,False,zh,0.4576271186440678
semantic_kernel_matern_kappa=3.0_nu=1.0_alpha_0.6,0.6537731481481481,0.572270280354847,0.5728009355377865,False,zh,0.4576271186440678
semantic_kernel_matern_kappa=3.0_nu=1.0_alpha_0.7,0.6494212962962964,0.565677366934416,0.5662303709764079,False,zh,0.4576271186440678
semantic_kernel_matern_kappa=3.0_nu=1.0_alpha_0.8,0.6444907407407406,0.5699822680946058,0.5705206792513089,False,zh,0.4576271186440678
semantic_kernel_matern_kappa=3.0_nu=1.0_alpha_0.9,0.637175925925926,0.5630158834670086,0.5635779094868562,False,zh,0.4576271186440678
semantic_kernel_matern_kappa=3.0_nu=1.0_alpha_1.0,0.6277314814814815,0.5547891071454317,0.5553790205426407,False,zh,0.4576271186440678
semantic_kernel_maternn_kappa=3.0_nu=1.0_alpha_0.0,0.6636805555555556,0.575706109304545,0.576225117609689,False,zh,0.4576271186440678
semantic_kernel_maternn_kappa=3.0_nu=1.0_alpha_0.1,0.6617824074074075,0.5746629289649083,0.5751854734745935,False,zh,0.4576271186440678
semantic_kernel_maternn_kappa=3.0_nu=1.0_alpha_0.2,0.6574768518518519,0.5727339753551134,0.5732630586905945,False,zh,0.4576271186440678
semantic_kernel_maternn_kappa=3.0_nu=1.0_alpha_0.3,0.6543287037037039,0.5708903230226299,0.5714256560270345,False,zh,0.4576271186440678
semantic_kernel_maternn_kappa=3.0_nu=1.0_alpha_0.4,0.6526620370370372,0.5696713717018012,0.5702108367445817,False,zh,0.4576271186440678
semantic_kernel_maternn_kappa=3.0_nu=1.0_alpha_0.5,0.6502777777777777,0.5696591031692433,0.5701986098002697,False,zh,0.4576271186440678
semantic_kernel_maternn_kappa=3.0_nu=1.0_alpha_0.6,0.6471527777777779,0.5704437423958069,0.5709805892328449,False,zh,0.4576271186440678
semantic_kernel_maternn_kappa=3.0_nu=1.0_alpha_0.7,0.6361805555555555,0.559577559561155,0.5601512409162764,False,zh,0.4576271186440678
semantic_kernel_maternn_kappa=3.0_nu=1.0_alpha_0.8,0.6262962962962964,0.5526206063740428,0.5532178706213241,False,zh,0.4576271186440678
semantic_kernel_maternn_kappa=3.0_nu=1.0_alpha_0.9,0.6232407407407408,0.5496131356885519,0.5502205947517163,False,zh,0.4576271186440678
semantic_kernel_maternn_kappa=3.0_nu=1.0_alpha_1.0,0.6228472222222221,0.54904621278092,0.5496555936166527,False,zh,0.4576271186440678
semantic_kernel_matern_kappa=3.0_nu=2.0_alpha_0.0,0.6636805555555556,0.575706109304545,0.576225117609689,False,zh,0.4576271186440678
semantic_kernel_matern_kappa=3.0_nu=2.0_alpha_0.1,0.6627083333333333,0.5750317877688268,0.575553081909685,False,zh,0.4576271186440678
semantic_kernel_matern_kappa=3.0_nu=2.0_alpha_0.2,0.6606250000000001,0.5730414707202045,0.5735695116985158,False,zh,0.4576271186440678
semantic_kernel_matern_kappa=3.0_nu=2.0_alpha_0.3,0.6584490740740742,0.5717958694794957,0.572328132834894,False,zh,0.4576271186440678
semantic_kernel_matern_kappa=3.0_nu=2.0_alpha_0.4,0.6579398148148149,0.571669078621775,0.5722017717766911,False,zh,0.4576271186440678
semantic_kernel_matern_kappa=3.0_nu=2.0_alpha_0.5,0.6575925925925926,0.5716277285864203,0.5721605619109479,False,zh,0.4576271186440678
semantic_kernel_matern_kappa=3.0_nu=2.0_alpha_0.6,0.6564583333333334,0.5726461836252918,0.5731755645598571,False,zh,0.4576271186440678
semantic_kernel_matern_kappa=3.0_nu=2.0_alpha_0.7,0.6541898148148149,0.5678041212486044,0.568349915953938,False,zh,0.4576271186440678
semantic_kernel_matern_kappa=3.0_nu=2.0_alpha_0.8,0.6508796296296295,0.5714496979958047,0.5719831348138598,False,zh,0.4576271186440678
semantic_kernel_matern_kappa=3.0_nu=2.0_alpha_0.9,0.638287037037037,0.565741503011737,0.5662942896432974,False,zh,0.4576271186440678
semantic_kernel_matern_kappa=3.0_nu=2.0_alpha_1.0,0.6109259259259259,0.5488145013045874,0.5494246676029516,False,zh,0.4576271186440678
semantic_kernel_maternn_kappa=3.0_nu=2.0_alpha_0.0,0.6636805555555556,0.575706109304545,0.576225117609689,False,zh,0.4576271186440678
semantic_kernel_maternn_kappa=3.0_nu=2.0_alpha_0.1,0.6620138888888889,0.5746425568533422,0.5751651704210327,False,zh,0.4576271186440678
semantic_kernel_maternn_kappa=3.0_nu=2.0_alpha_0.2,0.6587268518518519,0.5734880397285244,0.574014566913587,False,zh,0.4576271186440678
semantic_kernel_maternn_kappa=3.0_nu=2.0_alpha_0.3,0.6544675925925926,0.5706503075432718,0.5711864541594711,False,zh,0.4576271186440678
semantic_kernel_maternn_kappa=3.0_nu=2.0_alpha_0.4,0.6529398148148149,0.5694968427410094,0.5700368994073859,False,zh,0.4576271186440678
semantic_kernel_maternn_kappa=3.0_nu=2.0_alpha_0.5,0.650462962962963,0.5660878105712593,0.566639423278889,False,zh,0.4576271186440678
semantic_kernel_maternn_kappa=3.0_nu=2.0_alpha_0.6,0.6438657407407408,0.5688039861381927,0.5693463914710193,False,zh,0.4576271186440678
semantic_kernel_maternn_kappa=3.0_nu=2.0_alpha_0.7,0.6342361111111111,0.55941055372216,0.5599848011987697,False,zh,0.4576271186440678
semantic_kernel_maternn_kappa=3.0_nu=2.0_alpha_0.8,0.6283333333333333,0.5552670407440741,0.5558553340273892,False,zh,0.4576271186440678
semantic_kernel_maternn_kappa=3.0_nu=2.0_alpha_0.9,0.6236111111111111,0.5515248319368742,0.5521258106737731,False,zh,0.4576271186440678
semantic_kernel_maternn_kappa=3.0_nu=2.0_alpha_1.0,0.6190972222222222,0.5493201848440039,0.5499286369608787,False,zh,0.4576271186440678
semantic_kernel_matern_kappa=3.0_nu=3.0_alpha_0.0,0.6636805555555556,0.575706109304545,0.576225117609689,False,zh,0.4576271186440678
semantic_kernel_matern_kappa=3.0_nu=3.0_alpha_0.1,0.6626620370370371,0.5749828560061762,0.5755043160174163,False,zh,0.4576271186440678
semantic_kernel_matern_kappa=3.0_nu=3.0_alpha_0.2,0.6604398148148148,0.5729913889675122,0.5735195997144767,False,zh,0.4576271186440678
semantic_kernel_matern_kappa=3.0_nu=3.0_alpha_0.3,0.658263888888889,0.5720777999721103,0.5726091076309234,False,zh,0.4576271186440678
semantic_kernel_matern_kappa=3.0_nu=3.0_alpha_0.4,0.6571990740740741,0.5709781660912987,0.5715132013225893,False,zh,0.4576271186440678
semantic_kernel_matern_kappa=3.0_nu=3.0_alpha_0.5,0.6563888888888889,0.5712730291127561,0.5718070648083807,False,zh,0.4576271186440678
semantic_kernel_matern_kappa=3.0_nu=3.0_alpha_0.6,0.6571527777777778,0.5723290193328673,0.5728594754006272,False,zh,0.4576271186440678
semantic_kernel_matern_kappa=3.0_nu=3.0_alpha_0.7,0.6551157407407409,0.5680988811301859,0.5686436766494803,False,zh,0.4576271186440678
semantic_kernel_matern_kappa=3.0_nu=3.0_alpha_0.8,0.6522222222222221,0.573090677498133,0.5736185516738073,False,zh,0.4576271186440678
semantic_kernel_matern_kappa=3.0_nu=3.0_alpha_0.9,0.644398148148148,0.5679661063716887,0.5685113519749101,False,zh,0.4576271186440678
semantic_kernel_matern_kappa=3.0_nu=3.0_alpha_1.0,0.6031481481481481,0.5450984147503842,0.5457211779523221,False,zh,0.4576271186440678
semantic_kernel_maternn_kappa=3.0_nu=3.0_alpha_0.0,0.6636805555555556,0.575706109304545,0.576225117609689,False,zh,0.4576271186440678
semantic_kernel_maternn_kappa=3.0_nu=3.0_alpha_0.1,0.662337962962963,0.5748156003700425,0.5753376273495407,False,zh,0.4576271186440678
semantic_kernel_maternn_kappa=3.0_nu=3.0_alpha_0.2,0.6591435185185186,0.5736706451297071,0.5741965533134098,False,zh,0.4576271186440678
semantic_kernel_maternn_kappa=3.0_nu=3.0_alpha_0.3,0.6551620370370371,0.5710867699685365,0.5716214370510907,False,zh,0.4576271186440678
semantic_kernel_maternn_kappa=3.0_nu=3.0_alpha_0.4,0.6530324074074075,0.5693980992394942,0.5699384906296047,False,zh,0.4576271186440678
semantic_kernel_maternn_kappa=3.0_nu=3.0_alpha_0.5,0.6509259259259259,0.5660279207550591,0.566579736479015,False,zh,0.4576271186440678
semantic_kernel_maternn_kappa=3.0_nu=3.0_alpha_0.6,0.6446527777777777,0.5680815217649978,0.5686263761295979,False,zh,0.4576271186440678
semantic_kernel_maternn_kappa=3.0_nu=3.0_alpha_0.7,0.6368287037037037,0.5604908885436711,0.5610614738683436,False,zh,0.4576271186440678
semantic_kernel_maternn_kappa=3.0_nu=3.0_alpha_0.8,0.6294907407407406,0.5569303865463047,0.5575130413692733,False,zh,0.4576271186440678
semantic_kernel_maternn_kappa=3.0_nu=3.0_alpha_0.9,0.623287037037037,0.552530916109812,0.5531284843918872,False,zh,0.4576271186440678
semantic_kernel_maternn_kappa=3.0_nu=3.0_alpha_1.0,0.6162731481481483,0.5512960973781885,0.5518978514864729,False,zh,0.4576271186440678
semantic_kernel_prod_heat_t=0.1,0.6374074074074074,0.5608700574134018,0.5614393574198718,False,zh,0.4576271186440678
semantic_kernel_sum_heat_t=0.1,0.6360425737784229,0.5539437144529511,0.5545353053884415,False,zh,0.4576271186440678
semantic_kernel_prod_heatn_t=0.1,0.6198148148148148,0.5535805921140264,0.5541746021723587,False,zh,0.4576271186440678
semantic_kernel_sum_heatn_t=0.1,0.6106944444444444,0.5477750446241606,0.5483887345044923,False,zh,0.4576271186440678
semantic_kernel_prod_heat_t=0.2,0.6339351851851851,0.5559594005711468,0.5565453468719972,False,zh,0.4576271186440678
semantic_kernel_sum_heat_t=0.2,0.6481340967096639,0.5663755374016854,0.5670318641544482,False,zh,0.4576271186440678
semantic_kernel_prod_heatn_t=0.2,0.6197222222222223,0.5535308130997701,0.5541249919005236,False,zh,0.4576271186440678
semantic_kernel_sum_heatn_t=0.2,0.6113425925925926,0.5485663738843767,0.5491773812926399,False,zh,0.4576271186440678
semantic_kernel_prod_heat_t=0.3,0.6282407407407407,0.5528634439897584,0.5534598850586814,False,zh,0.4576271186440678
semantic_kernel_sum_heat_t=0.3,0.6434327577184721,0.5765256744722627,0.5773196396899698,False,zh,0.4576271186440678
semantic_kernel_prod_heatn_t=0.3,0.6202314814814816,0.5537823005518161,0.554375626852732,False,zh,0.4576271186440678
semantic_kernel_sum_heatn_t=0.3,0.6116203703703704,0.5493674026989206,0.5499756947552702,False,zh,0.4576271186440678
semantic_kernel_prod_heat_t=0.4,0.6211574074074073,0.5514110406768998,0.5520124051468833,False,zh,0.4576271186440678
semantic_kernel_sum_heat_t=0.4,0.6207500364803735,0.5688115098858357,0.5697941376024475,False,zh,0.4576271186440678
semantic_kernel_prod_heatn_t=0.4,0.6200925925925925,0.5537000744801063,0.5542936795134688,False,zh,0.4576271186440678
semantic_kernel_sum_heatn_t=0.4,0.6112037037037037,0.5488220210913843,0.5494321618989457,False,zh,0.4576271186440678
semantic_kernel_prod_heat_t=0.5,0.6120370370370369,0.5477420417228716,0.548355843477445,False,zh,0.4576271186440678
semantic_kernel_sum_heat_t=0.5,0.6220112517580872,0.5787134002799008,0.579770997602726,False,zh,0.4576271186440678
semantic_kernel_prod_heatn_t=0.5,0.6202777777777777,0.5537630949948389,0.5543564863993379,False,zh,0.4576271186440678
semantic_kernel_sum_heatn_t=0.5,0.6120833333333334,0.5502100686138784,0.5508155041756011,False,zh,0.4576271186440678
semantic_kernel_prod_heat_t=0.6,0.6090277777777777,0.5497165830574717,0.550323691451589,False,zh,0.4576271186440678
semantic_kernel_sum_heat_t=0.6,0.6356336805555556,0.5837110629353696,0.5848256442200143,False,zh,0.4576271186440678
semantic_kernel_prod_heatn_t=0.6,0.6206018518518519,0.5538643626884523,0.5544574108126339,False,zh,0.4576271186440678
semantic_kernel_sum_heatn_t=0.6,0.6115277777777778,0.5497710053118211,0.5503779292237203,False,zh,0.4576271186440678
semantic_kernel_prod_heat_t=0.7,0.6032407407407406,0.5466482423818357,0.5472657519307855,False,zh,0.4576271186440678
semantic_kernel_sum_heat_t=0.7,0.6313886210221793,0.5906670256381259,0.5917970030248623,False,zh,0.4576271186440678
semantic_kernel_prod_heatn_t=0.7,0.6208333333333333,0.5540528023244433,0.5546452116701979,False,zh,0.4576271186440678
semantic_kernel_sum_heatn_t=0.7,0.6118981481481481,0.5504333560057241,0.5510380346610335,False,zh,0.4576271186440678
semantic_kernel_prod_matern_kappa=1.0_nu=1.0,0.6362037037037037,0.5631423895694555,0.5637039867550575,False,zh,0.4576271186440678
semantic_kernel_sum_matern_kappa=1.0_nu=1.0,0.6248379629629629,0.5491634361685815,0.5497724196368983,False,zh,0.4576271186440678
semantic_kernel_prod_maternn_kappa=1.0_nu=1.0,0.6214351851851851,0.553910368148254,0.5545032603217245,False,zh,0.4576271186440678
semantic_kernel_sum_maternn_kappa=1.0_nu=1.0,0.6104861111111112,0.5398163855483687,0.5404570539340422,False,zh,0.4576271186440678
semantic_kernel_prod_matern_kappa=1.0_nu=2.0,0.6321759259259259,0.5590574259228122,0.5596328704428095,False,zh,0.4576271186440678
semantic_kernel_sum_matern_kappa=1.0_nu=2.0,0.6348611111111111,0.5512493454353764,0.5518825783123648,False,zh,0.4576271186440678
semantic_kernel_prod_maternn_kappa=1.0_nu=2.0,0.6207870370370371,0.5535876304612366,0.5541816166607648,False,zh,0.4576271186440678
semantic_kernel_sum_maternn_kappa=1.0_nu=2.0,0.6116435185185185,0.5486680827506695,0.5492787453831148,False,zh,0.4576271186440678
semantic_kernel_prod_matern_kappa=1.0_nu=3.0,0.6284722222222223,0.5541447494156461,0.5547368470763456,False,zh,0.4576271186440678
semantic_kernel_sum_matern_kappa=1.0_nu=3.0,0.6291407867494824,0.5415614528589237,0.5422912070474879,False,zh,0.4576271186440678
semantic_kernel_prod_maternn_kappa=1.0_nu=3.0,0.6200925925925926,0.5499972954852571,0.5506034523118224,False,zh,0.4576271186440678
semantic_kernel_sum_maternn_kappa=1.0_nu=3.0,0.6111111111111112,0.5390642392385815,0.5397074572727628,False,zh,0.4576271186440678
semantic_kernel_prod_matern_kappa=2.0_nu=1.0,0.6326851851851852,0.5632482569757691,0.5638094952888074,False,zh,0.4576271186440678
semantic_kernel_sum_matern_kappa=2.0_nu=1.0,0.6245300751879699,0.5425940882645126,0.5432233318449677,False,zh,0.4576271186440678
semantic_kernel_prod_maternn_kappa=2.0_nu=1.0,0.6234259259259259,0.5609542242244947,0.5615232389197407,False,zh,0.4576271186440678
semantic_kernel_sum_maternn_kappa=2.0_nu=1.0,0.6105092592592593,0.5399731307273729,0.5406132677734564,False,zh,0.4576271186440678
semantic_kernel_prod_matern_kappa=2.0_nu=2.0,0.6159259259259258,0.5512628231991821,0.5518646901012934,False,zh,0.4576271186440678
semantic_kernel_sum_matern_kappa=2.0_nu=2.0,0.6025568181818182,0.5510958865464217,0.5518521745734318,False,zh,0.4576271186440678
semantic_kernel_prod_maternn_kappa=2.0_nu=2.0,0.6240277777777777,0.5586992098239147,0.5592758686357728,False,zh,0.4576271186440678
semantic_kernel_sum_maternn_kappa=2.0_nu=2.0,0.6102314814814815,0.5513044305553382,0.5519061564155642,False,zh,0.4576271186440678
semantic_kernel_prod_matern_kappa=2.0_nu=3.0,0.6079166666666667,0.5501036866973591,0.5507094828757478,False,zh,0.4576271186440678
semantic_kernel_sum_matern_kappa=2.0_nu=3.0,0.5972788300167826,0.540337493659301,0.5414010738993903,False,zh,0.4576271186440678
semantic_kernel_prod_maternn_kappa=2.0_nu=3.0,0.6249537037037038,0.5594173746442284,0.5599915989990685,False,zh,0.4576271186440678
semantic_kernel_sum_maternn_kappa=2.0_nu=3.0,0.609375,0.5369914884903817,0.5376417327982856,False,zh,0.4576271186440678
semantic_kernel_prod_matern_kappa=3.0_nu=1.0,0.6277777777777778,0.5549359763407191,0.555525391876249,False,zh,0.4576271186440678
semantic_kernel_sum_matern_kappa=3.0_nu=1.0,0.6180545703882346,0.5471224741003478,0.5477410263329745,False,zh,0.4576271186440678
semantic_kernel_prod_maternn_kappa=3.0_nu=1.0,0.6230555555555556,0.557626054070935,0.5582063506989049,False,zh,0.4576271186440678
semantic_kernel_sum_maternn_kappa=3.0_nu=1.0,0.6063888888888889,0.5404134762775611,0.5410521206268644,False,zh,0.4576271186440678
semantic_kernel_prod_matern_kappa=3.0_nu=2.0,0.6109259259259259,0.5508267381839869,0.551430083340387,False,zh,0.4576271186440678
semantic_kernel_sum_matern_kappa=3.0_nu=2.0,0.5832548650345261,0.5504554386954799,0.5512894325645147,False,zh,0.4576271186440678
semantic_kernel_prod_maternn_kappa=3.0_nu=2.0,0.6193055555555556,0.5551238767231372,0.5557126553082182,False,zh,0.4576271186440678
semantic_kernel_sum_maternn_kappa=3.0_nu=2.0,0.5978240740740741,0.5381432571550768,0.5387895971624225,False,zh,0.4576271186440678
semantic_kernel_prod_matern_kappa=3.0_nu=3.0,0.6031944444444444,0.5469221486262628,0.5475387296794688,False,zh,0.4576271186440678
semantic_kernel_sum_matern_kappa=3.0_nu=3.0,0.6029900332225914,0.5599248328156485,0.5610062529764016,False,zh,0.4576271186440678
semantic_kernel_prod_maternn_kappa=3.0_nu=3.0,0.6164814814814814,0.5532522100485869,0.5538473332664631,False,zh,0.4576271186440678
semantic_kernel_sum_maternn_kappa=3.0_nu=3.0,0.5944496268656716,0.5285025115353978,0.5291807042052182,False,zh,0.4576271186440678
full_klu_heat_t=0.1_alpha_0.0,0.664212962962963,0.5831578884399976,0.5836516364768859,False,zh,0.4576271186440678
full_klu_heat_t=0.1_alpha_0.1,0.6656481481481482,0.5820550597717322,0.5825525462108858,False,zh,0.4576271186440678
full_klu_heat_t=0.1_alpha_0.2,0.6669444444444443,0.5829595431181449,0.5834539635120563,False,zh,0.4576271186440678
full_klu_heat_t=0.1_alpha_0.3,0.6680092592592592,0.5837363060044032,0.5842280933037849,False,zh,0.4576271186440678
full_klu_heat_t=0.1_alpha_0.4,0.6686574074074075,0.5831724123986343,0.5836661112017644,False,zh,0.4576271186440678
full_klu_heat_t=0.1_alpha_0.5,0.6699074074074074,0.5844066443096387,0.5848961592757823,False,zh,0.4576271186440678
full_klu_heat_t=0.1_alpha_0.6,0.6725925925925926,0.5861259097482825,0.5866095966959901,False,zh,0.4576271186440678
full_klu_heat_t=0.1_alpha_0.7,0.6763425925925927,0.5885135038363191,0.5889890972447452,False,zh,0.4576271186440678
full_klu_heat_t=0.1_alpha_0.8,0.6802314814814815,0.5892978472244368,0.5897707818417168,False,zh,0.4576271186440678
full_klu_heat_t=0.1_alpha_0.9,0.6911574074074074,0.5953480170330891,0.5958004426001704,False,zh,0.4576271186440678
full_klu_heat_t=0.1_alpha_1.0,0.6718055555555555,0.5958695415956423,0.5946252840286131,False,zh,0.4576271186440678
full_klu_heatn_t=0.1_alpha_0.0,0.664212962962963,0.5831578884399976,0.5836516364768859,False,zh,0.4576271186440678
full_klu_heatn_t=0.1_alpha_0.1,0.6655555555555556,0.582024495105504,0.5825220851536957,False,zh,0.4576271186440678
full_klu_heatn_t=0.1_alpha_0.2,0.6657407407407407,0.5820838215146741,0.582581210456394,False,zh,0.4576271186440678
full_klu_heatn_t=0.1_alpha_0.3,0.6664814814814816,0.5813490606769363,0.5818489403333603,False,zh,0.4576271186440678
full_klu_heatn_t=0.1_alpha_0.4,0.6670833333333334,0.582444699295211,0.5829408649224205,False,zh,0.4576271186440678
full_klu_heatn_t=0.1_alpha_0.5,0.6676388888888889,0.5826351838512942,0.5831307037681442,False,zh,0.4576271186440678
full_klu_heatn_t=0.1_alpha_0.6,0.6682407407407408,0.5828715520553508,0.5833662707240513,False,zh,0.4576271186440678
full_klu_heatn_t=0.1_alpha_0.7,0.6685648148148149,0.5828163110097535,0.5833112169362357,False,zh,0.4576271186440678
full_klu_heatn_t=0.1_alpha_0.8,0.6691666666666667,0.5889623268867844,0.5894363988611411,False,zh,0.4576271186440678
full_klu_heatn_t=0.1_alpha_0.9,0.6676851851851852,0.5889288352825519,0.5894030207877705,False,zh,0.4576271186440678
full_klu_heatn_t=0.1_alpha_1.0,0.3263657407407407,0.328252034261758,0.32791495468569104,False,zh,0.4576271186440678
full_klu_heat_t=0.2_alpha_0.0,0.664212962962963,0.5831578884399976,0.5836516364768859,False,zh,0.4576271186440678
full_klu_heat_t=0.2_alpha_0.1,0.6670370370370371,0.5832817098751704,0.5837750381783801,False,zh,0.4576271186440678
full_klu_heat_t=0.2_alpha_0.2,0.6694907407407409,0.5837346609580413,0.5842264538338514,False,zh,0.4576271186440678
full_klu_heat_t=0.2_alpha_0.3,0.6719444444444445,0.5851556291022342,0.5856426051368775,False,zh,0.4576271186440678
full_klu_heat_t=0.2_alpha_0.4,0.6760185185185187,0.5876350154425539,0.5881135867777386,False,zh,0.4576271186440678
full_klu_heat_t=0.2_alpha_0.5,0.6793055555555555,0.5887451054011882,0.5892199137195641,False,zh,0.4576271186440678
full_klu_heat_t=0.2_alpha_0.6,0.6828703703703705,0.5925346281044627,0.5929965905831662,False,zh,0.4576271186440678
full_klu_heat_t=0.2_alpha_0.7,0.6885185185185186,0.5941728003173825,0.5946292096699407,False,zh,0.4576271186440678
full_klu_heat_t=0.2_alpha_0.8,0.6929629629629631,0.5947408615716328,0.5951953452928206,False,zh,0.4576271186440678
full_klu_heat_t=0.2_alpha_0.9,0.6925,0.5941039039169415,0.5945605468166196,False,zh,0.4576271186440678
full_klu_heat_t=0.2_alpha_1.0,0.6730324074074074,0.5953390848696408,0.5940966254610047,False,zh,0.4576271186440678
full_klu_heatn_t=0.2_alpha_0.0,0.664212962962963,0.5831578884399976,0.5836516364768859,False,zh,0.4576271186440678
full_klu_heatn_t=0.2_alpha_0.1,0.6653703703703704,0.5819504423253299,0.582448283399895,False,zh,0.4576271186440678
full_klu_heatn_t=0.2_alpha_0.2,0.6656944444444445,0.5820364140233303,0.5825339636684106,False,zh,0.4576271186440678
full_klu_heatn_t=0.2_alpha_0.3,0.6663425925925927,0.5813022937766554,0.5818023319649449,False,zh,0.4576271186440678
full_klu_heatn_t=0.2_alpha_0.4,0.667175925925926,0.5824124039509829,0.5829086790539356,False,zh,0.4576271186440678
full_klu_heatn_t=0.2_alpha_0.5,0.6672222222222223,0.5822786295328245,0.5827753581083812,False,zh,0.4576271186440678
full_klu_heatn_t=0.2_alpha_0.6,0.6674074074074074,0.5889302022744876,0.5894043831458352,False,zh,0.4576271186440678
full_klu_heatn_t=0.2_alpha_0.7,0.6675925925925927,0.5881589549651284,0.5886357502341348,False,zh,0.4576271186440678
full_klu_heatn_t=0.2_alpha_0.8,0.6668518518518518,0.5885940265910989,0.5890693470410343,False,zh,0.4576271186440678
full_klu_heatn_t=0.2_alpha_0.9,0.6613888888888889,0.584228186297561,0.5847183062061185,False,zh,0.4576271186440678
full_klu_heatn_t=0.2_alpha_1.0,0.3250462962962963,0.328204795082337,0.3278678756390817,False,zh,0.4576271186440678
full_klu_heat_t=0.3_alpha_0.0,0.664212962962963,0.5831578884399976,0.5836516364768859,False,zh,0.4576271186440678
full_klu_heat_t=0.3_alpha_0.1,0.6684722222222222,0.5840008739076713,0.5844917643667031,False,zh,0.4576271186440678
full_klu_heat_t=0.3_alpha_0.2,0.6718518518518519,0.5850947699097593,0.58558195224675,False,zh,0.4576271186440678
full_klu_heat_t=0.3_alpha_0.3,0.676064814814815,0.5882464845005051,0.5887229830592222,False,zh,0.4576271186440678
full_klu_heat_t=0.3_alpha_0.4,0.6800462962962963,0.5900505479967654,0.5905209310860036,False,zh,0.4576271186440678
full_klu_heat_t=0.3_alpha_0.5,0.6842592592592593,0.5924540044921256,0.5929162402712101,False,zh,0.4576271186440678
full_klu_heat_t=0.3_alpha_0.6,0.6896296296296297,0.5941521785640791,0.5946086578208856,False,zh,0.4576271186440678
full_klu_heat_t=0.3_alpha_0.7,0.6924074074074074,0.5941002911427891,0.5945569462891594,False,zh,0.4576271186440678
full_klu_heat_t=0.3_alpha_0.8,0.6937037037037037,0.5950225770156627,0.5954761057692438,False,zh,0.4576271186440678
full_klu_heat_t=0.3_alpha_0.9,0.6871296296296296,0.5905418388460384,0.5910105565425672,False,zh,0.4576271186440678
full_klu_heat_t=0.3_alpha_1.0,0.6718287037037037,0.5939516282779072,0.592713872111955,False,zh,0.4576271186440678
full_klu_heatn_t=0.3_alpha_0.0,0.664212962962963,0.5831578884399976,0.5836516364768859,False,zh,0.4576271186440678
full_klu_heatn_t=0.3_alpha_0.1,0.6652314814814815,0.5818804717223183,0.582378549985368,False,zh,0.4576271186440678
full_klu_heatn_t=0.3_alpha_0.2,0.6653703703703704,0.5818208629445845,0.5823191432712878,False,zh,0.4576271186440678
full_klu_heatn_t=0.3_alpha_0.3,0.6662500000000001,0.5812244628971434,0.5817247649189228,False,zh,0.4576271186440678
full_klu_heatn_t=0.3_alpha_0.4,0.6675,0.588982076742316,0.58945608176801,False,zh,0.4576271186440678
full_klu_heatn_t=0.3_alpha_0.5,0.6668981481481482,0.5887584310731794,0.5892331942197856,False,zh,0.4576271186440678
full_klu_heatn_t=0.3_alpha_0.6,0.6663425925925927,0.5883237488288953,0.5887999854746347,False,zh,0.4576271186440678
full_klu_heatn_t=0.3_alpha_0.7,0.6668518518518519,0.5880689026901416,0.5885460032210971,False,zh,0.4576271186440678
full_klu_heatn_t=0.3_alpha_0.8,0.6635648148148149,0.586206782463164,0.5866901952660755,False,zh,0.4576271186440678
full_klu_heatn_t=0.3_alpha_0.9,0.6562037037037036,0.571718161112152,0.5705557726315075,False,zh,0.4576271186440678
full_klu_heatn_t=0.3_alpha_1.0,0.3266435185185185,0.32986345655163035,0.32952091452712323,False,zh,0.4576271186440678
full_klu_heat_t=0.4_alpha_0.0,0.664212962962963,0.5831578884399976,0.5836516364768859,False,zh,0.4576271186440678
full_klu_heat_t=0.4_alpha_0.1,0.6687962962962963,0.583993368200004,0.5844842841021126,False,zh,0.4576271186440678
full_klu_heat_t=0.4_alpha_0.2,0.6730555555555556,0.5864901691496842,0.58697262131976,False,zh,0.4576271186440678
full_klu_heat_t=0.4_alpha_0.3,0.6773148148148148,0.5886046429456947,0.5890799274079872,False,zh,0.4576271186440678
full_klu_heat_t=0.4_alpha_0.4,0.6813425925925927,0.591091673648796,0.5915585274985359,False,zh,0.4576271186440678
full_klu_heat_t=0.4_alpha_0.5,0.6849074074074076,0.5924781569588142,0.5929403108651303,False,zh,0.4576271186440678
full_klu_heat_t=0.4_alpha_0.6,0.690462962962963,0.5943127025405398,0.5947686376482736,False,zh,0.4576271186440678
full_klu_heat_t=0.4_alpha_0.7,0.6918518518518519,0.5926505132715176,0.5931120829191465,False,zh,0.4576271186440678
full_klu_heat_t=0.4_alpha_0.8,0.6927314814814816,0.5935601471373737,0.5940186332803723,False,zh,0.4576271186440678
full_klu_heat_t=0.4_alpha_0.9,0.6851851851851852,0.5890290390131742,0.5895028848447296,False,zh,0.4576271186440678
full_klu_heat_t=0.4_alpha_1.0,0.6724768518518519,0.5936029791235166,0.5923664048191046,False,zh,0.4576271186440678
full_klu_heatn_t=0.4_alpha_0.0,0.664212962962963,0.5831578884399976,0.5836516364768859,False,zh,0.4576271186440678
full_klu_heatn_t=0.4_alpha_0.1,0.6652777777777779,0.5819022921615662,0.5824002964570253,False,zh,0.4576271186440678
full_klu_heatn_t=0.4_alpha_0.2,0.6654166666666668,0.5818620460233268,0.5823601867463734,False,zh,0.4576271186440678
full_klu_heatn_t=0.4_alpha_0.3,0.6659722222222224,0.5808711727623748,0.5813726723778313,False,zh,0.4576271186440678
full_klu_heatn_t=0.4_alpha_0.4,0.6672685185185186,0.5888469189448163,0.5893213821325356,False,zh,0.4576271186440678
full_klu_heatn_t=0.4_alpha_0.5,0.6663425925925927,0.5883825962498418,0.5888586334127983,False,zh,0.4576271186440678
full_klu_heatn_t=0.4_alpha_0.6,0.6660648148148148,0.5877644008725202,0.5882425336130271,False,zh,0.4576271186440678
full_klu_heatn_t=0.4_alpha_0.7,0.6647222222222222,0.5864705440097147,0.5869530627056887,False,zh,0.4576271186440678
full_klu_heatn_t=0.4_alpha_0.8,0.6609722222222223,0.5841775392997228,0.5846678308930188,False,zh,0.4576271186440678
full_klu_heatn_t=0.4_alpha_0.9,0.6507870370370369,0.5675959555557553,0.566447540653268,False,zh,0.4576271186440678
full_klu_heatn_t=0.4_alpha_1.0,0.3277314814814815,0.3314159045793711,0.33106810001917675,False,zh,0.4576271186440678
full_klu_heat_t=0.5_alpha_0.0,0.664212962962963,0.5831578884399976,0.5836516364768859,False,zh,0.4576271186440678
full_klu_heat_t=0.5_alpha_0.1,0.6688425925925927,0.5841072753521288,0.5845978051282978,False,zh,0.4576271186440678
full_klu_heat_t=0.5_alpha_0.2,0.6718981481481483,0.5856053022282556,0.5860907539472175,False,zh,0.4576271186440678
full_klu_heat_t=0.5_alpha_0.3,0.6765740740740741,0.5879524970292399,0.5884299921556561,False,zh,0.4576271186440678
full_klu_heat_t=0.5_alpha_0.4,0.6802314814814815,0.5901609572180246,0.590630966038716,False,zh,0.4576271186440678
full_klu_heat_t=0.5_alpha_0.5,0.6840277777777778,0.591978709841354,0.5924425567887461,False,zh,0.4576271186440678
full_klu_heat_t=0.5_alpha_0.6,0.689351851851852,0.5936524099266279,0.5941105833144089,False,zh,0.4576271186440678
full_klu_heat_t=0.5_alpha_0.7,0.690601851851852,0.5920683003591893,0.5925318436099108,False,zh,0.4576271186440678
full_klu_heat_t=0.5_alpha_0.8,0.6907870370370371,0.5932182238211161,0.5936778690262039,False,zh,0.4576271186440678
full_klu_heat_t=0.5_alpha_0.9,0.6850000000000002,0.5892916529971182,0.5897646086117789,False,zh,0.4576271186440678
full_klu_heat_t=0.5_alpha_1.0,0.6710648148148148,0.596065144155484,0.5948202235289298,False,zh,0.4576271186440678
full_klu_heatn_t=0.5_alpha_0.0,0.664212962962963,0.5831578884399976,0.5836516364768859,False,zh,0.4576271186440678
full_klu_heatn_t=0.5_alpha_0.1,0.6650925925925926,0.5818259562459123,0.5823242193071873,False,zh,0.4576271186440678
full_klu_heatn_t=0.5_alpha_0.2,0.6653703703703704,0.5816723260590613,0.5821711099006308,False,zh,0.4576271186440678
full_klu_heatn_t=0.5_alpha_0.3,0.6663425925925925,0.5877016114224856,0.5881799570085857,False,zh,0.4576271186440678
full_klu_heatn_t=0.5_alpha_0.4,0.6664351851851852,0.5884292292421912,0.5889051083272077,False,zh,0.4576271186440678
full_klu_heatn_t=0.5_alpha_0.5,0.6658796296296297,0.5889855551898889,0.5894595484242351,False,zh,0.4576271186440678
full_klu_heatn_t=0.5_alpha_0.6,0.6653240740740741,0.5877277474940263,0.5882060044832738,False,zh,0.4576271186440678
full_klu_heatn_t=0.5_alpha_0.7,0.6626388888888889,0.584800295609073,0.5852884761640321,False,zh,0.4576271186440678
full_klu_heatn_t=0.5_alpha_0.8,0.658888888888889,0.5834593958629308,0.5839521218407583,False,zh,0.4576271186440678
full_klu_heatn_t=0.5_alpha_0.9,0.6453240740740739,0.5626869469164468,0.5615551727212114,False,zh,0.4576271186440678
full_klu_heatn_t=0.5_alpha_1.0,0.3281018518518518,0.3316865203321874,0.331337798430458,False,zh,0.4576271186440678
full_klu_heat_t=0.6_alpha_0.0,0.664212962962963,0.5831578884399976,0.5836516364768859,False,zh,0.4576271186440678
full_klu_heat_t=0.6_alpha_0.1,0.6678240740740741,0.5834890047154995,0.5839816303243351,False,zh,0.4576271186440678
full_klu_heat_t=0.6_alpha_0.2,0.670462962962963,0.5845672186426938,0.5850561892890644,False,zh,0.4576271186440678
full_klu_heat_t=0.6_alpha_0.3,0.6741203703703704,0.5862962338007609,0.5867793433787992,False,zh,0.4576271186440678
full_klu_heat_t=0.6_alpha_0.4,0.6783796296296297,0.5886956305818412,0.5891706066114688,False,zh,0.4576271186440678
full_klu_heat_t=0.6_alpha_0.5,0.6822685185185187,0.5910167899074715,0.5914838976004023,False,zh,0.4576271186440678
full_klu_heat_t=0.6_alpha_0.6,0.6863888888888889,0.5924820448435202,0.5929441855705659,False,zh,0.4576271186440678
full_klu_heat_t=0.6_alpha_0.7,0.6890740740740741,0.5923490581392834,0.5928116496687164,False,zh,0.4576271186440678
full_klu_heat_t=0.6_alpha_0.8,0.6895370370370371,0.5920327914278343,0.5924964550478147,False,zh,0.4576271186440678
full_klu_heat_t=0.6_alpha_0.9,0.6847685185185186,0.5891463530416525,0.5896198011985352,False,zh,0.4576271186440678
full_klu_heat_t=0.6_alpha_1.0,0.6656018518518518,0.5913500071404688,0.5901210700292199,False,zh,0.4576271186440678
full_klu_heatn_t=0.6_alpha_0.0,0.664212962962963,0.5831578884399976,0.5836516364768859,False,zh,0.4576271186440678
full_klu_heatn_t=0.6_alpha_0.1,0.6649537037037038,0.5817746233612218,0.5822730604322753,False,zh,0.4576271186440678
full_klu_heatn_t=0.6_alpha_0.2,0.6652777777777779,0.5815606767212228,0.5820598390351238,False,zh,0.4576271186440678
full_klu_heatn_t=0.6_alpha_0.3,0.6661111111111111,0.588232593020605,0.5887091386690845,False,zh,0.4576271186440678
full_klu_heatn_t=0.6_alpha_0.4,0.6661111111111111,0.5890045037325387,0.5894784327345369,False,zh,0.4576271186440678
full_klu_heatn_t=0.6_alpha_0.5,0.665462962962963,0.5886849241366943,0.5891599364593564,False,zh,0.4576271186440678
full_klu_heatn_t=0.6_alpha_0.6,0.664074074074074,0.5867077096721602,0.5871894244167359,False,zh,0.4576271186440678
full_klu_heatn_t=0.6_alpha_0.7,0.6606481481481481,0.5835753165701179,0.5840676495963956,False,zh,0.4576271186440678
full_klu_heatn_t=0.6_alpha_0.8,0.6555555555555554,0.5726199635415309,0.5714545181034986,False,zh,0.4576271186440678
full_klu_heatn_t=0.6_alpha_0.9,0.6403703703703705,0.5531782168652892,0.5520786756532783,False,zh,0.4576271186440678
full_klu_heatn_t=0.6_alpha_1.0,0.3277777777777777,0.332478366741917,0.3321269606150699,False,zh,0.4576271186440678
full_klu_heat_t=0.7_alpha_0.0,0.664212962962963,0.5831578884399976,0.5836516364768859,False,zh,0.4576271186440678
full_klu_heat_t=0.7_alpha_0.1,0.666712962962963,0.5827594887527542,0.5832545872970569,False,zh,0.4576271186440678
full_klu_heat_t=0.7_alpha_0.2,0.6693981481481484,0.5839861126378143,0.584477053135049,False,zh,0.4576271186440678
full_klu_heat_t=0.7_alpha_0.3,0.6722685185185185,0.5850755434002632,0.5855627909118625,False,zh,0.4576271186440678
full_klu_heat_t=0.7_alpha_0.4,0.6755555555555556,0.5869368218656761,0.5874177599587486,False,zh,0.4576271186440678
full_klu_heat_t=0.7_alpha_0.5,0.6797685185185186,0.5898284966367179,0.5902996324424308,False,zh,0.4576271186440678
full_klu_heat_t=0.7_alpha_0.6,0.6826851851851853,0.5905387355479897,0.5910074637641728,False,zh,0.4576271186440678
full_klu_heat_t=0.7_alpha_0.7,0.6860648148148148,0.5916706808634139,0.5921355719768329,False,zh,0.4576271186440678
full_klu_heat_t=0.7_alpha_0.8,0.6882407407407407,0.5912665555005001,0.5917328165304035,False,zh,0.4576271186440678
full_klu_heat_t=0.7_alpha_0.9,0.6826851851851852,0.5874429283264693,0.5879221508044203,False,zh,0.4576271186440678
full_klu_heat_t=0.7_alpha_1.0,0.6614351851851852,0.5880399026397736,0.5868221862217473,False,zh,0.4576271186440678
full_klu_heatn_t=0.7_alpha_0.0,0.664212962962963,0.5831578884399976,0.5836516364768859,False,zh,0.4576271186440678
full_klu_heatn_t=0.7_alpha_0.1,0.6647685185185186,0.5816705833102839,0.5821693730594762,False,zh,0.4576271186440678
full_klu_heatn_t=0.7_alpha_0.2,0.6647685185185186,0.5812200539459143,0.5817203709132909,False,zh,0.4576271186440678
full_klu_heatn_t=0.7_alpha_0.3,0.6650462962962964,0.5811576154850377,0.581658144108214,False,zh,0.4576271186440678
full_klu_heatn_t=0.7_alpha_0.4,0.6656944444444445,0.5888776554699067,0.5893520144660155,False,zh,0.4576271186440678
full_klu_heatn_t=0.7_alpha_0.5,0.6644907407407407,0.5872017672973293,0.5876818072702944,False,zh,0.4576271186440678
full_klu_heatn_t=0.7_alpha_0.6,0.6630555555555556,0.5856596853084304,0.586144952677968,False,zh,0.4576271186440678
full_klu_heatn_t=0.7_alpha_0.7,0.660138888888889,0.5835535750333294,0.5840459817597319,False,zh,0.4576271186440678
full_klu_heatn_t=0.7_alpha_0.8,0.6544907407407407,0.5705661836192547,0.5694077001470608,False,zh,0.4576271186440678
full_klu_heatn_t=0.7_alpha_0.9,0.6360185185185184,0.5501108063097242,0.5490216630995964,False,zh,0.4576271186440678
full_klu_heatn_t=0.7_alpha_1.0,0.327662037037037,0.33248551073966703,0.3321340803958785,False,zh,0.4576271186440678
full_klu_matern_kappa=1.0_nu=1.0_alpha_0.0,0.664212962962963,0.5831578884399976,0.5836516364768859,False,zh,0.4576271186440678
full_klu_matern_kappa=1.0_nu=1.0_alpha_0.1,0.6661574074074074,0.5825855461420346,0.5830812343223059,False,zh,0.4576271186440678
full_klu_matern_kappa=1.0_nu=1.0_alpha_0.2,0.6672685185185186,0.5831597787376424,0.583653520366742,False,zh,0.4576271186440678
full_klu_matern_kappa=1.0_nu=1.0_alpha_0.3,0.6686111111111112,0.583960404518415,0.5844514321618172,False,zh,0.4576271186440678
full_klu_matern_kappa=1.0_nu=1.0_alpha_0.4,0.6691666666666667,0.5840614549134429,0.5845521400131329,False,zh,0.4576271186440678
full_klu_matern_kappa=1.0_nu=1.0_alpha_0.5,0.672962962962963,0.5852949457603843,0.5857814495351695,False,zh,0.4576271186440678
full_klu_matern_kappa=1.0_nu=1.0_alpha_0.6,0.6770370370370371,0.5885968550322248,0.5890721658942241,False,zh,0.4576271186440678
full_klu_matern_kappa=1.0_nu=1.0_alpha_0.7,0.6799537037037038,0.5895574261652639,0.5900294808539308,False,zh,0.4576271186440678
full_klu_matern_kappa=1.0_nu=1.0_alpha_0.8,0.6875925925925928,0.593687689139329,0.5941457429365585,False,zh,0.4576271186440678
full_klu_matern_kappa=1.0_nu=1.0_alpha_0.9,0.6937962962962964,0.5938862243551689,0.5943436051516667,False,zh,0.4576271186440678
full_klu_matern_kappa=1.0_nu=1.0_alpha_1.0,0.6718055555555555,0.5958861852471011,0.5946418712609144,False,zh,0.4576271186440678
full_klu_maternn_kappa=1.0_nu=1.0_alpha_0.0,0.664212962962963,0.5831578884399976,0.5836516364768859,False,zh,0.4576271186440678
full_klu_maternn_kappa=1.0_nu=1.0_alpha_0.1,0.6652314814814815,0.5818631960633567,0.5823613328879623,False,zh,0.4576271186440678
full_klu_maternn_kappa=1.0_nu=1.0_alpha_0.2,0.6652314814814816,0.5818057735046085,0.5823041049819557,False,zh,0.4576271186440678
full_klu_maternn_kappa=1.0_nu=1.0_alpha_0.3,0.6660648148148149,0.5809861899594042,0.5814872996860572,False,zh,0.4576271186440678
full_klu_maternn_kappa=1.0_nu=1.0_alpha_0.4,0.6668518518518519,0.5819041381986176,0.582402136236324,False,zh,0.4576271186440678
full_klu_maternn_kappa=1.0_nu=1.0_alpha_0.5,0.6660185185185186,0.5815050524738642,0.582004403344536,False,zh,0.4576271186440678
full_klu_maternn_kappa=1.0_nu=1.0_alpha_0.6,0.6661111111111111,0.5812878722793318,0.5817879593540528,False,zh,0.4576271186440678
full_klu_maternn_kappa=1.0_nu=1.0_alpha_0.7,0.6657407407407407,0.5872418750374511,0.5877217790519751,False,zh,0.4576271186440678
full_klu_maternn_kappa=1.0_nu=1.0_alpha_0.8,0.6619907407407407,0.5841603358561861,0.5846506857662398,False,zh,0.4576271186440678
full_klu_maternn_kappa=1.0_nu=1.0_alpha_0.9,0.6553703703703703,0.5709748027397326,0.5698149341179777,False,zh,0.4576271186440678
full_klu_maternn_kappa=1.0_nu=1.0_alpha_1.0,0.3277314814814814,0.3326013812077888,0.33224955808275236,False,zh,0.4576271186440678
full_klu_matern_kappa=1.0_nu=2.0_alpha_0.0,0.664212962962963,0.5831578884399976,0.5836516364768859,False,zh,0.4576271186440678
full_klu_matern_kappa=1.0_nu=2.0_alpha_0.1,0.6669907407407408,0.5831595845811802,0.5836533268684373,False,zh,0.4576271186440678
full_klu_matern_kappa=1.0_nu=2.0_alpha_0.2,0.6690740740740742,0.5842327189370538,0.5847228234807318,False,zh,0.4576271186440678
full_klu_matern_kappa=1.0_nu=2.0_alpha_0.3,0.6714814814814815,0.5847619864982996,0.5852502969146511,False,zh,0.4576271186440678
full_klu_matern_kappa=1.0_nu=2.0_alpha_0.4,0.6752777777777779,0.5877608575844037,0.5882390023360565,False,zh,0.4576271186440678
full_klu_matern_kappa=1.0_nu=2.0_alpha_0.5,0.6782407407407408,0.589005592374942,0.5894795176866271,False,zh,0.4576271186440678
full_klu_matern_kappa=1.0_nu=2.0_alpha_0.6,0.6831018518518518,0.591923709944373,0.592387743332094,False,zh,0.4576271186440678
full_klu_matern_kappa=1.0_nu=2.0_alpha_0.7,0.6884722222222223,0.5936453219015869,0.5941035193165715,False,zh,0.4576271186440678
full_klu_matern_kappa=1.0_nu=2.0_alpha_0.8,0.6918981481481482,0.593225530613941,0.5936851510502397,False,zh,0.4576271186440678
full_klu_matern_kappa=1.0_nu=2.0_alpha_0.9,0.6919907407407409,0.5935780590771325,0.5940364845016916,False,zh,0.4576271186440678
full_klu_matern_kappa=1.0_nu=2.0_alpha_1.0,0.671875,0.5932156688264508,0.5919804074383003,False,zh,0.4576271186440678
full_klu_maternn_kappa=1.0_nu=2.0_alpha_0.0,0.664212962962963,0.5831578884399976,0.5836516364768859,False,zh,0.4576271186440678
full_klu_maternn_kappa=1.0_nu=2.0_alpha_0.1,0.6652314814814816,0.5818807645631849,0.582378841833554,False,zh,0.4576271186440678
full_klu_maternn_kappa=1.0_nu=2.0_alpha_0.2,0.6654166666666668,0.5818620460233268,0.5823601867463734,False,zh,0.4576271186440678
full_klu_maternn_kappa=1.0_nu=2.0_alpha_0.3,0.6659722222222222,0.5808306368968721,0.5813322739220422,False,zh,0.4576271186440678
full_klu_maternn_kappa=1.0_nu=2.0_alpha_0.4,0.6666203703703705,0.5818252801171766,0.5823235454704134,False,zh,0.4576271186440678
full_klu_maternn_kappa=1.0_nu=2.0_alpha_0.5,0.6658796296296298,0.5814713406305443,0.5819708057786508,False,zh,0.4576271186440678
full_klu_maternn_kappa=1.0_nu=2.0_alpha_0.6,0.6661111111111112,0.5884391548214826,0.5889150002604675,False,zh,0.4576271186440678
full_klu_maternn_kappa=1.0_nu=2.0_alpha_0.7,0.664675925925926,0.5863067339111845,0.586789807895628,False,zh,0.4576271186440678
full_klu_maternn_kappa=1.0_nu=2.0_alpha_0.8,0.6608796296296297,0.5835150502945949,0.584007587613332,False,zh,0.4576271186440678
full_klu_maternn_kappa=1.0_nu=2.0_alpha_0.9,0.6523148148148148,0.5689010699401701,0.5677482309211254,False,zh,0.4576271186440678
full_klu_maternn_kappa=1.0_nu=2.0_alpha_1.0,0.3278472222222221,0.33255393471453604,0.33220227242506994,False,zh,0.4576271186440678
full_klu_matern_kappa=1.0_nu=3.0_alpha_0.0,0.664212962962963,0.5831578884399976,0.5836516364768859,False,zh,0.4576271186440678
full_klu_matern_kappa=1.0_nu=3.0_alpha_0.1,0.6677314814814816,0.5836512012089841,0.5841432769991977,False,zh,0.4576271186440678
full_klu_matern_kappa=1.0_nu=3.0_alpha_0.2,0.6699537037037038,0.5846335718787085,0.5851223175988554,False,zh,0.4576271186440678
full_klu_matern_kappa=1.0_nu=3.0_alpha_0.3,0.6738425925925926,0.5870524113775908,0.5875329576418092,False,zh,0.4576271186440678
full_klu_matern_kappa=1.0_nu=3.0_alpha_0.4,0.6768981481481482,0.5883376539219622,0.588813843431793,False,zh,0.4576271186440678
full_klu_matern_kappa=1.0_nu=3.0_alpha_0.5,0.6801851851851853,0.5904310880206085,0.5909001811436642,False,zh,0.4576271186440678
full_klu_matern_kappa=1.0_nu=3.0_alpha_0.6,0.685462962962963,0.5927374872574251,0.5931987620779832,False,zh,0.4576271186440678
full_klu_matern_kappa=1.0_nu=3.0_alpha_0.7,0.6902777777777778,0.5941150913359345,0.5945716963121587,False,zh,0.4576271186440678
full_klu_matern_kappa=1.0_nu=3.0_alpha_0.8,0.6925462962962964,0.593393070027745,0.5938521225338274,False,zh,0.4576271186440678
full_klu_matern_kappa=1.0_nu=3.0_alpha_0.9,0.6887500000000001,0.5916744330107979,0.5921393114050733,False,zh,0.4576271186440678
full_klu_matern_kappa=1.0_nu=3.0_alpha_1.0,0.6714583333333333,0.5953080712462597,0.5940657169685505,False,zh,0.4576271186440678
full_klu_maternn_kappa=1.0_nu=3.0_alpha_0.0,0.664212962962963,0.5831578884399976,0.5836516364768859,False,zh,0.4576271186440678
full_klu_maternn_kappa=1.0_nu=3.0_alpha_0.1,0.6651388888888888,0.5818400114547727,0.5823382268712719,False,zh,0.4576271186440678
full_klu_maternn_kappa=1.0_nu=3.0_alpha_0.2,0.6654166666666667,0.5818458011345438,0.5823439969250099,False,zh,0.4576271186440678
full_klu_maternn_kappa=1.0_nu=3.0_alpha_0.3,0.6660185185185186,0.5808444191886547,0.5813460094941916,False,zh,0.4576271186440678
full_klu_maternn_kappa=1.0_nu=3.0_alpha_0.4,0.6665740740740742,0.5818054429374755,0.5823037755353893,False,zh,0.4576271186440678
full_klu_maternn_kappa=1.0_nu=3.0_alpha_0.5,0.6662962962962963,0.5885763728474303,0.5890517531405645,False,zh,0.4576271186440678
full_klu_maternn_kappa=1.0_nu=3.0_alpha_0.6,0.6658796296296297,0.588217973779456,0.5886945689846851,False,zh,0.4576271186440678
full_klu_maternn_kappa=1.0_nu=3.0_alpha_0.7,0.6643981481481481,0.5866789356978057,0.5871607479812776,False,zh,0.4576271186440678
full_klu_maternn_kappa=1.0_nu=3.0_alpha_0.8,0.6606944444444445,0.5837599760480134,0.5842516831099593,False,zh,0.4576271186440678
full_klu_maternn_kappa=1.0_nu=3.0_alpha_0.9,0.6500925925925927,0.5664641125066308,0.5653195343602423,False,zh,0.4576271186440678
full_klu_maternn_kappa=1.0_nu=3.0_alpha_1.0,0.3280555555555555,0.3327369873902748,0.33238470458326386,False,zh,0.4576271186440678
full_klu_matern_kappa=2.0_nu=1.0_alpha_0.0,0.664212962962963,0.5831578884399976,0.5836516364768859,False,zh,0.4576271186440678
full_klu_matern_kappa=2.0_nu=1.0_alpha_0.1,0.6668055555555555,0.5829733536245058,0.5834677272031413,False,zh,0.4576271186440678
full_klu_matern_kappa=2.0_nu=1.0_alpha_0.2,0.6676851851851853,0.5835256733491533,0.5840181746575359,False,zh,0.4576271186440678
full_klu_matern_kappa=2.0_nu=1.0_alpha_0.3,0.6693981481481481,0.5841507298528551,0.584641112325632,False,zh,0.4576271186440678
full_klu_matern_kappa=2.0_nu=1.0_alpha_0.4,0.6716203703703704,0.5850674485061638,0.5855547234580821,False,zh,0.4576271186440678
full_klu_matern_kappa=2.0_nu=1.0_alpha_0.5,0.6753240740740741,0.5872992061023857,0.5877789157743167,False,zh,0.4576271186440678
full_klu_matern_kappa=2.0_nu=1.0_alpha_0.6,0.6783333333333335,0.5892048531968019,0.5896781030480739,False,zh,0.4576271186440678
full_klu_matern_kappa=2.0_nu=1.0_alpha_0.7,0.6850925925925926,0.5923594501336795,0.5928220064360129,False,zh,0.4576271186440678
full_klu_matern_kappa=2.0_nu=1.0_alpha_0.8,0.6884259259259259,0.5924406589881173,0.5929029400061984,False,zh,0.4576271186440678
full_klu_matern_kappa=2.0_nu=1.0_alpha_0.9,0.6896296296296297,0.5927371813779999,0.5931984572354374,False,zh,0.4576271186440678
full_klu_matern_kappa=2.0_nu=1.0_alpha_1.0,0.6650694444444445,0.5912620992733599,0.5900334601548809,False,zh,0.4576271186440678
full_klu_maternn_kappa=2.0_nu=1.0_alpha_0.0,0.664212962962963,0.5831578884399976,0.5836516364768859,False,zh,0.4576271186440678
full_klu_maternn_kappa=2.0_nu=1.0_alpha_0.1,0.6644907407407408,0.5814370787037101,0.5819366599939417,False,zh,0.4576271186440678
full_klu_maternn_kappa=2.0_nu=1.0_alpha_0.2,0.6649074074074075,0.5813695684426847,0.5818693785812588,False,zh,0.4576271186440678
full_klu_maternn_kappa=2.0_nu=1.0_alpha_0.3,0.6647685185185185,0.5812128815869003,0.5817132228673584,False,zh,0.4576271186440678
full_klu_maternn_kappa=2.0_nu=1.0_alpha_0.4,0.6643981481481482,0.5810769836382403,0.5815777855897108,False,zh,0.4576271186440678
full_klu_maternn_kappa=2.0_nu=1.0_alpha_0.5,0.6639351851851854,0.5803635228389445,0.5808667433015992,False,zh,0.4576271186440678
full_klu_maternn_kappa=2.0_nu=1.0_alpha_0.6,0.6622222222222223,0.5784661508159001,0.5789758030481243,False,zh,0.4576271186440678
full_klu_maternn_kappa=2.0_nu=1.0_alpha_0.7,0.6605092592592593,0.5777158855382172,0.5782280810425692,False,zh,0.4576271186440678
full_klu_maternn_kappa=2.0_nu=1.0_alpha_0.8,0.6573148148148148,0.5714051633019896,0.5702438358308712,False,zh,0.4576271186440678
full_klu_maternn_kappa=2.0_nu=1.0_alpha_0.9,0.6516666666666666,0.56721583538894,0.5660687090293912,False,zh,0.4576271186440678
full_klu_maternn_kappa=2.0_nu=1.0_alpha_1.0,0.3453472222222222,0.34664662561995163,0.34624719149690786,False,zh,0.4576271186440678
full_klu_matern_kappa=2.0_nu=2.0_alpha_0.0,0.664212962962963,0.5831578884399976,0.5836516364768859,False,zh,0.4576271186440678
full_klu_matern_kappa=2.0_nu=2.0_alpha_0.1,0.6657407407407409,0.5823939843277012,0.5828903218700549,False,zh,0.4576271186440678
full_klu_matern_kappa=2.0_nu=2.0_alpha_0.2,0.6673148148148148,0.5832682511155136,0.5837616250416373,False,zh,0.4576271186440678
full_klu_matern_kappa=2.0_nu=2.0_alpha_0.3,0.6691203703703705,0.5836045161568303,0.5840967502014581,False,zh,0.4576271186440678
full_klu_matern_kappa=2.0_nu=2.0_alpha_0.4,0.671712962962963,0.5847439538168382,0.5852323253609236,False,zh,0.4576271186440678
full_klu_matern_kappa=2.0_nu=2.0_alpha_0.5,0.6747685185185186,0.5867678209364391,0.5872493319140174,False,zh,0.4576271186440678
full_klu_matern_kappa=2.0_nu=2.0_alpha_0.6,0.6785185185185186,0.5889648146875581,0.589438878228692,False,zh,0.4576271186440678
full_klu_matern_kappa=2.0_nu=2.0_alpha_0.7,0.6824074074074075,0.5900329999629035,0.5905034425370022,False,zh,0.4576271186440678
full_klu_matern_kappa=2.0_nu=2.0_alpha_0.8,0.6862962962962963,0.5909880083312138,0.5914552135888098,False,zh,0.4576271186440678
full_klu_matern_kappa=2.0_nu=2.0_alpha_0.9,0.6832407407407408,0.5891325859038116,0.589606080728958,False,zh,0.4576271186440678
full_klu_matern_kappa=2.0_nu=2.0_alpha_1.0,0.658912037037037,0.589456650929828,0.5882341319752253,False,zh,0.4576271186440678
full_klu_maternn_kappa=2.0_nu=2.0_alpha_0.0,0.664212962962963,0.5831578884399976,0.5836516364768859,False,zh,0.4576271186440678
full_klu_maternn_kappa=2.0_nu=2.0_alpha_0.1,0.664212962962963,0.5812139654564683,0.5817143030627924,False,zh,0.4576271186440678
full_klu_maternn_kappa=2.0_nu=2.0_alpha_0.2,0.664675925925926,0.5810762764250741,0.5815770807738774,False,zh,0.4576271186440678
full_klu_maternn_kappa=2.0_nu=2.0_alpha_0.3,0.6643518518518519,0.5813088554993691,0.5818088714445306,False,zh,0.4576271186440678
full_klu_maternn_kappa=2.0_nu=2.0_alpha_0.4,0.6635185185185185,0.5803652198649231,0.5808684345749471,False,zh,0.4576271186440678
full_klu_maternn_kappa=2.0_nu=2.0_alpha_0.5,0.6625000000000001,0.5790757818937541,0.5795833675799517,False,zh,0.4576271186440678
full_klu_maternn_kappa=2.0_nu=2.0_alpha_0.6,0.6610648148148148,0.5776704664700174,0.5781828159373124,False,zh,0.4576271186440678
full_klu_maternn_kappa=2.0_nu=2.0_alpha_0.7,0.6581018518518519,0.5763297449514413,0.5768466392374433,False,zh,0.4576271186440678
full_klu_maternn_kappa=2.0_nu=2.0_alpha_0.8,0.6553703703703702,0.5701830233092315,0.5690258386855461,False,zh,0.4576271186440678
full_klu_maternn_kappa=2.0_nu=2.0_alpha_0.9,0.6488888888888888,0.5641499606807674,0.5630132271168395,False,zh,0.4576271186440678
full_klu_maternn_kappa=2.0_nu=2.0_alpha_1.0,0.3834722222222222,0.3599108364547289,0.3594664389051265,False,zh,0.4576271186440678
full_klu_matern_kappa=2.0_nu=3.0_alpha_0.0,0.664212962962963,0.5831578884399976,0.5836516364768859,False,zh,0.4576271186440678
full_klu_matern_kappa=2.0_nu=3.0_alpha_0.1,0.6645370370370371,0.5814619209119163,0.5819614179912727,False,zh,0.4576271186440678
full_klu_matern_kappa=2.0_nu=3.0_alpha_0.2,0.6660185185185187,0.582372033130976,0.582868445084166,False,zh,0.4576271186440678
full_klu_matern_kappa=2.0_nu=3.0_alpha_0.3,0.6671296296296296,0.5829031026963409,0.5833977144137161,False,zh,0.4576271186440678
full_klu_matern_kappa=2.0_nu=3.0_alpha_0.4,0.6694907407407409,0.5837139003487806,0.5842057635995374,False,zh,0.4576271186440678
full_klu_matern_kappa=2.0_nu=3.0_alpha_0.5,0.6716666666666669,0.5849466205254381,0.5854343050637317,False,zh,0.4576271186440678
full_klu_matern_kappa=2.0_nu=3.0_alpha_0.6,0.6744444444444446,0.5865213819934478,0.5870037283572735,False,zh,0.4576271186440678
full_klu_matern_kappa=2.0_nu=3.0_alpha_0.7,0.6795833333333334,0.5882020256957712,0.5886786749623009,False,zh,0.4576271186440678
full_klu_matern_kappa=2.0_nu=3.0_alpha_0.8,0.6818518518518519,0.5882228125342328,0.5886993913369033,False,zh,0.4576271186440678
full_klu_matern_kappa=2.0_nu=3.0_alpha_0.9,0.6799074074074074,0.5869751493622,0.5874559575315554,False,zh,0.4576271186440678
full_klu_matern_kappa=2.0_nu=3.0_alpha_1.0,0.653125,0.5855937216190379,0.584384297340065,False,zh,0.4576271186440678
full_klu_maternn_kappa=2.0_nu=3.0_alpha_0.0,0.664212962962963,0.5831578884399976,0.5836516364768859,False,zh,0.4576271186440678
full_klu_maternn_kappa=2.0_nu=3.0_alpha_0.1,0.663888888888889,0.5808515089804491,0.5813530752527936,False,zh,0.4576271186440678
full_klu_maternn_kappa=2.0_nu=3.0_alpha_0.2,0.6645833333333334,0.5810318458092101,0.5815328007702706,False,zh,0.4576271186440678
full_klu_maternn_kappa=2.0_nu=3.0_alpha_0.3,0.6641203703703704,0.5810445315705322,0.5815454435290117,False,zh,0.4576271186440678
full_klu_maternn_kappa=2.0_nu=3.0_alpha_0.4,0.6632407407407408,0.5799938361005899,0.5804983097386286,False,zh,0.4576271186440678
full_klu_maternn_kappa=2.0_nu=3.0_alpha_0.5,0.6614351851851853,0.5788982178697317,0.579406405467875,False,zh,0.4576271186440678
full_klu_maternn_kappa=2.0_nu=3.0_alpha_0.6,0.6600000000000001,0.577831428083206,0.5783432319179138,False,zh,0.4576271186440678
full_klu_maternn_kappa=2.0_nu=3.0_alpha_0.7,0.6578240740740741,0.5758841913877545,0.5764025960248198,False,zh,0.4576271186440678
full_klu_maternn_kappa=2.0_nu=3.0_alpha_0.8,0.6547222222222222,0.5695869505916923,0.5684317865534901,False,zh,0.4576271186440678
full_klu_maternn_kappa=2.0_nu=3.0_alpha_0.9,0.6480555555555556,0.5554754655527324,0.5543681370570351,False,zh,0.4576271186440678
full_klu_maternn_kappa=2.0_nu=3.0_alpha_1.0,0.42115740740740737,0.37755607529144,0.3770518633728996,False,zh,0.4576271186440678
full_klu_matern_kappa=3.0_nu=1.0_alpha_0.0,0.664212962962963,0.5831578884399976,0.5836516364768859,False,zh,0.4576271186440678
full_klu_matern_kappa=3.0_nu=1.0_alpha_0.1,0.6657407407407409,0.5823505913793884,0.582847076016482,False,zh,0.4576271186440678
full_klu_matern_kappa=3.0_nu=1.0_alpha_0.2,0.6666666666666667,0.5828887228492488,0.5833833833118683,False,zh,0.4576271186440678
full_klu_matern_kappa=3.0_nu=1.0_alpha_0.3,0.6681018518518519,0.5833456644426138,0.5838387759506797,False,zh,0.4576271186440678
full_klu_matern_kappa=3.0_nu=1.0_alpha_0.4,0.6705092592592593,0.584299796950942,0.584789674111522,False,zh,0.4576271186440678
full_klu_matern_kappa=3.0_nu=1.0_alpha_0.5,0.6728703703703705,0.5856878199828406,0.5861729919806006,False,zh,0.4576271186440678
full_klu_matern_kappa=3.0_nu=1.0_alpha_0.6,0.6761111111111112,0.5874772764086547,0.5879563824524286,False,zh,0.4576271186440678
full_klu_matern_kappa=3.0_nu=1.0_alpha_0.7,0.6811574074074075,0.5897816455570095,0.5902529401799418,False,zh,0.4576271186440678
full_klu_matern_kappa=3.0_nu=1.0_alpha_0.8,0.6866666666666668,0.5922623279213955,0.5927252134515673,False,zh,0.4576271186440678
full_klu_matern_kappa=3.0_nu=1.0_alpha_0.9,0.6866203703703704,0.5903469753322714,0.5908163535830842,False,zh,0.4576271186440678
full_klu_matern_kappa=3.0_nu=1.0_alpha_1.0,0.6600231481481481,0.5901295392285966,0.58890473929671,False,zh,0.4576271186440678
full_klu_maternn_kappa=3.0_nu=1.0_alpha_0.0,0.664212962962963,0.5831578884399976,0.5836516364768859,False,zh,0.4576271186440678
full_klu_maternn_kappa=3.0_nu=1.0_alpha_0.1,0.663888888888889,0.5808616277317615,0.581363159703254,False,zh,0.4576271186440678
full_klu_maternn_kappa=3.0_nu=1.0_alpha_0.2,0.6648611111111112,0.5810356400984963,0.5815365821975591,False,zh,0.4576271186440678
full_klu_maternn_kappa=3.0_nu=1.0_alpha_0.3,0.6649537037037038,0.5816770098066751,0.582175777771134,False,zh,0.4576271186440678
full_klu_maternn_kappa=3.0_nu=1.0_alpha_0.4,0.6641666666666667,0.5809125577582965,0.5814139170856313,False,zh,0.4576271186440678
full_klu_maternn_kappa=3.0_nu=1.0_alpha_0.5,0.6625925925925927,0.5793663144253554,0.5798729152555135,False,zh,0.4576271186440678
full_klu_maternn_kappa=3.0_nu=1.0_alpha_0.6,0.6619907407407408,0.5781072564647687,0.5786181252880136,False,zh,0.4576271186440678
full_klu_maternn_kappa=3.0_nu=1.0_alpha_0.7,0.6616666666666667,0.5780355107799054,0.5785466228088619,False,zh,0.4576271186440678
full_klu_maternn_kappa=3.0_nu=1.0_alpha_0.8,0.6613425925925924,0.5724416734876612,0.5712768324226929,False,zh,0.4576271186440678
full_klu_maternn_kappa=3.0_nu=1.0_alpha_0.9,0.6618055555555555,0.5728259824210592,0.5716598386139439,False,zh,0.4576271186440678
full_klu_maternn_kappa=3.0_nu=1.0_alpha_1.0,0.634837962962963,0.5444152806175382,0.5433454442741636,False,zh,0.4576271186440678
full_klu_matern_kappa=3.0_nu=2.0_alpha_0.0,0.664212962962963,0.5831578884399976,0.5836516364768859,False,zh,0.4576271186440678
full_klu_matern_kappa=3.0_nu=2.0_alpha_0.1,0.6639351851851852,0.5810576648570522,0.5815585322959166,False,zh,0.4576271186440678
full_klu_matern_kappa=3.0_nu=2.0_alpha_0.2,0.6640740740740741,0.5812919869523085,0.5817920600789855,False,zh,0.4576271186440678
full_klu_matern_kappa=3.0_nu=2.0_alpha_0.3,0.6649537037037038,0.5817020443325062,0.5822007274341657,False,zh,0.4576271186440678
full_klu_matern_kappa=3.0_nu=2.0_alpha_0.4,0.6660648148148148,0.5831158019007145,0.5836096926038378,False,zh,0.4576271186440678
full_klu_matern_kappa=3.0_nu=2.0_alpha_0.5,0.6677314814814815,0.583193676626686,0.5836873033476873,False,zh,0.4576271186440678
full_klu_matern_kappa=3.0_nu=2.0_alpha_0.6,0.6693981481481484,0.5840070943659647,0.5844979637386971,False,zh,0.4576271186440678
full_klu_matern_kappa=3.0_nu=2.0_alpha_0.7,0.6724537037037038,0.585672854748204,0.5861580774755728,False,zh,0.4576271186440678
full_klu_matern_kappa=3.0_nu=2.0_alpha_0.8,0.6775462962962963,0.5870400899545372,0.5875206779862915,False,zh,0.4576271186440678
full_klu_matern_kappa=3.0_nu=2.0_alpha_0.9,0.6786574074074074,0.585603102349473,0.5860885615256513,False,zh,0.4576271186440678
full_klu_matern_kappa=3.0_nu=2.0_alpha_1.0,0.650949074074074,0.5851774751281413,0.5839694618542222,False,zh,0.4576271186440678
full_klu_maternn_kappa=3.0_nu=2.0_alpha_0.0,0.664212962962963,0.5831578884399976,0.5836516364768859,False,zh,0.4576271186440678
full_klu_maternn_kappa=3.0_nu=2.0_alpha_0.1,0.6638425925925926,0.5809791927859507,0.5814803262318357,False,zh,0.4576271186440678
full_klu_maternn_kappa=3.0_nu=2.0_alpha_0.2,0.6642592592592593,0.5809946616210744,0.5814957426302302,False,zh,0.4576271186440678
full_klu_maternn_kappa=3.0_nu=2.0_alpha_0.3,0.6638425925925926,0.581034630955334,0.5815355764752212,False,zh,0.4576271186440678
full_klu_maternn_kappa=3.0_nu=2.0_alpha_0.4,0.6637037037037038,0.5807191280473509,0.581221143068621,False,zh,0.4576271186440678
full_klu_maternn_kappa=3.0_nu=2.0_alpha_0.5,0.6628240740740741,0.5799805848950021,0.5804851034523819,False,zh,0.4576271186440678
full_klu_maternn_kappa=3.0_nu=2.0_alpha_0.6,0.6628703703703704,0.5788577558523809,0.5793660806099052,False,zh,0.4576271186440678
full_klu_maternn_kappa=3.0_nu=2.0_alpha_0.7,0.6636574074074075,0.5785818497615087,0.5790911097939173,False,zh,0.4576271186440678
full_klu_maternn_kappa=3.0_nu=2.0_alpha_0.8,0.6656018518518519,0.5791922596435024,0.5796994504898703,False,zh,0.4576271186440678
full_klu_maternn_kappa=3.0_nu=2.0_alpha_0.9,0.6727314814814815,0.5828780811505273,0.5833727776867018,False,zh,0.4576271186440678
full_klu_maternn_kappa=3.0_nu=2.0_alpha_1.0,0.6478472222222222,0.5740019691638489,0.5728318389609953,False,zh,0.4576271186440678
full_klu_matern_kappa=3.0_nu=3.0_alpha_0.0,0.664212962962963,0.5831578884399976,0.5836516364768859,False,zh,0.4576271186440678
full_klu_matern_kappa=3.0_nu=3.0_alpha_0.1,0.6633796296296296,0.5807884359247069,0.5812902160040198,False,zh,0.4576271186440678
full_klu_matern_kappa=3.0_nu=3.0_alpha_0.2,0.6631018518518518,0.5805418608392856,0.5810444767663459,False,zh,0.4576271186440678
full_klu_matern_kappa=3.0_nu=3.0_alpha_0.3,0.6631944444444444,0.580469674780234,0.5809725354057995,False,zh,0.4576271186440678
full_klu_matern_kappa=3.0_nu=3.0_alpha_0.4,0.6635648148148148,0.5810090063620682,0.5815100387449832,False,zh,0.4576271186440678
full_klu_matern_kappa=3.0_nu=3.0_alpha_0.5,0.6649074074074075,0.5827024630827022,0.583197754934361,False,zh,0.4576271186440678
full_klu_matern_kappa=3.0_nu=3.0_alpha_0.6,0.6654629629629629,0.58278332877502,0.583278346505688,False,zh,0.4576271186440678
full_klu_matern_kappa=3.0_nu=3.0_alpha_0.7,0.6671296296296297,0.5833231393292666,0.5838163271936488,False,zh,0.4576271186440678
full_klu_matern_kappa=3.0_nu=3.0_alpha_0.8,0.67,0.5838655614423092,0.5843569105876641,False,zh,0.4576271186440678
full_klu_matern_kappa=3.0_nu=3.0_alpha_0.9,0.6723611111111112,0.5840403089430077,0.5845310657239536,False,zh,0.4576271186440678
full_klu_matern_kappa=3.0_nu=3.0_alpha_1.0,0.648611111111111,0.5862258913558615,0.5850143241286281,False,zh,0.4576271186440678
full_klu_maternn_kappa=3.0_nu=3.0_alpha_0.0,0.664212962962963,0.5831578884399976,0.5836516364768859,False,zh,0.4576271186440678
full_klu_maternn_kappa=3.0_nu=3.0_alpha_0.1,0.6634722222222224,0.5806996976666811,0.5812017785536483,False,zh,0.4576271186440678
full_klu_maternn_kappa=3.0_nu=3.0_alpha_0.2,0.6639814814814816,0.5807097864308872,0.5812118331186538,False,zh,0.4576271186440678
full_klu_maternn_kappa=3.0_nu=3.0_alpha_0.3,0.6640277777777778,0.581172612128177,0.5816730899152748,False,zh,0.4576271186440678
full_klu_maternn_kappa=3.0_nu=3.0_alpha_0.4,0.6645370370370371,0.581577062828204,0.5820761695959796,False,zh,0.4576271186440678
full_klu_maternn_kappa=3.0_nu=3.0_alpha_0.5,0.6645833333333333,0.581205046657638,0.5817054144971782,False,zh,0.4576271186440678
full_klu_maternn_kappa=3.0_nu=3.0_alpha_0.6,0.6649074074074075,0.5810374920964516,0.5815384279175553,False,zh,0.4576271186440678
full_klu_maternn_kappa=3.0_nu=3.0_alpha_0.7,0.6666203703703705,0.5817247868999815,0.5822233929081919,False,zh,0.4576271186440678
full_klu_maternn_kappa=3.0_nu=3.0_alpha_0.8,0.6705555555555557,0.5834640230397938,0.5839567333322759,False,zh,0.4576271186440678
full_klu_maternn_kappa=3.0_nu=3.0_alpha_0.9,0.6800462962962963,0.5885545584472904,0.5890300126875438,False,zh,0.4576271186440678
full_klu_maternn_kappa=3.0_nu=3.0_alpha_1.0,0.652962962962963,0.5850654949010481,0.5838578612211193,False,zh,0.4576271186440678
deberta_full_klu_heat_t=0.1_alpha_0.0,0.664212962962963,0.5831578884399976,0.5836516364768859,False,zh,0.4576271186440678
deberta_full_klu_heat_t=0.1_alpha_0.1,0.6652777777777777,0.583641490422997,0.5841335991311293,False,zh,0.4576271186440678
deberta_full_klu_heat_t=0.1_alpha_0.2,0.6658333333333334,0.5839405299530578,0.5844316249678677,False,zh,0.4576271186440678
deberta_full_klu_heat_t=0.1_alpha_0.3,0.6656944444444445,0.5837336112113575,0.584225407645631,False,zh,0.4576271186440678
deberta_full_klu_heat_t=0.1_alpha_0.4,0.6661111111111111,0.5837801419555144,0.5842717806584519,False,zh,0.4576271186440678
deberta_full_klu_heat_t=0.1_alpha_0.5,0.6665740740740741,0.5829250274148752,0.5834195648111706,False,zh,0.4576271186440678
deberta_full_klu_heat_t=0.1_alpha_0.6,0.6659259259259259,0.5827113464888791,0.5832066082272965,False,zh,0.4576271186440678
deberta_full_klu_heat_t=0.1_alpha_0.7,0.6660648148148147,0.5827326421045851,0.5832278316544747,False,zh,0.4576271186440678
deberta_full_klu_heat_t=0.1_alpha_0.8,0.6656018518518517,0.583211973389076,0.5837055380871539,False,zh,0.4576271186440678
deberta_full_klu_heat_t=0.1_alpha_0.9,0.6643055555555556,0.5836719320922545,0.5841639376082877,False,zh,0.4576271186440678
deberta_full_klu_heat_t=0.1_alpha_1.0,0.5,0.4196014094826398,0.4189546710075191,False,zh,0.4576271186440678
deberta_full_klu_heatn_t=0.1_alpha_0.0,0.664212962962963,0.5831578884399976,0.5836516364768859,False,zh,0.4576271186440678
deberta_full_klu_heatn_t=0.1_alpha_0.1,0.6658333333333333,0.5839304841337835,0.5844216132022182,False,zh,0.4576271186440678
deberta_full_klu_heatn_t=0.1_alpha_0.2,0.6663425925925925,0.5841188042737531,0.584609294968832,False,zh,0.4576271186440678
deberta_full_klu_heatn_t=0.1_alpha_0.3,0.6668055555555555,0.5831061171544358,0.5836000406872074,False,zh,0.4576271186440678
deberta_full_klu_heatn_t=0.1_alpha_0.4,0.6674537037037037,0.5847059133174153,0.5851944138123463,False,zh,0.4576271186440678
deberta_full_klu_heatn_t=0.1_alpha_0.5,0.6683796296296296,0.5850487134132191,0.5855360518739269,False,zh,0.4576271186440678
deberta_full_klu_heatn_t=0.1_alpha_0.6,0.6690277777777778,0.585339628359064,0.585825980667413,False,zh,0.4576271186440678
deberta_full_klu_heatn_t=0.1_alpha_0.7,0.6699537037037037,0.5858109413335508,0.5862956959708,False,zh,0.4576271186440678
deberta_full_klu_heatn_t=0.1_alpha_0.8,0.670601851851852,0.584965450858193,0.5854530715648499,False,zh,0.4576271186440678
deberta_full_klu_heatn_t=0.1_alpha_0.9,0.6700462962962963,0.5846297729634328,0.5851185315612586,False,zh,0.4576271186440678
deberta_full_klu_heatn_t=0.1_alpha_1.0,0.5,0.4196014094826398,0.4189546710075191,False,zh,0.4576271186440678
deberta_full_klu_heat_t=0.2_alpha_0.0,0.664212962962963,0.5831578884399976,0.5836516364768859,False,zh,0.4576271186440678
deberta_full_klu_heat_t=0.2_alpha_0.1,0.6645833333333333,0.5832783634426838,0.5837717030897325,False,zh,0.4576271186440678
deberta_full_klu_heat_t=0.2_alpha_0.2,0.6650462962962963,0.5833293122418108,0.5838224791810658,False,zh,0.4576271186440678
deberta_full_klu_heat_t=0.2_alpha_0.3,0.6654166666666665,0.5835118119808127,0.5840043602768846,False,zh,0.4576271186440678
deberta_full_klu_heat_t=0.2_alpha_0.4,0.6651388888888888,0.5833988327103292,0.5838917639869791,False,zh,0.4576271186440678
deberta_full_klu_heat_t=0.2_alpha_0.5,0.6643518518518519,0.5830917099349047,0.5835856823057086,False,zh,0.4576271186440678
deberta_full_klu_heat_t=0.2_alpha_0.6,0.6641203703703704,0.5828841377073315,0.583378813712805,False,zh,0.4576271186440678
deberta_full_klu_heat_t=0.2_alpha_0.7,0.6639814814814815,0.5827411975883356,0.5832363581365855,False,zh,0.4576271186440678
deberta_full_klu_heat_t=0.2_alpha_0.8,0.66375,0.5826792456654876,0.5831746162202555,False,zh,0.4576271186440678
deberta_full_klu_heat_t=0.2_alpha_0.9,0.6629166666666666,0.5822337356072587,0.5827306163656137,False,zh,0.4576271186440678
deberta_full_klu_heat_t=0.2_alpha_1.0,0.5,0.4196014094826398,0.4189546710075191,False,zh,0.4576271186440678
deberta_full_klu_heatn_t=0.2_alpha_0.0,0.664212962962963,0.5831578884399976,0.5836516364768859,False,zh,0.4576271186440678
deberta_full_klu_heatn_t=0.2_alpha_0.1,0.6658333333333334,0.5839163946773381,0.5844075715066422,False,zh,0.4576271186440678
deberta_full_klu_heatn_t=0.2_alpha_0.2,0.6662962962962963,0.58408914136798,0.5845797326152818,False,zh,0.4576271186440678
deberta_full_klu_heatn_t=0.2_alpha_0.3,0.6663425925925927,0.5829328638741175,0.5834273747061444,False,zh,0.4576271186440678
deberta_full_klu_heatn_t=0.2_alpha_0.4,0.6670833333333333,0.5844480720488113,0.5849374465819408,False,zh,0.4576271186440678
deberta_full_klu_heatn_t=0.2_alpha_0.5,0.6684259259259259,0.5850775091249198,0.5855647499730456,False,zh,0.4576271186440678
deberta_full_klu_heatn_t=0.2_alpha_0.6,0.6688425925925926,0.5851953441212369,0.5856821855286972,False,zh,0.4576271186440678
deberta_full_klu_heatn_t=0.2_alpha_0.7,0.6692592592592592,0.5854153101940267,0.5859014059537826,False,zh,0.4576271186440678
deberta_full_klu_heatn_t=0.2_alpha_0.8,0.6689351851851852,0.583945720336439,0.5844367977567293,False,zh,0.4576271186440678
deberta_full_klu_heatn_t=0.2_alpha_0.9,0.6680555555555555,0.584439273929918,0.5849286782871794,False,zh,0.4576271186440678
deberta_full_klu_heatn_t=0.2_alpha_1.0,0.5,0.4196014094826398,0.4189546710075191,False,zh,0.4576271186440678
deberta_full_klu_heat_t=0.3_alpha_0.0,0.664212962962963,0.5831578884399976,0.5836516364768859,False,zh,0.4576271186440678
deberta_full_klu_heat_t=0.3_alpha_0.1,0.6637962962962962,0.582944035186783,0.5834385081499532,False,zh,0.4576271186440678
deberta_full_klu_heat_t=0.3_alpha_0.2,0.6640277777777779,0.5829580035440667,0.5834524291568732,False,zh,0.4576271186440678
deberta_full_klu_heat_t=0.3_alpha_0.3,0.6632870370370371,0.582532591854932,0.5830284595412611,False,zh,0.4576271186440678
deberta_full_klu_heat_t=0.3_alpha_0.4,0.6630555555555555,0.5824074821306992,0.5829037739177884,False,zh,0.4576271186440678
deberta_full_klu_heat_t=0.3_alpha_0.5,0.6626388888888889,0.5821130946957767,0.5826103844063741,False,zh,0.4576271186440678
deberta_full_klu_heat_t=0.3_alpha_0.6,0.6618055555555554,0.5817336552551883,0.5822322312011775,False,zh,0.4576271186440678
deberta_full_klu_heat_t=0.3_alpha_0.7,0.6621296296296296,0.581779492635612,0.5822779132006508,False,zh,0.4576271186440678
deberta_full_klu_heat_t=0.3_alpha_0.8,0.6626388888888889,0.581991771719115,0.5824894726940402,False,zh,0.4576271186440678
deberta_full_klu_heat_t=0.3_alpha_0.9,0.6616666666666666,0.5815494997531454,0.5820486999550738,False,zh,0.4576271186440678
deberta_full_klu_heat_t=0.3_alpha_1.0,0.5,0.4196014094826398,0.4189546710075191,False,zh,0.4576271186440678
deberta_full_klu_heatn_t=0.3_alpha_0.0,0.664212962962963,0.5831578884399976,0.5836516364768859,False,zh,0.4576271186440678
deberta_full_klu_heatn_t=0.3_alpha_0.1,0.6656944444444444,0.5838690515102751,0.5843603888248913,False,zh,0.4576271186440678
deberta_full_klu_heatn_t=0.3_alpha_0.2,0.6661111111111111,0.5840020460902813,0.5844929325758127,False,zh,0.4576271186440678
deberta_full_klu_heatn_t=0.3_alpha_0.3,0.6662962962962963,0.5829190668886091,0.5834136244900783,False,zh,0.4576271186440678
deberta_full_klu_heatn_t=0.3_alpha_0.4,0.6673148148148148,0.5845208719593838,0.5850099997131556,False,zh,0.4576271186440678
deberta_full_klu_heatn_t=0.3_alpha_0.5,0.6680555555555555,0.5848474707790934,0.585335491418222,False,zh,0.4576271186440678
deberta_full_klu_heatn_t=0.3_alpha_0.6,0.6685648148148148,0.5850954394875593,0.5855826195547947,False,zh,0.4576271186440678
deberta_full_klu_heatn_t=0.3_alpha_0.7,0.6682870370370371,0.5849228465240957,0.5854106116522243,False,zh,0.4576271186440678
deberta_full_klu_heatn_t=0.3_alpha_0.8,0.6681481481481482,0.5836568315012508,0.5841488882057281,False,zh,0.4576271186440678
deberta_full_klu_heatn_t=0.3_alpha_0.9,0.6673148148148148,0.5841767006666647,0.5846669951027845,False,zh,0.4576271186440678
deberta_full_klu_heatn_t=0.3_alpha_1.0,0.5,0.4196014094826398,0.4189546710075191,False,zh,0.4576271186440678
deberta_full_klu_heat_t=0.4_alpha_0.0,0.664212962962963,0.5831578884399976,0.5836516364768859,False,zh,0.4576271186440678
deberta_full_klu_heat_t=0.4_alpha_0.1,0.6637962962962963,0.5828842498016422,0.583378925427135,False,zh,0.4576271186440678
deberta_full_klu_heat_t=0.4_alpha_0.2,0.6632870370370371,0.5825645787228653,0.5830603379791338,False,zh,0.4576271186440678
deberta_full_klu_heat_t=0.4_alpha_0.3,0.6629166666666667,0.5824019105726169,0.5828982212463438,False,zh,0.4576271186440678
deberta_full_klu_heat_t=0.4_alpha_0.4,0.6623148148148148,0.5820472073312856,0.5825447203888813,False,zh,0.4576271186440678
deberta_full_klu_heat_t=0.4_alpha_0.5,0.662037037037037,0.5818229492121582,0.5823212224667679,False,zh,0.4576271186440678
deberta_full_klu_heat_t=0.4_alpha_0.6,0.6616203703703702,0.5815365577010027,0.5820358017742943,False,zh,0.4576271186440678
deberta_full_klu_heat_t=0.4_alpha_0.7,0.6610185185185184,0.5812356516440349,0.5817359157378587,False,zh,0.4576271186440678
deberta_full_klu_heat_t=0.4_alpha_0.8,0.6609722222222222,0.5810729689690026,0.5815737845295214,False,zh,0.4576271186440678
deberta_full_klu_heat_t=0.4_alpha_0.9,0.6612037037037037,0.5813111800455938,0.5818111881109376,False,zh,0.4576271186440678
deberta_full_klu_heat_t=0.4_alpha_1.0,0.5,0.4196014094826398,0.4189546710075191,False,zh,0.4576271186440678
deberta_full_klu_heatn_t=0.4_alpha_0.0,0.664212962962963,0.5831578884399976,0.5836516364768859,False,zh,0.4576271186440678
deberta_full_klu_heatn_t=0.4_alpha_0.1,0.6657407407407407,0.5838923399804784,0.5843835983511277,False,zh,0.4576271186440678
deberta_full_klu_heatn_t=0.4_alpha_0.2,0.6662499999999999,0.5840986048981144,0.5845891640656531,False,zh,0.4576271186440678
deberta_full_klu_heatn_t=0.4_alpha_0.3,0.66625,0.5829348904898309,0.5834293944519741,False,zh,0.4576271186440678
deberta_full_klu_heatn_t=0.4_alpha_0.4,0.6671296296296296,0.5844147597972082,0.5849042472532248,False,zh,0.4576271186440678
deberta_full_klu_heatn_t=0.4_alpha_0.5,0.6675925925925926,0.5845985449795253,0.5850874094349237,False,zh,0.4576271186440678
deberta_full_klu_heatn_t=0.4_alpha_0.6,0.6682870370370371,0.5837481266617681,0.5842398738911249,False,zh,0.4576271186440678
deberta_full_klu_heatn_t=0.4_alpha_0.7,0.6680555555555556,0.5836094036754378,0.584101621152206,False,zh,0.4576271186440678
deberta_full_klu_heatn_t=0.4_alpha_0.8,0.6677314814814814,0.5834393583041725,0.583932152205928,False,zh,0.4576271186440678
deberta_full_klu_heatn_t=0.4_alpha_0.9,0.6662037037037036,0.5846897960182552,0.5851783511480985,False,zh,0.4576271186440678
deberta_full_klu_heatn_t=0.4_alpha_1.0,0.5,0.4196014094826398,0.4189546710075191,False,zh,0.4576271186440678
deberta_full_klu_heat_t=0.5_alpha_0.0,0.664212962962963,0.5831578884399976,0.5836516364768859,False,zh,0.4576271186440678
deberta_full_klu_heat_t=0.5_alpha_0.1,0.6633796296296296,0.5826104504797287,0.5831060542385162,False,zh,0.4576271186440678
deberta_full_klu_heat_t=0.5_alpha_0.2,0.6627314814814815,0.5823063615017038,0.5828029960705863,False,zh,0.4576271186440678
deberta_full_klu_heat_t=0.5_alpha_0.3,0.6625462962962962,0.5822012615575582,0.5826982523974378,False,zh,0.4576271186440678
deberta_full_klu_heat_t=0.5_alpha_0.4,0.6622222222222223,0.5820905588084837,0.5825879249119195,False,zh,0.4576271186440678
deberta_full_klu_heat_t=0.5_alpha_0.5,0.6615740740740741,0.5817509224791977,0.5822494398922243,False,zh,0.4576271186440678
deberta_full_klu_heat_t=0.5_alpha_0.6,0.6615277777777778,0.5817395150196627,0.5822380711020436,False,zh,0.4576271186440678
deberta_full_klu_heat_t=0.5_alpha_0.7,0.6609722222222223,0.5813539153571455,0.5818537785570266,False,zh,0.4576271186440678
deberta_full_klu_heat_t=0.5_alpha_0.8,0.660324074074074,0.5808796811488344,0.5813811519223029,False,zh,0.4576271186440678
deberta_full_klu_heat_t=0.5_alpha_0.9,0.6605555555555556,0.5809679277761837,0.5814690994085423,False,zh,0.4576271186440678
deberta_full_klu_heat_t=0.5_alpha_1.0,0.5,0.4196014094826398,0.4189546710075191,False,zh,0.4576271186440678
deberta_full_klu_heatn_t=0.5_alpha_0.0,0.664212962962963,0.5831578884399976,0.5836516364768859,False,zh,0.4576271186440678
deberta_full_klu_heatn_t=0.5_alpha_0.1,0.6656018518518517,0.5838092013351477,0.5843007415317133,False,zh,0.4576271186440678
deberta_full_klu_heatn_t=0.5_alpha_0.2,0.6661111111111111,0.5840621717212093,0.5845528543910428,False,zh,0.4576271186440678
deberta_full_klu_heatn_t=0.5_alpha_0.3,0.6666203703703703,0.5842138547280417,0.5847040232181908,False,zh,0.4576271186440678
deberta_full_klu_heatn_t=0.5_alpha_0.4,0.667037037037037,0.5839253950910139,0.5844165414104411,False,zh,0.4576271186440678
deberta_full_klu_heatn_t=0.5_alpha_0.5,0.6673148148148148,0.5840878907038156,0.5845784861906572,False,zh,0.4576271186440678
deberta_full_klu_heatn_t=0.5_alpha_0.6,0.6679629629629629,0.583539467957432,0.5840319225044306,False,zh,0.4576271186440678
deberta_full_klu_heatn_t=0.5_alpha_0.7,0.6671296296296296,0.5831330852542582,0.5836269173697421,False,zh,0.4576271186440678
deberta_full_klu_heatn_t=0.5_alpha_0.8,0.667037037037037,0.5832396463426155,0.5837331172340711,False,zh,0.4576271186440678
deberta_full_klu_heatn_t=0.5_alpha_0.9,0.6656481481481481,0.5833453343439775,0.5838384469710217,False,zh,0.4576271186440678
deberta_full_klu_heatn_t=0.5_alpha_1.0,0.5,0.4196014094826398,0.4189546710075191,False,zh,0.4576271186440678
deberta_full_klu_heat_t=0.6_alpha_0.0,0.664212962962963,0.5831578884399976,0.5836516364768859,False,zh,0.4576271186440678
deberta_full_klu_heat_t=0.6_alpha_0.1,0.6633333333333333,0.5826117600823891,0.5831073594018455,False,zh,0.4576271186440678
deberta_full_klu_heat_t=0.6_alpha_0.2,0.6629166666666667,0.583059443145985,0.5835535248957344,False,zh,0.4576271186440678
deberta_full_klu_heat_t=0.6_alpha_0.3,0.6625,0.5829488542502959,0.5834433108776576,False,zh,0.4576271186440678
deberta_full_klu_heat_t=0.6_alpha_0.4,0.6620370370370371,0.5827292092501629,0.5832244104368471,False,zh,0.4576271186440678
deberta_full_klu_heat_t=0.6_alpha_0.5,0.6612962962962963,0.5817648137198046,0.5822632840438801,False,zh,0.4576271186440678
deberta_full_klu_heat_t=0.6_alpha_0.6,0.6612962962962963,0.5817795696991148,0.5822779900029215,False,zh,0.4576271186440678
deberta_full_klu_heat_t=0.6_alpha_0.7,0.6614814814814814,0.5817389830323876,0.5822375409181152,False,zh,0.4576271186440678
deberta_full_klu_heat_t=0.6_alpha_0.8,0.6605555555555556,0.581142275115326,0.5816428557397556,False,zh,0.4576271186440678
deberta_full_klu_heat_t=0.6_alpha_0.9,0.6601851851851852,0.5807507599600057,0.5812526677544533,False,zh,0.4576271186440678
deberta_full_klu_heat_t=0.6_alpha_1.0,0.5,0.4196014094826398,0.4189546710075191,False,zh,0.4576271186440678
deberta_full_klu_heatn_t=0.6_alpha_0.0,0.664212962962963,0.5831578884399976,0.5836516364768859,False,zh,0.4576271186440678
deberta_full_klu_heatn_t=0.6_alpha_0.1,0.6654629629629628,0.5837044687893096,0.5841963640114545,False,zh,0.4576271186440678
deberta_full_klu_heatn_t=0.6_alpha_0.2,0.6661111111111111,0.5840645696509328,0.5845552441921907,False,zh,0.4576271186440678
deberta_full_klu_heatn_t=0.6_alpha_0.3,0.6666666666666666,0.5842138593668174,0.5847040278412419,False,zh,0.4576271186440678
deberta_full_klu_heatn_t=0.6_alpha_0.4,0.6669444444444446,0.5842832450566009,0.5847731783252973,False,zh,0.4576271186440678
deberta_full_klu_heatn_t=0.6_alpha_0.5,0.6671759259259259,0.5831976625025261,0.5836912757120838,False,zh,0.4576271186440678
deberta_full_klu_heatn_t=0.6_alpha_0.6,0.6671296296296296,0.5831148054617921,0.5836086995426742,False,zh,0.4576271186440678
deberta_full_klu_heatn_t=0.6_alpha_0.7,0.6666666666666665,0.5830667109739307,0.5835607680869751,False,zh,0.4576271186440678
deberta_full_klu_heatn_t=0.6_alpha_0.8,0.6667592592592592,0.5831975755227419,0.5836911890271461,False,zh,0.4576271186440678
deberta_full_klu_heatn_t=0.6_alpha_0.9,0.6655555555555555,0.5844388317010725,0.5849282375574149,False,zh,0.4576271186440678
deberta_full_klu_heatn_t=0.6_alpha_1.0,0.5,0.4196014094826398,0.4189546710075191,False,zh,0.4576271186440678
deberta_full_klu_heat_t=0.7_alpha_0.0,0.664212962962963,0.5831578884399976,0.5836516364768859,False,zh,0.4576271186440678
deberta_full_klu_heat_t=0.7_alpha_0.1,0.6631944444444444,0.5825182009346845,0.5830141174037942,False,zh,0.4576271186440678
deberta_full_klu_heat_t=0.7_alpha_0.2,0.6628240740740741,0.5830439770192932,0.5835381111965907,False,zh,0.4576271186440678
deberta_full_klu_heat_t=0.7_alpha_0.3,0.6625462962962962,0.5829872150270929,0.5834815416179232,False,zh,0.4576271186440678
deberta_full_klu_heat_t=0.7_alpha_0.4,0.661712962962963,0.5826292111924278,0.583124751355579,False,zh,0.4576271186440678
deberta_full_klu_heat_t=0.7_alpha_0.5,0.66125,0.5824607220145914,0.582956833327498,False,zh,0.4576271186440678
deberta_full_klu_heat_t=0.7_alpha_0.6,0.6610185185185186,0.5815834652373655,0.5820825503020592,False,zh,0.4576271186440678
deberta_full_klu_heat_t=0.7_alpha_0.7,0.6612037037037036,0.5815532668849374,0.5820524543169276,False,zh,0.4576271186440678
deberta_full_klu_heat_t=0.7_alpha_0.8,0.6609259259259259,0.581363282187565,0.5818631136354785,False,zh,0.4576271186440678
deberta_full_klu_heat_t=0.7_alpha_0.9,0.6599537037037038,0.5808216068539662,0.5813232744894512,False,zh,0.4576271186440678
deberta_full_klu_heat_t=0.7_alpha_1.0,0.5,0.4196014094826398,0.4189546710075191,False,zh,0.4576271186440678
deberta_full_klu_heatn_t=0.7_alpha_0.0,0.664212962962963,0.5831578884399976,0.5836516364768859,False,zh,0.4576271186440678
deberta_full_klu_heatn_t=0.7_alpha_0.1,0.6654166666666668,0.5837002190374261,0.5841921286655094,False,zh,0.4576271186440678
deberta_full_klu_heatn_t=0.7_alpha_0.2,0.6658333333333333,0.5839346435946866,0.584425758563254,False,zh,0.4576271186440678
deberta_full_klu_heatn_t=0.7_alpha_0.3,0.6663888888888889,0.5840696863229446,0.5845603435195518,False,zh,0.4576271186440678
deberta_full_klu_heatn_t=0.7_alpha_0.4,0.6666666666666667,0.5841554479947662,0.5846458144738416,False,zh,0.4576271186440678
deberta_full_klu_heatn_t=0.7_alpha_0.5,0.6669444444444443,0.5830199984625961,0.5835142139231366,False,zh,0.4576271186440678
deberta_full_klu_heatn_t=0.7_alpha_0.6,0.6665277777777777,0.5828245058844408,0.5833193840316869,False,zh,0.4576271186440678
deberta_full_klu_heatn_t=0.7_alpha_0.7,0.666574074074074,0.5830602150289557,0.5835542941621524,False,zh,0.4576271186440678
deberta_full_klu_heatn_t=0.7_alpha_0.8,0.6663888888888889,0.5836804378791168,0.5841724145619742,False,zh,0.4576271186440678
deberta_full_klu_heatn_t=0.7_alpha_0.9,0.665324074074074,0.584234387589111,0.5847244864763411,False,zh,0.4576271186440678
deberta_full_klu_heatn_t=0.7_alpha_1.0,0.5,0.4196014094826398,0.4189546710075191,False,zh,0.4576271186440678
deberta_full_klu_matern_kappa=1.0_nu=1.0_alpha_0.0,0.664212962962963,0.5831578884399976,0.5836516364768859,False,zh,0.4576271186440678
deberta_full_klu_matern_kappa=1.0_nu=1.0_alpha_0.1,0.6646296296296296,0.5832509855823141,0.5837444180356691,False,zh,0.4576271186440678
deberta_full_klu_matern_kappa=1.0_nu=1.0_alpha_0.2,0.6653703703703703,0.5835407538899173,0.5840332040778229,False,zh,0.4576271186440678
deberta_full_klu_matern_kappa=1.0_nu=1.0_alpha_0.3,0.6656481481481481,0.5836625893414586,0.5841546265278336,False,zh,0.4576271186440678
deberta_full_klu_matern_kappa=1.0_nu=1.0_alpha_0.4,0.6653240740740741,0.5836227125287587,0.5841148848907699,False,zh,0.4576271186440678
deberta_full_klu_matern_kappa=1.0_nu=1.0_alpha_0.5,0.6648148148148149,0.5833546334519446,0.5838477145565889,False,zh,0.4576271186440678
deberta_full_klu_matern_kappa=1.0_nu=1.0_alpha_0.6,0.6647222222222222,0.5831671614064688,0.5836608780095726,False,zh,0.4576271186440678
deberta_full_klu_matern_kappa=1.0_nu=1.0_alpha_0.7,0.6639814814814815,0.5828732080648524,0.5833679211199614,False,zh,0.4576271186440678
deberta_full_klu_matern_kappa=1.0_nu=1.0_alpha_0.8,0.6641666666666667,0.5829600258634925,0.5834544446209791,False,zh,0.4576271186440678
deberta_full_klu_matern_kappa=1.0_nu=1.0_alpha_0.9,0.6632407407407407,0.5824087010046989,0.582904988660012,False,zh,0.4576271186440678
deberta_full_klu_matern_kappa=1.0_nu=1.0_alpha_1.0,0.5,0.4196014094826398,0.4189546710075191,False,zh,0.4576271186440678
deberta_full_klu_maternn_kappa=1.0_nu=1.0_alpha_0.0,0.664212962962963,0.5831578884399976,0.5836516364768859,False,zh,0.4576271186440678
deberta_full_klu_maternn_kappa=1.0_nu=1.0_alpha_0.1,0.6657407407407407,0.5838923399804784,0.5843835983511277,False,zh,0.4576271186440678
deberta_full_klu_maternn_kappa=1.0_nu=1.0_alpha_0.2,0.6662499999999999,0.5840986048981144,0.5845891640656531,False,zh,0.4576271186440678
deberta_full_klu_maternn_kappa=1.0_nu=1.0_alpha_0.3,0.66625,0.5829348904898309,0.5834293944519741,False,zh,0.4576271186440678
deberta_full_klu_maternn_kappa=1.0_nu=1.0_alpha_0.4,0.6671296296296296,0.5844549172348261,0.5849442685639354,False,zh,0.4576271186440678
deberta_full_klu_maternn_kappa=1.0_nu=1.0_alpha_0.5,0.6675925925925926,0.5845985449795253,0.5850874094349237,False,zh,0.4576271186440678
deberta_full_klu_maternn_kappa=1.0_nu=1.0_alpha_0.6,0.6682407407407407,0.5837325240904643,0.5842243242098933,False,zh,0.4576271186440678
deberta_full_klu_maternn_kappa=1.0_nu=1.0_alpha_0.7,0.6680092592592592,0.5835887893691092,0.5840810767248819,False,zh,0.4576271186440678
deberta_full_klu_maternn_kappa=1.0_nu=1.0_alpha_0.8,0.6677314814814814,0.5834393583041725,0.583932152205928,False,zh,0.4576271186440678
deberta_full_klu_maternn_kappa=1.0_nu=1.0_alpha_0.9,0.66625,0.584705398589559,0.58519390082933,False,zh,0.4576271186440678
deberta_full_klu_maternn_kappa=1.0_nu=1.0_alpha_1.0,0.5,0.4196014094826398,0.4189546710075191,False,zh,0.4576271186440678
deberta_full_klu_matern_kappa=1.0_nu=2.0_alpha_0.0,0.664212962962963,0.5831578884399976,0.5836516364768859,False,zh,0.4576271186440678
deberta_full_klu_matern_kappa=1.0_nu=2.0_alpha_0.1,0.6639814814814814,0.5829487616904108,0.5834432186315348,False,zh,0.4576271186440678
deberta_full_klu_matern_kappa=1.0_nu=2.0_alpha_0.2,0.6646296296296297,0.5831650055838934,0.5836587294948701,False,zh,0.4576271186440678
deberta_full_klu_matern_kappa=1.0_nu=2.0_alpha_0.3,0.664074074074074,0.5829199751156524,0.5834145296383858,False,zh,0.4576271186440678
deberta_full_klu_matern_kappa=1.0_nu=2.0_alpha_0.4,0.66375,0.5826924015180539,0.5831877274767115,False,zh,0.4576271186440678
deberta_full_klu_matern_kappa=1.0_nu=2.0_alpha_0.5,0.6627777777777778,0.5821590514892727,0.5826561854141294,False,zh,0.4576271186440678
deberta_full_klu_matern_kappa=1.0_nu=2.0_alpha_0.6,0.6627777777777779,0.5821282079592677,0.5826254464384635,False,zh,0.4576271186440678
deberta_full_klu_matern_kappa=1.0_nu=2.0_alpha_0.7,0.6630555555555556,0.582286402772708,0.582783104998299,False,zh,0.4576271186440678
deberta_full_klu_matern_kappa=1.0_nu=2.0_alpha_0.8,0.6634259259259259,0.582401886622284,0.5828981973771984,False,zh,0.4576271186440678
deberta_full_klu_matern_kappa=1.0_nu=2.0_alpha_0.9,0.6621759259259259,0.5819098547365578,0.5824078333961694,False,zh,0.4576271186440678
deberta_full_klu_matern_kappa=1.0_nu=2.0_alpha_1.0,0.5,0.4196014094826398,0.4189546710075191,False,zh,0.4576271186440678
deberta_full_klu_maternn_kappa=1.0_nu=2.0_alpha_0.0,0.664212962962963,0.5831578884399976,0.5836516364768859,False,zh,0.4576271186440678
deberta_full_klu_maternn_kappa=1.0_nu=2.0_alpha_0.1,0.6657407407407407,0.5838923399804784,0.5843835983511277,False,zh,0.4576271186440678
deberta_full_klu_maternn_kappa=1.0_nu=2.0_alpha_0.2,0.6662499999999999,0.5841067033756007,0.5845972350906733,False,zh,0.4576271186440678
deberta_full_klu_maternn_kappa=1.0_nu=2.0_alpha_0.3,0.66625,0.5829207109453284,0.5834152629737239,False,zh,0.4576271186440678
deberta_full_klu_maternn_kappa=1.0_nu=2.0_alpha_0.4,0.6669907407407407,0.5842700536881587,0.5847600316733583,False,zh,0.4576271186440678
deberta_full_klu_maternn_kappa=1.0_nu=2.0_alpha_0.5,0.6674537037037037,0.5841457563382227,0.5846361556703711,False,zh,0.4576271186440678
deberta_full_klu_maternn_kappa=1.0_nu=2.0_alpha_0.6,0.6682407407407407,0.5837524823328004,0.5842442147971707,False,zh,0.4576271186440678
deberta_full_klu_maternn_kappa=1.0_nu=2.0_alpha_0.7,0.6675,0.5833123411844877,0.5838055656527507,False,zh,0.4576271186440678
deberta_full_klu_maternn_kappa=1.0_nu=2.0_alpha_0.8,0.6671296296296296,0.5832812379886475,0.5837745678914724,False,zh,0.4576271186440678
deberta_full_klu_maternn_kappa=1.0_nu=2.0_alpha_0.9,0.6659722222222221,0.5835612837136387,0.5840536643089214,False,zh,0.4576271186440678
deberta_full_klu_maternn_kappa=1.0_nu=2.0_alpha_1.0,0.5,0.4196014094826398,0.4189546710075191,False,zh,0.4576271186440678
deberta_full_klu_matern_kappa=1.0_nu=3.0_alpha_0.0,0.664212962962963,0.5831578884399976,0.5836516364768859,False,zh,0.4576271186440678
deberta_full_klu_matern_kappa=1.0_nu=3.0_alpha_0.1,0.6637962962962962,0.5829374936674152,0.5834319888052275,False,zh,0.4576271186440678
deberta_full_klu_matern_kappa=1.0_nu=3.0_alpha_0.2,0.6641666666666668,0.5830174557189178,0.5835116797989283,False,zh,0.4576271186440678
deberta_full_klu_matern_kappa=1.0_nu=3.0_alpha_0.3,0.6634722222222222,0.5826631975533006,0.583158622508449,False,zh,0.4576271186440678
deberta_full_klu_matern_kappa=1.0_nu=3.0_alpha_0.4,0.6632407407407408,0.5825243774260771,0.5830202729579277,False,zh,0.4576271186440678
deberta_full_klu_matern_kappa=1.0_nu=3.0_alpha_0.5,0.6626851851851853,0.5821454538346241,0.5826426338532255,False,zh,0.4576271186440678
deberta_full_klu_matern_kappa=1.0_nu=3.0_alpha_0.6,0.6618518518518518,0.5817429728124851,0.5822415171735345,False,zh,0.4576271186440678
deberta_full_klu_matern_kappa=1.0_nu=3.0_alpha_0.7,0.6621759259259259,0.5817911807445144,0.5822895616888449,False,zh,0.4576271186440678
deberta_full_klu_matern_kappa=1.0_nu=3.0_alpha_0.8,0.6627314814814815,0.5820391084195735,0.5825366489311072,False,zh,0.4576271186440678
deberta_full_klu_matern_kappa=1.0_nu=3.0_alpha_0.9,0.6617129629629629,0.5815773797576063,0.582076485451045,False,zh,0.4576271186440678
deberta_full_klu_matern_kappa=1.0_nu=3.0_alpha_1.0,0.5,0.4196014094826398,0.4189546710075191,False,zh,0.4576271186440678
deberta_full_klu_maternn_kappa=1.0_nu=3.0_alpha_0.0,0.664212962962963,0.5831578884399976,0.5836516364768859,False,zh,0.4576271186440678
deberta_full_klu_maternn_kappa=1.0_nu=3.0_alpha_0.1,0.6656944444444444,0.5838630179068214,0.5843543756743305,False,zh,0.4576271186440678
deberta_full_klu_maternn_kappa=1.0_nu=3.0_alpha_0.2,0.6661111111111111,0.5840526826417166,0.584543397477921,False,zh,0.4576271186440678
deberta_full_klu_maternn_kappa=1.0_nu=3.0_alpha_0.3,0.6663425925925925,0.5840500040525826,0.5845407279687502,False,zh,0.4576271186440678
deberta_full_klu_maternn_kappa=1.0_nu=3.0_alpha_0.4,0.6668518518518518,0.5841955986626043,0.584685829037721,False,zh,0.4576271186440678
deberta_full_klu_maternn_kappa=1.0_nu=3.0_alpha_0.5,0.6674074074074073,0.5841191832089709,0.5846096726195236,False,zh,0.4576271186440678
deberta_full_klu_maternn_kappa=1.0_nu=3.0_alpha_0.6,0.6681018518518518,0.5836794583565641,0.584171438359837,False,zh,0.4576271186440678
deberta_full_klu_maternn_kappa=1.0_nu=3.0_alpha_0.7,0.6672222222222222,0.583150348465261,0.5836441220613856,False,zh,0.4576271186440678
deberta_full_klu_maternn_kappa=1.0_nu=3.0_alpha_0.8,0.6672222222222223,0.583348828351803,0.5838419291347529,False,zh,0.4576271186440678
deberta_full_klu_maternn_kappa=1.0_nu=3.0_alpha_0.9,0.6659722222222222,0.583548502912698,0.5840409268327296,False,zh,0.4576271186440678
deberta_full_klu_maternn_kappa=1.0_nu=3.0_alpha_1.0,0.5,0.4196014094826398,0.4189546710075191,False,zh,0.4576271186440678
deberta_full_klu_matern_kappa=2.0_nu=1.0_alpha_0.0,0.664212962962963,0.5831578884399976,0.5836516364768859,False,zh,0.4576271186440678
deberta_full_klu_matern_kappa=2.0_nu=1.0_alpha_0.1,0.6637962962962962,0.5829600934796708,0.58345451200795,False,zh,0.4576271186440678
deberta_full_klu_matern_kappa=2.0_nu=1.0_alpha_0.2,0.6639814814814815,0.5828870493697045,0.5833817155051362,False,zh,0.4576271186440678
deberta_full_klu_matern_kappa=2.0_nu=1.0_alpha_0.3,0.6633796296296297,0.5825700943995316,0.5830658349585909,False,zh,0.4576271186440678
deberta_full_klu_matern_kappa=2.0_nu=1.0_alpha_0.4,0.6630092592592592,0.582382265981746,0.5828786432473062,False,zh,0.4576271186440678
deberta_full_klu_matern_kappa=2.0_nu=1.0_alpha_0.5,0.6625925925925926,0.5820999620295828,0.5825972962576927,False,zh,0.4576271186440678
deberta_full_klu_matern_kappa=2.0_nu=1.0_alpha_0.6,0.6617592592592593,0.5816935946256949,0.5821923063704283,False,zh,0.4576271186440678
deberta_full_klu_matern_kappa=2.0_nu=1.0_alpha_0.7,0.6619907407407408,0.581705226146584,0.582203898462433,False,zh,0.4576271186440678
deberta_full_klu_matern_kappa=2.0_nu=1.0_alpha_0.8,0.6625,0.5819123720186756,0.5824103421451278,False,zh,0.4576271186440678
deberta_full_klu_matern_kappa=2.0_nu=1.0_alpha_0.9,0.6616203703703704,0.5815272186692396,0.5820264944002661,False,zh,0.4576271186440678
deberta_full_klu_matern_kappa=2.0_nu=1.0_alpha_1.0,0.5,0.4196014094826398,0.4189546710075191,False,zh,0.4576271186440678
deberta_full_klu_maternn_kappa=2.0_nu=1.0_alpha_0.0,0.664212962962963,0.5831578884399976,0.5836516364768859,False,zh,0.4576271186440678
deberta_full_klu_maternn_kappa=2.0_nu=1.0_alpha_0.1,0.6649999999999999,0.5834285091047821,0.5839213397834846,False,zh,0.4576271186440678
deberta_full_klu_maternn_kappa=2.0_nu=1.0_alpha_0.2,0.6656944444444445,0.5838505505220075,0.584341950551838,False,zh,0.4576271186440678
deberta_full_klu_maternn_kappa=2.0_nu=1.0_alpha_0.3,0.6658333333333333,0.5837237246602125,0.5842155546082186,False,zh,0.4576271186440678
deberta_full_klu_maternn_kappa=2.0_nu=1.0_alpha_0.4,0.6662037037037036,0.5839569416087211,0.5844479809908002,False,zh,0.4576271186440678
deberta_full_klu_maternn_kappa=2.0_nu=1.0_alpha_0.5,0.6663888888888888,0.5840150770357893,0.584505919348624,False,zh,0.4576271186440678
deberta_full_klu_maternn_kappa=2.0_nu=1.0_alpha_0.6,0.6660185185185186,0.5828338211397242,0.5833286677098336,False,zh,0.4576271186440678
deberta_full_klu_maternn_kappa=2.0_nu=1.0_alpha_0.7,0.6664351851851851,0.5829557848501916,0.5834502179839944,False,zh,0.4576271186440678
deberta_full_klu_maternn_kappa=2.0_nu=1.0_alpha_0.8,0.6655092592592592,0.5831936366069875,0.5836872634636487,False,zh,0.4576271186440678
deberta_full_klu_maternn_kappa=2.0_nu=1.0_alpha_0.9,0.664212962962963,0.5835926629954304,0.5840849372202664,False,zh,0.4576271186440678
deberta_full_klu_maternn_kappa=2.0_nu=1.0_alpha_1.0,0.5,0.4196014094826398,0.4189546710075191,False,zh,0.4576271186440678
deberta_full_klu_matern_kappa=2.0_nu=2.0_alpha_0.0,0.664212962962963,0.5831578884399976,0.5836516364768859,False,zh,0.4576271186440678
deberta_full_klu_matern_kappa=2.0_nu=2.0_alpha_0.1,0.6634722222222221,0.5826548622837655,0.5831503154940648,False,zh,0.4576271186440678
deberta_full_klu_matern_kappa=2.0_nu=2.0_alpha_0.2,0.662962962962963,0.5824799668631022,0.5829760129392342,False,zh,0.4576271186440678
deberta_full_klu_matern_kappa=2.0_nu=2.0_alpha_0.3,0.6623148148148148,0.5820785428178681,0.5825759496534754,False,zh,0.4576271186440678
deberta_full_klu_matern_kappa=2.0_nu=2.0_alpha_0.4,0.662037037037037,0.581906579917054,0.5824045696777489,False,zh,0.4576271186440678
deberta_full_klu_matern_kappa=2.0_nu=2.0_alpha_0.5,0.6614814814814814,0.5816879422615054,0.5821866731667955,False,zh,0.4576271186440678
deberta_full_klu_matern_kappa=2.0_nu=2.0_alpha_0.6,0.6616203703703704,0.5817102090437252,0.5822088644683974,False,zh,0.4576271186440678
deberta_full_klu_matern_kappa=2.0_nu=2.0_alpha_0.7,0.6612037037037036,0.5814504399426996,0.5819499759405956,False,zh,0.4576271186440678
deberta_full_klu_matern_kappa=2.0_nu=2.0_alpha_0.8,0.66,0.580667961900076,0.5811701503659131,False,zh,0.4576271186440678
deberta_full_klu_matern_kappa=2.0_nu=2.0_alpha_0.9,0.6606944444444445,0.5810504341714346,0.5815513261210977,False,zh,0.4576271186440678
deberta_full_klu_matern_kappa=2.0_nu=2.0_alpha_1.0,0.5,0.4196014094826398,0.4189546710075191,False,zh,0.4576271186440678
deberta_full_klu_maternn_kappa=2.0_nu=2.0_alpha_0.0,0.664212962962963,0.5831578884399976,0.5836516364768859,False,zh,0.4576271186440678
deberta_full_klu_maternn_kappa=2.0_nu=2.0_alpha_0.1,0.6647222222222222,0.5833142637282338,0.5838074816793992,False,zh,0.4576271186440678
deberta_full_klu_maternn_kappa=2.0_nu=2.0_alpha_0.2,0.6655092592592592,0.5838040048274744,0.5842955626393203,False,zh,0.4576271186440678
deberta_full_klu_maternn_kappa=2.0_nu=2.0_alpha_0.3,0.6657407407407407,0.5837666711617672,0.5842583555284121,False,zh,0.4576271186440678
deberta_full_klu_maternn_kappa=2.0_nu=2.0_alpha_0.4,0.6657407407407407,0.5837808555499449,0.584272491833918,False,zh,0.4576271186440678
deberta_full_klu_maternn_kappa=2.0_nu=2.0_alpha_0.5,0.6654166666666667,0.5837053037145676,0.5841971961064574,False,zh,0.4576271186440678
deberta_full_klu_maternn_kappa=2.0_nu=2.0_alpha_0.6,0.6653703703703704,0.5835325562379796,0.5840250342145358,False,zh,0.4576271186440678
deberta_full_klu_maternn_kappa=2.0_nu=2.0_alpha_0.7,0.6651851851851851,0.5834432280883046,0.5839360088721479,False,zh,0.4576271186440678
deberta_full_klu_maternn_kappa=2.0_nu=2.0_alpha_0.8,0.6648148148148147,0.5832213124093498,0.5837148454497318,False,zh,0.4576271186440678
deberta_full_klu_maternn_kappa=2.0_nu=2.0_alpha_0.9,0.6635648148148148,0.58257281457221,0.583068545910345,False,zh,0.4576271186440678
deberta_full_klu_maternn_kappa=2.0_nu=2.0_alpha_1.0,0.5,0.4196014094826398,0.4189546710075191,False,zh,0.4576271186440678
deberta_full_klu_matern_kappa=2.0_nu=3.0_alpha_0.0,0.664212962962963,0.5831578884399976,0.5836516364768859,False,zh,0.4576271186440678
deberta_full_klu_matern_kappa=2.0_nu=3.0_alpha_0.1,0.6633333333333333,0.5826117600823891,0.5831073594018455,False,zh,0.4576271186440678
deberta_full_klu_matern_kappa=2.0_nu=3.0_alpha_0.2,0.6629166666666666,0.5830965887499024,0.5835905445823505,False,zh,0.4576271186440678
deberta_full_klu_matern_kappa=2.0_nu=3.0_alpha_0.3,0.6625462962962962,0.5830377141219696,0.5835318695294274,False,zh,0.4576271186440678
deberta_full_klu_matern_kappa=2.0_nu=3.0_alpha_0.4,0.6619444444444444,0.5826966754501026,0.583191986920855,False,zh,0.4576271186440678
deberta_full_klu_matern_kappa=2.0_nu=3.0_alpha_0.5,0.66125,0.5817337986412913,0.582232374101226,False,zh,0.4576271186440678
deberta_full_klu_matern_kappa=2.0_nu=3.0_alpha_0.6,0.6612962962962963,0.5817831830612599,0.582281591116381,False,zh,0.4576271186440678
deberta_full_klu_matern_kappa=2.0_nu=3.0_alpha_0.7,0.6614814814814814,0.5817585090057733,0.5822570007017607,False,zh,0.4576271186440678
deberta_full_klu_matern_kappa=2.0_nu=3.0_alpha_0.8,0.6606481481481482,0.5811870226221505,0.5816874515601161,False,zh,0.4576271186440678
deberta_full_klu_matern_kappa=2.0_nu=3.0_alpha_0.9,0.6602314814814815,0.5808765513032609,0.5813780326863753,False,zh,0.4576271186440678
deberta_full_klu_matern_kappa=2.0_nu=3.0_alpha_1.0,0.5,0.4196014094826398,0.4189546710075191,False,zh,0.4576271186440678
deberta_full_klu_maternn_kappa=2.0_nu=3.0_alpha_0.0,0.664212962962963,0.5831578884399976,0.5836516364768859,False,zh,0.4576271186440678
deberta_full_klu_maternn_kappa=2.0_nu=3.0_alpha_0.1,0.6647685185185186,0.5833048183968317,0.5837980683660696,False,zh,0.4576271186440678
deberta_full_klu_maternn_kappa=2.0_nu=3.0_alpha_0.2,0.665462962962963,0.5836627407991639,0.5841547774721227,False,zh,0.4576271186440678
deberta_full_klu_maternn_kappa=2.0_nu=3.0_alpha_0.3,0.6658333333333334,0.5837694173850518,0.5842610924424653,False,zh,0.4576271186440678
deberta_full_klu_maternn_kappa=2.0_nu=3.0_alpha_0.4,0.6656018518518518,0.5838383848579897,0.5843298261273594,False,zh,0.4576271186440678
deberta_full_klu_maternn_kappa=2.0_nu=3.0_alpha_0.5,0.6652314814814815,0.5835963260058524,0.5840885878137039,False,zh,0.4576271186440678
deberta_full_klu_maternn_kappa=2.0_nu=3.0_alpha_0.6,0.6650462962962962,0.5833787903602379,0.5838717895770577,False,zh,0.4576271186440678
deberta_full_klu_maternn_kappa=2.0_nu=3.0_alpha_0.7,0.6644907407407408,0.5830981697256991,0.5835921201989068,False,zh,0.4576271186440678
deberta_full_klu_maternn_kappa=2.0_nu=3.0_alpha_0.8,0.6646296296296297,0.5831375550926196,0.583631372056109,False,zh,0.4576271186440678
deberta_full_klu_maternn_kappa=2.0_nu=3.0_alpha_0.9,0.6635185185185185,0.5825475085214258,0.5830433256427838,False,zh,0.4576271186440678
deberta_full_klu_maternn_kappa=2.0_nu=3.0_alpha_1.0,0.5,0.4196014094826398,0.4189546710075191,False,zh,0.4576271186440678
deberta_full_klu_matern_kappa=3.0_nu=1.0_alpha_0.0,0.664212962962963,0.5831578884399976,0.5836516364768859,False,zh,0.4576271186440678
deberta_full_klu_matern_kappa=3.0_nu=1.0_alpha_0.1,0.6638888888888889,0.5829150431341942,0.5834096143755089,False,zh,0.4576271186440678
deberta_full_klu_matern_kappa=3.0_nu=1.0_alpha_0.2,0.6632407407407407,0.5825094062772617,0.5830053525587694,False,zh,0.4576271186440678
deberta_full_klu_matern_kappa=3.0_nu=1.0_alpha_0.3,0.6628703703703703,0.5823328670344274,0.5828294117540466,False,zh,0.4576271186440678
deberta_full_klu_matern_kappa=3.0_nu=1.0_alpha_0.4,0.6621759259259259,0.5819612785845165,0.5824590829259996,False,zh,0.4576271186440678
deberta_full_klu_matern_kappa=3.0_nu=1.0_alpha_0.5,0.662037037037037,0.5817818288085828,0.5822802414543911,False,zh,0.4576271186440678
deberta_full_klu_matern_kappa=3.0_nu=1.0_alpha_0.6,0.6616203703703704,0.5815289242764379,0.582028194225745,False,zh,0.4576271186440678
deberta_full_klu_matern_kappa=3.0_nu=1.0_alpha_0.7,0.6608796296296297,0.58113666632239,0.581637265959677,False,zh,0.4576271186440678
deberta_full_klu_matern_kappa=3.0_nu=1.0_alpha_0.8,0.6611111111111112,0.5811248240324118,0.5816254638130547,False,zh,0.4576271186440678
deberta_full_klu_matern_kappa=3.0_nu=1.0_alpha_0.9,0.6612962962962963,0.581396024742189,0.5818957451983919,False,zh,0.4576271186440678
deberta_full_klu_matern_kappa=3.0_nu=1.0_alpha_1.0,0.5,0.4196014094826398,0.4189546710075191,False,zh,0.4576271186440678
deberta_full_klu_maternn_kappa=3.0_nu=1.0_alpha_0.0,0.664212962962963,0.5831578884399976,0.5836516364768859,False,zh,0.4576271186440678
deberta_full_klu_maternn_kappa=3.0_nu=1.0_alpha_0.1,0.6646296296296296,0.5832509855823141,0.5837444180356691,False,zh,0.4576271186440678
deberta_full_klu_maternn_kappa=3.0_nu=1.0_alpha_0.2,0.6653703703703703,0.5835407538899173,0.5840332040778229,False,zh,0.4576271186440678
deberta_full_klu_maternn_kappa=3.0_nu=1.0_alpha_0.3,0.6656481481481481,0.5836625893414586,0.5841546265278336,False,zh,0.4576271186440678
deberta_full_klu_maternn_kappa=3.0_nu=1.0_alpha_0.4,0.6653240740740741,0.5836227125287587,0.5841148848907699,False,zh,0.4576271186440678
deberta_full_klu_maternn_kappa=3.0_nu=1.0_alpha_0.5,0.6648148148148149,0.5833546334519446,0.5838477145565889,False,zh,0.4576271186440678
deberta_full_klu_maternn_kappa=3.0_nu=1.0_alpha_0.6,0.6647222222222222,0.5831671614064688,0.5836608780095726,False,zh,0.4576271186440678
deberta_full_klu_maternn_kappa=3.0_nu=1.0_alpha_0.7,0.6639814814814815,0.5828732080648524,0.5833679211199614,False,zh,0.4576271186440678
deberta_full_klu_maternn_kappa=3.0_nu=1.0_alpha_0.8,0.6641666666666667,0.5829600258634925,0.5834544446209791,False,zh,0.4576271186440678
deberta_full_klu_maternn_kappa=3.0_nu=1.0_alpha_0.9,0.6632407407407407,0.5824087010046989,0.582904988660012,False,zh,0.4576271186440678
deberta_full_klu_maternn_kappa=3.0_nu=1.0_alpha_1.0,0.5,0.4196014094826398,0.4189546710075191,False,zh,0.4576271186440678
deberta_full_klu_matern_kappa=3.0_nu=2.0_alpha_0.0,0.664212962962963,0.5831578884399976,0.5836516364768859,False,zh,0.4576271186440678
deberta_full_klu_matern_kappa=3.0_nu=2.0_alpha_0.1,0.6632407407407408,0.5825531574063461,0.5830489553789416,False,zh,0.4576271186440678
deberta_full_klu_matern_kappa=3.0_nu=2.0_alpha_0.2,0.6629629629629629,0.583112785704875,0.5836066866323908,False,zh,0.4576271186440678
deberta_full_klu_matern_kappa=3.0_nu=2.0_alpha_0.3,0.6626851851851852,0.5831019922474722,0.5835959297629791,False,zh,0.4576271186440678
deberta_full_klu_matern_kappa=3.0_nu=2.0_alpha_0.4,0.6617592592592593,0.5825611150698963,0.5830568860673612,False,zh,0.4576271186440678
deberta_full_klu_matern_kappa=3.0_nu=2.0_alpha_0.5,0.6612037037037037,0.5824131827280679,0.5829094551910983,False,zh,0.4576271186440678
deberta_full_klu_matern_kappa=3.0_nu=2.0_alpha_0.6,0.6610648148148148,0.5816705702664312,0.5821693600598402,False,zh,0.4576271186440678
deberta_full_klu_matern_kappa=3.0_nu=2.0_alpha_0.7,0.6615277777777777,0.5817693973846632,0.5822678521708917,False,zh,0.4576271186440678
deberta_full_klu_matern_kappa=3.0_nu=2.0_alpha_0.8,0.6607407407407409,0.5812578895036897,0.5817580782149383,False,zh,0.4576271186440678
deberta_full_klu_matern_kappa=3.0_nu=2.0_alpha_0.9,0.6601388888888888,0.5808697187844643,0.5813712233286593,False,zh,0.4576271186440678
deberta_full_klu_matern_kappa=3.0_nu=2.0_alpha_1.0,0.5,0.4196014094826398,0.4189546710075191,False,zh,0.4576271186440678
deberta_full_klu_maternn_kappa=3.0_nu=2.0_alpha_0.0,0.664212962962963,0.5831578884399976,0.5836516364768859,False,zh,0.4576271186440678
deberta_full_klu_maternn_kappa=3.0_nu=2.0_alpha_0.1,0.6639814814814814,0.5829487616904108,0.5834432186315348,False,zh,0.4576271186440678
deberta_full_klu_maternn_kappa=3.0_nu=2.0_alpha_0.2,0.6646296296296297,0.5831650055838934,0.5836587294948701,False,zh,0.4576271186440678
deberta_full_klu_maternn_kappa=3.0_nu=2.0_alpha_0.3,0.664074074074074,0.5829199751156524,0.5834145296383858,False,zh,0.4576271186440678
deberta_full_klu_maternn_kappa=3.0_nu=2.0_alpha_0.4,0.66375,0.5826924015180539,0.5831877274767115,False,zh,0.4576271186440678
deberta_full_klu_maternn_kappa=3.0_nu=2.0_alpha_0.5,0.6627777777777778,0.5821590514892727,0.5826561854141294,False,zh,0.4576271186440678
deberta_full_klu_maternn_kappa=3.0_nu=2.0_alpha_0.6,0.6627777777777779,0.5821282079592677,0.5826254464384635,False,zh,0.4576271186440678
deberta_full_klu_maternn_kappa=3.0_nu=2.0_alpha_0.7,0.6630555555555556,0.582286402772708,0.582783104998299,False,zh,0.4576271186440678
deberta_full_klu_maternn_kappa=3.0_nu=2.0_alpha_0.8,0.6634259259259259,0.582401886622284,0.5828981973771984,False,zh,0.4576271186440678
deberta_full_klu_maternn_kappa=3.0_nu=2.0_alpha_0.9,0.6621759259259259,0.5819098547365578,0.5824078333961694,False,zh,0.4576271186440678
deberta_full_klu_maternn_kappa=3.0_nu=2.0_alpha_1.0,0.5,0.4196014094826398,0.4189546710075191,False,zh,0.4576271186440678
deberta_full_klu_matern_kappa=3.0_nu=3.0_alpha_0.0,0.664212962962963,0.5831578884399976,0.5836516364768859,False,zh,0.4576271186440678
deberta_full_klu_matern_kappa=3.0_nu=3.0_alpha_0.1,0.6632407407407408,0.5825564184688892,0.5830522053870354,False,zh,0.4576271186440678
deberta_full_klu_matern_kappa=3.0_nu=3.0_alpha_0.2,0.6628240740740741,0.5830586725907977,0.5835527569525986,False,zh,0.4576271186440678
deberta_full_klu_matern_kappa=3.0_nu=3.0_alpha_0.3,0.6625925925925925,0.5830332537985492,0.5835274243257474,False,zh,0.4576271186440678
deberta_full_klu_matern_kappa=3.0_nu=3.0_alpha_0.4,0.6619444444444444,0.5827248409481416,0.5832200569426292,False,zh,0.4576271186440678
deberta_full_klu_matern_kappa=3.0_nu=3.0_alpha_0.5,0.66125,0.5824183452215568,0.5829146001846092,False,zh,0.4576271186440678
deberta_full_klu_matern_kappa=3.0_nu=3.0_alpha_0.6,0.6608333333333334,0.5821057979249178,0.5826031123703316,False,zh,0.4576271186440678
deberta_full_klu_matern_kappa=3.0_nu=3.0_alpha_0.7,0.6608796296296297,0.5813359513922685,0.5818358754869456,False,zh,0.4576271186440678
deberta_full_klu_matern_kappa=3.0_nu=3.0_alpha_0.8,0.6608796296296297,0.5812033503703813,0.5817037239600481,False,zh,0.4576271186440678
deberta_full_klu_matern_kappa=3.0_nu=3.0_alpha_0.9,0.6600462962962962,0.5808922201118887,0.5813936483803976,False,zh,0.4576271186440678
deberta_full_klu_matern_kappa=3.0_nu=3.0_alpha_1.0,0.5,0.4196014094826398,0.4189546710075191,False,zh,0.4576271186440678
deberta_full_klu_maternn_kappa=3.0_nu=3.0_alpha_0.0,0.664212962962963,0.5831578884399976,0.5836516364768859,False,zh,0.4576271186440678
deberta_full_klu_maternn_kappa=3.0_nu=3.0_alpha_0.1,0.6637962962962962,0.5829374936674152,0.5834319888052275,False,zh,0.4576271186440678
deberta_full_klu_maternn_kappa=3.0_nu=3.0_alpha_0.2,0.6641666666666668,0.5830174557189178,0.5835116797989283,False,zh,0.4576271186440678
deberta_full_klu_maternn_kappa=3.0_nu=3.0_alpha_0.3,0.6634722222222222,0.5826631975533006,0.583158622508449,False,zh,0.4576271186440678
deberta_full_klu_maternn_kappa=3.0_nu=3.0_alpha_0.4,0.6632407407407408,0.5825243774260771,0.5830202729579277,False,zh,0.4576271186440678
deberta_full_klu_maternn_kappa=3.0_nu=3.0_alpha_0.5,0.6626851851851853,0.5821454538346241,0.5826426338532255,False,zh,0.4576271186440678
deberta_full_klu_maternn_kappa=3.0_nu=3.0_alpha_0.6,0.6618518518518518,0.5817429728124851,0.5822415171735345,False,zh,0.4576271186440678
deberta_full_klu_maternn_kappa=3.0_nu=3.0_alpha_0.7,0.6621759259259259,0.5817911807445144,0.5822895616888449,False,zh,0.4576271186440678
deberta_full_klu_maternn_kappa=3.0_nu=3.0_alpha_0.8,0.6627314814814815,0.5820391084195735,0.5825366489311072,False,zh,0.4576271186440678
deberta_full_klu_maternn_kappa=3.0_nu=3.0_alpha_0.9,0.6617129629629629,0.5815773797576063,0.582076485451045,False,zh,0.4576271186440678
deberta_full_klu_maternn_kappa=3.0_nu=3.0_alpha_1.0,0.5,0.4196014094826398,0.4189546710075191,False,zh,0.4576271186440678
