method,auroc,auarc,prr,is_blackbox,language,accuracy
heat_t=0.1_kernel_entropy_s,0.5601108463690044,0.7221556419582279,0.7225344306467923,True,fr,0.6677966101694915
heat_t=0.1_kernel_entropy,0.5601108463690044,0.7221556419582279,0.7225344306467923,True,fr,0.6677966101694915
heatn_t=0.1_kernel_entropy_s,0.5235419040712732,0.684992368353745,0.6838022189867314,True,fr,0.6677966101694915
heatn_t=0.1_kernel_entropy,0.5235419040712732,0.684992368353745,0.6838022189867314,True,fr,0.6677966101694915
heat_t=0.2_kernel_entropy_s,0.5618460582202425,0.7226310211537185,0.723008198387383,True,fr,0.6677966101694915
heat_t=0.2_kernel_entropy,0.5618460582202425,0.7226310211537185,0.723008198387383,True,fr,0.6677966101694915
heatn_t=0.2_kernel_entropy_s,0.5244742567077592,0.6846167380887154,0.683427862044634,True,fr,0.6677966101694915
heatn_t=0.2_kernel_entropy,0.5244742567077592,0.6846167380887154,0.683427862044634,True,fr,0.6677966101694915
heat_t=0.3_kernel_entropy_s,0.5627266134880349,0.722787584618532,0.723164231128587,True,fr,0.6677966101694915
heat_t=0.3_kernel_entropy,0.5627266134880349,0.722787584618532,0.723164231128587,True,fr,0.6677966101694915
heatn_t=0.3_kernel_entropy_s,0.5241375738112504,0.6824631092965278,0.6812815336890302,True,fr,0.6677966101694915
heatn_t=0.3_kernel_entropy,0.5241375738112504,0.6824631092965278,0.6812815336890302,True,fr,0.6677966101694915
heat_t=0.4_kernel_entropy_s,0.563788459546255,0.7235902754822163,0.7239642010062928,True,fr,0.6677966101694915
heat_t=0.4_kernel_entropy,0.563788459546255,0.7235902754822163,0.7239642010062928,True,fr,0.6677966101694915
heatn_t=0.4_kernel_entropy_s,0.5246814461825339,0.6844449832329013,0.6832566894086701,True,fr,0.6677966101694915
heatn_t=0.4_kernel_entropy,0.5246814461825339,0.6844449832329013,0.6832566894086701,True,fr,0.6677966101694915
heat_t=0.5_kernel_entropy_s,0.564410027970579,0.7244498834388824,0.724820895037682,True,fr,0.6677966101694915
heat_t=0.5_kernel_entropy,0.564410027970579,0.7244498834388824,0.724820895037682,True,fr,0.6677966101694915
heatn_t=0.5_kernel_entropy_s,0.5270382264580958,0.6848204465630736,0.6836308799817911,True,fr,0.6677966101694915
heatn_t=0.5_kernel_entropy,0.5270382264580958,0.6848204465630736,0.6836308799817911,True,fr,0.6677966101694915
heat_t=0.6_kernel_entropy_s,0.5649797990262094,0.7247302228084287,0.7251002841042807,True,fr,0.6677966101694915
heat_t=0.6_kernel_entropy,0.5649797990262094,0.7247302228084287,0.7251002841042807,True,fr,0.6677966101694915
heatn_t=0.6_kernel_entropy_s,0.529084222521496,0.6832703218436923,0.6820860099224755,True,fr,0.6677966101694915
heatn_t=0.6_kernel_entropy,0.529084222521496,0.6832703218436923,0.6820860099224755,True,fr,0.6677966101694915
heat_t=0.7_kernel_entropy_s,0.5646172174453538,0.7250033236759299,0.7253724592061294,True,fr,0.6677966101694915
heat_t=0.7_kernel_entropy,0.5646172174453538,0.7250033236759299,0.7253724592061294,True,fr,0.6677966101694915
heatn_t=0.7_kernel_entropy_s,0.5308453330570807,0.6824263564746981,0.6812449054530373,True,fr,0.6677966101694915
heatn_t=0.7_kernel_entropy,0.5308453330570807,0.6824263564746981,0.6812449054530373,True,fr,0.6677966101694915
matern_kappa=1.0_nu=1.0_kernel_entropy_s,0.56865741220346,0.7275842247121639,0.7279446114252914,True,fr,0.6677966101694915
matern_kappa=1.0_nu=1.0_kernel_entropy,0.56865741220346,0.7275842247121639,0.7279446114252914,True,fr,0.6677966101694915
maternn_kappa=1.0_nu=1.0_kernel_entropy_s,0.5305863462136123,0.6849644062395581,0.6837743516593724,True,fr,0.6677966101694915
maternn_kappa=1.0_nu=1.0_kernel_entropy,0.5305863462136123,0.6849644062395581,0.6837743516593724,True,fr,0.6677966101694915
matern_kappa=1.0_nu=2.0_kernel_entropy_s,0.5671293898269968,0.7260384188602302,0.7264040455931946,True,fr,0.6677966101694915
matern_kappa=1.0_nu=2.0_kernel_entropy,0.5671293898269968,0.7260384188602302,0.7264040455931946,True,fr,0.6677966101694915
maternn_kappa=1.0_nu=2.0_kernel_entropy_s,0.528462654097172,0.6837599871013265,0.6825740152978804,True,fr,0.6677966101694915
maternn_kappa=1.0_nu=2.0_kernel_entropy,0.528462654097172,0.6837599871013265,0.6825740152978804,True,fr,0.6677966101694915
matern_kappa=1.0_nu=3.0_kernel_entropy_s,0.5654200766601057,0.7249973170629793,0.7253664729545786,True,fr,0.6677966101694915
matern_kappa=1.0_nu=3.0_kernel_entropy,0.5654200766601057,0.7249973170629793,0.7253664729545786,True,fr,0.6677966101694915
maternn_kappa=1.0_nu=3.0_kernel_entropy_s,0.5281518698850098,0.6835223094036031,0.682337143287268,True,fr,0.6677966101694915
maternn_kappa=1.0_nu=3.0_kernel_entropy,0.5281518698850098,0.6835223094036031,0.682337143287268,True,fr,0.6677966101694915
matern_kappa=2.0_nu=1.0_kernel_entropy_s,0.569460271418212,0.7266035550747985,0.7269672660917812,True,fr,0.6677966101694915
matern_kappa=2.0_nu=1.0_kernel_entropy,0.569460271418212,0.7266035550747985,0.7269672660917812,True,fr,0.6677966101694915
maternn_kappa=2.0_nu=1.0_kernel_entropy_s,0.5523671397493007,0.6990400272062429,0.6978022586566787,True,fr,0.6677966101694915
maternn_kappa=2.0_nu=1.0_kernel_entropy,0.5523671397493007,0.6990400272062429,0.6978022586566787,True,fr,0.6677966101694915
matern_kappa=2.0_nu=2.0_kernel_entropy_s,0.5660157464000829,0.7251896092420104,0.7255581132957145,True,fr,0.6677966101694915
matern_kappa=2.0_nu=2.0_kernel_entropy,0.5660157464000829,0.7251896092420104,0.7255581132957145,True,fr,0.6677966101694915
maternn_kappa=2.0_nu=2.0_kernel_entropy_s,0.5517196726406297,0.702351841357352,0.7011028463191397,True,fr,0.6677966101694915
maternn_kappa=2.0_nu=2.0_kernel_entropy,0.5517196726406297,0.702351841357352,0.7011028463191397,True,fr,0.6677966101694915
matern_kappa=2.0_nu=3.0_kernel_entropy_s,0.5647208121827412,0.7240674229127458,0.724439730987905,True,fr,0.6677966101694915
matern_kappa=2.0_nu=3.0_kernel_entropy,0.5647208121827411,0.724101436518188,0.7244736292929898,True,fr,0.6677966101694915
maternn_kappa=2.0_nu=3.0_kernel_entropy_s,0.5579353568838703,0.70724406031364,0.7059784814823555,True,fr,0.6677966101694915
maternn_kappa=2.0_nu=3.0_kernel_entropy,0.5579353568838703,0.70724406031364,0.7059784814823555,True,fr,0.6677966101694915
matern_kappa=3.0_nu=1.0_kernel_entropy_s,0.5652128871853309,0.7245301005014186,0.7249008401779724,True,fr,0.6677966101694915
matern_kappa=3.0_nu=1.0_kernel_entropy,0.565212887185331,0.7245301005014186,0.7249008401779724,True,fr,0.6677966101694915
maternn_kappa=3.0_nu=1.0_kernel_entropy_s,0.5676473635139334,0.7173619549107861,0.7160620781317147,True,fr,0.6677966101694915
maternn_kappa=3.0_nu=1.0_kernel_entropy,0.5676473635139334,0.7173619549107861,0.7160620781317147,True,fr,0.6677966101694915
matern_kappa=3.0_nu=2.0_kernel_entropy_s,0.5582461410960322,0.7223395799031757,0.7227177450732827,True,fr,0.6677966101694915
matern_kappa=3.0_nu=2.0_kernel_entropy,0.5582979384647259,0.722356502094938,0.722734609901683,True,fr,0.6677966101694915
maternn_kappa=3.0_nu=2.0_kernel_entropy_s,0.5658344556096551,0.7291758863441713,0.7295308775941393,True,fr,0.6677966101694915
maternn_kappa=3.0_nu=2.0_kernel_entropy,0.5658344556096551,0.7291758863441713,0.7295308775941393,True,fr,0.6677966101694915
matern_kappa=3.0_nu=3.0_kernel_entropy_s,0.5556821713456956,0.7208504985120688,0.721233711415705,True,fr,0.6677966101694915
matern_kappa=3.0_nu=3.0_kernel_entropy,0.5556821713456956,0.7208504985120688,0.721233711415705,True,fr,0.6677966101694915
maternn_kappa=3.0_nu=3.0_kernel_entropy_s,0.563166891121931,0.7286540679349472,0.7290108280608787,True,fr,0.6677966101694915
maternn_kappa=3.0_nu=3.0_kernel_entropy,0.563166891121931,0.7286540679349472,0.7290108280608787,True,fr,0.6677966101694915
weighted_heat_t=0.1_kernel_entropy_s,0.5882627162540143,0.7299003596724319,0.7302528950806092,True,fr,0.6677966101694915
weighted_heat_t=0.1_kernel_entropy,0.5882627162540143,0.7299003596724319,0.7302528950806092,True,fr,0.6677966101694915
weighted_heatn_t=0.1_kernel_entropy_s,0.39505853102662386,0.563007450479232,0.5622308093084033,True,fr,0.6677966101694915
weighted_heatn_t=0.1_kernel_entropy,0.39505853102662386,0.563007450479232,0.5622308093084033,True,fr,0.6677966101694915
weighted_heat_t=0.2_kernel_entropy_s,0.5905935978452295,0.7318120482644616,0.732158103372327,True,fr,0.6677966101694915
weighted_heat_t=0.2_kernel_entropy,0.5905935978452295,0.7318120482644616,0.732158103372327,True,fr,0.6677966101694915
weighted_heatn_t=0.2_kernel_entropy_s,0.3948513415518492,0.5621625542800567,0.5613887771641403,True,fr,0.6677966101694915
weighted_heatn_t=0.2_kernel_entropy,0.3948513415518492,0.5621625542800567,0.5613887771641403,True,fr,0.6677966101694915
weighted_heat_t=0.3_kernel_entropy_s,0.593028074173832,0.7348054965966319,0.7351414044220153,True,fr,0.6677966101694915
weighted_heat_t=0.3_kernel_entropy,0.593028074173832,0.7348054965966319,0.7351414044220153,True,fr,0.6677966101694915
weighted_heatn_t=0.3_kernel_entropy_s,0.3949549362892365,0.5625128771081678,0.5617379124572409,True,fr,0.6677966101694915
weighted_heatn_t=0.3_kernel_entropy,0.3949549362892365,0.5625128771081678,0.5617379124572409,True,fr,0.6677966101694915
weighted_heat_t=0.4_kernel_entropy_s,0.5956179426085155,0.738700838578829,0.7390235418551201,True,fr,0.6677966101694915
weighted_heat_t=0.4_kernel_entropy,0.5956179426085155,0.738700838578829,0.7390235418551201,True,fr,0.6677966101694915
weighted_heatn_t=0.4_kernel_entropy_s,0.3946441520770745,0.5617292648504257,0.5609569565122371,True,fr,0.6677966101694915
weighted_heatn_t=0.4_kernel_entropy,0.3946441520770745,0.5617292648504257,0.5609569565122371,True,fr,0.6677966101694915
weighted_heat_t=0.5_kernel_entropy_s,0.5930280741738321,0.733526541033249,0.7338667843012201,True,fr,0.6677966101694915
weighted_heat_t=0.5_kernel_entropy,0.5930280741738321,0.733526541033249,0.7338667843012201,True,fr,0.6677966101694915
weighted_heatn_t=0.5_kernel_entropy_s,0.39407438102144415,0.5611963703475165,0.5604258684313713,True,fr,0.6677966101694915
weighted_heatn_t=0.5_kernel_entropy,0.39407438102144415,0.5611963703475165,0.5604258684313713,True,fr,0.6677966101694915
weighted_heat_t=0.6_kernel_entropy_s,0.5920439241686521,0.7314029701336567,0.7317504119470504,True,fr,0.6677966101694915
weighted_heat_t=0.6_kernel_entropy,0.5920439241686521,0.7314029701336567,0.7317504119470504,True,fr,0.6677966101694915
weighted_heatn_t=0.6_kernel_entropy_s,0.3939707862840568,0.5611355619701195,0.5603652661840673,True,fr,0.6677966101694915
weighted_heatn_t=0.6_kernel_entropy,0.3939707862840568,0.5611355619701195,0.5603652661840673,True,fr,0.6677966101694915
weighted_heat_t=0.7_kernel_entropy_s,0.589246866259194,0.72971344400395,0.730066613024563,True,fr,0.6677966101694915
weighted_heat_t=0.7_kernel_entropy,0.589246866259194,0.72971344400395,0.730066613024563,True,fr,0.6677966101694915
weighted_heatn_t=0.7_kernel_entropy_s,0.3930902310162644,0.5602890942031727,0.5595216677993815,True,fr,0.6677966101694915
weighted_heatn_t=0.7_kernel_entropy,0.3930902310162644,0.5602890942031727,0.5595216677993815,True,fr,0.6677966101694915
weighted_matern_kappa=1.0_nu=1.0_kernel_entropy_s,0.5902310162643737,0.7336324776089393,0.7339723617698742,True,fr,0.6677966101694915
weighted_matern_kappa=1.0_nu=1.0_kernel_entropy,0.5902310162643737,0.7336324776089393,0.7339723617698742,True,fr,0.6677966101694915
weighted_maternn_kappa=1.0_nu=1.0_kernel_entropy_s,0.39314202838495804,0.5612898410501737,0.5605190222841892,True,fr,0.6677966101694915
weighted_maternn_kappa=1.0_nu=1.0_kernel_entropy,0.39314202838495804,0.5612898410501737,0.5605190222841892,True,fr,0.6677966101694915
weighted_matern_kappa=1.0_nu=2.0_kernel_entropy_s,0.5910079767947789,0.7341053016303881,0.7344435829980299,True,fr,0.6677966101694915
weighted_matern_kappa=1.0_nu=2.0_kernel_entropy,0.5910079767947789,0.7341053016303881,0.7344435829980299,True,fr,0.6677966101694915
weighted_maternn_kappa=1.0_nu=2.0_kernel_entropy_s,0.3935564073345075,0.5606634359644707,0.5598947406055562,True,fr,0.6677966101694915
weighted_maternn_kappa=1.0_nu=2.0_kernel_entropy,0.3935564073345075,0.5606634359644707,0.5598947406055562,True,fr,0.6677966101694915
weighted_matern_kappa=1.0_nu=3.0_kernel_entropy_s,0.5927690873303636,0.7356821184551634,0.7360150546810263,True,fr,0.6677966101694915
weighted_matern_kappa=1.0_nu=3.0_kernel_entropy,0.5927690873303636,0.7356821184551634,0.7360150546810263,True,fr,0.6677966101694915
weighted_maternn_kappa=1.0_nu=3.0_kernel_entropy_s,0.3938671915466695,0.560955237986763,0.5601855534684509,True,fr,0.6677966101694915
weighted_maternn_kappa=1.0_nu=3.0_kernel_entropy,0.3938671915466695,0.560955237986763,0.5601855534684509,True,fr,0.6677966101694915
weighted_matern_kappa=2.0_nu=1.0_kernel_entropy_s,0.5930798715425257,0.7366424007638195,0.7369720817954158,True,fr,0.6677966101694915
weighted_matern_kappa=2.0_nu=1.0_kernel_entropy,0.5930798715425257,0.7366424007638195,0.7369720817954158,True,fr,0.6677966101694915
weighted_maternn_kappa=2.0_nu=1.0_kernel_entropy_s,0.37843157567595564,0.570626074364004,0.569823607349498,True,fr,0.6677966101694915
weighted_maternn_kappa=2.0_nu=1.0_kernel_entropy,0.37843157567595564,0.570626074364004,0.569823607349498,True,fr,0.6677966101694915
weighted_matern_kappa=2.0_nu=2.0_kernel_entropy_s,0.5920439241686521,0.7363474559630111,0.7366781368074916,True,fr,0.6677966101694915
weighted_matern_kappa=2.0_nu=2.0_kernel_entropy,0.5920439241686521,0.7363474559630111,0.7366781368074916,True,fr,0.6677966101694915
weighted_maternn_kappa=2.0_nu=2.0_kernel_entropy_s,0.4152077074484616,0.5890556457833851,0.5881907056454236,True,fr,0.6677966101694915
weighted_maternn_kappa=2.0_nu=2.0_kernel_entropy,0.4152077074484616,0.5890556457833851,0.5881907056454236,True,fr,0.6677966101694915
weighted_matern_kappa=2.0_nu=3.0_kernel_entropy_s,0.5903346110017611,0.7345758415251522,0.7349125278423033,True,fr,0.6677966101694915
weighted_matern_kappa=2.0_nu=3.0_kernel_entropy,0.5903346110017611,0.7345758415251522,0.7349125278423033,True,fr,0.6677966101694915
weighted_maternn_kappa=2.0_nu=3.0_kernel_entropy_s,0.439656065471874,0.6009191961608688,0.6000140405978988,True,fr,0.6677966101694915
weighted_maternn_kappa=2.0_nu=3.0_kernel_entropy,0.439656065471874,0.6009191961608688,0.6000140405978988,True,fr,0.6677966101694915
weighted_matern_kappa=3.0_nu=1.0_kernel_entropy_s,0.5911115715321662,0.7357211258493626,0.7360539298467708,True,fr,0.6677966101694915
weighted_matern_kappa=3.0_nu=1.0_kernel_entropy,0.5911115715321662,0.7357211258493626,0.7360539298467708,True,fr,0.6677966101694915
weighted_maternn_kappa=3.0_nu=1.0_kernel_entropy_s,0.5476535791981767,0.6801314465458159,0.6789577748798462,True,fr,0.6677966101694915
weighted_maternn_kappa=3.0_nu=1.0_kernel_entropy,0.5476535791981767,0.6801314465458159,0.6789577748798462,True,fr,0.6677966101694915
weighted_matern_kappa=3.0_nu=2.0_kernel_entropy_s,0.5895576504713561,0.7353392132911809,0.7356733119074303,True,fr,0.6677966101694915
weighted_matern_kappa=3.0_nu=2.0_kernel_entropy,0.5895576504713561,0.7353392132911809,0.7356733119074303,True,fr,0.6677966101694915
weighted_maternn_kappa=3.0_nu=2.0_kernel_entropy_s,0.5647985082357816,0.6940273842887112,0.6928066077490367,True,fr,0.6677966101694915
weighted_maternn_kappa=3.0_nu=2.0_kernel_entropy,0.5647985082357816,0.6940273842887112,0.6928066077490367,True,fr,0.6677966101694915
weighted_matern_kappa=3.0_nu=3.0_kernel_entropy_s,0.5877965399357713,0.7329880699079561,0.7333301385017759,True,fr,0.6677966101694915
weighted_matern_kappa=3.0_nu=3.0_kernel_entropy,0.5877965399357713,0.7329880699079561,0.7333301385017759,True,fr,0.6677966101694915
weighted_maternn_kappa=3.0_nu=3.0_kernel_entropy_s,0.5790945819952347,0.7094745691908926,0.7098963445668041,True,fr,0.6677966101694915
weighted_maternn_kappa=3.0_nu=3.0_kernel_entropy,0.5790945819952347,0.7094745691908926,0.7098963445668041,True,fr,0.6677966101694915
weighted_deberta_heat_t=0.1_kernel_entropy_s,0.541800476535792,0.7055830806825987,0.7060180475449789,True,fr,0.6677966101694915
weighted_deberta_heat_t=0.1_kernel_entropy,0.541800476535792,0.7055830806825987,0.7060180475449789,True,fr,0.6677966101694915
weighted_deberta_heatn_t=0.1_kernel_entropy_s,0.4801616077903243,0.6608497747747172,0.6597414647079716,True,fr,0.6677966101694915
weighted_deberta_heatn_t=0.1_kernel_entropy,0.4801616077903243,0.6608497747747172,0.6597414647079716,True,fr,0.6677966101694915
weighted_deberta_heat_t=0.2_kernel_entropy_s,0.5419040712731793,0.7061984672044797,0.7066313480108535,True,fr,0.6677966101694915
weighted_deberta_heat_t=0.2_kernel_entropy,0.5419040712731793,0.7061984672044797,0.7066313480108535,True,fr,0.6677966101694915
weighted_deberta_heatn_t=0.2_kernel_entropy_s,0.4803169998964053,0.6615414452404531,0.6604307905280609,True,fr,0.6677966101694915
weighted_deberta_heatn_t=0.2_kernel_entropy,0.4803169998964053,0.6615414452404531,0.6604307905280609,True,fr,0.6677966101694915
weighted_deberta_heat_t=0.3_kernel_entropy_s,0.5419558686418731,0.705145968894487,0.7055824174917421,True,fr,0.6677966101694915
weighted_deberta_heat_t=0.3_kernel_entropy,0.5419558686418731,0.705145968894487,0.7055824174917421,True,fr,0.6677966101694915
weighted_deberta_heatn_t=0.3_kernel_entropy_s,0.480679581477261,0.6626132026807732,0.661498914892312,True,fr,0.6677966101694915
weighted_deberta_heatn_t=0.3_kernel_entropy,0.480679581477261,0.6626132026807732,0.661498914892312,True,fr,0.6677966101694915
weighted_deberta_heat_t=0.4_kernel_entropy_s,0.5401947581062881,0.7038846733897273,0.7043253975649646,True,fr,0.6677966101694915
weighted_deberta_heat_t=0.4_kernel_entropy,0.5401947581062881,0.7038846733897273,0.7043253975649646,True,fr,0.6677966101694915
weighted_deberta_heatn_t=0.4_kernel_entropy_s,0.4812493525328913,0.6631746399397332,0.6620584489741231,True,fr,0.6677966101694915
weighted_deberta_heatn_t=0.4_kernel_entropy,0.4812493525328913,0.6631746399397332,0.6620584489741231,True,fr,0.6677966101694915
weighted_deberta_heat_t=0.5_kernel_entropy_s,0.5365689422977313,0.7016163128041423,0.7020647263372969,True,fr,0.6677966101694915
weighted_deberta_heat_t=0.5_kernel_entropy,0.5365689422977313,0.7016163128041423,0.7020647263372969,True,fr,0.6677966101694915
weighted_deberta_heatn_t=0.5_kernel_entropy_s,0.48218170516937736,0.6645980199413029,0.6634770039587382,True,fr,0.6677966101694915
weighted_deberta_heatn_t=0.5_kernel_entropy,0.48218170516937736,0.6645980199413029,0.6634770039587382,True,fr,0.6677966101694915
weighted_deberta_heat_t=0.6_kernel_entropy_s,0.5340308712317414,0.6977048132210965,0.6981664860748715,True,fr,0.6677966101694915
weighted_deberta_heat_t=0.6_kernel_entropy,0.5340308712317414,0.6977048132210965,0.6981664860748715,True,fr,0.6677966101694915
weighted_deberta_heatn_t=0.6_kernel_entropy_s,0.48249248938153944,0.6648803438592178,0.663758370846423,True,fr,0.6677966101694915
weighted_deberta_heatn_t=0.6_kernel_entropy,0.48249248938153944,0.6648803438592178,0.663758370846423,True,fr,0.6677966101694915
weighted_deberta_heat_t=0.7_kernel_entropy_s,0.5332021133326427,0.698561682797651,0.6990204510087936,True,fr,0.6677966101694915
weighted_deberta_heat_t=0.7_kernel_entropy,0.5332021133326427,0.698561682797651,0.6990204510087936,True,fr,0.6677966101694915
weighted_deberta_heatn_t=0.7_kernel_entropy_s,0.48176732621982804,0.6642537778266204,0.6631339287664785,True,fr,0.6677966101694915
weighted_deberta_heatn_t=0.7_kernel_entropy,0.48176732621982804,0.6642537778266204,0.6631339287664785,True,fr,0.6677966101694915
weighted_deberta_matern_kappa=1.0_nu=1.0_kernel_entropy_s,0.5358955765047135,0.7038334118021228,0.7042743097454537,True,fr,0.6677966101694915
weighted_deberta_matern_kappa=1.0_nu=1.0_kernel_entropy,0.5358955765047135,0.7038334118021228,0.7042743097454537,True,fr,0.6677966101694915
weighted_deberta_maternn_kappa=1.0_nu=1.0_kernel_entropy_s,0.48150833937635973,0.6634978298507697,0.6623805433261389,True,fr,0.6677966101694915
weighted_deberta_maternn_kappa=1.0_nu=1.0_kernel_entropy,0.48150833937635973,0.6634978298507697,0.6623805433261389,True,fr,0.6677966101694915
weighted_deberta_matern_kappa=1.0_nu=2.0_kernel_entropy_s,0.5368797265098932,0.7030701868362017,0.703513671982807,True,fr,0.6677966101694915
weighted_deberta_matern_kappa=1.0_nu=2.0_kernel_entropy,0.5368797265098932,0.7030701868362017,0.703513671982807,True,fr,0.6677966101694915
weighted_deberta_maternn_kappa=1.0_nu=2.0_kernel_entropy_s,0.4821817051693774,0.6644229856554661,0.6633025630094637,True,fr,0.6677966101694915
weighted_deberta_maternn_kappa=1.0_nu=2.0_kernel_entropy,0.4821817051693774,0.6644229856554661,0.6633025630094637,True,fr,0.6677966101694915
weighted_deberta_matern_kappa=1.0_nu=3.0_kernel_entropy_s,0.5373459028281363,0.703235220469582,0.7036781461801419,True,fr,0.6677966101694915
weighted_deberta_matern_kappa=1.0_nu=3.0_kernel_entropy,0.5373459028281363,0.703235220469582,0.7036781461801419,True,fr,0.6677966101694915
weighted_deberta_maternn_kappa=1.0_nu=3.0_kernel_entropy_s,0.48197451569460276,0.6639189743776949,0.6628002602444985,True,fr,0.6677966101694915
weighted_deberta_maternn_kappa=1.0_nu=3.0_kernel_entropy,0.48197451569460276,0.6639189743776949,0.6628002602444985,True,fr,0.6677966101694915
weighted_deberta_matern_kappa=2.0_nu=1.0_kernel_entropy_s,0.5308712317414276,0.6993205945044279,0.6997767901335135,True,fr,0.6677966101694915
weighted_deberta_matern_kappa=2.0_nu=1.0_kernel_entropy,0.5308712317414276,0.6993205945044279,0.6997767901335135,True,fr,0.6677966101694915
weighted_deberta_maternn_kappa=2.0_nu=1.0_kernel_entropy_s,0.4906246762664457,0.6660113594105759,0.6648855524467596,True,fr,0.6677966101694915
weighted_deberta_maternn_kappa=2.0_nu=1.0_kernel_entropy,0.4906246762664457,0.6660113594105759,0.6648855524467596,True,fr,0.6677966101694915
weighted_deberta_matern_kappa=2.0_nu=2.0_kernel_entropy_s,0.528125971200663,0.6968489467295689,0.697313520825688,True,fr,0.6677966101694915
weighted_deberta_matern_kappa=2.0_nu=2.0_kernel_entropy,0.528125971200663,0.6968489467295689,0.697313520825688,True,fr,0.6677966101694915
weighted_deberta_maternn_kappa=2.0_nu=2.0_kernel_entropy_s,0.5005697710556304,0.6710095933150098,0.6698668431854157,True,fr,0.6677966101694915
weighted_deberta_maternn_kappa=2.0_nu=2.0_kernel_entropy,0.5005697710556304,0.6710095933150098,0.6698668431854157,True,fr,0.6677966101694915
weighted_deberta_matern_kappa=2.0_nu=3.0_kernel_entropy_s,0.527038226458096,0.6942352192813456,0.6947086534705097,True,fr,0.6677966101694915
weighted_deberta_matern_kappa=2.0_nu=3.0_kernel_entropy,0.527038226458096,0.6942352192813456,0.6947086534705097,True,fr,0.6677966101694915
weighted_deberta_maternn_kappa=2.0_nu=3.0_kernel_entropy_s,0.5096343105770227,0.6716577154661673,0.6705127683123319,True,fr,0.6677966101694915
weighted_deberta_maternn_kappa=2.0_nu=3.0_kernel_entropy,0.5096343105770227,0.6716577154661673,0.6705127683123319,True,fr,0.6677966101694915
weighted_deberta_matern_kappa=3.0_nu=1.0_kernel_entropy_s,0.5287993369936808,0.6973690341952763,0.6978318452830373,True,fr,0.6677966101694915
weighted_deberta_matern_kappa=3.0_nu=1.0_kernel_entropy,0.5287993369936808,0.6973690341952763,0.6978318452830373,True,fr,0.6677966101694915
weighted_deberta_maternn_kappa=3.0_nu=1.0_kernel_entropy_s,0.5134155184916607,0.643113626233651,0.6420654387043327,True,fr,0.6677966101694915
weighted_deberta_maternn_kappa=3.0_nu=1.0_kernel_entropy,0.5134155184916607,0.643113626233651,0.6420654387043327,True,fr,0.6677966101694915
weighted_deberta_matern_kappa=3.0_nu=2.0_kernel_entropy_s,0.5292137159432301,0.6943698244722705,0.6948428023726517,True,fr,0.6677966101694915
weighted_deberta_matern_kappa=3.0_nu=2.0_kernel_entropy,0.5292137159432301,0.6943698244722705,0.6948428023726517,True,fr,0.6677966101694915
weighted_deberta_maternn_kappa=3.0_nu=2.0_kernel_entropy_s,0.5168341448254429,0.6677484252737254,0.6666167299510508,True,fr,0.6677966101694915
weighted_deberta_maternn_kappa=3.0_nu=2.0_kernel_entropy,0.5168341448254429,0.6677484252737254,0.6666167299510508,True,fr,0.6677966101694915
weighted_deberta_matern_kappa=3.0_nu=3.0_kernel_entropy_s,0.5311302185848958,0.6914525963554401,0.691935463164692,True,fr,0.6677966101694915
weighted_deberta_matern_kappa=3.0_nu=3.0_kernel_entropy,0.5311302185848958,0.6914525963554401,0.691935463164692,True,fr,0.6677966101694915
weighted_deberta_maternn_kappa=3.0_nu=3.0_kernel_entropy_s,0.5196312027349009,0.6723712756613496,0.671223909659395,True,fr,0.6677966101694915
weighted_deberta_maternn_kappa=3.0_nu=3.0_kernel_entropy,0.5196312027349009,0.6723712756613496,0.671223909659395,True,fr,0.6677966101694915
semantic_kernel_heat_t=0.1_alpha_0.0,0.5622604371697918,0.7081899438739139,0.7069211586576795,False,fr,0.6677966101694915
semantic_kernel_heat_t=0.1_alpha_0.1,0.5634517766497461,0.7104123620359537,0.709136043198831,False,fr,0.6677966101694915
semantic_kernel_heat_t=0.1_alpha_0.2,0.5650056977105562,0.7114709008512887,0.7101909937469953,False,fr,0.6677966101694915
semantic_kernel_heat_t=0.1_alpha_0.3,0.5670257950896095,0.712789242332559,0.7115048662740918,False,fr,0.6677966101694915
semantic_kernel_heat_t=0.1_alpha_0.4,0.5695120687869056,0.7177092294843082,0.7181030907575301,False,fr,0.6677966101694915
semantic_kernel_heat_t=0.1_alpha_0.5,0.5723609240650575,0.7184946061762212,0.7188858051555721,False,fr,0.6677966101694915
semantic_kernel_heat_t=0.1_alpha_0.6,0.5759867398736144,0.7195344289461216,0.7199221031025237,False,fr,0.6677966101694915
semantic_kernel_heat_t=0.1_alpha_0.7,0.5754169688179841,0.7182840545676216,0.7186759672812391,False,fr,0.6677966101694915
semantic_kernel_heat_t=0.1_alpha_0.8,0.5774370661970372,0.7187357474944036,0.7191261290455574,False,fr,0.6677966101694915
semantic_kernel_heat_t=0.1_alpha_0.9,0.579198176732622,0.7188345426015885,0.719224589254074,False,fr,0.6677966101694915
semantic_kernel_heat_t=0.1_alpha_1.0,0.5797161504195587,0.7187958501982422,0.7191860280114167,False,fr,0.6677966101694915
semantic_kernel_heatn_t=0.1_alpha_0.0,0.5622604371697918,0.7081899438739139,0.7069211586576795,False,fr,0.6677966101694915
semantic_kernel_heatn_t=0.1_alpha_0.1,0.5636071687558273,0.7105490698143696,0.7092722875610488,False,fr,0.6677966101694915
semantic_kernel_heatn_t=0.1_alpha_0.2,0.5646949134983943,0.7113079904010149,0.710028635535536,False,fr,0.6677966101694915
semantic_kernel_heatn_t=0.1_alpha_0.3,0.5660934424531233,0.7123430470134127,0.7110601834814512,False,fr,0.6677966101694915
semantic_kernel_heatn_t=0.1_alpha_0.4,0.5675955661452399,0.7136537312962394,0.7123664247667089,False,fr,0.6677966101694915
semantic_kernel_heatn_t=0.1_alpha_0.5,0.5685279187817259,0.7137014280103873,0.71241395979708,False,fr,0.6677966101694915
semantic_kernel_heatn_t=0.1_alpha_0.6,0.5684243240443386,0.713457856499324,0.7121712139521559,False,fr,0.6677966101694915
semantic_kernel_heatn_t=0.1_alpha_0.7,0.5682689319382576,0.7133643421880669,0.7120780166385641,False,fr,0.6677966101694915
semantic_kernel_heatn_t=0.1_alpha_0.8,0.5680617424634828,0.7134790345496953,0.7121923202125259,False,fr,0.6677966101694915
semantic_kernel_heatn_t=0.1_alpha_0.9,0.5677509582513208,0.7135405330258462,0.7122536102192661,False,fr,0.6677966101694915
semantic_kernel_heatn_t=0.1_alpha_1.0,0.5673365793017714,0.719442595034131,0.7198305804919297,False,fr,0.6677966101694915
semantic_kernel_heat_t=0.2_alpha_0.0,0.5622604371697918,0.7081899438739139,0.7069211586576795,False,fr,0.6677966101694915
semantic_kernel_heat_t=0.2_alpha_0.1,0.5638661555992956,0.7106588544390195,0.7093817000344288,False,fr,0.6677966101694915
semantic_kernel_heat_t=0.2_alpha_0.2,0.5664042266652854,0.7121736234802094,0.7108913342653095,False,fr,0.6677966101694915
semantic_kernel_heat_t=0.2_alpha_0.3,0.5699782451051487,0.7142925238784792,0.7130030519503648,False,fr,0.6677966101694915
semantic_kernel_heat_t=0.2_alpha_0.4,0.5760385372423081,0.7183330851060215,0.7170299163601866,False,fr,0.6677966101694915
semantic_kernel_heat_t=0.2_alpha_0.5,0.5775924583031182,0.7203110080474913,0.7206960497323632,False,fr,0.6677966101694915
semantic_kernel_heat_t=0.2_alpha_0.6,0.580130529369108,0.7205069421146089,0.7208913196162025,False,fr,0.6677966101694915
semantic_kernel_heat_t=0.2_alpha_0.7,0.5833937635968093,0.7212635903390436,0.7216454029314019,False,fr,0.6677966101694915
semantic_kernel_heat_t=0.2_alpha_0.8,0.5873303636175282,0.7216257686895435,0.7220063535586797,False,fr,0.6677966101694915
semantic_kernel_heat_t=0.2_alpha_0.9,0.5893504609965813,0.7208656660160798,0.7212488275044482,False,fr,0.6677966101694915
semantic_kernel_heat_t=0.2_alpha_1.0,0.5872267688801409,0.7163443923189792,0.7167428801588631,False,fr,0.6677966101694915
semantic_kernel_heatn_t=0.2_alpha_0.0,0.5622604371697918,0.7081899438739139,0.7069211586576795,False,fr,0.6677966101694915
semantic_kernel_heatn_t=0.2_alpha_0.1,0.5636071687558273,0.7105490698143696,0.7092722875610488,False,fr,0.6677966101694915
semantic_kernel_heatn_t=0.2_alpha_0.2,0.5646949134983943,0.7113079904010149,0.710028635535536,False,fr,0.6677966101694915
semantic_kernel_heatn_t=0.2_alpha_0.3,0.5661970371905107,0.7123803224772522,0.7110973325877862,False,fr,0.6677966101694915
semantic_kernel_heatn_t=0.2_alpha_0.4,0.5675955661452399,0.7136745020876869,0.7123871251486937,False,fr,0.6677966101694915
semantic_kernel_heatn_t=0.2_alpha_0.5,0.5684243240443385,0.7136239820967396,0.7123367764119531,False,fr,0.6677966101694915
semantic_kernel_heatn_t=0.2_alpha_0.6,0.568372526675645,0.7134376103056085,0.7121510363896055,False,fr,0.6677966101694915
semantic_kernel_heatn_t=0.2_alpha_0.7,0.5681653372008703,0.713308042880583,0.7120219081761902,False,fr,0.6677966101694915
semantic_kernel_heatn_t=0.2_alpha_0.8,0.5681653372008703,0.7137912254851149,0.7125034528735883,False,fr,0.6677966101694915
semantic_kernel_heatn_t=0.2_alpha_0.9,0.5661970371905107,0.715859940415857,0.716260070465582,False,fr,0.6677966101694915
semantic_kernel_heatn_t=0.2_alpha_1.0,0.5689422977312752,0.7203386187007099,0.7207235667901474,False,fr,0.6677966101694915
semantic_kernel_heat_t=0.3_alpha_0.0,0.5622604371697918,0.7081899438739139,0.7069211586576795,False,fr,0.6677966101694915
semantic_kernel_heat_t=0.3_alpha_0.1,0.5641251424427639,0.7107332284691472,0.7094558219492001,False,fr,0.6677966101694915
semantic_kernel_heat_t=0.3_alpha_0.2,0.5672847819330779,0.712883486664879,0.711598791134099,False,fr,0.6677966101694915
semantic_kernel_heat_t=0.3_alpha_0.3,0.5728271003833005,0.7147095866642303,0.7134187009639609,False,fr,0.6677966101694915
semantic_kernel_heat_t=0.3_alpha_0.4,0.5786802030456852,0.7176516638999766,0.7163508050565351,False,fr,0.6677966101694915
semantic_kernel_heat_t=0.3_alpha_0.5,0.5834455609655029,0.7205640803969466,0.7192533489552104,False,fr,0.6677966101694915
semantic_kernel_heat_t=0.3_alpha_0.6,0.5898684346835181,0.7216007872910666,0.7202865415886722,False,fr,0.6677966101694915
semantic_kernel_heat_t=0.3_alpha_0.7,0.5920439241686523,0.7227758213080444,0.7231525076937281,False,fr,0.6677966101694915
semantic_kernel_heat_t=0.3_alpha_0.8,0.5941676162850927,0.7207053195552806,0.7210890245909738,False,fr,0.6677966101694915
semantic_kernel_heat_t=0.3_alpha_0.9,0.5947373873407231,0.7187802621367622,0.719170492790823,False,fr,0.6677966101694915
semantic_kernel_heat_t=0.3_alpha_1.0,0.5921993162747333,0.7166177489491623,0.7170153101564016,False,fr,0.6677966101694915
semantic_kernel_heatn_t=0.3_alpha_0.0,0.5622604371697918,0.7081899438739139,0.7069211586576795,False,fr,0.6677966101694915
semantic_kernel_heatn_t=0.3_alpha_0.1,0.5636071687558273,0.7105490698143696,0.7092722875610488,False,fr,0.6677966101694915
semantic_kernel_heatn_t=0.3_alpha_0.2,0.5646949134983943,0.7113079904010149,0.710028635535536,False,fr,0.6677966101694915
semantic_kernel_heatn_t=0.3_alpha_0.3,0.5660934424531234,0.7123320714085931,0.7110492450820717,False,fr,0.6677966101694915
semantic_kernel_heatn_t=0.3_alpha_0.4,0.5675955661452399,0.7136745020876869,0.7123871251486937,False,fr,0.6677966101694915
semantic_kernel_heatn_t=0.3_alpha_0.5,0.5682689319382576,0.7135070275570825,0.7122202183283627,False,fr,0.6677966101694915
semantic_kernel_heatn_t=0.3_alpha_0.6,0.5681653372008703,0.7133475720962894,0.7120613033945553,False,fr,0.6677966101694915
semantic_kernel_heatn_t=0.3_alpha_0.7,0.5682171345695639,0.7136109495134076,0.7123237880068697,False,fr,0.6677966101694915
semantic_kernel_heatn_t=0.3_alpha_0.8,0.5678545529887082,0.7154817155313489,0.7141882124450892,False,fr,0.6677966101694915
semantic_kernel_heatn_t=0.3_alpha_0.9,0.5633481819123588,0.7140859805757237,0.7144921240486356,False,fr,0.6677966101694915
semantic_kernel_heatn_t=0.3_alpha_1.0,0.5694084740495182,0.7204697171298192,0.7208542208178019,False,fr,0.6677966101694915
semantic_kernel_heat_t=0.4_alpha_0.0,0.5622604371697918,0.7081899438739139,0.7069211586576795,False,fr,0.6677966101694915
semantic_kernel_heat_t=0.4_alpha_0.1,0.564591318761007,0.7110499152515761,0.7097714352171122,False,fr,0.6677966101694915
semantic_kernel_heat_t=0.4_alpha_0.2,0.5684243240443385,0.7132783822372464,0.7119923480774074,False,fr,0.6677966101694915
semantic_kernel_heat_t=0.4_alpha_0.3,0.5743292240754169,0.7154890788582541,0.7141955508115643,False,fr,0.6677966101694915
semantic_kernel_heat_t=0.4_alpha_0.4,0.5812182741116751,0.718118515996276,0.7168160746033556,False,fr,0.6677966101694915
semantic_kernel_heat_t=0.4_alpha_0.5,0.588780689940951,0.7199331636549428,0.7186245709140269,False,fr,0.6677966101694915
semantic_kernel_heat_t=0.4_alpha_0.6,0.5939086294416245,0.7207647001873819,0.7194532886785594,False,fr,0.6677966101694915
semantic_kernel_heat_t=0.4_alpha_0.7,0.5950999689215788,0.7200001122999732,0.7186912926144978,False,fr,0.6677966101694915
semantic_kernel_heat_t=0.4_alpha_0.8,0.5941158189163991,0.7197719877207962,0.7201588565932164,False,fr,0.6677966101694915
semantic_kernel_heat_t=0.4_alpha_0.9,0.5891432715218067,0.7152767782248375,0.7156788850955491,False,fr,0.6677966101694915
semantic_kernel_heat_t=0.4_alpha_1.0,0.5846369004454574,0.7122520731330871,0.7126644332413977,False,fr,0.6677966101694915
semantic_kernel_heatn_t=0.4_alpha_0.0,0.5622604371697918,0.7081899438739139,0.7069211586576795,False,fr,0.6677966101694915
semantic_kernel_heatn_t=0.4_alpha_0.1,0.5635553713871335,0.7105157231423674,0.7092390539286129,False,fr,0.6677966101694915
semantic_kernel_heatn_t=0.4_alpha_0.2,0.5647467108670879,0.7113365732627309,0.7100571215061955,False,fr,0.6677966101694915
semantic_kernel_heatn_t=0.4_alpha_0.3,0.5660416450844297,0.7123201368101924,0.7110373509399366,False,fr,0.6677966101694915
semantic_kernel_heatn_t=0.4_alpha_0.4,0.5674401740391587,0.713582601817369,0.712295536404716,False,fr,0.6677966101694915
semantic_kernel_heatn_t=0.4_alpha_0.5,0.5682171345695639,0.7134735699699949,0.7121868741568245,False,fr,0.6677966101694915
semantic_kernel_heatn_t=0.4_alpha_0.6,0.5682689319382576,0.7136070235994665,0.7123198754011114,False,fr,0.6677966101694915
semantic_kernel_heatn_t=0.4_alpha_0.7,0.5683725266756449,0.7138536474747038,0.7125656632632125,False,fr,0.6677966101694915
semantic_kernel_heatn_t=0.4_alpha_0.8,0.5674401740391588,0.7166301586643833,0.7170276778047913,False,fr,0.6677966101694915
semantic_kernel_heatn_t=0.4_alpha_0.9,0.5631927898062778,0.7155075654818113,0.7159088900228382,False,fr,0.6677966101694915
semantic_kernel_heatn_t=0.4_alpha_1.0,0.570237231948617,0.7206638776676698,0.721047723184338,False,fr,0.6677966101694915
semantic_kernel_heat_t=0.5_alpha_0.0,0.5622604371697918,0.7081899438739139,0.7069211586576795,False,fr,0.6677966101694915
semantic_kernel_heat_t=0.5_alpha_0.1,0.5646431161297006,0.7108236476083077,0.7095459345828041,False,fr,0.6677966101694915
semantic_kernel_heat_t=0.5_alpha_0.2,0.5681135398321766,0.713107922968855,0.7118224666370444,False,fr,0.6677966101694915
semantic_kernel_heat_t=0.5_alpha_0.3,0.5749507924997411,0.7161404639673884,0.7148447278355828,False,fr,0.6677966101694915
semantic_kernel_heat_t=0.5_alpha_0.4,0.5809592872682068,0.7179355991758662,0.7166337778399641,False,fr,0.6677966101694915
semantic_kernel_heat_t=0.5_alpha_0.5,0.5899202320522118,0.7207981490623573,0.719486624167518,False,fr,0.6677966101694915
semantic_kernel_heat_t=0.5_alpha_0.6,0.5947891847094168,0.7204612391385515,0.7191508563112504,False,fr,0.6677966101694915
semantic_kernel_heat_t=0.5_alpha_0.7,0.5940122241790118,0.7179908896941696,0.7166888809327816,False,fr,0.6677966101694915
semantic_kernel_heat_t=0.5_alpha_0.8,0.5908007873200042,0.7176602934814202,0.7163594053851603,False,fr,0.6677966101694915
semantic_kernel_heat_t=0.5_alpha_0.9,0.5821506267481613,0.7131562272329591,0.7135655224121178,False,fr,0.6677966101694915
semantic_kernel_heat_t=0.5_alpha_1.0,0.5740702372319486,0.7052955839096653,0.7057315253373776,False,fr,0.6677966101694915
semantic_kernel_heatn_t=0.5_alpha_0.0,0.5622604371697918,0.7081899438739139,0.7069211586576795,False,fr,0.6677966101694915
semantic_kernel_heatn_t=0.5_alpha_0.1,0.5635553713871335,0.7105157231423674,0.7092390539286129,False,fr,0.6677966101694915
semantic_kernel_heatn_t=0.5_alpha_0.2,0.5646949134983943,0.7112912217888081,0.7100119237660825,False,fr,0.6677966101694915
semantic_kernel_heatn_t=0.5_alpha_0.3,0.5660934424531233,0.7123322845264217,0.7110494574774668,False,fr,0.6677966101694915
semantic_kernel_heatn_t=0.5_alpha_0.4,0.5673883766704652,0.7135416804402958,0.7122547537441752,False,fr,0.6677966101694915
semantic_kernel_heatn_t=0.5_alpha_0.5,0.5682689319382576,0.7137258020798913,0.7124382512426197,False,fr,0.6677966101694915
semantic_kernel_heatn_t=0.5_alpha_0.6,0.5682171345695639,0.7136452174389925,0.7123579397699948,False,fr,0.6677966101694915
semantic_kernel_heatn_t=0.5_alpha_0.7,0.5686315135191132,0.7156154617325088,0.7143215052692959,False,fr,0.6677966101694915
semantic_kernel_heatn_t=0.5_alpha_0.8,0.5664042266652853,0.7159287976995531,0.716328694334757,False,fr,0.6677966101694915
semantic_kernel_heatn_t=0.5_alpha_0.9,0.5657308608722678,0.718361112478753,0.7187527639791123,False,fr,0.6677966101694915
semantic_kernel_heatn_t=0.5_alpha_1.0,0.5719465451155081,0.7215910967112411,0.7219717991125071,False,fr,0.6677966101694915
semantic_kernel_heat_t=0.6_alpha_0.0,0.5622604371697918,0.7081899438739139,0.7069211586576795,False,fr,0.6677966101694915
semantic_kernel_heat_t=0.6_alpha_0.1,0.564591318761007,0.7105707474296779,0.7092938916929155,False,fr,0.6677966101694915
semantic_kernel_heat_t=0.6_alpha_0.2,0.5676473635139334,0.7128467915534159,0.711562220412844,False,fr,0.6677966101694915
semantic_kernel_heat_t=0.6_alpha_0.3,0.574640008287579,0.7160879031555525,0.7147923451959906,False,fr,0.6677966101694915
semantic_kernel_heat_t=0.6_alpha_0.4,0.5810110846369004,0.7173112995096831,0.7160115944438359,False,fr,0.6677966101694915
semantic_kernel_heat_t=0.6_alpha_0.5,0.5891950688905003,0.720126186101965,0.7188169390476694,False,fr,0.6677966101694915
semantic_kernel_heat_t=0.6_alpha_0.6,0.5940122241790117,0.7205073053594367,0.7191967663754547,False,fr,0.6677966101694915
semantic_kernel_heat_t=0.6_alpha_0.7,0.5924065057495078,0.7175896346005278,0.7162889860258981,False,fr,0.6677966101694915
semantic_kernel_heat_t=0.6_alpha_0.8,0.5860872267688801,0.7144067858290098,0.7131169265722497,False,fr,0.6677966101694915
semantic_kernel_heat_t=0.6_alpha_0.9,0.5748471977623537,0.7091743870092642,0.7079022646976557,False,fr,0.6677966101694915
semantic_kernel_heat_t=0.6_alpha_1.0,0.5655754687661867,0.7012568110890707,0.7017064432721069,False,fr,0.6677966101694915
semantic_kernel_heatn_t=0.6_alpha_0.0,0.5622604371697918,0.7081899438739139,0.7069211586576795,False,fr,0.6677966101694915
semantic_kernel_heatn_t=0.6_alpha_0.1,0.5635553713871335,0.7105157231423674,0.7092390539286129,False,fr,0.6677966101694915
semantic_kernel_heatn_t=0.6_alpha_0.2,0.5646949134983943,0.7112912217888081,0.7100119237660825,False,fr,0.6677966101694915
semantic_kernel_heatn_t=0.6_alpha_0.3,0.5660416450844297,0.712301641638636,0.7110189184638769,False,fr,0.6677966101694915
semantic_kernel_heatn_t=0.6_alpha_0.4,0.5674401740391588,0.7135607892073981,0.7122737977357959,False,fr,0.6677966101694915
semantic_kernel_heatn_t=0.6_alpha_0.5,0.5682171345695639,0.7137117129810233,0.7124242099034086,False,fr,0.6677966101694915
semantic_kernel_heatn_t=0.6_alpha_0.6,0.5682689319382576,0.713701273947839,0.7124138062567775,False,fr,0.6677966101694915
semantic_kernel_heatn_t=0.6_alpha_0.7,0.5682171345695639,0.7172692322439342,0.7176645850332253,False,fr,0.6677966101694915
semantic_kernel_heatn_t=0.6_alpha_0.8,0.5655236713974929,0.7152484432308703,0.7156506461524089,False,fr,0.6677966101694915
semantic_kernel_heatn_t=0.6_alpha_0.9,0.5676473635139335,0.7208752000177814,0.7212583291875,False,fr,0.6677966101694915
semantic_kernel_heatn_t=0.6_alpha_1.0,0.5728271003833005,0.7218916930770632,0.7222713765075978,False,fr,0.6677966101694915
semantic_kernel_heat_t=0.7_alpha_0.0,0.5622604371697918,0.7081899438739139,0.7069211586576795,False,fr,0.6677966101694915
semantic_kernel_heat_t=0.7_alpha_0.1,0.5647985082357816,0.7106475866137341,0.7093704704051613,False,fr,0.6677966101694915
semantic_kernel_heat_t=0.7_alpha_0.2,0.5676991608826272,0.7127156636573659,0.7114315370181368,False,fr,0.6677966101694915
semantic_kernel_heat_t=0.7_alpha_0.3,0.5735004661763183,0.7155725773353463,0.7142787662429713,False,fr,0.6677966101694915
semantic_kernel_heat_t=0.7_alpha_0.4,0.579508960944784,0.7169613509604633,0.7156628321608846,False,fr,0.6677966101694915
semantic_kernel_heat_t=0.7_alpha_0.5,0.5865016057184295,0.7194775454536352,0.7181704971811983,False,fr,0.6677966101694915
semantic_kernel_heat_t=0.7_alpha_0.6,0.593494250492075,0.7204294350288498,0.7191191600120902,False,fr,0.6677966101694915
semantic_kernel_heat_t=0.7_alpha_0.7,0.5904382057391485,0.7182114332304222,0.7169086768638268,False,fr,0.6677966101694915
semantic_kernel_heat_t=0.7_alpha_0.8,0.5848440899202321,0.713212969506074,0.7119271570843069,False,fr,0.6677966101694915
semantic_kernel_heat_t=0.7_alpha_0.9,0.5730860872267689,0.707639557898118,0.7063726383970558,False,fr,0.6677966101694915
semantic_kernel_heat_t=0.7_alpha_1.0,0.5584274318864602,0.6974163419859203,0.6978789927082892,False,fr,0.6677966101694915
semantic_kernel_heatn_t=0.7_alpha_0.0,0.5622604371697918,0.7081899438739139,0.7069211586576795,False,fr,0.6677966101694915
semantic_kernel_heatn_t=0.7_alpha_0.1,0.5636071687558273,0.7105460924329409,0.7092693202724384,False,fr,0.6677966101694915
semantic_kernel_heatn_t=0.7_alpha_0.2,0.5646949134983943,0.7112912217888081,0.7100119237660825,False,fr,0.6677966101694915
semantic_kernel_heatn_t=0.7_alpha_0.3,0.565989847715736,0.7122656557810263,0.7109830545922254,False,fr,0.6677966101694915
semantic_kernel_heatn_t=0.7_alpha_0.4,0.5673365793017715,0.7136242397265182,0.7123370331684103,False,fr,0.6677966101694915
semantic_kernel_heatn_t=0.7_alpha_0.5,0.5681653372008701,0.7137058024031404,0.7124183193613831,False,fr,0.6677966101694915
semantic_kernel_heatn_t=0.7_alpha_0.6,0.5687869056251943,0.7157886123685446,0.7144940689540233,False,fr,0.6677966101694915
semantic_kernel_heatn_t=0.7_alpha_0.7,0.5679581477260955,0.7168326663895273,0.7172294990630703,False,fr,0.6677966101694915
semantic_kernel_heatn_t=0.7_alpha_0.8,0.5654200766601057,0.7162396205059367,0.7166384635045089,False,fr,0.6677966101694915
semantic_kernel_heatn_t=0.7_alpha_0.9,0.5684761214130323,0.7216393248842474,0.7220198638001812,False,fr,0.6677966101694915
semantic_kernel_heatn_t=0.7_alpha_1.0,0.5726199109085258,0.7220706492537763,0.7224497260532033,False,fr,0.6677966101694915
semantic_kernel_matern_kappa=1.0_nu=1.0_alpha_0.0,0.5622604371697918,0.7081899438739139,0.7069211586576795,False,fr,0.6677966101694915
semantic_kernel_matern_kappa=1.0_nu=1.0_alpha_0.1,0.5638143582306019,0.7106122164358,0.7093352201261354,False,fr,0.6677966101694915
semantic_kernel_matern_kappa=1.0_nu=1.0_alpha_0.2,0.5654718740287993,0.7116651556654223,0.7103845900702336,False,fr,0.6677966101694915
semantic_kernel_matern_kappa=1.0_nu=1.0_alpha_0.3,0.5678545529887081,0.7131303127602573,0.7118447805308489,False,fr,0.6677966101694915
semantic_kernel_matern_kappa=1.0_nu=1.0_alpha_0.4,0.5724645188024449,0.7156613673398333,0.7143672552643924,False,fr,0.6677966101694915
semantic_kernel_matern_kappa=1.0_nu=1.0_alpha_0.5,0.5765565109292448,0.7195748916048945,0.7199624285997416,False,fr,0.6677966101694915
semantic_kernel_matern_kappa=1.0_nu=1.0_alpha_0.6,0.5776960530405054,0.7197826524325758,0.7201694851534306,False,fr,0.6677966101694915
semantic_kernel_matern_kappa=1.0_nu=1.0_alpha_0.7,0.5785248109396043,0.7191167478709589,0.7195058378954124,False,fr,0.6677966101694915
semantic_kernel_matern_kappa=1.0_nu=1.0_alpha_0.8,0.5815290583238372,0.7209506636286183,0.7213335369894865,False,fr,0.6677966101694915
semantic_kernel_matern_kappa=1.0_nu=1.0_alpha_0.9,0.58453330570807,0.7219246428454007,0.7223042145818053,False,fr,0.6677966101694915
semantic_kernel_matern_kappa=1.0_nu=1.0_alpha_1.0,0.5865016057184295,0.7224083509673787,0.7227862830152342,False,fr,0.6677966101694915
semantic_kernel_maternn_kappa=1.0_nu=1.0_alpha_0.0,0.5622604371697918,0.7081899438739139,0.7069211586576795,False,fr,0.6677966101694915
semantic_kernel_maternn_kappa=1.0_nu=1.0_alpha_0.1,0.5635553713871335,0.7105157231423674,0.7092390539286129,False,fr,0.6677966101694915
semantic_kernel_maternn_kappa=1.0_nu=1.0_alpha_0.2,0.5647467108670879,0.7113365732627309,0.7100571215061955,False,fr,0.6677966101694915
semantic_kernel_maternn_kappa=1.0_nu=1.0_alpha_0.3,0.5660934424531234,0.7123320714085931,0.7110492450820717,False,fr,0.6677966101694915
semantic_kernel_maternn_kappa=1.0_nu=1.0_alpha_0.4,0.5673883766704652,0.7135498964275209,0.712262941880596,False,fr,0.6677966101694915
semantic_kernel_maternn_kappa=1.0_nu=1.0_alpha_0.5,0.5682171345695638,0.7134980007741089,0.7122112221446534,False,fr,0.6677966101694915
semantic_kernel_maternn_kappa=1.0_nu=1.0_alpha_0.6,0.5682171345695639,0.7135878998947631,0.7123008165225256,False,fr,0.6677966101694915
semantic_kernel_maternn_kappa=1.0_nu=1.0_alpha_0.7,0.5683207293069512,0.7137349202771299,0.712447338530715,False,fr,0.6677966101694915
semantic_kernel_maternn_kappa=1.0_nu=1.0_alpha_0.8,0.5678545529887081,0.7167303192408436,0.7171274988538738,False,fr,0.6677966101694915
semantic_kernel_maternn_kappa=1.0_nu=1.0_alpha_0.9,0.5666632135087537,0.7169067408074903,0.7173033223813114,False,fr,0.6677966101694915
semantic_kernel_maternn_kappa=1.0_nu=1.0_alpha_1.0,0.5735004661763182,0.7217434878973776,0.7221236737183518,False,fr,0.6677966101694915
semantic_kernel_matern_kappa=1.0_nu=2.0_alpha_0.0,0.5622604371697918,0.7081899438739139,0.7069211586576795,False,fr,0.6677966101694915
semantic_kernel_matern_kappa=1.0_nu=2.0_alpha_0.1,0.563969750336683,0.7107334681579023,0.7094560608254509,False,fr,0.6677966101694915
semantic_kernel_matern_kappa=1.0_nu=2.0_alpha_0.2,0.5665078214026728,0.7121455888126949,0.7108633946305662,False,fr,0.6677966101694915
semantic_kernel_matern_kappa=1.0_nu=2.0_alpha_0.3,0.5705480161607791,0.7141737684246103,0.7128846990573564,False,fr,0.6677966101694915
semantic_kernel_matern_kappa=1.0_nu=2.0_alpha_0.4,0.5754687661866777,0.716178563409553,0.714882698127096,False,fr,0.6677966101694915
semantic_kernel_matern_kappa=1.0_nu=2.0_alpha_0.5,0.5789909872578473,0.7191586166054217,0.7178526494477244,False,fr,0.6677966101694915
semantic_kernel_matern_kappa=1.0_nu=2.0_alpha_0.6,0.583290168859422,0.7217678831339511,0.722147986259208,False,fr,0.6677966101694915
semantic_kernel_matern_kappa=1.0_nu=2.0_alpha_0.7,0.5880037294105459,0.7228842435823284,0.723260562434879,False,fr,0.6677966101694915
semantic_kernel_matern_kappa=1.0_nu=2.0_alpha_0.8,0.5909043820573915,0.723246379135775,0.7236214704101783,False,fr,0.6677966101694915
semantic_kernel_matern_kappa=1.0_nu=2.0_alpha_0.9,0.5931834662799129,0.7226660026125282,0.7230430612649764,False,fr,0.6677966101694915
semantic_kernel_matern_kappa=1.0_nu=2.0_alpha_1.0,0.5920957215373459,0.7190481043282905,0.7194374270427191,False,fr,0.6677966101694915
semantic_kernel_maternn_kappa=1.0_nu=2.0_alpha_0.0,0.5622604371697918,0.7081899438739139,0.7069211586576795,False,fr,0.6677966101694915
semantic_kernel_maternn_kappa=1.0_nu=2.0_alpha_0.1,0.5635553713871335,0.7105157231423674,0.7092390539286129,False,fr,0.6677966101694915
semantic_kernel_maternn_kappa=1.0_nu=2.0_alpha_0.2,0.5647467108670879,0.7113365732627309,0.7100571215061955,False,fr,0.6677966101694915
semantic_kernel_maternn_kappa=1.0_nu=2.0_alpha_0.3,0.5660416450844297,0.7123201368101924,0.7110373509399366,False,fr,0.6677966101694915
semantic_kernel_maternn_kappa=1.0_nu=2.0_alpha_0.4,0.567388376670465,0.7135131862960584,0.7122263561902574,False,fr,0.6677966101694915
semantic_kernel_maternn_kappa=1.0_nu=2.0_alpha_0.5,0.5680617424634828,0.7134181119125513,0.712131604092796,False,fr,0.6677966101694915
semantic_kernel_maternn_kappa=1.0_nu=2.0_alpha_0.6,0.5682689319382576,0.7136329142209621,0.7123456782577884,False,fr,0.6677966101694915
semantic_kernel_maternn_kappa=1.0_nu=2.0_alpha_0.7,0.5684243240443385,0.7140077280682309,0.7127192215496427,False,fr,0.6677966101694915
semantic_kernel_maternn_kappa=1.0_nu=2.0_alpha_0.8,0.5680617424634828,0.7168582793106609,0.7172550251607425,False,fr,0.6677966101694915
semantic_kernel_maternn_kappa=1.0_nu=2.0_alpha_0.9,0.5657826582409613,0.7168849795982971,0.7172816349389292,False,fr,0.6677966101694915
semantic_kernel_maternn_kappa=1.0_nu=2.0_alpha_1.0,0.5729306951206878,0.721494837825507,0.7218758665280808,False,fr,0.6677966101694915
semantic_kernel_matern_kappa=1.0_nu=3.0_alpha_0.0,0.5622604371697918,0.7081899438739139,0.7069211586576795,False,fr,0.6677966101694915
semantic_kernel_matern_kappa=1.0_nu=3.0_alpha_0.1,0.5643841292862322,0.7108907979536815,0.7096128572998885,False,fr,0.6677966101694915
semantic_kernel_matern_kappa=1.0_nu=3.0_alpha_0.2,0.5668186056148348,0.7124001029546473,0.7111170460127155,False,fr,0.6677966101694915
semantic_kernel_matern_kappa=1.0_nu=3.0_alpha_0.3,0.5721019372215892,0.7145715622374753,0.7132811444166186,False,fr,0.6677966101694915
semantic_kernel_matern_kappa=1.0_nu=3.0_alpha_0.4,0.5768154977727131,0.7167268644602927,0.715429140530206,False,fr,0.6677966101694915
semantic_kernel_matern_kappa=1.0_nu=3.0_alpha_0.5,0.5819434372733865,0.7200344598419798,0.7187255237241587,False,fr,0.6677966101694915
semantic_kernel_matern_kappa=1.0_nu=3.0_alpha_0.6,0.5871231741427536,0.7216871657743591,0.722067542517784,False,fr,0.6677966101694915
semantic_kernel_matern_kappa=1.0_nu=3.0_alpha_0.7,0.5921475189060396,0.723371939101744,0.723746604749144,False,fr,0.6677966101694915
semantic_kernel_matern_kappa=1.0_nu=3.0_alpha_0.8,0.593183466279913,0.7216246535925939,0.7220052422417198,False,fr,0.6677966101694915
semantic_kernel_matern_kappa=1.0_nu=3.0_alpha_0.9,0.5939086294416244,0.7204351760676782,0.7208197968440072,False,fr,0.6677966101694915
semantic_kernel_matern_kappa=1.0_nu=3.0_alpha_1.0,0.5929762768051382,0.717551846741699,0.7179462415157433,False,fr,0.6677966101694915
semantic_kernel_maternn_kappa=1.0_nu=3.0_alpha_0.0,0.5622604371697918,0.7081899438739139,0.7069211586576795,False,fr,0.6677966101694915
semantic_kernel_maternn_kappa=1.0_nu=3.0_alpha_0.1,0.5635553713871335,0.7105157231423674,0.7092390539286129,False,fr,0.6677966101694915
semantic_kernel_maternn_kappa=1.0_nu=3.0_alpha_0.2,0.5647467108670879,0.7113365732627309,0.7100571215061955,False,fr,0.6677966101694915
semantic_kernel_maternn_kappa=1.0_nu=3.0_alpha_0.3,0.5660934424531233,0.7123322845264217,0.7110494574774668,False,fr,0.6677966101694915
semantic_kernel_maternn_kappa=1.0_nu=3.0_alpha_0.4,0.567388376670465,0.7135131862960584,0.7122263561902574,False,fr,0.6677966101694915
semantic_kernel_maternn_kappa=1.0_nu=3.0_alpha_0.5,0.5680617424634828,0.7134174956310092,0.7121309899003438,False,fr,0.6677966101694915
semantic_kernel_maternn_kappa=1.0_nu=3.0_alpha_0.6,0.5682171345695639,0.7135996927046364,0.7123125693567723,False,fr,0.6677966101694915
semantic_kernel_maternn_kappa=1.0_nu=3.0_alpha_0.7,0.5685797161504196,0.7155961627159019,0.7143022716730844,False,fr,0.6677966101694915
semantic_kernel_maternn_kappa=1.0_nu=3.0_alpha_0.8,0.5673365793017715,0.7164107373886551,0.7168090003299977,False,fr,0.6677966101694915
semantic_kernel_maternn_kappa=1.0_nu=3.0_alpha_0.9,0.5660934424531234,0.7168233814060165,0.71722024555408,False,fr,0.6677966101694915
semantic_kernel_maternn_kappa=1.0_nu=3.0_alpha_1.0,0.5731896819641562,0.7217470588405881,0.72212723255667,False,fr,0.6677966101694915
semantic_kernel_matern_kappa=2.0_nu=1.0_alpha_0.0,0.5622604371697918,0.7081899438739139,0.7069211586576795,False,fr,0.6677966101694915
semantic_kernel_matern_kappa=2.0_nu=1.0_alpha_0.1,0.5642287371801513,0.7107996188962631,0.7095219873240206,False,fr,0.6677966101694915
semantic_kernel_matern_kappa=2.0_nu=1.0_alpha_0.2,0.5657826582409613,0.7117299427409688,0.7104491575285748,False,fr,0.6677966101694915
semantic_kernel_matern_kappa=2.0_nu=1.0_alpha_0.3,0.5701854345799233,0.7140478597435344,0.7127592171853689,False,fr,0.6677966101694915
semantic_kernel_matern_kappa=2.0_nu=1.0_alpha_0.4,0.5758313477675334,0.7166503679273593,0.7153529033075539,False,fr,0.6677966101694915
semantic_kernel_matern_kappa=2.0_nu=1.0_alpha_0.5,0.578110431990055,0.717477094246776,0.7161768271648709,False,fr,0.6677966101694915
semantic_kernel_matern_kappa=2.0_nu=1.0_alpha_0.6,0.584067129389827,0.7211527871928191,0.7198400601348257,False,fr,0.6677966101694915
semantic_kernel_matern_kappa=2.0_nu=1.0_alpha_0.7,0.5883663109914016,0.7229436327577143,0.7233197502910262,False,fr,0.6677966101694915
semantic_kernel_matern_kappa=2.0_nu=1.0_alpha_0.8,0.593960426810318,0.725223512797172,0.7255919019235705,False,fr,0.6677966101694915
semantic_kernel_matern_kappa=2.0_nu=1.0_alpha_0.9,0.5960841189267586,0.724811193287414,0.7251809801070659,False,fr,0.6677966101694915
semantic_kernel_matern_kappa=2.0_nu=1.0_alpha_1.0,0.5937532373355434,0.7211159494280657,0.7214982624980883,False,fr,0.6677966101694915
semantic_kernel_maternn_kappa=2.0_nu=1.0_alpha_0.0,0.5622604371697918,0.7081899438739139,0.7069211586576795,False,fr,0.6677966101694915
semantic_kernel_maternn_kappa=2.0_nu=1.0_alpha_0.1,0.5637107634932146,0.7106203425071909,0.7093433186515217,False,fr,0.6677966101694915
semantic_kernel_maternn_kappa=2.0_nu=1.0_alpha_0.2,0.5647985082357816,0.7113612384334804,0.7100817030661966,False,fr,0.6677966101694915
semantic_kernel_maternn_kappa=2.0_nu=1.0_alpha_0.3,0.5660934424531234,0.7124994971510873,0.711216103279676,False,fr,0.6677966101694915
semantic_kernel_maternn_kappa=2.0_nu=1.0_alpha_0.4,0.5673883766704652,0.7137579872783326,0.7124703273386933,False,fr,0.6677966101694915
semantic_kernel_maternn_kappa=2.0_nu=1.0_alpha_0.5,0.5689940950999689,0.714234565016042,0.7129452895586477,False,fr,0.6677966101694915
semantic_kernel_maternn_kappa=2.0_nu=1.0_alpha_0.6,0.5700300424738424,0.7182686807700113,0.7186606455981968,False,fr,0.6677966101694915
semantic_kernel_maternn_kappa=2.0_nu=1.0_alpha_0.7,0.5719465451155081,0.7195850163168827,0.719972518990672,False,fr,0.6677966101694915
semantic_kernel_maternn_kappa=2.0_nu=1.0_alpha_0.8,0.5754687661866777,0.7228276255597995,0.7232041363378502,False,fr,0.6677966101694915
semantic_kernel_maternn_kappa=2.0_nu=1.0_alpha_0.9,0.5785248109396043,0.7247418118179527,0.7251118338290266,False,fr,0.6677966101694915
semantic_kernel_maternn_kappa=2.0_nu=1.0_alpha_1.0,0.5790945819952347,0.7244028457747247,0.7247740168232332,False,fr,0.6677966101694915
semantic_kernel_matern_kappa=2.0_nu=2.0_alpha_0.0,0.5622604371697918,0.7081899438739139,0.7069211586576795,False,fr,0.6677966101694915
semantic_kernel_matern_kappa=2.0_nu=2.0_alpha_0.1,0.5640215477053766,0.7102749857061004,0.7089991325514517,False,fr,0.6677966101694915
semantic_kernel_matern_kappa=2.0_nu=2.0_alpha_0.2,0.566300631927898,0.7119418686395416,0.710660365034271,False,fr,0.6677966101694915
semantic_kernel_matern_kappa=2.0_nu=2.0_alpha_0.3,0.5707552056355537,0.7145256251758185,0.7132353630738147,False,fr,0.6677966101694915
semantic_kernel_matern_kappa=2.0_nu=2.0_alpha_0.4,0.5748989951310473,0.7156325840153139,0.7143385695104646,False,fr,0.6677966101694915
semantic_kernel_matern_kappa=2.0_nu=2.0_alpha_0.5,0.5819952346420803,0.7183672778389883,0.7170639931855842,False,fr,0.6677966101694915
semantic_kernel_matern_kappa=2.0_nu=2.0_alpha_0.6,0.5893504609965813,0.7209730858740819,0.7196609679731011,False,fr,0.6677966101694915
semantic_kernel_matern_kappa=2.0_nu=2.0_alpha_0.7,0.5954625505024345,0.7230369362415907,0.7217178222376691,False,fr,0.6677966101694915
semantic_kernel_matern_kappa=2.0_nu=2.0_alpha_0.8,0.5957215373459028,0.7230652155518947,0.7234409209401418,False,fr,0.6677966101694915
semantic_kernel_matern_kappa=2.0_nu=2.0_alpha_0.9,0.5892986636278876,0.7189689968351185,0.719358587710541,False,fr,0.6677966101694915
semantic_kernel_matern_kappa=2.0_nu=2.0_alpha_1.0,0.5829275872785663,0.7135744645318185,0.7139823419574217,False,fr,0.6677966101694915
semantic_kernel_maternn_kappa=2.0_nu=2.0_alpha_0.0,0.5622604371697918,0.7081899438739139,0.7069211586576795,False,fr,0.6677966101694915
semantic_kernel_maternn_kappa=2.0_nu=2.0_alpha_0.1,0.5636071687558272,0.7105867626416782,0.7093098526160615,False,fr,0.6677966101694915
semantic_kernel_maternn_kappa=2.0_nu=2.0_alpha_0.2,0.5650056977105562,0.711350138165473,0.7100706404262163,False,fr,0.6677966101694915
semantic_kernel_maternn_kappa=2.0_nu=2.0_alpha_0.3,0.5660416450844298,0.7125486150773855,0.7112650547045292,False,fr,0.6677966101694915
semantic_kernel_maternn_kappa=2.0_nu=2.0_alpha_0.4,0.5678545529887081,0.7140376210742289,0.7127490132234171,False,fr,0.6677966101694915
semantic_kernel_maternn_kappa=2.0_nu=2.0_alpha_0.5,0.569771055630374,0.7163853988298063,0.7150888324103316,False,fr,0.6677966101694915
semantic_kernel_maternn_kappa=2.0_nu=2.0_alpha_0.6,0.5715321661659587,0.719271331230293,0.7196598972433589,False,fr,0.6677966101694915
semantic_kernel_maternn_kappa=2.0_nu=2.0_alpha_0.7,0.5738112503884804,0.7211957701459062,0.7215778126372243,False,fr,0.6677966101694915
semantic_kernel_maternn_kappa=2.0_nu=2.0_alpha_0.8,0.5767119030353257,0.7247122107814495,0.7250823331350201,False,fr,0.6677966101694915
semantic_kernel_maternn_kappa=2.0_nu=2.0_alpha_0.9,0.5795089609447841,0.7255123860876579,0.7258797959825632,False,fr,0.6677966101694915
semantic_kernel_maternn_kappa=2.0_nu=2.0_alpha_1.0,0.579508960944784,0.7241631733595126,0.7245351568568864,False,fr,0.6677966101694915
semantic_kernel_matern_kappa=2.0_nu=3.0_alpha_0.0,0.5622604371697918,0.7081899438739139,0.7069211586576795,False,fr,0.6677966101694915
semantic_kernel_matern_kappa=2.0_nu=3.0_alpha_0.1,0.5638661555992955,0.7102565022009896,0.7089807117022904,False,fr,0.6677966101694915
semantic_kernel_matern_kappa=2.0_nu=3.0_alpha_0.2,0.5662488345592045,0.7122782570462171,0.710995613141263,False,fr,0.6677966101694915
semantic_kernel_matern_kappa=2.0_nu=3.0_alpha_0.3,0.5696674608929867,0.7141782754786246,0.7128891908332216,False,fr,0.6677966101694915
semantic_kernel_matern_kappa=2.0_nu=3.0_alpha_0.4,0.5740702372319486,0.7153443832265199,0.7140513456734968,False,fr,0.6677966101694915
semantic_kernel_matern_kappa=2.0_nu=3.0_alpha_0.5,0.5809592872682068,0.7175389228263301,0.7162384461560196,False,fr,0.6677966101694915
semantic_kernel_matern_kappa=2.0_nu=3.0_alpha_0.6,0.5880555267792397,0.7204043203938983,0.7190941305114946,False,fr,0.6677966101694915
semantic_kernel_matern_kappa=2.0_nu=3.0_alpha_0.7,0.5946337926033356,0.7216241969783622,0.7203098719210956,False,fr,0.6677966101694915
semantic_kernel_matern_kappa=2.0_nu=3.0_alpha_0.8,0.5937532373355434,0.7198248471949132,0.7185166216284381,False,fr,0.6677966101694915
semantic_kernel_matern_kappa=2.0_nu=3.0_alpha_0.9,0.5879519320418524,0.7199953754990072,0.7203814871247217,False,fr,0.6677966101694915
semantic_kernel_matern_kappa=2.0_nu=3.0_alpha_1.0,0.5701336372112296,0.7064285210808678,0.7068606220435928,False,fr,0.6677966101694915
semantic_kernel_maternn_kappa=2.0_nu=3.0_alpha_0.0,0.5622604371697918,0.7081899438739139,0.7069211586576795,False,fr,0.6677966101694915
semantic_kernel_maternn_kappa=2.0_nu=3.0_alpha_0.1,0.5635035740184399,0.7105554166312542,0.7092786128632997,False,fr,0.6677966101694915
semantic_kernel_maternn_kappa=2.0_nu=3.0_alpha_0.2,0.5649021029731689,0.7114040549633757,0.7101243744553125,False,fr,0.6677966101694915
semantic_kernel_maternn_kappa=2.0_nu=3.0_alpha_0.3,0.566300631927898,0.7129333410058467,0.7116484764773008,False,fr,0.6677966101694915
semantic_kernel_maternn_kappa=2.0_nu=3.0_alpha_0.4,0.5684243240443385,0.7142835294487032,0.7129940880101814,False,fr,0.6677966101694915
semantic_kernel_maternn_kappa=2.0_nu=3.0_alpha_0.5,0.5701854345799233,0.7165549886492029,0.7152578473489842,False,fr,0.6677966101694915
semantic_kernel_maternn_kappa=2.0_nu=3.0_alpha_0.6,0.5724127214337511,0.719805576536243,0.7201923315482719,False,fr,0.6677966101694915
semantic_kernel_maternn_kappa=2.0_nu=3.0_alpha_0.7,0.5752097793432095,0.7222152837450733,0.7225938702580892,False,fr,0.6677966101694915
semantic_kernel_maternn_kappa=2.0_nu=3.0_alpha_0.8,0.5780586346213613,0.7253387526755201,0.7257067511582632,False,fr,0.6677966101694915
semantic_kernel_maternn_kappa=2.0_nu=3.0_alpha_0.9,0.5800787320004144,0.7258349366331742,0.7262012531363998,False,fr,0.6677966101694915
semantic_kernel_maternn_kappa=2.0_nu=3.0_alpha_1.0,0.5800269346317207,0.7248301270246468,0.7251998496621386,False,fr,0.6677966101694915
semantic_kernel_matern_kappa=3.0_nu=1.0_alpha_0.0,0.5622604371697918,0.7081899438739139,0.7069211586576795,False,fr,0.6677966101694915
semantic_kernel_matern_kappa=3.0_nu=1.0_alpha_0.1,0.5637107634932146,0.7101351873175259,0.7088598080557198,False,fr,0.6677966101694915
semantic_kernel_matern_kappa=3.0_nu=1.0_alpha_0.2,0.5654718740287994,0.7115593058906484,0.7102790991082556,False,fr,0.6677966101694915
semantic_kernel_matern_kappa=3.0_nu=1.0_alpha_0.3,0.5693566766808246,0.7138282387087713,0.7125403406286899,False,fr,0.6677966101694915
semantic_kernel_matern_kappa=3.0_nu=1.0_alpha_0.4,0.5740702372319486,0.7157940122368402,0.7144994505176806,False,fr,0.6677966101694915
semantic_kernel_matern_kappa=3.0_nu=1.0_alpha_0.5,0.5770744846161814,0.7170683974205502,0.7157695157516154,False,fr,0.6677966101694915
semantic_kernel_matern_kappa=3.0_nu=1.0_alpha_0.6,0.5845851030767637,0.7200095832163385,0.718700731426062,False,fr,0.6677966101694915
semantic_kernel_matern_kappa=3.0_nu=1.0_alpha_0.7,0.5902310162643738,0.7239451101706726,0.7243178328652968,False,fr,0.6677966101694915
semantic_kernel_matern_kappa=3.0_nu=1.0_alpha_0.8,0.5960323215580648,0.7248559581888832,0.7252255932631063,False,fr,0.6677966101694915
semantic_kernel_matern_kappa=3.0_nu=1.0_alpha_0.9,0.5974308505127939,0.7250047752288964,0.7253739058385771,False,fr,0.6677966101694915
semantic_kernel_matern_kappa=3.0_nu=1.0_alpha_1.0,0.5946337926033357,0.7209585630986438,0.7213414096816476,False,fr,0.6677966101694915
semantic_kernel_maternn_kappa=3.0_nu=1.0_alpha_0.0,0.5622604371697918,0.7081899438739139,0.7069211586576795,False,fr,0.6677966101694915
semantic_kernel_maternn_kappa=3.0_nu=1.0_alpha_0.1,0.5635035740184399,0.7105753848175336,0.7092985133608123,False,fr,0.6677966101694915
semantic_kernel_maternn_kappa=3.0_nu=1.0_alpha_0.2,0.56505749507925,0.7114293126692912,0.710149546541886,False,fr,0.6677966101694915
semantic_kernel_maternn_kappa=3.0_nu=1.0_alpha_0.3,0.5664560240339791,0.7127440510855523,0.711459828217753,False,fr,0.6677966101694915
semantic_kernel_maternn_kappa=3.0_nu=1.0_alpha_0.4,0.5689422977312752,0.7145005526919213,0.7132103755813884,False,fr,0.6677966101694915
semantic_kernel_maternn_kappa=3.0_nu=1.0_alpha_0.5,0.5713767740598777,0.715764115057862,0.7144696546850717,False,fr,0.6677966101694915
semantic_kernel_maternn_kappa=3.0_nu=1.0_alpha_0.6,0.5741220346006423,0.7207276276194152,0.7211112570345518,False,fr,0.6677966101694915
semantic_kernel_maternn_kappa=3.0_nu=1.0_alpha_0.7,0.5769708898787942,0.7242484930879441,0.7246201873658994,False,fr,0.6677966101694915
semantic_kernel_maternn_kappa=3.0_nu=1.0_alpha_0.8,0.5814772609551435,0.727540822984458,0.727901356822086,False,fr,0.6677966101694915
semantic_kernel_maternn_kappa=3.0_nu=1.0_alpha_0.9,0.5819952346420803,0.7266570728583539,0.7270206024591214,False,fr,0.6677966101694915
semantic_kernel_maternn_kappa=3.0_nu=1.0_alpha_1.0,0.5828239925411789,0.7264906864627916,0.7268547800852388,False,fr,0.6677966101694915
semantic_kernel_matern_kappa=3.0_nu=2.0_alpha_0.0,0.5622604371697918,0.7081899438739139,0.7069211586576795,False,fr,0.6677966101694915
semantic_kernel_matern_kappa=3.0_nu=2.0_alpha_0.1,0.5635035740184398,0.7101202008941185,0.7088448724337477,False,fr,0.6677966101694915
semantic_kernel_matern_kappa=3.0_nu=2.0_alpha_0.2,0.5656272661348803,0.7119828632559289,0.7107012206858571,False,fr,0.6677966101694915
semantic_kernel_matern_kappa=3.0_nu=2.0_alpha_0.3,0.56661141614006,0.71223129278955,0.7109488080854659,False,fr,0.6677966101694915
semantic_kernel_matern_kappa=3.0_nu=2.0_alpha_0.4,0.570548016160779,0.7145114107547975,0.7132211968372719,False,fr,0.6677966101694915
semantic_kernel_matern_kappa=3.0_nu=2.0_alpha_0.5,0.5752097793432094,0.7161630399723395,0.7148672273117037,False,fr,0.6677966101694915
semantic_kernel_matern_kappa=3.0_nu=2.0_alpha_0.6,0.5796125556821713,0.7173024583495289,0.716002783253716,False,fr,0.6677966101694915
semantic_kernel_matern_kappa=3.0_nu=2.0_alpha_0.7,0.5895058531026623,0.7205454350760332,0.7192347668387747,False,fr,0.6677966101694915
semantic_kernel_matern_kappa=3.0_nu=2.0_alpha_0.8,0.5944784004972548,0.7214130383130408,0.7200994290478601,False,fr,0.6677966101694915
semantic_kernel_matern_kappa=3.0_nu=2.0_alpha_0.9,0.5915777478504093,0.7218786556846137,0.7222583833096989,False,fr,0.6677966101694915
semantic_kernel_matern_kappa=3.0_nu=2.0_alpha_1.0,0.5774370661970372,0.710362835809517,0.7107816001121449,False,fr,0.6677966101694915
semantic_kernel_maternn_kappa=3.0_nu=2.0_alpha_0.0,0.5622604371697918,0.7081899438739139,0.7069211586576795,False,fr,0.6677966101694915
semantic_kernel_maternn_kappa=3.0_nu=2.0_alpha_0.1,0.5638661555992955,0.710684046130193,0.7094068063300388,False,fr,0.6677966101694915
semantic_kernel_maternn_kappa=3.0_nu=2.0_alpha_0.2,0.5649539003418627,0.7117038117529422,0.7104231151201686,False,fr,0.6677966101694915
semantic_kernel_maternn_kappa=3.0_nu=2.0_alpha_0.3,0.5672329845643841,0.7135966870857613,0.7123095739264357,False,fr,0.6677966101694915
semantic_kernel_maternn_kappa=3.0_nu=2.0_alpha_0.4,0.569926447736455,0.715326656088245,0.7140336786272162,False,fr,0.6677966101694915
semantic_kernel_maternn_kappa=3.0_nu=2.0_alpha_0.5,0.5733450740702373,0.7191710086135492,0.7178649994490447,False,fr,0.6677966101694915
semantic_kernel_maternn_kappa=3.0_nu=2.0_alpha_0.6,0.5761421319796955,0.7225231966960786,0.7229007394363792,False,fr,0.6677966101694915
semantic_kernel_maternn_kappa=3.0_nu=2.0_alpha_0.7,0.579508960944784,0.725993383277228,0.7263591626731856,False,fr,0.6677966101694915
semantic_kernel_maternn_kappa=3.0_nu=2.0_alpha_0.8,0.5818398425359991,0.7269365613459328,0.7272991435280983,False,fr,0.6677966101694915
semantic_kernel_maternn_kappa=3.0_nu=2.0_alpha_0.9,0.5848440899202321,0.7277824357591869,0.72814215057046,False,fr,0.6677966101694915
semantic_kernel_maternn_kappa=3.0_nu=2.0_alpha_1.0,0.5863462136123485,0.7266362462254817,0.7269998464250047,False,fr,0.6677966101694915
semantic_kernel_matern_kappa=3.0_nu=3.0_alpha_0.0,0.5622604371697918,0.7081899438739139,0.7069211586576795,False,fr,0.6677966101694915
semantic_kernel_matern_kappa=3.0_nu=3.0_alpha_0.1,0.5636071687558273,0.7101388813175273,0.7088634895336874,False,fr,0.6677966101694915
semantic_kernel_matern_kappa=3.0_nu=3.0_alpha_0.2,0.5651092924479437,0.7117398034179169,0.7104589847794993,False,fr,0.6677966101694915
semantic_kernel_matern_kappa=3.0_nu=3.0_alpha_0.3,0.5657308608722678,0.7118206876075451,0.710539594785434,False,fr,0.6677966101694915
semantic_kernel_matern_kappa=3.0_nu=3.0_alpha_0.4,0.5682171345695639,0.7133218691747273,0.7120356876015409,False,fr,0.6677966101694915
semantic_kernel_matern_kappa=3.0_nu=3.0_alpha_0.5,0.5711177872164095,0.7146923597270329,0.7134015324231607,False,fr,0.6677966101694915
semantic_kernel_matern_kappa=3.0_nu=3.0_alpha_0.6,0.575883145136227,0.7165075343066506,0.7152105538686103,False,fr,0.6677966101694915
semantic_kernel_matern_kappa=3.0_nu=3.0_alpha_0.7,0.5833937635968093,0.7184997382165021,0.7171960045448691,False,fr,0.6677966101694915
semantic_kernel_matern_kappa=3.0_nu=3.0_alpha_0.8,0.5904900031078422,0.7206922740160238,0.7193811080196465,False,fr,0.6677966101694915
semantic_kernel_matern_kappa=3.0_nu=3.0_alpha_0.9,0.5913187610069408,0.7201555653051461,0.7188462186603313,False,fr,0.6677966101694915
semantic_kernel_matern_kappa=3.0_nu=3.0_alpha_1.0,0.563969750336683,0.7031913979902866,0.7036344722516239,False,fr,0.6677966101694915
semantic_kernel_maternn_kappa=3.0_nu=3.0_alpha_0.0,0.5622604371697918,0.7081899438739139,0.7069211586576795,False,fr,0.6677966101694915
semantic_kernel_maternn_kappa=3.0_nu=3.0_alpha_0.1,0.5638143582306019,0.7106817117149542,0.7094044798280722,False,fr,0.6677966101694915
semantic_kernel_maternn_kappa=3.0_nu=3.0_alpha_0.2,0.5647985082357816,0.7117313798772252,0.7104505897931829,False,fr,0.6677966101694915
semantic_kernel_maternn_kappa=3.0_nu=3.0_alpha_0.3,0.5672329845643842,0.7131411786188417,0.7118556095560142,False,fr,0.6677966101694915
semantic_kernel_maternn_kappa=3.0_nu=3.0_alpha_0.4,0.5710659898477157,0.716068943418989,0.7147734497297203,False,fr,0.6677966101694915
semantic_kernel_maternn_kappa=3.0_nu=3.0_alpha_0.5,0.5738112503884802,0.7186211057369329,0.7173169606499764,False,fr,0.6677966101694915
semantic_kernel_maternn_kappa=3.0_nu=3.0_alpha_0.6,0.5764529161918575,0.7225298712153652,0.7229073913301767,False,fr,0.6677966101694915
semantic_kernel_maternn_kappa=3.0_nu=3.0_alpha_0.7,0.580285921475189,0.7257114006701173,0.7260781359393194,False,fr,0.6677966101694915
semantic_kernel_maternn_kappa=3.0_nu=3.0_alpha_0.8,0.5865534030871231,0.7286486564241256,0.7290054348941616,False,fr,0.6677966101694915
semantic_kernel_maternn_kappa=3.0_nu=3.0_alpha_0.9,0.5886770952035636,0.7286027364892694,0.7289596706201015,False,fr,0.6677966101694915
semantic_kernel_maternn_kappa=3.0_nu=3.0_alpha_1.0,0.5916813425877966,0.7278678844206238,0.7282273095754174,False,fr,0.6677966101694915
semantic_kernel_prod_heat_t=0.1,0.5797161504195587,0.7187958501982422,0.7191860280114167,False,fr,0.6677966101694915
semantic_kernel_sum_heat_t=0.1,0.5895224069009046,0.7225208209525784,0.7229029034399795,False,fr,0.6677966101694915
semantic_kernel_prod_heatn_t=0.1,0.5673365793017714,0.719442595034131,0.7198305804919297,False,fr,0.6677966101694915
semantic_kernel_sum_heatn_t=0.1,0.5726199109085259,0.7197479287081034,0.7201348791364989,False,fr,0.6677966101694915
semantic_kernel_prod_heat_t=0.2,0.5872267688801409,0.7163443923189792,0.7167428801588631,False,fr,0.6677966101694915
semantic_kernel_sum_heat_t=0.2,0.6084033613445379,0.7236417632373282,0.7240787864895094,False,fr,0.6677966101694915
semantic_kernel_prod_heatn_t=0.2,0.5689422977312752,0.7203386187007099,0.7207235667901474,False,fr,0.6677966101694915
semantic_kernel_sum_heatn_t=0.2,0.5723091266963638,0.7194738756782886,0.7198617551000054,False,fr,0.6677966101694915
semantic_kernel_prod_heat_t=0.3,0.5921993162747333,0.7166177489491623,0.7170153101564016,False,fr,0.6677966101694915
semantic_kernel_sum_heat_t=0.3,0.6135281385281386,0.722379114276142,0.7228957160533261,False,fr,0.6677966101694915
semantic_kernel_prod_heatn_t=0.3,0.5694084740495182,0.7204697171298192,0.7208542208178019,False,fr,0.6677966101694915
semantic_kernel_sum_heatn_t=0.3,0.5723609240650576,0.7197437518196543,0.7201307164069937,False,fr,0.6677966101694915
semantic_kernel_prod_heat_t=0.4,0.5846369004454574,0.7122520731330871,0.7126644332413977,False,fr,0.6677966101694915
semantic_kernel_sum_heat_t=0.4,0.6485838779956428,0.7602264966208514,0.7608163760690784,False,fr,0.6677966101694915
semantic_kernel_prod_heatn_t=0.4,0.570237231948617,0.7206638776676698,0.721047723184338,False,fr,0.6677966101694915
semantic_kernel_sum_heatn_t=0.4,0.5725681135398322,0.7198029216639538,0.7201896856755496,False,fr,0.6677966101694915
semantic_kernel_prod_heat_t=0.5,0.5740702372319486,0.7052955839096653,0.7057315253373776,False,fr,0.6677966101694915
semantic_kernel_sum_heat_t=0.5,0.6692274861288946,0.7534651216498007,0.7543101315747658,False,fr,0.6677966101694915
semantic_kernel_prod_heatn_t=0.5,0.5719465451155081,0.7215910967112411,0.7219717991125071,False,fr,0.6677966101694915
semantic_kernel_sum_heatn_t=0.5,0.5723609240650575,0.7195027678907464,0.7198905493727601,False,fr,0.6677966101694915
semantic_kernel_prod_heat_t=0.6,0.5655754687661867,0.7012568110890707,0.7017064432721069,False,fr,0.6677966101694915
semantic_kernel_sum_heat_t=0.6,0.7261904761904762,0.7530830781784118,0.7539653785828191,False,fr,0.6677966101694915
semantic_kernel_prod_heatn_t=0.6,0.5728271003833005,0.7218916930770632,0.7222713765075978,False,fr,0.6677966101694915
semantic_kernel_sum_heatn_t=0.6,0.5727235056459131,0.7201432078527141,0.7205288183518057,False,fr,0.6677966101694915
semantic_kernel_prod_heat_t=0.7,0.5584274318864602,0.6974163419859203,0.6978789927082892,False,fr,0.6677966101694915
semantic_kernel_sum_heat_t=0.7,0.7182222222222222,0.7458639902367026,0.7469434842537294,False,fr,0.6677966101694915
semantic_kernel_prod_heatn_t=0.7,0.5726199109085258,0.7220706492537763,0.7224497260532033,False,fr,0.6677966101694915
semantic_kernel_sum_heatn_t=0.7,0.572930695120688,0.7204269330599838,0.720811581778712,False,fr,0.6677966101694915
semantic_kernel_prod_matern_kappa=1.0_nu=1.0,0.5865016057184295,0.7224083509673787,0.7227862830152342,False,fr,0.6677966101694915
semantic_kernel_sum_matern_kappa=1.0_nu=1.0,0.5934424531233814,0.7226800489734277,0.7230570600110932,False,fr,0.6677966101694915
semantic_kernel_prod_maternn_kappa=1.0_nu=1.0,0.5735004661763182,0.7217434878973776,0.7221236737183518,False,fr,0.6677966101694915
semantic_kernel_sum_maternn_kappa=1.0_nu=1.0,0.572930695120688,0.7200622689270981,0.7204481537954293,False,fr,0.6677966101694915
semantic_kernel_prod_matern_kappa=1.0_nu=2.0,0.5920957215373459,0.7190481043282905,0.7194374270427191,False,fr,0.6677966101694915
semantic_kernel_sum_matern_kappa=1.0_nu=2.0,0.5986145528272133,0.7276707518455785,0.7280599649662187,False,fr,0.6677966101694915
semantic_kernel_prod_maternn_kappa=1.0_nu=2.0,0.5729306951206878,0.721494837825507,0.7218758665280808,False,fr,0.6677966101694915
semantic_kernel_sum_maternn_kappa=1.0_nu=2.0,0.5725163161711384,0.7197026425063859,0.7200897464473296,False,fr,0.6677966101694915
semantic_kernel_prod_matern_kappa=1.0_nu=3.0,0.5929762768051382,0.717551846741699,0.7179462415157433,False,fr,0.6677966101694915
semantic_kernel_sum_matern_kappa=1.0_nu=3.0,0.6124369747899159,0.7292637756671942,0.7296763706128531,False,fr,0.6677966101694915
semantic_kernel_prod_maternn_kappa=1.0_nu=3.0,0.5731896819641562,0.7217470588405881,0.72212723255667,False,fr,0.6677966101694915
semantic_kernel_sum_maternn_kappa=1.0_nu=3.0,0.5724127214337512,0.7195290753194125,0.7199167676237018,False,fr,0.6677966101694915
semantic_kernel_prod_matern_kappa=2.0_nu=1.0,0.5937532373355434,0.7211159494280657,0.7214982624980883,False,fr,0.6677966101694915
semantic_kernel_sum_matern_kappa=2.0_nu=1.0,0.5934506455643481,0.719616096311673,0.7200028896348761,False,fr,0.6677966101694915
semantic_kernel_prod_maternn_kappa=2.0_nu=1.0,0.5790945819952347,0.7244028457747247,0.7247740168232332,False,fr,0.6677966101694915
semantic_kernel_sum_maternn_kappa=2.0_nu=1.0,0.575416968817984,0.7211783820667046,0.721560483500664,False,fr,0.6677966101694915
semantic_kernel_prod_matern_kappa=2.0_nu=2.0,0.5829275872785663,0.7135744645318185,0.7139823419574217,False,fr,0.6677966101694915
semantic_kernel_sum_matern_kappa=2.0_nu=2.0,0.5876232201533406,0.7245445686905438,0.7250261292556371,False,fr,0.6677966101694915
semantic_kernel_prod_maternn_kappa=2.0_nu=2.0,0.579508960944784,0.7241631733595126,0.7245351568568864,False,fr,0.6677966101694915
semantic_kernel_sum_maternn_kappa=2.0_nu=2.0,0.5775406609344245,0.7219690005387661,0.7223484219101084,False,fr,0.6677966101694915
semantic_kernel_prod_matern_kappa=2.0_nu=3.0,0.5701336372112296,0.7064285210808678,0.7068606220435928,False,fr,0.6677966101694915
semantic_kernel_sum_matern_kappa=2.0_nu=3.0,0.5774722369116869,0.697938879190443,0.6986648729944648,False,fr,0.6677966101694915
semantic_kernel_prod_maternn_kappa=2.0_nu=3.0,0.5800269346317207,0.7248301270246468,0.7251998496621386,False,fr,0.6677966101694915
semantic_kernel_sum_maternn_kappa=2.0_nu=3.0,0.5784730135709107,0.7220175154378484,0.7223967723519058,False,fr,0.6677966101694915
semantic_kernel_prod_matern_kappa=3.0_nu=1.0,0.5946337926033357,0.7209585630986438,0.7213414096816476,False,fr,0.6677966101694915
semantic_kernel_sum_matern_kappa=3.0_nu=1.0,0.5923573511037067,0.7188389080857347,0.7192283449063047,False,fr,0.6677966101694915
semantic_kernel_prod_maternn_kappa=3.0_nu=1.0,0.5828239925411789,0.7264906864627916,0.7268547800852388,False,fr,0.6677966101694915
semantic_kernel_sum_maternn_kappa=3.0_nu=1.0,0.5786802030456852,0.7218631337072745,0.7222429139492321,False,fr,0.6677966101694915
semantic_kernel_prod_matern_kappa=3.0_nu=2.0,0.5774370661970372,0.710362835809517,0.7107816001121449,False,fr,0.6677966101694915
semantic_kernel_sum_matern_kappa=3.0_nu=2.0,0.5868454126518642,0.7111785736849546,0.711708199333459,False,fr,0.6677966101694915
semantic_kernel_prod_maternn_kappa=3.0_nu=2.0,0.5863462136123485,0.7266362462254817,0.7269998464250047,False,fr,0.6677966101694915
semantic_kernel_sum_maternn_kappa=3.0_nu=2.0,0.5866569978245104,0.724828651723245,0.7251983793617585,False,fr,0.6677966101694915
semantic_kernel_prod_matern_kappa=3.0_nu=3.0,0.563969750336683,0.7031913979902866,0.7036344722516239,False,fr,0.6677966101694915
semantic_kernel_sum_matern_kappa=3.0_nu=3.0,0.5832210242587602,0.6923377106631182,0.6931699500653654,False,fr,0.6677966101694915
semantic_kernel_prod_maternn_kappa=3.0_nu=3.0,0.5916813425877966,0.7278678844206238,0.7282273095754174,False,fr,0.6677966101694915
semantic_kernel_sum_maternn_kappa=3.0_nu=3.0,0.590193102726464,0.7260570647976874,0.7264277346915912,False,fr,0.6677966101694915
full_klu_heat_t=0.1_alpha_0.0,0.5622604371697918,0.7081899438739139,0.7069211586576795,False,fr,0.6677966101694915
full_klu_heat_t=0.1_alpha_0.1,0.5615352740080803,0.707115921150685,0.7058507766894444,False,fr,0.6677966101694915
full_klu_heat_t=0.1_alpha_0.2,0.5614834766393868,0.7082527998125774,0.7069838015253643,False,fr,0.6677966101694915
full_klu_heat_t=0.1_alpha_0.3,0.5607065161089818,0.707437092963416,0.7061708597841663,False,fr,0.6677966101694915
full_klu_heat_t=0.1_alpha_0.4,0.5611726924272247,0.7076762093628988,0.706409165619583,False,fr,0.6677966101694915
full_klu_heat_t=0.1_alpha_0.5,0.5612244897959184,0.7076429962490771,0.706376065092588,False,fr,0.6677966101694915
full_klu_heat_t=0.1_alpha_0.6,0.5621050450637107,0.7086663621480738,0.7073959619546387,False,fr,0.6677966101694915
full_klu_heat_t=0.1_alpha_0.7,0.565368279291412,0.7107817986770586,0.7095042275123389,False,fr,0.6677966101694915
full_klu_heat_t=0.1_alpha_0.8,0.5746400082875791,0.7147719271053001,0.7134808300815015,False,fr,0.6677966101694915
full_klu_heat_t=0.1_alpha_0.9,0.5939604268103181,0.7215953603129615,0.7202811330071031,False,fr,0.6677966101694915
full_klu_heat_t=0.1_alpha_1.0,0.5844815083393763,0.7293764958032658,0.7297308070211691,False,fr,0.6677966101694915
full_klu_heatn_t=0.1_alpha_0.0,0.5622604371697918,0.7081899438739139,0.7069211586576795,False,fr,0.6677966101694915
full_klu_heatn_t=0.1_alpha_0.1,0.5615870713767741,0.7071139398829536,0.7058488021378748,False,fr,0.6677966101694915
full_klu_heatn_t=0.1_alpha_0.2,0.5607583134776754,0.7074902070858573,0.706223793858735,False,fr,0.6677966101694915
full_klu_heatn_t=0.1_alpha_0.3,0.5593597845229463,0.7063084269293707,0.705046019736677,False,fr,0.6677966101694915
full_klu_heatn_t=0.1_alpha_0.4,0.5584274318864602,0.7056575000717352,0.7043972994107625,False,fr,0.6677966101694915
full_klu_heatn_t=0.1_alpha_0.5,0.5588936082047032,0.7053355567290506,0.7040764474014428,False,fr,0.6677966101694915
full_klu_heatn_t=0.1_alpha_0.6,0.5581684450429919,0.7042565700789833,0.7030011183332403,False,fr,0.6677966101694915
full_klu_heatn_t=0.1_alpha_0.7,0.5566663213508753,0.7030605630465415,0.7018091655619253,False,fr,0.6677966101694915
full_klu_heatn_t=0.1_alpha_0.8,0.5545944266031285,0.7017775421234491,0.700530493862301,False,fr,0.6677966101694915
full_klu_heatn_t=0.1_alpha_0.9,0.551072205531959,0.7010485318051637,0.6998039547654334,False,fr,0.6677966101694915
full_klu_heatn_t=0.1_alpha_1.0,0.41435305086501606,0.5747161868620931,0.5738998550594581,False,fr,0.6677966101694915
full_klu_heat_t=0.2_alpha_0.0,0.5622604371697918,0.7081899438739139,0.7069211586576795,False,fr,0.6677966101694915
full_klu_heat_t=0.2_alpha_0.1,0.5629856003315031,0.709350080323181,0.7080773624410169,False,fr,0.6677966101694915
full_klu_heat_t=0.2_alpha_0.2,0.5638143582306019,0.7096623546847207,0.7083885782453988,False,fr,0.6677966101694915
full_klu_heat_t=0.2_alpha_0.3,0.5659898477157359,0.7102360071350711,0.7089602861111716,False,fr,0.6677966101694915
full_klu_heat_t=0.2_alpha_0.4,0.5676473635139335,0.7116993778032192,0.7104186962007837,False,fr,0.6677966101694915
full_klu_heat_t=0.2_alpha_0.5,0.5726717082772196,0.7153645064984205,0.7140714007309165,False,fr,0.6677966101694915
full_klu_heat_t=0.2_alpha_0.6,0.5809592872682067,0.717732167434206,0.7164310356974282,False,fr,0.6677966101694915
full_klu_heat_t=0.2_alpha_0.7,0.5910079767947788,0.7216721768093792,0.7203576891086177,False,fr,0.6677966101694915
full_klu_heat_t=0.2_alpha_0.8,0.5970682689319382,0.7234776062716475,0.722156998471014,False,fr,0.6677966101694915
full_klu_heat_t=0.2_alpha_0.9,0.5970682689319382,0.7195498489648864,0.7182425555958013,False,fr,0.6677966101694915
full_klu_heat_t=0.2_alpha_1.0,0.5860095307158397,0.730818007412421,0.7311674321502932,False,fr,0.6677966101694915
full_klu_heatn_t=0.2_alpha_0.0,0.5622604371697918,0.7081899438739139,0.7069211586576795,False,fr,0.6677966101694915
full_klu_heatn_t=0.2_alpha_0.1,0.5614834766393867,0.7071656165203786,0.7059003036002578,False,fr,0.6677966101694915
full_klu_heatn_t=0.2_alpha_0.2,0.5606029213715944,0.7075283625044051,0.7062618199368809,False,fr,0.6677966101694915
full_klu_heatn_t=0.2_alpha_0.3,0.5593079871542526,0.706548606746435,0.7052853853848698,False,fr,0.6677966101694915
full_klu_heatn_t=0.2_alpha_0.4,0.5581166476742981,0.7056326536788238,0.7043725372429117,False,fr,0.6677966101694915
full_klu_heatn_t=0.2_alpha_0.5,0.5584792292551539,0.704953192840009,0.7036953796611777,False,fr,0.6677966101694915
full_klu_heatn_t=0.2_alpha_0.6,0.5571324976691184,0.7036588191725199,0.7024053937010359,False,fr,0.6677966101694915
full_klu_heatn_t=0.2_alpha_0.7,0.5555785766083083,0.7030987017527028,0.7018471749843368,False,fr,0.6677966101694915
full_klu_heatn_t=0.2_alpha_0.8,0.5521081529058325,0.7011025816476248,0.6998578213880896,False,fr,0.6677966101694915
full_klu_heatn_t=0.2_alpha_0.9,0.5438205739148452,0.6976114060640322,0.6963784802980006,False,fr,0.6677966101694915
full_klu_heatn_t=0.2_alpha_1.0,0.4168393245623122,0.5753397128532232,0.5745212674031606,False,fr,0.6677966101694915
full_klu_heat_t=0.3_alpha_0.0,0.5622604371697918,0.7081899438739139,0.7069211586576795,False,fr,0.6677966101694915
full_klu_heat_t=0.3_alpha_0.1,0.5643841292862323,0.7103011250147899,0.7090251832523152,False,fr,0.6677966101694915
full_klu_heat_t=0.3_alpha_0.2,0.5667668082461412,0.7122308293859072,0.7109483462526829,False,fr,0.6677966101694915
full_klu_heat_t=0.3_alpha_0.3,0.5709105977416348,0.7139965420666466,0.7127080734667081,False,fr,0.6677966101694915
full_klu_heat_t=0.3_alpha_0.4,0.5786284056769917,0.7179409365845614,0.7166390971557485,False,fr,0.6677966101694915
full_klu_heat_t=0.3_alpha_0.5,0.5839635346524397,0.7195994793182128,0.7182920177106417,False,fr,0.6677966101694915
full_klu_heat_t=0.3_alpha_0.6,0.5937014399668498,0.7231339596317488,0.7218145167349792,False,fr,0.6677966101694915
full_klu_heat_t=0.3_alpha_0.7,0.5987775820988294,0.7249939072027669,0.7236681593989769,False,fr,0.6677966101694915
full_klu_heat_t=0.3_alpha_0.8,0.6004868952657205,0.7237035598770645,0.7223821861320058,False,fr,0.6677966101694915
full_klu_heat_t=0.3_alpha_0.9,0.5961359162954522,0.7203691342845437,0.7190590636770866,False,fr,0.6677966101694915
full_klu_heat_t=0.3_alpha_1.0,0.5829793846472598,0.7296337507805053,0.7299871899476383,False,fr,0.6677966101694915
full_klu_heatn_t=0.3_alpha_0.0,0.5622604371697918,0.7081899438739139,0.7069211586576795,False,fr,0.6677966101694915
full_klu_heatn_t=0.3_alpha_0.1,0.5614834766393867,0.7071615817977778,0.7058962825546827,False,fr,0.6677966101694915
full_klu_heatn_t=0.3_alpha_0.2,0.5606029213715943,0.7076866773748808,0.7064195981467787,False,fr,0.6677966101694915
full_klu_heatn_t=0.3_alpha_0.3,0.5591525950481716,0.7065389504482614,0.7052757618199105,False,fr,0.6677966101694915
full_klu_heatn_t=0.3_alpha_0.4,0.5582720397803791,0.7059437034163607,0.7046825325745587,False,fr,0.6677966101694915
full_klu_heatn_t=0.3_alpha_0.5,0.5575468766186678,0.7049907259194564,0.7037327855098473,False,fr,0.6677966101694915
full_klu_heatn_t=0.3_alpha_0.6,0.5560965502952451,0.7038648138574751,0.7026106900989234,False,fr,0.6677966101694915
full_klu_heatn_t=0.3_alpha_0.7,0.5540764529161919,0.7024234884048295,0.70117425049527,False,fr,0.6677966101694915
full_klu_heatn_t=0.3_alpha_0.8,0.5498290686833109,0.7001043481376397,0.6988629717205112,False,fr,0.6677966101694915
full_klu_heatn_t=0.3_alpha_0.9,0.5316481922718326,0.6915693587520138,0.6903569145022942,False,fr,0.6677966101694915
full_klu_heatn_t=0.3_alpha_1.0,0.4167875271936186,0.5760248027627433,0.5752040349740043,False,fr,0.6677966101694915
full_klu_heat_t=0.4_alpha_0.0,0.5622604371697918,0.7081899438739139,0.7069211586576795,False,fr,0.6677966101694915
full_klu_heat_t=0.4_alpha_0.1,0.5656272661348803,0.7115580815697189,0.7102778789375664,False,fr,0.6677966101694915
full_klu_heat_t=0.4_alpha_0.2,0.568838702993888,0.7136511020788793,0.7123638044619501,False,fr,0.6677966101694915
full_klu_heat_t=0.4_alpha_0.3,0.5741738319693359,0.7159766534374465,0.714681472595573,False,fr,0.6677966101694915
full_klu_heat_t=0.4_alpha_0.4,0.5809592872682068,0.7193294228054552,0.71802287664369,False,fr,0.6677966101694915
full_klu_heat_t=0.4_alpha_0.5,0.5888842846783384,0.7226683747158751,0.7213505100730576,False,fr,0.6677966101694915
full_klu_heat_t=0.4_alpha_0.6,0.5960323215580647,0.7240756974131912,0.722753062184959,False,fr,0.6677966101694915
full_klu_heat_t=0.4_alpha_0.7,0.6010566663213508,0.7265202750484706,0.7251893531163902,False,fr,0.6677966101694915
full_klu_heat_t=0.4_alpha_0.8,0.6010048689526573,0.7234481876930867,0.7221276796164483,False,fr,0.6677966101694915
full_klu_heat_t=0.4_alpha_0.9,0.5973790531441002,0.7210452276553854,0.7197328652059934,False,fr,0.6677966101694915
full_klu_heat_t=0.4_alpha_1.0,0.5895317517870093,0.7297413083289974,0.7300943828942712,False,fr,0.6677966101694915
full_klu_heatn_t=0.4_alpha_0.0,0.5622604371697918,0.7081899438739139,0.7069211586576795,False,fr,0.6677966101694915
full_klu_heatn_t=0.4_alpha_0.1,0.561431679270693,0.7071457113510542,0.7058804659060837,False,fr,0.6677966101694915
full_klu_heatn_t=0.4_alpha_0.2,0.5606029213715943,0.7078258525773704,0.7065583015689209,False,fr,0.6677966101694915
full_klu_heatn_t=0.4_alpha_0.3,0.5591525950481715,0.7065768476387417,0.7053135305453384,False,fr,0.6677966101694915
full_klu_heatn_t=0.4_alpha_0.4,0.5579612555682172,0.7059873196457254,0.7047260009522983,False,fr,0.6677966101694915
full_klu_heatn_t=0.4_alpha_0.5,0.556407334507407,0.7045694807507552,0.7033129682908704,False,fr,0.6677966101694915
full_klu_heatn_t=0.4_alpha_0.6,0.55531958976484,0.7036261295850913,0.7023728149257681,False,fr,0.6677966101694915
full_klu_heatn_t=0.4_alpha_0.7,0.552004558168445,0.7014142607634446,0.7001684439645338,False,fr,0.6677966101694915
full_klu_heatn_t=0.4_alpha_0.8,0.5464104423495286,0.6991907285608555,0.6979524491592415,False,fr,0.6677966101694915
full_klu_heatn_t=0.4_alpha_0.9,0.5236196001243136,0.6875783768796899,0.68637946138208,False,fr,0.6677966101694915
full_klu_heatn_t=0.4_alpha_1.0,0.4150523153423806,0.5746417890346516,0.5738257094280417,False,fr,0.6677966101694915
full_klu_heat_t=0.5_alpha_0.0,0.5622604371697918,0.7081899438739139,0.7069211586576795,False,fr,0.6677966101694915
full_klu_heat_t=0.5_alpha_0.1,0.5653682792914121,0.7114449122866562,0.710165093279192,False,fr,0.6677966101694915
full_klu_heat_t=0.5_alpha_0.2,0.568061742463483,0.7135895528057175,0.7123024638303921,False,fr,0.6677966101694915
full_klu_heat_t=0.5_alpha_0.3,0.574018439863255,0.7160119586685378,0.7147166581479147,False,fr,0.6677966101694915
full_klu_heat_t=0.5_alpha_0.4,0.5810110846369004,0.7198613252054107,0.7185529759846627,False,fr,0.6677966101694915
full_klu_heat_t=0.5_alpha_0.5,0.5874339583549155,0.7215533289533378,0.7202392441266647,False,fr,0.6677966101694915
full_klu_heat_t=0.5_alpha_0.6,0.5959287268206774,0.7249240281683111,0.7235985172426042,False,fr,0.6677966101694915
full_klu_heat_t=0.5_alpha_0.7,0.5983632031492799,0.7257087294274733,0.724380558497498,False,fr,0.6677966101694915
full_klu_heat_t=0.5_alpha_0.8,0.6042681031803585,0.726948588258255,0.725616214416989,False,fr,0.6677966101694915
full_klu_heat_t=0.5_alpha_0.9,0.5989329742049103,0.7220823693400162,0.7207664911561,False,fr,0.6677966101694915
full_klu_heat_t=0.5_alpha_1.0,0.585646949134984,0.7291091562352918,0.7294643736890188,False,fr,0.6677966101694915
full_klu_heatn_t=0.5_alpha_0.0,0.5622604371697918,0.7081899438739139,0.7069211586576795,False,fr,0.6677966101694915
full_klu_heatn_t=0.5_alpha_0.1,0.5613280845333056,0.7070200960207288,0.7057552763904372,False,fr,0.6677966101694915
full_klu_heatn_t=0.5_alpha_0.2,0.5606029213715944,0.7077439152892069,0.7064766420342765,False,fr,0.6677966101694915
full_klu_heatn_t=0.5_alpha_0.3,0.5591525950481715,0.7066702912085403,0.7054066573572734,False,fr,0.6677966101694915
full_klu_heatn_t=0.5_alpha_0.4,0.5574432818812805,0.7058449563147324,0.7045841202088682,False,fr,0.6677966101694915
full_klu_heatn_t=0.5_alpha_0.5,0.5563037397700198,0.7047962756376825,0.703538994381571,False,fr,0.6677966101694915
full_klu_heatn_t=0.5_alpha_0.6,0.5540764529161919,0.7028749193523494,0.7016241511683914,False,fr,0.6677966101694915
full_klu_heatn_t=0.5_alpha_0.7,0.550450637107635,0.7007122514133974,0.6994688143071985,False,fr,0.6677966101694915
full_klu_heatn_t=0.5_alpha_0.8,0.5422148554853413,0.6970720806017099,0.6958409830575846,False,fr,0.6677966101694915
full_klu_heatn_t=0.5_alpha_0.9,0.5136227079664353,0.681765070079934,0.680585860707069,False,fr,0.6677966101694915
full_klu_heatn_t=0.5_alpha_1.0,0.411219310059049,0.5736621279820506,0.5728493692603649,False,fr,0.6677966101694915
full_klu_heat_t=0.6_alpha_0.0,0.5622604371697918,0.7081899438739139,0.7069211586576795,False,fr,0.6677966101694915
full_klu_heat_t=0.6_alpha_0.1,0.5648503056044752,0.7094845613300707,0.7082113875800866,False,fr,0.6677966101694915
full_klu_heat_t=0.6_alpha_0.2,0.5670257950896095,0.7134181849337311,0.7121316768664465,False,fr,0.6677966101694915
full_klu_heat_t=0.6_alpha_0.3,0.5720501398528954,0.7146229444415559,0.7133323524437364,False,fr,0.6677966101694915
full_klu_heat_t=0.6_alpha_0.4,0.5788873925204601,0.7185583077062716,0.7172543754939953,False,fr,0.6677966101694915
full_klu_heat_t=0.6_alpha_0.5,0.5841707241272143,0.7206199542008174,0.7193090333563561,False,fr,0.6677966101694915
full_klu_heat_t=0.6_alpha_0.6,0.5926136952242826,0.7228029926305393,0.7214846716558078,False,fr,0.6677966101694915
full_klu_heat_t=0.6_alpha_0.7,0.5963949031389205,0.725485743014652,0.7241583279708218,False,fr,0.6677966101694915
full_klu_heat_t=0.6_alpha_0.8,0.60245519527608,0.728062630156282,0.7267264799018023,False,fr,0.6677966101694915
full_klu_heat_t=0.6_alpha_0.9,0.6010048689526573,0.7243238513253023,0.7230003748973681,False,fr,0.6677966101694915
full_klu_heat_t=0.6_alpha_1.0,0.5863721122966954,0.7309789573129574,0.7313278364579465,False,fr,0.6677966101694915
full_klu_heatn_t=0.6_alpha_0.0,0.5622604371697918,0.7081899438739139,0.7069211586576795,False,fr,0.6677966101694915
full_klu_heatn_t=0.6_alpha_0.1,0.5610690976898373,0.7069499007743378,0.7056853190940341,False,fr,0.6677966101694915
full_klu_heatn_t=0.6_alpha_0.2,0.5606547187402879,0.7078653519734183,0.7065976670687109,False,fr,0.6677966101694915
full_klu_heatn_t=0.6_alpha_0.3,0.5588418108360095,0.7066072774553716,0.7053438572100473,False,fr,0.6677966101694915
full_klu_heatn_t=0.6_alpha_0.4,0.5573396871438931,0.7059085200846358,0.704647468508365,False,fr,0.6677966101694915
full_klu_heatn_t=0.6_alpha_0.5,0.5557857660830829,0.7044793481486031,0.7032231412229629,False,fr,0.6677966101694915
full_klu_heatn_t=0.6_alpha_0.6,0.5530923029110121,0.7023934687555248,0.7011443326074883,False,fr,0.6677966101694915
full_klu_heatn_t=0.6_alpha_0.7,0.5488449186781312,0.6997051656577735,0.6984651424015936,False,fr,0.6677966101694915
full_klu_heatn_t=0.6_alpha_0.8,0.5388998238889464,0.6952966753074727,0.6940715960863787,False,fr,0.6677966101694915
full_klu_heatn_t=0.6_alpha_0.9,0.5069408474049518,0.6775444499629416,0.6763795477769139,False,fr,0.6677966101694915
full_klu_heatn_t=0.6_alpha_1.0,0.4119185745364135,0.5728307532408823,0.5720208127386581,False,fr,0.6677966101694915
full_klu_heat_t=0.7_alpha_0.0,0.5622604371697918,0.7081899438739139,0.7069211586576795,False,fr,0.6677966101694915
full_klu_heat_t=0.7_alpha_0.1,0.5642805345488449,0.709110944322708,0.7078390370710539,False,fr,0.6677966101694915
full_klu_heat_t=0.7_alpha_0.2,0.5656272661348805,0.7115939916293144,0.7103136672681464,False,fr,0.6677966101694915
full_klu_heat_t=0.7_alpha_0.3,0.5694084740495183,0.7138743482454804,0.7125862938618847,False,fr,0.6677966101694915
full_klu_heat_t=0.7_alpha_0.4,0.575261576711903,0.7159699201758908,0.7146747621586327,False,fr,0.6677966101694915
full_klu_heat_t=0.7_alpha_0.5,0.5818916399046928,0.7199638208358402,0.7186551241722773,False,fr,0.6677966101694915
full_klu_heat_t=0.7_alpha_0.6,0.589402258365275,0.7224818054063463,0.7211645732018664,False,fr,0.6677966101694915
full_klu_heat_t=0.7_alpha_0.7,0.5940122241790117,0.724254098647826,0.7229308586696461,False,fr,0.6677966101694915
full_klu_heat_t=0.7_alpha_0.8,0.5969646741945509,0.7260411746459378,0.7247118767830185,False,fr,0.6677966101694915
full_klu_heat_t=0.7_alpha_0.9,0.6060810110846369,0.7279744656879598,0.7266386142960843,False,fr,0.6677966101694915
full_klu_heat_t=0.7_alpha_1.0,0.5902828136330674,0.7347897135363144,0.7351256748635971,False,fr,0.6677966101694915
full_klu_heatn_t=0.7_alpha_0.0,0.5622604371697918,0.7081899438739139,0.7069211586576795,False,fr,0.6677966101694915
full_klu_heatn_t=0.7_alpha_0.1,0.5610690976898373,0.7069545899579434,0.7056899923821021,False,fr,0.6677966101694915
full_klu_heatn_t=0.7_alpha_0.2,0.5602921371594323,0.7077068615120388,0.7064397138631328,False,fr,0.6677966101694915
full_klu_heatn_t=0.7_alpha_0.3,0.5587900134673158,0.7066316541127518,0.7053681512346908,False,fr,0.6677966101694915
full_klu_heatn_t=0.7_alpha_0.4,0.5577022687247488,0.7061869281809878,0.7049249328484581,False,fr,0.6677966101694915
full_klu_heatn_t=0.7_alpha_0.5,0.55531958976484,0.7043666863880671,0.7031108613666999,False,fr,0.6677966101694915
full_klu_heatn_t=0.7_alpha_0.6,0.5520045581684451,0.7018717100899013,0.7006243426153076,False,fr,0.6677966101694915
full_klu_heatn_t=0.7_alpha_0.7,0.5473427949860146,0.6988925400982146,0.6976552715049487,False,fr,0.6677966101694915
full_klu_heatn_t=0.7_alpha_0.8,0.5349632238682275,0.6929308511012043,0.6917137916231825,False,fr,0.6677966101694915
full_klu_heatn_t=0.7_alpha_0.9,0.5024344763286026,0.6740542629972265,0.6729011919534553,False,fr,0.6677966101694915
full_klu_heatn_t=0.7_alpha_1.0,0.40984667978866673,0.5724166536450542,0.5716081168702735,False,fr,0.6677966101694915
full_klu_matern_kappa=1.0_nu=1.0_alpha_0.0,0.5622604371697918,0.7081899438739139,0.7069211586576795,False,fr,0.6677966101694915
full_klu_matern_kappa=1.0_nu=1.0_alpha_0.1,0.5618460582202424,0.7072026961442803,0.7059372575305191,False,fr,0.6677966101694915
full_klu_matern_kappa=1.0_nu=1.0_alpha_0.2,0.5621568424324045,0.7087726118868511,0.7075018515248102,False,fr,0.6677966101694915
full_klu_matern_kappa=1.0_nu=1.0_alpha_0.3,0.5624676266445665,0.7088057021401619,0.7075348296077706,False,fr,0.6677966101694915
full_klu_matern_kappa=1.0_nu=1.0_alpha_0.4,0.5636589661245208,0.7091166935119576,0.7078447667715263,False,fr,0.6677966101694915
full_klu_matern_kappa=1.0_nu=1.0_alpha_0.5,0.5651610898166373,0.7092437852359568,0.7079714276761221,False,fr,0.6677966101694915
full_klu_matern_kappa=1.0_nu=1.0_alpha_0.6,0.5689422977312752,0.712511032405968,0.7112275994319978,False,fr,0.6677966101694915
full_klu_matern_kappa=1.0_nu=1.0_alpha_0.7,0.5784730135709106,0.7166159246334103,0.7153185767705333,False,fr,0.6677966101694915
full_klu_matern_kappa=1.0_nu=1.0_alpha_0.8,0.5908525846886978,0.7209011582572131,0.7195892841786624,False,fr,0.6677966101694915
full_klu_matern_kappa=1.0_nu=1.0_alpha_0.9,0.6007458821091889,0.723620892736276,0.7222997992188132,False,fr,0.6677966101694915
full_klu_matern_kappa=1.0_nu=1.0_alpha_1.0,0.5885735004661763,0.7290840697255776,0.7294393722183206,False,fr,0.6677966101694915
full_klu_maternn_kappa=1.0_nu=1.0_alpha_0.0,0.5622604371697918,0.7081899438739139,0.7069211586576795,False,fr,0.6677966101694915
full_klu_maternn_kappa=1.0_nu=1.0_alpha_0.1,0.5614834766393867,0.7071861979457701,0.7059208152581057,False,fr,0.6677966101694915
full_klu_maternn_kappa=1.0_nu=1.0_alpha_0.2,0.560654718740288,0.7078534747432987,0.7065858301003884,False,fr,0.6677966101694915
full_klu_maternn_kappa=1.0_nu=1.0_alpha_0.3,0.5592561897855589,0.7066294056461866,0.7053659103900463,False,fr,0.6677966101694915
full_klu_maternn_kappa=1.0_nu=1.0_alpha_0.4,0.5583756345177665,0.706217833771132,0.7049557336738901,False,fr,0.6677966101694915
full_klu_maternn_kappa=1.0_nu=1.0_alpha_0.5,0.5568735108256501,0.7048531223581641,0.7035956484013051,False,fr,0.6677966101694915
full_klu_maternn_kappa=1.0_nu=1.0_alpha_0.6,0.5560447529265513,0.7040269175785763,0.7027722443158854,False,fr,0.6677966101694915
full_klu_maternn_kappa=1.0_nu=1.0_alpha_0.7,0.5534030871231741,0.7022029109900069,0.7009544208004975,False,fr,0.6677966101694915
full_klu_maternn_kappa=1.0_nu=1.0_alpha_0.8,0.5487931213094375,0.700519596626743,0.6992768125876176,False,fr,0.6677966101694915
full_klu_maternn_kappa=1.0_nu=1.0_alpha_0.9,0.5330985185952554,0.6918405375172274,0.6906271740174562,False,fr,0.6677966101694915
full_klu_maternn_kappa=1.0_nu=1.0_alpha_1.0,0.41020926136952246,0.5736456807073367,0.5728329777391246,False,fr,0.6677966101694915
full_klu_matern_kappa=1.0_nu=2.0_alpha_0.0,0.5622604371697918,0.7081899438739139,0.7069211586576795,False,fr,0.6677966101694915
full_klu_matern_kappa=1.0_nu=2.0_alpha_0.1,0.5630373977001968,0.7079845001622747,0.7067164113654016,False,fr,0.6677966101694915
full_klu_matern_kappa=1.0_nu=2.0_alpha_0.2,0.5640215477053766,0.7098318979552658,0.7085575467929929,False,fr,0.6677966101694915
full_klu_matern_kappa=1.0_nu=2.0_alpha_0.3,0.5661970371905107,0.710504603292712,0.7092279717733632,False,fr,0.6677966101694915
full_klu_matern_kappa=1.0_nu=2.0_alpha_0.4,0.5691494872060499,0.7131110366567717,0.7118255697700868,False,fr,0.6677966101694915
full_klu_matern_kappa=1.0_nu=2.0_alpha_0.5,0.5750543872371283,0.7159461184996709,0.714651041166061,False,fr,0.6677966101694915
full_klu_matern_kappa=1.0_nu=2.0_alpha_0.6,0.58297938464726,0.7189556653759375,0.7176503861885097,False,fr,0.6677966101694915
full_klu_matern_kappa=1.0_nu=2.0_alpha_0.7,0.5926136952242826,0.7224006538513974,0.7210836967369341,False,fr,0.6677966101694915
full_klu_matern_kappa=1.0_nu=2.0_alpha_0.8,0.5998653268413965,0.725114400314464,0.723788244059448,False,fr,0.6677966101694915
full_klu_matern_kappa=1.0_nu=2.0_alpha_0.9,0.597741634724956,0.7200592889511958,0.7187502686669028,False,fr,0.6677966101694915
full_klu_matern_kappa=1.0_nu=2.0_alpha_1.0,0.59476328602507,0.7380452263883786,0.7383701520788747,False,fr,0.6677966101694915
full_klu_maternn_kappa=1.0_nu=2.0_alpha_0.0,0.5622604371697918,0.7081899438739139,0.7069211586576795,False,fr,0.6677966101694915
full_klu_maternn_kappa=1.0_nu=2.0_alpha_0.1,0.5614834766393867,0.7071618315432069,0.7058965314535172,False,fr,0.6677966101694915
full_klu_maternn_kappa=1.0_nu=2.0_alpha_0.2,0.560499326634207,0.7078190268144278,0.7065514989441577,False,fr,0.6677966101694915
full_klu_maternn_kappa=1.0_nu=2.0_alpha_0.3,0.5592043924168653,0.7066373327830449,0.7053738106552541,False,fr,0.6677966101694915
full_klu_maternn_kappa=1.0_nu=2.0_alpha_0.4,0.5578058634621362,0.7059259163474866,0.7046648058008333,False,fr,0.6677966101694915
full_klu_maternn_kappa=1.0_nu=2.0_alpha_0.5,0.5565109292447944,0.7045649954606019,0.7033084982050906,False,fr,0.6677966101694915
full_klu_maternn_kappa=1.0_nu=2.0_alpha_0.6,0.5551641976587589,0.7034531796340574,0.7022004512457547,False,fr,0.6677966101694915
full_klu_maternn_kappa=1.0_nu=2.0_alpha_0.7,0.5521081529058324,0.7017917534971052,0.700544657061809,False,fr,0.6677966101694915
full_klu_maternn_kappa=1.0_nu=2.0_alpha_0.8,0.5470320107738527,0.699593688849942,0.6983540434812464,False,fr,0.6677966101694915
full_klu_maternn_kappa=1.0_nu=2.0_alpha_0.9,0.5254325080285922,0.6877344084883124,0.6865349640699953,False,fr,0.6677966101694915
full_klu_maternn_kappa=1.0_nu=2.0_alpha_1.0,0.41404226665285404,0.5738918626325271,0.5730783251493143,False,fr,0.6677966101694915
full_klu_matern_kappa=1.0_nu=3.0_alpha_0.0,0.5622604371697918,0.7081899438739139,0.7069211586576795,False,fr,0.6677966101694915
full_klu_matern_kappa=1.0_nu=3.0_alpha_0.1,0.5636071687558272,0.7102314179236993,0.7089557124564486,False,fr,0.6677966101694915
full_klu_matern_kappa=1.0_nu=3.0_alpha_0.2,0.5653682792914119,0.7104310758101233,0.7091546935364779,False,fr,0.6677966101694915
full_klu_matern_kappa=1.0_nu=3.0_alpha_0.3,0.5684243240443385,0.7128686730926119,0.711584027777331,False,fr,0.6677966101694915
full_klu_matern_kappa=1.0_nu=3.0_alpha_0.4,0.5726717082772196,0.7148776383282294,0.7135861829613023,False,fr,0.6677966101694915
full_klu_matern_kappa=1.0_nu=3.0_alpha_0.5,0.579664353050865,0.7179298051978088,0.7166280035025103,False,fr,0.6677966101694915
full_klu_matern_kappa=1.0_nu=3.0_alpha_0.6,0.5877447425670775,0.7207427183025058,0.7194313813085472,False,fr,0.6677966101694915
full_klu_matern_kappa=1.0_nu=3.0_alpha_0.7,0.5962395110328396,0.7241174639307375,0.7227946871210902,False,fr,0.6677966101694915
full_klu_matern_kappa=1.0_nu=3.0_alpha_0.8,0.6002279084222522,0.7251749707337982,0.7238486091553268,False,fr,0.6677966101694915
full_klu_matern_kappa=1.0_nu=3.0_alpha_0.9,0.5969646741945509,0.7206532327152069,0.7193421990622223,False,fr,0.6677966101694915
full_klu_matern_kappa=1.0_nu=3.0_alpha_1.0,0.5921216202216928,0.7324173764559148,0.7327613796038092,False,fr,0.6677966101694915
full_klu_maternn_kappa=1.0_nu=3.0_alpha_0.0,0.5622604371697918,0.7081899438739139,0.7069211586576795,False,fr,0.6677966101694915
full_klu_maternn_kappa=1.0_nu=3.0_alpha_0.1,0.5613798819019994,0.7071298407733306,0.7058646491269288,False,fr,0.6677966101694915
full_klu_maternn_kappa=1.0_nu=3.0_alpha_0.2,0.5605511240029006,0.707840554412809,0.7065729535676291,False,fr,0.6677966101694915
full_klu_maternn_kappa=1.0_nu=3.0_alpha_0.3,0.5591525950481716,0.7066142514212739,0.7053508075353874,False,fr,0.6677966101694915
full_klu_maternn_kappa=1.0_nu=3.0_alpha_0.4,0.5576504713560552,0.7058629482211427,0.704602051125765,False,fr,0.6677966101694915
full_klu_maternn_kappa=1.0_nu=3.0_alpha_0.5,0.5564591318761006,0.7045914382777956,0.7033348513856159,False,fr,0.6677966101694915
full_klu_maternn_kappa=1.0_nu=3.0_alpha_0.6,0.5546462239718223,0.7031759248485149,0.7019241363069427,False,fr,0.6677966101694915
full_klu_maternn_kappa=1.0_nu=3.0_alpha_0.7,0.551693773956283,0.701565014751162,0.7003186869217843,False,fr,0.6677966101694915
full_klu_maternn_kappa=1.0_nu=3.0_alpha_0.8,0.5457370765565108,0.6989142324448867,0.6976768903182422,False,fr,0.6677966101694915
full_klu_maternn_kappa=1.0_nu=3.0_alpha_0.9,0.5226354501191339,0.6867648361321465,0.6855686783997824,False,fr,0.6677966101694915
full_klu_maternn_kappa=1.0_nu=3.0_alpha_1.0,0.4139386719154667,0.5735381206103327,0.5727257822526189,False,fr,0.6677966101694915
full_klu_matern_kappa=2.0_nu=1.0_alpha_0.0,0.5622604371697918,0.7081899438739139,0.7069211586576795,False,fr,0.6677966101694915
full_klu_matern_kappa=2.0_nu=1.0_alpha_0.1,0.5625712213819538,0.7080638862090725,0.706795528306956,False,fr,0.6677966101694915
full_klu_matern_kappa=2.0_nu=1.0_alpha_0.2,0.5637107634932146,0.709902385327031,0.7086277952245147,False,fr,0.6677966101694915
full_klu_matern_kappa=2.0_nu=1.0_alpha_0.3,0.5652646845540246,0.7104334338685003,0.7091570436014368,False,fr,0.6677966101694915
full_klu_matern_kappa=2.0_nu=1.0_alpha_0.4,0.5679581477260955,0.712661384254958,0.7113774416137029,False,fr,0.6677966101694915
full_klu_matern_kappa=2.0_nu=1.0_alpha_0.5,0.5728271003833006,0.7143586870793195,0.7130689908691684,False,fr,0.6677966101694915
full_klu_matern_kappa=2.0_nu=1.0_alpha_0.6,0.57888739252046,0.7174021993855503,0.7161021861845307,False,fr,0.6677966101694915
full_klu_matern_kappa=2.0_nu=1.0_alpha_0.7,0.5908007873200042,0.7207851766970146,0.7194736957762952,False,fr,0.6677966101694915
full_klu_matern_kappa=2.0_nu=1.0_alpha_0.8,0.5952553610276599,0.7231455841364034,0.7218261018345334,False,fr,0.6677966101694915
full_klu_matern_kappa=2.0_nu=1.0_alpha_0.9,0.6018854242204497,0.7239071138114845,0.7225850500530887,False,fr,0.6677966101694915
full_klu_matern_kappa=2.0_nu=1.0_alpha_1.0,0.5925101004868951,0.7358877920136531,0.7362200310410129,False,fr,0.6677966101694915
full_klu_maternn_kappa=2.0_nu=1.0_alpha_0.0,0.5622604371697918,0.7081899438739139,0.7069211586576795,False,fr,0.6677966101694915
full_klu_maternn_kappa=2.0_nu=1.0_alpha_0.1,0.5612244897959183,0.7071799758055473,0.7059146142098834,False,fr,0.6677966101694915
full_klu_maternn_kappa=2.0_nu=1.0_alpha_0.2,0.5601367450533513,0.7079491501843949,0.7066811812179554,False,fr,0.6677966101694915
full_klu_maternn_kappa=2.0_nu=1.0_alpha_0.3,0.5588936082047034,0.7069717564379008,0.7057071006706019,False,fr,0.6677966101694915
full_klu_maternn_kappa=2.0_nu=1.0_alpha_0.4,0.5584274318864602,0.706493438458371,0.7052304041079519,False,fr,0.6677966101694915
full_klu_maternn_kappa=2.0_nu=1.0_alpha_0.5,0.5567699160882627,0.7052161026502988,0.7039573982517715,False,fr,0.6677966101694915
full_klu_maternn_kappa=2.0_nu=1.0_alpha_0.6,0.5539210608101108,0.703152295338429,0.701900586896891,False,fr,0.6677966101694915
full_klu_maternn_kappa=2.0_nu=1.0_alpha_0.7,0.5506060292137158,0.7004992259562343,0.6992565109702293,False,fr,0.6677966101694915
full_klu_maternn_kappa=2.0_nu=1.0_alpha_0.8,0.545270900238268,0.6980444889743875,0.6968100951306939,False,fr,0.6677966101694915
full_klu_maternn_kappa=2.0_nu=1.0_alpha_0.9,0.5312856106909769,0.6892641681534513,0.6880595381091505,False,fr,0.6677966101694915
full_klu_maternn_kappa=2.0_nu=1.0_alpha_1.0,0.4092510100486896,0.5712461703512932,0.5704416013164914,False,fr,0.6677966101694915
full_klu_matern_kappa=2.0_nu=2.0_alpha_0.0,0.5622604371697918,0.7081899438739139,0.7069211586576795,False,fr,0.6677966101694915
full_klu_matern_kappa=2.0_nu=2.0_alpha_0.1,0.5630891950688904,0.7084906011071148,0.7072207967138187,False,fr,0.6677966101694915
full_klu_matern_kappa=2.0_nu=2.0_alpha_0.2,0.5645395213923132,0.709083774004901,0.7078119588560191,False,fr,0.6677966101694915
full_klu_matern_kappa=2.0_nu=2.0_alpha_0.3,0.5655754687661867,0.7095763072687647,0.7083028225155987,False,fr,0.6677966101694915
full_klu_matern_kappa=2.0_nu=2.0_alpha_0.4,0.5701336372112298,0.713859547332463,0.7125715431214538,False,fr,0.6677966101694915
full_klu_matern_kappa=2.0_nu=2.0_alpha_0.5,0.5761421319796954,0.7165591558700184,0.7152620004436276,False,fr,0.6677966101694915
full_klu_matern_kappa=2.0_nu=2.0_alpha_0.6,0.5825132083290169,0.7185813994276121,0.7172773889383143,False,fr,0.6677966101694915
full_klu_matern_kappa=2.0_nu=2.0_alpha_0.7,0.5920957215373458,0.7218925101956918,0.7205772756020954,False,fr,0.6677966101694915
full_klu_matern_kappa=2.0_nu=2.0_alpha_0.8,0.5950481715528851,0.7230277138400916,0.7217086310985481,False,fr,0.6677966101694915
full_klu_matern_kappa=2.0_nu=2.0_alpha_0.9,0.6019372215891433,0.7260467391080473,0.7247174223825446,False,fr,0.6677966101694915
full_klu_matern_kappa=2.0_nu=2.0_alpha_1.0,0.5910079767947789,0.7360413532708443,0.7363730717515694,False,fr,0.6677966101694915
full_klu_maternn_kappa=2.0_nu=2.0_alpha_0.0,0.5622604371697918,0.7081899438739139,0.7069211586576795,False,fr,0.6677966101694915
full_klu_maternn_kappa=2.0_nu=2.0_alpha_0.1,0.5610690976898373,0.7071400386667173,0.7058748124511852,False,fr,0.6677966101694915
full_klu_maternn_kappa=2.0_nu=2.0_alpha_0.2,0.5600849476846576,0.7062299836615733,0.7049678423782619,False,fr,0.6677966101694915
full_klu_maternn_kappa=2.0_nu=2.0_alpha_0.3,0.5581166476742982,0.706642136449076,0.7053785980376714,False,fr,0.6677966101694915
full_klu_maternn_kappa=2.0_nu=2.0_alpha_0.4,0.5568217134569564,0.7056351038448774,0.7043749791033177,False,fr,0.6677966101694915
full_klu_maternn_kappa=2.0_nu=2.0_alpha_0.5,0.555474981870921,0.7043643606433498,0.703108543505863,False,fr,0.6677966101694915
full_klu_maternn_kappa=2.0_nu=2.0_alpha_0.6,0.5529369108049311,0.7026192785472258,0.7013693769422683,False,fr,0.6677966101694915
full_klu_maternn_kappa=2.0_nu=2.0_alpha_0.7,0.5493110949963742,0.7004082092480601,0.6991658027932692,False,fr,0.6677966101694915
full_klu_maternn_kappa=2.0_nu=2.0_alpha_0.8,0.5440795607583135,0.6970027282235586,0.6957718657722406,False,fr,0.6677966101694915
full_klu_maternn_kappa=2.0_nu=2.0_alpha_0.9,0.5281777685693567,0.6868777565679829,0.6856812160544804,False,fr,0.6677966101694915
full_klu_maternn_kappa=2.0_nu=2.0_alpha_1.0,0.4211644048482337,0.5776927752743428,0.5768663533414968,False,fr,0.6677966101694915
full_klu_matern_kappa=2.0_nu=3.0_alpha_0.0,0.5622604371697918,0.7081899438739139,0.7069211586576795,False,fr,0.6677966101694915
full_klu_matern_kappa=2.0_nu=3.0_alpha_0.1,0.5629338029628094,0.7084097685565025,0.7071402381718525,False,fr,0.6677966101694915
full_klu_matern_kappa=2.0_nu=3.0_alpha_0.2,0.5635553713871335,0.7088455677181015,0.707574560048158,False,fr,0.6677966101694915
full_klu_matern_kappa=2.0_nu=3.0_alpha_0.3,0.565212887185331,0.7093706234712914,0.7080978359513371,False,fr,0.6677966101694915
full_klu_matern_kappa=2.0_nu=3.0_alpha_0.4,0.5682171345695639,0.710465645620715,0.7091891461612712,False,fr,0.6677966101694915
full_klu_matern_kappa=2.0_nu=3.0_alpha_0.5,0.5730342898580751,0.7153758597385694,0.7140827154855056,False,fr,0.6677966101694915
full_klu_matern_kappa=2.0_nu=3.0_alpha_0.6,0.5805449083186576,0.7179578968497354,0.7166559999284983,False,fr,0.6677966101694915
full_klu_matern_kappa=2.0_nu=3.0_alpha_0.7,0.588780689940951,0.7208107661555955,0.7194991984909485,False,fr,0.6677966101694915
full_klu_matern_kappa=2.0_nu=3.0_alpha_0.8,0.5919921267999586,0.7221851943069051,0.720868967563779,False,fr,0.6677966101694915
full_klu_matern_kappa=2.0_nu=3.0_alpha_0.9,0.5940640215477054,0.7223691815620048,0.7210523311332682,False,fr,0.6677966101694915
full_klu_matern_kappa=2.0_nu=3.0_alpha_1.0,0.5875375530923029,0.7322978362074406,0.7326422445765162,False,fr,0.6677966101694915
full_klu_maternn_kappa=2.0_nu=3.0_alpha_0.0,0.5622604371697918,0.7081899438739139,0.7069211586576795,False,fr,0.6677966101694915
full_klu_maternn_kappa=2.0_nu=3.0_alpha_0.1,0.5610173003211436,0.707148546390836,0.705883291335561,False,fr,0.6677966101694915
full_klu_maternn_kappa=2.0_nu=3.0_alpha_0.2,0.5599295555785766,0.7062033841605206,0.7049413330450096,False,fr,0.6677966101694915
full_klu_maternn_kappa=2.0_nu=3.0_alpha_0.3,0.5580130529369108,0.7065665800264361,0.7053032977384982,False,fr,0.6677966101694915
full_klu_maternn_kappa=2.0_nu=3.0_alpha_0.4,0.5563555371387134,0.7051649188556401,0.7039063879615014,False,fr,0.6677966101694915
full_klu_maternn_kappa=2.0_nu=3.0_alpha_0.5,0.5549052108152905,0.704207459080953,0.7029521738131692,False,fr,0.6677966101694915
full_klu_maternn_kappa=2.0_nu=3.0_alpha_0.6,0.5532476950170931,0.7027210163957682,0.701470769916748,False,fr,0.6677966101694915
full_klu_maternn_kappa=2.0_nu=3.0_alpha_0.7,0.549362892365068,0.7003864583126987,0.6991441255898921,False,fr,0.6677966101694915
full_klu_maternn_kappa=2.0_nu=3.0_alpha_0.8,0.5438723712835388,0.6962625514056867,0.6950341980283277,False,fr,0.6677966101694915
full_klu_maternn_kappa=2.0_nu=3.0_alpha_0.9,0.5297834869988604,0.684839586295679,0.6836499548339471,False,fr,0.6677966101694915
full_klu_maternn_kappa=2.0_nu=3.0_alpha_1.0,0.43121309437480576,0.5816329465175911,0.5807931680720559,False,fr,0.6677966101694915
full_klu_matern_kappa=3.0_nu=1.0_alpha_0.0,0.5622604371697918,0.7081899438739139,0.7069211586576795,False,fr,0.6677966101694915
full_klu_matern_kappa=3.0_nu=1.0_alpha_0.1,0.5617942608515487,0.7076989393150066,0.7064318185210057,False,fr,0.6677966101694915
full_klu_matern_kappa=3.0_nu=1.0_alpha_0.2,0.5633999792810526,0.7083552692564534,0.7070859236151934,False,fr,0.6677966101694915
full_klu_matern_kappa=3.0_nu=1.0_alpha_0.3,0.5649539003418627,0.7089522694770805,0.7076809001062591,False,fr,0.6677966101694915
full_klu_matern_kappa=3.0_nu=1.0_alpha_0.4,0.5678545529887082,0.7116781883967722,0.7103975786228331,False,fr,0.6677966101694915
full_klu_matern_kappa=3.0_nu=1.0_alpha_0.5,0.5719983424842018,0.7140870828105357,0.7127983072928212,False,fr,0.6677966101694915
full_klu_matern_kappa=3.0_nu=1.0_alpha_0.6,0.5779032425152802,0.7163700894494975,0.7150735749262273,False,fr,0.6677966101694915
full_klu_matern_kappa=3.0_nu=1.0_alpha_0.7,0.589091474153113,0.7204421646256213,0.7191318464576862,False,fr,0.6677966101694915
full_klu_matern_kappa=3.0_nu=1.0_alpha_0.8,0.5953071583963535,0.7229107327880002,0.721592046592396,False,fr,0.6677966101694915
full_klu_matern_kappa=3.0_nu=1.0_alpha_0.9,0.6013156531648192,0.7253633880665491,0.7240363877852549,False,fr,0.6677966101694915
full_klu_matern_kappa=3.0_nu=1.0_alpha_1.0,0.5907489899513105,0.7334043098399742,0.7337449674509735,False,fr,0.6677966101694915
full_klu_maternn_kappa=3.0_nu=1.0_alpha_0.0,0.5622604371697918,0.7081899438739139,0.7069211586576795,False,fr,0.6677966101694915
full_klu_maternn_kappa=3.0_nu=1.0_alpha_0.1,0.5611208950585309,0.707153200179794,0.7058879293489634,False,fr,0.6677966101694915
full_klu_maternn_kappa=3.0_nu=1.0_alpha_0.2,0.5605511240029005,0.706525070435704,0.7052619288582431,False,fr,0.6677966101694915
full_klu_maternn_kappa=3.0_nu=1.0_alpha_0.3,0.559100797679478,0.7072097242555873,0.70594426181772,False,fr,0.6677966101694915
full_klu_maternn_kappa=3.0_nu=1.0_alpha_0.4,0.5581166476742982,0.7064549109860913,0.7051920072372732,False,fr,0.6677966101694915
full_klu_maternn_kappa=3.0_nu=1.0_alpha_0.5,0.5572360924065058,0.7058725990656773,0.7046116692555725,False,fr,0.6677966101694915
full_klu_maternn_kappa=3.0_nu=1.0_alpha_0.6,0.555630373977002,0.7044288530136831,0.7031728172579919,False,fr,0.6677966101694915
full_klu_maternn_kappa=3.0_nu=1.0_alpha_0.7,0.5539210608101108,0.7027348781818197,0.701484584713694,False,fr,0.6677966101694915
full_klu_maternn_kappa=3.0_nu=1.0_alpha_0.8,0.5526779239614628,0.7018614855250394,0.7006141527099875,False,fr,0.6677966101694915
full_klu_maternn_kappa=3.0_nu=1.0_alpha_0.9,0.5524189371179945,0.7003524756031158,0.6991102580759349,False,fr,0.6677966101694915
full_klu_maternn_kappa=3.0_nu=1.0_alpha_1.0,0.5669480990365688,0.7006942090140276,0.6994508330685045,False,fr,0.6677966101694915
full_klu_matern_kappa=3.0_nu=2.0_alpha_0.0,0.5622604371697918,0.7081899438739139,0.7069211586576795,False,fr,0.6677966101694915
full_klu_matern_kappa=3.0_nu=2.0_alpha_0.1,0.5621050450637107,0.7080644085773029,0.7067960489044467,False,fr,0.6677966101694915
full_klu_matern_kappa=3.0_nu=2.0_alpha_0.2,0.5621050450637107,0.7081912114971594,0.706922421983897,False,fr,0.6677966101694915
full_klu_matern_kappa=3.0_nu=2.0_alpha_0.3,0.5629856003315031,0.7082441377297575,0.7069751688055371,False,fr,0.6677966101694915
full_klu_matern_kappa=3.0_nu=2.0_alpha_0.4,0.5644359266549259,0.7090228341512487,0.707751225578142,False,fr,0.6677966101694915
full_klu_matern_kappa=3.0_nu=2.0_alpha_0.5,0.5672847819330779,0.7100781698971852,0.7088029839147703,False,fr,0.6677966101694915
full_klu_matern_kappa=3.0_nu=2.0_alpha_0.6,0.5721019372215892,0.7139706192504097,0.7126822385244245,False,fr,0.6677966101694915
full_klu_matern_kappa=3.0_nu=2.0_alpha_0.7,0.5809074898995131,0.7177799940985425,0.7164787002374788,False,fr,0.6677966101694915
full_klu_matern_kappa=3.0_nu=2.0_alpha_0.8,0.5877447425670776,0.7197073035861505,0.7183994764725865,False,fr,0.6677966101694915
full_klu_matern_kappa=3.0_nu=2.0_alpha_0.9,0.590956179426085,0.7214573524346797,0.7201435929521375,False,fr,0.6677966101694915
full_klu_matern_kappa=3.0_nu=2.0_alpha_1.0,0.5882886149383612,0.7330915255615138,0.7334332434582027,False,fr,0.6677966101694915
full_klu_maternn_kappa=3.0_nu=2.0_alpha_0.0,0.5622604371697918,0.7081899438739139,0.7069211586576795,False,fr,0.6677966101694915
full_klu_maternn_kappa=3.0_nu=2.0_alpha_0.1,0.561120895058531,0.7073002175082936,0.7060344483136376,False,fr,0.6677966101694915
full_klu_maternn_kappa=3.0_nu=2.0_alpha_0.2,0.5606547187402879,0.70677728659316,0.7055132900456739,False,fr,0.6677966101694915
full_klu_maternn_kappa=3.0_nu=2.0_alpha_0.3,0.5599813529472703,0.7060001017582762,0.704738739735654,False,fr,0.6677966101694915
full_klu_maternn_kappa=3.0_nu=2.0_alpha_0.4,0.5599295555785766,0.7060236547902787,0.7047622129268702,False,fr,0.6677966101694915
full_klu_maternn_kappa=3.0_nu=2.0_alpha_0.5,0.5596705687351082,0.7076634954400053,0.7063964947947333,False,fr,0.6677966101694915
full_klu_maternn_kappa=3.0_nu=2.0_alpha_0.6,0.5577540660934426,0.7052046672242048,0.7039460015898338,False,fr,0.6677966101694915
full_klu_maternn_kappa=3.0_nu=2.0_alpha_0.7,0.5578576608308298,0.7046869405715119,0.7034300299427433,False,fr,0.6677966101694915
full_klu_maternn_kappa=3.0_nu=2.0_alpha_0.8,0.5613280845333057,0.706776501693162,0.7055125078063538,False,fr,0.6677966101694915
full_klu_maternn_kappa=3.0_nu=2.0_alpha_0.9,0.5739666424945613,0.711805235642537,0.7105241951999681,False,fr,0.6677966101694915
full_klu_maternn_kappa=3.0_nu=2.0_alpha_1.0,0.5780586346213612,0.7279342810239975,0.7282934811055594,False,fr,0.6677966101694915
full_klu_matern_kappa=3.0_nu=3.0_alpha_0.0,0.5622604371697918,0.7081899438739139,0.7069211586576795,False,fr,0.6677966101694915
full_klu_matern_kappa=3.0_nu=3.0_alpha_0.1,0.5620532476950171,0.7080839731965993,0.7068155472029999,False,fr,0.6677966101694915
full_klu_matern_kappa=3.0_nu=3.0_alpha_0.2,0.5616388687454676,0.7080652511778495,0.7067968886487203,False,fr,0.6677966101694915
full_klu_matern_kappa=3.0_nu=3.0_alpha_0.3,0.5619496529576299,0.7078255211451856,0.7065579712602349,False,fr,0.6677966101694915
full_klu_matern_kappa=3.0_nu=3.0_alpha_0.4,0.5625194240132602,0.7079739269609746,0.7067058740054619,False,fr,0.6677966101694915
full_klu_matern_kappa=3.0_nu=3.0_alpha_0.5,0.5643323319175387,0.7090002262760737,0.707728694339832,False,fr,0.6677966101694915
full_klu_matern_kappa=3.0_nu=3.0_alpha_0.6,0.5676473635139335,0.7104296363398468,0.7091532589457616,False,fr,0.6677966101694915
full_klu_matern_kappa=3.0_nu=3.0_alpha_0.7,0.5733450740702373,0.7124232889419397,0.7111401534034408,False,fr,0.6677966101694915
full_klu_matern_kappa=3.0_nu=3.0_alpha_0.8,0.5803895162125764,0.7141173737860327,0.7128284955870452,False,fr,0.6677966101694915
full_klu_matern_kappa=3.0_nu=3.0_alpha_0.9,0.5878483373044651,0.7192471638586376,0.7179408965407601,False,fr,0.6677966101694915
full_klu_matern_kappa=3.0_nu=3.0_alpha_1.0,0.5886511965192168,0.7318670755345148,0.7322129441092613,False,fr,0.6677966101694915
full_klu_maternn_kappa=3.0_nu=3.0_alpha_0.0,0.5622604371697918,0.7081899438739139,0.7069211586576795,False,fr,0.6677966101694915
full_klu_maternn_kappa=3.0_nu=3.0_alpha_0.1,0.5614834766393868,0.7075643016698046,0.7062976372746008,False,fr,0.6677966101694915
full_klu_maternn_kappa=3.0_nu=3.0_alpha_0.2,0.5607065161089817,0.7068388644795294,0.7055746591934454,False,fr,0.6677966101694915
full_klu_maternn_kappa=3.0_nu=3.0_alpha_0.3,0.5603957318968196,0.7064690322236669,0.7052060806062468,False,fr,0.6677966101694915
full_klu_maternn_kappa=3.0_nu=3.0_alpha_0.4,0.5606029213715943,0.7060180735749559,0.7047566506309214,False,fr,0.6677966101694915
full_klu_maternn_kappa=3.0_nu=3.0_alpha_0.5,0.560033150315964,0.7072054588161566,0.7059400108374061,False,fr,0.6677966101694915
full_klu_maternn_kappa=3.0_nu=3.0_alpha_0.6,0.5608101108463691,0.7068849141055662,0.705620552719055,False,fr,0.6677966101694915
full_klu_maternn_kappa=3.0_nu=3.0_alpha_0.7,0.5619496529576298,0.7072694325781411,0.7060037677391806,False,fr,0.6677966101694915
full_klu_maternn_kappa=3.0_nu=3.0_alpha_0.8,0.5695120687869056,0.7123349762159674,0.7110521400426413,False,fr,0.6677966101694915
full_klu_maternn_kappa=3.0_nu=3.0_alpha_0.9,0.5827203978037916,0.7174077161878717,0.7161076842858272,False,fr,0.6677966101694915
full_klu_maternn_kappa=3.0_nu=3.0_alpha_1.0,0.5885993991505232,0.7339809058535107,0.7343196089017522,False,fr,0.6677966101694915
deberta_full_klu_heat_t=0.1_alpha_0.0,0.5622604371697918,0.7081899438739139,0.7069211586576795,False,fr,0.6677966101694915
deberta_full_klu_heat_t=0.1_alpha_0.1,0.5611726924272247,0.7070567346684935,0.705791790839396,False,fr,0.6677966101694915
deberta_full_klu_heat_t=0.1_alpha_0.2,0.5609137055837563,0.70799105765662,0.7067229466309526,False,fr,0.6677966101694915
deberta_full_klu_heat_t=0.1_alpha_0.3,0.5600331503159639,0.7073632374136612,0.7060972545922073,False,fr,0.6677966101694915
deberta_full_klu_heat_t=0.1_alpha_0.4,0.5588936082047032,0.7065347442194851,0.7052715698495368,False,fr,0.6677966101694915
deberta_full_klu_heat_t=0.1_alpha_0.5,0.5588418108360095,0.7063776116456686,0.705114969928513,False,fr,0.6677966101694915
deberta_full_klu_heat_t=0.1_alpha_0.6,0.5577540660934425,0.7057752436280527,0.7045146438363805,False,fr,0.6677966101694915
deberta_full_klu_heat_t=0.1_alpha_0.7,0.556407334507407,0.70504001664296,0.7037819091461525,False,fr,0.6677966101694915
deberta_full_klu_heat_t=0.1_alpha_0.8,0.5549570081839844,0.7042426117938133,0.7029872073642911,False,fr,0.6677966101694915
deberta_full_klu_heat_t=0.1_alpha_0.9,0.5526261265927691,0.7019252642436615,0.7006777152295635,False,fr,0.6677966101694915
deberta_full_klu_heat_t=0.1_alpha_1.0,0.5,0.6696469989398978,0.6702037830285245,False,fr,0.6677966101694915
deberta_full_klu_heatn_t=0.1_alpha_0.0,0.5622604371697918,0.7081899438739139,0.7069211586576795,False,fr,0.6677966101694915
deberta_full_klu_heatn_t=0.1_alpha_0.1,0.5616388687454678,0.7071326581682033,0.7058674569713103,False,fr,0.6677966101694915
deberta_full_klu_heatn_t=0.1_alpha_0.2,0.5604475292655133,0.7073000411455515,0.7060342725487351,False,fr,0.6677966101694915
deberta_full_klu_heatn_t=0.1_alpha_0.3,0.5595151766290272,0.7063720416450656,0.7051094188092679,False,fr,0.6677966101694915
deberta_full_klu_heatn_t=0.1_alpha_0.4,0.5587900134673158,0.705879789380697,0.704618835196643,False,fr,0.6677966101694915
deberta_full_klu_heatn_t=0.1_alpha_0.5,0.5591525950481715,0.7054527766659183,0.7041932699825924,False,fr,0.6677966101694915
deberta_full_klu_heatn_t=0.1_alpha_0.6,0.5586864187299285,0.704662377979401,0.7034055506136564,False,fr,0.6677966101694915
deberta_full_klu_heatn_t=0.1_alpha_0.7,0.557650471356055,0.703781984875407,0.7025281418930659,False,fr,0.6677966101694915
deberta_full_klu_heatn_t=0.1_alpha_0.8,0.5563555371387133,0.7027275471525906,0.7014772785354114,False,fr,0.6677966101694915
deberta_full_klu_heatn_t=0.1_alpha_0.9,0.5549570081839843,0.7022594722338841,0.7010107903113445,False,fr,0.6677966101694915
deberta_full_klu_heatn_t=0.1_alpha_1.0,0.5,0.6696469989398978,0.6702037830285245,False,fr,0.6677966101694915
deberta_full_klu_heat_t=0.2_alpha_0.0,0.5622604371697918,0.7081899438739139,0.7069211586576795,False,fr,0.6677966101694915
deberta_full_klu_heat_t=0.2_alpha_0.1,0.5614834766393867,0.7074106990741504,0.7061445553657117,False,fr,0.6677966101694915
deberta_full_klu_heat_t=0.2_alpha_0.2,0.5607583134776754,0.7067527313992623,0.7054888180897215,False,fr,0.6677966101694915
deberta_full_klu_heat_t=0.2_alpha_0.3,0.5599813529472703,0.7061486514171036,0.704886785836316,False,fr,0.6677966101694915
deberta_full_klu_heat_t=0.2_alpha_0.4,0.559256189785559,0.70595330333964,0.7046920999557251,False,fr,0.6677966101694915
deberta_full_klu_heat_t=0.2_alpha_0.5,0.5584792292551538,0.7051335142335037,0.7038750897957113,False,fr,0.6677966101694915
deberta_full_klu_heat_t=0.2_alpha_0.6,0.557495079249974,0.7049227601457182,0.7036650501285624,False,fr,0.6677966101694915
deberta_full_klu_heat_t=0.2_alpha_0.7,0.5555267792396146,0.7047952975165088,0.7035380195760621,False,fr,0.6677966101694915
deberta_full_klu_heat_t=0.2_alpha_0.8,0.5542836423909666,0.7036887396389192,0.7024352127421254,False,fr,0.6677966101694915
deberta_full_klu_heat_t=0.2_alpha_0.9,0.5511240029006526,0.7017581069663977,0.7005111245871378,False,fr,0.6677966101694915
deberta_full_klu_heat_t=0.2_alpha_1.0,0.5,0.6696469989398978,0.6702037830285245,False,fr,0.6677966101694915
deberta_full_klu_heatn_t=0.2_alpha_0.0,0.5622604371697918,0.7081899438739139,0.7069211586576795,False,fr,0.6677966101694915
deberta_full_klu_heatn_t=0.2_alpha_0.1,0.5616906661141614,0.7072318342005353,0.7059662968137022,False,fr,0.6677966101694915
deberta_full_klu_heatn_t=0.2_alpha_0.2,0.5604475292655133,0.70741575406427,0.7061495932202717,False,fr,0.6677966101694915
deberta_full_klu_heatn_t=0.2_alpha_0.3,0.5594633792603336,0.7066014387540517,0.7053380383009353,False,fr,0.6677966101694915
deberta_full_klu_heatn_t=0.2_alpha_0.4,0.5584792292551539,0.705780482999812,0.7045198654475577,False,fr,0.6677966101694915
deberta_full_klu_heatn_t=0.2_alpha_0.5,0.5591525950481715,0.7055068027942425,0.7042471129714986,False,fr,0.6677966101694915
deberta_full_klu_heatn_t=0.2_alpha_0.6,0.5588418108360095,0.7048845205969851,0.7036269402054183,False,fr,0.6677966101694915
deberta_full_klu_heatn_t=0.2_alpha_0.7,0.5575986739873615,0.703945312019438,0.7026909153857611,False,fr,0.6677966101694915
deberta_full_klu_heatn_t=0.2_alpha_0.8,0.5565109292447943,0.7031693402726245,0.7019175740516486,False,fr,0.6677966101694915
deberta_full_klu_heatn_t=0.2_alpha_0.9,0.5544908318657413,0.7023648767257991,0.7011158374998971,False,fr,0.6677966101694915
deberta_full_klu_heatn_t=0.2_alpha_1.0,0.5,0.6696469989398978,0.6702037830285245,False,fr,0.6677966101694915
deberta_full_klu_heat_t=0.3_alpha_0.0,0.5622604371697918,0.7081899438739139,0.7069211586576795,False,fr,0.6677966101694915
deberta_full_klu_heat_t=0.3_alpha_0.1,0.5615870713767741,0.7076241727925192,0.7063573054443573,False,fr,0.6677966101694915
deberta_full_klu_heat_t=0.3_alpha_0.2,0.5606547187402879,0.707215220030999,0.7059497389633846,False,fr,0.6677966101694915
deberta_full_klu_heat_t=0.3_alpha_0.3,0.5604475292655132,0.7069710528714248,0.7057063994890971,False,fr,0.6677966101694915
deberta_full_klu_heat_t=0.3_alpha_0.4,0.5597741634724956,0.70635844786766,0.7050958711124636,False,fr,0.6677966101694915
deberta_full_klu_heat_t=0.3_alpha_0.5,0.5586864187299285,0.7059201166094042,0.70465902572288,False,fr,0.6677966101694915
deberta_full_klu_heat_t=0.3_alpha_0.6,0.5578576608308298,0.7049185795115471,0.7036608836660324,False,fr,0.6677966101694915
deberta_full_klu_heat_t=0.3_alpha_0.7,0.5556821713456956,0.7038108047073155,0.7025568640306289,False,fr,0.6677966101694915
deberta_full_klu_heat_t=0.3_alpha_0.8,0.5545426292344349,0.7025678562475952,0.7013181289555178,False,fr,0.6677966101694915
deberta_full_klu_heat_t=0.3_alpha_0.9,0.5513311923754273,0.7004104313262015,0.6991680173389423,False,fr,0.6677966101694915
deberta_full_klu_heat_t=0.3_alpha_1.0,0.5,0.6696469989398978,0.6702037830285245,False,fr,0.6677966101694915
deberta_full_klu_heatn_t=0.3_alpha_0.0,0.5622604371697918,0.7081899438739139,0.7069211586576795,False,fr,0.6677966101694915
deberta_full_klu_heatn_t=0.3_alpha_0.1,0.5616388687454678,0.7072278060705328,0.7059622823383777,False,fr,0.6677966101694915
deberta_full_klu_heatn_t=0.3_alpha_0.2,0.560654718740288,0.707564879869641,0.7062982135144379,False,fr,0.6677966101694915
deberta_full_klu_heatn_t=0.3_alpha_0.3,0.5594633792603336,0.7066208084719667,0.7053573423587898,False,fr,0.6677966101694915
deberta_full_klu_heatn_t=0.3_alpha_0.4,0.5584792292551538,0.7058066371104554,0.7045459309001988,False,fr,0.6677966101694915
deberta_full_klu_heatn_t=0.3_alpha_0.5,0.5583756345177665,0.7051093045232492,0.7038509621522712,False,fr,0.6677966101694915
deberta_full_klu_heatn_t=0.3_alpha_0.6,0.5582202424116854,0.7048491083630823,0.7035916480129863,False,fr,0.6677966101694915
deberta_full_klu_heatn_t=0.3_alpha_0.7,0.5575468766186678,0.7043211001046776,0.7030654296130846,False,fr,0.6677966101694915
deberta_full_klu_heatn_t=0.3_alpha_0.8,0.5563037397700197,0.7032754257762218,0.7020232999433693,False,fr,0.6677966101694915
deberta_full_klu_heatn_t=0.3_alpha_0.9,0.5537138713353361,0.7023610944976523,0.7011120680928628,False,fr,0.6677966101694915
deberta_full_klu_heatn_t=0.3_alpha_1.0,0.5,0.6696469989398978,0.6702037830285245,False,fr,0.6677966101694915
deberta_full_klu_heat_t=0.4_alpha_0.0,0.5622604371697918,0.7081899438739139,0.7069211586576795,False,fr,0.6677966101694915
deberta_full_klu_heat_t=0.4_alpha_0.1,0.561431679270693,0.7078476070581847,0.7065799823057324,False,fr,0.6677966101694915
deberta_full_klu_heat_t=0.4_alpha_0.2,0.5606547187402879,0.7073200776635415,0.7060542411463252,False,fr,0.6677966101694915
deberta_full_klu_heat_t=0.4_alpha_0.3,0.560343934528126,0.7071356862289049,0.7058704747673993,False,fr,0.6677966101694915
deberta_full_klu_heat_t=0.4_alpha_0.4,0.559100797679478,0.7056608906388534,0.7044006784844326,False,fr,0.6677966101694915
deberta_full_klu_heat_t=0.4_alpha_0.5,0.5583238371490729,0.7054503015791127,0.7041908032859115,False,fr,0.6677966101694915
deberta_full_klu_heat_t=0.4_alpha_0.6,0.5582202424116856,0.7056378750997517,0.7043777409641077,False,fr,0.6677966101694915
deberta_full_klu_heat_t=0.4_alpha_0.7,0.5572360924065057,0.7049988744260121,0.7037409063943466,False,fr,0.6677966101694915
deberta_full_klu_heat_t=0.4_alpha_0.8,0.5551124002900654,0.7036416408916566,0.7023882736516333,False,fr,0.6677966101694915
deberta_full_klu_heat_t=0.4_alpha_0.9,0.5534030871231741,0.7020135296018664,0.7007656813831643,False,fr,0.6677966101694915
deberta_full_klu_heat_t=0.4_alpha_1.0,0.5,0.6696469989398978,0.6702037830285245,False,fr,0.6677966101694915
deberta_full_klu_heatn_t=0.4_alpha_0.0,0.5622604371697918,0.7081899438739139,0.7069211586576795,False,fr,0.6677966101694915
deberta_full_klu_heatn_t=0.4_alpha_0.1,0.5616906661141614,0.7072673567745353,0.7060016989721971,False,fr,0.6677966101694915
deberta_full_klu_heatn_t=0.4_alpha_0.2,0.560499326634207,0.7076359994417302,0.706369092003232,False,fr,0.6677966101694915
deberta_full_klu_heatn_t=0.4_alpha_0.3,0.5596705687351082,0.7067462785486863,0.7054823871132152,False,fr,0.6677966101694915
deberta_full_klu_heatn_t=0.4_alpha_0.4,0.5586864187299285,0.7061061621854077,0.7048444406359139,False,fr,0.6677966101694915
deberta_full_klu_heatn_t=0.4_alpha_0.5,0.5579612555682172,0.7053002823991057,0.7040412926454978,False,fr,0.6677966101694915
deberta_full_klu_heatn_t=0.4_alpha_0.6,0.5575986739873615,0.7049187747643152,0.7036610782569269,False,fr,0.6677966101694915
deberta_full_klu_heatn_t=0.4_alpha_0.7,0.5573914845125868,0.7045318301583644,0.7032754453276063,False,fr,0.6677966101694915
deberta_full_klu_heatn_t=0.4_alpha_0.8,0.5552677923961463,0.7029018905847266,0.7016510309728623,False,fr,0.6677966101694915
deberta_full_klu_heatn_t=0.4_alpha_0.9,0.5536102765979488,0.7024095589219821,0.7011603682310086,False,fr,0.6677966101694915
deberta_full_klu_heatn_t=0.4_alpha_1.0,0.5,0.6696469989398978,0.6702037830285245,False,fr,0.6677966101694915
deberta_full_klu_heat_t=0.5_alpha_0.0,0.5622604371697918,0.7081899438739139,0.7069211586576795,False,fr,0.6677966101694915
deberta_full_klu_heat_t=0.5_alpha_0.1,0.5615352740080803,0.7077974212884415,0.7065299666572425,False,fr,0.6677966101694915
deberta_full_klu_heat_t=0.5_alpha_0.2,0.5605511240029005,0.7073150383856444,0.706049218950726,False,fr,0.6677966101694915
deberta_full_klu_heat_t=0.5_alpha_0.3,0.5597741634724956,0.706645146017775,0.7053815974044426,False,fr,0.6677966101694915
deberta_full_klu_heat_t=0.5_alpha_0.4,0.5593079871542527,0.7062692577364493,0.7050069833206808,False,fr,0.6677966101694915
deberta_full_klu_heat_t=0.5_alpha_0.5,0.5588418108360096,0.7058513793956452,0.7045905215166253,False,fr,0.6677966101694915
deberta_full_klu_heat_t=0.5_alpha_0.6,0.5580648503056046,0.7053486479003401,0.7040894941958805,False,fr,0.6677966101694915
deberta_full_klu_heat_t=0.5_alpha_0.7,0.5578058634621361,0.7053765634875862,0.7041173151540171,False,fr,0.6677966101694915
deberta_full_klu_heat_t=0.5_alpha_0.8,0.5567699160882629,0.7049655755144129,0.703707720360414,False,fr,0.6677966101694915
deberta_full_klu_heat_t=0.5_alpha_0.9,0.5546462239718223,0.7026823218754213,0.7014322065642665,False,fr,0.6677966101694915
deberta_full_klu_heat_t=0.5_alpha_1.0,0.5,0.6696469989398978,0.6702037830285245,False,fr,0.6677966101694915
deberta_full_klu_heatn_t=0.5_alpha_0.0,0.5622604371697918,0.7081899438739139,0.7069211586576795,False,fr,0.6677966101694915
deberta_full_klu_heatn_t=0.5_alpha_0.1,0.5617424634828551,0.7073446574664465,0.7060787376278645,False,fr,0.6677966101694915
deberta_full_klu_heatn_t=0.5_alpha_0.2,0.5605511240029006,0.7077461338827826,0.7064788531071962,False,fr,0.6677966101694915
deberta_full_klu_heatn_t=0.5_alpha_0.3,0.5596705687351082,0.7068046291943433,0.7055405399600735,False,fr,0.6677966101694915
deberta_full_klu_heatn_t=0.5_alpha_0.4,0.5585828239925412,0.7060133734894866,0.7047519664779451,False,fr,0.6677966101694915
deberta_full_klu_heatn_t=0.5_alpha_0.5,0.5580130529369108,0.705452338364017,0.7041928331664603,False,fr,0.6677966101694915
deberta_full_klu_heatn_t=0.5_alpha_0.6,0.5575986739873614,0.7050723973652608,0.7038141801032929,False,fr,0.6677966101694915
deberta_full_klu_heatn_t=0.5_alpha_0.7,0.5568735108256501,0.7043906444165022,0.7031347381814793,False,fr,0.6677966101694915
deberta_full_klu_heatn_t=0.5_alpha_0.8,0.5546462239718223,0.7030384860286474,0.70178716338138,False,fr,0.6677966101694915
deberta_full_klu_heatn_t=0.5_alpha_0.9,0.5534548844918679,0.702458696552414,0.7012093392932016,False,fr,0.6677966101694915
deberta_full_klu_heatn_t=0.5_alpha_1.0,0.5,0.6696469989398978,0.6702037830285245,False,fr,0.6677966101694915
deberta_full_klu_heat_t=0.6_alpha_0.0,0.5622604371697918,0.7081899438739139,0.7069211586576795,False,fr,0.6677966101694915
deberta_full_klu_heat_t=0.6_alpha_0.1,0.561587071376774,0.7080603059889927,0.7067919602232156,False,fr,0.6677966101694915
deberta_full_klu_heat_t=0.6_alpha_0.2,0.5604475292655132,0.7074714111337597,0.7062050616217291,False,fr,0.6677966101694915
deberta_full_klu_heat_t=0.6_alpha_0.3,0.5598259608411893,0.7065757865763898,0.7053124730798079,False,fr,0.6677966101694915
deberta_full_klu_heat_t=0.6_alpha_0.4,0.5592561897855589,0.7063886310986222,0.7051259520273887,False,fr,0.6677966101694915
deberta_full_klu_heat_t=0.6_alpha_0.5,0.5586864187299285,0.7060411695798832,0.7047796683443066,False,fr,0.6677966101694915
deberta_full_klu_heat_t=0.6_alpha_0.6,0.5584274318864602,0.7059092923783878,0.7046482381841721,False,fr,0.6677966101694915
deberta_full_klu_heat_t=0.6_alpha_0.7,0.5580648503056046,0.7055051649599187,0.7042454806891554,False,fr,0.6677966101694915
deberta_full_klu_heat_t=0.6_alpha_0.8,0.5568217134569564,0.7051523481068354,0.7038938598254045,False,fr,0.6677966101694915
deberta_full_klu_heat_t=0.6_alpha_0.9,0.5558375634517767,0.7041499946879997,0.7028949042147684,False,fr,0.6677966101694915
deberta_full_klu_heat_t=0.6_alpha_1.0,0.5,0.6696469989398978,0.6702037830285245,False,fr,0.6677966101694915
deberta_full_klu_heatn_t=0.6_alpha_0.0,0.5622604371697918,0.7081899438739139,0.7069211586576795,False,fr,0.6677966101694915
deberta_full_klu_heatn_t=0.6_alpha_0.1,0.5616906661141614,0.7073475889453968,0.7060816591695981,False,fr,0.6677966101694915
deberta_full_klu_heatn_t=0.6_alpha_0.2,0.5609137055837564,0.7079675689287517,0.7066995375258908,False,fr,0.6677966101694915
deberta_full_klu_heatn_t=0.6_alpha_0.3,0.5597741634724955,0.7069236593165973,0.7056591665903876,False,fr,0.6677966101694915
deberta_full_klu_heatn_t=0.6_alpha_0.4,0.5586864187299285,0.7061666511472886,0.7049047245504664,False,fr,0.6677966101694915
deberta_full_klu_heatn_t=0.6_alpha_0.5,0.5578576608308299,0.7054283441706095,0.7041689203093017,False,fr,0.6677966101694915
deberta_full_klu_heatn_t=0.6_alpha_0.6,0.5574950792499741,0.705175836439379,0.7039172685364821,False,fr,0.6677966101694915
deberta_full_klu_heatn_t=0.6_alpha_0.7,0.5567181187195691,0.7048763981419771,0.7036188452841561,False,fr,0.6677966101694915
deberta_full_klu_heatn_t=0.6_alpha_0.8,0.5545426292344349,0.7031323688049648,0.701880727910998,False,fr,0.6677966101694915
deberta_full_klu_heatn_t=0.6_alpha_0.9,0.5530405055423184,0.7017102823158126,0.7004634620540123,False,fr,0.6677966101694915
deberta_full_klu_heatn_t=0.6_alpha_1.0,0.5,0.6696469989398978,0.6702037830285245,False,fr,0.6677966101694915
deberta_full_klu_heat_t=0.7_alpha_0.0,0.5622604371697918,0.7081899438739139,0.7069211586576795,False,fr,0.6677966101694915
deberta_full_klu_heat_t=0.7_alpha_0.1,0.5615352740080803,0.7079617381721363,0.7066937265345519,False,fr,0.6677966101694915
deberta_full_klu_heat_t=0.7_alpha_0.2,0.5604475292655132,0.707440677474672,0.7061744321445367,False,fr,0.6677966101694915
deberta_full_klu_heat_t=0.7_alpha_0.3,0.5600849476846577,0.706788501278451,0.7055244667150826,False,fr,0.6677966101694915
deberta_full_klu_heat_t=0.7_alpha_0.4,0.5593597845229462,0.7062463249338818,0.7049841282564271,False,fr,0.6677966101694915
deberta_full_klu_heat_t=0.7_alpha_0.5,0.5589972029420905,0.7064270508116663,0.7051642415041175,False,fr,0.6677966101694915
deberta_full_klu_heat_t=0.7_alpha_0.6,0.5585828239925412,0.7061575162001421,0.7048956205692426,False,fr,0.6677966101694915
deberta_full_klu_heat_t=0.7_alpha_0.7,0.5580130529369108,0.7057765542107136,0.7045159499763882,False,fr,0.6677966101694915
deberta_full_klu_heat_t=0.7_alpha_0.8,0.5573396871438931,0.7053863324746449,0.7041270510258657,False,fr,0.6677966101694915
deberta_full_klu_heat_t=0.7_alpha_0.9,0.556562726613488,0.7049691571364775,0.7037112898413869,False,fr,0.6677966101694915
deberta_full_klu_heat_t=0.7_alpha_1.0,0.5,0.6696469989398978,0.6702037830285245,False,fr,0.6677966101694915
deberta_full_klu_heatn_t=0.7_alpha_0.0,0.5622604371697918,0.7081899438739139,0.7069211586576795,False,fr,0.6677966101694915
deberta_full_klu_heatn_t=0.7_alpha_0.1,0.561587071376774,0.70732653501684,0.7060606766102905,False,fr,0.6677966101694915
deberta_full_klu_heatn_t=0.7_alpha_0.2,0.5610690976898374,0.708014937514091,0.7067467455397541,False,fr,0.6677966101694915
deberta_full_klu_heatn_t=0.7_alpha_0.3,0.559877758209883,0.7070491958590561,0.705784277585245,False,fr,0.6677966101694915
deberta_full_klu_heatn_t=0.7_alpha_0.4,0.5589972029420905,0.7063982119753709,0.705135500426589,False,fr,0.6677966101694915
deberta_full_klu_heatn_t=0.7_alpha_0.5,0.5581166476742982,0.7058078828971456,0.7045471724638832,False,fr,0.6677966101694915
deberta_full_klu_heatn_t=0.7_alpha_0.6,0.5576504713560552,0.7054533644954126,0.7041938558194444,False,fr,0.6677966101694915
deberta_full_klu_heatn_t=0.7_alpha_0.7,0.5558893608204704,0.704502409132246,0.70324612403378,False,fr,0.6677966101694915
deberta_full_klu_heatn_t=0.7_alpha_0.8,0.5546980213405159,0.7037258994950961,0.7024722466326881,False,fr,0.6677966101694915
deberta_full_klu_heatn_t=0.7_alpha_0.9,0.5524707344866882,0.7016543411575922,0.7004077105268368,False,fr,0.6677966101694915
deberta_full_klu_heatn_t=0.7_alpha_1.0,0.5,0.6696469989398978,0.6702037830285245,False,fr,0.6677966101694915
deberta_full_klu_matern_kappa=1.0_nu=1.0_alpha_0.0,0.5622604371697918,0.7081899438739139,0.7069211586576795,False,fr,0.6677966101694915
deberta_full_klu_matern_kappa=1.0_nu=1.0_alpha_0.1,0.561587071376774,0.7075159385240362,0.7062494380716995,False,fr,0.6677966101694915
deberta_full_klu_matern_kappa=1.0_nu=1.0_alpha_0.2,0.561276287164612,0.7069306626949585,0.7056661462284832,False,fr,0.6677966101694915
deberta_full_klu_matern_kappa=1.0_nu=1.0_alpha_0.3,0.559877758209883,0.7059584009539629,0.7046971802899994,False,fr,0.6677966101694915
deberta_full_klu_matern_kappa=1.0_nu=1.0_alpha_0.4,0.5594115818916399,0.7057774148723972,0.7045168077205747,False,fr,0.6677966101694915
deberta_full_klu_matern_kappa=1.0_nu=1.0_alpha_0.5,0.5584274318864602,0.7068561506450984,0.7055918867618429,False,fr,0.6677966101694915
deberta_full_klu_matern_kappa=1.0_nu=1.0_alpha_0.6,0.5578576608308298,0.7067017336975716,0.7054379932615958,False,fr,0.6677966101694915
deberta_full_klu_matern_kappa=1.0_nu=1.0_alpha_0.7,0.5557339687143894,0.7048563318995003,0.70359884706284,False,fr,0.6677966101694915
deberta_full_klu_matern_kappa=1.0_nu=1.0_alpha_0.8,0.5543354397596603,0.7037554171501934,0.7025016642279376,False,fr,0.6677966101694915
deberta_full_klu_matern_kappa=1.0_nu=1.0_alpha_0.9,0.5507096239511032,0.701576061156399,0.7003296958815799,False,fr,0.6677966101694915
deberta_full_klu_matern_kappa=1.0_nu=1.0_alpha_1.0,0.5,0.6696469989398978,0.6702037830285245,False,fr,0.6677966101694915
deberta_full_klu_maternn_kappa=1.0_nu=1.0_alpha_0.0,0.5622604371697918,0.7081899438739139,0.7069211586576795,False,fr,0.6677966101694915
deberta_full_klu_maternn_kappa=1.0_nu=1.0_alpha_0.1,0.5616906661141614,0.7072673567745353,0.7060016989721971,False,fr,0.6677966101694915
deberta_full_klu_maternn_kappa=1.0_nu=1.0_alpha_0.2,0.560499326634207,0.7076359994417302,0.706369092003232,False,fr,0.6677966101694915
deberta_full_klu_maternn_kappa=1.0_nu=1.0_alpha_0.3,0.559722366103802,0.7068235821974185,0.7055594287156806,False,fr,0.6677966101694915
deberta_full_klu_maternn_kappa=1.0_nu=1.0_alpha_0.4,0.5586864187299285,0.7061061621854077,0.7048444406359139,False,fr,0.6677966101694915
deberta_full_klu_maternn_kappa=1.0_nu=1.0_alpha_0.5,0.5579094581995235,0.705287047533175,0.7040281026435193,False,fr,0.6677966101694915
deberta_full_klu_maternn_kappa=1.0_nu=1.0_alpha_0.6,0.5576504713560552,0.7049340962082081,0.7036763477637218,False,fr,0.6677966101694915
deberta_full_klu_maternn_kappa=1.0_nu=1.0_alpha_0.7,0.5573396871438931,0.7044887749616021,0.7032325360806636,False,fr,0.6677966101694915
deberta_full_klu_maternn_kappa=1.0_nu=1.0_alpha_0.8,0.5553713871335336,0.7029532994151644,0.7017022655360782,False,fr,0.6677966101694915
deberta_full_klu_maternn_kappa=1.0_nu=1.0_alpha_0.9,0.5536102765979488,0.7024095589219821,0.7011603682310086,False,fr,0.6677966101694915
deberta_full_klu_maternn_kappa=1.0_nu=1.0_alpha_1.0,0.5,0.6696469989398978,0.6702037830285245,False,fr,0.6677966101694915
deberta_full_klu_matern_kappa=1.0_nu=2.0_alpha_0.0,0.5622604371697918,0.7081899438739139,0.7069211586576795,False,fr,0.6677966101694915
deberta_full_klu_matern_kappa=1.0_nu=2.0_alpha_0.1,0.5616388687454678,0.707659614151129,0.7063926266627684,False,fr,0.6677966101694915
deberta_full_klu_matern_kappa=1.0_nu=2.0_alpha_0.2,0.5606547187402879,0.7067730791760592,0.7055090968910039,False,fr,0.6677966101694915
deberta_full_klu_matern_kappa=1.0_nu=2.0_alpha_0.3,0.5600331503159639,0.7063255882608042,0.7050631228941057,False,fr,0.6677966101694915
deberta_full_klu_matern_kappa=1.0_nu=2.0_alpha_0.4,0.5599813529472703,0.7064214545550418,0.7051586642178543,False,fr,0.6677966101694915
deberta_full_klu_matern_kappa=1.0_nu=2.0_alpha_0.5,0.5585310266238476,0.7055929471616287,0.7043329653240799,False,fr,0.6677966101694915
deberta_full_klu_matern_kappa=1.0_nu=2.0_alpha_0.6,0.5580130529369108,0.7047290685773921,0.703472015141824,False,fr,0.6677966101694915
deberta_full_klu_matern_kappa=1.0_nu=2.0_alpha_0.7,0.5557339687143893,0.7034338554874092,0.7021811926046884,False,fr,0.6677966101694915
deberta_full_klu_matern_kappa=1.0_nu=2.0_alpha_0.8,0.5545944266031285,0.702500140730521,0.7012506429825692,False,fr,0.6677966101694915
deberta_full_klu_matern_kappa=1.0_nu=2.0_alpha_0.9,0.551072205531959,0.701813151809999,0.700565982838049,False,fr,0.6677966101694915
deberta_full_klu_matern_kappa=1.0_nu=2.0_alpha_1.0,0.5,0.6696469989398978,0.6702037830285245,False,fr,0.6677966101694915
deberta_full_klu_maternn_kappa=1.0_nu=2.0_alpha_0.0,0.5622604371697918,0.7081899438739139,0.7069211586576795,False,fr,0.6677966101694915
deberta_full_klu_maternn_kappa=1.0_nu=2.0_alpha_0.1,0.5616906661141614,0.7072936190198957,0.706027872192997,False,fr,0.6677966101694915
deberta_full_klu_maternn_kappa=1.0_nu=2.0_alpha_0.2,0.5606029213715943,0.7077458093059503,0.7064785296306242,False,fr,0.6677966101694915
deberta_full_klu_maternn_kappa=1.0_nu=2.0_alpha_0.3,0.5596187713664146,0.7067050626415239,0.7054413109209925,False,fr,0.6677966101694915
deberta_full_klu_maternn_kappa=1.0_nu=2.0_alpha_0.4,0.5586864187299285,0.706108627716215,0.7048468978089897,False,fr,0.6677966101694915
deberta_full_klu_maternn_kappa=1.0_nu=2.0_alpha_0.5,0.5578576608308298,0.7052691139773772,0.7040102298794361,False,fr,0.6677966101694915
deberta_full_klu_maternn_kappa=1.0_nu=2.0_alpha_0.6,0.5574432818812805,0.7048482344950151,0.7035907771071837,False,fr,0.6677966101694915
deberta_full_klu_maternn_kappa=1.0_nu=2.0_alpha_0.7,0.5573396871438931,0.7045162832997737,0.7032599511702312,False,fr,0.6677966101694915
deberta_full_klu_maternn_kappa=1.0_nu=2.0_alpha_0.8,0.554853413446597,0.7029459618965059,0.7016949528903645,False,fr,0.6677966101694915
deberta_full_klu_maternn_kappa=1.0_nu=2.0_alpha_0.9,0.5531441002797058,0.7020720940488889,0.7008240473066376,False,fr,0.6677966101694915
deberta_full_klu_maternn_kappa=1.0_nu=2.0_alpha_1.0,0.5,0.6696469989398978,0.6702037830285245,False,fr,0.6677966101694915
deberta_full_klu_matern_kappa=1.0_nu=3.0_alpha_0.0,0.5622604371697918,0.7081899438739139,0.7069211586576795,False,fr,0.6677966101694915
deberta_full_klu_matern_kappa=1.0_nu=3.0_alpha_0.1,0.5617942608515488,0.7077684009257337,0.7065010446686455,False,fr,0.6677966101694915
deberta_full_klu_matern_kappa=1.0_nu=3.0_alpha_0.2,0.5606547187402879,0.707215220030999,0.7059497389633846,False,fr,0.6677966101694915
deberta_full_klu_matern_kappa=1.0_nu=3.0_alpha_0.3,0.5602921371594323,0.7069068048043861,0.7056423692121161,False,fr,0.6677966101694915
deberta_full_klu_matern_kappa=1.0_nu=3.0_alpha_0.4,0.5596705687351082,0.7062825769071581,0.7050202573416584,False,fr,0.6677966101694915
deberta_full_klu_matern_kappa=1.0_nu=3.0_alpha_0.5,0.5585828239925411,0.7057798666407744,0.7045192511778725,False,fr,0.6677966101694915
deberta_full_klu_matern_kappa=1.0_nu=3.0_alpha_0.6,0.5577540660934425,0.7048184990203505,0.7035611424307384,False,fr,0.6677966101694915
deberta_full_klu_matern_kappa=1.0_nu=3.0_alpha_0.7,0.5557857660830829,0.7038464946994503,0.7025924330397396,False,fr,0.6677966101694915
deberta_full_klu_matern_kappa=1.0_nu=3.0_alpha_0.8,0.5545944266031285,0.7026255263285477,0.7013756035446704,False,fr,0.6677966101694915
deberta_full_klu_matern_kappa=1.0_nu=3.0_alpha_0.9,0.5512793950067336,0.7020511466368675,0.7008031709027924,False,fr,0.6677966101694915
deberta_full_klu_matern_kappa=1.0_nu=3.0_alpha_1.0,0.5,0.6696469989398978,0.6702037830285245,False,fr,0.6677966101694915
deberta_full_klu_maternn_kappa=1.0_nu=3.0_alpha_0.0,0.5622604371697918,0.7081899438739139,0.7069211586576795,False,fr,0.6677966101694915
deberta_full_klu_maternn_kappa=1.0_nu=3.0_alpha_0.1,0.5616906661141614,0.7072936190198957,0.706027872192997,False,fr,0.6677966101694915
deberta_full_klu_maternn_kappa=1.0_nu=3.0_alpha_0.2,0.560654718740288,0.7077801664831646,0.706512770342831,False,fr,0.6677966101694915
deberta_full_klu_maternn_kappa=1.0_nu=3.0_alpha_0.3,0.5596705687351083,0.7067872408830429,0.7055232105922011,False,fr,0.6677966101694915
deberta_full_klu_maternn_kappa=1.0_nu=3.0_alpha_0.4,0.5587382160986222,0.706149120103646,0.7048872529340906,False,fr,0.6677966101694915
deberta_full_klu_maternn_kappa=1.0_nu=3.0_alpha_0.5,0.5577022687247488,0.7052033226816883,0.7039446616050886,False,fr,0.6677966101694915
deberta_full_klu_maternn_kappa=1.0_nu=3.0_alpha_0.6,0.5575468766186679,0.7049304803310409,0.7036727441437655,False,fr,0.6677966101694915
deberta_full_klu_maternn_kappa=1.0_nu=3.0_alpha_0.7,0.5570807003004248,0.7044075245537752,0.703151561097948,False,fr,0.6677966101694915
deberta_full_klu_maternn_kappa=1.0_nu=3.0_alpha_0.8,0.554853413446597,0.7031107178952578,0.7018591503942053,False,fr,0.6677966101694915
deberta_full_klu_maternn_kappa=1.0_nu=3.0_alpha_0.9,0.553247695017093,0.702131356446033,0.7008831088142997,False,fr,0.6677966101694915
deberta_full_klu_maternn_kappa=1.0_nu=3.0_alpha_1.0,0.5,0.6696469989398978,0.6702037830285245,False,fr,0.6677966101694915
deberta_full_klu_matern_kappa=2.0_nu=1.0_alpha_0.0,0.5622604371697918,0.7081899438739139,0.7069211586576795,False,fr,0.6677966101694915
deberta_full_klu_matern_kappa=2.0_nu=1.0_alpha_0.1,0.5614316792706932,0.7075076653468045,0.7062411929391365,False,fr,0.6677966101694915
deberta_full_klu_matern_kappa=2.0_nu=1.0_alpha_0.2,0.5606547187402879,0.7071862992553042,0.7059209162242175,False,fr,0.6677966101694915
deberta_full_klu_matern_kappa=2.0_nu=1.0_alpha_0.3,0.5603957318968196,0.7069849627082367,0.7057202621739199,False,fr,0.6677966101694915
deberta_full_klu_matern_kappa=2.0_nu=1.0_alpha_0.4,0.5598259608411893,0.7065213172482164,0.705258188393425,False,fr,0.6677966101694915
deberta_full_klu_matern_kappa=2.0_nu=1.0_alpha_0.5,0.5586864187299285,0.7059033025481581,0.7046422686584517,False,fr,0.6677966101694915
deberta_full_klu_matern_kappa=2.0_nu=1.0_alpha_0.6,0.5577022687247488,0.7048773185567405,0.7036197625788694,False,fr,0.6677966101694915
deberta_full_klu_matern_kappa=2.0_nu=1.0_alpha_0.7,0.5555785766083083,0.7037388227589441,0.702485126088862,False,fr,0.6677966101694915
deberta_full_klu_matern_kappa=2.0_nu=1.0_alpha_0.8,0.5544908318657413,0.7025659873663969,0.70131626640951,False,fr,0.6677966101694915
deberta_full_klu_matern_kappa=2.0_nu=1.0_alpha_0.9,0.5513829897441209,0.7004271046622026,0.6991846341551604,False,fr,0.6677966101694915
deberta_full_klu_matern_kappa=2.0_nu=1.0_alpha_1.0,0.5,0.6696469989398978,0.6702037830285245,False,fr,0.6677966101694915
deberta_full_klu_maternn_kappa=2.0_nu=1.0_alpha_0.0,0.5622604371697918,0.7081899438739139,0.7069211586576795,False,fr,0.6677966101694915
deberta_full_klu_maternn_kappa=2.0_nu=1.0_alpha_0.1,0.561587071376774,0.7073172616167804,0.7060514346454854,False,fr,0.6677966101694915
deberta_full_klu_maternn_kappa=2.0_nu=1.0_alpha_0.2,0.5609137055837563,0.7080150329513961,0.7067468406535431,False,fr,0.6677966101694915
deberta_full_klu_maternn_kappa=2.0_nu=1.0_alpha_0.3,0.5596705687351083,0.7073670096790659,0.7061010140702716,False,fr,0.6677966101694915
deberta_full_klu_maternn_kappa=2.0_nu=1.0_alpha_0.4,0.5589972029420905,0.7067533649461577,0.7054894494890004,False,fr,0.6677966101694915
deberta_full_klu_maternn_kappa=2.0_nu=1.0_alpha_0.5,0.5589454055733969,0.7067232090483601,0.7054593958145852,False,fr,0.6677966101694915
deberta_full_klu_maternn_kappa=2.0_nu=1.0_alpha_0.6,0.5582202424116856,0.7064089421069971,0.7051461941848879,False,fr,0.6677966101694915
deberta_full_klu_maternn_kappa=2.0_nu=1.0_alpha_0.7,0.5564591318761007,0.7050789315242101,0.7038206921125508,False,fr,0.6677966101694915
deberta_full_klu_maternn_kappa=2.0_nu=1.0_alpha_0.8,0.5545944266031286,0.7035924424193177,0.7023392419537768,False,fr,0.6677966101694915
deberta_full_klu_maternn_kappa=2.0_nu=1.0_alpha_0.9,0.5523153423806071,0.7018480644178156,0.7006007770980424,False,fr,0.6677966101694915
deberta_full_klu_maternn_kappa=2.0_nu=1.0_alpha_1.0,0.5,0.6696469989398978,0.6702037830285245,False,fr,0.6677966101694915
deberta_full_klu_matern_kappa=2.0_nu=2.0_alpha_0.0,0.5622604371697918,0.7081899438739139,0.7069211586576795,False,fr,0.6677966101694915
deberta_full_klu_matern_kappa=2.0_nu=2.0_alpha_0.1,0.561431679270693,0.7077165379929347,0.7064493575423985,False,fr,0.6677966101694915
deberta_full_klu_matern_kappa=2.0_nu=2.0_alpha_0.2,0.560499326634207,0.70735392319532,0.7060879719474875,False,fr,0.6677966101694915
deberta_full_klu_matern_kappa=2.0_nu=2.0_alpha_0.3,0.5599295555785766,0.7065047338298751,0.7052416611900613,False,fr,0.6677966101694915
deberta_full_klu_matern_kappa=2.0_nu=2.0_alpha_0.4,0.5592043924168653,0.7060529722604569,0.7047914310157934,False,fr,0.6677966101694915
deberta_full_klu_matern_kappa=2.0_nu=2.0_alpha_0.5,0.5589454055733969,0.7058774214925037,0.7046164753351893,False,fr,0.6677966101694915
deberta_full_klu_matern_kappa=2.0_nu=2.0_alpha_0.6,0.5581684450429919,0.705355651787224,0.7040964743407749,False,fr,0.6677966101694915
deberta_full_klu_matern_kappa=2.0_nu=2.0_alpha_0.7,0.5575986739873615,0.7053404730602346,0.7040813470670972,False,fr,0.6677966101694915
deberta_full_klu_matern_kappa=2.0_nu=2.0_alpha_0.8,0.5568735108256501,0.705024931855928,0.7037668754939918,False,fr,0.6677966101694915
deberta_full_klu_matern_kappa=2.0_nu=2.0_alpha_0.9,0.5542318450222729,0.7025002238190386,0.7012507257894309,False,fr,0.6677966101694915
deberta_full_klu_matern_kappa=2.0_nu=2.0_alpha_1.0,0.5,0.6696469989398978,0.6702037830285245,False,fr,0.6677966101694915
deberta_full_klu_maternn_kappa=2.0_nu=2.0_alpha_0.0,0.5622604371697918,0.7081899438739139,0.7069211586576795,False,fr,0.6677966101694915
deberta_full_klu_maternn_kappa=2.0_nu=2.0_alpha_0.1,0.5615352740080803,0.7073788468228592,0.7061128110881537,False,fr,0.6677966101694915
deberta_full_klu_maternn_kappa=2.0_nu=2.0_alpha_0.2,0.5608619082150627,0.7065172945179732,0.7052541792995555,False,fr,0.6677966101694915
deberta_full_klu_maternn_kappa=2.0_nu=2.0_alpha_0.3,0.5594633792603336,0.7072276541567699,0.7059621309395765,False,fr,0.6677966101694915
deberta_full_klu_maternn_kappa=2.0_nu=2.0_alpha_0.4,0.5588936082047032,0.7070412344561491,0.7057763431701444,False,fr,0.6677966101694915
deberta_full_klu_maternn_kappa=2.0_nu=2.0_alpha_0.5,0.5586864187299285,0.7067396595531836,0.7054757905549857,False,fr,0.6677966101694915
deberta_full_klu_maternn_kappa=2.0_nu=2.0_alpha_0.6,0.5575468766186678,0.7062148151585799,0.7049527252939228,False,fr,0.6677966101694915
deberta_full_klu_maternn_kappa=2.0_nu=2.0_alpha_0.7,0.5562001450326324,0.7053160047960478,0.7040569617461789,False,fr,0.6677966101694915
deberta_full_klu_maternn_kappa=2.0_nu=2.0_alpha_0.8,0.5544908318657412,0.7037813285360205,0.7025274877785586,False,fr,0.6677966101694915
deberta_full_klu_maternn_kappa=2.0_nu=2.0_alpha_0.9,0.55122759763804,0.7014652195005919,0.7002192299601993,False,fr,0.6677966101694915
deberta_full_klu_maternn_kappa=2.0_nu=2.0_alpha_1.0,0.5,0.6696469989398978,0.6702037830285245,False,fr,0.6677966101694915
deberta_full_klu_matern_kappa=2.0_nu=3.0_alpha_0.0,0.5622604371697918,0.7081899438739139,0.7069211586576795,False,fr,0.6677966101694915
deberta_full_klu_matern_kappa=2.0_nu=3.0_alpha_0.1,0.5616388687454676,0.7080915111316002,0.7068230595856787,False,fr,0.6677966101694915
deberta_full_klu_matern_kappa=2.0_nu=3.0_alpha_0.2,0.5604475292655132,0.7074714111337597,0.7062050616217291,False,fr,0.6677966101694915
deberta_full_klu_matern_kappa=2.0_nu=3.0_alpha_0.3,0.559877758209883,0.7066119712630303,0.7053485351064938,False,fr,0.6677966101694915
deberta_full_klu_matern_kappa=2.0_nu=3.0_alpha_0.4,0.5592561897855589,0.7063886310986222,0.7051259520273887,False,fr,0.6677966101694915
deberta_full_klu_matern_kappa=2.0_nu=3.0_alpha_0.5,0.5587900134673158,0.7060920132970556,0.7048303397098952,False,fr,0.6677966101694915
deberta_full_klu_matern_kappa=2.0_nu=3.0_alpha_0.6,0.5585310266238475,0.7060407501033217,0.7047792502896995,False,fr,0.6677966101694915
deberta_full_klu_matern_kappa=2.0_nu=3.0_alpha_0.7,0.5579094581995234,0.7054467506038689,0.7041872643478718,False,fr,0.6677966101694915
deberta_full_klu_matern_kappa=2.0_nu=3.0_alpha_0.8,0.5569771055630374,0.7052486846151151,0.7039898697692495,False,fr,0.6677966101694915
deberta_full_klu_matern_kappa=2.0_nu=3.0_alpha_0.9,0.5558375634517766,0.7041746968597538,0.702919522650347,False,fr,0.6677966101694915
deberta_full_klu_matern_kappa=2.0_nu=3.0_alpha_1.0,0.5,0.6696469989398978,0.6702037830285245,False,fr,0.6677966101694915
deberta_full_klu_maternn_kappa=2.0_nu=3.0_alpha_0.0,0.5622604371697918,0.7081899438739139,0.7069211586576795,False,fr,0.6677966101694915
deberta_full_klu_maternn_kappa=2.0_nu=3.0_alpha_0.1,0.5615352740080803,0.707513968720918,0.7062474749458801,False,fr,0.6677966101694915
deberta_full_klu_maternn_kappa=2.0_nu=3.0_alpha_0.2,0.5611726924272247,0.7068426455469269,0.7055784274436652,False,fr,0.6677966101694915
deberta_full_klu_maternn_kappa=2.0_nu=3.0_alpha_0.3,0.5596705687351082,0.7059036720113813,0.7046426368692571,False,fr,0.6677966101694915
deberta_full_klu_maternn_kappa=2.0_nu=3.0_alpha_0.4,0.5591525950481716,0.7072512952033551,0.7059856918470208,False,fr,0.6677966101694915
deberta_full_klu_maternn_kappa=2.0_nu=3.0_alpha_0.5,0.5583756345177665,0.7067812909431082,0.7055172808215543,False,fr,0.6677966101694915
deberta_full_klu_maternn_kappa=2.0_nu=3.0_alpha_0.6,0.5574432818812805,0.7062728853081097,0.7050105985954881,False,fr,0.6677966101694915
deberta_full_klu_maternn_kappa=2.0_nu=3.0_alpha_0.7,0.5558375634517767,0.7049033039710537,0.7036456599070324,False,fr,0.6677966101694915
deberta_full_klu_maternn_kappa=2.0_nu=3.0_alpha_0.8,0.5545426292344349,0.7038500018695779,0.7025959283211549,False,fr,0.6677966101694915
deberta_full_klu_maternn_kappa=2.0_nu=3.0_alpha_0.9,0.5513829897441209,0.7018281528799342,0.7005809330568996,False,fr,0.6677966101694915
deberta_full_klu_maternn_kappa=2.0_nu=3.0_alpha_1.0,0.5,0.6696469989398978,0.6702037830285245,False,fr,0.6677966101694915
deberta_full_klu_matern_kappa=3.0_nu=1.0_alpha_0.0,0.5622604371697918,0.7081899438739139,0.7069211586576795,False,fr,0.6677966101694915
deberta_full_klu_matern_kappa=3.0_nu=1.0_alpha_0.1,0.5612762871646121,0.7077532284021351,0.7064859235773302,False,fr,0.6677966101694915
deberta_full_klu_matern_kappa=3.0_nu=1.0_alpha_0.2,0.5609137055837563,0.7074528455859728,0.7061865590080024,False,fr,0.6677966101694915
deberta_full_klu_matern_kappa=3.0_nu=1.0_alpha_0.3,0.5600849476846576,0.7068747750558658,0.7056104480390146,False,fr,0.6677966101694915
deberta_full_klu_matern_kappa=3.0_nu=1.0_alpha_0.4,0.559256189785559,0.7057775488398581,0.7045169412339086,False,fr,0.6677966101694915
deberta_full_klu_matern_kappa=3.0_nu=1.0_alpha_0.5,0.5583238371490729,0.7054633157061005,0.7042037732972145,False,fr,0.6677966101694915
deberta_full_klu_matern_kappa=3.0_nu=1.0_alpha_0.6,0.5581166476742982,0.7056492642221082,0.7043890914792695,False,fr,0.6677966101694915
deberta_full_klu_matern_kappa=3.0_nu=1.0_alpha_0.7,0.5568735108256502,0.7047252465384806,0.7034682060589764,False,fr,0.6677966101694915
deberta_full_klu_matern_kappa=3.0_nu=1.0_alpha_0.8,0.555008805552678,0.7032529053231266,0.7020008558307931,False,fr,0.6677966101694915
deberta_full_klu_matern_kappa=3.0_nu=1.0_alpha_0.9,0.5529369108049311,0.7018496803960339,0.7006023875983686,False,fr,0.6677966101694915
deberta_full_klu_matern_kappa=3.0_nu=1.0_alpha_1.0,0.5,0.6696469989398978,0.6702037830285245,False,fr,0.6677966101694915
deberta_full_klu_maternn_kappa=3.0_nu=1.0_alpha_0.0,0.5622604371697918,0.7081899438739139,0.7069211586576795,False,fr,0.6677966101694915
deberta_full_klu_maternn_kappa=3.0_nu=1.0_alpha_0.1,0.561587071376774,0.7075159385240362,0.7062494380716995,False,fr,0.6677966101694915
deberta_full_klu_maternn_kappa=3.0_nu=1.0_alpha_0.2,0.561276287164612,0.7069306626949585,0.7056661462284832,False,fr,0.6677966101694915
deberta_full_klu_maternn_kappa=3.0_nu=1.0_alpha_0.3,0.559877758209883,0.7059584009539629,0.7046971802899994,False,fr,0.6677966101694915
deberta_full_klu_maternn_kappa=3.0_nu=1.0_alpha_0.4,0.5594115818916399,0.7057774148723972,0.7045168077205747,False,fr,0.6677966101694915
deberta_full_klu_maternn_kappa=3.0_nu=1.0_alpha_0.5,0.5584274318864602,0.7068561506450984,0.7055918867618429,False,fr,0.6677966101694915
deberta_full_klu_maternn_kappa=3.0_nu=1.0_alpha_0.6,0.5578576608308298,0.7067017336975716,0.7054379932615958,False,fr,0.6677966101694915
deberta_full_klu_maternn_kappa=3.0_nu=1.0_alpha_0.7,0.5557339687143894,0.7048563318995003,0.70359884706284,False,fr,0.6677966101694915
deberta_full_klu_maternn_kappa=3.0_nu=1.0_alpha_0.8,0.5543354397596603,0.7037554171501934,0.7025016642279376,False,fr,0.6677966101694915
deberta_full_klu_maternn_kappa=3.0_nu=1.0_alpha_0.9,0.5507096239511032,0.701576061156399,0.7003296958815799,False,fr,0.6677966101694915
deberta_full_klu_maternn_kappa=3.0_nu=1.0_alpha_1.0,0.5,0.6696469989398978,0.6702037830285245,False,fr,0.6677966101694915
deberta_full_klu_matern_kappa=3.0_nu=2.0_alpha_0.0,0.5622604371697918,0.7081899438739139,0.7069211586576795,False,fr,0.6677966101694915
deberta_full_klu_matern_kappa=3.0_nu=2.0_alpha_0.1,0.5616388687454678,0.7080929319171241,0.7068244755549804,False,fr,0.6677966101694915
deberta_full_klu_matern_kappa=3.0_nu=2.0_alpha_0.2,0.5604475292655133,0.7074504568060827,0.7061841783256713,False,fr,0.6677966101694915
deberta_full_klu_matern_kappa=3.0_nu=2.0_alpha_0.3,0.559877758209883,0.7066636428750713,0.7054000315605279,False,fr,0.6677966101694915
deberta_full_klu_matern_kappa=3.0_nu=2.0_alpha_0.4,0.5593597845229463,0.7063098292327454,0.705047417286481,False,fr,0.6677966101694915
deberta_full_klu_matern_kappa=3.0_nu=2.0_alpha_0.5,0.5586864187299285,0.7060549345120533,0.7047933866156896,False,fr,0.6677966101694915
deberta_full_klu_matern_kappa=3.0_nu=2.0_alpha_0.6,0.5584274318864602,0.7059625308692747,0.7047012962055983,False,fr,0.6677966101694915
deberta_full_klu_matern_kappa=3.0_nu=2.0_alpha_0.7,0.5579612555682172,0.7055766659319739,0.7043167392850341,False,fr,0.6677966101694915
deberta_full_klu_matern_kappa=3.0_nu=2.0_alpha_0.8,0.5570807003004248,0.7052418885448344,0.7039830967364951,False,fr,0.6677966101694915
deberta_full_klu_matern_kappa=3.0_nu=2.0_alpha_0.9,0.555941158189164,0.7044054790257432,0.7031495225039093,False,fr,0.6677966101694915
deberta_full_klu_matern_kappa=3.0_nu=2.0_alpha_1.0,0.5,0.6696469989398978,0.6702037830285245,False,fr,0.6677966101694915
deberta_full_klu_maternn_kappa=3.0_nu=2.0_alpha_0.0,0.5622604371697918,0.7081899438739139,0.7069211586576795,False,fr,0.6677966101694915
deberta_full_klu_maternn_kappa=3.0_nu=2.0_alpha_0.1,0.5616388687454678,0.707659614151129,0.7063926266627684,False,fr,0.6677966101694915
deberta_full_klu_maternn_kappa=3.0_nu=2.0_alpha_0.2,0.5606547187402879,0.7067730791760592,0.7055090968910039,False,fr,0.6677966101694915
deberta_full_klu_maternn_kappa=3.0_nu=2.0_alpha_0.3,0.5600331503159639,0.7063255882608042,0.7050631228941057,False,fr,0.6677966101694915
deberta_full_klu_maternn_kappa=3.0_nu=2.0_alpha_0.4,0.5599813529472703,0.7064214545550418,0.7051586642178543,False,fr,0.6677966101694915
deberta_full_klu_maternn_kappa=3.0_nu=2.0_alpha_0.5,0.5585310266238476,0.7055929471616287,0.7043329653240799,False,fr,0.6677966101694915
deberta_full_klu_maternn_kappa=3.0_nu=2.0_alpha_0.6,0.5580130529369108,0.7047290685773921,0.703472015141824,False,fr,0.6677966101694915
deberta_full_klu_maternn_kappa=3.0_nu=2.0_alpha_0.7,0.5557339687143893,0.7034338554874092,0.7021811926046884,False,fr,0.6677966101694915
deberta_full_klu_maternn_kappa=3.0_nu=2.0_alpha_0.8,0.5545944266031285,0.702500140730521,0.7012506429825692,False,fr,0.6677966101694915
deberta_full_klu_maternn_kappa=3.0_nu=2.0_alpha_0.9,0.551072205531959,0.701813151809999,0.700565982838049,False,fr,0.6677966101694915
deberta_full_klu_maternn_kappa=3.0_nu=2.0_alpha_1.0,0.5,0.6696469989398978,0.6702037830285245,False,fr,0.6677966101694915
deberta_full_klu_matern_kappa=3.0_nu=3.0_alpha_0.0,0.5622604371697918,0.7081899438739139,0.7069211586576795,False,fr,0.6677966101694915
deberta_full_klu_matern_kappa=3.0_nu=3.0_alpha_0.1,0.5615352740080802,0.7079523464725204,0.7066843666712058,False,fr,0.6677966101694915
deberta_full_klu_matern_kappa=3.0_nu=3.0_alpha_0.2,0.5603957318968196,0.7075150204944864,0.7062485231541145,False,fr,0.6677966101694915
deberta_full_klu_matern_kappa=3.0_nu=3.0_alpha_0.3,0.5600849476846577,0.7068526269675768,0.7055883750289909,False,fr,0.6677966101694915
deberta_full_klu_matern_kappa=3.0_nu=3.0_alpha_0.4,0.5595669739977209,0.706585608473373,0.705322261682225,False,fr,0.6677966101694915
deberta_full_klu_matern_kappa=3.0_nu=3.0_alpha_0.5,0.5589972029420905,0.7062700429844564,0.7050077659068303,False,fr,0.6677966101694915
deberta_full_klu_matern_kappa=3.0_nu=3.0_alpha_0.6,0.5585310266238476,0.7061028986159824,0.7048411881294359,False,fr,0.6677966101694915
deberta_full_klu_matern_kappa=3.0_nu=3.0_alpha_0.7,0.5584792292551539,0.7061107052317462,0.7048489682820954,False,fr,0.6677966101694915
deberta_full_klu_matern_kappa=3.0_nu=3.0_alpha_0.8,0.5579094581995235,0.7057716364906541,0.7045110489265664,False,fr,0.6677966101694915
deberta_full_klu_matern_kappa=3.0_nu=3.0_alpha_0.9,0.5569253081943438,0.705143213052698,0.7038847557375524,False,fr,0.6677966101694915
deberta_full_klu_matern_kappa=3.0_nu=3.0_alpha_1.0,0.5,0.6696469989398978,0.6702037830285245,False,fr,0.6677966101694915
deberta_full_klu_maternn_kappa=3.0_nu=3.0_alpha_0.0,0.5622604371697918,0.7081899438739139,0.7069211586576795,False,fr,0.6677966101694915
deberta_full_klu_maternn_kappa=3.0_nu=3.0_alpha_0.1,0.5617942608515488,0.7077684009257337,0.7065010446686455,False,fr,0.6677966101694915
deberta_full_klu_maternn_kappa=3.0_nu=3.0_alpha_0.2,0.5606547187402879,0.707215220030999,0.7059497389633846,False,fr,0.6677966101694915
deberta_full_klu_maternn_kappa=3.0_nu=3.0_alpha_0.3,0.5602921371594323,0.7069068048043861,0.7056423692121161,False,fr,0.6677966101694915
deberta_full_klu_maternn_kappa=3.0_nu=3.0_alpha_0.4,0.5596705687351082,0.7062825769071581,0.7050202573416584,False,fr,0.6677966101694915
deberta_full_klu_maternn_kappa=3.0_nu=3.0_alpha_0.5,0.5585828239925411,0.7057798666407744,0.7045192511778725,False,fr,0.6677966101694915
deberta_full_klu_maternn_kappa=3.0_nu=3.0_alpha_0.6,0.5577540660934425,0.7048184990203505,0.7035611424307384,False,fr,0.6677966101694915
deberta_full_klu_maternn_kappa=3.0_nu=3.0_alpha_0.7,0.5557857660830829,0.7038464946994503,0.7025924330397396,False,fr,0.6677966101694915
deberta_full_klu_maternn_kappa=3.0_nu=3.0_alpha_0.8,0.5545944266031285,0.7026255263285477,0.7013756035446704,False,fr,0.6677966101694915
deberta_full_klu_maternn_kappa=3.0_nu=3.0_alpha_0.9,0.5512793950067336,0.7020511466368675,0.7008031709027924,False,fr,0.6677966101694915
deberta_full_klu_maternn_kappa=3.0_nu=3.0_alpha_1.0,0.5,0.6696469989398978,0.6702037830285245,False,fr,0.6677966101694915
